ISO-10303-21;
HEADER;
/* Generated by software containing ST-Developer
 * from STEP Tools, Inc. (www.steptools.com) 
 */

FILE_DESCRIPTION(
/* description */ (''),
/* implementation_level */ '2;1');

FILE_NAME(
/* name */ '/Users/kubota/GitHub/con-jst/PH/TH-SIDE/S14B-PH-KL.stp',
/* time_stamp */ '2017-04-07T20:51:34+09:00',
/* author */ (''),
/* organization */ (''),
/* preprocessor_version */ 'ST-DEVELOPER v16.5',
/* originating_system */ 'Autodesk Translation Framework v5.2.0.2920',
/* authorisation */ '');

FILE_SCHEMA (('AUTOMOTIVE_DESIGN { 1 0 10303 214 3 1 1 }'));
ENDSEC;

DATA;
#10=MECHANICAL_DESIGN_GEOMETRIC_PRESENTATION_REPRESENTATION('',(#99,#101,
#102,#104,#105,#106,#109,#110,#98,#111,#97,#100,#103,#107,#108),#11899);
#11=SHAPE_REPRESENTATION_RELATIONSHIP('SRR','None',#11905,#12);
#12=ADVANCED_BREP_SHAPE_REPRESENTATION('',(#112,#113,#114,#115,#116,#117,
#118,#119,#120,#121,#122,#123,#124,#125,#126),#11898);
#13=CYLINDRICAL_SURFACE('',#7632,0.25);
#14=CYLINDRICAL_SURFACE('',#7633,0.75);
#15=CYLINDRICAL_SURFACE('',#7654,0.25);
#16=CYLINDRICAL_SURFACE('',#7655,0.75);
#17=CYLINDRICAL_SURFACE('',#7676,0.25);
#18=CYLINDRICAL_SURFACE('',#7677,0.75);
#19=CYLINDRICAL_SURFACE('',#7698,0.25);
#20=CYLINDRICAL_SURFACE('',#7699,0.75);
#21=CYLINDRICAL_SURFACE('',#7720,0.25);
#22=CYLINDRICAL_SURFACE('',#7721,0.75);
#23=CYLINDRICAL_SURFACE('',#7742,0.25);
#24=CYLINDRICAL_SURFACE('',#7743,0.75);
#25=CYLINDRICAL_SURFACE('',#7764,0.25);
#26=CYLINDRICAL_SURFACE('',#7765,0.75);
#27=CYLINDRICAL_SURFACE('',#7786,0.25);
#28=CYLINDRICAL_SURFACE('',#7787,0.75);
#29=CYLINDRICAL_SURFACE('',#7808,0.25);
#30=CYLINDRICAL_SURFACE('',#7809,0.75);
#31=CYLINDRICAL_SURFACE('',#7830,0.25);
#32=CYLINDRICAL_SURFACE('',#7831,0.75);
#33=CYLINDRICAL_SURFACE('',#7852,0.25);
#34=CYLINDRICAL_SURFACE('',#7853,0.75);
#35=CYLINDRICAL_SURFACE('',#7874,0.25);
#36=CYLINDRICAL_SURFACE('',#7875,0.75);
#37=CYLINDRICAL_SURFACE('',#7896,0.25);
#38=CYLINDRICAL_SURFACE('',#7897,0.75);
#39=CYLINDRICAL_SURFACE('',#7918,0.25);
#40=CYLINDRICAL_SURFACE('',#7919,0.75);
#41=CIRCLE('',#7618,0.749999999999998);
#42=CIRCLE('',#7619,0.249999999999999);
#43=CIRCLE('',#7628,0.249999999999999);
#44=CIRCLE('',#7629,0.749999999999999);
#45=CIRCLE('',#7640,0.749999999999998);
#46=CIRCLE('',#7641,0.249999999999999);
#47=CIRCLE('',#7650,0.249999999999999);
#48=CIRCLE('',#7651,0.749999999999999);
#49=CIRCLE('',#7662,0.749999999999998);
#50=CIRCLE('',#7663,0.249999999999999);
#51=CIRCLE('',#7672,0.249999999999999);
#52=CIRCLE('',#7673,0.749999999999999);
#53=CIRCLE('',#7684,0.749999999999998);
#54=CIRCLE('',#7685,0.249999999999999);
#55=CIRCLE('',#7694,0.249999999999999);
#56=CIRCLE('',#7695,0.749999999999999);
#57=CIRCLE('',#7706,0.749999999999998);
#58=CIRCLE('',#7707,0.249999999999999);
#59=CIRCLE('',#7716,0.249999999999999);
#60=CIRCLE('',#7717,0.749999999999999);
#61=CIRCLE('',#7728,0.749999999999998);
#62=CIRCLE('',#7729,0.249999999999999);
#63=CIRCLE('',#7738,0.249999999999999);
#64=CIRCLE('',#7739,0.749999999999999);
#65=CIRCLE('',#7750,0.749999999999998);
#66=CIRCLE('',#7751,0.249999999999999);
#67=CIRCLE('',#7760,0.249999999999999);
#68=CIRCLE('',#7761,0.749999999999999);
#69=CIRCLE('',#7772,0.749999999999998);
#70=CIRCLE('',#7773,0.249999999999999);
#71=CIRCLE('',#7782,0.249999999999999);
#72=CIRCLE('',#7783,0.749999999999999);
#73=CIRCLE('',#7794,0.749999999999998);
#74=CIRCLE('',#7795,0.249999999999999);
#75=CIRCLE('',#7804,0.249999999999999);
#76=CIRCLE('',#7805,0.749999999999999);
#77=CIRCLE('',#7816,0.749999999999998);
#78=CIRCLE('',#7817,0.249999999999999);
#79=CIRCLE('',#7826,0.249999999999999);
#80=CIRCLE('',#7827,0.749999999999999);
#81=CIRCLE('',#7838,0.749999999999998);
#82=CIRCLE('',#7839,0.249999999999999);
#83=CIRCLE('',#7848,0.249999999999999);
#84=CIRCLE('',#7849,0.749999999999999);
#85=CIRCLE('',#7860,0.749999999999998);
#86=CIRCLE('',#7861,0.249999999999999);
#87=CIRCLE('',#7870,0.249999999999999);
#88=CIRCLE('',#7871,0.749999999999999);
#89=CIRCLE('',#7882,0.749999999999998);
#90=CIRCLE('',#7883,0.249999999999999);
#91=CIRCLE('',#7892,0.249999999999999);
#92=CIRCLE('',#7893,0.749999999999999);
#93=CIRCLE('',#7904,0.749999999999998);
#94=CIRCLE('',#7905,0.249999999999999);
#95=CIRCLE('',#7914,0.249999999999999);
#96=CIRCLE('',#7915,0.749999999999999);
#97=STYLED_ITEM('',(#11915),#112);
#98=STYLED_ITEM('',(#11916),#113);
#99=STYLED_ITEM('',(#11916),#114);
#100=STYLED_ITEM('',(#11916),#115);
#101=STYLED_ITEM('',(#11916),#116);
#102=STYLED_ITEM('',(#11916),#117);
#103=STYLED_ITEM('',(#11916),#118);
#104=STYLED_ITEM('',(#11916),#119);
#105=STYLED_ITEM('',(#11916),#120);
#106=STYLED_ITEM('',(#11916),#121);
#107=STYLED_ITEM('',(#11916),#122);
#108=STYLED_ITEM('',(#11916),#123);
#109=STYLED_ITEM('',(#11916),#124);
#110=STYLED_ITEM('',(#11916),#125);
#111=STYLED_ITEM('',(#11916),#126);
#112=MANIFOLD_SOLID_BREP('Body1',#7443);
#113=MANIFOLD_SOLID_BREP('Body2',#7444);
#114=MANIFOLD_SOLID_BREP('Body3',#7445);
#115=MANIFOLD_SOLID_BREP('Body25',#7446);
#116=MANIFOLD_SOLID_BREP('Body26',#7447);
#117=MANIFOLD_SOLID_BREP('Body27',#7448);
#118=MANIFOLD_SOLID_BREP('Body28',#7449);
#119=MANIFOLD_SOLID_BREP('Body29',#7450);
#120=MANIFOLD_SOLID_BREP('Body30',#7451);
#121=MANIFOLD_SOLID_BREP('Body31',#7452);
#122=MANIFOLD_SOLID_BREP('Body32',#7453);
#123=MANIFOLD_SOLID_BREP('Body33',#7454);
#124=MANIFOLD_SOLID_BREP('Body34',#7455);
#125=MANIFOLD_SOLID_BREP('Body35',#7456);
#126=MANIFOLD_SOLID_BREP('Body36',#7457);
#127=FACE_BOUND('',#577,.T.);
#128=FACE_BOUND('',#591,.T.);
#129=FACE_BOUND('',#607,.T.);
#130=FACE_BOUND('',#616,.T.);
#131=FACE_BOUND('',#625,.T.);
#132=FACE_BOUND('',#634,.T.);
#133=FACE_BOUND('',#643,.T.);
#134=FACE_BOUND('',#652,.T.);
#135=FACE_BOUND('',#661,.T.);
#136=FACE_BOUND('',#670,.T.);
#137=FACE_BOUND('',#679,.T.);
#138=FACE_BOUND('',#688,.T.);
#139=FACE_BOUND('',#697,.T.);
#140=FACE_BOUND('',#706,.T.);
#141=FACE_BOUND('',#722,.T.);
#142=FACE_BOUND('',#723,.T.);
#143=FACE_BOUND('',#724,.T.);
#144=FACE_BOUND('',#725,.T.);
#145=FACE_BOUND('',#726,.T.);
#146=FACE_BOUND('',#727,.T.);
#147=FACE_BOUND('',#728,.T.);
#148=FACE_BOUND('',#729,.T.);
#149=FACE_BOUND('',#730,.T.);
#150=FACE_BOUND('',#731,.T.);
#151=FACE_BOUND('',#732,.T.);
#152=FACE_BOUND('',#733,.T.);
#153=FACE_BOUND('',#734,.T.);
#154=FACE_BOUND('',#735,.T.);
#155=FACE_OUTER_BOUND('',#561,.T.);
#156=FACE_OUTER_BOUND('',#562,.T.);
#157=FACE_OUTER_BOUND('',#563,.T.);
#158=FACE_OUTER_BOUND('',#564,.T.);
#159=FACE_OUTER_BOUND('',#565,.T.);
#160=FACE_OUTER_BOUND('',#566,.T.);
#161=FACE_OUTER_BOUND('',#567,.T.);
#162=FACE_OUTER_BOUND('',#568,.T.);
#163=FACE_OUTER_BOUND('',#569,.T.);
#164=FACE_OUTER_BOUND('',#570,.T.);
#165=FACE_OUTER_BOUND('',#571,.T.);
#166=FACE_OUTER_BOUND('',#572,.T.);
#167=FACE_OUTER_BOUND('',#573,.T.);
#168=FACE_OUTER_BOUND('',#574,.T.);
#169=FACE_OUTER_BOUND('',#575,.T.);
#170=FACE_OUTER_BOUND('',#576,.T.);
#171=FACE_OUTER_BOUND('',#578,.T.);
#172=FACE_OUTER_BOUND('',#579,.T.);
#173=FACE_OUTER_BOUND('',#580,.T.);
#174=FACE_OUTER_BOUND('',#581,.T.);
#175=FACE_OUTER_BOUND('',#582,.T.);
#176=FACE_OUTER_BOUND('',#583,.T.);
#177=FACE_OUTER_BOUND('',#584,.T.);
#178=FACE_OUTER_BOUND('',#585,.T.);
#179=FACE_OUTER_BOUND('',#586,.T.);
#180=FACE_OUTER_BOUND('',#587,.T.);
#181=FACE_OUTER_BOUND('',#588,.T.);
#182=FACE_OUTER_BOUND('',#589,.T.);
#183=FACE_OUTER_BOUND('',#590,.T.);
#184=FACE_OUTER_BOUND('',#592,.T.);
#185=FACE_OUTER_BOUND('',#593,.T.);
#186=FACE_OUTER_BOUND('',#594,.T.);
#187=FACE_OUTER_BOUND('',#595,.T.);
#188=FACE_OUTER_BOUND('',#596,.T.);
#189=FACE_OUTER_BOUND('',#597,.T.);
#190=FACE_OUTER_BOUND('',#598,.T.);
#191=FACE_OUTER_BOUND('',#599,.T.);
#192=FACE_OUTER_BOUND('',#600,.T.);
#193=FACE_OUTER_BOUND('',#601,.T.);
#194=FACE_OUTER_BOUND('',#602,.T.);
#195=FACE_OUTER_BOUND('',#603,.T.);
#196=FACE_OUTER_BOUND('',#604,.T.);
#197=FACE_OUTER_BOUND('',#605,.T.);
#198=FACE_OUTER_BOUND('',#606,.T.);
#199=FACE_OUTER_BOUND('',#608,.T.);
#200=FACE_OUTER_BOUND('',#609,.T.);
#201=FACE_OUTER_BOUND('',#610,.T.);
#202=FACE_OUTER_BOUND('',#611,.T.);
#203=FACE_OUTER_BOUND('',#612,.T.);
#204=FACE_OUTER_BOUND('',#613,.T.);
#205=FACE_OUTER_BOUND('',#614,.T.);
#206=FACE_OUTER_BOUND('',#615,.T.);
#207=FACE_OUTER_BOUND('',#617,.T.);
#208=FACE_OUTER_BOUND('',#618,.T.);
#209=FACE_OUTER_BOUND('',#619,.T.);
#210=FACE_OUTER_BOUND('',#620,.T.);
#211=FACE_OUTER_BOUND('',#621,.T.);
#212=FACE_OUTER_BOUND('',#622,.T.);
#213=FACE_OUTER_BOUND('',#623,.T.);
#214=FACE_OUTER_BOUND('',#624,.T.);
#215=FACE_OUTER_BOUND('',#626,.T.);
#216=FACE_OUTER_BOUND('',#627,.T.);
#217=FACE_OUTER_BOUND('',#628,.T.);
#218=FACE_OUTER_BOUND('',#629,.T.);
#219=FACE_OUTER_BOUND('',#630,.T.);
#220=FACE_OUTER_BOUND('',#631,.T.);
#221=FACE_OUTER_BOUND('',#632,.T.);
#222=FACE_OUTER_BOUND('',#633,.T.);
#223=FACE_OUTER_BOUND('',#635,.T.);
#224=FACE_OUTER_BOUND('',#636,.T.);
#225=FACE_OUTER_BOUND('',#637,.T.);
#226=FACE_OUTER_BOUND('',#638,.T.);
#227=FACE_OUTER_BOUND('',#639,.T.);
#228=FACE_OUTER_BOUND('',#640,.T.);
#229=FACE_OUTER_BOUND('',#641,.T.);
#230=FACE_OUTER_BOUND('',#642,.T.);
#231=FACE_OUTER_BOUND('',#644,.T.);
#232=FACE_OUTER_BOUND('',#645,.T.);
#233=FACE_OUTER_BOUND('',#646,.T.);
#234=FACE_OUTER_BOUND('',#647,.T.);
#235=FACE_OUTER_BOUND('',#648,.T.);
#236=FACE_OUTER_BOUND('',#649,.T.);
#237=FACE_OUTER_BOUND('',#650,.T.);
#238=FACE_OUTER_BOUND('',#651,.T.);
#239=FACE_OUTER_BOUND('',#653,.T.);
#240=FACE_OUTER_BOUND('',#654,.T.);
#241=FACE_OUTER_BOUND('',#655,.T.);
#242=FACE_OUTER_BOUND('',#656,.T.);
#243=FACE_OUTER_BOUND('',#657,.T.);
#244=FACE_OUTER_BOUND('',#658,.T.);
#245=FACE_OUTER_BOUND('',#659,.T.);
#246=FACE_OUTER_BOUND('',#660,.T.);
#247=FACE_OUTER_BOUND('',#662,.T.);
#248=FACE_OUTER_BOUND('',#663,.T.);
#249=FACE_OUTER_BOUND('',#664,.T.);
#250=FACE_OUTER_BOUND('',#665,.T.);
#251=FACE_OUTER_BOUND('',#666,.T.);
#252=FACE_OUTER_BOUND('',#667,.T.);
#253=FACE_OUTER_BOUND('',#668,.T.);
#254=FACE_OUTER_BOUND('',#669,.T.);
#255=FACE_OUTER_BOUND('',#671,.T.);
#256=FACE_OUTER_BOUND('',#672,.T.);
#257=FACE_OUTER_BOUND('',#673,.T.);
#258=FACE_OUTER_BOUND('',#674,.T.);
#259=FACE_OUTER_BOUND('',#675,.T.);
#260=FACE_OUTER_BOUND('',#676,.T.);
#261=FACE_OUTER_BOUND('',#677,.T.);
#262=FACE_OUTER_BOUND('',#678,.T.);
#263=FACE_OUTER_BOUND('',#680,.T.);
#264=FACE_OUTER_BOUND('',#681,.T.);
#265=FACE_OUTER_BOUND('',#682,.T.);
#266=FACE_OUTER_BOUND('',#683,.T.);
#267=FACE_OUTER_BOUND('',#684,.T.);
#268=FACE_OUTER_BOUND('',#685,.T.);
#269=FACE_OUTER_BOUND('',#686,.T.);
#270=FACE_OUTER_BOUND('',#687,.T.);
#271=FACE_OUTER_BOUND('',#689,.T.);
#272=FACE_OUTER_BOUND('',#690,.T.);
#273=FACE_OUTER_BOUND('',#691,.T.);
#274=FACE_OUTER_BOUND('',#692,.T.);
#275=FACE_OUTER_BOUND('',#693,.T.);
#276=FACE_OUTER_BOUND('',#694,.T.);
#277=FACE_OUTER_BOUND('',#695,.T.);
#278=FACE_OUTER_BOUND('',#696,.T.);
#279=FACE_OUTER_BOUND('',#698,.T.);
#280=FACE_OUTER_BOUND('',#699,.T.);
#281=FACE_OUTER_BOUND('',#700,.T.);
#282=FACE_OUTER_BOUND('',#701,.T.);
#283=FACE_OUTER_BOUND('',#702,.T.);
#284=FACE_OUTER_BOUND('',#703,.T.);
#285=FACE_OUTER_BOUND('',#704,.T.);
#286=FACE_OUTER_BOUND('',#705,.T.);
#287=FACE_OUTER_BOUND('',#707,.T.);
#288=FACE_OUTER_BOUND('',#708,.T.);
#289=FACE_OUTER_BOUND('',#709,.T.);
#290=FACE_OUTER_BOUND('',#710,.T.);
#291=FACE_OUTER_BOUND('',#711,.T.);
#292=FACE_OUTER_BOUND('',#712,.T.);
#293=FACE_OUTER_BOUND('',#713,.T.);
#294=FACE_OUTER_BOUND('',#714,.T.);
#295=FACE_OUTER_BOUND('',#715,.T.);
#296=FACE_OUTER_BOUND('',#716,.T.);
#297=FACE_OUTER_BOUND('',#717,.T.);
#298=FACE_OUTER_BOUND('',#718,.T.);
#299=FACE_OUTER_BOUND('',#719,.T.);
#300=FACE_OUTER_BOUND('',#720,.T.);
#301=FACE_OUTER_BOUND('',#721,.T.);
#302=FACE_OUTER_BOUND('',#736,.T.);
#303=FACE_OUTER_BOUND('',#737,.T.);
#304=FACE_OUTER_BOUND('',#738,.T.);
#305=FACE_OUTER_BOUND('',#739,.T.);
#306=FACE_OUTER_BOUND('',#740,.T.);
#307=FACE_OUTER_BOUND('',#741,.T.);
#308=FACE_OUTER_BOUND('',#742,.T.);
#309=FACE_OUTER_BOUND('',#743,.T.);
#310=FACE_OUTER_BOUND('',#744,.T.);
#311=FACE_OUTER_BOUND('',#745,.T.);
#312=FACE_OUTER_BOUND('',#746,.T.);
#313=FACE_OUTER_BOUND('',#747,.T.);
#314=FACE_OUTER_BOUND('',#748,.T.);
#315=FACE_OUTER_BOUND('',#749,.T.);
#316=FACE_OUTER_BOUND('',#750,.T.);
#317=FACE_OUTER_BOUND('',#751,.T.);
#318=FACE_OUTER_BOUND('',#752,.T.);
#319=FACE_OUTER_BOUND('',#753,.T.);
#320=FACE_OUTER_BOUND('',#754,.T.);
#321=FACE_OUTER_BOUND('',#755,.T.);
#322=FACE_OUTER_BOUND('',#756,.T.);
#323=FACE_OUTER_BOUND('',#757,.T.);
#324=FACE_OUTER_BOUND('',#758,.T.);
#325=FACE_OUTER_BOUND('',#759,.T.);
#326=FACE_OUTER_BOUND('',#760,.T.);
#327=FACE_OUTER_BOUND('',#761,.T.);
#328=FACE_OUTER_BOUND('',#762,.T.);
#329=FACE_OUTER_BOUND('',#763,.T.);
#330=FACE_OUTER_BOUND('',#764,.T.);
#331=FACE_OUTER_BOUND('',#765,.T.);
#332=FACE_OUTER_BOUND('',#766,.T.);
#333=FACE_OUTER_BOUND('',#767,.T.);
#334=FACE_OUTER_BOUND('',#768,.T.);
#335=FACE_OUTER_BOUND('',#769,.T.);
#336=FACE_OUTER_BOUND('',#770,.T.);
#337=FACE_OUTER_BOUND('',#771,.T.);
#338=FACE_OUTER_BOUND('',#772,.T.);
#339=FACE_OUTER_BOUND('',#773,.T.);
#340=FACE_OUTER_BOUND('',#774,.T.);
#341=FACE_OUTER_BOUND('',#775,.T.);
#342=FACE_OUTER_BOUND('',#776,.T.);
#343=FACE_OUTER_BOUND('',#777,.T.);
#344=FACE_OUTER_BOUND('',#778,.T.);
#345=FACE_OUTER_BOUND('',#779,.T.);
#346=FACE_OUTER_BOUND('',#780,.T.);
#347=FACE_OUTER_BOUND('',#781,.T.);
#348=FACE_OUTER_BOUND('',#782,.T.);
#349=FACE_OUTER_BOUND('',#783,.T.);
#350=FACE_OUTER_BOUND('',#784,.T.);
#351=FACE_OUTER_BOUND('',#785,.T.);
#352=FACE_OUTER_BOUND('',#786,.T.);
#353=FACE_OUTER_BOUND('',#787,.T.);
#354=FACE_OUTER_BOUND('',#788,.T.);
#355=FACE_OUTER_BOUND('',#789,.T.);
#356=FACE_OUTER_BOUND('',#790,.T.);
#357=FACE_OUTER_BOUND('',#791,.T.);
#358=FACE_OUTER_BOUND('',#792,.T.);
#359=FACE_OUTER_BOUND('',#793,.T.);
#360=FACE_OUTER_BOUND('',#794,.T.);
#361=FACE_OUTER_BOUND('',#795,.T.);
#362=FACE_OUTER_BOUND('',#796,.T.);
#363=FACE_OUTER_BOUND('',#797,.T.);
#364=FACE_OUTER_BOUND('',#798,.T.);
#365=FACE_OUTER_BOUND('',#799,.T.);
#366=FACE_OUTER_BOUND('',#800,.T.);
#367=FACE_OUTER_BOUND('',#801,.T.);
#368=FACE_OUTER_BOUND('',#802,.T.);
#369=FACE_OUTER_BOUND('',#803,.T.);
#370=FACE_OUTER_BOUND('',#804,.T.);
#371=FACE_OUTER_BOUND('',#805,.T.);
#372=FACE_OUTER_BOUND('',#806,.T.);
#373=FACE_OUTER_BOUND('',#807,.T.);
#374=FACE_OUTER_BOUND('',#808,.T.);
#375=FACE_OUTER_BOUND('',#809,.T.);
#376=FACE_OUTER_BOUND('',#810,.T.);
#377=FACE_OUTER_BOUND('',#811,.T.);
#378=FACE_OUTER_BOUND('',#812,.T.);
#379=FACE_OUTER_BOUND('',#813,.T.);
#380=FACE_OUTER_BOUND('',#814,.T.);
#381=FACE_OUTER_BOUND('',#815,.T.);
#382=FACE_OUTER_BOUND('',#816,.T.);
#383=FACE_OUTER_BOUND('',#817,.T.);
#384=FACE_OUTER_BOUND('',#818,.T.);
#385=FACE_OUTER_BOUND('',#819,.T.);
#386=FACE_OUTER_BOUND('',#820,.T.);
#387=FACE_OUTER_BOUND('',#821,.T.);
#388=FACE_OUTER_BOUND('',#822,.T.);
#389=FACE_OUTER_BOUND('',#823,.T.);
#390=FACE_OUTER_BOUND('',#824,.T.);
#391=FACE_OUTER_BOUND('',#825,.T.);
#392=FACE_OUTER_BOUND('',#826,.T.);
#393=FACE_OUTER_BOUND('',#827,.T.);
#394=FACE_OUTER_BOUND('',#828,.T.);
#395=FACE_OUTER_BOUND('',#829,.T.);
#396=FACE_OUTER_BOUND('',#830,.T.);
#397=FACE_OUTER_BOUND('',#831,.T.);
#398=FACE_OUTER_BOUND('',#832,.T.);
#399=FACE_OUTER_BOUND('',#833,.T.);
#400=FACE_OUTER_BOUND('',#834,.T.);
#401=FACE_OUTER_BOUND('',#835,.T.);
#402=FACE_OUTER_BOUND('',#836,.T.);
#403=FACE_OUTER_BOUND('',#837,.T.);
#404=FACE_OUTER_BOUND('',#838,.T.);
#405=FACE_OUTER_BOUND('',#839,.T.);
#406=FACE_OUTER_BOUND('',#840,.T.);
#407=FACE_OUTER_BOUND('',#841,.T.);
#408=FACE_OUTER_BOUND('',#842,.T.);
#409=FACE_OUTER_BOUND('',#843,.T.);
#410=FACE_OUTER_BOUND('',#844,.T.);
#411=FACE_OUTER_BOUND('',#845,.T.);
#412=FACE_OUTER_BOUND('',#846,.T.);
#413=FACE_OUTER_BOUND('',#847,.T.);
#414=FACE_OUTER_BOUND('',#848,.T.);
#415=FACE_OUTER_BOUND('',#849,.T.);
#416=FACE_OUTER_BOUND('',#850,.T.);
#417=FACE_OUTER_BOUND('',#851,.T.);
#418=FACE_OUTER_BOUND('',#852,.T.);
#419=FACE_OUTER_BOUND('',#853,.T.);
#420=FACE_OUTER_BOUND('',#854,.T.);
#421=FACE_OUTER_BOUND('',#855,.T.);
#422=FACE_OUTER_BOUND('',#856,.T.);
#423=FACE_OUTER_BOUND('',#857,.T.);
#424=FACE_OUTER_BOUND('',#858,.T.);
#425=FACE_OUTER_BOUND('',#859,.T.);
#426=FACE_OUTER_BOUND('',#860,.T.);
#427=FACE_OUTER_BOUND('',#861,.T.);
#428=FACE_OUTER_BOUND('',#862,.T.);
#429=FACE_OUTER_BOUND('',#863,.T.);
#430=FACE_OUTER_BOUND('',#864,.T.);
#431=FACE_OUTER_BOUND('',#865,.T.);
#432=FACE_OUTER_BOUND('',#866,.T.);
#433=FACE_OUTER_BOUND('',#867,.T.);
#434=FACE_OUTER_BOUND('',#868,.T.);
#435=FACE_OUTER_BOUND('',#869,.T.);
#436=FACE_OUTER_BOUND('',#870,.T.);
#437=FACE_OUTER_BOUND('',#871,.T.);
#438=FACE_OUTER_BOUND('',#872,.T.);
#439=FACE_OUTER_BOUND('',#873,.T.);
#440=FACE_OUTER_BOUND('',#874,.T.);
#441=FACE_OUTER_BOUND('',#875,.T.);
#442=FACE_OUTER_BOUND('',#876,.T.);
#443=FACE_OUTER_BOUND('',#877,.T.);
#444=FACE_OUTER_BOUND('',#878,.T.);
#445=FACE_OUTER_BOUND('',#879,.T.);
#446=FACE_OUTER_BOUND('',#880,.T.);
#447=FACE_OUTER_BOUND('',#881,.T.);
#448=FACE_OUTER_BOUND('',#882,.T.);
#449=FACE_OUTER_BOUND('',#883,.T.);
#450=FACE_OUTER_BOUND('',#884,.T.);
#451=FACE_OUTER_BOUND('',#885,.T.);
#452=FACE_OUTER_BOUND('',#886,.T.);
#453=FACE_OUTER_BOUND('',#887,.T.);
#454=FACE_OUTER_BOUND('',#888,.T.);
#455=FACE_OUTER_BOUND('',#889,.T.);
#456=FACE_OUTER_BOUND('',#890,.T.);
#457=FACE_OUTER_BOUND('',#891,.T.);
#458=FACE_OUTER_BOUND('',#892,.T.);
#459=FACE_OUTER_BOUND('',#893,.T.);
#460=FACE_OUTER_BOUND('',#894,.T.);
#461=FACE_OUTER_BOUND('',#895,.T.);
#462=FACE_OUTER_BOUND('',#896,.T.);
#463=FACE_OUTER_BOUND('',#897,.T.);
#464=FACE_OUTER_BOUND('',#898,.T.);
#465=FACE_OUTER_BOUND('',#899,.T.);
#466=FACE_OUTER_BOUND('',#900,.T.);
#467=FACE_OUTER_BOUND('',#901,.T.);
#468=FACE_OUTER_BOUND('',#902,.T.);
#469=FACE_OUTER_BOUND('',#903,.T.);
#470=FACE_OUTER_BOUND('',#904,.T.);
#471=FACE_OUTER_BOUND('',#905,.T.);
#472=FACE_OUTER_BOUND('',#906,.T.);
#473=FACE_OUTER_BOUND('',#907,.T.);
#474=FACE_OUTER_BOUND('',#908,.T.);
#475=FACE_OUTER_BOUND('',#909,.T.);
#476=FACE_OUTER_BOUND('',#910,.T.);
#477=FACE_OUTER_BOUND('',#911,.T.);
#478=FACE_OUTER_BOUND('',#912,.T.);
#479=FACE_OUTER_BOUND('',#913,.T.);
#480=FACE_OUTER_BOUND('',#914,.T.);
#481=FACE_OUTER_BOUND('',#915,.T.);
#482=FACE_OUTER_BOUND('',#916,.T.);
#483=FACE_OUTER_BOUND('',#917,.T.);
#484=FACE_OUTER_BOUND('',#918,.T.);
#485=FACE_OUTER_BOUND('',#919,.T.);
#486=FACE_OUTER_BOUND('',#920,.T.);
#487=FACE_OUTER_BOUND('',#921,.T.);
#488=FACE_OUTER_BOUND('',#922,.T.);
#489=FACE_OUTER_BOUND('',#923,.T.);
#490=FACE_OUTER_BOUND('',#924,.T.);
#491=FACE_OUTER_BOUND('',#925,.T.);
#492=FACE_OUTER_BOUND('',#926,.T.);
#493=FACE_OUTER_BOUND('',#927,.T.);
#494=FACE_OUTER_BOUND('',#928,.T.);
#495=FACE_OUTER_BOUND('',#929,.T.);
#496=FACE_OUTER_BOUND('',#930,.T.);
#497=FACE_OUTER_BOUND('',#931,.T.);
#498=FACE_OUTER_BOUND('',#932,.T.);
#499=FACE_OUTER_BOUND('',#933,.T.);
#500=FACE_OUTER_BOUND('',#934,.T.);
#501=FACE_OUTER_BOUND('',#935,.T.);
#502=FACE_OUTER_BOUND('',#936,.T.);
#503=FACE_OUTER_BOUND('',#937,.T.);
#504=FACE_OUTER_BOUND('',#938,.T.);
#505=FACE_OUTER_BOUND('',#939,.T.);
#506=FACE_OUTER_BOUND('',#940,.T.);
#507=FACE_OUTER_BOUND('',#941,.T.);
#508=FACE_OUTER_BOUND('',#942,.T.);
#509=FACE_OUTER_BOUND('',#943,.T.);
#510=FACE_OUTER_BOUND('',#944,.T.);
#511=FACE_OUTER_BOUND('',#945,.T.);
#512=FACE_OUTER_BOUND('',#946,.T.);
#513=FACE_OUTER_BOUND('',#947,.T.);
#514=FACE_OUTER_BOUND('',#948,.T.);
#515=FACE_OUTER_BOUND('',#949,.T.);
#516=FACE_OUTER_BOUND('',#950,.T.);
#517=FACE_OUTER_BOUND('',#951,.T.);
#518=FACE_OUTER_BOUND('',#952,.T.);
#519=FACE_OUTER_BOUND('',#953,.T.);
#520=FACE_OUTER_BOUND('',#954,.T.);
#521=FACE_OUTER_BOUND('',#955,.T.);
#522=FACE_OUTER_BOUND('',#956,.T.);
#523=FACE_OUTER_BOUND('',#957,.T.);
#524=FACE_OUTER_BOUND('',#958,.T.);
#525=FACE_OUTER_BOUND('',#959,.T.);
#526=FACE_OUTER_BOUND('',#960,.T.);
#527=FACE_OUTER_BOUND('',#961,.T.);
#528=FACE_OUTER_BOUND('',#962,.T.);
#529=FACE_OUTER_BOUND('',#963,.T.);
#530=FACE_OUTER_BOUND('',#964,.T.);
#531=FACE_OUTER_BOUND('',#965,.T.);
#532=FACE_OUTER_BOUND('',#966,.T.);
#533=FACE_OUTER_BOUND('',#967,.T.);
#534=FACE_OUTER_BOUND('',#968,.T.);
#535=FACE_OUTER_BOUND('',#969,.T.);
#536=FACE_OUTER_BOUND('',#970,.T.);
#537=FACE_OUTER_BOUND('',#971,.T.);
#538=FACE_OUTER_BOUND('',#972,.T.);
#539=FACE_OUTER_BOUND('',#973,.T.);
#540=FACE_OUTER_BOUND('',#974,.T.);
#541=FACE_OUTER_BOUND('',#975,.T.);
#542=FACE_OUTER_BOUND('',#976,.T.);
#543=FACE_OUTER_BOUND('',#977,.T.);
#544=FACE_OUTER_BOUND('',#978,.T.);
#545=FACE_OUTER_BOUND('',#979,.T.);
#546=FACE_OUTER_BOUND('',#980,.T.);
#547=FACE_OUTER_BOUND('',#981,.T.);
#548=FACE_OUTER_BOUND('',#982,.T.);
#549=FACE_OUTER_BOUND('',#983,.T.);
#550=FACE_OUTER_BOUND('',#984,.T.);
#551=FACE_OUTER_BOUND('',#985,.T.);
#552=FACE_OUTER_BOUND('',#986,.T.);
#553=FACE_OUTER_BOUND('',#987,.T.);
#554=FACE_OUTER_BOUND('',#988,.T.);
#555=FACE_OUTER_BOUND('',#989,.T.);
#556=FACE_OUTER_BOUND('',#990,.T.);
#557=FACE_OUTER_BOUND('',#991,.T.);
#558=FACE_OUTER_BOUND('',#992,.T.);
#559=FACE_OUTER_BOUND('',#993,.T.);
#560=FACE_OUTER_BOUND('',#994,.T.);
#561=EDGE_LOOP('',(#4607,#4608,#4609,#4610));
#562=EDGE_LOOP('',(#4611,#4612,#4613,#4614));
#563=EDGE_LOOP('',(#4615,#4616,#4617,#4618));
#564=EDGE_LOOP('',(#4619,#4620,#4621,#4622));
#565=EDGE_LOOP('',(#4623,#4624,#4625,#4626));
#566=EDGE_LOOP('',(#4627,#4628,#4629,#4630));
#567=EDGE_LOOP('',(#4631,#4632,#4633,#4634,#4635,#4636,#4637,#4638,#4639,
#4640));
#568=EDGE_LOOP('',(#4641,#4642,#4643,#4644,#4645,#4646));
#569=EDGE_LOOP('',(#4647,#4648,#4649,#4650,#4651,#4652));
#570=EDGE_LOOP('',(#4653,#4654,#4655,#4656,#4657,#4658,#4659,#4660,#4661,
#4662));
#571=EDGE_LOOP('',(#4663,#4664,#4665,#4666));
#572=EDGE_LOOP('',(#4667,#4668,#4669,#4670,#4671,#4672));
#573=EDGE_LOOP('',(#4673,#4674,#4675,#4676));
#574=EDGE_LOOP('',(#4677,#4678,#4679,#4680,#4681,#4682));
#575=EDGE_LOOP('',(#4683,#4684,#4685,#4686,#4687,#4688,#4689,#4690));
#576=EDGE_LOOP('',(#4691,#4692,#4693,#4694,#4695,#4696));
#577=EDGE_LOOP('',(#4697,#4698,#4699,#4700));
#578=EDGE_LOOP('',(#4701,#4702,#4703,#4704,#4705,#4706,#4707,#4708,#4709,
#4710,#4711,#4712,#4713,#4714,#4715,#4716,#4717,#4718,#4719,#4720,#4721,
#4722,#4723,#4724,#4725,#4726,#4727,#4728,#4729,#4730,#4731,#4732,#4733,
#4734,#4735,#4736,#4737,#4738,#4739,#4740,#4741,#4742,#4743,#4744,#4745,
#4746,#4747,#4748,#4749,#4750,#4751,#4752,#4753,#4754,#4755,#4756,#4757,
#4758,#4759,#4760,#4761,#4762,#4763,#4764,#4765,#4766,#4767,#4768));
#579=EDGE_LOOP('',(#4769,#4770,#4771,#4772,#4773,#4774,#4775,#4776,#4777,
#4778));
#580=EDGE_LOOP('',(#4779,#4780,#4781,#4782));
#581=EDGE_LOOP('',(#4783,#4784,#4785,#4786));
#582=EDGE_LOOP('',(#4787,#4788,#4789,#4790));
#583=EDGE_LOOP('',(#4791,#4792,#4793,#4794,#4795));
#584=EDGE_LOOP('',(#4796,#4797,#4798,#4799));
#585=EDGE_LOOP('',(#4800,#4801,#4802,#4803));
#586=EDGE_LOOP('',(#4804,#4805,#4806,#4807,#4808,#4809));
#587=EDGE_LOOP('',(#4810,#4811,#4812,#4813,#4814,#4815));
#588=EDGE_LOOP('',(#4816,#4817,#4818,#4819));
#589=EDGE_LOOP('',(#4820,#4821,#4822,#4823,#4824,#4825,#4826,#4827));
#590=EDGE_LOOP('',(#4828,#4829,#4830,#4831,#4832,#4833));
#591=EDGE_LOOP('',(#4834,#4835,#4836,#4837));
#592=EDGE_LOOP('',(#4838,#4839,#4840,#4841,#4842,#4843,#4844,#4845,#4846,
#4847,#4848,#4849));
#593=EDGE_LOOP('',(#4850,#4851,#4852,#4853));
#594=EDGE_LOOP('',(#4854,#4855,#4856,#4857));
#595=EDGE_LOOP('',(#4858,#4859,#4860,#4861));
#596=EDGE_LOOP('',(#4862,#4863,#4864,#4865,#4866));
#597=EDGE_LOOP('',(#4867,#4868,#4869,#4870,#4871,#4872,#4873,#4874));
#598=EDGE_LOOP('',(#4875,#4876,#4877,#4878));
#599=EDGE_LOOP('',(#4879,#4880,#4881,#4882));
#600=EDGE_LOOP('',(#4883,#4884,#4885,#4886));
#601=EDGE_LOOP('',(#4887,#4888,#4889,#4890));
#602=EDGE_LOOP('',(#4891,#4892,#4893,#4894));
#603=EDGE_LOOP('',(#4895,#4896,#4897,#4898));
#604=EDGE_LOOP('',(#4899,#4900,#4901,#4902));
#605=EDGE_LOOP('',(#4903,#4904,#4905,#4906));
#606=EDGE_LOOP('',(#4907,#4908,#4909,#4910));
#607=EDGE_LOOP('',(#4911,#4912,#4913,#4914));
#608=EDGE_LOOP('',(#4915,#4916,#4917,#4918));
#609=EDGE_LOOP('',(#4919,#4920,#4921,#4922));
#610=EDGE_LOOP('',(#4923,#4924,#4925,#4926));
#611=EDGE_LOOP('',(#4927,#4928,#4929,#4930));
#612=EDGE_LOOP('',(#4931,#4932,#4933,#4934));
#613=EDGE_LOOP('',(#4935,#4936,#4937,#4938));
#614=EDGE_LOOP('',(#4939,#4940,#4941,#4942));
#615=EDGE_LOOP('',(#4943,#4944,#4945,#4946));
#616=EDGE_LOOP('',(#4947,#4948,#4949,#4950));
#617=EDGE_LOOP('',(#4951,#4952,#4953,#4954));
#618=EDGE_LOOP('',(#4955,#4956,#4957,#4958));
#619=EDGE_LOOP('',(#4959,#4960,#4961,#4962));
#620=EDGE_LOOP('',(#4963,#4964,#4965,#4966));
#621=EDGE_LOOP('',(#4967,#4968,#4969,#4970));
#622=EDGE_LOOP('',(#4971,#4972,#4973,#4974));
#623=EDGE_LOOP('',(#4975,#4976,#4977,#4978));
#624=EDGE_LOOP('',(#4979,#4980,#4981,#4982));
#625=EDGE_LOOP('',(#4983,#4984,#4985,#4986));
#626=EDGE_LOOP('',(#4987,#4988,#4989,#4990));
#627=EDGE_LOOP('',(#4991,#4992,#4993,#4994));
#628=EDGE_LOOP('',(#4995,#4996,#4997,#4998));
#629=EDGE_LOOP('',(#4999,#5000,#5001,#5002));
#630=EDGE_LOOP('',(#5003,#5004,#5005,#5006));
#631=EDGE_LOOP('',(#5007,#5008,#5009,#5010));
#632=EDGE_LOOP('',(#5011,#5012,#5013,#5014));
#633=EDGE_LOOP('',(#5015,#5016,#5017,#5018));
#634=EDGE_LOOP('',(#5019,#5020,#5021,#5022));
#635=EDGE_LOOP('',(#5023,#5024,#5025,#5026));
#636=EDGE_LOOP('',(#5027,#5028,#5029,#5030));
#637=EDGE_LOOP('',(#5031,#5032,#5033,#5034));
#638=EDGE_LOOP('',(#5035,#5036,#5037,#5038));
#639=EDGE_LOOP('',(#5039,#5040,#5041,#5042));
#640=EDGE_LOOP('',(#5043,#5044,#5045,#5046));
#641=EDGE_LOOP('',(#5047,#5048,#5049,#5050));
#642=EDGE_LOOP('',(#5051,#5052,#5053,#5054));
#643=EDGE_LOOP('',(#5055,#5056,#5057,#5058));
#644=EDGE_LOOP('',(#5059,#5060,#5061,#5062));
#645=EDGE_LOOP('',(#5063,#5064,#5065,#5066));
#646=EDGE_LOOP('',(#5067,#5068,#5069,#5070));
#647=EDGE_LOOP('',(#5071,#5072,#5073,#5074));
#648=EDGE_LOOP('',(#5075,#5076,#5077,#5078));
#649=EDGE_LOOP('',(#5079,#5080,#5081,#5082));
#650=EDGE_LOOP('',(#5083,#5084,#5085,#5086));
#651=EDGE_LOOP('',(#5087,#5088,#5089,#5090));
#652=EDGE_LOOP('',(#5091,#5092,#5093,#5094));
#653=EDGE_LOOP('',(#5095,#5096,#5097,#5098));
#654=EDGE_LOOP('',(#5099,#5100,#5101,#5102));
#655=EDGE_LOOP('',(#5103,#5104,#5105,#5106));
#656=EDGE_LOOP('',(#5107,#5108,#5109,#5110));
#657=EDGE_LOOP('',(#5111,#5112,#5113,#5114));
#658=EDGE_LOOP('',(#5115,#5116,#5117,#5118));
#659=EDGE_LOOP('',(#5119,#5120,#5121,#5122));
#660=EDGE_LOOP('',(#5123,#5124,#5125,#5126));
#661=EDGE_LOOP('',(#5127,#5128,#5129,#5130));
#662=EDGE_LOOP('',(#5131,#5132,#5133,#5134));
#663=EDGE_LOOP('',(#5135,#5136,#5137,#5138));
#664=EDGE_LOOP('',(#5139,#5140,#5141,#5142));
#665=EDGE_LOOP('',(#5143,#5144,#5145,#5146));
#666=EDGE_LOOP('',(#5147,#5148,#5149,#5150));
#667=EDGE_LOOP('',(#5151,#5152,#5153,#5154));
#668=EDGE_LOOP('',(#5155,#5156,#5157,#5158));
#669=EDGE_LOOP('',(#5159,#5160,#5161,#5162));
#670=EDGE_LOOP('',(#5163,#5164,#5165,#5166));
#671=EDGE_LOOP('',(#5167,#5168,#5169,#5170));
#672=EDGE_LOOP('',(#5171,#5172,#5173,#5174));
#673=EDGE_LOOP('',(#5175,#5176,#5177,#5178));
#674=EDGE_LOOP('',(#5179,#5180,#5181,#5182));
#675=EDGE_LOOP('',(#5183,#5184,#5185,#5186));
#676=EDGE_LOOP('',(#5187,#5188,#5189,#5190));
#677=EDGE_LOOP('',(#5191,#5192,#5193,#5194));
#678=EDGE_LOOP('',(#5195,#5196,#5197,#5198));
#679=EDGE_LOOP('',(#5199,#5200,#5201,#5202));
#680=EDGE_LOOP('',(#5203,#5204,#5205,#5206));
#681=EDGE_LOOP('',(#5207,#5208,#5209,#5210));
#682=EDGE_LOOP('',(#5211,#5212,#5213,#5214));
#683=EDGE_LOOP('',(#5215,#5216,#5217,#5218));
#684=EDGE_LOOP('',(#5219,#5220,#5221,#5222));
#685=EDGE_LOOP('',(#5223,#5224,#5225,#5226));
#686=EDGE_LOOP('',(#5227,#5228,#5229,#5230));
#687=EDGE_LOOP('',(#5231,#5232,#5233,#5234));
#688=EDGE_LOOP('',(#5235,#5236,#5237,#5238));
#689=EDGE_LOOP('',(#5239,#5240,#5241,#5242));
#690=EDGE_LOOP('',(#5243,#5244,#5245,#5246));
#691=EDGE_LOOP('',(#5247,#5248,#5249,#5250));
#692=EDGE_LOOP('',(#5251,#5252,#5253,#5254));
#693=EDGE_LOOP('',(#5255,#5256,#5257,#5258));
#694=EDGE_LOOP('',(#5259,#5260,#5261,#5262));
#695=EDGE_LOOP('',(#5263,#5264,#5265,#5266));
#696=EDGE_LOOP('',(#5267,#5268,#5269,#5270));
#697=EDGE_LOOP('',(#5271,#5272,#5273,#5274));
#698=EDGE_LOOP('',(#5275,#5276,#5277,#5278));
#699=EDGE_LOOP('',(#5279,#5280,#5281,#5282));
#700=EDGE_LOOP('',(#5283,#5284,#5285,#5286));
#701=EDGE_LOOP('',(#5287,#5288,#5289,#5290));
#702=EDGE_LOOP('',(#5291,#5292,#5293,#5294));
#703=EDGE_LOOP('',(#5295,#5296,#5297,#5298));
#704=EDGE_LOOP('',(#5299,#5300,#5301,#5302));
#705=EDGE_LOOP('',(#5303,#5304,#5305,#5306));
#706=EDGE_LOOP('',(#5307,#5308,#5309,#5310));
#707=EDGE_LOOP('',(#5311,#5312,#5313,#5314));
#708=EDGE_LOOP('',(#5315,#5316,#5317,#5318));
#709=EDGE_LOOP('',(#5319,#5320,#5321,#5322));
#710=EDGE_LOOP('',(#5323,#5324,#5325,#5326));
#711=EDGE_LOOP('',(#5327,#5328,#5329,#5330));
#712=EDGE_LOOP('',(#5331,#5332,#5333,#5334));
#713=EDGE_LOOP('',(#5335,#5336,#5337,#5338));
#714=EDGE_LOOP('',(#5339,#5340,#5341,#5342));
#715=EDGE_LOOP('',(#5343,#5344,#5345,#5346,#5347,#5348,#5349,#5350,#5351,
#5352,#5353,#5354,#5355,#5356,#5357,#5358,#5359,#5360,#5361,#5362,#5363,
#5364,#5365,#5366,#5367,#5368,#5369,#5370,#5371,#5372,#5373,#5374,#5375,
#5376,#5377,#5378,#5379,#5380,#5381,#5382,#5383,#5384,#5385,#5386,#5387,
#5388,#5389,#5390,#5391,#5392,#5393,#5394,#5395,#5396,#5397,#5398,#5399,
#5400,#5401,#5402,#5403,#5404));
#716=EDGE_LOOP('',(#5405,#5406,#5407,#5408));
#717=EDGE_LOOP('',(#5409,#5410,#5411,#5412));
#718=EDGE_LOOP('',(#5413,#5414,#5415,#5416));
#719=EDGE_LOOP('',(#5417,#5418,#5419,#5420));
#720=EDGE_LOOP('',(#5421,#5422,#5423,#5424));
#721=EDGE_LOOP('',(#5425,#5426,#5427,#5428,#5429,#5430,#5431,#5432));
#722=EDGE_LOOP('',(#5433,#5434,#5435,#5436));
#723=EDGE_LOOP('',(#5437,#5438,#5439,#5440));
#724=EDGE_LOOP('',(#5441,#5442,#5443,#5444));
#725=EDGE_LOOP('',(#5445,#5446,#5447,#5448));
#726=EDGE_LOOP('',(#5449,#5450,#5451,#5452));
#727=EDGE_LOOP('',(#5453,#5454,#5455,#5456));
#728=EDGE_LOOP('',(#5457,#5458,#5459,#5460));
#729=EDGE_LOOP('',(#5461,#5462,#5463,#5464));
#730=EDGE_LOOP('',(#5465,#5466,#5467,#5468));
#731=EDGE_LOOP('',(#5469,#5470,#5471,#5472));
#732=EDGE_LOOP('',(#5473,#5474,#5475,#5476));
#733=EDGE_LOOP('',(#5477,#5478,#5479,#5480));
#734=EDGE_LOOP('',(#5481,#5482,#5483,#5484));
#735=EDGE_LOOP('',(#5485,#5486,#5487,#5488));
#736=EDGE_LOOP('',(#5489,#5490,#5491,#5492));
#737=EDGE_LOOP('',(#5493,#5494,#5495,#5496));
#738=EDGE_LOOP('',(#5497,#5498,#5499,#5500,#5501,#5502,#5503,#5504,#5505,
#5506,#5507,#5508));
#739=EDGE_LOOP('',(#5509,#5510,#5511,#5512,#5513,#5514));
#740=EDGE_LOOP('',(#5515,#5516,#5517,#5518,#5519,#5520));
#741=EDGE_LOOP('',(#5521,#5522,#5523,#5524,#5525,#5526,#5527,#5528));
#742=EDGE_LOOP('',(#5529,#5530,#5531,#5532,#5533,#5534,#5535,#5536,#5537,
#5538));
#743=EDGE_LOOP('',(#5539,#5540,#5541,#5542));
#744=EDGE_LOOP('',(#5543,#5544,#5545,#5546));
#745=EDGE_LOOP('',(#5547,#5548,#5549,#5550));
#746=EDGE_LOOP('',(#5551,#5552,#5553,#5554));
#747=EDGE_LOOP('',(#5555,#5556,#5557,#5558,#5559,#5560,#5561,#5562));
#748=EDGE_LOOP('',(#5563,#5564,#5565,#5566));
#749=EDGE_LOOP('',(#5567,#5568,#5569,#5570));
#750=EDGE_LOOP('',(#5571,#5572,#5573,#5574));
#751=EDGE_LOOP('',(#5575,#5576,#5577,#5578));
#752=EDGE_LOOP('',(#5579,#5580,#5581,#5582));
#753=EDGE_LOOP('',(#5583,#5584,#5585,#5586));
#754=EDGE_LOOP('',(#5587,#5588,#5589,#5590));
#755=EDGE_LOOP('',(#5591,#5592,#5593,#5594,#5595,#5596,#5597,#5598));
#756=EDGE_LOOP('',(#5599,#5600,#5601,#5602));
#757=EDGE_LOOP('',(#5603,#5604,#5605,#5606));
#758=EDGE_LOOP('',(#5607,#5608,#5609,#5610));
#759=EDGE_LOOP('',(#5611,#5612,#5613,#5614));
#760=EDGE_LOOP('',(#5615,#5616,#5617,#5618));
#761=EDGE_LOOP('',(#5619,#5620,#5621,#5622));
#762=EDGE_LOOP('',(#5623,#5624,#5625,#5626));
#763=EDGE_LOOP('',(#5627,#5628,#5629,#5630));
#764=EDGE_LOOP('',(#5631,#5632,#5633,#5634));
#765=EDGE_LOOP('',(#5635,#5636,#5637,#5638,#5639,#5640,#5641,#5642));
#766=EDGE_LOOP('',(#5643,#5644,#5645,#5646));
#767=EDGE_LOOP('',(#5647,#5648,#5649,#5650));
#768=EDGE_LOOP('',(#5651,#5652,#5653,#5654));
#769=EDGE_LOOP('',(#5655,#5656,#5657,#5658));
#770=EDGE_LOOP('',(#5659,#5660,#5661,#5662));
#771=EDGE_LOOP('',(#5663,#5664,#5665,#5666));
#772=EDGE_LOOP('',(#5667,#5668,#5669,#5670));
#773=EDGE_LOOP('',(#5671,#5672,#5673,#5674,#5675,#5676,#5677,#5678));
#774=EDGE_LOOP('',(#5679,#5680,#5681,#5682));
#775=EDGE_LOOP('',(#5683,#5684,#5685,#5686));
#776=EDGE_LOOP('',(#5687,#5688,#5689,#5690));
#777=EDGE_LOOP('',(#5691,#5692,#5693,#5694));
#778=EDGE_LOOP('',(#5695,#5696,#5697,#5698));
#779=EDGE_LOOP('',(#5699,#5700,#5701,#5702));
#780=EDGE_LOOP('',(#5703,#5704,#5705,#5706));
#781=EDGE_LOOP('',(#5707,#5708,#5709,#5710));
#782=EDGE_LOOP('',(#5711,#5712,#5713,#5714));
#783=EDGE_LOOP('',(#5715,#5716,#5717,#5718,#5719,#5720,#5721,#5722));
#784=EDGE_LOOP('',(#5723,#5724,#5725,#5726));
#785=EDGE_LOOP('',(#5727,#5728,#5729,#5730));
#786=EDGE_LOOP('',(#5731,#5732,#5733,#5734));
#787=EDGE_LOOP('',(#5735,#5736,#5737,#5738));
#788=EDGE_LOOP('',(#5739,#5740,#5741,#5742));
#789=EDGE_LOOP('',(#5743,#5744,#5745,#5746));
#790=EDGE_LOOP('',(#5747,#5748,#5749,#5750));
#791=EDGE_LOOP('',(#5751,#5752,#5753,#5754,#5755,#5756,#5757,#5758));
#792=EDGE_LOOP('',(#5759,#5760,#5761,#5762));
#793=EDGE_LOOP('',(#5763,#5764,#5765,#5766));
#794=EDGE_LOOP('',(#5767,#5768,#5769,#5770));
#795=EDGE_LOOP('',(#5771,#5772,#5773,#5774));
#796=EDGE_LOOP('',(#5775,#5776,#5777,#5778));
#797=EDGE_LOOP('',(#5779,#5780,#5781,#5782));
#798=EDGE_LOOP('',(#5783,#5784,#5785,#5786));
#799=EDGE_LOOP('',(#5787,#5788,#5789,#5790));
#800=EDGE_LOOP('',(#5791,#5792,#5793,#5794));
#801=EDGE_LOOP('',(#5795,#5796,#5797,#5798,#5799,#5800,#5801,#5802));
#802=EDGE_LOOP('',(#5803,#5804,#5805,#5806));
#803=EDGE_LOOP('',(#5807,#5808,#5809,#5810));
#804=EDGE_LOOP('',(#5811,#5812,#5813,#5814));
#805=EDGE_LOOP('',(#5815,#5816,#5817,#5818));
#806=EDGE_LOOP('',(#5819,#5820,#5821,#5822));
#807=EDGE_LOOP('',(#5823,#5824,#5825,#5826));
#808=EDGE_LOOP('',(#5827,#5828,#5829,#5830));
#809=EDGE_LOOP('',(#5831,#5832,#5833,#5834,#5835,#5836,#5837,#5838));
#810=EDGE_LOOP('',(#5839,#5840,#5841,#5842));
#811=EDGE_LOOP('',(#5843,#5844,#5845,#5846));
#812=EDGE_LOOP('',(#5847,#5848,#5849,#5850));
#813=EDGE_LOOP('',(#5851,#5852,#5853,#5854));
#814=EDGE_LOOP('',(#5855,#5856,#5857,#5858));
#815=EDGE_LOOP('',(#5859,#5860,#5861,#5862));
#816=EDGE_LOOP('',(#5863,#5864,#5865,#5866));
#817=EDGE_LOOP('',(#5867,#5868,#5869,#5870));
#818=EDGE_LOOP('',(#5871,#5872,#5873,#5874));
#819=EDGE_LOOP('',(#5875,#5876,#5877,#5878,#5879,#5880,#5881,#5882));
#820=EDGE_LOOP('',(#5883,#5884,#5885,#5886));
#821=EDGE_LOOP('',(#5887,#5888,#5889,#5890));
#822=EDGE_LOOP('',(#5891,#5892,#5893,#5894));
#823=EDGE_LOOP('',(#5895,#5896,#5897,#5898));
#824=EDGE_LOOP('',(#5899,#5900,#5901,#5902));
#825=EDGE_LOOP('',(#5903,#5904,#5905,#5906));
#826=EDGE_LOOP('',(#5907,#5908,#5909,#5910));
#827=EDGE_LOOP('',(#5911,#5912,#5913,#5914,#5915,#5916,#5917,#5918));
#828=EDGE_LOOP('',(#5919,#5920,#5921,#5922));
#829=EDGE_LOOP('',(#5923,#5924,#5925,#5926));
#830=EDGE_LOOP('',(#5927,#5928,#5929,#5930));
#831=EDGE_LOOP('',(#5931,#5932,#5933,#5934));
#832=EDGE_LOOP('',(#5935,#5936,#5937,#5938));
#833=EDGE_LOOP('',(#5939,#5940,#5941,#5942));
#834=EDGE_LOOP('',(#5943,#5944,#5945,#5946));
#835=EDGE_LOOP('',(#5947,#5948,#5949,#5950));
#836=EDGE_LOOP('',(#5951,#5952,#5953,#5954));
#837=EDGE_LOOP('',(#5955,#5956,#5957,#5958,#5959,#5960,#5961,#5962));
#838=EDGE_LOOP('',(#5963,#5964,#5965,#5966));
#839=EDGE_LOOP('',(#5967,#5968,#5969,#5970));
#840=EDGE_LOOP('',(#5971,#5972,#5973,#5974));
#841=EDGE_LOOP('',(#5975,#5976,#5977,#5978));
#842=EDGE_LOOP('',(#5979,#5980,#5981,#5982));
#843=EDGE_LOOP('',(#5983,#5984,#5985,#5986));
#844=EDGE_LOOP('',(#5987,#5988,#5989,#5990));
#845=EDGE_LOOP('',(#5991,#5992,#5993,#5994,#5995,#5996,#5997,#5998));
#846=EDGE_LOOP('',(#5999,#6000,#6001,#6002));
#847=EDGE_LOOP('',(#6003,#6004,#6005,#6006));
#848=EDGE_LOOP('',(#6007,#6008,#6009,#6010));
#849=EDGE_LOOP('',(#6011,#6012,#6013,#6014));
#850=EDGE_LOOP('',(#6015,#6016,#6017,#6018));
#851=EDGE_LOOP('',(#6019,#6020,#6021,#6022));
#852=EDGE_LOOP('',(#6023,#6024,#6025,#6026));
#853=EDGE_LOOP('',(#6027,#6028,#6029,#6030));
#854=EDGE_LOOP('',(#6031,#6032,#6033,#6034));
#855=EDGE_LOOP('',(#6035,#6036,#6037,#6038,#6039,#6040,#6041,#6042));
#856=EDGE_LOOP('',(#6043,#6044,#6045,#6046));
#857=EDGE_LOOP('',(#6047,#6048,#6049,#6050));
#858=EDGE_LOOP('',(#6051,#6052,#6053,#6054));
#859=EDGE_LOOP('',(#6055,#6056,#6057,#6058));
#860=EDGE_LOOP('',(#6059,#6060,#6061,#6062));
#861=EDGE_LOOP('',(#6063,#6064,#6065,#6066));
#862=EDGE_LOOP('',(#6067,#6068,#6069,#6070));
#863=EDGE_LOOP('',(#6071,#6072,#6073,#6074,#6075,#6076,#6077,#6078));
#864=EDGE_LOOP('',(#6079,#6080,#6081,#6082));
#865=EDGE_LOOP('',(#6083,#6084,#6085,#6086));
#866=EDGE_LOOP('',(#6087,#6088,#6089,#6090));
#867=EDGE_LOOP('',(#6091,#6092,#6093,#6094));
#868=EDGE_LOOP('',(#6095,#6096,#6097,#6098));
#869=EDGE_LOOP('',(#6099,#6100,#6101,#6102));
#870=EDGE_LOOP('',(#6103,#6104,#6105,#6106));
#871=EDGE_LOOP('',(#6107,#6108,#6109,#6110));
#872=EDGE_LOOP('',(#6111,#6112,#6113,#6114));
#873=EDGE_LOOP('',(#6115,#6116,#6117,#6118,#6119,#6120,#6121,#6122));
#874=EDGE_LOOP('',(#6123,#6124,#6125,#6126));
#875=EDGE_LOOP('',(#6127,#6128,#6129,#6130));
#876=EDGE_LOOP('',(#6131,#6132,#6133,#6134));
#877=EDGE_LOOP('',(#6135,#6136,#6137,#6138));
#878=EDGE_LOOP('',(#6139,#6140,#6141,#6142));
#879=EDGE_LOOP('',(#6143,#6144,#6145,#6146));
#880=EDGE_LOOP('',(#6147,#6148,#6149,#6150));
#881=EDGE_LOOP('',(#6151,#6152,#6153,#6154,#6155,#6156,#6157,#6158));
#882=EDGE_LOOP('',(#6159,#6160,#6161,#6162));
#883=EDGE_LOOP('',(#6163,#6164,#6165,#6166));
#884=EDGE_LOOP('',(#6167,#6168,#6169,#6170));
#885=EDGE_LOOP('',(#6171,#6172,#6173,#6174));
#886=EDGE_LOOP('',(#6175,#6176,#6177,#6178));
#887=EDGE_LOOP('',(#6179,#6180,#6181,#6182));
#888=EDGE_LOOP('',(#6183,#6184,#6185,#6186));
#889=EDGE_LOOP('',(#6187,#6188,#6189,#6190));
#890=EDGE_LOOP('',(#6191,#6192,#6193,#6194));
#891=EDGE_LOOP('',(#6195,#6196,#6197,#6198,#6199,#6200,#6201,#6202));
#892=EDGE_LOOP('',(#6203,#6204,#6205,#6206));
#893=EDGE_LOOP('',(#6207,#6208,#6209,#6210));
#894=EDGE_LOOP('',(#6211,#6212,#6213,#6214));
#895=EDGE_LOOP('',(#6215,#6216,#6217,#6218));
#896=EDGE_LOOP('',(#6219,#6220,#6221,#6222));
#897=EDGE_LOOP('',(#6223,#6224,#6225,#6226));
#898=EDGE_LOOP('',(#6227,#6228,#6229,#6230));
#899=EDGE_LOOP('',(#6231,#6232,#6233,#6234,#6235,#6236,#6237,#6238));
#900=EDGE_LOOP('',(#6239,#6240,#6241,#6242));
#901=EDGE_LOOP('',(#6243,#6244,#6245,#6246));
#902=EDGE_LOOP('',(#6247,#6248,#6249,#6250));
#903=EDGE_LOOP('',(#6251,#6252,#6253,#6254));
#904=EDGE_LOOP('',(#6255,#6256,#6257,#6258));
#905=EDGE_LOOP('',(#6259,#6260,#6261,#6262));
#906=EDGE_LOOP('',(#6263,#6264,#6265,#6266));
#907=EDGE_LOOP('',(#6267,#6268,#6269,#6270));
#908=EDGE_LOOP('',(#6271,#6272,#6273,#6274));
#909=EDGE_LOOP('',(#6275,#6276,#6277,#6278,#6279,#6280,#6281,#6282));
#910=EDGE_LOOP('',(#6283,#6284,#6285,#6286));
#911=EDGE_LOOP('',(#6287,#6288,#6289,#6290));
#912=EDGE_LOOP('',(#6291,#6292,#6293,#6294));
#913=EDGE_LOOP('',(#6295,#6296,#6297,#6298));
#914=EDGE_LOOP('',(#6299,#6300,#6301,#6302));
#915=EDGE_LOOP('',(#6303,#6304,#6305,#6306));
#916=EDGE_LOOP('',(#6307,#6308,#6309,#6310));
#917=EDGE_LOOP('',(#6311,#6312,#6313,#6314,#6315,#6316,#6317,#6318));
#918=EDGE_LOOP('',(#6319,#6320,#6321,#6322));
#919=EDGE_LOOP('',(#6323,#6324,#6325,#6326));
#920=EDGE_LOOP('',(#6327,#6328,#6329,#6330));
#921=EDGE_LOOP('',(#6331,#6332,#6333,#6334));
#922=EDGE_LOOP('',(#6335,#6336,#6337,#6338));
#923=EDGE_LOOP('',(#6339,#6340,#6341,#6342));
#924=EDGE_LOOP('',(#6343,#6344,#6345,#6346));
#925=EDGE_LOOP('',(#6347,#6348,#6349,#6350));
#926=EDGE_LOOP('',(#6351,#6352,#6353,#6354));
#927=EDGE_LOOP('',(#6355,#6356,#6357,#6358,#6359,#6360,#6361,#6362));
#928=EDGE_LOOP('',(#6363,#6364,#6365,#6366));
#929=EDGE_LOOP('',(#6367,#6368,#6369,#6370));
#930=EDGE_LOOP('',(#6371,#6372,#6373,#6374));
#931=EDGE_LOOP('',(#6375,#6376,#6377,#6378));
#932=EDGE_LOOP('',(#6379,#6380,#6381,#6382));
#933=EDGE_LOOP('',(#6383,#6384,#6385,#6386));
#934=EDGE_LOOP('',(#6387,#6388,#6389,#6390));
#935=EDGE_LOOP('',(#6391,#6392,#6393,#6394,#6395,#6396,#6397,#6398));
#936=EDGE_LOOP('',(#6399,#6400,#6401,#6402));
#937=EDGE_LOOP('',(#6403,#6404,#6405,#6406));
#938=EDGE_LOOP('',(#6407,#6408,#6409,#6410));
#939=EDGE_LOOP('',(#6411,#6412,#6413,#6414));
#940=EDGE_LOOP('',(#6415,#6416,#6417,#6418));
#941=EDGE_LOOP('',(#6419,#6420,#6421,#6422));
#942=EDGE_LOOP('',(#6423,#6424,#6425,#6426));
#943=EDGE_LOOP('',(#6427,#6428,#6429,#6430));
#944=EDGE_LOOP('',(#6431,#6432,#6433,#6434));
#945=EDGE_LOOP('',(#6435,#6436,#6437,#6438,#6439,#6440,#6441,#6442));
#946=EDGE_LOOP('',(#6443,#6444,#6445,#6446));
#947=EDGE_LOOP('',(#6447,#6448,#6449,#6450));
#948=EDGE_LOOP('',(#6451,#6452,#6453,#6454));
#949=EDGE_LOOP('',(#6455,#6456,#6457,#6458));
#950=EDGE_LOOP('',(#6459,#6460,#6461,#6462));
#951=EDGE_LOOP('',(#6463,#6464,#6465,#6466));
#952=EDGE_LOOP('',(#6467,#6468,#6469,#6470));
#953=EDGE_LOOP('',(#6471,#6472,#6473,#6474,#6475,#6476,#6477,#6478));
#954=EDGE_LOOP('',(#6479,#6480,#6481,#6482));
#955=EDGE_LOOP('',(#6483,#6484,#6485,#6486));
#956=EDGE_LOOP('',(#6487,#6488,#6489,#6490));
#957=EDGE_LOOP('',(#6491,#6492,#6493,#6494));
#958=EDGE_LOOP('',(#6495,#6496,#6497,#6498));
#959=EDGE_LOOP('',(#6499,#6500,#6501,#6502));
#960=EDGE_LOOP('',(#6503,#6504,#6505,#6506));
#961=EDGE_LOOP('',(#6507,#6508,#6509,#6510));
#962=EDGE_LOOP('',(#6511,#6512,#6513,#6514));
#963=EDGE_LOOP('',(#6515,#6516,#6517,#6518,#6519,#6520,#6521,#6522));
#964=EDGE_LOOP('',(#6523,#6524,#6525,#6526));
#965=EDGE_LOOP('',(#6527,#6528,#6529,#6530));
#966=EDGE_LOOP('',(#6531,#6532,#6533,#6534));
#967=EDGE_LOOP('',(#6535,#6536,#6537,#6538));
#968=EDGE_LOOP('',(#6539,#6540,#6541,#6542));
#969=EDGE_LOOP('',(#6543,#6544,#6545,#6546));
#970=EDGE_LOOP('',(#6547,#6548,#6549,#6550));
#971=EDGE_LOOP('',(#6551,#6552,#6553,#6554,#6555,#6556,#6557,#6558));
#972=EDGE_LOOP('',(#6559,#6560,#6561,#6562));
#973=EDGE_LOOP('',(#6563,#6564,#6565,#6566));
#974=EDGE_LOOP('',(#6567,#6568,#6569,#6570));
#975=EDGE_LOOP('',(#6571,#6572,#6573,#6574));
#976=EDGE_LOOP('',(#6575,#6576,#6577,#6578));
#977=EDGE_LOOP('',(#6579,#6580,#6581,#6582));
#978=EDGE_LOOP('',(#6583,#6584,#6585,#6586));
#979=EDGE_LOOP('',(#6587,#6588,#6589,#6590));
#980=EDGE_LOOP('',(#6591,#6592,#6593,#6594));
#981=EDGE_LOOP('',(#6595,#6596,#6597,#6598,#6599,#6600,#6601,#6602));
#982=EDGE_LOOP('',(#6603,#6604,#6605,#6606));
#983=EDGE_LOOP('',(#6607,#6608,#6609,#6610));
#984=EDGE_LOOP('',(#6611,#6612,#6613,#6614));
#985=EDGE_LOOP('',(#6615,#6616,#6617,#6618));
#986=EDGE_LOOP('',(#6619,#6620,#6621,#6622));
#987=EDGE_LOOP('',(#6623,#6624,#6625,#6626));
#988=EDGE_LOOP('',(#6627,#6628,#6629,#6630));
#989=EDGE_LOOP('',(#6631,#6632,#6633,#6634,#6635,#6636,#6637,#6638));
#990=EDGE_LOOP('',(#6639,#6640,#6641,#6642));
#991=EDGE_LOOP('',(#6643,#6644,#6645,#6646));
#992=EDGE_LOOP('',(#6647,#6648,#6649,#6650));
#993=EDGE_LOOP('',(#6651,#6652,#6653,#6654));
#994=EDGE_LOOP('',(#6655,#6656,#6657,#6658));
#995=LINE('',#9821,#1965);
#996=LINE('',#9823,#1966);
#997=LINE('',#9825,#1967);
#998=LINE('',#9826,#1968);
#999=LINE('',#9829,#1969);
#1000=LINE('',#9831,#1970);
#1001=LINE('',#9832,#1971);
#1002=LINE('',#9835,#1972);
#1003=LINE('',#9837,#1973);
#1004=LINE('',#9838,#1974);
#1005=LINE('',#9842,#1975);
#1006=LINE('',#9844,#1976);
#1007=LINE('',#9846,#1977);
#1008=LINE('',#9847,#1978);
#1009=LINE('',#9850,#1979);
#1010=LINE('',#9852,#1980);
#1011=LINE('',#9853,#1981);
#1012=LINE('',#9856,#1982);
#1013=LINE('',#9858,#1983);
#1014=LINE('',#9859,#1984);
#1015=LINE('',#9862,#1985);
#1016=LINE('',#9864,#1986);
#1017=LINE('',#9866,#1987);
#1018=LINE('',#9868,#1988);
#1019=LINE('',#9870,#1989);
#1020=LINE('',#9872,#1990);
#1021=LINE('',#9873,#1991);
#1022=LINE('',#9876,#1992);
#1023=LINE('',#9878,#1993);
#1024=LINE('',#9880,#1994);
#1025=LINE('',#9881,#1995);
#1026=LINE('',#9884,#1996);
#1027=LINE('',#9886,#1997);
#1028=LINE('',#9888,#1998);
#1029=LINE('',#9890,#1999);
#1030=LINE('',#9891,#2000);
#1031=LINE('',#9894,#2001);
#1032=LINE('',#9896,#2002);
#1033=LINE('',#9898,#2003);
#1034=LINE('',#9900,#2004);
#1035=LINE('',#9902,#2005);
#1036=LINE('',#9903,#2006);
#1037=LINE('',#9906,#2007);
#1038=LINE('',#9908,#2008);
#1039=LINE('',#9909,#2009);
#1040=LINE('',#9913,#2010);
#1041=LINE('',#9915,#2011);
#1042=LINE('',#9917,#2012);
#1043=LINE('',#9919,#2013);
#1044=LINE('',#9921,#2014);
#1045=LINE('',#9922,#2015);
#1046=LINE('',#9925,#2016);
#1047=LINE('',#9927,#2017);
#1048=LINE('',#9928,#2018);
#1049=LINE('',#9932,#2019);
#1050=LINE('',#9933,#2020);
#1051=LINE('',#9935,#2021);
#1052=LINE('',#9937,#2022);
#1053=LINE('',#9938,#2023);
#1054=LINE('',#9941,#2024);
#1055=LINE('',#9942,#2025);
#1056=LINE('',#9944,#2026);
#1057=LINE('',#9946,#2027);
#1058=LINE('',#9947,#2028);
#1059=LINE('',#9950,#2029);
#1060=LINE('',#9952,#2030);
#1061=LINE('',#9954,#2031);
#1062=LINE('',#9955,#2032);
#1063=LINE('',#9958,#2033);
#1064=LINE('',#9960,#2034);
#1065=LINE('',#9962,#2035);
#1066=LINE('',#9963,#2036);
#1067=LINE('',#9966,#2037);
#1068=LINE('',#9967,#2038);
#1069=LINE('',#9969,#2039);
#1070=LINE('',#9971,#2040);
#1071=LINE('',#9973,#2041);
#1072=LINE('',#9975,#2042);
#1073=LINE('',#9977,#2043);
#1074=LINE('',#9979,#2044);
#1075=LINE('',#9981,#2045);
#1076=LINE('',#9983,#2046);
#1077=LINE('',#9985,#2047);
#1078=LINE('',#9987,#2048);
#1079=LINE('',#9989,#2049);
#1080=LINE('',#9991,#2050);
#1081=LINE('',#9993,#2051);
#1082=LINE('',#9995,#2052);
#1083=LINE('',#9997,#2053);
#1084=LINE('',#9999,#2054);
#1085=LINE('',#10001,#2055);
#1086=LINE('',#10003,#2056);
#1087=LINE('',#10005,#2057);
#1088=LINE('',#10007,#2058);
#1089=LINE('',#10009,#2059);
#1090=LINE('',#10011,#2060);
#1091=LINE('',#10013,#2061);
#1092=LINE('',#10015,#2062);
#1093=LINE('',#10017,#2063);
#1094=LINE('',#10019,#2064);
#1095=LINE('',#10021,#2065);
#1096=LINE('',#10023,#2066);
#1097=LINE('',#10025,#2067);
#1098=LINE('',#10027,#2068);
#1099=LINE('',#10029,#2069);
#1100=LINE('',#10031,#2070);
#1101=LINE('',#10033,#2071);
#1102=LINE('',#10035,#2072);
#1103=LINE('',#10037,#2073);
#1104=LINE('',#10039,#2074);
#1105=LINE('',#10041,#2075);
#1106=LINE('',#10043,#2076);
#1107=LINE('',#10045,#2077);
#1108=LINE('',#10047,#2078);
#1109=LINE('',#10049,#2079);
#1110=LINE('',#10051,#2080);
#1111=LINE('',#10053,#2081);
#1112=LINE('',#10055,#2082);
#1113=LINE('',#10057,#2083);
#1114=LINE('',#10059,#2084);
#1115=LINE('',#10061,#2085);
#1116=LINE('',#10063,#2086);
#1117=LINE('',#10065,#2087);
#1118=LINE('',#10067,#2088);
#1119=LINE('',#10069,#2089);
#1120=LINE('',#10071,#2090);
#1121=LINE('',#10073,#2091);
#1122=LINE('',#10075,#2092);
#1123=LINE('',#10077,#2093);
#1124=LINE('',#10079,#2094);
#1125=LINE('',#10080,#2095);
#1126=LINE('',#10081,#2096);
#1127=LINE('',#10084,#2097);
#1128=LINE('',#10086,#2098);
#1129=LINE('',#10087,#2099);
#1130=LINE('',#10088,#2100);
#1131=LINE('',#10091,#2101);
#1132=LINE('',#10093,#2102);
#1133=LINE('',#10094,#2103);
#1134=LINE('',#10098,#2104);
#1135=LINE('',#10100,#2105);
#1136=LINE('',#10102,#2106);
#1137=LINE('',#10103,#2107);
#1138=LINE('',#10106,#2108);
#1139=LINE('',#10107,#2109);
#1140=LINE('',#10109,#2110);
#1141=LINE('',#10110,#2111);
#1142=LINE('',#10113,#2112);
#1143=LINE('',#10114,#2113);
#1144=LINE('',#10116,#2114);
#1145=LINE('',#10120,#2115);
#1146=LINE('',#10122,#2116);
#1147=LINE('',#10123,#2117);
#1148=LINE('',#10125,#2118);
#1149=LINE('',#10126,#2119);
#1150=LINE('',#10128,#2120);
#1151=LINE('',#10130,#2121);
#1152=LINE('',#10131,#2122);
#1153=LINE('',#10134,#2123);
#1154=LINE('',#10135,#2124);
#1155=LINE('',#10137,#2125);
#1156=LINE('',#10139,#2126);
#1157=LINE('',#10141,#2127);
#1158=LINE('',#10142,#2128);
#1159=LINE('',#10145,#2129);
#1160=LINE('',#10147,#2130);
#1161=LINE('',#10148,#2131);
#1162=LINE('',#10151,#2132);
#1163=LINE('',#10153,#2133);
#1164=LINE('',#10155,#2134);
#1165=LINE('',#10156,#2135);
#1166=LINE('',#10158,#2136);
#1167=LINE('',#10162,#2137);
#1168=LINE('',#10164,#2138);
#1169=LINE('',#10166,#2139);
#1170=LINE('',#10167,#2140);
#1171=LINE('',#10171,#2141);
#1172=LINE('',#10173,#2142);
#1173=LINE('',#10175,#2143);
#1174=LINE('',#10176,#2144);
#1175=LINE('',#10179,#2145);
#1176=LINE('',#10181,#2146);
#1177=LINE('',#10182,#2147);
#1178=LINE('',#10184,#2148);
#1179=LINE('',#10185,#2149);
#1180=LINE('',#10187,#2150);
#1181=LINE('',#10189,#2151);
#1182=LINE('',#10190,#2152);
#1183=LINE('',#10193,#2153);
#1184=LINE('',#10194,#2154);
#1185=LINE('',#10196,#2155);
#1186=LINE('',#10199,#2156);
#1187=LINE('',#10200,#2157);
#1188=LINE('',#10203,#2158);
#1189=LINE('',#10205,#2159);
#1190=LINE('',#10206,#2160);
#1191=LINE('',#10209,#2161);
#1192=LINE('',#10210,#2162);
#1193=LINE('',#10213,#2163);
#1194=LINE('',#10214,#2164);
#1195=LINE('',#10216,#2165);
#1196=LINE('',#10220,#2166);
#1197=LINE('',#10221,#2167);
#1198=LINE('',#10222,#2168);
#1199=LINE('',#10225,#2169);
#1200=LINE('',#10226,#2170);
#1201=LINE('',#10229,#2171);
#1202=LINE('',#10231,#2172);
#1203=LINE('',#10233,#2173);
#1204=LINE('',#10234,#2174);
#1205=LINE('',#10236,#2175);
#1206=LINE('',#10239,#2176);
#1207=LINE('',#10240,#2177);
#1208=LINE('',#10243,#2178);
#1209=LINE('',#10245,#2179);
#1210=LINE('',#10246,#2180);
#1211=LINE('',#10249,#2181);
#1212=LINE('',#10250,#2182);
#1213=LINE('',#10253,#2183);
#1214=LINE('',#10254,#2184);
#1215=LINE('',#10256,#2185);
#1216=LINE('',#10260,#2186);
#1217=LINE('',#10261,#2187);
#1218=LINE('',#10262,#2188);
#1219=LINE('',#10265,#2189);
#1220=LINE('',#10266,#2190);
#1221=LINE('',#10269,#2191);
#1222=LINE('',#10271,#2192);
#1223=LINE('',#10273,#2193);
#1224=LINE('',#10274,#2194);
#1225=LINE('',#10276,#2195);
#1226=LINE('',#10279,#2196);
#1227=LINE('',#10280,#2197);
#1228=LINE('',#10283,#2198);
#1229=LINE('',#10285,#2199);
#1230=LINE('',#10286,#2200);
#1231=LINE('',#10289,#2201);
#1232=LINE('',#10290,#2202);
#1233=LINE('',#10293,#2203);
#1234=LINE('',#10294,#2204);
#1235=LINE('',#10296,#2205);
#1236=LINE('',#10300,#2206);
#1237=LINE('',#10301,#2207);
#1238=LINE('',#10302,#2208);
#1239=LINE('',#10305,#2209);
#1240=LINE('',#10306,#2210);
#1241=LINE('',#10309,#2211);
#1242=LINE('',#10311,#2212);
#1243=LINE('',#10313,#2213);
#1244=LINE('',#10314,#2214);
#1245=LINE('',#10316,#2215);
#1246=LINE('',#10319,#2216);
#1247=LINE('',#10320,#2217);
#1248=LINE('',#10323,#2218);
#1249=LINE('',#10325,#2219);
#1250=LINE('',#10326,#2220);
#1251=LINE('',#10329,#2221);
#1252=LINE('',#10330,#2222);
#1253=LINE('',#10333,#2223);
#1254=LINE('',#10334,#2224);
#1255=LINE('',#10336,#2225);
#1256=LINE('',#10340,#2226);
#1257=LINE('',#10341,#2227);
#1258=LINE('',#10342,#2228);
#1259=LINE('',#10345,#2229);
#1260=LINE('',#10346,#2230);
#1261=LINE('',#10349,#2231);
#1262=LINE('',#10351,#2232);
#1263=LINE('',#10353,#2233);
#1264=LINE('',#10354,#2234);
#1265=LINE('',#10356,#2235);
#1266=LINE('',#10359,#2236);
#1267=LINE('',#10360,#2237);
#1268=LINE('',#10363,#2238);
#1269=LINE('',#10365,#2239);
#1270=LINE('',#10366,#2240);
#1271=LINE('',#10369,#2241);
#1272=LINE('',#10370,#2242);
#1273=LINE('',#10373,#2243);
#1274=LINE('',#10374,#2244);
#1275=LINE('',#10376,#2245);
#1276=LINE('',#10380,#2246);
#1277=LINE('',#10381,#2247);
#1278=LINE('',#10382,#2248);
#1279=LINE('',#10385,#2249);
#1280=LINE('',#10386,#2250);
#1281=LINE('',#10389,#2251);
#1282=LINE('',#10391,#2252);
#1283=LINE('',#10393,#2253);
#1284=LINE('',#10394,#2254);
#1285=LINE('',#10396,#2255);
#1286=LINE('',#10399,#2256);
#1287=LINE('',#10400,#2257);
#1288=LINE('',#10403,#2258);
#1289=LINE('',#10405,#2259);
#1290=LINE('',#10406,#2260);
#1291=LINE('',#10409,#2261);
#1292=LINE('',#10410,#2262);
#1293=LINE('',#10413,#2263);
#1294=LINE('',#10414,#2264);
#1295=LINE('',#10416,#2265);
#1296=LINE('',#10420,#2266);
#1297=LINE('',#10421,#2267);
#1298=LINE('',#10422,#2268);
#1299=LINE('',#10425,#2269);
#1300=LINE('',#10426,#2270);
#1301=LINE('',#10429,#2271);
#1302=LINE('',#10431,#2272);
#1303=LINE('',#10433,#2273);
#1304=LINE('',#10434,#2274);
#1305=LINE('',#10436,#2275);
#1306=LINE('',#10439,#2276);
#1307=LINE('',#10440,#2277);
#1308=LINE('',#10443,#2278);
#1309=LINE('',#10445,#2279);
#1310=LINE('',#10446,#2280);
#1311=LINE('',#10449,#2281);
#1312=LINE('',#10450,#2282);
#1313=LINE('',#10453,#2283);
#1314=LINE('',#10454,#2284);
#1315=LINE('',#10456,#2285);
#1316=LINE('',#10460,#2286);
#1317=LINE('',#10461,#2287);
#1318=LINE('',#10462,#2288);
#1319=LINE('',#10465,#2289);
#1320=LINE('',#10466,#2290);
#1321=LINE('',#10469,#2291);
#1322=LINE('',#10471,#2292);
#1323=LINE('',#10473,#2293);
#1324=LINE('',#10474,#2294);
#1325=LINE('',#10476,#2295);
#1326=LINE('',#10479,#2296);
#1327=LINE('',#10480,#2297);
#1328=LINE('',#10483,#2298);
#1329=LINE('',#10485,#2299);
#1330=LINE('',#10486,#2300);
#1331=LINE('',#10489,#2301);
#1332=LINE('',#10490,#2302);
#1333=LINE('',#10493,#2303);
#1334=LINE('',#10494,#2304);
#1335=LINE('',#10496,#2305);
#1336=LINE('',#10500,#2306);
#1337=LINE('',#10501,#2307);
#1338=LINE('',#10502,#2308);
#1339=LINE('',#10505,#2309);
#1340=LINE('',#10506,#2310);
#1341=LINE('',#10509,#2311);
#1342=LINE('',#10511,#2312);
#1343=LINE('',#10513,#2313);
#1344=LINE('',#10514,#2314);
#1345=LINE('',#10516,#2315);
#1346=LINE('',#10519,#2316);
#1347=LINE('',#10520,#2317);
#1348=LINE('',#10523,#2318);
#1349=LINE('',#10525,#2319);
#1350=LINE('',#10526,#2320);
#1351=LINE('',#10529,#2321);
#1352=LINE('',#10530,#2322);
#1353=LINE('',#10533,#2323);
#1354=LINE('',#10534,#2324);
#1355=LINE('',#10536,#2325);
#1356=LINE('',#10540,#2326);
#1357=LINE('',#10541,#2327);
#1358=LINE('',#10542,#2328);
#1359=LINE('',#10545,#2329);
#1360=LINE('',#10546,#2330);
#1361=LINE('',#10549,#2331);
#1362=LINE('',#10551,#2332);
#1363=LINE('',#10553,#2333);
#1364=LINE('',#10554,#2334);
#1365=LINE('',#10556,#2335);
#1366=LINE('',#10559,#2336);
#1367=LINE('',#10560,#2337);
#1368=LINE('',#10563,#2338);
#1369=LINE('',#10565,#2339);
#1370=LINE('',#10566,#2340);
#1371=LINE('',#10569,#2341);
#1372=LINE('',#10570,#2342);
#1373=LINE('',#10573,#2343);
#1374=LINE('',#10574,#2344);
#1375=LINE('',#10576,#2345);
#1376=LINE('',#10580,#2346);
#1377=LINE('',#10581,#2347);
#1378=LINE('',#10582,#2348);
#1379=LINE('',#10585,#2349);
#1380=LINE('',#10586,#2350);
#1381=LINE('',#10589,#2351);
#1382=LINE('',#10591,#2352);
#1383=LINE('',#10593,#2353);
#1384=LINE('',#10594,#2354);
#1385=LINE('',#10596,#2355);
#1386=LINE('',#10599,#2356);
#1387=LINE('',#10600,#2357);
#1388=LINE('',#10603,#2358);
#1389=LINE('',#10605,#2359);
#1390=LINE('',#10606,#2360);
#1391=LINE('',#10609,#2361);
#1392=LINE('',#10610,#2362);
#1393=LINE('',#10613,#2363);
#1394=LINE('',#10614,#2364);
#1395=LINE('',#10616,#2365);
#1396=LINE('',#10620,#2366);
#1397=LINE('',#10621,#2367);
#1398=LINE('',#10622,#2368);
#1399=LINE('',#10625,#2369);
#1400=LINE('',#10626,#2370);
#1401=LINE('',#10629,#2371);
#1402=LINE('',#10631,#2372);
#1403=LINE('',#10633,#2373);
#1404=LINE('',#10634,#2374);
#1405=LINE('',#10636,#2375);
#1406=LINE('',#10639,#2376);
#1407=LINE('',#10640,#2377);
#1408=LINE('',#10643,#2378);
#1409=LINE('',#10645,#2379);
#1410=LINE('',#10646,#2380);
#1411=LINE('',#10649,#2381);
#1412=LINE('',#10650,#2382);
#1413=LINE('',#10653,#2383);
#1414=LINE('',#10654,#2384);
#1415=LINE('',#10656,#2385);
#1416=LINE('',#10660,#2386);
#1417=LINE('',#10661,#2387);
#1418=LINE('',#10662,#2388);
#1419=LINE('',#10665,#2389);
#1420=LINE('',#10666,#2390);
#1421=LINE('',#10669,#2391);
#1422=LINE('',#10671,#2392);
#1423=LINE('',#10673,#2393);
#1424=LINE('',#10674,#2394);
#1425=LINE('',#10676,#2395);
#1426=LINE('',#10679,#2396);
#1427=LINE('',#10680,#2397);
#1428=LINE('',#10683,#2398);
#1429=LINE('',#10685,#2399);
#1430=LINE('',#10686,#2400);
#1431=LINE('',#10689,#2401);
#1432=LINE('',#10690,#2402);
#1433=LINE('',#10693,#2403);
#1434=LINE('',#10694,#2404);
#1435=LINE('',#10696,#2405);
#1436=LINE('',#10698,#2406);
#1437=LINE('',#10701,#2407);
#1438=LINE('',#10702,#2408);
#1439=LINE('',#10705,#2409);
#1440=LINE('',#10707,#2410);
#1441=LINE('',#10708,#2411);
#1442=LINE('',#10709,#2412);
#1443=LINE('',#10712,#2413);
#1444=LINE('',#10714,#2414);
#1445=LINE('',#10715,#2415);
#1446=LINE('',#10718,#2416);
#1447=LINE('',#10719,#2417);
#1448=LINE('',#10722,#2418);
#1449=LINE('',#10723,#2419);
#1450=LINE('',#10725,#2420);
#1451=LINE('',#10727,#2421);
#1452=LINE('',#10728,#2422);
#1453=LINE('',#10732,#2423);
#1454=LINE('',#10733,#2424);
#1455=LINE('',#10736,#2425);
#1456=LINE('',#10737,#2426);
#1457=LINE('',#10739,#2427);
#1458=LINE('',#10741,#2428);
#1459=LINE('',#10742,#2429);
#1460=LINE('',#10744,#2430);
#1461=LINE('',#10751,#2431);
#1462=LINE('',#10753,#2432);
#1463=LINE('',#10755,#2433);
#1464=LINE('',#10756,#2434);
#1465=LINE('',#10759,#2435);
#1466=LINE('',#10761,#2436);
#1467=LINE('',#10762,#2437);
#1468=LINE('',#10765,#2438);
#1469=LINE('',#10767,#2439);
#1470=LINE('',#10768,#2440);
#1471=LINE('',#10770,#2441);
#1472=LINE('',#10771,#2442);
#1473=LINE('',#10774,#2443);
#1474=LINE('',#10778,#2444);
#1475=LINE('',#10780,#2445);
#1476=LINE('',#10782,#2446);
#1477=LINE('',#10785,#2447);
#1478=LINE('',#10788,#2448);
#1479=LINE('',#10789,#2449);
#1480=LINE('',#10794,#2450);
#1481=LINE('',#10796,#2451);
#1482=LINE('',#10798,#2452);
#1483=LINE('',#10799,#2453);
#1484=LINE('',#10801,#2454);
#1485=LINE('',#10803,#2455);
#1486=LINE('',#10804,#2456);
#1487=LINE('',#10807,#2457);
#1488=LINE('',#10808,#2458);
#1489=LINE('',#10809,#2459);
#1490=LINE('',#10811,#2460);
#1491=LINE('',#10814,#2461);
#1492=LINE('',#10815,#2462);
#1493=LINE('',#10818,#2463);
#1494=LINE('',#10821,#2464);
#1495=LINE('',#10825,#2465);
#1496=LINE('',#10828,#2466);
#1497=LINE('',#10833,#2467);
#1498=LINE('',#10835,#2468);
#1499=LINE('',#10837,#2469);
#1500=LINE('',#10838,#2470);
#1501=LINE('',#10841,#2471);
#1502=LINE('',#10843,#2472);
#1503=LINE('',#10844,#2473);
#1504=LINE('',#10847,#2474);
#1505=LINE('',#10849,#2475);
#1506=LINE('',#10850,#2476);
#1507=LINE('',#10852,#2477);
#1508=LINE('',#10853,#2478);
#1509=LINE('',#10856,#2479);
#1510=LINE('',#10860,#2480);
#1511=LINE('',#10862,#2481);
#1512=LINE('',#10864,#2482);
#1513=LINE('',#10867,#2483);
#1514=LINE('',#10870,#2484);
#1515=LINE('',#10871,#2485);
#1516=LINE('',#10876,#2486);
#1517=LINE('',#10878,#2487);
#1518=LINE('',#10880,#2488);
#1519=LINE('',#10881,#2489);
#1520=LINE('',#10883,#2490);
#1521=LINE('',#10885,#2491);
#1522=LINE('',#10886,#2492);
#1523=LINE('',#10889,#2493);
#1524=LINE('',#10890,#2494);
#1525=LINE('',#10891,#2495);
#1526=LINE('',#10893,#2496);
#1527=LINE('',#10896,#2497);
#1528=LINE('',#10897,#2498);
#1529=LINE('',#10900,#2499);
#1530=LINE('',#10903,#2500);
#1531=LINE('',#10907,#2501);
#1532=LINE('',#10910,#2502);
#1533=LINE('',#10915,#2503);
#1534=LINE('',#10917,#2504);
#1535=LINE('',#10919,#2505);
#1536=LINE('',#10920,#2506);
#1537=LINE('',#10923,#2507);
#1538=LINE('',#10925,#2508);
#1539=LINE('',#10926,#2509);
#1540=LINE('',#10929,#2510);
#1541=LINE('',#10931,#2511);
#1542=LINE('',#10932,#2512);
#1543=LINE('',#10934,#2513);
#1544=LINE('',#10935,#2514);
#1545=LINE('',#10938,#2515);
#1546=LINE('',#10942,#2516);
#1547=LINE('',#10944,#2517);
#1548=LINE('',#10946,#2518);
#1549=LINE('',#10949,#2519);
#1550=LINE('',#10952,#2520);
#1551=LINE('',#10953,#2521);
#1552=LINE('',#10958,#2522);
#1553=LINE('',#10960,#2523);
#1554=LINE('',#10962,#2524);
#1555=LINE('',#10963,#2525);
#1556=LINE('',#10965,#2526);
#1557=LINE('',#10967,#2527);
#1558=LINE('',#10968,#2528);
#1559=LINE('',#10971,#2529);
#1560=LINE('',#10972,#2530);
#1561=LINE('',#10973,#2531);
#1562=LINE('',#10975,#2532);
#1563=LINE('',#10978,#2533);
#1564=LINE('',#10979,#2534);
#1565=LINE('',#10982,#2535);
#1566=LINE('',#10985,#2536);
#1567=LINE('',#10989,#2537);
#1568=LINE('',#10992,#2538);
#1569=LINE('',#10997,#2539);
#1570=LINE('',#10999,#2540);
#1571=LINE('',#11001,#2541);
#1572=LINE('',#11002,#2542);
#1573=LINE('',#11005,#2543);
#1574=LINE('',#11007,#2544);
#1575=LINE('',#11008,#2545);
#1576=LINE('',#11011,#2546);
#1577=LINE('',#11013,#2547);
#1578=LINE('',#11014,#2548);
#1579=LINE('',#11016,#2549);
#1580=LINE('',#11017,#2550);
#1581=LINE('',#11020,#2551);
#1582=LINE('',#11024,#2552);
#1583=LINE('',#11026,#2553);
#1584=LINE('',#11028,#2554);
#1585=LINE('',#11031,#2555);
#1586=LINE('',#11034,#2556);
#1587=LINE('',#11035,#2557);
#1588=LINE('',#11040,#2558);
#1589=LINE('',#11042,#2559);
#1590=LINE('',#11044,#2560);
#1591=LINE('',#11045,#2561);
#1592=LINE('',#11047,#2562);
#1593=LINE('',#11049,#2563);
#1594=LINE('',#11050,#2564);
#1595=LINE('',#11053,#2565);
#1596=LINE('',#11054,#2566);
#1597=LINE('',#11055,#2567);
#1598=LINE('',#11057,#2568);
#1599=LINE('',#11060,#2569);
#1600=LINE('',#11061,#2570);
#1601=LINE('',#11064,#2571);
#1602=LINE('',#11067,#2572);
#1603=LINE('',#11071,#2573);
#1604=LINE('',#11074,#2574);
#1605=LINE('',#11079,#2575);
#1606=LINE('',#11081,#2576);
#1607=LINE('',#11083,#2577);
#1608=LINE('',#11084,#2578);
#1609=LINE('',#11087,#2579);
#1610=LINE('',#11089,#2580);
#1611=LINE('',#11090,#2581);
#1612=LINE('',#11093,#2582);
#1613=LINE('',#11095,#2583);
#1614=LINE('',#11096,#2584);
#1615=LINE('',#11098,#2585);
#1616=LINE('',#11099,#2586);
#1617=LINE('',#11102,#2587);
#1618=LINE('',#11106,#2588);
#1619=LINE('',#11108,#2589);
#1620=LINE('',#11110,#2590);
#1621=LINE('',#11113,#2591);
#1622=LINE('',#11116,#2592);
#1623=LINE('',#11117,#2593);
#1624=LINE('',#11122,#2594);
#1625=LINE('',#11124,#2595);
#1626=LINE('',#11126,#2596);
#1627=LINE('',#11127,#2597);
#1628=LINE('',#11129,#2598);
#1629=LINE('',#11131,#2599);
#1630=LINE('',#11132,#2600);
#1631=LINE('',#11135,#2601);
#1632=LINE('',#11136,#2602);
#1633=LINE('',#11137,#2603);
#1634=LINE('',#11139,#2604);
#1635=LINE('',#11142,#2605);
#1636=LINE('',#11143,#2606);
#1637=LINE('',#11146,#2607);
#1638=LINE('',#11149,#2608);
#1639=LINE('',#11153,#2609);
#1640=LINE('',#11156,#2610);
#1641=LINE('',#11161,#2611);
#1642=LINE('',#11163,#2612);
#1643=LINE('',#11165,#2613);
#1644=LINE('',#11166,#2614);
#1645=LINE('',#11169,#2615);
#1646=LINE('',#11171,#2616);
#1647=LINE('',#11172,#2617);
#1648=LINE('',#11175,#2618);
#1649=LINE('',#11177,#2619);
#1650=LINE('',#11178,#2620);
#1651=LINE('',#11180,#2621);
#1652=LINE('',#11181,#2622);
#1653=LINE('',#11184,#2623);
#1654=LINE('',#11188,#2624);
#1655=LINE('',#11190,#2625);
#1656=LINE('',#11192,#2626);
#1657=LINE('',#11195,#2627);
#1658=LINE('',#11198,#2628);
#1659=LINE('',#11199,#2629);
#1660=LINE('',#11204,#2630);
#1661=LINE('',#11206,#2631);
#1662=LINE('',#11208,#2632);
#1663=LINE('',#11209,#2633);
#1664=LINE('',#11211,#2634);
#1665=LINE('',#11213,#2635);
#1666=LINE('',#11214,#2636);
#1667=LINE('',#11217,#2637);
#1668=LINE('',#11218,#2638);
#1669=LINE('',#11219,#2639);
#1670=LINE('',#11221,#2640);
#1671=LINE('',#11224,#2641);
#1672=LINE('',#11225,#2642);
#1673=LINE('',#11228,#2643);
#1674=LINE('',#11231,#2644);
#1675=LINE('',#11235,#2645);
#1676=LINE('',#11238,#2646);
#1677=LINE('',#11243,#2647);
#1678=LINE('',#11245,#2648);
#1679=LINE('',#11247,#2649);
#1680=LINE('',#11248,#2650);
#1681=LINE('',#11251,#2651);
#1682=LINE('',#11253,#2652);
#1683=LINE('',#11254,#2653);
#1684=LINE('',#11257,#2654);
#1685=LINE('',#11259,#2655);
#1686=LINE('',#11260,#2656);
#1687=LINE('',#11262,#2657);
#1688=LINE('',#11263,#2658);
#1689=LINE('',#11266,#2659);
#1690=LINE('',#11270,#2660);
#1691=LINE('',#11272,#2661);
#1692=LINE('',#11274,#2662);
#1693=LINE('',#11277,#2663);
#1694=LINE('',#11280,#2664);
#1695=LINE('',#11281,#2665);
#1696=LINE('',#11286,#2666);
#1697=LINE('',#11288,#2667);
#1698=LINE('',#11290,#2668);
#1699=LINE('',#11291,#2669);
#1700=LINE('',#11293,#2670);
#1701=LINE('',#11295,#2671);
#1702=LINE('',#11296,#2672);
#1703=LINE('',#11299,#2673);
#1704=LINE('',#11300,#2674);
#1705=LINE('',#11301,#2675);
#1706=LINE('',#11303,#2676);
#1707=LINE('',#11306,#2677);
#1708=LINE('',#11307,#2678);
#1709=LINE('',#11310,#2679);
#1710=LINE('',#11313,#2680);
#1711=LINE('',#11317,#2681);
#1712=LINE('',#11320,#2682);
#1713=LINE('',#11325,#2683);
#1714=LINE('',#11327,#2684);
#1715=LINE('',#11329,#2685);
#1716=LINE('',#11330,#2686);
#1717=LINE('',#11333,#2687);
#1718=LINE('',#11335,#2688);
#1719=LINE('',#11336,#2689);
#1720=LINE('',#11339,#2690);
#1721=LINE('',#11341,#2691);
#1722=LINE('',#11342,#2692);
#1723=LINE('',#11344,#2693);
#1724=LINE('',#11345,#2694);
#1725=LINE('',#11348,#2695);
#1726=LINE('',#11352,#2696);
#1727=LINE('',#11354,#2697);
#1728=LINE('',#11356,#2698);
#1729=LINE('',#11359,#2699);
#1730=LINE('',#11362,#2700);
#1731=LINE('',#11363,#2701);
#1732=LINE('',#11368,#2702);
#1733=LINE('',#11370,#2703);
#1734=LINE('',#11372,#2704);
#1735=LINE('',#11373,#2705);
#1736=LINE('',#11375,#2706);
#1737=LINE('',#11377,#2707);
#1738=LINE('',#11378,#2708);
#1739=LINE('',#11381,#2709);
#1740=LINE('',#11382,#2710);
#1741=LINE('',#11383,#2711);
#1742=LINE('',#11385,#2712);
#1743=LINE('',#11388,#2713);
#1744=LINE('',#11389,#2714);
#1745=LINE('',#11392,#2715);
#1746=LINE('',#11395,#2716);
#1747=LINE('',#11399,#2717);
#1748=LINE('',#11402,#2718);
#1749=LINE('',#11407,#2719);
#1750=LINE('',#11409,#2720);
#1751=LINE('',#11411,#2721);
#1752=LINE('',#11412,#2722);
#1753=LINE('',#11415,#2723);
#1754=LINE('',#11417,#2724);
#1755=LINE('',#11418,#2725);
#1756=LINE('',#11421,#2726);
#1757=LINE('',#11423,#2727);
#1758=LINE('',#11424,#2728);
#1759=LINE('',#11426,#2729);
#1760=LINE('',#11427,#2730);
#1761=LINE('',#11430,#2731);
#1762=LINE('',#11434,#2732);
#1763=LINE('',#11436,#2733);
#1764=LINE('',#11438,#2734);
#1765=LINE('',#11441,#2735);
#1766=LINE('',#11444,#2736);
#1767=LINE('',#11445,#2737);
#1768=LINE('',#11450,#2738);
#1769=LINE('',#11452,#2739);
#1770=LINE('',#11454,#2740);
#1771=LINE('',#11455,#2741);
#1772=LINE('',#11457,#2742);
#1773=LINE('',#11459,#2743);
#1774=LINE('',#11460,#2744);
#1775=LINE('',#11463,#2745);
#1776=LINE('',#11464,#2746);
#1777=LINE('',#11465,#2747);
#1778=LINE('',#11467,#2748);
#1779=LINE('',#11470,#2749);
#1780=LINE('',#11471,#2750);
#1781=LINE('',#11474,#2751);
#1782=LINE('',#11477,#2752);
#1783=LINE('',#11481,#2753);
#1784=LINE('',#11484,#2754);
#1785=LINE('',#11489,#2755);
#1786=LINE('',#11491,#2756);
#1787=LINE('',#11493,#2757);
#1788=LINE('',#11494,#2758);
#1789=LINE('',#11497,#2759);
#1790=LINE('',#11499,#2760);
#1791=LINE('',#11500,#2761);
#1792=LINE('',#11503,#2762);
#1793=LINE('',#11505,#2763);
#1794=LINE('',#11506,#2764);
#1795=LINE('',#11508,#2765);
#1796=LINE('',#11509,#2766);
#1797=LINE('',#11512,#2767);
#1798=LINE('',#11516,#2768);
#1799=LINE('',#11518,#2769);
#1800=LINE('',#11520,#2770);
#1801=LINE('',#11523,#2771);
#1802=LINE('',#11526,#2772);
#1803=LINE('',#11527,#2773);
#1804=LINE('',#11532,#2774);
#1805=LINE('',#11534,#2775);
#1806=LINE('',#11536,#2776);
#1807=LINE('',#11537,#2777);
#1808=LINE('',#11539,#2778);
#1809=LINE('',#11541,#2779);
#1810=LINE('',#11542,#2780);
#1811=LINE('',#11545,#2781);
#1812=LINE('',#11546,#2782);
#1813=LINE('',#11547,#2783);
#1814=LINE('',#11549,#2784);
#1815=LINE('',#11552,#2785);
#1816=LINE('',#11553,#2786);
#1817=LINE('',#11556,#2787);
#1818=LINE('',#11559,#2788);
#1819=LINE('',#11563,#2789);
#1820=LINE('',#11566,#2790);
#1821=LINE('',#11571,#2791);
#1822=LINE('',#11573,#2792);
#1823=LINE('',#11575,#2793);
#1824=LINE('',#11576,#2794);
#1825=LINE('',#11579,#2795);
#1826=LINE('',#11581,#2796);
#1827=LINE('',#11582,#2797);
#1828=LINE('',#11585,#2798);
#1829=LINE('',#11587,#2799);
#1830=LINE('',#11588,#2800);
#1831=LINE('',#11590,#2801);
#1832=LINE('',#11591,#2802);
#1833=LINE('',#11594,#2803);
#1834=LINE('',#11598,#2804);
#1835=LINE('',#11600,#2805);
#1836=LINE('',#11602,#2806);
#1837=LINE('',#11605,#2807);
#1838=LINE('',#11608,#2808);
#1839=LINE('',#11609,#2809);
#1840=LINE('',#11614,#2810);
#1841=LINE('',#11616,#2811);
#1842=LINE('',#11618,#2812);
#1843=LINE('',#11619,#2813);
#1844=LINE('',#11621,#2814);
#1845=LINE('',#11623,#2815);
#1846=LINE('',#11624,#2816);
#1847=LINE('',#11627,#2817);
#1848=LINE('',#11628,#2818);
#1849=LINE('',#11629,#2819);
#1850=LINE('',#11631,#2820);
#1851=LINE('',#11634,#2821);
#1852=LINE('',#11635,#2822);
#1853=LINE('',#11638,#2823);
#1854=LINE('',#11641,#2824);
#1855=LINE('',#11645,#2825);
#1856=LINE('',#11648,#2826);
#1857=LINE('',#11653,#2827);
#1858=LINE('',#11655,#2828);
#1859=LINE('',#11657,#2829);
#1860=LINE('',#11658,#2830);
#1861=LINE('',#11661,#2831);
#1862=LINE('',#11663,#2832);
#1863=LINE('',#11664,#2833);
#1864=LINE('',#11667,#2834);
#1865=LINE('',#11669,#2835);
#1866=LINE('',#11670,#2836);
#1867=LINE('',#11672,#2837);
#1868=LINE('',#11673,#2838);
#1869=LINE('',#11676,#2839);
#1870=LINE('',#11680,#2840);
#1871=LINE('',#11682,#2841);
#1872=LINE('',#11684,#2842);
#1873=LINE('',#11687,#2843);
#1874=LINE('',#11690,#2844);
#1875=LINE('',#11691,#2845);
#1876=LINE('',#11696,#2846);
#1877=LINE('',#11698,#2847);
#1878=LINE('',#11700,#2848);
#1879=LINE('',#11701,#2849);
#1880=LINE('',#11703,#2850);
#1881=LINE('',#11705,#2851);
#1882=LINE('',#11706,#2852);
#1883=LINE('',#11709,#2853);
#1884=LINE('',#11710,#2854);
#1885=LINE('',#11711,#2855);
#1886=LINE('',#11713,#2856);
#1887=LINE('',#11716,#2857);
#1888=LINE('',#11717,#2858);
#1889=LINE('',#11720,#2859);
#1890=LINE('',#11723,#2860);
#1891=LINE('',#11727,#2861);
#1892=LINE('',#11730,#2862);
#1893=LINE('',#11735,#2863);
#1894=LINE('',#11737,#2864);
#1895=LINE('',#11739,#2865);
#1896=LINE('',#11740,#2866);
#1897=LINE('',#11743,#2867);
#1898=LINE('',#11745,#2868);
#1899=LINE('',#11746,#2869);
#1900=LINE('',#11749,#2870);
#1901=LINE('',#11751,#2871);
#1902=LINE('',#11752,#2872);
#1903=LINE('',#11754,#2873);
#1904=LINE('',#11755,#2874);
#1905=LINE('',#11758,#2875);
#1906=LINE('',#11762,#2876);
#1907=LINE('',#11764,#2877);
#1908=LINE('',#11766,#2878);
#1909=LINE('',#11769,#2879);
#1910=LINE('',#11772,#2880);
#1911=LINE('',#11773,#2881);
#1912=LINE('',#11778,#2882);
#1913=LINE('',#11780,#2883);
#1914=LINE('',#11782,#2884);
#1915=LINE('',#11783,#2885);
#1916=LINE('',#11785,#2886);
#1917=LINE('',#11787,#2887);
#1918=LINE('',#11788,#2888);
#1919=LINE('',#11791,#2889);
#1920=LINE('',#11792,#2890);
#1921=LINE('',#11793,#2891);
#1922=LINE('',#11795,#2892);
#1923=LINE('',#11798,#2893);
#1924=LINE('',#11799,#2894);
#1925=LINE('',#11802,#2895);
#1926=LINE('',#11805,#2896);
#1927=LINE('',#11809,#2897);
#1928=LINE('',#11812,#2898);
#1929=LINE('',#11817,#2899);
#1930=LINE('',#11819,#2900);
#1931=LINE('',#11821,#2901);
#1932=LINE('',#11822,#2902);
#1933=LINE('',#11825,#2903);
#1934=LINE('',#11827,#2904);
#1935=LINE('',#11828,#2905);
#1936=LINE('',#11831,#2906);
#1937=LINE('',#11833,#2907);
#1938=LINE('',#11834,#2908);
#1939=LINE('',#11836,#2909);
#1940=LINE('',#11837,#2910);
#1941=LINE('',#11840,#2911);
#1942=LINE('',#11844,#2912);
#1943=LINE('',#11846,#2913);
#1944=LINE('',#11848,#2914);
#1945=LINE('',#11851,#2915);
#1946=LINE('',#11854,#2916);
#1947=LINE('',#11855,#2917);
#1948=LINE('',#11860,#2918);
#1949=LINE('',#11862,#2919);
#1950=LINE('',#11864,#2920);
#1951=LINE('',#11865,#2921);
#1952=LINE('',#11867,#2922);
#1953=LINE('',#11869,#2923);
#1954=LINE('',#11870,#2924);
#1955=LINE('',#11873,#2925);
#1956=LINE('',#11874,#2926);
#1957=LINE('',#11875,#2927);
#1958=LINE('',#11877,#2928);
#1959=LINE('',#11880,#2929);
#1960=LINE('',#11881,#2930);
#1961=LINE('',#11884,#2931);
#1962=LINE('',#11887,#2932);
#1963=LINE('',#11891,#2933);
#1964=LINE('',#11894,#2934);
#1965=VECTOR('',#7925,10.);
#1966=VECTOR('',#7926,10.);
#1967=VECTOR('',#7927,10.);
#1968=VECTOR('',#7928,10.);
#1969=VECTOR('',#7931,10.);
#1970=VECTOR('',#7932,10.);
#1971=VECTOR('',#7933,10.);
#1972=VECTOR('',#7936,10.);
#1973=VECTOR('',#7937,10.);
#1974=VECTOR('',#7938,10.);
#1975=VECTOR('',#7941,10.);
#1976=VECTOR('',#7942,10.);
#1977=VECTOR('',#7943,10.);
#1978=VECTOR('',#7944,10.);
#1979=VECTOR('',#7947,10.);
#1980=VECTOR('',#7948,10.);
#1981=VECTOR('',#7949,10.);
#1982=VECTOR('',#7952,10.);
#1983=VECTOR('',#7953,10.);
#1984=VECTOR('',#7954,10.);
#1985=VECTOR('',#7957,10.);
#1986=VECTOR('',#7958,10.);
#1987=VECTOR('',#7959,10.);
#1988=VECTOR('',#7960,10.);
#1989=VECTOR('',#7961,10.);
#1990=VECTOR('',#7962,10.);
#1991=VECTOR('',#7963,10.);
#1992=VECTOR('',#7966,10.);
#1993=VECTOR('',#7967,10.);
#1994=VECTOR('',#7968,10.);
#1995=VECTOR('',#7969,10.);
#1996=VECTOR('',#7972,10.);
#1997=VECTOR('',#7973,10.);
#1998=VECTOR('',#7974,10.);
#1999=VECTOR('',#7975,10.);
#2000=VECTOR('',#7976,10.);
#2001=VECTOR('',#7979,10.);
#2002=VECTOR('',#7980,10.);
#2003=VECTOR('',#7981,10.);
#2004=VECTOR('',#7982,10.);
#2005=VECTOR('',#7983,10.);
#2006=VECTOR('',#7984,10.);
#2007=VECTOR('',#7987,10.);
#2008=VECTOR('',#7988,10.);
#2009=VECTOR('',#7989,10.);
#2010=VECTOR('',#7992,10.);
#2011=VECTOR('',#7993,10.);
#2012=VECTOR('',#7994,10.);
#2013=VECTOR('',#7995,10.);
#2014=VECTOR('',#7996,10.);
#2015=VECTOR('',#7997,10.);
#2016=VECTOR('',#8000,10.);
#2017=VECTOR('',#8001,10.);
#2018=VECTOR('',#8002,10.);
#2019=VECTOR('',#8005,10.);
#2020=VECTOR('',#8006,10.);
#2021=VECTOR('',#8007,10.);
#2022=VECTOR('',#8008,10.);
#2023=VECTOR('',#8009,10.);
#2024=VECTOR('',#8012,10.);
#2025=VECTOR('',#8013,10.);
#2026=VECTOR('',#8014,10.);
#2027=VECTOR('',#8015,10.);
#2028=VECTOR('',#8016,10.);
#2029=VECTOR('',#8019,10.);
#2030=VECTOR('',#8020,10.);
#2031=VECTOR('',#8021,10.);
#2032=VECTOR('',#8022,10.);
#2033=VECTOR('',#8023,10.);
#2034=VECTOR('',#8024,10.);
#2035=VECTOR('',#8025,10.);
#2036=VECTOR('',#8026,10.);
#2037=VECTOR('',#8029,10.);
#2038=VECTOR('',#8030,10.);
#2039=VECTOR('',#8031,10.);
#2040=VECTOR('',#8032,10.);
#2041=VECTOR('',#8033,10.);
#2042=VECTOR('',#8034,10.);
#2043=VECTOR('',#8035,10.);
#2044=VECTOR('',#8036,10.);
#2045=VECTOR('',#8037,10.);
#2046=VECTOR('',#8038,10.);
#2047=VECTOR('',#8039,10.);
#2048=VECTOR('',#8040,10.);
#2049=VECTOR('',#8041,10.);
#2050=VECTOR('',#8042,10.);
#2051=VECTOR('',#8043,10.);
#2052=VECTOR('',#8044,10.);
#2053=VECTOR('',#8045,10.);
#2054=VECTOR('',#8046,10.);
#2055=VECTOR('',#8047,10.);
#2056=VECTOR('',#8048,10.);
#2057=VECTOR('',#8049,10.);
#2058=VECTOR('',#8050,10.);
#2059=VECTOR('',#8051,10.);
#2060=VECTOR('',#8052,10.);
#2061=VECTOR('',#8053,10.);
#2062=VECTOR('',#8054,10.);
#2063=VECTOR('',#8055,10.);
#2064=VECTOR('',#8056,10.);
#2065=VECTOR('',#8057,10.);
#2066=VECTOR('',#8058,10.);
#2067=VECTOR('',#8059,10.);
#2068=VECTOR('',#8060,10.);
#2069=VECTOR('',#8061,10.);
#2070=VECTOR('',#8062,10.);
#2071=VECTOR('',#8063,10.);
#2072=VECTOR('',#8064,10.);
#2073=VECTOR('',#8065,10.);
#2074=VECTOR('',#8066,10.);
#2075=VECTOR('',#8067,10.);
#2076=VECTOR('',#8068,10.);
#2077=VECTOR('',#8069,10.);
#2078=VECTOR('',#8070,10.);
#2079=VECTOR('',#8071,10.);
#2080=VECTOR('',#8072,10.);
#2081=VECTOR('',#8073,10.);
#2082=VECTOR('',#8074,10.);
#2083=VECTOR('',#8075,10.);
#2084=VECTOR('',#8076,10.);
#2085=VECTOR('',#8077,10.);
#2086=VECTOR('',#8078,10.);
#2087=VECTOR('',#8079,10.);
#2088=VECTOR('',#8080,10.);
#2089=VECTOR('',#8081,10.);
#2090=VECTOR('',#8082,10.);
#2091=VECTOR('',#8083,10.);
#2092=VECTOR('',#8084,10.);
#2093=VECTOR('',#8085,10.);
#2094=VECTOR('',#8086,10.);
#2095=VECTOR('',#8087,10.);
#2096=VECTOR('',#8088,10.);
#2097=VECTOR('',#8091,10.);
#2098=VECTOR('',#8092,10.);
#2099=VECTOR('',#8093,10.);
#2100=VECTOR('',#8094,10.);
#2101=VECTOR('',#8097,10.);
#2102=VECTOR('',#8098,10.);
#2103=VECTOR('',#8099,10.);
#2104=VECTOR('',#8102,10.);
#2105=VECTOR('',#8103,10.);
#2106=VECTOR('',#8104,10.);
#2107=VECTOR('',#8105,10.);
#2108=VECTOR('',#8108,10.);
#2109=VECTOR('',#8109,10.);
#2110=VECTOR('',#8112,10.);
#2111=VECTOR('',#8113,10.);
#2112=VECTOR('',#8116,10.);
#2113=VECTOR('',#8117,10.);
#2114=VECTOR('',#8120,10.);
#2115=VECTOR('',#8123,10.);
#2116=VECTOR('',#8124,10.);
#2117=VECTOR('',#8125,10.);
#2118=VECTOR('',#8126,10.);
#2119=VECTOR('',#8127,10.);
#2120=VECTOR('',#8130,10.);
#2121=VECTOR('',#8131,10.);
#2122=VECTOR('',#8132,10.);
#2123=VECTOR('',#8135,10.);
#2124=VECTOR('',#8136,10.);
#2125=VECTOR('',#8139,10.);
#2126=VECTOR('',#8140,10.);
#2127=VECTOR('',#8141,10.);
#2128=VECTOR('',#8142,10.);
#2129=VECTOR('',#8145,10.);
#2130=VECTOR('',#8146,10.);
#2131=VECTOR('',#8147,10.);
#2132=VECTOR('',#8148,10.);
#2133=VECTOR('',#8149,10.);
#2134=VECTOR('',#8150,10.);
#2135=VECTOR('',#8151,10.);
#2136=VECTOR('',#8154,10.);
#2137=VECTOR('',#8157,10.);
#2138=VECTOR('',#8158,10.);
#2139=VECTOR('',#8159,10.);
#2140=VECTOR('',#8160,10.);
#2141=VECTOR('',#8163,10.);
#2142=VECTOR('',#8164,10.);
#2143=VECTOR('',#8165,10.);
#2144=VECTOR('',#8166,10.);
#2145=VECTOR('',#8169,10.);
#2146=VECTOR('',#8170,10.);
#2147=VECTOR('',#8171,10.);
#2148=VECTOR('',#8174,10.);
#2149=VECTOR('',#8175,10.);
#2150=VECTOR('',#8178,10.);
#2151=VECTOR('',#8179,10.);
#2152=VECTOR('',#8180,10.);
#2153=VECTOR('',#8183,10.);
#2154=VECTOR('',#8184,10.);
#2155=VECTOR('',#8187,10.);
#2156=VECTOR('',#8190,10.);
#2157=VECTOR('',#8191,10.);
#2158=VECTOR('',#8194,10.);
#2159=VECTOR('',#8195,10.);
#2160=VECTOR('',#8196,10.);
#2161=VECTOR('',#8199,10.);
#2162=VECTOR('',#8200,10.);
#2163=VECTOR('',#8203,10.);
#2164=VECTOR('',#8204,10.);
#2165=VECTOR('',#8207,10.);
#2166=VECTOR('',#8210,10.);
#2167=VECTOR('',#8211,10.);
#2168=VECTOR('',#8212,10.);
#2169=VECTOR('',#8215,10.);
#2170=VECTOR('',#8216,10.);
#2171=VECTOR('',#8217,10.);
#2172=VECTOR('',#8218,10.);
#2173=VECTOR('',#8219,10.);
#2174=VECTOR('',#8220,10.);
#2175=VECTOR('',#8223,10.);
#2176=VECTOR('',#8226,10.);
#2177=VECTOR('',#8227,10.);
#2178=VECTOR('',#8230,10.);
#2179=VECTOR('',#8231,10.);
#2180=VECTOR('',#8232,10.);
#2181=VECTOR('',#8235,10.);
#2182=VECTOR('',#8236,10.);
#2183=VECTOR('',#8239,10.);
#2184=VECTOR('',#8240,10.);
#2185=VECTOR('',#8243,10.);
#2186=VECTOR('',#8246,10.);
#2187=VECTOR('',#8247,10.);
#2188=VECTOR('',#8248,10.);
#2189=VECTOR('',#8251,10.);
#2190=VECTOR('',#8252,10.);
#2191=VECTOR('',#8253,10.);
#2192=VECTOR('',#8254,10.);
#2193=VECTOR('',#8255,10.);
#2194=VECTOR('',#8256,10.);
#2195=VECTOR('',#8259,10.);
#2196=VECTOR('',#8262,10.);
#2197=VECTOR('',#8263,10.);
#2198=VECTOR('',#8266,10.);
#2199=VECTOR('',#8267,10.);
#2200=VECTOR('',#8268,10.);
#2201=VECTOR('',#8271,10.);
#2202=VECTOR('',#8272,10.);
#2203=VECTOR('',#8275,10.);
#2204=VECTOR('',#8276,10.);
#2205=VECTOR('',#8279,10.);
#2206=VECTOR('',#8282,10.);
#2207=VECTOR('',#8283,10.);
#2208=VECTOR('',#8284,10.);
#2209=VECTOR('',#8287,10.);
#2210=VECTOR('',#8288,10.);
#2211=VECTOR('',#8289,10.);
#2212=VECTOR('',#8290,10.);
#2213=VECTOR('',#8291,10.);
#2214=VECTOR('',#8292,10.);
#2215=VECTOR('',#8295,10.);
#2216=VECTOR('',#8298,10.);
#2217=VECTOR('',#8299,10.);
#2218=VECTOR('',#8302,10.);
#2219=VECTOR('',#8303,10.);
#2220=VECTOR('',#8304,10.);
#2221=VECTOR('',#8307,10.);
#2222=VECTOR('',#8308,10.);
#2223=VECTOR('',#8311,10.);
#2224=VECTOR('',#8312,10.);
#2225=VECTOR('',#8315,10.);
#2226=VECTOR('',#8318,10.);
#2227=VECTOR('',#8319,10.);
#2228=VECTOR('',#8320,10.);
#2229=VECTOR('',#8323,10.);
#2230=VECTOR('',#8324,10.);
#2231=VECTOR('',#8325,10.);
#2232=VECTOR('',#8326,10.);
#2233=VECTOR('',#8327,10.);
#2234=VECTOR('',#8328,10.);
#2235=VECTOR('',#8331,10.);
#2236=VECTOR('',#8334,10.);
#2237=VECTOR('',#8335,10.);
#2238=VECTOR('',#8338,10.);
#2239=VECTOR('',#8339,10.);
#2240=VECTOR('',#8340,10.);
#2241=VECTOR('',#8343,10.);
#2242=VECTOR('',#8344,10.);
#2243=VECTOR('',#8347,10.);
#2244=VECTOR('',#8348,10.);
#2245=VECTOR('',#8351,10.);
#2246=VECTOR('',#8354,10.);
#2247=VECTOR('',#8355,10.);
#2248=VECTOR('',#8356,10.);
#2249=VECTOR('',#8359,10.);
#2250=VECTOR('',#8360,10.);
#2251=VECTOR('',#8361,10.);
#2252=VECTOR('',#8362,10.);
#2253=VECTOR('',#8363,10.);
#2254=VECTOR('',#8364,10.);
#2255=VECTOR('',#8367,10.);
#2256=VECTOR('',#8370,10.);
#2257=VECTOR('',#8371,10.);
#2258=VECTOR('',#8374,10.);
#2259=VECTOR('',#8375,10.);
#2260=VECTOR('',#8376,10.);
#2261=VECTOR('',#8379,10.);
#2262=VECTOR('',#8380,10.);
#2263=VECTOR('',#8383,10.);
#2264=VECTOR('',#8384,10.);
#2265=VECTOR('',#8387,10.);
#2266=VECTOR('',#8390,10.);
#2267=VECTOR('',#8391,10.);
#2268=VECTOR('',#8392,10.);
#2269=VECTOR('',#8395,10.);
#2270=VECTOR('',#8396,10.);
#2271=VECTOR('',#8397,10.);
#2272=VECTOR('',#8398,10.);
#2273=VECTOR('',#8399,10.);
#2274=VECTOR('',#8400,10.);
#2275=VECTOR('',#8403,10.);
#2276=VECTOR('',#8406,10.);
#2277=VECTOR('',#8407,10.);
#2278=VECTOR('',#8410,10.);
#2279=VECTOR('',#8411,10.);
#2280=VECTOR('',#8412,10.);
#2281=VECTOR('',#8415,10.);
#2282=VECTOR('',#8416,10.);
#2283=VECTOR('',#8419,10.);
#2284=VECTOR('',#8420,10.);
#2285=VECTOR('',#8423,10.);
#2286=VECTOR('',#8426,10.);
#2287=VECTOR('',#8427,10.);
#2288=VECTOR('',#8428,10.);
#2289=VECTOR('',#8431,10.);
#2290=VECTOR('',#8432,10.);
#2291=VECTOR('',#8433,10.);
#2292=VECTOR('',#8434,10.);
#2293=VECTOR('',#8435,10.);
#2294=VECTOR('',#8436,10.);
#2295=VECTOR('',#8439,10.);
#2296=VECTOR('',#8442,10.);
#2297=VECTOR('',#8443,10.);
#2298=VECTOR('',#8446,10.);
#2299=VECTOR('',#8447,10.);
#2300=VECTOR('',#8448,10.);
#2301=VECTOR('',#8451,10.);
#2302=VECTOR('',#8452,10.);
#2303=VECTOR('',#8455,10.);
#2304=VECTOR('',#8456,10.);
#2305=VECTOR('',#8459,10.);
#2306=VECTOR('',#8462,10.);
#2307=VECTOR('',#8463,10.);
#2308=VECTOR('',#8464,10.);
#2309=VECTOR('',#8467,10.);
#2310=VECTOR('',#8468,10.);
#2311=VECTOR('',#8469,10.);
#2312=VECTOR('',#8470,10.);
#2313=VECTOR('',#8471,10.);
#2314=VECTOR('',#8472,10.);
#2315=VECTOR('',#8475,10.);
#2316=VECTOR('',#8478,10.);
#2317=VECTOR('',#8479,10.);
#2318=VECTOR('',#8482,10.);
#2319=VECTOR('',#8483,10.);
#2320=VECTOR('',#8484,10.);
#2321=VECTOR('',#8487,10.);
#2322=VECTOR('',#8488,10.);
#2323=VECTOR('',#8491,10.);
#2324=VECTOR('',#8492,10.);
#2325=VECTOR('',#8495,10.);
#2326=VECTOR('',#8498,10.);
#2327=VECTOR('',#8499,10.);
#2328=VECTOR('',#8500,10.);
#2329=VECTOR('',#8503,10.);
#2330=VECTOR('',#8504,10.);
#2331=VECTOR('',#8505,10.);
#2332=VECTOR('',#8506,10.);
#2333=VECTOR('',#8507,10.);
#2334=VECTOR('',#8508,10.);
#2335=VECTOR('',#8511,10.);
#2336=VECTOR('',#8514,10.);
#2337=VECTOR('',#8515,10.);
#2338=VECTOR('',#8518,10.);
#2339=VECTOR('',#8519,10.);
#2340=VECTOR('',#8520,10.);
#2341=VECTOR('',#8523,10.);
#2342=VECTOR('',#8524,10.);
#2343=VECTOR('',#8527,10.);
#2344=VECTOR('',#8528,10.);
#2345=VECTOR('',#8531,10.);
#2346=VECTOR('',#8534,10.);
#2347=VECTOR('',#8535,10.);
#2348=VECTOR('',#8536,10.);
#2349=VECTOR('',#8539,10.);
#2350=VECTOR('',#8540,10.);
#2351=VECTOR('',#8541,10.);
#2352=VECTOR('',#8542,10.);
#2353=VECTOR('',#8543,10.);
#2354=VECTOR('',#8544,10.);
#2355=VECTOR('',#8547,10.);
#2356=VECTOR('',#8550,10.);
#2357=VECTOR('',#8551,10.);
#2358=VECTOR('',#8554,10.);
#2359=VECTOR('',#8555,10.);
#2360=VECTOR('',#8556,10.);
#2361=VECTOR('',#8559,10.);
#2362=VECTOR('',#8560,10.);
#2363=VECTOR('',#8563,10.);
#2364=VECTOR('',#8564,10.);
#2365=VECTOR('',#8567,10.);
#2366=VECTOR('',#8570,10.);
#2367=VECTOR('',#8571,10.);
#2368=VECTOR('',#8572,10.);
#2369=VECTOR('',#8575,10.);
#2370=VECTOR('',#8576,10.);
#2371=VECTOR('',#8577,10.);
#2372=VECTOR('',#8578,10.);
#2373=VECTOR('',#8579,10.);
#2374=VECTOR('',#8580,10.);
#2375=VECTOR('',#8583,10.);
#2376=VECTOR('',#8586,10.);
#2377=VECTOR('',#8587,10.);
#2378=VECTOR('',#8590,10.);
#2379=VECTOR('',#8591,10.);
#2380=VECTOR('',#8592,10.);
#2381=VECTOR('',#8595,10.);
#2382=VECTOR('',#8596,10.);
#2383=VECTOR('',#8599,10.);
#2384=VECTOR('',#8600,10.);
#2385=VECTOR('',#8603,10.);
#2386=VECTOR('',#8606,10.);
#2387=VECTOR('',#8607,10.);
#2388=VECTOR('',#8608,10.);
#2389=VECTOR('',#8611,10.);
#2390=VECTOR('',#8612,10.);
#2391=VECTOR('',#8613,10.);
#2392=VECTOR('',#8614,10.);
#2393=VECTOR('',#8615,10.);
#2394=VECTOR('',#8616,10.);
#2395=VECTOR('',#8619,10.);
#2396=VECTOR('',#8622,10.);
#2397=VECTOR('',#8623,10.);
#2398=VECTOR('',#8626,10.);
#2399=VECTOR('',#8627,10.);
#2400=VECTOR('',#8628,10.);
#2401=VECTOR('',#8631,10.);
#2402=VECTOR('',#8632,10.);
#2403=VECTOR('',#8635,10.);
#2404=VECTOR('',#8636,10.);
#2405=VECTOR('',#8639,10.);
#2406=VECTOR('',#8642,10.);
#2407=VECTOR('',#8645,10.);
#2408=VECTOR('',#8646,10.);
#2409=VECTOR('',#8649,10.);
#2410=VECTOR('',#8650,10.);
#2411=VECTOR('',#8651,10.);
#2412=VECTOR('',#8652,10.);
#2413=VECTOR('',#8655,10.);
#2414=VECTOR('',#8656,10.);
#2415=VECTOR('',#8657,10.);
#2416=VECTOR('',#8660,10.);
#2417=VECTOR('',#8661,10.);
#2418=VECTOR('',#8664,10.);
#2419=VECTOR('',#8665,10.);
#2420=VECTOR('',#8668,10.);
#2421=VECTOR('',#8671,10.);
#2422=VECTOR('',#8672,10.);
#2423=VECTOR('',#8677,10.);
#2424=VECTOR('',#8678,10.);
#2425=VECTOR('',#8681,10.);
#2426=VECTOR('',#8682,10.);
#2427=VECTOR('',#8685,10.);
#2428=VECTOR('',#8686,10.);
#2429=VECTOR('',#8687,10.);
#2430=VECTOR('',#8690,10.);
#2431=VECTOR('',#8699,10.);
#2432=VECTOR('',#8700,10.);
#2433=VECTOR('',#8701,10.);
#2434=VECTOR('',#8702,10.);
#2435=VECTOR('',#8705,10.);
#2436=VECTOR('',#8706,10.);
#2437=VECTOR('',#8707,10.);
#2438=VECTOR('',#8710,10.);
#2439=VECTOR('',#8711,10.);
#2440=VECTOR('',#8712,10.);
#2441=VECTOR('',#8715,10.);
#2442=VECTOR('',#8716,10.);
#2443=VECTOR('',#8719,10.);
#2444=VECTOR('',#8722,10.);
#2445=VECTOR('',#8723,10.);
#2446=VECTOR('',#8724,10.);
#2447=VECTOR('',#8727,10.);
#2448=VECTOR('',#8730,10.);
#2449=VECTOR('',#8731,10.);
#2450=VECTOR('',#8736,10.);
#2451=VECTOR('',#8737,10.);
#2452=VECTOR('',#8738,10.);
#2453=VECTOR('',#8739,10.);
#2454=VECTOR('',#8742,10.);
#2455=VECTOR('',#8743,10.);
#2456=VECTOR('',#8744,10.);
#2457=VECTOR('',#8747,10.);
#2458=VECTOR('',#8748,10.);
#2459=VECTOR('',#8749,10.);
#2460=VECTOR('',#8752,10.);
#2461=VECTOR('',#8755,10.);
#2462=VECTOR('',#8756,10.);
#2463=VECTOR('',#8759,10.);
#2464=VECTOR('',#8762,10.);
#2465=VECTOR('',#8769,10.);
#2466=VECTOR('',#8774,10.);
#2467=VECTOR('',#8779,10.);
#2468=VECTOR('',#8780,10.);
#2469=VECTOR('',#8781,10.);
#2470=VECTOR('',#8782,10.);
#2471=VECTOR('',#8785,10.);
#2472=VECTOR('',#8786,10.);
#2473=VECTOR('',#8787,10.);
#2474=VECTOR('',#8790,10.);
#2475=VECTOR('',#8791,10.);
#2476=VECTOR('',#8792,10.);
#2477=VECTOR('',#8795,10.);
#2478=VECTOR('',#8796,10.);
#2479=VECTOR('',#8799,10.);
#2480=VECTOR('',#8802,10.);
#2481=VECTOR('',#8803,10.);
#2482=VECTOR('',#8804,10.);
#2483=VECTOR('',#8807,10.);
#2484=VECTOR('',#8810,10.);
#2485=VECTOR('',#8811,10.);
#2486=VECTOR('',#8816,10.);
#2487=VECTOR('',#8817,10.);
#2488=VECTOR('',#8818,10.);
#2489=VECTOR('',#8819,10.);
#2490=VECTOR('',#8822,10.);
#2491=VECTOR('',#8823,10.);
#2492=VECTOR('',#8824,10.);
#2493=VECTOR('',#8827,10.);
#2494=VECTOR('',#8828,10.);
#2495=VECTOR('',#8829,10.);
#2496=VECTOR('',#8832,10.);
#2497=VECTOR('',#8835,10.);
#2498=VECTOR('',#8836,10.);
#2499=VECTOR('',#8839,10.);
#2500=VECTOR('',#8842,10.);
#2501=VECTOR('',#8849,10.);
#2502=VECTOR('',#8854,10.);
#2503=VECTOR('',#8859,10.);
#2504=VECTOR('',#8860,10.);
#2505=VECTOR('',#8861,10.);
#2506=VECTOR('',#8862,10.);
#2507=VECTOR('',#8865,10.);
#2508=VECTOR('',#8866,10.);
#2509=VECTOR('',#8867,10.);
#2510=VECTOR('',#8870,10.);
#2511=VECTOR('',#8871,10.);
#2512=VECTOR('',#8872,10.);
#2513=VECTOR('',#8875,10.);
#2514=VECTOR('',#8876,10.);
#2515=VECTOR('',#8879,10.);
#2516=VECTOR('',#8882,10.);
#2517=VECTOR('',#8883,10.);
#2518=VECTOR('',#8884,10.);
#2519=VECTOR('',#8887,10.);
#2520=VECTOR('',#8890,10.);
#2521=VECTOR('',#8891,10.);
#2522=VECTOR('',#8896,10.);
#2523=VECTOR('',#8897,10.);
#2524=VECTOR('',#8898,10.);
#2525=VECTOR('',#8899,10.);
#2526=VECTOR('',#8902,10.);
#2527=VECTOR('',#8903,10.);
#2528=VECTOR('',#8904,10.);
#2529=VECTOR('',#8907,10.);
#2530=VECTOR('',#8908,10.);
#2531=VECTOR('',#8909,10.);
#2532=VECTOR('',#8912,10.);
#2533=VECTOR('',#8915,10.);
#2534=VECTOR('',#8916,10.);
#2535=VECTOR('',#8919,10.);
#2536=VECTOR('',#8922,10.);
#2537=VECTOR('',#8929,10.);
#2538=VECTOR('',#8934,10.);
#2539=VECTOR('',#8939,10.);
#2540=VECTOR('',#8940,10.);
#2541=VECTOR('',#8941,10.);
#2542=VECTOR('',#8942,10.);
#2543=VECTOR('',#8945,10.);
#2544=VECTOR('',#8946,10.);
#2545=VECTOR('',#8947,10.);
#2546=VECTOR('',#8950,10.);
#2547=VECTOR('',#8951,10.);
#2548=VECTOR('',#8952,10.);
#2549=VECTOR('',#8955,10.);
#2550=VECTOR('',#8956,10.);
#2551=VECTOR('',#8959,10.);
#2552=VECTOR('',#8962,10.);
#2553=VECTOR('',#8963,10.);
#2554=VECTOR('',#8964,10.);
#2555=VECTOR('',#8967,10.);
#2556=VECTOR('',#8970,10.);
#2557=VECTOR('',#8971,10.);
#2558=VECTOR('',#8976,10.);
#2559=VECTOR('',#8977,10.);
#2560=VECTOR('',#8978,10.);
#2561=VECTOR('',#8979,10.);
#2562=VECTOR('',#8982,10.);
#2563=VECTOR('',#8983,10.);
#2564=VECTOR('',#8984,10.);
#2565=VECTOR('',#8987,10.);
#2566=VECTOR('',#8988,10.);
#2567=VECTOR('',#8989,10.);
#2568=VECTOR('',#8992,10.);
#2569=VECTOR('',#8995,10.);
#2570=VECTOR('',#8996,10.);
#2571=VECTOR('',#8999,10.);
#2572=VECTOR('',#9002,10.);
#2573=VECTOR('',#9009,10.);
#2574=VECTOR('',#9014,10.);
#2575=VECTOR('',#9019,10.);
#2576=VECTOR('',#9020,10.);
#2577=VECTOR('',#9021,10.);
#2578=VECTOR('',#9022,10.);
#2579=VECTOR('',#9025,10.);
#2580=VECTOR('',#9026,10.);
#2581=VECTOR('',#9027,10.);
#2582=VECTOR('',#9030,10.);
#2583=VECTOR('',#9031,10.);
#2584=VECTOR('',#9032,10.);
#2585=VECTOR('',#9035,10.);
#2586=VECTOR('',#9036,10.);
#2587=VECTOR('',#9039,10.);
#2588=VECTOR('',#9042,10.);
#2589=VECTOR('',#9043,10.);
#2590=VECTOR('',#9044,10.);
#2591=VECTOR('',#9047,10.);
#2592=VECTOR('',#9050,10.);
#2593=VECTOR('',#9051,10.);
#2594=VECTOR('',#9056,10.);
#2595=VECTOR('',#9057,10.);
#2596=VECTOR('',#9058,10.);
#2597=VECTOR('',#9059,10.);
#2598=VECTOR('',#9062,10.);
#2599=VECTOR('',#9063,10.);
#2600=VECTOR('',#9064,10.);
#2601=VECTOR('',#9067,10.);
#2602=VECTOR('',#9068,10.);
#2603=VECTOR('',#9069,10.);
#2604=VECTOR('',#9072,10.);
#2605=VECTOR('',#9075,10.);
#2606=VECTOR('',#9076,10.);
#2607=VECTOR('',#9079,10.);
#2608=VECTOR('',#9082,10.);
#2609=VECTOR('',#9089,10.);
#2610=VECTOR('',#9094,10.);
#2611=VECTOR('',#9099,10.);
#2612=VECTOR('',#9100,10.);
#2613=VECTOR('',#9101,10.);
#2614=VECTOR('',#9102,10.);
#2615=VECTOR('',#9105,10.);
#2616=VECTOR('',#9106,10.);
#2617=VECTOR('',#9107,10.);
#2618=VECTOR('',#9110,10.);
#2619=VECTOR('',#9111,10.);
#2620=VECTOR('',#9112,10.);
#2621=VECTOR('',#9115,10.);
#2622=VECTOR('',#9116,10.);
#2623=VECTOR('',#9119,10.);
#2624=VECTOR('',#9122,10.);
#2625=VECTOR('',#9123,10.);
#2626=VECTOR('',#9124,10.);
#2627=VECTOR('',#9127,10.);
#2628=VECTOR('',#9130,10.);
#2629=VECTOR('',#9131,10.);
#2630=VECTOR('',#9136,10.);
#2631=VECTOR('',#9137,10.);
#2632=VECTOR('',#9138,10.);
#2633=VECTOR('',#9139,10.);
#2634=VECTOR('',#9142,10.);
#2635=VECTOR('',#9143,10.);
#2636=VECTOR('',#9144,10.);
#2637=VECTOR('',#9147,10.);
#2638=VECTOR('',#9148,10.);
#2639=VECTOR('',#9149,10.);
#2640=VECTOR('',#9152,10.);
#2641=VECTOR('',#9155,10.);
#2642=VECTOR('',#9156,10.);
#2643=VECTOR('',#9159,10.);
#2644=VECTOR('',#9162,10.);
#2645=VECTOR('',#9169,10.);
#2646=VECTOR('',#9174,10.);
#2647=VECTOR('',#9179,10.);
#2648=VECTOR('',#9180,10.);
#2649=VECTOR('',#9181,10.);
#2650=VECTOR('',#9182,10.);
#2651=VECTOR('',#9185,10.);
#2652=VECTOR('',#9186,10.);
#2653=VECTOR('',#9187,10.);
#2654=VECTOR('',#9190,10.);
#2655=VECTOR('',#9191,10.);
#2656=VECTOR('',#9192,10.);
#2657=VECTOR('',#9195,10.);
#2658=VECTOR('',#9196,10.);
#2659=VECTOR('',#9199,10.);
#2660=VECTOR('',#9202,10.);
#2661=VECTOR('',#9203,10.);
#2662=VECTOR('',#9204,10.);
#2663=VECTOR('',#9207,10.);
#2664=VECTOR('',#9210,10.);
#2665=VECTOR('',#9211,10.);
#2666=VECTOR('',#9216,10.);
#2667=VECTOR('',#9217,10.);
#2668=VECTOR('',#9218,10.);
#2669=VECTOR('',#9219,10.);
#2670=VECTOR('',#9222,10.);
#2671=VECTOR('',#9223,10.);
#2672=VECTOR('',#9224,10.);
#2673=VECTOR('',#9227,10.);
#2674=VECTOR('',#9228,10.);
#2675=VECTOR('',#9229,10.);
#2676=VECTOR('',#9232,10.);
#2677=VECTOR('',#9235,10.);
#2678=VECTOR('',#9236,10.);
#2679=VECTOR('',#9239,10.);
#2680=VECTOR('',#9242,10.);
#2681=VECTOR('',#9249,10.);
#2682=VECTOR('',#9254,10.);
#2683=VECTOR('',#9259,10.);
#2684=VECTOR('',#9260,10.);
#2685=VECTOR('',#9261,10.);
#2686=VECTOR('',#9262,10.);
#2687=VECTOR('',#9265,10.);
#2688=VECTOR('',#9266,10.);
#2689=VECTOR('',#9267,10.);
#2690=VECTOR('',#9270,10.);
#2691=VECTOR('',#9271,10.);
#2692=VECTOR('',#9272,10.);
#2693=VECTOR('',#9275,10.);
#2694=VECTOR('',#9276,10.);
#2695=VECTOR('',#9279,10.);
#2696=VECTOR('',#9282,10.);
#2697=VECTOR('',#9283,10.);
#2698=VECTOR('',#9284,10.);
#2699=VECTOR('',#9287,10.);
#2700=VECTOR('',#9290,10.);
#2701=VECTOR('',#9291,10.);
#2702=VECTOR('',#9296,10.);
#2703=VECTOR('',#9297,10.);
#2704=VECTOR('',#9298,10.);
#2705=VECTOR('',#9299,10.);
#2706=VECTOR('',#9302,10.);
#2707=VECTOR('',#9303,10.);
#2708=VECTOR('',#9304,10.);
#2709=VECTOR('',#9307,10.);
#2710=VECTOR('',#9308,10.);
#2711=VECTOR('',#9309,10.);
#2712=VECTOR('',#9312,10.);
#2713=VECTOR('',#9315,10.);
#2714=VECTOR('',#9316,10.);
#2715=VECTOR('',#9319,10.);
#2716=VECTOR('',#9322,10.);
#2717=VECTOR('',#9329,10.);
#2718=VECTOR('',#9334,10.);
#2719=VECTOR('',#9339,10.);
#2720=VECTOR('',#9340,10.);
#2721=VECTOR('',#9341,10.);
#2722=VECTOR('',#9342,10.);
#2723=VECTOR('',#9345,10.);
#2724=VECTOR('',#9346,10.);
#2725=VECTOR('',#9347,10.);
#2726=VECTOR('',#9350,10.);
#2727=VECTOR('',#9351,10.);
#2728=VECTOR('',#9352,10.);
#2729=VECTOR('',#9355,10.);
#2730=VECTOR('',#9356,10.);
#2731=VECTOR('',#9359,10.);
#2732=VECTOR('',#9362,10.);
#2733=VECTOR('',#9363,10.);
#2734=VECTOR('',#9364,10.);
#2735=VECTOR('',#9367,10.);
#2736=VECTOR('',#9370,10.);
#2737=VECTOR('',#9371,10.);
#2738=VECTOR('',#9376,10.);
#2739=VECTOR('',#9377,10.);
#2740=VECTOR('',#9378,10.);
#2741=VECTOR('',#9379,10.);
#2742=VECTOR('',#9382,10.);
#2743=VECTOR('',#9383,10.);
#2744=VECTOR('',#9384,10.);
#2745=VECTOR('',#9387,10.);
#2746=VECTOR('',#9388,10.);
#2747=VECTOR('',#9389,10.);
#2748=VECTOR('',#9392,10.);
#2749=VECTOR('',#9395,10.);
#2750=VECTOR('',#9396,10.);
#2751=VECTOR('',#9399,10.);
#2752=VECTOR('',#9402,10.);
#2753=VECTOR('',#9409,10.);
#2754=VECTOR('',#9414,10.);
#2755=VECTOR('',#9419,10.);
#2756=VECTOR('',#9420,10.);
#2757=VECTOR('',#9421,10.);
#2758=VECTOR('',#9422,10.);
#2759=VECTOR('',#9425,10.);
#2760=VECTOR('',#9426,10.);
#2761=VECTOR('',#9427,10.);
#2762=VECTOR('',#9430,10.);
#2763=VECTOR('',#9431,10.);
#2764=VECTOR('',#9432,10.);
#2765=VECTOR('',#9435,10.);
#2766=VECTOR('',#9436,10.);
#2767=VECTOR('',#9439,10.);
#2768=VECTOR('',#9442,10.);
#2769=VECTOR('',#9443,10.);
#2770=VECTOR('',#9444,10.);
#2771=VECTOR('',#9447,10.);
#2772=VECTOR('',#9450,10.);
#2773=VECTOR('',#9451,10.);
#2774=VECTOR('',#9456,10.);
#2775=VECTOR('',#9457,10.);
#2776=VECTOR('',#9458,10.);
#2777=VECTOR('',#9459,10.);
#2778=VECTOR('',#9462,10.);
#2779=VECTOR('',#9463,10.);
#2780=VECTOR('',#9464,10.);
#2781=VECTOR('',#9467,10.);
#2782=VECTOR('',#9468,10.);
#2783=VECTOR('',#9469,10.);
#2784=VECTOR('',#9472,10.);
#2785=VECTOR('',#9475,10.);
#2786=VECTOR('',#9476,10.);
#2787=VECTOR('',#9479,10.);
#2788=VECTOR('',#9482,10.);
#2789=VECTOR('',#9489,10.);
#2790=VECTOR('',#9494,10.);
#2791=VECTOR('',#9499,10.);
#2792=VECTOR('',#9500,10.);
#2793=VECTOR('',#9501,10.);
#2794=VECTOR('',#9502,10.);
#2795=VECTOR('',#9505,10.);
#2796=VECTOR('',#9506,10.);
#2797=VECTOR('',#9507,10.);
#2798=VECTOR('',#9510,10.);
#2799=VECTOR('',#9511,10.);
#2800=VECTOR('',#9512,10.);
#2801=VECTOR('',#9515,10.);
#2802=VECTOR('',#9516,10.);
#2803=VECTOR('',#9519,10.);
#2804=VECTOR('',#9522,10.);
#2805=VECTOR('',#9523,10.);
#2806=VECTOR('',#9524,10.);
#2807=VECTOR('',#9527,10.);
#2808=VECTOR('',#9530,10.);
#2809=VECTOR('',#9531,10.);
#2810=VECTOR('',#9536,10.);
#2811=VECTOR('',#9537,10.);
#2812=VECTOR('',#9538,10.);
#2813=VECTOR('',#9539,10.);
#2814=VECTOR('',#9542,10.);
#2815=VECTOR('',#9543,10.);
#2816=VECTOR('',#9544,10.);
#2817=VECTOR('',#9547,10.);
#2818=VECTOR('',#9548,10.);
#2819=VECTOR('',#9549,10.);
#2820=VECTOR('',#9552,10.);
#2821=VECTOR('',#9555,10.);
#2822=VECTOR('',#9556,10.);
#2823=VECTOR('',#9559,10.);
#2824=VECTOR('',#9562,10.);
#2825=VECTOR('',#9569,10.);
#2826=VECTOR('',#9574,10.);
#2827=VECTOR('',#9579,10.);
#2828=VECTOR('',#9580,10.);
#2829=VECTOR('',#9581,10.);
#2830=VECTOR('',#9582,10.);
#2831=VECTOR('',#9585,10.);
#2832=VECTOR('',#9586,10.);
#2833=VECTOR('',#9587,10.);
#2834=VECTOR('',#9590,10.);
#2835=VECTOR('',#9591,10.);
#2836=VECTOR('',#9592,10.);
#2837=VECTOR('',#9595,10.);
#2838=VECTOR('',#9596,10.);
#2839=VECTOR('',#9599,10.);
#2840=VECTOR('',#9602,10.);
#2841=VECTOR('',#9603,10.);
#2842=VECTOR('',#9604,10.);
#2843=VECTOR('',#9607,10.);
#2844=VECTOR('',#9610,10.);
#2845=VECTOR('',#9611,10.);
#2846=VECTOR('',#9616,10.);
#2847=VECTOR('',#9617,10.);
#2848=VECTOR('',#9618,10.);
#2849=VECTOR('',#9619,10.);
#2850=VECTOR('',#9622,10.);
#2851=VECTOR('',#9623,10.);
#2852=VECTOR('',#9624,10.);
#2853=VECTOR('',#9627,10.);
#2854=VECTOR('',#9628,10.);
#2855=VECTOR('',#9629,10.);
#2856=VECTOR('',#9632,10.);
#2857=VECTOR('',#9635,10.);
#2858=VECTOR('',#9636,10.);
#2859=VECTOR('',#9639,10.);
#2860=VECTOR('',#9642,10.);
#2861=VECTOR('',#9649,10.);
#2862=VECTOR('',#9654,10.);
#2863=VECTOR('',#9659,10.);
#2864=VECTOR('',#9660,10.);
#2865=VECTOR('',#9661,10.);
#2866=VECTOR('',#9662,10.);
#2867=VECTOR('',#9665,10.);
#2868=VECTOR('',#9666,10.);
#2869=VECTOR('',#9667,10.);
#2870=VECTOR('',#9670,10.);
#2871=VECTOR('',#9671,10.);
#2872=VECTOR('',#9672,10.);
#2873=VECTOR('',#9675,10.);
#2874=VECTOR('',#9676,10.);
#2875=VECTOR('',#9679,10.);
#2876=VECTOR('',#9682,10.);
#2877=VECTOR('',#9683,10.);
#2878=VECTOR('',#9684,10.);
#2879=VECTOR('',#9687,10.);
#2880=VECTOR('',#9690,10.);
#2881=VECTOR('',#9691,10.);
#2882=VECTOR('',#9696,10.);
#2883=VECTOR('',#9697,10.);
#2884=VECTOR('',#9698,10.);
#2885=VECTOR('',#9699,10.);
#2886=VECTOR('',#9702,10.);
#2887=VECTOR('',#9703,10.);
#2888=VECTOR('',#9704,10.);
#2889=VECTOR('',#9707,10.);
#2890=VECTOR('',#9708,10.);
#2891=VECTOR('',#9709,10.);
#2892=VECTOR('',#9712,10.);
#2893=VECTOR('',#9715,10.);
#2894=VECTOR('',#9716,10.);
#2895=VECTOR('',#9719,10.);
#2896=VECTOR('',#9722,10.);
#2897=VECTOR('',#9729,10.);
#2898=VECTOR('',#9734,10.);
#2899=VECTOR('',#9739,10.);
#2900=VECTOR('',#9740,10.);
#2901=VECTOR('',#9741,10.);
#2902=VECTOR('',#9742,10.);
#2903=VECTOR('',#9745,10.);
#2904=VECTOR('',#9746,10.);
#2905=VECTOR('',#9747,10.);
#2906=VECTOR('',#9750,10.);
#2907=VECTOR('',#9751,10.);
#2908=VECTOR('',#9752,10.);
#2909=VECTOR('',#9755,10.);
#2910=VECTOR('',#9756,10.);
#2911=VECTOR('',#9759,10.);
#2912=VECTOR('',#9762,10.);
#2913=VECTOR('',#9763,10.);
#2914=VECTOR('',#9764,10.);
#2915=VECTOR('',#9767,10.);
#2916=VECTOR('',#9770,10.);
#2917=VECTOR('',#9771,10.);
#2918=VECTOR('',#9776,10.);
#2919=VECTOR('',#9777,10.);
#2920=VECTOR('',#9778,10.);
#2921=VECTOR('',#9779,10.);
#2922=VECTOR('',#9782,10.);
#2923=VECTOR('',#9783,10.);
#2924=VECTOR('',#9784,10.);
#2925=VECTOR('',#9787,10.);
#2926=VECTOR('',#9788,10.);
#2927=VECTOR('',#9789,10.);
#2928=VECTOR('',#9792,10.);
#2929=VECTOR('',#9795,10.);
#2930=VECTOR('',#9796,10.);
#2931=VECTOR('',#9799,10.);
#2932=VECTOR('',#9802,10.);
#2933=VECTOR('',#9809,10.);
#2934=VECTOR('',#9814,10.);
#2935=VERTEX_POINT('',#9819);
#2936=VERTEX_POINT('',#9820);
#2937=VERTEX_POINT('',#9822);
#2938=VERTEX_POINT('',#9824);
#2939=VERTEX_POINT('',#9828);
#2940=VERTEX_POINT('',#9830);
#2941=VERTEX_POINT('',#9834);
#2942=VERTEX_POINT('',#9836);
#2943=VERTEX_POINT('',#9840);
#2944=VERTEX_POINT('',#9841);
#2945=VERTEX_POINT('',#9843);
#2946=VERTEX_POINT('',#9845);
#2947=VERTEX_POINT('',#9849);
#2948=VERTEX_POINT('',#9851);
#2949=VERTEX_POINT('',#9855);
#2950=VERTEX_POINT('',#9857);
#2951=VERTEX_POINT('',#9861);
#2952=VERTEX_POINT('',#9863);
#2953=VERTEX_POINT('',#9865);
#2954=VERTEX_POINT('',#9867);
#2955=VERTEX_POINT('',#9869);
#2956=VERTEX_POINT('',#9871);
#2957=VERTEX_POINT('',#9875);
#2958=VERTEX_POINT('',#9877);
#2959=VERTEX_POINT('',#9879);
#2960=VERTEX_POINT('',#9883);
#2961=VERTEX_POINT('',#9885);
#2962=VERTEX_POINT('',#9887);
#2963=VERTEX_POINT('',#9889);
#2964=VERTEX_POINT('',#9893);
#2965=VERTEX_POINT('',#9895);
#2966=VERTEX_POINT('',#9897);
#2967=VERTEX_POINT('',#9899);
#2968=VERTEX_POINT('',#9901);
#2969=VERTEX_POINT('',#9905);
#2970=VERTEX_POINT('',#9907);
#2971=VERTEX_POINT('',#9911);
#2972=VERTEX_POINT('',#9912);
#2973=VERTEX_POINT('',#9914);
#2974=VERTEX_POINT('',#9916);
#2975=VERTEX_POINT('',#9918);
#2976=VERTEX_POINT('',#9920);
#2977=VERTEX_POINT('',#9924);
#2978=VERTEX_POINT('',#9926);
#2979=VERTEX_POINT('',#9930);
#2980=VERTEX_POINT('',#9931);
#2981=VERTEX_POINT('',#9934);
#2982=VERTEX_POINT('',#9936);
#2983=VERTEX_POINT('',#9940);
#2984=VERTEX_POINT('',#9943);
#2985=VERTEX_POINT('',#9945);
#2986=VERTEX_POINT('',#9949);
#2987=VERTEX_POINT('',#9951);
#2988=VERTEX_POINT('',#9953);
#2989=VERTEX_POINT('',#9956);
#2990=VERTEX_POINT('',#9957);
#2991=VERTEX_POINT('',#9959);
#2992=VERTEX_POINT('',#9961);
#2993=VERTEX_POINT('',#9965);
#2994=VERTEX_POINT('',#9968);
#2995=VERTEX_POINT('',#9970);
#2996=VERTEX_POINT('',#9972);
#2997=VERTEX_POINT('',#9974);
#2998=VERTEX_POINT('',#9976);
#2999=VERTEX_POINT('',#9978);
#3000=VERTEX_POINT('',#9980);
#3001=VERTEX_POINT('',#9982);
#3002=VERTEX_POINT('',#9984);
#3003=VERTEX_POINT('',#9986);
#3004=VERTEX_POINT('',#9988);
#3005=VERTEX_POINT('',#9990);
#3006=VERTEX_POINT('',#9992);
#3007=VERTEX_POINT('',#9994);
#3008=VERTEX_POINT('',#9996);
#3009=VERTEX_POINT('',#9998);
#3010=VERTEX_POINT('',#10000);
#3011=VERTEX_POINT('',#10002);
#3012=VERTEX_POINT('',#10004);
#3013=VERTEX_POINT('',#10006);
#3014=VERTEX_POINT('',#10008);
#3015=VERTEX_POINT('',#10010);
#3016=VERTEX_POINT('',#10012);
#3017=VERTEX_POINT('',#10014);
#3018=VERTEX_POINT('',#10016);
#3019=VERTEX_POINT('',#10018);
#3020=VERTEX_POINT('',#10020);
#3021=VERTEX_POINT('',#10022);
#3022=VERTEX_POINT('',#10024);
#3023=VERTEX_POINT('',#10026);
#3024=VERTEX_POINT('',#10028);
#3025=VERTEX_POINT('',#10030);
#3026=VERTEX_POINT('',#10032);
#3027=VERTEX_POINT('',#10034);
#3028=VERTEX_POINT('',#10036);
#3029=VERTEX_POINT('',#10038);
#3030=VERTEX_POINT('',#10040);
#3031=VERTEX_POINT('',#10042);
#3032=VERTEX_POINT('',#10044);
#3033=VERTEX_POINT('',#10046);
#3034=VERTEX_POINT('',#10048);
#3035=VERTEX_POINT('',#10050);
#3036=VERTEX_POINT('',#10052);
#3037=VERTEX_POINT('',#10054);
#3038=VERTEX_POINT('',#10056);
#3039=VERTEX_POINT('',#10058);
#3040=VERTEX_POINT('',#10060);
#3041=VERTEX_POINT('',#10062);
#3042=VERTEX_POINT('',#10064);
#3043=VERTEX_POINT('',#10066);
#3044=VERTEX_POINT('',#10068);
#3045=VERTEX_POINT('',#10070);
#3046=VERTEX_POINT('',#10072);
#3047=VERTEX_POINT('',#10074);
#3048=VERTEX_POINT('',#10076);
#3049=VERTEX_POINT('',#10078);
#3050=VERTEX_POINT('',#10083);
#3051=VERTEX_POINT('',#10085);
#3052=VERTEX_POINT('',#10090);
#3053=VERTEX_POINT('',#10092);
#3054=VERTEX_POINT('',#10096);
#3055=VERTEX_POINT('',#10097);
#3056=VERTEX_POINT('',#10099);
#3057=VERTEX_POINT('',#10101);
#3058=VERTEX_POINT('',#10105);
#3059=VERTEX_POINT('',#10112);
#3060=VERTEX_POINT('',#10118);
#3061=VERTEX_POINT('',#10119);
#3062=VERTEX_POINT('',#10121);
#3063=VERTEX_POINT('',#10124);
#3064=VERTEX_POINT('',#10129);
#3065=VERTEX_POINT('',#10133);
#3066=VERTEX_POINT('',#10138);
#3067=VERTEX_POINT('',#10140);
#3068=VERTEX_POINT('',#10144);
#3069=VERTEX_POINT('',#10146);
#3070=VERTEX_POINT('',#10149);
#3071=VERTEX_POINT('',#10150);
#3072=VERTEX_POINT('',#10152);
#3073=VERTEX_POINT('',#10154);
#3074=VERTEX_POINT('',#10160);
#3075=VERTEX_POINT('',#10161);
#3076=VERTEX_POINT('',#10163);
#3077=VERTEX_POINT('',#10165);
#3078=VERTEX_POINT('',#10169);
#3079=VERTEX_POINT('',#10170);
#3080=VERTEX_POINT('',#10172);
#3081=VERTEX_POINT('',#10174);
#3082=VERTEX_POINT('',#10178);
#3083=VERTEX_POINT('',#10180);
#3084=VERTEX_POINT('',#10188);
#3085=VERTEX_POINT('',#10192);
#3086=VERTEX_POINT('',#10198);
#3087=VERTEX_POINT('',#10202);
#3088=VERTEX_POINT('',#10204);
#3089=VERTEX_POINT('',#10208);
#3090=VERTEX_POINT('',#10212);
#3091=VERTEX_POINT('',#10218);
#3092=VERTEX_POINT('',#10219);
#3093=VERTEX_POINT('',#10224);
#3094=VERTEX_POINT('',#10227);
#3095=VERTEX_POINT('',#10228);
#3096=VERTEX_POINT('',#10230);
#3097=VERTEX_POINT('',#10232);
#3098=VERTEX_POINT('',#10238);
#3099=VERTEX_POINT('',#10242);
#3100=VERTEX_POINT('',#10244);
#3101=VERTEX_POINT('',#10248);
#3102=VERTEX_POINT('',#10252);
#3103=VERTEX_POINT('',#10258);
#3104=VERTEX_POINT('',#10259);
#3105=VERTEX_POINT('',#10264);
#3106=VERTEX_POINT('',#10267);
#3107=VERTEX_POINT('',#10268);
#3108=VERTEX_POINT('',#10270);
#3109=VERTEX_POINT('',#10272);
#3110=VERTEX_POINT('',#10278);
#3111=VERTEX_POINT('',#10282);
#3112=VERTEX_POINT('',#10284);
#3113=VERTEX_POINT('',#10288);
#3114=VERTEX_POINT('',#10292);
#3115=VERTEX_POINT('',#10298);
#3116=VERTEX_POINT('',#10299);
#3117=VERTEX_POINT('',#10304);
#3118=VERTEX_POINT('',#10307);
#3119=VERTEX_POINT('',#10308);
#3120=VERTEX_POINT('',#10310);
#3121=VERTEX_POINT('',#10312);
#3122=VERTEX_POINT('',#10318);
#3123=VERTEX_POINT('',#10322);
#3124=VERTEX_POINT('',#10324);
#3125=VERTEX_POINT('',#10328);
#3126=VERTEX_POINT('',#10332);
#3127=VERTEX_POINT('',#10338);
#3128=VERTEX_POINT('',#10339);
#3129=VERTEX_POINT('',#10344);
#3130=VERTEX_POINT('',#10347);
#3131=VERTEX_POINT('',#10348);
#3132=VERTEX_POINT('',#10350);
#3133=VERTEX_POINT('',#10352);
#3134=VERTEX_POINT('',#10358);
#3135=VERTEX_POINT('',#10362);
#3136=VERTEX_POINT('',#10364);
#3137=VERTEX_POINT('',#10368);
#3138=VERTEX_POINT('',#10372);
#3139=VERTEX_POINT('',#10378);
#3140=VERTEX_POINT('',#10379);
#3141=VERTEX_POINT('',#10384);
#3142=VERTEX_POINT('',#10387);
#3143=VERTEX_POINT('',#10388);
#3144=VERTEX_POINT('',#10390);
#3145=VERTEX_POINT('',#10392);
#3146=VERTEX_POINT('',#10398);
#3147=VERTEX_POINT('',#10402);
#3148=VERTEX_POINT('',#10404);
#3149=VERTEX_POINT('',#10408);
#3150=VERTEX_POINT('',#10412);
#3151=VERTEX_POINT('',#10418);
#3152=VERTEX_POINT('',#10419);
#3153=VERTEX_POINT('',#10424);
#3154=VERTEX_POINT('',#10427);
#3155=VERTEX_POINT('',#10428);
#3156=VERTEX_POINT('',#10430);
#3157=VERTEX_POINT('',#10432);
#3158=VERTEX_POINT('',#10438);
#3159=VERTEX_POINT('',#10442);
#3160=VERTEX_POINT('',#10444);
#3161=VERTEX_POINT('',#10448);
#3162=VERTEX_POINT('',#10452);
#3163=VERTEX_POINT('',#10458);
#3164=VERTEX_POINT('',#10459);
#3165=VERTEX_POINT('',#10464);
#3166=VERTEX_POINT('',#10467);
#3167=VERTEX_POINT('',#10468);
#3168=VERTEX_POINT('',#10470);
#3169=VERTEX_POINT('',#10472);
#3170=VERTEX_POINT('',#10478);
#3171=VERTEX_POINT('',#10482);
#3172=VERTEX_POINT('',#10484);
#3173=VERTEX_POINT('',#10488);
#3174=VERTEX_POINT('',#10492);
#3175=VERTEX_POINT('',#10498);
#3176=VERTEX_POINT('',#10499);
#3177=VERTEX_POINT('',#10504);
#3178=VERTEX_POINT('',#10507);
#3179=VERTEX_POINT('',#10508);
#3180=VERTEX_POINT('',#10510);
#3181=VERTEX_POINT('',#10512);
#3182=VERTEX_POINT('',#10518);
#3183=VERTEX_POINT('',#10522);
#3184=VERTEX_POINT('',#10524);
#3185=VERTEX_POINT('',#10528);
#3186=VERTEX_POINT('',#10532);
#3187=VERTEX_POINT('',#10538);
#3188=VERTEX_POINT('',#10539);
#3189=VERTEX_POINT('',#10544);
#3190=VERTEX_POINT('',#10547);
#3191=VERTEX_POINT('',#10548);
#3192=VERTEX_POINT('',#10550);
#3193=VERTEX_POINT('',#10552);
#3194=VERTEX_POINT('',#10558);
#3195=VERTEX_POINT('',#10562);
#3196=VERTEX_POINT('',#10564);
#3197=VERTEX_POINT('',#10568);
#3198=VERTEX_POINT('',#10572);
#3199=VERTEX_POINT('',#10578);
#3200=VERTEX_POINT('',#10579);
#3201=VERTEX_POINT('',#10584);
#3202=VERTEX_POINT('',#10587);
#3203=VERTEX_POINT('',#10588);
#3204=VERTEX_POINT('',#10590);
#3205=VERTEX_POINT('',#10592);
#3206=VERTEX_POINT('',#10598);
#3207=VERTEX_POINT('',#10602);
#3208=VERTEX_POINT('',#10604);
#3209=VERTEX_POINT('',#10608);
#3210=VERTEX_POINT('',#10612);
#3211=VERTEX_POINT('',#10618);
#3212=VERTEX_POINT('',#10619);
#3213=VERTEX_POINT('',#10624);
#3214=VERTEX_POINT('',#10627);
#3215=VERTEX_POINT('',#10628);
#3216=VERTEX_POINT('',#10630);
#3217=VERTEX_POINT('',#10632);
#3218=VERTEX_POINT('',#10638);
#3219=VERTEX_POINT('',#10642);
#3220=VERTEX_POINT('',#10644);
#3221=VERTEX_POINT('',#10648);
#3222=VERTEX_POINT('',#10652);
#3223=VERTEX_POINT('',#10658);
#3224=VERTEX_POINT('',#10659);
#3225=VERTEX_POINT('',#10664);
#3226=VERTEX_POINT('',#10667);
#3227=VERTEX_POINT('',#10668);
#3228=VERTEX_POINT('',#10670);
#3229=VERTEX_POINT('',#10672);
#3230=VERTEX_POINT('',#10678);
#3231=VERTEX_POINT('',#10682);
#3232=VERTEX_POINT('',#10684);
#3233=VERTEX_POINT('',#10688);
#3234=VERTEX_POINT('',#10692);
#3235=VERTEX_POINT('',#10700);
#3236=VERTEX_POINT('',#10704);
#3237=VERTEX_POINT('',#10706);
#3238=VERTEX_POINT('',#10711);
#3239=VERTEX_POINT('',#10713);
#3240=VERTEX_POINT('',#10717);
#3241=VERTEX_POINT('',#10721);
#3242=VERTEX_POINT('',#10731);
#3243=VERTEX_POINT('',#10735);
#3244=VERTEX_POINT('',#10740);
#3245=VERTEX_POINT('',#10749);
#3246=VERTEX_POINT('',#10750);
#3247=VERTEX_POINT('',#10752);
#3248=VERTEX_POINT('',#10754);
#3249=VERTEX_POINT('',#10758);
#3250=VERTEX_POINT('',#10760);
#3251=VERTEX_POINT('',#10764);
#3252=VERTEX_POINT('',#10766);
#3253=VERTEX_POINT('',#10773);
#3254=VERTEX_POINT('',#10775);
#3255=VERTEX_POINT('',#10777);
#3256=VERTEX_POINT('',#10779);
#3257=VERTEX_POINT('',#10781);
#3258=VERTEX_POINT('',#10783);
#3259=VERTEX_POINT('',#10787);
#3260=VERTEX_POINT('',#10792);
#3261=VERTEX_POINT('',#10793);
#3262=VERTEX_POINT('',#10795);
#3263=VERTEX_POINT('',#10797);
#3264=VERTEX_POINT('',#10802);
#3265=VERTEX_POINT('',#10806);
#3266=VERTEX_POINT('',#10813);
#3267=VERTEX_POINT('',#10817);
#3268=VERTEX_POINT('',#10820);
#3269=VERTEX_POINT('',#10831);
#3270=VERTEX_POINT('',#10832);
#3271=VERTEX_POINT('',#10834);
#3272=VERTEX_POINT('',#10836);
#3273=VERTEX_POINT('',#10840);
#3274=VERTEX_POINT('',#10842);
#3275=VERTEX_POINT('',#10846);
#3276=VERTEX_POINT('',#10848);
#3277=VERTEX_POINT('',#10855);
#3278=VERTEX_POINT('',#10857);
#3279=VERTEX_POINT('',#10859);
#3280=VERTEX_POINT('',#10861);
#3281=VERTEX_POINT('',#10863);
#3282=VERTEX_POINT('',#10865);
#3283=VERTEX_POINT('',#10869);
#3284=VERTEX_POINT('',#10874);
#3285=VERTEX_POINT('',#10875);
#3286=VERTEX_POINT('',#10877);
#3287=VERTEX_POINT('',#10879);
#3288=VERTEX_POINT('',#10884);
#3289=VERTEX_POINT('',#10888);
#3290=VERTEX_POINT('',#10895);
#3291=VERTEX_POINT('',#10899);
#3292=VERTEX_POINT('',#10902);
#3293=VERTEX_POINT('',#10913);
#3294=VERTEX_POINT('',#10914);
#3295=VERTEX_POINT('',#10916);
#3296=VERTEX_POINT('',#10918);
#3297=VERTEX_POINT('',#10922);
#3298=VERTEX_POINT('',#10924);
#3299=VERTEX_POINT('',#10928);
#3300=VERTEX_POINT('',#10930);
#3301=VERTEX_POINT('',#10937);
#3302=VERTEX_POINT('',#10939);
#3303=VERTEX_POINT('',#10941);
#3304=VERTEX_POINT('',#10943);
#3305=VERTEX_POINT('',#10945);
#3306=VERTEX_POINT('',#10947);
#3307=VERTEX_POINT('',#10951);
#3308=VERTEX_POINT('',#10956);
#3309=VERTEX_POINT('',#10957);
#3310=VERTEX_POINT('',#10959);
#3311=VERTEX_POINT('',#10961);
#3312=VERTEX_POINT('',#10966);
#3313=VERTEX_POINT('',#10970);
#3314=VERTEX_POINT('',#10977);
#3315=VERTEX_POINT('',#10981);
#3316=VERTEX_POINT('',#10984);
#3317=VERTEX_POINT('',#10995);
#3318=VERTEX_POINT('',#10996);
#3319=VERTEX_POINT('',#10998);
#3320=VERTEX_POINT('',#11000);
#3321=VERTEX_POINT('',#11004);
#3322=VERTEX_POINT('',#11006);
#3323=VERTEX_POINT('',#11010);
#3324=VERTEX_POINT('',#11012);
#3325=VERTEX_POINT('',#11019);
#3326=VERTEX_POINT('',#11021);
#3327=VERTEX_POINT('',#11023);
#3328=VERTEX_POINT('',#11025);
#3329=VERTEX_POINT('',#11027);
#3330=VERTEX_POINT('',#11029);
#3331=VERTEX_POINT('',#11033);
#3332=VERTEX_POINT('',#11038);
#3333=VERTEX_POINT('',#11039);
#3334=VERTEX_POINT('',#11041);
#3335=VERTEX_POINT('',#11043);
#3336=VERTEX_POINT('',#11048);
#3337=VERTEX_POINT('',#11052);
#3338=VERTEX_POINT('',#11059);
#3339=VERTEX_POINT('',#11063);
#3340=VERTEX_POINT('',#11066);
#3341=VERTEX_POINT('',#11077);
#3342=VERTEX_POINT('',#11078);
#3343=VERTEX_POINT('',#11080);
#3344=VERTEX_POINT('',#11082);
#3345=VERTEX_POINT('',#11086);
#3346=VERTEX_POINT('',#11088);
#3347=VERTEX_POINT('',#11092);
#3348=VERTEX_POINT('',#11094);
#3349=VERTEX_POINT('',#11101);
#3350=VERTEX_POINT('',#11103);
#3351=VERTEX_POINT('',#11105);
#3352=VERTEX_POINT('',#11107);
#3353=VERTEX_POINT('',#11109);
#3354=VERTEX_POINT('',#11111);
#3355=VERTEX_POINT('',#11115);
#3356=VERTEX_POINT('',#11120);
#3357=VERTEX_POINT('',#11121);
#3358=VERTEX_POINT('',#11123);
#3359=VERTEX_POINT('',#11125);
#3360=VERTEX_POINT('',#11130);
#3361=VERTEX_POINT('',#11134);
#3362=VERTEX_POINT('',#11141);
#3363=VERTEX_POINT('',#11145);
#3364=VERTEX_POINT('',#11148);
#3365=VERTEX_POINT('',#11159);
#3366=VERTEX_POINT('',#11160);
#3367=VERTEX_POINT('',#11162);
#3368=VERTEX_POINT('',#11164);
#3369=VERTEX_POINT('',#11168);
#3370=VERTEX_POINT('',#11170);
#3371=VERTEX_POINT('',#11174);
#3372=VERTEX_POINT('',#11176);
#3373=VERTEX_POINT('',#11183);
#3374=VERTEX_POINT('',#11185);
#3375=VERTEX_POINT('',#11187);
#3376=VERTEX_POINT('',#11189);
#3377=VERTEX_POINT('',#11191);
#3378=VERTEX_POINT('',#11193);
#3379=VERTEX_POINT('',#11197);
#3380=VERTEX_POINT('',#11202);
#3381=VERTEX_POINT('',#11203);
#3382=VERTEX_POINT('',#11205);
#3383=VERTEX_POINT('',#11207);
#3384=VERTEX_POINT('',#11212);
#3385=VERTEX_POINT('',#11216);
#3386=VERTEX_POINT('',#11223);
#3387=VERTEX_POINT('',#11227);
#3388=VERTEX_POINT('',#11230);
#3389=VERTEX_POINT('',#11241);
#3390=VERTEX_POINT('',#11242);
#3391=VERTEX_POINT('',#11244);
#3392=VERTEX_POINT('',#11246);
#3393=VERTEX_POINT('',#11250);
#3394=VERTEX_POINT('',#11252);
#3395=VERTEX_POINT('',#11256);
#3396=VERTEX_POINT('',#11258);
#3397=VERTEX_POINT('',#11265);
#3398=VERTEX_POINT('',#11267);
#3399=VERTEX_POINT('',#11269);
#3400=VERTEX_POINT('',#11271);
#3401=VERTEX_POINT('',#11273);
#3402=VERTEX_POINT('',#11275);
#3403=VERTEX_POINT('',#11279);
#3404=VERTEX_POINT('',#11284);
#3405=VERTEX_POINT('',#11285);
#3406=VERTEX_POINT('',#11287);
#3407=VERTEX_POINT('',#11289);
#3408=VERTEX_POINT('',#11294);
#3409=VERTEX_POINT('',#11298);
#3410=VERTEX_POINT('',#11305);
#3411=VERTEX_POINT('',#11309);
#3412=VERTEX_POINT('',#11312);
#3413=VERTEX_POINT('',#11323);
#3414=VERTEX_POINT('',#11324);
#3415=VERTEX_POINT('',#11326);
#3416=VERTEX_POINT('',#11328);
#3417=VERTEX_POINT('',#11332);
#3418=VERTEX_POINT('',#11334);
#3419=VERTEX_POINT('',#11338);
#3420=VERTEX_POINT('',#11340);
#3421=VERTEX_POINT('',#11347);
#3422=VERTEX_POINT('',#11349);
#3423=VERTEX_POINT('',#11351);
#3424=VERTEX_POINT('',#11353);
#3425=VERTEX_POINT('',#11355);
#3426=VERTEX_POINT('',#11357);
#3427=VERTEX_POINT('',#11361);
#3428=VERTEX_POINT('',#11366);
#3429=VERTEX_POINT('',#11367);
#3430=VERTEX_POINT('',#11369);
#3431=VERTEX_POINT('',#11371);
#3432=VERTEX_POINT('',#11376);
#3433=VERTEX_POINT('',#11380);
#3434=VERTEX_POINT('',#11387);
#3435=VERTEX_POINT('',#11391);
#3436=VERTEX_POINT('',#11394);
#3437=VERTEX_POINT('',#11405);
#3438=VERTEX_POINT('',#11406);
#3439=VERTEX_POINT('',#11408);
#3440=VERTEX_POINT('',#11410);
#3441=VERTEX_POINT('',#11414);
#3442=VERTEX_POINT('',#11416);
#3443=VERTEX_POINT('',#11420);
#3444=VERTEX_POINT('',#11422);
#3445=VERTEX_POINT('',#11429);
#3446=VERTEX_POINT('',#11431);
#3447=VERTEX_POINT('',#11433);
#3448=VERTEX_POINT('',#11435);
#3449=VERTEX_POINT('',#11437);
#3450=VERTEX_POINT('',#11439);
#3451=VERTEX_POINT('',#11443);
#3452=VERTEX_POINT('',#11448);
#3453=VERTEX_POINT('',#11449);
#3454=VERTEX_POINT('',#11451);
#3455=VERTEX_POINT('',#11453);
#3456=VERTEX_POINT('',#11458);
#3457=VERTEX_POINT('',#11462);
#3458=VERTEX_POINT('',#11469);
#3459=VERTEX_POINT('',#11473);
#3460=VERTEX_POINT('',#11476);
#3461=VERTEX_POINT('',#11487);
#3462=VERTEX_POINT('',#11488);
#3463=VERTEX_POINT('',#11490);
#3464=VERTEX_POINT('',#11492);
#3465=VERTEX_POINT('',#11496);
#3466=VERTEX_POINT('',#11498);
#3467=VERTEX_POINT('',#11502);
#3468=VERTEX_POINT('',#11504);
#3469=VERTEX_POINT('',#11511);
#3470=VERTEX_POINT('',#11513);
#3471=VERTEX_POINT('',#11515);
#3472=VERTEX_POINT('',#11517);
#3473=VERTEX_POINT('',#11519);
#3474=VERTEX_POINT('',#11521);
#3475=VERTEX_POINT('',#11525);
#3476=VERTEX_POINT('',#11530);
#3477=VERTEX_POINT('',#11531);
#3478=VERTEX_POINT('',#11533);
#3479=VERTEX_POINT('',#11535);
#3480=VERTEX_POINT('',#11540);
#3481=VERTEX_POINT('',#11544);
#3482=VERTEX_POINT('',#11551);
#3483=VERTEX_POINT('',#11555);
#3484=VERTEX_POINT('',#11558);
#3485=VERTEX_POINT('',#11569);
#3486=VERTEX_POINT('',#11570);
#3487=VERTEX_POINT('',#11572);
#3488=VERTEX_POINT('',#11574);
#3489=VERTEX_POINT('',#11578);
#3490=VERTEX_POINT('',#11580);
#3491=VERTEX_POINT('',#11584);
#3492=VERTEX_POINT('',#11586);
#3493=VERTEX_POINT('',#11593);
#3494=VERTEX_POINT('',#11595);
#3495=VERTEX_POINT('',#11597);
#3496=VERTEX_POINT('',#11599);
#3497=VERTEX_POINT('',#11601);
#3498=VERTEX_POINT('',#11603);
#3499=VERTEX_POINT('',#11607);
#3500=VERTEX_POINT('',#11612);
#3501=VERTEX_POINT('',#11613);
#3502=VERTEX_POINT('',#11615);
#3503=VERTEX_POINT('',#11617);
#3504=VERTEX_POINT('',#11622);
#3505=VERTEX_POINT('',#11626);
#3506=VERTEX_POINT('',#11633);
#3507=VERTEX_POINT('',#11637);
#3508=VERTEX_POINT('',#11640);
#3509=VERTEX_POINT('',#11651);
#3510=VERTEX_POINT('',#11652);
#3511=VERTEX_POINT('',#11654);
#3512=VERTEX_POINT('',#11656);
#3513=VERTEX_POINT('',#11660);
#3514=VERTEX_POINT('',#11662);
#3515=VERTEX_POINT('',#11666);
#3516=VERTEX_POINT('',#11668);
#3517=VERTEX_POINT('',#11675);
#3518=VERTEX_POINT('',#11677);
#3519=VERTEX_POINT('',#11679);
#3520=VERTEX_POINT('',#11681);
#3521=VERTEX_POINT('',#11683);
#3522=VERTEX_POINT('',#11685);
#3523=VERTEX_POINT('',#11689);
#3524=VERTEX_POINT('',#11694);
#3525=VERTEX_POINT('',#11695);
#3526=VERTEX_POINT('',#11697);
#3527=VERTEX_POINT('',#11699);
#3528=VERTEX_POINT('',#11704);
#3529=VERTEX_POINT('',#11708);
#3530=VERTEX_POINT('',#11715);
#3531=VERTEX_POINT('',#11719);
#3532=VERTEX_POINT('',#11722);
#3533=VERTEX_POINT('',#11733);
#3534=VERTEX_POINT('',#11734);
#3535=VERTEX_POINT('',#11736);
#3536=VERTEX_POINT('',#11738);
#3537=VERTEX_POINT('',#11742);
#3538=VERTEX_POINT('',#11744);
#3539=VERTEX_POINT('',#11748);
#3540=VERTEX_POINT('',#11750);
#3541=VERTEX_POINT('',#11757);
#3542=VERTEX_POINT('',#11759);
#3543=VERTEX_POINT('',#11761);
#3544=VERTEX_POINT('',#11763);
#3545=VERTEX_POINT('',#11765);
#3546=VERTEX_POINT('',#11767);
#3547=VERTEX_POINT('',#11771);
#3548=VERTEX_POINT('',#11776);
#3549=VERTEX_POINT('',#11777);
#3550=VERTEX_POINT('',#11779);
#3551=VERTEX_POINT('',#11781);
#3552=VERTEX_POINT('',#11786);
#3553=VERTEX_POINT('',#11790);
#3554=VERTEX_POINT('',#11797);
#3555=VERTEX_POINT('',#11801);
#3556=VERTEX_POINT('',#11804);
#3557=VERTEX_POINT('',#11815);
#3558=VERTEX_POINT('',#11816);
#3559=VERTEX_POINT('',#11818);
#3560=VERTEX_POINT('',#11820);
#3561=VERTEX_POINT('',#11824);
#3562=VERTEX_POINT('',#11826);
#3563=VERTEX_POINT('',#11830);
#3564=VERTEX_POINT('',#11832);
#3565=VERTEX_POINT('',#11839);
#3566=VERTEX_POINT('',#11841);
#3567=VERTEX_POINT('',#11843);
#3568=VERTEX_POINT('',#11845);
#3569=VERTEX_POINT('',#11847);
#3570=VERTEX_POINT('',#11849);
#3571=VERTEX_POINT('',#11853);
#3572=VERTEX_POINT('',#11858);
#3573=VERTEX_POINT('',#11859);
#3574=VERTEX_POINT('',#11861);
#3575=VERTEX_POINT('',#11863);
#3576=VERTEX_POINT('',#11868);
#3577=VERTEX_POINT('',#11872);
#3578=VERTEX_POINT('',#11879);
#3579=VERTEX_POINT('',#11883);
#3580=VERTEX_POINT('',#11886);
#3581=EDGE_CURVE('',#2935,#2936,#995,.T.);
#3582=EDGE_CURVE('',#2937,#2935,#996,.T.);
#3583=EDGE_CURVE('',#2938,#2937,#997,.T.);
#3584=EDGE_CURVE('',#2938,#2936,#998,.T.);
#3585=EDGE_CURVE('',#2936,#2939,#999,.T.);
#3586=EDGE_CURVE('',#2940,#2938,#1000,.T.);
#3587=EDGE_CURVE('',#2940,#2939,#1001,.T.);
#3588=EDGE_CURVE('',#2939,#2941,#1002,.T.);
#3589=EDGE_CURVE('',#2942,#2940,#1003,.T.);
#3590=EDGE_CURVE('',#2941,#2942,#1004,.T.);
#3591=EDGE_CURVE('',#2943,#2944,#1005,.T.);
#3592=EDGE_CURVE('',#2945,#2943,#1006,.T.);
#3593=EDGE_CURVE('',#2946,#2945,#1007,.T.);
#3594=EDGE_CURVE('',#2944,#2946,#1008,.T.);
#3595=EDGE_CURVE('',#2944,#2947,#1009,.T.);
#3596=EDGE_CURVE('',#2948,#2946,#1010,.T.);
#3597=EDGE_CURVE('',#2947,#2948,#1011,.T.);
#3598=EDGE_CURVE('',#2947,#2949,#1012,.T.);
#3599=EDGE_CURVE('',#2950,#2948,#1013,.T.);
#3600=EDGE_CURVE('',#2949,#2950,#1014,.T.);
#3601=EDGE_CURVE('',#2945,#2951,#1015,.T.);
#3602=EDGE_CURVE('',#2951,#2952,#1016,.T.);
#3603=EDGE_CURVE('',#2952,#2953,#1017,.T.);
#3604=EDGE_CURVE('',#2953,#2954,#1018,.T.);
#3605=EDGE_CURVE('',#2954,#2955,#1019,.T.);
#3606=EDGE_CURVE('',#2955,#2956,#1020,.T.);
#3607=EDGE_CURVE('',#2956,#2950,#1021,.T.);
#3608=EDGE_CURVE('',#2943,#2957,#1022,.T.);
#3609=EDGE_CURVE('',#2957,#2958,#1023,.T.);
#3610=EDGE_CURVE('',#2958,#2959,#1024,.T.);
#3611=EDGE_CURVE('',#2951,#2959,#1025,.T.);
#3612=EDGE_CURVE('',#2960,#2942,#1026,.T.);
#3613=EDGE_CURVE('',#2961,#2960,#1027,.T.);
#3614=EDGE_CURVE('',#2961,#2962,#1028,.T.);
#3615=EDGE_CURVE('',#2962,#2963,#1029,.T.);
#3616=EDGE_CURVE('',#2963,#2941,#1030,.T.);
#3617=EDGE_CURVE('',#2964,#2963,#1031,.F.);
#3618=EDGE_CURVE('',#2964,#2965,#1032,.T.);
#3619=EDGE_CURVE('',#2965,#2966,#1033,.T.);
#3620=EDGE_CURVE('',#2967,#2966,#1034,.F.);
#3621=EDGE_CURVE('',#2967,#2968,#1035,.T.);
#3622=EDGE_CURVE('',#2935,#2968,#1036,.T.);
#3623=EDGE_CURVE('',#2969,#2958,#1037,.T.);
#3624=EDGE_CURVE('',#2970,#2969,#1038,.T.);
#3625=EDGE_CURVE('',#2959,#2970,#1039,.T.);
#3626=EDGE_CURVE('',#2971,#2972,#1040,.T.);
#3627=EDGE_CURVE('',#2973,#2971,#1041,.T.);
#3628=EDGE_CURVE('',#2974,#2973,#1042,.T.);
#3629=EDGE_CURVE('',#2975,#2974,#1043,.T.);
#3630=EDGE_CURVE('',#2975,#2976,#1044,.T.);
#3631=EDGE_CURVE('',#2972,#2976,#1045,.T.);
#3632=EDGE_CURVE('',#2974,#2977,#1046,.T.);
#3633=EDGE_CURVE('',#2978,#2973,#1047,.T.);
#3634=EDGE_CURVE('',#2977,#2978,#1048,.T.);
#3635=EDGE_CURVE('',#2979,#2980,#1049,.T.);
#3636=EDGE_CURVE('',#2976,#2979,#1050,.T.);
#3637=EDGE_CURVE('',#2981,#2975,#1051,.T.);
#3638=EDGE_CURVE('',#2982,#2981,#1052,.T.);
#3639=EDGE_CURVE('',#2980,#2982,#1053,.T.);
#3640=EDGE_CURVE('',#2983,#2971,#1054,.T.);
#3641=EDGE_CURVE('',#2980,#2983,#1055,.T.);
#3642=EDGE_CURVE('',#2984,#2982,#1056,.T.);
#3643=EDGE_CURVE('',#2985,#2984,#1057,.T.);
#3644=EDGE_CURVE('',#2978,#2985,#1058,.T.);
#3645=EDGE_CURVE('',#2986,#2981,#1059,.T.);
#3646=EDGE_CURVE('',#2986,#2987,#1060,.T.);
#3647=EDGE_CURVE('',#2988,#2987,#1061,.T.);
#3648=EDGE_CURVE('',#2984,#2988,#1062,.T.);
#3649=EDGE_CURVE('',#2989,#2990,#1063,.T.);
#3650=EDGE_CURVE('',#2991,#2989,#1064,.T.);
#3651=EDGE_CURVE('',#2992,#2991,#1065,.T.);
#3652=EDGE_CURVE('',#2990,#2992,#1066,.T.);
#3653=EDGE_CURVE('',#2970,#2993,#1067,.T.);
#3654=EDGE_CURVE('',#2993,#2961,#1068,.T.);
#3655=EDGE_CURVE('',#2994,#2960,#1069,.T.);
#3656=EDGE_CURVE('',#2995,#2994,#1070,.T.);
#3657=EDGE_CURVE('',#2995,#2996,#1071,.T.);
#3658=EDGE_CURVE('',#2996,#2997,#1072,.T.);
#3659=EDGE_CURVE('',#2997,#2998,#1073,.T.);
#3660=EDGE_CURVE('',#2998,#2999,#1074,.T.);
#3661=EDGE_CURVE('',#2999,#3000,#1075,.T.);
#3662=EDGE_CURVE('',#3001,#3000,#1076,.T.);
#3663=EDGE_CURVE('',#3001,#3002,#1077,.T.);
#3664=EDGE_CURVE('',#3002,#3003,#1078,.T.);
#3665=EDGE_CURVE('',#3003,#3004,#1079,.T.);
#3666=EDGE_CURVE('',#3005,#3004,#1080,.T.);
#3667=EDGE_CURVE('',#3005,#3006,#1081,.T.);
#3668=EDGE_CURVE('',#3006,#3007,#1082,.T.);
#3669=EDGE_CURVE('',#3007,#3008,#1083,.T.);
#3670=EDGE_CURVE('',#3009,#3008,#1084,.T.);
#3671=EDGE_CURVE('',#3009,#3010,#1085,.T.);
#3672=EDGE_CURVE('',#3010,#3011,#1086,.T.);
#3673=EDGE_CURVE('',#3011,#3012,#1087,.T.);
#3674=EDGE_CURVE('',#3013,#3012,#1088,.T.);
#3675=EDGE_CURVE('',#3013,#3014,#1089,.T.);
#3676=EDGE_CURVE('',#3014,#3015,#1090,.T.);
#3677=EDGE_CURVE('',#3015,#3016,#1091,.T.);
#3678=EDGE_CURVE('',#3017,#3016,#1092,.T.);
#3679=EDGE_CURVE('',#3017,#3018,#1093,.T.);
#3680=EDGE_CURVE('',#3018,#3019,#1094,.T.);
#3681=EDGE_CURVE('',#3019,#3020,#1095,.T.);
#3682=EDGE_CURVE('',#3021,#3020,#1096,.T.);
#3683=EDGE_CURVE('',#3021,#3022,#1097,.T.);
#3684=EDGE_CURVE('',#3022,#3023,#1098,.T.);
#3685=EDGE_CURVE('',#3023,#3024,#1099,.T.);
#3686=EDGE_CURVE('',#3025,#3024,#1100,.T.);
#3687=EDGE_CURVE('',#3025,#3026,#1101,.T.);
#3688=EDGE_CURVE('',#3026,#3027,#1102,.T.);
#3689=EDGE_CURVE('',#3027,#3028,#1103,.T.);
#3690=EDGE_CURVE('',#3029,#3028,#1104,.T.);
#3691=EDGE_CURVE('',#3029,#3030,#1105,.T.);
#3692=EDGE_CURVE('',#3030,#3031,#1106,.T.);
#3693=EDGE_CURVE('',#3031,#3032,#1107,.T.);
#3694=EDGE_CURVE('',#3033,#3032,#1108,.T.);
#3695=EDGE_CURVE('',#3033,#3034,#1109,.T.);
#3696=EDGE_CURVE('',#3034,#3035,#1110,.T.);
#3697=EDGE_CURVE('',#3035,#3036,#1111,.T.);
#3698=EDGE_CURVE('',#3037,#3036,#1112,.T.);
#3699=EDGE_CURVE('',#3037,#3038,#1113,.T.);
#3700=EDGE_CURVE('',#3038,#3039,#1114,.T.);
#3701=EDGE_CURVE('',#3039,#3040,#1115,.T.);
#3702=EDGE_CURVE('',#3041,#3040,#1116,.T.);
#3703=EDGE_CURVE('',#3041,#3042,#1117,.T.);
#3704=EDGE_CURVE('',#3042,#3043,#1118,.T.);
#3705=EDGE_CURVE('',#3043,#3044,#1119,.T.);
#3706=EDGE_CURVE('',#3045,#3044,#1120,.T.);
#3707=EDGE_CURVE('',#3045,#3046,#1121,.T.);
#3708=EDGE_CURVE('',#3046,#3047,#1122,.T.);
#3709=EDGE_CURVE('',#3047,#3048,#1123,.T.);
#3710=EDGE_CURVE('',#3049,#3048,#1124,.T.);
#3711=EDGE_CURVE('',#3049,#2986,#1125,.T.);
#3712=EDGE_CURVE('',#2952,#2977,#1126,.T.);
#3713=EDGE_CURVE('',#3050,#2949,#1127,.T.);
#3714=EDGE_CURVE('',#3050,#3051,#1128,.T.);
#3715=EDGE_CURVE('',#2983,#3051,#1129,.T.);
#3716=EDGE_CURVE('',#2957,#2972,#1130,.T.);
#3717=EDGE_CURVE('',#3052,#2953,#1131,.T.);
#3718=EDGE_CURVE('',#3052,#3053,#1132,.T.);
#3719=EDGE_CURVE('',#2954,#3053,#1133,.T.);
#3720=EDGE_CURVE('',#3054,#3055,#1134,.T.);
#3721=EDGE_CURVE('',#3055,#3056,#1135,.T.);
#3722=EDGE_CURVE('',#3056,#3057,#1136,.T.);
#3723=EDGE_CURVE('',#3057,#3054,#1137,.T.);
#3724=EDGE_CURVE('',#3053,#3058,#1138,.T.);
#3725=EDGE_CURVE('',#2955,#3058,#1139,.T.);
#3726=EDGE_CURVE('',#3057,#3052,#1140,.T.);
#3727=EDGE_CURVE('',#3058,#3056,#1141,.T.);
#3728=EDGE_CURVE('',#3059,#2969,#1142,.T.);
#3729=EDGE_CURVE('',#2993,#3059,#1143,.T.);
#3730=EDGE_CURVE('',#2962,#3059,#1144,.T.);
#3731=EDGE_CURVE('',#3060,#3061,#1145,.T.);
#3732=EDGE_CURVE('',#3060,#3062,#1146,.T.);
#3733=EDGE_CURVE('',#2998,#3062,#1147,.T.);
#3734=EDGE_CURVE('',#2997,#3063,#1148,.T.);
#3735=EDGE_CURVE('',#3061,#3063,#1149,.T.);
#3736=EDGE_CURVE('',#3063,#2964,#1150,.T.);
#3737=EDGE_CURVE('',#2996,#3064,#1151,.T.);
#3738=EDGE_CURVE('',#3064,#2965,#1152,.T.);
#3739=EDGE_CURVE('',#3065,#2995,#1153,.T.);
#3740=EDGE_CURVE('',#3065,#3064,#1154,.T.);
#3741=EDGE_CURVE('',#2966,#3060,#1155,.T.);
#3742=EDGE_CURVE('',#3066,#3065,#1156,.T.);
#3743=EDGE_CURVE('',#3067,#3066,#1157,.T.);
#3744=EDGE_CURVE('',#3062,#3067,#1158,.T.);
#3745=EDGE_CURVE('',#3067,#3068,#1159,.T.);
#3746=EDGE_CURVE('',#3069,#3068,#1160,.T.);
#3747=EDGE_CURVE('',#2999,#3069,#1161,.T.);
#3748=EDGE_CURVE('',#3070,#3071,#1162,.T.);
#3749=EDGE_CURVE('',#3072,#3070,#1163,.T.);
#3750=EDGE_CURVE('',#3073,#3072,#1164,.T.);
#3751=EDGE_CURVE('',#3071,#3073,#1165,.T.);
#3752=EDGE_CURVE('',#2979,#3061,#1166,.F.);
#3753=EDGE_CURVE('',#3074,#3075,#1167,.T.);
#3754=EDGE_CURVE('',#3075,#3076,#1168,.T.);
#3755=EDGE_CURVE('',#3077,#3076,#1169,.T.);
#3756=EDGE_CURVE('',#3074,#3077,#1170,.T.);
#3757=EDGE_CURVE('',#3078,#3079,#1171,.T.);
#3758=EDGE_CURVE('',#3079,#3080,#1172,.T.);
#3759=EDGE_CURVE('',#3081,#3080,#1173,.T.);
#3760=EDGE_CURVE('',#3078,#3081,#1174,.T.);
#3761=EDGE_CURVE('',#3079,#3082,#1175,.T.);
#3762=EDGE_CURVE('',#3082,#3083,#1176,.T.);
#3763=EDGE_CURVE('',#3080,#3083,#1177,.T.);
#3764=EDGE_CURVE('',#3083,#3077,#1178,.T.);
#3765=EDGE_CURVE('',#3081,#3076,#1179,.T.);
#3766=EDGE_CURVE('',#3078,#2994,#1180,.T.);
#3767=EDGE_CURVE('',#3076,#3084,#1181,.T.);
#3768=EDGE_CURVE('',#3084,#3066,#1182,.T.);
#3769=EDGE_CURVE('',#3085,#3069,#1183,.T.);
#3770=EDGE_CURVE('',#3000,#3085,#1184,.T.);
#3771=EDGE_CURVE('',#3068,#3084,#1185,.T.);
#3772=EDGE_CURVE('',#3085,#3086,#1186,.T.);
#3773=EDGE_CURVE('',#3086,#3001,#1187,.T.);
#3774=EDGE_CURVE('',#3087,#3072,#1188,.T.);
#3775=EDGE_CURVE('',#3088,#3087,#1189,.T.);
#3776=EDGE_CURVE('',#3088,#3073,#1190,.T.);
#3777=EDGE_CURVE('',#3089,#3070,#1191,.T.);
#3778=EDGE_CURVE('',#3087,#3089,#1192,.T.);
#3779=EDGE_CURVE('',#3090,#3071,#1193,.T.);
#3780=EDGE_CURVE('',#3089,#3090,#1194,.T.);
#3781=EDGE_CURVE('',#3090,#3088,#1195,.T.);
#3782=EDGE_CURVE('',#3091,#3092,#1196,.T.);
#3783=EDGE_CURVE('',#3004,#3091,#1197,.T.);
#3784=EDGE_CURVE('',#3003,#3092,#1198,.T.);
#3785=EDGE_CURVE('',#3092,#3093,#1199,.T.);
#3786=EDGE_CURVE('',#3002,#3093,#1200,.T.);
#3787=EDGE_CURVE('',#3094,#3095,#1201,.T.);
#3788=EDGE_CURVE('',#3096,#3094,#1202,.T.);
#3789=EDGE_CURVE('',#3097,#3096,#1203,.T.);
#3790=EDGE_CURVE('',#3095,#3097,#1204,.T.);
#3791=EDGE_CURVE('',#3093,#3086,#1205,.T.);
#3792=EDGE_CURVE('',#3091,#3098,#1206,.T.);
#3793=EDGE_CURVE('',#3098,#3005,#1207,.T.);
#3794=EDGE_CURVE('',#3099,#3096,#1208,.T.);
#3795=EDGE_CURVE('',#3100,#3099,#1209,.T.);
#3796=EDGE_CURVE('',#3100,#3097,#1210,.T.);
#3797=EDGE_CURVE('',#3101,#3094,#1211,.T.);
#3798=EDGE_CURVE('',#3099,#3101,#1212,.T.);
#3799=EDGE_CURVE('',#3102,#3095,#1213,.T.);
#3800=EDGE_CURVE('',#3101,#3102,#1214,.T.);
#3801=EDGE_CURVE('',#3102,#3100,#1215,.T.);
#3802=EDGE_CURVE('',#3103,#3104,#1216,.T.);
#3803=EDGE_CURVE('',#3008,#3103,#1217,.T.);
#3804=EDGE_CURVE('',#3007,#3104,#1218,.T.);
#3805=EDGE_CURVE('',#3104,#3105,#1219,.T.);
#3806=EDGE_CURVE('',#3006,#3105,#1220,.T.);
#3807=EDGE_CURVE('',#3106,#3107,#1221,.T.);
#3808=EDGE_CURVE('',#3108,#3106,#1222,.T.);
#3809=EDGE_CURVE('',#3109,#3108,#1223,.T.);
#3810=EDGE_CURVE('',#3107,#3109,#1224,.T.);
#3811=EDGE_CURVE('',#3105,#3098,#1225,.T.);
#3812=EDGE_CURVE('',#3103,#3110,#1226,.T.);
#3813=EDGE_CURVE('',#3110,#3009,#1227,.T.);
#3814=EDGE_CURVE('',#3111,#3108,#1228,.T.);
#3815=EDGE_CURVE('',#3112,#3111,#1229,.T.);
#3816=EDGE_CURVE('',#3112,#3109,#1230,.T.);
#3817=EDGE_CURVE('',#3113,#3106,#1231,.T.);
#3818=EDGE_CURVE('',#3111,#3113,#1232,.T.);
#3819=EDGE_CURVE('',#3114,#3107,#1233,.T.);
#3820=EDGE_CURVE('',#3113,#3114,#1234,.T.);
#3821=EDGE_CURVE('',#3114,#3112,#1235,.T.);
#3822=EDGE_CURVE('',#3115,#3116,#1236,.T.);
#3823=EDGE_CURVE('',#3012,#3115,#1237,.T.);
#3824=EDGE_CURVE('',#3011,#3116,#1238,.T.);
#3825=EDGE_CURVE('',#3116,#3117,#1239,.T.);
#3826=EDGE_CURVE('',#3010,#3117,#1240,.T.);
#3827=EDGE_CURVE('',#3118,#3119,#1241,.T.);
#3828=EDGE_CURVE('',#3120,#3118,#1242,.T.);
#3829=EDGE_CURVE('',#3121,#3120,#1243,.T.);
#3830=EDGE_CURVE('',#3119,#3121,#1244,.T.);
#3831=EDGE_CURVE('',#3117,#3110,#1245,.T.);
#3832=EDGE_CURVE('',#3115,#3122,#1246,.T.);
#3833=EDGE_CURVE('',#3122,#3013,#1247,.T.);
#3834=EDGE_CURVE('',#3123,#3120,#1248,.T.);
#3835=EDGE_CURVE('',#3124,#3123,#1249,.T.);
#3836=EDGE_CURVE('',#3124,#3121,#1250,.T.);
#3837=EDGE_CURVE('',#3125,#3118,#1251,.T.);
#3838=EDGE_CURVE('',#3123,#3125,#1252,.T.);
#3839=EDGE_CURVE('',#3126,#3119,#1253,.T.);
#3840=EDGE_CURVE('',#3125,#3126,#1254,.T.);
#3841=EDGE_CURVE('',#3126,#3124,#1255,.T.);
#3842=EDGE_CURVE('',#3127,#3128,#1256,.T.);
#3843=EDGE_CURVE('',#3016,#3127,#1257,.T.);
#3844=EDGE_CURVE('',#3015,#3128,#1258,.T.);
#3845=EDGE_CURVE('',#3128,#3129,#1259,.T.);
#3846=EDGE_CURVE('',#3014,#3129,#1260,.T.);
#3847=EDGE_CURVE('',#3130,#3131,#1261,.T.);
#3848=EDGE_CURVE('',#3132,#3130,#1262,.T.);
#3849=EDGE_CURVE('',#3133,#3132,#1263,.T.);
#3850=EDGE_CURVE('',#3131,#3133,#1264,.T.);
#3851=EDGE_CURVE('',#3129,#3122,#1265,.T.);
#3852=EDGE_CURVE('',#3127,#3134,#1266,.T.);
#3853=EDGE_CURVE('',#3134,#3017,#1267,.T.);
#3854=EDGE_CURVE('',#3135,#3132,#1268,.T.);
#3855=EDGE_CURVE('',#3136,#3135,#1269,.T.);
#3856=EDGE_CURVE('',#3136,#3133,#1270,.T.);
#3857=EDGE_CURVE('',#3137,#3130,#1271,.T.);
#3858=EDGE_CURVE('',#3135,#3137,#1272,.T.);
#3859=EDGE_CURVE('',#3138,#3131,#1273,.T.);
#3860=EDGE_CURVE('',#3137,#3138,#1274,.T.);
#3861=EDGE_CURVE('',#3138,#3136,#1275,.T.);
#3862=EDGE_CURVE('',#3139,#3140,#1276,.T.);
#3863=EDGE_CURVE('',#3020,#3139,#1277,.T.);
#3864=EDGE_CURVE('',#3019,#3140,#1278,.T.);
#3865=EDGE_CURVE('',#3140,#3141,#1279,.T.);
#3866=EDGE_CURVE('',#3018,#3141,#1280,.T.);
#3867=EDGE_CURVE('',#3142,#3143,#1281,.T.);
#3868=EDGE_CURVE('',#3144,#3142,#1282,.T.);
#3869=EDGE_CURVE('',#3145,#3144,#1283,.T.);
#3870=EDGE_CURVE('',#3143,#3145,#1284,.T.);
#3871=EDGE_CURVE('',#3141,#3134,#1285,.T.);
#3872=EDGE_CURVE('',#3139,#3146,#1286,.T.);
#3873=EDGE_CURVE('',#3146,#3021,#1287,.T.);
#3874=EDGE_CURVE('',#3147,#3144,#1288,.T.);
#3875=EDGE_CURVE('',#3148,#3147,#1289,.T.);
#3876=EDGE_CURVE('',#3148,#3145,#1290,.T.);
#3877=EDGE_CURVE('',#3149,#3142,#1291,.T.);
#3878=EDGE_CURVE('',#3147,#3149,#1292,.T.);
#3879=EDGE_CURVE('',#3150,#3143,#1293,.T.);
#3880=EDGE_CURVE('',#3149,#3150,#1294,.T.);
#3881=EDGE_CURVE('',#3150,#3148,#1295,.T.);
#3882=EDGE_CURVE('',#3151,#3152,#1296,.T.);
#3883=EDGE_CURVE('',#3024,#3151,#1297,.T.);
#3884=EDGE_CURVE('',#3023,#3152,#1298,.T.);
#3885=EDGE_CURVE('',#3152,#3153,#1299,.T.);
#3886=EDGE_CURVE('',#3022,#3153,#1300,.T.);
#3887=EDGE_CURVE('',#3154,#3155,#1301,.T.);
#3888=EDGE_CURVE('',#3156,#3154,#1302,.T.);
#3889=EDGE_CURVE('',#3157,#3156,#1303,.T.);
#3890=EDGE_CURVE('',#3155,#3157,#1304,.T.);
#3891=EDGE_CURVE('',#3153,#3146,#1305,.T.);
#3892=EDGE_CURVE('',#3151,#3158,#1306,.T.);
#3893=EDGE_CURVE('',#3158,#3025,#1307,.T.);
#3894=EDGE_CURVE('',#3159,#3156,#1308,.T.);
#3895=EDGE_CURVE('',#3160,#3159,#1309,.T.);
#3896=EDGE_CURVE('',#3160,#3157,#1310,.T.);
#3897=EDGE_CURVE('',#3161,#3154,#1311,.T.);
#3898=EDGE_CURVE('',#3159,#3161,#1312,.T.);
#3899=EDGE_CURVE('',#3162,#3155,#1313,.T.);
#3900=EDGE_CURVE('',#3161,#3162,#1314,.T.);
#3901=EDGE_CURVE('',#3162,#3160,#1315,.T.);
#3902=EDGE_CURVE('',#3163,#3164,#1316,.T.);
#3903=EDGE_CURVE('',#3028,#3163,#1317,.T.);
#3904=EDGE_CURVE('',#3027,#3164,#1318,.T.);
#3905=EDGE_CURVE('',#3164,#3165,#1319,.T.);
#3906=EDGE_CURVE('',#3026,#3165,#1320,.T.);
#3907=EDGE_CURVE('',#3166,#3167,#1321,.T.);
#3908=EDGE_CURVE('',#3168,#3166,#1322,.T.);
#3909=EDGE_CURVE('',#3169,#3168,#1323,.T.);
#3910=EDGE_CURVE('',#3167,#3169,#1324,.T.);
#3911=EDGE_CURVE('',#3165,#3158,#1325,.T.);
#3912=EDGE_CURVE('',#3163,#3170,#1326,.T.);
#3913=EDGE_CURVE('',#3170,#3029,#1327,.T.);
#3914=EDGE_CURVE('',#3171,#3168,#1328,.T.);
#3915=EDGE_CURVE('',#3172,#3171,#1329,.T.);
#3916=EDGE_CURVE('',#3172,#3169,#1330,.T.);
#3917=EDGE_CURVE('',#3173,#3166,#1331,.T.);
#3918=EDGE_CURVE('',#3171,#3173,#1332,.T.);
#3919=EDGE_CURVE('',#3174,#3167,#1333,.T.);
#3920=EDGE_CURVE('',#3173,#3174,#1334,.T.);
#3921=EDGE_CURVE('',#3174,#3172,#1335,.T.);
#3922=EDGE_CURVE('',#3175,#3176,#1336,.T.);
#3923=EDGE_CURVE('',#3032,#3175,#1337,.T.);
#3924=EDGE_CURVE('',#3031,#3176,#1338,.T.);
#3925=EDGE_CURVE('',#3176,#3177,#1339,.T.);
#3926=EDGE_CURVE('',#3030,#3177,#1340,.T.);
#3927=EDGE_CURVE('',#3178,#3179,#1341,.T.);
#3928=EDGE_CURVE('',#3180,#3178,#1342,.T.);
#3929=EDGE_CURVE('',#3181,#3180,#1343,.T.);
#3930=EDGE_CURVE('',#3179,#3181,#1344,.T.);
#3931=EDGE_CURVE('',#3177,#3170,#1345,.T.);
#3932=EDGE_CURVE('',#3175,#3182,#1346,.T.);
#3933=EDGE_CURVE('',#3182,#3033,#1347,.T.);
#3934=EDGE_CURVE('',#3183,#3180,#1348,.T.);
#3935=EDGE_CURVE('',#3184,#3183,#1349,.T.);
#3936=EDGE_CURVE('',#3184,#3181,#1350,.T.);
#3937=EDGE_CURVE('',#3185,#3178,#1351,.T.);
#3938=EDGE_CURVE('',#3183,#3185,#1352,.T.);
#3939=EDGE_CURVE('',#3186,#3179,#1353,.T.);
#3940=EDGE_CURVE('',#3185,#3186,#1354,.T.);
#3941=EDGE_CURVE('',#3186,#3184,#1355,.T.);
#3942=EDGE_CURVE('',#3187,#3188,#1356,.T.);
#3943=EDGE_CURVE('',#3036,#3187,#1357,.T.);
#3944=EDGE_CURVE('',#3035,#3188,#1358,.T.);
#3945=EDGE_CURVE('',#3188,#3189,#1359,.T.);
#3946=EDGE_CURVE('',#3034,#3189,#1360,.T.);
#3947=EDGE_CURVE('',#3190,#3191,#1361,.T.);
#3948=EDGE_CURVE('',#3192,#3190,#1362,.T.);
#3949=EDGE_CURVE('',#3193,#3192,#1363,.T.);
#3950=EDGE_CURVE('',#3191,#3193,#1364,.T.);
#3951=EDGE_CURVE('',#3189,#3182,#1365,.T.);
#3952=EDGE_CURVE('',#3187,#3194,#1366,.T.);
#3953=EDGE_CURVE('',#3194,#3037,#1367,.T.);
#3954=EDGE_CURVE('',#3195,#3192,#1368,.T.);
#3955=EDGE_CURVE('',#3196,#3195,#1369,.T.);
#3956=EDGE_CURVE('',#3196,#3193,#1370,.T.);
#3957=EDGE_CURVE('',#3197,#3190,#1371,.T.);
#3958=EDGE_CURVE('',#3195,#3197,#1372,.T.);
#3959=EDGE_CURVE('',#3198,#3191,#1373,.T.);
#3960=EDGE_CURVE('',#3197,#3198,#1374,.T.);
#3961=EDGE_CURVE('',#3198,#3196,#1375,.T.);
#3962=EDGE_CURVE('',#3199,#3200,#1376,.T.);
#3963=EDGE_CURVE('',#3040,#3199,#1377,.T.);
#3964=EDGE_CURVE('',#3039,#3200,#1378,.T.);
#3965=EDGE_CURVE('',#3200,#3201,#1379,.T.);
#3966=EDGE_CURVE('',#3038,#3201,#1380,.T.);
#3967=EDGE_CURVE('',#3202,#3203,#1381,.T.);
#3968=EDGE_CURVE('',#3204,#3202,#1382,.T.);
#3969=EDGE_CURVE('',#3205,#3204,#1383,.T.);
#3970=EDGE_CURVE('',#3203,#3205,#1384,.T.);
#3971=EDGE_CURVE('',#3201,#3194,#1385,.T.);
#3972=EDGE_CURVE('',#3199,#3206,#1386,.T.);
#3973=EDGE_CURVE('',#3206,#3041,#1387,.T.);
#3974=EDGE_CURVE('',#3207,#3204,#1388,.T.);
#3975=EDGE_CURVE('',#3208,#3207,#1389,.T.);
#3976=EDGE_CURVE('',#3208,#3205,#1390,.T.);
#3977=EDGE_CURVE('',#3209,#3202,#1391,.T.);
#3978=EDGE_CURVE('',#3207,#3209,#1392,.T.);
#3979=EDGE_CURVE('',#3210,#3203,#1393,.T.);
#3980=EDGE_CURVE('',#3209,#3210,#1394,.T.);
#3981=EDGE_CURVE('',#3210,#3208,#1395,.T.);
#3982=EDGE_CURVE('',#3211,#3212,#1396,.T.);
#3983=EDGE_CURVE('',#3044,#3211,#1397,.T.);
#3984=EDGE_CURVE('',#3043,#3212,#1398,.T.);
#3985=EDGE_CURVE('',#3212,#3213,#1399,.T.);
#3986=EDGE_CURVE('',#3042,#3213,#1400,.T.);
#3987=EDGE_CURVE('',#3214,#3215,#1401,.T.);
#3988=EDGE_CURVE('',#3216,#3214,#1402,.T.);
#3989=EDGE_CURVE('',#3217,#3216,#1403,.T.);
#3990=EDGE_CURVE('',#3215,#3217,#1404,.T.);
#3991=EDGE_CURVE('',#3213,#3206,#1405,.T.);
#3992=EDGE_CURVE('',#3211,#3218,#1406,.T.);
#3993=EDGE_CURVE('',#3218,#3045,#1407,.T.);
#3994=EDGE_CURVE('',#3219,#3216,#1408,.T.);
#3995=EDGE_CURVE('',#3220,#3219,#1409,.T.);
#3996=EDGE_CURVE('',#3220,#3217,#1410,.T.);
#3997=EDGE_CURVE('',#3221,#3214,#1411,.T.);
#3998=EDGE_CURVE('',#3219,#3221,#1412,.T.);
#3999=EDGE_CURVE('',#3222,#3215,#1413,.T.);
#4000=EDGE_CURVE('',#3221,#3222,#1414,.T.);
#4001=EDGE_CURVE('',#3222,#3220,#1415,.T.);
#4002=EDGE_CURVE('',#3223,#3224,#1416,.T.);
#4003=EDGE_CURVE('',#3048,#3223,#1417,.T.);
#4004=EDGE_CURVE('',#3047,#3224,#1418,.T.);
#4005=EDGE_CURVE('',#3224,#3225,#1419,.T.);
#4006=EDGE_CURVE('',#3046,#3225,#1420,.T.);
#4007=EDGE_CURVE('',#3226,#3227,#1421,.T.);
#4008=EDGE_CURVE('',#3228,#3226,#1422,.T.);
#4009=EDGE_CURVE('',#3229,#3228,#1423,.T.);
#4010=EDGE_CURVE('',#3227,#3229,#1424,.T.);
#4011=EDGE_CURVE('',#3225,#3218,#1425,.T.);
#4012=EDGE_CURVE('',#3223,#3230,#1426,.T.);
#4013=EDGE_CURVE('',#3230,#3049,#1427,.T.);
#4014=EDGE_CURVE('',#3231,#3228,#1428,.T.);
#4015=EDGE_CURVE('',#3232,#3231,#1429,.T.);
#4016=EDGE_CURVE('',#3232,#3229,#1430,.T.);
#4017=EDGE_CURVE('',#3233,#3226,#1431,.T.);
#4018=EDGE_CURVE('',#3231,#3233,#1432,.T.);
#4019=EDGE_CURVE('',#3234,#3227,#1433,.T.);
#4020=EDGE_CURVE('',#3233,#3234,#1434,.T.);
#4021=EDGE_CURVE('',#3234,#3232,#1435,.T.);
#4022=EDGE_CURVE('',#2987,#3230,#1436,.T.);
#4023=EDGE_CURVE('',#3235,#2988,#1437,.T.);
#4024=EDGE_CURVE('',#2985,#3235,#1438,.T.);
#4025=EDGE_CURVE('',#3236,#3075,#1439,.T.);
#4026=EDGE_CURVE('',#3237,#3236,#1440,.T.);
#4027=EDGE_CURVE('',#3237,#3054,#1441,.T.);
#4028=EDGE_CURVE('',#3235,#3057,#1442,.T.);
#4029=EDGE_CURVE('',#3238,#2991,#1443,.T.);
#4030=EDGE_CURVE('',#3239,#3238,#1444,.T.);
#4031=EDGE_CURVE('',#3239,#2992,#1445,.T.);
#4032=EDGE_CURVE('',#3240,#2989,#1446,.T.);
#4033=EDGE_CURVE('',#3238,#3240,#1447,.T.);
#4034=EDGE_CURVE('',#3241,#2990,#1448,.T.);
#4035=EDGE_CURVE('',#3240,#3241,#1449,.T.);
#4036=EDGE_CURVE('',#3241,#3239,#1450,.T.);
#4037=EDGE_CURVE('',#2967,#3051,#1451,.T.);
#4038=EDGE_CURVE('',#2968,#3050,#1452,.T.);
#4039=EDGE_CURVE('',#3242,#3237,#1453,.T.);
#4040=EDGE_CURVE('',#3055,#3242,#1454,.T.);
#4041=EDGE_CURVE('',#3243,#3074,#1455,.T.);
#4042=EDGE_CURVE('',#3236,#3243,#1456,.T.);
#4043=EDGE_CURVE('',#2956,#3242,#1457,.T.);
#4044=EDGE_CURVE('',#3243,#3244,#1458,.T.);
#4045=EDGE_CURVE('',#2937,#3244,#1459,.T.);
#4046=EDGE_CURVE('',#3244,#3082,#1460,.T.);
#4047=EDGE_CURVE('',#3245,#3246,#1461,.T.);
#4048=EDGE_CURVE('',#3246,#3247,#1462,.T.);
#4049=EDGE_CURVE('',#3247,#3248,#1463,.T.);
#4050=EDGE_CURVE('',#3245,#3248,#1464,.T.);
#4051=EDGE_CURVE('',#3246,#3249,#1465,.T.);
#4052=EDGE_CURVE('',#3249,#3250,#1466,.T.);
#4053=EDGE_CURVE('',#3250,#3247,#1467,.T.);
#4054=EDGE_CURVE('',#3249,#3251,#1468,.T.);
#4055=EDGE_CURVE('',#3251,#3252,#1469,.T.);
#4056=EDGE_CURVE('',#3252,#3250,#1470,.T.);
#4057=EDGE_CURVE('',#3248,#3252,#1471,.T.);
#4058=EDGE_CURVE('',#3251,#3245,#1472,.T.);
#4059=EDGE_CURVE('',#3253,#3248,#1473,.T.);
#4060=EDGE_CURVE('',#3254,#3253,#41,.T.);
#4061=EDGE_CURVE('',#3255,#3254,#1474,.T.);
#4062=EDGE_CURVE('',#3256,#3255,#1475,.T.);
#4063=EDGE_CURVE('',#3256,#3257,#1476,.T.);
#4064=EDGE_CURVE('',#3257,#3258,#42,.T.);
#4065=EDGE_CURVE('',#3258,#3252,#1477,.T.);
#4066=EDGE_CURVE('',#3259,#3247,#1478,.T.);
#4067=EDGE_CURVE('',#3259,#3253,#1479,.T.);
#4068=EDGE_CURVE('',#3260,#3261,#1480,.T.);
#4069=EDGE_CURVE('',#3261,#3262,#1481,.T.);
#4070=EDGE_CURVE('',#3262,#3263,#1482,.T.);
#4071=EDGE_CURVE('',#3260,#3263,#1483,.T.);
#4072=EDGE_CURVE('',#3261,#3256,#1484,.T.);
#4073=EDGE_CURVE('',#3256,#3264,#1485,.T.);
#4074=EDGE_CURVE('',#3264,#3262,#1486,.T.);
#4075=EDGE_CURVE('',#3263,#3265,#1487,.T.);
#4076=EDGE_CURVE('',#3265,#3255,#1488,.T.);
#4077=EDGE_CURVE('',#3255,#3260,#1489,.T.);
#4078=EDGE_CURVE('',#3265,#3264,#1490,.T.);
#4079=EDGE_CURVE('',#3261,#3266,#1491,.T.);
#4080=EDGE_CURVE('',#3257,#3266,#1492,.T.);
#4081=EDGE_CURVE('',#3267,#3250,#1493,.T.);
#4082=EDGE_CURVE('',#3266,#3267,#43,.T.);
#4083=EDGE_CURVE('',#3260,#3268,#1494,.T.);
#4084=EDGE_CURVE('',#3268,#3259,#44,.T.);
#4085=EDGE_CURVE('',#3258,#3267,#1495,.T.);
#4086=EDGE_CURVE('',#3268,#3254,#1496,.T.);
#4087=EDGE_CURVE('',#3269,#3270,#1497,.T.);
#4088=EDGE_CURVE('',#3270,#3271,#1498,.T.);
#4089=EDGE_CURVE('',#3271,#3272,#1499,.T.);
#4090=EDGE_CURVE('',#3269,#3272,#1500,.T.);
#4091=EDGE_CURVE('',#3270,#3273,#1501,.T.);
#4092=EDGE_CURVE('',#3273,#3274,#1502,.T.);
#4093=EDGE_CURVE('',#3274,#3271,#1503,.T.);
#4094=EDGE_CURVE('',#3273,#3275,#1504,.T.);
#4095=EDGE_CURVE('',#3275,#3276,#1505,.T.);
#4096=EDGE_CURVE('',#3276,#3274,#1506,.T.);
#4097=EDGE_CURVE('',#3272,#3276,#1507,.T.);
#4098=EDGE_CURVE('',#3275,#3269,#1508,.T.);
#4099=EDGE_CURVE('',#3277,#3272,#1509,.T.);
#4100=EDGE_CURVE('',#3278,#3277,#45,.T.);
#4101=EDGE_CURVE('',#3279,#3278,#1510,.T.);
#4102=EDGE_CURVE('',#3280,#3279,#1511,.T.);
#4103=EDGE_CURVE('',#3280,#3281,#1512,.T.);
#4104=EDGE_CURVE('',#3281,#3282,#46,.T.);
#4105=EDGE_CURVE('',#3282,#3276,#1513,.T.);
#4106=EDGE_CURVE('',#3283,#3271,#1514,.T.);
#4107=EDGE_CURVE('',#3283,#3277,#1515,.T.);
#4108=EDGE_CURVE('',#3284,#3285,#1516,.T.);
#4109=EDGE_CURVE('',#3285,#3286,#1517,.T.);
#4110=EDGE_CURVE('',#3286,#3287,#1518,.T.);
#4111=EDGE_CURVE('',#3284,#3287,#1519,.T.);
#4112=EDGE_CURVE('',#3285,#3280,#1520,.T.);
#4113=EDGE_CURVE('',#3280,#3288,#1521,.T.);
#4114=EDGE_CURVE('',#3288,#3286,#1522,.T.);
#4115=EDGE_CURVE('',#3287,#3289,#1523,.T.);
#4116=EDGE_CURVE('',#3289,#3279,#1524,.T.);
#4117=EDGE_CURVE('',#3279,#3284,#1525,.T.);
#4118=EDGE_CURVE('',#3289,#3288,#1526,.T.);
#4119=EDGE_CURVE('',#3285,#3290,#1527,.T.);
#4120=EDGE_CURVE('',#3281,#3290,#1528,.T.);
#4121=EDGE_CURVE('',#3291,#3274,#1529,.T.);
#4122=EDGE_CURVE('',#3290,#3291,#47,.T.);
#4123=EDGE_CURVE('',#3284,#3292,#1530,.T.);
#4124=EDGE_CURVE('',#3292,#3283,#48,.T.);
#4125=EDGE_CURVE('',#3282,#3291,#1531,.T.);
#4126=EDGE_CURVE('',#3292,#3278,#1532,.T.);
#4127=EDGE_CURVE('',#3293,#3294,#1533,.T.);
#4128=EDGE_CURVE('',#3294,#3295,#1534,.T.);
#4129=EDGE_CURVE('',#3295,#3296,#1535,.T.);
#4130=EDGE_CURVE('',#3293,#3296,#1536,.T.);
#4131=EDGE_CURVE('',#3294,#3297,#1537,.T.);
#4132=EDGE_CURVE('',#3297,#3298,#1538,.T.);
#4133=EDGE_CURVE('',#3298,#3295,#1539,.T.);
#4134=EDGE_CURVE('',#3297,#3299,#1540,.T.);
#4135=EDGE_CURVE('',#3299,#3300,#1541,.T.);
#4136=EDGE_CURVE('',#3300,#3298,#1542,.T.);
#4137=EDGE_CURVE('',#3296,#3300,#1543,.T.);
#4138=EDGE_CURVE('',#3299,#3293,#1544,.T.);
#4139=EDGE_CURVE('',#3301,#3296,#1545,.T.);
#4140=EDGE_CURVE('',#3302,#3301,#49,.T.);
#4141=EDGE_CURVE('',#3303,#3302,#1546,.T.);
#4142=EDGE_CURVE('',#3304,#3303,#1547,.T.);
#4143=EDGE_CURVE('',#3304,#3305,#1548,.T.);
#4144=EDGE_CURVE('',#3305,#3306,#50,.T.);
#4145=EDGE_CURVE('',#3306,#3300,#1549,.T.);
#4146=EDGE_CURVE('',#3307,#3295,#1550,.T.);
#4147=EDGE_CURVE('',#3307,#3301,#1551,.T.);
#4148=EDGE_CURVE('',#3308,#3309,#1552,.T.);
#4149=EDGE_CURVE('',#3309,#3310,#1553,.T.);
#4150=EDGE_CURVE('',#3310,#3311,#1554,.T.);
#4151=EDGE_CURVE('',#3308,#3311,#1555,.T.);
#4152=EDGE_CURVE('',#3309,#3304,#1556,.T.);
#4153=EDGE_CURVE('',#3304,#3312,#1557,.T.);
#4154=EDGE_CURVE('',#3312,#3310,#1558,.T.);
#4155=EDGE_CURVE('',#3311,#3313,#1559,.T.);
#4156=EDGE_CURVE('',#3313,#3303,#1560,.T.);
#4157=EDGE_CURVE('',#3303,#3308,#1561,.T.);
#4158=EDGE_CURVE('',#3313,#3312,#1562,.T.);
#4159=EDGE_CURVE('',#3309,#3314,#1563,.T.);
#4160=EDGE_CURVE('',#3305,#3314,#1564,.T.);
#4161=EDGE_CURVE('',#3315,#3298,#1565,.T.);
#4162=EDGE_CURVE('',#3314,#3315,#51,.T.);
#4163=EDGE_CURVE('',#3308,#3316,#1566,.T.);
#4164=EDGE_CURVE('',#3316,#3307,#52,.T.);
#4165=EDGE_CURVE('',#3306,#3315,#1567,.T.);
#4166=EDGE_CURVE('',#3316,#3302,#1568,.T.);
#4167=EDGE_CURVE('',#3317,#3318,#1569,.T.);
#4168=EDGE_CURVE('',#3318,#3319,#1570,.T.);
#4169=EDGE_CURVE('',#3319,#3320,#1571,.T.);
#4170=EDGE_CURVE('',#3317,#3320,#1572,.T.);
#4171=EDGE_CURVE('',#3318,#3321,#1573,.T.);
#4172=EDGE_CURVE('',#3321,#3322,#1574,.T.);
#4173=EDGE_CURVE('',#3322,#3319,#1575,.T.);
#4174=EDGE_CURVE('',#3321,#3323,#1576,.T.);
#4175=EDGE_CURVE('',#3323,#3324,#1577,.T.);
#4176=EDGE_CURVE('',#3324,#3322,#1578,.T.);
#4177=EDGE_CURVE('',#3320,#3324,#1579,.T.);
#4178=EDGE_CURVE('',#3323,#3317,#1580,.T.);
#4179=EDGE_CURVE('',#3325,#3320,#1581,.T.);
#4180=EDGE_CURVE('',#3326,#3325,#53,.T.);
#4181=EDGE_CURVE('',#3327,#3326,#1582,.T.);
#4182=EDGE_CURVE('',#3328,#3327,#1583,.T.);
#4183=EDGE_CURVE('',#3328,#3329,#1584,.T.);
#4184=EDGE_CURVE('',#3329,#3330,#54,.T.);
#4185=EDGE_CURVE('',#3330,#3324,#1585,.T.);
#4186=EDGE_CURVE('',#3331,#3319,#1586,.T.);
#4187=EDGE_CURVE('',#3331,#3325,#1587,.T.);
#4188=EDGE_CURVE('',#3332,#3333,#1588,.T.);
#4189=EDGE_CURVE('',#3333,#3334,#1589,.T.);
#4190=EDGE_CURVE('',#3334,#3335,#1590,.T.);
#4191=EDGE_CURVE('',#3332,#3335,#1591,.T.);
#4192=EDGE_CURVE('',#3333,#3328,#1592,.T.);
#4193=EDGE_CURVE('',#3328,#3336,#1593,.T.);
#4194=EDGE_CURVE('',#3336,#3334,#1594,.T.);
#4195=EDGE_CURVE('',#3335,#3337,#1595,.T.);
#4196=EDGE_CURVE('',#3337,#3327,#1596,.T.);
#4197=EDGE_CURVE('',#3327,#3332,#1597,.T.);
#4198=EDGE_CURVE('',#3337,#3336,#1598,.T.);
#4199=EDGE_CURVE('',#3333,#3338,#1599,.T.);
#4200=EDGE_CURVE('',#3329,#3338,#1600,.T.);
#4201=EDGE_CURVE('',#3339,#3322,#1601,.T.);
#4202=EDGE_CURVE('',#3338,#3339,#55,.T.);
#4203=EDGE_CURVE('',#3332,#3340,#1602,.T.);
#4204=EDGE_CURVE('',#3340,#3331,#56,.T.);
#4205=EDGE_CURVE('',#3330,#3339,#1603,.T.);
#4206=EDGE_CURVE('',#3340,#3326,#1604,.T.);
#4207=EDGE_CURVE('',#3341,#3342,#1605,.T.);
#4208=EDGE_CURVE('',#3342,#3343,#1606,.T.);
#4209=EDGE_CURVE('',#3343,#3344,#1607,.T.);
#4210=EDGE_CURVE('',#3341,#3344,#1608,.T.);
#4211=EDGE_CURVE('',#3342,#3345,#1609,.T.);
#4212=EDGE_CURVE('',#3345,#3346,#1610,.T.);
#4213=EDGE_CURVE('',#3346,#3343,#1611,.T.);
#4214=EDGE_CURVE('',#3345,#3347,#1612,.T.);
#4215=EDGE_CURVE('',#3347,#3348,#1613,.T.);
#4216=EDGE_CURVE('',#3348,#3346,#1614,.T.);
#4217=EDGE_CURVE('',#3344,#3348,#1615,.T.);
#4218=EDGE_CURVE('',#3347,#3341,#1616,.T.);
#4219=EDGE_CURVE('',#3349,#3344,#1617,.T.);
#4220=EDGE_CURVE('',#3350,#3349,#57,.T.);
#4221=EDGE_CURVE('',#3351,#3350,#1618,.T.);
#4222=EDGE_CURVE('',#3352,#3351,#1619,.T.);
#4223=EDGE_CURVE('',#3352,#3353,#1620,.T.);
#4224=EDGE_CURVE('',#3353,#3354,#58,.T.);
#4225=EDGE_CURVE('',#3354,#3348,#1621,.T.);
#4226=EDGE_CURVE('',#3355,#3343,#1622,.T.);
#4227=EDGE_CURVE('',#3355,#3349,#1623,.T.);
#4228=EDGE_CURVE('',#3356,#3357,#1624,.T.);
#4229=EDGE_CURVE('',#3357,#3358,#1625,.T.);
#4230=EDGE_CURVE('',#3358,#3359,#1626,.T.);
#4231=EDGE_CURVE('',#3356,#3359,#1627,.T.);
#4232=EDGE_CURVE('',#3357,#3352,#1628,.T.);
#4233=EDGE_CURVE('',#3352,#3360,#1629,.T.);
#4234=EDGE_CURVE('',#3360,#3358,#1630,.T.);
#4235=EDGE_CURVE('',#3359,#3361,#1631,.T.);
#4236=EDGE_CURVE('',#3361,#3351,#1632,.T.);
#4237=EDGE_CURVE('',#3351,#3356,#1633,.T.);
#4238=EDGE_CURVE('',#3361,#3360,#1634,.T.);
#4239=EDGE_CURVE('',#3357,#3362,#1635,.T.);
#4240=EDGE_CURVE('',#3353,#3362,#1636,.T.);
#4241=EDGE_CURVE('',#3363,#3346,#1637,.T.);
#4242=EDGE_CURVE('',#3362,#3363,#59,.T.);
#4243=EDGE_CURVE('',#3356,#3364,#1638,.T.);
#4244=EDGE_CURVE('',#3364,#3355,#60,.T.);
#4245=EDGE_CURVE('',#3354,#3363,#1639,.T.);
#4246=EDGE_CURVE('',#3364,#3350,#1640,.T.);
#4247=EDGE_CURVE('',#3365,#3366,#1641,.T.);
#4248=EDGE_CURVE('',#3366,#3367,#1642,.T.);
#4249=EDGE_CURVE('',#3367,#3368,#1643,.T.);
#4250=EDGE_CURVE('',#3365,#3368,#1644,.T.);
#4251=EDGE_CURVE('',#3366,#3369,#1645,.T.);
#4252=EDGE_CURVE('',#3369,#3370,#1646,.T.);
#4253=EDGE_CURVE('',#3370,#3367,#1647,.T.);
#4254=EDGE_CURVE('',#3369,#3371,#1648,.T.);
#4255=EDGE_CURVE('',#3371,#3372,#1649,.T.);
#4256=EDGE_CURVE('',#3372,#3370,#1650,.T.);
#4257=EDGE_CURVE('',#3368,#3372,#1651,.T.);
#4258=EDGE_CURVE('',#3371,#3365,#1652,.T.);
#4259=EDGE_CURVE('',#3373,#3368,#1653,.T.);
#4260=EDGE_CURVE('',#3374,#3373,#61,.T.);
#4261=EDGE_CURVE('',#3375,#3374,#1654,.T.);
#4262=EDGE_CURVE('',#3376,#3375,#1655,.T.);
#4263=EDGE_CURVE('',#3376,#3377,#1656,.T.);
#4264=EDGE_CURVE('',#3377,#3378,#62,.T.);
#4265=EDGE_CURVE('',#3378,#3372,#1657,.T.);
#4266=EDGE_CURVE('',#3379,#3367,#1658,.T.);
#4267=EDGE_CURVE('',#3379,#3373,#1659,.T.);
#4268=EDGE_CURVE('',#3380,#3381,#1660,.T.);
#4269=EDGE_CURVE('',#3381,#3382,#1661,.T.);
#4270=EDGE_CURVE('',#3382,#3383,#1662,.T.);
#4271=EDGE_CURVE('',#3380,#3383,#1663,.T.);
#4272=EDGE_CURVE('',#3381,#3376,#1664,.T.);
#4273=EDGE_CURVE('',#3376,#3384,#1665,.T.);
#4274=EDGE_CURVE('',#3384,#3382,#1666,.T.);
#4275=EDGE_CURVE('',#3383,#3385,#1667,.T.);
#4276=EDGE_CURVE('',#3385,#3375,#1668,.T.);
#4277=EDGE_CURVE('',#3375,#3380,#1669,.T.);
#4278=EDGE_CURVE('',#3385,#3384,#1670,.T.);
#4279=EDGE_CURVE('',#3381,#3386,#1671,.T.);
#4280=EDGE_CURVE('',#3377,#3386,#1672,.T.);
#4281=EDGE_CURVE('',#3387,#3370,#1673,.T.);
#4282=EDGE_CURVE('',#3386,#3387,#63,.T.);
#4283=EDGE_CURVE('',#3380,#3388,#1674,.T.);
#4284=EDGE_CURVE('',#3388,#3379,#64,.T.);
#4285=EDGE_CURVE('',#3378,#3387,#1675,.T.);
#4286=EDGE_CURVE('',#3388,#3374,#1676,.T.);
#4287=EDGE_CURVE('',#3389,#3390,#1677,.T.);
#4288=EDGE_CURVE('',#3390,#3391,#1678,.T.);
#4289=EDGE_CURVE('',#3391,#3392,#1679,.T.);
#4290=EDGE_CURVE('',#3389,#3392,#1680,.T.);
#4291=EDGE_CURVE('',#3390,#3393,#1681,.T.);
#4292=EDGE_CURVE('',#3393,#3394,#1682,.T.);
#4293=EDGE_CURVE('',#3394,#3391,#1683,.T.);
#4294=EDGE_CURVE('',#3393,#3395,#1684,.T.);
#4295=EDGE_CURVE('',#3395,#3396,#1685,.T.);
#4296=EDGE_CURVE('',#3396,#3394,#1686,.T.);
#4297=EDGE_CURVE('',#3392,#3396,#1687,.T.);
#4298=EDGE_CURVE('',#3395,#3389,#1688,.T.);
#4299=EDGE_CURVE('',#3397,#3392,#1689,.T.);
#4300=EDGE_CURVE('',#3398,#3397,#65,.T.);
#4301=EDGE_CURVE('',#3399,#3398,#1690,.T.);
#4302=EDGE_CURVE('',#3400,#3399,#1691,.T.);
#4303=EDGE_CURVE('',#3400,#3401,#1692,.T.);
#4304=EDGE_CURVE('',#3401,#3402,#66,.T.);
#4305=EDGE_CURVE('',#3402,#3396,#1693,.T.);
#4306=EDGE_CURVE('',#3403,#3391,#1694,.T.);
#4307=EDGE_CURVE('',#3403,#3397,#1695,.T.);
#4308=EDGE_CURVE('',#3404,#3405,#1696,.T.);
#4309=EDGE_CURVE('',#3405,#3406,#1697,.T.);
#4310=EDGE_CURVE('',#3406,#3407,#1698,.T.);
#4311=EDGE_CURVE('',#3404,#3407,#1699,.T.);
#4312=EDGE_CURVE('',#3405,#3400,#1700,.T.);
#4313=EDGE_CURVE('',#3400,#3408,#1701,.T.);
#4314=EDGE_CURVE('',#3408,#3406,#1702,.T.);
#4315=EDGE_CURVE('',#3407,#3409,#1703,.T.);
#4316=EDGE_CURVE('',#3409,#3399,#1704,.T.);
#4317=EDGE_CURVE('',#3399,#3404,#1705,.T.);
#4318=EDGE_CURVE('',#3409,#3408,#1706,.T.);
#4319=EDGE_CURVE('',#3405,#3410,#1707,.T.);
#4320=EDGE_CURVE('',#3401,#3410,#1708,.T.);
#4321=EDGE_CURVE('',#3411,#3394,#1709,.T.);
#4322=EDGE_CURVE('',#3410,#3411,#67,.T.);
#4323=EDGE_CURVE('',#3404,#3412,#1710,.T.);
#4324=EDGE_CURVE('',#3412,#3403,#68,.T.);
#4325=EDGE_CURVE('',#3402,#3411,#1711,.T.);
#4326=EDGE_CURVE('',#3412,#3398,#1712,.T.);
#4327=EDGE_CURVE('',#3413,#3414,#1713,.T.);
#4328=EDGE_CURVE('',#3414,#3415,#1714,.T.);
#4329=EDGE_CURVE('',#3415,#3416,#1715,.T.);
#4330=EDGE_CURVE('',#3413,#3416,#1716,.T.);
#4331=EDGE_CURVE('',#3414,#3417,#1717,.T.);
#4332=EDGE_CURVE('',#3417,#3418,#1718,.T.);
#4333=EDGE_CURVE('',#3418,#3415,#1719,.T.);
#4334=EDGE_CURVE('',#3417,#3419,#1720,.T.);
#4335=EDGE_CURVE('',#3419,#3420,#1721,.T.);
#4336=EDGE_CURVE('',#3420,#3418,#1722,.T.);
#4337=EDGE_CURVE('',#3416,#3420,#1723,.T.);
#4338=EDGE_CURVE('',#3419,#3413,#1724,.T.);
#4339=EDGE_CURVE('',#3421,#3416,#1725,.T.);
#4340=EDGE_CURVE('',#3422,#3421,#69,.T.);
#4341=EDGE_CURVE('',#3423,#3422,#1726,.T.);
#4342=EDGE_CURVE('',#3424,#3423,#1727,.T.);
#4343=EDGE_CURVE('',#3424,#3425,#1728,.T.);
#4344=EDGE_CURVE('',#3425,#3426,#70,.T.);
#4345=EDGE_CURVE('',#3426,#3420,#1729,.T.);
#4346=EDGE_CURVE('',#3427,#3415,#1730,.T.);
#4347=EDGE_CURVE('',#3427,#3421,#1731,.T.);
#4348=EDGE_CURVE('',#3428,#3429,#1732,.T.);
#4349=EDGE_CURVE('',#3429,#3430,#1733,.T.);
#4350=EDGE_CURVE('',#3430,#3431,#1734,.T.);
#4351=EDGE_CURVE('',#3428,#3431,#1735,.T.);
#4352=EDGE_CURVE('',#3429,#3424,#1736,.T.);
#4353=EDGE_CURVE('',#3424,#3432,#1737,.T.);
#4354=EDGE_CURVE('',#3432,#3430,#1738,.T.);
#4355=EDGE_CURVE('',#3431,#3433,#1739,.T.);
#4356=EDGE_CURVE('',#3433,#3423,#1740,.T.);
#4357=EDGE_CURVE('',#3423,#3428,#1741,.T.);
#4358=EDGE_CURVE('',#3433,#3432,#1742,.T.);
#4359=EDGE_CURVE('',#3429,#3434,#1743,.T.);
#4360=EDGE_CURVE('',#3425,#3434,#1744,.T.);
#4361=EDGE_CURVE('',#3435,#3418,#1745,.T.);
#4362=EDGE_CURVE('',#3434,#3435,#71,.T.);
#4363=EDGE_CURVE('',#3428,#3436,#1746,.T.);
#4364=EDGE_CURVE('',#3436,#3427,#72,.T.);
#4365=EDGE_CURVE('',#3426,#3435,#1747,.T.);
#4366=EDGE_CURVE('',#3436,#3422,#1748,.T.);
#4367=EDGE_CURVE('',#3437,#3438,#1749,.T.);
#4368=EDGE_CURVE('',#3438,#3439,#1750,.T.);
#4369=EDGE_CURVE('',#3439,#3440,#1751,.T.);
#4370=EDGE_CURVE('',#3437,#3440,#1752,.T.);
#4371=EDGE_CURVE('',#3438,#3441,#1753,.T.);
#4372=EDGE_CURVE('',#3441,#3442,#1754,.T.);
#4373=EDGE_CURVE('',#3442,#3439,#1755,.T.);
#4374=EDGE_CURVE('',#3441,#3443,#1756,.T.);
#4375=EDGE_CURVE('',#3443,#3444,#1757,.T.);
#4376=EDGE_CURVE('',#3444,#3442,#1758,.T.);
#4377=EDGE_CURVE('',#3440,#3444,#1759,.T.);
#4378=EDGE_CURVE('',#3443,#3437,#1760,.T.);
#4379=EDGE_CURVE('',#3445,#3440,#1761,.T.);
#4380=EDGE_CURVE('',#3446,#3445,#73,.T.);
#4381=EDGE_CURVE('',#3447,#3446,#1762,.T.);
#4382=EDGE_CURVE('',#3448,#3447,#1763,.T.);
#4383=EDGE_CURVE('',#3448,#3449,#1764,.T.);
#4384=EDGE_CURVE('',#3449,#3450,#74,.T.);
#4385=EDGE_CURVE('',#3450,#3444,#1765,.T.);
#4386=EDGE_CURVE('',#3451,#3439,#1766,.T.);
#4387=EDGE_CURVE('',#3451,#3445,#1767,.T.);
#4388=EDGE_CURVE('',#3452,#3453,#1768,.T.);
#4389=EDGE_CURVE('',#3453,#3454,#1769,.T.);
#4390=EDGE_CURVE('',#3454,#3455,#1770,.T.);
#4391=EDGE_CURVE('',#3452,#3455,#1771,.T.);
#4392=EDGE_CURVE('',#3453,#3448,#1772,.T.);
#4393=EDGE_CURVE('',#3448,#3456,#1773,.T.);
#4394=EDGE_CURVE('',#3456,#3454,#1774,.T.);
#4395=EDGE_CURVE('',#3455,#3457,#1775,.T.);
#4396=EDGE_CURVE('',#3457,#3447,#1776,.T.);
#4397=EDGE_CURVE('',#3447,#3452,#1777,.T.);
#4398=EDGE_CURVE('',#3457,#3456,#1778,.T.);
#4399=EDGE_CURVE('',#3453,#3458,#1779,.T.);
#4400=EDGE_CURVE('',#3449,#3458,#1780,.T.);
#4401=EDGE_CURVE('',#3459,#3442,#1781,.T.);
#4402=EDGE_CURVE('',#3458,#3459,#75,.T.);
#4403=EDGE_CURVE('',#3452,#3460,#1782,.T.);
#4404=EDGE_CURVE('',#3460,#3451,#76,.T.);
#4405=EDGE_CURVE('',#3450,#3459,#1783,.T.);
#4406=EDGE_CURVE('',#3460,#3446,#1784,.T.);
#4407=EDGE_CURVE('',#3461,#3462,#1785,.T.);
#4408=EDGE_CURVE('',#3462,#3463,#1786,.T.);
#4409=EDGE_CURVE('',#3463,#3464,#1787,.T.);
#4410=EDGE_CURVE('',#3461,#3464,#1788,.T.);
#4411=EDGE_CURVE('',#3462,#3465,#1789,.T.);
#4412=EDGE_CURVE('',#3465,#3466,#1790,.T.);
#4413=EDGE_CURVE('',#3466,#3463,#1791,.T.);
#4414=EDGE_CURVE('',#3465,#3467,#1792,.T.);
#4415=EDGE_CURVE('',#3467,#3468,#1793,.T.);
#4416=EDGE_CURVE('',#3468,#3466,#1794,.T.);
#4417=EDGE_CURVE('',#3464,#3468,#1795,.T.);
#4418=EDGE_CURVE('',#3467,#3461,#1796,.T.);
#4419=EDGE_CURVE('',#3469,#3464,#1797,.T.);
#4420=EDGE_CURVE('',#3470,#3469,#77,.T.);
#4421=EDGE_CURVE('',#3471,#3470,#1798,.T.);
#4422=EDGE_CURVE('',#3472,#3471,#1799,.T.);
#4423=EDGE_CURVE('',#3472,#3473,#1800,.T.);
#4424=EDGE_CURVE('',#3473,#3474,#78,.T.);
#4425=EDGE_CURVE('',#3474,#3468,#1801,.T.);
#4426=EDGE_CURVE('',#3475,#3463,#1802,.T.);
#4427=EDGE_CURVE('',#3475,#3469,#1803,.T.);
#4428=EDGE_CURVE('',#3476,#3477,#1804,.T.);
#4429=EDGE_CURVE('',#3477,#3478,#1805,.T.);
#4430=EDGE_CURVE('',#3478,#3479,#1806,.T.);
#4431=EDGE_CURVE('',#3476,#3479,#1807,.T.);
#4432=EDGE_CURVE('',#3477,#3472,#1808,.T.);
#4433=EDGE_CURVE('',#3472,#3480,#1809,.T.);
#4434=EDGE_CURVE('',#3480,#3478,#1810,.T.);
#4435=EDGE_CURVE('',#3479,#3481,#1811,.T.);
#4436=EDGE_CURVE('',#3481,#3471,#1812,.T.);
#4437=EDGE_CURVE('',#3471,#3476,#1813,.T.);
#4438=EDGE_CURVE('',#3481,#3480,#1814,.T.);
#4439=EDGE_CURVE('',#3477,#3482,#1815,.T.);
#4440=EDGE_CURVE('',#3473,#3482,#1816,.T.);
#4441=EDGE_CURVE('',#3483,#3466,#1817,.T.);
#4442=EDGE_CURVE('',#3482,#3483,#79,.T.);
#4443=EDGE_CURVE('',#3476,#3484,#1818,.T.);
#4444=EDGE_CURVE('',#3484,#3475,#80,.T.);
#4445=EDGE_CURVE('',#3474,#3483,#1819,.T.);
#4446=EDGE_CURVE('',#3484,#3470,#1820,.T.);
#4447=EDGE_CURVE('',#3485,#3486,#1821,.T.);
#4448=EDGE_CURVE('',#3486,#3487,#1822,.T.);
#4449=EDGE_CURVE('',#3487,#3488,#1823,.T.);
#4450=EDGE_CURVE('',#3485,#3488,#1824,.T.);
#4451=EDGE_CURVE('',#3486,#3489,#1825,.T.);
#4452=EDGE_CURVE('',#3489,#3490,#1826,.T.);
#4453=EDGE_CURVE('',#3490,#3487,#1827,.T.);
#4454=EDGE_CURVE('',#3489,#3491,#1828,.T.);
#4455=EDGE_CURVE('',#3491,#3492,#1829,.T.);
#4456=EDGE_CURVE('',#3492,#3490,#1830,.T.);
#4457=EDGE_CURVE('',#3488,#3492,#1831,.T.);
#4458=EDGE_CURVE('',#3491,#3485,#1832,.T.);
#4459=EDGE_CURVE('',#3493,#3488,#1833,.T.);
#4460=EDGE_CURVE('',#3494,#3493,#81,.T.);
#4461=EDGE_CURVE('',#3495,#3494,#1834,.T.);
#4462=EDGE_CURVE('',#3496,#3495,#1835,.T.);
#4463=EDGE_CURVE('',#3496,#3497,#1836,.T.);
#4464=EDGE_CURVE('',#3497,#3498,#82,.T.);
#4465=EDGE_CURVE('',#3498,#3492,#1837,.T.);
#4466=EDGE_CURVE('',#3499,#3487,#1838,.T.);
#4467=EDGE_CURVE('',#3499,#3493,#1839,.T.);
#4468=EDGE_CURVE('',#3500,#3501,#1840,.T.);
#4469=EDGE_CURVE('',#3501,#3502,#1841,.T.);
#4470=EDGE_CURVE('',#3502,#3503,#1842,.T.);
#4471=EDGE_CURVE('',#3500,#3503,#1843,.T.);
#4472=EDGE_CURVE('',#3501,#3496,#1844,.T.);
#4473=EDGE_CURVE('',#3496,#3504,#1845,.T.);
#4474=EDGE_CURVE('',#3504,#3502,#1846,.T.);
#4475=EDGE_CURVE('',#3503,#3505,#1847,.T.);
#4476=EDGE_CURVE('',#3505,#3495,#1848,.T.);
#4477=EDGE_CURVE('',#3495,#3500,#1849,.T.);
#4478=EDGE_CURVE('',#3505,#3504,#1850,.T.);
#4479=EDGE_CURVE('',#3501,#3506,#1851,.T.);
#4480=EDGE_CURVE('',#3497,#3506,#1852,.T.);
#4481=EDGE_CURVE('',#3507,#3490,#1853,.T.);
#4482=EDGE_CURVE('',#3506,#3507,#83,.T.);
#4483=EDGE_CURVE('',#3500,#3508,#1854,.T.);
#4484=EDGE_CURVE('',#3508,#3499,#84,.T.);
#4485=EDGE_CURVE('',#3498,#3507,#1855,.T.);
#4486=EDGE_CURVE('',#3508,#3494,#1856,.T.);
#4487=EDGE_CURVE('',#3509,#3510,#1857,.T.);
#4488=EDGE_CURVE('',#3510,#3511,#1858,.T.);
#4489=EDGE_CURVE('',#3511,#3512,#1859,.T.);
#4490=EDGE_CURVE('',#3509,#3512,#1860,.T.);
#4491=EDGE_CURVE('',#3510,#3513,#1861,.T.);
#4492=EDGE_CURVE('',#3513,#3514,#1862,.T.);
#4493=EDGE_CURVE('',#3514,#3511,#1863,.T.);
#4494=EDGE_CURVE('',#3513,#3515,#1864,.T.);
#4495=EDGE_CURVE('',#3515,#3516,#1865,.T.);
#4496=EDGE_CURVE('',#3516,#3514,#1866,.T.);
#4497=EDGE_CURVE('',#3512,#3516,#1867,.T.);
#4498=EDGE_CURVE('',#3515,#3509,#1868,.T.);
#4499=EDGE_CURVE('',#3517,#3512,#1869,.T.);
#4500=EDGE_CURVE('',#3518,#3517,#85,.T.);
#4501=EDGE_CURVE('',#3519,#3518,#1870,.T.);
#4502=EDGE_CURVE('',#3520,#3519,#1871,.T.);
#4503=EDGE_CURVE('',#3520,#3521,#1872,.T.);
#4504=EDGE_CURVE('',#3521,#3522,#86,.T.);
#4505=EDGE_CURVE('',#3522,#3516,#1873,.T.);
#4506=EDGE_CURVE('',#3523,#3511,#1874,.T.);
#4507=EDGE_CURVE('',#3523,#3517,#1875,.T.);
#4508=EDGE_CURVE('',#3524,#3525,#1876,.T.);
#4509=EDGE_CURVE('',#3525,#3526,#1877,.T.);
#4510=EDGE_CURVE('',#3526,#3527,#1878,.T.);
#4511=EDGE_CURVE('',#3524,#3527,#1879,.T.);
#4512=EDGE_CURVE('',#3525,#3520,#1880,.T.);
#4513=EDGE_CURVE('',#3520,#3528,#1881,.T.);
#4514=EDGE_CURVE('',#3528,#3526,#1882,.T.);
#4515=EDGE_CURVE('',#3527,#3529,#1883,.T.);
#4516=EDGE_CURVE('',#3529,#3519,#1884,.T.);
#4517=EDGE_CURVE('',#3519,#3524,#1885,.T.);
#4518=EDGE_CURVE('',#3529,#3528,#1886,.T.);
#4519=EDGE_CURVE('',#3525,#3530,#1887,.T.);
#4520=EDGE_CURVE('',#3521,#3530,#1888,.T.);
#4521=EDGE_CURVE('',#3531,#3514,#1889,.T.);
#4522=EDGE_CURVE('',#3530,#3531,#87,.T.);
#4523=EDGE_CURVE('',#3524,#3532,#1890,.T.);
#4524=EDGE_CURVE('',#3532,#3523,#88,.T.);
#4525=EDGE_CURVE('',#3522,#3531,#1891,.T.);
#4526=EDGE_CURVE('',#3532,#3518,#1892,.T.);
#4527=EDGE_CURVE('',#3533,#3534,#1893,.T.);
#4528=EDGE_CURVE('',#3534,#3535,#1894,.T.);
#4529=EDGE_CURVE('',#3535,#3536,#1895,.T.);
#4530=EDGE_CURVE('',#3533,#3536,#1896,.T.);
#4531=EDGE_CURVE('',#3534,#3537,#1897,.T.);
#4532=EDGE_CURVE('',#3537,#3538,#1898,.T.);
#4533=EDGE_CURVE('',#3538,#3535,#1899,.T.);
#4534=EDGE_CURVE('',#3537,#3539,#1900,.T.);
#4535=EDGE_CURVE('',#3539,#3540,#1901,.T.);
#4536=EDGE_CURVE('',#3540,#3538,#1902,.T.);
#4537=EDGE_CURVE('',#3536,#3540,#1903,.T.);
#4538=EDGE_CURVE('',#3539,#3533,#1904,.T.);
#4539=EDGE_CURVE('',#3541,#3536,#1905,.T.);
#4540=EDGE_CURVE('',#3542,#3541,#89,.T.);
#4541=EDGE_CURVE('',#3543,#3542,#1906,.T.);
#4542=EDGE_CURVE('',#3544,#3543,#1907,.T.);
#4543=EDGE_CURVE('',#3544,#3545,#1908,.T.);
#4544=EDGE_CURVE('',#3545,#3546,#90,.T.);
#4545=EDGE_CURVE('',#3546,#3540,#1909,.T.);
#4546=EDGE_CURVE('',#3547,#3535,#1910,.T.);
#4547=EDGE_CURVE('',#3547,#3541,#1911,.T.);
#4548=EDGE_CURVE('',#3548,#3549,#1912,.T.);
#4549=EDGE_CURVE('',#3549,#3550,#1913,.T.);
#4550=EDGE_CURVE('',#3550,#3551,#1914,.T.);
#4551=EDGE_CURVE('',#3548,#3551,#1915,.T.);
#4552=EDGE_CURVE('',#3549,#3544,#1916,.T.);
#4553=EDGE_CURVE('',#3544,#3552,#1917,.T.);
#4554=EDGE_CURVE('',#3552,#3550,#1918,.T.);
#4555=EDGE_CURVE('',#3551,#3553,#1919,.T.);
#4556=EDGE_CURVE('',#3553,#3543,#1920,.T.);
#4557=EDGE_CURVE('',#3543,#3548,#1921,.T.);
#4558=EDGE_CURVE('',#3553,#3552,#1922,.T.);
#4559=EDGE_CURVE('',#3549,#3554,#1923,.T.);
#4560=EDGE_CURVE('',#3545,#3554,#1924,.T.);
#4561=EDGE_CURVE('',#3555,#3538,#1925,.T.);
#4562=EDGE_CURVE('',#3554,#3555,#91,.T.);
#4563=EDGE_CURVE('',#3548,#3556,#1926,.T.);
#4564=EDGE_CURVE('',#3556,#3547,#92,.T.);
#4565=EDGE_CURVE('',#3546,#3555,#1927,.T.);
#4566=EDGE_CURVE('',#3556,#3542,#1928,.T.);
#4567=EDGE_CURVE('',#3557,#3558,#1929,.T.);
#4568=EDGE_CURVE('',#3558,#3559,#1930,.T.);
#4569=EDGE_CURVE('',#3559,#3560,#1931,.T.);
#4570=EDGE_CURVE('',#3557,#3560,#1932,.T.);
#4571=EDGE_CURVE('',#3558,#3561,#1933,.T.);
#4572=EDGE_CURVE('',#3561,#3562,#1934,.T.);
#4573=EDGE_CURVE('',#3562,#3559,#1935,.T.);
#4574=EDGE_CURVE('',#3561,#3563,#1936,.T.);
#4575=EDGE_CURVE('',#3563,#3564,#1937,.T.);
#4576=EDGE_CURVE('',#3564,#3562,#1938,.T.);
#4577=EDGE_CURVE('',#3560,#3564,#1939,.T.);
#4578=EDGE_CURVE('',#3563,#3557,#1940,.T.);
#4579=EDGE_CURVE('',#3565,#3560,#1941,.T.);
#4580=EDGE_CURVE('',#3566,#3565,#93,.T.);
#4581=EDGE_CURVE('',#3567,#3566,#1942,.T.);
#4582=EDGE_CURVE('',#3568,#3567,#1943,.T.);
#4583=EDGE_CURVE('',#3568,#3569,#1944,.T.);
#4584=EDGE_CURVE('',#3569,#3570,#94,.T.);
#4585=EDGE_CURVE('',#3570,#3564,#1945,.T.);
#4586=EDGE_CURVE('',#3571,#3559,#1946,.T.);
#4587=EDGE_CURVE('',#3571,#3565,#1947,.T.);
#4588=EDGE_CURVE('',#3572,#3573,#1948,.T.);
#4589=EDGE_CURVE('',#3573,#3574,#1949,.T.);
#4590=EDGE_CURVE('',#3574,#3575,#1950,.T.);
#4591=EDGE_CURVE('',#3572,#3575,#1951,.T.);
#4592=EDGE_CURVE('',#3573,#3568,#1952,.T.);
#4593=EDGE_CURVE('',#3568,#3576,#1953,.T.);
#4594=EDGE_CURVE('',#3576,#3574,#1954,.T.);
#4595=EDGE_CURVE('',#3575,#3577,#1955,.T.);
#4596=EDGE_CURVE('',#3577,#3567,#1956,.T.);
#4597=EDGE_CURVE('',#3567,#3572,#1957,.T.);
#4598=EDGE_CURVE('',#3577,#3576,#1958,.T.);
#4599=EDGE_CURVE('',#3573,#3578,#1959,.T.);
#4600=EDGE_CURVE('',#3569,#3578,#1960,.T.);
#4601=EDGE_CURVE('',#3579,#3562,#1961,.T.);
#4602=EDGE_CURVE('',#3578,#3579,#95,.T.);
#4603=EDGE_CURVE('',#3572,#3580,#1962,.T.);
#4604=EDGE_CURVE('',#3580,#3571,#96,.T.);
#4605=EDGE_CURVE('',#3570,#3579,#1963,.T.);
#4606=EDGE_CURVE('',#3580,#3566,#1964,.T.);
#4607=ORIENTED_EDGE('',*,*,#3581,.F.);
#4608=ORIENTED_EDGE('',*,*,#3582,.F.);
#4609=ORIENTED_EDGE('',*,*,#3583,.F.);
#4610=ORIENTED_EDGE('',*,*,#3584,.T.);
#4611=ORIENTED_EDGE('',*,*,#3585,.F.);
#4612=ORIENTED_EDGE('',*,*,#3584,.F.);
#4613=ORIENTED_EDGE('',*,*,#3586,.F.);
#4614=ORIENTED_EDGE('',*,*,#3587,.T.);
#4615=ORIENTED_EDGE('',*,*,#3588,.F.);
#4616=ORIENTED_EDGE('',*,*,#3587,.F.);
#4617=ORIENTED_EDGE('',*,*,#3589,.F.);
#4618=ORIENTED_EDGE('',*,*,#3590,.F.);
#4619=ORIENTED_EDGE('',*,*,#3591,.F.);
#4620=ORIENTED_EDGE('',*,*,#3592,.F.);
#4621=ORIENTED_EDGE('',*,*,#3593,.F.);
#4622=ORIENTED_EDGE('',*,*,#3594,.F.);
#4623=ORIENTED_EDGE('',*,*,#3595,.F.);
#4624=ORIENTED_EDGE('',*,*,#3594,.T.);
#4625=ORIENTED_EDGE('',*,*,#3596,.F.);
#4626=ORIENTED_EDGE('',*,*,#3597,.F.);
#4627=ORIENTED_EDGE('',*,*,#3598,.F.);
#4628=ORIENTED_EDGE('',*,*,#3597,.T.);
#4629=ORIENTED_EDGE('',*,*,#3599,.F.);
#4630=ORIENTED_EDGE('',*,*,#3600,.F.);
#4631=ORIENTED_EDGE('',*,*,#3599,.T.);
#4632=ORIENTED_EDGE('',*,*,#3596,.T.);
#4633=ORIENTED_EDGE('',*,*,#3593,.T.);
#4634=ORIENTED_EDGE('',*,*,#3601,.T.);
#4635=ORIENTED_EDGE('',*,*,#3602,.T.);
#4636=ORIENTED_EDGE('',*,*,#3603,.T.);
#4637=ORIENTED_EDGE('',*,*,#3604,.T.);
#4638=ORIENTED_EDGE('',*,*,#3605,.T.);
#4639=ORIENTED_EDGE('',*,*,#3606,.T.);
#4640=ORIENTED_EDGE('',*,*,#3607,.T.);
#4641=ORIENTED_EDGE('',*,*,#3592,.T.);
#4642=ORIENTED_EDGE('',*,*,#3608,.T.);
#4643=ORIENTED_EDGE('',*,*,#3609,.T.);
#4644=ORIENTED_EDGE('',*,*,#3610,.T.);
#4645=ORIENTED_EDGE('',*,*,#3611,.F.);
#4646=ORIENTED_EDGE('',*,*,#3601,.F.);
#4647=ORIENTED_EDGE('',*,*,#3590,.T.);
#4648=ORIENTED_EDGE('',*,*,#3612,.F.);
#4649=ORIENTED_EDGE('',*,*,#3613,.F.);
#4650=ORIENTED_EDGE('',*,*,#3614,.T.);
#4651=ORIENTED_EDGE('',*,*,#3615,.T.);
#4652=ORIENTED_EDGE('',*,*,#3616,.T.);
#4653=ORIENTED_EDGE('',*,*,#3581,.T.);
#4654=ORIENTED_EDGE('',*,*,#3585,.T.);
#4655=ORIENTED_EDGE('',*,*,#3588,.T.);
#4656=ORIENTED_EDGE('',*,*,#3616,.F.);
#4657=ORIENTED_EDGE('',*,*,#3617,.F.);
#4658=ORIENTED_EDGE('',*,*,#3618,.T.);
#4659=ORIENTED_EDGE('',*,*,#3619,.T.);
#4660=ORIENTED_EDGE('',*,*,#3620,.F.);
#4661=ORIENTED_EDGE('',*,*,#3621,.T.);
#4662=ORIENTED_EDGE('',*,*,#3622,.F.);
#4663=ORIENTED_EDGE('',*,*,#3623,.F.);
#4664=ORIENTED_EDGE('',*,*,#3624,.F.);
#4665=ORIENTED_EDGE('',*,*,#3625,.F.);
#4666=ORIENTED_EDGE('',*,*,#3610,.F.);
#4667=ORIENTED_EDGE('',*,*,#3626,.F.);
#4668=ORIENTED_EDGE('',*,*,#3627,.F.);
#4669=ORIENTED_EDGE('',*,*,#3628,.F.);
#4670=ORIENTED_EDGE('',*,*,#3629,.F.);
#4671=ORIENTED_EDGE('',*,*,#3630,.T.);
#4672=ORIENTED_EDGE('',*,*,#3631,.F.);
#4673=ORIENTED_EDGE('',*,*,#3632,.F.);
#4674=ORIENTED_EDGE('',*,*,#3628,.T.);
#4675=ORIENTED_EDGE('',*,*,#3633,.F.);
#4676=ORIENTED_EDGE('',*,*,#3634,.F.);
#4677=ORIENTED_EDGE('',*,*,#3635,.F.);
#4678=ORIENTED_EDGE('',*,*,#3636,.F.);
#4679=ORIENTED_EDGE('',*,*,#3630,.F.);
#4680=ORIENTED_EDGE('',*,*,#3637,.F.);
#4681=ORIENTED_EDGE('',*,*,#3638,.F.);
#4682=ORIENTED_EDGE('',*,*,#3639,.F.);
#4683=ORIENTED_EDGE('',*,*,#3640,.F.);
#4684=ORIENTED_EDGE('',*,*,#3641,.F.);
#4685=ORIENTED_EDGE('',*,*,#3639,.T.);
#4686=ORIENTED_EDGE('',*,*,#3642,.F.);
#4687=ORIENTED_EDGE('',*,*,#3643,.F.);
#4688=ORIENTED_EDGE('',*,*,#3644,.F.);
#4689=ORIENTED_EDGE('',*,*,#3633,.T.);
#4690=ORIENTED_EDGE('',*,*,#3627,.T.);
#4691=ORIENTED_EDGE('',*,*,#3642,.T.);
#4692=ORIENTED_EDGE('',*,*,#3638,.T.);
#4693=ORIENTED_EDGE('',*,*,#3645,.F.);
#4694=ORIENTED_EDGE('',*,*,#3646,.T.);
#4695=ORIENTED_EDGE('',*,*,#3647,.F.);
#4696=ORIENTED_EDGE('',*,*,#3648,.F.);
#4697=ORIENTED_EDGE('',*,*,#3649,.F.);
#4698=ORIENTED_EDGE('',*,*,#3650,.F.);
#4699=ORIENTED_EDGE('',*,*,#3651,.F.);
#4700=ORIENTED_EDGE('',*,*,#3652,.F.);
#4701=ORIENTED_EDGE('',*,*,#3625,.T.);
#4702=ORIENTED_EDGE('',*,*,#3653,.T.);
#4703=ORIENTED_EDGE('',*,*,#3654,.T.);
#4704=ORIENTED_EDGE('',*,*,#3613,.T.);
#4705=ORIENTED_EDGE('',*,*,#3655,.F.);
#4706=ORIENTED_EDGE('',*,*,#3656,.F.);
#4707=ORIENTED_EDGE('',*,*,#3657,.T.);
#4708=ORIENTED_EDGE('',*,*,#3658,.T.);
#4709=ORIENTED_EDGE('',*,*,#3659,.T.);
#4710=ORIENTED_EDGE('',*,*,#3660,.T.);
#4711=ORIENTED_EDGE('',*,*,#3661,.T.);
#4712=ORIENTED_EDGE('',*,*,#3662,.F.);
#4713=ORIENTED_EDGE('',*,*,#3663,.T.);
#4714=ORIENTED_EDGE('',*,*,#3664,.T.);
#4715=ORIENTED_EDGE('',*,*,#3665,.T.);
#4716=ORIENTED_EDGE('',*,*,#3666,.F.);
#4717=ORIENTED_EDGE('',*,*,#3667,.T.);
#4718=ORIENTED_EDGE('',*,*,#3668,.T.);
#4719=ORIENTED_EDGE('',*,*,#3669,.T.);
#4720=ORIENTED_EDGE('',*,*,#3670,.F.);
#4721=ORIENTED_EDGE('',*,*,#3671,.T.);
#4722=ORIENTED_EDGE('',*,*,#3672,.T.);
#4723=ORIENTED_EDGE('',*,*,#3673,.T.);
#4724=ORIENTED_EDGE('',*,*,#3674,.F.);
#4725=ORIENTED_EDGE('',*,*,#3675,.T.);
#4726=ORIENTED_EDGE('',*,*,#3676,.T.);
#4727=ORIENTED_EDGE('',*,*,#3677,.T.);
#4728=ORIENTED_EDGE('',*,*,#3678,.F.);
#4729=ORIENTED_EDGE('',*,*,#3679,.T.);
#4730=ORIENTED_EDGE('',*,*,#3680,.T.);
#4731=ORIENTED_EDGE('',*,*,#3681,.T.);
#4732=ORIENTED_EDGE('',*,*,#3682,.F.);
#4733=ORIENTED_EDGE('',*,*,#3683,.T.);
#4734=ORIENTED_EDGE('',*,*,#3684,.T.);
#4735=ORIENTED_EDGE('',*,*,#3685,.T.);
#4736=ORIENTED_EDGE('',*,*,#3686,.F.);
#4737=ORIENTED_EDGE('',*,*,#3687,.T.);
#4738=ORIENTED_EDGE('',*,*,#3688,.T.);
#4739=ORIENTED_EDGE('',*,*,#3689,.T.);
#4740=ORIENTED_EDGE('',*,*,#3690,.F.);
#4741=ORIENTED_EDGE('',*,*,#3691,.T.);
#4742=ORIENTED_EDGE('',*,*,#3692,.T.);
#4743=ORIENTED_EDGE('',*,*,#3693,.T.);
#4744=ORIENTED_EDGE('',*,*,#3694,.F.);
#4745=ORIENTED_EDGE('',*,*,#3695,.T.);
#4746=ORIENTED_EDGE('',*,*,#3696,.T.);
#4747=ORIENTED_EDGE('',*,*,#3697,.T.);
#4748=ORIENTED_EDGE('',*,*,#3698,.F.);
#4749=ORIENTED_EDGE('',*,*,#3699,.T.);
#4750=ORIENTED_EDGE('',*,*,#3700,.T.);
#4751=ORIENTED_EDGE('',*,*,#3701,.T.);
#4752=ORIENTED_EDGE('',*,*,#3702,.F.);
#4753=ORIENTED_EDGE('',*,*,#3703,.T.);
#4754=ORIENTED_EDGE('',*,*,#3704,.T.);
#4755=ORIENTED_EDGE('',*,*,#3705,.T.);
#4756=ORIENTED_EDGE('',*,*,#3706,.F.);
#4757=ORIENTED_EDGE('',*,*,#3707,.T.);
#4758=ORIENTED_EDGE('',*,*,#3708,.T.);
#4759=ORIENTED_EDGE('',*,*,#3709,.T.);
#4760=ORIENTED_EDGE('',*,*,#3710,.F.);
#4761=ORIENTED_EDGE('',*,*,#3711,.T.);
#4762=ORIENTED_EDGE('',*,*,#3645,.T.);
#4763=ORIENTED_EDGE('',*,*,#3637,.T.);
#4764=ORIENTED_EDGE('',*,*,#3629,.T.);
#4765=ORIENTED_EDGE('',*,*,#3632,.T.);
#4766=ORIENTED_EDGE('',*,*,#3712,.F.);
#4767=ORIENTED_EDGE('',*,*,#3602,.F.);
#4768=ORIENTED_EDGE('',*,*,#3611,.T.);
#4769=ORIENTED_EDGE('',*,*,#3598,.T.);
#4770=ORIENTED_EDGE('',*,*,#3713,.F.);
#4771=ORIENTED_EDGE('',*,*,#3714,.T.);
#4772=ORIENTED_EDGE('',*,*,#3715,.F.);
#4773=ORIENTED_EDGE('',*,*,#3640,.T.);
#4774=ORIENTED_EDGE('',*,*,#3626,.T.);
#4775=ORIENTED_EDGE('',*,*,#3716,.F.);
#4776=ORIENTED_EDGE('',*,*,#3608,.F.);
#4777=ORIENTED_EDGE('',*,*,#3591,.T.);
#4778=ORIENTED_EDGE('',*,*,#3595,.T.);
#4779=ORIENTED_EDGE('',*,*,#3604,.F.);
#4780=ORIENTED_EDGE('',*,*,#3717,.F.);
#4781=ORIENTED_EDGE('',*,*,#3718,.T.);
#4782=ORIENTED_EDGE('',*,*,#3719,.F.);
#4783=ORIENTED_EDGE('',*,*,#3720,.T.);
#4784=ORIENTED_EDGE('',*,*,#3721,.T.);
#4785=ORIENTED_EDGE('',*,*,#3722,.T.);
#4786=ORIENTED_EDGE('',*,*,#3723,.T.);
#4787=ORIENTED_EDGE('',*,*,#3605,.F.);
#4788=ORIENTED_EDGE('',*,*,#3719,.T.);
#4789=ORIENTED_EDGE('',*,*,#3724,.T.);
#4790=ORIENTED_EDGE('',*,*,#3725,.F.);
#4791=ORIENTED_EDGE('',*,*,#3724,.F.);
#4792=ORIENTED_EDGE('',*,*,#3718,.F.);
#4793=ORIENTED_EDGE('',*,*,#3726,.F.);
#4794=ORIENTED_EDGE('',*,*,#3722,.F.);
#4795=ORIENTED_EDGE('',*,*,#3727,.F.);
#4796=ORIENTED_EDGE('',*,*,#3728,.F.);
#4797=ORIENTED_EDGE('',*,*,#3729,.F.);
#4798=ORIENTED_EDGE('',*,*,#3653,.F.);
#4799=ORIENTED_EDGE('',*,*,#3624,.T.);
#4800=ORIENTED_EDGE('',*,*,#3730,.F.);
#4801=ORIENTED_EDGE('',*,*,#3614,.F.);
#4802=ORIENTED_EDGE('',*,*,#3654,.F.);
#4803=ORIENTED_EDGE('',*,*,#3729,.T.);
#4804=ORIENTED_EDGE('',*,*,#3731,.F.);
#4805=ORIENTED_EDGE('',*,*,#3732,.T.);
#4806=ORIENTED_EDGE('',*,*,#3733,.F.);
#4807=ORIENTED_EDGE('',*,*,#3659,.F.);
#4808=ORIENTED_EDGE('',*,*,#3734,.T.);
#4809=ORIENTED_EDGE('',*,*,#3735,.F.);
#4810=ORIENTED_EDGE('',*,*,#3736,.F.);
#4811=ORIENTED_EDGE('',*,*,#3734,.F.);
#4812=ORIENTED_EDGE('',*,*,#3658,.F.);
#4813=ORIENTED_EDGE('',*,*,#3737,.T.);
#4814=ORIENTED_EDGE('',*,*,#3738,.T.);
#4815=ORIENTED_EDGE('',*,*,#3618,.F.);
#4816=ORIENTED_EDGE('',*,*,#3657,.F.);
#4817=ORIENTED_EDGE('',*,*,#3739,.F.);
#4818=ORIENTED_EDGE('',*,*,#3740,.T.);
#4819=ORIENTED_EDGE('',*,*,#3737,.F.);
#4820=ORIENTED_EDGE('',*,*,#3741,.F.);
#4821=ORIENTED_EDGE('',*,*,#3619,.F.);
#4822=ORIENTED_EDGE('',*,*,#3738,.F.);
#4823=ORIENTED_EDGE('',*,*,#3740,.F.);
#4824=ORIENTED_EDGE('',*,*,#3742,.F.);
#4825=ORIENTED_EDGE('',*,*,#3743,.F.);
#4826=ORIENTED_EDGE('',*,*,#3744,.F.);
#4827=ORIENTED_EDGE('',*,*,#3732,.F.);
#4828=ORIENTED_EDGE('',*,*,#3733,.T.);
#4829=ORIENTED_EDGE('',*,*,#3744,.T.);
#4830=ORIENTED_EDGE('',*,*,#3745,.T.);
#4831=ORIENTED_EDGE('',*,*,#3746,.F.);
#4832=ORIENTED_EDGE('',*,*,#3747,.F.);
#4833=ORIENTED_EDGE('',*,*,#3660,.F.);
#4834=ORIENTED_EDGE('',*,*,#3748,.F.);
#4835=ORIENTED_EDGE('',*,*,#3749,.F.);
#4836=ORIENTED_EDGE('',*,*,#3750,.F.);
#4837=ORIENTED_EDGE('',*,*,#3751,.F.);
#4838=ORIENTED_EDGE('',*,*,#3623,.T.);
#4839=ORIENTED_EDGE('',*,*,#3609,.F.);
#4840=ORIENTED_EDGE('',*,*,#3716,.T.);
#4841=ORIENTED_EDGE('',*,*,#3631,.T.);
#4842=ORIENTED_EDGE('',*,*,#3636,.T.);
#4843=ORIENTED_EDGE('',*,*,#3752,.T.);
#4844=ORIENTED_EDGE('',*,*,#3735,.T.);
#4845=ORIENTED_EDGE('',*,*,#3736,.T.);
#4846=ORIENTED_EDGE('',*,*,#3617,.T.);
#4847=ORIENTED_EDGE('',*,*,#3615,.F.);
#4848=ORIENTED_EDGE('',*,*,#3730,.T.);
#4849=ORIENTED_EDGE('',*,*,#3728,.T.);
#4850=ORIENTED_EDGE('',*,*,#3753,.T.);
#4851=ORIENTED_EDGE('',*,*,#3754,.T.);
#4852=ORIENTED_EDGE('',*,*,#3755,.F.);
#4853=ORIENTED_EDGE('',*,*,#3756,.F.);
#4854=ORIENTED_EDGE('',*,*,#3757,.T.);
#4855=ORIENTED_EDGE('',*,*,#3758,.T.);
#4856=ORIENTED_EDGE('',*,*,#3759,.F.);
#4857=ORIENTED_EDGE('',*,*,#3760,.F.);
#4858=ORIENTED_EDGE('',*,*,#3761,.T.);
#4859=ORIENTED_EDGE('',*,*,#3762,.T.);
#4860=ORIENTED_EDGE('',*,*,#3763,.F.);
#4861=ORIENTED_EDGE('',*,*,#3758,.F.);
#4862=ORIENTED_EDGE('',*,*,#3763,.T.);
#4863=ORIENTED_EDGE('',*,*,#3764,.T.);
#4864=ORIENTED_EDGE('',*,*,#3755,.T.);
#4865=ORIENTED_EDGE('',*,*,#3765,.F.);
#4866=ORIENTED_EDGE('',*,*,#3759,.T.);
#4867=ORIENTED_EDGE('',*,*,#3739,.T.);
#4868=ORIENTED_EDGE('',*,*,#3656,.T.);
#4869=ORIENTED_EDGE('',*,*,#3766,.F.);
#4870=ORIENTED_EDGE('',*,*,#3760,.T.);
#4871=ORIENTED_EDGE('',*,*,#3765,.T.);
#4872=ORIENTED_EDGE('',*,*,#3767,.T.);
#4873=ORIENTED_EDGE('',*,*,#3768,.T.);
#4874=ORIENTED_EDGE('',*,*,#3742,.T.);
#4875=ORIENTED_EDGE('',*,*,#3769,.F.);
#4876=ORIENTED_EDGE('',*,*,#3770,.F.);
#4877=ORIENTED_EDGE('',*,*,#3661,.F.);
#4878=ORIENTED_EDGE('',*,*,#3747,.T.);
#4879=ORIENTED_EDGE('',*,*,#3743,.T.);
#4880=ORIENTED_EDGE('',*,*,#3768,.F.);
#4881=ORIENTED_EDGE('',*,*,#3771,.F.);
#4882=ORIENTED_EDGE('',*,*,#3745,.F.);
#4883=ORIENTED_EDGE('',*,*,#3770,.T.);
#4884=ORIENTED_EDGE('',*,*,#3772,.T.);
#4885=ORIENTED_EDGE('',*,*,#3773,.T.);
#4886=ORIENTED_EDGE('',*,*,#3662,.T.);
#4887=ORIENTED_EDGE('',*,*,#3750,.T.);
#4888=ORIENTED_EDGE('',*,*,#3774,.F.);
#4889=ORIENTED_EDGE('',*,*,#3775,.F.);
#4890=ORIENTED_EDGE('',*,*,#3776,.T.);
#4891=ORIENTED_EDGE('',*,*,#3749,.T.);
#4892=ORIENTED_EDGE('',*,*,#3777,.F.);
#4893=ORIENTED_EDGE('',*,*,#3778,.F.);
#4894=ORIENTED_EDGE('',*,*,#3774,.T.);
#4895=ORIENTED_EDGE('',*,*,#3748,.T.);
#4896=ORIENTED_EDGE('',*,*,#3779,.F.);
#4897=ORIENTED_EDGE('',*,*,#3780,.F.);
#4898=ORIENTED_EDGE('',*,*,#3777,.T.);
#4899=ORIENTED_EDGE('',*,*,#3751,.T.);
#4900=ORIENTED_EDGE('',*,*,#3776,.F.);
#4901=ORIENTED_EDGE('',*,*,#3781,.F.);
#4902=ORIENTED_EDGE('',*,*,#3779,.T.);
#4903=ORIENTED_EDGE('',*,*,#3782,.F.);
#4904=ORIENTED_EDGE('',*,*,#3783,.F.);
#4905=ORIENTED_EDGE('',*,*,#3665,.F.);
#4906=ORIENTED_EDGE('',*,*,#3784,.T.);
#4907=ORIENTED_EDGE('',*,*,#3785,.F.);
#4908=ORIENTED_EDGE('',*,*,#3784,.F.);
#4909=ORIENTED_EDGE('',*,*,#3664,.F.);
#4910=ORIENTED_EDGE('',*,*,#3786,.T.);
#4911=ORIENTED_EDGE('',*,*,#3787,.F.);
#4912=ORIENTED_EDGE('',*,*,#3788,.F.);
#4913=ORIENTED_EDGE('',*,*,#3789,.F.);
#4914=ORIENTED_EDGE('',*,*,#3790,.F.);
#4915=ORIENTED_EDGE('',*,*,#3791,.F.);
#4916=ORIENTED_EDGE('',*,*,#3786,.F.);
#4917=ORIENTED_EDGE('',*,*,#3663,.F.);
#4918=ORIENTED_EDGE('',*,*,#3773,.F.);
#4919=ORIENTED_EDGE('',*,*,#3783,.T.);
#4920=ORIENTED_EDGE('',*,*,#3792,.T.);
#4921=ORIENTED_EDGE('',*,*,#3793,.T.);
#4922=ORIENTED_EDGE('',*,*,#3666,.T.);
#4923=ORIENTED_EDGE('',*,*,#3789,.T.);
#4924=ORIENTED_EDGE('',*,*,#3794,.F.);
#4925=ORIENTED_EDGE('',*,*,#3795,.F.);
#4926=ORIENTED_EDGE('',*,*,#3796,.T.);
#4927=ORIENTED_EDGE('',*,*,#3788,.T.);
#4928=ORIENTED_EDGE('',*,*,#3797,.F.);
#4929=ORIENTED_EDGE('',*,*,#3798,.F.);
#4930=ORIENTED_EDGE('',*,*,#3794,.T.);
#4931=ORIENTED_EDGE('',*,*,#3787,.T.);
#4932=ORIENTED_EDGE('',*,*,#3799,.F.);
#4933=ORIENTED_EDGE('',*,*,#3800,.F.);
#4934=ORIENTED_EDGE('',*,*,#3797,.T.);
#4935=ORIENTED_EDGE('',*,*,#3790,.T.);
#4936=ORIENTED_EDGE('',*,*,#3796,.F.);
#4937=ORIENTED_EDGE('',*,*,#3801,.F.);
#4938=ORIENTED_EDGE('',*,*,#3799,.T.);
#4939=ORIENTED_EDGE('',*,*,#3802,.F.);
#4940=ORIENTED_EDGE('',*,*,#3803,.F.);
#4941=ORIENTED_EDGE('',*,*,#3669,.F.);
#4942=ORIENTED_EDGE('',*,*,#3804,.T.);
#4943=ORIENTED_EDGE('',*,*,#3805,.F.);
#4944=ORIENTED_EDGE('',*,*,#3804,.F.);
#4945=ORIENTED_EDGE('',*,*,#3668,.F.);
#4946=ORIENTED_EDGE('',*,*,#3806,.T.);
#4947=ORIENTED_EDGE('',*,*,#3807,.F.);
#4948=ORIENTED_EDGE('',*,*,#3808,.F.);
#4949=ORIENTED_EDGE('',*,*,#3809,.F.);
#4950=ORIENTED_EDGE('',*,*,#3810,.F.);
#4951=ORIENTED_EDGE('',*,*,#3811,.F.);
#4952=ORIENTED_EDGE('',*,*,#3806,.F.);
#4953=ORIENTED_EDGE('',*,*,#3667,.F.);
#4954=ORIENTED_EDGE('',*,*,#3793,.F.);
#4955=ORIENTED_EDGE('',*,*,#3803,.T.);
#4956=ORIENTED_EDGE('',*,*,#3812,.T.);
#4957=ORIENTED_EDGE('',*,*,#3813,.T.);
#4958=ORIENTED_EDGE('',*,*,#3670,.T.);
#4959=ORIENTED_EDGE('',*,*,#3809,.T.);
#4960=ORIENTED_EDGE('',*,*,#3814,.F.);
#4961=ORIENTED_EDGE('',*,*,#3815,.F.);
#4962=ORIENTED_EDGE('',*,*,#3816,.T.);
#4963=ORIENTED_EDGE('',*,*,#3808,.T.);
#4964=ORIENTED_EDGE('',*,*,#3817,.F.);
#4965=ORIENTED_EDGE('',*,*,#3818,.F.);
#4966=ORIENTED_EDGE('',*,*,#3814,.T.);
#4967=ORIENTED_EDGE('',*,*,#3807,.T.);
#4968=ORIENTED_EDGE('',*,*,#3819,.F.);
#4969=ORIENTED_EDGE('',*,*,#3820,.F.);
#4970=ORIENTED_EDGE('',*,*,#3817,.T.);
#4971=ORIENTED_EDGE('',*,*,#3810,.T.);
#4972=ORIENTED_EDGE('',*,*,#3816,.F.);
#4973=ORIENTED_EDGE('',*,*,#3821,.F.);
#4974=ORIENTED_EDGE('',*,*,#3819,.T.);
#4975=ORIENTED_EDGE('',*,*,#3822,.F.);
#4976=ORIENTED_EDGE('',*,*,#3823,.F.);
#4977=ORIENTED_EDGE('',*,*,#3673,.F.);
#4978=ORIENTED_EDGE('',*,*,#3824,.T.);
#4979=ORIENTED_EDGE('',*,*,#3825,.F.);
#4980=ORIENTED_EDGE('',*,*,#3824,.F.);
#4981=ORIENTED_EDGE('',*,*,#3672,.F.);
#4982=ORIENTED_EDGE('',*,*,#3826,.T.);
#4983=ORIENTED_EDGE('',*,*,#3827,.F.);
#4984=ORIENTED_EDGE('',*,*,#3828,.F.);
#4985=ORIENTED_EDGE('',*,*,#3829,.F.);
#4986=ORIENTED_EDGE('',*,*,#3830,.F.);
#4987=ORIENTED_EDGE('',*,*,#3831,.F.);
#4988=ORIENTED_EDGE('',*,*,#3826,.F.);
#4989=ORIENTED_EDGE('',*,*,#3671,.F.);
#4990=ORIENTED_EDGE('',*,*,#3813,.F.);
#4991=ORIENTED_EDGE('',*,*,#3823,.T.);
#4992=ORIENTED_EDGE('',*,*,#3832,.T.);
#4993=ORIENTED_EDGE('',*,*,#3833,.T.);
#4994=ORIENTED_EDGE('',*,*,#3674,.T.);
#4995=ORIENTED_EDGE('',*,*,#3829,.T.);
#4996=ORIENTED_EDGE('',*,*,#3834,.F.);
#4997=ORIENTED_EDGE('',*,*,#3835,.F.);
#4998=ORIENTED_EDGE('',*,*,#3836,.T.);
#4999=ORIENTED_EDGE('',*,*,#3828,.T.);
#5000=ORIENTED_EDGE('',*,*,#3837,.F.);
#5001=ORIENTED_EDGE('',*,*,#3838,.F.);
#5002=ORIENTED_EDGE('',*,*,#3834,.T.);
#5003=ORIENTED_EDGE('',*,*,#3827,.T.);
#5004=ORIENTED_EDGE('',*,*,#3839,.F.);
#5005=ORIENTED_EDGE('',*,*,#3840,.F.);
#5006=ORIENTED_EDGE('',*,*,#3837,.T.);
#5007=ORIENTED_EDGE('',*,*,#3830,.T.);
#5008=ORIENTED_EDGE('',*,*,#3836,.F.);
#5009=ORIENTED_EDGE('',*,*,#3841,.F.);
#5010=ORIENTED_EDGE('',*,*,#3839,.T.);
#5011=ORIENTED_EDGE('',*,*,#3842,.F.);
#5012=ORIENTED_EDGE('',*,*,#3843,.F.);
#5013=ORIENTED_EDGE('',*,*,#3677,.F.);
#5014=ORIENTED_EDGE('',*,*,#3844,.T.);
#5015=ORIENTED_EDGE('',*,*,#3845,.F.);
#5016=ORIENTED_EDGE('',*,*,#3844,.F.);
#5017=ORIENTED_EDGE('',*,*,#3676,.F.);
#5018=ORIENTED_EDGE('',*,*,#3846,.T.);
#5019=ORIENTED_EDGE('',*,*,#3847,.F.);
#5020=ORIENTED_EDGE('',*,*,#3848,.F.);
#5021=ORIENTED_EDGE('',*,*,#3849,.F.);
#5022=ORIENTED_EDGE('',*,*,#3850,.F.);
#5023=ORIENTED_EDGE('',*,*,#3851,.F.);
#5024=ORIENTED_EDGE('',*,*,#3846,.F.);
#5025=ORIENTED_EDGE('',*,*,#3675,.F.);
#5026=ORIENTED_EDGE('',*,*,#3833,.F.);
#5027=ORIENTED_EDGE('',*,*,#3843,.T.);
#5028=ORIENTED_EDGE('',*,*,#3852,.T.);
#5029=ORIENTED_EDGE('',*,*,#3853,.T.);
#5030=ORIENTED_EDGE('',*,*,#3678,.T.);
#5031=ORIENTED_EDGE('',*,*,#3849,.T.);
#5032=ORIENTED_EDGE('',*,*,#3854,.F.);
#5033=ORIENTED_EDGE('',*,*,#3855,.F.);
#5034=ORIENTED_EDGE('',*,*,#3856,.T.);
#5035=ORIENTED_EDGE('',*,*,#3848,.T.);
#5036=ORIENTED_EDGE('',*,*,#3857,.F.);
#5037=ORIENTED_EDGE('',*,*,#3858,.F.);
#5038=ORIENTED_EDGE('',*,*,#3854,.T.);
#5039=ORIENTED_EDGE('',*,*,#3847,.T.);
#5040=ORIENTED_EDGE('',*,*,#3859,.F.);
#5041=ORIENTED_EDGE('',*,*,#3860,.F.);
#5042=ORIENTED_EDGE('',*,*,#3857,.T.);
#5043=ORIENTED_EDGE('',*,*,#3850,.T.);
#5044=ORIENTED_EDGE('',*,*,#3856,.F.);
#5045=ORIENTED_EDGE('',*,*,#3861,.F.);
#5046=ORIENTED_EDGE('',*,*,#3859,.T.);
#5047=ORIENTED_EDGE('',*,*,#3862,.F.);
#5048=ORIENTED_EDGE('',*,*,#3863,.F.);
#5049=ORIENTED_EDGE('',*,*,#3681,.F.);
#5050=ORIENTED_EDGE('',*,*,#3864,.T.);
#5051=ORIENTED_EDGE('',*,*,#3865,.F.);
#5052=ORIENTED_EDGE('',*,*,#3864,.F.);
#5053=ORIENTED_EDGE('',*,*,#3680,.F.);
#5054=ORIENTED_EDGE('',*,*,#3866,.T.);
#5055=ORIENTED_EDGE('',*,*,#3867,.F.);
#5056=ORIENTED_EDGE('',*,*,#3868,.F.);
#5057=ORIENTED_EDGE('',*,*,#3869,.F.);
#5058=ORIENTED_EDGE('',*,*,#3870,.F.);
#5059=ORIENTED_EDGE('',*,*,#3871,.F.);
#5060=ORIENTED_EDGE('',*,*,#3866,.F.);
#5061=ORIENTED_EDGE('',*,*,#3679,.F.);
#5062=ORIENTED_EDGE('',*,*,#3853,.F.);
#5063=ORIENTED_EDGE('',*,*,#3863,.T.);
#5064=ORIENTED_EDGE('',*,*,#3872,.T.);
#5065=ORIENTED_EDGE('',*,*,#3873,.T.);
#5066=ORIENTED_EDGE('',*,*,#3682,.T.);
#5067=ORIENTED_EDGE('',*,*,#3869,.T.);
#5068=ORIENTED_EDGE('',*,*,#3874,.F.);
#5069=ORIENTED_EDGE('',*,*,#3875,.F.);
#5070=ORIENTED_EDGE('',*,*,#3876,.T.);
#5071=ORIENTED_EDGE('',*,*,#3868,.T.);
#5072=ORIENTED_EDGE('',*,*,#3877,.F.);
#5073=ORIENTED_EDGE('',*,*,#3878,.F.);
#5074=ORIENTED_EDGE('',*,*,#3874,.T.);
#5075=ORIENTED_EDGE('',*,*,#3867,.T.);
#5076=ORIENTED_EDGE('',*,*,#3879,.F.);
#5077=ORIENTED_EDGE('',*,*,#3880,.F.);
#5078=ORIENTED_EDGE('',*,*,#3877,.T.);
#5079=ORIENTED_EDGE('',*,*,#3870,.T.);
#5080=ORIENTED_EDGE('',*,*,#3876,.F.);
#5081=ORIENTED_EDGE('',*,*,#3881,.F.);
#5082=ORIENTED_EDGE('',*,*,#3879,.T.);
#5083=ORIENTED_EDGE('',*,*,#3882,.F.);
#5084=ORIENTED_EDGE('',*,*,#3883,.F.);
#5085=ORIENTED_EDGE('',*,*,#3685,.F.);
#5086=ORIENTED_EDGE('',*,*,#3884,.T.);
#5087=ORIENTED_EDGE('',*,*,#3885,.F.);
#5088=ORIENTED_EDGE('',*,*,#3884,.F.);
#5089=ORIENTED_EDGE('',*,*,#3684,.F.);
#5090=ORIENTED_EDGE('',*,*,#3886,.T.);
#5091=ORIENTED_EDGE('',*,*,#3887,.F.);
#5092=ORIENTED_EDGE('',*,*,#3888,.F.);
#5093=ORIENTED_EDGE('',*,*,#3889,.F.);
#5094=ORIENTED_EDGE('',*,*,#3890,.F.);
#5095=ORIENTED_EDGE('',*,*,#3891,.F.);
#5096=ORIENTED_EDGE('',*,*,#3886,.F.);
#5097=ORIENTED_EDGE('',*,*,#3683,.F.);
#5098=ORIENTED_EDGE('',*,*,#3873,.F.);
#5099=ORIENTED_EDGE('',*,*,#3883,.T.);
#5100=ORIENTED_EDGE('',*,*,#3892,.T.);
#5101=ORIENTED_EDGE('',*,*,#3893,.T.);
#5102=ORIENTED_EDGE('',*,*,#3686,.T.);
#5103=ORIENTED_EDGE('',*,*,#3889,.T.);
#5104=ORIENTED_EDGE('',*,*,#3894,.F.);
#5105=ORIENTED_EDGE('',*,*,#3895,.F.);
#5106=ORIENTED_EDGE('',*,*,#3896,.T.);
#5107=ORIENTED_EDGE('',*,*,#3888,.T.);
#5108=ORIENTED_EDGE('',*,*,#3897,.F.);
#5109=ORIENTED_EDGE('',*,*,#3898,.F.);
#5110=ORIENTED_EDGE('',*,*,#3894,.T.);
#5111=ORIENTED_EDGE('',*,*,#3887,.T.);
#5112=ORIENTED_EDGE('',*,*,#3899,.F.);
#5113=ORIENTED_EDGE('',*,*,#3900,.F.);
#5114=ORIENTED_EDGE('',*,*,#3897,.T.);
#5115=ORIENTED_EDGE('',*,*,#3890,.T.);
#5116=ORIENTED_EDGE('',*,*,#3896,.F.);
#5117=ORIENTED_EDGE('',*,*,#3901,.F.);
#5118=ORIENTED_EDGE('',*,*,#3899,.T.);
#5119=ORIENTED_EDGE('',*,*,#3902,.F.);
#5120=ORIENTED_EDGE('',*,*,#3903,.F.);
#5121=ORIENTED_EDGE('',*,*,#3689,.F.);
#5122=ORIENTED_EDGE('',*,*,#3904,.T.);
#5123=ORIENTED_EDGE('',*,*,#3905,.F.);
#5124=ORIENTED_EDGE('',*,*,#3904,.F.);
#5125=ORIENTED_EDGE('',*,*,#3688,.F.);
#5126=ORIENTED_EDGE('',*,*,#3906,.T.);
#5127=ORIENTED_EDGE('',*,*,#3907,.F.);
#5128=ORIENTED_EDGE('',*,*,#3908,.F.);
#5129=ORIENTED_EDGE('',*,*,#3909,.F.);
#5130=ORIENTED_EDGE('',*,*,#3910,.F.);
#5131=ORIENTED_EDGE('',*,*,#3911,.F.);
#5132=ORIENTED_EDGE('',*,*,#3906,.F.);
#5133=ORIENTED_EDGE('',*,*,#3687,.F.);
#5134=ORIENTED_EDGE('',*,*,#3893,.F.);
#5135=ORIENTED_EDGE('',*,*,#3903,.T.);
#5136=ORIENTED_EDGE('',*,*,#3912,.T.);
#5137=ORIENTED_EDGE('',*,*,#3913,.T.);
#5138=ORIENTED_EDGE('',*,*,#3690,.T.);
#5139=ORIENTED_EDGE('',*,*,#3909,.T.);
#5140=ORIENTED_EDGE('',*,*,#3914,.F.);
#5141=ORIENTED_EDGE('',*,*,#3915,.F.);
#5142=ORIENTED_EDGE('',*,*,#3916,.T.);
#5143=ORIENTED_EDGE('',*,*,#3908,.T.);
#5144=ORIENTED_EDGE('',*,*,#3917,.F.);
#5145=ORIENTED_EDGE('',*,*,#3918,.F.);
#5146=ORIENTED_EDGE('',*,*,#3914,.T.);
#5147=ORIENTED_EDGE('',*,*,#3907,.T.);
#5148=ORIENTED_EDGE('',*,*,#3919,.F.);
#5149=ORIENTED_EDGE('',*,*,#3920,.F.);
#5150=ORIENTED_EDGE('',*,*,#3917,.T.);
#5151=ORIENTED_EDGE('',*,*,#3910,.T.);
#5152=ORIENTED_EDGE('',*,*,#3916,.F.);
#5153=ORIENTED_EDGE('',*,*,#3921,.F.);
#5154=ORIENTED_EDGE('',*,*,#3919,.T.);
#5155=ORIENTED_EDGE('',*,*,#3922,.F.);
#5156=ORIENTED_EDGE('',*,*,#3923,.F.);
#5157=ORIENTED_EDGE('',*,*,#3693,.F.);
#5158=ORIENTED_EDGE('',*,*,#3924,.T.);
#5159=ORIENTED_EDGE('',*,*,#3925,.F.);
#5160=ORIENTED_EDGE('',*,*,#3924,.F.);
#5161=ORIENTED_EDGE('',*,*,#3692,.F.);
#5162=ORIENTED_EDGE('',*,*,#3926,.T.);
#5163=ORIENTED_EDGE('',*,*,#3927,.F.);
#5164=ORIENTED_EDGE('',*,*,#3928,.F.);
#5165=ORIENTED_EDGE('',*,*,#3929,.F.);
#5166=ORIENTED_EDGE('',*,*,#3930,.F.);
#5167=ORIENTED_EDGE('',*,*,#3931,.F.);
#5168=ORIENTED_EDGE('',*,*,#3926,.F.);
#5169=ORIENTED_EDGE('',*,*,#3691,.F.);
#5170=ORIENTED_EDGE('',*,*,#3913,.F.);
#5171=ORIENTED_EDGE('',*,*,#3923,.T.);
#5172=ORIENTED_EDGE('',*,*,#3932,.T.);
#5173=ORIENTED_EDGE('',*,*,#3933,.T.);
#5174=ORIENTED_EDGE('',*,*,#3694,.T.);
#5175=ORIENTED_EDGE('',*,*,#3929,.T.);
#5176=ORIENTED_EDGE('',*,*,#3934,.F.);
#5177=ORIENTED_EDGE('',*,*,#3935,.F.);
#5178=ORIENTED_EDGE('',*,*,#3936,.T.);
#5179=ORIENTED_EDGE('',*,*,#3928,.T.);
#5180=ORIENTED_EDGE('',*,*,#3937,.F.);
#5181=ORIENTED_EDGE('',*,*,#3938,.F.);
#5182=ORIENTED_EDGE('',*,*,#3934,.T.);
#5183=ORIENTED_EDGE('',*,*,#3927,.T.);
#5184=ORIENTED_EDGE('',*,*,#3939,.F.);
#5185=ORIENTED_EDGE('',*,*,#3940,.F.);
#5186=ORIENTED_EDGE('',*,*,#3937,.T.);
#5187=ORIENTED_EDGE('',*,*,#3930,.T.);
#5188=ORIENTED_EDGE('',*,*,#3936,.F.);
#5189=ORIENTED_EDGE('',*,*,#3941,.F.);
#5190=ORIENTED_EDGE('',*,*,#3939,.T.);
#5191=ORIENTED_EDGE('',*,*,#3942,.F.);
#5192=ORIENTED_EDGE('',*,*,#3943,.F.);
#5193=ORIENTED_EDGE('',*,*,#3697,.F.);
#5194=ORIENTED_EDGE('',*,*,#3944,.T.);
#5195=ORIENTED_EDGE('',*,*,#3945,.F.);
#5196=ORIENTED_EDGE('',*,*,#3944,.F.);
#5197=ORIENTED_EDGE('',*,*,#3696,.F.);
#5198=ORIENTED_EDGE('',*,*,#3946,.T.);
#5199=ORIENTED_EDGE('',*,*,#3947,.F.);
#5200=ORIENTED_EDGE('',*,*,#3948,.F.);
#5201=ORIENTED_EDGE('',*,*,#3949,.F.);
#5202=ORIENTED_EDGE('',*,*,#3950,.F.);
#5203=ORIENTED_EDGE('',*,*,#3951,.F.);
#5204=ORIENTED_EDGE('',*,*,#3946,.F.);
#5205=ORIENTED_EDGE('',*,*,#3695,.F.);
#5206=ORIENTED_EDGE('',*,*,#3933,.F.);
#5207=ORIENTED_EDGE('',*,*,#3943,.T.);
#5208=ORIENTED_EDGE('',*,*,#3952,.T.);
#5209=ORIENTED_EDGE('',*,*,#3953,.T.);
#5210=ORIENTED_EDGE('',*,*,#3698,.T.);
#5211=ORIENTED_EDGE('',*,*,#3949,.T.);
#5212=ORIENTED_EDGE('',*,*,#3954,.F.);
#5213=ORIENTED_EDGE('',*,*,#3955,.F.);
#5214=ORIENTED_EDGE('',*,*,#3956,.T.);
#5215=ORIENTED_EDGE('',*,*,#3948,.T.);
#5216=ORIENTED_EDGE('',*,*,#3957,.F.);
#5217=ORIENTED_EDGE('',*,*,#3958,.F.);
#5218=ORIENTED_EDGE('',*,*,#3954,.T.);
#5219=ORIENTED_EDGE('',*,*,#3947,.T.);
#5220=ORIENTED_EDGE('',*,*,#3959,.F.);
#5221=ORIENTED_EDGE('',*,*,#3960,.F.);
#5222=ORIENTED_EDGE('',*,*,#3957,.T.);
#5223=ORIENTED_EDGE('',*,*,#3950,.T.);
#5224=ORIENTED_EDGE('',*,*,#3956,.F.);
#5225=ORIENTED_EDGE('',*,*,#3961,.F.);
#5226=ORIENTED_EDGE('',*,*,#3959,.T.);
#5227=ORIENTED_EDGE('',*,*,#3962,.F.);
#5228=ORIENTED_EDGE('',*,*,#3963,.F.);
#5229=ORIENTED_EDGE('',*,*,#3701,.F.);
#5230=ORIENTED_EDGE('',*,*,#3964,.T.);
#5231=ORIENTED_EDGE('',*,*,#3965,.F.);
#5232=ORIENTED_EDGE('',*,*,#3964,.F.);
#5233=ORIENTED_EDGE('',*,*,#3700,.F.);
#5234=ORIENTED_EDGE('',*,*,#3966,.T.);
#5235=ORIENTED_EDGE('',*,*,#3967,.F.);
#5236=ORIENTED_EDGE('',*,*,#3968,.F.);
#5237=ORIENTED_EDGE('',*,*,#3969,.F.);
#5238=ORIENTED_EDGE('',*,*,#3970,.F.);
#5239=ORIENTED_EDGE('',*,*,#3971,.F.);
#5240=ORIENTED_EDGE('',*,*,#3966,.F.);
#5241=ORIENTED_EDGE('',*,*,#3699,.F.);
#5242=ORIENTED_EDGE('',*,*,#3953,.F.);
#5243=ORIENTED_EDGE('',*,*,#3963,.T.);
#5244=ORIENTED_EDGE('',*,*,#3972,.T.);
#5245=ORIENTED_EDGE('',*,*,#3973,.T.);
#5246=ORIENTED_EDGE('',*,*,#3702,.T.);
#5247=ORIENTED_EDGE('',*,*,#3969,.T.);
#5248=ORIENTED_EDGE('',*,*,#3974,.F.);
#5249=ORIENTED_EDGE('',*,*,#3975,.F.);
#5250=ORIENTED_EDGE('',*,*,#3976,.T.);
#5251=ORIENTED_EDGE('',*,*,#3968,.T.);
#5252=ORIENTED_EDGE('',*,*,#3977,.F.);
#5253=ORIENTED_EDGE('',*,*,#3978,.F.);
#5254=ORIENTED_EDGE('',*,*,#3974,.T.);
#5255=ORIENTED_EDGE('',*,*,#3967,.T.);
#5256=ORIENTED_EDGE('',*,*,#3979,.F.);
#5257=ORIENTED_EDGE('',*,*,#3980,.F.);
#5258=ORIENTED_EDGE('',*,*,#3977,.T.);
#5259=ORIENTED_EDGE('',*,*,#3970,.T.);
#5260=ORIENTED_EDGE('',*,*,#3976,.F.);
#5261=ORIENTED_EDGE('',*,*,#3981,.F.);
#5262=ORIENTED_EDGE('',*,*,#3979,.T.);
#5263=ORIENTED_EDGE('',*,*,#3982,.F.);
#5264=ORIENTED_EDGE('',*,*,#3983,.F.);
#5265=ORIENTED_EDGE('',*,*,#3705,.F.);
#5266=ORIENTED_EDGE('',*,*,#3984,.T.);
#5267=ORIENTED_EDGE('',*,*,#3985,.F.);
#5268=ORIENTED_EDGE('',*,*,#3984,.F.);
#5269=ORIENTED_EDGE('',*,*,#3704,.F.);
#5270=ORIENTED_EDGE('',*,*,#3986,.T.);
#5271=ORIENTED_EDGE('',*,*,#3987,.F.);
#5272=ORIENTED_EDGE('',*,*,#3988,.F.);
#5273=ORIENTED_EDGE('',*,*,#3989,.F.);
#5274=ORIENTED_EDGE('',*,*,#3990,.F.);
#5275=ORIENTED_EDGE('',*,*,#3991,.F.);
#5276=ORIENTED_EDGE('',*,*,#3986,.F.);
#5277=ORIENTED_EDGE('',*,*,#3703,.F.);
#5278=ORIENTED_EDGE('',*,*,#3973,.F.);
#5279=ORIENTED_EDGE('',*,*,#3983,.T.);
#5280=ORIENTED_EDGE('',*,*,#3992,.T.);
#5281=ORIENTED_EDGE('',*,*,#3993,.T.);
#5282=ORIENTED_EDGE('',*,*,#3706,.T.);
#5283=ORIENTED_EDGE('',*,*,#3989,.T.);
#5284=ORIENTED_EDGE('',*,*,#3994,.F.);
#5285=ORIENTED_EDGE('',*,*,#3995,.F.);
#5286=ORIENTED_EDGE('',*,*,#3996,.T.);
#5287=ORIENTED_EDGE('',*,*,#3988,.T.);
#5288=ORIENTED_EDGE('',*,*,#3997,.F.);
#5289=ORIENTED_EDGE('',*,*,#3998,.F.);
#5290=ORIENTED_EDGE('',*,*,#3994,.T.);
#5291=ORIENTED_EDGE('',*,*,#3987,.T.);
#5292=ORIENTED_EDGE('',*,*,#3999,.F.);
#5293=ORIENTED_EDGE('',*,*,#4000,.F.);
#5294=ORIENTED_EDGE('',*,*,#3997,.T.);
#5295=ORIENTED_EDGE('',*,*,#3990,.T.);
#5296=ORIENTED_EDGE('',*,*,#3996,.F.);
#5297=ORIENTED_EDGE('',*,*,#4001,.F.);
#5298=ORIENTED_EDGE('',*,*,#3999,.T.);
#5299=ORIENTED_EDGE('',*,*,#4002,.F.);
#5300=ORIENTED_EDGE('',*,*,#4003,.F.);
#5301=ORIENTED_EDGE('',*,*,#3709,.F.);
#5302=ORIENTED_EDGE('',*,*,#4004,.T.);
#5303=ORIENTED_EDGE('',*,*,#4005,.F.);
#5304=ORIENTED_EDGE('',*,*,#4004,.F.);
#5305=ORIENTED_EDGE('',*,*,#3708,.F.);
#5306=ORIENTED_EDGE('',*,*,#4006,.T.);
#5307=ORIENTED_EDGE('',*,*,#4007,.F.);
#5308=ORIENTED_EDGE('',*,*,#4008,.F.);
#5309=ORIENTED_EDGE('',*,*,#4009,.F.);
#5310=ORIENTED_EDGE('',*,*,#4010,.F.);
#5311=ORIENTED_EDGE('',*,*,#4011,.F.);
#5312=ORIENTED_EDGE('',*,*,#4006,.F.);
#5313=ORIENTED_EDGE('',*,*,#3707,.F.);
#5314=ORIENTED_EDGE('',*,*,#3993,.F.);
#5315=ORIENTED_EDGE('',*,*,#4003,.T.);
#5316=ORIENTED_EDGE('',*,*,#4012,.T.);
#5317=ORIENTED_EDGE('',*,*,#4013,.T.);
#5318=ORIENTED_EDGE('',*,*,#3710,.T.);
#5319=ORIENTED_EDGE('',*,*,#4009,.T.);
#5320=ORIENTED_EDGE('',*,*,#4014,.F.);
#5321=ORIENTED_EDGE('',*,*,#4015,.F.);
#5322=ORIENTED_EDGE('',*,*,#4016,.T.);
#5323=ORIENTED_EDGE('',*,*,#4008,.T.);
#5324=ORIENTED_EDGE('',*,*,#4017,.F.);
#5325=ORIENTED_EDGE('',*,*,#4018,.F.);
#5326=ORIENTED_EDGE('',*,*,#4014,.T.);
#5327=ORIENTED_EDGE('',*,*,#4007,.T.);
#5328=ORIENTED_EDGE('',*,*,#4019,.F.);
#5329=ORIENTED_EDGE('',*,*,#4020,.F.);
#5330=ORIENTED_EDGE('',*,*,#4017,.T.);
#5331=ORIENTED_EDGE('',*,*,#4010,.T.);
#5332=ORIENTED_EDGE('',*,*,#4016,.F.);
#5333=ORIENTED_EDGE('',*,*,#4021,.F.);
#5334=ORIENTED_EDGE('',*,*,#4019,.T.);
#5335=ORIENTED_EDGE('',*,*,#4022,.F.);
#5336=ORIENTED_EDGE('',*,*,#3646,.F.);
#5337=ORIENTED_EDGE('',*,*,#3711,.F.);
#5338=ORIENTED_EDGE('',*,*,#4013,.F.);
#5339=ORIENTED_EDGE('',*,*,#3643,.T.);
#5340=ORIENTED_EDGE('',*,*,#3648,.T.);
#5341=ORIENTED_EDGE('',*,*,#4023,.F.);
#5342=ORIENTED_EDGE('',*,*,#4024,.F.);
#5343=ORIENTED_EDGE('',*,*,#3771,.T.);
#5344=ORIENTED_EDGE('',*,*,#3767,.F.);
#5345=ORIENTED_EDGE('',*,*,#3754,.F.);
#5346=ORIENTED_EDGE('',*,*,#4025,.F.);
#5347=ORIENTED_EDGE('',*,*,#4026,.F.);
#5348=ORIENTED_EDGE('',*,*,#4027,.T.);
#5349=ORIENTED_EDGE('',*,*,#3723,.F.);
#5350=ORIENTED_EDGE('',*,*,#4028,.F.);
#5351=ORIENTED_EDGE('',*,*,#4023,.T.);
#5352=ORIENTED_EDGE('',*,*,#3647,.T.);
#5353=ORIENTED_EDGE('',*,*,#4022,.T.);
#5354=ORIENTED_EDGE('',*,*,#4012,.F.);
#5355=ORIENTED_EDGE('',*,*,#4002,.T.);
#5356=ORIENTED_EDGE('',*,*,#4005,.T.);
#5357=ORIENTED_EDGE('',*,*,#4011,.T.);
#5358=ORIENTED_EDGE('',*,*,#3992,.F.);
#5359=ORIENTED_EDGE('',*,*,#3982,.T.);
#5360=ORIENTED_EDGE('',*,*,#3985,.T.);
#5361=ORIENTED_EDGE('',*,*,#3991,.T.);
#5362=ORIENTED_EDGE('',*,*,#3972,.F.);
#5363=ORIENTED_EDGE('',*,*,#3962,.T.);
#5364=ORIENTED_EDGE('',*,*,#3965,.T.);
#5365=ORIENTED_EDGE('',*,*,#3971,.T.);
#5366=ORIENTED_EDGE('',*,*,#3952,.F.);
#5367=ORIENTED_EDGE('',*,*,#3942,.T.);
#5368=ORIENTED_EDGE('',*,*,#3945,.T.);
#5369=ORIENTED_EDGE('',*,*,#3951,.T.);
#5370=ORIENTED_EDGE('',*,*,#3932,.F.);
#5371=ORIENTED_EDGE('',*,*,#3922,.T.);
#5372=ORIENTED_EDGE('',*,*,#3925,.T.);
#5373=ORIENTED_EDGE('',*,*,#3931,.T.);
#5374=ORIENTED_EDGE('',*,*,#3912,.F.);
#5375=ORIENTED_EDGE('',*,*,#3902,.T.);
#5376=ORIENTED_EDGE('',*,*,#3905,.T.);
#5377=ORIENTED_EDGE('',*,*,#3911,.T.);
#5378=ORIENTED_EDGE('',*,*,#3892,.F.);
#5379=ORIENTED_EDGE('',*,*,#3882,.T.);
#5380=ORIENTED_EDGE('',*,*,#3885,.T.);
#5381=ORIENTED_EDGE('',*,*,#3891,.T.);
#5382=ORIENTED_EDGE('',*,*,#3872,.F.);
#5383=ORIENTED_EDGE('',*,*,#3862,.T.);
#5384=ORIENTED_EDGE('',*,*,#3865,.T.);
#5385=ORIENTED_EDGE('',*,*,#3871,.T.);
#5386=ORIENTED_EDGE('',*,*,#3852,.F.);
#5387=ORIENTED_EDGE('',*,*,#3842,.T.);
#5388=ORIENTED_EDGE('',*,*,#3845,.T.);
#5389=ORIENTED_EDGE('',*,*,#3851,.T.);
#5390=ORIENTED_EDGE('',*,*,#3832,.F.);
#5391=ORIENTED_EDGE('',*,*,#3822,.T.);
#5392=ORIENTED_EDGE('',*,*,#3825,.T.);
#5393=ORIENTED_EDGE('',*,*,#3831,.T.);
#5394=ORIENTED_EDGE('',*,*,#3812,.F.);
#5395=ORIENTED_EDGE('',*,*,#3802,.T.);
#5396=ORIENTED_EDGE('',*,*,#3805,.T.);
#5397=ORIENTED_EDGE('',*,*,#3811,.T.);
#5398=ORIENTED_EDGE('',*,*,#3792,.F.);
#5399=ORIENTED_EDGE('',*,*,#3782,.T.);
#5400=ORIENTED_EDGE('',*,*,#3785,.T.);
#5401=ORIENTED_EDGE('',*,*,#3791,.T.);
#5402=ORIENTED_EDGE('',*,*,#3772,.F.);
#5403=ORIENTED_EDGE('',*,*,#3769,.T.);
#5404=ORIENTED_EDGE('',*,*,#3746,.T.);
#5405=ORIENTED_EDGE('',*,*,#3651,.T.);
#5406=ORIENTED_EDGE('',*,*,#4029,.F.);
#5407=ORIENTED_EDGE('',*,*,#4030,.F.);
#5408=ORIENTED_EDGE('',*,*,#4031,.T.);
#5409=ORIENTED_EDGE('',*,*,#3650,.T.);
#5410=ORIENTED_EDGE('',*,*,#4032,.F.);
#5411=ORIENTED_EDGE('',*,*,#4033,.F.);
#5412=ORIENTED_EDGE('',*,*,#4029,.T.);
#5413=ORIENTED_EDGE('',*,*,#3649,.T.);
#5414=ORIENTED_EDGE('',*,*,#4034,.F.);
#5415=ORIENTED_EDGE('',*,*,#4035,.F.);
#5416=ORIENTED_EDGE('',*,*,#4032,.T.);
#5417=ORIENTED_EDGE('',*,*,#3652,.T.);
#5418=ORIENTED_EDGE('',*,*,#4031,.F.);
#5419=ORIENTED_EDGE('',*,*,#4036,.F.);
#5420=ORIENTED_EDGE('',*,*,#4034,.T.);
#5421=ORIENTED_EDGE('',*,*,#3621,.F.);
#5422=ORIENTED_EDGE('',*,*,#4037,.T.);
#5423=ORIENTED_EDGE('',*,*,#3714,.F.);
#5424=ORIENTED_EDGE('',*,*,#4038,.F.);
#5425=ORIENTED_EDGE('',*,*,#3641,.T.);
#5426=ORIENTED_EDGE('',*,*,#3715,.T.);
#5427=ORIENTED_EDGE('',*,*,#4037,.F.);
#5428=ORIENTED_EDGE('',*,*,#3620,.T.);
#5429=ORIENTED_EDGE('',*,*,#3741,.T.);
#5430=ORIENTED_EDGE('',*,*,#3731,.T.);
#5431=ORIENTED_EDGE('',*,*,#3752,.F.);
#5432=ORIENTED_EDGE('',*,*,#3635,.T.);
#5433=ORIENTED_EDGE('',*,*,#3775,.T.);
#5434=ORIENTED_EDGE('',*,*,#3778,.T.);
#5435=ORIENTED_EDGE('',*,*,#3780,.T.);
#5436=ORIENTED_EDGE('',*,*,#3781,.T.);
#5437=ORIENTED_EDGE('',*,*,#3795,.T.);
#5438=ORIENTED_EDGE('',*,*,#3798,.T.);
#5439=ORIENTED_EDGE('',*,*,#3800,.T.);
#5440=ORIENTED_EDGE('',*,*,#3801,.T.);
#5441=ORIENTED_EDGE('',*,*,#3815,.T.);
#5442=ORIENTED_EDGE('',*,*,#3818,.T.);
#5443=ORIENTED_EDGE('',*,*,#3820,.T.);
#5444=ORIENTED_EDGE('',*,*,#3821,.T.);
#5445=ORIENTED_EDGE('',*,*,#3835,.T.);
#5446=ORIENTED_EDGE('',*,*,#3838,.T.);
#5447=ORIENTED_EDGE('',*,*,#3840,.T.);
#5448=ORIENTED_EDGE('',*,*,#3841,.T.);
#5449=ORIENTED_EDGE('',*,*,#3855,.T.);
#5450=ORIENTED_EDGE('',*,*,#3858,.T.);
#5451=ORIENTED_EDGE('',*,*,#3860,.T.);
#5452=ORIENTED_EDGE('',*,*,#3861,.T.);
#5453=ORIENTED_EDGE('',*,*,#3875,.T.);
#5454=ORIENTED_EDGE('',*,*,#3878,.T.);
#5455=ORIENTED_EDGE('',*,*,#3880,.T.);
#5456=ORIENTED_EDGE('',*,*,#3881,.T.);
#5457=ORIENTED_EDGE('',*,*,#3895,.T.);
#5458=ORIENTED_EDGE('',*,*,#3898,.T.);
#5459=ORIENTED_EDGE('',*,*,#3900,.T.);
#5460=ORIENTED_EDGE('',*,*,#3901,.T.);
#5461=ORIENTED_EDGE('',*,*,#3915,.T.);
#5462=ORIENTED_EDGE('',*,*,#3918,.T.);
#5463=ORIENTED_EDGE('',*,*,#3920,.T.);
#5464=ORIENTED_EDGE('',*,*,#3921,.T.);
#5465=ORIENTED_EDGE('',*,*,#3935,.T.);
#5466=ORIENTED_EDGE('',*,*,#3938,.T.);
#5467=ORIENTED_EDGE('',*,*,#3940,.T.);
#5468=ORIENTED_EDGE('',*,*,#3941,.T.);
#5469=ORIENTED_EDGE('',*,*,#3955,.T.);
#5470=ORIENTED_EDGE('',*,*,#3958,.T.);
#5471=ORIENTED_EDGE('',*,*,#3960,.T.);
#5472=ORIENTED_EDGE('',*,*,#3961,.T.);
#5473=ORIENTED_EDGE('',*,*,#3975,.T.);
#5474=ORIENTED_EDGE('',*,*,#3978,.T.);
#5475=ORIENTED_EDGE('',*,*,#3980,.T.);
#5476=ORIENTED_EDGE('',*,*,#3981,.T.);
#5477=ORIENTED_EDGE('',*,*,#3995,.T.);
#5478=ORIENTED_EDGE('',*,*,#3998,.T.);
#5479=ORIENTED_EDGE('',*,*,#4000,.T.);
#5480=ORIENTED_EDGE('',*,*,#4001,.T.);
#5481=ORIENTED_EDGE('',*,*,#4015,.T.);
#5482=ORIENTED_EDGE('',*,*,#4018,.T.);
#5483=ORIENTED_EDGE('',*,*,#4020,.T.);
#5484=ORIENTED_EDGE('',*,*,#4021,.T.);
#5485=ORIENTED_EDGE('',*,*,#4030,.T.);
#5486=ORIENTED_EDGE('',*,*,#4033,.T.);
#5487=ORIENTED_EDGE('',*,*,#4035,.T.);
#5488=ORIENTED_EDGE('',*,*,#4036,.T.);
#5489=ORIENTED_EDGE('',*,*,#3720,.F.);
#5490=ORIENTED_EDGE('',*,*,#4027,.F.);
#5491=ORIENTED_EDGE('',*,*,#4039,.F.);
#5492=ORIENTED_EDGE('',*,*,#4040,.F.);
#5493=ORIENTED_EDGE('',*,*,#3753,.F.);
#5494=ORIENTED_EDGE('',*,*,#4041,.F.);
#5495=ORIENTED_EDGE('',*,*,#4042,.F.);
#5496=ORIENTED_EDGE('',*,*,#4025,.T.);
#5497=ORIENTED_EDGE('',*,*,#3600,.T.);
#5498=ORIENTED_EDGE('',*,*,#3607,.F.);
#5499=ORIENTED_EDGE('',*,*,#4043,.T.);
#5500=ORIENTED_EDGE('',*,*,#4039,.T.);
#5501=ORIENTED_EDGE('',*,*,#4026,.T.);
#5502=ORIENTED_EDGE('',*,*,#4042,.T.);
#5503=ORIENTED_EDGE('',*,*,#4044,.T.);
#5504=ORIENTED_EDGE('',*,*,#4045,.F.);
#5505=ORIENTED_EDGE('',*,*,#3582,.T.);
#5506=ORIENTED_EDGE('',*,*,#3622,.T.);
#5507=ORIENTED_EDGE('',*,*,#4038,.T.);
#5508=ORIENTED_EDGE('',*,*,#3713,.T.);
#5509=ORIENTED_EDGE('',*,*,#4041,.T.);
#5510=ORIENTED_EDGE('',*,*,#3756,.T.);
#5511=ORIENTED_EDGE('',*,*,#3764,.F.);
#5512=ORIENTED_EDGE('',*,*,#3762,.F.);
#5513=ORIENTED_EDGE('',*,*,#4046,.F.);
#5514=ORIENTED_EDGE('',*,*,#4044,.F.);
#5515=ORIENTED_EDGE('',*,*,#4040,.T.);
#5516=ORIENTED_EDGE('',*,*,#4043,.F.);
#5517=ORIENTED_EDGE('',*,*,#3606,.F.);
#5518=ORIENTED_EDGE('',*,*,#3725,.T.);
#5519=ORIENTED_EDGE('',*,*,#3727,.T.);
#5520=ORIENTED_EDGE('',*,*,#3721,.F.);
#5521=ORIENTED_EDGE('',*,*,#3644,.T.);
#5522=ORIENTED_EDGE('',*,*,#4024,.T.);
#5523=ORIENTED_EDGE('',*,*,#4028,.T.);
#5524=ORIENTED_EDGE('',*,*,#3726,.T.);
#5525=ORIENTED_EDGE('',*,*,#3717,.T.);
#5526=ORIENTED_EDGE('',*,*,#3603,.F.);
#5527=ORIENTED_EDGE('',*,*,#3712,.T.);
#5528=ORIENTED_EDGE('',*,*,#3634,.T.);
#5529=ORIENTED_EDGE('',*,*,#3583,.T.);
#5530=ORIENTED_EDGE('',*,*,#4045,.T.);
#5531=ORIENTED_EDGE('',*,*,#4046,.T.);
#5532=ORIENTED_EDGE('',*,*,#3761,.F.);
#5533=ORIENTED_EDGE('',*,*,#3757,.F.);
#5534=ORIENTED_EDGE('',*,*,#3766,.T.);
#5535=ORIENTED_EDGE('',*,*,#3655,.T.);
#5536=ORIENTED_EDGE('',*,*,#3612,.T.);
#5537=ORIENTED_EDGE('',*,*,#3589,.T.);
#5538=ORIENTED_EDGE('',*,*,#3586,.T.);
#5539=ORIENTED_EDGE('',*,*,#4047,.T.);
#5540=ORIENTED_EDGE('',*,*,#4048,.T.);
#5541=ORIENTED_EDGE('',*,*,#4049,.T.);
#5542=ORIENTED_EDGE('',*,*,#4050,.F.);
#5543=ORIENTED_EDGE('',*,*,#4051,.T.);
#5544=ORIENTED_EDGE('',*,*,#4052,.T.);
#5545=ORIENTED_EDGE('',*,*,#4053,.T.);
#5546=ORIENTED_EDGE('',*,*,#4048,.F.);
#5547=ORIENTED_EDGE('',*,*,#4054,.T.);
#5548=ORIENTED_EDGE('',*,*,#4055,.T.);
#5549=ORIENTED_EDGE('',*,*,#4056,.T.);
#5550=ORIENTED_EDGE('',*,*,#4052,.F.);
#5551=ORIENTED_EDGE('',*,*,#4057,.T.);
#5552=ORIENTED_EDGE('',*,*,#4055,.F.);
#5553=ORIENTED_EDGE('',*,*,#4058,.T.);
#5554=ORIENTED_EDGE('',*,*,#4050,.T.);
#5555=ORIENTED_EDGE('',*,*,#4057,.F.);
#5556=ORIENTED_EDGE('',*,*,#4059,.F.);
#5557=ORIENTED_EDGE('',*,*,#4060,.F.);
#5558=ORIENTED_EDGE('',*,*,#4061,.F.);
#5559=ORIENTED_EDGE('',*,*,#4062,.F.);
#5560=ORIENTED_EDGE('',*,*,#4063,.T.);
#5561=ORIENTED_EDGE('',*,*,#4064,.T.);
#5562=ORIENTED_EDGE('',*,*,#4065,.T.);
#5563=ORIENTED_EDGE('',*,*,#4049,.F.);
#5564=ORIENTED_EDGE('',*,*,#4066,.F.);
#5565=ORIENTED_EDGE('',*,*,#4067,.T.);
#5566=ORIENTED_EDGE('',*,*,#4059,.T.);
#5567=ORIENTED_EDGE('',*,*,#4047,.F.);
#5568=ORIENTED_EDGE('',*,*,#4058,.F.);
#5569=ORIENTED_EDGE('',*,*,#4054,.F.);
#5570=ORIENTED_EDGE('',*,*,#4051,.F.);
#5571=ORIENTED_EDGE('',*,*,#4068,.T.);
#5572=ORIENTED_EDGE('',*,*,#4069,.T.);
#5573=ORIENTED_EDGE('',*,*,#4070,.T.);
#5574=ORIENTED_EDGE('',*,*,#4071,.F.);
#5575=ORIENTED_EDGE('',*,*,#4072,.T.);
#5576=ORIENTED_EDGE('',*,*,#4073,.T.);
#5577=ORIENTED_EDGE('',*,*,#4074,.T.);
#5578=ORIENTED_EDGE('',*,*,#4069,.F.);
#5579=ORIENTED_EDGE('',*,*,#4075,.T.);
#5580=ORIENTED_EDGE('',*,*,#4076,.T.);
#5581=ORIENTED_EDGE('',*,*,#4077,.T.);
#5582=ORIENTED_EDGE('',*,*,#4071,.T.);
#5583=ORIENTED_EDGE('',*,*,#4062,.T.);
#5584=ORIENTED_EDGE('',*,*,#4076,.F.);
#5585=ORIENTED_EDGE('',*,*,#4078,.T.);
#5586=ORIENTED_EDGE('',*,*,#4073,.F.);
#5587=ORIENTED_EDGE('',*,*,#4072,.F.);
#5588=ORIENTED_EDGE('',*,*,#4079,.T.);
#5589=ORIENTED_EDGE('',*,*,#4080,.F.);
#5590=ORIENTED_EDGE('',*,*,#4063,.F.);
#5591=ORIENTED_EDGE('',*,*,#4053,.F.);
#5592=ORIENTED_EDGE('',*,*,#4081,.F.);
#5593=ORIENTED_EDGE('',*,*,#4082,.F.);
#5594=ORIENTED_EDGE('',*,*,#4079,.F.);
#5595=ORIENTED_EDGE('',*,*,#4068,.F.);
#5596=ORIENTED_EDGE('',*,*,#4083,.T.);
#5597=ORIENTED_EDGE('',*,*,#4084,.T.);
#5598=ORIENTED_EDGE('',*,*,#4066,.T.);
#5599=ORIENTED_EDGE('',*,*,#4070,.F.);
#5600=ORIENTED_EDGE('',*,*,#4074,.F.);
#5601=ORIENTED_EDGE('',*,*,#4078,.F.);
#5602=ORIENTED_EDGE('',*,*,#4075,.F.);
#5603=ORIENTED_EDGE('',*,*,#4056,.F.);
#5604=ORIENTED_EDGE('',*,*,#4065,.F.);
#5605=ORIENTED_EDGE('',*,*,#4085,.T.);
#5606=ORIENTED_EDGE('',*,*,#4081,.T.);
#5607=ORIENTED_EDGE('',*,*,#4080,.T.);
#5608=ORIENTED_EDGE('',*,*,#4082,.T.);
#5609=ORIENTED_EDGE('',*,*,#4085,.F.);
#5610=ORIENTED_EDGE('',*,*,#4064,.F.);
#5611=ORIENTED_EDGE('',*,*,#4086,.T.);
#5612=ORIENTED_EDGE('',*,*,#4060,.T.);
#5613=ORIENTED_EDGE('',*,*,#4067,.F.);
#5614=ORIENTED_EDGE('',*,*,#4084,.F.);
#5615=ORIENTED_EDGE('',*,*,#4077,.F.);
#5616=ORIENTED_EDGE('',*,*,#4061,.T.);
#5617=ORIENTED_EDGE('',*,*,#4086,.F.);
#5618=ORIENTED_EDGE('',*,*,#4083,.F.);
#5619=ORIENTED_EDGE('',*,*,#4087,.T.);
#5620=ORIENTED_EDGE('',*,*,#4088,.T.);
#5621=ORIENTED_EDGE('',*,*,#4089,.T.);
#5622=ORIENTED_EDGE('',*,*,#4090,.F.);
#5623=ORIENTED_EDGE('',*,*,#4091,.T.);
#5624=ORIENTED_EDGE('',*,*,#4092,.T.);
#5625=ORIENTED_EDGE('',*,*,#4093,.T.);
#5626=ORIENTED_EDGE('',*,*,#4088,.F.);
#5627=ORIENTED_EDGE('',*,*,#4094,.T.);
#5628=ORIENTED_EDGE('',*,*,#4095,.T.);
#5629=ORIENTED_EDGE('',*,*,#4096,.T.);
#5630=ORIENTED_EDGE('',*,*,#4092,.F.);
#5631=ORIENTED_EDGE('',*,*,#4097,.T.);
#5632=ORIENTED_EDGE('',*,*,#4095,.F.);
#5633=ORIENTED_EDGE('',*,*,#4098,.T.);
#5634=ORIENTED_EDGE('',*,*,#4090,.T.);
#5635=ORIENTED_EDGE('',*,*,#4097,.F.);
#5636=ORIENTED_EDGE('',*,*,#4099,.F.);
#5637=ORIENTED_EDGE('',*,*,#4100,.F.);
#5638=ORIENTED_EDGE('',*,*,#4101,.F.);
#5639=ORIENTED_EDGE('',*,*,#4102,.F.);
#5640=ORIENTED_EDGE('',*,*,#4103,.T.);
#5641=ORIENTED_EDGE('',*,*,#4104,.T.);
#5642=ORIENTED_EDGE('',*,*,#4105,.T.);
#5643=ORIENTED_EDGE('',*,*,#4089,.F.);
#5644=ORIENTED_EDGE('',*,*,#4106,.F.);
#5645=ORIENTED_EDGE('',*,*,#4107,.T.);
#5646=ORIENTED_EDGE('',*,*,#4099,.T.);
#5647=ORIENTED_EDGE('',*,*,#4087,.F.);
#5648=ORIENTED_EDGE('',*,*,#4098,.F.);
#5649=ORIENTED_EDGE('',*,*,#4094,.F.);
#5650=ORIENTED_EDGE('',*,*,#4091,.F.);
#5651=ORIENTED_EDGE('',*,*,#4108,.T.);
#5652=ORIENTED_EDGE('',*,*,#4109,.T.);
#5653=ORIENTED_EDGE('',*,*,#4110,.T.);
#5654=ORIENTED_EDGE('',*,*,#4111,.F.);
#5655=ORIENTED_EDGE('',*,*,#4112,.T.);
#5656=ORIENTED_EDGE('',*,*,#4113,.T.);
#5657=ORIENTED_EDGE('',*,*,#4114,.T.);
#5658=ORIENTED_EDGE('',*,*,#4109,.F.);
#5659=ORIENTED_EDGE('',*,*,#4115,.T.);
#5660=ORIENTED_EDGE('',*,*,#4116,.T.);
#5661=ORIENTED_EDGE('',*,*,#4117,.T.);
#5662=ORIENTED_EDGE('',*,*,#4111,.T.);
#5663=ORIENTED_EDGE('',*,*,#4102,.T.);
#5664=ORIENTED_EDGE('',*,*,#4116,.F.);
#5665=ORIENTED_EDGE('',*,*,#4118,.T.);
#5666=ORIENTED_EDGE('',*,*,#4113,.F.);
#5667=ORIENTED_EDGE('',*,*,#4112,.F.);
#5668=ORIENTED_EDGE('',*,*,#4119,.T.);
#5669=ORIENTED_EDGE('',*,*,#4120,.F.);
#5670=ORIENTED_EDGE('',*,*,#4103,.F.);
#5671=ORIENTED_EDGE('',*,*,#4093,.F.);
#5672=ORIENTED_EDGE('',*,*,#4121,.F.);
#5673=ORIENTED_EDGE('',*,*,#4122,.F.);
#5674=ORIENTED_EDGE('',*,*,#4119,.F.);
#5675=ORIENTED_EDGE('',*,*,#4108,.F.);
#5676=ORIENTED_EDGE('',*,*,#4123,.T.);
#5677=ORIENTED_EDGE('',*,*,#4124,.T.);
#5678=ORIENTED_EDGE('',*,*,#4106,.T.);
#5679=ORIENTED_EDGE('',*,*,#4110,.F.);
#5680=ORIENTED_EDGE('',*,*,#4114,.F.);
#5681=ORIENTED_EDGE('',*,*,#4118,.F.);
#5682=ORIENTED_EDGE('',*,*,#4115,.F.);
#5683=ORIENTED_EDGE('',*,*,#4096,.F.);
#5684=ORIENTED_EDGE('',*,*,#4105,.F.);
#5685=ORIENTED_EDGE('',*,*,#4125,.T.);
#5686=ORIENTED_EDGE('',*,*,#4121,.T.);
#5687=ORIENTED_EDGE('',*,*,#4120,.T.);
#5688=ORIENTED_EDGE('',*,*,#4122,.T.);
#5689=ORIENTED_EDGE('',*,*,#4125,.F.);
#5690=ORIENTED_EDGE('',*,*,#4104,.F.);
#5691=ORIENTED_EDGE('',*,*,#4126,.T.);
#5692=ORIENTED_EDGE('',*,*,#4100,.T.);
#5693=ORIENTED_EDGE('',*,*,#4107,.F.);
#5694=ORIENTED_EDGE('',*,*,#4124,.F.);
#5695=ORIENTED_EDGE('',*,*,#4117,.F.);
#5696=ORIENTED_EDGE('',*,*,#4101,.T.);
#5697=ORIENTED_EDGE('',*,*,#4126,.F.);
#5698=ORIENTED_EDGE('',*,*,#4123,.F.);
#5699=ORIENTED_EDGE('',*,*,#4127,.T.);
#5700=ORIENTED_EDGE('',*,*,#4128,.T.);
#5701=ORIENTED_EDGE('',*,*,#4129,.T.);
#5702=ORIENTED_EDGE('',*,*,#4130,.F.);
#5703=ORIENTED_EDGE('',*,*,#4131,.T.);
#5704=ORIENTED_EDGE('',*,*,#4132,.T.);
#5705=ORIENTED_EDGE('',*,*,#4133,.T.);
#5706=ORIENTED_EDGE('',*,*,#4128,.F.);
#5707=ORIENTED_EDGE('',*,*,#4134,.T.);
#5708=ORIENTED_EDGE('',*,*,#4135,.T.);
#5709=ORIENTED_EDGE('',*,*,#4136,.T.);
#5710=ORIENTED_EDGE('',*,*,#4132,.F.);
#5711=ORIENTED_EDGE('',*,*,#4137,.T.);
#5712=ORIENTED_EDGE('',*,*,#4135,.F.);
#5713=ORIENTED_EDGE('',*,*,#4138,.T.);
#5714=ORIENTED_EDGE('',*,*,#4130,.T.);
#5715=ORIENTED_EDGE('',*,*,#4137,.F.);
#5716=ORIENTED_EDGE('',*,*,#4139,.F.);
#5717=ORIENTED_EDGE('',*,*,#4140,.F.);
#5718=ORIENTED_EDGE('',*,*,#4141,.F.);
#5719=ORIENTED_EDGE('',*,*,#4142,.F.);
#5720=ORIENTED_EDGE('',*,*,#4143,.T.);
#5721=ORIENTED_EDGE('',*,*,#4144,.T.);
#5722=ORIENTED_EDGE('',*,*,#4145,.T.);
#5723=ORIENTED_EDGE('',*,*,#4129,.F.);
#5724=ORIENTED_EDGE('',*,*,#4146,.F.);
#5725=ORIENTED_EDGE('',*,*,#4147,.T.);
#5726=ORIENTED_EDGE('',*,*,#4139,.T.);
#5727=ORIENTED_EDGE('',*,*,#4127,.F.);
#5728=ORIENTED_EDGE('',*,*,#4138,.F.);
#5729=ORIENTED_EDGE('',*,*,#4134,.F.);
#5730=ORIENTED_EDGE('',*,*,#4131,.F.);
#5731=ORIENTED_EDGE('',*,*,#4148,.T.);
#5732=ORIENTED_EDGE('',*,*,#4149,.T.);
#5733=ORIENTED_EDGE('',*,*,#4150,.T.);
#5734=ORIENTED_EDGE('',*,*,#4151,.F.);
#5735=ORIENTED_EDGE('',*,*,#4152,.T.);
#5736=ORIENTED_EDGE('',*,*,#4153,.T.);
#5737=ORIENTED_EDGE('',*,*,#4154,.T.);
#5738=ORIENTED_EDGE('',*,*,#4149,.F.);
#5739=ORIENTED_EDGE('',*,*,#4155,.T.);
#5740=ORIENTED_EDGE('',*,*,#4156,.T.);
#5741=ORIENTED_EDGE('',*,*,#4157,.T.);
#5742=ORIENTED_EDGE('',*,*,#4151,.T.);
#5743=ORIENTED_EDGE('',*,*,#4142,.T.);
#5744=ORIENTED_EDGE('',*,*,#4156,.F.);
#5745=ORIENTED_EDGE('',*,*,#4158,.T.);
#5746=ORIENTED_EDGE('',*,*,#4153,.F.);
#5747=ORIENTED_EDGE('',*,*,#4152,.F.);
#5748=ORIENTED_EDGE('',*,*,#4159,.T.);
#5749=ORIENTED_EDGE('',*,*,#4160,.F.);
#5750=ORIENTED_EDGE('',*,*,#4143,.F.);
#5751=ORIENTED_EDGE('',*,*,#4133,.F.);
#5752=ORIENTED_EDGE('',*,*,#4161,.F.);
#5753=ORIENTED_EDGE('',*,*,#4162,.F.);
#5754=ORIENTED_EDGE('',*,*,#4159,.F.);
#5755=ORIENTED_EDGE('',*,*,#4148,.F.);
#5756=ORIENTED_EDGE('',*,*,#4163,.T.);
#5757=ORIENTED_EDGE('',*,*,#4164,.T.);
#5758=ORIENTED_EDGE('',*,*,#4146,.T.);
#5759=ORIENTED_EDGE('',*,*,#4150,.F.);
#5760=ORIENTED_EDGE('',*,*,#4154,.F.);
#5761=ORIENTED_EDGE('',*,*,#4158,.F.);
#5762=ORIENTED_EDGE('',*,*,#4155,.F.);
#5763=ORIENTED_EDGE('',*,*,#4136,.F.);
#5764=ORIENTED_EDGE('',*,*,#4145,.F.);
#5765=ORIENTED_EDGE('',*,*,#4165,.T.);
#5766=ORIENTED_EDGE('',*,*,#4161,.T.);
#5767=ORIENTED_EDGE('',*,*,#4160,.T.);
#5768=ORIENTED_EDGE('',*,*,#4162,.T.);
#5769=ORIENTED_EDGE('',*,*,#4165,.F.);
#5770=ORIENTED_EDGE('',*,*,#4144,.F.);
#5771=ORIENTED_EDGE('',*,*,#4166,.T.);
#5772=ORIENTED_EDGE('',*,*,#4140,.T.);
#5773=ORIENTED_EDGE('',*,*,#4147,.F.);
#5774=ORIENTED_EDGE('',*,*,#4164,.F.);
#5775=ORIENTED_EDGE('',*,*,#4157,.F.);
#5776=ORIENTED_EDGE('',*,*,#4141,.T.);
#5777=ORIENTED_EDGE('',*,*,#4166,.F.);
#5778=ORIENTED_EDGE('',*,*,#4163,.F.);
#5779=ORIENTED_EDGE('',*,*,#4167,.T.);
#5780=ORIENTED_EDGE('',*,*,#4168,.T.);
#5781=ORIENTED_EDGE('',*,*,#4169,.T.);
#5782=ORIENTED_EDGE('',*,*,#4170,.F.);
#5783=ORIENTED_EDGE('',*,*,#4171,.T.);
#5784=ORIENTED_EDGE('',*,*,#4172,.T.);
#5785=ORIENTED_EDGE('',*,*,#4173,.T.);
#5786=ORIENTED_EDGE('',*,*,#4168,.F.);
#5787=ORIENTED_EDGE('',*,*,#4174,.T.);
#5788=ORIENTED_EDGE('',*,*,#4175,.T.);
#5789=ORIENTED_EDGE('',*,*,#4176,.T.);
#5790=ORIENTED_EDGE('',*,*,#4172,.F.);
#5791=ORIENTED_EDGE('',*,*,#4177,.T.);
#5792=ORIENTED_EDGE('',*,*,#4175,.F.);
#5793=ORIENTED_EDGE('',*,*,#4178,.T.);
#5794=ORIENTED_EDGE('',*,*,#4170,.T.);
#5795=ORIENTED_EDGE('',*,*,#4177,.F.);
#5796=ORIENTED_EDGE('',*,*,#4179,.F.);
#5797=ORIENTED_EDGE('',*,*,#4180,.F.);
#5798=ORIENTED_EDGE('',*,*,#4181,.F.);
#5799=ORIENTED_EDGE('',*,*,#4182,.F.);
#5800=ORIENTED_EDGE('',*,*,#4183,.T.);
#5801=ORIENTED_EDGE('',*,*,#4184,.T.);
#5802=ORIENTED_EDGE('',*,*,#4185,.T.);
#5803=ORIENTED_EDGE('',*,*,#4169,.F.);
#5804=ORIENTED_EDGE('',*,*,#4186,.F.);
#5805=ORIENTED_EDGE('',*,*,#4187,.T.);
#5806=ORIENTED_EDGE('',*,*,#4179,.T.);
#5807=ORIENTED_EDGE('',*,*,#4167,.F.);
#5808=ORIENTED_EDGE('',*,*,#4178,.F.);
#5809=ORIENTED_EDGE('',*,*,#4174,.F.);
#5810=ORIENTED_EDGE('',*,*,#4171,.F.);
#5811=ORIENTED_EDGE('',*,*,#4188,.T.);
#5812=ORIENTED_EDGE('',*,*,#4189,.T.);
#5813=ORIENTED_EDGE('',*,*,#4190,.T.);
#5814=ORIENTED_EDGE('',*,*,#4191,.F.);
#5815=ORIENTED_EDGE('',*,*,#4192,.T.);
#5816=ORIENTED_EDGE('',*,*,#4193,.T.);
#5817=ORIENTED_EDGE('',*,*,#4194,.T.);
#5818=ORIENTED_EDGE('',*,*,#4189,.F.);
#5819=ORIENTED_EDGE('',*,*,#4195,.T.);
#5820=ORIENTED_EDGE('',*,*,#4196,.T.);
#5821=ORIENTED_EDGE('',*,*,#4197,.T.);
#5822=ORIENTED_EDGE('',*,*,#4191,.T.);
#5823=ORIENTED_EDGE('',*,*,#4182,.T.);
#5824=ORIENTED_EDGE('',*,*,#4196,.F.);
#5825=ORIENTED_EDGE('',*,*,#4198,.T.);
#5826=ORIENTED_EDGE('',*,*,#4193,.F.);
#5827=ORIENTED_EDGE('',*,*,#4192,.F.);
#5828=ORIENTED_EDGE('',*,*,#4199,.T.);
#5829=ORIENTED_EDGE('',*,*,#4200,.F.);
#5830=ORIENTED_EDGE('',*,*,#4183,.F.);
#5831=ORIENTED_EDGE('',*,*,#4173,.F.);
#5832=ORIENTED_EDGE('',*,*,#4201,.F.);
#5833=ORIENTED_EDGE('',*,*,#4202,.F.);
#5834=ORIENTED_EDGE('',*,*,#4199,.F.);
#5835=ORIENTED_EDGE('',*,*,#4188,.F.);
#5836=ORIENTED_EDGE('',*,*,#4203,.T.);
#5837=ORIENTED_EDGE('',*,*,#4204,.T.);
#5838=ORIENTED_EDGE('',*,*,#4186,.T.);
#5839=ORIENTED_EDGE('',*,*,#4190,.F.);
#5840=ORIENTED_EDGE('',*,*,#4194,.F.);
#5841=ORIENTED_EDGE('',*,*,#4198,.F.);
#5842=ORIENTED_EDGE('',*,*,#4195,.F.);
#5843=ORIENTED_EDGE('',*,*,#4176,.F.);
#5844=ORIENTED_EDGE('',*,*,#4185,.F.);
#5845=ORIENTED_EDGE('',*,*,#4205,.T.);
#5846=ORIENTED_EDGE('',*,*,#4201,.T.);
#5847=ORIENTED_EDGE('',*,*,#4200,.T.);
#5848=ORIENTED_EDGE('',*,*,#4202,.T.);
#5849=ORIENTED_EDGE('',*,*,#4205,.F.);
#5850=ORIENTED_EDGE('',*,*,#4184,.F.);
#5851=ORIENTED_EDGE('',*,*,#4206,.T.);
#5852=ORIENTED_EDGE('',*,*,#4180,.T.);
#5853=ORIENTED_EDGE('',*,*,#4187,.F.);
#5854=ORIENTED_EDGE('',*,*,#4204,.F.);
#5855=ORIENTED_EDGE('',*,*,#4197,.F.);
#5856=ORIENTED_EDGE('',*,*,#4181,.T.);
#5857=ORIENTED_EDGE('',*,*,#4206,.F.);
#5858=ORIENTED_EDGE('',*,*,#4203,.F.);
#5859=ORIENTED_EDGE('',*,*,#4207,.T.);
#5860=ORIENTED_EDGE('',*,*,#4208,.T.);
#5861=ORIENTED_EDGE('',*,*,#4209,.T.);
#5862=ORIENTED_EDGE('',*,*,#4210,.F.);
#5863=ORIENTED_EDGE('',*,*,#4211,.T.);
#5864=ORIENTED_EDGE('',*,*,#4212,.T.);
#5865=ORIENTED_EDGE('',*,*,#4213,.T.);
#5866=ORIENTED_EDGE('',*,*,#4208,.F.);
#5867=ORIENTED_EDGE('',*,*,#4214,.T.);
#5868=ORIENTED_EDGE('',*,*,#4215,.T.);
#5869=ORIENTED_EDGE('',*,*,#4216,.T.);
#5870=ORIENTED_EDGE('',*,*,#4212,.F.);
#5871=ORIENTED_EDGE('',*,*,#4217,.T.);
#5872=ORIENTED_EDGE('',*,*,#4215,.F.);
#5873=ORIENTED_EDGE('',*,*,#4218,.T.);
#5874=ORIENTED_EDGE('',*,*,#4210,.T.);
#5875=ORIENTED_EDGE('',*,*,#4217,.F.);
#5876=ORIENTED_EDGE('',*,*,#4219,.F.);
#5877=ORIENTED_EDGE('',*,*,#4220,.F.);
#5878=ORIENTED_EDGE('',*,*,#4221,.F.);
#5879=ORIENTED_EDGE('',*,*,#4222,.F.);
#5880=ORIENTED_EDGE('',*,*,#4223,.T.);
#5881=ORIENTED_EDGE('',*,*,#4224,.T.);
#5882=ORIENTED_EDGE('',*,*,#4225,.T.);
#5883=ORIENTED_EDGE('',*,*,#4209,.F.);
#5884=ORIENTED_EDGE('',*,*,#4226,.F.);
#5885=ORIENTED_EDGE('',*,*,#4227,.T.);
#5886=ORIENTED_EDGE('',*,*,#4219,.T.);
#5887=ORIENTED_EDGE('',*,*,#4207,.F.);
#5888=ORIENTED_EDGE('',*,*,#4218,.F.);
#5889=ORIENTED_EDGE('',*,*,#4214,.F.);
#5890=ORIENTED_EDGE('',*,*,#4211,.F.);
#5891=ORIENTED_EDGE('',*,*,#4228,.T.);
#5892=ORIENTED_EDGE('',*,*,#4229,.T.);
#5893=ORIENTED_EDGE('',*,*,#4230,.T.);
#5894=ORIENTED_EDGE('',*,*,#4231,.F.);
#5895=ORIENTED_EDGE('',*,*,#4232,.T.);
#5896=ORIENTED_EDGE('',*,*,#4233,.T.);
#5897=ORIENTED_EDGE('',*,*,#4234,.T.);
#5898=ORIENTED_EDGE('',*,*,#4229,.F.);
#5899=ORIENTED_EDGE('',*,*,#4235,.T.);
#5900=ORIENTED_EDGE('',*,*,#4236,.T.);
#5901=ORIENTED_EDGE('',*,*,#4237,.T.);
#5902=ORIENTED_EDGE('',*,*,#4231,.T.);
#5903=ORIENTED_EDGE('',*,*,#4222,.T.);
#5904=ORIENTED_EDGE('',*,*,#4236,.F.);
#5905=ORIENTED_EDGE('',*,*,#4238,.T.);
#5906=ORIENTED_EDGE('',*,*,#4233,.F.);
#5907=ORIENTED_EDGE('',*,*,#4232,.F.);
#5908=ORIENTED_EDGE('',*,*,#4239,.T.);
#5909=ORIENTED_EDGE('',*,*,#4240,.F.);
#5910=ORIENTED_EDGE('',*,*,#4223,.F.);
#5911=ORIENTED_EDGE('',*,*,#4213,.F.);
#5912=ORIENTED_EDGE('',*,*,#4241,.F.);
#5913=ORIENTED_EDGE('',*,*,#4242,.F.);
#5914=ORIENTED_EDGE('',*,*,#4239,.F.);
#5915=ORIENTED_EDGE('',*,*,#4228,.F.);
#5916=ORIENTED_EDGE('',*,*,#4243,.T.);
#5917=ORIENTED_EDGE('',*,*,#4244,.T.);
#5918=ORIENTED_EDGE('',*,*,#4226,.T.);
#5919=ORIENTED_EDGE('',*,*,#4230,.F.);
#5920=ORIENTED_EDGE('',*,*,#4234,.F.);
#5921=ORIENTED_EDGE('',*,*,#4238,.F.);
#5922=ORIENTED_EDGE('',*,*,#4235,.F.);
#5923=ORIENTED_EDGE('',*,*,#4216,.F.);
#5924=ORIENTED_EDGE('',*,*,#4225,.F.);
#5925=ORIENTED_EDGE('',*,*,#4245,.T.);
#5926=ORIENTED_EDGE('',*,*,#4241,.T.);
#5927=ORIENTED_EDGE('',*,*,#4240,.T.);
#5928=ORIENTED_EDGE('',*,*,#4242,.T.);
#5929=ORIENTED_EDGE('',*,*,#4245,.F.);
#5930=ORIENTED_EDGE('',*,*,#4224,.F.);
#5931=ORIENTED_EDGE('',*,*,#4246,.T.);
#5932=ORIENTED_EDGE('',*,*,#4220,.T.);
#5933=ORIENTED_EDGE('',*,*,#4227,.F.);
#5934=ORIENTED_EDGE('',*,*,#4244,.F.);
#5935=ORIENTED_EDGE('',*,*,#4237,.F.);
#5936=ORIENTED_EDGE('',*,*,#4221,.T.);
#5937=ORIENTED_EDGE('',*,*,#4246,.F.);
#5938=ORIENTED_EDGE('',*,*,#4243,.F.);
#5939=ORIENTED_EDGE('',*,*,#4247,.T.);
#5940=ORIENTED_EDGE('',*,*,#4248,.T.);
#5941=ORIENTED_EDGE('',*,*,#4249,.T.);
#5942=ORIENTED_EDGE('',*,*,#4250,.F.);
#5943=ORIENTED_EDGE('',*,*,#4251,.T.);
#5944=ORIENTED_EDGE('',*,*,#4252,.T.);
#5945=ORIENTED_EDGE('',*,*,#4253,.T.);
#5946=ORIENTED_EDGE('',*,*,#4248,.F.);
#5947=ORIENTED_EDGE('',*,*,#4254,.T.);
#5948=ORIENTED_EDGE('',*,*,#4255,.T.);
#5949=ORIENTED_EDGE('',*,*,#4256,.T.);
#5950=ORIENTED_EDGE('',*,*,#4252,.F.);
#5951=ORIENTED_EDGE('',*,*,#4257,.T.);
#5952=ORIENTED_EDGE('',*,*,#4255,.F.);
#5953=ORIENTED_EDGE('',*,*,#4258,.T.);
#5954=ORIENTED_EDGE('',*,*,#4250,.T.);
#5955=ORIENTED_EDGE('',*,*,#4257,.F.);
#5956=ORIENTED_EDGE('',*,*,#4259,.F.);
#5957=ORIENTED_EDGE('',*,*,#4260,.F.);
#5958=ORIENTED_EDGE('',*,*,#4261,.F.);
#5959=ORIENTED_EDGE('',*,*,#4262,.F.);
#5960=ORIENTED_EDGE('',*,*,#4263,.T.);
#5961=ORIENTED_EDGE('',*,*,#4264,.T.);
#5962=ORIENTED_EDGE('',*,*,#4265,.T.);
#5963=ORIENTED_EDGE('',*,*,#4249,.F.);
#5964=ORIENTED_EDGE('',*,*,#4266,.F.);
#5965=ORIENTED_EDGE('',*,*,#4267,.T.);
#5966=ORIENTED_EDGE('',*,*,#4259,.T.);
#5967=ORIENTED_EDGE('',*,*,#4247,.F.);
#5968=ORIENTED_EDGE('',*,*,#4258,.F.);
#5969=ORIENTED_EDGE('',*,*,#4254,.F.);
#5970=ORIENTED_EDGE('',*,*,#4251,.F.);
#5971=ORIENTED_EDGE('',*,*,#4268,.T.);
#5972=ORIENTED_EDGE('',*,*,#4269,.T.);
#5973=ORIENTED_EDGE('',*,*,#4270,.T.);
#5974=ORIENTED_EDGE('',*,*,#4271,.F.);
#5975=ORIENTED_EDGE('',*,*,#4272,.T.);
#5976=ORIENTED_EDGE('',*,*,#4273,.T.);
#5977=ORIENTED_EDGE('',*,*,#4274,.T.);
#5978=ORIENTED_EDGE('',*,*,#4269,.F.);
#5979=ORIENTED_EDGE('',*,*,#4275,.T.);
#5980=ORIENTED_EDGE('',*,*,#4276,.T.);
#5981=ORIENTED_EDGE('',*,*,#4277,.T.);
#5982=ORIENTED_EDGE('',*,*,#4271,.T.);
#5983=ORIENTED_EDGE('',*,*,#4262,.T.);
#5984=ORIENTED_EDGE('',*,*,#4276,.F.);
#5985=ORIENTED_EDGE('',*,*,#4278,.T.);
#5986=ORIENTED_EDGE('',*,*,#4273,.F.);
#5987=ORIENTED_EDGE('',*,*,#4272,.F.);
#5988=ORIENTED_EDGE('',*,*,#4279,.T.);
#5989=ORIENTED_EDGE('',*,*,#4280,.F.);
#5990=ORIENTED_EDGE('',*,*,#4263,.F.);
#5991=ORIENTED_EDGE('',*,*,#4253,.F.);
#5992=ORIENTED_EDGE('',*,*,#4281,.F.);
#5993=ORIENTED_EDGE('',*,*,#4282,.F.);
#5994=ORIENTED_EDGE('',*,*,#4279,.F.);
#5995=ORIENTED_EDGE('',*,*,#4268,.F.);
#5996=ORIENTED_EDGE('',*,*,#4283,.T.);
#5997=ORIENTED_EDGE('',*,*,#4284,.T.);
#5998=ORIENTED_EDGE('',*,*,#4266,.T.);
#5999=ORIENTED_EDGE('',*,*,#4270,.F.);
#6000=ORIENTED_EDGE('',*,*,#4274,.F.);
#6001=ORIENTED_EDGE('',*,*,#4278,.F.);
#6002=ORIENTED_EDGE('',*,*,#4275,.F.);
#6003=ORIENTED_EDGE('',*,*,#4256,.F.);
#6004=ORIENTED_EDGE('',*,*,#4265,.F.);
#6005=ORIENTED_EDGE('',*,*,#4285,.T.);
#6006=ORIENTED_EDGE('',*,*,#4281,.T.);
#6007=ORIENTED_EDGE('',*,*,#4280,.T.);
#6008=ORIENTED_EDGE('',*,*,#4282,.T.);
#6009=ORIENTED_EDGE('',*,*,#4285,.F.);
#6010=ORIENTED_EDGE('',*,*,#4264,.F.);
#6011=ORIENTED_EDGE('',*,*,#4286,.T.);
#6012=ORIENTED_EDGE('',*,*,#4260,.T.);
#6013=ORIENTED_EDGE('',*,*,#4267,.F.);
#6014=ORIENTED_EDGE('',*,*,#4284,.F.);
#6015=ORIENTED_EDGE('',*,*,#4277,.F.);
#6016=ORIENTED_EDGE('',*,*,#4261,.T.);
#6017=ORIENTED_EDGE('',*,*,#4286,.F.);
#6018=ORIENTED_EDGE('',*,*,#4283,.F.);
#6019=ORIENTED_EDGE('',*,*,#4287,.T.);
#6020=ORIENTED_EDGE('',*,*,#4288,.T.);
#6021=ORIENTED_EDGE('',*,*,#4289,.T.);
#6022=ORIENTED_EDGE('',*,*,#4290,.F.);
#6023=ORIENTED_EDGE('',*,*,#4291,.T.);
#6024=ORIENTED_EDGE('',*,*,#4292,.T.);
#6025=ORIENTED_EDGE('',*,*,#4293,.T.);
#6026=ORIENTED_EDGE('',*,*,#4288,.F.);
#6027=ORIENTED_EDGE('',*,*,#4294,.T.);
#6028=ORIENTED_EDGE('',*,*,#4295,.T.);
#6029=ORIENTED_EDGE('',*,*,#4296,.T.);
#6030=ORIENTED_EDGE('',*,*,#4292,.F.);
#6031=ORIENTED_EDGE('',*,*,#4297,.T.);
#6032=ORIENTED_EDGE('',*,*,#4295,.F.);
#6033=ORIENTED_EDGE('',*,*,#4298,.T.);
#6034=ORIENTED_EDGE('',*,*,#4290,.T.);
#6035=ORIENTED_EDGE('',*,*,#4297,.F.);
#6036=ORIENTED_EDGE('',*,*,#4299,.F.);
#6037=ORIENTED_EDGE('',*,*,#4300,.F.);
#6038=ORIENTED_EDGE('',*,*,#4301,.F.);
#6039=ORIENTED_EDGE('',*,*,#4302,.F.);
#6040=ORIENTED_EDGE('',*,*,#4303,.T.);
#6041=ORIENTED_EDGE('',*,*,#4304,.T.);
#6042=ORIENTED_EDGE('',*,*,#4305,.T.);
#6043=ORIENTED_EDGE('',*,*,#4289,.F.);
#6044=ORIENTED_EDGE('',*,*,#4306,.F.);
#6045=ORIENTED_EDGE('',*,*,#4307,.T.);
#6046=ORIENTED_EDGE('',*,*,#4299,.T.);
#6047=ORIENTED_EDGE('',*,*,#4287,.F.);
#6048=ORIENTED_EDGE('',*,*,#4298,.F.);
#6049=ORIENTED_EDGE('',*,*,#4294,.F.);
#6050=ORIENTED_EDGE('',*,*,#4291,.F.);
#6051=ORIENTED_EDGE('',*,*,#4308,.T.);
#6052=ORIENTED_EDGE('',*,*,#4309,.T.);
#6053=ORIENTED_EDGE('',*,*,#4310,.T.);
#6054=ORIENTED_EDGE('',*,*,#4311,.F.);
#6055=ORIENTED_EDGE('',*,*,#4312,.T.);
#6056=ORIENTED_EDGE('',*,*,#4313,.T.);
#6057=ORIENTED_EDGE('',*,*,#4314,.T.);
#6058=ORIENTED_EDGE('',*,*,#4309,.F.);
#6059=ORIENTED_EDGE('',*,*,#4315,.T.);
#6060=ORIENTED_EDGE('',*,*,#4316,.T.);
#6061=ORIENTED_EDGE('',*,*,#4317,.T.);
#6062=ORIENTED_EDGE('',*,*,#4311,.T.);
#6063=ORIENTED_EDGE('',*,*,#4302,.T.);
#6064=ORIENTED_EDGE('',*,*,#4316,.F.);
#6065=ORIENTED_EDGE('',*,*,#4318,.T.);
#6066=ORIENTED_EDGE('',*,*,#4313,.F.);
#6067=ORIENTED_EDGE('',*,*,#4312,.F.);
#6068=ORIENTED_EDGE('',*,*,#4319,.T.);
#6069=ORIENTED_EDGE('',*,*,#4320,.F.);
#6070=ORIENTED_EDGE('',*,*,#4303,.F.);
#6071=ORIENTED_EDGE('',*,*,#4293,.F.);
#6072=ORIENTED_EDGE('',*,*,#4321,.F.);
#6073=ORIENTED_EDGE('',*,*,#4322,.F.);
#6074=ORIENTED_EDGE('',*,*,#4319,.F.);
#6075=ORIENTED_EDGE('',*,*,#4308,.F.);
#6076=ORIENTED_EDGE('',*,*,#4323,.T.);
#6077=ORIENTED_EDGE('',*,*,#4324,.T.);
#6078=ORIENTED_EDGE('',*,*,#4306,.T.);
#6079=ORIENTED_EDGE('',*,*,#4310,.F.);
#6080=ORIENTED_EDGE('',*,*,#4314,.F.);
#6081=ORIENTED_EDGE('',*,*,#4318,.F.);
#6082=ORIENTED_EDGE('',*,*,#4315,.F.);
#6083=ORIENTED_EDGE('',*,*,#4296,.F.);
#6084=ORIENTED_EDGE('',*,*,#4305,.F.);
#6085=ORIENTED_EDGE('',*,*,#4325,.T.);
#6086=ORIENTED_EDGE('',*,*,#4321,.T.);
#6087=ORIENTED_EDGE('',*,*,#4320,.T.);
#6088=ORIENTED_EDGE('',*,*,#4322,.T.);
#6089=ORIENTED_EDGE('',*,*,#4325,.F.);
#6090=ORIENTED_EDGE('',*,*,#4304,.F.);
#6091=ORIENTED_EDGE('',*,*,#4326,.T.);
#6092=ORIENTED_EDGE('',*,*,#4300,.T.);
#6093=ORIENTED_EDGE('',*,*,#4307,.F.);
#6094=ORIENTED_EDGE('',*,*,#4324,.F.);
#6095=ORIENTED_EDGE('',*,*,#4317,.F.);
#6096=ORIENTED_EDGE('',*,*,#4301,.T.);
#6097=ORIENTED_EDGE('',*,*,#4326,.F.);
#6098=ORIENTED_EDGE('',*,*,#4323,.F.);
#6099=ORIENTED_EDGE('',*,*,#4327,.T.);
#6100=ORIENTED_EDGE('',*,*,#4328,.T.);
#6101=ORIENTED_EDGE('',*,*,#4329,.T.);
#6102=ORIENTED_EDGE('',*,*,#4330,.F.);
#6103=ORIENTED_EDGE('',*,*,#4331,.T.);
#6104=ORIENTED_EDGE('',*,*,#4332,.T.);
#6105=ORIENTED_EDGE('',*,*,#4333,.T.);
#6106=ORIENTED_EDGE('',*,*,#4328,.F.);
#6107=ORIENTED_EDGE('',*,*,#4334,.T.);
#6108=ORIENTED_EDGE('',*,*,#4335,.T.);
#6109=ORIENTED_EDGE('',*,*,#4336,.T.);
#6110=ORIENTED_EDGE('',*,*,#4332,.F.);
#6111=ORIENTED_EDGE('',*,*,#4337,.T.);
#6112=ORIENTED_EDGE('',*,*,#4335,.F.);
#6113=ORIENTED_EDGE('',*,*,#4338,.T.);
#6114=ORIENTED_EDGE('',*,*,#4330,.T.);
#6115=ORIENTED_EDGE('',*,*,#4337,.F.);
#6116=ORIENTED_EDGE('',*,*,#4339,.F.);
#6117=ORIENTED_EDGE('',*,*,#4340,.F.);
#6118=ORIENTED_EDGE('',*,*,#4341,.F.);
#6119=ORIENTED_EDGE('',*,*,#4342,.F.);
#6120=ORIENTED_EDGE('',*,*,#4343,.T.);
#6121=ORIENTED_EDGE('',*,*,#4344,.T.);
#6122=ORIENTED_EDGE('',*,*,#4345,.T.);
#6123=ORIENTED_EDGE('',*,*,#4329,.F.);
#6124=ORIENTED_EDGE('',*,*,#4346,.F.);
#6125=ORIENTED_EDGE('',*,*,#4347,.T.);
#6126=ORIENTED_EDGE('',*,*,#4339,.T.);
#6127=ORIENTED_EDGE('',*,*,#4327,.F.);
#6128=ORIENTED_EDGE('',*,*,#4338,.F.);
#6129=ORIENTED_EDGE('',*,*,#4334,.F.);
#6130=ORIENTED_EDGE('',*,*,#4331,.F.);
#6131=ORIENTED_EDGE('',*,*,#4348,.T.);
#6132=ORIENTED_EDGE('',*,*,#4349,.T.);
#6133=ORIENTED_EDGE('',*,*,#4350,.T.);
#6134=ORIENTED_EDGE('',*,*,#4351,.F.);
#6135=ORIENTED_EDGE('',*,*,#4352,.T.);
#6136=ORIENTED_EDGE('',*,*,#4353,.T.);
#6137=ORIENTED_EDGE('',*,*,#4354,.T.);
#6138=ORIENTED_EDGE('',*,*,#4349,.F.);
#6139=ORIENTED_EDGE('',*,*,#4355,.T.);
#6140=ORIENTED_EDGE('',*,*,#4356,.T.);
#6141=ORIENTED_EDGE('',*,*,#4357,.T.);
#6142=ORIENTED_EDGE('',*,*,#4351,.T.);
#6143=ORIENTED_EDGE('',*,*,#4342,.T.);
#6144=ORIENTED_EDGE('',*,*,#4356,.F.);
#6145=ORIENTED_EDGE('',*,*,#4358,.T.);
#6146=ORIENTED_EDGE('',*,*,#4353,.F.);
#6147=ORIENTED_EDGE('',*,*,#4352,.F.);
#6148=ORIENTED_EDGE('',*,*,#4359,.T.);
#6149=ORIENTED_EDGE('',*,*,#4360,.F.);
#6150=ORIENTED_EDGE('',*,*,#4343,.F.);
#6151=ORIENTED_EDGE('',*,*,#4333,.F.);
#6152=ORIENTED_EDGE('',*,*,#4361,.F.);
#6153=ORIENTED_EDGE('',*,*,#4362,.F.);
#6154=ORIENTED_EDGE('',*,*,#4359,.F.);
#6155=ORIENTED_EDGE('',*,*,#4348,.F.);
#6156=ORIENTED_EDGE('',*,*,#4363,.T.);
#6157=ORIENTED_EDGE('',*,*,#4364,.T.);
#6158=ORIENTED_EDGE('',*,*,#4346,.T.);
#6159=ORIENTED_EDGE('',*,*,#4350,.F.);
#6160=ORIENTED_EDGE('',*,*,#4354,.F.);
#6161=ORIENTED_EDGE('',*,*,#4358,.F.);
#6162=ORIENTED_EDGE('',*,*,#4355,.F.);
#6163=ORIENTED_EDGE('',*,*,#4336,.F.);
#6164=ORIENTED_EDGE('',*,*,#4345,.F.);
#6165=ORIENTED_EDGE('',*,*,#4365,.T.);
#6166=ORIENTED_EDGE('',*,*,#4361,.T.);
#6167=ORIENTED_EDGE('',*,*,#4360,.T.);
#6168=ORIENTED_EDGE('',*,*,#4362,.T.);
#6169=ORIENTED_EDGE('',*,*,#4365,.F.);
#6170=ORIENTED_EDGE('',*,*,#4344,.F.);
#6171=ORIENTED_EDGE('',*,*,#4366,.T.);
#6172=ORIENTED_EDGE('',*,*,#4340,.T.);
#6173=ORIENTED_EDGE('',*,*,#4347,.F.);
#6174=ORIENTED_EDGE('',*,*,#4364,.F.);
#6175=ORIENTED_EDGE('',*,*,#4357,.F.);
#6176=ORIENTED_EDGE('',*,*,#4341,.T.);
#6177=ORIENTED_EDGE('',*,*,#4366,.F.);
#6178=ORIENTED_EDGE('',*,*,#4363,.F.);
#6179=ORIENTED_EDGE('',*,*,#4367,.T.);
#6180=ORIENTED_EDGE('',*,*,#4368,.T.);
#6181=ORIENTED_EDGE('',*,*,#4369,.T.);
#6182=ORIENTED_EDGE('',*,*,#4370,.F.);
#6183=ORIENTED_EDGE('',*,*,#4371,.T.);
#6184=ORIENTED_EDGE('',*,*,#4372,.T.);
#6185=ORIENTED_EDGE('',*,*,#4373,.T.);
#6186=ORIENTED_EDGE('',*,*,#4368,.F.);
#6187=ORIENTED_EDGE('',*,*,#4374,.T.);
#6188=ORIENTED_EDGE('',*,*,#4375,.T.);
#6189=ORIENTED_EDGE('',*,*,#4376,.T.);
#6190=ORIENTED_EDGE('',*,*,#4372,.F.);
#6191=ORIENTED_EDGE('',*,*,#4377,.T.);
#6192=ORIENTED_EDGE('',*,*,#4375,.F.);
#6193=ORIENTED_EDGE('',*,*,#4378,.T.);
#6194=ORIENTED_EDGE('',*,*,#4370,.T.);
#6195=ORIENTED_EDGE('',*,*,#4377,.F.);
#6196=ORIENTED_EDGE('',*,*,#4379,.F.);
#6197=ORIENTED_EDGE('',*,*,#4380,.F.);
#6198=ORIENTED_EDGE('',*,*,#4381,.F.);
#6199=ORIENTED_EDGE('',*,*,#4382,.F.);
#6200=ORIENTED_EDGE('',*,*,#4383,.T.);
#6201=ORIENTED_EDGE('',*,*,#4384,.T.);
#6202=ORIENTED_EDGE('',*,*,#4385,.T.);
#6203=ORIENTED_EDGE('',*,*,#4369,.F.);
#6204=ORIENTED_EDGE('',*,*,#4386,.F.);
#6205=ORIENTED_EDGE('',*,*,#4387,.T.);
#6206=ORIENTED_EDGE('',*,*,#4379,.T.);
#6207=ORIENTED_EDGE('',*,*,#4367,.F.);
#6208=ORIENTED_EDGE('',*,*,#4378,.F.);
#6209=ORIENTED_EDGE('',*,*,#4374,.F.);
#6210=ORIENTED_EDGE('',*,*,#4371,.F.);
#6211=ORIENTED_EDGE('',*,*,#4388,.T.);
#6212=ORIENTED_EDGE('',*,*,#4389,.T.);
#6213=ORIENTED_EDGE('',*,*,#4390,.T.);
#6214=ORIENTED_EDGE('',*,*,#4391,.F.);
#6215=ORIENTED_EDGE('',*,*,#4392,.T.);
#6216=ORIENTED_EDGE('',*,*,#4393,.T.);
#6217=ORIENTED_EDGE('',*,*,#4394,.T.);
#6218=ORIENTED_EDGE('',*,*,#4389,.F.);
#6219=ORIENTED_EDGE('',*,*,#4395,.T.);
#6220=ORIENTED_EDGE('',*,*,#4396,.T.);
#6221=ORIENTED_EDGE('',*,*,#4397,.T.);
#6222=ORIENTED_EDGE('',*,*,#4391,.T.);
#6223=ORIENTED_EDGE('',*,*,#4382,.T.);
#6224=ORIENTED_EDGE('',*,*,#4396,.F.);
#6225=ORIENTED_EDGE('',*,*,#4398,.T.);
#6226=ORIENTED_EDGE('',*,*,#4393,.F.);
#6227=ORIENTED_EDGE('',*,*,#4392,.F.);
#6228=ORIENTED_EDGE('',*,*,#4399,.T.);
#6229=ORIENTED_EDGE('',*,*,#4400,.F.);
#6230=ORIENTED_EDGE('',*,*,#4383,.F.);
#6231=ORIENTED_EDGE('',*,*,#4373,.F.);
#6232=ORIENTED_EDGE('',*,*,#4401,.F.);
#6233=ORIENTED_EDGE('',*,*,#4402,.F.);
#6234=ORIENTED_EDGE('',*,*,#4399,.F.);
#6235=ORIENTED_EDGE('',*,*,#4388,.F.);
#6236=ORIENTED_EDGE('',*,*,#4403,.T.);
#6237=ORIENTED_EDGE('',*,*,#4404,.T.);
#6238=ORIENTED_EDGE('',*,*,#4386,.T.);
#6239=ORIENTED_EDGE('',*,*,#4390,.F.);
#6240=ORIENTED_EDGE('',*,*,#4394,.F.);
#6241=ORIENTED_EDGE('',*,*,#4398,.F.);
#6242=ORIENTED_EDGE('',*,*,#4395,.F.);
#6243=ORIENTED_EDGE('',*,*,#4376,.F.);
#6244=ORIENTED_EDGE('',*,*,#4385,.F.);
#6245=ORIENTED_EDGE('',*,*,#4405,.T.);
#6246=ORIENTED_EDGE('',*,*,#4401,.T.);
#6247=ORIENTED_EDGE('',*,*,#4400,.T.);
#6248=ORIENTED_EDGE('',*,*,#4402,.T.);
#6249=ORIENTED_EDGE('',*,*,#4405,.F.);
#6250=ORIENTED_EDGE('',*,*,#4384,.F.);
#6251=ORIENTED_EDGE('',*,*,#4406,.T.);
#6252=ORIENTED_EDGE('',*,*,#4380,.T.);
#6253=ORIENTED_EDGE('',*,*,#4387,.F.);
#6254=ORIENTED_EDGE('',*,*,#4404,.F.);
#6255=ORIENTED_EDGE('',*,*,#4397,.F.);
#6256=ORIENTED_EDGE('',*,*,#4381,.T.);
#6257=ORIENTED_EDGE('',*,*,#4406,.F.);
#6258=ORIENTED_EDGE('',*,*,#4403,.F.);
#6259=ORIENTED_EDGE('',*,*,#4407,.T.);
#6260=ORIENTED_EDGE('',*,*,#4408,.T.);
#6261=ORIENTED_EDGE('',*,*,#4409,.T.);
#6262=ORIENTED_EDGE('',*,*,#4410,.F.);
#6263=ORIENTED_EDGE('',*,*,#4411,.T.);
#6264=ORIENTED_EDGE('',*,*,#4412,.T.);
#6265=ORIENTED_EDGE('',*,*,#4413,.T.);
#6266=ORIENTED_EDGE('',*,*,#4408,.F.);
#6267=ORIENTED_EDGE('',*,*,#4414,.T.);
#6268=ORIENTED_EDGE('',*,*,#4415,.T.);
#6269=ORIENTED_EDGE('',*,*,#4416,.T.);
#6270=ORIENTED_EDGE('',*,*,#4412,.F.);
#6271=ORIENTED_EDGE('',*,*,#4417,.T.);
#6272=ORIENTED_EDGE('',*,*,#4415,.F.);
#6273=ORIENTED_EDGE('',*,*,#4418,.T.);
#6274=ORIENTED_EDGE('',*,*,#4410,.T.);
#6275=ORIENTED_EDGE('',*,*,#4417,.F.);
#6276=ORIENTED_EDGE('',*,*,#4419,.F.);
#6277=ORIENTED_EDGE('',*,*,#4420,.F.);
#6278=ORIENTED_EDGE('',*,*,#4421,.F.);
#6279=ORIENTED_EDGE('',*,*,#4422,.F.);
#6280=ORIENTED_EDGE('',*,*,#4423,.T.);
#6281=ORIENTED_EDGE('',*,*,#4424,.T.);
#6282=ORIENTED_EDGE('',*,*,#4425,.T.);
#6283=ORIENTED_EDGE('',*,*,#4409,.F.);
#6284=ORIENTED_EDGE('',*,*,#4426,.F.);
#6285=ORIENTED_EDGE('',*,*,#4427,.T.);
#6286=ORIENTED_EDGE('',*,*,#4419,.T.);
#6287=ORIENTED_EDGE('',*,*,#4407,.F.);
#6288=ORIENTED_EDGE('',*,*,#4418,.F.);
#6289=ORIENTED_EDGE('',*,*,#4414,.F.);
#6290=ORIENTED_EDGE('',*,*,#4411,.F.);
#6291=ORIENTED_EDGE('',*,*,#4428,.T.);
#6292=ORIENTED_EDGE('',*,*,#4429,.T.);
#6293=ORIENTED_EDGE('',*,*,#4430,.T.);
#6294=ORIENTED_EDGE('',*,*,#4431,.F.);
#6295=ORIENTED_EDGE('',*,*,#4432,.T.);
#6296=ORIENTED_EDGE('',*,*,#4433,.T.);
#6297=ORIENTED_EDGE('',*,*,#4434,.T.);
#6298=ORIENTED_EDGE('',*,*,#4429,.F.);
#6299=ORIENTED_EDGE('',*,*,#4435,.T.);
#6300=ORIENTED_EDGE('',*,*,#4436,.T.);
#6301=ORIENTED_EDGE('',*,*,#4437,.T.);
#6302=ORIENTED_EDGE('',*,*,#4431,.T.);
#6303=ORIENTED_EDGE('',*,*,#4422,.T.);
#6304=ORIENTED_EDGE('',*,*,#4436,.F.);
#6305=ORIENTED_EDGE('',*,*,#4438,.T.);
#6306=ORIENTED_EDGE('',*,*,#4433,.F.);
#6307=ORIENTED_EDGE('',*,*,#4432,.F.);
#6308=ORIENTED_EDGE('',*,*,#4439,.T.);
#6309=ORIENTED_EDGE('',*,*,#4440,.F.);
#6310=ORIENTED_EDGE('',*,*,#4423,.F.);
#6311=ORIENTED_EDGE('',*,*,#4413,.F.);
#6312=ORIENTED_EDGE('',*,*,#4441,.F.);
#6313=ORIENTED_EDGE('',*,*,#4442,.F.);
#6314=ORIENTED_EDGE('',*,*,#4439,.F.);
#6315=ORIENTED_EDGE('',*,*,#4428,.F.);
#6316=ORIENTED_EDGE('',*,*,#4443,.T.);
#6317=ORIENTED_EDGE('',*,*,#4444,.T.);
#6318=ORIENTED_EDGE('',*,*,#4426,.T.);
#6319=ORIENTED_EDGE('',*,*,#4430,.F.);
#6320=ORIENTED_EDGE('',*,*,#4434,.F.);
#6321=ORIENTED_EDGE('',*,*,#4438,.F.);
#6322=ORIENTED_EDGE('',*,*,#4435,.F.);
#6323=ORIENTED_EDGE('',*,*,#4416,.F.);
#6324=ORIENTED_EDGE('',*,*,#4425,.F.);
#6325=ORIENTED_EDGE('',*,*,#4445,.T.);
#6326=ORIENTED_EDGE('',*,*,#4441,.T.);
#6327=ORIENTED_EDGE('',*,*,#4440,.T.);
#6328=ORIENTED_EDGE('',*,*,#4442,.T.);
#6329=ORIENTED_EDGE('',*,*,#4445,.F.);
#6330=ORIENTED_EDGE('',*,*,#4424,.F.);
#6331=ORIENTED_EDGE('',*,*,#4446,.T.);
#6332=ORIENTED_EDGE('',*,*,#4420,.T.);
#6333=ORIENTED_EDGE('',*,*,#4427,.F.);
#6334=ORIENTED_EDGE('',*,*,#4444,.F.);
#6335=ORIENTED_EDGE('',*,*,#4437,.F.);
#6336=ORIENTED_EDGE('',*,*,#4421,.T.);
#6337=ORIENTED_EDGE('',*,*,#4446,.F.);
#6338=ORIENTED_EDGE('',*,*,#4443,.F.);
#6339=ORIENTED_EDGE('',*,*,#4447,.T.);
#6340=ORIENTED_EDGE('',*,*,#4448,.T.);
#6341=ORIENTED_EDGE('',*,*,#4449,.T.);
#6342=ORIENTED_EDGE('',*,*,#4450,.F.);
#6343=ORIENTED_EDGE('',*,*,#4451,.T.);
#6344=ORIENTED_EDGE('',*,*,#4452,.T.);
#6345=ORIENTED_EDGE('',*,*,#4453,.T.);
#6346=ORIENTED_EDGE('',*,*,#4448,.F.);
#6347=ORIENTED_EDGE('',*,*,#4454,.T.);
#6348=ORIENTED_EDGE('',*,*,#4455,.T.);
#6349=ORIENTED_EDGE('',*,*,#4456,.T.);
#6350=ORIENTED_EDGE('',*,*,#4452,.F.);
#6351=ORIENTED_EDGE('',*,*,#4457,.T.);
#6352=ORIENTED_EDGE('',*,*,#4455,.F.);
#6353=ORIENTED_EDGE('',*,*,#4458,.T.);
#6354=ORIENTED_EDGE('',*,*,#4450,.T.);
#6355=ORIENTED_EDGE('',*,*,#4457,.F.);
#6356=ORIENTED_EDGE('',*,*,#4459,.F.);
#6357=ORIENTED_EDGE('',*,*,#4460,.F.);
#6358=ORIENTED_EDGE('',*,*,#4461,.F.);
#6359=ORIENTED_EDGE('',*,*,#4462,.F.);
#6360=ORIENTED_EDGE('',*,*,#4463,.T.);
#6361=ORIENTED_EDGE('',*,*,#4464,.T.);
#6362=ORIENTED_EDGE('',*,*,#4465,.T.);
#6363=ORIENTED_EDGE('',*,*,#4449,.F.);
#6364=ORIENTED_EDGE('',*,*,#4466,.F.);
#6365=ORIENTED_EDGE('',*,*,#4467,.T.);
#6366=ORIENTED_EDGE('',*,*,#4459,.T.);
#6367=ORIENTED_EDGE('',*,*,#4447,.F.);
#6368=ORIENTED_EDGE('',*,*,#4458,.F.);
#6369=ORIENTED_EDGE('',*,*,#4454,.F.);
#6370=ORIENTED_EDGE('',*,*,#4451,.F.);
#6371=ORIENTED_EDGE('',*,*,#4468,.T.);
#6372=ORIENTED_EDGE('',*,*,#4469,.T.);
#6373=ORIENTED_EDGE('',*,*,#4470,.T.);
#6374=ORIENTED_EDGE('',*,*,#4471,.F.);
#6375=ORIENTED_EDGE('',*,*,#4472,.T.);
#6376=ORIENTED_EDGE('',*,*,#4473,.T.);
#6377=ORIENTED_EDGE('',*,*,#4474,.T.);
#6378=ORIENTED_EDGE('',*,*,#4469,.F.);
#6379=ORIENTED_EDGE('',*,*,#4475,.T.);
#6380=ORIENTED_EDGE('',*,*,#4476,.T.);
#6381=ORIENTED_EDGE('',*,*,#4477,.T.);
#6382=ORIENTED_EDGE('',*,*,#4471,.T.);
#6383=ORIENTED_EDGE('',*,*,#4462,.T.);
#6384=ORIENTED_EDGE('',*,*,#4476,.F.);
#6385=ORIENTED_EDGE('',*,*,#4478,.T.);
#6386=ORIENTED_EDGE('',*,*,#4473,.F.);
#6387=ORIENTED_EDGE('',*,*,#4472,.F.);
#6388=ORIENTED_EDGE('',*,*,#4479,.T.);
#6389=ORIENTED_EDGE('',*,*,#4480,.F.);
#6390=ORIENTED_EDGE('',*,*,#4463,.F.);
#6391=ORIENTED_EDGE('',*,*,#4453,.F.);
#6392=ORIENTED_EDGE('',*,*,#4481,.F.);
#6393=ORIENTED_EDGE('',*,*,#4482,.F.);
#6394=ORIENTED_EDGE('',*,*,#4479,.F.);
#6395=ORIENTED_EDGE('',*,*,#4468,.F.);
#6396=ORIENTED_EDGE('',*,*,#4483,.T.);
#6397=ORIENTED_EDGE('',*,*,#4484,.T.);
#6398=ORIENTED_EDGE('',*,*,#4466,.T.);
#6399=ORIENTED_EDGE('',*,*,#4470,.F.);
#6400=ORIENTED_EDGE('',*,*,#4474,.F.);
#6401=ORIENTED_EDGE('',*,*,#4478,.F.);
#6402=ORIENTED_EDGE('',*,*,#4475,.F.);
#6403=ORIENTED_EDGE('',*,*,#4456,.F.);
#6404=ORIENTED_EDGE('',*,*,#4465,.F.);
#6405=ORIENTED_EDGE('',*,*,#4485,.T.);
#6406=ORIENTED_EDGE('',*,*,#4481,.T.);
#6407=ORIENTED_EDGE('',*,*,#4480,.T.);
#6408=ORIENTED_EDGE('',*,*,#4482,.T.);
#6409=ORIENTED_EDGE('',*,*,#4485,.F.);
#6410=ORIENTED_EDGE('',*,*,#4464,.F.);
#6411=ORIENTED_EDGE('',*,*,#4486,.T.);
#6412=ORIENTED_EDGE('',*,*,#4460,.T.);
#6413=ORIENTED_EDGE('',*,*,#4467,.F.);
#6414=ORIENTED_EDGE('',*,*,#4484,.F.);
#6415=ORIENTED_EDGE('',*,*,#4477,.F.);
#6416=ORIENTED_EDGE('',*,*,#4461,.T.);
#6417=ORIENTED_EDGE('',*,*,#4486,.F.);
#6418=ORIENTED_EDGE('',*,*,#4483,.F.);
#6419=ORIENTED_EDGE('',*,*,#4487,.T.);
#6420=ORIENTED_EDGE('',*,*,#4488,.T.);
#6421=ORIENTED_EDGE('',*,*,#4489,.T.);
#6422=ORIENTED_EDGE('',*,*,#4490,.F.);
#6423=ORIENTED_EDGE('',*,*,#4491,.T.);
#6424=ORIENTED_EDGE('',*,*,#4492,.T.);
#6425=ORIENTED_EDGE('',*,*,#4493,.T.);
#6426=ORIENTED_EDGE('',*,*,#4488,.F.);
#6427=ORIENTED_EDGE('',*,*,#4494,.T.);
#6428=ORIENTED_EDGE('',*,*,#4495,.T.);
#6429=ORIENTED_EDGE('',*,*,#4496,.T.);
#6430=ORIENTED_EDGE('',*,*,#4492,.F.);
#6431=ORIENTED_EDGE('',*,*,#4497,.T.);
#6432=ORIENTED_EDGE('',*,*,#4495,.F.);
#6433=ORIENTED_EDGE('',*,*,#4498,.T.);
#6434=ORIENTED_EDGE('',*,*,#4490,.T.);
#6435=ORIENTED_EDGE('',*,*,#4497,.F.);
#6436=ORIENTED_EDGE('',*,*,#4499,.F.);
#6437=ORIENTED_EDGE('',*,*,#4500,.F.);
#6438=ORIENTED_EDGE('',*,*,#4501,.F.);
#6439=ORIENTED_EDGE('',*,*,#4502,.F.);
#6440=ORIENTED_EDGE('',*,*,#4503,.T.);
#6441=ORIENTED_EDGE('',*,*,#4504,.T.);
#6442=ORIENTED_EDGE('',*,*,#4505,.T.);
#6443=ORIENTED_EDGE('',*,*,#4489,.F.);
#6444=ORIENTED_EDGE('',*,*,#4506,.F.);
#6445=ORIENTED_EDGE('',*,*,#4507,.T.);
#6446=ORIENTED_EDGE('',*,*,#4499,.T.);
#6447=ORIENTED_EDGE('',*,*,#4487,.F.);
#6448=ORIENTED_EDGE('',*,*,#4498,.F.);
#6449=ORIENTED_EDGE('',*,*,#4494,.F.);
#6450=ORIENTED_EDGE('',*,*,#4491,.F.);
#6451=ORIENTED_EDGE('',*,*,#4508,.T.);
#6452=ORIENTED_EDGE('',*,*,#4509,.T.);
#6453=ORIENTED_EDGE('',*,*,#4510,.T.);
#6454=ORIENTED_EDGE('',*,*,#4511,.F.);
#6455=ORIENTED_EDGE('',*,*,#4512,.T.);
#6456=ORIENTED_EDGE('',*,*,#4513,.T.);
#6457=ORIENTED_EDGE('',*,*,#4514,.T.);
#6458=ORIENTED_EDGE('',*,*,#4509,.F.);
#6459=ORIENTED_EDGE('',*,*,#4515,.T.);
#6460=ORIENTED_EDGE('',*,*,#4516,.T.);
#6461=ORIENTED_EDGE('',*,*,#4517,.T.);
#6462=ORIENTED_EDGE('',*,*,#4511,.T.);
#6463=ORIENTED_EDGE('',*,*,#4502,.T.);
#6464=ORIENTED_EDGE('',*,*,#4516,.F.);
#6465=ORIENTED_EDGE('',*,*,#4518,.T.);
#6466=ORIENTED_EDGE('',*,*,#4513,.F.);
#6467=ORIENTED_EDGE('',*,*,#4512,.F.);
#6468=ORIENTED_EDGE('',*,*,#4519,.T.);
#6469=ORIENTED_EDGE('',*,*,#4520,.F.);
#6470=ORIENTED_EDGE('',*,*,#4503,.F.);
#6471=ORIENTED_EDGE('',*,*,#4493,.F.);
#6472=ORIENTED_EDGE('',*,*,#4521,.F.);
#6473=ORIENTED_EDGE('',*,*,#4522,.F.);
#6474=ORIENTED_EDGE('',*,*,#4519,.F.);
#6475=ORIENTED_EDGE('',*,*,#4508,.F.);
#6476=ORIENTED_EDGE('',*,*,#4523,.T.);
#6477=ORIENTED_EDGE('',*,*,#4524,.T.);
#6478=ORIENTED_EDGE('',*,*,#4506,.T.);
#6479=ORIENTED_EDGE('',*,*,#4510,.F.);
#6480=ORIENTED_EDGE('',*,*,#4514,.F.);
#6481=ORIENTED_EDGE('',*,*,#4518,.F.);
#6482=ORIENTED_EDGE('',*,*,#4515,.F.);
#6483=ORIENTED_EDGE('',*,*,#4496,.F.);
#6484=ORIENTED_EDGE('',*,*,#4505,.F.);
#6485=ORIENTED_EDGE('',*,*,#4525,.T.);
#6486=ORIENTED_EDGE('',*,*,#4521,.T.);
#6487=ORIENTED_EDGE('',*,*,#4520,.T.);
#6488=ORIENTED_EDGE('',*,*,#4522,.T.);
#6489=ORIENTED_EDGE('',*,*,#4525,.F.);
#6490=ORIENTED_EDGE('',*,*,#4504,.F.);
#6491=ORIENTED_EDGE('',*,*,#4526,.T.);
#6492=ORIENTED_EDGE('',*,*,#4500,.T.);
#6493=ORIENTED_EDGE('',*,*,#4507,.F.);
#6494=ORIENTED_EDGE('',*,*,#4524,.F.);
#6495=ORIENTED_EDGE('',*,*,#4517,.F.);
#6496=ORIENTED_EDGE('',*,*,#4501,.T.);
#6497=ORIENTED_EDGE('',*,*,#4526,.F.);
#6498=ORIENTED_EDGE('',*,*,#4523,.F.);
#6499=ORIENTED_EDGE('',*,*,#4527,.T.);
#6500=ORIENTED_EDGE('',*,*,#4528,.T.);
#6501=ORIENTED_EDGE('',*,*,#4529,.T.);
#6502=ORIENTED_EDGE('',*,*,#4530,.F.);
#6503=ORIENTED_EDGE('',*,*,#4531,.T.);
#6504=ORIENTED_EDGE('',*,*,#4532,.T.);
#6505=ORIENTED_EDGE('',*,*,#4533,.T.);
#6506=ORIENTED_EDGE('',*,*,#4528,.F.);
#6507=ORIENTED_EDGE('',*,*,#4534,.T.);
#6508=ORIENTED_EDGE('',*,*,#4535,.T.);
#6509=ORIENTED_EDGE('',*,*,#4536,.T.);
#6510=ORIENTED_EDGE('',*,*,#4532,.F.);
#6511=ORIENTED_EDGE('',*,*,#4537,.T.);
#6512=ORIENTED_EDGE('',*,*,#4535,.F.);
#6513=ORIENTED_EDGE('',*,*,#4538,.T.);
#6514=ORIENTED_EDGE('',*,*,#4530,.T.);
#6515=ORIENTED_EDGE('',*,*,#4537,.F.);
#6516=ORIENTED_EDGE('',*,*,#4539,.F.);
#6517=ORIENTED_EDGE('',*,*,#4540,.F.);
#6518=ORIENTED_EDGE('',*,*,#4541,.F.);
#6519=ORIENTED_EDGE('',*,*,#4542,.F.);
#6520=ORIENTED_EDGE('',*,*,#4543,.T.);
#6521=ORIENTED_EDGE('',*,*,#4544,.T.);
#6522=ORIENTED_EDGE('',*,*,#4545,.T.);
#6523=ORIENTED_EDGE('',*,*,#4529,.F.);
#6524=ORIENTED_EDGE('',*,*,#4546,.F.);
#6525=ORIENTED_EDGE('',*,*,#4547,.T.);
#6526=ORIENTED_EDGE('',*,*,#4539,.T.);
#6527=ORIENTED_EDGE('',*,*,#4527,.F.);
#6528=ORIENTED_EDGE('',*,*,#4538,.F.);
#6529=ORIENTED_EDGE('',*,*,#4534,.F.);
#6530=ORIENTED_EDGE('',*,*,#4531,.F.);
#6531=ORIENTED_EDGE('',*,*,#4548,.T.);
#6532=ORIENTED_EDGE('',*,*,#4549,.T.);
#6533=ORIENTED_EDGE('',*,*,#4550,.T.);
#6534=ORIENTED_EDGE('',*,*,#4551,.F.);
#6535=ORIENTED_EDGE('',*,*,#4552,.T.);
#6536=ORIENTED_EDGE('',*,*,#4553,.T.);
#6537=ORIENTED_EDGE('',*,*,#4554,.T.);
#6538=ORIENTED_EDGE('',*,*,#4549,.F.);
#6539=ORIENTED_EDGE('',*,*,#4555,.T.);
#6540=ORIENTED_EDGE('',*,*,#4556,.T.);
#6541=ORIENTED_EDGE('',*,*,#4557,.T.);
#6542=ORIENTED_EDGE('',*,*,#4551,.T.);
#6543=ORIENTED_EDGE('',*,*,#4542,.T.);
#6544=ORIENTED_EDGE('',*,*,#4556,.F.);
#6545=ORIENTED_EDGE('',*,*,#4558,.T.);
#6546=ORIENTED_EDGE('',*,*,#4553,.F.);
#6547=ORIENTED_EDGE('',*,*,#4552,.F.);
#6548=ORIENTED_EDGE('',*,*,#4559,.T.);
#6549=ORIENTED_EDGE('',*,*,#4560,.F.);
#6550=ORIENTED_EDGE('',*,*,#4543,.F.);
#6551=ORIENTED_EDGE('',*,*,#4533,.F.);
#6552=ORIENTED_EDGE('',*,*,#4561,.F.);
#6553=ORIENTED_EDGE('',*,*,#4562,.F.);
#6554=ORIENTED_EDGE('',*,*,#4559,.F.);
#6555=ORIENTED_EDGE('',*,*,#4548,.F.);
#6556=ORIENTED_EDGE('',*,*,#4563,.T.);
#6557=ORIENTED_EDGE('',*,*,#4564,.T.);
#6558=ORIENTED_EDGE('',*,*,#4546,.T.);
#6559=ORIENTED_EDGE('',*,*,#4550,.F.);
#6560=ORIENTED_EDGE('',*,*,#4554,.F.);
#6561=ORIENTED_EDGE('',*,*,#4558,.F.);
#6562=ORIENTED_EDGE('',*,*,#4555,.F.);
#6563=ORIENTED_EDGE('',*,*,#4536,.F.);
#6564=ORIENTED_EDGE('',*,*,#4545,.F.);
#6565=ORIENTED_EDGE('',*,*,#4565,.T.);
#6566=ORIENTED_EDGE('',*,*,#4561,.T.);
#6567=ORIENTED_EDGE('',*,*,#4560,.T.);
#6568=ORIENTED_EDGE('',*,*,#4562,.T.);
#6569=ORIENTED_EDGE('',*,*,#4565,.F.);
#6570=ORIENTED_EDGE('',*,*,#4544,.F.);
#6571=ORIENTED_EDGE('',*,*,#4566,.T.);
#6572=ORIENTED_EDGE('',*,*,#4540,.T.);
#6573=ORIENTED_EDGE('',*,*,#4547,.F.);
#6574=ORIENTED_EDGE('',*,*,#4564,.F.);
#6575=ORIENTED_EDGE('',*,*,#4557,.F.);
#6576=ORIENTED_EDGE('',*,*,#4541,.T.);
#6577=ORIENTED_EDGE('',*,*,#4566,.F.);
#6578=ORIENTED_EDGE('',*,*,#4563,.F.);
#6579=ORIENTED_EDGE('',*,*,#4567,.T.);
#6580=ORIENTED_EDGE('',*,*,#4568,.T.);
#6581=ORIENTED_EDGE('',*,*,#4569,.T.);
#6582=ORIENTED_EDGE('',*,*,#4570,.F.);
#6583=ORIENTED_EDGE('',*,*,#4571,.T.);
#6584=ORIENTED_EDGE('',*,*,#4572,.T.);
#6585=ORIENTED_EDGE('',*,*,#4573,.T.);
#6586=ORIENTED_EDGE('',*,*,#4568,.F.);
#6587=ORIENTED_EDGE('',*,*,#4574,.T.);
#6588=ORIENTED_EDGE('',*,*,#4575,.T.);
#6589=ORIENTED_EDGE('',*,*,#4576,.T.);
#6590=ORIENTED_EDGE('',*,*,#4572,.F.);
#6591=ORIENTED_EDGE('',*,*,#4577,.T.);
#6592=ORIENTED_EDGE('',*,*,#4575,.F.);
#6593=ORIENTED_EDGE('',*,*,#4578,.T.);
#6594=ORIENTED_EDGE('',*,*,#4570,.T.);
#6595=ORIENTED_EDGE('',*,*,#4577,.F.);
#6596=ORIENTED_EDGE('',*,*,#4579,.F.);
#6597=ORIENTED_EDGE('',*,*,#4580,.F.);
#6598=ORIENTED_EDGE('',*,*,#4581,.F.);
#6599=ORIENTED_EDGE('',*,*,#4582,.F.);
#6600=ORIENTED_EDGE('',*,*,#4583,.T.);
#6601=ORIENTED_EDGE('',*,*,#4584,.T.);
#6602=ORIENTED_EDGE('',*,*,#4585,.T.);
#6603=ORIENTED_EDGE('',*,*,#4569,.F.);
#6604=ORIENTED_EDGE('',*,*,#4586,.F.);
#6605=ORIENTED_EDGE('',*,*,#4587,.T.);
#6606=ORIENTED_EDGE('',*,*,#4579,.T.);
#6607=ORIENTED_EDGE('',*,*,#4567,.F.);
#6608=ORIENTED_EDGE('',*,*,#4578,.F.);
#6609=ORIENTED_EDGE('',*,*,#4574,.F.);
#6610=ORIENTED_EDGE('',*,*,#4571,.F.);
#6611=ORIENTED_EDGE('',*,*,#4588,.T.);
#6612=ORIENTED_EDGE('',*,*,#4589,.T.);
#6613=ORIENTED_EDGE('',*,*,#4590,.T.);
#6614=ORIENTED_EDGE('',*,*,#4591,.F.);
#6615=ORIENTED_EDGE('',*,*,#4592,.T.);
#6616=ORIENTED_EDGE('',*,*,#4593,.T.);
#6617=ORIENTED_EDGE('',*,*,#4594,.T.);
#6618=ORIENTED_EDGE('',*,*,#4589,.F.);
#6619=ORIENTED_EDGE('',*,*,#4595,.T.);
#6620=ORIENTED_EDGE('',*,*,#4596,.T.);
#6621=ORIENTED_EDGE('',*,*,#4597,.T.);
#6622=ORIENTED_EDGE('',*,*,#4591,.T.);
#6623=ORIENTED_EDGE('',*,*,#4582,.T.);
#6624=ORIENTED_EDGE('',*,*,#4596,.F.);
#6625=ORIENTED_EDGE('',*,*,#4598,.T.);
#6626=ORIENTED_EDGE('',*,*,#4593,.F.);
#6627=ORIENTED_EDGE('',*,*,#4592,.F.);
#6628=ORIENTED_EDGE('',*,*,#4599,.T.);
#6629=ORIENTED_EDGE('',*,*,#4600,.F.);
#6630=ORIENTED_EDGE('',*,*,#4583,.F.);
#6631=ORIENTED_EDGE('',*,*,#4573,.F.);
#6632=ORIENTED_EDGE('',*,*,#4601,.F.);
#6633=ORIENTED_EDGE('',*,*,#4602,.F.);
#6634=ORIENTED_EDGE('',*,*,#4599,.F.);
#6635=ORIENTED_EDGE('',*,*,#4588,.F.);
#6636=ORIENTED_EDGE('',*,*,#4603,.T.);
#6637=ORIENTED_EDGE('',*,*,#4604,.T.);
#6638=ORIENTED_EDGE('',*,*,#4586,.T.);
#6639=ORIENTED_EDGE('',*,*,#4590,.F.);
#6640=ORIENTED_EDGE('',*,*,#4594,.F.);
#6641=ORIENTED_EDGE('',*,*,#4598,.F.);
#6642=ORIENTED_EDGE('',*,*,#4595,.F.);
#6643=ORIENTED_EDGE('',*,*,#4576,.F.);
#6644=ORIENTED_EDGE('',*,*,#4585,.F.);
#6645=ORIENTED_EDGE('',*,*,#4605,.T.);
#6646=ORIENTED_EDGE('',*,*,#4601,.T.);
#6647=ORIENTED_EDGE('',*,*,#4600,.T.);
#6648=ORIENTED_EDGE('',*,*,#4602,.T.);
#6649=ORIENTED_EDGE('',*,*,#4605,.F.);
#6650=ORIENTED_EDGE('',*,*,#4584,.F.);
#6651=ORIENTED_EDGE('',*,*,#4606,.T.);
#6652=ORIENTED_EDGE('',*,*,#4580,.T.);
#6653=ORIENTED_EDGE('',*,*,#4587,.F.);
#6654=ORIENTED_EDGE('',*,*,#4604,.F.);
#6655=ORIENTED_EDGE('',*,*,#4597,.F.);
#6656=ORIENTED_EDGE('',*,*,#4581,.T.);
#6657=ORIENTED_EDGE('',*,*,#4606,.F.);
#6658=ORIENTED_EDGE('',*,*,#4603,.F.);
#6659=PLANE('',#7459);
#6660=PLANE('',#7460);
#6661=PLANE('',#7461);
#6662=PLANE('',#7462);
#6663=PLANE('',#7463);
#6664=PLANE('',#7464);
#6665=PLANE('',#7465);
#6666=PLANE('',#7466);
#6667=PLANE('',#7467);
#6668=PLANE('',#7468);
#6669=PLANE('',#7469);
#6670=PLANE('',#7470);
#6671=PLANE('',#7471);
#6672=PLANE('',#7472);
#6673=PLANE('',#7473);
#6674=PLANE('',#7474);
#6675=PLANE('',#7475);
#6676=PLANE('',#7476);
#6677=PLANE('',#7477);
#6678=PLANE('',#7478);
#6679=PLANE('',#7479);
#6680=PLANE('',#7480);
#6681=PLANE('',#7481);
#6682=PLANE('',#7482);
#6683=PLANE('',#7483);
#6684=PLANE('',#7484);
#6685=PLANE('',#7485);
#6686=PLANE('',#7486);
#6687=PLANE('',#7487);
#6688=PLANE('',#7488);
#6689=PLANE('',#7489);
#6690=PLANE('',#7490);
#6691=PLANE('',#7491);
#6692=PLANE('',#7492);
#6693=PLANE('',#7493);
#6694=PLANE('',#7494);
#6695=PLANE('',#7495);
#6696=PLANE('',#7496);
#6697=PLANE('',#7497);
#6698=PLANE('',#7498);
#6699=PLANE('',#7499);
#6700=PLANE('',#7500);
#6701=PLANE('',#7501);
#6702=PLANE('',#7502);
#6703=PLANE('',#7503);
#6704=PLANE('',#7504);
#6705=PLANE('',#7505);
#6706=PLANE('',#7506);
#6707=PLANE('',#7507);
#6708=PLANE('',#7508);
#6709=PLANE('',#7509);
#6710=PLANE('',#7510);
#6711=PLANE('',#7511);
#6712=PLANE('',#7512);
#6713=PLANE('',#7513);
#6714=PLANE('',#7514);
#6715=PLANE('',#7515);
#6716=PLANE('',#7516);
#6717=PLANE('',#7517);
#6718=PLANE('',#7518);
#6719=PLANE('',#7519);
#6720=PLANE('',#7520);
#6721=PLANE('',#7521);
#6722=PLANE('',#7522);
#6723=PLANE('',#7523);
#6724=PLANE('',#7524);
#6725=PLANE('',#7525);
#6726=PLANE('',#7526);
#6727=PLANE('',#7527);
#6728=PLANE('',#7528);
#6729=PLANE('',#7529);
#6730=PLANE('',#7530);
#6731=PLANE('',#7531);
#6732=PLANE('',#7532);
#6733=PLANE('',#7533);
#6734=PLANE('',#7534);
#6735=PLANE('',#7535);
#6736=PLANE('',#7536);
#6737=PLANE('',#7537);
#6738=PLANE('',#7538);
#6739=PLANE('',#7539);
#6740=PLANE('',#7540);
#6741=PLANE('',#7541);
#6742=PLANE('',#7542);
#6743=PLANE('',#7543);
#6744=PLANE('',#7544);
#6745=PLANE('',#7545);
#6746=PLANE('',#7546);
#6747=PLANE('',#7547);
#6748=PLANE('',#7548);
#6749=PLANE('',#7549);
#6750=PLANE('',#7550);
#6751=PLANE('',#7551);
#6752=PLANE('',#7552);
#6753=PLANE('',#7553);
#6754=PLANE('',#7554);
#6755=PLANE('',#7555);
#6756=PLANE('',#7556);
#6757=PLANE('',#7557);
#6758=PLANE('',#7558);
#6759=PLANE('',#7559);
#6760=PLANE('',#7560);
#6761=PLANE('',#7561);
#6762=PLANE('',#7562);
#6763=PLANE('',#7563);
#6764=PLANE('',#7564);
#6765=PLANE('',#7565);
#6766=PLANE('',#7566);
#6767=PLANE('',#7567);
#6768=PLANE('',#7568);
#6769=PLANE('',#7569);
#6770=PLANE('',#7570);
#6771=PLANE('',#7571);
#6772=PLANE('',#7572);
#6773=PLANE('',#7573);
#6774=PLANE('',#7574);
#6775=PLANE('',#7575);
#6776=PLANE('',#7576);
#6777=PLANE('',#7577);
#6778=PLANE('',#7578);
#6779=PLANE('',#7579);
#6780=PLANE('',#7580);
#6781=PLANE('',#7581);
#6782=PLANE('',#7582);
#6783=PLANE('',#7583);
#6784=PLANE('',#7584);
#6785=PLANE('',#7585);
#6786=PLANE('',#7586);
#6787=PLANE('',#7587);
#6788=PLANE('',#7588);
#6789=PLANE('',#7589);
#6790=PLANE('',#7590);
#6791=PLANE('',#7591);
#6792=PLANE('',#7592);
#6793=PLANE('',#7593);
#6794=PLANE('',#7594);
#6795=PLANE('',#7595);
#6796=PLANE('',#7596);
#6797=PLANE('',#7597);
#6798=PLANE('',#7598);
#6799=PLANE('',#7599);
#6800=PLANE('',#7600);
#6801=PLANE('',#7601);
#6802=PLANE('',#7602);
#6803=PLANE('',#7603);
#6804=PLANE('',#7604);
#6805=PLANE('',#7605);
#6806=PLANE('',#7606);
#6807=PLANE('',#7607);
#6808=PLANE('',#7608);
#6809=PLANE('',#7609);
#6810=PLANE('',#7610);
#6811=PLANE('',#7611);
#6812=PLANE('',#7612);
#6813=PLANE('',#7613);
#6814=PLANE('',#7614);
#6815=PLANE('',#7615);
#6816=PLANE('',#7616);
#6817=PLANE('',#7617);
#6818=PLANE('',#7620);
#6819=PLANE('',#7621);
#6820=PLANE('',#7622);
#6821=PLANE('',#7623);
#6822=PLANE('',#7624);
#6823=PLANE('',#7625);
#6824=PLANE('',#7626);
#6825=PLANE('',#7627);
#6826=PLANE('',#7630);
#6827=PLANE('',#7631);
#6828=PLANE('',#7634);
#6829=PLANE('',#7635);
#6830=PLANE('',#7636);
#6831=PLANE('',#7637);
#6832=PLANE('',#7638);
#6833=PLANE('',#7639);
#6834=PLANE('',#7642);
#6835=PLANE('',#7643);
#6836=PLANE('',#7644);
#6837=PLANE('',#7645);
#6838=PLANE('',#7646);
#6839=PLANE('',#7647);
#6840=PLANE('',#7648);
#6841=PLANE('',#7649);
#6842=PLANE('',#7652);
#6843=PLANE('',#7653);
#6844=PLANE('',#7656);
#6845=PLANE('',#7657);
#6846=PLANE('',#7658);
#6847=PLANE('',#7659);
#6848=PLANE('',#7660);
#6849=PLANE('',#7661);
#6850=PLANE('',#7664);
#6851=PLANE('',#7665);
#6852=PLANE('',#7666);
#6853=PLANE('',#7667);
#6854=PLANE('',#7668);
#6855=PLANE('',#7669);
#6856=PLANE('',#7670);
#6857=PLANE('',#7671);
#6858=PLANE('',#7674);
#6859=PLANE('',#7675);
#6860=PLANE('',#7678);
#6861=PLANE('',#7679);
#6862=PLANE('',#7680);
#6863=PLANE('',#7681);
#6864=PLANE('',#7682);
#6865=PLANE('',#7683);
#6866=PLANE('',#7686);
#6867=PLANE('',#7687);
#6868=PLANE('',#7688);
#6869=PLANE('',#7689);
#6870=PLANE('',#7690);
#6871=PLANE('',#7691);
#6872=PLANE('',#7692);
#6873=PLANE('',#7693);
#6874=PLANE('',#7696);
#6875=PLANE('',#7697);
#6876=PLANE('',#7700);
#6877=PLANE('',#7701);
#6878=PLANE('',#7702);
#6879=PLANE('',#7703);
#6880=PLANE('',#7704);
#6881=PLANE('',#7705);
#6882=PLANE('',#7708);
#6883=PLANE('',#7709);
#6884=PLANE('',#7710);
#6885=PLANE('',#7711);
#6886=PLANE('',#7712);
#6887=PLANE('',#7713);
#6888=PLANE('',#7714);
#6889=PLANE('',#7715);
#6890=PLANE('',#7718);
#6891=PLANE('',#7719);
#6892=PLANE('',#7722);
#6893=PLANE('',#7723);
#6894=PLANE('',#7724);
#6895=PLANE('',#7725);
#6896=PLANE('',#7726);
#6897=PLANE('',#7727);
#6898=PLANE('',#7730);
#6899=PLANE('',#7731);
#6900=PLANE('',#7732);
#6901=PLANE('',#7733);
#6902=PLANE('',#7734);
#6903=PLANE('',#7735);
#6904=PLANE('',#7736);
#6905=PLANE('',#7737);
#6906=PLANE('',#7740);
#6907=PLANE('',#7741);
#6908=PLANE('',#7744);
#6909=PLANE('',#7745);
#6910=PLANE('',#7746);
#6911=PLANE('',#7747);
#6912=PLANE('',#7748);
#6913=PLANE('',#7749);
#6914=PLANE('',#7752);
#6915=PLANE('',#7753);
#6916=PLANE('',#7754);
#6917=PLANE('',#7755);
#6918=PLANE('',#7756);
#6919=PLANE('',#7757);
#6920=PLANE('',#7758);
#6921=PLANE('',#7759);
#6922=PLANE('',#7762);
#6923=PLANE('',#7763);
#6924=PLANE('',#7766);
#6925=PLANE('',#7767);
#6926=PLANE('',#7768);
#6927=PLANE('',#7769);
#6928=PLANE('',#7770);
#6929=PLANE('',#7771);
#6930=PLANE('',#7774);
#6931=PLANE('',#7775);
#6932=PLANE('',#7776);
#6933=PLANE('',#7777);
#6934=PLANE('',#7778);
#6935=PLANE('',#7779);
#6936=PLANE('',#7780);
#6937=PLANE('',#7781);
#6938=PLANE('',#7784);
#6939=PLANE('',#7785);
#6940=PLANE('',#7788);
#6941=PLANE('',#7789);
#6942=PLANE('',#7790);
#6943=PLANE('',#7791);
#6944=PLANE('',#7792);
#6945=PLANE('',#7793);
#6946=PLANE('',#7796);
#6947=PLANE('',#7797);
#6948=PLANE('',#7798);
#6949=PLANE('',#7799);
#6950=PLANE('',#7800);
#6951=PLANE('',#7801);
#6952=PLANE('',#7802);
#6953=PLANE('',#7803);
#6954=PLANE('',#7806);
#6955=PLANE('',#7807);
#6956=PLANE('',#7810);
#6957=PLANE('',#7811);
#6958=PLANE('',#7812);
#6959=PLANE('',#7813);
#6960=PLANE('',#7814);
#6961=PLANE('',#7815);
#6962=PLANE('',#7818);
#6963=PLANE('',#7819);
#6964=PLANE('',#7820);
#6965=PLANE('',#7821);
#6966=PLANE('',#7822);
#6967=PLANE('',#7823);
#6968=PLANE('',#7824);
#6969=PLANE('',#7825);
#6970=PLANE('',#7828);
#6971=PLANE('',#7829);
#6972=PLANE('',#7832);
#6973=PLANE('',#7833);
#6974=PLANE('',#7834);
#6975=PLANE('',#7835);
#6976=PLANE('',#7836);
#6977=PLANE('',#7837);
#6978=PLANE('',#7840);
#6979=PLANE('',#7841);
#6980=PLANE('',#7842);
#6981=PLANE('',#7843);
#6982=PLANE('',#7844);
#6983=PLANE('',#7845);
#6984=PLANE('',#7846);
#6985=PLANE('',#7847);
#6986=PLANE('',#7850);
#6987=PLANE('',#7851);
#6988=PLANE('',#7854);
#6989=PLANE('',#7855);
#6990=PLANE('',#7856);
#6991=PLANE('',#7857);
#6992=PLANE('',#7858);
#6993=PLANE('',#7859);
#6994=PLANE('',#7862);
#6995=PLANE('',#7863);
#6996=PLANE('',#7864);
#6997=PLANE('',#7865);
#6998=PLANE('',#7866);
#6999=PLANE('',#7867);
#7000=PLANE('',#7868);
#7001=PLANE('',#7869);
#7002=PLANE('',#7872);
#7003=PLANE('',#7873);
#7004=PLANE('',#7876);
#7005=PLANE('',#7877);
#7006=PLANE('',#7878);
#7007=PLANE('',#7879);
#7008=PLANE('',#7880);
#7009=PLANE('',#7881);
#7010=PLANE('',#7884);
#7011=PLANE('',#7885);
#7012=PLANE('',#7886);
#7013=PLANE('',#7887);
#7014=PLANE('',#7888);
#7015=PLANE('',#7889);
#7016=PLANE('',#7890);
#7017=PLANE('',#7891);
#7018=PLANE('',#7894);
#7019=PLANE('',#7895);
#7020=PLANE('',#7898);
#7021=PLANE('',#7899);
#7022=PLANE('',#7900);
#7023=PLANE('',#7901);
#7024=PLANE('',#7902);
#7025=PLANE('',#7903);
#7026=PLANE('',#7906);
#7027=PLANE('',#7907);
#7028=PLANE('',#7908);
#7029=PLANE('',#7909);
#7030=PLANE('',#7910);
#7031=PLANE('',#7911);
#7032=PLANE('',#7912);
#7033=PLANE('',#7913);
#7034=PLANE('',#7916);
#7035=PLANE('',#7917);
#7036=PLANE('',#7920);
#7037=ADVANCED_FACE('',(#155),#6659,.F.);
#7038=ADVANCED_FACE('',(#156),#6660,.F.);
#7039=ADVANCED_FACE('',(#157),#6661,.F.);
#7040=ADVANCED_FACE('',(#158),#6662,.F.);
#7041=ADVANCED_FACE('',(#159),#6663,.F.);
#7042=ADVANCED_FACE('',(#160),#6664,.F.);
#7043=ADVANCED_FACE('',(#161),#6665,.T.);
#7044=ADVANCED_FACE('',(#162),#6666,.T.);
#7045=ADVANCED_FACE('',(#163),#6667,.T.);
#7046=ADVANCED_FACE('',(#164),#6668,.F.);
#7047=ADVANCED_FACE('',(#165),#6669,.T.);
#7048=ADVANCED_FACE('',(#166),#6670,.T.);
#7049=ADVANCED_FACE('',(#167),#6671,.T.);
#7050=ADVANCED_FACE('',(#168),#6672,.T.);
#7051=ADVANCED_FACE('',(#169),#6673,.T.);
#7052=ADVANCED_FACE('',(#170,#127),#6674,.F.);
#7053=ADVANCED_FACE('',(#171),#6675,.T.);
#7054=ADVANCED_FACE('',(#172),#6676,.F.);
#7055=ADVANCED_FACE('',(#173),#6677,.F.);
#7056=ADVANCED_FACE('',(#174),#6678,.F.);
#7057=ADVANCED_FACE('',(#175),#6679,.F.);
#7058=ADVANCED_FACE('',(#176),#6680,.F.);
#7059=ADVANCED_FACE('',(#177),#6681,.F.);
#7060=ADVANCED_FACE('',(#178),#6682,.F.);
#7061=ADVANCED_FACE('',(#179),#6683,.F.);
#7062=ADVANCED_FACE('',(#180),#6684,.F.);
#7063=ADVANCED_FACE('',(#181),#6685,.F.);
#7064=ADVANCED_FACE('',(#182),#6686,.F.);
#7065=ADVANCED_FACE('',(#183,#128),#6687,.F.);
#7066=ADVANCED_FACE('',(#184),#6688,.F.);
#7067=ADVANCED_FACE('',(#185),#6689,.T.);
#7068=ADVANCED_FACE('',(#186),#6690,.T.);
#7069=ADVANCED_FACE('',(#187),#6691,.T.);
#7070=ADVANCED_FACE('',(#188),#6692,.T.);
#7071=ADVANCED_FACE('',(#189),#6693,.T.);
#7072=ADVANCED_FACE('',(#190),#6694,.F.);
#7073=ADVANCED_FACE('',(#191),#6695,.F.);
#7074=ADVANCED_FACE('',(#192),#6696,.T.);
#7075=ADVANCED_FACE('',(#193),#6697,.F.);
#7076=ADVANCED_FACE('',(#194),#6698,.F.);
#7077=ADVANCED_FACE('',(#195),#6699,.F.);
#7078=ADVANCED_FACE('',(#196),#6700,.F.);
#7079=ADVANCED_FACE('',(#197),#6701,.F.);
#7080=ADVANCED_FACE('',(#198,#129),#6702,.F.);
#7081=ADVANCED_FACE('',(#199),#6703,.F.);
#7082=ADVANCED_FACE('',(#200),#6704,.T.);
#7083=ADVANCED_FACE('',(#201),#6705,.F.);
#7084=ADVANCED_FACE('',(#202),#6706,.F.);
#7085=ADVANCED_FACE('',(#203),#6707,.F.);
#7086=ADVANCED_FACE('',(#204),#6708,.F.);
#7087=ADVANCED_FACE('',(#205),#6709,.F.);
#7088=ADVANCED_FACE('',(#206,#130),#6710,.F.);
#7089=ADVANCED_FACE('',(#207),#6711,.F.);
#7090=ADVANCED_FACE('',(#208),#6712,.T.);
#7091=ADVANCED_FACE('',(#209),#6713,.F.);
#7092=ADVANCED_FACE('',(#210),#6714,.F.);
#7093=ADVANCED_FACE('',(#211),#6715,.F.);
#7094=ADVANCED_FACE('',(#212),#6716,.F.);
#7095=ADVANCED_FACE('',(#213),#6717,.F.);
#7096=ADVANCED_FACE('',(#214,#131),#6718,.F.);
#7097=ADVANCED_FACE('',(#215),#6719,.F.);
#7098=ADVANCED_FACE('',(#216),#6720,.T.);
#7099=ADVANCED_FACE('',(#217),#6721,.F.);
#7100=ADVANCED_FACE('',(#218),#6722,.F.);
#7101=ADVANCED_FACE('',(#219),#6723,.F.);
#7102=ADVANCED_FACE('',(#220),#6724,.F.);
#7103=ADVANCED_FACE('',(#221),#6725,.F.);
#7104=ADVANCED_FACE('',(#222,#132),#6726,.F.);
#7105=ADVANCED_FACE('',(#223),#6727,.F.);
#7106=ADVANCED_FACE('',(#224),#6728,.T.);
#7107=ADVANCED_FACE('',(#225),#6729,.F.);
#7108=ADVANCED_FACE('',(#226),#6730,.F.);
#7109=ADVANCED_FACE('',(#227),#6731,.F.);
#7110=ADVANCED_FACE('',(#228),#6732,.F.);
#7111=ADVANCED_FACE('',(#229),#6733,.F.);
#7112=ADVANCED_FACE('',(#230,#133),#6734,.F.);
#7113=ADVANCED_FACE('',(#231),#6735,.F.);
#7114=ADVANCED_FACE('',(#232),#6736,.T.);
#7115=ADVANCED_FACE('',(#233),#6737,.F.);
#7116=ADVANCED_FACE('',(#234),#6738,.F.);
#7117=ADVANCED_FACE('',(#235),#6739,.F.);
#7118=ADVANCED_FACE('',(#236),#6740,.F.);
#7119=ADVANCED_FACE('',(#237),#6741,.F.);
#7120=ADVANCED_FACE('',(#238,#134),#6742,.F.);
#7121=ADVANCED_FACE('',(#239),#6743,.F.);
#7122=ADVANCED_FACE('',(#240),#6744,.T.);
#7123=ADVANCED_FACE('',(#241),#6745,.F.);
#7124=ADVANCED_FACE('',(#242),#6746,.F.);
#7125=ADVANCED_FACE('',(#243),#6747,.F.);
#7126=ADVANCED_FACE('',(#244),#6748,.F.);
#7127=ADVANCED_FACE('',(#245),#6749,.F.);
#7128=ADVANCED_FACE('',(#246,#135),#6750,.F.);
#7129=ADVANCED_FACE('',(#247),#6751,.F.);
#7130=ADVANCED_FACE('',(#248),#6752,.T.);
#7131=ADVANCED_FACE('',(#249),#6753,.F.);
#7132=ADVANCED_FACE('',(#250),#6754,.F.);
#7133=ADVANCED_FACE('',(#251),#6755,.F.);
#7134=ADVANCED_FACE('',(#252),#6756,.F.);
#7135=ADVANCED_FACE('',(#253),#6757,.F.);
#7136=ADVANCED_FACE('',(#254,#136),#6758,.F.);
#7137=ADVANCED_FACE('',(#255),#6759,.F.);
#7138=ADVANCED_FACE('',(#256),#6760,.T.);
#7139=ADVANCED_FACE('',(#257),#6761,.F.);
#7140=ADVANCED_FACE('',(#258),#6762,.F.);
#7141=ADVANCED_FACE('',(#259),#6763,.F.);
#7142=ADVANCED_FACE('',(#260),#6764,.F.);
#7143=ADVANCED_FACE('',(#261),#6765,.F.);
#7144=ADVANCED_FACE('',(#262,#137),#6766,.F.);
#7145=ADVANCED_FACE('',(#263),#6767,.F.);
#7146=ADVANCED_FACE('',(#264),#6768,.T.);
#7147=ADVANCED_FACE('',(#265),#6769,.F.);
#7148=ADVANCED_FACE('',(#266),#6770,.F.);
#7149=ADVANCED_FACE('',(#267),#6771,.F.);
#7150=ADVANCED_FACE('',(#268),#6772,.F.);
#7151=ADVANCED_FACE('',(#269),#6773,.F.);
#7152=ADVANCED_FACE('',(#270,#138),#6774,.F.);
#7153=ADVANCED_FACE('',(#271),#6775,.F.);
#7154=ADVANCED_FACE('',(#272),#6776,.T.);
#7155=ADVANCED_FACE('',(#273),#6777,.F.);
#7156=ADVANCED_FACE('',(#274),#6778,.F.);
#7157=ADVANCED_FACE('',(#275),#6779,.F.);
#7158=ADVANCED_FACE('',(#276),#6780,.F.);
#7159=ADVANCED_FACE('',(#277),#6781,.F.);
#7160=ADVANCED_FACE('',(#278,#139),#6782,.F.);
#7161=ADVANCED_FACE('',(#279),#6783,.F.);
#7162=ADVANCED_FACE('',(#280),#6784,.T.);
#7163=ADVANCED_FACE('',(#281),#6785,.F.);
#7164=ADVANCED_FACE('',(#282),#6786,.F.);
#7165=ADVANCED_FACE('',(#283),#6787,.F.);
#7166=ADVANCED_FACE('',(#284),#6788,.F.);
#7167=ADVANCED_FACE('',(#285),#6789,.F.);
#7168=ADVANCED_FACE('',(#286,#140),#6790,.F.);
#7169=ADVANCED_FACE('',(#287),#6791,.F.);
#7170=ADVANCED_FACE('',(#288),#6792,.T.);
#7171=ADVANCED_FACE('',(#289),#6793,.F.);
#7172=ADVANCED_FACE('',(#290),#6794,.F.);
#7173=ADVANCED_FACE('',(#291),#6795,.F.);
#7174=ADVANCED_FACE('',(#292),#6796,.F.);
#7175=ADVANCED_FACE('',(#293),#6797,.F.);
#7176=ADVANCED_FACE('',(#294),#6798,.F.);
#7177=ADVANCED_FACE('',(#295),#6799,.F.);
#7178=ADVANCED_FACE('',(#296),#6800,.F.);
#7179=ADVANCED_FACE('',(#297),#6801,.F.);
#7180=ADVANCED_FACE('',(#298),#6802,.F.);
#7181=ADVANCED_FACE('',(#299),#6803,.F.);
#7182=ADVANCED_FACE('',(#300),#6804,.T.);
#7183=ADVANCED_FACE('',(#301,#141,#142,#143,#144,#145,#146,#147,#148,#149,
#150,#151,#152,#153,#154),#6805,.F.);
#7184=ADVANCED_FACE('',(#302),#6806,.F.);
#7185=ADVANCED_FACE('',(#303),#6807,.F.);
#7186=ADVANCED_FACE('',(#304),#6808,.T.);
#7187=ADVANCED_FACE('',(#305),#6809,.T.);
#7188=ADVANCED_FACE('',(#306),#6810,.T.);
#7189=ADVANCED_FACE('',(#307),#6811,.T.);
#7190=ADVANCED_FACE('',(#308),#6812,.T.);
#7191=ADVANCED_FACE('',(#309),#6813,.T.);
#7192=ADVANCED_FACE('',(#310),#6814,.T.);
#7193=ADVANCED_FACE('',(#311),#6815,.T.);
#7194=ADVANCED_FACE('',(#312),#6816,.T.);
#7195=ADVANCED_FACE('',(#313),#6817,.T.);
#7196=ADVANCED_FACE('',(#314),#6818,.T.);
#7197=ADVANCED_FACE('',(#315),#6819,.F.);
#7198=ADVANCED_FACE('',(#316),#6820,.T.);
#7199=ADVANCED_FACE('',(#317),#6821,.T.);
#7200=ADVANCED_FACE('',(#318),#6822,.T.);
#7201=ADVANCED_FACE('',(#319),#6823,.T.);
#7202=ADVANCED_FACE('',(#320),#6824,.T.);
#7203=ADVANCED_FACE('',(#321),#6825,.T.);
#7204=ADVANCED_FACE('',(#322),#6826,.T.);
#7205=ADVANCED_FACE('',(#323),#6827,.T.);
#7206=ADVANCED_FACE('',(#324),#13,.F.);
#7207=ADVANCED_FACE('',(#325),#14,.T.);
#7208=ADVANCED_FACE('',(#326),#6828,.T.);
#7209=ADVANCED_FACE('',(#327),#6829,.T.);
#7210=ADVANCED_FACE('',(#328),#6830,.T.);
#7211=ADVANCED_FACE('',(#329),#6831,.T.);
#7212=ADVANCED_FACE('',(#330),#6832,.T.);
#7213=ADVANCED_FACE('',(#331),#6833,.T.);
#7214=ADVANCED_FACE('',(#332),#6834,.T.);
#7215=ADVANCED_FACE('',(#333),#6835,.F.);
#7216=ADVANCED_FACE('',(#334),#6836,.T.);
#7217=ADVANCED_FACE('',(#335),#6837,.T.);
#7218=ADVANCED_FACE('',(#336),#6838,.T.);
#7219=ADVANCED_FACE('',(#337),#6839,.T.);
#7220=ADVANCED_FACE('',(#338),#6840,.T.);
#7221=ADVANCED_FACE('',(#339),#6841,.T.);
#7222=ADVANCED_FACE('',(#340),#6842,.T.);
#7223=ADVANCED_FACE('',(#341),#6843,.T.);
#7224=ADVANCED_FACE('',(#342),#15,.F.);
#7225=ADVANCED_FACE('',(#343),#16,.T.);
#7226=ADVANCED_FACE('',(#344),#6844,.T.);
#7227=ADVANCED_FACE('',(#345),#6845,.T.);
#7228=ADVANCED_FACE('',(#346),#6846,.T.);
#7229=ADVANCED_FACE('',(#347),#6847,.T.);
#7230=ADVANCED_FACE('',(#348),#6848,.T.);
#7231=ADVANCED_FACE('',(#349),#6849,.T.);
#7232=ADVANCED_FACE('',(#350),#6850,.T.);
#7233=ADVANCED_FACE('',(#351),#6851,.F.);
#7234=ADVANCED_FACE('',(#352),#6852,.T.);
#7235=ADVANCED_FACE('',(#353),#6853,.T.);
#7236=ADVANCED_FACE('',(#354),#6854,.T.);
#7237=ADVANCED_FACE('',(#355),#6855,.T.);
#7238=ADVANCED_FACE('',(#356),#6856,.T.);
#7239=ADVANCED_FACE('',(#357),#6857,.T.);
#7240=ADVANCED_FACE('',(#358),#6858,.T.);
#7241=ADVANCED_FACE('',(#359),#6859,.T.);
#7242=ADVANCED_FACE('',(#360),#17,.F.);
#7243=ADVANCED_FACE('',(#361),#18,.T.);
#7244=ADVANCED_FACE('',(#362),#6860,.T.);
#7245=ADVANCED_FACE('',(#363),#6861,.T.);
#7246=ADVANCED_FACE('',(#364),#6862,.T.);
#7247=ADVANCED_FACE('',(#365),#6863,.T.);
#7248=ADVANCED_FACE('',(#366),#6864,.T.);
#7249=ADVANCED_FACE('',(#367),#6865,.T.);
#7250=ADVANCED_FACE('',(#368),#6866,.T.);
#7251=ADVANCED_FACE('',(#369),#6867,.F.);
#7252=ADVANCED_FACE('',(#370),#6868,.T.);
#7253=ADVANCED_FACE('',(#371),#6869,.T.);
#7254=ADVANCED_FACE('',(#372),#6870,.T.);
#7255=ADVANCED_FACE('',(#373),#6871,.T.);
#7256=ADVANCED_FACE('',(#374),#6872,.T.);
#7257=ADVANCED_FACE('',(#375),#6873,.T.);
#7258=ADVANCED_FACE('',(#376),#6874,.T.);
#7259=ADVANCED_FACE('',(#377),#6875,.T.);
#7260=ADVANCED_FACE('',(#378),#19,.F.);
#7261=ADVANCED_FACE('',(#379),#20,.T.);
#7262=ADVANCED_FACE('',(#380),#6876,.T.);
#7263=ADVANCED_FACE('',(#381),#6877,.T.);
#7264=ADVANCED_FACE('',(#382),#6878,.T.);
#7265=ADVANCED_FACE('',(#383),#6879,.T.);
#7266=ADVANCED_FACE('',(#384),#6880,.T.);
#7267=ADVANCED_FACE('',(#385),#6881,.T.);
#7268=ADVANCED_FACE('',(#386),#6882,.T.);
#7269=ADVANCED_FACE('',(#387),#6883,.F.);
#7270=ADVANCED_FACE('',(#388),#6884,.T.);
#7271=ADVANCED_FACE('',(#389),#6885,.T.);
#7272=ADVANCED_FACE('',(#390),#6886,.T.);
#7273=ADVANCED_FACE('',(#391),#6887,.T.);
#7274=ADVANCED_FACE('',(#392),#6888,.T.);
#7275=ADVANCED_FACE('',(#393),#6889,.T.);
#7276=ADVANCED_FACE('',(#394),#6890,.T.);
#7277=ADVANCED_FACE('',(#395),#6891,.T.);
#7278=ADVANCED_FACE('',(#396),#21,.F.);
#7279=ADVANCED_FACE('',(#397),#22,.T.);
#7280=ADVANCED_FACE('',(#398),#6892,.T.);
#7281=ADVANCED_FACE('',(#399),#6893,.T.);
#7282=ADVANCED_FACE('',(#400),#6894,.T.);
#7283=ADVANCED_FACE('',(#401),#6895,.T.);
#7284=ADVANCED_FACE('',(#402),#6896,.T.);
#7285=ADVANCED_FACE('',(#403),#6897,.T.);
#7286=ADVANCED_FACE('',(#404),#6898,.T.);
#7287=ADVANCED_FACE('',(#405),#6899,.F.);
#7288=ADVANCED_FACE('',(#406),#6900,.T.);
#7289=ADVANCED_FACE('',(#407),#6901,.T.);
#7290=ADVANCED_FACE('',(#408),#6902,.T.);
#7291=ADVANCED_FACE('',(#409),#6903,.T.);
#7292=ADVANCED_FACE('',(#410),#6904,.T.);
#7293=ADVANCED_FACE('',(#411),#6905,.T.);
#7294=ADVANCED_FACE('',(#412),#6906,.T.);
#7295=ADVANCED_FACE('',(#413),#6907,.T.);
#7296=ADVANCED_FACE('',(#414),#23,.F.);
#7297=ADVANCED_FACE('',(#415),#24,.T.);
#7298=ADVANCED_FACE('',(#416),#6908,.T.);
#7299=ADVANCED_FACE('',(#417),#6909,.T.);
#7300=ADVANCED_FACE('',(#418),#6910,.T.);
#7301=ADVANCED_FACE('',(#419),#6911,.T.);
#7302=ADVANCED_FACE('',(#420),#6912,.T.);
#7303=ADVANCED_FACE('',(#421),#6913,.T.);
#7304=ADVANCED_FACE('',(#422),#6914,.T.);
#7305=ADVANCED_FACE('',(#423),#6915,.F.);
#7306=ADVANCED_FACE('',(#424),#6916,.T.);
#7307=ADVANCED_FACE('',(#425),#6917,.T.);
#7308=ADVANCED_FACE('',(#426),#6918,.T.);
#7309=ADVANCED_FACE('',(#427),#6919,.T.);
#7310=ADVANCED_FACE('',(#428),#6920,.T.);
#7311=ADVANCED_FACE('',(#429),#6921,.T.);
#7312=ADVANCED_FACE('',(#430),#6922,.T.);
#7313=ADVANCED_FACE('',(#431),#6923,.T.);
#7314=ADVANCED_FACE('',(#432),#25,.F.);
#7315=ADVANCED_FACE('',(#433),#26,.T.);
#7316=ADVANCED_FACE('',(#434),#6924,.T.);
#7317=ADVANCED_FACE('',(#435),#6925,.T.);
#7318=ADVANCED_FACE('',(#436),#6926,.T.);
#7319=ADVANCED_FACE('',(#437),#6927,.T.);
#7320=ADVANCED_FACE('',(#438),#6928,.T.);
#7321=ADVANCED_FACE('',(#439),#6929,.T.);
#7322=ADVANCED_FACE('',(#440),#6930,.T.);
#7323=ADVANCED_FACE('',(#441),#6931,.F.);
#7324=ADVANCED_FACE('',(#442),#6932,.T.);
#7325=ADVANCED_FACE('',(#443),#6933,.T.);
#7326=ADVANCED_FACE('',(#444),#6934,.T.);
#7327=ADVANCED_FACE('',(#445),#6935,.T.);
#7328=ADVANCED_FACE('',(#446),#6936,.T.);
#7329=ADVANCED_FACE('',(#447),#6937,.T.);
#7330=ADVANCED_FACE('',(#448),#6938,.T.);
#7331=ADVANCED_FACE('',(#449),#6939,.T.);
#7332=ADVANCED_FACE('',(#450),#27,.F.);
#7333=ADVANCED_FACE('',(#451),#28,.T.);
#7334=ADVANCED_FACE('',(#452),#6940,.T.);
#7335=ADVANCED_FACE('',(#453),#6941,.T.);
#7336=ADVANCED_FACE('',(#454),#6942,.T.);
#7337=ADVANCED_FACE('',(#455),#6943,.T.);
#7338=ADVANCED_FACE('',(#456),#6944,.T.);
#7339=ADVANCED_FACE('',(#457),#6945,.T.);
#7340=ADVANCED_FACE('',(#458),#6946,.T.);
#7341=ADVANCED_FACE('',(#459),#6947,.F.);
#7342=ADVANCED_FACE('',(#460),#6948,.T.);
#7343=ADVANCED_FACE('',(#461),#6949,.T.);
#7344=ADVANCED_FACE('',(#462),#6950,.T.);
#7345=ADVANCED_FACE('',(#463),#6951,.T.);
#7346=ADVANCED_FACE('',(#464),#6952,.T.);
#7347=ADVANCED_FACE('',(#465),#6953,.T.);
#7348=ADVANCED_FACE('',(#466),#6954,.T.);
#7349=ADVANCED_FACE('',(#467),#6955,.T.);
#7350=ADVANCED_FACE('',(#468),#29,.F.);
#7351=ADVANCED_FACE('',(#469),#30,.T.);
#7352=ADVANCED_FACE('',(#470),#6956,.T.);
#7353=ADVANCED_FACE('',(#471),#6957,.T.);
#7354=ADVANCED_FACE('',(#472),#6958,.T.);
#7355=ADVANCED_FACE('',(#473),#6959,.T.);
#7356=ADVANCED_FACE('',(#474),#6960,.T.);
#7357=ADVANCED_FACE('',(#475),#6961,.T.);
#7358=ADVANCED_FACE('',(#476),#6962,.T.);
#7359=ADVANCED_FACE('',(#477),#6963,.F.);
#7360=ADVANCED_FACE('',(#478),#6964,.T.);
#7361=ADVANCED_FACE('',(#479),#6965,.T.);
#7362=ADVANCED_FACE('',(#480),#6966,.T.);
#7363=ADVANCED_FACE('',(#481),#6967,.T.);
#7364=ADVANCED_FACE('',(#482),#6968,.T.);
#7365=ADVANCED_FACE('',(#483),#6969,.T.);
#7366=ADVANCED_FACE('',(#484),#6970,.T.);
#7367=ADVANCED_FACE('',(#485),#6971,.T.);
#7368=ADVANCED_FACE('',(#486),#31,.F.);
#7369=ADVANCED_FACE('',(#487),#32,.T.);
#7370=ADVANCED_FACE('',(#488),#6972,.T.);
#7371=ADVANCED_FACE('',(#489),#6973,.T.);
#7372=ADVANCED_FACE('',(#490),#6974,.T.);
#7373=ADVANCED_FACE('',(#491),#6975,.T.);
#7374=ADVANCED_FACE('',(#492),#6976,.T.);
#7375=ADVANCED_FACE('',(#493),#6977,.T.);
#7376=ADVANCED_FACE('',(#494),#6978,.T.);
#7377=ADVANCED_FACE('',(#495),#6979,.F.);
#7378=ADVANCED_FACE('',(#496),#6980,.T.);
#7379=ADVANCED_FACE('',(#497),#6981,.T.);
#7380=ADVANCED_FACE('',(#498),#6982,.T.);
#7381=ADVANCED_FACE('',(#499),#6983,.T.);
#7382=ADVANCED_FACE('',(#500),#6984,.T.);
#7383=ADVANCED_FACE('',(#501),#6985,.T.);
#7384=ADVANCED_FACE('',(#502),#6986,.T.);
#7385=ADVANCED_FACE('',(#503),#6987,.T.);
#7386=ADVANCED_FACE('',(#504),#33,.F.);
#7387=ADVANCED_FACE('',(#505),#34,.T.);
#7388=ADVANCED_FACE('',(#506),#6988,.T.);
#7389=ADVANCED_FACE('',(#507),#6989,.T.);
#7390=ADVANCED_FACE('',(#508),#6990,.T.);
#7391=ADVANCED_FACE('',(#509),#6991,.T.);
#7392=ADVANCED_FACE('',(#510),#6992,.T.);
#7393=ADVANCED_FACE('',(#511),#6993,.T.);
#7394=ADVANCED_FACE('',(#512),#6994,.T.);
#7395=ADVANCED_FACE('',(#513),#6995,.F.);
#7396=ADVANCED_FACE('',(#514),#6996,.T.);
#7397=ADVANCED_FACE('',(#515),#6997,.T.);
#7398=ADVANCED_FACE('',(#516),#6998,.T.);
#7399=ADVANCED_FACE('',(#517),#6999,.T.);
#7400=ADVANCED_FACE('',(#518),#7000,.T.);
#7401=ADVANCED_FACE('',(#519),#7001,.T.);
#7402=ADVANCED_FACE('',(#520),#7002,.T.);
#7403=ADVANCED_FACE('',(#521),#7003,.T.);
#7404=ADVANCED_FACE('',(#522),#35,.F.);
#7405=ADVANCED_FACE('',(#523),#36,.T.);
#7406=ADVANCED_FACE('',(#524),#7004,.T.);
#7407=ADVANCED_FACE('',(#525),#7005,.T.);
#7408=ADVANCED_FACE('',(#526),#7006,.T.);
#7409=ADVANCED_FACE('',(#527),#7007,.T.);
#7410=ADVANCED_FACE('',(#528),#7008,.T.);
#7411=ADVANCED_FACE('',(#529),#7009,.T.);
#7412=ADVANCED_FACE('',(#530),#7010,.T.);
#7413=ADVANCED_FACE('',(#531),#7011,.F.);
#7414=ADVANCED_FACE('',(#532),#7012,.T.);
#7415=ADVANCED_FACE('',(#533),#7013,.T.);
#7416=ADVANCED_FACE('',(#534),#7014,.T.);
#7417=ADVANCED_FACE('',(#535),#7015,.T.);
#7418=ADVANCED_FACE('',(#536),#7016,.T.);
#7419=ADVANCED_FACE('',(#537),#7017,.T.);
#7420=ADVANCED_FACE('',(#538),#7018,.T.);
#7421=ADVANCED_FACE('',(#539),#7019,.T.);
#7422=ADVANCED_FACE('',(#540),#37,.F.);
#7423=ADVANCED_FACE('',(#541),#38,.T.);
#7424=ADVANCED_FACE('',(#542),#7020,.T.);
#7425=ADVANCED_FACE('',(#543),#7021,.T.);
#7426=ADVANCED_FACE('',(#544),#7022,.T.);
#7427=ADVANCED_FACE('',(#545),#7023,.T.);
#7428=ADVANCED_FACE('',(#546),#7024,.T.);
#7429=ADVANCED_FACE('',(#547),#7025,.T.);
#7430=ADVANCED_FACE('',(#548),#7026,.T.);
#7431=ADVANCED_FACE('',(#549),#7027,.F.);
#7432=ADVANCED_FACE('',(#550),#7028,.T.);
#7433=ADVANCED_FACE('',(#551),#7029,.T.);
#7434=ADVANCED_FACE('',(#552),#7030,.T.);
#7435=ADVANCED_FACE('',(#553),#7031,.T.);
#7436=ADVANCED_FACE('',(#554),#7032,.T.);
#7437=ADVANCED_FACE('',(#555),#7033,.T.);
#7438=ADVANCED_FACE('',(#556),#7034,.T.);
#7439=ADVANCED_FACE('',(#557),#7035,.T.);
#7440=ADVANCED_FACE('',(#558),#39,.F.);
#7441=ADVANCED_FACE('',(#559),#40,.T.);
#7442=ADVANCED_FACE('',(#560),#7036,.T.);
#7443=CLOSED_SHELL('',(#7037,#7038,#7039,#7040,#7041,#7042,#7043,#7044,
#7045,#7046,#7047,#7048,#7049,#7050,#7051,#7052,#7053,#7054,#7055,#7056,
#7057,#7058,#7059,#7060,#7061,#7062,#7063,#7064,#7065,#7066,#7067,#7068,
#7069,#7070,#7071,#7072,#7073,#7074,#7075,#7076,#7077,#7078,#7079,#7080,
#7081,#7082,#7083,#7084,#7085,#7086,#7087,#7088,#7089,#7090,#7091,#7092,
#7093,#7094,#7095,#7096,#7097,#7098,#7099,#7100,#7101,#7102,#7103,#7104,
#7105,#7106,#7107,#7108,#7109,#7110,#7111,#7112,#7113,#7114,#7115,#7116,
#7117,#7118,#7119,#7120,#7121,#7122,#7123,#7124,#7125,#7126,#7127,#7128,
#7129,#7130,#7131,#7132,#7133,#7134,#7135,#7136,#7137,#7138,#7139,#7140,
#7141,#7142,#7143,#7144,#7145,#7146,#7147,#7148,#7149,#7150,#7151,#7152,
#7153,#7154,#7155,#7156,#7157,#7158,#7159,#7160,#7161,#7162,#7163,#7164,
#7165,#7166,#7167,#7168,#7169,#7170,#7171,#7172,#7173,#7174,#7175,#7176,
#7177,#7178,#7179,#7180,#7181,#7182,#7183,#7184,#7185,#7186,#7187,#7188,
#7189,#7190));
#7444=CLOSED_SHELL('',(#7191,#7192,#7193,#7194,#7195,#7196,#7197,#7198,
#7199,#7200,#7201,#7202,#7203,#7204,#7205,#7206,#7207,#7208));
#7445=CLOSED_SHELL('',(#7209,#7210,#7211,#7212,#7213,#7214,#7215,#7216,
#7217,#7218,#7219,#7220,#7221,#7222,#7223,#7224,#7225,#7226));
#7446=CLOSED_SHELL('',(#7227,#7228,#7229,#7230,#7231,#7232,#7233,#7234,
#7235,#7236,#7237,#7238,#7239,#7240,#7241,#7242,#7243,#7244));
#7447=CLOSED_SHELL('',(#7245,#7246,#7247,#7248,#7249,#7250,#7251,#7252,
#7253,#7254,#7255,#7256,#7257,#7258,#7259,#7260,#7261,#7262));
#7448=CLOSED_SHELL('',(#7263,#7264,#7265,#7266,#7267,#7268,#7269,#7270,
#7271,#7272,#7273,#7274,#7275,#7276,#7277,#7278,#7279,#7280));
#7449=CLOSED_SHELL('',(#7281,#7282,#7283,#7284,#7285,#7286,#7287,#7288,
#7289,#7290,#7291,#7292,#7293,#7294,#7295,#7296,#7297,#7298));
#7450=CLOSED_SHELL('',(#7299,#7300,#7301,#7302,#7303,#7304,#7305,#7306,
#7307,#7308,#7309,#7310,#7311,#7312,#7313,#7314,#7315,#7316));
#7451=CLOSED_SHELL('',(#7317,#7318,#7319,#7320,#7321,#7322,#7323,#7324,
#7325,#7326,#7327,#7328,#7329,#7330,#7331,#7332,#7333,#7334));
#7452=CLOSED_SHELL('',(#7335,#7336,#7337,#7338,#7339,#7340,#7341,#7342,
#7343,#7344,#7345,#7346,#7347,#7348,#7349,#7350,#7351,#7352));
#7453=CLOSED_SHELL('',(#7353,#7354,#7355,#7356,#7357,#7358,#7359,#7360,
#7361,#7362,#7363,#7364,#7365,#7366,#7367,#7368,#7369,#7370));
#7454=CLOSED_SHELL('',(#7371,#7372,#7373,#7374,#7375,#7376,#7377,#7378,
#7379,#7380,#7381,#7382,#7383,#7384,#7385,#7386,#7387,#7388));
#7455=CLOSED_SHELL('',(#7389,#7390,#7391,#7392,#7393,#7394,#7395,#7396,
#7397,#7398,#7399,#7400,#7401,#7402,#7403,#7404,#7405,#7406));
#7456=CLOSED_SHELL('',(#7407,#7408,#7409,#7410,#7411,#7412,#7413,#7414,
#7415,#7416,#7417,#7418,#7419,#7420,#7421,#7422,#7423,#7424));
#7457=CLOSED_SHELL('',(#7425,#7426,#7427,#7428,#7429,#7430,#7431,#7432,
#7433,#7434,#7435,#7436,#7437,#7438,#7439,#7440,#7441,#7442));
#7458=AXIS2_PLACEMENT_3D('placement',#9817,#7921,#7922);
#7459=AXIS2_PLACEMENT_3D('',#9818,#7923,#7924);
#7460=AXIS2_PLACEMENT_3D('',#9827,#7929,#7930);
#7461=AXIS2_PLACEMENT_3D('',#9833,#7934,#7935);
#7462=AXIS2_PLACEMENT_3D('',#9839,#7939,#7940);
#7463=AXIS2_PLACEMENT_3D('',#9848,#7945,#7946);
#7464=AXIS2_PLACEMENT_3D('',#9854,#7950,#7951);
#7465=AXIS2_PLACEMENT_3D('',#9860,#7955,#7956);
#7466=AXIS2_PLACEMENT_3D('',#9874,#7964,#7965);
#7467=AXIS2_PLACEMENT_3D('',#9882,#7970,#7971);
#7468=AXIS2_PLACEMENT_3D('',#9892,#7977,#7978);
#7469=AXIS2_PLACEMENT_3D('',#9904,#7985,#7986);
#7470=AXIS2_PLACEMENT_3D('',#9910,#7990,#7991);
#7471=AXIS2_PLACEMENT_3D('',#9923,#7998,#7999);
#7472=AXIS2_PLACEMENT_3D('',#9929,#8003,#8004);
#7473=AXIS2_PLACEMENT_3D('',#9939,#8010,#8011);
#7474=AXIS2_PLACEMENT_3D('',#9948,#8017,#8018);
#7475=AXIS2_PLACEMENT_3D('',#9964,#8027,#8028);
#7476=AXIS2_PLACEMENT_3D('',#10082,#8089,#8090);
#7477=AXIS2_PLACEMENT_3D('',#10089,#8095,#8096);
#7478=AXIS2_PLACEMENT_3D('',#10095,#8100,#8101);
#7479=AXIS2_PLACEMENT_3D('',#10104,#8106,#8107);
#7480=AXIS2_PLACEMENT_3D('',#10108,#8110,#8111);
#7481=AXIS2_PLACEMENT_3D('',#10111,#8114,#8115);
#7482=AXIS2_PLACEMENT_3D('',#10115,#8118,#8119);
#7483=AXIS2_PLACEMENT_3D('',#10117,#8121,#8122);
#7484=AXIS2_PLACEMENT_3D('',#10127,#8128,#8129);
#7485=AXIS2_PLACEMENT_3D('',#10132,#8133,#8134);
#7486=AXIS2_PLACEMENT_3D('',#10136,#8137,#8138);
#7487=AXIS2_PLACEMENT_3D('',#10143,#8143,#8144);
#7488=AXIS2_PLACEMENT_3D('',#10157,#8152,#8153);
#7489=AXIS2_PLACEMENT_3D('',#10159,#8155,#8156);
#7490=AXIS2_PLACEMENT_3D('',#10168,#8161,#8162);
#7491=AXIS2_PLACEMENT_3D('',#10177,#8167,#8168);
#7492=AXIS2_PLACEMENT_3D('',#10183,#8172,#8173);
#7493=AXIS2_PLACEMENT_3D('',#10186,#8176,#8177);
#7494=AXIS2_PLACEMENT_3D('',#10191,#8181,#8182);
#7495=AXIS2_PLACEMENT_3D('',#10195,#8185,#8186);
#7496=AXIS2_PLACEMENT_3D('',#10197,#8188,#8189);
#7497=AXIS2_PLACEMENT_3D('',#10201,#8192,#8193);
#7498=AXIS2_PLACEMENT_3D('',#10207,#8197,#8198);
#7499=AXIS2_PLACEMENT_3D('',#10211,#8201,#8202);
#7500=AXIS2_PLACEMENT_3D('',#10215,#8205,#8206);
#7501=AXIS2_PLACEMENT_3D('',#10217,#8208,#8209);
#7502=AXIS2_PLACEMENT_3D('',#10223,#8213,#8214);
#7503=AXIS2_PLACEMENT_3D('',#10235,#8221,#8222);
#7504=AXIS2_PLACEMENT_3D('',#10237,#8224,#8225);
#7505=AXIS2_PLACEMENT_3D('',#10241,#8228,#8229);
#7506=AXIS2_PLACEMENT_3D('',#10247,#8233,#8234);
#7507=AXIS2_PLACEMENT_3D('',#10251,#8237,#8238);
#7508=AXIS2_PLACEMENT_3D('',#10255,#8241,#8242);
#7509=AXIS2_PLACEMENT_3D('',#10257,#8244,#8245);
#7510=AXIS2_PLACEMENT_3D('',#10263,#8249,#8250);
#7511=AXIS2_PLACEMENT_3D('',#10275,#8257,#8258);
#7512=AXIS2_PLACEMENT_3D('',#10277,#8260,#8261);
#7513=AXIS2_PLACEMENT_3D('',#10281,#8264,#8265);
#7514=AXIS2_PLACEMENT_3D('',#10287,#8269,#8270);
#7515=AXIS2_PLACEMENT_3D('',#10291,#8273,#8274);
#7516=AXIS2_PLACEMENT_3D('',#10295,#8277,#8278);
#7517=AXIS2_PLACEMENT_3D('',#10297,#8280,#8281);
#7518=AXIS2_PLACEMENT_3D('',#10303,#8285,#8286);
#7519=AXIS2_PLACEMENT_3D('',#10315,#8293,#8294);
#7520=AXIS2_PLACEMENT_3D('',#10317,#8296,#8297);
#7521=AXIS2_PLACEMENT_3D('',#10321,#8300,#8301);
#7522=AXIS2_PLACEMENT_3D('',#10327,#8305,#8306);
#7523=AXIS2_PLACEMENT_3D('',#10331,#8309,#8310);
#7524=AXIS2_PLACEMENT_3D('',#10335,#8313,#8314);
#7525=AXIS2_PLACEMENT_3D('',#10337,#8316,#8317);
#7526=AXIS2_PLACEMENT_3D('',#10343,#8321,#8322);
#7527=AXIS2_PLACEMENT_3D('',#10355,#8329,#8330);
#7528=AXIS2_PLACEMENT_3D('',#10357,#8332,#8333);
#7529=AXIS2_PLACEMENT_3D('',#10361,#8336,#8337);
#7530=AXIS2_PLACEMENT_3D('',#10367,#8341,#8342);
#7531=AXIS2_PLACEMENT_3D('',#10371,#8345,#8346);
#7532=AXIS2_PLACEMENT_3D('',#10375,#8349,#8350);
#7533=AXIS2_PLACEMENT_3D('',#10377,#8352,#8353);
#7534=AXIS2_PLACEMENT_3D('',#10383,#8357,#8358);
#7535=AXIS2_PLACEMENT_3D('',#10395,#8365,#8366);
#7536=AXIS2_PLACEMENT_3D('',#10397,#8368,#8369);
#7537=AXIS2_PLACEMENT_3D('',#10401,#8372,#8373);
#7538=AXIS2_PLACEMENT_3D('',#10407,#8377,#8378);
#7539=AXIS2_PLACEMENT_3D('',#10411,#8381,#8382);
#7540=AXIS2_PLACEMENT_3D('',#10415,#8385,#8386);
#7541=AXIS2_PLACEMENT_3D('',#10417,#8388,#8389);
#7542=AXIS2_PLACEMENT_3D('',#10423,#8393,#8394);
#7543=AXIS2_PLACEMENT_3D('',#10435,#8401,#8402);
#7544=AXIS2_PLACEMENT_3D('',#10437,#8404,#8405);
#7545=AXIS2_PLACEMENT_3D('',#10441,#8408,#8409);
#7546=AXIS2_PLACEMENT_3D('',#10447,#8413,#8414);
#7547=AXIS2_PLACEMENT_3D('',#10451,#8417,#8418);
#7548=AXIS2_PLACEMENT_3D('',#10455,#8421,#8422);
#7549=AXIS2_PLACEMENT_3D('',#10457,#8424,#8425);
#7550=AXIS2_PLACEMENT_3D('',#10463,#8429,#8430);
#7551=AXIS2_PLACEMENT_3D('',#10475,#8437,#8438);
#7552=AXIS2_PLACEMENT_3D('',#10477,#8440,#8441);
#7553=AXIS2_PLACEMENT_3D('',#10481,#8444,#8445);
#7554=AXIS2_PLACEMENT_3D('',#10487,#8449,#8450);
#7555=AXIS2_PLACEMENT_3D('',#10491,#8453,#8454);
#7556=AXIS2_PLACEMENT_3D('',#10495,#8457,#8458);
#7557=AXIS2_PLACEMENT_3D('',#10497,#8460,#8461);
#7558=AXIS2_PLACEMENT_3D('',#10503,#8465,#8466);
#7559=AXIS2_PLACEMENT_3D('',#10515,#8473,#8474);
#7560=AXIS2_PLACEMENT_3D('',#10517,#8476,#8477);
#7561=AXIS2_PLACEMENT_3D('',#10521,#8480,#8481);
#7562=AXIS2_PLACEMENT_3D('',#10527,#8485,#8486);
#7563=AXIS2_PLACEMENT_3D('',#10531,#8489,#8490);
#7564=AXIS2_PLACEMENT_3D('',#10535,#8493,#8494);
#7565=AXIS2_PLACEMENT_3D('',#10537,#8496,#8497);
#7566=AXIS2_PLACEMENT_3D('',#10543,#8501,#8502);
#7567=AXIS2_PLACEMENT_3D('',#10555,#8509,#8510);
#7568=AXIS2_PLACEMENT_3D('',#10557,#8512,#8513);
#7569=AXIS2_PLACEMENT_3D('',#10561,#8516,#8517);
#7570=AXIS2_PLACEMENT_3D('',#10567,#8521,#8522);
#7571=AXIS2_PLACEMENT_3D('',#10571,#8525,#8526);
#7572=AXIS2_PLACEMENT_3D('',#10575,#8529,#8530);
#7573=AXIS2_PLACEMENT_3D('',#10577,#8532,#8533);
#7574=AXIS2_PLACEMENT_3D('',#10583,#8537,#8538);
#7575=AXIS2_PLACEMENT_3D('',#10595,#8545,#8546);
#7576=AXIS2_PLACEMENT_3D('',#10597,#8548,#8549);
#7577=AXIS2_PLACEMENT_3D('',#10601,#8552,#8553);
#7578=AXIS2_PLACEMENT_3D('',#10607,#8557,#8558);
#7579=AXIS2_PLACEMENT_3D('',#10611,#8561,#8562);
#7580=AXIS2_PLACEMENT_3D('',#10615,#8565,#8566);
#7581=AXIS2_PLACEMENT_3D('',#10617,#8568,#8569);
#7582=AXIS2_PLACEMENT_3D('',#10623,#8573,#8574);
#7583=AXIS2_PLACEMENT_3D('',#10635,#8581,#8582);
#7584=AXIS2_PLACEMENT_3D('',#10637,#8584,#8585);
#7585=AXIS2_PLACEMENT_3D('',#10641,#8588,#8589);
#7586=AXIS2_PLACEMENT_3D('',#10647,#8593,#8594);
#7587=AXIS2_PLACEMENT_3D('',#10651,#8597,#8598);
#7588=AXIS2_PLACEMENT_3D('',#10655,#8601,#8602);
#7589=AXIS2_PLACEMENT_3D('',#10657,#8604,#8605);
#7590=AXIS2_PLACEMENT_3D('',#10663,#8609,#8610);
#7591=AXIS2_PLACEMENT_3D('',#10675,#8617,#8618);
#7592=AXIS2_PLACEMENT_3D('',#10677,#8620,#8621);
#7593=AXIS2_PLACEMENT_3D('',#10681,#8624,#8625);
#7594=AXIS2_PLACEMENT_3D('',#10687,#8629,#8630);
#7595=AXIS2_PLACEMENT_3D('',#10691,#8633,#8634);
#7596=AXIS2_PLACEMENT_3D('',#10695,#8637,#8638);
#7597=AXIS2_PLACEMENT_3D('',#10697,#8640,#8641);
#7598=AXIS2_PLACEMENT_3D('',#10699,#8643,#8644);
#7599=AXIS2_PLACEMENT_3D('',#10703,#8647,#8648);
#7600=AXIS2_PLACEMENT_3D('',#10710,#8653,#8654);
#7601=AXIS2_PLACEMENT_3D('',#10716,#8658,#8659);
#7602=AXIS2_PLACEMENT_3D('',#10720,#8662,#8663);
#7603=AXIS2_PLACEMENT_3D('',#10724,#8666,#8667);
#7604=AXIS2_PLACEMENT_3D('',#10726,#8669,#8670);
#7605=AXIS2_PLACEMENT_3D('',#10729,#8673,#8674);
#7606=AXIS2_PLACEMENT_3D('',#10730,#8675,#8676);
#7607=AXIS2_PLACEMENT_3D('',#10734,#8679,#8680);
#7608=AXIS2_PLACEMENT_3D('',#10738,#8683,#8684);
#7609=AXIS2_PLACEMENT_3D('',#10743,#8688,#8689);
#7610=AXIS2_PLACEMENT_3D('',#10745,#8691,#8692);
#7611=AXIS2_PLACEMENT_3D('',#10746,#8693,#8694);
#7612=AXIS2_PLACEMENT_3D('',#10747,#8695,#8696);
#7613=AXIS2_PLACEMENT_3D('',#10748,#8697,#8698);
#7614=AXIS2_PLACEMENT_3D('',#10757,#8703,#8704);
#7615=AXIS2_PLACEMENT_3D('',#10763,#8708,#8709);
#7616=AXIS2_PLACEMENT_3D('',#10769,#8713,#8714);
#7617=AXIS2_PLACEMENT_3D('',#10772,#8717,#8718);
#7618=AXIS2_PLACEMENT_3D('',#10776,#8720,#8721);
#7619=AXIS2_PLACEMENT_3D('',#10784,#8725,#8726);
#7620=AXIS2_PLACEMENT_3D('',#10786,#8728,#8729);
#7621=AXIS2_PLACEMENT_3D('',#10790,#8732,#8733);
#7622=AXIS2_PLACEMENT_3D('',#10791,#8734,#8735);
#7623=AXIS2_PLACEMENT_3D('',#10800,#8740,#8741);
#7624=AXIS2_PLACEMENT_3D('',#10805,#8745,#8746);
#7625=AXIS2_PLACEMENT_3D('',#10810,#8750,#8751);
#7626=AXIS2_PLACEMENT_3D('',#10812,#8753,#8754);
#7627=AXIS2_PLACEMENT_3D('',#10816,#8757,#8758);
#7628=AXIS2_PLACEMENT_3D('',#10819,#8760,#8761);
#7629=AXIS2_PLACEMENT_3D('',#10822,#8763,#8764);
#7630=AXIS2_PLACEMENT_3D('',#10823,#8765,#8766);
#7631=AXIS2_PLACEMENT_3D('',#10824,#8767,#8768);
#7632=AXIS2_PLACEMENT_3D('',#10826,#8770,#8771);
#7633=AXIS2_PLACEMENT_3D('',#10827,#8772,#8773);
#7634=AXIS2_PLACEMENT_3D('',#10829,#8775,#8776);
#7635=AXIS2_PLACEMENT_3D('',#10830,#8777,#8778);
#7636=AXIS2_PLACEMENT_3D('',#10839,#8783,#8784);
#7637=AXIS2_PLACEMENT_3D('',#10845,#8788,#8789);
#7638=AXIS2_PLACEMENT_3D('',#10851,#8793,#8794);
#7639=AXIS2_PLACEMENT_3D('',#10854,#8797,#8798);
#7640=AXIS2_PLACEMENT_3D('',#10858,#8800,#8801);
#7641=AXIS2_PLACEMENT_3D('',#10866,#8805,#8806);
#7642=AXIS2_PLACEMENT_3D('',#10868,#8808,#8809);
#7643=AXIS2_PLACEMENT_3D('',#10872,#8812,#8813);
#7644=AXIS2_PLACEMENT_3D('',#10873,#8814,#8815);
#7645=AXIS2_PLACEMENT_3D('',#10882,#8820,#8821);
#7646=AXIS2_PLACEMENT_3D('',#10887,#8825,#8826);
#7647=AXIS2_PLACEMENT_3D('',#10892,#8830,#8831);
#7648=AXIS2_PLACEMENT_3D('',#10894,#8833,#8834);
#7649=AXIS2_PLACEMENT_3D('',#10898,#8837,#8838);
#7650=AXIS2_PLACEMENT_3D('',#10901,#8840,#8841);
#7651=AXIS2_PLACEMENT_3D('',#10904,#8843,#8844);
#7652=AXIS2_PLACEMENT_3D('',#10905,#8845,#8846);
#7653=AXIS2_PLACEMENT_3D('',#10906,#8847,#8848);
#7654=AXIS2_PLACEMENT_3D('',#10908,#8850,#8851);
#7655=AXIS2_PLACEMENT_3D('',#10909,#8852,#8853);
#7656=AXIS2_PLACEMENT_3D('',#10911,#8855,#8856);
#7657=AXIS2_PLACEMENT_3D('',#10912,#8857,#8858);
#7658=AXIS2_PLACEMENT_3D('',#10921,#8863,#8864);
#7659=AXIS2_PLACEMENT_3D('',#10927,#8868,#8869);
#7660=AXIS2_PLACEMENT_3D('',#10933,#8873,#8874);
#7661=AXIS2_PLACEMENT_3D('',#10936,#8877,#8878);
#7662=AXIS2_PLACEMENT_3D('',#10940,#8880,#8881);
#7663=AXIS2_PLACEMENT_3D('',#10948,#8885,#8886);
#7664=AXIS2_PLACEMENT_3D('',#10950,#8888,#8889);
#7665=AXIS2_PLACEMENT_3D('',#10954,#8892,#8893);
#7666=AXIS2_PLACEMENT_3D('',#10955,#8894,#8895);
#7667=AXIS2_PLACEMENT_3D('',#10964,#8900,#8901);
#7668=AXIS2_PLACEMENT_3D('',#10969,#8905,#8906);
#7669=AXIS2_PLACEMENT_3D('',#10974,#8910,#8911);
#7670=AXIS2_PLACEMENT_3D('',#10976,#8913,#8914);
#7671=AXIS2_PLACEMENT_3D('',#10980,#8917,#8918);
#7672=AXIS2_PLACEMENT_3D('',#10983,#8920,#8921);
#7673=AXIS2_PLACEMENT_3D('',#10986,#8923,#8924);
#7674=AXIS2_PLACEMENT_3D('',#10987,#8925,#8926);
#7675=AXIS2_PLACEMENT_3D('',#10988,#8927,#8928);
#7676=AXIS2_PLACEMENT_3D('',#10990,#8930,#8931);
#7677=AXIS2_PLACEMENT_3D('',#10991,#8932,#8933);
#7678=AXIS2_PLACEMENT_3D('',#10993,#8935,#8936);
#7679=AXIS2_PLACEMENT_3D('',#10994,#8937,#8938);
#7680=AXIS2_PLACEMENT_3D('',#11003,#8943,#8944);
#7681=AXIS2_PLACEMENT_3D('',#11009,#8948,#8949);
#7682=AXIS2_PLACEMENT_3D('',#11015,#8953,#8954);
#7683=AXIS2_PLACEMENT_3D('',#11018,#8957,#8958);
#7684=AXIS2_PLACEMENT_3D('',#11022,#8960,#8961);
#7685=AXIS2_PLACEMENT_3D('',#11030,#8965,#8966);
#7686=AXIS2_PLACEMENT_3D('',#11032,#8968,#8969);
#7687=AXIS2_PLACEMENT_3D('',#11036,#8972,#8973);
#7688=AXIS2_PLACEMENT_3D('',#11037,#8974,#8975);
#7689=AXIS2_PLACEMENT_3D('',#11046,#8980,#8981);
#7690=AXIS2_PLACEMENT_3D('',#11051,#8985,#8986);
#7691=AXIS2_PLACEMENT_3D('',#11056,#8990,#8991);
#7692=AXIS2_PLACEMENT_3D('',#11058,#8993,#8994);
#7693=AXIS2_PLACEMENT_3D('',#11062,#8997,#8998);
#7694=AXIS2_PLACEMENT_3D('',#11065,#9000,#9001);
#7695=AXIS2_PLACEMENT_3D('',#11068,#9003,#9004);
#7696=AXIS2_PLACEMENT_3D('',#11069,#9005,#9006);
#7697=AXIS2_PLACEMENT_3D('',#11070,#9007,#9008);
#7698=AXIS2_PLACEMENT_3D('',#11072,#9010,#9011);
#7699=AXIS2_PLACEMENT_3D('',#11073,#9012,#9013);
#7700=AXIS2_PLACEMENT_3D('',#11075,#9015,#9016);
#7701=AXIS2_PLACEMENT_3D('',#11076,#9017,#9018);
#7702=AXIS2_PLACEMENT_3D('',#11085,#9023,#9024);
#7703=AXIS2_PLACEMENT_3D('',#11091,#9028,#9029);
#7704=AXIS2_PLACEMENT_3D('',#11097,#9033,#9034);
#7705=AXIS2_PLACEMENT_3D('',#11100,#9037,#9038);
#7706=AXIS2_PLACEMENT_3D('',#11104,#9040,#9041);
#7707=AXIS2_PLACEMENT_3D('',#11112,#9045,#9046);
#7708=AXIS2_PLACEMENT_3D('',#11114,#9048,#9049);
#7709=AXIS2_PLACEMENT_3D('',#11118,#9052,#9053);
#7710=AXIS2_PLACEMENT_3D('',#11119,#9054,#9055);
#7711=AXIS2_PLACEMENT_3D('',#11128,#9060,#9061);
#7712=AXIS2_PLACEMENT_3D('',#11133,#9065,#9066);
#7713=AXIS2_PLACEMENT_3D('',#11138,#9070,#9071);
#7714=AXIS2_PLACEMENT_3D('',#11140,#9073,#9074);
#7715=AXIS2_PLACEMENT_3D('',#11144,#9077,#9078);
#7716=AXIS2_PLACEMENT_3D('',#11147,#9080,#9081);
#7717=AXIS2_PLACEMENT_3D('',#11150,#9083,#9084);
#7718=AXIS2_PLACEMENT_3D('',#11151,#9085,#9086);
#7719=AXIS2_PLACEMENT_3D('',#11152,#9087,#9088);
#7720=AXIS2_PLACEMENT_3D('',#11154,#9090,#9091);
#7721=AXIS2_PLACEMENT_3D('',#11155,#9092,#9093);
#7722=AXIS2_PLACEMENT_3D('',#11157,#9095,#9096);
#7723=AXIS2_PLACEMENT_3D('',#11158,#9097,#9098);
#7724=AXIS2_PLACEMENT_3D('',#11167,#9103,#9104);
#7725=AXIS2_PLACEMENT_3D('',#11173,#9108,#9109);
#7726=AXIS2_PLACEMENT_3D('',#11179,#9113,#9114);
#7727=AXIS2_PLACEMENT_3D('',#11182,#9117,#9118);
#7728=AXIS2_PLACEMENT_3D('',#11186,#9120,#9121);
#7729=AXIS2_PLACEMENT_3D('',#11194,#9125,#9126);
#7730=AXIS2_PLACEMENT_3D('',#11196,#9128,#9129);
#7731=AXIS2_PLACEMENT_3D('',#11200,#9132,#9133);
#7732=AXIS2_PLACEMENT_3D('',#11201,#9134,#9135);
#7733=AXIS2_PLACEMENT_3D('',#11210,#9140,#9141);
#7734=AXIS2_PLACEMENT_3D('',#11215,#9145,#9146);
#7735=AXIS2_PLACEMENT_3D('',#11220,#9150,#9151);
#7736=AXIS2_PLACEMENT_3D('',#11222,#9153,#9154);
#7737=AXIS2_PLACEMENT_3D('',#11226,#9157,#9158);
#7738=AXIS2_PLACEMENT_3D('',#11229,#9160,#9161);
#7739=AXIS2_PLACEMENT_3D('',#11232,#9163,#9164);
#7740=AXIS2_PLACEMENT_3D('',#11233,#9165,#9166);
#7741=AXIS2_PLACEMENT_3D('',#11234,#9167,#9168);
#7742=AXIS2_PLACEMENT_3D('',#11236,#9170,#9171);
#7743=AXIS2_PLACEMENT_3D('',#11237,#9172,#9173);
#7744=AXIS2_PLACEMENT_3D('',#11239,#9175,#9176);
#7745=AXIS2_PLACEMENT_3D('',#11240,#9177,#9178);
#7746=AXIS2_PLACEMENT_3D('',#11249,#9183,#9184);
#7747=AXIS2_PLACEMENT_3D('',#11255,#9188,#9189);
#7748=AXIS2_PLACEMENT_3D('',#11261,#9193,#9194);
#7749=AXIS2_PLACEMENT_3D('',#11264,#9197,#9198);
#7750=AXIS2_PLACEMENT_3D('',#11268,#9200,#9201);
#7751=AXIS2_PLACEMENT_3D('',#11276,#9205,#9206);
#7752=AXIS2_PLACEMENT_3D('',#11278,#9208,#9209);
#7753=AXIS2_PLACEMENT_3D('',#11282,#9212,#9213);
#7754=AXIS2_PLACEMENT_3D('',#11283,#9214,#9215);
#7755=AXIS2_PLACEMENT_3D('',#11292,#9220,#9221);
#7756=AXIS2_PLACEMENT_3D('',#11297,#9225,#9226);
#7757=AXIS2_PLACEMENT_3D('',#11302,#9230,#9231);
#7758=AXIS2_PLACEMENT_3D('',#11304,#9233,#9234);
#7759=AXIS2_PLACEMENT_3D('',#11308,#9237,#9238);
#7760=AXIS2_PLACEMENT_3D('',#11311,#9240,#9241);
#7761=AXIS2_PLACEMENT_3D('',#11314,#9243,#9244);
#7762=AXIS2_PLACEMENT_3D('',#11315,#9245,#9246);
#7763=AXIS2_PLACEMENT_3D('',#11316,#9247,#9248);
#7764=AXIS2_PLACEMENT_3D('',#11318,#9250,#9251);
#7765=AXIS2_PLACEMENT_3D('',#11319,#9252,#9253);
#7766=AXIS2_PLACEMENT_3D('',#11321,#9255,#9256);
#7767=AXIS2_PLACEMENT_3D('',#11322,#9257,#9258);
#7768=AXIS2_PLACEMENT_3D('',#11331,#9263,#9264);
#7769=AXIS2_PLACEMENT_3D('',#11337,#9268,#9269);
#7770=AXIS2_PLACEMENT_3D('',#11343,#9273,#9274);
#7771=AXIS2_PLACEMENT_3D('',#11346,#9277,#9278);
#7772=AXIS2_PLACEMENT_3D('',#11350,#9280,#9281);
#7773=AXIS2_PLACEMENT_3D('',#11358,#9285,#9286);
#7774=AXIS2_PLACEMENT_3D('',#11360,#9288,#9289);
#7775=AXIS2_PLACEMENT_3D('',#11364,#9292,#9293);
#7776=AXIS2_PLACEMENT_3D('',#11365,#9294,#9295);
#7777=AXIS2_PLACEMENT_3D('',#11374,#9300,#9301);
#7778=AXIS2_PLACEMENT_3D('',#11379,#9305,#9306);
#7779=AXIS2_PLACEMENT_3D('',#11384,#9310,#9311);
#7780=AXIS2_PLACEMENT_3D('',#11386,#9313,#9314);
#7781=AXIS2_PLACEMENT_3D('',#11390,#9317,#9318);
#7782=AXIS2_PLACEMENT_3D('',#11393,#9320,#9321);
#7783=AXIS2_PLACEMENT_3D('',#11396,#9323,#9324);
#7784=AXIS2_PLACEMENT_3D('',#11397,#9325,#9326);
#7785=AXIS2_PLACEMENT_3D('',#11398,#9327,#9328);
#7786=AXIS2_PLACEMENT_3D('',#11400,#9330,#9331);
#7787=AXIS2_PLACEMENT_3D('',#11401,#9332,#9333);
#7788=AXIS2_PLACEMENT_3D('',#11403,#9335,#9336);
#7789=AXIS2_PLACEMENT_3D('',#11404,#9337,#9338);
#7790=AXIS2_PLACEMENT_3D('',#11413,#9343,#9344);
#7791=AXIS2_PLACEMENT_3D('',#11419,#9348,#9349);
#7792=AXIS2_PLACEMENT_3D('',#11425,#9353,#9354);
#7793=AXIS2_PLACEMENT_3D('',#11428,#9357,#9358);
#7794=AXIS2_PLACEMENT_3D('',#11432,#9360,#9361);
#7795=AXIS2_PLACEMENT_3D('',#11440,#9365,#9366);
#7796=AXIS2_PLACEMENT_3D('',#11442,#9368,#9369);
#7797=AXIS2_PLACEMENT_3D('',#11446,#9372,#9373);
#7798=AXIS2_PLACEMENT_3D('',#11447,#9374,#9375);
#7799=AXIS2_PLACEMENT_3D('',#11456,#9380,#9381);
#7800=AXIS2_PLACEMENT_3D('',#11461,#9385,#9386);
#7801=AXIS2_PLACEMENT_3D('',#11466,#9390,#9391);
#7802=AXIS2_PLACEMENT_3D('',#11468,#9393,#9394);
#7803=AXIS2_PLACEMENT_3D('',#11472,#9397,#9398);
#7804=AXIS2_PLACEMENT_3D('',#11475,#9400,#9401);
#7805=AXIS2_PLACEMENT_3D('',#11478,#9403,#9404);
#7806=AXIS2_PLACEMENT_3D('',#11479,#9405,#9406);
#7807=AXIS2_PLACEMENT_3D('',#11480,#9407,#9408);
#7808=AXIS2_PLACEMENT_3D('',#11482,#9410,#9411);
#7809=AXIS2_PLACEMENT_3D('',#11483,#9412,#9413);
#7810=AXIS2_PLACEMENT_3D('',#11485,#9415,#9416);
#7811=AXIS2_PLACEMENT_3D('',#11486,#9417,#9418);
#7812=AXIS2_PLACEMENT_3D('',#11495,#9423,#9424);
#7813=AXIS2_PLACEMENT_3D('',#11501,#9428,#9429);
#7814=AXIS2_PLACEMENT_3D('',#11507,#9433,#9434);
#7815=AXIS2_PLACEMENT_3D('',#11510,#9437,#9438);
#7816=AXIS2_PLACEMENT_3D('',#11514,#9440,#9441);
#7817=AXIS2_PLACEMENT_3D('',#11522,#9445,#9446);
#7818=AXIS2_PLACEMENT_3D('',#11524,#9448,#9449);
#7819=AXIS2_PLACEMENT_3D('',#11528,#9452,#9453);
#7820=AXIS2_PLACEMENT_3D('',#11529,#9454,#9455);
#7821=AXIS2_PLACEMENT_3D('',#11538,#9460,#9461);
#7822=AXIS2_PLACEMENT_3D('',#11543,#9465,#9466);
#7823=AXIS2_PLACEMENT_3D('',#11548,#9470,#9471);
#7824=AXIS2_PLACEMENT_3D('',#11550,#9473,#9474);
#7825=AXIS2_PLACEMENT_3D('',#11554,#9477,#9478);
#7826=AXIS2_PLACEMENT_3D('',#11557,#9480,#9481);
#7827=AXIS2_PLACEMENT_3D('',#11560,#9483,#9484);
#7828=AXIS2_PLACEMENT_3D('',#11561,#9485,#9486);
#7829=AXIS2_PLACEMENT_3D('',#11562,#9487,#9488);
#7830=AXIS2_PLACEMENT_3D('',#11564,#9490,#9491);
#7831=AXIS2_PLACEMENT_3D('',#11565,#9492,#9493);
#7832=AXIS2_PLACEMENT_3D('',#11567,#9495,#9496);
#7833=AXIS2_PLACEMENT_3D('',#11568,#9497,#9498);
#7834=AXIS2_PLACEMENT_3D('',#11577,#9503,#9504);
#7835=AXIS2_PLACEMENT_3D('',#11583,#9508,#9509);
#7836=AXIS2_PLACEMENT_3D('',#11589,#9513,#9514);
#7837=AXIS2_PLACEMENT_3D('',#11592,#9517,#9518);
#7838=AXIS2_PLACEMENT_3D('',#11596,#9520,#9521);
#7839=AXIS2_PLACEMENT_3D('',#11604,#9525,#9526);
#7840=AXIS2_PLACEMENT_3D('',#11606,#9528,#9529);
#7841=AXIS2_PLACEMENT_3D('',#11610,#9532,#9533);
#7842=AXIS2_PLACEMENT_3D('',#11611,#9534,#9535);
#7843=AXIS2_PLACEMENT_3D('',#11620,#9540,#9541);
#7844=AXIS2_PLACEMENT_3D('',#11625,#9545,#9546);
#7845=AXIS2_PLACEMENT_3D('',#11630,#9550,#9551);
#7846=AXIS2_PLACEMENT_3D('',#11632,#9553,#9554);
#7847=AXIS2_PLACEMENT_3D('',#11636,#9557,#9558);
#7848=AXIS2_PLACEMENT_3D('',#11639,#9560,#9561);
#7849=AXIS2_PLACEMENT_3D('',#11642,#9563,#9564);
#7850=AXIS2_PLACEMENT_3D('',#11643,#9565,#9566);
#7851=AXIS2_PLACEMENT_3D('',#11644,#9567,#9568);
#7852=AXIS2_PLACEMENT_3D('',#11646,#9570,#9571);
#7853=AXIS2_PLACEMENT_3D('',#11647,#9572,#9573);
#7854=AXIS2_PLACEMENT_3D('',#11649,#9575,#9576);
#7855=AXIS2_PLACEMENT_3D('',#11650,#9577,#9578);
#7856=AXIS2_PLACEMENT_3D('',#11659,#9583,#9584);
#7857=AXIS2_PLACEMENT_3D('',#11665,#9588,#9589);
#7858=AXIS2_PLACEMENT_3D('',#11671,#9593,#9594);
#7859=AXIS2_PLACEMENT_3D('',#11674,#9597,#9598);
#7860=AXIS2_PLACEMENT_3D('',#11678,#9600,#9601);
#7861=AXIS2_PLACEMENT_3D('',#11686,#9605,#9606);
#7862=AXIS2_PLACEMENT_3D('',#11688,#9608,#9609);
#7863=AXIS2_PLACEMENT_3D('',#11692,#9612,#9613);
#7864=AXIS2_PLACEMENT_3D('',#11693,#9614,#9615);
#7865=AXIS2_PLACEMENT_3D('',#11702,#9620,#9621);
#7866=AXIS2_PLACEMENT_3D('',#11707,#9625,#9626);
#7867=AXIS2_PLACEMENT_3D('',#11712,#9630,#9631);
#7868=AXIS2_PLACEMENT_3D('',#11714,#9633,#9634);
#7869=AXIS2_PLACEMENT_3D('',#11718,#9637,#9638);
#7870=AXIS2_PLACEMENT_3D('',#11721,#9640,#9641);
#7871=AXIS2_PLACEMENT_3D('',#11724,#9643,#9644);
#7872=AXIS2_PLACEMENT_3D('',#11725,#9645,#9646);
#7873=AXIS2_PLACEMENT_3D('',#11726,#9647,#9648);
#7874=AXIS2_PLACEMENT_3D('',#11728,#9650,#9651);
#7875=AXIS2_PLACEMENT_3D('',#11729,#9652,#9653);
#7876=AXIS2_PLACEMENT_3D('',#11731,#9655,#9656);
#7877=AXIS2_PLACEMENT_3D('',#11732,#9657,#9658);
#7878=AXIS2_PLACEMENT_3D('',#11741,#9663,#9664);
#7879=AXIS2_PLACEMENT_3D('',#11747,#9668,#9669);
#7880=AXIS2_PLACEMENT_3D('',#11753,#9673,#9674);
#7881=AXIS2_PLACEMENT_3D('',#11756,#9677,#9678);
#7882=AXIS2_PLACEMENT_3D('',#11760,#9680,#9681);
#7883=AXIS2_PLACEMENT_3D('',#11768,#9685,#9686);
#7884=AXIS2_PLACEMENT_3D('',#11770,#9688,#9689);
#7885=AXIS2_PLACEMENT_3D('',#11774,#9692,#9693);
#7886=AXIS2_PLACEMENT_3D('',#11775,#9694,#9695);
#7887=AXIS2_PLACEMENT_3D('',#11784,#9700,#9701);
#7888=AXIS2_PLACEMENT_3D('',#11789,#9705,#9706);
#7889=AXIS2_PLACEMENT_3D('',#11794,#9710,#9711);
#7890=AXIS2_PLACEMENT_3D('',#11796,#9713,#9714);
#7891=AXIS2_PLACEMENT_3D('',#11800,#9717,#9718);
#7892=AXIS2_PLACEMENT_3D('',#11803,#9720,#9721);
#7893=AXIS2_PLACEMENT_3D('',#11806,#9723,#9724);
#7894=AXIS2_PLACEMENT_3D('',#11807,#9725,#9726);
#7895=AXIS2_PLACEMENT_3D('',#11808,#9727,#9728);
#7896=AXIS2_PLACEMENT_3D('',#11810,#9730,#9731);
#7897=AXIS2_PLACEMENT_3D('',#11811,#9732,#9733);
#7898=AXIS2_PLACEMENT_3D('',#11813,#9735,#9736);
#7899=AXIS2_PLACEMENT_3D('',#11814,#9737,#9738);
#7900=AXIS2_PLACEMENT_3D('',#11823,#9743,#9744);
#7901=AXIS2_PLACEMENT_3D('',#11829,#9748,#9749);
#7902=AXIS2_PLACEMENT_3D('',#11835,#9753,#9754);
#7903=AXIS2_PLACEMENT_3D('',#11838,#9757,#9758);
#7904=AXIS2_PLACEMENT_3D('',#11842,#9760,#9761);
#7905=AXIS2_PLACEMENT_3D('',#11850,#9765,#9766);
#7906=AXIS2_PLACEMENT_3D('',#11852,#9768,#9769);
#7907=AXIS2_PLACEMENT_3D('',#11856,#9772,#9773);
#7908=AXIS2_PLACEMENT_3D('',#11857,#9774,#9775);
#7909=AXIS2_PLACEMENT_3D('',#11866,#9780,#9781);
#7910=AXIS2_PLACEMENT_3D('',#11871,#9785,#9786);
#7911=AXIS2_PLACEMENT_3D('',#11876,#9790,#9791);
#7912=AXIS2_PLACEMENT_3D('',#11878,#9793,#9794);
#7913=AXIS2_PLACEMENT_3D('',#11882,#9797,#9798);
#7914=AXIS2_PLACEMENT_3D('',#11885,#9800,#9801);
#7915=AXIS2_PLACEMENT_3D('',#11888,#9803,#9804);
#7916=AXIS2_PLACEMENT_3D('',#11889,#9805,#9806);
#7917=AXIS2_PLACEMENT_3D('',#11890,#9807,#9808);
#7918=AXIS2_PLACEMENT_3D('',#11892,#9810,#9811);
#7919=AXIS2_PLACEMENT_3D('',#11893,#9812,#9813);
#7920=AXIS2_PLACEMENT_3D('',#11895,#9815,#9816);
#7921=DIRECTION('axis',(0.,0.,1.));
#7922=DIRECTION('refdir',(1.,0.,0.));
#7923=DIRECTION('center_axis',(0.,-1.,1.38777878078145E-16));
#7924=DIRECTION('ref_axis',(0.,1.38777878078145E-16,1.));
#7925=DIRECTION('',(0.,-1.38777878078145E-16,-1.));
#7926=DIRECTION('',(-1.,0.,0.));
#7927=DIRECTION('',(0.,1.38777878078145E-16,1.));
#7928=DIRECTION('',(-1.,0.,0.));
#7929=DIRECTION('center_axis',(0.,0.,-1.));
#7930=DIRECTION('ref_axis',(0.,-1.,0.));
#7931=DIRECTION('',(0.,1.,0.));
#7932=DIRECTION('',(0.,-1.,0.));
#7933=DIRECTION('',(-1.,0.,0.));
#7934=DIRECTION('center_axis',(0.,1.,0.));
#7935=DIRECTION('ref_axis',(0.,0.,-1.));
#7936=DIRECTION('',(0.,0.,1.));
#7937=DIRECTION('',(0.,0.,-1.));
#7938=DIRECTION('',(1.,0.,0.));
#7939=DIRECTION('center_axis',(0.,1.,0.));
#7940=DIRECTION('ref_axis',(0.,0.,-1.));
#7941=DIRECTION('',(0.,0.,-1.));
#7942=DIRECTION('',(1.,0.,0.));
#7943=DIRECTION('',(0.,0.,1.));
#7944=DIRECTION('',(-1.,0.,0.));
#7945=DIRECTION('center_axis',(0.,0.,-1.));
#7946=DIRECTION('ref_axis',(0.,-1.,0.));
#7947=DIRECTION('',(0.,-1.,0.));
#7948=DIRECTION('',(0.,1.,0.));
#7949=DIRECTION('',(-1.,0.,0.));
#7950=DIRECTION('center_axis',(0.,-1.,1.38777878078145E-16));
#7951=DIRECTION('ref_axis',(0.,1.38777878078145E-16,1.));
#7952=DIRECTION('',(0.,1.38777878078145E-16,1.));
#7953=DIRECTION('',(0.,-1.38777878078145E-16,-1.));
#7954=DIRECTION('',(-1.,0.,0.));
#7955=DIRECTION('center_axis',(-1.,0.,0.));
#7956=DIRECTION('ref_axis',(0.,0.,1.));
#7957=DIRECTION('',(0.,1.,-9.62964972193618E-33));
#7958=DIRECTION('',(0.,2.77555756156289E-16,-1.));
#7959=DIRECTION('',(0.,-1.,-3.70074341541719E-15));
#7960=DIRECTION('',(0.,-0.447213595499963,-0.894427190999913));
#7961=DIRECTION('',(0.,-1.,-5.32907051820075E-15));
#7962=DIRECTION('',(0.,1.83697019872103E-16,1.));
#7963=DIRECTION('',(0.,1.,-9.62964972193618E-33));
#7964=DIRECTION('center_axis',(0.,9.62964972193618E-33,1.));
#7965=DIRECTION('ref_axis',(0.,-1.,9.62964972193618E-33));
#7966=DIRECTION('',(0.,1.,-9.62964972193618E-33));
#7967=DIRECTION('',(1.,0.,0.));
#7968=DIRECTION('',(-5.34552942018439E-48,1.,-9.62964972193618E-33));
#7969=DIRECTION('',(1.,0.,0.));
#7970=DIRECTION('center_axis',(0.,9.62964972193618E-33,1.));
#7971=DIRECTION('ref_axis',(0.,-1.,9.62964972193618E-33));
#7972=DIRECTION('',(0.,-1.,9.62964972193618E-33));
#7973=DIRECTION('',(1.,0.,0.));
#7974=DIRECTION('',(-5.34552942018439E-48,-1.,9.62964972193618E-33));
#7975=DIRECTION('',(1.,0.,0.));
#7976=DIRECTION('',(0.,-1.,9.62964972193618E-33));
#7977=DIRECTION('center_axis',(1.,0.,0.));
#7978=DIRECTION('ref_axis',(0.,0.,-1.));
#7979=DIRECTION('',(0.,2.77555756156289E-16,-1.));
#7980=DIRECTION('',(0.,-1.,0.));
#7981=DIRECTION('',(0.,0.,-1.));
#7982=DIRECTION('',(0.,-1.,-3.70074341541719E-15));
#7983=DIRECTION('',(0.,0.,1.));
#7984=DIRECTION('',(0.,-1.,9.62964972193618E-33));
#7985=DIRECTION('center_axis',(1.,0.,-5.55111512312578E-16));
#7986=DIRECTION('ref_axis',(5.55111512312578E-16,-1.58603289232165E-16,
1.));
#7987=DIRECTION('',(5.55111512312578E-16,-2.77555756156289E-16,1.));
#7988=DIRECTION('',(0.,-1.,0.));
#7989=DIRECTION('',(-5.55111512312578E-16,2.77555756156289E-16,-1.));
#7990=DIRECTION('center_axis',(0.,0.,-1.));
#7991=DIRECTION('ref_axis',(1.,0.,0.));
#7992=DIRECTION('',(0.,1.,0.));
#7993=DIRECTION('',(1.,0.,0.));
#7994=DIRECTION('',(0.,-1.,0.));
#7995=DIRECTION('',(-1.,0.,0.));
#7996=DIRECTION('',(0.,-1.,0.));
#7997=DIRECTION('',(1.,0.,0.));
#7998=DIRECTION('center_axis',(1.,0.,0.));
#7999=DIRECTION('ref_axis',(0.,-1.58603289232165E-16,1.));
#8000=DIRECTION('',(0.,2.77555756156289E-16,-1.));
#8001=DIRECTION('',(0.,-1.58603289232165E-16,1.));
#8002=DIRECTION('',(0.,-1.,-3.70074341541719E-15));
#8003=DIRECTION('center_axis',(-1.,0.,0.));
#8004=DIRECTION('ref_axis',(0.,1.58603289232165E-16,-1.));
#8005=DIRECTION('',(0.,-1.,-3.70074341541719E-15));
#8006=DIRECTION('',(0.,2.77555756156289E-16,-1.));
#8007=DIRECTION('',(0.,-2.77555756156289E-16,1.));
#8008=DIRECTION('',(0.,1.,2.10269512239613E-16));
#8009=DIRECTION('',(0.,1.58603289232165E-16,-1.));
#8010=DIRECTION('center_axis',(0.,1.,0.));
#8011=DIRECTION('ref_axis',(0.,0.,-1.));
#8012=DIRECTION('',(0.,0.,1.));
#8013=DIRECTION('',(-1.,0.,0.));
#8014=DIRECTION('',(1.,0.,0.));
#8015=DIRECTION('',(-3.46452040250706E-8,0.,0.999999999999999));
#8016=DIRECTION('',(1.,0.,0.));
#8017=DIRECTION('center_axis',(0.,-2.10269512239613E-16,1.));
#8018=DIRECTION('ref_axis',(-1.,0.,0.));
#8019=DIRECTION('',(-1.,0.,0.));
#8020=DIRECTION('',(0.,-1.,-2.10269512239613E-16));
#8021=DIRECTION('',(1.,0.,0.));
#8022=DIRECTION('',(0.,-1.,-2.10269512239613E-16));
#8023=DIRECTION('',(-1.,0.,0.));
#8024=DIRECTION('',(0.,-1.,-2.10269512239613E-16));
#8025=DIRECTION('',(1.,0.,0.));
#8026=DIRECTION('',(0.,1.,2.10269512239613E-16));
#8027=DIRECTION('center_axis',(0.,1.,2.77555756156289E-16));
#8028=DIRECTION('ref_axis',(0.,-2.77555756156289E-16,1.));
#8029=DIRECTION('',(1.,0.,0.));
#8030=DIRECTION('',(-5.55111512312578E-16,-2.77555756156289E-16,1.));
#8031=DIRECTION('',(0.,-2.77555756156289E-16,1.));
#8032=DIRECTION('',(1.,0.,0.));
#8033=DIRECTION('',(0.,-2.77555756156289E-16,1.));
#8034=DIRECTION('',(-1.,0.,0.));
#8035=DIRECTION('',(0.,2.77555756156289E-16,-1.));
#8036=DIRECTION('',(-1.,0.,0.));
#8037=DIRECTION('',(3.46452040250706E-8,2.77555756156289E-16,-0.999999999999999));
#8038=DIRECTION('',(1.,0.,0.));
#8039=DIRECTION('',(-2.12341533661904E-8,-2.77555756156289E-16,1.));
#8040=DIRECTION('',(-1.,0.,0.));
#8041=DIRECTION('',(3.46452040250706E-8,2.77555756156289E-16,-0.999999999999999));
#8042=DIRECTION('',(1.,0.,0.));
#8043=DIRECTION('',(-2.12341533661904E-8,-2.77555756156289E-16,1.));
#8044=DIRECTION('',(-1.,0.,0.));
#8045=DIRECTION('',(3.46452040250706E-8,2.77555756156289E-16,-0.999999999999999));
#8046=DIRECTION('',(1.,0.,0.));
#8047=DIRECTION('',(-2.12341533661904E-8,-2.77555756156289E-16,1.));
#8048=DIRECTION('',(-1.,0.,0.));
#8049=DIRECTION('',(3.46452040250706E-8,2.77555756156289E-16,-0.999999999999999));
#8050=DIRECTION('',(1.,0.,0.));
#8051=DIRECTION('',(-2.12341533661904E-8,-2.77555756156289E-16,1.));
#8052=DIRECTION('',(-1.,0.,0.));
#8053=DIRECTION('',(3.46452040250706E-8,2.77555756156289E-16,-0.999999999999999));
#8054=DIRECTION('',(1.,0.,0.));
#8055=DIRECTION('',(-2.12341533661904E-8,-2.77555756156289E-16,1.));
#8056=DIRECTION('',(-1.,0.,0.));
#8057=DIRECTION('',(3.46452040250706E-8,2.77555756156289E-16,-0.999999999999999));
#8058=DIRECTION('',(1.,0.,0.));
#8059=DIRECTION('',(-2.12341533661904E-8,-2.77555756156289E-16,1.));
#8060=DIRECTION('',(-1.,0.,0.));
#8061=DIRECTION('',(3.46452040250706E-8,2.77555756156289E-16,-0.999999999999999));
#8062=DIRECTION('',(1.,0.,0.));
#8063=DIRECTION('',(-2.12341533661904E-8,-2.77555756156289E-16,1.));
#8064=DIRECTION('',(-1.,0.,0.));
#8065=DIRECTION('',(3.46452040250706E-8,2.77555756156289E-16,-0.999999999999999));
#8066=DIRECTION('',(1.,0.,0.));
#8067=DIRECTION('',(-2.12341533661904E-8,-2.77555756156289E-16,1.));
#8068=DIRECTION('',(-1.,0.,0.));
#8069=DIRECTION('',(3.46452040250706E-8,2.77555756156289E-16,-0.999999999999999));
#8070=DIRECTION('',(1.,0.,0.));
#8071=DIRECTION('',(-2.12341533661904E-8,-2.77555756156289E-16,1.));
#8072=DIRECTION('',(-1.,0.,0.));
#8073=DIRECTION('',(3.46452040250706E-8,2.77555756156289E-16,-0.999999999999999));
#8074=DIRECTION('',(1.,0.,0.));
#8075=DIRECTION('',(-2.12341533661904E-8,-2.77555756156289E-16,1.));
#8076=DIRECTION('',(-1.,0.,0.));
#8077=DIRECTION('',(3.46452040250706E-8,2.77555756156289E-16,-0.999999999999999));
#8078=DIRECTION('',(1.,0.,0.));
#8079=DIRECTION('',(-2.12341533661904E-8,-2.77555756156289E-16,1.));
#8080=DIRECTION('',(-1.,0.,0.));
#8081=DIRECTION('',(3.46452040250706E-8,2.77555756156289E-16,-0.999999999999999));
#8082=DIRECTION('',(1.,0.,0.));
#8083=DIRECTION('',(-2.12341533661904E-8,-2.77555756156289E-16,1.));
#8084=DIRECTION('',(-1.,0.,0.));
#8085=DIRECTION('',(3.46452040250706E-8,2.77555756156289E-16,-0.999999999999999));
#8086=DIRECTION('',(1.,0.,0.));
#8087=DIRECTION('',(-2.12341533661904E-8,-2.77555756156289E-16,1.));
#8088=DIRECTION('',(1.,0.,0.));
#8089=DIRECTION('center_axis',(-1.,0.,0.));
#8090=DIRECTION('ref_axis',(0.,0.,1.));
#8091=DIRECTION('',(0.,1.,-9.62964972193618E-33));
#8092=DIRECTION('',(0.,0.,-1.));
#8093=DIRECTION('',(0.,-1.,-3.70074341541719E-15));
#8094=DIRECTION('',(0.,2.77555756156289E-16,-1.));
#8095=DIRECTION('center_axis',(0.,-0.894427190999913,0.447213595499963));
#8096=DIRECTION('ref_axis',(0.,-0.447213595499963,-0.894427190999913));
#8097=DIRECTION('',(-1.,0.,0.));
#8098=DIRECTION('',(0.,-0.447213595499963,-0.894427190999913));
#8099=DIRECTION('',(1.,0.,0.));
#8100=DIRECTION('center_axis',(0.,2.31296463463574E-16,-1.));
#8101=DIRECTION('ref_axis',(0.,1.,2.31296463463574E-16));
#8102=DIRECTION('',(0.,-1.,-3.70074341541719E-15));
#8103=DIRECTION('',(1.,0.,0.));
#8104=DIRECTION('',(0.,1.,2.31296463463574E-16));
#8105=DIRECTION('',(-1.,0.,0.));
#8106=DIRECTION('center_axis',(0.,-5.32907051820075E-15,1.));
#8107=DIRECTION('ref_axis',(0.,-1.,-5.32907051820075E-15));
#8108=DIRECTION('',(0.,-1.,-5.32907051820075E-15));
#8109=DIRECTION('',(1.,0.,0.));
#8110=DIRECTION('center_axis',(-1.,0.,0.));
#8111=DIRECTION('ref_axis',(0.,0.,1.));
#8112=DIRECTION('',(0.,1.,3.70074341541719E-15));
#8113=DIRECTION('',(0.,1.83697019872103E-16,1.));
#8114=DIRECTION('center_axis',(0.,0.,-1.));
#8115=DIRECTION('ref_axis',(1.,0.,0.));
#8116=DIRECTION('',(-1.,0.,0.));
#8117=DIRECTION('',(0.,-1.,0.));
#8118=DIRECTION('center_axis',(1.,0.,5.55111512312578E-16));
#8119=DIRECTION('ref_axis',(-5.55111512312578E-16,-1.58603289232165E-16,
1.));
#8120=DIRECTION('',(5.55111512312578E-16,2.77555756156289E-16,-1.));
#8121=DIRECTION('center_axis',(-1.,0.,0.));
#8122=DIRECTION('ref_axis',(0.,1.58603289232165E-16,-1.));
#8123=DIRECTION('',(0.,1.,3.70074341541719E-15));
#8124=DIRECTION('',(0.,1.58603289232165E-16,-1.));
#8125=DIRECTION('',(0.,-1.,-2.10269512239613E-16));
#8126=DIRECTION('',(0.,-1.,0.));
#8127=DIRECTION('',(0.,-2.77555756156289E-16,1.));
#8128=DIRECTION('center_axis',(0.,0.,1.));
#8129=DIRECTION('ref_axis',(-1.,0.,0.));
#8130=DIRECTION('',(1.,0.,0.));
#8131=DIRECTION('',(0.,-1.,0.));
#8132=DIRECTION('',(-1.,0.,0.));
#8133=DIRECTION('center_axis',(1.,0.,0.));
#8134=DIRECTION('ref_axis',(0.,-1.58603289232165E-16,1.));
#8135=DIRECTION('',(0.,1.,3.70074341541719E-15));
#8136=DIRECTION('',(0.,-1.58603289232165E-16,1.));
#8137=DIRECTION('center_axis',(0.,-1.,0.));
#8138=DIRECTION('ref_axis',(0.,0.,-1.));
#8139=DIRECTION('',(-1.,0.,0.));
#8140=DIRECTION('',(1.,0.,0.));
#8141=DIRECTION('',(2.12341533661904E-8,0.,-1.));
#8142=DIRECTION('',(1.,0.,0.));
#8143=DIRECTION('center_axis',(0.,-2.10269512239613E-16,1.));
#8144=DIRECTION('ref_axis',(-1.,0.,0.));
#8145=DIRECTION('',(0.,-1.,-2.10269512239613E-16));
#8146=DIRECTION('',(1.,0.,0.));
#8147=DIRECTION('',(0.,-1.,-2.10269512239613E-16));
#8148=DIRECTION('',(-1.,0.,0.));
#8149=DIRECTION('',(0.,-1.,-2.10269512239613E-16));
#8150=DIRECTION('',(1.,0.,0.));
#8151=DIRECTION('',(0.,1.,2.10269512239613E-16));
#8152=DIRECTION('center_axis',(0.,1.,2.77555756156289E-16));
#8153=DIRECTION('ref_axis',(0.,-2.77555756156289E-16,1.));
#8154=DIRECTION('',(-1.,0.,0.));
#8155=DIRECTION('center_axis',(0.,-2.31296463463574E-16,1.));
#8156=DIRECTION('ref_axis',(0.,1.,2.31296463463574E-16));
#8157=DIRECTION('',(0.,1.,3.70074341541719E-15));
#8158=DIRECTION('',(-1.,0.,0.));
#8159=DIRECTION('',(0.,1.,2.31296463463574E-16));
#8160=DIRECTION('',(-1.,0.,0.));
#8161=DIRECTION('center_axis',(0.,0.894427190999913,-0.447213595499963));
#8162=DIRECTION('ref_axis',(0.,-0.447213595499963,-0.894427190999913));
#8163=DIRECTION('',(0.,-0.447213595499963,-0.894427190999913));
#8164=DIRECTION('',(-1.,0.,0.));
#8165=DIRECTION('',(0.,-0.447213595499963,-0.894427190999913));
#8166=DIRECTION('',(-1.,0.,0.));
#8167=DIRECTION('center_axis',(0.,5.32907051820075E-15,-1.));
#8168=DIRECTION('ref_axis',(0.,-1.,-5.32907051820075E-15));
#8169=DIRECTION('',(0.,-1.,-5.32907051820075E-15));
#8170=DIRECTION('',(-1.,0.,0.));
#8171=DIRECTION('',(0.,-1.,-5.32907051820075E-15));
#8172=DIRECTION('center_axis',(-1.,0.,0.));
#8173=DIRECTION('ref_axis',(0.,0.,1.));
#8174=DIRECTION('',(0.,1.83697019872103E-16,1.));
#8175=DIRECTION('',(0.,-1.,-3.70074341541719E-15));
#8176=DIRECTION('center_axis',(0.,3.70074341541719E-15,-1.));
#8177=DIRECTION('ref_axis',(0.,1.,3.70074341541719E-15));
#8178=DIRECTION('',(0.,1.,3.70074341541719E-15));
#8179=DIRECTION('',(-1.,0.,0.));
#8180=DIRECTION('',(-7.4117258180758E-23,1.,3.70074341541719E-15));
#8181=DIRECTION('center_axis',(-0.999999999999999,7.28483015179346E-24,
-3.46452040250706E-8));
#8182=DIRECTION('ref_axis',(3.46452040250706E-8,1.58603289232165E-16,-0.999999999999999));
#8183=DIRECTION('',(-3.46452040250706E-8,0.,0.999999999999999));
#8184=DIRECTION('',(1.20928180519771E-22,-1.,-3.70074341541719E-15));
#8185=DIRECTION('center_axis',(1.,-4.46489507113E-24,2.12341533661904E-8));
#8186=DIRECTION('ref_axis',(-2.12341533661904E-8,-1.58603289232165E-16,
1.));
#8187=DIRECTION('',(2.12341533661904E-8,0.,-1.));
#8188=DIRECTION('center_axis',(0.,3.70074341541719E-15,-1.));
#8189=DIRECTION('ref_axis',(0.,1.,3.70074341541719E-15));
#8190=DIRECTION('',(-1.,0.,0.));
#8191=DIRECTION('',(-7.4117258180758E-23,1.,3.70074341541719E-15));
#8192=DIRECTION('center_axis',(0.,1.,1.11022302462516E-15));
#8193=DIRECTION('ref_axis',(1.,0.,0.));
#8194=DIRECTION('',(0.,1.11022302462516E-15,-1.));
#8195=DIRECTION('',(1.,0.,0.));
#8196=DIRECTION('',(0.,1.11022302462516E-15,-1.));
#8197=DIRECTION('center_axis',(1.,0.,0.));
#8198=DIRECTION('ref_axis',(0.,-1.,-1.11022302462516E-15));
#8199=DIRECTION('',(0.,1.11022302462516E-15,-1.));
#8200=DIRECTION('',(0.,-1.,-3.70074341541719E-15));
#8201=DIRECTION('center_axis',(0.,-1.,-1.11022302462516E-15));
#8202=DIRECTION('ref_axis',(-1.,0.,0.));
#8203=DIRECTION('',(0.,1.11022302462516E-15,-1.));
#8204=DIRECTION('',(-1.,0.,0.));
#8205=DIRECTION('center_axis',(-1.,0.,0.));
#8206=DIRECTION('ref_axis',(0.,1.,1.11022302462516E-15));
#8207=DIRECTION('',(0.,1.,3.70074341541719E-15));
#8208=DIRECTION('center_axis',(-0.999999999999999,7.28483015179346E-24,
-3.46452040250706E-8));
#8209=DIRECTION('ref_axis',(3.46452040250706E-8,1.58603289232165E-16,-0.999999999999999));
#8210=DIRECTION('',(-3.46452040250706E-8,0.,0.999999999999999));
#8211=DIRECTION('',(1.20928180519771E-22,-1.,-3.70074341541719E-15));
#8212=DIRECTION('',(0.,-1.,-2.10269512239613E-16));
#8213=DIRECTION('center_axis',(0.,-2.10269512239613E-16,1.));
#8214=DIRECTION('ref_axis',(-1.,0.,0.));
#8215=DIRECTION('',(1.,0.,0.));
#8216=DIRECTION('',(0.,-1.,-2.10269512239613E-16));
#8217=DIRECTION('',(-1.,0.,0.));
#8218=DIRECTION('',(0.,-1.,-2.10269512239613E-16));
#8219=DIRECTION('',(1.,0.,0.));
#8220=DIRECTION('',(0.,1.,2.10269512239613E-16));
#8221=DIRECTION('center_axis',(1.,-4.46489507113E-24,2.12341533661904E-8));
#8222=DIRECTION('ref_axis',(-2.12341533661904E-8,-1.58603289232165E-16,
1.));
#8223=DIRECTION('',(2.12341533661904E-8,0.,-1.));
#8224=DIRECTION('center_axis',(0.,3.70074341541719E-15,-1.));
#8225=DIRECTION('ref_axis',(0.,1.,3.70074341541719E-15));
#8226=DIRECTION('',(-1.,0.,0.));
#8227=DIRECTION('',(-7.4117258180758E-23,1.,3.70074341541719E-15));
#8228=DIRECTION('center_axis',(0.,1.,1.11022302462516E-15));
#8229=DIRECTION('ref_axis',(1.,0.,0.));
#8230=DIRECTION('',(0.,1.11022302462516E-15,-1.));
#8231=DIRECTION('',(1.,0.,0.));
#8232=DIRECTION('',(0.,1.11022302462516E-15,-1.));
#8233=DIRECTION('center_axis',(1.,0.,0.));
#8234=DIRECTION('ref_axis',(0.,-1.,-1.11022302462516E-15));
#8235=DIRECTION('',(0.,1.11022302462516E-15,-1.));
#8236=DIRECTION('',(0.,-1.,-3.70074341541719E-15));
#8237=DIRECTION('center_axis',(0.,-1.,-1.11022302462516E-15));
#8238=DIRECTION('ref_axis',(-1.,0.,0.));
#8239=DIRECTION('',(0.,1.11022302462516E-15,-1.));
#8240=DIRECTION('',(-1.,0.,0.));
#8241=DIRECTION('center_axis',(-1.,0.,0.));
#8242=DIRECTION('ref_axis',(0.,1.,1.11022302462516E-15));
#8243=DIRECTION('',(0.,1.,3.70074341541719E-15));
#8244=DIRECTION('center_axis',(-0.999999999999999,7.28483015179346E-24,
-3.46452040250706E-8));
#8245=DIRECTION('ref_axis',(3.46452040250706E-8,1.58603289232165E-16,-0.999999999999999));
#8246=DIRECTION('',(-3.46452040250706E-8,0.,0.999999999999999));
#8247=DIRECTION('',(1.20928180519771E-22,-1.,-3.70074341541719E-15));
#8248=DIRECTION('',(0.,-1.,-2.10269512239613E-16));
#8249=DIRECTION('center_axis',(0.,-2.10269512239613E-16,1.));
#8250=DIRECTION('ref_axis',(-1.,0.,0.));
#8251=DIRECTION('',(1.,0.,0.));
#8252=DIRECTION('',(0.,-1.,-2.10269512239613E-16));
#8253=DIRECTION('',(-1.,0.,0.));
#8254=DIRECTION('',(0.,-1.,-2.10269512239613E-16));
#8255=DIRECTION('',(1.,0.,0.));
#8256=DIRECTION('',(0.,1.,2.10269512239613E-16));
#8257=DIRECTION('center_axis',(1.,-4.46489507113E-24,2.12341533661904E-8));
#8258=DIRECTION('ref_axis',(-2.12341533661904E-8,-1.58603289232165E-16,
1.));
#8259=DIRECTION('',(2.12341533661904E-8,0.,-1.));
#8260=DIRECTION('center_axis',(0.,3.70074341541719E-15,-1.));
#8261=DIRECTION('ref_axis',(0.,1.,3.70074341541719E-15));
#8262=DIRECTION('',(-1.,0.,0.));
#8263=DIRECTION('',(-7.4117258180758E-23,1.,3.70074341541719E-15));
#8264=DIRECTION('center_axis',(0.,1.,1.11022302462516E-15));
#8265=DIRECTION('ref_axis',(1.,0.,0.));
#8266=DIRECTION('',(0.,1.11022302462516E-15,-1.));
#8267=DIRECTION('',(1.,0.,0.));
#8268=DIRECTION('',(0.,1.11022302462516E-15,-1.));
#8269=DIRECTION('center_axis',(1.,0.,0.));
#8270=DIRECTION('ref_axis',(0.,-1.,-1.11022302462516E-15));
#8271=DIRECTION('',(0.,1.11022302462516E-15,-1.));
#8272=DIRECTION('',(0.,-1.,-3.70074341541719E-15));
#8273=DIRECTION('center_axis',(0.,-1.,-1.11022302462516E-15));
#8274=DIRECTION('ref_axis',(-1.,0.,0.));
#8275=DIRECTION('',(0.,1.11022302462516E-15,-1.));
#8276=DIRECTION('',(-1.,0.,0.));
#8277=DIRECTION('center_axis',(-1.,0.,0.));
#8278=DIRECTION('ref_axis',(0.,1.,1.11022302462516E-15));
#8279=DIRECTION('',(0.,1.,3.70074341541719E-15));
#8280=DIRECTION('center_axis',(-0.999999999999999,7.28483015179346E-24,
-3.46452040250706E-8));
#8281=DIRECTION('ref_axis',(3.46452040250706E-8,1.58603289232165E-16,-0.999999999999999));
#8282=DIRECTION('',(-3.46452040250706E-8,0.,0.999999999999999));
#8283=DIRECTION('',(1.20928180519771E-22,-1.,-3.70074341541719E-15));
#8284=DIRECTION('',(0.,-1.,-2.10269512239613E-16));
#8285=DIRECTION('center_axis',(0.,-2.10269512239613E-16,1.));
#8286=DIRECTION('ref_axis',(-1.,0.,0.));
#8287=DIRECTION('',(1.,0.,0.));
#8288=DIRECTION('',(0.,-1.,-2.10269512239613E-16));
#8289=DIRECTION('',(-1.,0.,0.));
#8290=DIRECTION('',(0.,-1.,-2.10269512239613E-16));
#8291=DIRECTION('',(1.,0.,0.));
#8292=DIRECTION('',(0.,1.,2.10269512239613E-16));
#8293=DIRECTION('center_axis',(1.,-4.46489507113E-24,2.12341533661904E-8));
#8294=DIRECTION('ref_axis',(-2.12341533661904E-8,-1.58603289232165E-16,
1.));
#8295=DIRECTION('',(2.12341533661904E-8,0.,-1.));
#8296=DIRECTION('center_axis',(0.,3.70074341541719E-15,-1.));
#8297=DIRECTION('ref_axis',(0.,1.,3.70074341541719E-15));
#8298=DIRECTION('',(-1.,0.,0.));
#8299=DIRECTION('',(-7.4117258180758E-23,1.,3.70074341541719E-15));
#8300=DIRECTION('center_axis',(0.,1.,1.11022302462516E-15));
#8301=DIRECTION('ref_axis',(1.,0.,0.));
#8302=DIRECTION('',(0.,1.11022302462516E-15,-1.));
#8303=DIRECTION('',(1.,0.,0.));
#8304=DIRECTION('',(0.,1.11022302462516E-15,-1.));
#8305=DIRECTION('center_axis',(1.,0.,0.));
#8306=DIRECTION('ref_axis',(0.,-1.,-1.11022302462516E-15));
#8307=DIRECTION('',(0.,1.11022302462516E-15,-1.));
#8308=DIRECTION('',(0.,-1.,-3.70074341541719E-15));
#8309=DIRECTION('center_axis',(0.,-1.,-1.11022302462516E-15));
#8310=DIRECTION('ref_axis',(-1.,0.,0.));
#8311=DIRECTION('',(0.,1.11022302462516E-15,-1.));
#8312=DIRECTION('',(-1.,0.,0.));
#8313=DIRECTION('center_axis',(-1.,0.,0.));
#8314=DIRECTION('ref_axis',(0.,1.,1.11022302462516E-15));
#8315=DIRECTION('',(0.,1.,3.70074341541719E-15));
#8316=DIRECTION('center_axis',(-0.999999999999999,7.28483015179346E-24,
-3.46452040250706E-8));
#8317=DIRECTION('ref_axis',(3.46452040250706E-8,1.58603289232165E-16,-0.999999999999999));
#8318=DIRECTION('',(-3.46452040250706E-8,0.,0.999999999999999));
#8319=DIRECTION('',(1.20928180519771E-22,-1.,-3.70074341541719E-15));
#8320=DIRECTION('',(0.,-1.,-2.10269512239613E-16));
#8321=DIRECTION('center_axis',(0.,-2.10269512239613E-16,1.));
#8322=DIRECTION('ref_axis',(-1.,0.,0.));
#8323=DIRECTION('',(1.,0.,0.));
#8324=DIRECTION('',(0.,-1.,-2.10269512239613E-16));
#8325=DIRECTION('',(-1.,0.,0.));
#8326=DIRECTION('',(0.,-1.,-2.10269512239613E-16));
#8327=DIRECTION('',(1.,0.,0.));
#8328=DIRECTION('',(0.,1.,2.10269512239613E-16));
#8329=DIRECTION('center_axis',(1.,-4.46489507113E-24,2.12341533661904E-8));
#8330=DIRECTION('ref_axis',(-2.12341533661904E-8,-1.58603289232165E-16,
1.));
#8331=DIRECTION('',(2.12341533661904E-8,0.,-1.));
#8332=DIRECTION('center_axis',(0.,3.70074341541719E-15,-1.));
#8333=DIRECTION('ref_axis',(0.,1.,3.70074341541719E-15));
#8334=DIRECTION('',(-1.,0.,0.));
#8335=DIRECTION('',(-7.4117258180758E-23,1.,3.70074341541719E-15));
#8336=DIRECTION('center_axis',(0.,1.,1.11022302462516E-15));
#8337=DIRECTION('ref_axis',(1.,0.,0.));
#8338=DIRECTION('',(0.,1.11022302462516E-15,-1.));
#8339=DIRECTION('',(1.,0.,0.));
#8340=DIRECTION('',(0.,1.11022302462516E-15,-1.));
#8341=DIRECTION('center_axis',(1.,0.,0.));
#8342=DIRECTION('ref_axis',(0.,-1.,-1.11022302462516E-15));
#8343=DIRECTION('',(0.,1.11022302462516E-15,-1.));
#8344=DIRECTION('',(0.,-1.,-3.70074341541719E-15));
#8345=DIRECTION('center_axis',(0.,-1.,-1.11022302462516E-15));
#8346=DIRECTION('ref_axis',(-1.,0.,0.));
#8347=DIRECTION('',(0.,1.11022302462516E-15,-1.));
#8348=DIRECTION('',(-1.,0.,0.));
#8349=DIRECTION('center_axis',(-1.,0.,0.));
#8350=DIRECTION('ref_axis',(0.,1.,1.11022302462516E-15));
#8351=DIRECTION('',(0.,1.,3.70074341541719E-15));
#8352=DIRECTION('center_axis',(-0.999999999999999,7.28483015179346E-24,
-3.46452040250706E-8));
#8353=DIRECTION('ref_axis',(3.46452040250706E-8,1.58603289232165E-16,-0.999999999999999));
#8354=DIRECTION('',(-3.46452040250706E-8,0.,0.999999999999999));
#8355=DIRECTION('',(1.20928180519771E-22,-1.,-3.70074341541719E-15));
#8356=DIRECTION('',(0.,-1.,-2.10269512239613E-16));
#8357=DIRECTION('center_axis',(0.,-2.10269512239613E-16,1.));
#8358=DIRECTION('ref_axis',(-1.,0.,0.));
#8359=DIRECTION('',(1.,0.,0.));
#8360=DIRECTION('',(0.,-1.,-2.10269512239613E-16));
#8361=DIRECTION('',(-1.,0.,0.));
#8362=DIRECTION('',(0.,-1.,-2.10269512239613E-16));
#8363=DIRECTION('',(1.,0.,0.));
#8364=DIRECTION('',(0.,1.,2.10269512239613E-16));
#8365=DIRECTION('center_axis',(1.,-4.46489507113E-24,2.12341533661904E-8));
#8366=DIRECTION('ref_axis',(-2.12341533661904E-8,-1.58603289232165E-16,
1.));
#8367=DIRECTION('',(2.12341533661904E-8,0.,-1.));
#8368=DIRECTION('center_axis',(0.,3.70074341541719E-15,-1.));
#8369=DIRECTION('ref_axis',(0.,1.,3.70074341541719E-15));
#8370=DIRECTION('',(-1.,0.,0.));
#8371=DIRECTION('',(-7.4117258180758E-23,1.,3.70074341541719E-15));
#8372=DIRECTION('center_axis',(0.,1.,1.11022302462516E-15));
#8373=DIRECTION('ref_axis',(1.,0.,0.));
#8374=DIRECTION('',(0.,1.11022302462516E-15,-1.));
#8375=DIRECTION('',(1.,0.,0.));
#8376=DIRECTION('',(0.,1.11022302462516E-15,-1.));
#8377=DIRECTION('center_axis',(1.,0.,0.));
#8378=DIRECTION('ref_axis',(0.,-1.,-1.11022302462516E-15));
#8379=DIRECTION('',(0.,1.11022302462516E-15,-1.));
#8380=DIRECTION('',(0.,-1.,-3.70074341541719E-15));
#8381=DIRECTION('center_axis',(0.,-1.,-1.11022302462516E-15));
#8382=DIRECTION('ref_axis',(-1.,0.,0.));
#8383=DIRECTION('',(0.,1.11022302462516E-15,-1.));
#8384=DIRECTION('',(-1.,0.,0.));
#8385=DIRECTION('center_axis',(-1.,0.,0.));
#8386=DIRECTION('ref_axis',(0.,1.,1.11022302462516E-15));
#8387=DIRECTION('',(0.,1.,3.70074341541719E-15));
#8388=DIRECTION('center_axis',(-0.999999999999999,7.28483015179346E-24,
-3.46452040250706E-8));
#8389=DIRECTION('ref_axis',(3.46452040250706E-8,1.58603289232165E-16,-0.999999999999999));
#8390=DIRECTION('',(-3.46452040250706E-8,0.,0.999999999999999));
#8391=DIRECTION('',(1.20928180519771E-22,-1.,-3.70074341541719E-15));
#8392=DIRECTION('',(0.,-1.,-2.10269512239613E-16));
#8393=DIRECTION('center_axis',(0.,-2.10269512239613E-16,1.));
#8394=DIRECTION('ref_axis',(-1.,0.,0.));
#8395=DIRECTION('',(1.,0.,0.));
#8396=DIRECTION('',(0.,-1.,-2.10269512239613E-16));
#8397=DIRECTION('',(-1.,0.,0.));
#8398=DIRECTION('',(0.,-1.,-2.10269512239613E-16));
#8399=DIRECTION('',(1.,0.,0.));
#8400=DIRECTION('',(0.,1.,2.10269512239613E-16));
#8401=DIRECTION('center_axis',(1.,-4.46489507113E-24,2.12341533661904E-8));
#8402=DIRECTION('ref_axis',(-2.12341533661904E-8,-1.58603289232165E-16,
1.));
#8403=DIRECTION('',(2.12341533661904E-8,0.,-1.));
#8404=DIRECTION('center_axis',(0.,3.70074341541719E-15,-1.));
#8405=DIRECTION('ref_axis',(0.,1.,3.70074341541719E-15));
#8406=DIRECTION('',(-1.,0.,0.));
#8407=DIRECTION('',(-7.4117258180758E-23,1.,3.70074341541719E-15));
#8408=DIRECTION('center_axis',(0.,1.,1.11022302462516E-15));
#8409=DIRECTION('ref_axis',(1.,0.,0.));
#8410=DIRECTION('',(0.,1.11022302462516E-15,-1.));
#8411=DIRECTION('',(1.,0.,0.));
#8412=DIRECTION('',(0.,1.11022302462516E-15,-1.));
#8413=DIRECTION('center_axis',(1.,0.,0.));
#8414=DIRECTION('ref_axis',(0.,-1.,-1.11022302462516E-15));
#8415=DIRECTION('',(0.,1.11022302462516E-15,-1.));
#8416=DIRECTION('',(0.,-1.,-3.70074341541719E-15));
#8417=DIRECTION('center_axis',(0.,-1.,-1.11022302462516E-15));
#8418=DIRECTION('ref_axis',(-1.,0.,0.));
#8419=DIRECTION('',(0.,1.11022302462516E-15,-1.));
#8420=DIRECTION('',(-1.,0.,0.));
#8421=DIRECTION('center_axis',(-1.,0.,0.));
#8422=DIRECTION('ref_axis',(0.,1.,1.11022302462516E-15));
#8423=DIRECTION('',(0.,1.,3.70074341541719E-15));
#8424=DIRECTION('center_axis',(-0.999999999999999,7.28483015179346E-24,
-3.46452040250706E-8));
#8425=DIRECTION('ref_axis',(3.46452040250706E-8,1.58603289232165E-16,-0.999999999999999));
#8426=DIRECTION('',(-3.46452040250706E-8,0.,0.999999999999999));
#8427=DIRECTION('',(1.20928180519771E-22,-1.,-3.70074341541719E-15));
#8428=DIRECTION('',(0.,-1.,-2.10269512239613E-16));
#8429=DIRECTION('center_axis',(0.,-2.10269512239613E-16,1.));
#8430=DIRECTION('ref_axis',(-1.,0.,0.));
#8431=DIRECTION('',(1.,0.,0.));
#8432=DIRECTION('',(0.,-1.,-2.10269512239613E-16));
#8433=DIRECTION('',(-1.,0.,0.));
#8434=DIRECTION('',(0.,-1.,-2.10269512239613E-16));
#8435=DIRECTION('',(1.,0.,0.));
#8436=DIRECTION('',(0.,1.,2.10269512239613E-16));
#8437=DIRECTION('center_axis',(1.,-4.46489507113E-24,2.12341533661904E-8));
#8438=DIRECTION('ref_axis',(-2.12341533661904E-8,-1.58603289232165E-16,
1.));
#8439=DIRECTION('',(2.12341533661904E-8,0.,-1.));
#8440=DIRECTION('center_axis',(0.,3.70074341541719E-15,-1.));
#8441=DIRECTION('ref_axis',(0.,1.,3.70074341541719E-15));
#8442=DIRECTION('',(-1.,0.,0.));
#8443=DIRECTION('',(-7.4117258180758E-23,1.,3.70074341541719E-15));
#8444=DIRECTION('center_axis',(0.,1.,1.11022302462516E-15));
#8445=DIRECTION('ref_axis',(1.,0.,0.));
#8446=DIRECTION('',(0.,1.11022302462516E-15,-1.));
#8447=DIRECTION('',(1.,0.,0.));
#8448=DIRECTION('',(0.,1.11022302462516E-15,-1.));
#8449=DIRECTION('center_axis',(1.,0.,0.));
#8450=DIRECTION('ref_axis',(0.,-1.,-1.11022302462516E-15));
#8451=DIRECTION('',(0.,1.11022302462516E-15,-1.));
#8452=DIRECTION('',(0.,-1.,-3.70074341541719E-15));
#8453=DIRECTION('center_axis',(0.,-1.,-1.11022302462516E-15));
#8454=DIRECTION('ref_axis',(-1.,0.,0.));
#8455=DIRECTION('',(0.,1.11022302462516E-15,-1.));
#8456=DIRECTION('',(-1.,0.,0.));
#8457=DIRECTION('center_axis',(-1.,0.,0.));
#8458=DIRECTION('ref_axis',(0.,1.,1.11022302462516E-15));
#8459=DIRECTION('',(0.,1.,3.70074341541719E-15));
#8460=DIRECTION('center_axis',(-0.999999999999999,7.28483015179346E-24,
-3.46452040250706E-8));
#8461=DIRECTION('ref_axis',(3.46452040250706E-8,1.58603289232165E-16,-0.999999999999999));
#8462=DIRECTION('',(-3.46452040250706E-8,0.,0.999999999999999));
#8463=DIRECTION('',(1.20928180519771E-22,-1.,-3.70074341541719E-15));
#8464=DIRECTION('',(0.,-1.,-2.10269512239613E-16));
#8465=DIRECTION('center_axis',(0.,-2.10269512239613E-16,1.));
#8466=DIRECTION('ref_axis',(-1.,0.,0.));
#8467=DIRECTION('',(1.,0.,0.));
#8468=DIRECTION('',(0.,-1.,-2.10269512239613E-16));
#8469=DIRECTION('',(-1.,0.,0.));
#8470=DIRECTION('',(0.,-1.,-2.10269512239613E-16));
#8471=DIRECTION('',(1.,0.,0.));
#8472=DIRECTION('',(0.,1.,2.10269512239613E-16));
#8473=DIRECTION('center_axis',(1.,-4.46489507113E-24,2.12341533661904E-8));
#8474=DIRECTION('ref_axis',(-2.12341533661904E-8,-1.58603289232165E-16,
1.));
#8475=DIRECTION('',(2.12341533661904E-8,0.,-1.));
#8476=DIRECTION('center_axis',(0.,3.70074341541719E-15,-1.));
#8477=DIRECTION('ref_axis',(0.,1.,3.70074341541719E-15));
#8478=DIRECTION('',(-1.,0.,0.));
#8479=DIRECTION('',(-7.4117258180758E-23,1.,3.70074341541719E-15));
#8480=DIRECTION('center_axis',(0.,1.,1.11022302462516E-15));
#8481=DIRECTION('ref_axis',(1.,0.,0.));
#8482=DIRECTION('',(0.,1.11022302462516E-15,-1.));
#8483=DIRECTION('',(1.,0.,0.));
#8484=DIRECTION('',(0.,1.11022302462516E-15,-1.));
#8485=DIRECTION('center_axis',(1.,0.,0.));
#8486=DIRECTION('ref_axis',(0.,-1.,-1.11022302462516E-15));
#8487=DIRECTION('',(0.,1.11022302462516E-15,-1.));
#8488=DIRECTION('',(0.,-1.,-3.70074341541719E-15));
#8489=DIRECTION('center_axis',(0.,-1.,-1.11022302462516E-15));
#8490=DIRECTION('ref_axis',(-1.,0.,0.));
#8491=DIRECTION('',(0.,1.11022302462516E-15,-1.));
#8492=DIRECTION('',(-1.,0.,0.));
#8493=DIRECTION('center_axis',(-1.,0.,0.));
#8494=DIRECTION('ref_axis',(0.,1.,1.11022302462516E-15));
#8495=DIRECTION('',(0.,1.,3.70074341541719E-15));
#8496=DIRECTION('center_axis',(-0.999999999999999,7.28483015179346E-24,
-3.46452040250706E-8));
#8497=DIRECTION('ref_axis',(3.46452040250706E-8,1.58603289232165E-16,-0.999999999999999));
#8498=DIRECTION('',(-3.46452040250706E-8,0.,0.999999999999999));
#8499=DIRECTION('',(1.20928180519771E-22,-1.,-3.70074341541719E-15));
#8500=DIRECTION('',(0.,-1.,-2.10269512239613E-16));
#8501=DIRECTION('center_axis',(0.,-2.10269512239613E-16,1.));
#8502=DIRECTION('ref_axis',(-1.,0.,0.));
#8503=DIRECTION('',(1.,0.,0.));
#8504=DIRECTION('',(0.,-1.,-2.10269512239613E-16));
#8505=DIRECTION('',(-1.,0.,0.));
#8506=DIRECTION('',(0.,-1.,-2.10269512239613E-16));
#8507=DIRECTION('',(1.,0.,0.));
#8508=DIRECTION('',(0.,1.,2.10269512239613E-16));
#8509=DIRECTION('center_axis',(1.,-4.46489507113E-24,2.12341533661904E-8));
#8510=DIRECTION('ref_axis',(-2.12341533661904E-8,-1.58603289232165E-16,
1.));
#8511=DIRECTION('',(2.12341533661904E-8,0.,-1.));
#8512=DIRECTION('center_axis',(0.,3.70074341541719E-15,-1.));
#8513=DIRECTION('ref_axis',(0.,1.,3.70074341541719E-15));
#8514=DIRECTION('',(-1.,0.,0.));
#8515=DIRECTION('',(-7.4117258180758E-23,1.,3.70074341541719E-15));
#8516=DIRECTION('center_axis',(0.,1.,1.11022302462516E-15));
#8517=DIRECTION('ref_axis',(1.,0.,0.));
#8518=DIRECTION('',(0.,1.11022302462516E-15,-1.));
#8519=DIRECTION('',(1.,0.,0.));
#8520=DIRECTION('',(0.,1.11022302462516E-15,-1.));
#8521=DIRECTION('center_axis',(1.,0.,0.));
#8522=DIRECTION('ref_axis',(0.,-1.,-1.11022302462516E-15));
#8523=DIRECTION('',(0.,1.11022302462516E-15,-1.));
#8524=DIRECTION('',(0.,-1.,-3.70074341541719E-15));
#8525=DIRECTION('center_axis',(0.,-1.,-1.11022302462516E-15));
#8526=DIRECTION('ref_axis',(-1.,0.,0.));
#8527=DIRECTION('',(0.,1.11022302462516E-15,-1.));
#8528=DIRECTION('',(-1.,0.,0.));
#8529=DIRECTION('center_axis',(-1.,0.,0.));
#8530=DIRECTION('ref_axis',(0.,1.,1.11022302462516E-15));
#8531=DIRECTION('',(0.,1.,3.70074341541719E-15));
#8532=DIRECTION('center_axis',(-0.999999999999999,7.28483015179346E-24,
-3.46452040250706E-8));
#8533=DIRECTION('ref_axis',(3.46452040250706E-8,1.58603289232165E-16,-0.999999999999999));
#8534=DIRECTION('',(-3.46452040250706E-8,0.,0.999999999999999));
#8535=DIRECTION('',(1.20928180519771E-22,-1.,-3.70074341541719E-15));
#8536=DIRECTION('',(0.,-1.,-2.10269512239613E-16));
#8537=DIRECTION('center_axis',(0.,-2.10269512239613E-16,1.));
#8538=DIRECTION('ref_axis',(-1.,0.,0.));
#8539=DIRECTION('',(1.,0.,0.));
#8540=DIRECTION('',(0.,-1.,-2.10269512239613E-16));
#8541=DIRECTION('',(-1.,0.,0.));
#8542=DIRECTION('',(0.,-1.,-2.10269512239613E-16));
#8543=DIRECTION('',(1.,0.,0.));
#8544=DIRECTION('',(0.,1.,2.10269512239613E-16));
#8545=DIRECTION('center_axis',(1.,-4.46489507113E-24,2.12341533661904E-8));
#8546=DIRECTION('ref_axis',(-2.12341533661904E-8,-1.58603289232165E-16,
1.));
#8547=DIRECTION('',(2.12341533661904E-8,0.,-1.));
#8548=DIRECTION('center_axis',(0.,3.70074341541719E-15,-1.));
#8549=DIRECTION('ref_axis',(0.,1.,3.70074341541719E-15));
#8550=DIRECTION('',(-1.,0.,0.));
#8551=DIRECTION('',(-7.4117258180758E-23,1.,3.70074341541719E-15));
#8552=DIRECTION('center_axis',(0.,1.,1.11022302462516E-15));
#8553=DIRECTION('ref_axis',(1.,0.,0.));
#8554=DIRECTION('',(0.,1.11022302462516E-15,-1.));
#8555=DIRECTION('',(1.,0.,0.));
#8556=DIRECTION('',(0.,1.11022302462516E-15,-1.));
#8557=DIRECTION('center_axis',(1.,0.,0.));
#8558=DIRECTION('ref_axis',(0.,-1.,-1.11022302462516E-15));
#8559=DIRECTION('',(0.,1.11022302462516E-15,-1.));
#8560=DIRECTION('',(0.,-1.,-3.70074341541719E-15));
#8561=DIRECTION('center_axis',(0.,-1.,-1.11022302462516E-15));
#8562=DIRECTION('ref_axis',(-1.,0.,0.));
#8563=DIRECTION('',(0.,1.11022302462516E-15,-1.));
#8564=DIRECTION('',(-1.,0.,0.));
#8565=DIRECTION('center_axis',(-1.,0.,0.));
#8566=DIRECTION('ref_axis',(0.,1.,1.11022302462516E-15));
#8567=DIRECTION('',(0.,1.,3.70074341541719E-15));
#8568=DIRECTION('center_axis',(-0.999999999999999,7.28483015179346E-24,
-3.46452040250706E-8));
#8569=DIRECTION('ref_axis',(3.46452040250706E-8,1.58603289232165E-16,-0.999999999999999));
#8570=DIRECTION('',(-3.46452040250706E-8,0.,0.999999999999999));
#8571=DIRECTION('',(1.20928180519771E-22,-1.,-3.70074341541719E-15));
#8572=DIRECTION('',(0.,-1.,-2.10269512239613E-16));
#8573=DIRECTION('center_axis',(0.,-2.10269512239613E-16,1.));
#8574=DIRECTION('ref_axis',(-1.,0.,0.));
#8575=DIRECTION('',(1.,0.,0.));
#8576=DIRECTION('',(0.,-1.,-2.10269512239613E-16));
#8577=DIRECTION('',(-1.,0.,0.));
#8578=DIRECTION('',(0.,-1.,-2.10269512239613E-16));
#8579=DIRECTION('',(1.,0.,0.));
#8580=DIRECTION('',(0.,1.,2.10269512239613E-16));
#8581=DIRECTION('center_axis',(1.,-4.46489507113E-24,2.12341533661904E-8));
#8582=DIRECTION('ref_axis',(-2.12341533661904E-8,-1.58603289232165E-16,
1.));
#8583=DIRECTION('',(2.12341533661904E-8,0.,-1.));
#8584=DIRECTION('center_axis',(0.,3.70074341541719E-15,-1.));
#8585=DIRECTION('ref_axis',(0.,1.,3.70074341541719E-15));
#8586=DIRECTION('',(-1.,0.,0.));
#8587=DIRECTION('',(-7.4117258180758E-23,1.,3.70074341541719E-15));
#8588=DIRECTION('center_axis',(0.,1.,1.11022302462516E-15));
#8589=DIRECTION('ref_axis',(1.,0.,0.));
#8590=DIRECTION('',(0.,1.11022302462516E-15,-1.));
#8591=DIRECTION('',(1.,0.,0.));
#8592=DIRECTION('',(0.,1.11022302462516E-15,-1.));
#8593=DIRECTION('center_axis',(1.,0.,0.));
#8594=DIRECTION('ref_axis',(0.,-1.,-1.11022302462516E-15));
#8595=DIRECTION('',(0.,1.11022302462516E-15,-1.));
#8596=DIRECTION('',(0.,-1.,-3.70074341541719E-15));
#8597=DIRECTION('center_axis',(0.,-1.,-1.11022302462516E-15));
#8598=DIRECTION('ref_axis',(-1.,0.,0.));
#8599=DIRECTION('',(0.,1.11022302462516E-15,-1.));
#8600=DIRECTION('',(-1.,0.,0.));
#8601=DIRECTION('center_axis',(-1.,0.,0.));
#8602=DIRECTION('ref_axis',(0.,1.,1.11022302462516E-15));
#8603=DIRECTION('',(0.,1.,3.70074341541719E-15));
#8604=DIRECTION('center_axis',(-0.999999999999999,7.28483015179346E-24,
-3.46452040250706E-8));
#8605=DIRECTION('ref_axis',(3.46452040250706E-8,1.58603289232165E-16,-0.999999999999999));
#8606=DIRECTION('',(-3.46452040250706E-8,0.,0.999999999999999));
#8607=DIRECTION('',(1.20928180519771E-22,-1.,-3.70074341541719E-15));
#8608=DIRECTION('',(0.,-1.,-2.10269512239613E-16));
#8609=DIRECTION('center_axis',(0.,-2.10269512239613E-16,1.));
#8610=DIRECTION('ref_axis',(-1.,0.,0.));
#8611=DIRECTION('',(1.,0.,0.));
#8612=DIRECTION('',(0.,-1.,-2.10269512239613E-16));
#8613=DIRECTION('',(-1.,0.,0.));
#8614=DIRECTION('',(0.,-1.,-2.10269512239613E-16));
#8615=DIRECTION('',(1.,0.,0.));
#8616=DIRECTION('',(0.,1.,2.10269512239613E-16));
#8617=DIRECTION('center_axis',(1.,-4.46489507113E-24,2.12341533661904E-8));
#8618=DIRECTION('ref_axis',(-2.12341533661904E-8,-1.58603289232165E-16,
1.));
#8619=DIRECTION('',(2.12341533661904E-8,0.,-1.));
#8620=DIRECTION('center_axis',(0.,3.70074341541719E-15,-1.));
#8621=DIRECTION('ref_axis',(0.,1.,3.70074341541719E-15));
#8622=DIRECTION('',(-1.,0.,0.));
#8623=DIRECTION('',(-7.4117258180758E-23,1.,3.70074341541719E-15));
#8624=DIRECTION('center_axis',(0.,1.,1.11022302462516E-15));
#8625=DIRECTION('ref_axis',(1.,0.,0.));
#8626=DIRECTION('',(0.,1.11022302462516E-15,-1.));
#8627=DIRECTION('',(1.,0.,0.));
#8628=DIRECTION('',(0.,1.11022302462516E-15,-1.));
#8629=DIRECTION('center_axis',(1.,0.,0.));
#8630=DIRECTION('ref_axis',(0.,-1.,-1.11022302462516E-15));
#8631=DIRECTION('',(0.,1.11022302462516E-15,-1.));
#8632=DIRECTION('',(0.,-1.,-3.70074341541719E-15));
#8633=DIRECTION('center_axis',(0.,-1.,-1.11022302462516E-15));
#8634=DIRECTION('ref_axis',(-1.,0.,0.));
#8635=DIRECTION('',(0.,1.11022302462516E-15,-1.));
#8636=DIRECTION('',(-1.,0.,0.));
#8637=DIRECTION('center_axis',(-1.,0.,0.));
#8638=DIRECTION('ref_axis',(0.,1.,1.11022302462516E-15));
#8639=DIRECTION('',(0.,1.,3.70074341541719E-15));
#8640=DIRECTION('center_axis',(1.,-4.46489507113E-24,2.12341533661904E-8));
#8641=DIRECTION('ref_axis',(-2.12341533661904E-8,-1.58603289232165E-16,
1.));
#8642=DIRECTION('',(2.12341533661904E-8,0.,-1.));
#8643=DIRECTION('center_axis',(-0.999999999999999,7.28483015179346E-24,
-3.46452040250706E-8));
#8644=DIRECTION('ref_axis',(3.46452040250706E-8,1.58603289232165E-16,-0.999999999999999));
#8645=DIRECTION('',(-3.46452040250706E-8,0.,0.999999999999999));
#8646=DIRECTION('',(1.20928180519771E-22,-1.,-3.70074341541719E-15));
#8647=DIRECTION('center_axis',(0.,1.,0.));
#8648=DIRECTION('ref_axis',(1.,0.,0.));
#8649=DIRECTION('',(0.,0.,-1.));
#8650=DIRECTION('',(1.,0.,0.));
#8651=DIRECTION('',(0.,0.,-1.));
#8652=DIRECTION('',(-1.,0.,0.));
#8653=DIRECTION('center_axis',(0.,1.,1.11022302462516E-15));
#8654=DIRECTION('ref_axis',(1.,0.,0.));
#8655=DIRECTION('',(0.,1.11022302462516E-15,-1.));
#8656=DIRECTION('',(1.,0.,0.));
#8657=DIRECTION('',(0.,1.11022302462516E-15,-1.));
#8658=DIRECTION('center_axis',(1.,0.,0.));
#8659=DIRECTION('ref_axis',(0.,-1.,-1.11022302462516E-15));
#8660=DIRECTION('',(0.,1.11022302462516E-15,-1.));
#8661=DIRECTION('',(0.,-1.,-3.70074341541719E-15));
#8662=DIRECTION('center_axis',(0.,-1.,-1.11022302462516E-15));
#8663=DIRECTION('ref_axis',(-1.,0.,0.));
#8664=DIRECTION('',(0.,1.11022302462516E-15,-1.));
#8665=DIRECTION('',(-1.,0.,0.));
#8666=DIRECTION('center_axis',(-1.,0.,0.));
#8667=DIRECTION('ref_axis',(0.,1.,1.11022302462516E-15));
#8668=DIRECTION('',(0.,1.,3.70074341541719E-15));
#8669=DIRECTION('center_axis',(0.,1.,0.));
#8670=DIRECTION('ref_axis',(1.,0.,0.));
#8671=DIRECTION('',(-1.,0.,0.));
#8672=DIRECTION('',(-1.,0.,0.));
#8673=DIRECTION('center_axis',(0.,3.70074341541719E-15,-1.));
#8674=DIRECTION('ref_axis',(0.,1.,3.70074341541719E-15));
#8675=DIRECTION('center_axis',(-1.,0.,0.));
#8676=DIRECTION('ref_axis',(0.,1.,0.));
#8677=DIRECTION('',(0.,1.,-9.62964972193618E-33));
#8678=DIRECTION('',(0.,1.83697019872103E-16,1.));
#8679=DIRECTION('center_axis',(1.,0.,0.));
#8680=DIRECTION('ref_axis',(0.,-1.,0.));
#8681=DIRECTION('',(0.,-1.83697019872103E-16,-1.));
#8682=DIRECTION('',(0.,-1.,9.62964972193618E-33));
#8683=DIRECTION('center_axis',(0.,9.62964972193618E-33,1.));
#8684=DIRECTION('ref_axis',(0.,-1.,9.62964972193618E-33));
#8685=DIRECTION('',(1.,0.,0.));
#8686=DIRECTION('',(1.,0.,0.));
#8687=DIRECTION('',(0.,-1.,9.62964972193618E-33));
#8688=DIRECTION('center_axis',(0.,-1.,1.83697019872103E-16));
#8689=DIRECTION('ref_axis',(0.,-1.83697019872103E-16,-1.));
#8690=DIRECTION('',(0.,-1.83697019872103E-16,-1.));
#8691=DIRECTION('center_axis',(0.,-1.,1.83697019872103E-16));
#8692=DIRECTION('ref_axis',(0.,-1.83697019872103E-16,-1.));
#8693=DIRECTION('center_axis',(0.,3.70074341541719E-15,-1.));
#8694=DIRECTION('ref_axis',(0.,1.,3.70074341541719E-15));
#8695=DIRECTION('center_axis',(1.,0.,0.));
#8696=DIRECTION('ref_axis',(0.,0.,-1.));
#8697=DIRECTION('center_axis',(7.8504622934189E-16,-0.707106781186548,-0.707106781186548));
#8698=DIRECTION('ref_axis',(-1.,0.,-1.11022302462516E-15));
#8699=DIRECTION('',(-1.,6.79815536723448E-32,-1.11022302462516E-15));
#8700=DIRECTION('',(-0.577350269189626,0.577350269189626,-0.577350269189626));
#8701=DIRECTION('',(1.,-6.79815536723448E-32,1.11022302462516E-15));
#8702=DIRECTION('',(0.577350269189626,0.577350269189626,-0.577350269189626));
#8703=DIRECTION('center_axis',(-0.707106781186548,-0.707106781186548,-4.32978028117747E-17));
#8704=DIRECTION('ref_axis',(-6.12323399573677E-17,0.,1.));
#8705=DIRECTION('',(0.,-6.12323399573677E-17,1.));
#8706=DIRECTION('',(-0.577350269189626,0.577350269189626,0.577350269189626));
#8707=DIRECTION('',(0.,6.12323399573677E-17,-1.));
#8708=DIRECTION('center_axis',(0.,-0.707106781186548,0.707106781186548));
#8709=DIRECTION('ref_axis',(1.,0.,0.));
#8710=DIRECTION('',(1.,0.,0.));
#8711=DIRECTION('',(0.577350269189626,0.577350269189626,0.577350269189626));
#8712=DIRECTION('',(-1.,0.,0.));
#8713=DIRECTION('center_axis',(0.707106781186548,-0.707106781186548,-4.32978028117747E-17));
#8714=DIRECTION('ref_axis',(-6.12323399573677E-17,0.,-1.));
#8715=DIRECTION('',(0.,-6.12323399573677E-17,1.));
#8716=DIRECTION('',(0.,6.12323399573677E-17,-1.));
#8717=DIRECTION('center_axis',(1.,0.,0.));
#8718=DIRECTION('ref_axis',(0.,-1.,0.));
#8719=DIRECTION('',(0.,-1.,0.));
#8720=DIRECTION('center_axis',(-1.,0.,0.));
#8721=DIRECTION('ref_axis',(0.,1.,1.48029736616688E-15));
#8722=DIRECTION('',(0.,0.,-1.));
#8723=DIRECTION('',(0.,1.,0.));
#8724=DIRECTION('',(0.,0.,-1.));
#8725=DIRECTION('center_axis',(-1.,0.,0.));
#8726=DIRECTION('ref_axis',(0.,1.,0.));
#8727=DIRECTION('',(0.,-1.,0.));
#8728=DIRECTION('center_axis',(1.11022302462516E-15,0.,-1.));
#8729=DIRECTION('ref_axis',(1.,-6.79815536723448E-32,1.11022302462516E-15));
#8730=DIRECTION('',(0.,-1.,0.));
#8731=DIRECTION('',(1.,-6.79815536723448E-32,1.11022302462516E-15));
#8732=DIRECTION('center_axis',(0.,1.,6.12323399573677E-17));
#8733=DIRECTION('ref_axis',(1.,0.,0.));
#8734=DIRECTION('center_axis',(-0.707106781186539,0.,0.707106781186556));
#8735=DIRECTION('ref_axis',(0.707106781186556,0.,0.707106781186539));
#8736=DIRECTION('',(0.,-1.,0.));
#8737=DIRECTION('',(0.577350269189635,0.577350269189622,0.577350269189621));
#8738=DIRECTION('',(0.,1.,0.));
#8739=DIRECTION('',(0.577350269189635,-0.577350269189622,0.577350269189621));
#8740=DIRECTION('center_axis',(0.,-0.707106781186547,0.707106781186548));
#8741=DIRECTION('ref_axis',(1.,0.,0.));
#8742=DIRECTION('',(1.,0.,0.));
#8743=DIRECTION('',(-0.577350269189635,0.577350269189622,0.577350269189621));
#8744=DIRECTION('',(-1.,0.,0.));
#8745=DIRECTION('center_axis',(7.8504622934189E-16,0.707106781186547,0.707106781186548));
#8746=DIRECTION('ref_axis',(1.,0.,-1.11022302462516E-15));
#8747=DIRECTION('',(1.,-1.11022302462516E-15,0.));
#8748=DIRECTION('',(0.577350269189635,0.577350269189622,-0.577350269189621));
#8749=DIRECTION('',(-1.,1.11022302462516E-15,0.));
#8750=DIRECTION('center_axis',(0.707106781186539,0.,0.707106781186556));
#8751=DIRECTION('ref_axis',(0.707106781186556,0.,-0.707106781186539));
#8752=DIRECTION('',(0.,-1.,0.));
#8753=DIRECTION('center_axis',(0.,-1.,0.));
#8754=DIRECTION('ref_axis',(-1.,0.,0.));
#8755=DIRECTION('',(0.,0.,-1.));
#8756=DIRECTION('',(-1.,0.,0.));
#8757=DIRECTION('center_axis',(-1.,0.,0.));
#8758=DIRECTION('ref_axis',(0.,1.,0.));
#8759=DIRECTION('',(0.,-1.,0.));
#8760=DIRECTION('center_axis',(-1.,0.,0.));
#8761=DIRECTION('ref_axis',(0.,1.,0.));
#8762=DIRECTION('',(0.,0.,-1.));
#8763=DIRECTION('center_axis',(-1.,0.,0.));
#8764=DIRECTION('ref_axis',(0.,1.,0.));
#8765=DIRECTION('center_axis',(0.,0.,1.));
#8766=DIRECTION('ref_axis',(1.,0.,0.));
#8767=DIRECTION('center_axis',(0.,0.,1.));
#8768=DIRECTION('ref_axis',(-1.,0.,0.));
#8769=DIRECTION('',(-1.,0.,0.));
#8770=DIRECTION('center_axis',(-1.,0.,0.));
#8771=DIRECTION('ref_axis',(0.,1.,0.));
#8772=DIRECTION('center_axis',(-1.,0.,0.));
#8773=DIRECTION('ref_axis',(0.,1.,0.));
#8774=DIRECTION('',(1.,-1.11022302462516E-15,0.));
#8775=DIRECTION('center_axis',(1.11022302462516E-15,1.,0.));
#8776=DIRECTION('ref_axis',(1.,-1.11022302462516E-15,0.));
#8777=DIRECTION('center_axis',(7.8504622934189E-16,-0.707106781186548,-0.707106781186548));
#8778=DIRECTION('ref_axis',(-1.,0.,-1.11022302462516E-15));
#8779=DIRECTION('',(-1.,6.79815536723448E-32,-1.11022302462516E-15));
#8780=DIRECTION('',(-0.577350269189626,0.577350269189626,-0.577350269189626));
#8781=DIRECTION('',(1.,-6.79815536723448E-32,1.11022302462516E-15));
#8782=DIRECTION('',(0.577350269189626,0.577350269189626,-0.577350269189626));
#8783=DIRECTION('center_axis',(-0.707106781186548,-0.707106781186548,-4.32978028117747E-17));
#8784=DIRECTION('ref_axis',(-6.12323399573677E-17,0.,1.));
#8785=DIRECTION('',(0.,-6.12323399573677E-17,1.));
#8786=DIRECTION('',(-0.577350269189626,0.577350269189626,0.577350269189626));
#8787=DIRECTION('',(0.,6.12323399573677E-17,-1.));
#8788=DIRECTION('center_axis',(0.,-0.707106781186548,0.707106781186548));
#8789=DIRECTION('ref_axis',(1.,0.,0.));
#8790=DIRECTION('',(1.,0.,0.));
#8791=DIRECTION('',(0.577350269189626,0.577350269189626,0.577350269189626));
#8792=DIRECTION('',(-1.,0.,0.));
#8793=DIRECTION('center_axis',(0.707106781186548,-0.707106781186548,-4.32978028117747E-17));
#8794=DIRECTION('ref_axis',(-6.12323399573677E-17,0.,-1.));
#8795=DIRECTION('',(0.,-6.12323399573677E-17,1.));
#8796=DIRECTION('',(0.,6.12323399573677E-17,-1.));
#8797=DIRECTION('center_axis',(1.,0.,0.));
#8798=DIRECTION('ref_axis',(0.,-1.,0.));
#8799=DIRECTION('',(0.,-1.,0.));
#8800=DIRECTION('center_axis',(-1.,0.,0.));
#8801=DIRECTION('ref_axis',(0.,1.,1.48029736616688E-15));
#8802=DIRECTION('',(0.,0.,-1.));
#8803=DIRECTION('',(0.,1.,0.));
#8804=DIRECTION('',(0.,0.,-1.));
#8805=DIRECTION('center_axis',(-1.,0.,0.));
#8806=DIRECTION('ref_axis',(0.,1.,0.));
#8807=DIRECTION('',(0.,-1.,0.));
#8808=DIRECTION('center_axis',(1.11022302462516E-15,0.,-1.));
#8809=DIRECTION('ref_axis',(1.,-6.79815536723448E-32,1.11022302462516E-15));
#8810=DIRECTION('',(0.,-1.,0.));
#8811=DIRECTION('',(1.,-6.79815536723448E-32,1.11022302462516E-15));
#8812=DIRECTION('center_axis',(0.,1.,6.12323399573677E-17));
#8813=DIRECTION('ref_axis',(1.,0.,0.));
#8814=DIRECTION('center_axis',(-0.707106781186539,0.,0.707106781186556));
#8815=DIRECTION('ref_axis',(0.707106781186556,0.,0.707106781186539));
#8816=DIRECTION('',(0.,-1.,0.));
#8817=DIRECTION('',(0.577350269189635,0.577350269189622,0.577350269189621));
#8818=DIRECTION('',(0.,1.,0.));
#8819=DIRECTION('',(0.577350269189635,-0.577350269189622,0.577350269189621));
#8820=DIRECTION('center_axis',(0.,-0.707106781186547,0.707106781186548));
#8821=DIRECTION('ref_axis',(1.,0.,0.));
#8822=DIRECTION('',(1.,0.,0.));
#8823=DIRECTION('',(-0.577350269189635,0.577350269189622,0.577350269189621));
#8824=DIRECTION('',(-1.,0.,0.));
#8825=DIRECTION('center_axis',(7.8504622934189E-16,0.707106781186547,0.707106781186548));
#8826=DIRECTION('ref_axis',(1.,0.,-1.11022302462516E-15));
#8827=DIRECTION('',(1.,-1.11022302462516E-15,0.));
#8828=DIRECTION('',(0.577350269189635,0.577350269189622,-0.577350269189621));
#8829=DIRECTION('',(-1.,1.11022302462516E-15,0.));
#8830=DIRECTION('center_axis',(0.707106781186539,0.,0.707106781186556));
#8831=DIRECTION('ref_axis',(0.707106781186556,0.,-0.707106781186539));
#8832=DIRECTION('',(0.,-1.,0.));
#8833=DIRECTION('center_axis',(0.,-1.,0.));
#8834=DIRECTION('ref_axis',(-1.,0.,0.));
#8835=DIRECTION('',(0.,0.,-1.));
#8836=DIRECTION('',(-1.,0.,0.));
#8837=DIRECTION('center_axis',(-1.,0.,0.));
#8838=DIRECTION('ref_axis',(0.,1.,0.));
#8839=DIRECTION('',(0.,-1.,0.));
#8840=DIRECTION('center_axis',(-1.,0.,0.));
#8841=DIRECTION('ref_axis',(0.,1.,0.));
#8842=DIRECTION('',(0.,0.,-1.));
#8843=DIRECTION('center_axis',(-1.,0.,0.));
#8844=DIRECTION('ref_axis',(0.,1.,0.));
#8845=DIRECTION('center_axis',(0.,0.,1.));
#8846=DIRECTION('ref_axis',(1.,0.,0.));
#8847=DIRECTION('center_axis',(0.,0.,1.));
#8848=DIRECTION('ref_axis',(-1.,0.,0.));
#8849=DIRECTION('',(-1.,0.,0.));
#8850=DIRECTION('center_axis',(-1.,0.,0.));
#8851=DIRECTION('ref_axis',(0.,1.,0.));
#8852=DIRECTION('center_axis',(-1.,0.,0.));
#8853=DIRECTION('ref_axis',(0.,1.,0.));
#8854=DIRECTION('',(1.,-1.11022302462516E-15,0.));
#8855=DIRECTION('center_axis',(1.11022302462516E-15,1.,0.));
#8856=DIRECTION('ref_axis',(1.,-1.11022302462516E-15,0.));
#8857=DIRECTION('center_axis',(7.8504622934189E-16,-0.707106781186548,-0.707106781186548));
#8858=DIRECTION('ref_axis',(-1.,0.,-1.11022302462516E-15));
#8859=DIRECTION('',(-1.,6.79815536723448E-32,-1.11022302462516E-15));
#8860=DIRECTION('',(-0.577350269189626,0.577350269189626,-0.577350269189626));
#8861=DIRECTION('',(1.,-6.79815536723448E-32,1.11022302462516E-15));
#8862=DIRECTION('',(0.577350269189626,0.577350269189626,-0.577350269189626));
#8863=DIRECTION('center_axis',(-0.707106781186548,-0.707106781186548,-4.32978028117747E-17));
#8864=DIRECTION('ref_axis',(-6.12323399573677E-17,0.,1.));
#8865=DIRECTION('',(0.,-6.12323399573677E-17,1.));
#8866=DIRECTION('',(-0.577350269189626,0.577350269189626,0.577350269189626));
#8867=DIRECTION('',(0.,6.12323399573677E-17,-1.));
#8868=DIRECTION('center_axis',(0.,-0.707106781186548,0.707106781186548));
#8869=DIRECTION('ref_axis',(1.,0.,0.));
#8870=DIRECTION('',(1.,0.,0.));
#8871=DIRECTION('',(0.577350269189626,0.577350269189626,0.577350269189626));
#8872=DIRECTION('',(-1.,0.,0.));
#8873=DIRECTION('center_axis',(0.707106781186548,-0.707106781186548,-4.32978028117747E-17));
#8874=DIRECTION('ref_axis',(-6.12323399573677E-17,0.,-1.));
#8875=DIRECTION('',(0.,-6.12323399573677E-17,1.));
#8876=DIRECTION('',(0.,6.12323399573677E-17,-1.));
#8877=DIRECTION('center_axis',(1.,0.,0.));
#8878=DIRECTION('ref_axis',(0.,-1.,0.));
#8879=DIRECTION('',(0.,-1.,0.));
#8880=DIRECTION('center_axis',(-1.,0.,0.));
#8881=DIRECTION('ref_axis',(0.,1.,1.48029736616688E-15));
#8882=DIRECTION('',(0.,0.,-1.));
#8883=DIRECTION('',(0.,1.,0.));
#8884=DIRECTION('',(0.,0.,-1.));
#8885=DIRECTION('center_axis',(-1.,0.,0.));
#8886=DIRECTION('ref_axis',(0.,1.,0.));
#8887=DIRECTION('',(0.,-1.,0.));
#8888=DIRECTION('center_axis',(1.11022302462516E-15,0.,-1.));
#8889=DIRECTION('ref_axis',(1.,-6.79815536723448E-32,1.11022302462516E-15));
#8890=DIRECTION('',(0.,-1.,0.));
#8891=DIRECTION('',(1.,-6.79815536723448E-32,1.11022302462516E-15));
#8892=DIRECTION('center_axis',(0.,1.,6.12323399573677E-17));
#8893=DIRECTION('ref_axis',(1.,0.,0.));
#8894=DIRECTION('center_axis',(-0.707106781186539,0.,0.707106781186556));
#8895=DIRECTION('ref_axis',(0.707106781186556,0.,0.707106781186539));
#8896=DIRECTION('',(0.,-1.,0.));
#8897=DIRECTION('',(0.577350269189635,0.577350269189622,0.577350269189621));
#8898=DIRECTION('',(0.,1.,0.));
#8899=DIRECTION('',(0.577350269189635,-0.577350269189622,0.577350269189621));
#8900=DIRECTION('center_axis',(0.,-0.707106781186547,0.707106781186548));
#8901=DIRECTION('ref_axis',(1.,0.,0.));
#8902=DIRECTION('',(1.,0.,0.));
#8903=DIRECTION('',(-0.577350269189635,0.577350269189622,0.577350269189621));
#8904=DIRECTION('',(-1.,0.,0.));
#8905=DIRECTION('center_axis',(7.8504622934189E-16,0.707106781186547,0.707106781186548));
#8906=DIRECTION('ref_axis',(1.,0.,-1.11022302462516E-15));
#8907=DIRECTION('',(1.,-1.11022302462516E-15,0.));
#8908=DIRECTION('',(0.577350269189635,0.577350269189622,-0.577350269189621));
#8909=DIRECTION('',(-1.,1.11022302462516E-15,0.));
#8910=DIRECTION('center_axis',(0.707106781186539,0.,0.707106781186556));
#8911=DIRECTION('ref_axis',(0.707106781186556,0.,-0.707106781186539));
#8912=DIRECTION('',(0.,-1.,0.));
#8913=DIRECTION('center_axis',(0.,-1.,0.));
#8914=DIRECTION('ref_axis',(-1.,0.,0.));
#8915=DIRECTION('',(0.,0.,-1.));
#8916=DIRECTION('',(-1.,0.,0.));
#8917=DIRECTION('center_axis',(-1.,0.,0.));
#8918=DIRECTION('ref_axis',(0.,1.,0.));
#8919=DIRECTION('',(0.,-1.,0.));
#8920=DIRECTION('center_axis',(-1.,0.,0.));
#8921=DIRECTION('ref_axis',(0.,1.,0.));
#8922=DIRECTION('',(0.,0.,-1.));
#8923=DIRECTION('center_axis',(-1.,0.,0.));
#8924=DIRECTION('ref_axis',(0.,1.,0.));
#8925=DIRECTION('center_axis',(0.,0.,1.));
#8926=DIRECTION('ref_axis',(1.,0.,0.));
#8927=DIRECTION('center_axis',(0.,0.,1.));
#8928=DIRECTION('ref_axis',(-1.,0.,0.));
#8929=DIRECTION('',(-1.,0.,0.));
#8930=DIRECTION('center_axis',(-1.,0.,0.));
#8931=DIRECTION('ref_axis',(0.,1.,0.));
#8932=DIRECTION('center_axis',(-1.,0.,0.));
#8933=DIRECTION('ref_axis',(0.,1.,0.));
#8934=DIRECTION('',(1.,-1.11022302462516E-15,0.));
#8935=DIRECTION('center_axis',(1.11022302462516E-15,1.,0.));
#8936=DIRECTION('ref_axis',(1.,-1.11022302462516E-15,0.));
#8937=DIRECTION('center_axis',(7.8504622934189E-16,-0.707106781186548,-0.707106781186548));
#8938=DIRECTION('ref_axis',(-1.,0.,-1.11022302462516E-15));
#8939=DIRECTION('',(-1.,6.79815536723448E-32,-1.11022302462516E-15));
#8940=DIRECTION('',(-0.577350269189626,0.577350269189626,-0.577350269189626));
#8941=DIRECTION('',(1.,-6.79815536723448E-32,1.11022302462516E-15));
#8942=DIRECTION('',(0.577350269189626,0.577350269189626,-0.577350269189626));
#8943=DIRECTION('center_axis',(-0.707106781186548,-0.707106781186548,-4.32978028117747E-17));
#8944=DIRECTION('ref_axis',(-6.12323399573677E-17,0.,1.));
#8945=DIRECTION('',(0.,-6.12323399573677E-17,1.));
#8946=DIRECTION('',(-0.577350269189626,0.577350269189626,0.577350269189626));
#8947=DIRECTION('',(0.,6.12323399573677E-17,-1.));
#8948=DIRECTION('center_axis',(0.,-0.707106781186548,0.707106781186548));
#8949=DIRECTION('ref_axis',(1.,0.,0.));
#8950=DIRECTION('',(1.,0.,0.));
#8951=DIRECTION('',(0.577350269189626,0.577350269189626,0.577350269189626));
#8952=DIRECTION('',(-1.,0.,0.));
#8953=DIRECTION('center_axis',(0.707106781186548,-0.707106781186548,-4.32978028117747E-17));
#8954=DIRECTION('ref_axis',(-6.12323399573677E-17,0.,-1.));
#8955=DIRECTION('',(0.,-6.12323399573677E-17,1.));
#8956=DIRECTION('',(0.,6.12323399573677E-17,-1.));
#8957=DIRECTION('center_axis',(1.,0.,0.));
#8958=DIRECTION('ref_axis',(0.,-1.,0.));
#8959=DIRECTION('',(0.,-1.,0.));
#8960=DIRECTION('center_axis',(-1.,0.,0.));
#8961=DIRECTION('ref_axis',(0.,1.,1.48029736616688E-15));
#8962=DIRECTION('',(0.,0.,-1.));
#8963=DIRECTION('',(0.,1.,0.));
#8964=DIRECTION('',(0.,0.,-1.));
#8965=DIRECTION('center_axis',(-1.,0.,0.));
#8966=DIRECTION('ref_axis',(0.,1.,0.));
#8967=DIRECTION('',(0.,-1.,0.));
#8968=DIRECTION('center_axis',(1.11022302462516E-15,0.,-1.));
#8969=DIRECTION('ref_axis',(1.,-6.79815536723448E-32,1.11022302462516E-15));
#8970=DIRECTION('',(0.,-1.,0.));
#8971=DIRECTION('',(1.,-6.79815536723448E-32,1.11022302462516E-15));
#8972=DIRECTION('center_axis',(0.,1.,6.12323399573677E-17));
#8973=DIRECTION('ref_axis',(1.,0.,0.));
#8974=DIRECTION('center_axis',(-0.707106781186539,0.,0.707106781186556));
#8975=DIRECTION('ref_axis',(0.707106781186556,0.,0.707106781186539));
#8976=DIRECTION('',(0.,-1.,0.));
#8977=DIRECTION('',(0.577350269189635,0.577350269189622,0.577350269189621));
#8978=DIRECTION('',(0.,1.,0.));
#8979=DIRECTION('',(0.577350269189635,-0.577350269189622,0.577350269189621));
#8980=DIRECTION('center_axis',(0.,-0.707106781186547,0.707106781186548));
#8981=DIRECTION('ref_axis',(1.,0.,0.));
#8982=DIRECTION('',(1.,0.,0.));
#8983=DIRECTION('',(-0.577350269189635,0.577350269189622,0.577350269189621));
#8984=DIRECTION('',(-1.,0.,0.));
#8985=DIRECTION('center_axis',(7.8504622934189E-16,0.707106781186547,0.707106781186548));
#8986=DIRECTION('ref_axis',(1.,0.,-1.11022302462516E-15));
#8987=DIRECTION('',(1.,-1.11022302462516E-15,0.));
#8988=DIRECTION('',(0.577350269189635,0.577350269189622,-0.577350269189621));
#8989=DIRECTION('',(-1.,1.11022302462516E-15,0.));
#8990=DIRECTION('center_axis',(0.707106781186539,0.,0.707106781186556));
#8991=DIRECTION('ref_axis',(0.707106781186556,0.,-0.707106781186539));
#8992=DIRECTION('',(0.,-1.,0.));
#8993=DIRECTION('center_axis',(0.,-1.,0.));
#8994=DIRECTION('ref_axis',(-1.,0.,0.));
#8995=DIRECTION('',(0.,0.,-1.));
#8996=DIRECTION('',(-1.,0.,0.));
#8997=DIRECTION('center_axis',(-1.,0.,0.));
#8998=DIRECTION('ref_axis',(0.,1.,0.));
#8999=DIRECTION('',(0.,-1.,0.));
#9000=DIRECTION('center_axis',(-1.,0.,0.));
#9001=DIRECTION('ref_axis',(0.,1.,0.));
#9002=DIRECTION('',(0.,0.,-1.));
#9003=DIRECTION('center_axis',(-1.,0.,0.));
#9004=DIRECTION('ref_axis',(0.,1.,0.));
#9005=DIRECTION('center_axis',(0.,0.,1.));
#9006=DIRECTION('ref_axis',(1.,0.,0.));
#9007=DIRECTION('center_axis',(0.,0.,1.));
#9008=DIRECTION('ref_axis',(-1.,0.,0.));
#9009=DIRECTION('',(-1.,0.,0.));
#9010=DIRECTION('center_axis',(-1.,0.,0.));
#9011=DIRECTION('ref_axis',(0.,1.,0.));
#9012=DIRECTION('center_axis',(-1.,0.,0.));
#9013=DIRECTION('ref_axis',(0.,1.,0.));
#9014=DIRECTION('',(1.,-1.11022302462516E-15,0.));
#9015=DIRECTION('center_axis',(1.11022302462516E-15,1.,0.));
#9016=DIRECTION('ref_axis',(1.,-1.11022302462516E-15,0.));
#9017=DIRECTION('center_axis',(7.8504622934189E-16,-0.707106781186548,-0.707106781186548));
#9018=DIRECTION('ref_axis',(-1.,0.,-1.11022302462516E-15));
#9019=DIRECTION('',(-1.,6.79815536723448E-32,-1.11022302462516E-15));
#9020=DIRECTION('',(-0.577350269189626,0.577350269189626,-0.577350269189626));
#9021=DIRECTION('',(1.,-6.79815536723448E-32,1.11022302462516E-15));
#9022=DIRECTION('',(0.577350269189626,0.577350269189626,-0.577350269189626));
#9023=DIRECTION('center_axis',(-0.707106781186548,-0.707106781186548,-4.32978028117747E-17));
#9024=DIRECTION('ref_axis',(-6.12323399573677E-17,0.,1.));
#9025=DIRECTION('',(0.,-6.12323399573677E-17,1.));
#9026=DIRECTION('',(-0.577350269189626,0.577350269189626,0.577350269189626));
#9027=DIRECTION('',(0.,6.12323399573677E-17,-1.));
#9028=DIRECTION('center_axis',(0.,-0.707106781186548,0.707106781186548));
#9029=DIRECTION('ref_axis',(1.,0.,0.));
#9030=DIRECTION('',(1.,0.,0.));
#9031=DIRECTION('',(0.577350269189626,0.577350269189626,0.577350269189626));
#9032=DIRECTION('',(-1.,0.,0.));
#9033=DIRECTION('center_axis',(0.707106781186548,-0.707106781186548,-4.32978028117747E-17));
#9034=DIRECTION('ref_axis',(-6.12323399573677E-17,0.,-1.));
#9035=DIRECTION('',(0.,-6.12323399573677E-17,1.));
#9036=DIRECTION('',(0.,6.12323399573677E-17,-1.));
#9037=DIRECTION('center_axis',(1.,0.,0.));
#9038=DIRECTION('ref_axis',(0.,-1.,0.));
#9039=DIRECTION('',(0.,-1.,0.));
#9040=DIRECTION('center_axis',(-1.,0.,0.));
#9041=DIRECTION('ref_axis',(0.,1.,1.48029736616688E-15));
#9042=DIRECTION('',(0.,0.,-1.));
#9043=DIRECTION('',(0.,1.,0.));
#9044=DIRECTION('',(0.,0.,-1.));
#9045=DIRECTION('center_axis',(-1.,0.,0.));
#9046=DIRECTION('ref_axis',(0.,1.,0.));
#9047=DIRECTION('',(0.,-1.,0.));
#9048=DIRECTION('center_axis',(1.11022302462516E-15,0.,-1.));
#9049=DIRECTION('ref_axis',(1.,-6.79815536723448E-32,1.11022302462516E-15));
#9050=DIRECTION('',(0.,-1.,0.));
#9051=DIRECTION('',(1.,-6.79815536723448E-32,1.11022302462516E-15));
#9052=DIRECTION('center_axis',(0.,1.,6.12323399573677E-17));
#9053=DIRECTION('ref_axis',(1.,0.,0.));
#9054=DIRECTION('center_axis',(-0.707106781186539,0.,0.707106781186556));
#9055=DIRECTION('ref_axis',(0.707106781186556,0.,0.707106781186539));
#9056=DIRECTION('',(0.,-1.,0.));
#9057=DIRECTION('',(0.577350269189635,0.577350269189622,0.577350269189621));
#9058=DIRECTION('',(0.,1.,0.));
#9059=DIRECTION('',(0.577350269189635,-0.577350269189622,0.577350269189621));
#9060=DIRECTION('center_axis',(0.,-0.707106781186547,0.707106781186548));
#9061=DIRECTION('ref_axis',(1.,0.,0.));
#9062=DIRECTION('',(1.,0.,0.));
#9063=DIRECTION('',(-0.577350269189635,0.577350269189622,0.577350269189621));
#9064=DIRECTION('',(-1.,0.,0.));
#9065=DIRECTION('center_axis',(7.8504622934189E-16,0.707106781186547,0.707106781186548));
#9066=DIRECTION('ref_axis',(1.,0.,-1.11022302462516E-15));
#9067=DIRECTION('',(1.,-1.11022302462516E-15,0.));
#9068=DIRECTION('',(0.577350269189635,0.577350269189622,-0.577350269189621));
#9069=DIRECTION('',(-1.,1.11022302462516E-15,0.));
#9070=DIRECTION('center_axis',(0.707106781186539,0.,0.707106781186556));
#9071=DIRECTION('ref_axis',(0.707106781186556,0.,-0.707106781186539));
#9072=DIRECTION('',(0.,-1.,0.));
#9073=DIRECTION('center_axis',(0.,-1.,0.));
#9074=DIRECTION('ref_axis',(-1.,0.,0.));
#9075=DIRECTION('',(0.,0.,-1.));
#9076=DIRECTION('',(-1.,0.,0.));
#9077=DIRECTION('center_axis',(-1.,0.,0.));
#9078=DIRECTION('ref_axis',(0.,1.,0.));
#9079=DIRECTION('',(0.,-1.,0.));
#9080=DIRECTION('center_axis',(-1.,0.,0.));
#9081=DIRECTION('ref_axis',(0.,1.,0.));
#9082=DIRECTION('',(0.,0.,-1.));
#9083=DIRECTION('center_axis',(-1.,0.,0.));
#9084=DIRECTION('ref_axis',(0.,1.,0.));
#9085=DIRECTION('center_axis',(0.,0.,1.));
#9086=DIRECTION('ref_axis',(1.,0.,0.));
#9087=DIRECTION('center_axis',(0.,0.,1.));
#9088=DIRECTION('ref_axis',(-1.,0.,0.));
#9089=DIRECTION('',(-1.,0.,0.));
#9090=DIRECTION('center_axis',(-1.,0.,0.));
#9091=DIRECTION('ref_axis',(0.,1.,0.));
#9092=DIRECTION('center_axis',(-1.,0.,0.));
#9093=DIRECTION('ref_axis',(0.,1.,0.));
#9094=DIRECTION('',(1.,-1.11022302462516E-15,0.));
#9095=DIRECTION('center_axis',(1.11022302462516E-15,1.,0.));
#9096=DIRECTION('ref_axis',(1.,-1.11022302462516E-15,0.));
#9097=DIRECTION('center_axis',(7.8504622934189E-16,-0.707106781186548,-0.707106781186548));
#9098=DIRECTION('ref_axis',(-1.,0.,-1.11022302462516E-15));
#9099=DIRECTION('',(-1.,6.79815536723448E-32,-1.11022302462516E-15));
#9100=DIRECTION('',(-0.577350269189626,0.577350269189626,-0.577350269189626));
#9101=DIRECTION('',(1.,-6.79815536723448E-32,1.11022302462516E-15));
#9102=DIRECTION('',(0.577350269189626,0.577350269189626,-0.577350269189626));
#9103=DIRECTION('center_axis',(-0.707106781186548,-0.707106781186548,-4.32978028117747E-17));
#9104=DIRECTION('ref_axis',(-6.12323399573677E-17,0.,1.));
#9105=DIRECTION('',(0.,-6.12323399573677E-17,1.));
#9106=DIRECTION('',(-0.577350269189626,0.577350269189626,0.577350269189626));
#9107=DIRECTION('',(0.,6.12323399573677E-17,-1.));
#9108=DIRECTION('center_axis',(0.,-0.707106781186548,0.707106781186548));
#9109=DIRECTION('ref_axis',(1.,0.,0.));
#9110=DIRECTION('',(1.,0.,0.));
#9111=DIRECTION('',(0.577350269189626,0.577350269189626,0.577350269189626));
#9112=DIRECTION('',(-1.,0.,0.));
#9113=DIRECTION('center_axis',(0.707106781186548,-0.707106781186548,-4.32978028117747E-17));
#9114=DIRECTION('ref_axis',(-6.12323399573677E-17,0.,-1.));
#9115=DIRECTION('',(0.,-6.12323399573677E-17,1.));
#9116=DIRECTION('',(0.,6.12323399573677E-17,-1.));
#9117=DIRECTION('center_axis',(1.,0.,0.));
#9118=DIRECTION('ref_axis',(0.,-1.,0.));
#9119=DIRECTION('',(0.,-1.,0.));
#9120=DIRECTION('center_axis',(-1.,0.,0.));
#9121=DIRECTION('ref_axis',(0.,1.,1.48029736616688E-15));
#9122=DIRECTION('',(0.,0.,-1.));
#9123=DIRECTION('',(0.,1.,0.));
#9124=DIRECTION('',(0.,0.,-1.));
#9125=DIRECTION('center_axis',(-1.,0.,0.));
#9126=DIRECTION('ref_axis',(0.,1.,0.));
#9127=DIRECTION('',(0.,-1.,0.));
#9128=DIRECTION('center_axis',(1.11022302462516E-15,0.,-1.));
#9129=DIRECTION('ref_axis',(1.,-6.79815536723448E-32,1.11022302462516E-15));
#9130=DIRECTION('',(0.,-1.,0.));
#9131=DIRECTION('',(1.,-6.79815536723448E-32,1.11022302462516E-15));
#9132=DIRECTION('center_axis',(0.,1.,6.12323399573677E-17));
#9133=DIRECTION('ref_axis',(1.,0.,0.));
#9134=DIRECTION('center_axis',(-0.707106781186539,0.,0.707106781186556));
#9135=DIRECTION('ref_axis',(0.707106781186556,0.,0.707106781186539));
#9136=DIRECTION('',(0.,-1.,0.));
#9137=DIRECTION('',(0.577350269189635,0.577350269189622,0.577350269189621));
#9138=DIRECTION('',(0.,1.,0.));
#9139=DIRECTION('',(0.577350269189635,-0.577350269189622,0.577350269189621));
#9140=DIRECTION('center_axis',(0.,-0.707106781186547,0.707106781186548));
#9141=DIRECTION('ref_axis',(1.,0.,0.));
#9142=DIRECTION('',(1.,0.,0.));
#9143=DIRECTION('',(-0.577350269189635,0.577350269189622,0.577350269189621));
#9144=DIRECTION('',(-1.,0.,0.));
#9145=DIRECTION('center_axis',(7.8504622934189E-16,0.707106781186547,0.707106781186548));
#9146=DIRECTION('ref_axis',(1.,0.,-1.11022302462516E-15));
#9147=DIRECTION('',(1.,-1.11022302462516E-15,0.));
#9148=DIRECTION('',(0.577350269189635,0.577350269189622,-0.577350269189621));
#9149=DIRECTION('',(-1.,1.11022302462516E-15,0.));
#9150=DIRECTION('center_axis',(0.707106781186539,0.,0.707106781186556));
#9151=DIRECTION('ref_axis',(0.707106781186556,0.,-0.707106781186539));
#9152=DIRECTION('',(0.,-1.,0.));
#9153=DIRECTION('center_axis',(0.,-1.,0.));
#9154=DIRECTION('ref_axis',(-1.,0.,0.));
#9155=DIRECTION('',(0.,0.,-1.));
#9156=DIRECTION('',(-1.,0.,0.));
#9157=DIRECTION('center_axis',(-1.,0.,0.));
#9158=DIRECTION('ref_axis',(0.,1.,0.));
#9159=DIRECTION('',(0.,-1.,0.));
#9160=DIRECTION('center_axis',(-1.,0.,0.));
#9161=DIRECTION('ref_axis',(0.,1.,0.));
#9162=DIRECTION('',(0.,0.,-1.));
#9163=DIRECTION('center_axis',(-1.,0.,0.));
#9164=DIRECTION('ref_axis',(0.,1.,0.));
#9165=DIRECTION('center_axis',(0.,0.,1.));
#9166=DIRECTION('ref_axis',(1.,0.,0.));
#9167=DIRECTION('center_axis',(0.,0.,1.));
#9168=DIRECTION('ref_axis',(-1.,0.,0.));
#9169=DIRECTION('',(-1.,0.,0.));
#9170=DIRECTION('center_axis',(-1.,0.,0.));
#9171=DIRECTION('ref_axis',(0.,1.,0.));
#9172=DIRECTION('center_axis',(-1.,0.,0.));
#9173=DIRECTION('ref_axis',(0.,1.,0.));
#9174=DIRECTION('',(1.,-1.11022302462516E-15,0.));
#9175=DIRECTION('center_axis',(1.11022302462516E-15,1.,0.));
#9176=DIRECTION('ref_axis',(1.,-1.11022302462516E-15,0.));
#9177=DIRECTION('center_axis',(7.8504622934189E-16,-0.707106781186548,-0.707106781186548));
#9178=DIRECTION('ref_axis',(-1.,0.,-1.11022302462516E-15));
#9179=DIRECTION('',(-1.,6.79815536723448E-32,-1.11022302462516E-15));
#9180=DIRECTION('',(-0.577350269189626,0.577350269189626,-0.577350269189626));
#9181=DIRECTION('',(1.,-6.79815536723448E-32,1.11022302462516E-15));
#9182=DIRECTION('',(0.577350269189626,0.577350269189626,-0.577350269189626));
#9183=DIRECTION('center_axis',(-0.707106781186548,-0.707106781186548,-4.32978028117747E-17));
#9184=DIRECTION('ref_axis',(-6.12323399573677E-17,0.,1.));
#9185=DIRECTION('',(0.,-6.12323399573677E-17,1.));
#9186=DIRECTION('',(-0.577350269189626,0.577350269189626,0.577350269189626));
#9187=DIRECTION('',(0.,6.12323399573677E-17,-1.));
#9188=DIRECTION('center_axis',(0.,-0.707106781186548,0.707106781186548));
#9189=DIRECTION('ref_axis',(1.,0.,0.));
#9190=DIRECTION('',(1.,0.,0.));
#9191=DIRECTION('',(0.577350269189626,0.577350269189626,0.577350269189626));
#9192=DIRECTION('',(-1.,0.,0.));
#9193=DIRECTION('center_axis',(0.707106781186548,-0.707106781186548,-4.32978028117747E-17));
#9194=DIRECTION('ref_axis',(-6.12323399573677E-17,0.,-1.));
#9195=DIRECTION('',(0.,-6.12323399573677E-17,1.));
#9196=DIRECTION('',(0.,6.12323399573677E-17,-1.));
#9197=DIRECTION('center_axis',(1.,0.,0.));
#9198=DIRECTION('ref_axis',(0.,-1.,0.));
#9199=DIRECTION('',(0.,-1.,0.));
#9200=DIRECTION('center_axis',(-1.,0.,0.));
#9201=DIRECTION('ref_axis',(0.,1.,1.48029736616688E-15));
#9202=DIRECTION('',(0.,0.,-1.));
#9203=DIRECTION('',(0.,1.,0.));
#9204=DIRECTION('',(0.,0.,-1.));
#9205=DIRECTION('center_axis',(-1.,0.,0.));
#9206=DIRECTION('ref_axis',(0.,1.,0.));
#9207=DIRECTION('',(0.,-1.,0.));
#9208=DIRECTION('center_axis',(1.11022302462516E-15,0.,-1.));
#9209=DIRECTION('ref_axis',(1.,-6.79815536723448E-32,1.11022302462516E-15));
#9210=DIRECTION('',(0.,-1.,0.));
#9211=DIRECTION('',(1.,-6.79815536723448E-32,1.11022302462516E-15));
#9212=DIRECTION('center_axis',(0.,1.,6.12323399573677E-17));
#9213=DIRECTION('ref_axis',(1.,0.,0.));
#9214=DIRECTION('center_axis',(-0.707106781186539,0.,0.707106781186556));
#9215=DIRECTION('ref_axis',(0.707106781186556,0.,0.707106781186539));
#9216=DIRECTION('',(0.,-1.,0.));
#9217=DIRECTION('',(0.577350269189635,0.577350269189622,0.577350269189621));
#9218=DIRECTION('',(0.,1.,0.));
#9219=DIRECTION('',(0.577350269189635,-0.577350269189622,0.577350269189621));
#9220=DIRECTION('center_axis',(0.,-0.707106781186547,0.707106781186548));
#9221=DIRECTION('ref_axis',(1.,0.,0.));
#9222=DIRECTION('',(1.,0.,0.));
#9223=DIRECTION('',(-0.577350269189635,0.577350269189622,0.577350269189621));
#9224=DIRECTION('',(-1.,0.,0.));
#9225=DIRECTION('center_axis',(7.8504622934189E-16,0.707106781186547,0.707106781186548));
#9226=DIRECTION('ref_axis',(1.,0.,-1.11022302462516E-15));
#9227=DIRECTION('',(1.,-1.11022302462516E-15,0.));
#9228=DIRECTION('',(0.577350269189635,0.577350269189622,-0.577350269189621));
#9229=DIRECTION('',(-1.,1.11022302462516E-15,0.));
#9230=DIRECTION('center_axis',(0.707106781186539,0.,0.707106781186556));
#9231=DIRECTION('ref_axis',(0.707106781186556,0.,-0.707106781186539));
#9232=DIRECTION('',(0.,-1.,0.));
#9233=DIRECTION('center_axis',(0.,-1.,0.));
#9234=DIRECTION('ref_axis',(-1.,0.,0.));
#9235=DIRECTION('',(0.,0.,-1.));
#9236=DIRECTION('',(-1.,0.,0.));
#9237=DIRECTION('center_axis',(-1.,0.,0.));
#9238=DIRECTION('ref_axis',(0.,1.,0.));
#9239=DIRECTION('',(0.,-1.,0.));
#9240=DIRECTION('center_axis',(-1.,0.,0.));
#9241=DIRECTION('ref_axis',(0.,1.,0.));
#9242=DIRECTION('',(0.,0.,-1.));
#9243=DIRECTION('center_axis',(-1.,0.,0.));
#9244=DIRECTION('ref_axis',(0.,1.,0.));
#9245=DIRECTION('center_axis',(0.,0.,1.));
#9246=DIRECTION('ref_axis',(1.,0.,0.));
#9247=DIRECTION('center_axis',(0.,0.,1.));
#9248=DIRECTION('ref_axis',(-1.,0.,0.));
#9249=DIRECTION('',(-1.,0.,0.));
#9250=DIRECTION('center_axis',(-1.,0.,0.));
#9251=DIRECTION('ref_axis',(0.,1.,0.));
#9252=DIRECTION('center_axis',(-1.,0.,0.));
#9253=DIRECTION('ref_axis',(0.,1.,0.));
#9254=DIRECTION('',(1.,-1.11022302462516E-15,0.));
#9255=DIRECTION('center_axis',(1.11022302462516E-15,1.,0.));
#9256=DIRECTION('ref_axis',(1.,-1.11022302462516E-15,0.));
#9257=DIRECTION('center_axis',(7.8504622934189E-16,-0.707106781186548,-0.707106781186548));
#9258=DIRECTION('ref_axis',(-1.,0.,-1.11022302462516E-15));
#9259=DIRECTION('',(-1.,6.79815536723448E-32,-1.11022302462516E-15));
#9260=DIRECTION('',(-0.577350269189626,0.577350269189626,-0.577350269189626));
#9261=DIRECTION('',(1.,-6.79815536723448E-32,1.11022302462516E-15));
#9262=DIRECTION('',(0.577350269189626,0.577350269189626,-0.577350269189626));
#9263=DIRECTION('center_axis',(-0.707106781186548,-0.707106781186548,-4.32978028117747E-17));
#9264=DIRECTION('ref_axis',(-6.12323399573677E-17,0.,1.));
#9265=DIRECTION('',(0.,-6.12323399573677E-17,1.));
#9266=DIRECTION('',(-0.577350269189626,0.577350269189626,0.577350269189626));
#9267=DIRECTION('',(0.,6.12323399573677E-17,-1.));
#9268=DIRECTION('center_axis',(0.,-0.707106781186548,0.707106781186548));
#9269=DIRECTION('ref_axis',(1.,0.,0.));
#9270=DIRECTION('',(1.,0.,0.));
#9271=DIRECTION('',(0.577350269189626,0.577350269189626,0.577350269189626));
#9272=DIRECTION('',(-1.,0.,0.));
#9273=DIRECTION('center_axis',(0.707106781186548,-0.707106781186548,-4.32978028117747E-17));
#9274=DIRECTION('ref_axis',(-6.12323399573677E-17,0.,-1.));
#9275=DIRECTION('',(0.,-6.12323399573677E-17,1.));
#9276=DIRECTION('',(0.,6.12323399573677E-17,-1.));
#9277=DIRECTION('center_axis',(1.,0.,0.));
#9278=DIRECTION('ref_axis',(0.,-1.,0.));
#9279=DIRECTION('',(0.,-1.,0.));
#9280=DIRECTION('center_axis',(-1.,0.,0.));
#9281=DIRECTION('ref_axis',(0.,1.,1.48029736616688E-15));
#9282=DIRECTION('',(0.,0.,-1.));
#9283=DIRECTION('',(0.,1.,0.));
#9284=DIRECTION('',(0.,0.,-1.));
#9285=DIRECTION('center_axis',(-1.,0.,0.));
#9286=DIRECTION('ref_axis',(0.,1.,0.));
#9287=DIRECTION('',(0.,-1.,0.));
#9288=DIRECTION('center_axis',(1.11022302462516E-15,0.,-1.));
#9289=DIRECTION('ref_axis',(1.,-6.79815536723448E-32,1.11022302462516E-15));
#9290=DIRECTION('',(0.,-1.,0.));
#9291=DIRECTION('',(1.,-6.79815536723448E-32,1.11022302462516E-15));
#9292=DIRECTION('center_axis',(0.,1.,6.12323399573677E-17));
#9293=DIRECTION('ref_axis',(1.,0.,0.));
#9294=DIRECTION('center_axis',(-0.707106781186539,0.,0.707106781186556));
#9295=DIRECTION('ref_axis',(0.707106781186556,0.,0.707106781186539));
#9296=DIRECTION('',(0.,-1.,0.));
#9297=DIRECTION('',(0.577350269189635,0.577350269189622,0.577350269189621));
#9298=DIRECTION('',(0.,1.,0.));
#9299=DIRECTION('',(0.577350269189635,-0.577350269189622,0.577350269189621));
#9300=DIRECTION('center_axis',(0.,-0.707106781186547,0.707106781186548));
#9301=DIRECTION('ref_axis',(1.,0.,0.));
#9302=DIRECTION('',(1.,0.,0.));
#9303=DIRECTION('',(-0.577350269189635,0.577350269189622,0.577350269189621));
#9304=DIRECTION('',(-1.,0.,0.));
#9305=DIRECTION('center_axis',(7.8504622934189E-16,0.707106781186547,0.707106781186548));
#9306=DIRECTION('ref_axis',(1.,0.,-1.11022302462516E-15));
#9307=DIRECTION('',(1.,-1.11022302462516E-15,0.));
#9308=DIRECTION('',(0.577350269189635,0.577350269189622,-0.577350269189621));
#9309=DIRECTION('',(-1.,1.11022302462516E-15,0.));
#9310=DIRECTION('center_axis',(0.707106781186539,0.,0.707106781186556));
#9311=DIRECTION('ref_axis',(0.707106781186556,0.,-0.707106781186539));
#9312=DIRECTION('',(0.,-1.,0.));
#9313=DIRECTION('center_axis',(0.,-1.,0.));
#9314=DIRECTION('ref_axis',(-1.,0.,0.));
#9315=DIRECTION('',(0.,0.,-1.));
#9316=DIRECTION('',(-1.,0.,0.));
#9317=DIRECTION('center_axis',(-1.,0.,0.));
#9318=DIRECTION('ref_axis',(0.,1.,0.));
#9319=DIRECTION('',(0.,-1.,0.));
#9320=DIRECTION('center_axis',(-1.,0.,0.));
#9321=DIRECTION('ref_axis',(0.,1.,0.));
#9322=DIRECTION('',(0.,0.,-1.));
#9323=DIRECTION('center_axis',(-1.,0.,0.));
#9324=DIRECTION('ref_axis',(0.,1.,0.));
#9325=DIRECTION('center_axis',(0.,0.,1.));
#9326=DIRECTION('ref_axis',(1.,0.,0.));
#9327=DIRECTION('center_axis',(0.,0.,1.));
#9328=DIRECTION('ref_axis',(-1.,0.,0.));
#9329=DIRECTION('',(-1.,0.,0.));
#9330=DIRECTION('center_axis',(-1.,0.,0.));
#9331=DIRECTION('ref_axis',(0.,1.,0.));
#9332=DIRECTION('center_axis',(-1.,0.,0.));
#9333=DIRECTION('ref_axis',(0.,1.,0.));
#9334=DIRECTION('',(1.,-1.11022302462516E-15,0.));
#9335=DIRECTION('center_axis',(1.11022302462516E-15,1.,0.));
#9336=DIRECTION('ref_axis',(1.,-1.11022302462516E-15,0.));
#9337=DIRECTION('center_axis',(7.8504622934189E-16,-0.707106781186548,-0.707106781186548));
#9338=DIRECTION('ref_axis',(-1.,0.,-1.11022302462516E-15));
#9339=DIRECTION('',(-1.,6.79815536723448E-32,-1.11022302462516E-15));
#9340=DIRECTION('',(-0.577350269189626,0.577350269189626,-0.577350269189626));
#9341=DIRECTION('',(1.,-6.79815536723448E-32,1.11022302462516E-15));
#9342=DIRECTION('',(0.577350269189626,0.577350269189626,-0.577350269189626));
#9343=DIRECTION('center_axis',(-0.707106781186548,-0.707106781186548,-4.32978028117747E-17));
#9344=DIRECTION('ref_axis',(-6.12323399573677E-17,0.,1.));
#9345=DIRECTION('',(0.,-6.12323399573677E-17,1.));
#9346=DIRECTION('',(-0.577350269189626,0.577350269189626,0.577350269189626));
#9347=DIRECTION('',(0.,6.12323399573677E-17,-1.));
#9348=DIRECTION('center_axis',(0.,-0.707106781186548,0.707106781186548));
#9349=DIRECTION('ref_axis',(1.,0.,0.));
#9350=DIRECTION('',(1.,0.,0.));
#9351=DIRECTION('',(0.577350269189626,0.577350269189626,0.577350269189626));
#9352=DIRECTION('',(-1.,0.,0.));
#9353=DIRECTION('center_axis',(0.707106781186548,-0.707106781186548,-4.32978028117747E-17));
#9354=DIRECTION('ref_axis',(-6.12323399573677E-17,0.,-1.));
#9355=DIRECTION('',(0.,-6.12323399573677E-17,1.));
#9356=DIRECTION('',(0.,6.12323399573677E-17,-1.));
#9357=DIRECTION('center_axis',(1.,0.,0.));
#9358=DIRECTION('ref_axis',(0.,-1.,0.));
#9359=DIRECTION('',(0.,-1.,0.));
#9360=DIRECTION('center_axis',(-1.,0.,0.));
#9361=DIRECTION('ref_axis',(0.,1.,1.48029736616688E-15));
#9362=DIRECTION('',(0.,0.,-1.));
#9363=DIRECTION('',(0.,1.,0.));
#9364=DIRECTION('',(0.,0.,-1.));
#9365=DIRECTION('center_axis',(-1.,0.,0.));
#9366=DIRECTION('ref_axis',(0.,1.,0.));
#9367=DIRECTION('',(0.,-1.,0.));
#9368=DIRECTION('center_axis',(1.11022302462516E-15,0.,-1.));
#9369=DIRECTION('ref_axis',(1.,-6.79815536723448E-32,1.11022302462516E-15));
#9370=DIRECTION('',(0.,-1.,0.));
#9371=DIRECTION('',(1.,-6.79815536723448E-32,1.11022302462516E-15));
#9372=DIRECTION('center_axis',(0.,1.,6.12323399573677E-17));
#9373=DIRECTION('ref_axis',(1.,0.,0.));
#9374=DIRECTION('center_axis',(-0.707106781186539,0.,0.707106781186556));
#9375=DIRECTION('ref_axis',(0.707106781186556,0.,0.707106781186539));
#9376=DIRECTION('',(0.,-1.,0.));
#9377=DIRECTION('',(0.577350269189635,0.577350269189622,0.577350269189621));
#9378=DIRECTION('',(0.,1.,0.));
#9379=DIRECTION('',(0.577350269189635,-0.577350269189622,0.577350269189621));
#9380=DIRECTION('center_axis',(0.,-0.707106781186547,0.707106781186548));
#9381=DIRECTION('ref_axis',(1.,0.,0.));
#9382=DIRECTION('',(1.,0.,0.));
#9383=DIRECTION('',(-0.577350269189635,0.577350269189622,0.577350269189621));
#9384=DIRECTION('',(-1.,0.,0.));
#9385=DIRECTION('center_axis',(7.8504622934189E-16,0.707106781186547,0.707106781186548));
#9386=DIRECTION('ref_axis',(1.,0.,-1.11022302462516E-15));
#9387=DIRECTION('',(1.,-1.11022302462516E-15,0.));
#9388=DIRECTION('',(0.577350269189635,0.577350269189622,-0.577350269189621));
#9389=DIRECTION('',(-1.,1.11022302462516E-15,0.));
#9390=DIRECTION('center_axis',(0.707106781186539,0.,0.707106781186556));
#9391=DIRECTION('ref_axis',(0.707106781186556,0.,-0.707106781186539));
#9392=DIRECTION('',(0.,-1.,0.));
#9393=DIRECTION('center_axis',(0.,-1.,0.));
#9394=DIRECTION('ref_axis',(-1.,0.,0.));
#9395=DIRECTION('',(0.,0.,-1.));
#9396=DIRECTION('',(-1.,0.,0.));
#9397=DIRECTION('center_axis',(-1.,0.,0.));
#9398=DIRECTION('ref_axis',(0.,1.,0.));
#9399=DIRECTION('',(0.,-1.,0.));
#9400=DIRECTION('center_axis',(-1.,0.,0.));
#9401=DIRECTION('ref_axis',(0.,1.,0.));
#9402=DIRECTION('',(0.,0.,-1.));
#9403=DIRECTION('center_axis',(-1.,0.,0.));
#9404=DIRECTION('ref_axis',(0.,1.,0.));
#9405=DIRECTION('center_axis',(0.,0.,1.));
#9406=DIRECTION('ref_axis',(1.,0.,0.));
#9407=DIRECTION('center_axis',(0.,0.,1.));
#9408=DIRECTION('ref_axis',(-1.,0.,0.));
#9409=DIRECTION('',(-1.,0.,0.));
#9410=DIRECTION('center_axis',(-1.,0.,0.));
#9411=DIRECTION('ref_axis',(0.,1.,0.));
#9412=DIRECTION('center_axis',(-1.,0.,0.));
#9413=DIRECTION('ref_axis',(0.,1.,0.));
#9414=DIRECTION('',(1.,-1.11022302462516E-15,0.));
#9415=DIRECTION('center_axis',(1.11022302462516E-15,1.,0.));
#9416=DIRECTION('ref_axis',(1.,-1.11022302462516E-15,0.));
#9417=DIRECTION('center_axis',(7.8504622934189E-16,-0.707106781186548,-0.707106781186548));
#9418=DIRECTION('ref_axis',(-1.,0.,-1.11022302462516E-15));
#9419=DIRECTION('',(-1.,6.79815536723448E-32,-1.11022302462516E-15));
#9420=DIRECTION('',(-0.577350269189626,0.577350269189626,-0.577350269189626));
#9421=DIRECTION('',(1.,-6.79815536723448E-32,1.11022302462516E-15));
#9422=DIRECTION('',(0.577350269189626,0.577350269189626,-0.577350269189626));
#9423=DIRECTION('center_axis',(-0.707106781186548,-0.707106781186548,-4.32978028117747E-17));
#9424=DIRECTION('ref_axis',(-6.12323399573677E-17,0.,1.));
#9425=DIRECTION('',(0.,-6.12323399573677E-17,1.));
#9426=DIRECTION('',(-0.577350269189626,0.577350269189626,0.577350269189626));
#9427=DIRECTION('',(0.,6.12323399573677E-17,-1.));
#9428=DIRECTION('center_axis',(0.,-0.707106781186548,0.707106781186548));
#9429=DIRECTION('ref_axis',(1.,0.,0.));
#9430=DIRECTION('',(1.,0.,0.));
#9431=DIRECTION('',(0.577350269189626,0.577350269189626,0.577350269189626));
#9432=DIRECTION('',(-1.,0.,0.));
#9433=DIRECTION('center_axis',(0.707106781186548,-0.707106781186548,-4.32978028117747E-17));
#9434=DIRECTION('ref_axis',(-6.12323399573677E-17,0.,-1.));
#9435=DIRECTION('',(0.,-6.12323399573677E-17,1.));
#9436=DIRECTION('',(0.,6.12323399573677E-17,-1.));
#9437=DIRECTION('center_axis',(1.,0.,0.));
#9438=DIRECTION('ref_axis',(0.,-1.,0.));
#9439=DIRECTION('',(0.,-1.,0.));
#9440=DIRECTION('center_axis',(-1.,0.,0.));
#9441=DIRECTION('ref_axis',(0.,1.,1.48029736616688E-15));
#9442=DIRECTION('',(0.,0.,-1.));
#9443=DIRECTION('',(0.,1.,0.));
#9444=DIRECTION('',(0.,0.,-1.));
#9445=DIRECTION('center_axis',(-1.,0.,0.));
#9446=DIRECTION('ref_axis',(0.,1.,0.));
#9447=DIRECTION('',(0.,-1.,0.));
#9448=DIRECTION('center_axis',(1.11022302462516E-15,0.,-1.));
#9449=DIRECTION('ref_axis',(1.,-6.79815536723448E-32,1.11022302462516E-15));
#9450=DIRECTION('',(0.,-1.,0.));
#9451=DIRECTION('',(1.,-6.79815536723448E-32,1.11022302462516E-15));
#9452=DIRECTION('center_axis',(0.,1.,6.12323399573677E-17));
#9453=DIRECTION('ref_axis',(1.,0.,0.));
#9454=DIRECTION('center_axis',(-0.707106781186539,0.,0.707106781186556));
#9455=DIRECTION('ref_axis',(0.707106781186556,0.,0.707106781186539));
#9456=DIRECTION('',(0.,-1.,0.));
#9457=DIRECTION('',(0.577350269189635,0.577350269189622,0.577350269189621));
#9458=DIRECTION('',(0.,1.,0.));
#9459=DIRECTION('',(0.577350269189635,-0.577350269189622,0.577350269189621));
#9460=DIRECTION('center_axis',(0.,-0.707106781186547,0.707106781186548));
#9461=DIRECTION('ref_axis',(1.,0.,0.));
#9462=DIRECTION('',(1.,0.,0.));
#9463=DIRECTION('',(-0.577350269189635,0.577350269189622,0.577350269189621));
#9464=DIRECTION('',(-1.,0.,0.));
#9465=DIRECTION('center_axis',(7.8504622934189E-16,0.707106781186547,0.707106781186548));
#9466=DIRECTION('ref_axis',(1.,0.,-1.11022302462516E-15));
#9467=DIRECTION('',(1.,-1.11022302462516E-15,0.));
#9468=DIRECTION('',(0.577350269189635,0.577350269189622,-0.577350269189621));
#9469=DIRECTION('',(-1.,1.11022302462516E-15,0.));
#9470=DIRECTION('center_axis',(0.707106781186539,0.,0.707106781186556));
#9471=DIRECTION('ref_axis',(0.707106781186556,0.,-0.707106781186539));
#9472=DIRECTION('',(0.,-1.,0.));
#9473=DIRECTION('center_axis',(0.,-1.,0.));
#9474=DIRECTION('ref_axis',(-1.,0.,0.));
#9475=DIRECTION('',(0.,0.,-1.));
#9476=DIRECTION('',(-1.,0.,0.));
#9477=DIRECTION('center_axis',(-1.,0.,0.));
#9478=DIRECTION('ref_axis',(0.,1.,0.));
#9479=DIRECTION('',(0.,-1.,0.));
#9480=DIRECTION('center_axis',(-1.,0.,0.));
#9481=DIRECTION('ref_axis',(0.,1.,0.));
#9482=DIRECTION('',(0.,0.,-1.));
#9483=DIRECTION('center_axis',(-1.,0.,0.));
#9484=DIRECTION('ref_axis',(0.,1.,0.));
#9485=DIRECTION('center_axis',(0.,0.,1.));
#9486=DIRECTION('ref_axis',(1.,0.,0.));
#9487=DIRECTION('center_axis',(0.,0.,1.));
#9488=DIRECTION('ref_axis',(-1.,0.,0.));
#9489=DIRECTION('',(-1.,0.,0.));
#9490=DIRECTION('center_axis',(-1.,0.,0.));
#9491=DIRECTION('ref_axis',(0.,1.,0.));
#9492=DIRECTION('center_axis',(-1.,0.,0.));
#9493=DIRECTION('ref_axis',(0.,1.,0.));
#9494=DIRECTION('',(1.,-1.11022302462516E-15,0.));
#9495=DIRECTION('center_axis',(1.11022302462516E-15,1.,0.));
#9496=DIRECTION('ref_axis',(1.,-1.11022302462516E-15,0.));
#9497=DIRECTION('center_axis',(7.8504622934189E-16,-0.707106781186548,-0.707106781186548));
#9498=DIRECTION('ref_axis',(-1.,0.,-1.11022302462516E-15));
#9499=DIRECTION('',(-1.,6.79815536723448E-32,-1.11022302462516E-15));
#9500=DIRECTION('',(-0.577350269189626,0.577350269189626,-0.577350269189626));
#9501=DIRECTION('',(1.,-6.79815536723448E-32,1.11022302462516E-15));
#9502=DIRECTION('',(0.577350269189626,0.577350269189626,-0.577350269189626));
#9503=DIRECTION('center_axis',(-0.707106781186548,-0.707106781186548,-4.32978028117747E-17));
#9504=DIRECTION('ref_axis',(-6.12323399573677E-17,0.,1.));
#9505=DIRECTION('',(0.,-6.12323399573677E-17,1.));
#9506=DIRECTION('',(-0.577350269189626,0.577350269189626,0.577350269189626));
#9507=DIRECTION('',(0.,6.12323399573677E-17,-1.));
#9508=DIRECTION('center_axis',(0.,-0.707106781186548,0.707106781186548));
#9509=DIRECTION('ref_axis',(1.,0.,0.));
#9510=DIRECTION('',(1.,0.,0.));
#9511=DIRECTION('',(0.577350269189626,0.577350269189626,0.577350269189626));
#9512=DIRECTION('',(-1.,0.,0.));
#9513=DIRECTION('center_axis',(0.707106781186548,-0.707106781186548,-4.32978028117747E-17));
#9514=DIRECTION('ref_axis',(-6.12323399573677E-17,0.,-1.));
#9515=DIRECTION('',(0.,-6.12323399573677E-17,1.));
#9516=DIRECTION('',(0.,6.12323399573677E-17,-1.));
#9517=DIRECTION('center_axis',(1.,0.,0.));
#9518=DIRECTION('ref_axis',(0.,-1.,0.));
#9519=DIRECTION('',(0.,-1.,0.));
#9520=DIRECTION('center_axis',(-1.,0.,0.));
#9521=DIRECTION('ref_axis',(0.,1.,1.48029736616688E-15));
#9522=DIRECTION('',(0.,0.,-1.));
#9523=DIRECTION('',(0.,1.,0.));
#9524=DIRECTION('',(0.,0.,-1.));
#9525=DIRECTION('center_axis',(-1.,0.,0.));
#9526=DIRECTION('ref_axis',(0.,1.,0.));
#9527=DIRECTION('',(0.,-1.,0.));
#9528=DIRECTION('center_axis',(1.11022302462516E-15,0.,-1.));
#9529=DIRECTION('ref_axis',(1.,-6.79815536723448E-32,1.11022302462516E-15));
#9530=DIRECTION('',(0.,-1.,0.));
#9531=DIRECTION('',(1.,-6.79815536723448E-32,1.11022302462516E-15));
#9532=DIRECTION('center_axis',(0.,1.,6.12323399573677E-17));
#9533=DIRECTION('ref_axis',(1.,0.,0.));
#9534=DIRECTION('center_axis',(-0.707106781186539,0.,0.707106781186556));
#9535=DIRECTION('ref_axis',(0.707106781186556,0.,0.707106781186539));
#9536=DIRECTION('',(0.,-1.,0.));
#9537=DIRECTION('',(0.577350269189635,0.577350269189622,0.577350269189621));
#9538=DIRECTION('',(0.,1.,0.));
#9539=DIRECTION('',(0.577350269189635,-0.577350269189622,0.577350269189621));
#9540=DIRECTION('center_axis',(0.,-0.707106781186547,0.707106781186548));
#9541=DIRECTION('ref_axis',(1.,0.,0.));
#9542=DIRECTION('',(1.,0.,0.));
#9543=DIRECTION('',(-0.577350269189635,0.577350269189622,0.577350269189621));
#9544=DIRECTION('',(-1.,0.,0.));
#9545=DIRECTION('center_axis',(7.8504622934189E-16,0.707106781186547,0.707106781186548));
#9546=DIRECTION('ref_axis',(1.,0.,-1.11022302462516E-15));
#9547=DIRECTION('',(1.,-1.11022302462516E-15,0.));
#9548=DIRECTION('',(0.577350269189635,0.577350269189622,-0.577350269189621));
#9549=DIRECTION('',(-1.,1.11022302462516E-15,0.));
#9550=DIRECTION('center_axis',(0.707106781186539,0.,0.707106781186556));
#9551=DIRECTION('ref_axis',(0.707106781186556,0.,-0.707106781186539));
#9552=DIRECTION('',(0.,-1.,0.));
#9553=DIRECTION('center_axis',(0.,-1.,0.));
#9554=DIRECTION('ref_axis',(-1.,0.,0.));
#9555=DIRECTION('',(0.,0.,-1.));
#9556=DIRECTION('',(-1.,0.,0.));
#9557=DIRECTION('center_axis',(-1.,0.,0.));
#9558=DIRECTION('ref_axis',(0.,1.,0.));
#9559=DIRECTION('',(0.,-1.,0.));
#9560=DIRECTION('center_axis',(-1.,0.,0.));
#9561=DIRECTION('ref_axis',(0.,1.,0.));
#9562=DIRECTION('',(0.,0.,-1.));
#9563=DIRECTION('center_axis',(-1.,0.,0.));
#9564=DIRECTION('ref_axis',(0.,1.,0.));
#9565=DIRECTION('center_axis',(0.,0.,1.));
#9566=DIRECTION('ref_axis',(1.,0.,0.));
#9567=DIRECTION('center_axis',(0.,0.,1.));
#9568=DIRECTION('ref_axis',(-1.,0.,0.));
#9569=DIRECTION('',(-1.,0.,0.));
#9570=DIRECTION('center_axis',(-1.,0.,0.));
#9571=DIRECTION('ref_axis',(0.,1.,0.));
#9572=DIRECTION('center_axis',(-1.,0.,0.));
#9573=DIRECTION('ref_axis',(0.,1.,0.));
#9574=DIRECTION('',(1.,-1.11022302462516E-15,0.));
#9575=DIRECTION('center_axis',(1.11022302462516E-15,1.,0.));
#9576=DIRECTION('ref_axis',(1.,-1.11022302462516E-15,0.));
#9577=DIRECTION('center_axis',(7.8504622934189E-16,-0.707106781186548,-0.707106781186548));
#9578=DIRECTION('ref_axis',(-1.,0.,-1.11022302462516E-15));
#9579=DIRECTION('',(-1.,6.79815536723448E-32,-1.11022302462516E-15));
#9580=DIRECTION('',(-0.577350269189626,0.577350269189626,-0.577350269189626));
#9581=DIRECTION('',(1.,-6.79815536723448E-32,1.11022302462516E-15));
#9582=DIRECTION('',(0.577350269189626,0.577350269189626,-0.577350269189626));
#9583=DIRECTION('center_axis',(-0.707106781186548,-0.707106781186548,-4.32978028117747E-17));
#9584=DIRECTION('ref_axis',(-6.12323399573677E-17,0.,1.));
#9585=DIRECTION('',(0.,-6.12323399573677E-17,1.));
#9586=DIRECTION('',(-0.577350269189626,0.577350269189626,0.577350269189626));
#9587=DIRECTION('',(0.,6.12323399573677E-17,-1.));
#9588=DIRECTION('center_axis',(0.,-0.707106781186548,0.707106781186548));
#9589=DIRECTION('ref_axis',(1.,0.,0.));
#9590=DIRECTION('',(1.,0.,0.));
#9591=DIRECTION('',(0.577350269189626,0.577350269189626,0.577350269189626));
#9592=DIRECTION('',(-1.,0.,0.));
#9593=DIRECTION('center_axis',(0.707106781186548,-0.707106781186548,-4.32978028117747E-17));
#9594=DIRECTION('ref_axis',(-6.12323399573677E-17,0.,-1.));
#9595=DIRECTION('',(0.,-6.12323399573677E-17,1.));
#9596=DIRECTION('',(0.,6.12323399573677E-17,-1.));
#9597=DIRECTION('center_axis',(1.,0.,0.));
#9598=DIRECTION('ref_axis',(0.,-1.,0.));
#9599=DIRECTION('',(0.,-1.,0.));
#9600=DIRECTION('center_axis',(-1.,0.,0.));
#9601=DIRECTION('ref_axis',(0.,1.,1.48029736616688E-15));
#9602=DIRECTION('',(0.,0.,-1.));
#9603=DIRECTION('',(0.,1.,0.));
#9604=DIRECTION('',(0.,0.,-1.));
#9605=DIRECTION('center_axis',(-1.,0.,0.));
#9606=DIRECTION('ref_axis',(0.,1.,0.));
#9607=DIRECTION('',(0.,-1.,0.));
#9608=DIRECTION('center_axis',(1.11022302462516E-15,0.,-1.));
#9609=DIRECTION('ref_axis',(1.,-6.79815536723448E-32,1.11022302462516E-15));
#9610=DIRECTION('',(0.,-1.,0.));
#9611=DIRECTION('',(1.,-6.79815536723448E-32,1.11022302462516E-15));
#9612=DIRECTION('center_axis',(0.,1.,6.12323399573677E-17));
#9613=DIRECTION('ref_axis',(1.,0.,0.));
#9614=DIRECTION('center_axis',(-0.707106781186539,0.,0.707106781186556));
#9615=DIRECTION('ref_axis',(0.707106781186556,0.,0.707106781186539));
#9616=DIRECTION('',(0.,-1.,0.));
#9617=DIRECTION('',(0.577350269189635,0.577350269189622,0.577350269189621));
#9618=DIRECTION('',(0.,1.,0.));
#9619=DIRECTION('',(0.577350269189635,-0.577350269189622,0.577350269189621));
#9620=DIRECTION('center_axis',(0.,-0.707106781186547,0.707106781186548));
#9621=DIRECTION('ref_axis',(1.,0.,0.));
#9622=DIRECTION('',(1.,0.,0.));
#9623=DIRECTION('',(-0.577350269189635,0.577350269189622,0.577350269189621));
#9624=DIRECTION('',(-1.,0.,0.));
#9625=DIRECTION('center_axis',(7.8504622934189E-16,0.707106781186547,0.707106781186548));
#9626=DIRECTION('ref_axis',(1.,0.,-1.11022302462516E-15));
#9627=DIRECTION('',(1.,-1.11022302462516E-15,0.));
#9628=DIRECTION('',(0.577350269189635,0.577350269189622,-0.577350269189621));
#9629=DIRECTION('',(-1.,1.11022302462516E-15,0.));
#9630=DIRECTION('center_axis',(0.707106781186539,0.,0.707106781186556));
#9631=DIRECTION('ref_axis',(0.707106781186556,0.,-0.707106781186539));
#9632=DIRECTION('',(0.,-1.,0.));
#9633=DIRECTION('center_axis',(0.,-1.,0.));
#9634=DIRECTION('ref_axis',(-1.,0.,0.));
#9635=DIRECTION('',(0.,0.,-1.));
#9636=DIRECTION('',(-1.,0.,0.));
#9637=DIRECTION('center_axis',(-1.,0.,0.));
#9638=DIRECTION('ref_axis',(0.,1.,0.));
#9639=DIRECTION('',(0.,-1.,0.));
#9640=DIRECTION('center_axis',(-1.,0.,0.));
#9641=DIRECTION('ref_axis',(0.,1.,0.));
#9642=DIRECTION('',(0.,0.,-1.));
#9643=DIRECTION('center_axis',(-1.,0.,0.));
#9644=DIRECTION('ref_axis',(0.,1.,0.));
#9645=DIRECTION('center_axis',(0.,0.,1.));
#9646=DIRECTION('ref_axis',(1.,0.,0.));
#9647=DIRECTION('center_axis',(0.,0.,1.));
#9648=DIRECTION('ref_axis',(-1.,0.,0.));
#9649=DIRECTION('',(-1.,0.,0.));
#9650=DIRECTION('center_axis',(-1.,0.,0.));
#9651=DIRECTION('ref_axis',(0.,1.,0.));
#9652=DIRECTION('center_axis',(-1.,0.,0.));
#9653=DIRECTION('ref_axis',(0.,1.,0.));
#9654=DIRECTION('',(1.,-1.11022302462516E-15,0.));
#9655=DIRECTION('center_axis',(1.11022302462516E-15,1.,0.));
#9656=DIRECTION('ref_axis',(1.,-1.11022302462516E-15,0.));
#9657=DIRECTION('center_axis',(7.8504622934189E-16,-0.707106781186548,-0.707106781186548));
#9658=DIRECTION('ref_axis',(-1.,0.,-1.11022302462516E-15));
#9659=DIRECTION('',(-1.,6.79815536723448E-32,-1.11022302462516E-15));
#9660=DIRECTION('',(-0.577350269189626,0.577350269189626,-0.577350269189626));
#9661=DIRECTION('',(1.,-6.79815536723448E-32,1.11022302462516E-15));
#9662=DIRECTION('',(0.577350269189626,0.577350269189626,-0.577350269189626));
#9663=DIRECTION('center_axis',(-0.707106781186548,-0.707106781186548,-4.32978028117747E-17));
#9664=DIRECTION('ref_axis',(-6.12323399573677E-17,0.,1.));
#9665=DIRECTION('',(0.,-6.12323399573677E-17,1.));
#9666=DIRECTION('',(-0.577350269189626,0.577350269189626,0.577350269189626));
#9667=DIRECTION('',(0.,6.12323399573677E-17,-1.));
#9668=DIRECTION('center_axis',(0.,-0.707106781186548,0.707106781186548));
#9669=DIRECTION('ref_axis',(1.,0.,0.));
#9670=DIRECTION('',(1.,0.,0.));
#9671=DIRECTION('',(0.577350269189626,0.577350269189626,0.577350269189626));
#9672=DIRECTION('',(-1.,0.,0.));
#9673=DIRECTION('center_axis',(0.707106781186548,-0.707106781186548,-4.32978028117747E-17));
#9674=DIRECTION('ref_axis',(-6.12323399573677E-17,0.,-1.));
#9675=DIRECTION('',(0.,-6.12323399573677E-17,1.));
#9676=DIRECTION('',(0.,6.12323399573677E-17,-1.));
#9677=DIRECTION('center_axis',(1.,0.,0.));
#9678=DIRECTION('ref_axis',(0.,-1.,0.));
#9679=DIRECTION('',(0.,-1.,0.));
#9680=DIRECTION('center_axis',(-1.,0.,0.));
#9681=DIRECTION('ref_axis',(0.,1.,1.48029736616688E-15));
#9682=DIRECTION('',(0.,0.,-1.));
#9683=DIRECTION('',(0.,1.,0.));
#9684=DIRECTION('',(0.,0.,-1.));
#9685=DIRECTION('center_axis',(-1.,0.,0.));
#9686=DIRECTION('ref_axis',(0.,1.,0.));
#9687=DIRECTION('',(0.,-1.,0.));
#9688=DIRECTION('center_axis',(1.11022302462516E-15,0.,-1.));
#9689=DIRECTION('ref_axis',(1.,-6.79815536723448E-32,1.11022302462516E-15));
#9690=DIRECTION('',(0.,-1.,0.));
#9691=DIRECTION('',(1.,-6.79815536723448E-32,1.11022302462516E-15));
#9692=DIRECTION('center_axis',(0.,1.,6.12323399573677E-17));
#9693=DIRECTION('ref_axis',(1.,0.,0.));
#9694=DIRECTION('center_axis',(-0.707106781186539,0.,0.707106781186556));
#9695=DIRECTION('ref_axis',(0.707106781186556,0.,0.707106781186539));
#9696=DIRECTION('',(0.,-1.,0.));
#9697=DIRECTION('',(0.577350269189635,0.577350269189622,0.577350269189621));
#9698=DIRECTION('',(0.,1.,0.));
#9699=DIRECTION('',(0.577350269189635,-0.577350269189622,0.577350269189621));
#9700=DIRECTION('center_axis',(0.,-0.707106781186547,0.707106781186548));
#9701=DIRECTION('ref_axis',(1.,0.,0.));
#9702=DIRECTION('',(1.,0.,0.));
#9703=DIRECTION('',(-0.577350269189635,0.577350269189622,0.577350269189621));
#9704=DIRECTION('',(-1.,0.,0.));
#9705=DIRECTION('center_axis',(7.8504622934189E-16,0.707106781186547,0.707106781186548));
#9706=DIRECTION('ref_axis',(1.,0.,-1.11022302462516E-15));
#9707=DIRECTION('',(1.,-1.11022302462516E-15,0.));
#9708=DIRECTION('',(0.577350269189635,0.577350269189622,-0.577350269189621));
#9709=DIRECTION('',(-1.,1.11022302462516E-15,0.));
#9710=DIRECTION('center_axis',(0.707106781186539,0.,0.707106781186556));
#9711=DIRECTION('ref_axis',(0.707106781186556,0.,-0.707106781186539));
#9712=DIRECTION('',(0.,-1.,0.));
#9713=DIRECTION('center_axis',(0.,-1.,0.));
#9714=DIRECTION('ref_axis',(-1.,0.,0.));
#9715=DIRECTION('',(0.,0.,-1.));
#9716=DIRECTION('',(-1.,0.,0.));
#9717=DIRECTION('center_axis',(-1.,0.,0.));
#9718=DIRECTION('ref_axis',(0.,1.,0.));
#9719=DIRECTION('',(0.,-1.,0.));
#9720=DIRECTION('center_axis',(-1.,0.,0.));
#9721=DIRECTION('ref_axis',(0.,1.,0.));
#9722=DIRECTION('',(0.,0.,-1.));
#9723=DIRECTION('center_axis',(-1.,0.,0.));
#9724=DIRECTION('ref_axis',(0.,1.,0.));
#9725=DIRECTION('center_axis',(0.,0.,1.));
#9726=DIRECTION('ref_axis',(1.,0.,0.));
#9727=DIRECTION('center_axis',(0.,0.,1.));
#9728=DIRECTION('ref_axis',(-1.,0.,0.));
#9729=DIRECTION('',(-1.,0.,0.));
#9730=DIRECTION('center_axis',(-1.,0.,0.));
#9731=DIRECTION('ref_axis',(0.,1.,0.));
#9732=DIRECTION('center_axis',(-1.,0.,0.));
#9733=DIRECTION('ref_axis',(0.,1.,0.));
#9734=DIRECTION('',(1.,-1.11022302462516E-15,0.));
#9735=DIRECTION('center_axis',(1.11022302462516E-15,1.,0.));
#9736=DIRECTION('ref_axis',(1.,-1.11022302462516E-15,0.));
#9737=DIRECTION('center_axis',(7.8504622934189E-16,-0.707106781186548,-0.707106781186548));
#9738=DIRECTION('ref_axis',(-1.,0.,-1.11022302462516E-15));
#9739=DIRECTION('',(-1.,6.79815536723448E-32,-1.11022302462516E-15));
#9740=DIRECTION('',(-0.577350269189626,0.577350269189626,-0.577350269189626));
#9741=DIRECTION('',(1.,-6.79815536723448E-32,1.11022302462516E-15));
#9742=DIRECTION('',(0.577350269189626,0.577350269189626,-0.577350269189626));
#9743=DIRECTION('center_axis',(-0.707106781186548,-0.707106781186548,-4.32978028117747E-17));
#9744=DIRECTION('ref_axis',(-6.12323399573677E-17,0.,1.));
#9745=DIRECTION('',(0.,-6.12323399573677E-17,1.));
#9746=DIRECTION('',(-0.577350269189626,0.577350269189626,0.577350269189626));
#9747=DIRECTION('',(0.,6.12323399573677E-17,-1.));
#9748=DIRECTION('center_axis',(0.,-0.707106781186548,0.707106781186548));
#9749=DIRECTION('ref_axis',(1.,0.,0.));
#9750=DIRECTION('',(1.,0.,0.));
#9751=DIRECTION('',(0.577350269189626,0.577350269189626,0.577350269189626));
#9752=DIRECTION('',(-1.,0.,0.));
#9753=DIRECTION('center_axis',(0.707106781186548,-0.707106781186548,-4.32978028117747E-17));
#9754=DIRECTION('ref_axis',(-6.12323399573677E-17,0.,-1.));
#9755=DIRECTION('',(0.,-6.12323399573677E-17,1.));
#9756=DIRECTION('',(0.,6.12323399573677E-17,-1.));
#9757=DIRECTION('center_axis',(1.,0.,0.));
#9758=DIRECTION('ref_axis',(0.,-1.,0.));
#9759=DIRECTION('',(0.,-1.,0.));
#9760=DIRECTION('center_axis',(-1.,0.,0.));
#9761=DIRECTION('ref_axis',(0.,1.,1.48029736616688E-15));
#9762=DIRECTION('',(0.,0.,-1.));
#9763=DIRECTION('',(0.,1.,0.));
#9764=DIRECTION('',(0.,0.,-1.));
#9765=DIRECTION('center_axis',(-1.,0.,0.));
#9766=DIRECTION('ref_axis',(0.,1.,0.));
#9767=DIRECTION('',(0.,-1.,0.));
#9768=DIRECTION('center_axis',(1.11022302462516E-15,0.,-1.));
#9769=DIRECTION('ref_axis',(1.,-6.79815536723448E-32,1.11022302462516E-15));
#9770=DIRECTION('',(0.,-1.,0.));
#9771=DIRECTION('',(1.,-6.79815536723448E-32,1.11022302462516E-15));
#9772=DIRECTION('center_axis',(0.,1.,6.12323399573677E-17));
#9773=DIRECTION('ref_axis',(1.,0.,0.));
#9774=DIRECTION('center_axis',(-0.707106781186539,0.,0.707106781186556));
#9775=DIRECTION('ref_axis',(0.707106781186556,0.,0.707106781186539));
#9776=DIRECTION('',(0.,-1.,0.));
#9777=DIRECTION('',(0.577350269189635,0.577350269189622,0.577350269189621));
#9778=DIRECTION('',(0.,1.,0.));
#9779=DIRECTION('',(0.577350269189635,-0.577350269189622,0.577350269189621));
#9780=DIRECTION('center_axis',(0.,-0.707106781186547,0.707106781186548));
#9781=DIRECTION('ref_axis',(1.,0.,0.));
#9782=DIRECTION('',(1.,0.,0.));
#9783=DIRECTION('',(-0.577350269189635,0.577350269189622,0.577350269189621));
#9784=DIRECTION('',(-1.,0.,0.));
#9785=DIRECTION('center_axis',(7.8504622934189E-16,0.707106781186547,0.707106781186548));
#9786=DIRECTION('ref_axis',(1.,0.,-1.11022302462516E-15));
#9787=DIRECTION('',(1.,-1.11022302462516E-15,0.));
#9788=DIRECTION('',(0.577350269189635,0.577350269189622,-0.577350269189621));
#9789=DIRECTION('',(-1.,1.11022302462516E-15,0.));
#9790=DIRECTION('center_axis',(0.707106781186539,0.,0.707106781186556));
#9791=DIRECTION('ref_axis',(0.707106781186556,0.,-0.707106781186539));
#9792=DIRECTION('',(0.,-1.,0.));
#9793=DIRECTION('center_axis',(0.,-1.,0.));
#9794=DIRECTION('ref_axis',(-1.,0.,0.));
#9795=DIRECTION('',(0.,0.,-1.));
#9796=DIRECTION('',(-1.,0.,0.));
#9797=DIRECTION('center_axis',(-1.,0.,0.));
#9798=DIRECTION('ref_axis',(0.,1.,0.));
#9799=DIRECTION('',(0.,-1.,0.));
#9800=DIRECTION('center_axis',(-1.,0.,0.));
#9801=DIRECTION('ref_axis',(0.,1.,0.));
#9802=DIRECTION('',(0.,0.,-1.));
#9803=DIRECTION('center_axis',(-1.,0.,0.));
#9804=DIRECTION('ref_axis',(0.,1.,0.));
#9805=DIRECTION('center_axis',(0.,0.,1.));
#9806=DIRECTION('ref_axis',(1.,0.,0.));
#9807=DIRECTION('center_axis',(0.,0.,1.));
#9808=DIRECTION('ref_axis',(-1.,0.,0.));
#9809=DIRECTION('',(-1.,0.,0.));
#9810=DIRECTION('center_axis',(-1.,0.,0.));
#9811=DIRECTION('ref_axis',(0.,1.,0.));
#9812=DIRECTION('center_axis',(-1.,0.,0.));
#9813=DIRECTION('ref_axis',(0.,1.,0.));
#9814=DIRECTION('',(1.,-1.11022302462516E-15,0.));
#9815=DIRECTION('center_axis',(1.11022302462516E-15,1.,0.));
#9816=DIRECTION('ref_axis',(1.,-1.11022302462516E-15,0.));
#9817=CARTESIAN_POINT('',(0.,0.,0.));
#9818=CARTESIAN_POINT('Origin',(14.95,2.5,-2.));
#9819=CARTESIAN_POINT('',(14.35,2.5,0.));
#9820=CARTESIAN_POINT('',(14.35,2.5,-2.));
#9821=CARTESIAN_POINT('',(14.35,2.5,-2.5));
#9822=CARTESIAN_POINT('',(14.95,2.5,0.));
#9823=CARTESIAN_POINT('',(7.475,2.5,0.));
#9824=CARTESIAN_POINT('',(14.95,2.5,-2.));
#9825=CARTESIAN_POINT('',(14.95,2.5,-2.5));
#9826=CARTESIAN_POINT('',(14.95,2.5,-2.));
#9827=CARTESIAN_POINT('Origin',(14.95,3.5,-2.));
#9828=CARTESIAN_POINT('',(14.35,3.5,-2.));
#9829=CARTESIAN_POINT('',(14.35,2.95,-2.));
#9830=CARTESIAN_POINT('',(14.95,3.5,-2.));
#9831=CARTESIAN_POINT('',(14.95,2.95,-2.));
#9832=CARTESIAN_POINT('',(14.95,3.5,-2.));
#9833=CARTESIAN_POINT('Origin',(14.95,3.5,0.));
#9834=CARTESIAN_POINT('',(14.35,3.5,-3.37037740267766E-32));
#9835=CARTESIAN_POINT('',(14.35,3.5,-1.5));
#9836=CARTESIAN_POINT('',(14.95,3.5,0.));
#9837=CARTESIAN_POINT('',(14.95,3.5,-1.5));
#9838=CARTESIAN_POINT('',(7.475,3.5,-3.37037740267766E-32));
#9839=CARTESIAN_POINT('Origin',(14.95,3.5,0.));
#9840=CARTESIAN_POINT('',(-14.35,3.5,-3.37037740267766E-32));
#9841=CARTESIAN_POINT('',(-14.35,3.5,-2.));
#9842=CARTESIAN_POINT('',(-14.35,3.5,-1.5));
#9843=CARTESIAN_POINT('',(-14.95,3.5,-3.37037740267766E-32));
#9844=CARTESIAN_POINT('',(7.475,3.5,-3.37037740267766E-32));
#9845=CARTESIAN_POINT('',(-14.95,3.5,-2.));
#9846=CARTESIAN_POINT('',(-14.95,3.5,-1.5));
#9847=CARTESIAN_POINT('',(14.95,3.5,-2.));
#9848=CARTESIAN_POINT('Origin',(14.95,3.5,-2.));
#9849=CARTESIAN_POINT('',(-14.35,2.5,-2.));
#9850=CARTESIAN_POINT('',(-14.35,2.95,-2.));
#9851=CARTESIAN_POINT('',(-14.95,2.5,-2.));
#9852=CARTESIAN_POINT('',(-14.95,2.95,-2.));
#9853=CARTESIAN_POINT('',(14.95,2.5,-2.));
#9854=CARTESIAN_POINT('Origin',(14.95,2.5,-2.));
#9855=CARTESIAN_POINT('',(-14.35,2.5,0.));
#9856=CARTESIAN_POINT('',(-14.35,2.5,-2.5));
#9857=CARTESIAN_POINT('',(-14.95,2.5,-2.40741243048404E-32));
#9858=CARTESIAN_POINT('',(-14.95,2.5,-2.5));
#9859=CARTESIAN_POINT('',(7.475,2.5,0.));
#9860=CARTESIAN_POINT('Origin',(-14.95,2.4,-3.));
#9861=CARTESIAN_POINT('',(-14.95,4.8,0.));
#9862=CARTESIAN_POINT('',(-14.95,0.,0.));
#9863=CARTESIAN_POINT('',(-14.95,4.8,-6.));
#9864=CARTESIAN_POINT('',(-14.95,4.8,-4.62223186652937E-32));
#9865=CARTESIAN_POINT('',(-14.95,3.3,-6.00000000000001));
#9866=CARTESIAN_POINT('',(-14.95,4.8,-6.));
#9867=CARTESIAN_POINT('',(-14.95,2.5,-7.59999999999999));
#9868=CARTESIAN_POINT('',(-14.95,3.3,-6.00000000000001));
#9869=CARTESIAN_POINT('',(-14.95,-1.39609735102798E-15,-7.6));
#9870=CARTESIAN_POINT('',(-14.95,2.5,-7.59999999999999));
#9871=CARTESIAN_POINT('',(-14.95,0.,0.));
#9872=CARTESIAN_POINT('',(-14.95,-1.39609735102798E-15,-7.6));
#9873=CARTESIAN_POINT('',(-14.95,0.,0.));
#9874=CARTESIAN_POINT('Origin',(0.,4.8,-4.62223186652937E-32));
#9875=CARTESIAN_POINT('',(-14.35,4.2,-1.34815096107107E-32));
#9876=CARTESIAN_POINT('',(-14.35,3.6,0.));
#9877=CARTESIAN_POINT('',(-12.15,4.2,-6.97390332561066E-16));
#9878=CARTESIAN_POINT('',(0.,4.2,0.));
#9879=CARTESIAN_POINT('',(-12.15,4.8,-6.97390332561066E-16));
#9880=CARTESIAN_POINT('',(-12.15,4.8,0.));
#9881=CARTESIAN_POINT('',(0.,4.8,-4.62223186652937E-32));
#9882=CARTESIAN_POINT('Origin',(0.,4.8,-4.62223186652937E-32));
#9883=CARTESIAN_POINT('',(14.95,4.8,0.));
#9884=CARTESIAN_POINT('',(14.95,0.,0.));
#9885=CARTESIAN_POINT('',(12.15,4.8,-6.97390332561066E-16));
#9886=CARTESIAN_POINT('',(0.,4.8,-4.62223186652937E-32));
#9887=CARTESIAN_POINT('',(12.15,4.2,-6.97390332561066E-16));
#9888=CARTESIAN_POINT('',(12.15,4.8,0.));
#9889=CARTESIAN_POINT('',(14.35,4.2,-1.34815096107107E-32));
#9890=CARTESIAN_POINT('',(0.,4.2,0.));
#9891=CARTESIAN_POINT('',(14.35,3.6,0.));
#9892=CARTESIAN_POINT('Origin',(14.35,2.4,-3.));
#9893=CARTESIAN_POINT('',(14.35,4.2,-3.57734173766289));
#9894=CARTESIAN_POINT('',(14.35,4.2,-4.5));
#9895=CARTESIAN_POINT('',(14.35,3.8,-3.57734173766289));
#9896=CARTESIAN_POINT('',(14.35,3.6,-3.57734173766289));
#9897=CARTESIAN_POINT('',(14.35,3.8,-5.4));
#9898=CARTESIAN_POINT('',(14.35,3.8,-4.39231598626968));
#9899=CARTESIAN_POINT('',(14.35,0.8,-5.40000000000002));
#9900=CARTESIAN_POINT('',(14.35,1.2,-5.40000000000001));
#9901=CARTESIAN_POINT('',(14.35,0.8,2.69630192214213E-32));
#9902=CARTESIAN_POINT('',(14.35,0.8,-1.5));
#9903=CARTESIAN_POINT('',(14.35,3.6,0.));
#9904=CARTESIAN_POINT('Origin',(-12.15,4.8,-4.));
#9905=CARTESIAN_POINT('',(-12.15,4.2,-4.));
#9906=CARTESIAN_POINT('',(-12.15,4.2,-5.));
#9907=CARTESIAN_POINT('',(-12.15,4.8,-4.));
#9908=CARTESIAN_POINT('',(-12.15,4.8,-4.));
#9909=CARTESIAN_POINT('',(-12.15,4.8,-5.));
#9910=CARTESIAN_POINT('Origin',(-14.45,4.8,-3.57734173766289));
#9911=CARTESIAN_POINT('',(-14.35,3.8,-3.57734173766289));
#9912=CARTESIAN_POINT('',(-14.35,4.2,-3.57734173766289));
#9913=CARTESIAN_POINT('',(-14.35,3.6,-3.57734173766289));
#9914=CARTESIAN_POINT('',(-14.45,3.8,-3.57734173766289));
#9915=CARTESIAN_POINT('',(-13.45,3.8,-3.57734173766289));
#9916=CARTESIAN_POINT('',(-14.45,4.8,-3.57734173766289));
#9917=CARTESIAN_POINT('',(-14.45,4.8,-3.57734173766289));
#9918=CARTESIAN_POINT('',(-13.45,4.8,-3.57734173766289));
#9919=CARTESIAN_POINT('',(-7.225,4.8,-3.57734173766289));
#9920=CARTESIAN_POINT('',(-13.45,4.2,-3.57734173766289));
#9921=CARTESIAN_POINT('',(-13.45,4.8,-3.57734173766289));
#9922=CARTESIAN_POINT('',(-7.225,4.2,-3.57734173766289));
#9923=CARTESIAN_POINT('Origin',(-14.45,4.8,-6.));
#9924=CARTESIAN_POINT('',(-14.45,4.8,-6.));
#9925=CARTESIAN_POINT('',(-14.45,4.8,-6.));
#9926=CARTESIAN_POINT('',(-14.45,3.8,-6.));
#9927=CARTESIAN_POINT('',(-14.45,3.8,-3.57734173766289));
#9928=CARTESIAN_POINT('',(-14.45,2.4,-6.00000000000001));
#9929=CARTESIAN_POINT('Origin',(-13.45,4.8,-3.57734173766289));
#9930=CARTESIAN_POINT('',(-13.45,4.2,-5.4));
#9931=CARTESIAN_POINT('',(-13.45,3.8,-5.4));
#9932=CARTESIAN_POINT('',(-13.45,2.4,-5.40000000000001));
#9933=CARTESIAN_POINT('',(-13.45,4.2,-4.78867086883145));
#9934=CARTESIAN_POINT('',(-13.45,4.8,-5.7999998435378));
#9935=CARTESIAN_POINT('',(-13.45,4.8,-4.78867086883145));
#9936=CARTESIAN_POINT('',(-13.45,3.8,-5.7999998435378));
#9937=CARTESIAN_POINT('',(-13.45,4.8,-5.7999998435378));
#9938=CARTESIAN_POINT('',(-13.45,3.8,-7.99192220741581));
#9939=CARTESIAN_POINT('Origin',(-13.95,3.8,-5.78463197253935));
#9940=CARTESIAN_POINT('',(-14.35,3.8,-5.4));
#9941=CARTESIAN_POINT('',(-14.35,3.8,-4.39231598626968));
#9942=CARTESIAN_POINT('',(-6.975,3.8,-5.4));
#9943=CARTESIAN_POINT('',(-13.6,3.8,-5.7999998435378));
#9944=CARTESIAN_POINT('',(-13.175,3.8,-5.7999998435378));
#9945=CARTESIAN_POINT('',(-13.6000000042468,3.8,-6.));
#9946=CARTESIAN_POINT('',(-13.6000000002662,3.8,-5.79231590197567));
#9947=CARTESIAN_POINT('',(-6.975,3.8,-6.));
#9948=CARTESIAN_POINT('Origin',(-12.4,4.8,-5.7999998435378));
#9949=CARTESIAN_POINT('',(-12.4,4.8,-5.7999998435378));
#9950=CARTESIAN_POINT('',(-6.2,4.8,-5.7999998435378));
#9951=CARTESIAN_POINT('',(-12.4,0.2,-5.79999984353781));
#9952=CARTESIAN_POINT('',(-12.4,4.8,-5.7999998435378));
#9953=CARTESIAN_POINT('',(-13.6,0.2,-5.79999984353781));
#9954=CARTESIAN_POINT('',(-13.375,0.2,-5.7999998435378));
#9955=CARTESIAN_POINT('',(-13.6,4.8,-5.7999998435378));
#9956=CARTESIAN_POINT('',(-12.7499999999998,2.85,-5.7999998435378));
#9957=CARTESIAN_POINT('',(-13.2500000000002,2.85,-5.7999998435378));
#9958=CARTESIAN_POINT('',(-12.5749999999999,2.85,-5.79999984353781));
#9959=CARTESIAN_POINT('',(-12.7499999999998,3.35,-5.7999998435378));
#9960=CARTESIAN_POINT('',(-12.7499999999998,4.075,-5.79999984353781));
#9961=CARTESIAN_POINT('',(-13.2500000000002,3.35,-5.7999998435378));
#9962=CARTESIAN_POINT('',(-12.8250000000001,3.35,-5.79999984353781));
#9963=CARTESIAN_POINT('',(-13.2500000000002,3.825,-5.79999984353781));
#9964=CARTESIAN_POINT('Origin',(0.,4.8,-6.));
#9965=CARTESIAN_POINT('',(12.15,4.8,-4.));
#9966=CARTESIAN_POINT('',(0.,4.8,-4.));
#9967=CARTESIAN_POINT('',(12.15,4.8,-5.));
#9968=CARTESIAN_POINT('',(14.95,4.8,-6.));
#9969=CARTESIAN_POINT('',(14.95,4.8,-4.62223186652937E-32));
#9970=CARTESIAN_POINT('',(14.45,4.8,-6.));
#9971=CARTESIAN_POINT('',(0.,4.8,-6.));
#9972=CARTESIAN_POINT('',(14.45,4.8,-3.57734173766289));
#9973=CARTESIAN_POINT('',(14.45,4.8,-6.));
#9974=CARTESIAN_POINT('',(13.45,4.8,-3.57734173766289));
#9975=CARTESIAN_POINT('',(7.225,4.8,-3.57734173766289));
#9976=CARTESIAN_POINT('',(13.45,4.8,-5.7999998435378));
#9977=CARTESIAN_POINT('',(13.45,4.8,-4.78867086883145));
#9978=CARTESIAN_POINT('',(12.4,4.8,-5.7999998435378));
#9979=CARTESIAN_POINT('',(6.8,4.8,-5.7999998435378));
#9980=CARTESIAN_POINT('',(12.400000006929,4.8,-6.));
#9981=CARTESIAN_POINT('',(12.4000000034645,4.8,-5.89999970696864));
#9982=CARTESIAN_POINT('',(11.6000000042468,4.8,-6.));
#9983=CARTESIAN_POINT('',(0.,4.8,-6.));
#9984=CARTESIAN_POINT('',(11.6,4.8,-5.7999998435378));
#9985=CARTESIAN_POINT('',(11.6000000042468,4.8,-5.99999987684191));
#9986=CARTESIAN_POINT('',(10.4,4.8,-5.7999998435378));
#9987=CARTESIAN_POINT('',(5.8,4.8,-5.7999998435378));
#9988=CARTESIAN_POINT('',(10.400000006929,4.8,-6.));
#9989=CARTESIAN_POINT('',(10.4000000034645,4.8,-5.89999974161384));
#9990=CARTESIAN_POINT('',(9.60000000424683,4.8,-6.));
#9991=CARTESIAN_POINT('',(0.,4.8,-6.));
#9992=CARTESIAN_POINT('',(9.6,4.8,-5.7999998435378));
#9993=CARTESIAN_POINT('',(9.60000000424683,4.8,-5.99999989807606));
#9994=CARTESIAN_POINT('',(8.4,4.8,-5.7999998435378));
#9995=CARTESIAN_POINT('',(4.8,4.8,-5.7999998435378));
#9996=CARTESIAN_POINT('',(8.40000000692904,4.8,-6.));
#9997=CARTESIAN_POINT('',(8.40000000346452,4.8,-5.89999977625904));
#9998=CARTESIAN_POINT('',(7.60000000424683,4.8,-6.));
#9999=CARTESIAN_POINT('',(0.,4.8,-6.));
#10000=CARTESIAN_POINT('',(7.6,4.8,-5.7999998435378));
#10001=CARTESIAN_POINT('',(7.60000000424683,4.8,-5.99999991931022));
#10002=CARTESIAN_POINT('',(6.4,4.8,-5.7999998435378));
#10003=CARTESIAN_POINT('',(3.8,4.8,-5.7999998435378));
#10004=CARTESIAN_POINT('',(6.40000000692904,4.8,-6.));
#10005=CARTESIAN_POINT('',(6.40000000346452,4.8,-5.89999981090425));
#10006=CARTESIAN_POINT('',(5.60000000424683,4.8,-6.));
#10007=CARTESIAN_POINT('',(0.,4.8,-6.));
#10008=CARTESIAN_POINT('',(5.6,4.8,-5.7999998435378));
#10009=CARTESIAN_POINT('',(5.60000000424683,4.8,-5.99999994054437));
#10010=CARTESIAN_POINT('',(4.4,4.8,-5.7999998435378));
#10011=CARTESIAN_POINT('',(2.8,4.8,-5.7999998435378));
#10012=CARTESIAN_POINT('',(4.40000000692904,4.8,-6.));
#10013=CARTESIAN_POINT('',(4.40000000346452,4.8,-5.89999984554945));
#10014=CARTESIAN_POINT('',(3.60000000424683,4.8,-6.));
#10015=CARTESIAN_POINT('',(0.,4.8,-6.));
#10016=CARTESIAN_POINT('',(3.6,4.8,-5.7999998435378));
#10017=CARTESIAN_POINT('',(3.60000000424683,4.8,-5.99999996177852));
#10018=CARTESIAN_POINT('',(2.4,4.8,-5.7999998435378));
#10019=CARTESIAN_POINT('',(1.8,4.8,-5.7999998435378));
#10020=CARTESIAN_POINT('',(2.40000000692904,4.8,-6.));
#10021=CARTESIAN_POINT('',(2.40000000346452,4.8,-5.89999988019466));
#10022=CARTESIAN_POINT('',(1.60000000424683,4.8,-6.));
#10023=CARTESIAN_POINT('',(0.,4.8,-6.));
#10024=CARTESIAN_POINT('',(1.6,4.8,-5.7999998435378));
#10025=CARTESIAN_POINT('',(1.60000000424683,4.8,-5.99999998301268));
#10026=CARTESIAN_POINT('',(0.399999999999998,4.8,-5.7999998435378));
#10027=CARTESIAN_POINT('',(0.8,4.8,-5.7999998435378));
#10028=CARTESIAN_POINT('',(0.400000006929044,4.8,-6.));
#10029=CARTESIAN_POINT('',(0.400000003464521,4.8,-5.89999991483986));
#10030=CARTESIAN_POINT('',(-0.399999995753166,4.8,-6.));
#10031=CARTESIAN_POINT('',(0.,4.8,-6.));
#10032=CARTESIAN_POINT('',(-0.4,4.8,-5.7999998435378));
#10033=CARTESIAN_POINT('',(-0.399999995753166,4.8,-6.00000000424683));
#10034=CARTESIAN_POINT('',(-1.6,4.8,-5.7999998435378));
#10035=CARTESIAN_POINT('',(-0.2,4.8,-5.7999998435378));
#10036=CARTESIAN_POINT('',(-1.59999999307096,4.8,-6.));
#10037=CARTESIAN_POINT('',(-1.59999999653548,4.8,-5.89999994948506));
#10038=CARTESIAN_POINT('',(-2.39999999575317,4.8,-6.));
#10039=CARTESIAN_POINT('',(0.,4.8,-6.));
#10040=CARTESIAN_POINT('',(-2.4,4.8,-5.7999998435378));
#10041=CARTESIAN_POINT('',(-2.39999999575317,4.8,-6.00000002548098));
#10042=CARTESIAN_POINT('',(-3.6,4.8,-5.7999998435378));
#10043=CARTESIAN_POINT('',(-1.2,4.8,-5.7999998435378));
#10044=CARTESIAN_POINT('',(-3.59999999307096,4.8,-6.));
#10045=CARTESIAN_POINT('',(-3.59999999653548,4.8,-5.89999998413027));
#10046=CARTESIAN_POINT('',(-4.39999999575317,4.8,-6.));
#10047=CARTESIAN_POINT('',(0.,4.8,-6.));
#10048=CARTESIAN_POINT('',(-4.4,4.8,-5.7999998435378));
#10049=CARTESIAN_POINT('',(-4.39999999575317,4.8,-6.00000004671514));
#10050=CARTESIAN_POINT('',(-5.6,4.8,-5.7999998435378));
#10051=CARTESIAN_POINT('',(-2.2,4.8,-5.7999998435378));
#10052=CARTESIAN_POINT('',(-5.59999999307096,4.8,-6.));
#10053=CARTESIAN_POINT('',(-5.59999999653548,4.8,-5.90000001877547));
#10054=CARTESIAN_POINT('',(-6.39999999575317,4.8,-6.));
#10055=CARTESIAN_POINT('',(0.,4.8,-6.));
#10056=CARTESIAN_POINT('',(-6.4,4.8,-5.7999998435378));
#10057=CARTESIAN_POINT('',(-6.39999999575317,4.8,-6.00000006794929));
#10058=CARTESIAN_POINT('',(-7.6,4.8,-5.7999998435378));
#10059=CARTESIAN_POINT('',(-3.2,4.8,-5.7999998435378));
#10060=CARTESIAN_POINT('',(-7.59999999307096,4.8,-6.));
#10061=CARTESIAN_POINT('',(-7.59999999653547,4.8,-5.90000005342068));
#10062=CARTESIAN_POINT('',(-8.39999999575317,4.8,-6.));
#10063=CARTESIAN_POINT('',(0.,4.8,-6.));
#10064=CARTESIAN_POINT('',(-8.4,4.8,-5.7999998435378));
#10065=CARTESIAN_POINT('',(-8.39999999575317,4.8,-6.00000008918344));
#10066=CARTESIAN_POINT('',(-9.6,4.8,-5.7999998435378));
#10067=CARTESIAN_POINT('',(-4.2,4.8,-5.7999998435378));
#10068=CARTESIAN_POINT('',(-9.59999999307096,4.8,-6.));
#10069=CARTESIAN_POINT('',(-9.59999999653547,4.8,-5.90000008806588));
#10070=CARTESIAN_POINT('',(-10.3999999957532,4.8,-6.));
#10071=CARTESIAN_POINT('',(0.,4.8,-6.));
#10072=CARTESIAN_POINT('',(-10.4,4.8,-5.7999998435378));
#10073=CARTESIAN_POINT('',(-10.3999999957532,4.8,-6.0000001104176));
#10074=CARTESIAN_POINT('',(-11.6,4.8,-5.7999998435378));
#10075=CARTESIAN_POINT('',(-5.2,4.8,-5.7999998435378));
#10076=CARTESIAN_POINT('',(-11.599999993071,4.8,-6.));
#10077=CARTESIAN_POINT('',(-11.5999999965355,4.8,-5.90000012271108));
#10078=CARTESIAN_POINT('',(-12.3999999957532,4.8,-6.));
#10079=CARTESIAN_POINT('',(0.,4.8,-6.));
#10080=CARTESIAN_POINT('',(-12.3999999957532,4.8,-6.00000013165175));
#10081=CARTESIAN_POINT('',(0.,4.8,-6.));
#10082=CARTESIAN_POINT('Origin',(-14.35,2.4,-3.));
#10083=CARTESIAN_POINT('',(-14.35,0.8,2.69630192214213E-32));
#10084=CARTESIAN_POINT('',(-14.35,3.6,0.));
#10085=CARTESIAN_POINT('',(-14.35,0.8,-5.40000000000002));
#10086=CARTESIAN_POINT('',(-14.35,0.8,-1.5));
#10087=CARTESIAN_POINT('',(-14.35,1.2,-5.40000000000001));
#10088=CARTESIAN_POINT('',(-14.35,4.2,-4.5));
#10089=CARTESIAN_POINT('Origin',(-14.95,3.3,-6.00000000000001));
#10090=CARTESIAN_POINT('',(-14.15,3.3,-6.00000000000001));
#10091=CARTESIAN_POINT('',(-7.475,3.3,-6.00000000000001));
#10092=CARTESIAN_POINT('',(-14.15,2.5,-7.59999999999999));
#10093=CARTESIAN_POINT('',(-14.15,3.3,-6.00000000000001));
#10094=CARTESIAN_POINT('',(-14.95,2.5,-7.59999999999999));
#10095=CARTESIAN_POINT('Origin',(-14.95,-1.10218211923262E-15,-6.));
#10096=CARTESIAN_POINT('',(-14.35,0.2,-6.00000000000002));
#10097=CARTESIAN_POINT('',(-14.35,-1.66533453693773E-15,-6.));
#10098=CARTESIAN_POINT('',(-14.35,1.02695629777827E-14,-6.00000000000002));
#10099=CARTESIAN_POINT('',(-14.15,-1.11022302462516E-15,-6.));
#10100=CARTESIAN_POINT('',(-14.95,-1.10218211923262E-15,-6.));
#10101=CARTESIAN_POINT('',(-14.15,0.2,-6.));
#10102=CARTESIAN_POINT('',(-14.15,-1.66533453693773E-15,-6.));
#10103=CARTESIAN_POINT('',(-7.175,0.2,-6.00000000000002));
#10104=CARTESIAN_POINT('Origin',(-14.95,2.5,-7.59999999999999));
#10105=CARTESIAN_POINT('',(-14.15,-1.38777878078145E-15,-7.6));
#10106=CARTESIAN_POINT('',(-14.15,2.5,-7.59999999999999));
#10107=CARTESIAN_POINT('',(-14.95,-1.39609735102798E-15,-7.6));
#10108=CARTESIAN_POINT('Origin',(-14.15,1.65,-6.8));
#10109=CARTESIAN_POINT('',(-14.15,0.824999999999997,-6.00000000000001));
#10110=CARTESIAN_POINT('',(-14.15,-1.39609735102798E-15,-7.6));
#10111=CARTESIAN_POINT('Origin',(0.,4.8,-4.));
#10112=CARTESIAN_POINT('',(12.15,4.2,-4.));
#10113=CARTESIAN_POINT('',(0.,4.2,-4.));
#10114=CARTESIAN_POINT('',(12.15,4.8,-4.));
#10115=CARTESIAN_POINT('Origin',(12.15,4.8,-4.));
#10116=CARTESIAN_POINT('',(12.15,4.2,-5.));
#10117=CARTESIAN_POINT('Origin',(13.45,4.8,-3.57734173766289));
#10118=CARTESIAN_POINT('',(13.45,3.8,-5.4));
#10119=CARTESIAN_POINT('',(13.45,4.2,-5.4));
#10120=CARTESIAN_POINT('',(13.45,2.4,-5.40000000000001));
#10121=CARTESIAN_POINT('',(13.45,3.8,-5.7999998435378));
#10122=CARTESIAN_POINT('',(13.45,3.8,-7.99192220741581));
#10123=CARTESIAN_POINT('',(13.45,4.8,-5.7999998435378));
#10124=CARTESIAN_POINT('',(13.45,4.2,-3.57734173766289));
#10125=CARTESIAN_POINT('',(13.45,4.8,-3.57734173766289));
#10126=CARTESIAN_POINT('',(13.45,4.2,-4.78867086883145));
#10127=CARTESIAN_POINT('Origin',(14.45,4.8,-3.57734173766289));
#10128=CARTESIAN_POINT('',(7.225,4.2,-3.57734173766289));
#10129=CARTESIAN_POINT('',(14.45,3.8,-3.57734173766289));
#10130=CARTESIAN_POINT('',(14.45,4.8,-3.57734173766289));
#10131=CARTESIAN_POINT('',(13.45,3.8,-3.57734173766289));
#10132=CARTESIAN_POINT('Origin',(14.45,4.8,-6.));
#10133=CARTESIAN_POINT('',(14.45,3.8,-6.));
#10134=CARTESIAN_POINT('',(14.45,2.4,-6.00000000000001));
#10135=CARTESIAN_POINT('',(14.45,3.8,-3.57734173766289));
#10136=CARTESIAN_POINT('Origin',(13.95,3.8,-5.78463197253935));
#10137=CARTESIAN_POINT('',(6.975,3.8,-5.4));
#10138=CARTESIAN_POINT('',(13.6000000042468,3.8,-6.));
#10139=CARTESIAN_POINT('',(6.975,3.8,-6.));
#10140=CARTESIAN_POINT('',(13.6,3.8,-5.7999998435378));
#10141=CARTESIAN_POINT('',(13.6000000019603,3.8,-5.89231598998565));
#10142=CARTESIAN_POINT('',(13.775,3.8,-5.7999998435378));
#10143=CARTESIAN_POINT('Origin',(13.6,4.8,-5.7999998435378));
#10144=CARTESIAN_POINT('',(13.6,0.2,-5.79999984353781));
#10145=CARTESIAN_POINT('',(13.6,4.8,-5.7999998435378));
#10146=CARTESIAN_POINT('',(12.4,0.2,-5.79999984353781));
#10147=CARTESIAN_POINT('',(-0.375000000000001,0.2,-5.7999998435378));
#10148=CARTESIAN_POINT('',(12.4,4.8,-5.7999998435378));
#10149=CARTESIAN_POINT('',(13.2500000000002,2.85,-5.7999998435378));
#10150=CARTESIAN_POINT('',(12.7499999999998,2.85,-5.7999998435378));
#10151=CARTESIAN_POINT('',(13.4250000000001,2.85,-5.79999984353781));
#10152=CARTESIAN_POINT('',(13.2500000000002,3.35,-5.7999998435378));
#10153=CARTESIAN_POINT('',(13.2500000000002,4.075,-5.79999984353781));
#10154=CARTESIAN_POINT('',(12.7499999999998,3.35,-5.7999998435378));
#10155=CARTESIAN_POINT('',(13.1749999999999,3.35,-5.79999984353781));
#10156=CARTESIAN_POINT('',(12.7499999999998,3.825,-5.79999984353781));
#10157=CARTESIAN_POINT('Origin',(0.,4.2,-6.));
#10158=CARTESIAN_POINT('',(0.,4.2,-5.4));
#10159=CARTESIAN_POINT('Origin',(14.95,-1.10218211923262E-15,-6.));
#10160=CARTESIAN_POINT('',(14.35,-1.66533453693773E-15,-6.));
#10161=CARTESIAN_POINT('',(14.35,0.2,-6.00000000000002));
#10162=CARTESIAN_POINT('',(14.35,0.10000000000001,-6.00000000000002));
#10163=CARTESIAN_POINT('',(14.15,0.2,-6.));
#10164=CARTESIAN_POINT('',(-7.175,0.2,-6.00000000000002));
#10165=CARTESIAN_POINT('',(14.15,-1.11022302462516E-15,-6.));
#10166=CARTESIAN_POINT('',(14.15,-1.66533453693773E-15,-6.));
#10167=CARTESIAN_POINT('',(14.95,-1.10218211923262E-15,-6.));
#10168=CARTESIAN_POINT('Origin',(14.95,3.3,-6.00000000000001));
#10169=CARTESIAN_POINT('',(14.95,3.3,-6.00000000000001));
#10170=CARTESIAN_POINT('',(14.95,2.5,-7.59999999999999));
#10171=CARTESIAN_POINT('',(14.95,3.3,-6.00000000000001));
#10172=CARTESIAN_POINT('',(14.15,2.5,-7.59999999999999));
#10173=CARTESIAN_POINT('',(14.95,2.5,-7.59999999999999));
#10174=CARTESIAN_POINT('',(14.15,3.3,-6.00000000000001));
#10175=CARTESIAN_POINT('',(14.15,3.3,-6.00000000000001));
#10176=CARTESIAN_POINT('',(7.475,3.3,-6.00000000000001));
#10177=CARTESIAN_POINT('Origin',(14.95,2.5,-7.59999999999999));
#10178=CARTESIAN_POINT('',(14.95,-1.39609735102798E-15,-7.6));
#10179=CARTESIAN_POINT('',(14.95,2.5,-7.59999999999999));
#10180=CARTESIAN_POINT('',(14.15,-1.38777878078145E-15,-7.6));
#10181=CARTESIAN_POINT('',(14.95,-1.39609735102798E-15,-7.6));
#10182=CARTESIAN_POINT('',(14.15,2.5,-7.59999999999999));
#10183=CARTESIAN_POINT('Origin',(14.15,1.65,-6.8));
#10184=CARTESIAN_POINT('',(14.15,-1.39609735102798E-15,-7.6));
#10185=CARTESIAN_POINT('',(14.15,0.824999999999997,-6.00000000000001));
#10186=CARTESIAN_POINT('Origin',(0.,-1.66533453693773E-15,-6.00000000000002));
#10187=CARTESIAN_POINT('',(14.95,4.8,-6.));
#10188=CARTESIAN_POINT('',(13.6000000042468,0.2,-6.));
#10189=CARTESIAN_POINT('',(-7.175,0.2,-6.00000000000002));
#10190=CARTESIAN_POINT('',(13.6000000042468,2.4,-6.00000000000001));
#10191=CARTESIAN_POINT('Origin',(12.4,4.8,-5.7999998435378));
#10192=CARTESIAN_POINT('',(12.400000006929,0.2,-6.));
#10193=CARTESIAN_POINT('',(12.3999998995289,0.2,-2.8999994583893));
#10194=CARTESIAN_POINT('',(12.400000006929,2.4,-6.00000000000001));
#10195=CARTESIAN_POINT('Origin',(13.6000000042468,4.8,-6.));
#10196=CARTESIAN_POINT('',(13.5999999405444,0.2,-2.99999970325271));
#10197=CARTESIAN_POINT('Origin',(0.,-1.66533453693773E-15,-6.00000000000002));
#10198=CARTESIAN_POINT('',(11.6000000042468,0.2,-6.));
#10199=CARTESIAN_POINT('',(-7.175,0.2,-6.00000000000002));
#10200=CARTESIAN_POINT('',(11.6000000042468,2.4,-6.00000000000001));
#10201=CARTESIAN_POINT('Origin',(12.7499999999998,3.35,-5.40000000000001));
#10202=CARTESIAN_POINT('',(13.2500000000002,3.35,-5.40000000000001));
#10203=CARTESIAN_POINT('',(13.2500000000002,3.35,-5.40000000000001));
#10204=CARTESIAN_POINT('',(12.7499999999998,3.35,-5.40000000000001));
#10205=CARTESIAN_POINT('',(6.37499999999988,3.35,-5.40000000000001));
#10206=CARTESIAN_POINT('',(12.7499999999998,3.35,-5.40000000000001));
#10207=CARTESIAN_POINT('Origin',(13.2500000000002,3.35,-5.40000000000001));
#10208=CARTESIAN_POINT('',(13.2500000000002,2.85,-5.40000000000001));
#10209=CARTESIAN_POINT('',(13.2500000000002,2.85,-5.40000000000001));
#10210=CARTESIAN_POINT('',(13.2500000000002,1.675,-5.40000000000001));
#10211=CARTESIAN_POINT('Origin',(13.2500000000002,2.85,-5.40000000000001));
#10212=CARTESIAN_POINT('',(12.7499999999998,2.85,-5.40000000000001));
#10213=CARTESIAN_POINT('',(12.7499999999998,2.85,-5.40000000000001));
#10214=CARTESIAN_POINT('',(6.62500000000012,2.85,-5.40000000000001));
#10215=CARTESIAN_POINT('Origin',(12.7499999999998,2.85,-5.40000000000001));
#10216=CARTESIAN_POINT('',(12.7499999999998,1.425,-5.40000000000001));
#10217=CARTESIAN_POINT('Origin',(10.4,4.8,-5.7999998435378));
#10218=CARTESIAN_POINT('',(10.400000006929,0.2,-6.));
#10219=CARTESIAN_POINT('',(10.4,0.2,-5.79999984353781));
#10220=CARTESIAN_POINT('',(10.3999998995289,0.2,-2.89999949303451));
#10221=CARTESIAN_POINT('',(10.400000006929,2.4,-6.00000000000001));
#10222=CARTESIAN_POINT('',(10.4,4.8,-5.7999998435378));
#10223=CARTESIAN_POINT('Origin',(11.6,4.8,-5.7999998435378));
#10224=CARTESIAN_POINT('',(11.6,0.2,-5.79999984353781));
#10225=CARTESIAN_POINT('',(-1.375,0.2,-5.7999998435378));
#10226=CARTESIAN_POINT('',(11.6,4.8,-5.7999998435378));
#10227=CARTESIAN_POINT('',(11.2500000000002,2.85,-5.7999998435378));
#10228=CARTESIAN_POINT('',(10.7499999999998,2.85,-5.7999998435378));
#10229=CARTESIAN_POINT('',(11.4250000000001,2.85,-5.79999984353781));
#10230=CARTESIAN_POINT('',(11.2500000000002,3.35,-5.7999998435378));
#10231=CARTESIAN_POINT('',(11.2500000000002,4.075,-5.79999984353781));
#10232=CARTESIAN_POINT('',(10.7499999999998,3.35,-5.7999998435378));
#10233=CARTESIAN_POINT('',(11.1749999999999,3.35,-5.79999984353781));
#10234=CARTESIAN_POINT('',(10.7499999999998,3.825,-5.79999984353781));
#10235=CARTESIAN_POINT('Origin',(11.6000000042468,4.8,-6.));
#10236=CARTESIAN_POINT('',(11.5999999405444,0.2,-2.99999972448686));
#10237=CARTESIAN_POINT('Origin',(0.,-1.66533453693773E-15,-6.00000000000002));
#10238=CARTESIAN_POINT('',(9.60000000424683,0.2,-6.));
#10239=CARTESIAN_POINT('',(-7.175,0.2,-6.00000000000002));
#10240=CARTESIAN_POINT('',(9.60000000424683,2.4,-6.00000000000001));
#10241=CARTESIAN_POINT('Origin',(10.7499999999998,3.35,-5.40000000000001));
#10242=CARTESIAN_POINT('',(11.2500000000002,3.35,-5.40000000000001));
#10243=CARTESIAN_POINT('',(11.2500000000002,3.35,-5.40000000000001));
#10244=CARTESIAN_POINT('',(10.7499999999998,3.35,-5.40000000000001));
#10245=CARTESIAN_POINT('',(5.37499999999988,3.35,-5.40000000000001));
#10246=CARTESIAN_POINT('',(10.7499999999998,3.35,-5.40000000000001));
#10247=CARTESIAN_POINT('Origin',(11.2500000000002,3.35,-5.40000000000001));
#10248=CARTESIAN_POINT('',(11.2500000000002,2.85,-5.40000000000001));
#10249=CARTESIAN_POINT('',(11.2500000000002,2.85,-5.40000000000001));
#10250=CARTESIAN_POINT('',(11.2500000000002,1.675,-5.40000000000001));
#10251=CARTESIAN_POINT('Origin',(11.2500000000002,2.85,-5.40000000000001));
#10252=CARTESIAN_POINT('',(10.7499999999998,2.85,-5.40000000000001));
#10253=CARTESIAN_POINT('',(10.7499999999998,2.85,-5.40000000000001));
#10254=CARTESIAN_POINT('',(5.62500000000012,2.85,-5.40000000000001));
#10255=CARTESIAN_POINT('Origin',(10.7499999999998,2.85,-5.40000000000001));
#10256=CARTESIAN_POINT('',(10.7499999999998,1.425,-5.40000000000001));
#10257=CARTESIAN_POINT('Origin',(8.4,4.8,-5.7999998435378));
#10258=CARTESIAN_POINT('',(8.40000000692904,0.2,-6.));
#10259=CARTESIAN_POINT('',(8.4,0.2,-5.79999984353781));
#10260=CARTESIAN_POINT('',(8.3999998995289,0.2,-2.89999952767971));
#10261=CARTESIAN_POINT('',(8.40000000692905,2.4,-6.00000000000001));
#10262=CARTESIAN_POINT('',(8.4,4.8,-5.7999998435378));
#10263=CARTESIAN_POINT('Origin',(9.6,4.8,-5.7999998435378));
#10264=CARTESIAN_POINT('',(9.6,0.2,-5.79999984353781));
#10265=CARTESIAN_POINT('',(-2.375,0.2,-5.7999998435378));
#10266=CARTESIAN_POINT('',(9.6,4.8,-5.7999998435378));
#10267=CARTESIAN_POINT('',(9.25000000000024,2.85,-5.7999998435378));
#10268=CARTESIAN_POINT('',(8.74999999999976,2.85,-5.7999998435378));
#10269=CARTESIAN_POINT('',(9.42500000000012,2.85,-5.79999984353781));
#10270=CARTESIAN_POINT('',(9.25000000000024,3.35,-5.7999998435378));
#10271=CARTESIAN_POINT('',(9.25000000000024,4.075,-5.79999984353781));
#10272=CARTESIAN_POINT('',(8.74999999999976,3.35,-5.7999998435378));
#10273=CARTESIAN_POINT('',(9.17499999999988,3.35,-5.79999984353781));
#10274=CARTESIAN_POINT('',(8.74999999999976,3.825,-5.79999984353781));
#10275=CARTESIAN_POINT('Origin',(9.60000000424683,4.8,-6.));
#10276=CARTESIAN_POINT('',(9.59999994054437,0.2,-2.99999974572101));
#10277=CARTESIAN_POINT('Origin',(0.,-1.66533453693773E-15,-6.00000000000002));
#10278=CARTESIAN_POINT('',(7.60000000424683,0.2,-6.));
#10279=CARTESIAN_POINT('',(-7.175,0.2,-6.00000000000002));
#10280=CARTESIAN_POINT('',(7.60000000424683,2.4,-6.00000000000001));
#10281=CARTESIAN_POINT('Origin',(8.74999999999976,3.35,-5.40000000000001));
#10282=CARTESIAN_POINT('',(9.25000000000024,3.35,-5.40000000000001));
#10283=CARTESIAN_POINT('',(9.25000000000024,3.35,-5.40000000000001));
#10284=CARTESIAN_POINT('',(8.74999999999976,3.35,-5.40000000000001));
#10285=CARTESIAN_POINT('',(4.37499999999988,3.35,-5.40000000000001));
#10286=CARTESIAN_POINT('',(8.74999999999976,3.35,-5.40000000000001));
#10287=CARTESIAN_POINT('Origin',(9.25000000000024,3.35,-5.40000000000001));
#10288=CARTESIAN_POINT('',(9.25000000000024,2.85,-5.40000000000001));
#10289=CARTESIAN_POINT('',(9.25000000000024,2.85,-5.40000000000001));
#10290=CARTESIAN_POINT('',(9.25000000000024,1.675,-5.40000000000001));
#10291=CARTESIAN_POINT('Origin',(9.25000000000024,2.85,-5.40000000000001));
#10292=CARTESIAN_POINT('',(8.74999999999976,2.85,-5.40000000000001));
#10293=CARTESIAN_POINT('',(8.74999999999976,2.85,-5.40000000000001));
#10294=CARTESIAN_POINT('',(4.62500000000012,2.85,-5.40000000000001));
#10295=CARTESIAN_POINT('Origin',(8.74999999999976,2.85,-5.40000000000001));
#10296=CARTESIAN_POINT('',(8.74999999999976,1.425,-5.40000000000001));
#10297=CARTESIAN_POINT('Origin',(6.4,4.8,-5.7999998435378));
#10298=CARTESIAN_POINT('',(6.40000000692904,0.2,-6.));
#10299=CARTESIAN_POINT('',(6.4,0.2,-5.79999984353781));
#10300=CARTESIAN_POINT('',(6.39999989952889,0.2,-2.89999956232491));
#10301=CARTESIAN_POINT('',(6.40000000692904,2.4,-6.00000000000001));
#10302=CARTESIAN_POINT('',(6.4,4.8,-5.7999998435378));
#10303=CARTESIAN_POINT('Origin',(7.6,4.8,-5.7999998435378));
#10304=CARTESIAN_POINT('',(7.6,0.2,-5.79999984353781));
#10305=CARTESIAN_POINT('',(-3.375,0.2,-5.7999998435378));
#10306=CARTESIAN_POINT('',(7.6,4.8,-5.7999998435378));
#10307=CARTESIAN_POINT('',(7.25000000000023,2.85,-5.7999998435378));
#10308=CARTESIAN_POINT('',(6.74999999999976,2.85,-5.7999998435378));
#10309=CARTESIAN_POINT('',(7.42500000000012,2.85,-5.79999984353781));
#10310=CARTESIAN_POINT('',(7.25000000000023,3.35,-5.7999998435378));
#10311=CARTESIAN_POINT('',(7.25000000000023,4.075,-5.79999984353781));
#10312=CARTESIAN_POINT('',(6.74999999999976,3.35,-5.7999998435378));
#10313=CARTESIAN_POINT('',(7.17499999999988,3.35,-5.79999984353781));
#10314=CARTESIAN_POINT('',(6.74999999999976,3.825,-5.79999984353781));
#10315=CARTESIAN_POINT('Origin',(7.60000000424683,4.8,-6.));
#10316=CARTESIAN_POINT('',(7.59999994054437,0.2,-2.99999976695517));
#10317=CARTESIAN_POINT('Origin',(0.,-1.66533453693773E-15,-6.00000000000002));
#10318=CARTESIAN_POINT('',(5.60000000424683,0.2,-6.));
#10319=CARTESIAN_POINT('',(-7.175,0.2,-6.00000000000002));
#10320=CARTESIAN_POINT('',(5.60000000424683,2.4,-6.00000000000001));
#10321=CARTESIAN_POINT('Origin',(6.74999999999976,3.35,-5.40000000000001));
#10322=CARTESIAN_POINT('',(7.25000000000023,3.35,-5.40000000000001));
#10323=CARTESIAN_POINT('',(7.25000000000023,3.35,-5.40000000000001));
#10324=CARTESIAN_POINT('',(6.74999999999976,3.35,-5.40000000000001));
#10325=CARTESIAN_POINT('',(3.37499999999988,3.35,-5.40000000000001));
#10326=CARTESIAN_POINT('',(6.74999999999976,3.35,-5.40000000000001));
#10327=CARTESIAN_POINT('Origin',(7.25000000000023,3.35,-5.40000000000001));
#10328=CARTESIAN_POINT('',(7.25000000000023,2.85,-5.40000000000001));
#10329=CARTESIAN_POINT('',(7.25000000000023,2.85,-5.40000000000001));
#10330=CARTESIAN_POINT('',(7.25000000000023,1.675,-5.40000000000001));
#10331=CARTESIAN_POINT('Origin',(7.25000000000023,2.85,-5.40000000000001));
#10332=CARTESIAN_POINT('',(6.74999999999976,2.85,-5.40000000000001));
#10333=CARTESIAN_POINT('',(6.74999999999976,2.85,-5.40000000000001));
#10334=CARTESIAN_POINT('',(3.62500000000012,2.85,-5.40000000000001));
#10335=CARTESIAN_POINT('Origin',(6.74999999999976,2.85,-5.40000000000001));
#10336=CARTESIAN_POINT('',(6.74999999999976,1.425,-5.40000000000001));
#10337=CARTESIAN_POINT('Origin',(4.4,4.8,-5.7999998435378));
#10338=CARTESIAN_POINT('',(4.40000000692904,0.2,-6.));
#10339=CARTESIAN_POINT('',(4.4,0.2,-5.79999984353781));
#10340=CARTESIAN_POINT('',(4.3999998995289,0.2,-2.89999959697012));
#10341=CARTESIAN_POINT('',(4.40000000692904,2.4,-6.00000000000001));
#10342=CARTESIAN_POINT('',(4.4,4.8,-5.7999998435378));
#10343=CARTESIAN_POINT('Origin',(5.6,4.8,-5.7999998435378));
#10344=CARTESIAN_POINT('',(5.6,0.2,-5.79999984353781));
#10345=CARTESIAN_POINT('',(-4.375,0.2,-5.7999998435378));
#10346=CARTESIAN_POINT('',(5.6,4.8,-5.7999998435378));
#10347=CARTESIAN_POINT('',(5.25000000000023,2.85,-5.7999998435378));
#10348=CARTESIAN_POINT('',(4.74999999999976,2.85,-5.7999998435378));
#10349=CARTESIAN_POINT('',(5.42500000000012,2.85,-5.79999984353781));
#10350=CARTESIAN_POINT('',(5.25000000000023,3.35,-5.7999998435378));
#10351=CARTESIAN_POINT('',(5.25000000000023,4.075,-5.79999984353781));
#10352=CARTESIAN_POINT('',(4.74999999999976,3.35,-5.7999998435378));
#10353=CARTESIAN_POINT('',(5.17499999999988,3.35,-5.79999984353781));
#10354=CARTESIAN_POINT('',(4.74999999999976,3.825,-5.79999984353781));
#10355=CARTESIAN_POINT('Origin',(5.60000000424683,4.8,-6.));
#10356=CARTESIAN_POINT('',(5.59999994054437,0.2,-2.99999978818932));
#10357=CARTESIAN_POINT('Origin',(0.,-1.66533453693773E-15,-6.00000000000002));
#10358=CARTESIAN_POINT('',(3.60000000424683,0.2,-6.));
#10359=CARTESIAN_POINT('',(-7.175,0.2,-6.00000000000002));
#10360=CARTESIAN_POINT('',(3.60000000424683,2.4,-6.00000000000001));
#10361=CARTESIAN_POINT('Origin',(4.74999999999976,3.35,-5.40000000000001));
#10362=CARTESIAN_POINT('',(5.25000000000023,3.35,-5.40000000000001));
#10363=CARTESIAN_POINT('',(5.25000000000023,3.35,-5.40000000000001));
#10364=CARTESIAN_POINT('',(4.74999999999976,3.35,-5.40000000000001));
#10365=CARTESIAN_POINT('',(2.37499999999988,3.35,-5.40000000000001));
#10366=CARTESIAN_POINT('',(4.74999999999976,3.35,-5.40000000000001));
#10367=CARTESIAN_POINT('Origin',(5.25000000000023,3.35,-5.40000000000001));
#10368=CARTESIAN_POINT('',(5.25000000000023,2.85,-5.40000000000001));
#10369=CARTESIAN_POINT('',(5.25000000000023,2.85,-5.40000000000001));
#10370=CARTESIAN_POINT('',(5.25000000000023,1.675,-5.40000000000001));
#10371=CARTESIAN_POINT('Origin',(5.25000000000023,2.85,-5.40000000000001));
#10372=CARTESIAN_POINT('',(4.74999999999976,2.85,-5.40000000000001));
#10373=CARTESIAN_POINT('',(4.74999999999976,2.85,-5.40000000000001));
#10374=CARTESIAN_POINT('',(2.62500000000012,2.85,-5.40000000000001));
#10375=CARTESIAN_POINT('Origin',(4.74999999999976,2.85,-5.40000000000001));
#10376=CARTESIAN_POINT('',(4.74999999999976,1.425,-5.40000000000001));
#10377=CARTESIAN_POINT('Origin',(2.4,4.8,-5.7999998435378));
#10378=CARTESIAN_POINT('',(2.40000000692904,0.2,-6.));
#10379=CARTESIAN_POINT('',(2.4,0.2,-5.79999984353781));
#10380=CARTESIAN_POINT('',(2.3999998995289,0.2,-2.89999963161532));
#10381=CARTESIAN_POINT('',(2.40000000692904,2.4,-6.00000000000001));
#10382=CARTESIAN_POINT('',(2.4,4.8,-5.7999998435378));
#10383=CARTESIAN_POINT('Origin',(3.6,4.8,-5.7999998435378));
#10384=CARTESIAN_POINT('',(3.6,0.2,-5.79999984353781));
#10385=CARTESIAN_POINT('',(-5.375,0.2,-5.7999998435378));
#10386=CARTESIAN_POINT('',(3.6,4.8,-5.7999998435378));
#10387=CARTESIAN_POINT('',(3.25000000000023,2.85,-5.7999998435378));
#10388=CARTESIAN_POINT('',(2.74999999999976,2.85,-5.7999998435378));
#10389=CARTESIAN_POINT('',(3.42500000000012,2.85,-5.79999984353781));
#10390=CARTESIAN_POINT('',(3.25000000000023,3.35,-5.7999998435378));
#10391=CARTESIAN_POINT('',(3.25000000000023,4.075,-5.79999984353781));
#10392=CARTESIAN_POINT('',(2.74999999999976,3.35,-5.7999998435378));
#10393=CARTESIAN_POINT('',(3.17499999999988,3.35,-5.79999984353781));
#10394=CARTESIAN_POINT('',(2.74999999999976,3.825,-5.79999984353781));
#10395=CARTESIAN_POINT('Origin',(3.60000000424683,4.8,-6.));
#10396=CARTESIAN_POINT('',(3.59999994054437,0.2,-2.99999980942347));
#10397=CARTESIAN_POINT('Origin',(0.,-1.66533453693773E-15,-6.00000000000002));
#10398=CARTESIAN_POINT('',(1.60000000424683,0.2,-6.));
#10399=CARTESIAN_POINT('',(-7.175,0.2,-6.00000000000002));
#10400=CARTESIAN_POINT('',(1.60000000424683,2.4,-6.00000000000001));
#10401=CARTESIAN_POINT('Origin',(2.74999999999976,3.35,-5.40000000000001));
#10402=CARTESIAN_POINT('',(3.25000000000023,3.35,-5.40000000000001));
#10403=CARTESIAN_POINT('',(3.25000000000023,3.35,-5.40000000000001));
#10404=CARTESIAN_POINT('',(2.74999999999976,3.35,-5.40000000000001));
#10405=CARTESIAN_POINT('',(1.37499999999988,3.35,-5.40000000000001));
#10406=CARTESIAN_POINT('',(2.74999999999976,3.35,-5.40000000000001));
#10407=CARTESIAN_POINT('Origin',(3.25000000000023,3.35,-5.40000000000001));
#10408=CARTESIAN_POINT('',(3.25000000000023,2.85,-5.40000000000001));
#10409=CARTESIAN_POINT('',(3.25000000000023,2.85,-5.40000000000001));
#10410=CARTESIAN_POINT('',(3.25000000000023,1.675,-5.40000000000001));
#10411=CARTESIAN_POINT('Origin',(3.25000000000023,2.85,-5.40000000000001));
#10412=CARTESIAN_POINT('',(2.74999999999976,2.85,-5.40000000000001));
#10413=CARTESIAN_POINT('',(2.74999999999976,2.85,-5.40000000000001));
#10414=CARTESIAN_POINT('',(1.62500000000012,2.85,-5.40000000000001));
#10415=CARTESIAN_POINT('Origin',(2.74999999999976,2.85,-5.40000000000001));
#10416=CARTESIAN_POINT('',(2.74999999999976,1.425,-5.40000000000001));
#10417=CARTESIAN_POINT('Origin',(0.399999999999998,4.8,-5.7999998435378));
#10418=CARTESIAN_POINT('',(0.400000006929044,0.2,-6.));
#10419=CARTESIAN_POINT('',(0.399999999999998,0.2,-5.79999984353781));
#10420=CARTESIAN_POINT('',(0.3999998995289,0.2,-2.89999966626053));
#10421=CARTESIAN_POINT('',(0.400000006929044,2.4,-6.00000000000001));
#10422=CARTESIAN_POINT('',(0.399999999999998,4.8,-5.7999998435378));
#10423=CARTESIAN_POINT('Origin',(1.6,4.8,-5.7999998435378));
#10424=CARTESIAN_POINT('',(1.6,0.2,-5.79999984353781));
#10425=CARTESIAN_POINT('',(-6.375,0.2,-5.7999998435378));
#10426=CARTESIAN_POINT('',(1.6,4.8,-5.7999998435378));
#10427=CARTESIAN_POINT('',(1.25000000000024,2.85,-5.7999998435378));
#10428=CARTESIAN_POINT('',(0.74999999999976,2.85,-5.7999998435378));
#10429=CARTESIAN_POINT('',(1.42500000000012,2.85,-5.79999984353781));
#10430=CARTESIAN_POINT('',(1.25000000000024,3.35,-5.7999998435378));
#10431=CARTESIAN_POINT('',(1.25000000000024,4.075,-5.79999984353781));
#10432=CARTESIAN_POINT('',(0.74999999999976,3.35,-5.7999998435378));
#10433=CARTESIAN_POINT('',(1.17499999999988,3.35,-5.79999984353781));
#10434=CARTESIAN_POINT('',(0.74999999999976,3.825,-5.79999984353781));
#10435=CARTESIAN_POINT('Origin',(1.60000000424683,4.8,-6.));
#10436=CARTESIAN_POINT('',(1.59999994054437,0.2,-2.99999983065763));
#10437=CARTESIAN_POINT('Origin',(0.,-1.66533453693773E-15,-6.00000000000002));
#10438=CARTESIAN_POINT('',(-0.399999995753166,0.2,-6.));
#10439=CARTESIAN_POINT('',(-7.175,0.2,-6.00000000000002));
#10440=CARTESIAN_POINT('',(-0.399999995753166,2.4,-6.00000000000001));
#10441=CARTESIAN_POINT('Origin',(0.74999999999976,3.35,-5.40000000000001));
#10442=CARTESIAN_POINT('',(1.25000000000024,3.35,-5.40000000000001));
#10443=CARTESIAN_POINT('',(1.25000000000024,3.35,-5.40000000000001));
#10444=CARTESIAN_POINT('',(0.74999999999976,3.35,-5.40000000000001));
#10445=CARTESIAN_POINT('',(0.37499999999988,3.35,-5.40000000000001));
#10446=CARTESIAN_POINT('',(0.74999999999976,3.35,-5.40000000000001));
#10447=CARTESIAN_POINT('Origin',(1.25000000000024,3.35,-5.40000000000001));
#10448=CARTESIAN_POINT('',(1.25000000000024,2.85,-5.40000000000001));
#10449=CARTESIAN_POINT('',(1.25000000000024,2.85,-5.40000000000001));
#10450=CARTESIAN_POINT('',(1.25000000000024,1.675,-5.40000000000001));
#10451=CARTESIAN_POINT('Origin',(1.25000000000024,2.85,-5.40000000000001));
#10452=CARTESIAN_POINT('',(0.74999999999976,2.85,-5.40000000000001));
#10453=CARTESIAN_POINT('',(0.74999999999976,2.85,-5.40000000000001));
#10454=CARTESIAN_POINT('',(0.625000000000118,2.85,-5.40000000000001));
#10455=CARTESIAN_POINT('Origin',(0.74999999999976,2.85,-5.40000000000001));
#10456=CARTESIAN_POINT('',(0.74999999999976,1.425,-5.40000000000001));
#10457=CARTESIAN_POINT('Origin',(-1.6,4.8,-5.7999998435378));
#10458=CARTESIAN_POINT('',(-1.59999999307096,0.2,-6.));
#10459=CARTESIAN_POINT('',(-1.6,0.2,-5.79999984353781));
#10460=CARTESIAN_POINT('',(-1.6000001004711,0.2,-2.89999970090573));
#10461=CARTESIAN_POINT('',(-1.59999999307096,2.4,-6.00000000000001));
#10462=CARTESIAN_POINT('',(-1.6,4.8,-5.7999998435378));
#10463=CARTESIAN_POINT('Origin',(-0.4,4.8,-5.7999998435378));
#10464=CARTESIAN_POINT('',(-0.4,0.2,-5.79999984353781));
#10465=CARTESIAN_POINT('',(-7.375,0.2,-5.7999998435378));
#10466=CARTESIAN_POINT('',(-0.4,4.8,-5.7999998435378));
#10467=CARTESIAN_POINT('',(-0.749999999999764,2.85,-5.7999998435378));
#10468=CARTESIAN_POINT('',(-1.25000000000024,2.85,-5.7999998435378));
#10469=CARTESIAN_POINT('',(-0.574999999999882,2.85,-5.79999984353781));
#10470=CARTESIAN_POINT('',(-0.749999999999764,3.35,-5.7999998435378));
#10471=CARTESIAN_POINT('',(-0.749999999999764,4.075,-5.79999984353781));
#10472=CARTESIAN_POINT('',(-1.25000000000024,3.35,-5.7999998435378));
#10473=CARTESIAN_POINT('',(-0.82500000000012,3.35,-5.79999984353781));
#10474=CARTESIAN_POINT('',(-1.25000000000024,3.825,-5.79999984353781));
#10475=CARTESIAN_POINT('Origin',(-0.399999995753166,4.8,-6.));
#10476=CARTESIAN_POINT('',(-0.400000059455629,0.2,-2.99999985189178));
#10477=CARTESIAN_POINT('Origin',(0.,-1.66533453693773E-15,-6.00000000000002));
#10478=CARTESIAN_POINT('',(-2.39999999575317,0.2,-6.));
#10479=CARTESIAN_POINT('',(-7.175,0.2,-6.00000000000002));
#10480=CARTESIAN_POINT('',(-2.39999999575317,2.4,-6.00000000000001));
#10481=CARTESIAN_POINT('Origin',(-1.25000000000024,3.35,-5.40000000000001));
#10482=CARTESIAN_POINT('',(-0.749999999999764,3.35,-5.40000000000001));
#10483=CARTESIAN_POINT('',(-0.749999999999764,3.35,-5.40000000000001));
#10484=CARTESIAN_POINT('',(-1.25000000000024,3.35,-5.40000000000001));
#10485=CARTESIAN_POINT('',(-0.62500000000012,3.35,-5.40000000000001));
#10486=CARTESIAN_POINT('',(-1.25000000000024,3.35,-5.40000000000001));
#10487=CARTESIAN_POINT('Origin',(-0.749999999999764,3.35,-5.40000000000001));
#10488=CARTESIAN_POINT('',(-0.749999999999764,2.85,-5.40000000000001));
#10489=CARTESIAN_POINT('',(-0.749999999999764,2.85,-5.40000000000001));
#10490=CARTESIAN_POINT('',(-0.749999999999764,1.675,-5.40000000000001));
#10491=CARTESIAN_POINT('Origin',(-0.749999999999764,2.85,-5.40000000000001));
#10492=CARTESIAN_POINT('',(-1.25000000000024,2.85,-5.40000000000001));
#10493=CARTESIAN_POINT('',(-1.25000000000024,2.85,-5.40000000000001));
#10494=CARTESIAN_POINT('',(-0.374999999999882,2.85,-5.40000000000001));
#10495=CARTESIAN_POINT('Origin',(-1.25000000000024,2.85,-5.40000000000001));
#10496=CARTESIAN_POINT('',(-1.25000000000024,1.425,-5.40000000000001));
#10497=CARTESIAN_POINT('Origin',(-3.6,4.8,-5.7999998435378));
#10498=CARTESIAN_POINT('',(-3.59999999307096,0.2,-6.));
#10499=CARTESIAN_POINT('',(-3.6,0.2,-5.79999984353781));
#10500=CARTESIAN_POINT('',(-3.6000001004711,0.2,-2.89999973555093));
#10501=CARTESIAN_POINT('',(-3.59999999307096,2.4,-6.00000000000001));
#10502=CARTESIAN_POINT('',(-3.6,4.8,-5.7999998435378));
#10503=CARTESIAN_POINT('Origin',(-2.4,4.8,-5.7999998435378));
#10504=CARTESIAN_POINT('',(-2.4,0.2,-5.79999984353781));
#10505=CARTESIAN_POINT('',(-8.375,0.2,-5.7999998435378));
#10506=CARTESIAN_POINT('',(-2.4,4.8,-5.7999998435378));
#10507=CARTESIAN_POINT('',(-2.74999999999977,2.85,-5.7999998435378));
#10508=CARTESIAN_POINT('',(-3.25000000000024,2.85,-5.7999998435378));
#10509=CARTESIAN_POINT('',(-2.57499999999988,2.85,-5.79999984353781));
#10510=CARTESIAN_POINT('',(-2.74999999999977,3.35,-5.7999998435378));
#10511=CARTESIAN_POINT('',(-2.74999999999977,4.075,-5.79999984353781));
#10512=CARTESIAN_POINT('',(-3.25000000000024,3.35,-5.7999998435378));
#10513=CARTESIAN_POINT('',(-2.82500000000012,3.35,-5.79999984353781));
#10514=CARTESIAN_POINT('',(-3.25000000000024,3.825,-5.79999984353781));
#10515=CARTESIAN_POINT('Origin',(-2.39999999575317,4.8,-6.));
#10516=CARTESIAN_POINT('',(-2.40000005945563,0.2,-2.99999987312593));
#10517=CARTESIAN_POINT('Origin',(0.,-1.66533453693773E-15,-6.00000000000002));
#10518=CARTESIAN_POINT('',(-4.39999999575317,0.2,-6.));
#10519=CARTESIAN_POINT('',(-7.175,0.2,-6.00000000000002));
#10520=CARTESIAN_POINT('',(-4.39999999575317,2.4,-6.00000000000001));
#10521=CARTESIAN_POINT('Origin',(-3.25000000000024,3.35,-5.40000000000001));
#10522=CARTESIAN_POINT('',(-2.74999999999977,3.35,-5.40000000000001));
#10523=CARTESIAN_POINT('',(-2.74999999999977,3.35,-5.40000000000001));
#10524=CARTESIAN_POINT('',(-3.25000000000024,3.35,-5.40000000000001));
#10525=CARTESIAN_POINT('',(-1.62500000000012,3.35,-5.40000000000001));
#10526=CARTESIAN_POINT('',(-3.25000000000024,3.35,-5.40000000000001));
#10527=CARTESIAN_POINT('Origin',(-2.74999999999977,3.35,-5.40000000000001));
#10528=CARTESIAN_POINT('',(-2.74999999999977,2.85,-5.40000000000001));
#10529=CARTESIAN_POINT('',(-2.74999999999977,2.85,-5.40000000000001));
#10530=CARTESIAN_POINT('',(-2.74999999999977,1.675,-5.40000000000001));
#10531=CARTESIAN_POINT('Origin',(-2.74999999999977,2.85,-5.40000000000001));
#10532=CARTESIAN_POINT('',(-3.25000000000024,2.85,-5.40000000000001));
#10533=CARTESIAN_POINT('',(-3.25000000000024,2.85,-5.40000000000001));
#10534=CARTESIAN_POINT('',(-1.37499999999988,2.85,-5.40000000000001));
#10535=CARTESIAN_POINT('Origin',(-3.25000000000024,2.85,-5.40000000000001));
#10536=CARTESIAN_POINT('',(-3.25000000000024,1.425,-5.40000000000001));
#10537=CARTESIAN_POINT('Origin',(-5.6,4.8,-5.7999998435378));
#10538=CARTESIAN_POINT('',(-5.59999999307096,0.2,-6.));
#10539=CARTESIAN_POINT('',(-5.6,0.2,-5.79999984353781));
#10540=CARTESIAN_POINT('',(-5.6000001004711,0.2,-2.89999977019614));
#10541=CARTESIAN_POINT('',(-5.59999999307096,2.4,-6.00000000000001));
#10542=CARTESIAN_POINT('',(-5.6,4.8,-5.7999998435378));
#10543=CARTESIAN_POINT('Origin',(-4.4,4.8,-5.7999998435378));
#10544=CARTESIAN_POINT('',(-4.4,0.2,-5.79999984353781));
#10545=CARTESIAN_POINT('',(-9.375,0.2,-5.7999998435378));
#10546=CARTESIAN_POINT('',(-4.4,4.8,-5.7999998435378));
#10547=CARTESIAN_POINT('',(-4.74999999999977,2.85,-5.7999998435378));
#10548=CARTESIAN_POINT('',(-5.25000000000024,2.85,-5.7999998435378));
#10549=CARTESIAN_POINT('',(-4.57499999999988,2.85,-5.79999984353781));
#10550=CARTESIAN_POINT('',(-4.74999999999977,3.35,-5.7999998435378));
#10551=CARTESIAN_POINT('',(-4.74999999999977,4.075,-5.79999984353781));
#10552=CARTESIAN_POINT('',(-5.25000000000024,3.35,-5.7999998435378));
#10553=CARTESIAN_POINT('',(-4.82500000000012,3.35,-5.79999984353781));
#10554=CARTESIAN_POINT('',(-5.25000000000024,3.825,-5.79999984353781));
#10555=CARTESIAN_POINT('Origin',(-4.39999999575317,4.8,-6.));
#10556=CARTESIAN_POINT('',(-4.40000005945563,0.2,-2.99999989436009));
#10557=CARTESIAN_POINT('Origin',(0.,-1.66533453693773E-15,-6.00000000000002));
#10558=CARTESIAN_POINT('',(-6.39999999575317,0.2,-6.));
#10559=CARTESIAN_POINT('',(-7.175,0.2,-6.00000000000002));
#10560=CARTESIAN_POINT('',(-6.39999999575317,2.4,-6.00000000000001));
#10561=CARTESIAN_POINT('Origin',(-5.25000000000024,3.35,-5.40000000000001));
#10562=CARTESIAN_POINT('',(-4.74999999999977,3.35,-5.40000000000001));
#10563=CARTESIAN_POINT('',(-4.74999999999977,3.35,-5.40000000000001));
#10564=CARTESIAN_POINT('',(-5.25000000000024,3.35,-5.40000000000001));
#10565=CARTESIAN_POINT('',(-2.62500000000012,3.35,-5.40000000000001));
#10566=CARTESIAN_POINT('',(-5.25000000000024,3.35,-5.40000000000001));
#10567=CARTESIAN_POINT('Origin',(-4.74999999999977,3.35,-5.40000000000001));
#10568=CARTESIAN_POINT('',(-4.74999999999977,2.85,-5.40000000000001));
#10569=CARTESIAN_POINT('',(-4.74999999999977,2.85,-5.40000000000001));
#10570=CARTESIAN_POINT('',(-4.74999999999977,1.675,-5.40000000000001));
#10571=CARTESIAN_POINT('Origin',(-4.74999999999977,2.85,-5.40000000000001));
#10572=CARTESIAN_POINT('',(-5.25000000000024,2.85,-5.40000000000001));
#10573=CARTESIAN_POINT('',(-5.25000000000024,2.85,-5.40000000000001));
#10574=CARTESIAN_POINT('',(-2.37499999999988,2.85,-5.40000000000001));
#10575=CARTESIAN_POINT('Origin',(-5.25000000000024,2.85,-5.40000000000001));
#10576=CARTESIAN_POINT('',(-5.25000000000024,1.425,-5.40000000000001));
#10577=CARTESIAN_POINT('Origin',(-7.6,4.8,-5.7999998435378));
#10578=CARTESIAN_POINT('',(-7.59999999307096,0.2,-6.));
#10579=CARTESIAN_POINT('',(-7.6,0.2,-5.79999984353781));
#10580=CARTESIAN_POINT('',(-7.6000001004711,0.2,-2.89999980484134));
#10581=CARTESIAN_POINT('',(-7.59999999307096,2.4,-6.00000000000001));
#10582=CARTESIAN_POINT('',(-7.6,4.8,-5.7999998435378));
#10583=CARTESIAN_POINT('Origin',(-6.4,4.8,-5.7999998435378));
#10584=CARTESIAN_POINT('',(-6.4,0.2,-5.79999984353781));
#10585=CARTESIAN_POINT('',(-10.375,0.2,-5.7999998435378));
#10586=CARTESIAN_POINT('',(-6.4,4.8,-5.7999998435378));
#10587=CARTESIAN_POINT('',(-6.74999999999977,2.85,-5.7999998435378));
#10588=CARTESIAN_POINT('',(-7.25000000000024,2.85,-5.7999998435378));
#10589=CARTESIAN_POINT('',(-6.57499999999988,2.85,-5.79999984353781));
#10590=CARTESIAN_POINT('',(-6.74999999999977,3.35,-5.7999998435378));
#10591=CARTESIAN_POINT('',(-6.74999999999977,4.075,-5.79999984353781));
#10592=CARTESIAN_POINT('',(-7.25000000000024,3.35,-5.7999998435378));
#10593=CARTESIAN_POINT('',(-6.82500000000012,3.35,-5.79999984353781));
#10594=CARTESIAN_POINT('',(-7.25000000000024,3.825,-5.79999984353781));
#10595=CARTESIAN_POINT('Origin',(-6.39999999575317,4.8,-6.));
#10596=CARTESIAN_POINT('',(-6.40000005945563,0.2,-2.99999991559424));
#10597=CARTESIAN_POINT('Origin',(0.,-1.66533453693773E-15,-6.00000000000002));
#10598=CARTESIAN_POINT('',(-8.39999999575317,0.2,-6.));
#10599=CARTESIAN_POINT('',(-7.175,0.2,-6.00000000000002));
#10600=CARTESIAN_POINT('',(-8.39999999575317,2.4,-6.00000000000001));
#10601=CARTESIAN_POINT('Origin',(-7.25000000000024,3.35,-5.40000000000001));
#10602=CARTESIAN_POINT('',(-6.74999999999977,3.35,-5.40000000000001));
#10603=CARTESIAN_POINT('',(-6.74999999999977,3.35,-5.40000000000001));
#10604=CARTESIAN_POINT('',(-7.25000000000024,3.35,-5.40000000000001));
#10605=CARTESIAN_POINT('',(-3.62500000000012,3.35,-5.40000000000001));
#10606=CARTESIAN_POINT('',(-7.25000000000024,3.35,-5.40000000000001));
#10607=CARTESIAN_POINT('Origin',(-6.74999999999977,3.35,-5.40000000000001));
#10608=CARTESIAN_POINT('',(-6.74999999999977,2.85,-5.40000000000001));
#10609=CARTESIAN_POINT('',(-6.74999999999977,2.85,-5.40000000000001));
#10610=CARTESIAN_POINT('',(-6.74999999999977,1.675,-5.40000000000001));
#10611=CARTESIAN_POINT('Origin',(-6.74999999999977,2.85,-5.40000000000001));
#10612=CARTESIAN_POINT('',(-7.25000000000024,2.85,-5.40000000000001));
#10613=CARTESIAN_POINT('',(-7.25000000000024,2.85,-5.40000000000001));
#10614=CARTESIAN_POINT('',(-3.37499999999988,2.85,-5.40000000000001));
#10615=CARTESIAN_POINT('Origin',(-7.25000000000024,2.85,-5.40000000000001));
#10616=CARTESIAN_POINT('',(-7.25000000000024,1.425,-5.40000000000001));
#10617=CARTESIAN_POINT('Origin',(-9.6,4.8,-5.7999998435378));
#10618=CARTESIAN_POINT('',(-9.59999999307096,0.2,-6.));
#10619=CARTESIAN_POINT('',(-9.6,0.2,-5.79999984353781));
#10620=CARTESIAN_POINT('',(-9.6000001004711,0.2,-2.89999983948655));
#10621=CARTESIAN_POINT('',(-9.59999999307096,2.4,-6.00000000000001));
#10622=CARTESIAN_POINT('',(-9.6,4.8,-5.7999998435378));
#10623=CARTESIAN_POINT('Origin',(-8.4,4.8,-5.7999998435378));
#10624=CARTESIAN_POINT('',(-8.4,0.2,-5.79999984353781));
#10625=CARTESIAN_POINT('',(-11.375,0.2,-5.7999998435378));
#10626=CARTESIAN_POINT('',(-8.4,4.8,-5.7999998435378));
#10627=CARTESIAN_POINT('',(-8.74999999999977,2.85,-5.7999998435378));
#10628=CARTESIAN_POINT('',(-9.25000000000024,2.85,-5.7999998435378));
#10629=CARTESIAN_POINT('',(-8.57499999999988,2.85,-5.79999984353781));
#10630=CARTESIAN_POINT('',(-8.74999999999977,3.35,-5.7999998435378));
#10631=CARTESIAN_POINT('',(-8.74999999999977,4.075,-5.79999984353781));
#10632=CARTESIAN_POINT('',(-9.25000000000024,3.35,-5.7999998435378));
#10633=CARTESIAN_POINT('',(-8.82500000000012,3.35,-5.79999984353781));
#10634=CARTESIAN_POINT('',(-9.25000000000024,3.825,-5.79999984353781));
#10635=CARTESIAN_POINT('Origin',(-8.39999999575317,4.8,-6.));
#10636=CARTESIAN_POINT('',(-8.40000005945563,0.2,-2.99999993682839));
#10637=CARTESIAN_POINT('Origin',(0.,-1.66533453693773E-15,-6.00000000000002));
#10638=CARTESIAN_POINT('',(-10.3999999957532,0.2,-6.));
#10639=CARTESIAN_POINT('',(-7.175,0.2,-6.00000000000002));
#10640=CARTESIAN_POINT('',(-10.3999999957532,2.4,-6.00000000000001));
#10641=CARTESIAN_POINT('Origin',(-9.25000000000024,3.35,-5.40000000000001));
#10642=CARTESIAN_POINT('',(-8.74999999999977,3.35,-5.40000000000001));
#10643=CARTESIAN_POINT('',(-8.74999999999977,3.35,-5.40000000000001));
#10644=CARTESIAN_POINT('',(-9.25000000000024,3.35,-5.40000000000001));
#10645=CARTESIAN_POINT('',(-4.62500000000012,3.35,-5.40000000000001));
#10646=CARTESIAN_POINT('',(-9.25000000000024,3.35,-5.40000000000001));
#10647=CARTESIAN_POINT('Origin',(-8.74999999999977,3.35,-5.40000000000001));
#10648=CARTESIAN_POINT('',(-8.74999999999977,2.85,-5.40000000000001));
#10649=CARTESIAN_POINT('',(-8.74999999999977,2.85,-5.40000000000001));
#10650=CARTESIAN_POINT('',(-8.74999999999977,1.675,-5.40000000000001));
#10651=CARTESIAN_POINT('Origin',(-8.74999999999977,2.85,-5.40000000000001));
#10652=CARTESIAN_POINT('',(-9.25000000000024,2.85,-5.40000000000001));
#10653=CARTESIAN_POINT('',(-9.25000000000024,2.85,-5.40000000000001));
#10654=CARTESIAN_POINT('',(-4.37499999999988,2.85,-5.40000000000001));
#10655=CARTESIAN_POINT('Origin',(-9.25000000000024,2.85,-5.40000000000001));
#10656=CARTESIAN_POINT('',(-9.25000000000024,1.425,-5.40000000000001));
#10657=CARTESIAN_POINT('Origin',(-11.6,4.8,-5.7999998435378));
#10658=CARTESIAN_POINT('',(-11.599999993071,0.2,-6.));
#10659=CARTESIAN_POINT('',(-11.6,0.2,-5.79999984353781));
#10660=CARTESIAN_POINT('',(-11.6000001004711,0.2,-2.89999987413175));
#10661=CARTESIAN_POINT('',(-11.599999993071,2.4,-6.00000000000001));
#10662=CARTESIAN_POINT('',(-11.6,4.8,-5.7999998435378));
#10663=CARTESIAN_POINT('Origin',(-10.4,4.8,-5.7999998435378));
#10664=CARTESIAN_POINT('',(-10.4,0.2,-5.79999984353781));
#10665=CARTESIAN_POINT('',(-12.375,0.2,-5.7999998435378));
#10666=CARTESIAN_POINT('',(-10.4,4.8,-5.7999998435378));
#10667=CARTESIAN_POINT('',(-10.7499999999998,2.85,-5.7999998435378));
#10668=CARTESIAN_POINT('',(-11.2500000000002,2.85,-5.7999998435378));
#10669=CARTESIAN_POINT('',(-10.5749999999999,2.85,-5.79999984353781));
#10670=CARTESIAN_POINT('',(-10.7499999999998,3.35,-5.7999998435378));
#10671=CARTESIAN_POINT('',(-10.7499999999998,4.075,-5.79999984353781));
#10672=CARTESIAN_POINT('',(-11.2500000000002,3.35,-5.7999998435378));
#10673=CARTESIAN_POINT('',(-10.8250000000001,3.35,-5.79999984353781));
#10674=CARTESIAN_POINT('',(-11.2500000000002,3.825,-5.79999984353781));
#10675=CARTESIAN_POINT('Origin',(-10.3999999957532,4.8,-6.));
#10676=CARTESIAN_POINT('',(-10.4000000594556,0.2,-2.99999995806255));
#10677=CARTESIAN_POINT('Origin',(0.,-1.66533453693773E-15,-6.00000000000002));
#10678=CARTESIAN_POINT('',(-12.3999999957532,0.2,-6.));
#10679=CARTESIAN_POINT('',(-7.175,0.2,-6.00000000000002));
#10680=CARTESIAN_POINT('',(-12.3999999957532,2.4,-6.00000000000001));
#10681=CARTESIAN_POINT('Origin',(-11.2500000000002,3.35,-5.40000000000001));
#10682=CARTESIAN_POINT('',(-10.7499999999998,3.35,-5.40000000000001));
#10683=CARTESIAN_POINT('',(-10.7499999999998,3.35,-5.40000000000001));
#10684=CARTESIAN_POINT('',(-11.2500000000002,3.35,-5.40000000000001));
#10685=CARTESIAN_POINT('',(-5.62500000000012,3.35,-5.40000000000001));
#10686=CARTESIAN_POINT('',(-11.2500000000002,3.35,-5.40000000000001));
#10687=CARTESIAN_POINT('Origin',(-10.7499999999998,3.35,-5.40000000000001));
#10688=CARTESIAN_POINT('',(-10.7499999999998,2.85,-5.40000000000001));
#10689=CARTESIAN_POINT('',(-10.7499999999998,2.85,-5.40000000000001));
#10690=CARTESIAN_POINT('',(-10.7499999999998,1.675,-5.40000000000001));
#10691=CARTESIAN_POINT('Origin',(-10.7499999999998,2.85,-5.40000000000001));
#10692=CARTESIAN_POINT('',(-11.2500000000002,2.85,-5.40000000000001));
#10693=CARTESIAN_POINT('',(-11.2500000000002,2.85,-5.40000000000001));
#10694=CARTESIAN_POINT('',(-5.37499999999988,2.85,-5.40000000000001));
#10695=CARTESIAN_POINT('Origin',(-11.2500000000002,2.85,-5.40000000000001));
#10696=CARTESIAN_POINT('',(-11.2500000000002,1.425,-5.40000000000001));
#10697=CARTESIAN_POINT('Origin',(-12.3999999957532,4.8,-6.));
#10698=CARTESIAN_POINT('',(-12.4000000594556,0.2,-2.9999999792967));
#10699=CARTESIAN_POINT('Origin',(-13.6,4.8,-5.7999998435378));
#10700=CARTESIAN_POINT('',(-13.599999993071,0.2,-6.));
#10701=CARTESIAN_POINT('',(-13.6000001004711,0.2,-2.89999990877695));
#10702=CARTESIAN_POINT('',(-13.599999993071,2.4,-6.00000000000001));
#10703=CARTESIAN_POINT('Origin',(-14.35,0.2,0.));
#10704=CARTESIAN_POINT('',(14.35,0.2,0.));
#10705=CARTESIAN_POINT('',(14.35,0.2,0.));
#10706=CARTESIAN_POINT('',(-14.35,0.2,0.));
#10707=CARTESIAN_POINT('',(-7.175,0.2,-1.92592994438724E-33));
#10708=CARTESIAN_POINT('',(-14.35,0.2,0.));
#10709=CARTESIAN_POINT('',(-7.175,0.2,-6.00000000000002));
#10710=CARTESIAN_POINT('Origin',(-13.2500000000002,3.35,-5.40000000000001));
#10711=CARTESIAN_POINT('',(-12.7499999999998,3.35,-5.40000000000001));
#10712=CARTESIAN_POINT('',(-12.7499999999998,3.35,-5.40000000000001));
#10713=CARTESIAN_POINT('',(-13.2500000000002,3.35,-5.40000000000001));
#10714=CARTESIAN_POINT('',(-6.62500000000012,3.35,-5.40000000000001));
#10715=CARTESIAN_POINT('',(-13.2500000000002,3.35,-5.40000000000001));
#10716=CARTESIAN_POINT('Origin',(-12.7499999999998,3.35,-5.40000000000001));
#10717=CARTESIAN_POINT('',(-12.7499999999998,2.85,-5.40000000000001));
#10718=CARTESIAN_POINT('',(-12.7499999999998,2.85,-5.40000000000001));
#10719=CARTESIAN_POINT('',(-12.7499999999998,1.675,-5.40000000000001));
#10720=CARTESIAN_POINT('Origin',(-12.7499999999998,2.85,-5.40000000000001));
#10721=CARTESIAN_POINT('',(-13.2500000000002,2.85,-5.40000000000001));
#10722=CARTESIAN_POINT('',(-13.2500000000002,2.85,-5.40000000000001));
#10723=CARTESIAN_POINT('',(-6.37499999999988,2.85,-5.40000000000001));
#10724=CARTESIAN_POINT('Origin',(-13.2500000000002,2.85,-5.40000000000001));
#10725=CARTESIAN_POINT('',(-13.2500000000002,1.425,-5.40000000000001));
#10726=CARTESIAN_POINT('Origin',(-14.35,0.8,0.));
#10727=CARTESIAN_POINT('',(-7.175,0.8,-5.40000000000002));
#10728=CARTESIAN_POINT('',(-7.175,0.8,-7.70371977754894E-33));
#10729=CARTESIAN_POINT('Origin',(0.,-3.88578058618805E-15,-5.40000000000002));
#10730=CARTESIAN_POINT('Origin',(-14.35,0.,0.));
#10731=CARTESIAN_POINT('',(-14.35,0.,0.));
#10732=CARTESIAN_POINT('',(-14.35,2.4,-2.31111593326468E-32));
#10733=CARTESIAN_POINT('',(-14.35,0.,0.));
#10734=CARTESIAN_POINT('Origin',(14.35,0.2,0.));
#10735=CARTESIAN_POINT('',(14.35,0.,0.));
#10736=CARTESIAN_POINT('',(14.35,0.,1.83697019872103E-17));
#10737=CARTESIAN_POINT('',(14.35,2.5,-2.40741243048404E-32));
#10738=CARTESIAN_POINT('Origin',(0.,4.8,-4.62223186652937E-32));
#10739=CARTESIAN_POINT('',(0.,0.,0.));
#10740=CARTESIAN_POINT('',(14.95,0.,0.));
#10741=CARTESIAN_POINT('',(0.,0.,0.));
#10742=CARTESIAN_POINT('',(14.95,0.,0.));
#10743=CARTESIAN_POINT('Origin',(0.,0.,0.));
#10744=CARTESIAN_POINT('',(14.95,-1.39609735102798E-15,-7.6));
#10745=CARTESIAN_POINT('Origin',(0.,0.,0.));
#10746=CARTESIAN_POINT('Origin',(0.,-1.66533453693773E-15,-6.00000000000002));
#10747=CARTESIAN_POINT('Origin',(14.95,2.4,-3.));
#10748=CARTESIAN_POINT('Origin',(-13.125,-3.35,-6.45));
#10749=CARTESIAN_POINT('',(-12.85,-3.4,-6.4));
#10750=CARTESIAN_POINT('',(-13.15,-3.4,-6.4));
#10751=CARTESIAN_POINT('',(-13.125,-3.4,-6.4));
#10752=CARTESIAN_POINT('',(-13.25,-3.3,-6.5));
#10753=CARTESIAN_POINT('',(-13.15,-3.4,-6.4));
#10754=CARTESIAN_POINT('',(-12.75,-3.3,-6.5));
#10755=CARTESIAN_POINT('',(-13.125,-3.3,-6.5));
#10756=CARTESIAN_POINT('',(-12.85,-3.4,-6.4));
#10757=CARTESIAN_POINT('Origin',(-13.2,-3.35,-3.125));
#10758=CARTESIAN_POINT('',(-13.15,-3.4,-6.1));
#10759=CARTESIAN_POINT('',(-13.15,-3.4,-3.125));
#10760=CARTESIAN_POINT('',(-13.25,-3.3,-6.));
#10761=CARTESIAN_POINT('',(-13.15,-3.4,-6.1));
#10762=CARTESIAN_POINT('',(-13.25,-3.3,-3.125));
#10763=CARTESIAN_POINT('Origin',(-12.875,-3.35,-6.05));
#10764=CARTESIAN_POINT('',(-12.85,-3.4,-6.1));
#10765=CARTESIAN_POINT('',(-12.875,-3.4,-6.1));
#10766=CARTESIAN_POINT('',(-12.75,-3.3,-6.));
#10767=CARTESIAN_POINT('',(-12.85,-3.4,-6.1));
#10768=CARTESIAN_POINT('',(-12.875,-3.3,-6.));
#10769=CARTESIAN_POINT('Origin',(-12.8,-3.35,-3.125));
#10770=CARTESIAN_POINT('',(-12.75,-3.3,-3.125));
#10771=CARTESIAN_POINT('',(-12.85,-3.4,-3.125));
#10772=CARTESIAN_POINT('Origin',(-12.75,3.35,0.));
#10773=CARTESIAN_POINT('',(-12.75,2.6,-6.5));
#10774=CARTESIAN_POINT('',(-12.75,2.6,-6.5));
#10775=CARTESIAN_POINT('',(-12.75,3.35,-5.75));
#10776=CARTESIAN_POINT('Origin',(-12.75,2.6,-5.75));
#10777=CARTESIAN_POINT('',(-12.75,3.35,-0.1));
#10778=CARTESIAN_POINT('',(-12.75,3.35,0.));
#10779=CARTESIAN_POINT('',(-12.75,2.85,-0.1));
#10780=CARTESIAN_POINT('',(-12.75,3.225,-0.1));
#10781=CARTESIAN_POINT('',(-12.75,2.85,-5.75));
#10782=CARTESIAN_POINT('',(-12.75,2.85,0.));
#10783=CARTESIAN_POINT('',(-12.75,2.6,-6.));
#10784=CARTESIAN_POINT('Origin',(-12.75,2.6,-5.75));
#10785=CARTESIAN_POINT('',(-12.75,2.6,-6.));
#10786=CARTESIAN_POINT('Origin',(-13.25,2.6,-6.5));
#10787=CARTESIAN_POINT('',(-13.25,2.6,-6.5));
#10788=CARTESIAN_POINT('',(-13.25,2.6,-6.5));
#10789=CARTESIAN_POINT('',(-13.25,2.6,-6.5));
#10790=CARTESIAN_POINT('Origin',(-13.,-3.4,-6.25));
#10791=CARTESIAN_POINT('Origin',(-13.2,2.975,-0.05));
#10792=CARTESIAN_POINT('',(-13.25,3.35,-0.1));
#10793=CARTESIAN_POINT('',(-13.25,2.85,-0.1));
#10794=CARTESIAN_POINT('',(-13.25,2.975,-0.1));
#10795=CARTESIAN_POINT('',(-13.15,2.95,0.));
#10796=CARTESIAN_POINT('',(-13.25,2.85,-0.1));
#10797=CARTESIAN_POINT('',(-13.15,3.25,0.));
#10798=CARTESIAN_POINT('',(-13.15,2.975,0.));
#10799=CARTESIAN_POINT('',(-13.25,3.35,-0.1));
#10800=CARTESIAN_POINT('Origin',(-12.875,2.9,-0.05));
#10801=CARTESIAN_POINT('',(-12.875,2.85,-0.1));
#10802=CARTESIAN_POINT('',(-12.85,2.95,0.));
#10803=CARTESIAN_POINT('',(-12.75,2.85,-0.1));
#10804=CARTESIAN_POINT('',(-12.875,2.95,0.));
#10805=CARTESIAN_POINT('Origin',(-13.125,3.3,-0.05));
#10806=CARTESIAN_POINT('',(-12.85,3.25,0.));
#10807=CARTESIAN_POINT('',(-13.125,3.25,0.));
#10808=CARTESIAN_POINT('',(-12.85,3.25,0.));
#10809=CARTESIAN_POINT('',(-13.125,3.35,-0.1));
#10810=CARTESIAN_POINT('Origin',(-12.8,3.225,-0.05));
#10811=CARTESIAN_POINT('',(-12.85,3.225,0.));
#10812=CARTESIAN_POINT('Origin',(-12.75,2.85,0.));
#10813=CARTESIAN_POINT('',(-13.25,2.85,-5.75));
#10814=CARTESIAN_POINT('',(-13.25,2.85,0.));
#10815=CARTESIAN_POINT('',(-12.75,2.85,-5.75));
#10816=CARTESIAN_POINT('Origin',(-13.25,2.85,0.));
#10817=CARTESIAN_POINT('',(-13.25,2.6,-6.));
#10818=CARTESIAN_POINT('',(-13.25,2.6,-6.));
#10819=CARTESIAN_POINT('Origin',(-13.25,2.6,-5.75));
#10820=CARTESIAN_POINT('',(-13.25,3.35,-5.75));
#10821=CARTESIAN_POINT('',(-13.25,3.35,0.));
#10822=CARTESIAN_POINT('Origin',(-13.25,2.6,-5.75));
#10823=CARTESIAN_POINT('Origin',(-13.,3.1,0.));
#10824=CARTESIAN_POINT('Origin',(-12.75,2.6,-6.));
#10825=CARTESIAN_POINT('',(-12.75,2.6,-6.));
#10826=CARTESIAN_POINT('Origin',(-13.,2.6,-5.75));
#10827=CARTESIAN_POINT('Origin',(-13.,2.6,-5.75));
#10828=CARTESIAN_POINT('',(-13.25,3.35,-5.75));
#10829=CARTESIAN_POINT('Origin',(-13.25,3.35,0.));
#10830=CARTESIAN_POINT('Origin',(-11.125,-3.35,-6.45));
#10831=CARTESIAN_POINT('',(-10.85,-3.4,-6.4));
#10832=CARTESIAN_POINT('',(-11.15,-3.4,-6.4));
#10833=CARTESIAN_POINT('',(-11.125,-3.4,-6.4));
#10834=CARTESIAN_POINT('',(-11.25,-3.3,-6.5));
#10835=CARTESIAN_POINT('',(-11.15,-3.4,-6.4));
#10836=CARTESIAN_POINT('',(-10.75,-3.3,-6.5));
#10837=CARTESIAN_POINT('',(-11.125,-3.3,-6.5));
#10838=CARTESIAN_POINT('',(-10.85,-3.4,-6.4));
#10839=CARTESIAN_POINT('Origin',(-11.2,-3.35,-3.125));
#10840=CARTESIAN_POINT('',(-11.15,-3.4,-6.1));
#10841=CARTESIAN_POINT('',(-11.15,-3.4,-3.125));
#10842=CARTESIAN_POINT('',(-11.25,-3.3,-6.));
#10843=CARTESIAN_POINT('',(-11.15,-3.4,-6.1));
#10844=CARTESIAN_POINT('',(-11.25,-3.3,-3.125));
#10845=CARTESIAN_POINT('Origin',(-10.875,-3.35,-6.05));
#10846=CARTESIAN_POINT('',(-10.85,-3.4,-6.1));
#10847=CARTESIAN_POINT('',(-10.875,-3.4,-6.1));
#10848=CARTESIAN_POINT('',(-10.75,-3.3,-6.));
#10849=CARTESIAN_POINT('',(-10.85,-3.4,-6.1));
#10850=CARTESIAN_POINT('',(-10.875,-3.3,-6.));
#10851=CARTESIAN_POINT('Origin',(-10.8,-3.35,-3.125));
#10852=CARTESIAN_POINT('',(-10.75,-3.3,-3.125));
#10853=CARTESIAN_POINT('',(-10.85,-3.4,-3.125));
#10854=CARTESIAN_POINT('Origin',(-10.75,3.35,0.));
#10855=CARTESIAN_POINT('',(-10.75,2.6,-6.5));
#10856=CARTESIAN_POINT('',(-10.75,2.6,-6.5));
#10857=CARTESIAN_POINT('',(-10.75,3.35,-5.75));
#10858=CARTESIAN_POINT('Origin',(-10.75,2.6,-5.75));
#10859=CARTESIAN_POINT('',(-10.75,3.35,-0.1));
#10860=CARTESIAN_POINT('',(-10.75,3.35,0.));
#10861=CARTESIAN_POINT('',(-10.75,2.85,-0.1));
#10862=CARTESIAN_POINT('',(-10.75,3.225,-0.1));
#10863=CARTESIAN_POINT('',(-10.75,2.85,-5.75));
#10864=CARTESIAN_POINT('',(-10.75,2.85,0.));
#10865=CARTESIAN_POINT('',(-10.75,2.6,-6.));
#10866=CARTESIAN_POINT('Origin',(-10.75,2.6,-5.75));
#10867=CARTESIAN_POINT('',(-10.75,2.6,-6.));
#10868=CARTESIAN_POINT('Origin',(-11.25,2.6,-6.5));
#10869=CARTESIAN_POINT('',(-11.25,2.6,-6.5));
#10870=CARTESIAN_POINT('',(-11.25,2.6,-6.5));
#10871=CARTESIAN_POINT('',(-11.25,2.6,-6.5));
#10872=CARTESIAN_POINT('Origin',(-11.,-3.4,-6.25));
#10873=CARTESIAN_POINT('Origin',(-11.2,2.975,-0.05));
#10874=CARTESIAN_POINT('',(-11.25,3.35,-0.1));
#10875=CARTESIAN_POINT('',(-11.25,2.85,-0.1));
#10876=CARTESIAN_POINT('',(-11.25,2.975,-0.1));
#10877=CARTESIAN_POINT('',(-11.15,2.95,0.));
#10878=CARTESIAN_POINT('',(-11.25,2.85,-0.1));
#10879=CARTESIAN_POINT('',(-11.15,3.25,0.));
#10880=CARTESIAN_POINT('',(-11.15,2.975,0.));
#10881=CARTESIAN_POINT('',(-11.25,3.35,-0.1));
#10882=CARTESIAN_POINT('Origin',(-10.875,2.9,-0.05));
#10883=CARTESIAN_POINT('',(-10.875,2.85,-0.1));
#10884=CARTESIAN_POINT('',(-10.85,2.95,0.));
#10885=CARTESIAN_POINT('',(-10.75,2.85,-0.1));
#10886=CARTESIAN_POINT('',(-10.875,2.95,0.));
#10887=CARTESIAN_POINT('Origin',(-11.125,3.3,-0.05));
#10888=CARTESIAN_POINT('',(-10.85,3.25,0.));
#10889=CARTESIAN_POINT('',(-11.125,3.25,0.));
#10890=CARTESIAN_POINT('',(-10.85,3.25,0.));
#10891=CARTESIAN_POINT('',(-11.125,3.35,-0.1));
#10892=CARTESIAN_POINT('Origin',(-10.8,3.225,-0.05));
#10893=CARTESIAN_POINT('',(-10.85,3.225,0.));
#10894=CARTESIAN_POINT('Origin',(-10.75,2.85,0.));
#10895=CARTESIAN_POINT('',(-11.25,2.85,-5.75));
#10896=CARTESIAN_POINT('',(-11.25,2.85,0.));
#10897=CARTESIAN_POINT('',(-10.75,2.85,-5.75));
#10898=CARTESIAN_POINT('Origin',(-11.25,2.85,0.));
#10899=CARTESIAN_POINT('',(-11.25,2.6,-6.));
#10900=CARTESIAN_POINT('',(-11.25,2.6,-6.));
#10901=CARTESIAN_POINT('Origin',(-11.25,2.6,-5.75));
#10902=CARTESIAN_POINT('',(-11.25,3.35,-5.75));
#10903=CARTESIAN_POINT('',(-11.25,3.35,0.));
#10904=CARTESIAN_POINT('Origin',(-11.25,2.6,-5.75));
#10905=CARTESIAN_POINT('Origin',(-11.,3.1,0.));
#10906=CARTESIAN_POINT('Origin',(-10.75,2.6,-6.));
#10907=CARTESIAN_POINT('',(-10.75,2.6,-6.));
#10908=CARTESIAN_POINT('Origin',(-11.,2.6,-5.75));
#10909=CARTESIAN_POINT('Origin',(-11.,2.6,-5.75));
#10910=CARTESIAN_POINT('',(-11.25,3.35,-5.75));
#10911=CARTESIAN_POINT('Origin',(-11.25,3.35,0.));
#10912=CARTESIAN_POINT('Origin',(-9.125,-3.35,-6.45));
#10913=CARTESIAN_POINT('',(-8.85,-3.4,-6.4));
#10914=CARTESIAN_POINT('',(-9.15,-3.4,-6.4));
#10915=CARTESIAN_POINT('',(-9.125,-3.4,-6.4));
#10916=CARTESIAN_POINT('',(-9.25,-3.3,-6.5));
#10917=CARTESIAN_POINT('',(-9.15,-3.4,-6.4));
#10918=CARTESIAN_POINT('',(-8.75,-3.3,-6.5));
#10919=CARTESIAN_POINT('',(-9.125,-3.3,-6.5));
#10920=CARTESIAN_POINT('',(-8.85,-3.4,-6.4));
#10921=CARTESIAN_POINT('Origin',(-9.2,-3.35,-3.125));
#10922=CARTESIAN_POINT('',(-9.15,-3.4,-6.1));
#10923=CARTESIAN_POINT('',(-9.15,-3.4,-3.125));
#10924=CARTESIAN_POINT('',(-9.25,-3.3,-6.));
#10925=CARTESIAN_POINT('',(-9.15,-3.4,-6.1));
#10926=CARTESIAN_POINT('',(-9.25,-3.3,-3.125));
#10927=CARTESIAN_POINT('Origin',(-8.875,-3.35,-6.05));
#10928=CARTESIAN_POINT('',(-8.85,-3.4,-6.1));
#10929=CARTESIAN_POINT('',(-8.875,-3.4,-6.1));
#10930=CARTESIAN_POINT('',(-8.75,-3.3,-6.));
#10931=CARTESIAN_POINT('',(-8.85,-3.4,-6.1));
#10932=CARTESIAN_POINT('',(-8.875,-3.3,-6.));
#10933=CARTESIAN_POINT('Origin',(-8.8,-3.35,-3.125));
#10934=CARTESIAN_POINT('',(-8.75,-3.3,-3.125));
#10935=CARTESIAN_POINT('',(-8.85,-3.4,-3.125));
#10936=CARTESIAN_POINT('Origin',(-8.75,3.35,0.));
#10937=CARTESIAN_POINT('',(-8.75,2.6,-6.5));
#10938=CARTESIAN_POINT('',(-8.75,2.6,-6.5));
#10939=CARTESIAN_POINT('',(-8.75,3.35,-5.75));
#10940=CARTESIAN_POINT('Origin',(-8.75,2.6,-5.75));
#10941=CARTESIAN_POINT('',(-8.75,3.35,-0.1));
#10942=CARTESIAN_POINT('',(-8.75,3.35,0.));
#10943=CARTESIAN_POINT('',(-8.75,2.85,-0.1));
#10944=CARTESIAN_POINT('',(-8.75,3.225,-0.1));
#10945=CARTESIAN_POINT('',(-8.75,2.85,-5.75));
#10946=CARTESIAN_POINT('',(-8.75,2.85,0.));
#10947=CARTESIAN_POINT('',(-8.75,2.6,-6.));
#10948=CARTESIAN_POINT('Origin',(-8.75,2.6,-5.75));
#10949=CARTESIAN_POINT('',(-8.75,2.6,-6.));
#10950=CARTESIAN_POINT('Origin',(-9.25,2.6,-6.5));
#10951=CARTESIAN_POINT('',(-9.25,2.6,-6.5));
#10952=CARTESIAN_POINT('',(-9.25,2.6,-6.5));
#10953=CARTESIAN_POINT('',(-9.25,2.6,-6.5));
#10954=CARTESIAN_POINT('Origin',(-9.,-3.4,-6.25));
#10955=CARTESIAN_POINT('Origin',(-9.2,2.975,-0.05));
#10956=CARTESIAN_POINT('',(-9.25,3.35,-0.1));
#10957=CARTESIAN_POINT('',(-9.25,2.85,-0.1));
#10958=CARTESIAN_POINT('',(-9.25,2.975,-0.1));
#10959=CARTESIAN_POINT('',(-9.15,2.95,0.));
#10960=CARTESIAN_POINT('',(-9.25,2.85,-0.1));
#10961=CARTESIAN_POINT('',(-9.15,3.25,0.));
#10962=CARTESIAN_POINT('',(-9.15,2.975,0.));
#10963=CARTESIAN_POINT('',(-9.25,3.35,-0.1));
#10964=CARTESIAN_POINT('Origin',(-8.875,2.9,-0.05));
#10965=CARTESIAN_POINT('',(-8.875,2.85,-0.1));
#10966=CARTESIAN_POINT('',(-8.85,2.95,0.));
#10967=CARTESIAN_POINT('',(-8.75,2.85,-0.1));
#10968=CARTESIAN_POINT('',(-8.875,2.95,0.));
#10969=CARTESIAN_POINT('Origin',(-9.125,3.3,-0.05));
#10970=CARTESIAN_POINT('',(-8.85,3.25,0.));
#10971=CARTESIAN_POINT('',(-9.125,3.25,0.));
#10972=CARTESIAN_POINT('',(-8.85,3.25,0.));
#10973=CARTESIAN_POINT('',(-9.125,3.35,-0.1));
#10974=CARTESIAN_POINT('Origin',(-8.8,3.225,-0.05));
#10975=CARTESIAN_POINT('',(-8.85,3.225,0.));
#10976=CARTESIAN_POINT('Origin',(-8.75,2.85,0.));
#10977=CARTESIAN_POINT('',(-9.25,2.85,-5.75));
#10978=CARTESIAN_POINT('',(-9.25,2.85,0.));
#10979=CARTESIAN_POINT('',(-8.75,2.85,-5.75));
#10980=CARTESIAN_POINT('Origin',(-9.25,2.85,0.));
#10981=CARTESIAN_POINT('',(-9.25,2.6,-6.));
#10982=CARTESIAN_POINT('',(-9.25,2.6,-6.));
#10983=CARTESIAN_POINT('Origin',(-9.25,2.6,-5.75));
#10984=CARTESIAN_POINT('',(-9.25,3.35,-5.75));
#10985=CARTESIAN_POINT('',(-9.25,3.35,0.));
#10986=CARTESIAN_POINT('Origin',(-9.25,2.6,-5.75));
#10987=CARTESIAN_POINT('Origin',(-9.,3.1,0.));
#10988=CARTESIAN_POINT('Origin',(-8.75,2.6,-6.));
#10989=CARTESIAN_POINT('',(-8.75,2.6,-6.));
#10990=CARTESIAN_POINT('Origin',(-9.,2.6,-5.75));
#10991=CARTESIAN_POINT('Origin',(-9.,2.6,-5.75));
#10992=CARTESIAN_POINT('',(-9.25,3.35,-5.75));
#10993=CARTESIAN_POINT('Origin',(-9.25,3.35,0.));
#10994=CARTESIAN_POINT('Origin',(-7.125,-3.35,-6.45));
#10995=CARTESIAN_POINT('',(-6.85,-3.4,-6.4));
#10996=CARTESIAN_POINT('',(-7.15,-3.4,-6.4));
#10997=CARTESIAN_POINT('',(-7.125,-3.4,-6.4));
#10998=CARTESIAN_POINT('',(-7.25,-3.3,-6.5));
#10999=CARTESIAN_POINT('',(-7.15,-3.4,-6.4));
#11000=CARTESIAN_POINT('',(-6.75,-3.3,-6.5));
#11001=CARTESIAN_POINT('',(-7.125,-3.3,-6.5));
#11002=CARTESIAN_POINT('',(-6.85,-3.4,-6.4));
#11003=CARTESIAN_POINT('Origin',(-7.2,-3.35,-3.125));
#11004=CARTESIAN_POINT('',(-7.15,-3.4,-6.1));
#11005=CARTESIAN_POINT('',(-7.15,-3.4,-3.125));
#11006=CARTESIAN_POINT('',(-7.25,-3.3,-6.));
#11007=CARTESIAN_POINT('',(-7.15,-3.4,-6.1));
#11008=CARTESIAN_POINT('',(-7.25,-3.3,-3.125));
#11009=CARTESIAN_POINT('Origin',(-6.875,-3.35,-6.05));
#11010=CARTESIAN_POINT('',(-6.85,-3.4,-6.1));
#11011=CARTESIAN_POINT('',(-6.875,-3.4,-6.1));
#11012=CARTESIAN_POINT('',(-6.75,-3.3,-6.));
#11013=CARTESIAN_POINT('',(-6.85,-3.4,-6.1));
#11014=CARTESIAN_POINT('',(-6.875,-3.3,-6.));
#11015=CARTESIAN_POINT('Origin',(-6.8,-3.35,-3.125));
#11016=CARTESIAN_POINT('',(-6.75,-3.3,-3.125));
#11017=CARTESIAN_POINT('',(-6.85,-3.4,-3.125));
#11018=CARTESIAN_POINT('Origin',(-6.75,3.35,0.));
#11019=CARTESIAN_POINT('',(-6.75,2.6,-6.5));
#11020=CARTESIAN_POINT('',(-6.75,2.6,-6.5));
#11021=CARTESIAN_POINT('',(-6.75,3.35,-5.75));
#11022=CARTESIAN_POINT('Origin',(-6.75,2.6,-5.75));
#11023=CARTESIAN_POINT('',(-6.75,3.35,-0.1));
#11024=CARTESIAN_POINT('',(-6.75,3.35,0.));
#11025=CARTESIAN_POINT('',(-6.75,2.85,-0.1));
#11026=CARTESIAN_POINT('',(-6.75,3.225,-0.1));
#11027=CARTESIAN_POINT('',(-6.75,2.85,-5.75));
#11028=CARTESIAN_POINT('',(-6.75,2.85,0.));
#11029=CARTESIAN_POINT('',(-6.75,2.6,-6.));
#11030=CARTESIAN_POINT('Origin',(-6.75,2.6,-5.75));
#11031=CARTESIAN_POINT('',(-6.75,2.6,-6.));
#11032=CARTESIAN_POINT('Origin',(-7.25,2.6,-6.5));
#11033=CARTESIAN_POINT('',(-7.25,2.6,-6.5));
#11034=CARTESIAN_POINT('',(-7.25,2.6,-6.5));
#11035=CARTESIAN_POINT('',(-7.25,2.6,-6.5));
#11036=CARTESIAN_POINT('Origin',(-7.,-3.4,-6.25));
#11037=CARTESIAN_POINT('Origin',(-7.2,2.975,-0.05));
#11038=CARTESIAN_POINT('',(-7.25,3.35,-0.1));
#11039=CARTESIAN_POINT('',(-7.25,2.85,-0.1));
#11040=CARTESIAN_POINT('',(-7.25,2.975,-0.1));
#11041=CARTESIAN_POINT('',(-7.15,2.95,0.));
#11042=CARTESIAN_POINT('',(-7.25,2.85,-0.1));
#11043=CARTESIAN_POINT('',(-7.15,3.25,0.));
#11044=CARTESIAN_POINT('',(-7.15,2.975,0.));
#11045=CARTESIAN_POINT('',(-7.25,3.35,-0.1));
#11046=CARTESIAN_POINT('Origin',(-6.875,2.9,-0.05));
#11047=CARTESIAN_POINT('',(-6.875,2.85,-0.1));
#11048=CARTESIAN_POINT('',(-6.85,2.95,0.));
#11049=CARTESIAN_POINT('',(-6.75,2.85,-0.1));
#11050=CARTESIAN_POINT('',(-6.875,2.95,0.));
#11051=CARTESIAN_POINT('Origin',(-7.125,3.3,-0.05));
#11052=CARTESIAN_POINT('',(-6.85,3.25,0.));
#11053=CARTESIAN_POINT('',(-7.125,3.25,0.));
#11054=CARTESIAN_POINT('',(-6.85,3.25,0.));
#11055=CARTESIAN_POINT('',(-7.125,3.35,-0.1));
#11056=CARTESIAN_POINT('Origin',(-6.8,3.225,-0.05));
#11057=CARTESIAN_POINT('',(-6.85,3.225,0.));
#11058=CARTESIAN_POINT('Origin',(-6.75,2.85,0.));
#11059=CARTESIAN_POINT('',(-7.25,2.85,-5.75));
#11060=CARTESIAN_POINT('',(-7.25,2.85,0.));
#11061=CARTESIAN_POINT('',(-6.75,2.85,-5.75));
#11062=CARTESIAN_POINT('Origin',(-7.25,2.85,0.));
#11063=CARTESIAN_POINT('',(-7.25,2.6,-6.));
#11064=CARTESIAN_POINT('',(-7.25,2.6,-6.));
#11065=CARTESIAN_POINT('Origin',(-7.25,2.6,-5.75));
#11066=CARTESIAN_POINT('',(-7.25,3.35,-5.75));
#11067=CARTESIAN_POINT('',(-7.25,3.35,0.));
#11068=CARTESIAN_POINT('Origin',(-7.25,2.6,-5.75));
#11069=CARTESIAN_POINT('Origin',(-7.,3.1,0.));
#11070=CARTESIAN_POINT('Origin',(-6.75,2.6,-6.));
#11071=CARTESIAN_POINT('',(-6.75,2.6,-6.));
#11072=CARTESIAN_POINT('Origin',(-7.,2.6,-5.75));
#11073=CARTESIAN_POINT('Origin',(-7.,2.6,-5.75));
#11074=CARTESIAN_POINT('',(-7.25,3.35,-5.75));
#11075=CARTESIAN_POINT('Origin',(-7.25,3.35,0.));
#11076=CARTESIAN_POINT('Origin',(-5.125,-3.35,-6.45));
#11077=CARTESIAN_POINT('',(-4.85,-3.4,-6.4));
#11078=CARTESIAN_POINT('',(-5.15,-3.4,-6.4));
#11079=CARTESIAN_POINT('',(-5.125,-3.4,-6.4));
#11080=CARTESIAN_POINT('',(-5.25,-3.3,-6.5));
#11081=CARTESIAN_POINT('',(-5.15,-3.4,-6.4));
#11082=CARTESIAN_POINT('',(-4.75,-3.3,-6.5));
#11083=CARTESIAN_POINT('',(-5.125,-3.3,-6.5));
#11084=CARTESIAN_POINT('',(-4.85,-3.4,-6.4));
#11085=CARTESIAN_POINT('Origin',(-5.2,-3.35,-3.125));
#11086=CARTESIAN_POINT('',(-5.15,-3.4,-6.1));
#11087=CARTESIAN_POINT('',(-5.15,-3.4,-3.125));
#11088=CARTESIAN_POINT('',(-5.25,-3.3,-6.));
#11089=CARTESIAN_POINT('',(-5.15,-3.4,-6.1));
#11090=CARTESIAN_POINT('',(-5.25,-3.3,-3.125));
#11091=CARTESIAN_POINT('Origin',(-4.875,-3.35,-6.05));
#11092=CARTESIAN_POINT('',(-4.85,-3.4,-6.1));
#11093=CARTESIAN_POINT('',(-4.875,-3.4,-6.1));
#11094=CARTESIAN_POINT('',(-4.75,-3.3,-6.));
#11095=CARTESIAN_POINT('',(-4.85,-3.4,-6.1));
#11096=CARTESIAN_POINT('',(-4.875,-3.3,-6.));
#11097=CARTESIAN_POINT('Origin',(-4.8,-3.35,-3.125));
#11098=CARTESIAN_POINT('',(-4.75,-3.3,-3.125));
#11099=CARTESIAN_POINT('',(-4.85,-3.4,-3.125));
#11100=CARTESIAN_POINT('Origin',(-4.75,3.35,0.));
#11101=CARTESIAN_POINT('',(-4.75,2.6,-6.5));
#11102=CARTESIAN_POINT('',(-4.75,2.6,-6.5));
#11103=CARTESIAN_POINT('',(-4.75,3.35,-5.75));
#11104=CARTESIAN_POINT('Origin',(-4.75,2.6,-5.75));
#11105=CARTESIAN_POINT('',(-4.75,3.35,-0.1));
#11106=CARTESIAN_POINT('',(-4.75,3.35,0.));
#11107=CARTESIAN_POINT('',(-4.75,2.85,-0.1));
#11108=CARTESIAN_POINT('',(-4.75,3.225,-0.1));
#11109=CARTESIAN_POINT('',(-4.75,2.85,-5.75));
#11110=CARTESIAN_POINT('',(-4.75,2.85,0.));
#11111=CARTESIAN_POINT('',(-4.75,2.6,-6.));
#11112=CARTESIAN_POINT('Origin',(-4.75,2.6,-5.75));
#11113=CARTESIAN_POINT('',(-4.75,2.6,-6.));
#11114=CARTESIAN_POINT('Origin',(-5.25,2.6,-6.5));
#11115=CARTESIAN_POINT('',(-5.25,2.6,-6.5));
#11116=CARTESIAN_POINT('',(-5.25,2.6,-6.5));
#11117=CARTESIAN_POINT('',(-5.25,2.6,-6.5));
#11118=CARTESIAN_POINT('Origin',(-5.,-3.4,-6.25));
#11119=CARTESIAN_POINT('Origin',(-5.2,2.975,-0.05));
#11120=CARTESIAN_POINT('',(-5.25,3.35,-0.1));
#11121=CARTESIAN_POINT('',(-5.25,2.85,-0.1));
#11122=CARTESIAN_POINT('',(-5.25,2.975,-0.1));
#11123=CARTESIAN_POINT('',(-5.15,2.95,0.));
#11124=CARTESIAN_POINT('',(-5.25,2.85,-0.1));
#11125=CARTESIAN_POINT('',(-5.15,3.25,0.));
#11126=CARTESIAN_POINT('',(-5.15,2.975,0.));
#11127=CARTESIAN_POINT('',(-5.25,3.35,-0.1));
#11128=CARTESIAN_POINT('Origin',(-4.875,2.9,-0.05));
#11129=CARTESIAN_POINT('',(-4.875,2.85,-0.1));
#11130=CARTESIAN_POINT('',(-4.85,2.95,0.));
#11131=CARTESIAN_POINT('',(-4.75,2.85,-0.1));
#11132=CARTESIAN_POINT('',(-4.875,2.95,0.));
#11133=CARTESIAN_POINT('Origin',(-5.125,3.3,-0.05));
#11134=CARTESIAN_POINT('',(-4.85,3.25,0.));
#11135=CARTESIAN_POINT('',(-5.125,3.25,0.));
#11136=CARTESIAN_POINT('',(-4.85,3.25,0.));
#11137=CARTESIAN_POINT('',(-5.125,3.35,-0.1));
#11138=CARTESIAN_POINT('Origin',(-4.8,3.225,-0.05));
#11139=CARTESIAN_POINT('',(-4.85,3.225,0.));
#11140=CARTESIAN_POINT('Origin',(-4.75,2.85,0.));
#11141=CARTESIAN_POINT('',(-5.25,2.85,-5.75));
#11142=CARTESIAN_POINT('',(-5.25,2.85,0.));
#11143=CARTESIAN_POINT('',(-4.75,2.85,-5.75));
#11144=CARTESIAN_POINT('Origin',(-5.25,2.85,0.));
#11145=CARTESIAN_POINT('',(-5.25,2.6,-6.));
#11146=CARTESIAN_POINT('',(-5.25,2.6,-6.));
#11147=CARTESIAN_POINT('Origin',(-5.25,2.6,-5.75));
#11148=CARTESIAN_POINT('',(-5.25,3.35,-5.75));
#11149=CARTESIAN_POINT('',(-5.25,3.35,0.));
#11150=CARTESIAN_POINT('Origin',(-5.25,2.6,-5.75));
#11151=CARTESIAN_POINT('Origin',(-5.,3.1,0.));
#11152=CARTESIAN_POINT('Origin',(-4.75,2.6,-6.));
#11153=CARTESIAN_POINT('',(-4.75,2.6,-6.));
#11154=CARTESIAN_POINT('Origin',(-5.,2.6,-5.75));
#11155=CARTESIAN_POINT('Origin',(-5.,2.6,-5.75));
#11156=CARTESIAN_POINT('',(-5.25,3.35,-5.75));
#11157=CARTESIAN_POINT('Origin',(-5.25,3.35,0.));
#11158=CARTESIAN_POINT('Origin',(-3.125,-3.35,-6.45));
#11159=CARTESIAN_POINT('',(-2.85,-3.4,-6.4));
#11160=CARTESIAN_POINT('',(-3.15,-3.4,-6.4));
#11161=CARTESIAN_POINT('',(-3.125,-3.4,-6.4));
#11162=CARTESIAN_POINT('',(-3.25,-3.3,-6.5));
#11163=CARTESIAN_POINT('',(-3.15,-3.4,-6.4));
#11164=CARTESIAN_POINT('',(-2.75,-3.3,-6.5));
#11165=CARTESIAN_POINT('',(-3.125,-3.3,-6.5));
#11166=CARTESIAN_POINT('',(-2.85,-3.4,-6.4));
#11167=CARTESIAN_POINT('Origin',(-3.2,-3.35,-3.125));
#11168=CARTESIAN_POINT('',(-3.15,-3.4,-6.1));
#11169=CARTESIAN_POINT('',(-3.15,-3.4,-3.125));
#11170=CARTESIAN_POINT('',(-3.25,-3.3,-6.));
#11171=CARTESIAN_POINT('',(-3.15,-3.4,-6.1));
#11172=CARTESIAN_POINT('',(-3.25,-3.3,-3.125));
#11173=CARTESIAN_POINT('Origin',(-2.875,-3.35,-6.05));
#11174=CARTESIAN_POINT('',(-2.85,-3.4,-6.1));
#11175=CARTESIAN_POINT('',(-2.875,-3.4,-6.1));
#11176=CARTESIAN_POINT('',(-2.75,-3.3,-6.));
#11177=CARTESIAN_POINT('',(-2.85,-3.4,-6.1));
#11178=CARTESIAN_POINT('',(-2.875,-3.3,-6.));
#11179=CARTESIAN_POINT('Origin',(-2.8,-3.35,-3.125));
#11180=CARTESIAN_POINT('',(-2.75,-3.3,-3.125));
#11181=CARTESIAN_POINT('',(-2.85,-3.4,-3.125));
#11182=CARTESIAN_POINT('Origin',(-2.75,3.35,0.));
#11183=CARTESIAN_POINT('',(-2.75,2.6,-6.5));
#11184=CARTESIAN_POINT('',(-2.75,2.6,-6.5));
#11185=CARTESIAN_POINT('',(-2.75,3.35,-5.75));
#11186=CARTESIAN_POINT('Origin',(-2.75,2.6,-5.75));
#11187=CARTESIAN_POINT('',(-2.75,3.35,-0.1));
#11188=CARTESIAN_POINT('',(-2.75,3.35,0.));
#11189=CARTESIAN_POINT('',(-2.75,2.85,-0.1));
#11190=CARTESIAN_POINT('',(-2.75,3.225,-0.1));
#11191=CARTESIAN_POINT('',(-2.75,2.85,-5.75));
#11192=CARTESIAN_POINT('',(-2.75,2.85,0.));
#11193=CARTESIAN_POINT('',(-2.75,2.6,-6.));
#11194=CARTESIAN_POINT('Origin',(-2.75,2.6,-5.75));
#11195=CARTESIAN_POINT('',(-2.75,2.6,-6.));
#11196=CARTESIAN_POINT('Origin',(-3.25,2.6,-6.5));
#11197=CARTESIAN_POINT('',(-3.25,2.6,-6.5));
#11198=CARTESIAN_POINT('',(-3.25,2.6,-6.5));
#11199=CARTESIAN_POINT('',(-3.25,2.6,-6.5));
#11200=CARTESIAN_POINT('Origin',(-3.,-3.4,-6.25));
#11201=CARTESIAN_POINT('Origin',(-3.2,2.975,-0.05));
#11202=CARTESIAN_POINT('',(-3.25,3.35,-0.1));
#11203=CARTESIAN_POINT('',(-3.25,2.85,-0.1));
#11204=CARTESIAN_POINT('',(-3.25,2.975,-0.1));
#11205=CARTESIAN_POINT('',(-3.15,2.95,0.));
#11206=CARTESIAN_POINT('',(-3.25,2.85,-0.1));
#11207=CARTESIAN_POINT('',(-3.15,3.25,0.));
#11208=CARTESIAN_POINT('',(-3.15,2.975,0.));
#11209=CARTESIAN_POINT('',(-3.25,3.35,-0.1));
#11210=CARTESIAN_POINT('Origin',(-2.875,2.9,-0.05));
#11211=CARTESIAN_POINT('',(-2.875,2.85,-0.1));
#11212=CARTESIAN_POINT('',(-2.85000000000001,2.95,0.));
#11213=CARTESIAN_POINT('',(-2.75,2.85,-0.1));
#11214=CARTESIAN_POINT('',(-2.875,2.95,0.));
#11215=CARTESIAN_POINT('Origin',(-3.125,3.3,-0.05));
#11216=CARTESIAN_POINT('',(-2.85000000000001,3.25,0.));
#11217=CARTESIAN_POINT('',(-3.125,3.25,0.));
#11218=CARTESIAN_POINT('',(-2.85000000000001,3.25,0.));
#11219=CARTESIAN_POINT('',(-3.125,3.35,-0.1));
#11220=CARTESIAN_POINT('Origin',(-2.8,3.225,-0.05));
#11221=CARTESIAN_POINT('',(-2.85000000000001,3.225,0.));
#11222=CARTESIAN_POINT('Origin',(-2.75,2.85,0.));
#11223=CARTESIAN_POINT('',(-3.25,2.85,-5.75));
#11224=CARTESIAN_POINT('',(-3.25,2.85,0.));
#11225=CARTESIAN_POINT('',(-2.75,2.85,-5.75));
#11226=CARTESIAN_POINT('Origin',(-3.25,2.85,0.));
#11227=CARTESIAN_POINT('',(-3.25,2.6,-6.));
#11228=CARTESIAN_POINT('',(-3.25,2.6,-6.));
#11229=CARTESIAN_POINT('Origin',(-3.25,2.6,-5.75));
#11230=CARTESIAN_POINT('',(-3.25,3.35,-5.75));
#11231=CARTESIAN_POINT('',(-3.25,3.35,0.));
#11232=CARTESIAN_POINT('Origin',(-3.25,2.6,-5.75));
#11233=CARTESIAN_POINT('Origin',(-3.,3.1,0.));
#11234=CARTESIAN_POINT('Origin',(-2.75,2.6,-6.));
#11235=CARTESIAN_POINT('',(-2.75,2.6,-6.));
#11236=CARTESIAN_POINT('Origin',(-3.,2.6,-5.75));
#11237=CARTESIAN_POINT('Origin',(-3.,2.6,-5.75));
#11238=CARTESIAN_POINT('',(-3.25,3.35,-5.75));
#11239=CARTESIAN_POINT('Origin',(-3.25,3.35,0.));
#11240=CARTESIAN_POINT('Origin',(-1.125,-3.35,-6.45));
#11241=CARTESIAN_POINT('',(-0.850000000000002,-3.4,-6.4));
#11242=CARTESIAN_POINT('',(-1.15,-3.4,-6.4));
#11243=CARTESIAN_POINT('',(-1.125,-3.4,-6.4));
#11244=CARTESIAN_POINT('',(-1.25,-3.3,-6.5));
#11245=CARTESIAN_POINT('',(-1.15,-3.4,-6.4));
#11246=CARTESIAN_POINT('',(-0.750000000000002,-3.3,-6.5));
#11247=CARTESIAN_POINT('',(-1.125,-3.3,-6.5));
#11248=CARTESIAN_POINT('',(-0.850000000000002,-3.4,-6.4));
#11249=CARTESIAN_POINT('Origin',(-1.2,-3.35,-3.125));
#11250=CARTESIAN_POINT('',(-1.15,-3.4,-6.1));
#11251=CARTESIAN_POINT('',(-1.15,-3.4,-3.125));
#11252=CARTESIAN_POINT('',(-1.25,-3.3,-6.));
#11253=CARTESIAN_POINT('',(-1.15,-3.4,-6.1));
#11254=CARTESIAN_POINT('',(-1.25,-3.3,-3.125));
#11255=CARTESIAN_POINT('Origin',(-0.875000000000001,-3.35,-6.05));
#11256=CARTESIAN_POINT('',(-0.850000000000002,-3.4,-6.1));
#11257=CARTESIAN_POINT('',(-0.875000000000001,-3.4,-6.1));
#11258=CARTESIAN_POINT('',(-0.750000000000002,-3.3,-6.));
#11259=CARTESIAN_POINT('',(-0.850000000000002,-3.4,-6.1));
#11260=CARTESIAN_POINT('',(-0.875000000000001,-3.3,-6.));
#11261=CARTESIAN_POINT('Origin',(-0.800000000000001,-3.35,-3.125));
#11262=CARTESIAN_POINT('',(-0.750000000000002,-3.3,-3.125));
#11263=CARTESIAN_POINT('',(-0.850000000000002,-3.4,-3.125));
#11264=CARTESIAN_POINT('Origin',(-0.750000000000002,3.35,0.));
#11265=CARTESIAN_POINT('',(-0.750000000000002,2.6,-6.5));
#11266=CARTESIAN_POINT('',(-0.750000000000002,2.6,-6.5));
#11267=CARTESIAN_POINT('',(-0.750000000000002,3.35,-5.75));
#11268=CARTESIAN_POINT('Origin',(-0.750000000000002,2.6,-5.75));
#11269=CARTESIAN_POINT('',(-0.750000000000002,3.35,-0.1));
#11270=CARTESIAN_POINT('',(-0.750000000000002,3.35,0.));
#11271=CARTESIAN_POINT('',(-0.750000000000002,2.85,-0.1));
#11272=CARTESIAN_POINT('',(-0.750000000000002,3.225,-0.1));
#11273=CARTESIAN_POINT('',(-0.750000000000002,2.85,-5.75));
#11274=CARTESIAN_POINT('',(-0.750000000000002,2.85,0.));
#11275=CARTESIAN_POINT('',(-0.750000000000002,2.6,-6.));
#11276=CARTESIAN_POINT('Origin',(-0.750000000000002,2.6,-5.75));
#11277=CARTESIAN_POINT('',(-0.750000000000002,2.6,-6.));
#11278=CARTESIAN_POINT('Origin',(-1.25,2.6,-6.5));
#11279=CARTESIAN_POINT('',(-1.25,2.6,-6.5));
#11280=CARTESIAN_POINT('',(-1.25,2.6,-6.5));
#11281=CARTESIAN_POINT('',(-1.25,2.6,-6.5));
#11282=CARTESIAN_POINT('Origin',(-1.,-3.4,-6.25));
#11283=CARTESIAN_POINT('Origin',(-1.2,2.975,-0.05));
#11284=CARTESIAN_POINT('',(-1.25,3.35,-0.1));
#11285=CARTESIAN_POINT('',(-1.25,2.85,-0.1));
#11286=CARTESIAN_POINT('',(-1.25,2.975,-0.1));
#11287=CARTESIAN_POINT('',(-1.15,2.95,0.));
#11288=CARTESIAN_POINT('',(-1.25,2.85,-0.1));
#11289=CARTESIAN_POINT('',(-1.15,3.25,0.));
#11290=CARTESIAN_POINT('',(-1.15,2.975,0.));
#11291=CARTESIAN_POINT('',(-1.25,3.35,-0.1));
#11292=CARTESIAN_POINT('Origin',(-0.875000000000001,2.9,-0.05));
#11293=CARTESIAN_POINT('',(-0.875000000000001,2.85,-0.1));
#11294=CARTESIAN_POINT('',(-0.850000000000004,2.95,0.));
#11295=CARTESIAN_POINT('',(-0.750000000000002,2.85,-0.1));
#11296=CARTESIAN_POINT('',(-0.875000000000001,2.95,0.));
#11297=CARTESIAN_POINT('Origin',(-1.125,3.3,-0.05));
#11298=CARTESIAN_POINT('',(-0.850000000000004,3.25,0.));
#11299=CARTESIAN_POINT('',(-1.125,3.25,0.));
#11300=CARTESIAN_POINT('',(-0.850000000000004,3.25,0.));
#11301=CARTESIAN_POINT('',(-1.125,3.35,-0.1));
#11302=CARTESIAN_POINT('Origin',(-0.800000000000003,3.225,-0.05));
#11303=CARTESIAN_POINT('',(-0.850000000000004,3.225,0.));
#11304=CARTESIAN_POINT('Origin',(-0.750000000000002,2.85,0.));
#11305=CARTESIAN_POINT('',(-1.25,2.85,-5.75));
#11306=CARTESIAN_POINT('',(-1.25,2.85,0.));
#11307=CARTESIAN_POINT('',(-0.750000000000002,2.85,-5.75));
#11308=CARTESIAN_POINT('Origin',(-1.25,2.85,0.));
#11309=CARTESIAN_POINT('',(-1.25,2.6,-6.));
#11310=CARTESIAN_POINT('',(-1.25,2.6,-6.));
#11311=CARTESIAN_POINT('Origin',(-1.25,2.6,-5.75));
#11312=CARTESIAN_POINT('',(-1.25,3.35,-5.75));
#11313=CARTESIAN_POINT('',(-1.25,3.35,0.));
#11314=CARTESIAN_POINT('Origin',(-1.25,2.6,-5.75));
#11315=CARTESIAN_POINT('Origin',(-1.,3.1,0.));
#11316=CARTESIAN_POINT('Origin',(-0.750000000000002,2.6,-6.));
#11317=CARTESIAN_POINT('',(-0.750000000000002,2.6,-6.));
#11318=CARTESIAN_POINT('Origin',(-1.,2.6,-5.75));
#11319=CARTESIAN_POINT('Origin',(-1.,2.6,-5.75));
#11320=CARTESIAN_POINT('',(-1.25,3.35,-5.75));
#11321=CARTESIAN_POINT('Origin',(-1.25,3.35,0.));
#11322=CARTESIAN_POINT('Origin',(0.874999999999999,-3.35,-6.45));
#11323=CARTESIAN_POINT('',(1.15,-3.4,-6.4));
#11324=CARTESIAN_POINT('',(0.85,-3.4,-6.4));
#11325=CARTESIAN_POINT('',(0.874999999999999,-3.4,-6.4));
#11326=CARTESIAN_POINT('',(0.75,-3.3,-6.5));
#11327=CARTESIAN_POINT('',(0.85,-3.4,-6.4));
#11328=CARTESIAN_POINT('',(1.25,-3.3,-6.5));
#11329=CARTESIAN_POINT('',(0.874999999999999,-3.3,-6.5));
#11330=CARTESIAN_POINT('',(1.15,-3.4,-6.4));
#11331=CARTESIAN_POINT('Origin',(0.799999999999998,-3.35,-3.125));
#11332=CARTESIAN_POINT('',(0.85,-3.4,-6.1));
#11333=CARTESIAN_POINT('',(0.85,-3.4,-3.125));
#11334=CARTESIAN_POINT('',(0.75,-3.3,-6.));
#11335=CARTESIAN_POINT('',(0.85,-3.4,-6.1));
#11336=CARTESIAN_POINT('',(0.75,-3.3,-3.125));
#11337=CARTESIAN_POINT('Origin',(1.125,-3.35,-6.05));
#11338=CARTESIAN_POINT('',(1.15,-3.4,-6.1));
#11339=CARTESIAN_POINT('',(1.125,-3.4,-6.1));
#11340=CARTESIAN_POINT('',(1.25,-3.3,-6.));
#11341=CARTESIAN_POINT('',(1.15,-3.4,-6.1));
#11342=CARTESIAN_POINT('',(1.125,-3.3,-6.));
#11343=CARTESIAN_POINT('Origin',(1.2,-3.35,-3.125));
#11344=CARTESIAN_POINT('',(1.25,-3.3,-3.125));
#11345=CARTESIAN_POINT('',(1.15,-3.4,-3.125));
#11346=CARTESIAN_POINT('Origin',(1.25,3.35,0.));
#11347=CARTESIAN_POINT('',(1.25,2.6,-6.5));
#11348=CARTESIAN_POINT('',(1.25,2.6,-6.5));
#11349=CARTESIAN_POINT('',(1.25,3.35,-5.75));
#11350=CARTESIAN_POINT('Origin',(1.25,2.6,-5.75));
#11351=CARTESIAN_POINT('',(1.25,3.35,-0.1));
#11352=CARTESIAN_POINT('',(1.25,3.35,0.));
#11353=CARTESIAN_POINT('',(1.25,2.85,-0.1));
#11354=CARTESIAN_POINT('',(1.25,3.225,-0.1));
#11355=CARTESIAN_POINT('',(1.25,2.85,-5.75));
#11356=CARTESIAN_POINT('',(1.25,2.85,0.));
#11357=CARTESIAN_POINT('',(1.25,2.6,-6.));
#11358=CARTESIAN_POINT('Origin',(1.25,2.6,-5.75));
#11359=CARTESIAN_POINT('',(1.25,2.6,-6.));
#11360=CARTESIAN_POINT('Origin',(0.75,2.6,-6.5));
#11361=CARTESIAN_POINT('',(0.75,2.6,-6.5));
#11362=CARTESIAN_POINT('',(0.75,2.6,-6.5));
#11363=CARTESIAN_POINT('',(0.75,2.6,-6.5));
#11364=CARTESIAN_POINT('Origin',(0.999999999999999,-3.4,-6.25));
#11365=CARTESIAN_POINT('Origin',(0.800000000000001,2.975,-0.05));
#11366=CARTESIAN_POINT('',(0.75,3.35,-0.1));
#11367=CARTESIAN_POINT('',(0.75,2.85,-0.1));
#11368=CARTESIAN_POINT('',(0.75,2.975,-0.1));
#11369=CARTESIAN_POINT('',(0.850000000000002,2.95,0.));
#11370=CARTESIAN_POINT('',(0.75,2.85,-0.1));
#11371=CARTESIAN_POINT('',(0.850000000000002,3.25,0.));
#11372=CARTESIAN_POINT('',(0.850000000000002,2.975,0.));
#11373=CARTESIAN_POINT('',(0.75,3.35,-0.1));
#11374=CARTESIAN_POINT('Origin',(1.125,2.9,-0.05));
#11375=CARTESIAN_POINT('',(1.125,2.85,-0.1));
#11376=CARTESIAN_POINT('',(1.15,2.95,0.));
#11377=CARTESIAN_POINT('',(1.25,2.85,-0.1));
#11378=CARTESIAN_POINT('',(1.125,2.95,0.));
#11379=CARTESIAN_POINT('Origin',(0.874999999999999,3.3,-0.05));
#11380=CARTESIAN_POINT('',(1.15,3.25,0.));
#11381=CARTESIAN_POINT('',(0.874999999999999,3.25,0.));
#11382=CARTESIAN_POINT('',(1.15,3.25,0.));
#11383=CARTESIAN_POINT('',(0.874999999999999,3.35,-0.1));
#11384=CARTESIAN_POINT('Origin',(1.2,3.225,-0.05));
#11385=CARTESIAN_POINT('',(1.15,3.225,0.));
#11386=CARTESIAN_POINT('Origin',(1.25,2.85,0.));
#11387=CARTESIAN_POINT('',(0.75,2.85,-5.75));
#11388=CARTESIAN_POINT('',(0.75,2.85,0.));
#11389=CARTESIAN_POINT('',(1.25,2.85,-5.75));
#11390=CARTESIAN_POINT('Origin',(0.75,2.85,0.));
#11391=CARTESIAN_POINT('',(0.75,2.6,-6.));
#11392=CARTESIAN_POINT('',(0.75,2.6,-6.));
#11393=CARTESIAN_POINT('Origin',(0.75,2.6,-5.75));
#11394=CARTESIAN_POINT('',(0.75,3.35,-5.75));
#11395=CARTESIAN_POINT('',(0.75,3.35,0.));
#11396=CARTESIAN_POINT('Origin',(0.75,2.6,-5.75));
#11397=CARTESIAN_POINT('Origin',(0.999999999999999,3.1,0.));
#11398=CARTESIAN_POINT('Origin',(1.25,2.6,-6.));
#11399=CARTESIAN_POINT('',(1.25,2.6,-6.));
#11400=CARTESIAN_POINT('Origin',(0.999999999999999,2.6,-5.75));
#11401=CARTESIAN_POINT('Origin',(0.999999999999999,2.6,-5.75));
#11402=CARTESIAN_POINT('',(0.75,3.35,-5.75));
#11403=CARTESIAN_POINT('Origin',(0.75,3.35,0.));
#11404=CARTESIAN_POINT('Origin',(2.875,-3.35,-6.45));
#11405=CARTESIAN_POINT('',(3.15,-3.4,-6.4));
#11406=CARTESIAN_POINT('',(2.85,-3.4,-6.4));
#11407=CARTESIAN_POINT('',(2.875,-3.4,-6.4));
#11408=CARTESIAN_POINT('',(2.75,-3.3,-6.5));
#11409=CARTESIAN_POINT('',(2.85,-3.4,-6.4));
#11410=CARTESIAN_POINT('',(3.25,-3.3,-6.5));
#11411=CARTESIAN_POINT('',(2.875,-3.3,-6.5));
#11412=CARTESIAN_POINT('',(3.15,-3.4,-6.4));
#11413=CARTESIAN_POINT('Origin',(2.8,-3.35,-3.125));
#11414=CARTESIAN_POINT('',(2.85,-3.4,-6.1));
#11415=CARTESIAN_POINT('',(2.85,-3.4,-3.125));
#11416=CARTESIAN_POINT('',(2.75,-3.3,-6.));
#11417=CARTESIAN_POINT('',(2.85,-3.4,-6.1));
#11418=CARTESIAN_POINT('',(2.75,-3.3,-3.125));
#11419=CARTESIAN_POINT('Origin',(3.125,-3.35,-6.05));
#11420=CARTESIAN_POINT('',(3.15,-3.4,-6.1));
#11421=CARTESIAN_POINT('',(3.125,-3.4,-6.1));
#11422=CARTESIAN_POINT('',(3.25,-3.3,-6.));
#11423=CARTESIAN_POINT('',(3.15,-3.4,-6.1));
#11424=CARTESIAN_POINT('',(3.125,-3.3,-6.));
#11425=CARTESIAN_POINT('Origin',(3.2,-3.35,-3.125));
#11426=CARTESIAN_POINT('',(3.25,-3.3,-3.125));
#11427=CARTESIAN_POINT('',(3.15,-3.4,-3.125));
#11428=CARTESIAN_POINT('Origin',(3.25,3.35,0.));
#11429=CARTESIAN_POINT('',(3.25,2.6,-6.5));
#11430=CARTESIAN_POINT('',(3.25,2.6,-6.5));
#11431=CARTESIAN_POINT('',(3.25,3.35,-5.75));
#11432=CARTESIAN_POINT('Origin',(3.25,2.6,-5.75));
#11433=CARTESIAN_POINT('',(3.25,3.35,-0.1));
#11434=CARTESIAN_POINT('',(3.25,3.35,0.));
#11435=CARTESIAN_POINT('',(3.25,2.85,-0.1));
#11436=CARTESIAN_POINT('',(3.25,3.225,-0.1));
#11437=CARTESIAN_POINT('',(3.25,2.85,-5.75));
#11438=CARTESIAN_POINT('',(3.25,2.85,0.));
#11439=CARTESIAN_POINT('',(3.25,2.6,-6.));
#11440=CARTESIAN_POINT('Origin',(3.25,2.6,-5.75));
#11441=CARTESIAN_POINT('',(3.25,2.6,-6.));
#11442=CARTESIAN_POINT('Origin',(2.75,2.6,-6.5));
#11443=CARTESIAN_POINT('',(2.75,2.6,-6.5));
#11444=CARTESIAN_POINT('',(2.75,2.6,-6.5));
#11445=CARTESIAN_POINT('',(2.75,2.6,-6.5));
#11446=CARTESIAN_POINT('Origin',(3.,-3.4,-6.25));
#11447=CARTESIAN_POINT('Origin',(2.8,2.975,-0.05));
#11448=CARTESIAN_POINT('',(2.75,3.35,-0.1));
#11449=CARTESIAN_POINT('',(2.75,2.85,-0.1));
#11450=CARTESIAN_POINT('',(2.75,2.975,-0.1));
#11451=CARTESIAN_POINT('',(2.85,2.95,0.));
#11452=CARTESIAN_POINT('',(2.75,2.85,-0.1));
#11453=CARTESIAN_POINT('',(2.85,3.25,0.));
#11454=CARTESIAN_POINT('',(2.85,2.975,0.));
#11455=CARTESIAN_POINT('',(2.75,3.35,-0.1));
#11456=CARTESIAN_POINT('Origin',(3.125,2.9,-0.05));
#11457=CARTESIAN_POINT('',(3.125,2.85,-0.1));
#11458=CARTESIAN_POINT('',(3.15,2.95,0.));
#11459=CARTESIAN_POINT('',(3.25,2.85,-0.1));
#11460=CARTESIAN_POINT('',(3.125,2.95,0.));
#11461=CARTESIAN_POINT('Origin',(2.875,3.3,-0.05));
#11462=CARTESIAN_POINT('',(3.15,3.25,0.));
#11463=CARTESIAN_POINT('',(2.875,3.25,0.));
#11464=CARTESIAN_POINT('',(3.15,3.25,0.));
#11465=CARTESIAN_POINT('',(2.875,3.35,-0.1));
#11466=CARTESIAN_POINT('Origin',(3.2,3.225,-0.05));
#11467=CARTESIAN_POINT('',(3.15,3.225,0.));
#11468=CARTESIAN_POINT('Origin',(3.25,2.85,0.));
#11469=CARTESIAN_POINT('',(2.75,2.85,-5.75));
#11470=CARTESIAN_POINT('',(2.75,2.85,0.));
#11471=CARTESIAN_POINT('',(3.25,2.85,-5.75));
#11472=CARTESIAN_POINT('Origin',(2.75,2.85,0.));
#11473=CARTESIAN_POINT('',(2.75,2.6,-6.));
#11474=CARTESIAN_POINT('',(2.75,2.6,-6.));
#11475=CARTESIAN_POINT('Origin',(2.75,2.6,-5.75));
#11476=CARTESIAN_POINT('',(2.75,3.35,-5.75));
#11477=CARTESIAN_POINT('',(2.75,3.35,0.));
#11478=CARTESIAN_POINT('Origin',(2.75,2.6,-5.75));
#11479=CARTESIAN_POINT('Origin',(3.,3.1,0.));
#11480=CARTESIAN_POINT('Origin',(3.25,2.6,-6.));
#11481=CARTESIAN_POINT('',(3.25,2.6,-6.));
#11482=CARTESIAN_POINT('Origin',(3.,2.6,-5.75));
#11483=CARTESIAN_POINT('Origin',(3.,2.6,-5.75));
#11484=CARTESIAN_POINT('',(2.75,3.35,-5.75));
#11485=CARTESIAN_POINT('Origin',(2.75,3.35,0.));
#11486=CARTESIAN_POINT('Origin',(4.875,-3.35,-6.45));
#11487=CARTESIAN_POINT('',(5.15,-3.4,-6.4));
#11488=CARTESIAN_POINT('',(4.85,-3.4,-6.4));
#11489=CARTESIAN_POINT('',(4.875,-3.4,-6.4));
#11490=CARTESIAN_POINT('',(4.75,-3.3,-6.5));
#11491=CARTESIAN_POINT('',(4.85,-3.4,-6.4));
#11492=CARTESIAN_POINT('',(5.25,-3.3,-6.5));
#11493=CARTESIAN_POINT('',(4.875,-3.3,-6.5));
#11494=CARTESIAN_POINT('',(5.15,-3.4,-6.4));
#11495=CARTESIAN_POINT('Origin',(4.8,-3.35,-3.125));
#11496=CARTESIAN_POINT('',(4.85,-3.4,-6.1));
#11497=CARTESIAN_POINT('',(4.85,-3.4,-3.125));
#11498=CARTESIAN_POINT('',(4.75,-3.3,-6.));
#11499=CARTESIAN_POINT('',(4.85,-3.4,-6.1));
#11500=CARTESIAN_POINT('',(4.75,-3.3,-3.125));
#11501=CARTESIAN_POINT('Origin',(5.125,-3.35,-6.05));
#11502=CARTESIAN_POINT('',(5.15,-3.4,-6.1));
#11503=CARTESIAN_POINT('',(5.125,-3.4,-6.1));
#11504=CARTESIAN_POINT('',(5.25,-3.3,-6.));
#11505=CARTESIAN_POINT('',(5.15,-3.4,-6.1));
#11506=CARTESIAN_POINT('',(5.125,-3.3,-6.));
#11507=CARTESIAN_POINT('Origin',(5.2,-3.35,-3.125));
#11508=CARTESIAN_POINT('',(5.25,-3.3,-3.125));
#11509=CARTESIAN_POINT('',(5.15,-3.4,-3.125));
#11510=CARTESIAN_POINT('Origin',(5.25,3.35,0.));
#11511=CARTESIAN_POINT('',(5.25,2.6,-6.5));
#11512=CARTESIAN_POINT('',(5.25,2.6,-6.5));
#11513=CARTESIAN_POINT('',(5.25,3.35,-5.75));
#11514=CARTESIAN_POINT('Origin',(5.25,2.6,-5.75));
#11515=CARTESIAN_POINT('',(5.25,3.35,-0.1));
#11516=CARTESIAN_POINT('',(5.25,3.35,0.));
#11517=CARTESIAN_POINT('',(5.25,2.85,-0.1));
#11518=CARTESIAN_POINT('',(5.25,3.225,-0.1));
#11519=CARTESIAN_POINT('',(5.25,2.85,-5.75));
#11520=CARTESIAN_POINT('',(5.25,2.85,0.));
#11521=CARTESIAN_POINT('',(5.25,2.6,-6.));
#11522=CARTESIAN_POINT('Origin',(5.25,2.6,-5.75));
#11523=CARTESIAN_POINT('',(5.25,2.6,-6.));
#11524=CARTESIAN_POINT('Origin',(4.75,2.6,-6.5));
#11525=CARTESIAN_POINT('',(4.75,2.6,-6.5));
#11526=CARTESIAN_POINT('',(4.75,2.6,-6.5));
#11527=CARTESIAN_POINT('',(4.75,2.6,-6.5));
#11528=CARTESIAN_POINT('Origin',(5.,-3.4,-6.25));
#11529=CARTESIAN_POINT('Origin',(4.8,2.975,-0.05));
#11530=CARTESIAN_POINT('',(4.75,3.35,-0.1));
#11531=CARTESIAN_POINT('',(4.75,2.85,-0.1));
#11532=CARTESIAN_POINT('',(4.75,2.975,-0.1));
#11533=CARTESIAN_POINT('',(4.85,2.95,0.));
#11534=CARTESIAN_POINT('',(4.75,2.85,-0.1));
#11535=CARTESIAN_POINT('',(4.85,3.25,0.));
#11536=CARTESIAN_POINT('',(4.85,2.975,0.));
#11537=CARTESIAN_POINT('',(4.75,3.35,-0.1));
#11538=CARTESIAN_POINT('Origin',(5.125,2.9,-0.05));
#11539=CARTESIAN_POINT('',(5.125,2.85,-0.1));
#11540=CARTESIAN_POINT('',(5.15,2.95,0.));
#11541=CARTESIAN_POINT('',(5.25,2.85,-0.1));
#11542=CARTESIAN_POINT('',(5.125,2.95,0.));
#11543=CARTESIAN_POINT('Origin',(4.875,3.3,-0.05));
#11544=CARTESIAN_POINT('',(5.15,3.25,0.));
#11545=CARTESIAN_POINT('',(4.875,3.25,0.));
#11546=CARTESIAN_POINT('',(5.15,3.25,0.));
#11547=CARTESIAN_POINT('',(4.875,3.35,-0.1));
#11548=CARTESIAN_POINT('Origin',(5.2,3.225,-0.05));
#11549=CARTESIAN_POINT('',(5.15,3.225,0.));
#11550=CARTESIAN_POINT('Origin',(5.25,2.85,0.));
#11551=CARTESIAN_POINT('',(4.75,2.85,-5.75));
#11552=CARTESIAN_POINT('',(4.75,2.85,0.));
#11553=CARTESIAN_POINT('',(5.25,2.85,-5.75));
#11554=CARTESIAN_POINT('Origin',(4.75,2.85,0.));
#11555=CARTESIAN_POINT('',(4.75,2.6,-6.));
#11556=CARTESIAN_POINT('',(4.75,2.6,-6.));
#11557=CARTESIAN_POINT('Origin',(4.75,2.6,-5.75));
#11558=CARTESIAN_POINT('',(4.75,3.35,-5.75));
#11559=CARTESIAN_POINT('',(4.75,3.35,0.));
#11560=CARTESIAN_POINT('Origin',(4.75,2.6,-5.75));
#11561=CARTESIAN_POINT('Origin',(5.,3.1,0.));
#11562=CARTESIAN_POINT('Origin',(5.25,2.6,-6.));
#11563=CARTESIAN_POINT('',(5.25,2.6,-6.));
#11564=CARTESIAN_POINT('Origin',(5.,2.6,-5.75));
#11565=CARTESIAN_POINT('Origin',(5.,2.6,-5.75));
#11566=CARTESIAN_POINT('',(4.75,3.35,-5.75));
#11567=CARTESIAN_POINT('Origin',(4.75,3.35,0.));
#11568=CARTESIAN_POINT('Origin',(6.875,-3.35,-6.45));
#11569=CARTESIAN_POINT('',(7.15,-3.4,-6.4));
#11570=CARTESIAN_POINT('',(6.85,-3.4,-6.4));
#11571=CARTESIAN_POINT('',(6.875,-3.4,-6.4));
#11572=CARTESIAN_POINT('',(6.75,-3.3,-6.5));
#11573=CARTESIAN_POINT('',(6.85,-3.4,-6.4));
#11574=CARTESIAN_POINT('',(7.25,-3.3,-6.5));
#11575=CARTESIAN_POINT('',(6.875,-3.3,-6.5));
#11576=CARTESIAN_POINT('',(7.15,-3.4,-6.4));
#11577=CARTESIAN_POINT('Origin',(6.8,-3.35,-3.125));
#11578=CARTESIAN_POINT('',(6.85,-3.4,-6.1));
#11579=CARTESIAN_POINT('',(6.85,-3.4,-3.125));
#11580=CARTESIAN_POINT('',(6.75,-3.3,-6.));
#11581=CARTESIAN_POINT('',(6.85,-3.4,-6.1));
#11582=CARTESIAN_POINT('',(6.75,-3.3,-3.125));
#11583=CARTESIAN_POINT('Origin',(7.125,-3.35,-6.05));
#11584=CARTESIAN_POINT('',(7.15,-3.4,-6.1));
#11585=CARTESIAN_POINT('',(7.125,-3.4,-6.1));
#11586=CARTESIAN_POINT('',(7.25,-3.3,-6.));
#11587=CARTESIAN_POINT('',(7.15,-3.4,-6.1));
#11588=CARTESIAN_POINT('',(7.125,-3.3,-6.));
#11589=CARTESIAN_POINT('Origin',(7.2,-3.35,-3.125));
#11590=CARTESIAN_POINT('',(7.25,-3.3,-3.125));
#11591=CARTESIAN_POINT('',(7.15,-3.4,-3.125));
#11592=CARTESIAN_POINT('Origin',(7.25,3.35,0.));
#11593=CARTESIAN_POINT('',(7.25,2.6,-6.5));
#11594=CARTESIAN_POINT('',(7.25,2.6,-6.5));
#11595=CARTESIAN_POINT('',(7.25,3.35,-5.75));
#11596=CARTESIAN_POINT('Origin',(7.25,2.6,-5.75));
#11597=CARTESIAN_POINT('',(7.25,3.35,-0.1));
#11598=CARTESIAN_POINT('',(7.25,3.35,0.));
#11599=CARTESIAN_POINT('',(7.25,2.85,-0.1));
#11600=CARTESIAN_POINT('',(7.25,3.225,-0.1));
#11601=CARTESIAN_POINT('',(7.25,2.85,-5.75));
#11602=CARTESIAN_POINT('',(7.25,2.85,0.));
#11603=CARTESIAN_POINT('',(7.25,2.6,-6.));
#11604=CARTESIAN_POINT('Origin',(7.25,2.6,-5.75));
#11605=CARTESIAN_POINT('',(7.25,2.6,-6.));
#11606=CARTESIAN_POINT('Origin',(6.75,2.6,-6.5));
#11607=CARTESIAN_POINT('',(6.75,2.6,-6.5));
#11608=CARTESIAN_POINT('',(6.75,2.6,-6.5));
#11609=CARTESIAN_POINT('',(6.75,2.6,-6.5));
#11610=CARTESIAN_POINT('Origin',(7.,-3.4,-6.25));
#11611=CARTESIAN_POINT('Origin',(6.8,2.975,-0.05));
#11612=CARTESIAN_POINT('',(6.75,3.35,-0.1));
#11613=CARTESIAN_POINT('',(6.75,2.85,-0.1));
#11614=CARTESIAN_POINT('',(6.75,2.975,-0.1));
#11615=CARTESIAN_POINT('',(6.85,2.95,0.));
#11616=CARTESIAN_POINT('',(6.75,2.85,-0.1));
#11617=CARTESIAN_POINT('',(6.85,3.25,0.));
#11618=CARTESIAN_POINT('',(6.85,2.975,0.));
#11619=CARTESIAN_POINT('',(6.75,3.35,-0.1));
#11620=CARTESIAN_POINT('Origin',(7.125,2.9,-0.05));
#11621=CARTESIAN_POINT('',(7.125,2.85,-0.1));
#11622=CARTESIAN_POINT('',(7.14999999999999,2.95,0.));
#11623=CARTESIAN_POINT('',(7.25,2.85,-0.1));
#11624=CARTESIAN_POINT('',(7.125,2.95,0.));
#11625=CARTESIAN_POINT('Origin',(6.875,3.3,-0.05));
#11626=CARTESIAN_POINT('',(7.14999999999999,3.25,0.));
#11627=CARTESIAN_POINT('',(6.875,3.25,0.));
#11628=CARTESIAN_POINT('',(7.14999999999999,3.25,0.));
#11629=CARTESIAN_POINT('',(6.875,3.35,-0.1));
#11630=CARTESIAN_POINT('Origin',(7.2,3.225,-0.05));
#11631=CARTESIAN_POINT('',(7.14999999999999,3.225,0.));
#11632=CARTESIAN_POINT('Origin',(7.25,2.85,0.));
#11633=CARTESIAN_POINT('',(6.75,2.85,-5.75));
#11634=CARTESIAN_POINT('',(6.75,2.85,0.));
#11635=CARTESIAN_POINT('',(7.25,2.85,-5.75));
#11636=CARTESIAN_POINT('Origin',(6.75,2.85,0.));
#11637=CARTESIAN_POINT('',(6.75,2.6,-6.));
#11638=CARTESIAN_POINT('',(6.75,2.6,-6.));
#11639=CARTESIAN_POINT('Origin',(6.75,2.6,-5.75));
#11640=CARTESIAN_POINT('',(6.75,3.35,-5.75));
#11641=CARTESIAN_POINT('',(6.75,3.35,0.));
#11642=CARTESIAN_POINT('Origin',(6.75,2.6,-5.75));
#11643=CARTESIAN_POINT('Origin',(7.,3.1,0.));
#11644=CARTESIAN_POINT('Origin',(7.25,2.6,-6.));
#11645=CARTESIAN_POINT('',(7.25,2.6,-6.));
#11646=CARTESIAN_POINT('Origin',(7.,2.6,-5.75));
#11647=CARTESIAN_POINT('Origin',(7.,2.6,-5.75));
#11648=CARTESIAN_POINT('',(6.75,3.35,-5.75));
#11649=CARTESIAN_POINT('Origin',(6.75,3.35,0.));
#11650=CARTESIAN_POINT('Origin',(8.875,-3.35,-6.45));
#11651=CARTESIAN_POINT('',(9.15,-3.4,-6.4));
#11652=CARTESIAN_POINT('',(8.85,-3.4,-6.4));
#11653=CARTESIAN_POINT('',(8.875,-3.4,-6.4));
#11654=CARTESIAN_POINT('',(8.75,-3.3,-6.5));
#11655=CARTESIAN_POINT('',(8.85,-3.4,-6.4));
#11656=CARTESIAN_POINT('',(9.25,-3.3,-6.5));
#11657=CARTESIAN_POINT('',(8.875,-3.3,-6.5));
#11658=CARTESIAN_POINT('',(9.15,-3.4,-6.4));
#11659=CARTESIAN_POINT('Origin',(8.8,-3.35,-3.125));
#11660=CARTESIAN_POINT('',(8.85,-3.4,-6.1));
#11661=CARTESIAN_POINT('',(8.85,-3.4,-3.125));
#11662=CARTESIAN_POINT('',(8.75,-3.3,-6.));
#11663=CARTESIAN_POINT('',(8.85,-3.4,-6.1));
#11664=CARTESIAN_POINT('',(8.75,-3.3,-3.125));
#11665=CARTESIAN_POINT('Origin',(9.125,-3.35,-6.05));
#11666=CARTESIAN_POINT('',(9.15,-3.4,-6.1));
#11667=CARTESIAN_POINT('',(9.125,-3.4,-6.1));
#11668=CARTESIAN_POINT('',(9.25,-3.3,-6.));
#11669=CARTESIAN_POINT('',(9.15,-3.4,-6.1));
#11670=CARTESIAN_POINT('',(9.125,-3.3,-6.));
#11671=CARTESIAN_POINT('Origin',(9.2,-3.35,-3.125));
#11672=CARTESIAN_POINT('',(9.25,-3.3,-3.125));
#11673=CARTESIAN_POINT('',(9.15,-3.4,-3.125));
#11674=CARTESIAN_POINT('Origin',(9.25,3.35,0.));
#11675=CARTESIAN_POINT('',(9.25,2.6,-6.5));
#11676=CARTESIAN_POINT('',(9.25,2.6,-6.5));
#11677=CARTESIAN_POINT('',(9.25,3.35,-5.75));
#11678=CARTESIAN_POINT('Origin',(9.25,2.6,-5.75));
#11679=CARTESIAN_POINT('',(9.25,3.35,-0.1));
#11680=CARTESIAN_POINT('',(9.25,3.35,0.));
#11681=CARTESIAN_POINT('',(9.25,2.85,-0.1));
#11682=CARTESIAN_POINT('',(9.25,3.225,-0.1));
#11683=CARTESIAN_POINT('',(9.25,2.85,-5.75));
#11684=CARTESIAN_POINT('',(9.25,2.85,0.));
#11685=CARTESIAN_POINT('',(9.25,2.6,-6.));
#11686=CARTESIAN_POINT('Origin',(9.25,2.6,-5.75));
#11687=CARTESIAN_POINT('',(9.25,2.6,-6.));
#11688=CARTESIAN_POINT('Origin',(8.75,2.6,-6.5));
#11689=CARTESIAN_POINT('',(8.75,2.6,-6.5));
#11690=CARTESIAN_POINT('',(8.75,2.6,-6.5));
#11691=CARTESIAN_POINT('',(8.75,2.6,-6.5));
#11692=CARTESIAN_POINT('Origin',(9.,-3.4,-6.25));
#11693=CARTESIAN_POINT('Origin',(8.8,2.975,-0.05));
#11694=CARTESIAN_POINT('',(8.75,3.35,-0.1));
#11695=CARTESIAN_POINT('',(8.75,2.85,-0.1));
#11696=CARTESIAN_POINT('',(8.75,2.975,-0.1));
#11697=CARTESIAN_POINT('',(8.85,2.95,0.));
#11698=CARTESIAN_POINT('',(8.75,2.85,-0.1));
#11699=CARTESIAN_POINT('',(8.85,3.25,0.));
#11700=CARTESIAN_POINT('',(8.85,2.975,0.));
#11701=CARTESIAN_POINT('',(8.75,3.35,-0.1));
#11702=CARTESIAN_POINT('Origin',(9.125,2.9,-0.05));
#11703=CARTESIAN_POINT('',(9.125,2.85,-0.1));
#11704=CARTESIAN_POINT('',(9.15,2.95,0.));
#11705=CARTESIAN_POINT('',(9.25,2.85,-0.1));
#11706=CARTESIAN_POINT('',(9.125,2.95,0.));
#11707=CARTESIAN_POINT('Origin',(8.875,3.3,-0.05));
#11708=CARTESIAN_POINT('',(9.15,3.25,0.));
#11709=CARTESIAN_POINT('',(8.875,3.25,0.));
#11710=CARTESIAN_POINT('',(9.15,3.25,0.));
#11711=CARTESIAN_POINT('',(8.875,3.35,-0.1));
#11712=CARTESIAN_POINT('Origin',(9.2,3.225,-0.05));
#11713=CARTESIAN_POINT('',(9.15,3.225,0.));
#11714=CARTESIAN_POINT('Origin',(9.25,2.85,0.));
#11715=CARTESIAN_POINT('',(8.75,2.85,-5.75));
#11716=CARTESIAN_POINT('',(8.75,2.85,0.));
#11717=CARTESIAN_POINT('',(9.25,2.85,-5.75));
#11718=CARTESIAN_POINT('Origin',(8.75,2.85,0.));
#11719=CARTESIAN_POINT('',(8.75,2.6,-6.));
#11720=CARTESIAN_POINT('',(8.75,2.6,-6.));
#11721=CARTESIAN_POINT('Origin',(8.75,2.6,-5.75));
#11722=CARTESIAN_POINT('',(8.75,3.35,-5.75));
#11723=CARTESIAN_POINT('',(8.75,3.35,0.));
#11724=CARTESIAN_POINT('Origin',(8.75,2.6,-5.75));
#11725=CARTESIAN_POINT('Origin',(9.,3.1,0.));
#11726=CARTESIAN_POINT('Origin',(9.25,2.6,-6.));
#11727=CARTESIAN_POINT('',(9.25,2.6,-6.));
#11728=CARTESIAN_POINT('Origin',(9.,2.6,-5.75));
#11729=CARTESIAN_POINT('Origin',(9.,2.6,-5.75));
#11730=CARTESIAN_POINT('',(8.75,3.35,-5.75));
#11731=CARTESIAN_POINT('Origin',(8.75,3.35,0.));
#11732=CARTESIAN_POINT('Origin',(10.875,-3.35,-6.45));
#11733=CARTESIAN_POINT('',(11.15,-3.4,-6.4));
#11734=CARTESIAN_POINT('',(10.85,-3.4,-6.4));
#11735=CARTESIAN_POINT('',(10.875,-3.4,-6.4));
#11736=CARTESIAN_POINT('',(10.75,-3.3,-6.5));
#11737=CARTESIAN_POINT('',(10.85,-3.4,-6.4));
#11738=CARTESIAN_POINT('',(11.25,-3.3,-6.5));
#11739=CARTESIAN_POINT('',(10.875,-3.3,-6.5));
#11740=CARTESIAN_POINT('',(11.15,-3.4,-6.4));
#11741=CARTESIAN_POINT('Origin',(10.8,-3.35,-3.125));
#11742=CARTESIAN_POINT('',(10.85,-3.4,-6.1));
#11743=CARTESIAN_POINT('',(10.85,-3.4,-3.125));
#11744=CARTESIAN_POINT('',(10.75,-3.3,-6.));
#11745=CARTESIAN_POINT('',(10.85,-3.4,-6.1));
#11746=CARTESIAN_POINT('',(10.75,-3.3,-3.125));
#11747=CARTESIAN_POINT('Origin',(11.125,-3.35,-6.05));
#11748=CARTESIAN_POINT('',(11.15,-3.4,-6.1));
#11749=CARTESIAN_POINT('',(11.125,-3.4,-6.1));
#11750=CARTESIAN_POINT('',(11.25,-3.3,-6.));
#11751=CARTESIAN_POINT('',(11.15,-3.4,-6.1));
#11752=CARTESIAN_POINT('',(11.125,-3.3,-6.));
#11753=CARTESIAN_POINT('Origin',(11.2,-3.35,-3.125));
#11754=CARTESIAN_POINT('',(11.25,-3.3,-3.125));
#11755=CARTESIAN_POINT('',(11.15,-3.4,-3.125));
#11756=CARTESIAN_POINT('Origin',(11.25,3.35,0.));
#11757=CARTESIAN_POINT('',(11.25,2.6,-6.5));
#11758=CARTESIAN_POINT('',(11.25,2.6,-6.5));
#11759=CARTESIAN_POINT('',(11.25,3.35,-5.75));
#11760=CARTESIAN_POINT('Origin',(11.25,2.6,-5.75));
#11761=CARTESIAN_POINT('',(11.25,3.35,-0.1));
#11762=CARTESIAN_POINT('',(11.25,3.35,0.));
#11763=CARTESIAN_POINT('',(11.25,2.85,-0.1));
#11764=CARTESIAN_POINT('',(11.25,3.225,-0.1));
#11765=CARTESIAN_POINT('',(11.25,2.85,-5.75));
#11766=CARTESIAN_POINT('',(11.25,2.85,0.));
#11767=CARTESIAN_POINT('',(11.25,2.6,-6.));
#11768=CARTESIAN_POINT('Origin',(11.25,2.6,-5.75));
#11769=CARTESIAN_POINT('',(11.25,2.6,-6.));
#11770=CARTESIAN_POINT('Origin',(10.75,2.6,-6.5));
#11771=CARTESIAN_POINT('',(10.75,2.6,-6.5));
#11772=CARTESIAN_POINT('',(10.75,2.6,-6.5));
#11773=CARTESIAN_POINT('',(10.75,2.6,-6.5));
#11774=CARTESIAN_POINT('Origin',(11.,-3.4,-6.25));
#11775=CARTESIAN_POINT('Origin',(10.8,2.975,-0.05));
#11776=CARTESIAN_POINT('',(10.75,3.35,-0.1));
#11777=CARTESIAN_POINT('',(10.75,2.85,-0.1));
#11778=CARTESIAN_POINT('',(10.75,2.975,-0.1));
#11779=CARTESIAN_POINT('',(10.85,2.95,0.));
#11780=CARTESIAN_POINT('',(10.75,2.85,-0.1));
#11781=CARTESIAN_POINT('',(10.85,3.25,0.));
#11782=CARTESIAN_POINT('',(10.85,2.975,0.));
#11783=CARTESIAN_POINT('',(10.75,3.35,-0.1));
#11784=CARTESIAN_POINT('Origin',(11.125,2.9,-0.05));
#11785=CARTESIAN_POINT('',(11.125,2.85,-0.1));
#11786=CARTESIAN_POINT('',(11.15,2.95,0.));
#11787=CARTESIAN_POINT('',(11.25,2.85,-0.1));
#11788=CARTESIAN_POINT('',(11.125,2.95,0.));
#11789=CARTESIAN_POINT('Origin',(10.875,3.3,-0.05));
#11790=CARTESIAN_POINT('',(11.15,3.25,0.));
#11791=CARTESIAN_POINT('',(10.875,3.25,0.));
#11792=CARTESIAN_POINT('',(11.15,3.25,0.));
#11793=CARTESIAN_POINT('',(10.875,3.35,-0.1));
#11794=CARTESIAN_POINT('Origin',(11.2,3.225,-0.05));
#11795=CARTESIAN_POINT('',(11.15,3.225,0.));
#11796=CARTESIAN_POINT('Origin',(11.25,2.85,0.));
#11797=CARTESIAN_POINT('',(10.75,2.85,-5.75));
#11798=CARTESIAN_POINT('',(10.75,2.85,0.));
#11799=CARTESIAN_POINT('',(11.25,2.85,-5.75));
#11800=CARTESIAN_POINT('Origin',(10.75,2.85,0.));
#11801=CARTESIAN_POINT('',(10.75,2.6,-6.));
#11802=CARTESIAN_POINT('',(10.75,2.6,-6.));
#11803=CARTESIAN_POINT('Origin',(10.75,2.6,-5.75));
#11804=CARTESIAN_POINT('',(10.75,3.35,-5.75));
#11805=CARTESIAN_POINT('',(10.75,3.35,0.));
#11806=CARTESIAN_POINT('Origin',(10.75,2.6,-5.75));
#11807=CARTESIAN_POINT('Origin',(11.,3.1,0.));
#11808=CARTESIAN_POINT('Origin',(11.25,2.6,-6.));
#11809=CARTESIAN_POINT('',(11.25,2.6,-6.));
#11810=CARTESIAN_POINT('Origin',(11.,2.6,-5.75));
#11811=CARTESIAN_POINT('Origin',(11.,2.6,-5.75));
#11812=CARTESIAN_POINT('',(10.75,3.35,-5.75));
#11813=CARTESIAN_POINT('Origin',(10.75,3.35,0.));
#11814=CARTESIAN_POINT('Origin',(12.875,-3.35,-6.45));
#11815=CARTESIAN_POINT('',(13.15,-3.4,-6.4));
#11816=CARTESIAN_POINT('',(12.85,-3.4,-6.4));
#11817=CARTESIAN_POINT('',(12.875,-3.4,-6.4));
#11818=CARTESIAN_POINT('',(12.75,-3.3,-6.5));
#11819=CARTESIAN_POINT('',(12.85,-3.4,-6.4));
#11820=CARTESIAN_POINT('',(13.25,-3.3,-6.5));
#11821=CARTESIAN_POINT('',(12.875,-3.3,-6.5));
#11822=CARTESIAN_POINT('',(13.15,-3.4,-6.4));
#11823=CARTESIAN_POINT('Origin',(12.8,-3.35,-3.125));
#11824=CARTESIAN_POINT('',(12.85,-3.4,-6.1));
#11825=CARTESIAN_POINT('',(12.85,-3.4,-3.125));
#11826=CARTESIAN_POINT('',(12.75,-3.3,-6.));
#11827=CARTESIAN_POINT('',(12.85,-3.4,-6.1));
#11828=CARTESIAN_POINT('',(12.75,-3.3,-3.125));
#11829=CARTESIAN_POINT('Origin',(13.125,-3.35,-6.05));
#11830=CARTESIAN_POINT('',(13.15,-3.4,-6.1));
#11831=CARTESIAN_POINT('',(13.125,-3.4,-6.1));
#11832=CARTESIAN_POINT('',(13.25,-3.3,-6.));
#11833=CARTESIAN_POINT('',(13.15,-3.4,-6.1));
#11834=CARTESIAN_POINT('',(13.125,-3.3,-6.));
#11835=CARTESIAN_POINT('Origin',(13.2,-3.35,-3.125));
#11836=CARTESIAN_POINT('',(13.25,-3.3,-3.125));
#11837=CARTESIAN_POINT('',(13.15,-3.4,-3.125));
#11838=CARTESIAN_POINT('Origin',(13.25,3.35,0.));
#11839=CARTESIAN_POINT('',(13.25,2.6,-6.5));
#11840=CARTESIAN_POINT('',(13.25,2.6,-6.5));
#11841=CARTESIAN_POINT('',(13.25,3.35,-5.75));
#11842=CARTESIAN_POINT('Origin',(13.25,2.6,-5.75));
#11843=CARTESIAN_POINT('',(13.25,3.35,-0.1));
#11844=CARTESIAN_POINT('',(13.25,3.35,0.));
#11845=CARTESIAN_POINT('',(13.25,2.85,-0.1));
#11846=CARTESIAN_POINT('',(13.25,3.225,-0.1));
#11847=CARTESIAN_POINT('',(13.25,2.85,-5.75));
#11848=CARTESIAN_POINT('',(13.25,2.85,0.));
#11849=CARTESIAN_POINT('',(13.25,2.6,-6.));
#11850=CARTESIAN_POINT('Origin',(13.25,2.6,-5.75));
#11851=CARTESIAN_POINT('',(13.25,2.6,-6.));
#11852=CARTESIAN_POINT('Origin',(12.75,2.6,-6.5));
#11853=CARTESIAN_POINT('',(12.75,2.6,-6.5));
#11854=CARTESIAN_POINT('',(12.75,2.6,-6.5));
#11855=CARTESIAN_POINT('',(12.75,2.6,-6.5));
#11856=CARTESIAN_POINT('Origin',(13.,-3.4,-6.25));
#11857=CARTESIAN_POINT('Origin',(12.8,2.975,-0.05));
#11858=CARTESIAN_POINT('',(12.75,3.35,-0.1));
#11859=CARTESIAN_POINT('',(12.75,2.85,-0.1));
#11860=CARTESIAN_POINT('',(12.75,2.975,-0.1));
#11861=CARTESIAN_POINT('',(12.85,2.95,0.));
#11862=CARTESIAN_POINT('',(12.75,2.85,-0.1));
#11863=CARTESIAN_POINT('',(12.85,3.25,0.));
#11864=CARTESIAN_POINT('',(12.85,2.975,0.));
#11865=CARTESIAN_POINT('',(12.75,3.35,-0.1));
#11866=CARTESIAN_POINT('Origin',(13.125,2.9,-0.05));
#11867=CARTESIAN_POINT('',(13.125,2.85,-0.1));
#11868=CARTESIAN_POINT('',(13.15,2.95,0.));
#11869=CARTESIAN_POINT('',(13.25,2.85,-0.1));
#11870=CARTESIAN_POINT('',(13.125,2.95,0.));
#11871=CARTESIAN_POINT('Origin',(12.875,3.3,-0.05));
#11872=CARTESIAN_POINT('',(13.15,3.25,0.));
#11873=CARTESIAN_POINT('',(12.875,3.25,0.));
#11874=CARTESIAN_POINT('',(13.15,3.25,0.));
#11875=CARTESIAN_POINT('',(12.875,3.35,-0.1));
#11876=CARTESIAN_POINT('Origin',(13.2,3.225,-0.05));
#11877=CARTESIAN_POINT('',(13.15,3.225,0.));
#11878=CARTESIAN_POINT('Origin',(13.25,2.85,0.));
#11879=CARTESIAN_POINT('',(12.75,2.85,-5.75));
#11880=CARTESIAN_POINT('',(12.75,2.85,0.));
#11881=CARTESIAN_POINT('',(13.25,2.85,-5.75));
#11882=CARTESIAN_POINT('Origin',(12.75,2.85,0.));
#11883=CARTESIAN_POINT('',(12.75,2.6,-6.));
#11884=CARTESIAN_POINT('',(12.75,2.6,-6.));
#11885=CARTESIAN_POINT('Origin',(12.75,2.6,-5.75));
#11886=CARTESIAN_POINT('',(12.75,3.35,-5.75));
#11887=CARTESIAN_POINT('',(12.75,3.35,0.));
#11888=CARTESIAN_POINT('Origin',(12.75,2.6,-5.75));
#11889=CARTESIAN_POINT('Origin',(13.,3.1,0.));
#11890=CARTESIAN_POINT('Origin',(13.25,2.6,-6.));
#11891=CARTESIAN_POINT('',(13.25,2.6,-6.));
#11892=CARTESIAN_POINT('Origin',(13.,2.6,-5.75));
#11893=CARTESIAN_POINT('Origin',(13.,2.6,-5.75));
#11894=CARTESIAN_POINT('',(12.75,3.35,-5.75));
#11895=CARTESIAN_POINT('Origin',(12.75,3.35,0.));
#11896=UNCERTAINTY_MEASURE_WITH_UNIT(LENGTH_MEASURE(0.01),#11902,
'DISTANCE_ACCURACY_VALUE',
'Maximum model space distance between geometric entities at asserted c
onnectivities');
#11897=UNCERTAINTY_MEASURE_WITH_UNIT(LENGTH_MEASURE(0.01),#11902,
'DISTANCE_ACCURACY_VALUE',
'Maximum model space distance between geometric entities at asserted c
onnectivities');
#11898=(
GEOMETRIC_REPRESENTATION_CONTEXT(3)
GLOBAL_UNCERTAINTY_ASSIGNED_CONTEXT((#11896))
GLOBAL_UNIT_ASSIGNED_CONTEXT((#11902,#11901,#11900))
REPRESENTATION_CONTEXT('','3D')
);
#11899=(
GEOMETRIC_REPRESENTATION_CONTEXT(3)
GLOBAL_UNCERTAINTY_ASSIGNED_CONTEXT((#11897))
GLOBAL_UNIT_ASSIGNED_CONTEXT((#11902,#11901,#11900))
REPRESENTATION_CONTEXT('','3D')
);
#11900=(
NAMED_UNIT(*)
SI_UNIT($,.STERADIAN.)
SOLID_ANGLE_UNIT()
);
#11901=(
NAMED_UNIT(*)
PLANE_ANGLE_UNIT()
SI_UNIT($,.RADIAN.)
);
#11902=(
LENGTH_UNIT()
NAMED_UNIT(*)
SI_UNIT(.MILLI.,.METRE.)
);
#11903=SHAPE_DEFINITION_REPRESENTATION(#11904,#11905);
#11904=PRODUCT_DEFINITION_SHAPE('',$,#11907);
#11905=SHAPE_REPRESENTATION('',(#7458),#11898);
#11906=PRODUCT_DEFINITION_CONTEXT('part definition',#11911,'design');
#11907=PRODUCT_DEFINITION('S3B-PH-KL v4','S3B-PH-KL v4',#11908,#11906);
#11908=PRODUCT_DEFINITION_FORMATION('',$,#11913);
#11909=PRODUCT_RELATED_PRODUCT_CATEGORY('S3B-PH-KL v4','S3B-PH-KL v4',(#11913));
#11910=APPLICATION_PROTOCOL_DEFINITION('international standard',
'automotive_design',2009,#11911);
#11911=APPLICATION_CONTEXT(
'Core Data for Automotive Mechanical Design Process');
#11912=PRODUCT_CONTEXT('part definition',#11911,'mechanical');
#11913=PRODUCT('S3B-PH-KL v4','S3B-PH-KL v4',$,(#11912));
#11914=PRESENTATION_STYLE_ASSIGNMENT((#11917));
#11915=PRESENTATION_STYLE_ASSIGNMENT((#11918));
#11916=PRESENTATION_STYLE_ASSIGNMENT((#11919));
#11917=SURFACE_STYLE_USAGE(.BOTH.,#11920);
#11918=SURFACE_STYLE_USAGE(.BOTH.,#11921);
#11919=SURFACE_STYLE_USAGE(.BOTH.,#11922);
#11920=SURFACE_SIDE_STYLE('',(#11923));
#11921=SURFACE_SIDE_STYLE('',(#11924));
#11922=SURFACE_SIDE_STYLE('',(#11925));
#11923=SURFACE_STYLE_FILL_AREA(#11926);
#11924=SURFACE_STYLE_FILL_AREA(#11927);
#11925=SURFACE_STYLE_FILL_AREA(#11928);
#11926=FILL_AREA_STYLE('ABS (White)',(#11929));
#11927=FILL_AREA_STYLE('Nylon 6-6 (White)',(#11930));
#11928=FILL_AREA_STYLE('Brass - Polished',(#11931));
#11929=FILL_AREA_STYLE_COLOUR('ABS (White)',#11932);
#11930=FILL_AREA_STYLE_COLOUR('Nylon 6-6 (White)',#11933);
#11931=FILL_AREA_STYLE_COLOUR('Brass - Polished',#11934);
#11932=COLOUR_RGB('ABS (White)',0.964705882352941,0.964705882352941,0.952941176470588);
#11933=COLOUR_RGB('Nylon 6-6 (White)',0.972549019607843,0.968627450980392,
0.929411764705882);
#11934=COLOUR_RGB('Brass - Polished',0.952941176470588,0.796078431372549,
0.486274509803922);
ENDSEC;
END-ISO-10303-21;
