ISO-10303-21;
HEADER;
/* Generated by software containing ST-Developer
 * from STEP Tools, Inc. (www.steptools.com) 
 */

FILE_DESCRIPTION(
/* description */ (''),
/* implementation_level */ '2;1');

FILE_NAME(
/* name */ '/Users/kubota/GitHub/con-jst/PH/TH-SIDE/S15B-PH-KL.stp',
/* time_stamp */ '2017-04-07T20:51:36+09:00',
/* author */ (''),
/* organization */ (''),
/* preprocessor_version */ 'ST-DEVELOPER v16.5',
/* originating_system */ 'Autodesk Translation Framework v5.2.0.2920',
/* authorisation */ '');

FILE_SCHEMA (('AUTOMOTIVE_DESIGN { 1 0 10303 214 3 1 1 }'));
ENDSEC;

DATA;
#10=MECHANICAL_DESIGN_GEOMETRIC_PRESENTATION_REPRESENTATION('',(#103,#104,
#105,#106,#107,#108,#109,#110,#111,#112,#113,#118,#114,#115,#116,#117),
#12646);
#11=SHAPE_REPRESENTATION_RELATIONSHIP('SRR','None',#12652,#12);
#12=ADVANCED_BREP_SHAPE_REPRESENTATION('',(#119,#120,#121,#122,#123,#124,
#125,#126,#127,#128,#129,#130,#131,#132,#133,#134),#12645);
#13=CYLINDRICAL_SURFACE('',#8107,0.25);
#14=CYLINDRICAL_SURFACE('',#8108,0.750000000000001);
#15=CYLINDRICAL_SURFACE('',#8129,0.25);
#16=CYLINDRICAL_SURFACE('',#8130,0.750000000000001);
#17=CYLINDRICAL_SURFACE('',#8151,0.25);
#18=CYLINDRICAL_SURFACE('',#8152,0.750000000000001);
#19=CYLINDRICAL_SURFACE('',#8173,0.25);
#20=CYLINDRICAL_SURFACE('',#8174,0.750000000000001);
#21=CYLINDRICAL_SURFACE('',#8195,0.25);
#22=CYLINDRICAL_SURFACE('',#8196,0.750000000000001);
#23=CYLINDRICAL_SURFACE('',#8217,0.25);
#24=CYLINDRICAL_SURFACE('',#8218,0.750000000000001);
#25=CYLINDRICAL_SURFACE('',#8239,0.25);
#26=CYLINDRICAL_SURFACE('',#8240,0.750000000000001);
#27=CYLINDRICAL_SURFACE('',#8261,0.25);
#28=CYLINDRICAL_SURFACE('',#8262,0.750000000000001);
#29=CYLINDRICAL_SURFACE('',#8283,0.25);
#30=CYLINDRICAL_SURFACE('',#8284,0.750000000000001);
#31=CYLINDRICAL_SURFACE('',#8305,0.25);
#32=CYLINDRICAL_SURFACE('',#8306,0.750000000000001);
#33=CYLINDRICAL_SURFACE('',#8327,0.25);
#34=CYLINDRICAL_SURFACE('',#8328,0.750000000000001);
#35=CYLINDRICAL_SURFACE('',#8349,0.25);
#36=CYLINDRICAL_SURFACE('',#8350,0.750000000000001);
#37=CYLINDRICAL_SURFACE('',#8371,0.25);
#38=CYLINDRICAL_SURFACE('',#8372,0.750000000000001);
#39=CYLINDRICAL_SURFACE('',#8393,0.25);
#40=CYLINDRICAL_SURFACE('',#8394,0.750000000000001);
#41=CYLINDRICAL_SURFACE('',#8415,0.25);
#42=CYLINDRICAL_SURFACE('',#8416,0.750000000000001);
#43=CIRCLE('',#8093,0.749999999999999);
#44=CIRCLE('',#8094,0.249999999999999);
#45=CIRCLE('',#8103,0.249999999999999);
#46=CIRCLE('',#8104,0.750000000000001);
#47=CIRCLE('',#8115,0.749999999999999);
#48=CIRCLE('',#8116,0.249999999999999);
#49=CIRCLE('',#8125,0.249999999999999);
#50=CIRCLE('',#8126,0.750000000000001);
#51=CIRCLE('',#8137,0.749999999999999);
#52=CIRCLE('',#8138,0.249999999999999);
#53=CIRCLE('',#8147,0.249999999999999);
#54=CIRCLE('',#8148,0.750000000000001);
#55=CIRCLE('',#8159,0.749999999999999);
#56=CIRCLE('',#8160,0.249999999999999);
#57=CIRCLE('',#8169,0.249999999999999);
#58=CIRCLE('',#8170,0.750000000000001);
#59=CIRCLE('',#8181,0.749999999999999);
#60=CIRCLE('',#8182,0.249999999999999);
#61=CIRCLE('',#8191,0.249999999999999);
#62=CIRCLE('',#8192,0.750000000000001);
#63=CIRCLE('',#8203,0.749999999999999);
#64=CIRCLE('',#8204,0.249999999999999);
#65=CIRCLE('',#8213,0.249999999999999);
#66=CIRCLE('',#8214,0.750000000000001);
#67=CIRCLE('',#8225,0.749999999999999);
#68=CIRCLE('',#8226,0.249999999999999);
#69=CIRCLE('',#8235,0.249999999999999);
#70=CIRCLE('',#8236,0.750000000000001);
#71=CIRCLE('',#8247,0.749999999999999);
#72=CIRCLE('',#8248,0.249999999999999);
#73=CIRCLE('',#8257,0.249999999999999);
#74=CIRCLE('',#8258,0.750000000000001);
#75=CIRCLE('',#8269,0.749999999999999);
#76=CIRCLE('',#8270,0.249999999999999);
#77=CIRCLE('',#8279,0.249999999999999);
#78=CIRCLE('',#8280,0.750000000000001);
#79=CIRCLE('',#8291,0.749999999999999);
#80=CIRCLE('',#8292,0.249999999999999);
#81=CIRCLE('',#8301,0.249999999999999);
#82=CIRCLE('',#8302,0.750000000000001);
#83=CIRCLE('',#8313,0.749999999999999);
#84=CIRCLE('',#8314,0.249999999999999);
#85=CIRCLE('',#8323,0.249999999999999);
#86=CIRCLE('',#8324,0.750000000000001);
#87=CIRCLE('',#8335,0.749999999999999);
#88=CIRCLE('',#8336,0.249999999999999);
#89=CIRCLE('',#8345,0.249999999999999);
#90=CIRCLE('',#8346,0.750000000000001);
#91=CIRCLE('',#8357,0.749999999999999);
#92=CIRCLE('',#8358,0.249999999999999);
#93=CIRCLE('',#8367,0.249999999999999);
#94=CIRCLE('',#8368,0.750000000000001);
#95=CIRCLE('',#8379,0.749999999999999);
#96=CIRCLE('',#8380,0.249999999999999);
#97=CIRCLE('',#8389,0.249999999999999);
#98=CIRCLE('',#8390,0.750000000000001);
#99=CIRCLE('',#8401,0.749999999999999);
#100=CIRCLE('',#8402,0.249999999999999);
#101=CIRCLE('',#8411,0.249999999999999);
#102=CIRCLE('',#8412,0.750000000000001);
#103=STYLED_ITEM('',(#12662),#119);
#104=STYLED_ITEM('',(#12663),#120);
#105=STYLED_ITEM('',(#12663),#121);
#106=STYLED_ITEM('',(#12663),#122);
#107=STYLED_ITEM('',(#12663),#123);
#108=STYLED_ITEM('',(#12663),#124);
#109=STYLED_ITEM('',(#12663),#125);
#110=STYLED_ITEM('',(#12663),#126);
#111=STYLED_ITEM('',(#12663),#127);
#112=STYLED_ITEM('',(#12663),#128);
#113=STYLED_ITEM('',(#12663),#129);
#114=STYLED_ITEM('',(#12663),#130);
#115=STYLED_ITEM('',(#12663),#131);
#116=STYLED_ITEM('',(#12663),#132);
#117=STYLED_ITEM('',(#12663),#133);
#118=STYLED_ITEM('',(#12663),#134);
#119=MANIFOLD_SOLID_BREP('Body1',#7909);
#120=MANIFOLD_SOLID_BREP('Body2',#7910);
#121=MANIFOLD_SOLID_BREP('Body3',#7911);
#122=MANIFOLD_SOLID_BREP('Body25',#7912);
#123=MANIFOLD_SOLID_BREP('Body26',#7913);
#124=MANIFOLD_SOLID_BREP('Body27',#7914);
#125=MANIFOLD_SOLID_BREP('Body28',#7915);
#126=MANIFOLD_SOLID_BREP('Body29',#7916);
#127=MANIFOLD_SOLID_BREP('Body30',#7917);
#128=MANIFOLD_SOLID_BREP('Body31',#7918);
#129=MANIFOLD_SOLID_BREP('Body32',#7919);
#130=MANIFOLD_SOLID_BREP('Body33',#7920);
#131=MANIFOLD_SOLID_BREP('Body34',#7921);
#132=MANIFOLD_SOLID_BREP('Body35',#7922);
#133=MANIFOLD_SOLID_BREP('Body36',#7923);
#134=MANIFOLD_SOLID_BREP('Body37',#7924);
#135=FACE_BOUND('',#613,.T.);
#136=FACE_BOUND('',#627,.T.);
#137=FACE_BOUND('',#643,.T.);
#138=FACE_BOUND('',#652,.T.);
#139=FACE_BOUND('',#661,.T.);
#140=FACE_BOUND('',#670,.T.);
#141=FACE_BOUND('',#679,.T.);
#142=FACE_BOUND('',#688,.T.);
#143=FACE_BOUND('',#697,.T.);
#144=FACE_BOUND('',#706,.T.);
#145=FACE_BOUND('',#715,.T.);
#146=FACE_BOUND('',#724,.T.);
#147=FACE_BOUND('',#733,.T.);
#148=FACE_BOUND('',#742,.T.);
#149=FACE_BOUND('',#751,.T.);
#150=FACE_BOUND('',#767,.T.);
#151=FACE_BOUND('',#768,.T.);
#152=FACE_BOUND('',#769,.T.);
#153=FACE_BOUND('',#770,.T.);
#154=FACE_BOUND('',#771,.T.);
#155=FACE_BOUND('',#772,.T.);
#156=FACE_BOUND('',#773,.T.);
#157=FACE_BOUND('',#774,.T.);
#158=FACE_BOUND('',#775,.T.);
#159=FACE_BOUND('',#776,.T.);
#160=FACE_BOUND('',#777,.T.);
#161=FACE_BOUND('',#778,.T.);
#162=FACE_BOUND('',#779,.T.);
#163=FACE_BOUND('',#780,.T.);
#164=FACE_BOUND('',#781,.T.);
#165=FACE_OUTER_BOUND('',#597,.T.);
#166=FACE_OUTER_BOUND('',#598,.T.);
#167=FACE_OUTER_BOUND('',#599,.T.);
#168=FACE_OUTER_BOUND('',#600,.T.);
#169=FACE_OUTER_BOUND('',#601,.T.);
#170=FACE_OUTER_BOUND('',#602,.T.);
#171=FACE_OUTER_BOUND('',#603,.T.);
#172=FACE_OUTER_BOUND('',#604,.T.);
#173=FACE_OUTER_BOUND('',#605,.T.);
#174=FACE_OUTER_BOUND('',#606,.T.);
#175=FACE_OUTER_BOUND('',#607,.T.);
#176=FACE_OUTER_BOUND('',#608,.T.);
#177=FACE_OUTER_BOUND('',#609,.T.);
#178=FACE_OUTER_BOUND('',#610,.T.);
#179=FACE_OUTER_BOUND('',#611,.T.);
#180=FACE_OUTER_BOUND('',#612,.T.);
#181=FACE_OUTER_BOUND('',#614,.T.);
#182=FACE_OUTER_BOUND('',#615,.T.);
#183=FACE_OUTER_BOUND('',#616,.T.);
#184=FACE_OUTER_BOUND('',#617,.T.);
#185=FACE_OUTER_BOUND('',#618,.T.);
#186=FACE_OUTER_BOUND('',#619,.T.);
#187=FACE_OUTER_BOUND('',#620,.T.);
#188=FACE_OUTER_BOUND('',#621,.T.);
#189=FACE_OUTER_BOUND('',#622,.T.);
#190=FACE_OUTER_BOUND('',#623,.T.);
#191=FACE_OUTER_BOUND('',#624,.T.);
#192=FACE_OUTER_BOUND('',#625,.T.);
#193=FACE_OUTER_BOUND('',#626,.T.);
#194=FACE_OUTER_BOUND('',#628,.T.);
#195=FACE_OUTER_BOUND('',#629,.T.);
#196=FACE_OUTER_BOUND('',#630,.T.);
#197=FACE_OUTER_BOUND('',#631,.T.);
#198=FACE_OUTER_BOUND('',#632,.T.);
#199=FACE_OUTER_BOUND('',#633,.T.);
#200=FACE_OUTER_BOUND('',#634,.T.);
#201=FACE_OUTER_BOUND('',#635,.T.);
#202=FACE_OUTER_BOUND('',#636,.T.);
#203=FACE_OUTER_BOUND('',#637,.T.);
#204=FACE_OUTER_BOUND('',#638,.T.);
#205=FACE_OUTER_BOUND('',#639,.T.);
#206=FACE_OUTER_BOUND('',#640,.T.);
#207=FACE_OUTER_BOUND('',#641,.T.);
#208=FACE_OUTER_BOUND('',#642,.T.);
#209=FACE_OUTER_BOUND('',#644,.T.);
#210=FACE_OUTER_BOUND('',#645,.T.);
#211=FACE_OUTER_BOUND('',#646,.T.);
#212=FACE_OUTER_BOUND('',#647,.T.);
#213=FACE_OUTER_BOUND('',#648,.T.);
#214=FACE_OUTER_BOUND('',#649,.T.);
#215=FACE_OUTER_BOUND('',#650,.T.);
#216=FACE_OUTER_BOUND('',#651,.T.);
#217=FACE_OUTER_BOUND('',#653,.T.);
#218=FACE_OUTER_BOUND('',#654,.T.);
#219=FACE_OUTER_BOUND('',#655,.T.);
#220=FACE_OUTER_BOUND('',#656,.T.);
#221=FACE_OUTER_BOUND('',#657,.T.);
#222=FACE_OUTER_BOUND('',#658,.T.);
#223=FACE_OUTER_BOUND('',#659,.T.);
#224=FACE_OUTER_BOUND('',#660,.T.);
#225=FACE_OUTER_BOUND('',#662,.T.);
#226=FACE_OUTER_BOUND('',#663,.T.);
#227=FACE_OUTER_BOUND('',#664,.T.);
#228=FACE_OUTER_BOUND('',#665,.T.);
#229=FACE_OUTER_BOUND('',#666,.T.);
#230=FACE_OUTER_BOUND('',#667,.T.);
#231=FACE_OUTER_BOUND('',#668,.T.);
#232=FACE_OUTER_BOUND('',#669,.T.);
#233=FACE_OUTER_BOUND('',#671,.T.);
#234=FACE_OUTER_BOUND('',#672,.T.);
#235=FACE_OUTER_BOUND('',#673,.T.);
#236=FACE_OUTER_BOUND('',#674,.T.);
#237=FACE_OUTER_BOUND('',#675,.T.);
#238=FACE_OUTER_BOUND('',#676,.T.);
#239=FACE_OUTER_BOUND('',#677,.T.);
#240=FACE_OUTER_BOUND('',#678,.T.);
#241=FACE_OUTER_BOUND('',#680,.T.);
#242=FACE_OUTER_BOUND('',#681,.T.);
#243=FACE_OUTER_BOUND('',#682,.T.);
#244=FACE_OUTER_BOUND('',#683,.T.);
#245=FACE_OUTER_BOUND('',#684,.T.);
#246=FACE_OUTER_BOUND('',#685,.T.);
#247=FACE_OUTER_BOUND('',#686,.T.);
#248=FACE_OUTER_BOUND('',#687,.T.);
#249=FACE_OUTER_BOUND('',#689,.T.);
#250=FACE_OUTER_BOUND('',#690,.T.);
#251=FACE_OUTER_BOUND('',#691,.T.);
#252=FACE_OUTER_BOUND('',#692,.T.);
#253=FACE_OUTER_BOUND('',#693,.T.);
#254=FACE_OUTER_BOUND('',#694,.T.);
#255=FACE_OUTER_BOUND('',#695,.T.);
#256=FACE_OUTER_BOUND('',#696,.T.);
#257=FACE_OUTER_BOUND('',#698,.T.);
#258=FACE_OUTER_BOUND('',#699,.T.);
#259=FACE_OUTER_BOUND('',#700,.T.);
#260=FACE_OUTER_BOUND('',#701,.T.);
#261=FACE_OUTER_BOUND('',#702,.T.);
#262=FACE_OUTER_BOUND('',#703,.T.);
#263=FACE_OUTER_BOUND('',#704,.T.);
#264=FACE_OUTER_BOUND('',#705,.T.);
#265=FACE_OUTER_BOUND('',#707,.T.);
#266=FACE_OUTER_BOUND('',#708,.T.);
#267=FACE_OUTER_BOUND('',#709,.T.);
#268=FACE_OUTER_BOUND('',#710,.T.);
#269=FACE_OUTER_BOUND('',#711,.T.);
#270=FACE_OUTER_BOUND('',#712,.T.);
#271=FACE_OUTER_BOUND('',#713,.T.);
#272=FACE_OUTER_BOUND('',#714,.T.);
#273=FACE_OUTER_BOUND('',#716,.T.);
#274=FACE_OUTER_BOUND('',#717,.T.);
#275=FACE_OUTER_BOUND('',#718,.T.);
#276=FACE_OUTER_BOUND('',#719,.T.);
#277=FACE_OUTER_BOUND('',#720,.T.);
#278=FACE_OUTER_BOUND('',#721,.T.);
#279=FACE_OUTER_BOUND('',#722,.T.);
#280=FACE_OUTER_BOUND('',#723,.T.);
#281=FACE_OUTER_BOUND('',#725,.T.);
#282=FACE_OUTER_BOUND('',#726,.T.);
#283=FACE_OUTER_BOUND('',#727,.T.);
#284=FACE_OUTER_BOUND('',#728,.T.);
#285=FACE_OUTER_BOUND('',#729,.T.);
#286=FACE_OUTER_BOUND('',#730,.T.);
#287=FACE_OUTER_BOUND('',#731,.T.);
#288=FACE_OUTER_BOUND('',#732,.T.);
#289=FACE_OUTER_BOUND('',#734,.T.);
#290=FACE_OUTER_BOUND('',#735,.T.);
#291=FACE_OUTER_BOUND('',#736,.T.);
#292=FACE_OUTER_BOUND('',#737,.T.);
#293=FACE_OUTER_BOUND('',#738,.T.);
#294=FACE_OUTER_BOUND('',#739,.T.);
#295=FACE_OUTER_BOUND('',#740,.T.);
#296=FACE_OUTER_BOUND('',#741,.T.);
#297=FACE_OUTER_BOUND('',#743,.T.);
#298=FACE_OUTER_BOUND('',#744,.T.);
#299=FACE_OUTER_BOUND('',#745,.T.);
#300=FACE_OUTER_BOUND('',#746,.T.);
#301=FACE_OUTER_BOUND('',#747,.T.);
#302=FACE_OUTER_BOUND('',#748,.T.);
#303=FACE_OUTER_BOUND('',#749,.T.);
#304=FACE_OUTER_BOUND('',#750,.T.);
#305=FACE_OUTER_BOUND('',#752,.T.);
#306=FACE_OUTER_BOUND('',#753,.T.);
#307=FACE_OUTER_BOUND('',#754,.T.);
#308=FACE_OUTER_BOUND('',#755,.T.);
#309=FACE_OUTER_BOUND('',#756,.T.);
#310=FACE_OUTER_BOUND('',#757,.T.);
#311=FACE_OUTER_BOUND('',#758,.T.);
#312=FACE_OUTER_BOUND('',#759,.T.);
#313=FACE_OUTER_BOUND('',#760,.T.);
#314=FACE_OUTER_BOUND('',#761,.T.);
#315=FACE_OUTER_BOUND('',#762,.T.);
#316=FACE_OUTER_BOUND('',#763,.T.);
#317=FACE_OUTER_BOUND('',#764,.T.);
#318=FACE_OUTER_BOUND('',#765,.T.);
#319=FACE_OUTER_BOUND('',#766,.T.);
#320=FACE_OUTER_BOUND('',#782,.T.);
#321=FACE_OUTER_BOUND('',#783,.T.);
#322=FACE_OUTER_BOUND('',#784,.T.);
#323=FACE_OUTER_BOUND('',#785,.T.);
#324=FACE_OUTER_BOUND('',#786,.T.);
#325=FACE_OUTER_BOUND('',#787,.T.);
#326=FACE_OUTER_BOUND('',#788,.T.);
#327=FACE_OUTER_BOUND('',#789,.T.);
#328=FACE_OUTER_BOUND('',#790,.T.);
#329=FACE_OUTER_BOUND('',#791,.T.);
#330=FACE_OUTER_BOUND('',#792,.T.);
#331=FACE_OUTER_BOUND('',#793,.T.);
#332=FACE_OUTER_BOUND('',#794,.T.);
#333=FACE_OUTER_BOUND('',#795,.T.);
#334=FACE_OUTER_BOUND('',#796,.T.);
#335=FACE_OUTER_BOUND('',#797,.T.);
#336=FACE_OUTER_BOUND('',#798,.T.);
#337=FACE_OUTER_BOUND('',#799,.T.);
#338=FACE_OUTER_BOUND('',#800,.T.);
#339=FACE_OUTER_BOUND('',#801,.T.);
#340=FACE_OUTER_BOUND('',#802,.T.);
#341=FACE_OUTER_BOUND('',#803,.T.);
#342=FACE_OUTER_BOUND('',#804,.T.);
#343=FACE_OUTER_BOUND('',#805,.T.);
#344=FACE_OUTER_BOUND('',#806,.T.);
#345=FACE_OUTER_BOUND('',#807,.T.);
#346=FACE_OUTER_BOUND('',#808,.T.);
#347=FACE_OUTER_BOUND('',#809,.T.);
#348=FACE_OUTER_BOUND('',#810,.T.);
#349=FACE_OUTER_BOUND('',#811,.T.);
#350=FACE_OUTER_BOUND('',#812,.T.);
#351=FACE_OUTER_BOUND('',#813,.T.);
#352=FACE_OUTER_BOUND('',#814,.T.);
#353=FACE_OUTER_BOUND('',#815,.T.);
#354=FACE_OUTER_BOUND('',#816,.T.);
#355=FACE_OUTER_BOUND('',#817,.T.);
#356=FACE_OUTER_BOUND('',#818,.T.);
#357=FACE_OUTER_BOUND('',#819,.T.);
#358=FACE_OUTER_BOUND('',#820,.T.);
#359=FACE_OUTER_BOUND('',#821,.T.);
#360=FACE_OUTER_BOUND('',#822,.T.);
#361=FACE_OUTER_BOUND('',#823,.T.);
#362=FACE_OUTER_BOUND('',#824,.T.);
#363=FACE_OUTER_BOUND('',#825,.T.);
#364=FACE_OUTER_BOUND('',#826,.T.);
#365=FACE_OUTER_BOUND('',#827,.T.);
#366=FACE_OUTER_BOUND('',#828,.T.);
#367=FACE_OUTER_BOUND('',#829,.T.);
#368=FACE_OUTER_BOUND('',#830,.T.);
#369=FACE_OUTER_BOUND('',#831,.T.);
#370=FACE_OUTER_BOUND('',#832,.T.);
#371=FACE_OUTER_BOUND('',#833,.T.);
#372=FACE_OUTER_BOUND('',#834,.T.);
#373=FACE_OUTER_BOUND('',#835,.T.);
#374=FACE_OUTER_BOUND('',#836,.T.);
#375=FACE_OUTER_BOUND('',#837,.T.);
#376=FACE_OUTER_BOUND('',#838,.T.);
#377=FACE_OUTER_BOUND('',#839,.T.);
#378=FACE_OUTER_BOUND('',#840,.T.);
#379=FACE_OUTER_BOUND('',#841,.T.);
#380=FACE_OUTER_BOUND('',#842,.T.);
#381=FACE_OUTER_BOUND('',#843,.T.);
#382=FACE_OUTER_BOUND('',#844,.T.);
#383=FACE_OUTER_BOUND('',#845,.T.);
#384=FACE_OUTER_BOUND('',#846,.T.);
#385=FACE_OUTER_BOUND('',#847,.T.);
#386=FACE_OUTER_BOUND('',#848,.T.);
#387=FACE_OUTER_BOUND('',#849,.T.);
#388=FACE_OUTER_BOUND('',#850,.T.);
#389=FACE_OUTER_BOUND('',#851,.T.);
#390=FACE_OUTER_BOUND('',#852,.T.);
#391=FACE_OUTER_BOUND('',#853,.T.);
#392=FACE_OUTER_BOUND('',#854,.T.);
#393=FACE_OUTER_BOUND('',#855,.T.);
#394=FACE_OUTER_BOUND('',#856,.T.);
#395=FACE_OUTER_BOUND('',#857,.T.);
#396=FACE_OUTER_BOUND('',#858,.T.);
#397=FACE_OUTER_BOUND('',#859,.T.);
#398=FACE_OUTER_BOUND('',#860,.T.);
#399=FACE_OUTER_BOUND('',#861,.T.);
#400=FACE_OUTER_BOUND('',#862,.T.);
#401=FACE_OUTER_BOUND('',#863,.T.);
#402=FACE_OUTER_BOUND('',#864,.T.);
#403=FACE_OUTER_BOUND('',#865,.T.);
#404=FACE_OUTER_BOUND('',#866,.T.);
#405=FACE_OUTER_BOUND('',#867,.T.);
#406=FACE_OUTER_BOUND('',#868,.T.);
#407=FACE_OUTER_BOUND('',#869,.T.);
#408=FACE_OUTER_BOUND('',#870,.T.);
#409=FACE_OUTER_BOUND('',#871,.T.);
#410=FACE_OUTER_BOUND('',#872,.T.);
#411=FACE_OUTER_BOUND('',#873,.T.);
#412=FACE_OUTER_BOUND('',#874,.T.);
#413=FACE_OUTER_BOUND('',#875,.T.);
#414=FACE_OUTER_BOUND('',#876,.T.);
#415=FACE_OUTER_BOUND('',#877,.T.);
#416=FACE_OUTER_BOUND('',#878,.T.);
#417=FACE_OUTER_BOUND('',#879,.T.);
#418=FACE_OUTER_BOUND('',#880,.T.);
#419=FACE_OUTER_BOUND('',#881,.T.);
#420=FACE_OUTER_BOUND('',#882,.T.);
#421=FACE_OUTER_BOUND('',#883,.T.);
#422=FACE_OUTER_BOUND('',#884,.T.);
#423=FACE_OUTER_BOUND('',#885,.T.);
#424=FACE_OUTER_BOUND('',#886,.T.);
#425=FACE_OUTER_BOUND('',#887,.T.);
#426=FACE_OUTER_BOUND('',#888,.T.);
#427=FACE_OUTER_BOUND('',#889,.T.);
#428=FACE_OUTER_BOUND('',#890,.T.);
#429=FACE_OUTER_BOUND('',#891,.T.);
#430=FACE_OUTER_BOUND('',#892,.T.);
#431=FACE_OUTER_BOUND('',#893,.T.);
#432=FACE_OUTER_BOUND('',#894,.T.);
#433=FACE_OUTER_BOUND('',#895,.T.);
#434=FACE_OUTER_BOUND('',#896,.T.);
#435=FACE_OUTER_BOUND('',#897,.T.);
#436=FACE_OUTER_BOUND('',#898,.T.);
#437=FACE_OUTER_BOUND('',#899,.T.);
#438=FACE_OUTER_BOUND('',#900,.T.);
#439=FACE_OUTER_BOUND('',#901,.T.);
#440=FACE_OUTER_BOUND('',#902,.T.);
#441=FACE_OUTER_BOUND('',#903,.T.);
#442=FACE_OUTER_BOUND('',#904,.T.);
#443=FACE_OUTER_BOUND('',#905,.T.);
#444=FACE_OUTER_BOUND('',#906,.T.);
#445=FACE_OUTER_BOUND('',#907,.T.);
#446=FACE_OUTER_BOUND('',#908,.T.);
#447=FACE_OUTER_BOUND('',#909,.T.);
#448=FACE_OUTER_BOUND('',#910,.T.);
#449=FACE_OUTER_BOUND('',#911,.T.);
#450=FACE_OUTER_BOUND('',#912,.T.);
#451=FACE_OUTER_BOUND('',#913,.T.);
#452=FACE_OUTER_BOUND('',#914,.T.);
#453=FACE_OUTER_BOUND('',#915,.T.);
#454=FACE_OUTER_BOUND('',#916,.T.);
#455=FACE_OUTER_BOUND('',#917,.T.);
#456=FACE_OUTER_BOUND('',#918,.T.);
#457=FACE_OUTER_BOUND('',#919,.T.);
#458=FACE_OUTER_BOUND('',#920,.T.);
#459=FACE_OUTER_BOUND('',#921,.T.);
#460=FACE_OUTER_BOUND('',#922,.T.);
#461=FACE_OUTER_BOUND('',#923,.T.);
#462=FACE_OUTER_BOUND('',#924,.T.);
#463=FACE_OUTER_BOUND('',#925,.T.);
#464=FACE_OUTER_BOUND('',#926,.T.);
#465=FACE_OUTER_BOUND('',#927,.T.);
#466=FACE_OUTER_BOUND('',#928,.T.);
#467=FACE_OUTER_BOUND('',#929,.T.);
#468=FACE_OUTER_BOUND('',#930,.T.);
#469=FACE_OUTER_BOUND('',#931,.T.);
#470=FACE_OUTER_BOUND('',#932,.T.);
#471=FACE_OUTER_BOUND('',#933,.T.);
#472=FACE_OUTER_BOUND('',#934,.T.);
#473=FACE_OUTER_BOUND('',#935,.T.);
#474=FACE_OUTER_BOUND('',#936,.T.);
#475=FACE_OUTER_BOUND('',#937,.T.);
#476=FACE_OUTER_BOUND('',#938,.T.);
#477=FACE_OUTER_BOUND('',#939,.T.);
#478=FACE_OUTER_BOUND('',#940,.T.);
#479=FACE_OUTER_BOUND('',#941,.T.);
#480=FACE_OUTER_BOUND('',#942,.T.);
#481=FACE_OUTER_BOUND('',#943,.T.);
#482=FACE_OUTER_BOUND('',#944,.T.);
#483=FACE_OUTER_BOUND('',#945,.T.);
#484=FACE_OUTER_BOUND('',#946,.T.);
#485=FACE_OUTER_BOUND('',#947,.T.);
#486=FACE_OUTER_BOUND('',#948,.T.);
#487=FACE_OUTER_BOUND('',#949,.T.);
#488=FACE_OUTER_BOUND('',#950,.T.);
#489=FACE_OUTER_BOUND('',#951,.T.);
#490=FACE_OUTER_BOUND('',#952,.T.);
#491=FACE_OUTER_BOUND('',#953,.T.);
#492=FACE_OUTER_BOUND('',#954,.T.);
#493=FACE_OUTER_BOUND('',#955,.T.);
#494=FACE_OUTER_BOUND('',#956,.T.);
#495=FACE_OUTER_BOUND('',#957,.T.);
#496=FACE_OUTER_BOUND('',#958,.T.);
#497=FACE_OUTER_BOUND('',#959,.T.);
#498=FACE_OUTER_BOUND('',#960,.T.);
#499=FACE_OUTER_BOUND('',#961,.T.);
#500=FACE_OUTER_BOUND('',#962,.T.);
#501=FACE_OUTER_BOUND('',#963,.T.);
#502=FACE_OUTER_BOUND('',#964,.T.);
#503=FACE_OUTER_BOUND('',#965,.T.);
#504=FACE_OUTER_BOUND('',#966,.T.);
#505=FACE_OUTER_BOUND('',#967,.T.);
#506=FACE_OUTER_BOUND('',#968,.T.);
#507=FACE_OUTER_BOUND('',#969,.T.);
#508=FACE_OUTER_BOUND('',#970,.T.);
#509=FACE_OUTER_BOUND('',#971,.T.);
#510=FACE_OUTER_BOUND('',#972,.T.);
#511=FACE_OUTER_BOUND('',#973,.T.);
#512=FACE_OUTER_BOUND('',#974,.T.);
#513=FACE_OUTER_BOUND('',#975,.T.);
#514=FACE_OUTER_BOUND('',#976,.T.);
#515=FACE_OUTER_BOUND('',#977,.T.);
#516=FACE_OUTER_BOUND('',#978,.T.);
#517=FACE_OUTER_BOUND('',#979,.T.);
#518=FACE_OUTER_BOUND('',#980,.T.);
#519=FACE_OUTER_BOUND('',#981,.T.);
#520=FACE_OUTER_BOUND('',#982,.T.);
#521=FACE_OUTER_BOUND('',#983,.T.);
#522=FACE_OUTER_BOUND('',#984,.T.);
#523=FACE_OUTER_BOUND('',#985,.T.);
#524=FACE_OUTER_BOUND('',#986,.T.);
#525=FACE_OUTER_BOUND('',#987,.T.);
#526=FACE_OUTER_BOUND('',#988,.T.);
#527=FACE_OUTER_BOUND('',#989,.T.);
#528=FACE_OUTER_BOUND('',#990,.T.);
#529=FACE_OUTER_BOUND('',#991,.T.);
#530=FACE_OUTER_BOUND('',#992,.T.);
#531=FACE_OUTER_BOUND('',#993,.T.);
#532=FACE_OUTER_BOUND('',#994,.T.);
#533=FACE_OUTER_BOUND('',#995,.T.);
#534=FACE_OUTER_BOUND('',#996,.T.);
#535=FACE_OUTER_BOUND('',#997,.T.);
#536=FACE_OUTER_BOUND('',#998,.T.);
#537=FACE_OUTER_BOUND('',#999,.T.);
#538=FACE_OUTER_BOUND('',#1000,.T.);
#539=FACE_OUTER_BOUND('',#1001,.T.);
#540=FACE_OUTER_BOUND('',#1002,.T.);
#541=FACE_OUTER_BOUND('',#1003,.T.);
#542=FACE_OUTER_BOUND('',#1004,.T.);
#543=FACE_OUTER_BOUND('',#1005,.T.);
#544=FACE_OUTER_BOUND('',#1006,.T.);
#545=FACE_OUTER_BOUND('',#1007,.T.);
#546=FACE_OUTER_BOUND('',#1008,.T.);
#547=FACE_OUTER_BOUND('',#1009,.T.);
#548=FACE_OUTER_BOUND('',#1010,.T.);
#549=FACE_OUTER_BOUND('',#1011,.T.);
#550=FACE_OUTER_BOUND('',#1012,.T.);
#551=FACE_OUTER_BOUND('',#1013,.T.);
#552=FACE_OUTER_BOUND('',#1014,.T.);
#553=FACE_OUTER_BOUND('',#1015,.T.);
#554=FACE_OUTER_BOUND('',#1016,.T.);
#555=FACE_OUTER_BOUND('',#1017,.T.);
#556=FACE_OUTER_BOUND('',#1018,.T.);
#557=FACE_OUTER_BOUND('',#1019,.T.);
#558=FACE_OUTER_BOUND('',#1020,.T.);
#559=FACE_OUTER_BOUND('',#1021,.T.);
#560=FACE_OUTER_BOUND('',#1022,.T.);
#561=FACE_OUTER_BOUND('',#1023,.T.);
#562=FACE_OUTER_BOUND('',#1024,.T.);
#563=FACE_OUTER_BOUND('',#1025,.T.);
#564=FACE_OUTER_BOUND('',#1026,.T.);
#565=FACE_OUTER_BOUND('',#1027,.T.);
#566=FACE_OUTER_BOUND('',#1028,.T.);
#567=FACE_OUTER_BOUND('',#1029,.T.);
#568=FACE_OUTER_BOUND('',#1030,.T.);
#569=FACE_OUTER_BOUND('',#1031,.T.);
#570=FACE_OUTER_BOUND('',#1032,.T.);
#571=FACE_OUTER_BOUND('',#1033,.T.);
#572=FACE_OUTER_BOUND('',#1034,.T.);
#573=FACE_OUTER_BOUND('',#1035,.T.);
#574=FACE_OUTER_BOUND('',#1036,.T.);
#575=FACE_OUTER_BOUND('',#1037,.T.);
#576=FACE_OUTER_BOUND('',#1038,.T.);
#577=FACE_OUTER_BOUND('',#1039,.T.);
#578=FACE_OUTER_BOUND('',#1040,.T.);
#579=FACE_OUTER_BOUND('',#1041,.T.);
#580=FACE_OUTER_BOUND('',#1042,.T.);
#581=FACE_OUTER_BOUND('',#1043,.T.);
#582=FACE_OUTER_BOUND('',#1044,.T.);
#583=FACE_OUTER_BOUND('',#1045,.T.);
#584=FACE_OUTER_BOUND('',#1046,.T.);
#585=FACE_OUTER_BOUND('',#1047,.T.);
#586=FACE_OUTER_BOUND('',#1048,.T.);
#587=FACE_OUTER_BOUND('',#1049,.T.);
#588=FACE_OUTER_BOUND('',#1050,.T.);
#589=FACE_OUTER_BOUND('',#1051,.T.);
#590=FACE_OUTER_BOUND('',#1052,.T.);
#591=FACE_OUTER_BOUND('',#1053,.T.);
#592=FACE_OUTER_BOUND('',#1054,.T.);
#593=FACE_OUTER_BOUND('',#1055,.T.);
#594=FACE_OUTER_BOUND('',#1056,.T.);
#595=FACE_OUTER_BOUND('',#1057,.T.);
#596=FACE_OUTER_BOUND('',#1058,.T.);
#597=EDGE_LOOP('',(#4895,#4896,#4897,#4898));
#598=EDGE_LOOP('',(#4899,#4900,#4901,#4902));
#599=EDGE_LOOP('',(#4903,#4904,#4905,#4906));
#600=EDGE_LOOP('',(#4907,#4908,#4909,#4910));
#601=EDGE_LOOP('',(#4911,#4912,#4913,#4914));
#602=EDGE_LOOP('',(#4915,#4916,#4917,#4918));
#603=EDGE_LOOP('',(#4919,#4920,#4921,#4922,#4923,#4924,#4925,#4926,#4927,
#4928));
#604=EDGE_LOOP('',(#4929,#4930,#4931,#4932,#4933,#4934));
#605=EDGE_LOOP('',(#4935,#4936,#4937,#4938,#4939,#4940));
#606=EDGE_LOOP('',(#4941,#4942,#4943,#4944,#4945,#4946,#4947,#4948,#4949,
#4950));
#607=EDGE_LOOP('',(#4951,#4952,#4953,#4954));
#608=EDGE_LOOP('',(#4955,#4956,#4957,#4958,#4959,#4960));
#609=EDGE_LOOP('',(#4961,#4962,#4963,#4964));
#610=EDGE_LOOP('',(#4965,#4966,#4967,#4968,#4969,#4970));
#611=EDGE_LOOP('',(#4971,#4972,#4973,#4974,#4975,#4976,#4977,#4978));
#612=EDGE_LOOP('',(#4979,#4980,#4981,#4982,#4983,#4984));
#613=EDGE_LOOP('',(#4985,#4986,#4987,#4988));
#614=EDGE_LOOP('',(#4989,#4990,#4991,#4992,#4993,#4994,#4995,#4996,#4997,
#4998,#4999,#5000,#5001,#5002,#5003,#5004,#5005,#5006,#5007,#5008,#5009,
#5010,#5011,#5012,#5013,#5014,#5015,#5016,#5017,#5018,#5019,#5020,#5021,
#5022,#5023,#5024,#5025,#5026,#5027,#5028,#5029,#5030,#5031,#5032,#5033,
#5034,#5035,#5036,#5037,#5038,#5039,#5040,#5041,#5042,#5043,#5044,#5045,
#5046,#5047,#5048,#5049,#5050,#5051,#5052,#5053,#5054,#5055,#5056,#5057,
#5058,#5059,#5060));
#615=EDGE_LOOP('',(#5061,#5062,#5063,#5064,#5065,#5066,#5067,#5068,#5069,
#5070));
#616=EDGE_LOOP('',(#5071,#5072,#5073,#5074));
#617=EDGE_LOOP('',(#5075,#5076,#5077,#5078));
#618=EDGE_LOOP('',(#5079,#5080,#5081,#5082));
#619=EDGE_LOOP('',(#5083,#5084,#5085,#5086,#5087));
#620=EDGE_LOOP('',(#5088,#5089,#5090,#5091));
#621=EDGE_LOOP('',(#5092,#5093,#5094,#5095));
#622=EDGE_LOOP('',(#5096,#5097,#5098,#5099,#5100,#5101));
#623=EDGE_LOOP('',(#5102,#5103,#5104,#5105,#5106,#5107));
#624=EDGE_LOOP('',(#5108,#5109,#5110,#5111));
#625=EDGE_LOOP('',(#5112,#5113,#5114,#5115,#5116,#5117,#5118,#5119));
#626=EDGE_LOOP('',(#5120,#5121,#5122,#5123,#5124,#5125));
#627=EDGE_LOOP('',(#5126,#5127,#5128,#5129));
#628=EDGE_LOOP('',(#5130,#5131,#5132,#5133,#5134,#5135,#5136,#5137,#5138,
#5139,#5140,#5141));
#629=EDGE_LOOP('',(#5142,#5143,#5144,#5145));
#630=EDGE_LOOP('',(#5146,#5147,#5148,#5149));
#631=EDGE_LOOP('',(#5150,#5151,#5152,#5153));
#632=EDGE_LOOP('',(#5154,#5155,#5156,#5157,#5158));
#633=EDGE_LOOP('',(#5159,#5160,#5161,#5162,#5163,#5164,#5165,#5166));
#634=EDGE_LOOP('',(#5167,#5168,#5169,#5170));
#635=EDGE_LOOP('',(#5171,#5172,#5173,#5174));
#636=EDGE_LOOP('',(#5175,#5176,#5177,#5178));
#637=EDGE_LOOP('',(#5179,#5180,#5181,#5182));
#638=EDGE_LOOP('',(#5183,#5184,#5185,#5186));
#639=EDGE_LOOP('',(#5187,#5188,#5189,#5190));
#640=EDGE_LOOP('',(#5191,#5192,#5193,#5194));
#641=EDGE_LOOP('',(#5195,#5196,#5197,#5198));
#642=EDGE_LOOP('',(#5199,#5200,#5201,#5202));
#643=EDGE_LOOP('',(#5203,#5204,#5205,#5206));
#644=EDGE_LOOP('',(#5207,#5208,#5209,#5210));
#645=EDGE_LOOP('',(#5211,#5212,#5213,#5214));
#646=EDGE_LOOP('',(#5215,#5216,#5217,#5218));
#647=EDGE_LOOP('',(#5219,#5220,#5221,#5222));
#648=EDGE_LOOP('',(#5223,#5224,#5225,#5226));
#649=EDGE_LOOP('',(#5227,#5228,#5229,#5230));
#650=EDGE_LOOP('',(#5231,#5232,#5233,#5234));
#651=EDGE_LOOP('',(#5235,#5236,#5237,#5238));
#652=EDGE_LOOP('',(#5239,#5240,#5241,#5242));
#653=EDGE_LOOP('',(#5243,#5244,#5245,#5246));
#654=EDGE_LOOP('',(#5247,#5248,#5249,#5250));
#655=EDGE_LOOP('',(#5251,#5252,#5253,#5254));
#656=EDGE_LOOP('',(#5255,#5256,#5257,#5258));
#657=EDGE_LOOP('',(#5259,#5260,#5261,#5262));
#658=EDGE_LOOP('',(#5263,#5264,#5265,#5266));
#659=EDGE_LOOP('',(#5267,#5268,#5269,#5270));
#660=EDGE_LOOP('',(#5271,#5272,#5273,#5274));
#661=EDGE_LOOP('',(#5275,#5276,#5277,#5278));
#662=EDGE_LOOP('',(#5279,#5280,#5281,#5282));
#663=EDGE_LOOP('',(#5283,#5284,#5285,#5286));
#664=EDGE_LOOP('',(#5287,#5288,#5289,#5290));
#665=EDGE_LOOP('',(#5291,#5292,#5293,#5294));
#666=EDGE_LOOP('',(#5295,#5296,#5297,#5298));
#667=EDGE_LOOP('',(#5299,#5300,#5301,#5302));
#668=EDGE_LOOP('',(#5303,#5304,#5305,#5306));
#669=EDGE_LOOP('',(#5307,#5308,#5309,#5310));
#670=EDGE_LOOP('',(#5311,#5312,#5313,#5314));
#671=EDGE_LOOP('',(#5315,#5316,#5317,#5318));
#672=EDGE_LOOP('',(#5319,#5320,#5321,#5322));
#673=EDGE_LOOP('',(#5323,#5324,#5325,#5326));
#674=EDGE_LOOP('',(#5327,#5328,#5329,#5330));
#675=EDGE_LOOP('',(#5331,#5332,#5333,#5334));
#676=EDGE_LOOP('',(#5335,#5336,#5337,#5338));
#677=EDGE_LOOP('',(#5339,#5340,#5341,#5342));
#678=EDGE_LOOP('',(#5343,#5344,#5345,#5346));
#679=EDGE_LOOP('',(#5347,#5348,#5349,#5350));
#680=EDGE_LOOP('',(#5351,#5352,#5353,#5354));
#681=EDGE_LOOP('',(#5355,#5356,#5357,#5358));
#682=EDGE_LOOP('',(#5359,#5360,#5361,#5362));
#683=EDGE_LOOP('',(#5363,#5364,#5365,#5366));
#684=EDGE_LOOP('',(#5367,#5368,#5369,#5370));
#685=EDGE_LOOP('',(#5371,#5372,#5373,#5374));
#686=EDGE_LOOP('',(#5375,#5376,#5377,#5378));
#687=EDGE_LOOP('',(#5379,#5380,#5381,#5382));
#688=EDGE_LOOP('',(#5383,#5384,#5385,#5386));
#689=EDGE_LOOP('',(#5387,#5388,#5389,#5390));
#690=EDGE_LOOP('',(#5391,#5392,#5393,#5394));
#691=EDGE_LOOP('',(#5395,#5396,#5397,#5398));
#692=EDGE_LOOP('',(#5399,#5400,#5401,#5402));
#693=EDGE_LOOP('',(#5403,#5404,#5405,#5406));
#694=EDGE_LOOP('',(#5407,#5408,#5409,#5410));
#695=EDGE_LOOP('',(#5411,#5412,#5413,#5414));
#696=EDGE_LOOP('',(#5415,#5416,#5417,#5418));
#697=EDGE_LOOP('',(#5419,#5420,#5421,#5422));
#698=EDGE_LOOP('',(#5423,#5424,#5425,#5426));
#699=EDGE_LOOP('',(#5427,#5428,#5429,#5430));
#700=EDGE_LOOP('',(#5431,#5432,#5433,#5434));
#701=EDGE_LOOP('',(#5435,#5436,#5437,#5438));
#702=EDGE_LOOP('',(#5439,#5440,#5441,#5442));
#703=EDGE_LOOP('',(#5443,#5444,#5445,#5446));
#704=EDGE_LOOP('',(#5447,#5448,#5449,#5450));
#705=EDGE_LOOP('',(#5451,#5452,#5453,#5454));
#706=EDGE_LOOP('',(#5455,#5456,#5457,#5458));
#707=EDGE_LOOP('',(#5459,#5460,#5461,#5462));
#708=EDGE_LOOP('',(#5463,#5464,#5465,#5466));
#709=EDGE_LOOP('',(#5467,#5468,#5469,#5470));
#710=EDGE_LOOP('',(#5471,#5472,#5473,#5474));
#711=EDGE_LOOP('',(#5475,#5476,#5477,#5478));
#712=EDGE_LOOP('',(#5479,#5480,#5481,#5482));
#713=EDGE_LOOP('',(#5483,#5484,#5485,#5486));
#714=EDGE_LOOP('',(#5487,#5488,#5489,#5490));
#715=EDGE_LOOP('',(#5491,#5492,#5493,#5494));
#716=EDGE_LOOP('',(#5495,#5496,#5497,#5498));
#717=EDGE_LOOP('',(#5499,#5500,#5501,#5502));
#718=EDGE_LOOP('',(#5503,#5504,#5505,#5506));
#719=EDGE_LOOP('',(#5507,#5508,#5509,#5510));
#720=EDGE_LOOP('',(#5511,#5512,#5513,#5514));
#721=EDGE_LOOP('',(#5515,#5516,#5517,#5518));
#722=EDGE_LOOP('',(#5519,#5520,#5521,#5522));
#723=EDGE_LOOP('',(#5523,#5524,#5525,#5526));
#724=EDGE_LOOP('',(#5527,#5528,#5529,#5530));
#725=EDGE_LOOP('',(#5531,#5532,#5533,#5534));
#726=EDGE_LOOP('',(#5535,#5536,#5537,#5538));
#727=EDGE_LOOP('',(#5539,#5540,#5541,#5542));
#728=EDGE_LOOP('',(#5543,#5544,#5545,#5546));
#729=EDGE_LOOP('',(#5547,#5548,#5549,#5550));
#730=EDGE_LOOP('',(#5551,#5552,#5553,#5554));
#731=EDGE_LOOP('',(#5555,#5556,#5557,#5558));
#732=EDGE_LOOP('',(#5559,#5560,#5561,#5562));
#733=EDGE_LOOP('',(#5563,#5564,#5565,#5566));
#734=EDGE_LOOP('',(#5567,#5568,#5569,#5570));
#735=EDGE_LOOP('',(#5571,#5572,#5573,#5574));
#736=EDGE_LOOP('',(#5575,#5576,#5577,#5578));
#737=EDGE_LOOP('',(#5579,#5580,#5581,#5582));
#738=EDGE_LOOP('',(#5583,#5584,#5585,#5586));
#739=EDGE_LOOP('',(#5587,#5588,#5589,#5590));
#740=EDGE_LOOP('',(#5591,#5592,#5593,#5594));
#741=EDGE_LOOP('',(#5595,#5596,#5597,#5598));
#742=EDGE_LOOP('',(#5599,#5600,#5601,#5602));
#743=EDGE_LOOP('',(#5603,#5604,#5605,#5606));
#744=EDGE_LOOP('',(#5607,#5608,#5609,#5610));
#745=EDGE_LOOP('',(#5611,#5612,#5613,#5614));
#746=EDGE_LOOP('',(#5615,#5616,#5617,#5618));
#747=EDGE_LOOP('',(#5619,#5620,#5621,#5622));
#748=EDGE_LOOP('',(#5623,#5624,#5625,#5626));
#749=EDGE_LOOP('',(#5627,#5628,#5629,#5630));
#750=EDGE_LOOP('',(#5631,#5632,#5633,#5634));
#751=EDGE_LOOP('',(#5635,#5636,#5637,#5638));
#752=EDGE_LOOP('',(#5639,#5640,#5641,#5642));
#753=EDGE_LOOP('',(#5643,#5644,#5645,#5646));
#754=EDGE_LOOP('',(#5647,#5648,#5649,#5650));
#755=EDGE_LOOP('',(#5651,#5652,#5653,#5654));
#756=EDGE_LOOP('',(#5655,#5656,#5657,#5658));
#757=EDGE_LOOP('',(#5659,#5660,#5661,#5662));
#758=EDGE_LOOP('',(#5663,#5664,#5665,#5666));
#759=EDGE_LOOP('',(#5667,#5668,#5669,#5670));
#760=EDGE_LOOP('',(#5671,#5672,#5673,#5674,#5675,#5676,#5677,#5678,#5679,
#5680,#5681,#5682,#5683,#5684,#5685,#5686,#5687,#5688,#5689,#5690,#5691,
#5692,#5693,#5694,#5695,#5696,#5697,#5698,#5699,#5700,#5701,#5702,#5703,
#5704,#5705,#5706,#5707,#5708,#5709,#5710,#5711,#5712,#5713,#5714,#5715,
#5716,#5717,#5718,#5719,#5720,#5721,#5722,#5723,#5724,#5725,#5726,#5727,
#5728,#5729,#5730,#5731,#5732,#5733,#5734,#5735,#5736));
#761=EDGE_LOOP('',(#5737,#5738,#5739,#5740));
#762=EDGE_LOOP('',(#5741,#5742,#5743,#5744));
#763=EDGE_LOOP('',(#5745,#5746,#5747,#5748));
#764=EDGE_LOOP('',(#5749,#5750,#5751,#5752));
#765=EDGE_LOOP('',(#5753,#5754,#5755,#5756));
#766=EDGE_LOOP('',(#5757,#5758,#5759,#5760,#5761,#5762,#5763,#5764));
#767=EDGE_LOOP('',(#5765,#5766,#5767,#5768));
#768=EDGE_LOOP('',(#5769,#5770,#5771,#5772));
#769=EDGE_LOOP('',(#5773,#5774,#5775,#5776));
#770=EDGE_LOOP('',(#5777,#5778,#5779,#5780));
#771=EDGE_LOOP('',(#5781,#5782,#5783,#5784));
#772=EDGE_LOOP('',(#5785,#5786,#5787,#5788));
#773=EDGE_LOOP('',(#5789,#5790,#5791,#5792));
#774=EDGE_LOOP('',(#5793,#5794,#5795,#5796));
#775=EDGE_LOOP('',(#5797,#5798,#5799,#5800));
#776=EDGE_LOOP('',(#5801,#5802,#5803,#5804));
#777=EDGE_LOOP('',(#5805,#5806,#5807,#5808));
#778=EDGE_LOOP('',(#5809,#5810,#5811,#5812));
#779=EDGE_LOOP('',(#5813,#5814,#5815,#5816));
#780=EDGE_LOOP('',(#5817,#5818,#5819,#5820));
#781=EDGE_LOOP('',(#5821,#5822,#5823,#5824));
#782=EDGE_LOOP('',(#5825,#5826,#5827,#5828));
#783=EDGE_LOOP('',(#5829,#5830,#5831,#5832));
#784=EDGE_LOOP('',(#5833,#5834,#5835,#5836,#5837,#5838,#5839,#5840,#5841,
#5842,#5843,#5844));
#785=EDGE_LOOP('',(#5845,#5846,#5847,#5848,#5849,#5850));
#786=EDGE_LOOP('',(#5851,#5852,#5853,#5854,#5855,#5856));
#787=EDGE_LOOP('',(#5857,#5858,#5859,#5860,#5861,#5862,#5863,#5864));
#788=EDGE_LOOP('',(#5865,#5866,#5867,#5868,#5869,#5870,#5871,#5872,#5873,
#5874));
#789=EDGE_LOOP('',(#5875,#5876,#5877,#5878));
#790=EDGE_LOOP('',(#5879,#5880,#5881,#5882));
#791=EDGE_LOOP('',(#5883,#5884,#5885,#5886));
#792=EDGE_LOOP('',(#5887,#5888,#5889,#5890));
#793=EDGE_LOOP('',(#5891,#5892,#5893,#5894,#5895,#5896,#5897,#5898));
#794=EDGE_LOOP('',(#5899,#5900,#5901,#5902));
#795=EDGE_LOOP('',(#5903,#5904,#5905,#5906));
#796=EDGE_LOOP('',(#5907,#5908,#5909,#5910));
#797=EDGE_LOOP('',(#5911,#5912,#5913,#5914));
#798=EDGE_LOOP('',(#5915,#5916,#5917,#5918));
#799=EDGE_LOOP('',(#5919,#5920,#5921,#5922));
#800=EDGE_LOOP('',(#5923,#5924,#5925,#5926));
#801=EDGE_LOOP('',(#5927,#5928,#5929,#5930,#5931,#5932,#5933,#5934));
#802=EDGE_LOOP('',(#5935,#5936,#5937,#5938));
#803=EDGE_LOOP('',(#5939,#5940,#5941,#5942));
#804=EDGE_LOOP('',(#5943,#5944,#5945,#5946));
#805=EDGE_LOOP('',(#5947,#5948,#5949,#5950));
#806=EDGE_LOOP('',(#5951,#5952,#5953,#5954));
#807=EDGE_LOOP('',(#5955,#5956,#5957,#5958));
#808=EDGE_LOOP('',(#5959,#5960,#5961,#5962));
#809=EDGE_LOOP('',(#5963,#5964,#5965,#5966));
#810=EDGE_LOOP('',(#5967,#5968,#5969,#5970));
#811=EDGE_LOOP('',(#5971,#5972,#5973,#5974,#5975,#5976,#5977,#5978));
#812=EDGE_LOOP('',(#5979,#5980,#5981,#5982));
#813=EDGE_LOOP('',(#5983,#5984,#5985,#5986));
#814=EDGE_LOOP('',(#5987,#5988,#5989,#5990));
#815=EDGE_LOOP('',(#5991,#5992,#5993,#5994));
#816=EDGE_LOOP('',(#5995,#5996,#5997,#5998));
#817=EDGE_LOOP('',(#5999,#6000,#6001,#6002));
#818=EDGE_LOOP('',(#6003,#6004,#6005,#6006));
#819=EDGE_LOOP('',(#6007,#6008,#6009,#6010,#6011,#6012,#6013,#6014));
#820=EDGE_LOOP('',(#6015,#6016,#6017,#6018));
#821=EDGE_LOOP('',(#6019,#6020,#6021,#6022));
#822=EDGE_LOOP('',(#6023,#6024,#6025,#6026));
#823=EDGE_LOOP('',(#6027,#6028,#6029,#6030));
#824=EDGE_LOOP('',(#6031,#6032,#6033,#6034));
#825=EDGE_LOOP('',(#6035,#6036,#6037,#6038));
#826=EDGE_LOOP('',(#6039,#6040,#6041,#6042));
#827=EDGE_LOOP('',(#6043,#6044,#6045,#6046));
#828=EDGE_LOOP('',(#6047,#6048,#6049,#6050));
#829=EDGE_LOOP('',(#6051,#6052,#6053,#6054,#6055,#6056,#6057,#6058));
#830=EDGE_LOOP('',(#6059,#6060,#6061,#6062));
#831=EDGE_LOOP('',(#6063,#6064,#6065,#6066));
#832=EDGE_LOOP('',(#6067,#6068,#6069,#6070));
#833=EDGE_LOOP('',(#6071,#6072,#6073,#6074));
#834=EDGE_LOOP('',(#6075,#6076,#6077,#6078));
#835=EDGE_LOOP('',(#6079,#6080,#6081,#6082));
#836=EDGE_LOOP('',(#6083,#6084,#6085,#6086));
#837=EDGE_LOOP('',(#6087,#6088,#6089,#6090,#6091,#6092,#6093,#6094));
#838=EDGE_LOOP('',(#6095,#6096,#6097,#6098));
#839=EDGE_LOOP('',(#6099,#6100,#6101,#6102));
#840=EDGE_LOOP('',(#6103,#6104,#6105,#6106));
#841=EDGE_LOOP('',(#6107,#6108,#6109,#6110));
#842=EDGE_LOOP('',(#6111,#6112,#6113,#6114));
#843=EDGE_LOOP('',(#6115,#6116,#6117,#6118));
#844=EDGE_LOOP('',(#6119,#6120,#6121,#6122));
#845=EDGE_LOOP('',(#6123,#6124,#6125,#6126));
#846=EDGE_LOOP('',(#6127,#6128,#6129,#6130));
#847=EDGE_LOOP('',(#6131,#6132,#6133,#6134,#6135,#6136,#6137,#6138));
#848=EDGE_LOOP('',(#6139,#6140,#6141,#6142));
#849=EDGE_LOOP('',(#6143,#6144,#6145,#6146));
#850=EDGE_LOOP('',(#6147,#6148,#6149,#6150));
#851=EDGE_LOOP('',(#6151,#6152,#6153,#6154));
#852=EDGE_LOOP('',(#6155,#6156,#6157,#6158));
#853=EDGE_LOOP('',(#6159,#6160,#6161,#6162));
#854=EDGE_LOOP('',(#6163,#6164,#6165,#6166));
#855=EDGE_LOOP('',(#6167,#6168,#6169,#6170,#6171,#6172,#6173,#6174));
#856=EDGE_LOOP('',(#6175,#6176,#6177,#6178));
#857=EDGE_LOOP('',(#6179,#6180,#6181,#6182));
#858=EDGE_LOOP('',(#6183,#6184,#6185,#6186));
#859=EDGE_LOOP('',(#6187,#6188,#6189,#6190));
#860=EDGE_LOOP('',(#6191,#6192,#6193,#6194));
#861=EDGE_LOOP('',(#6195,#6196,#6197,#6198));
#862=EDGE_LOOP('',(#6199,#6200,#6201,#6202));
#863=EDGE_LOOP('',(#6203,#6204,#6205,#6206));
#864=EDGE_LOOP('',(#6207,#6208,#6209,#6210));
#865=EDGE_LOOP('',(#6211,#6212,#6213,#6214,#6215,#6216,#6217,#6218));
#866=EDGE_LOOP('',(#6219,#6220,#6221,#6222));
#867=EDGE_LOOP('',(#6223,#6224,#6225,#6226));
#868=EDGE_LOOP('',(#6227,#6228,#6229,#6230));
#869=EDGE_LOOP('',(#6231,#6232,#6233,#6234));
#870=EDGE_LOOP('',(#6235,#6236,#6237,#6238));
#871=EDGE_LOOP('',(#6239,#6240,#6241,#6242));
#872=EDGE_LOOP('',(#6243,#6244,#6245,#6246));
#873=EDGE_LOOP('',(#6247,#6248,#6249,#6250,#6251,#6252,#6253,#6254));
#874=EDGE_LOOP('',(#6255,#6256,#6257,#6258));
#875=EDGE_LOOP('',(#6259,#6260,#6261,#6262));
#876=EDGE_LOOP('',(#6263,#6264,#6265,#6266));
#877=EDGE_LOOP('',(#6267,#6268,#6269,#6270));
#878=EDGE_LOOP('',(#6271,#6272,#6273,#6274));
#879=EDGE_LOOP('',(#6275,#6276,#6277,#6278));
#880=EDGE_LOOP('',(#6279,#6280,#6281,#6282));
#881=EDGE_LOOP('',(#6283,#6284,#6285,#6286));
#882=EDGE_LOOP('',(#6287,#6288,#6289,#6290));
#883=EDGE_LOOP('',(#6291,#6292,#6293,#6294,#6295,#6296,#6297,#6298));
#884=EDGE_LOOP('',(#6299,#6300,#6301,#6302));
#885=EDGE_LOOP('',(#6303,#6304,#6305,#6306));
#886=EDGE_LOOP('',(#6307,#6308,#6309,#6310));
#887=EDGE_LOOP('',(#6311,#6312,#6313,#6314));
#888=EDGE_LOOP('',(#6315,#6316,#6317,#6318));
#889=EDGE_LOOP('',(#6319,#6320,#6321,#6322));
#890=EDGE_LOOP('',(#6323,#6324,#6325,#6326));
#891=EDGE_LOOP('',(#6327,#6328,#6329,#6330,#6331,#6332,#6333,#6334));
#892=EDGE_LOOP('',(#6335,#6336,#6337,#6338));
#893=EDGE_LOOP('',(#6339,#6340,#6341,#6342));
#894=EDGE_LOOP('',(#6343,#6344,#6345,#6346));
#895=EDGE_LOOP('',(#6347,#6348,#6349,#6350));
#896=EDGE_LOOP('',(#6351,#6352,#6353,#6354));
#897=EDGE_LOOP('',(#6355,#6356,#6357,#6358));
#898=EDGE_LOOP('',(#6359,#6360,#6361,#6362));
#899=EDGE_LOOP('',(#6363,#6364,#6365,#6366));
#900=EDGE_LOOP('',(#6367,#6368,#6369,#6370));
#901=EDGE_LOOP('',(#6371,#6372,#6373,#6374,#6375,#6376,#6377,#6378));
#902=EDGE_LOOP('',(#6379,#6380,#6381,#6382));
#903=EDGE_LOOP('',(#6383,#6384,#6385,#6386));
#904=EDGE_LOOP('',(#6387,#6388,#6389,#6390));
#905=EDGE_LOOP('',(#6391,#6392,#6393,#6394));
#906=EDGE_LOOP('',(#6395,#6396,#6397,#6398));
#907=EDGE_LOOP('',(#6399,#6400,#6401,#6402));
#908=EDGE_LOOP('',(#6403,#6404,#6405,#6406));
#909=EDGE_LOOP('',(#6407,#6408,#6409,#6410,#6411,#6412,#6413,#6414));
#910=EDGE_LOOP('',(#6415,#6416,#6417,#6418));
#911=EDGE_LOOP('',(#6419,#6420,#6421,#6422));
#912=EDGE_LOOP('',(#6423,#6424,#6425,#6426));
#913=EDGE_LOOP('',(#6427,#6428,#6429,#6430));
#914=EDGE_LOOP('',(#6431,#6432,#6433,#6434));
#915=EDGE_LOOP('',(#6435,#6436,#6437,#6438));
#916=EDGE_LOOP('',(#6439,#6440,#6441,#6442));
#917=EDGE_LOOP('',(#6443,#6444,#6445,#6446));
#918=EDGE_LOOP('',(#6447,#6448,#6449,#6450));
#919=EDGE_LOOP('',(#6451,#6452,#6453,#6454,#6455,#6456,#6457,#6458));
#920=EDGE_LOOP('',(#6459,#6460,#6461,#6462));
#921=EDGE_LOOP('',(#6463,#6464,#6465,#6466));
#922=EDGE_LOOP('',(#6467,#6468,#6469,#6470));
#923=EDGE_LOOP('',(#6471,#6472,#6473,#6474));
#924=EDGE_LOOP('',(#6475,#6476,#6477,#6478));
#925=EDGE_LOOP('',(#6479,#6480,#6481,#6482));
#926=EDGE_LOOP('',(#6483,#6484,#6485,#6486));
#927=EDGE_LOOP('',(#6487,#6488,#6489,#6490,#6491,#6492,#6493,#6494));
#928=EDGE_LOOP('',(#6495,#6496,#6497,#6498));
#929=EDGE_LOOP('',(#6499,#6500,#6501,#6502));
#930=EDGE_LOOP('',(#6503,#6504,#6505,#6506));
#931=EDGE_LOOP('',(#6507,#6508,#6509,#6510));
#932=EDGE_LOOP('',(#6511,#6512,#6513,#6514));
#933=EDGE_LOOP('',(#6515,#6516,#6517,#6518));
#934=EDGE_LOOP('',(#6519,#6520,#6521,#6522));
#935=EDGE_LOOP('',(#6523,#6524,#6525,#6526));
#936=EDGE_LOOP('',(#6527,#6528,#6529,#6530));
#937=EDGE_LOOP('',(#6531,#6532,#6533,#6534,#6535,#6536,#6537,#6538));
#938=EDGE_LOOP('',(#6539,#6540,#6541,#6542));
#939=EDGE_LOOP('',(#6543,#6544,#6545,#6546));
#940=EDGE_LOOP('',(#6547,#6548,#6549,#6550));
#941=EDGE_LOOP('',(#6551,#6552,#6553,#6554));
#942=EDGE_LOOP('',(#6555,#6556,#6557,#6558));
#943=EDGE_LOOP('',(#6559,#6560,#6561,#6562));
#944=EDGE_LOOP('',(#6563,#6564,#6565,#6566));
#945=EDGE_LOOP('',(#6567,#6568,#6569,#6570,#6571,#6572,#6573,#6574));
#946=EDGE_LOOP('',(#6575,#6576,#6577,#6578));
#947=EDGE_LOOP('',(#6579,#6580,#6581,#6582));
#948=EDGE_LOOP('',(#6583,#6584,#6585,#6586));
#949=EDGE_LOOP('',(#6587,#6588,#6589,#6590));
#950=EDGE_LOOP('',(#6591,#6592,#6593,#6594));
#951=EDGE_LOOP('',(#6595,#6596,#6597,#6598));
#952=EDGE_LOOP('',(#6599,#6600,#6601,#6602));
#953=EDGE_LOOP('',(#6603,#6604,#6605,#6606));
#954=EDGE_LOOP('',(#6607,#6608,#6609,#6610));
#955=EDGE_LOOP('',(#6611,#6612,#6613,#6614,#6615,#6616,#6617,#6618));
#956=EDGE_LOOP('',(#6619,#6620,#6621,#6622));
#957=EDGE_LOOP('',(#6623,#6624,#6625,#6626));
#958=EDGE_LOOP('',(#6627,#6628,#6629,#6630));
#959=EDGE_LOOP('',(#6631,#6632,#6633,#6634));
#960=EDGE_LOOP('',(#6635,#6636,#6637,#6638));
#961=EDGE_LOOP('',(#6639,#6640,#6641,#6642));
#962=EDGE_LOOP('',(#6643,#6644,#6645,#6646));
#963=EDGE_LOOP('',(#6647,#6648,#6649,#6650,#6651,#6652,#6653,#6654));
#964=EDGE_LOOP('',(#6655,#6656,#6657,#6658));
#965=EDGE_LOOP('',(#6659,#6660,#6661,#6662));
#966=EDGE_LOOP('',(#6663,#6664,#6665,#6666));
#967=EDGE_LOOP('',(#6667,#6668,#6669,#6670));
#968=EDGE_LOOP('',(#6671,#6672,#6673,#6674));
#969=EDGE_LOOP('',(#6675,#6676,#6677,#6678));
#970=EDGE_LOOP('',(#6679,#6680,#6681,#6682));
#971=EDGE_LOOP('',(#6683,#6684,#6685,#6686));
#972=EDGE_LOOP('',(#6687,#6688,#6689,#6690));
#973=EDGE_LOOP('',(#6691,#6692,#6693,#6694,#6695,#6696,#6697,#6698));
#974=EDGE_LOOP('',(#6699,#6700,#6701,#6702));
#975=EDGE_LOOP('',(#6703,#6704,#6705,#6706));
#976=EDGE_LOOP('',(#6707,#6708,#6709,#6710));
#977=EDGE_LOOP('',(#6711,#6712,#6713,#6714));
#978=EDGE_LOOP('',(#6715,#6716,#6717,#6718));
#979=EDGE_LOOP('',(#6719,#6720,#6721,#6722));
#980=EDGE_LOOP('',(#6723,#6724,#6725,#6726));
#981=EDGE_LOOP('',(#6727,#6728,#6729,#6730,#6731,#6732,#6733,#6734));
#982=EDGE_LOOP('',(#6735,#6736,#6737,#6738));
#983=EDGE_LOOP('',(#6739,#6740,#6741,#6742));
#984=EDGE_LOOP('',(#6743,#6744,#6745,#6746));
#985=EDGE_LOOP('',(#6747,#6748,#6749,#6750));
#986=EDGE_LOOP('',(#6751,#6752,#6753,#6754));
#987=EDGE_LOOP('',(#6755,#6756,#6757,#6758));
#988=EDGE_LOOP('',(#6759,#6760,#6761,#6762));
#989=EDGE_LOOP('',(#6763,#6764,#6765,#6766));
#990=EDGE_LOOP('',(#6767,#6768,#6769,#6770));
#991=EDGE_LOOP('',(#6771,#6772,#6773,#6774,#6775,#6776,#6777,#6778));
#992=EDGE_LOOP('',(#6779,#6780,#6781,#6782));
#993=EDGE_LOOP('',(#6783,#6784,#6785,#6786));
#994=EDGE_LOOP('',(#6787,#6788,#6789,#6790));
#995=EDGE_LOOP('',(#6791,#6792,#6793,#6794));
#996=EDGE_LOOP('',(#6795,#6796,#6797,#6798));
#997=EDGE_LOOP('',(#6799,#6800,#6801,#6802));
#998=EDGE_LOOP('',(#6803,#6804,#6805,#6806));
#999=EDGE_LOOP('',(#6807,#6808,#6809,#6810,#6811,#6812,#6813,#6814));
#1000=EDGE_LOOP('',(#6815,#6816,#6817,#6818));
#1001=EDGE_LOOP('',(#6819,#6820,#6821,#6822));
#1002=EDGE_LOOP('',(#6823,#6824,#6825,#6826));
#1003=EDGE_LOOP('',(#6827,#6828,#6829,#6830));
#1004=EDGE_LOOP('',(#6831,#6832,#6833,#6834));
#1005=EDGE_LOOP('',(#6835,#6836,#6837,#6838));
#1006=EDGE_LOOP('',(#6839,#6840,#6841,#6842));
#1007=EDGE_LOOP('',(#6843,#6844,#6845,#6846));
#1008=EDGE_LOOP('',(#6847,#6848,#6849,#6850));
#1009=EDGE_LOOP('',(#6851,#6852,#6853,#6854,#6855,#6856,#6857,#6858));
#1010=EDGE_LOOP('',(#6859,#6860,#6861,#6862));
#1011=EDGE_LOOP('',(#6863,#6864,#6865,#6866));
#1012=EDGE_LOOP('',(#6867,#6868,#6869,#6870));
#1013=EDGE_LOOP('',(#6871,#6872,#6873,#6874));
#1014=EDGE_LOOP('',(#6875,#6876,#6877,#6878));
#1015=EDGE_LOOP('',(#6879,#6880,#6881,#6882));
#1016=EDGE_LOOP('',(#6883,#6884,#6885,#6886));
#1017=EDGE_LOOP('',(#6887,#6888,#6889,#6890,#6891,#6892,#6893,#6894));
#1018=EDGE_LOOP('',(#6895,#6896,#6897,#6898));
#1019=EDGE_LOOP('',(#6899,#6900,#6901,#6902));
#1020=EDGE_LOOP('',(#6903,#6904,#6905,#6906));
#1021=EDGE_LOOP('',(#6907,#6908,#6909,#6910));
#1022=EDGE_LOOP('',(#6911,#6912,#6913,#6914));
#1023=EDGE_LOOP('',(#6915,#6916,#6917,#6918));
#1024=EDGE_LOOP('',(#6919,#6920,#6921,#6922));
#1025=EDGE_LOOP('',(#6923,#6924,#6925,#6926));
#1026=EDGE_LOOP('',(#6927,#6928,#6929,#6930));
#1027=EDGE_LOOP('',(#6931,#6932,#6933,#6934,#6935,#6936,#6937,#6938));
#1028=EDGE_LOOP('',(#6939,#6940,#6941,#6942));
#1029=EDGE_LOOP('',(#6943,#6944,#6945,#6946));
#1030=EDGE_LOOP('',(#6947,#6948,#6949,#6950));
#1031=EDGE_LOOP('',(#6951,#6952,#6953,#6954));
#1032=EDGE_LOOP('',(#6955,#6956,#6957,#6958));
#1033=EDGE_LOOP('',(#6959,#6960,#6961,#6962));
#1034=EDGE_LOOP('',(#6963,#6964,#6965,#6966));
#1035=EDGE_LOOP('',(#6967,#6968,#6969,#6970,#6971,#6972,#6973,#6974));
#1036=EDGE_LOOP('',(#6975,#6976,#6977,#6978));
#1037=EDGE_LOOP('',(#6979,#6980,#6981,#6982));
#1038=EDGE_LOOP('',(#6983,#6984,#6985,#6986));
#1039=EDGE_LOOP('',(#6987,#6988,#6989,#6990));
#1040=EDGE_LOOP('',(#6991,#6992,#6993,#6994));
#1041=EDGE_LOOP('',(#6995,#6996,#6997,#6998));
#1042=EDGE_LOOP('',(#6999,#7000,#7001,#7002));
#1043=EDGE_LOOP('',(#7003,#7004,#7005,#7006));
#1044=EDGE_LOOP('',(#7007,#7008,#7009,#7010));
#1045=EDGE_LOOP('',(#7011,#7012,#7013,#7014,#7015,#7016,#7017,#7018));
#1046=EDGE_LOOP('',(#7019,#7020,#7021,#7022));
#1047=EDGE_LOOP('',(#7023,#7024,#7025,#7026));
#1048=EDGE_LOOP('',(#7027,#7028,#7029,#7030));
#1049=EDGE_LOOP('',(#7031,#7032,#7033,#7034));
#1050=EDGE_LOOP('',(#7035,#7036,#7037,#7038));
#1051=EDGE_LOOP('',(#7039,#7040,#7041,#7042));
#1052=EDGE_LOOP('',(#7043,#7044,#7045,#7046));
#1053=EDGE_LOOP('',(#7047,#7048,#7049,#7050,#7051,#7052,#7053,#7054));
#1054=EDGE_LOOP('',(#7055,#7056,#7057,#7058));
#1055=EDGE_LOOP('',(#7059,#7060,#7061,#7062));
#1056=EDGE_LOOP('',(#7063,#7064,#7065,#7066));
#1057=EDGE_LOOP('',(#7067,#7068,#7069,#7070));
#1058=EDGE_LOOP('',(#7071,#7072,#7073,#7074));
#1059=LINE('',#10438,#2089);
#1060=LINE('',#10440,#2090);
#1061=LINE('',#10442,#2091);
#1062=LINE('',#10443,#2092);
#1063=LINE('',#10446,#2093);
#1064=LINE('',#10448,#2094);
#1065=LINE('',#10449,#2095);
#1066=LINE('',#10452,#2096);
#1067=LINE('',#10454,#2097);
#1068=LINE('',#10455,#2098);
#1069=LINE('',#10459,#2099);
#1070=LINE('',#10461,#2100);
#1071=LINE('',#10463,#2101);
#1072=LINE('',#10464,#2102);
#1073=LINE('',#10467,#2103);
#1074=LINE('',#10469,#2104);
#1075=LINE('',#10470,#2105);
#1076=LINE('',#10473,#2106);
#1077=LINE('',#10475,#2107);
#1078=LINE('',#10476,#2108);
#1079=LINE('',#10479,#2109);
#1080=LINE('',#10481,#2110);
#1081=LINE('',#10483,#2111);
#1082=LINE('',#10485,#2112);
#1083=LINE('',#10487,#2113);
#1084=LINE('',#10489,#2114);
#1085=LINE('',#10490,#2115);
#1086=LINE('',#10493,#2116);
#1087=LINE('',#10495,#2117);
#1088=LINE('',#10497,#2118);
#1089=LINE('',#10498,#2119);
#1090=LINE('',#10501,#2120);
#1091=LINE('',#10503,#2121);
#1092=LINE('',#10505,#2122);
#1093=LINE('',#10507,#2123);
#1094=LINE('',#10508,#2124);
#1095=LINE('',#10511,#2125);
#1096=LINE('',#10513,#2126);
#1097=LINE('',#10515,#2127);
#1098=LINE('',#10517,#2128);
#1099=LINE('',#10519,#2129);
#1100=LINE('',#10520,#2130);
#1101=LINE('',#10523,#2131);
#1102=LINE('',#10525,#2132);
#1103=LINE('',#10526,#2133);
#1104=LINE('',#10530,#2134);
#1105=LINE('',#10532,#2135);
#1106=LINE('',#10534,#2136);
#1107=LINE('',#10536,#2137);
#1108=LINE('',#10538,#2138);
#1109=LINE('',#10539,#2139);
#1110=LINE('',#10542,#2140);
#1111=LINE('',#10544,#2141);
#1112=LINE('',#10545,#2142);
#1113=LINE('',#10549,#2143);
#1114=LINE('',#10550,#2144);
#1115=LINE('',#10552,#2145);
#1116=LINE('',#10554,#2146);
#1117=LINE('',#10555,#2147);
#1118=LINE('',#10558,#2148);
#1119=LINE('',#10559,#2149);
#1120=LINE('',#10561,#2150);
#1121=LINE('',#10563,#2151);
#1122=LINE('',#10564,#2152);
#1123=LINE('',#10567,#2153);
#1124=LINE('',#10569,#2154);
#1125=LINE('',#10571,#2155);
#1126=LINE('',#10572,#2156);
#1127=LINE('',#10575,#2157);
#1128=LINE('',#10577,#2158);
#1129=LINE('',#10579,#2159);
#1130=LINE('',#10580,#2160);
#1131=LINE('',#10583,#2161);
#1132=LINE('',#10584,#2162);
#1133=LINE('',#10586,#2163);
#1134=LINE('',#10588,#2164);
#1135=LINE('',#10590,#2165);
#1136=LINE('',#10592,#2166);
#1137=LINE('',#10594,#2167);
#1138=LINE('',#10596,#2168);
#1139=LINE('',#10598,#2169);
#1140=LINE('',#10600,#2170);
#1141=LINE('',#10602,#2171);
#1142=LINE('',#10604,#2172);
#1143=LINE('',#10606,#2173);
#1144=LINE('',#10608,#2174);
#1145=LINE('',#10610,#2175);
#1146=LINE('',#10612,#2176);
#1147=LINE('',#10614,#2177);
#1148=LINE('',#10616,#2178);
#1149=LINE('',#10618,#2179);
#1150=LINE('',#10620,#2180);
#1151=LINE('',#10622,#2181);
#1152=LINE('',#10624,#2182);
#1153=LINE('',#10626,#2183);
#1154=LINE('',#10628,#2184);
#1155=LINE('',#10630,#2185);
#1156=LINE('',#10632,#2186);
#1157=LINE('',#10634,#2187);
#1158=LINE('',#10636,#2188);
#1159=LINE('',#10638,#2189);
#1160=LINE('',#10640,#2190);
#1161=LINE('',#10642,#2191);
#1162=LINE('',#10644,#2192);
#1163=LINE('',#10646,#2193);
#1164=LINE('',#10648,#2194);
#1165=LINE('',#10650,#2195);
#1166=LINE('',#10652,#2196);
#1167=LINE('',#10654,#2197);
#1168=LINE('',#10656,#2198);
#1169=LINE('',#10658,#2199);
#1170=LINE('',#10660,#2200);
#1171=LINE('',#10662,#2201);
#1172=LINE('',#10664,#2202);
#1173=LINE('',#10666,#2203);
#1174=LINE('',#10668,#2204);
#1175=LINE('',#10670,#2205);
#1176=LINE('',#10672,#2206);
#1177=LINE('',#10674,#2207);
#1178=LINE('',#10676,#2208);
#1179=LINE('',#10678,#2209);
#1180=LINE('',#10680,#2210);
#1181=LINE('',#10682,#2211);
#1182=LINE('',#10684,#2212);
#1183=LINE('',#10686,#2213);
#1184=LINE('',#10688,#2214);
#1185=LINE('',#10690,#2215);
#1186=LINE('',#10692,#2216);
#1187=LINE('',#10694,#2217);
#1188=LINE('',#10696,#2218);
#1189=LINE('',#10698,#2219);
#1190=LINE('',#10700,#2220);
#1191=LINE('',#10702,#2221);
#1192=LINE('',#10704,#2222);
#1193=LINE('',#10705,#2223);
#1194=LINE('',#10706,#2224);
#1195=LINE('',#10709,#2225);
#1196=LINE('',#10711,#2226);
#1197=LINE('',#10712,#2227);
#1198=LINE('',#10713,#2228);
#1199=LINE('',#10716,#2229);
#1200=LINE('',#10718,#2230);
#1201=LINE('',#10719,#2231);
#1202=LINE('',#10723,#2232);
#1203=LINE('',#10725,#2233);
#1204=LINE('',#10727,#2234);
#1205=LINE('',#10728,#2235);
#1206=LINE('',#10731,#2236);
#1207=LINE('',#10732,#2237);
#1208=LINE('',#10734,#2238);
#1209=LINE('',#10735,#2239);
#1210=LINE('',#10738,#2240);
#1211=LINE('',#10739,#2241);
#1212=LINE('',#10741,#2242);
#1213=LINE('',#10745,#2243);
#1214=LINE('',#10747,#2244);
#1215=LINE('',#10748,#2245);
#1216=LINE('',#10750,#2246);
#1217=LINE('',#10751,#2247);
#1218=LINE('',#10753,#2248);
#1219=LINE('',#10755,#2249);
#1220=LINE('',#10756,#2250);
#1221=LINE('',#10759,#2251);
#1222=LINE('',#10760,#2252);
#1223=LINE('',#10762,#2253);
#1224=LINE('',#10764,#2254);
#1225=LINE('',#10766,#2255);
#1226=LINE('',#10767,#2256);
#1227=LINE('',#10770,#2257);
#1228=LINE('',#10772,#2258);
#1229=LINE('',#10773,#2259);
#1230=LINE('',#10776,#2260);
#1231=LINE('',#10778,#2261);
#1232=LINE('',#10780,#2262);
#1233=LINE('',#10781,#2263);
#1234=LINE('',#10783,#2264);
#1235=LINE('',#10787,#2265);
#1236=LINE('',#10789,#2266);
#1237=LINE('',#10791,#2267);
#1238=LINE('',#10792,#2268);
#1239=LINE('',#10796,#2269);
#1240=LINE('',#10798,#2270);
#1241=LINE('',#10800,#2271);
#1242=LINE('',#10801,#2272);
#1243=LINE('',#10804,#2273);
#1244=LINE('',#10806,#2274);
#1245=LINE('',#10807,#2275);
#1246=LINE('',#10809,#2276);
#1247=LINE('',#10810,#2277);
#1248=LINE('',#10812,#2278);
#1249=LINE('',#10814,#2279);
#1250=LINE('',#10815,#2280);
#1251=LINE('',#10818,#2281);
#1252=LINE('',#10819,#2282);
#1253=LINE('',#10821,#2283);
#1254=LINE('',#10824,#2284);
#1255=LINE('',#10825,#2285);
#1256=LINE('',#10828,#2286);
#1257=LINE('',#10830,#2287);
#1258=LINE('',#10831,#2288);
#1259=LINE('',#10834,#2289);
#1260=LINE('',#10835,#2290);
#1261=LINE('',#10838,#2291);
#1262=LINE('',#10839,#2292);
#1263=LINE('',#10841,#2293);
#1264=LINE('',#10845,#2294);
#1265=LINE('',#10846,#2295);
#1266=LINE('',#10847,#2296);
#1267=LINE('',#10850,#2297);
#1268=LINE('',#10851,#2298);
#1269=LINE('',#10854,#2299);
#1270=LINE('',#10856,#2300);
#1271=LINE('',#10858,#2301);
#1272=LINE('',#10859,#2302);
#1273=LINE('',#10861,#2303);
#1274=LINE('',#10864,#2304);
#1275=LINE('',#10865,#2305);
#1276=LINE('',#10868,#2306);
#1277=LINE('',#10870,#2307);
#1278=LINE('',#10871,#2308);
#1279=LINE('',#10874,#2309);
#1280=LINE('',#10875,#2310);
#1281=LINE('',#10878,#2311);
#1282=LINE('',#10879,#2312);
#1283=LINE('',#10881,#2313);
#1284=LINE('',#10885,#2314);
#1285=LINE('',#10886,#2315);
#1286=LINE('',#10887,#2316);
#1287=LINE('',#10890,#2317);
#1288=LINE('',#10891,#2318);
#1289=LINE('',#10894,#2319);
#1290=LINE('',#10896,#2320);
#1291=LINE('',#10898,#2321);
#1292=LINE('',#10899,#2322);
#1293=LINE('',#10901,#2323);
#1294=LINE('',#10904,#2324);
#1295=LINE('',#10905,#2325);
#1296=LINE('',#10908,#2326);
#1297=LINE('',#10910,#2327);
#1298=LINE('',#10911,#2328);
#1299=LINE('',#10914,#2329);
#1300=LINE('',#10915,#2330);
#1301=LINE('',#10918,#2331);
#1302=LINE('',#10919,#2332);
#1303=LINE('',#10921,#2333);
#1304=LINE('',#10925,#2334);
#1305=LINE('',#10926,#2335);
#1306=LINE('',#10927,#2336);
#1307=LINE('',#10930,#2337);
#1308=LINE('',#10931,#2338);
#1309=LINE('',#10934,#2339);
#1310=LINE('',#10936,#2340);
#1311=LINE('',#10938,#2341);
#1312=LINE('',#10939,#2342);
#1313=LINE('',#10941,#2343);
#1314=LINE('',#10944,#2344);
#1315=LINE('',#10945,#2345);
#1316=LINE('',#10948,#2346);
#1317=LINE('',#10950,#2347);
#1318=LINE('',#10951,#2348);
#1319=LINE('',#10954,#2349);
#1320=LINE('',#10955,#2350);
#1321=LINE('',#10958,#2351);
#1322=LINE('',#10959,#2352);
#1323=LINE('',#10961,#2353);
#1324=LINE('',#10965,#2354);
#1325=LINE('',#10966,#2355);
#1326=LINE('',#10967,#2356);
#1327=LINE('',#10970,#2357);
#1328=LINE('',#10971,#2358);
#1329=LINE('',#10974,#2359);
#1330=LINE('',#10976,#2360);
#1331=LINE('',#10978,#2361);
#1332=LINE('',#10979,#2362);
#1333=LINE('',#10981,#2363);
#1334=LINE('',#10984,#2364);
#1335=LINE('',#10985,#2365);
#1336=LINE('',#10988,#2366);
#1337=LINE('',#10990,#2367);
#1338=LINE('',#10991,#2368);
#1339=LINE('',#10994,#2369);
#1340=LINE('',#10995,#2370);
#1341=LINE('',#10998,#2371);
#1342=LINE('',#10999,#2372);
#1343=LINE('',#11001,#2373);
#1344=LINE('',#11005,#2374);
#1345=LINE('',#11006,#2375);
#1346=LINE('',#11007,#2376);
#1347=LINE('',#11010,#2377);
#1348=LINE('',#11011,#2378);
#1349=LINE('',#11014,#2379);
#1350=LINE('',#11016,#2380);
#1351=LINE('',#11018,#2381);
#1352=LINE('',#11019,#2382);
#1353=LINE('',#11021,#2383);
#1354=LINE('',#11024,#2384);
#1355=LINE('',#11025,#2385);
#1356=LINE('',#11028,#2386);
#1357=LINE('',#11030,#2387);
#1358=LINE('',#11031,#2388);
#1359=LINE('',#11034,#2389);
#1360=LINE('',#11035,#2390);
#1361=LINE('',#11038,#2391);
#1362=LINE('',#11039,#2392);
#1363=LINE('',#11041,#2393);
#1364=LINE('',#11045,#2394);
#1365=LINE('',#11046,#2395);
#1366=LINE('',#11047,#2396);
#1367=LINE('',#11050,#2397);
#1368=LINE('',#11051,#2398);
#1369=LINE('',#11054,#2399);
#1370=LINE('',#11056,#2400);
#1371=LINE('',#11058,#2401);
#1372=LINE('',#11059,#2402);
#1373=LINE('',#11061,#2403);
#1374=LINE('',#11064,#2404);
#1375=LINE('',#11065,#2405);
#1376=LINE('',#11068,#2406);
#1377=LINE('',#11070,#2407);
#1378=LINE('',#11071,#2408);
#1379=LINE('',#11074,#2409);
#1380=LINE('',#11075,#2410);
#1381=LINE('',#11078,#2411);
#1382=LINE('',#11079,#2412);
#1383=LINE('',#11081,#2413);
#1384=LINE('',#11085,#2414);
#1385=LINE('',#11086,#2415);
#1386=LINE('',#11087,#2416);
#1387=LINE('',#11090,#2417);
#1388=LINE('',#11091,#2418);
#1389=LINE('',#11094,#2419);
#1390=LINE('',#11096,#2420);
#1391=LINE('',#11098,#2421);
#1392=LINE('',#11099,#2422);
#1393=LINE('',#11101,#2423);
#1394=LINE('',#11104,#2424);
#1395=LINE('',#11105,#2425);
#1396=LINE('',#11108,#2426);
#1397=LINE('',#11110,#2427);
#1398=LINE('',#11111,#2428);
#1399=LINE('',#11114,#2429);
#1400=LINE('',#11115,#2430);
#1401=LINE('',#11118,#2431);
#1402=LINE('',#11119,#2432);
#1403=LINE('',#11121,#2433);
#1404=LINE('',#11125,#2434);
#1405=LINE('',#11126,#2435);
#1406=LINE('',#11127,#2436);
#1407=LINE('',#11130,#2437);
#1408=LINE('',#11131,#2438);
#1409=LINE('',#11134,#2439);
#1410=LINE('',#11136,#2440);
#1411=LINE('',#11138,#2441);
#1412=LINE('',#11139,#2442);
#1413=LINE('',#11141,#2443);
#1414=LINE('',#11144,#2444);
#1415=LINE('',#11145,#2445);
#1416=LINE('',#11148,#2446);
#1417=LINE('',#11150,#2447);
#1418=LINE('',#11151,#2448);
#1419=LINE('',#11154,#2449);
#1420=LINE('',#11155,#2450);
#1421=LINE('',#11158,#2451);
#1422=LINE('',#11159,#2452);
#1423=LINE('',#11161,#2453);
#1424=LINE('',#11165,#2454);
#1425=LINE('',#11166,#2455);
#1426=LINE('',#11167,#2456);
#1427=LINE('',#11170,#2457);
#1428=LINE('',#11171,#2458);
#1429=LINE('',#11174,#2459);
#1430=LINE('',#11176,#2460);
#1431=LINE('',#11178,#2461);
#1432=LINE('',#11179,#2462);
#1433=LINE('',#11181,#2463);
#1434=LINE('',#11184,#2464);
#1435=LINE('',#11185,#2465);
#1436=LINE('',#11188,#2466);
#1437=LINE('',#11190,#2467);
#1438=LINE('',#11191,#2468);
#1439=LINE('',#11194,#2469);
#1440=LINE('',#11195,#2470);
#1441=LINE('',#11198,#2471);
#1442=LINE('',#11199,#2472);
#1443=LINE('',#11201,#2473);
#1444=LINE('',#11205,#2474);
#1445=LINE('',#11206,#2475);
#1446=LINE('',#11207,#2476);
#1447=LINE('',#11210,#2477);
#1448=LINE('',#11211,#2478);
#1449=LINE('',#11214,#2479);
#1450=LINE('',#11216,#2480);
#1451=LINE('',#11218,#2481);
#1452=LINE('',#11219,#2482);
#1453=LINE('',#11221,#2483);
#1454=LINE('',#11224,#2484);
#1455=LINE('',#11225,#2485);
#1456=LINE('',#11228,#2486);
#1457=LINE('',#11230,#2487);
#1458=LINE('',#11231,#2488);
#1459=LINE('',#11234,#2489);
#1460=LINE('',#11235,#2490);
#1461=LINE('',#11238,#2491);
#1462=LINE('',#11239,#2492);
#1463=LINE('',#11241,#2493);
#1464=LINE('',#11245,#2494);
#1465=LINE('',#11246,#2495);
#1466=LINE('',#11247,#2496);
#1467=LINE('',#11250,#2497);
#1468=LINE('',#11251,#2498);
#1469=LINE('',#11254,#2499);
#1470=LINE('',#11256,#2500);
#1471=LINE('',#11258,#2501);
#1472=LINE('',#11259,#2502);
#1473=LINE('',#11261,#2503);
#1474=LINE('',#11264,#2504);
#1475=LINE('',#11265,#2505);
#1476=LINE('',#11268,#2506);
#1477=LINE('',#11270,#2507);
#1478=LINE('',#11271,#2508);
#1479=LINE('',#11274,#2509);
#1480=LINE('',#11275,#2510);
#1481=LINE('',#11278,#2511);
#1482=LINE('',#11279,#2512);
#1483=LINE('',#11281,#2513);
#1484=LINE('',#11285,#2514);
#1485=LINE('',#11286,#2515);
#1486=LINE('',#11287,#2516);
#1487=LINE('',#11290,#2517);
#1488=LINE('',#11291,#2518);
#1489=LINE('',#11294,#2519);
#1490=LINE('',#11296,#2520);
#1491=LINE('',#11298,#2521);
#1492=LINE('',#11299,#2522);
#1493=LINE('',#11301,#2523);
#1494=LINE('',#11304,#2524);
#1495=LINE('',#11305,#2525);
#1496=LINE('',#11308,#2526);
#1497=LINE('',#11310,#2527);
#1498=LINE('',#11311,#2528);
#1499=LINE('',#11314,#2529);
#1500=LINE('',#11315,#2530);
#1501=LINE('',#11318,#2531);
#1502=LINE('',#11319,#2532);
#1503=LINE('',#11321,#2533);
#1504=LINE('',#11325,#2534);
#1505=LINE('',#11326,#2535);
#1506=LINE('',#11327,#2536);
#1507=LINE('',#11330,#2537);
#1508=LINE('',#11331,#2538);
#1509=LINE('',#11334,#2539);
#1510=LINE('',#11336,#2540);
#1511=LINE('',#11338,#2541);
#1512=LINE('',#11339,#2542);
#1513=LINE('',#11341,#2543);
#1514=LINE('',#11344,#2544);
#1515=LINE('',#11345,#2545);
#1516=LINE('',#11348,#2546);
#1517=LINE('',#11350,#2547);
#1518=LINE('',#11351,#2548);
#1519=LINE('',#11354,#2549);
#1520=LINE('',#11355,#2550);
#1521=LINE('',#11358,#2551);
#1522=LINE('',#11359,#2552);
#1523=LINE('',#11361,#2553);
#1524=LINE('',#11363,#2554);
#1525=LINE('',#11366,#2555);
#1526=LINE('',#11367,#2556);
#1527=LINE('',#11370,#2557);
#1528=LINE('',#11372,#2558);
#1529=LINE('',#11373,#2559);
#1530=LINE('',#11374,#2560);
#1531=LINE('',#11377,#2561);
#1532=LINE('',#11379,#2562);
#1533=LINE('',#11380,#2563);
#1534=LINE('',#11383,#2564);
#1535=LINE('',#11384,#2565);
#1536=LINE('',#11387,#2566);
#1537=LINE('',#11388,#2567);
#1538=LINE('',#11390,#2568);
#1539=LINE('',#11392,#2569);
#1540=LINE('',#11393,#2570);
#1541=LINE('',#11397,#2571);
#1542=LINE('',#11398,#2572);
#1543=LINE('',#11401,#2573);
#1544=LINE('',#11402,#2574);
#1545=LINE('',#11404,#2575);
#1546=LINE('',#11406,#2576);
#1547=LINE('',#11407,#2577);
#1548=LINE('',#11409,#2578);
#1549=LINE('',#11416,#2579);
#1550=LINE('',#11418,#2580);
#1551=LINE('',#11420,#2581);
#1552=LINE('',#11421,#2582);
#1553=LINE('',#11424,#2583);
#1554=LINE('',#11426,#2584);
#1555=LINE('',#11427,#2585);
#1556=LINE('',#11430,#2586);
#1557=LINE('',#11432,#2587);
#1558=LINE('',#11433,#2588);
#1559=LINE('',#11435,#2589);
#1560=LINE('',#11436,#2590);
#1561=LINE('',#11439,#2591);
#1562=LINE('',#11443,#2592);
#1563=LINE('',#11445,#2593);
#1564=LINE('',#11447,#2594);
#1565=LINE('',#11450,#2595);
#1566=LINE('',#11453,#2596);
#1567=LINE('',#11454,#2597);
#1568=LINE('',#11459,#2598);
#1569=LINE('',#11461,#2599);
#1570=LINE('',#11463,#2600);
#1571=LINE('',#11464,#2601);
#1572=LINE('',#11466,#2602);
#1573=LINE('',#11468,#2603);
#1574=LINE('',#11469,#2604);
#1575=LINE('',#11472,#2605);
#1576=LINE('',#11473,#2606);
#1577=LINE('',#11474,#2607);
#1578=LINE('',#11476,#2608);
#1579=LINE('',#11479,#2609);
#1580=LINE('',#11480,#2610);
#1581=LINE('',#11483,#2611);
#1582=LINE('',#11486,#2612);
#1583=LINE('',#11490,#2613);
#1584=LINE('',#11493,#2614);
#1585=LINE('',#11498,#2615);
#1586=LINE('',#11500,#2616);
#1587=LINE('',#11502,#2617);
#1588=LINE('',#11503,#2618);
#1589=LINE('',#11506,#2619);
#1590=LINE('',#11508,#2620);
#1591=LINE('',#11509,#2621);
#1592=LINE('',#11512,#2622);
#1593=LINE('',#11514,#2623);
#1594=LINE('',#11515,#2624);
#1595=LINE('',#11517,#2625);
#1596=LINE('',#11518,#2626);
#1597=LINE('',#11521,#2627);
#1598=LINE('',#11525,#2628);
#1599=LINE('',#11527,#2629);
#1600=LINE('',#11529,#2630);
#1601=LINE('',#11532,#2631);
#1602=LINE('',#11535,#2632);
#1603=LINE('',#11536,#2633);
#1604=LINE('',#11541,#2634);
#1605=LINE('',#11543,#2635);
#1606=LINE('',#11545,#2636);
#1607=LINE('',#11546,#2637);
#1608=LINE('',#11548,#2638);
#1609=LINE('',#11550,#2639);
#1610=LINE('',#11551,#2640);
#1611=LINE('',#11554,#2641);
#1612=LINE('',#11555,#2642);
#1613=LINE('',#11556,#2643);
#1614=LINE('',#11558,#2644);
#1615=LINE('',#11561,#2645);
#1616=LINE('',#11562,#2646);
#1617=LINE('',#11565,#2647);
#1618=LINE('',#11568,#2648);
#1619=LINE('',#11572,#2649);
#1620=LINE('',#11575,#2650);
#1621=LINE('',#11580,#2651);
#1622=LINE('',#11582,#2652);
#1623=LINE('',#11584,#2653);
#1624=LINE('',#11585,#2654);
#1625=LINE('',#11588,#2655);
#1626=LINE('',#11590,#2656);
#1627=LINE('',#11591,#2657);
#1628=LINE('',#11594,#2658);
#1629=LINE('',#11596,#2659);
#1630=LINE('',#11597,#2660);
#1631=LINE('',#11599,#2661);
#1632=LINE('',#11600,#2662);
#1633=LINE('',#11603,#2663);
#1634=LINE('',#11607,#2664);
#1635=LINE('',#11609,#2665);
#1636=LINE('',#11611,#2666);
#1637=LINE('',#11614,#2667);
#1638=LINE('',#11617,#2668);
#1639=LINE('',#11618,#2669);
#1640=LINE('',#11623,#2670);
#1641=LINE('',#11625,#2671);
#1642=LINE('',#11627,#2672);
#1643=LINE('',#11628,#2673);
#1644=LINE('',#11630,#2674);
#1645=LINE('',#11632,#2675);
#1646=LINE('',#11633,#2676);
#1647=LINE('',#11636,#2677);
#1648=LINE('',#11637,#2678);
#1649=LINE('',#11638,#2679);
#1650=LINE('',#11640,#2680);
#1651=LINE('',#11643,#2681);
#1652=LINE('',#11644,#2682);
#1653=LINE('',#11647,#2683);
#1654=LINE('',#11650,#2684);
#1655=LINE('',#11654,#2685);
#1656=LINE('',#11657,#2686);
#1657=LINE('',#11662,#2687);
#1658=LINE('',#11664,#2688);
#1659=LINE('',#11666,#2689);
#1660=LINE('',#11667,#2690);
#1661=LINE('',#11670,#2691);
#1662=LINE('',#11672,#2692);
#1663=LINE('',#11673,#2693);
#1664=LINE('',#11676,#2694);
#1665=LINE('',#11678,#2695);
#1666=LINE('',#11679,#2696);
#1667=LINE('',#11681,#2697);
#1668=LINE('',#11682,#2698);
#1669=LINE('',#11685,#2699);
#1670=LINE('',#11689,#2700);
#1671=LINE('',#11691,#2701);
#1672=LINE('',#11693,#2702);
#1673=LINE('',#11696,#2703);
#1674=LINE('',#11699,#2704);
#1675=LINE('',#11700,#2705);
#1676=LINE('',#11705,#2706);
#1677=LINE('',#11707,#2707);
#1678=LINE('',#11709,#2708);
#1679=LINE('',#11710,#2709);
#1680=LINE('',#11712,#2710);
#1681=LINE('',#11714,#2711);
#1682=LINE('',#11715,#2712);
#1683=LINE('',#11718,#2713);
#1684=LINE('',#11719,#2714);
#1685=LINE('',#11720,#2715);
#1686=LINE('',#11722,#2716);
#1687=LINE('',#11725,#2717);
#1688=LINE('',#11726,#2718);
#1689=LINE('',#11729,#2719);
#1690=LINE('',#11732,#2720);
#1691=LINE('',#11736,#2721);
#1692=LINE('',#11739,#2722);
#1693=LINE('',#11744,#2723);
#1694=LINE('',#11746,#2724);
#1695=LINE('',#11748,#2725);
#1696=LINE('',#11749,#2726);
#1697=LINE('',#11752,#2727);
#1698=LINE('',#11754,#2728);
#1699=LINE('',#11755,#2729);
#1700=LINE('',#11758,#2730);
#1701=LINE('',#11760,#2731);
#1702=LINE('',#11761,#2732);
#1703=LINE('',#11763,#2733);
#1704=LINE('',#11764,#2734);
#1705=LINE('',#11767,#2735);
#1706=LINE('',#11771,#2736);
#1707=LINE('',#11773,#2737);
#1708=LINE('',#11775,#2738);
#1709=LINE('',#11778,#2739);
#1710=LINE('',#11781,#2740);
#1711=LINE('',#11782,#2741);
#1712=LINE('',#11787,#2742);
#1713=LINE('',#11789,#2743);
#1714=LINE('',#11791,#2744);
#1715=LINE('',#11792,#2745);
#1716=LINE('',#11794,#2746);
#1717=LINE('',#11796,#2747);
#1718=LINE('',#11797,#2748);
#1719=LINE('',#11800,#2749);
#1720=LINE('',#11801,#2750);
#1721=LINE('',#11802,#2751);
#1722=LINE('',#11804,#2752);
#1723=LINE('',#11807,#2753);
#1724=LINE('',#11808,#2754);
#1725=LINE('',#11811,#2755);
#1726=LINE('',#11814,#2756);
#1727=LINE('',#11818,#2757);
#1728=LINE('',#11821,#2758);
#1729=LINE('',#11826,#2759);
#1730=LINE('',#11828,#2760);
#1731=LINE('',#11830,#2761);
#1732=LINE('',#11831,#2762);
#1733=LINE('',#11834,#2763);
#1734=LINE('',#11836,#2764);
#1735=LINE('',#11837,#2765);
#1736=LINE('',#11840,#2766);
#1737=LINE('',#11842,#2767);
#1738=LINE('',#11843,#2768);
#1739=LINE('',#11845,#2769);
#1740=LINE('',#11846,#2770);
#1741=LINE('',#11849,#2771);
#1742=LINE('',#11853,#2772);
#1743=LINE('',#11855,#2773);
#1744=LINE('',#11857,#2774);
#1745=LINE('',#11860,#2775);
#1746=LINE('',#11863,#2776);
#1747=LINE('',#11864,#2777);
#1748=LINE('',#11869,#2778);
#1749=LINE('',#11871,#2779);
#1750=LINE('',#11873,#2780);
#1751=LINE('',#11874,#2781);
#1752=LINE('',#11876,#2782);
#1753=LINE('',#11878,#2783);
#1754=LINE('',#11879,#2784);
#1755=LINE('',#11882,#2785);
#1756=LINE('',#11883,#2786);
#1757=LINE('',#11884,#2787);
#1758=LINE('',#11886,#2788);
#1759=LINE('',#11889,#2789);
#1760=LINE('',#11890,#2790);
#1761=LINE('',#11893,#2791);
#1762=LINE('',#11896,#2792);
#1763=LINE('',#11900,#2793);
#1764=LINE('',#11903,#2794);
#1765=LINE('',#11908,#2795);
#1766=LINE('',#11910,#2796);
#1767=LINE('',#11912,#2797);
#1768=LINE('',#11913,#2798);
#1769=LINE('',#11916,#2799);
#1770=LINE('',#11918,#2800);
#1771=LINE('',#11919,#2801);
#1772=LINE('',#11922,#2802);
#1773=LINE('',#11924,#2803);
#1774=LINE('',#11925,#2804);
#1775=LINE('',#11927,#2805);
#1776=LINE('',#11928,#2806);
#1777=LINE('',#11931,#2807);
#1778=LINE('',#11935,#2808);
#1779=LINE('',#11937,#2809);
#1780=LINE('',#11939,#2810);
#1781=LINE('',#11942,#2811);
#1782=LINE('',#11945,#2812);
#1783=LINE('',#11946,#2813);
#1784=LINE('',#11951,#2814);
#1785=LINE('',#11953,#2815);
#1786=LINE('',#11955,#2816);
#1787=LINE('',#11956,#2817);
#1788=LINE('',#11958,#2818);
#1789=LINE('',#11960,#2819);
#1790=LINE('',#11961,#2820);
#1791=LINE('',#11964,#2821);
#1792=LINE('',#11965,#2822);
#1793=LINE('',#11966,#2823);
#1794=LINE('',#11968,#2824);
#1795=LINE('',#11971,#2825);
#1796=LINE('',#11972,#2826);
#1797=LINE('',#11975,#2827);
#1798=LINE('',#11978,#2828);
#1799=LINE('',#11982,#2829);
#1800=LINE('',#11985,#2830);
#1801=LINE('',#11990,#2831);
#1802=LINE('',#11992,#2832);
#1803=LINE('',#11994,#2833);
#1804=LINE('',#11995,#2834);
#1805=LINE('',#11998,#2835);
#1806=LINE('',#12000,#2836);
#1807=LINE('',#12001,#2837);
#1808=LINE('',#12004,#2838);
#1809=LINE('',#12006,#2839);
#1810=LINE('',#12007,#2840);
#1811=LINE('',#12009,#2841);
#1812=LINE('',#12010,#2842);
#1813=LINE('',#12013,#2843);
#1814=LINE('',#12017,#2844);
#1815=LINE('',#12019,#2845);
#1816=LINE('',#12021,#2846);
#1817=LINE('',#12024,#2847);
#1818=LINE('',#12027,#2848);
#1819=LINE('',#12028,#2849);
#1820=LINE('',#12033,#2850);
#1821=LINE('',#12035,#2851);
#1822=LINE('',#12037,#2852);
#1823=LINE('',#12038,#2853);
#1824=LINE('',#12040,#2854);
#1825=LINE('',#12042,#2855);
#1826=LINE('',#12043,#2856);
#1827=LINE('',#12046,#2857);
#1828=LINE('',#12047,#2858);
#1829=LINE('',#12048,#2859);
#1830=LINE('',#12050,#2860);
#1831=LINE('',#12053,#2861);
#1832=LINE('',#12054,#2862);
#1833=LINE('',#12057,#2863);
#1834=LINE('',#12060,#2864);
#1835=LINE('',#12064,#2865);
#1836=LINE('',#12067,#2866);
#1837=LINE('',#12072,#2867);
#1838=LINE('',#12074,#2868);
#1839=LINE('',#12076,#2869);
#1840=LINE('',#12077,#2870);
#1841=LINE('',#12080,#2871);
#1842=LINE('',#12082,#2872);
#1843=LINE('',#12083,#2873);
#1844=LINE('',#12086,#2874);
#1845=LINE('',#12088,#2875);
#1846=LINE('',#12089,#2876);
#1847=LINE('',#12091,#2877);
#1848=LINE('',#12092,#2878);
#1849=LINE('',#12095,#2879);
#1850=LINE('',#12099,#2880);
#1851=LINE('',#12101,#2881);
#1852=LINE('',#12103,#2882);
#1853=LINE('',#12106,#2883);
#1854=LINE('',#12109,#2884);
#1855=LINE('',#12110,#2885);
#1856=LINE('',#12115,#2886);
#1857=LINE('',#12117,#2887);
#1858=LINE('',#12119,#2888);
#1859=LINE('',#12120,#2889);
#1860=LINE('',#12122,#2890);
#1861=LINE('',#12124,#2891);
#1862=LINE('',#12125,#2892);
#1863=LINE('',#12128,#2893);
#1864=LINE('',#12129,#2894);
#1865=LINE('',#12130,#2895);
#1866=LINE('',#12132,#2896);
#1867=LINE('',#12135,#2897);
#1868=LINE('',#12136,#2898);
#1869=LINE('',#12139,#2899);
#1870=LINE('',#12142,#2900);
#1871=LINE('',#12146,#2901);
#1872=LINE('',#12149,#2902);
#1873=LINE('',#12154,#2903);
#1874=LINE('',#12156,#2904);
#1875=LINE('',#12158,#2905);
#1876=LINE('',#12159,#2906);
#1877=LINE('',#12162,#2907);
#1878=LINE('',#12164,#2908);
#1879=LINE('',#12165,#2909);
#1880=LINE('',#12168,#2910);
#1881=LINE('',#12170,#2911);
#1882=LINE('',#12171,#2912);
#1883=LINE('',#12173,#2913);
#1884=LINE('',#12174,#2914);
#1885=LINE('',#12177,#2915);
#1886=LINE('',#12181,#2916);
#1887=LINE('',#12183,#2917);
#1888=LINE('',#12185,#2918);
#1889=LINE('',#12188,#2919);
#1890=LINE('',#12191,#2920);
#1891=LINE('',#12192,#2921);
#1892=LINE('',#12197,#2922);
#1893=LINE('',#12199,#2923);
#1894=LINE('',#12201,#2924);
#1895=LINE('',#12202,#2925);
#1896=LINE('',#12204,#2926);
#1897=LINE('',#12206,#2927);
#1898=LINE('',#12207,#2928);
#1899=LINE('',#12210,#2929);
#1900=LINE('',#12211,#2930);
#1901=LINE('',#12212,#2931);
#1902=LINE('',#12214,#2932);
#1903=LINE('',#12217,#2933);
#1904=LINE('',#12218,#2934);
#1905=LINE('',#12221,#2935);
#1906=LINE('',#12224,#2936);
#1907=LINE('',#12228,#2937);
#1908=LINE('',#12231,#2938);
#1909=LINE('',#12236,#2939);
#1910=LINE('',#12238,#2940);
#1911=LINE('',#12240,#2941);
#1912=LINE('',#12241,#2942);
#1913=LINE('',#12244,#2943);
#1914=LINE('',#12246,#2944);
#1915=LINE('',#12247,#2945);
#1916=LINE('',#12250,#2946);
#1917=LINE('',#12252,#2947);
#1918=LINE('',#12253,#2948);
#1919=LINE('',#12255,#2949);
#1920=LINE('',#12256,#2950);
#1921=LINE('',#12259,#2951);
#1922=LINE('',#12263,#2952);
#1923=LINE('',#12265,#2953);
#1924=LINE('',#12267,#2954);
#1925=LINE('',#12270,#2955);
#1926=LINE('',#12273,#2956);
#1927=LINE('',#12274,#2957);
#1928=LINE('',#12279,#2958);
#1929=LINE('',#12281,#2959);
#1930=LINE('',#12283,#2960);
#1931=LINE('',#12284,#2961);
#1932=LINE('',#12286,#2962);
#1933=LINE('',#12288,#2963);
#1934=LINE('',#12289,#2964);
#1935=LINE('',#12292,#2965);
#1936=LINE('',#12293,#2966);
#1937=LINE('',#12294,#2967);
#1938=LINE('',#12296,#2968);
#1939=LINE('',#12299,#2969);
#1940=LINE('',#12300,#2970);
#1941=LINE('',#12303,#2971);
#1942=LINE('',#12306,#2972);
#1943=LINE('',#12310,#2973);
#1944=LINE('',#12313,#2974);
#1945=LINE('',#12318,#2975);
#1946=LINE('',#12320,#2976);
#1947=LINE('',#12322,#2977);
#1948=LINE('',#12323,#2978);
#1949=LINE('',#12326,#2979);
#1950=LINE('',#12328,#2980);
#1951=LINE('',#12329,#2981);
#1952=LINE('',#12332,#2982);
#1953=LINE('',#12334,#2983);
#1954=LINE('',#12335,#2984);
#1955=LINE('',#12337,#2985);
#1956=LINE('',#12338,#2986);
#1957=LINE('',#12341,#2987);
#1958=LINE('',#12345,#2988);
#1959=LINE('',#12347,#2989);
#1960=LINE('',#12349,#2990);
#1961=LINE('',#12352,#2991);
#1962=LINE('',#12355,#2992);
#1963=LINE('',#12356,#2993);
#1964=LINE('',#12361,#2994);
#1965=LINE('',#12363,#2995);
#1966=LINE('',#12365,#2996);
#1967=LINE('',#12366,#2997);
#1968=LINE('',#12368,#2998);
#1969=LINE('',#12370,#2999);
#1970=LINE('',#12371,#3000);
#1971=LINE('',#12374,#3001);
#1972=LINE('',#12375,#3002);
#1973=LINE('',#12376,#3003);
#1974=LINE('',#12378,#3004);
#1975=LINE('',#12381,#3005);
#1976=LINE('',#12382,#3006);
#1977=LINE('',#12385,#3007);
#1978=LINE('',#12388,#3008);
#1979=LINE('',#12392,#3009);
#1980=LINE('',#12395,#3010);
#1981=LINE('',#12400,#3011);
#1982=LINE('',#12402,#3012);
#1983=LINE('',#12404,#3013);
#1984=LINE('',#12405,#3014);
#1985=LINE('',#12408,#3015);
#1986=LINE('',#12410,#3016);
#1987=LINE('',#12411,#3017);
#1988=LINE('',#12414,#3018);
#1989=LINE('',#12416,#3019);
#1990=LINE('',#12417,#3020);
#1991=LINE('',#12419,#3021);
#1992=LINE('',#12420,#3022);
#1993=LINE('',#12423,#3023);
#1994=LINE('',#12427,#3024);
#1995=LINE('',#12429,#3025);
#1996=LINE('',#12431,#3026);
#1997=LINE('',#12434,#3027);
#1998=LINE('',#12437,#3028);
#1999=LINE('',#12438,#3029);
#2000=LINE('',#12443,#3030);
#2001=LINE('',#12445,#3031);
#2002=LINE('',#12447,#3032);
#2003=LINE('',#12448,#3033);
#2004=LINE('',#12450,#3034);
#2005=LINE('',#12452,#3035);
#2006=LINE('',#12453,#3036);
#2007=LINE('',#12456,#3037);
#2008=LINE('',#12457,#3038);
#2009=LINE('',#12458,#3039);
#2010=LINE('',#12460,#3040);
#2011=LINE('',#12463,#3041);
#2012=LINE('',#12464,#3042);
#2013=LINE('',#12467,#3043);
#2014=LINE('',#12470,#3044);
#2015=LINE('',#12474,#3045);
#2016=LINE('',#12477,#3046);
#2017=LINE('',#12482,#3047);
#2018=LINE('',#12484,#3048);
#2019=LINE('',#12486,#3049);
#2020=LINE('',#12487,#3050);
#2021=LINE('',#12490,#3051);
#2022=LINE('',#12492,#3052);
#2023=LINE('',#12493,#3053);
#2024=LINE('',#12496,#3054);
#2025=LINE('',#12498,#3055);
#2026=LINE('',#12499,#3056);
#2027=LINE('',#12501,#3057);
#2028=LINE('',#12502,#3058);
#2029=LINE('',#12505,#3059);
#2030=LINE('',#12509,#3060);
#2031=LINE('',#12511,#3061);
#2032=LINE('',#12513,#3062);
#2033=LINE('',#12516,#3063);
#2034=LINE('',#12519,#3064);
#2035=LINE('',#12520,#3065);
#2036=LINE('',#12525,#3066);
#2037=LINE('',#12527,#3067);
#2038=LINE('',#12529,#3068);
#2039=LINE('',#12530,#3069);
#2040=LINE('',#12532,#3070);
#2041=LINE('',#12534,#3071);
#2042=LINE('',#12535,#3072);
#2043=LINE('',#12538,#3073);
#2044=LINE('',#12539,#3074);
#2045=LINE('',#12540,#3075);
#2046=LINE('',#12542,#3076);
#2047=LINE('',#12545,#3077);
#2048=LINE('',#12546,#3078);
#2049=LINE('',#12549,#3079);
#2050=LINE('',#12552,#3080);
#2051=LINE('',#12556,#3081);
#2052=LINE('',#12559,#3082);
#2053=LINE('',#12564,#3083);
#2054=LINE('',#12566,#3084);
#2055=LINE('',#12568,#3085);
#2056=LINE('',#12569,#3086);
#2057=LINE('',#12572,#3087);
#2058=LINE('',#12574,#3088);
#2059=LINE('',#12575,#3089);
#2060=LINE('',#12578,#3090);
#2061=LINE('',#12580,#3091);
#2062=LINE('',#12581,#3092);
#2063=LINE('',#12583,#3093);
#2064=LINE('',#12584,#3094);
#2065=LINE('',#12587,#3095);
#2066=LINE('',#12591,#3096);
#2067=LINE('',#12593,#3097);
#2068=LINE('',#12595,#3098);
#2069=LINE('',#12598,#3099);
#2070=LINE('',#12601,#3100);
#2071=LINE('',#12602,#3101);
#2072=LINE('',#12607,#3102);
#2073=LINE('',#12609,#3103);
#2074=LINE('',#12611,#3104);
#2075=LINE('',#12612,#3105);
#2076=LINE('',#12614,#3106);
#2077=LINE('',#12616,#3107);
#2078=LINE('',#12617,#3108);
#2079=LINE('',#12620,#3109);
#2080=LINE('',#12621,#3110);
#2081=LINE('',#12622,#3111);
#2082=LINE('',#12624,#3112);
#2083=LINE('',#12627,#3113);
#2084=LINE('',#12628,#3114);
#2085=LINE('',#12631,#3115);
#2086=LINE('',#12634,#3116);
#2087=LINE('',#12638,#3117);
#2088=LINE('',#12641,#3118);
#2089=VECTOR('',#8422,10.);
#2090=VECTOR('',#8423,10.);
#2091=VECTOR('',#8424,10.);
#2092=VECTOR('',#8425,10.);
#2093=VECTOR('',#8428,10.);
#2094=VECTOR('',#8429,10.);
#2095=VECTOR('',#8430,10.);
#2096=VECTOR('',#8433,10.);
#2097=VECTOR('',#8434,10.);
#2098=VECTOR('',#8435,10.);
#2099=VECTOR('',#8438,10.);
#2100=VECTOR('',#8439,10.);
#2101=VECTOR('',#8440,10.);
#2102=VECTOR('',#8441,10.);
#2103=VECTOR('',#8444,10.);
#2104=VECTOR('',#8445,10.);
#2105=VECTOR('',#8446,10.);
#2106=VECTOR('',#8449,10.);
#2107=VECTOR('',#8450,10.);
#2108=VECTOR('',#8451,10.);
#2109=VECTOR('',#8454,10.);
#2110=VECTOR('',#8455,10.);
#2111=VECTOR('',#8456,10.);
#2112=VECTOR('',#8457,10.);
#2113=VECTOR('',#8458,10.);
#2114=VECTOR('',#8459,10.);
#2115=VECTOR('',#8460,10.);
#2116=VECTOR('',#8463,10.);
#2117=VECTOR('',#8464,10.);
#2118=VECTOR('',#8465,10.);
#2119=VECTOR('',#8466,10.);
#2120=VECTOR('',#8469,10.);
#2121=VECTOR('',#8470,10.);
#2122=VECTOR('',#8471,10.);
#2123=VECTOR('',#8472,10.);
#2124=VECTOR('',#8473,10.);
#2125=VECTOR('',#8476,10.);
#2126=VECTOR('',#8477,10.);
#2127=VECTOR('',#8478,10.);
#2128=VECTOR('',#8479,10.);
#2129=VECTOR('',#8480,10.);
#2130=VECTOR('',#8481,10.);
#2131=VECTOR('',#8484,10.);
#2132=VECTOR('',#8485,10.);
#2133=VECTOR('',#8486,10.);
#2134=VECTOR('',#8489,10.);
#2135=VECTOR('',#8490,10.);
#2136=VECTOR('',#8491,10.);
#2137=VECTOR('',#8492,10.);
#2138=VECTOR('',#8493,10.);
#2139=VECTOR('',#8494,10.);
#2140=VECTOR('',#8497,10.);
#2141=VECTOR('',#8498,10.);
#2142=VECTOR('',#8499,10.);
#2143=VECTOR('',#8502,10.);
#2144=VECTOR('',#8503,10.);
#2145=VECTOR('',#8504,10.);
#2146=VECTOR('',#8505,10.);
#2147=VECTOR('',#8506,10.);
#2148=VECTOR('',#8509,10.);
#2149=VECTOR('',#8510,10.);
#2150=VECTOR('',#8511,10.);
#2151=VECTOR('',#8512,10.);
#2152=VECTOR('',#8513,10.);
#2153=VECTOR('',#8516,10.);
#2154=VECTOR('',#8517,10.);
#2155=VECTOR('',#8518,10.);
#2156=VECTOR('',#8519,10.);
#2157=VECTOR('',#8520,10.);
#2158=VECTOR('',#8521,10.);
#2159=VECTOR('',#8522,10.);
#2160=VECTOR('',#8523,10.);
#2161=VECTOR('',#8526,10.);
#2162=VECTOR('',#8527,10.);
#2163=VECTOR('',#8528,10.);
#2164=VECTOR('',#8529,10.);
#2165=VECTOR('',#8530,10.);
#2166=VECTOR('',#8531,10.);
#2167=VECTOR('',#8532,10.);
#2168=VECTOR('',#8533,10.);
#2169=VECTOR('',#8534,10.);
#2170=VECTOR('',#8535,10.);
#2171=VECTOR('',#8536,10.);
#2172=VECTOR('',#8537,10.);
#2173=VECTOR('',#8538,10.);
#2174=VECTOR('',#8539,10.);
#2175=VECTOR('',#8540,10.);
#2176=VECTOR('',#8541,10.);
#2177=VECTOR('',#8542,10.);
#2178=VECTOR('',#8543,10.);
#2179=VECTOR('',#8544,10.);
#2180=VECTOR('',#8545,10.);
#2181=VECTOR('',#8546,10.);
#2182=VECTOR('',#8547,10.);
#2183=VECTOR('',#8548,10.);
#2184=VECTOR('',#8549,10.);
#2185=VECTOR('',#8550,10.);
#2186=VECTOR('',#8551,10.);
#2187=VECTOR('',#8552,10.);
#2188=VECTOR('',#8553,10.);
#2189=VECTOR('',#8554,10.);
#2190=VECTOR('',#8555,10.);
#2191=VECTOR('',#8556,10.);
#2192=VECTOR('',#8557,10.);
#2193=VECTOR('',#8558,10.);
#2194=VECTOR('',#8559,10.);
#2195=VECTOR('',#8560,10.);
#2196=VECTOR('',#8561,10.);
#2197=VECTOR('',#8562,10.);
#2198=VECTOR('',#8563,10.);
#2199=VECTOR('',#8564,10.);
#2200=VECTOR('',#8565,10.);
#2201=VECTOR('',#8566,10.);
#2202=VECTOR('',#8567,10.);
#2203=VECTOR('',#8568,10.);
#2204=VECTOR('',#8569,10.);
#2205=VECTOR('',#8570,10.);
#2206=VECTOR('',#8571,10.);
#2207=VECTOR('',#8572,10.);
#2208=VECTOR('',#8573,10.);
#2209=VECTOR('',#8574,10.);
#2210=VECTOR('',#8575,10.);
#2211=VECTOR('',#8576,10.);
#2212=VECTOR('',#8577,10.);
#2213=VECTOR('',#8578,10.);
#2214=VECTOR('',#8579,10.);
#2215=VECTOR('',#8580,10.);
#2216=VECTOR('',#8581,10.);
#2217=VECTOR('',#8582,10.);
#2218=VECTOR('',#8583,10.);
#2219=VECTOR('',#8584,10.);
#2220=VECTOR('',#8585,10.);
#2221=VECTOR('',#8586,10.);
#2222=VECTOR('',#8587,10.);
#2223=VECTOR('',#8588,10.);
#2224=VECTOR('',#8589,10.);
#2225=VECTOR('',#8592,10.);
#2226=VECTOR('',#8593,10.);
#2227=VECTOR('',#8594,10.);
#2228=VECTOR('',#8595,10.);
#2229=VECTOR('',#8598,10.);
#2230=VECTOR('',#8599,10.);
#2231=VECTOR('',#8600,10.);
#2232=VECTOR('',#8603,10.);
#2233=VECTOR('',#8604,10.);
#2234=VECTOR('',#8605,10.);
#2235=VECTOR('',#8606,10.);
#2236=VECTOR('',#8609,10.);
#2237=VECTOR('',#8610,10.);
#2238=VECTOR('',#8613,10.);
#2239=VECTOR('',#8614,10.);
#2240=VECTOR('',#8617,10.);
#2241=VECTOR('',#8618,10.);
#2242=VECTOR('',#8621,10.);
#2243=VECTOR('',#8624,10.);
#2244=VECTOR('',#8625,10.);
#2245=VECTOR('',#8626,10.);
#2246=VECTOR('',#8627,10.);
#2247=VECTOR('',#8628,10.);
#2248=VECTOR('',#8631,10.);
#2249=VECTOR('',#8632,10.);
#2250=VECTOR('',#8633,10.);
#2251=VECTOR('',#8636,10.);
#2252=VECTOR('',#8637,10.);
#2253=VECTOR('',#8640,10.);
#2254=VECTOR('',#8641,10.);
#2255=VECTOR('',#8642,10.);
#2256=VECTOR('',#8643,10.);
#2257=VECTOR('',#8646,10.);
#2258=VECTOR('',#8647,10.);
#2259=VECTOR('',#8648,10.);
#2260=VECTOR('',#8649,10.);
#2261=VECTOR('',#8650,10.);
#2262=VECTOR('',#8651,10.);
#2263=VECTOR('',#8652,10.);
#2264=VECTOR('',#8655,10.);
#2265=VECTOR('',#8658,10.);
#2266=VECTOR('',#8659,10.);
#2267=VECTOR('',#8660,10.);
#2268=VECTOR('',#8661,10.);
#2269=VECTOR('',#8664,10.);
#2270=VECTOR('',#8665,10.);
#2271=VECTOR('',#8666,10.);
#2272=VECTOR('',#8667,10.);
#2273=VECTOR('',#8670,10.);
#2274=VECTOR('',#8671,10.);
#2275=VECTOR('',#8672,10.);
#2276=VECTOR('',#8675,10.);
#2277=VECTOR('',#8676,10.);
#2278=VECTOR('',#8679,10.);
#2279=VECTOR('',#8680,10.);
#2280=VECTOR('',#8681,10.);
#2281=VECTOR('',#8684,10.);
#2282=VECTOR('',#8685,10.);
#2283=VECTOR('',#8688,10.);
#2284=VECTOR('',#8691,10.);
#2285=VECTOR('',#8692,10.);
#2286=VECTOR('',#8695,10.);
#2287=VECTOR('',#8696,10.);
#2288=VECTOR('',#8697,10.);
#2289=VECTOR('',#8700,10.);
#2290=VECTOR('',#8701,10.);
#2291=VECTOR('',#8704,10.);
#2292=VECTOR('',#8705,10.);
#2293=VECTOR('',#8708,10.);
#2294=VECTOR('',#8711,10.);
#2295=VECTOR('',#8712,10.);
#2296=VECTOR('',#8713,10.);
#2297=VECTOR('',#8716,10.);
#2298=VECTOR('',#8717,10.);
#2299=VECTOR('',#8718,10.);
#2300=VECTOR('',#8719,10.);
#2301=VECTOR('',#8720,10.);
#2302=VECTOR('',#8721,10.);
#2303=VECTOR('',#8724,10.);
#2304=VECTOR('',#8727,10.);
#2305=VECTOR('',#8728,10.);
#2306=VECTOR('',#8731,10.);
#2307=VECTOR('',#8732,10.);
#2308=VECTOR('',#8733,10.);
#2309=VECTOR('',#8736,10.);
#2310=VECTOR('',#8737,10.);
#2311=VECTOR('',#8740,10.);
#2312=VECTOR('',#8741,10.);
#2313=VECTOR('',#8744,10.);
#2314=VECTOR('',#8747,10.);
#2315=VECTOR('',#8748,10.);
#2316=VECTOR('',#8749,10.);
#2317=VECTOR('',#8752,10.);
#2318=VECTOR('',#8753,10.);
#2319=VECTOR('',#8754,10.);
#2320=VECTOR('',#8755,10.);
#2321=VECTOR('',#8756,10.);
#2322=VECTOR('',#8757,10.);
#2323=VECTOR('',#8760,10.);
#2324=VECTOR('',#8763,10.);
#2325=VECTOR('',#8764,10.);
#2326=VECTOR('',#8767,10.);
#2327=VECTOR('',#8768,10.);
#2328=VECTOR('',#8769,10.);
#2329=VECTOR('',#8772,10.);
#2330=VECTOR('',#8773,10.);
#2331=VECTOR('',#8776,10.);
#2332=VECTOR('',#8777,10.);
#2333=VECTOR('',#8780,10.);
#2334=VECTOR('',#8783,10.);
#2335=VECTOR('',#8784,10.);
#2336=VECTOR('',#8785,10.);
#2337=VECTOR('',#8788,10.);
#2338=VECTOR('',#8789,10.);
#2339=VECTOR('',#8790,10.);
#2340=VECTOR('',#8791,10.);
#2341=VECTOR('',#8792,10.);
#2342=VECTOR('',#8793,10.);
#2343=VECTOR('',#8796,10.);
#2344=VECTOR('',#8799,10.);
#2345=VECTOR('',#8800,10.);
#2346=VECTOR('',#8803,10.);
#2347=VECTOR('',#8804,10.);
#2348=VECTOR('',#8805,10.);
#2349=VECTOR('',#8808,10.);
#2350=VECTOR('',#8809,10.);
#2351=VECTOR('',#8812,10.);
#2352=VECTOR('',#8813,10.);
#2353=VECTOR('',#8816,10.);
#2354=VECTOR('',#8819,10.);
#2355=VECTOR('',#8820,10.);
#2356=VECTOR('',#8821,10.);
#2357=VECTOR('',#8824,10.);
#2358=VECTOR('',#8825,10.);
#2359=VECTOR('',#8826,10.);
#2360=VECTOR('',#8827,10.);
#2361=VECTOR('',#8828,10.);
#2362=VECTOR('',#8829,10.);
#2363=VECTOR('',#8832,10.);
#2364=VECTOR('',#8835,10.);
#2365=VECTOR('',#8836,10.);
#2366=VECTOR('',#8839,10.);
#2367=VECTOR('',#8840,10.);
#2368=VECTOR('',#8841,10.);
#2369=VECTOR('',#8844,10.);
#2370=VECTOR('',#8845,10.);
#2371=VECTOR('',#8848,10.);
#2372=VECTOR('',#8849,10.);
#2373=VECTOR('',#8852,10.);
#2374=VECTOR('',#8855,10.);
#2375=VECTOR('',#8856,10.);
#2376=VECTOR('',#8857,10.);
#2377=VECTOR('',#8860,10.);
#2378=VECTOR('',#8861,10.);
#2379=VECTOR('',#8862,10.);
#2380=VECTOR('',#8863,10.);
#2381=VECTOR('',#8864,10.);
#2382=VECTOR('',#8865,10.);
#2383=VECTOR('',#8868,10.);
#2384=VECTOR('',#8871,10.);
#2385=VECTOR('',#8872,10.);
#2386=VECTOR('',#8875,10.);
#2387=VECTOR('',#8876,10.);
#2388=VECTOR('',#8877,10.);
#2389=VECTOR('',#8880,10.);
#2390=VECTOR('',#8881,10.);
#2391=VECTOR('',#8884,10.);
#2392=VECTOR('',#8885,10.);
#2393=VECTOR('',#8888,10.);
#2394=VECTOR('',#8891,10.);
#2395=VECTOR('',#8892,10.);
#2396=VECTOR('',#8893,10.);
#2397=VECTOR('',#8896,10.);
#2398=VECTOR('',#8897,10.);
#2399=VECTOR('',#8898,10.);
#2400=VECTOR('',#8899,10.);
#2401=VECTOR('',#8900,10.);
#2402=VECTOR('',#8901,10.);
#2403=VECTOR('',#8904,10.);
#2404=VECTOR('',#8907,10.);
#2405=VECTOR('',#8908,10.);
#2406=VECTOR('',#8911,10.);
#2407=VECTOR('',#8912,10.);
#2408=VECTOR('',#8913,10.);
#2409=VECTOR('',#8916,10.);
#2410=VECTOR('',#8917,10.);
#2411=VECTOR('',#8920,10.);
#2412=VECTOR('',#8921,10.);
#2413=VECTOR('',#8924,10.);
#2414=VECTOR('',#8927,10.);
#2415=VECTOR('',#8928,10.);
#2416=VECTOR('',#8929,10.);
#2417=VECTOR('',#8932,10.);
#2418=VECTOR('',#8933,10.);
#2419=VECTOR('',#8934,10.);
#2420=VECTOR('',#8935,10.);
#2421=VECTOR('',#8936,10.);
#2422=VECTOR('',#8937,10.);
#2423=VECTOR('',#8940,10.);
#2424=VECTOR('',#8943,10.);
#2425=VECTOR('',#8944,10.);
#2426=VECTOR('',#8947,10.);
#2427=VECTOR('',#8948,10.);
#2428=VECTOR('',#8949,10.);
#2429=VECTOR('',#8952,10.);
#2430=VECTOR('',#8953,10.);
#2431=VECTOR('',#8956,10.);
#2432=VECTOR('',#8957,10.);
#2433=VECTOR('',#8960,10.);
#2434=VECTOR('',#8963,10.);
#2435=VECTOR('',#8964,10.);
#2436=VECTOR('',#8965,10.);
#2437=VECTOR('',#8968,10.);
#2438=VECTOR('',#8969,10.);
#2439=VECTOR('',#8970,10.);
#2440=VECTOR('',#8971,10.);
#2441=VECTOR('',#8972,10.);
#2442=VECTOR('',#8973,10.);
#2443=VECTOR('',#8976,10.);
#2444=VECTOR('',#8979,10.);
#2445=VECTOR('',#8980,10.);
#2446=VECTOR('',#8983,10.);
#2447=VECTOR('',#8984,10.);
#2448=VECTOR('',#8985,10.);
#2449=VECTOR('',#8988,10.);
#2450=VECTOR('',#8989,10.);
#2451=VECTOR('',#8992,10.);
#2452=VECTOR('',#8993,10.);
#2453=VECTOR('',#8996,10.);
#2454=VECTOR('',#8999,10.);
#2455=VECTOR('',#9000,10.);
#2456=VECTOR('',#9001,10.);
#2457=VECTOR('',#9004,10.);
#2458=VECTOR('',#9005,10.);
#2459=VECTOR('',#9006,10.);
#2460=VECTOR('',#9007,10.);
#2461=VECTOR('',#9008,10.);
#2462=VECTOR('',#9009,10.);
#2463=VECTOR('',#9012,10.);
#2464=VECTOR('',#9015,10.);
#2465=VECTOR('',#9016,10.);
#2466=VECTOR('',#9019,10.);
#2467=VECTOR('',#9020,10.);
#2468=VECTOR('',#9021,10.);
#2469=VECTOR('',#9024,10.);
#2470=VECTOR('',#9025,10.);
#2471=VECTOR('',#9028,10.);
#2472=VECTOR('',#9029,10.);
#2473=VECTOR('',#9032,10.);
#2474=VECTOR('',#9035,10.);
#2475=VECTOR('',#9036,10.);
#2476=VECTOR('',#9037,10.);
#2477=VECTOR('',#9040,10.);
#2478=VECTOR('',#9041,10.);
#2479=VECTOR('',#9042,10.);
#2480=VECTOR('',#9043,10.);
#2481=VECTOR('',#9044,10.);
#2482=VECTOR('',#9045,10.);
#2483=VECTOR('',#9048,10.);
#2484=VECTOR('',#9051,10.);
#2485=VECTOR('',#9052,10.);
#2486=VECTOR('',#9055,10.);
#2487=VECTOR('',#9056,10.);
#2488=VECTOR('',#9057,10.);
#2489=VECTOR('',#9060,10.);
#2490=VECTOR('',#9061,10.);
#2491=VECTOR('',#9064,10.);
#2492=VECTOR('',#9065,10.);
#2493=VECTOR('',#9068,10.);
#2494=VECTOR('',#9071,10.);
#2495=VECTOR('',#9072,10.);
#2496=VECTOR('',#9073,10.);
#2497=VECTOR('',#9076,10.);
#2498=VECTOR('',#9077,10.);
#2499=VECTOR('',#9078,10.);
#2500=VECTOR('',#9079,10.);
#2501=VECTOR('',#9080,10.);
#2502=VECTOR('',#9081,10.);
#2503=VECTOR('',#9084,10.);
#2504=VECTOR('',#9087,10.);
#2505=VECTOR('',#9088,10.);
#2506=VECTOR('',#9091,10.);
#2507=VECTOR('',#9092,10.);
#2508=VECTOR('',#9093,10.);
#2509=VECTOR('',#9096,10.);
#2510=VECTOR('',#9097,10.);
#2511=VECTOR('',#9100,10.);
#2512=VECTOR('',#9101,10.);
#2513=VECTOR('',#9104,10.);
#2514=VECTOR('',#9107,10.);
#2515=VECTOR('',#9108,10.);
#2516=VECTOR('',#9109,10.);
#2517=VECTOR('',#9112,10.);
#2518=VECTOR('',#9113,10.);
#2519=VECTOR('',#9114,10.);
#2520=VECTOR('',#9115,10.);
#2521=VECTOR('',#9116,10.);
#2522=VECTOR('',#9117,10.);
#2523=VECTOR('',#9120,10.);
#2524=VECTOR('',#9123,10.);
#2525=VECTOR('',#9124,10.);
#2526=VECTOR('',#9127,10.);
#2527=VECTOR('',#9128,10.);
#2528=VECTOR('',#9129,10.);
#2529=VECTOR('',#9132,10.);
#2530=VECTOR('',#9133,10.);
#2531=VECTOR('',#9136,10.);
#2532=VECTOR('',#9137,10.);
#2533=VECTOR('',#9140,10.);
#2534=VECTOR('',#9143,10.);
#2535=VECTOR('',#9144,10.);
#2536=VECTOR('',#9145,10.);
#2537=VECTOR('',#9148,10.);
#2538=VECTOR('',#9149,10.);
#2539=VECTOR('',#9150,10.);
#2540=VECTOR('',#9151,10.);
#2541=VECTOR('',#9152,10.);
#2542=VECTOR('',#9153,10.);
#2543=VECTOR('',#9156,10.);
#2544=VECTOR('',#9159,10.);
#2545=VECTOR('',#9160,10.);
#2546=VECTOR('',#9163,10.);
#2547=VECTOR('',#9164,10.);
#2548=VECTOR('',#9165,10.);
#2549=VECTOR('',#9168,10.);
#2550=VECTOR('',#9169,10.);
#2551=VECTOR('',#9172,10.);
#2552=VECTOR('',#9173,10.);
#2553=VECTOR('',#9176,10.);
#2554=VECTOR('',#9179,10.);
#2555=VECTOR('',#9182,10.);
#2556=VECTOR('',#9183,10.);
#2557=VECTOR('',#9186,10.);
#2558=VECTOR('',#9187,10.);
#2559=VECTOR('',#9188,10.);
#2560=VECTOR('',#9189,10.);
#2561=VECTOR('',#9192,10.);
#2562=VECTOR('',#9193,10.);
#2563=VECTOR('',#9194,10.);
#2564=VECTOR('',#9197,10.);
#2565=VECTOR('',#9198,10.);
#2566=VECTOR('',#9201,10.);
#2567=VECTOR('',#9202,10.);
#2568=VECTOR('',#9205,10.);
#2569=VECTOR('',#9208,10.);
#2570=VECTOR('',#9209,10.);
#2571=VECTOR('',#9214,10.);
#2572=VECTOR('',#9215,10.);
#2573=VECTOR('',#9218,10.);
#2574=VECTOR('',#9219,10.);
#2575=VECTOR('',#9222,10.);
#2576=VECTOR('',#9223,10.);
#2577=VECTOR('',#9224,10.);
#2578=VECTOR('',#9227,10.);
#2579=VECTOR('',#9236,10.);
#2580=VECTOR('',#9237,10.);
#2581=VECTOR('',#9238,10.);
#2582=VECTOR('',#9239,10.);
#2583=VECTOR('',#9242,10.);
#2584=VECTOR('',#9243,10.);
#2585=VECTOR('',#9244,10.);
#2586=VECTOR('',#9247,10.);
#2587=VECTOR('',#9248,10.);
#2588=VECTOR('',#9249,10.);
#2589=VECTOR('',#9252,10.);
#2590=VECTOR('',#9253,10.);
#2591=VECTOR('',#9256,10.);
#2592=VECTOR('',#9259,10.);
#2593=VECTOR('',#9260,10.);
#2594=VECTOR('',#9261,10.);
#2595=VECTOR('',#9264,10.);
#2596=VECTOR('',#9267,10.);
#2597=VECTOR('',#9268,10.);
#2598=VECTOR('',#9273,10.);
#2599=VECTOR('',#9274,10.);
#2600=VECTOR('',#9275,10.);
#2601=VECTOR('',#9276,10.);
#2602=VECTOR('',#9279,10.);
#2603=VECTOR('',#9280,10.);
#2604=VECTOR('',#9281,10.);
#2605=VECTOR('',#9284,10.);
#2606=VECTOR('',#9285,10.);
#2607=VECTOR('',#9286,10.);
#2608=VECTOR('',#9289,10.);
#2609=VECTOR('',#9292,10.);
#2610=VECTOR('',#9293,10.);
#2611=VECTOR('',#9296,10.);
#2612=VECTOR('',#9299,10.);
#2613=VECTOR('',#9306,10.);
#2614=VECTOR('',#9311,10.);
#2615=VECTOR('',#9316,10.);
#2616=VECTOR('',#9317,10.);
#2617=VECTOR('',#9318,10.);
#2618=VECTOR('',#9319,10.);
#2619=VECTOR('',#9322,10.);
#2620=VECTOR('',#9323,10.);
#2621=VECTOR('',#9324,10.);
#2622=VECTOR('',#9327,10.);
#2623=VECTOR('',#9328,10.);
#2624=VECTOR('',#9329,10.);
#2625=VECTOR('',#9332,10.);
#2626=VECTOR('',#9333,10.);
#2627=VECTOR('',#9336,10.);
#2628=VECTOR('',#9339,10.);
#2629=VECTOR('',#9340,10.);
#2630=VECTOR('',#9341,10.);
#2631=VECTOR('',#9344,10.);
#2632=VECTOR('',#9347,10.);
#2633=VECTOR('',#9348,10.);
#2634=VECTOR('',#9353,10.);
#2635=VECTOR('',#9354,10.);
#2636=VECTOR('',#9355,10.);
#2637=VECTOR('',#9356,10.);
#2638=VECTOR('',#9359,10.);
#2639=VECTOR('',#9360,10.);
#2640=VECTOR('',#9361,10.);
#2641=VECTOR('',#9364,10.);
#2642=VECTOR('',#9365,10.);
#2643=VECTOR('',#9366,10.);
#2644=VECTOR('',#9369,10.);
#2645=VECTOR('',#9372,10.);
#2646=VECTOR('',#9373,10.);
#2647=VECTOR('',#9376,10.);
#2648=VECTOR('',#9379,10.);
#2649=VECTOR('',#9386,10.);
#2650=VECTOR('',#9391,10.);
#2651=VECTOR('',#9396,10.);
#2652=VECTOR('',#9397,10.);
#2653=VECTOR('',#9398,10.);
#2654=VECTOR('',#9399,10.);
#2655=VECTOR('',#9402,10.);
#2656=VECTOR('',#9403,10.);
#2657=VECTOR('',#9404,10.);
#2658=VECTOR('',#9407,10.);
#2659=VECTOR('',#9408,10.);
#2660=VECTOR('',#9409,10.);
#2661=VECTOR('',#9412,10.);
#2662=VECTOR('',#9413,10.);
#2663=VECTOR('',#9416,10.);
#2664=VECTOR('',#9419,10.);
#2665=VECTOR('',#9420,10.);
#2666=VECTOR('',#9421,10.);
#2667=VECTOR('',#9424,10.);
#2668=VECTOR('',#9427,10.);
#2669=VECTOR('',#9428,10.);
#2670=VECTOR('',#9433,10.);
#2671=VECTOR('',#9434,10.);
#2672=VECTOR('',#9435,10.);
#2673=VECTOR('',#9436,10.);
#2674=VECTOR('',#9439,10.);
#2675=VECTOR('',#9440,10.);
#2676=VECTOR('',#9441,10.);
#2677=VECTOR('',#9444,10.);
#2678=VECTOR('',#9445,10.);
#2679=VECTOR('',#9446,10.);
#2680=VECTOR('',#9449,10.);
#2681=VECTOR('',#9452,10.);
#2682=VECTOR('',#9453,10.);
#2683=VECTOR('',#9456,10.);
#2684=VECTOR('',#9459,10.);
#2685=VECTOR('',#9466,10.);
#2686=VECTOR('',#9471,10.);
#2687=VECTOR('',#9476,10.);
#2688=VECTOR('',#9477,10.);
#2689=VECTOR('',#9478,10.);
#2690=VECTOR('',#9479,10.);
#2691=VECTOR('',#9482,10.);
#2692=VECTOR('',#9483,10.);
#2693=VECTOR('',#9484,10.);
#2694=VECTOR('',#9487,10.);
#2695=VECTOR('',#9488,10.);
#2696=VECTOR('',#9489,10.);
#2697=VECTOR('',#9492,10.);
#2698=VECTOR('',#9493,10.);
#2699=VECTOR('',#9496,10.);
#2700=VECTOR('',#9499,10.);
#2701=VECTOR('',#9500,10.);
#2702=VECTOR('',#9501,10.);
#2703=VECTOR('',#9504,10.);
#2704=VECTOR('',#9507,10.);
#2705=VECTOR('',#9508,10.);
#2706=VECTOR('',#9513,10.);
#2707=VECTOR('',#9514,10.);
#2708=VECTOR('',#9515,10.);
#2709=VECTOR('',#9516,10.);
#2710=VECTOR('',#9519,10.);
#2711=VECTOR('',#9520,10.);
#2712=VECTOR('',#9521,10.);
#2713=VECTOR('',#9524,10.);
#2714=VECTOR('',#9525,10.);
#2715=VECTOR('',#9526,10.);
#2716=VECTOR('',#9529,10.);
#2717=VECTOR('',#9532,10.);
#2718=VECTOR('',#9533,10.);
#2719=VECTOR('',#9536,10.);
#2720=VECTOR('',#9539,10.);
#2721=VECTOR('',#9546,10.);
#2722=VECTOR('',#9551,10.);
#2723=VECTOR('',#9556,10.);
#2724=VECTOR('',#9557,10.);
#2725=VECTOR('',#9558,10.);
#2726=VECTOR('',#9559,10.);
#2727=VECTOR('',#9562,10.);
#2728=VECTOR('',#9563,10.);
#2729=VECTOR('',#9564,10.);
#2730=VECTOR('',#9567,10.);
#2731=VECTOR('',#9568,10.);
#2732=VECTOR('',#9569,10.);
#2733=VECTOR('',#9572,10.);
#2734=VECTOR('',#9573,10.);
#2735=VECTOR('',#9576,10.);
#2736=VECTOR('',#9579,10.);
#2737=VECTOR('',#9580,10.);
#2738=VECTOR('',#9581,10.);
#2739=VECTOR('',#9584,10.);
#2740=VECTOR('',#9587,10.);
#2741=VECTOR('',#9588,10.);
#2742=VECTOR('',#9593,10.);
#2743=VECTOR('',#9594,10.);
#2744=VECTOR('',#9595,10.);
#2745=VECTOR('',#9596,10.);
#2746=VECTOR('',#9599,10.);
#2747=VECTOR('',#9600,10.);
#2748=VECTOR('',#9601,10.);
#2749=VECTOR('',#9604,10.);
#2750=VECTOR('',#9605,10.);
#2751=VECTOR('',#9606,10.);
#2752=VECTOR('',#9609,10.);
#2753=VECTOR('',#9612,10.);
#2754=VECTOR('',#9613,10.);
#2755=VECTOR('',#9616,10.);
#2756=VECTOR('',#9619,10.);
#2757=VECTOR('',#9626,10.);
#2758=VECTOR('',#9631,10.);
#2759=VECTOR('',#9636,10.);
#2760=VECTOR('',#9637,10.);
#2761=VECTOR('',#9638,10.);
#2762=VECTOR('',#9639,10.);
#2763=VECTOR('',#9642,10.);
#2764=VECTOR('',#9643,10.);
#2765=VECTOR('',#9644,10.);
#2766=VECTOR('',#9647,10.);
#2767=VECTOR('',#9648,10.);
#2768=VECTOR('',#9649,10.);
#2769=VECTOR('',#9652,10.);
#2770=VECTOR('',#9653,10.);
#2771=VECTOR('',#9656,10.);
#2772=VECTOR('',#9659,10.);
#2773=VECTOR('',#9660,10.);
#2774=VECTOR('',#9661,10.);
#2775=VECTOR('',#9664,10.);
#2776=VECTOR('',#9667,10.);
#2777=VECTOR('',#9668,10.);
#2778=VECTOR('',#9673,10.);
#2779=VECTOR('',#9674,10.);
#2780=VECTOR('',#9675,10.);
#2781=VECTOR('',#9676,10.);
#2782=VECTOR('',#9679,10.);
#2783=VECTOR('',#9680,10.);
#2784=VECTOR('',#9681,10.);
#2785=VECTOR('',#9684,10.);
#2786=VECTOR('',#9685,10.);
#2787=VECTOR('',#9686,10.);
#2788=VECTOR('',#9689,10.);
#2789=VECTOR('',#9692,10.);
#2790=VECTOR('',#9693,10.);
#2791=VECTOR('',#9696,10.);
#2792=VECTOR('',#9699,10.);
#2793=VECTOR('',#9706,10.);
#2794=VECTOR('',#9711,10.);
#2795=VECTOR('',#9716,10.);
#2796=VECTOR('',#9717,10.);
#2797=VECTOR('',#9718,10.);
#2798=VECTOR('',#9719,10.);
#2799=VECTOR('',#9722,10.);
#2800=VECTOR('',#9723,10.);
#2801=VECTOR('',#9724,10.);
#2802=VECTOR('',#9727,10.);
#2803=VECTOR('',#9728,10.);
#2804=VECTOR('',#9729,10.);
#2805=VECTOR('',#9732,10.);
#2806=VECTOR('',#9733,10.);
#2807=VECTOR('',#9736,10.);
#2808=VECTOR('',#9739,10.);
#2809=VECTOR('',#9740,10.);
#2810=VECTOR('',#9741,10.);
#2811=VECTOR('',#9744,10.);
#2812=VECTOR('',#9747,10.);
#2813=VECTOR('',#9748,10.);
#2814=VECTOR('',#9753,10.);
#2815=VECTOR('',#9754,10.);
#2816=VECTOR('',#9755,10.);
#2817=VECTOR('',#9756,10.);
#2818=VECTOR('',#9759,10.);
#2819=VECTOR('',#9760,10.);
#2820=VECTOR('',#9761,10.);
#2821=VECTOR('',#9764,10.);
#2822=VECTOR('',#9765,10.);
#2823=VECTOR('',#9766,10.);
#2824=VECTOR('',#9769,10.);
#2825=VECTOR('',#9772,10.);
#2826=VECTOR('',#9773,10.);
#2827=VECTOR('',#9776,10.);
#2828=VECTOR('',#9779,10.);
#2829=VECTOR('',#9786,10.);
#2830=VECTOR('',#9791,10.);
#2831=VECTOR('',#9796,10.);
#2832=VECTOR('',#9797,10.);
#2833=VECTOR('',#9798,10.);
#2834=VECTOR('',#9799,10.);
#2835=VECTOR('',#9802,10.);
#2836=VECTOR('',#9803,10.);
#2837=VECTOR('',#9804,10.);
#2838=VECTOR('',#9807,10.);
#2839=VECTOR('',#9808,10.);
#2840=VECTOR('',#9809,10.);
#2841=VECTOR('',#9812,10.);
#2842=VECTOR('',#9813,10.);
#2843=VECTOR('',#9816,10.);
#2844=VECTOR('',#9819,10.);
#2845=VECTOR('',#9820,10.);
#2846=VECTOR('',#9821,10.);
#2847=VECTOR('',#9824,10.);
#2848=VECTOR('',#9827,10.);
#2849=VECTOR('',#9828,10.);
#2850=VECTOR('',#9833,10.);
#2851=VECTOR('',#9834,10.);
#2852=VECTOR('',#9835,10.);
#2853=VECTOR('',#9836,10.);
#2854=VECTOR('',#9839,10.);
#2855=VECTOR('',#9840,10.);
#2856=VECTOR('',#9841,10.);
#2857=VECTOR('',#9844,10.);
#2858=VECTOR('',#9845,10.);
#2859=VECTOR('',#9846,10.);
#2860=VECTOR('',#9849,10.);
#2861=VECTOR('',#9852,10.);
#2862=VECTOR('',#9853,10.);
#2863=VECTOR('',#9856,10.);
#2864=VECTOR('',#9859,10.);
#2865=VECTOR('',#9866,10.);
#2866=VECTOR('',#9871,10.);
#2867=VECTOR('',#9876,10.);
#2868=VECTOR('',#9877,10.);
#2869=VECTOR('',#9878,10.);
#2870=VECTOR('',#9879,10.);
#2871=VECTOR('',#9882,10.);
#2872=VECTOR('',#9883,10.);
#2873=VECTOR('',#9884,10.);
#2874=VECTOR('',#9887,10.);
#2875=VECTOR('',#9888,10.);
#2876=VECTOR('',#9889,10.);
#2877=VECTOR('',#9892,10.);
#2878=VECTOR('',#9893,10.);
#2879=VECTOR('',#9896,10.);
#2880=VECTOR('',#9899,10.);
#2881=VECTOR('',#9900,10.);
#2882=VECTOR('',#9901,10.);
#2883=VECTOR('',#9904,10.);
#2884=VECTOR('',#9907,10.);
#2885=VECTOR('',#9908,10.);
#2886=VECTOR('',#9913,10.);
#2887=VECTOR('',#9914,10.);
#2888=VECTOR('',#9915,10.);
#2889=VECTOR('',#9916,10.);
#2890=VECTOR('',#9919,10.);
#2891=VECTOR('',#9920,10.);
#2892=VECTOR('',#9921,10.);
#2893=VECTOR('',#9924,10.);
#2894=VECTOR('',#9925,10.);
#2895=VECTOR('',#9926,10.);
#2896=VECTOR('',#9929,10.);
#2897=VECTOR('',#9932,10.);
#2898=VECTOR('',#9933,10.);
#2899=VECTOR('',#9936,10.);
#2900=VECTOR('',#9939,10.);
#2901=VECTOR('',#9946,10.);
#2902=VECTOR('',#9951,10.);
#2903=VECTOR('',#9956,10.);
#2904=VECTOR('',#9957,10.);
#2905=VECTOR('',#9958,10.);
#2906=VECTOR('',#9959,10.);
#2907=VECTOR('',#9962,10.);
#2908=VECTOR('',#9963,10.);
#2909=VECTOR('',#9964,10.);
#2910=VECTOR('',#9967,10.);
#2911=VECTOR('',#9968,10.);
#2912=VECTOR('',#9969,10.);
#2913=VECTOR('',#9972,10.);
#2914=VECTOR('',#9973,10.);
#2915=VECTOR('',#9976,10.);
#2916=VECTOR('',#9979,10.);
#2917=VECTOR('',#9980,10.);
#2918=VECTOR('',#9981,10.);
#2919=VECTOR('',#9984,10.);
#2920=VECTOR('',#9987,10.);
#2921=VECTOR('',#9988,10.);
#2922=VECTOR('',#9993,10.);
#2923=VECTOR('',#9994,10.);
#2924=VECTOR('',#9995,10.);
#2925=VECTOR('',#9996,10.);
#2926=VECTOR('',#9999,10.);
#2927=VECTOR('',#10000,10.);
#2928=VECTOR('',#10001,10.);
#2929=VECTOR('',#10004,10.);
#2930=VECTOR('',#10005,10.);
#2931=VECTOR('',#10006,10.);
#2932=VECTOR('',#10009,10.);
#2933=VECTOR('',#10012,10.);
#2934=VECTOR('',#10013,10.);
#2935=VECTOR('',#10016,10.);
#2936=VECTOR('',#10019,10.);
#2937=VECTOR('',#10026,10.);
#2938=VECTOR('',#10031,10.);
#2939=VECTOR('',#10036,10.);
#2940=VECTOR('',#10037,10.);
#2941=VECTOR('',#10038,10.);
#2942=VECTOR('',#10039,10.);
#2943=VECTOR('',#10042,10.);
#2944=VECTOR('',#10043,10.);
#2945=VECTOR('',#10044,10.);
#2946=VECTOR('',#10047,10.);
#2947=VECTOR('',#10048,10.);
#2948=VECTOR('',#10049,10.);
#2949=VECTOR('',#10052,10.);
#2950=VECTOR('',#10053,10.);
#2951=VECTOR('',#10056,10.);
#2952=VECTOR('',#10059,10.);
#2953=VECTOR('',#10060,10.);
#2954=VECTOR('',#10061,10.);
#2955=VECTOR('',#10064,10.);
#2956=VECTOR('',#10067,10.);
#2957=VECTOR('',#10068,10.);
#2958=VECTOR('',#10073,10.);
#2959=VECTOR('',#10074,10.);
#2960=VECTOR('',#10075,10.);
#2961=VECTOR('',#10076,10.);
#2962=VECTOR('',#10079,10.);
#2963=VECTOR('',#10080,10.);
#2964=VECTOR('',#10081,10.);
#2965=VECTOR('',#10084,10.);
#2966=VECTOR('',#10085,10.);
#2967=VECTOR('',#10086,10.);
#2968=VECTOR('',#10089,10.);
#2969=VECTOR('',#10092,10.);
#2970=VECTOR('',#10093,10.);
#2971=VECTOR('',#10096,10.);
#2972=VECTOR('',#10099,10.);
#2973=VECTOR('',#10106,10.);
#2974=VECTOR('',#10111,10.);
#2975=VECTOR('',#10116,10.);
#2976=VECTOR('',#10117,10.);
#2977=VECTOR('',#10118,10.);
#2978=VECTOR('',#10119,10.);
#2979=VECTOR('',#10122,10.);
#2980=VECTOR('',#10123,10.);
#2981=VECTOR('',#10124,10.);
#2982=VECTOR('',#10127,10.);
#2983=VECTOR('',#10128,10.);
#2984=VECTOR('',#10129,10.);
#2985=VECTOR('',#10132,10.);
#2986=VECTOR('',#10133,10.);
#2987=VECTOR('',#10136,10.);
#2988=VECTOR('',#10139,10.);
#2989=VECTOR('',#10140,10.);
#2990=VECTOR('',#10141,10.);
#2991=VECTOR('',#10144,10.);
#2992=VECTOR('',#10147,10.);
#2993=VECTOR('',#10148,10.);
#2994=VECTOR('',#10153,10.);
#2995=VECTOR('',#10154,10.);
#2996=VECTOR('',#10155,10.);
#2997=VECTOR('',#10156,10.);
#2998=VECTOR('',#10159,10.);
#2999=VECTOR('',#10160,10.);
#3000=VECTOR('',#10161,10.);
#3001=VECTOR('',#10164,10.);
#3002=VECTOR('',#10165,10.);
#3003=VECTOR('',#10166,10.);
#3004=VECTOR('',#10169,10.);
#3005=VECTOR('',#10172,10.);
#3006=VECTOR('',#10173,10.);
#3007=VECTOR('',#10176,10.);
#3008=VECTOR('',#10179,10.);
#3009=VECTOR('',#10186,10.);
#3010=VECTOR('',#10191,10.);
#3011=VECTOR('',#10196,10.);
#3012=VECTOR('',#10197,10.);
#3013=VECTOR('',#10198,10.);
#3014=VECTOR('',#10199,10.);
#3015=VECTOR('',#10202,10.);
#3016=VECTOR('',#10203,10.);
#3017=VECTOR('',#10204,10.);
#3018=VECTOR('',#10207,10.);
#3019=VECTOR('',#10208,10.);
#3020=VECTOR('',#10209,10.);
#3021=VECTOR('',#10212,10.);
#3022=VECTOR('',#10213,10.);
#3023=VECTOR('',#10216,10.);
#3024=VECTOR('',#10219,10.);
#3025=VECTOR('',#10220,10.);
#3026=VECTOR('',#10221,10.);
#3027=VECTOR('',#10224,10.);
#3028=VECTOR('',#10227,10.);
#3029=VECTOR('',#10228,10.);
#3030=VECTOR('',#10233,10.);
#3031=VECTOR('',#10234,10.);
#3032=VECTOR('',#10235,10.);
#3033=VECTOR('',#10236,10.);
#3034=VECTOR('',#10239,10.);
#3035=VECTOR('',#10240,10.);
#3036=VECTOR('',#10241,10.);
#3037=VECTOR('',#10244,10.);
#3038=VECTOR('',#10245,10.);
#3039=VECTOR('',#10246,10.);
#3040=VECTOR('',#10249,10.);
#3041=VECTOR('',#10252,10.);
#3042=VECTOR('',#10253,10.);
#3043=VECTOR('',#10256,10.);
#3044=VECTOR('',#10259,10.);
#3045=VECTOR('',#10266,10.);
#3046=VECTOR('',#10271,10.);
#3047=VECTOR('',#10276,10.);
#3048=VECTOR('',#10277,10.);
#3049=VECTOR('',#10278,10.);
#3050=VECTOR('',#10279,10.);
#3051=VECTOR('',#10282,10.);
#3052=VECTOR('',#10283,10.);
#3053=VECTOR('',#10284,10.);
#3054=VECTOR('',#10287,10.);
#3055=VECTOR('',#10288,10.);
#3056=VECTOR('',#10289,10.);
#3057=VECTOR('',#10292,10.);
#3058=VECTOR('',#10293,10.);
#3059=VECTOR('',#10296,10.);
#3060=VECTOR('',#10299,10.);
#3061=VECTOR('',#10300,10.);
#3062=VECTOR('',#10301,10.);
#3063=VECTOR('',#10304,10.);
#3064=VECTOR('',#10307,10.);
#3065=VECTOR('',#10308,10.);
#3066=VECTOR('',#10313,10.);
#3067=VECTOR('',#10314,10.);
#3068=VECTOR('',#10315,10.);
#3069=VECTOR('',#10316,10.);
#3070=VECTOR('',#10319,10.);
#3071=VECTOR('',#10320,10.);
#3072=VECTOR('',#10321,10.);
#3073=VECTOR('',#10324,10.);
#3074=VECTOR('',#10325,10.);
#3075=VECTOR('',#10326,10.);
#3076=VECTOR('',#10329,10.);
#3077=VECTOR('',#10332,10.);
#3078=VECTOR('',#10333,10.);
#3079=VECTOR('',#10336,10.);
#3080=VECTOR('',#10339,10.);
#3081=VECTOR('',#10346,10.);
#3082=VECTOR('',#10351,10.);
#3083=VECTOR('',#10356,10.);
#3084=VECTOR('',#10357,10.);
#3085=VECTOR('',#10358,10.);
#3086=VECTOR('',#10359,10.);
#3087=VECTOR('',#10362,10.);
#3088=VECTOR('',#10363,10.);
#3089=VECTOR('',#10364,10.);
#3090=VECTOR('',#10367,10.);
#3091=VECTOR('',#10368,10.);
#3092=VECTOR('',#10369,10.);
#3093=VECTOR('',#10372,10.);
#3094=VECTOR('',#10373,10.);
#3095=VECTOR('',#10376,10.);
#3096=VECTOR('',#10379,10.);
#3097=VECTOR('',#10380,10.);
#3098=VECTOR('',#10381,10.);
#3099=VECTOR('',#10384,10.);
#3100=VECTOR('',#10387,10.);
#3101=VECTOR('',#10388,10.);
#3102=VECTOR('',#10393,10.);
#3103=VECTOR('',#10394,10.);
#3104=VECTOR('',#10395,10.);
#3105=VECTOR('',#10396,10.);
#3106=VECTOR('',#10399,10.);
#3107=VECTOR('',#10400,10.);
#3108=VECTOR('',#10401,10.);
#3109=VECTOR('',#10404,10.);
#3110=VECTOR('',#10405,10.);
#3111=VECTOR('',#10406,10.);
#3112=VECTOR('',#10409,10.);
#3113=VECTOR('',#10412,10.);
#3114=VECTOR('',#10413,10.);
#3115=VECTOR('',#10416,10.);
#3116=VECTOR('',#10419,10.);
#3117=VECTOR('',#10426,10.);
#3118=VECTOR('',#10431,10.);
#3119=VERTEX_POINT('',#10436);
#3120=VERTEX_POINT('',#10437);
#3121=VERTEX_POINT('',#10439);
#3122=VERTEX_POINT('',#10441);
#3123=VERTEX_POINT('',#10445);
#3124=VERTEX_POINT('',#10447);
#3125=VERTEX_POINT('',#10451);
#3126=VERTEX_POINT('',#10453);
#3127=VERTEX_POINT('',#10457);
#3128=VERTEX_POINT('',#10458);
#3129=VERTEX_POINT('',#10460);
#3130=VERTEX_POINT('',#10462);
#3131=VERTEX_POINT('',#10466);
#3132=VERTEX_POINT('',#10468);
#3133=VERTEX_POINT('',#10472);
#3134=VERTEX_POINT('',#10474);
#3135=VERTEX_POINT('',#10478);
#3136=VERTEX_POINT('',#10480);
#3137=VERTEX_POINT('',#10482);
#3138=VERTEX_POINT('',#10484);
#3139=VERTEX_POINT('',#10486);
#3140=VERTEX_POINT('',#10488);
#3141=VERTEX_POINT('',#10492);
#3142=VERTEX_POINT('',#10494);
#3143=VERTEX_POINT('',#10496);
#3144=VERTEX_POINT('',#10500);
#3145=VERTEX_POINT('',#10502);
#3146=VERTEX_POINT('',#10504);
#3147=VERTEX_POINT('',#10506);
#3148=VERTEX_POINT('',#10510);
#3149=VERTEX_POINT('',#10512);
#3150=VERTEX_POINT('',#10514);
#3151=VERTEX_POINT('',#10516);
#3152=VERTEX_POINT('',#10518);
#3153=VERTEX_POINT('',#10522);
#3154=VERTEX_POINT('',#10524);
#3155=VERTEX_POINT('',#10528);
#3156=VERTEX_POINT('',#10529);
#3157=VERTEX_POINT('',#10531);
#3158=VERTEX_POINT('',#10533);
#3159=VERTEX_POINT('',#10535);
#3160=VERTEX_POINT('',#10537);
#3161=VERTEX_POINT('',#10541);
#3162=VERTEX_POINT('',#10543);
#3163=VERTEX_POINT('',#10547);
#3164=VERTEX_POINT('',#10548);
#3165=VERTEX_POINT('',#10551);
#3166=VERTEX_POINT('',#10553);
#3167=VERTEX_POINT('',#10557);
#3168=VERTEX_POINT('',#10560);
#3169=VERTEX_POINT('',#10562);
#3170=VERTEX_POINT('',#10566);
#3171=VERTEX_POINT('',#10568);
#3172=VERTEX_POINT('',#10570);
#3173=VERTEX_POINT('',#10573);
#3174=VERTEX_POINT('',#10574);
#3175=VERTEX_POINT('',#10576);
#3176=VERTEX_POINT('',#10578);
#3177=VERTEX_POINT('',#10582);
#3178=VERTEX_POINT('',#10585);
#3179=VERTEX_POINT('',#10587);
#3180=VERTEX_POINT('',#10589);
#3181=VERTEX_POINT('',#10591);
#3182=VERTEX_POINT('',#10593);
#3183=VERTEX_POINT('',#10595);
#3184=VERTEX_POINT('',#10597);
#3185=VERTEX_POINT('',#10599);
#3186=VERTEX_POINT('',#10601);
#3187=VERTEX_POINT('',#10603);
#3188=VERTEX_POINT('',#10605);
#3189=VERTEX_POINT('',#10607);
#3190=VERTEX_POINT('',#10609);
#3191=VERTEX_POINT('',#10611);
#3192=VERTEX_POINT('',#10613);
#3193=VERTEX_POINT('',#10615);
#3194=VERTEX_POINT('',#10617);
#3195=VERTEX_POINT('',#10619);
#3196=VERTEX_POINT('',#10621);
#3197=VERTEX_POINT('',#10623);
#3198=VERTEX_POINT('',#10625);
#3199=VERTEX_POINT('',#10627);
#3200=VERTEX_POINT('',#10629);
#3201=VERTEX_POINT('',#10631);
#3202=VERTEX_POINT('',#10633);
#3203=VERTEX_POINT('',#10635);
#3204=VERTEX_POINT('',#10637);
#3205=VERTEX_POINT('',#10639);
#3206=VERTEX_POINT('',#10641);
#3207=VERTEX_POINT('',#10643);
#3208=VERTEX_POINT('',#10645);
#3209=VERTEX_POINT('',#10647);
#3210=VERTEX_POINT('',#10649);
#3211=VERTEX_POINT('',#10651);
#3212=VERTEX_POINT('',#10653);
#3213=VERTEX_POINT('',#10655);
#3214=VERTEX_POINT('',#10657);
#3215=VERTEX_POINT('',#10659);
#3216=VERTEX_POINT('',#10661);
#3217=VERTEX_POINT('',#10663);
#3218=VERTEX_POINT('',#10665);
#3219=VERTEX_POINT('',#10667);
#3220=VERTEX_POINT('',#10669);
#3221=VERTEX_POINT('',#10671);
#3222=VERTEX_POINT('',#10673);
#3223=VERTEX_POINT('',#10675);
#3224=VERTEX_POINT('',#10677);
#3225=VERTEX_POINT('',#10679);
#3226=VERTEX_POINT('',#10681);
#3227=VERTEX_POINT('',#10683);
#3228=VERTEX_POINT('',#10685);
#3229=VERTEX_POINT('',#10687);
#3230=VERTEX_POINT('',#10689);
#3231=VERTEX_POINT('',#10691);
#3232=VERTEX_POINT('',#10693);
#3233=VERTEX_POINT('',#10695);
#3234=VERTEX_POINT('',#10697);
#3235=VERTEX_POINT('',#10699);
#3236=VERTEX_POINT('',#10701);
#3237=VERTEX_POINT('',#10703);
#3238=VERTEX_POINT('',#10708);
#3239=VERTEX_POINT('',#10710);
#3240=VERTEX_POINT('',#10715);
#3241=VERTEX_POINT('',#10717);
#3242=VERTEX_POINT('',#10721);
#3243=VERTEX_POINT('',#10722);
#3244=VERTEX_POINT('',#10724);
#3245=VERTEX_POINT('',#10726);
#3246=VERTEX_POINT('',#10730);
#3247=VERTEX_POINT('',#10737);
#3248=VERTEX_POINT('',#10743);
#3249=VERTEX_POINT('',#10744);
#3250=VERTEX_POINT('',#10746);
#3251=VERTEX_POINT('',#10749);
#3252=VERTEX_POINT('',#10754);
#3253=VERTEX_POINT('',#10758);
#3254=VERTEX_POINT('',#10763);
#3255=VERTEX_POINT('',#10765);
#3256=VERTEX_POINT('',#10769);
#3257=VERTEX_POINT('',#10771);
#3258=VERTEX_POINT('',#10774);
#3259=VERTEX_POINT('',#10775);
#3260=VERTEX_POINT('',#10777);
#3261=VERTEX_POINT('',#10779);
#3262=VERTEX_POINT('',#10785);
#3263=VERTEX_POINT('',#10786);
#3264=VERTEX_POINT('',#10788);
#3265=VERTEX_POINT('',#10790);
#3266=VERTEX_POINT('',#10794);
#3267=VERTEX_POINT('',#10795);
#3268=VERTEX_POINT('',#10797);
#3269=VERTEX_POINT('',#10799);
#3270=VERTEX_POINT('',#10803);
#3271=VERTEX_POINT('',#10805);
#3272=VERTEX_POINT('',#10813);
#3273=VERTEX_POINT('',#10817);
#3274=VERTEX_POINT('',#10823);
#3275=VERTEX_POINT('',#10827);
#3276=VERTEX_POINT('',#10829);
#3277=VERTEX_POINT('',#10833);
#3278=VERTEX_POINT('',#10837);
#3279=VERTEX_POINT('',#10843);
#3280=VERTEX_POINT('',#10844);
#3281=VERTEX_POINT('',#10849);
#3282=VERTEX_POINT('',#10852);
#3283=VERTEX_POINT('',#10853);
#3284=VERTEX_POINT('',#10855);
#3285=VERTEX_POINT('',#10857);
#3286=VERTEX_POINT('',#10863);
#3287=VERTEX_POINT('',#10867);
#3288=VERTEX_POINT('',#10869);
#3289=VERTEX_POINT('',#10873);
#3290=VERTEX_POINT('',#10877);
#3291=VERTEX_POINT('',#10883);
#3292=VERTEX_POINT('',#10884);
#3293=VERTEX_POINT('',#10889);
#3294=VERTEX_POINT('',#10892);
#3295=VERTEX_POINT('',#10893);
#3296=VERTEX_POINT('',#10895);
#3297=VERTEX_POINT('',#10897);
#3298=VERTEX_POINT('',#10903);
#3299=VERTEX_POINT('',#10907);
#3300=VERTEX_POINT('',#10909);
#3301=VERTEX_POINT('',#10913);
#3302=VERTEX_POINT('',#10917);
#3303=VERTEX_POINT('',#10923);
#3304=VERTEX_POINT('',#10924);
#3305=VERTEX_POINT('',#10929);
#3306=VERTEX_POINT('',#10932);
#3307=VERTEX_POINT('',#10933);
#3308=VERTEX_POINT('',#10935);
#3309=VERTEX_POINT('',#10937);
#3310=VERTEX_POINT('',#10943);
#3311=VERTEX_POINT('',#10947);
#3312=VERTEX_POINT('',#10949);
#3313=VERTEX_POINT('',#10953);
#3314=VERTEX_POINT('',#10957);
#3315=VERTEX_POINT('',#10963);
#3316=VERTEX_POINT('',#10964);
#3317=VERTEX_POINT('',#10969);
#3318=VERTEX_POINT('',#10972);
#3319=VERTEX_POINT('',#10973);
#3320=VERTEX_POINT('',#10975);
#3321=VERTEX_POINT('',#10977);
#3322=VERTEX_POINT('',#10983);
#3323=VERTEX_POINT('',#10987);
#3324=VERTEX_POINT('',#10989);
#3325=VERTEX_POINT('',#10993);
#3326=VERTEX_POINT('',#10997);
#3327=VERTEX_POINT('',#11003);
#3328=VERTEX_POINT('',#11004);
#3329=VERTEX_POINT('',#11009);
#3330=VERTEX_POINT('',#11012);
#3331=VERTEX_POINT('',#11013);
#3332=VERTEX_POINT('',#11015);
#3333=VERTEX_POINT('',#11017);
#3334=VERTEX_POINT('',#11023);
#3335=VERTEX_POINT('',#11027);
#3336=VERTEX_POINT('',#11029);
#3337=VERTEX_POINT('',#11033);
#3338=VERTEX_POINT('',#11037);
#3339=VERTEX_POINT('',#11043);
#3340=VERTEX_POINT('',#11044);
#3341=VERTEX_POINT('',#11049);
#3342=VERTEX_POINT('',#11052);
#3343=VERTEX_POINT('',#11053);
#3344=VERTEX_POINT('',#11055);
#3345=VERTEX_POINT('',#11057);
#3346=VERTEX_POINT('',#11063);
#3347=VERTEX_POINT('',#11067);
#3348=VERTEX_POINT('',#11069);
#3349=VERTEX_POINT('',#11073);
#3350=VERTEX_POINT('',#11077);
#3351=VERTEX_POINT('',#11083);
#3352=VERTEX_POINT('',#11084);
#3353=VERTEX_POINT('',#11089);
#3354=VERTEX_POINT('',#11092);
#3355=VERTEX_POINT('',#11093);
#3356=VERTEX_POINT('',#11095);
#3357=VERTEX_POINT('',#11097);
#3358=VERTEX_POINT('',#11103);
#3359=VERTEX_POINT('',#11107);
#3360=VERTEX_POINT('',#11109);
#3361=VERTEX_POINT('',#11113);
#3362=VERTEX_POINT('',#11117);
#3363=VERTEX_POINT('',#11123);
#3364=VERTEX_POINT('',#11124);
#3365=VERTEX_POINT('',#11129);
#3366=VERTEX_POINT('',#11132);
#3367=VERTEX_POINT('',#11133);
#3368=VERTEX_POINT('',#11135);
#3369=VERTEX_POINT('',#11137);
#3370=VERTEX_POINT('',#11143);
#3371=VERTEX_POINT('',#11147);
#3372=VERTEX_POINT('',#11149);
#3373=VERTEX_POINT('',#11153);
#3374=VERTEX_POINT('',#11157);
#3375=VERTEX_POINT('',#11163);
#3376=VERTEX_POINT('',#11164);
#3377=VERTEX_POINT('',#11169);
#3378=VERTEX_POINT('',#11172);
#3379=VERTEX_POINT('',#11173);
#3380=VERTEX_POINT('',#11175);
#3381=VERTEX_POINT('',#11177);
#3382=VERTEX_POINT('',#11183);
#3383=VERTEX_POINT('',#11187);
#3384=VERTEX_POINT('',#11189);
#3385=VERTEX_POINT('',#11193);
#3386=VERTEX_POINT('',#11197);
#3387=VERTEX_POINT('',#11203);
#3388=VERTEX_POINT('',#11204);
#3389=VERTEX_POINT('',#11209);
#3390=VERTEX_POINT('',#11212);
#3391=VERTEX_POINT('',#11213);
#3392=VERTEX_POINT('',#11215);
#3393=VERTEX_POINT('',#11217);
#3394=VERTEX_POINT('',#11223);
#3395=VERTEX_POINT('',#11227);
#3396=VERTEX_POINT('',#11229);
#3397=VERTEX_POINT('',#11233);
#3398=VERTEX_POINT('',#11237);
#3399=VERTEX_POINT('',#11243);
#3400=VERTEX_POINT('',#11244);
#3401=VERTEX_POINT('',#11249);
#3402=VERTEX_POINT('',#11252);
#3403=VERTEX_POINT('',#11253);
#3404=VERTEX_POINT('',#11255);
#3405=VERTEX_POINT('',#11257);
#3406=VERTEX_POINT('',#11263);
#3407=VERTEX_POINT('',#11267);
#3408=VERTEX_POINT('',#11269);
#3409=VERTEX_POINT('',#11273);
#3410=VERTEX_POINT('',#11277);
#3411=VERTEX_POINT('',#11283);
#3412=VERTEX_POINT('',#11284);
#3413=VERTEX_POINT('',#11289);
#3414=VERTEX_POINT('',#11292);
#3415=VERTEX_POINT('',#11293);
#3416=VERTEX_POINT('',#11295);
#3417=VERTEX_POINT('',#11297);
#3418=VERTEX_POINT('',#11303);
#3419=VERTEX_POINT('',#11307);
#3420=VERTEX_POINT('',#11309);
#3421=VERTEX_POINT('',#11313);
#3422=VERTEX_POINT('',#11317);
#3423=VERTEX_POINT('',#11323);
#3424=VERTEX_POINT('',#11324);
#3425=VERTEX_POINT('',#11329);
#3426=VERTEX_POINT('',#11332);
#3427=VERTEX_POINT('',#11333);
#3428=VERTEX_POINT('',#11335);
#3429=VERTEX_POINT('',#11337);
#3430=VERTEX_POINT('',#11343);
#3431=VERTEX_POINT('',#11347);
#3432=VERTEX_POINT('',#11349);
#3433=VERTEX_POINT('',#11353);
#3434=VERTEX_POINT('',#11357);
#3435=VERTEX_POINT('',#11365);
#3436=VERTEX_POINT('',#11369);
#3437=VERTEX_POINT('',#11371);
#3438=VERTEX_POINT('',#11376);
#3439=VERTEX_POINT('',#11378);
#3440=VERTEX_POINT('',#11382);
#3441=VERTEX_POINT('',#11386);
#3442=VERTEX_POINT('',#11396);
#3443=VERTEX_POINT('',#11400);
#3444=VERTEX_POINT('',#11405);
#3445=VERTEX_POINT('',#11414);
#3446=VERTEX_POINT('',#11415);
#3447=VERTEX_POINT('',#11417);
#3448=VERTEX_POINT('',#11419);
#3449=VERTEX_POINT('',#11423);
#3450=VERTEX_POINT('',#11425);
#3451=VERTEX_POINT('',#11429);
#3452=VERTEX_POINT('',#11431);
#3453=VERTEX_POINT('',#11438);
#3454=VERTEX_POINT('',#11440);
#3455=VERTEX_POINT('',#11442);
#3456=VERTEX_POINT('',#11444);
#3457=VERTEX_POINT('',#11446);
#3458=VERTEX_POINT('',#11448);
#3459=VERTEX_POINT('',#11452);
#3460=VERTEX_POINT('',#11457);
#3461=VERTEX_POINT('',#11458);
#3462=VERTEX_POINT('',#11460);
#3463=VERTEX_POINT('',#11462);
#3464=VERTEX_POINT('',#11467);
#3465=VERTEX_POINT('',#11471);
#3466=VERTEX_POINT('',#11478);
#3467=VERTEX_POINT('',#11482);
#3468=VERTEX_POINT('',#11485);
#3469=VERTEX_POINT('',#11496);
#3470=VERTEX_POINT('',#11497);
#3471=VERTEX_POINT('',#11499);
#3472=VERTEX_POINT('',#11501);
#3473=VERTEX_POINT('',#11505);
#3474=VERTEX_POINT('',#11507);
#3475=VERTEX_POINT('',#11511);
#3476=VERTEX_POINT('',#11513);
#3477=VERTEX_POINT('',#11520);
#3478=VERTEX_POINT('',#11522);
#3479=VERTEX_POINT('',#11524);
#3480=VERTEX_POINT('',#11526);
#3481=VERTEX_POINT('',#11528);
#3482=VERTEX_POINT('',#11530);
#3483=VERTEX_POINT('',#11534);
#3484=VERTEX_POINT('',#11539);
#3485=VERTEX_POINT('',#11540);
#3486=VERTEX_POINT('',#11542);
#3487=VERTEX_POINT('',#11544);
#3488=VERTEX_POINT('',#11549);
#3489=VERTEX_POINT('',#11553);
#3490=VERTEX_POINT('',#11560);
#3491=VERTEX_POINT('',#11564);
#3492=VERTEX_POINT('',#11567);
#3493=VERTEX_POINT('',#11578);
#3494=VERTEX_POINT('',#11579);
#3495=VERTEX_POINT('',#11581);
#3496=VERTEX_POINT('',#11583);
#3497=VERTEX_POINT('',#11587);
#3498=VERTEX_POINT('',#11589);
#3499=VERTEX_POINT('',#11593);
#3500=VERTEX_POINT('',#11595);
#3501=VERTEX_POINT('',#11602);
#3502=VERTEX_POINT('',#11604);
#3503=VERTEX_POINT('',#11606);
#3504=VERTEX_POINT('',#11608);
#3505=VERTEX_POINT('',#11610);
#3506=VERTEX_POINT('',#11612);
#3507=VERTEX_POINT('',#11616);
#3508=VERTEX_POINT('',#11621);
#3509=VERTEX_POINT('',#11622);
#3510=VERTEX_POINT('',#11624);
#3511=VERTEX_POINT('',#11626);
#3512=VERTEX_POINT('',#11631);
#3513=VERTEX_POINT('',#11635);
#3514=VERTEX_POINT('',#11642);
#3515=VERTEX_POINT('',#11646);
#3516=VERTEX_POINT('',#11649);
#3517=VERTEX_POINT('',#11660);
#3518=VERTEX_POINT('',#11661);
#3519=VERTEX_POINT('',#11663);
#3520=VERTEX_POINT('',#11665);
#3521=VERTEX_POINT('',#11669);
#3522=VERTEX_POINT('',#11671);
#3523=VERTEX_POINT('',#11675);
#3524=VERTEX_POINT('',#11677);
#3525=VERTEX_POINT('',#11684);
#3526=VERTEX_POINT('',#11686);
#3527=VERTEX_POINT('',#11688);
#3528=VERTEX_POINT('',#11690);
#3529=VERTEX_POINT('',#11692);
#3530=VERTEX_POINT('',#11694);
#3531=VERTEX_POINT('',#11698);
#3532=VERTEX_POINT('',#11703);
#3533=VERTEX_POINT('',#11704);
#3534=VERTEX_POINT('',#11706);
#3535=VERTEX_POINT('',#11708);
#3536=VERTEX_POINT('',#11713);
#3537=VERTEX_POINT('',#11717);
#3538=VERTEX_POINT('',#11724);
#3539=VERTEX_POINT('',#11728);
#3540=VERTEX_POINT('',#11731);
#3541=VERTEX_POINT('',#11742);
#3542=VERTEX_POINT('',#11743);
#3543=VERTEX_POINT('',#11745);
#3544=VERTEX_POINT('',#11747);
#3545=VERTEX_POINT('',#11751);
#3546=VERTEX_POINT('',#11753);
#3547=VERTEX_POINT('',#11757);
#3548=VERTEX_POINT('',#11759);
#3549=VERTEX_POINT('',#11766);
#3550=VERTEX_POINT('',#11768);
#3551=VERTEX_POINT('',#11770);
#3552=VERTEX_POINT('',#11772);
#3553=VERTEX_POINT('',#11774);
#3554=VERTEX_POINT('',#11776);
#3555=VERTEX_POINT('',#11780);
#3556=VERTEX_POINT('',#11785);
#3557=VERTEX_POINT('',#11786);
#3558=VERTEX_POINT('',#11788);
#3559=VERTEX_POINT('',#11790);
#3560=VERTEX_POINT('',#11795);
#3561=VERTEX_POINT('',#11799);
#3562=VERTEX_POINT('',#11806);
#3563=VERTEX_POINT('',#11810);
#3564=VERTEX_POINT('',#11813);
#3565=VERTEX_POINT('',#11824);
#3566=VERTEX_POINT('',#11825);
#3567=VERTEX_POINT('',#11827);
#3568=VERTEX_POINT('',#11829);
#3569=VERTEX_POINT('',#11833);
#3570=VERTEX_POINT('',#11835);
#3571=VERTEX_POINT('',#11839);
#3572=VERTEX_POINT('',#11841);
#3573=VERTEX_POINT('',#11848);
#3574=VERTEX_POINT('',#11850);
#3575=VERTEX_POINT('',#11852);
#3576=VERTEX_POINT('',#11854);
#3577=VERTEX_POINT('',#11856);
#3578=VERTEX_POINT('',#11858);
#3579=VERTEX_POINT('',#11862);
#3580=VERTEX_POINT('',#11867);
#3581=VERTEX_POINT('',#11868);
#3582=VERTEX_POINT('',#11870);
#3583=VERTEX_POINT('',#11872);
#3584=VERTEX_POINT('',#11877);
#3585=VERTEX_POINT('',#11881);
#3586=VERTEX_POINT('',#11888);
#3587=VERTEX_POINT('',#11892);
#3588=VERTEX_POINT('',#11895);
#3589=VERTEX_POINT('',#11906);
#3590=VERTEX_POINT('',#11907);
#3591=VERTEX_POINT('',#11909);
#3592=VERTEX_POINT('',#11911);
#3593=VERTEX_POINT('',#11915);
#3594=VERTEX_POINT('',#11917);
#3595=VERTEX_POINT('',#11921);
#3596=VERTEX_POINT('',#11923);
#3597=VERTEX_POINT('',#11930);
#3598=VERTEX_POINT('',#11932);
#3599=VERTEX_POINT('',#11934);
#3600=VERTEX_POINT('',#11936);
#3601=VERTEX_POINT('',#11938);
#3602=VERTEX_POINT('',#11940);
#3603=VERTEX_POINT('',#11944);
#3604=VERTEX_POINT('',#11949);
#3605=VERTEX_POINT('',#11950);
#3606=VERTEX_POINT('',#11952);
#3607=VERTEX_POINT('',#11954);
#3608=VERTEX_POINT('',#11959);
#3609=VERTEX_POINT('',#11963);
#3610=VERTEX_POINT('',#11970);
#3611=VERTEX_POINT('',#11974);
#3612=VERTEX_POINT('',#11977);
#3613=VERTEX_POINT('',#11988);
#3614=VERTEX_POINT('',#11989);
#3615=VERTEX_POINT('',#11991);
#3616=VERTEX_POINT('',#11993);
#3617=VERTEX_POINT('',#11997);
#3618=VERTEX_POINT('',#11999);
#3619=VERTEX_POINT('',#12003);
#3620=VERTEX_POINT('',#12005);
#3621=VERTEX_POINT('',#12012);
#3622=VERTEX_POINT('',#12014);
#3623=VERTEX_POINT('',#12016);
#3624=VERTEX_POINT('',#12018);
#3625=VERTEX_POINT('',#12020);
#3626=VERTEX_POINT('',#12022);
#3627=VERTEX_POINT('',#12026);
#3628=VERTEX_POINT('',#12031);
#3629=VERTEX_POINT('',#12032);
#3630=VERTEX_POINT('',#12034);
#3631=VERTEX_POINT('',#12036);
#3632=VERTEX_POINT('',#12041);
#3633=VERTEX_POINT('',#12045);
#3634=VERTEX_POINT('',#12052);
#3635=VERTEX_POINT('',#12056);
#3636=VERTEX_POINT('',#12059);
#3637=VERTEX_POINT('',#12070);
#3638=VERTEX_POINT('',#12071);
#3639=VERTEX_POINT('',#12073);
#3640=VERTEX_POINT('',#12075);
#3641=VERTEX_POINT('',#12079);
#3642=VERTEX_POINT('',#12081);
#3643=VERTEX_POINT('',#12085);
#3644=VERTEX_POINT('',#12087);
#3645=VERTEX_POINT('',#12094);
#3646=VERTEX_POINT('',#12096);
#3647=VERTEX_POINT('',#12098);
#3648=VERTEX_POINT('',#12100);
#3649=VERTEX_POINT('',#12102);
#3650=VERTEX_POINT('',#12104);
#3651=VERTEX_POINT('',#12108);
#3652=VERTEX_POINT('',#12113);
#3653=VERTEX_POINT('',#12114);
#3654=VERTEX_POINT('',#12116);
#3655=VERTEX_POINT('',#12118);
#3656=VERTEX_POINT('',#12123);
#3657=VERTEX_POINT('',#12127);
#3658=VERTEX_POINT('',#12134);
#3659=VERTEX_POINT('',#12138);
#3660=VERTEX_POINT('',#12141);
#3661=VERTEX_POINT('',#12152);
#3662=VERTEX_POINT('',#12153);
#3663=VERTEX_POINT('',#12155);
#3664=VERTEX_POINT('',#12157);
#3665=VERTEX_POINT('',#12161);
#3666=VERTEX_POINT('',#12163);
#3667=VERTEX_POINT('',#12167);
#3668=VERTEX_POINT('',#12169);
#3669=VERTEX_POINT('',#12176);
#3670=VERTEX_POINT('',#12178);
#3671=VERTEX_POINT('',#12180);
#3672=VERTEX_POINT('',#12182);
#3673=VERTEX_POINT('',#12184);
#3674=VERTEX_POINT('',#12186);
#3675=VERTEX_POINT('',#12190);
#3676=VERTEX_POINT('',#12195);
#3677=VERTEX_POINT('',#12196);
#3678=VERTEX_POINT('',#12198);
#3679=VERTEX_POINT('',#12200);
#3680=VERTEX_POINT('',#12205);
#3681=VERTEX_POINT('',#12209);
#3682=VERTEX_POINT('',#12216);
#3683=VERTEX_POINT('',#12220);
#3684=VERTEX_POINT('',#12223);
#3685=VERTEX_POINT('',#12234);
#3686=VERTEX_POINT('',#12235);
#3687=VERTEX_POINT('',#12237);
#3688=VERTEX_POINT('',#12239);
#3689=VERTEX_POINT('',#12243);
#3690=VERTEX_POINT('',#12245);
#3691=VERTEX_POINT('',#12249);
#3692=VERTEX_POINT('',#12251);
#3693=VERTEX_POINT('',#12258);
#3694=VERTEX_POINT('',#12260);
#3695=VERTEX_POINT('',#12262);
#3696=VERTEX_POINT('',#12264);
#3697=VERTEX_POINT('',#12266);
#3698=VERTEX_POINT('',#12268);
#3699=VERTEX_POINT('',#12272);
#3700=VERTEX_POINT('',#12277);
#3701=VERTEX_POINT('',#12278);
#3702=VERTEX_POINT('',#12280);
#3703=VERTEX_POINT('',#12282);
#3704=VERTEX_POINT('',#12287);
#3705=VERTEX_POINT('',#12291);
#3706=VERTEX_POINT('',#12298);
#3707=VERTEX_POINT('',#12302);
#3708=VERTEX_POINT('',#12305);
#3709=VERTEX_POINT('',#12316);
#3710=VERTEX_POINT('',#12317);
#3711=VERTEX_POINT('',#12319);
#3712=VERTEX_POINT('',#12321);
#3713=VERTEX_POINT('',#12325);
#3714=VERTEX_POINT('',#12327);
#3715=VERTEX_POINT('',#12331);
#3716=VERTEX_POINT('',#12333);
#3717=VERTEX_POINT('',#12340);
#3718=VERTEX_POINT('',#12342);
#3719=VERTEX_POINT('',#12344);
#3720=VERTEX_POINT('',#12346);
#3721=VERTEX_POINT('',#12348);
#3722=VERTEX_POINT('',#12350);
#3723=VERTEX_POINT('',#12354);
#3724=VERTEX_POINT('',#12359);
#3725=VERTEX_POINT('',#12360);
#3726=VERTEX_POINT('',#12362);
#3727=VERTEX_POINT('',#12364);
#3728=VERTEX_POINT('',#12369);
#3729=VERTEX_POINT('',#12373);
#3730=VERTEX_POINT('',#12380);
#3731=VERTEX_POINT('',#12384);
#3732=VERTEX_POINT('',#12387);
#3733=VERTEX_POINT('',#12398);
#3734=VERTEX_POINT('',#12399);
#3735=VERTEX_POINT('',#12401);
#3736=VERTEX_POINT('',#12403);
#3737=VERTEX_POINT('',#12407);
#3738=VERTEX_POINT('',#12409);
#3739=VERTEX_POINT('',#12413);
#3740=VERTEX_POINT('',#12415);
#3741=VERTEX_POINT('',#12422);
#3742=VERTEX_POINT('',#12424);
#3743=VERTEX_POINT('',#12426);
#3744=VERTEX_POINT('',#12428);
#3745=VERTEX_POINT('',#12430);
#3746=VERTEX_POINT('',#12432);
#3747=VERTEX_POINT('',#12436);
#3748=VERTEX_POINT('',#12441);
#3749=VERTEX_POINT('',#12442);
#3750=VERTEX_POINT('',#12444);
#3751=VERTEX_POINT('',#12446);
#3752=VERTEX_POINT('',#12451);
#3753=VERTEX_POINT('',#12455);
#3754=VERTEX_POINT('',#12462);
#3755=VERTEX_POINT('',#12466);
#3756=VERTEX_POINT('',#12469);
#3757=VERTEX_POINT('',#12480);
#3758=VERTEX_POINT('',#12481);
#3759=VERTEX_POINT('',#12483);
#3760=VERTEX_POINT('',#12485);
#3761=VERTEX_POINT('',#12489);
#3762=VERTEX_POINT('',#12491);
#3763=VERTEX_POINT('',#12495);
#3764=VERTEX_POINT('',#12497);
#3765=VERTEX_POINT('',#12504);
#3766=VERTEX_POINT('',#12506);
#3767=VERTEX_POINT('',#12508);
#3768=VERTEX_POINT('',#12510);
#3769=VERTEX_POINT('',#12512);
#3770=VERTEX_POINT('',#12514);
#3771=VERTEX_POINT('',#12518);
#3772=VERTEX_POINT('',#12523);
#3773=VERTEX_POINT('',#12524);
#3774=VERTEX_POINT('',#12526);
#3775=VERTEX_POINT('',#12528);
#3776=VERTEX_POINT('',#12533);
#3777=VERTEX_POINT('',#12537);
#3778=VERTEX_POINT('',#12544);
#3779=VERTEX_POINT('',#12548);
#3780=VERTEX_POINT('',#12551);
#3781=VERTEX_POINT('',#12562);
#3782=VERTEX_POINT('',#12563);
#3783=VERTEX_POINT('',#12565);
#3784=VERTEX_POINT('',#12567);
#3785=VERTEX_POINT('',#12571);
#3786=VERTEX_POINT('',#12573);
#3787=VERTEX_POINT('',#12577);
#3788=VERTEX_POINT('',#12579);
#3789=VERTEX_POINT('',#12586);
#3790=VERTEX_POINT('',#12588);
#3791=VERTEX_POINT('',#12590);
#3792=VERTEX_POINT('',#12592);
#3793=VERTEX_POINT('',#12594);
#3794=VERTEX_POINT('',#12596);
#3795=VERTEX_POINT('',#12600);
#3796=VERTEX_POINT('',#12605);
#3797=VERTEX_POINT('',#12606);
#3798=VERTEX_POINT('',#12608);
#3799=VERTEX_POINT('',#12610);
#3800=VERTEX_POINT('',#12615);
#3801=VERTEX_POINT('',#12619);
#3802=VERTEX_POINT('',#12626);
#3803=VERTEX_POINT('',#12630);
#3804=VERTEX_POINT('',#12633);
#3805=EDGE_CURVE('',#3119,#3120,#1059,.T.);
#3806=EDGE_CURVE('',#3121,#3119,#1060,.T.);
#3807=EDGE_CURVE('',#3122,#3121,#1061,.T.);
#3808=EDGE_CURVE('',#3122,#3120,#1062,.T.);
#3809=EDGE_CURVE('',#3120,#3123,#1063,.T.);
#3810=EDGE_CURVE('',#3124,#3122,#1064,.T.);
#3811=EDGE_CURVE('',#3124,#3123,#1065,.T.);
#3812=EDGE_CURVE('',#3123,#3125,#1066,.T.);
#3813=EDGE_CURVE('',#3126,#3124,#1067,.T.);
#3814=EDGE_CURVE('',#3125,#3126,#1068,.T.);
#3815=EDGE_CURVE('',#3127,#3128,#1069,.T.);
#3816=EDGE_CURVE('',#3129,#3127,#1070,.T.);
#3817=EDGE_CURVE('',#3130,#3129,#1071,.T.);
#3818=EDGE_CURVE('',#3128,#3130,#1072,.T.);
#3819=EDGE_CURVE('',#3128,#3131,#1073,.T.);
#3820=EDGE_CURVE('',#3132,#3130,#1074,.T.);
#3821=EDGE_CURVE('',#3131,#3132,#1075,.T.);
#3822=EDGE_CURVE('',#3131,#3133,#1076,.T.);
#3823=EDGE_CURVE('',#3134,#3132,#1077,.T.);
#3824=EDGE_CURVE('',#3133,#3134,#1078,.T.);
#3825=EDGE_CURVE('',#3129,#3135,#1079,.T.);
#3826=EDGE_CURVE('',#3135,#3136,#1080,.T.);
#3827=EDGE_CURVE('',#3136,#3137,#1081,.T.);
#3828=EDGE_CURVE('',#3137,#3138,#1082,.T.);
#3829=EDGE_CURVE('',#3138,#3139,#1083,.T.);
#3830=EDGE_CURVE('',#3139,#3140,#1084,.T.);
#3831=EDGE_CURVE('',#3140,#3134,#1085,.T.);
#3832=EDGE_CURVE('',#3127,#3141,#1086,.T.);
#3833=EDGE_CURVE('',#3141,#3142,#1087,.T.);
#3834=EDGE_CURVE('',#3142,#3143,#1088,.T.);
#3835=EDGE_CURVE('',#3135,#3143,#1089,.T.);
#3836=EDGE_CURVE('',#3144,#3126,#1090,.T.);
#3837=EDGE_CURVE('',#3145,#3144,#1091,.T.);
#3838=EDGE_CURVE('',#3145,#3146,#1092,.T.);
#3839=EDGE_CURVE('',#3146,#3147,#1093,.T.);
#3840=EDGE_CURVE('',#3147,#3125,#1094,.T.);
#3841=EDGE_CURVE('',#3148,#3147,#1095,.F.);
#3842=EDGE_CURVE('',#3148,#3149,#1096,.T.);
#3843=EDGE_CURVE('',#3149,#3150,#1097,.T.);
#3844=EDGE_CURVE('',#3151,#3150,#1098,.F.);
#3845=EDGE_CURVE('',#3151,#3152,#1099,.T.);
#3846=EDGE_CURVE('',#3119,#3152,#1100,.T.);
#3847=EDGE_CURVE('',#3153,#3142,#1101,.T.);
#3848=EDGE_CURVE('',#3154,#3153,#1102,.T.);
#3849=EDGE_CURVE('',#3143,#3154,#1103,.T.);
#3850=EDGE_CURVE('',#3155,#3156,#1104,.T.);
#3851=EDGE_CURVE('',#3157,#3155,#1105,.T.);
#3852=EDGE_CURVE('',#3158,#3157,#1106,.T.);
#3853=EDGE_CURVE('',#3159,#3158,#1107,.T.);
#3854=EDGE_CURVE('',#3159,#3160,#1108,.T.);
#3855=EDGE_CURVE('',#3156,#3160,#1109,.T.);
#3856=EDGE_CURVE('',#3158,#3161,#1110,.T.);
#3857=EDGE_CURVE('',#3162,#3157,#1111,.T.);
#3858=EDGE_CURVE('',#3161,#3162,#1112,.T.);
#3859=EDGE_CURVE('',#3163,#3164,#1113,.T.);
#3860=EDGE_CURVE('',#3160,#3163,#1114,.T.);
#3861=EDGE_CURVE('',#3165,#3159,#1115,.T.);
#3862=EDGE_CURVE('',#3166,#3165,#1116,.T.);
#3863=EDGE_CURVE('',#3164,#3166,#1117,.T.);
#3864=EDGE_CURVE('',#3167,#3155,#1118,.T.);
#3865=EDGE_CURVE('',#3164,#3167,#1119,.T.);
#3866=EDGE_CURVE('',#3168,#3166,#1120,.T.);
#3867=EDGE_CURVE('',#3169,#3168,#1121,.T.);
#3868=EDGE_CURVE('',#3162,#3169,#1122,.T.);
#3869=EDGE_CURVE('',#3170,#3165,#1123,.T.);
#3870=EDGE_CURVE('',#3170,#3171,#1124,.T.);
#3871=EDGE_CURVE('',#3172,#3171,#1125,.T.);
#3872=EDGE_CURVE('',#3168,#3172,#1126,.T.);
#3873=EDGE_CURVE('',#3173,#3174,#1127,.T.);
#3874=EDGE_CURVE('',#3175,#3173,#1128,.T.);
#3875=EDGE_CURVE('',#3176,#3175,#1129,.T.);
#3876=EDGE_CURVE('',#3174,#3176,#1130,.T.);
#3877=EDGE_CURVE('',#3154,#3177,#1131,.T.);
#3878=EDGE_CURVE('',#3177,#3145,#1132,.T.);
#3879=EDGE_CURVE('',#3178,#3144,#1133,.T.);
#3880=EDGE_CURVE('',#3179,#3178,#1134,.T.);
#3881=EDGE_CURVE('',#3179,#3180,#1135,.T.);
#3882=EDGE_CURVE('',#3180,#3181,#1136,.T.);
#3883=EDGE_CURVE('',#3181,#3182,#1137,.T.);
#3884=EDGE_CURVE('',#3182,#3183,#1138,.T.);
#3885=EDGE_CURVE('',#3183,#3184,#1139,.T.);
#3886=EDGE_CURVE('',#3185,#3184,#1140,.T.);
#3887=EDGE_CURVE('',#3185,#3186,#1141,.T.);
#3888=EDGE_CURVE('',#3186,#3187,#1142,.T.);
#3889=EDGE_CURVE('',#3187,#3188,#1143,.T.);
#3890=EDGE_CURVE('',#3189,#3188,#1144,.T.);
#3891=EDGE_CURVE('',#3189,#3190,#1145,.T.);
#3892=EDGE_CURVE('',#3190,#3191,#1146,.T.);
#3893=EDGE_CURVE('',#3191,#3192,#1147,.T.);
#3894=EDGE_CURVE('',#3193,#3192,#1148,.T.);
#3895=EDGE_CURVE('',#3193,#3194,#1149,.T.);
#3896=EDGE_CURVE('',#3194,#3195,#1150,.T.);
#3897=EDGE_CURVE('',#3195,#3196,#1151,.T.);
#3898=EDGE_CURVE('',#3197,#3196,#1152,.T.);
#3899=EDGE_CURVE('',#3197,#3198,#1153,.T.);
#3900=EDGE_CURVE('',#3198,#3199,#1154,.T.);
#3901=EDGE_CURVE('',#3199,#3200,#1155,.T.);
#3902=EDGE_CURVE('',#3201,#3200,#1156,.T.);
#3903=EDGE_CURVE('',#3201,#3202,#1157,.T.);
#3904=EDGE_CURVE('',#3202,#3203,#1158,.T.);
#3905=EDGE_CURVE('',#3203,#3204,#1159,.T.);
#3906=EDGE_CURVE('',#3205,#3204,#1160,.T.);
#3907=EDGE_CURVE('',#3205,#3206,#1161,.T.);
#3908=EDGE_CURVE('',#3206,#3207,#1162,.T.);
#3909=EDGE_CURVE('',#3207,#3208,#1163,.T.);
#3910=EDGE_CURVE('',#3209,#3208,#1164,.T.);
#3911=EDGE_CURVE('',#3209,#3210,#1165,.T.);
#3912=EDGE_CURVE('',#3210,#3211,#1166,.T.);
#3913=EDGE_CURVE('',#3211,#3212,#1167,.T.);
#3914=EDGE_CURVE('',#3213,#3212,#1168,.T.);
#3915=EDGE_CURVE('',#3213,#3214,#1169,.T.);
#3916=EDGE_CURVE('',#3214,#3215,#1170,.T.);
#3917=EDGE_CURVE('',#3215,#3216,#1171,.T.);
#3918=EDGE_CURVE('',#3217,#3216,#1172,.T.);
#3919=EDGE_CURVE('',#3217,#3218,#1173,.T.);
#3920=EDGE_CURVE('',#3218,#3219,#1174,.T.);
#3921=EDGE_CURVE('',#3219,#3220,#1175,.T.);
#3922=EDGE_CURVE('',#3221,#3220,#1176,.T.);
#3923=EDGE_CURVE('',#3221,#3222,#1177,.T.);
#3924=EDGE_CURVE('',#3222,#3223,#1178,.T.);
#3925=EDGE_CURVE('',#3223,#3224,#1179,.T.);
#3926=EDGE_CURVE('',#3225,#3224,#1180,.T.);
#3927=EDGE_CURVE('',#3225,#3226,#1181,.T.);
#3928=EDGE_CURVE('',#3226,#3227,#1182,.T.);
#3929=EDGE_CURVE('',#3227,#3228,#1183,.T.);
#3930=EDGE_CURVE('',#3229,#3228,#1184,.T.);
#3931=EDGE_CURVE('',#3229,#3230,#1185,.T.);
#3932=EDGE_CURVE('',#3230,#3231,#1186,.T.);
#3933=EDGE_CURVE('',#3231,#3232,#1187,.T.);
#3934=EDGE_CURVE('',#3233,#3232,#1188,.T.);
#3935=EDGE_CURVE('',#3233,#3234,#1189,.T.);
#3936=EDGE_CURVE('',#3234,#3235,#1190,.T.);
#3937=EDGE_CURVE('',#3235,#3236,#1191,.T.);
#3938=EDGE_CURVE('',#3237,#3236,#1192,.T.);
#3939=EDGE_CURVE('',#3237,#3170,#1193,.T.);
#3940=EDGE_CURVE('',#3136,#3161,#1194,.T.);
#3941=EDGE_CURVE('',#3238,#3133,#1195,.T.);
#3942=EDGE_CURVE('',#3238,#3239,#1196,.T.);
#3943=EDGE_CURVE('',#3167,#3239,#1197,.T.);
#3944=EDGE_CURVE('',#3141,#3156,#1198,.T.);
#3945=EDGE_CURVE('',#3240,#3137,#1199,.T.);
#3946=EDGE_CURVE('',#3240,#3241,#1200,.T.);
#3947=EDGE_CURVE('',#3138,#3241,#1201,.T.);
#3948=EDGE_CURVE('',#3242,#3243,#1202,.T.);
#3949=EDGE_CURVE('',#3243,#3244,#1203,.T.);
#3950=EDGE_CURVE('',#3244,#3245,#1204,.T.);
#3951=EDGE_CURVE('',#3245,#3242,#1205,.T.);
#3952=EDGE_CURVE('',#3241,#3246,#1206,.T.);
#3953=EDGE_CURVE('',#3139,#3246,#1207,.T.);
#3954=EDGE_CURVE('',#3245,#3240,#1208,.T.);
#3955=EDGE_CURVE('',#3246,#3244,#1209,.T.);
#3956=EDGE_CURVE('',#3247,#3153,#1210,.T.);
#3957=EDGE_CURVE('',#3177,#3247,#1211,.T.);
#3958=EDGE_CURVE('',#3146,#3247,#1212,.T.);
#3959=EDGE_CURVE('',#3248,#3249,#1213,.T.);
#3960=EDGE_CURVE('',#3248,#3250,#1214,.T.);
#3961=EDGE_CURVE('',#3182,#3250,#1215,.T.);
#3962=EDGE_CURVE('',#3181,#3251,#1216,.T.);
#3963=EDGE_CURVE('',#3249,#3251,#1217,.T.);
#3964=EDGE_CURVE('',#3251,#3148,#1218,.T.);
#3965=EDGE_CURVE('',#3180,#3252,#1219,.T.);
#3966=EDGE_CURVE('',#3252,#3149,#1220,.T.);
#3967=EDGE_CURVE('',#3253,#3179,#1221,.T.);
#3968=EDGE_CURVE('',#3253,#3252,#1222,.T.);
#3969=EDGE_CURVE('',#3150,#3248,#1223,.T.);
#3970=EDGE_CURVE('',#3254,#3253,#1224,.T.);
#3971=EDGE_CURVE('',#3255,#3254,#1225,.T.);
#3972=EDGE_CURVE('',#3250,#3255,#1226,.T.);
#3973=EDGE_CURVE('',#3255,#3256,#1227,.T.);
#3974=EDGE_CURVE('',#3257,#3256,#1228,.T.);
#3975=EDGE_CURVE('',#3183,#3257,#1229,.T.);
#3976=EDGE_CURVE('',#3258,#3259,#1230,.T.);
#3977=EDGE_CURVE('',#3260,#3258,#1231,.T.);
#3978=EDGE_CURVE('',#3261,#3260,#1232,.T.);
#3979=EDGE_CURVE('',#3259,#3261,#1233,.T.);
#3980=EDGE_CURVE('',#3163,#3249,#1234,.F.);
#3981=EDGE_CURVE('',#3262,#3263,#1235,.T.);
#3982=EDGE_CURVE('',#3263,#3264,#1236,.T.);
#3983=EDGE_CURVE('',#3265,#3264,#1237,.T.);
#3984=EDGE_CURVE('',#3262,#3265,#1238,.T.);
#3985=EDGE_CURVE('',#3266,#3267,#1239,.T.);
#3986=EDGE_CURVE('',#3267,#3268,#1240,.T.);
#3987=EDGE_CURVE('',#3269,#3268,#1241,.T.);
#3988=EDGE_CURVE('',#3266,#3269,#1242,.T.);
#3989=EDGE_CURVE('',#3267,#3270,#1243,.T.);
#3990=EDGE_CURVE('',#3270,#3271,#1244,.T.);
#3991=EDGE_CURVE('',#3268,#3271,#1245,.T.);
#3992=EDGE_CURVE('',#3271,#3265,#1246,.T.);
#3993=EDGE_CURVE('',#3269,#3264,#1247,.T.);
#3994=EDGE_CURVE('',#3266,#3178,#1248,.T.);
#3995=EDGE_CURVE('',#3264,#3272,#1249,.T.);
#3996=EDGE_CURVE('',#3272,#3254,#1250,.T.);
#3997=EDGE_CURVE('',#3273,#3257,#1251,.T.);
#3998=EDGE_CURVE('',#3184,#3273,#1252,.T.);
#3999=EDGE_CURVE('',#3256,#3272,#1253,.T.);
#4000=EDGE_CURVE('',#3273,#3274,#1254,.T.);
#4001=EDGE_CURVE('',#3274,#3185,#1255,.T.);
#4002=EDGE_CURVE('',#3275,#3260,#1256,.T.);
#4003=EDGE_CURVE('',#3276,#3275,#1257,.T.);
#4004=EDGE_CURVE('',#3276,#3261,#1258,.T.);
#4005=EDGE_CURVE('',#3277,#3258,#1259,.T.);
#4006=EDGE_CURVE('',#3275,#3277,#1260,.T.);
#4007=EDGE_CURVE('',#3278,#3259,#1261,.T.);
#4008=EDGE_CURVE('',#3277,#3278,#1262,.T.);
#4009=EDGE_CURVE('',#3278,#3276,#1263,.T.);
#4010=EDGE_CURVE('',#3279,#3280,#1264,.T.);
#4011=EDGE_CURVE('',#3188,#3279,#1265,.T.);
#4012=EDGE_CURVE('',#3187,#3280,#1266,.T.);
#4013=EDGE_CURVE('',#3280,#3281,#1267,.T.);
#4014=EDGE_CURVE('',#3186,#3281,#1268,.T.);
#4015=EDGE_CURVE('',#3282,#3283,#1269,.T.);
#4016=EDGE_CURVE('',#3284,#3282,#1270,.T.);
#4017=EDGE_CURVE('',#3285,#3284,#1271,.T.);
#4018=EDGE_CURVE('',#3283,#3285,#1272,.T.);
#4019=EDGE_CURVE('',#3281,#3274,#1273,.T.);
#4020=EDGE_CURVE('',#3279,#3286,#1274,.T.);
#4021=EDGE_CURVE('',#3286,#3189,#1275,.T.);
#4022=EDGE_CURVE('',#3287,#3284,#1276,.T.);
#4023=EDGE_CURVE('',#3288,#3287,#1277,.T.);
#4024=EDGE_CURVE('',#3288,#3285,#1278,.T.);
#4025=EDGE_CURVE('',#3289,#3282,#1279,.T.);
#4026=EDGE_CURVE('',#3287,#3289,#1280,.T.);
#4027=EDGE_CURVE('',#3290,#3283,#1281,.T.);
#4028=EDGE_CURVE('',#3289,#3290,#1282,.T.);
#4029=EDGE_CURVE('',#3290,#3288,#1283,.T.);
#4030=EDGE_CURVE('',#3291,#3292,#1284,.T.);
#4031=EDGE_CURVE('',#3192,#3291,#1285,.T.);
#4032=EDGE_CURVE('',#3191,#3292,#1286,.T.);
#4033=EDGE_CURVE('',#3292,#3293,#1287,.T.);
#4034=EDGE_CURVE('',#3190,#3293,#1288,.T.);
#4035=EDGE_CURVE('',#3294,#3295,#1289,.T.);
#4036=EDGE_CURVE('',#3296,#3294,#1290,.T.);
#4037=EDGE_CURVE('',#3297,#3296,#1291,.T.);
#4038=EDGE_CURVE('',#3295,#3297,#1292,.T.);
#4039=EDGE_CURVE('',#3293,#3286,#1293,.T.);
#4040=EDGE_CURVE('',#3291,#3298,#1294,.T.);
#4041=EDGE_CURVE('',#3298,#3193,#1295,.T.);
#4042=EDGE_CURVE('',#3299,#3296,#1296,.T.);
#4043=EDGE_CURVE('',#3300,#3299,#1297,.T.);
#4044=EDGE_CURVE('',#3300,#3297,#1298,.T.);
#4045=EDGE_CURVE('',#3301,#3294,#1299,.T.);
#4046=EDGE_CURVE('',#3299,#3301,#1300,.T.);
#4047=EDGE_CURVE('',#3302,#3295,#1301,.T.);
#4048=EDGE_CURVE('',#3301,#3302,#1302,.T.);
#4049=EDGE_CURVE('',#3302,#3300,#1303,.T.);
#4050=EDGE_CURVE('',#3303,#3304,#1304,.T.);
#4051=EDGE_CURVE('',#3196,#3303,#1305,.T.);
#4052=EDGE_CURVE('',#3195,#3304,#1306,.T.);
#4053=EDGE_CURVE('',#3304,#3305,#1307,.T.);
#4054=EDGE_CURVE('',#3194,#3305,#1308,.T.);
#4055=EDGE_CURVE('',#3306,#3307,#1309,.T.);
#4056=EDGE_CURVE('',#3308,#3306,#1310,.T.);
#4057=EDGE_CURVE('',#3309,#3308,#1311,.T.);
#4058=EDGE_CURVE('',#3307,#3309,#1312,.T.);
#4059=EDGE_CURVE('',#3305,#3298,#1313,.T.);
#4060=EDGE_CURVE('',#3303,#3310,#1314,.T.);
#4061=EDGE_CURVE('',#3310,#3197,#1315,.T.);
#4062=EDGE_CURVE('',#3311,#3308,#1316,.T.);
#4063=EDGE_CURVE('',#3312,#3311,#1317,.T.);
#4064=EDGE_CURVE('',#3312,#3309,#1318,.T.);
#4065=EDGE_CURVE('',#3313,#3306,#1319,.T.);
#4066=EDGE_CURVE('',#3311,#3313,#1320,.T.);
#4067=EDGE_CURVE('',#3314,#3307,#1321,.T.);
#4068=EDGE_CURVE('',#3313,#3314,#1322,.T.);
#4069=EDGE_CURVE('',#3314,#3312,#1323,.T.);
#4070=EDGE_CURVE('',#3315,#3316,#1324,.T.);
#4071=EDGE_CURVE('',#3200,#3315,#1325,.T.);
#4072=EDGE_CURVE('',#3199,#3316,#1326,.T.);
#4073=EDGE_CURVE('',#3316,#3317,#1327,.T.);
#4074=EDGE_CURVE('',#3198,#3317,#1328,.T.);
#4075=EDGE_CURVE('',#3318,#3319,#1329,.T.);
#4076=EDGE_CURVE('',#3320,#3318,#1330,.T.);
#4077=EDGE_CURVE('',#3321,#3320,#1331,.T.);
#4078=EDGE_CURVE('',#3319,#3321,#1332,.T.);
#4079=EDGE_CURVE('',#3317,#3310,#1333,.T.);
#4080=EDGE_CURVE('',#3315,#3322,#1334,.T.);
#4081=EDGE_CURVE('',#3322,#3201,#1335,.T.);
#4082=EDGE_CURVE('',#3323,#3320,#1336,.T.);
#4083=EDGE_CURVE('',#3324,#3323,#1337,.T.);
#4084=EDGE_CURVE('',#3324,#3321,#1338,.T.);
#4085=EDGE_CURVE('',#3325,#3318,#1339,.T.);
#4086=EDGE_CURVE('',#3323,#3325,#1340,.T.);
#4087=EDGE_CURVE('',#3326,#3319,#1341,.T.);
#4088=EDGE_CURVE('',#3325,#3326,#1342,.T.);
#4089=EDGE_CURVE('',#3326,#3324,#1343,.T.);
#4090=EDGE_CURVE('',#3327,#3328,#1344,.T.);
#4091=EDGE_CURVE('',#3204,#3327,#1345,.T.);
#4092=EDGE_CURVE('',#3203,#3328,#1346,.T.);
#4093=EDGE_CURVE('',#3328,#3329,#1347,.T.);
#4094=EDGE_CURVE('',#3202,#3329,#1348,.T.);
#4095=EDGE_CURVE('',#3330,#3331,#1349,.T.);
#4096=EDGE_CURVE('',#3332,#3330,#1350,.T.);
#4097=EDGE_CURVE('',#3333,#3332,#1351,.T.);
#4098=EDGE_CURVE('',#3331,#3333,#1352,.T.);
#4099=EDGE_CURVE('',#3329,#3322,#1353,.T.);
#4100=EDGE_CURVE('',#3327,#3334,#1354,.T.);
#4101=EDGE_CURVE('',#3334,#3205,#1355,.T.);
#4102=EDGE_CURVE('',#3335,#3332,#1356,.T.);
#4103=EDGE_CURVE('',#3336,#3335,#1357,.T.);
#4104=EDGE_CURVE('',#3336,#3333,#1358,.T.);
#4105=EDGE_CURVE('',#3337,#3330,#1359,.T.);
#4106=EDGE_CURVE('',#3335,#3337,#1360,.T.);
#4107=EDGE_CURVE('',#3338,#3331,#1361,.T.);
#4108=EDGE_CURVE('',#3337,#3338,#1362,.T.);
#4109=EDGE_CURVE('',#3338,#3336,#1363,.T.);
#4110=EDGE_CURVE('',#3339,#3340,#1364,.T.);
#4111=EDGE_CURVE('',#3208,#3339,#1365,.T.);
#4112=EDGE_CURVE('',#3207,#3340,#1366,.T.);
#4113=EDGE_CURVE('',#3340,#3341,#1367,.T.);
#4114=EDGE_CURVE('',#3206,#3341,#1368,.T.);
#4115=EDGE_CURVE('',#3342,#3343,#1369,.T.);
#4116=EDGE_CURVE('',#3344,#3342,#1370,.T.);
#4117=EDGE_CURVE('',#3345,#3344,#1371,.T.);
#4118=EDGE_CURVE('',#3343,#3345,#1372,.T.);
#4119=EDGE_CURVE('',#3341,#3334,#1373,.T.);
#4120=EDGE_CURVE('',#3339,#3346,#1374,.T.);
#4121=EDGE_CURVE('',#3346,#3209,#1375,.T.);
#4122=EDGE_CURVE('',#3347,#3344,#1376,.T.);
#4123=EDGE_CURVE('',#3348,#3347,#1377,.T.);
#4124=EDGE_CURVE('',#3348,#3345,#1378,.T.);
#4125=EDGE_CURVE('',#3349,#3342,#1379,.T.);
#4126=EDGE_CURVE('',#3347,#3349,#1380,.T.);
#4127=EDGE_CURVE('',#3350,#3343,#1381,.T.);
#4128=EDGE_CURVE('',#3349,#3350,#1382,.T.);
#4129=EDGE_CURVE('',#3350,#3348,#1383,.T.);
#4130=EDGE_CURVE('',#3351,#3352,#1384,.T.);
#4131=EDGE_CURVE('',#3212,#3351,#1385,.T.);
#4132=EDGE_CURVE('',#3211,#3352,#1386,.T.);
#4133=EDGE_CURVE('',#3352,#3353,#1387,.T.);
#4134=EDGE_CURVE('',#3210,#3353,#1388,.T.);
#4135=EDGE_CURVE('',#3354,#3355,#1389,.T.);
#4136=EDGE_CURVE('',#3356,#3354,#1390,.T.);
#4137=EDGE_CURVE('',#3357,#3356,#1391,.T.);
#4138=EDGE_CURVE('',#3355,#3357,#1392,.T.);
#4139=EDGE_CURVE('',#3353,#3346,#1393,.T.);
#4140=EDGE_CURVE('',#3351,#3358,#1394,.T.);
#4141=EDGE_CURVE('',#3358,#3213,#1395,.T.);
#4142=EDGE_CURVE('',#3359,#3356,#1396,.T.);
#4143=EDGE_CURVE('',#3360,#3359,#1397,.T.);
#4144=EDGE_CURVE('',#3360,#3357,#1398,.T.);
#4145=EDGE_CURVE('',#3361,#3354,#1399,.T.);
#4146=EDGE_CURVE('',#3359,#3361,#1400,.T.);
#4147=EDGE_CURVE('',#3362,#3355,#1401,.T.);
#4148=EDGE_CURVE('',#3361,#3362,#1402,.T.);
#4149=EDGE_CURVE('',#3362,#3360,#1403,.T.);
#4150=EDGE_CURVE('',#3363,#3364,#1404,.T.);
#4151=EDGE_CURVE('',#3216,#3363,#1405,.T.);
#4152=EDGE_CURVE('',#3215,#3364,#1406,.T.);
#4153=EDGE_CURVE('',#3364,#3365,#1407,.T.);
#4154=EDGE_CURVE('',#3214,#3365,#1408,.T.);
#4155=EDGE_CURVE('',#3366,#3367,#1409,.T.);
#4156=EDGE_CURVE('',#3368,#3366,#1410,.T.);
#4157=EDGE_CURVE('',#3369,#3368,#1411,.T.);
#4158=EDGE_CURVE('',#3367,#3369,#1412,.T.);
#4159=EDGE_CURVE('',#3365,#3358,#1413,.T.);
#4160=EDGE_CURVE('',#3363,#3370,#1414,.T.);
#4161=EDGE_CURVE('',#3370,#3217,#1415,.T.);
#4162=EDGE_CURVE('',#3371,#3368,#1416,.T.);
#4163=EDGE_CURVE('',#3372,#3371,#1417,.T.);
#4164=EDGE_CURVE('',#3372,#3369,#1418,.T.);
#4165=EDGE_CURVE('',#3373,#3366,#1419,.T.);
#4166=EDGE_CURVE('',#3371,#3373,#1420,.T.);
#4167=EDGE_CURVE('',#3374,#3367,#1421,.T.);
#4168=EDGE_CURVE('',#3373,#3374,#1422,.T.);
#4169=EDGE_CURVE('',#3374,#3372,#1423,.T.);
#4170=EDGE_CURVE('',#3375,#3376,#1424,.T.);
#4171=EDGE_CURVE('',#3220,#3375,#1425,.T.);
#4172=EDGE_CURVE('',#3219,#3376,#1426,.T.);
#4173=EDGE_CURVE('',#3376,#3377,#1427,.T.);
#4174=EDGE_CURVE('',#3218,#3377,#1428,.T.);
#4175=EDGE_CURVE('',#3378,#3379,#1429,.T.);
#4176=EDGE_CURVE('',#3380,#3378,#1430,.T.);
#4177=EDGE_CURVE('',#3381,#3380,#1431,.T.);
#4178=EDGE_CURVE('',#3379,#3381,#1432,.T.);
#4179=EDGE_CURVE('',#3377,#3370,#1433,.T.);
#4180=EDGE_CURVE('',#3375,#3382,#1434,.T.);
#4181=EDGE_CURVE('',#3382,#3221,#1435,.T.);
#4182=EDGE_CURVE('',#3383,#3380,#1436,.T.);
#4183=EDGE_CURVE('',#3384,#3383,#1437,.T.);
#4184=EDGE_CURVE('',#3384,#3381,#1438,.T.);
#4185=EDGE_CURVE('',#3385,#3378,#1439,.T.);
#4186=EDGE_CURVE('',#3383,#3385,#1440,.T.);
#4187=EDGE_CURVE('',#3386,#3379,#1441,.T.);
#4188=EDGE_CURVE('',#3385,#3386,#1442,.T.);
#4189=EDGE_CURVE('',#3386,#3384,#1443,.T.);
#4190=EDGE_CURVE('',#3387,#3388,#1444,.T.);
#4191=EDGE_CURVE('',#3224,#3387,#1445,.T.);
#4192=EDGE_CURVE('',#3223,#3388,#1446,.T.);
#4193=EDGE_CURVE('',#3388,#3389,#1447,.T.);
#4194=EDGE_CURVE('',#3222,#3389,#1448,.T.);
#4195=EDGE_CURVE('',#3390,#3391,#1449,.T.);
#4196=EDGE_CURVE('',#3392,#3390,#1450,.T.);
#4197=EDGE_CURVE('',#3393,#3392,#1451,.T.);
#4198=EDGE_CURVE('',#3391,#3393,#1452,.T.);
#4199=EDGE_CURVE('',#3389,#3382,#1453,.T.);
#4200=EDGE_CURVE('',#3387,#3394,#1454,.T.);
#4201=EDGE_CURVE('',#3394,#3225,#1455,.T.);
#4202=EDGE_CURVE('',#3395,#3392,#1456,.T.);
#4203=EDGE_CURVE('',#3396,#3395,#1457,.T.);
#4204=EDGE_CURVE('',#3396,#3393,#1458,.T.);
#4205=EDGE_CURVE('',#3397,#3390,#1459,.T.);
#4206=EDGE_CURVE('',#3395,#3397,#1460,.T.);
#4207=EDGE_CURVE('',#3398,#3391,#1461,.T.);
#4208=EDGE_CURVE('',#3397,#3398,#1462,.T.);
#4209=EDGE_CURVE('',#3398,#3396,#1463,.T.);
#4210=EDGE_CURVE('',#3399,#3400,#1464,.T.);
#4211=EDGE_CURVE('',#3228,#3399,#1465,.T.);
#4212=EDGE_CURVE('',#3227,#3400,#1466,.T.);
#4213=EDGE_CURVE('',#3400,#3401,#1467,.T.);
#4214=EDGE_CURVE('',#3226,#3401,#1468,.T.);
#4215=EDGE_CURVE('',#3402,#3403,#1469,.T.);
#4216=EDGE_CURVE('',#3404,#3402,#1470,.T.);
#4217=EDGE_CURVE('',#3405,#3404,#1471,.T.);
#4218=EDGE_CURVE('',#3403,#3405,#1472,.T.);
#4219=EDGE_CURVE('',#3401,#3394,#1473,.T.);
#4220=EDGE_CURVE('',#3399,#3406,#1474,.T.);
#4221=EDGE_CURVE('',#3406,#3229,#1475,.T.);
#4222=EDGE_CURVE('',#3407,#3404,#1476,.T.);
#4223=EDGE_CURVE('',#3408,#3407,#1477,.T.);
#4224=EDGE_CURVE('',#3408,#3405,#1478,.T.);
#4225=EDGE_CURVE('',#3409,#3402,#1479,.T.);
#4226=EDGE_CURVE('',#3407,#3409,#1480,.T.);
#4227=EDGE_CURVE('',#3410,#3403,#1481,.T.);
#4228=EDGE_CURVE('',#3409,#3410,#1482,.T.);
#4229=EDGE_CURVE('',#3410,#3408,#1483,.T.);
#4230=EDGE_CURVE('',#3411,#3412,#1484,.T.);
#4231=EDGE_CURVE('',#3232,#3411,#1485,.T.);
#4232=EDGE_CURVE('',#3231,#3412,#1486,.T.);
#4233=EDGE_CURVE('',#3412,#3413,#1487,.T.);
#4234=EDGE_CURVE('',#3230,#3413,#1488,.T.);
#4235=EDGE_CURVE('',#3414,#3415,#1489,.T.);
#4236=EDGE_CURVE('',#3416,#3414,#1490,.T.);
#4237=EDGE_CURVE('',#3417,#3416,#1491,.T.);
#4238=EDGE_CURVE('',#3415,#3417,#1492,.T.);
#4239=EDGE_CURVE('',#3413,#3406,#1493,.T.);
#4240=EDGE_CURVE('',#3411,#3418,#1494,.T.);
#4241=EDGE_CURVE('',#3418,#3233,#1495,.T.);
#4242=EDGE_CURVE('',#3419,#3416,#1496,.T.);
#4243=EDGE_CURVE('',#3420,#3419,#1497,.T.);
#4244=EDGE_CURVE('',#3420,#3417,#1498,.T.);
#4245=EDGE_CURVE('',#3421,#3414,#1499,.T.);
#4246=EDGE_CURVE('',#3419,#3421,#1500,.T.);
#4247=EDGE_CURVE('',#3422,#3415,#1501,.T.);
#4248=EDGE_CURVE('',#3421,#3422,#1502,.T.);
#4249=EDGE_CURVE('',#3422,#3420,#1503,.T.);
#4250=EDGE_CURVE('',#3423,#3424,#1504,.T.);
#4251=EDGE_CURVE('',#3236,#3423,#1505,.T.);
#4252=EDGE_CURVE('',#3235,#3424,#1506,.T.);
#4253=EDGE_CURVE('',#3424,#3425,#1507,.T.);
#4254=EDGE_CURVE('',#3234,#3425,#1508,.T.);
#4255=EDGE_CURVE('',#3426,#3427,#1509,.T.);
#4256=EDGE_CURVE('',#3428,#3426,#1510,.T.);
#4257=EDGE_CURVE('',#3429,#3428,#1511,.T.);
#4258=EDGE_CURVE('',#3427,#3429,#1512,.T.);
#4259=EDGE_CURVE('',#3425,#3418,#1513,.T.);
#4260=EDGE_CURVE('',#3423,#3430,#1514,.T.);
#4261=EDGE_CURVE('',#3430,#3237,#1515,.T.);
#4262=EDGE_CURVE('',#3431,#3428,#1516,.T.);
#4263=EDGE_CURVE('',#3432,#3431,#1517,.T.);
#4264=EDGE_CURVE('',#3432,#3429,#1518,.T.);
#4265=EDGE_CURVE('',#3433,#3426,#1519,.T.);
#4266=EDGE_CURVE('',#3431,#3433,#1520,.T.);
#4267=EDGE_CURVE('',#3434,#3427,#1521,.T.);
#4268=EDGE_CURVE('',#3433,#3434,#1522,.T.);
#4269=EDGE_CURVE('',#3434,#3432,#1523,.T.);
#4270=EDGE_CURVE('',#3171,#3430,#1524,.T.);
#4271=EDGE_CURVE('',#3435,#3172,#1525,.T.);
#4272=EDGE_CURVE('',#3169,#3435,#1526,.T.);
#4273=EDGE_CURVE('',#3436,#3263,#1527,.T.);
#4274=EDGE_CURVE('',#3437,#3436,#1528,.T.);
#4275=EDGE_CURVE('',#3437,#3242,#1529,.T.);
#4276=EDGE_CURVE('',#3435,#3245,#1530,.T.);
#4277=EDGE_CURVE('',#3438,#3175,#1531,.T.);
#4278=EDGE_CURVE('',#3439,#3438,#1532,.T.);
#4279=EDGE_CURVE('',#3439,#3176,#1533,.T.);
#4280=EDGE_CURVE('',#3440,#3173,#1534,.T.);
#4281=EDGE_CURVE('',#3438,#3440,#1535,.T.);
#4282=EDGE_CURVE('',#3441,#3174,#1536,.T.);
#4283=EDGE_CURVE('',#3440,#3441,#1537,.T.);
#4284=EDGE_CURVE('',#3441,#3439,#1538,.T.);
#4285=EDGE_CURVE('',#3151,#3239,#1539,.T.);
#4286=EDGE_CURVE('',#3152,#3238,#1540,.T.);
#4287=EDGE_CURVE('',#3442,#3437,#1541,.T.);
#4288=EDGE_CURVE('',#3243,#3442,#1542,.T.);
#4289=EDGE_CURVE('',#3443,#3262,#1543,.T.);
#4290=EDGE_CURVE('',#3436,#3443,#1544,.T.);
#4291=EDGE_CURVE('',#3140,#3442,#1545,.T.);
#4292=EDGE_CURVE('',#3443,#3444,#1546,.T.);
#4293=EDGE_CURVE('',#3121,#3444,#1547,.T.);
#4294=EDGE_CURVE('',#3444,#3270,#1548,.T.);
#4295=EDGE_CURVE('',#3445,#3446,#1549,.T.);
#4296=EDGE_CURVE('',#3446,#3447,#1550,.T.);
#4297=EDGE_CURVE('',#3447,#3448,#1551,.T.);
#4298=EDGE_CURVE('',#3445,#3448,#1552,.T.);
#4299=EDGE_CURVE('',#3446,#3449,#1553,.T.);
#4300=EDGE_CURVE('',#3449,#3450,#1554,.T.);
#4301=EDGE_CURVE('',#3450,#3447,#1555,.T.);
#4302=EDGE_CURVE('',#3449,#3451,#1556,.T.);
#4303=EDGE_CURVE('',#3451,#3452,#1557,.T.);
#4304=EDGE_CURVE('',#3452,#3450,#1558,.T.);
#4305=EDGE_CURVE('',#3448,#3452,#1559,.T.);
#4306=EDGE_CURVE('',#3451,#3445,#1560,.T.);
#4307=EDGE_CURVE('',#3453,#3448,#1561,.T.);
#4308=EDGE_CURVE('',#3454,#3453,#43,.T.);
#4309=EDGE_CURVE('',#3455,#3454,#1562,.T.);
#4310=EDGE_CURVE('',#3456,#3455,#1563,.T.);
#4311=EDGE_CURVE('',#3456,#3457,#1564,.T.);
#4312=EDGE_CURVE('',#3457,#3458,#44,.T.);
#4313=EDGE_CURVE('',#3458,#3452,#1565,.T.);
#4314=EDGE_CURVE('',#3459,#3447,#1566,.T.);
#4315=EDGE_CURVE('',#3459,#3453,#1567,.T.);
#4316=EDGE_CURVE('',#3460,#3461,#1568,.T.);
#4317=EDGE_CURVE('',#3461,#3462,#1569,.T.);
#4318=EDGE_CURVE('',#3462,#3463,#1570,.T.);
#4319=EDGE_CURVE('',#3460,#3463,#1571,.T.);
#4320=EDGE_CURVE('',#3461,#3456,#1572,.T.);
#4321=EDGE_CURVE('',#3456,#3464,#1573,.T.);
#4322=EDGE_CURVE('',#3464,#3462,#1574,.T.);
#4323=EDGE_CURVE('',#3463,#3465,#1575,.T.);
#4324=EDGE_CURVE('',#3465,#3455,#1576,.T.);
#4325=EDGE_CURVE('',#3455,#3460,#1577,.T.);
#4326=EDGE_CURVE('',#3465,#3464,#1578,.T.);
#4327=EDGE_CURVE('',#3461,#3466,#1579,.T.);
#4328=EDGE_CURVE('',#3457,#3466,#1580,.T.);
#4329=EDGE_CURVE('',#3467,#3450,#1581,.T.);
#4330=EDGE_CURVE('',#3466,#3467,#45,.T.);
#4331=EDGE_CURVE('',#3460,#3468,#1582,.T.);
#4332=EDGE_CURVE('',#3468,#3459,#46,.T.);
#4333=EDGE_CURVE('',#3458,#3467,#1583,.T.);
#4334=EDGE_CURVE('',#3468,#3454,#1584,.T.);
#4335=EDGE_CURVE('',#3469,#3470,#1585,.T.);
#4336=EDGE_CURVE('',#3470,#3471,#1586,.T.);
#4337=EDGE_CURVE('',#3471,#3472,#1587,.T.);
#4338=EDGE_CURVE('',#3469,#3472,#1588,.T.);
#4339=EDGE_CURVE('',#3470,#3473,#1589,.T.);
#4340=EDGE_CURVE('',#3473,#3474,#1590,.T.);
#4341=EDGE_CURVE('',#3474,#3471,#1591,.T.);
#4342=EDGE_CURVE('',#3473,#3475,#1592,.T.);
#4343=EDGE_CURVE('',#3475,#3476,#1593,.T.);
#4344=EDGE_CURVE('',#3476,#3474,#1594,.T.);
#4345=EDGE_CURVE('',#3472,#3476,#1595,.T.);
#4346=EDGE_CURVE('',#3475,#3469,#1596,.T.);
#4347=EDGE_CURVE('',#3477,#3472,#1597,.T.);
#4348=EDGE_CURVE('',#3478,#3477,#47,.T.);
#4349=EDGE_CURVE('',#3479,#3478,#1598,.T.);
#4350=EDGE_CURVE('',#3480,#3479,#1599,.T.);
#4351=EDGE_CURVE('',#3480,#3481,#1600,.T.);
#4352=EDGE_CURVE('',#3481,#3482,#48,.T.);
#4353=EDGE_CURVE('',#3482,#3476,#1601,.T.);
#4354=EDGE_CURVE('',#3483,#3471,#1602,.T.);
#4355=EDGE_CURVE('',#3483,#3477,#1603,.T.);
#4356=EDGE_CURVE('',#3484,#3485,#1604,.T.);
#4357=EDGE_CURVE('',#3485,#3486,#1605,.T.);
#4358=EDGE_CURVE('',#3486,#3487,#1606,.T.);
#4359=EDGE_CURVE('',#3484,#3487,#1607,.T.);
#4360=EDGE_CURVE('',#3485,#3480,#1608,.T.);
#4361=EDGE_CURVE('',#3480,#3488,#1609,.T.);
#4362=EDGE_CURVE('',#3488,#3486,#1610,.T.);
#4363=EDGE_CURVE('',#3487,#3489,#1611,.T.);
#4364=EDGE_CURVE('',#3489,#3479,#1612,.T.);
#4365=EDGE_CURVE('',#3479,#3484,#1613,.T.);
#4366=EDGE_CURVE('',#3489,#3488,#1614,.T.);
#4367=EDGE_CURVE('',#3485,#3490,#1615,.T.);
#4368=EDGE_CURVE('',#3481,#3490,#1616,.T.);
#4369=EDGE_CURVE('',#3491,#3474,#1617,.T.);
#4370=EDGE_CURVE('',#3490,#3491,#49,.T.);
#4371=EDGE_CURVE('',#3484,#3492,#1618,.T.);
#4372=EDGE_CURVE('',#3492,#3483,#50,.T.);
#4373=EDGE_CURVE('',#3482,#3491,#1619,.T.);
#4374=EDGE_CURVE('',#3492,#3478,#1620,.T.);
#4375=EDGE_CURVE('',#3493,#3494,#1621,.T.);
#4376=EDGE_CURVE('',#3494,#3495,#1622,.T.);
#4377=EDGE_CURVE('',#3495,#3496,#1623,.T.);
#4378=EDGE_CURVE('',#3493,#3496,#1624,.T.);
#4379=EDGE_CURVE('',#3494,#3497,#1625,.T.);
#4380=EDGE_CURVE('',#3497,#3498,#1626,.T.);
#4381=EDGE_CURVE('',#3498,#3495,#1627,.T.);
#4382=EDGE_CURVE('',#3497,#3499,#1628,.T.);
#4383=EDGE_CURVE('',#3499,#3500,#1629,.T.);
#4384=EDGE_CURVE('',#3500,#3498,#1630,.T.);
#4385=EDGE_CURVE('',#3496,#3500,#1631,.T.);
#4386=EDGE_CURVE('',#3499,#3493,#1632,.T.);
#4387=EDGE_CURVE('',#3501,#3496,#1633,.T.);
#4388=EDGE_CURVE('',#3502,#3501,#51,.T.);
#4389=EDGE_CURVE('',#3503,#3502,#1634,.T.);
#4390=EDGE_CURVE('',#3504,#3503,#1635,.T.);
#4391=EDGE_CURVE('',#3504,#3505,#1636,.T.);
#4392=EDGE_CURVE('',#3505,#3506,#52,.T.);
#4393=EDGE_CURVE('',#3506,#3500,#1637,.T.);
#4394=EDGE_CURVE('',#3507,#3495,#1638,.T.);
#4395=EDGE_CURVE('',#3507,#3501,#1639,.T.);
#4396=EDGE_CURVE('',#3508,#3509,#1640,.T.);
#4397=EDGE_CURVE('',#3509,#3510,#1641,.T.);
#4398=EDGE_CURVE('',#3510,#3511,#1642,.T.);
#4399=EDGE_CURVE('',#3508,#3511,#1643,.T.);
#4400=EDGE_CURVE('',#3509,#3504,#1644,.T.);
#4401=EDGE_CURVE('',#3504,#3512,#1645,.T.);
#4402=EDGE_CURVE('',#3512,#3510,#1646,.T.);
#4403=EDGE_CURVE('',#3511,#3513,#1647,.T.);
#4404=EDGE_CURVE('',#3513,#3503,#1648,.T.);
#4405=EDGE_CURVE('',#3503,#3508,#1649,.T.);
#4406=EDGE_CURVE('',#3513,#3512,#1650,.T.);
#4407=EDGE_CURVE('',#3509,#3514,#1651,.T.);
#4408=EDGE_CURVE('',#3505,#3514,#1652,.T.);
#4409=EDGE_CURVE('',#3515,#3498,#1653,.T.);
#4410=EDGE_CURVE('',#3514,#3515,#53,.T.);
#4411=EDGE_CURVE('',#3508,#3516,#1654,.T.);
#4412=EDGE_CURVE('',#3516,#3507,#54,.T.);
#4413=EDGE_CURVE('',#3506,#3515,#1655,.T.);
#4414=EDGE_CURVE('',#3516,#3502,#1656,.T.);
#4415=EDGE_CURVE('',#3517,#3518,#1657,.T.);
#4416=EDGE_CURVE('',#3518,#3519,#1658,.T.);
#4417=EDGE_CURVE('',#3519,#3520,#1659,.T.);
#4418=EDGE_CURVE('',#3517,#3520,#1660,.T.);
#4419=EDGE_CURVE('',#3518,#3521,#1661,.T.);
#4420=EDGE_CURVE('',#3521,#3522,#1662,.T.);
#4421=EDGE_CURVE('',#3522,#3519,#1663,.T.);
#4422=EDGE_CURVE('',#3521,#3523,#1664,.T.);
#4423=EDGE_CURVE('',#3523,#3524,#1665,.T.);
#4424=EDGE_CURVE('',#3524,#3522,#1666,.T.);
#4425=EDGE_CURVE('',#3520,#3524,#1667,.T.);
#4426=EDGE_CURVE('',#3523,#3517,#1668,.T.);
#4427=EDGE_CURVE('',#3525,#3520,#1669,.T.);
#4428=EDGE_CURVE('',#3526,#3525,#55,.T.);
#4429=EDGE_CURVE('',#3527,#3526,#1670,.T.);
#4430=EDGE_CURVE('',#3528,#3527,#1671,.T.);
#4431=EDGE_CURVE('',#3528,#3529,#1672,.T.);
#4432=EDGE_CURVE('',#3529,#3530,#56,.T.);
#4433=EDGE_CURVE('',#3530,#3524,#1673,.T.);
#4434=EDGE_CURVE('',#3531,#3519,#1674,.T.);
#4435=EDGE_CURVE('',#3531,#3525,#1675,.T.);
#4436=EDGE_CURVE('',#3532,#3533,#1676,.T.);
#4437=EDGE_CURVE('',#3533,#3534,#1677,.T.);
#4438=EDGE_CURVE('',#3534,#3535,#1678,.T.);
#4439=EDGE_CURVE('',#3532,#3535,#1679,.T.);
#4440=EDGE_CURVE('',#3533,#3528,#1680,.T.);
#4441=EDGE_CURVE('',#3528,#3536,#1681,.T.);
#4442=EDGE_CURVE('',#3536,#3534,#1682,.T.);
#4443=EDGE_CURVE('',#3535,#3537,#1683,.T.);
#4444=EDGE_CURVE('',#3537,#3527,#1684,.T.);
#4445=EDGE_CURVE('',#3527,#3532,#1685,.T.);
#4446=EDGE_CURVE('',#3537,#3536,#1686,.T.);
#4447=EDGE_CURVE('',#3533,#3538,#1687,.T.);
#4448=EDGE_CURVE('',#3529,#3538,#1688,.T.);
#4449=EDGE_CURVE('',#3539,#3522,#1689,.T.);
#4450=EDGE_CURVE('',#3538,#3539,#57,.T.);
#4451=EDGE_CURVE('',#3532,#3540,#1690,.T.);
#4452=EDGE_CURVE('',#3540,#3531,#58,.T.);
#4453=EDGE_CURVE('',#3530,#3539,#1691,.T.);
#4454=EDGE_CURVE('',#3540,#3526,#1692,.T.);
#4455=EDGE_CURVE('',#3541,#3542,#1693,.T.);
#4456=EDGE_CURVE('',#3542,#3543,#1694,.T.);
#4457=EDGE_CURVE('',#3543,#3544,#1695,.T.);
#4458=EDGE_CURVE('',#3541,#3544,#1696,.T.);
#4459=EDGE_CURVE('',#3542,#3545,#1697,.T.);
#4460=EDGE_CURVE('',#3545,#3546,#1698,.T.);
#4461=EDGE_CURVE('',#3546,#3543,#1699,.T.);
#4462=EDGE_CURVE('',#3545,#3547,#1700,.T.);
#4463=EDGE_CURVE('',#3547,#3548,#1701,.T.);
#4464=EDGE_CURVE('',#3548,#3546,#1702,.T.);
#4465=EDGE_CURVE('',#3544,#3548,#1703,.T.);
#4466=EDGE_CURVE('',#3547,#3541,#1704,.T.);
#4467=EDGE_CURVE('',#3549,#3544,#1705,.T.);
#4468=EDGE_CURVE('',#3550,#3549,#59,.T.);
#4469=EDGE_CURVE('',#3551,#3550,#1706,.T.);
#4470=EDGE_CURVE('',#3552,#3551,#1707,.T.);
#4471=EDGE_CURVE('',#3552,#3553,#1708,.T.);
#4472=EDGE_CURVE('',#3553,#3554,#60,.T.);
#4473=EDGE_CURVE('',#3554,#3548,#1709,.T.);
#4474=EDGE_CURVE('',#3555,#3543,#1710,.T.);
#4475=EDGE_CURVE('',#3555,#3549,#1711,.T.);
#4476=EDGE_CURVE('',#3556,#3557,#1712,.T.);
#4477=EDGE_CURVE('',#3557,#3558,#1713,.T.);
#4478=EDGE_CURVE('',#3558,#3559,#1714,.T.);
#4479=EDGE_CURVE('',#3556,#3559,#1715,.T.);
#4480=EDGE_CURVE('',#3557,#3552,#1716,.T.);
#4481=EDGE_CURVE('',#3552,#3560,#1717,.T.);
#4482=EDGE_CURVE('',#3560,#3558,#1718,.T.);
#4483=EDGE_CURVE('',#3559,#3561,#1719,.T.);
#4484=EDGE_CURVE('',#3561,#3551,#1720,.T.);
#4485=EDGE_CURVE('',#3551,#3556,#1721,.T.);
#4486=EDGE_CURVE('',#3561,#3560,#1722,.T.);
#4487=EDGE_CURVE('',#3557,#3562,#1723,.T.);
#4488=EDGE_CURVE('',#3553,#3562,#1724,.T.);
#4489=EDGE_CURVE('',#3563,#3546,#1725,.T.);
#4490=EDGE_CURVE('',#3562,#3563,#61,.T.);
#4491=EDGE_CURVE('',#3556,#3564,#1726,.T.);
#4492=EDGE_CURVE('',#3564,#3555,#62,.T.);
#4493=EDGE_CURVE('',#3554,#3563,#1727,.T.);
#4494=EDGE_CURVE('',#3564,#3550,#1728,.T.);
#4495=EDGE_CURVE('',#3565,#3566,#1729,.T.);
#4496=EDGE_CURVE('',#3566,#3567,#1730,.T.);
#4497=EDGE_CURVE('',#3567,#3568,#1731,.T.);
#4498=EDGE_CURVE('',#3565,#3568,#1732,.T.);
#4499=EDGE_CURVE('',#3566,#3569,#1733,.T.);
#4500=EDGE_CURVE('',#3569,#3570,#1734,.T.);
#4501=EDGE_CURVE('',#3570,#3567,#1735,.T.);
#4502=EDGE_CURVE('',#3569,#3571,#1736,.T.);
#4503=EDGE_CURVE('',#3571,#3572,#1737,.T.);
#4504=EDGE_CURVE('',#3572,#3570,#1738,.T.);
#4505=EDGE_CURVE('',#3568,#3572,#1739,.T.);
#4506=EDGE_CURVE('',#3571,#3565,#1740,.T.);
#4507=EDGE_CURVE('',#3573,#3568,#1741,.T.);
#4508=EDGE_CURVE('',#3574,#3573,#63,.T.);
#4509=EDGE_CURVE('',#3575,#3574,#1742,.T.);
#4510=EDGE_CURVE('',#3576,#3575,#1743,.T.);
#4511=EDGE_CURVE('',#3576,#3577,#1744,.T.);
#4512=EDGE_CURVE('',#3577,#3578,#64,.T.);
#4513=EDGE_CURVE('',#3578,#3572,#1745,.T.);
#4514=EDGE_CURVE('',#3579,#3567,#1746,.T.);
#4515=EDGE_CURVE('',#3579,#3573,#1747,.T.);
#4516=EDGE_CURVE('',#3580,#3581,#1748,.T.);
#4517=EDGE_CURVE('',#3581,#3582,#1749,.T.);
#4518=EDGE_CURVE('',#3582,#3583,#1750,.T.);
#4519=EDGE_CURVE('',#3580,#3583,#1751,.T.);
#4520=EDGE_CURVE('',#3581,#3576,#1752,.T.);
#4521=EDGE_CURVE('',#3576,#3584,#1753,.T.);
#4522=EDGE_CURVE('',#3584,#3582,#1754,.T.);
#4523=EDGE_CURVE('',#3583,#3585,#1755,.T.);
#4524=EDGE_CURVE('',#3585,#3575,#1756,.T.);
#4525=EDGE_CURVE('',#3575,#3580,#1757,.T.);
#4526=EDGE_CURVE('',#3585,#3584,#1758,.T.);
#4527=EDGE_CURVE('',#3581,#3586,#1759,.T.);
#4528=EDGE_CURVE('',#3577,#3586,#1760,.T.);
#4529=EDGE_CURVE('',#3587,#3570,#1761,.T.);
#4530=EDGE_CURVE('',#3586,#3587,#65,.T.);
#4531=EDGE_CURVE('',#3580,#3588,#1762,.T.);
#4532=EDGE_CURVE('',#3588,#3579,#66,.T.);
#4533=EDGE_CURVE('',#3578,#3587,#1763,.T.);
#4534=EDGE_CURVE('',#3588,#3574,#1764,.T.);
#4535=EDGE_CURVE('',#3589,#3590,#1765,.T.);
#4536=EDGE_CURVE('',#3590,#3591,#1766,.T.);
#4537=EDGE_CURVE('',#3591,#3592,#1767,.T.);
#4538=EDGE_CURVE('',#3589,#3592,#1768,.T.);
#4539=EDGE_CURVE('',#3590,#3593,#1769,.T.);
#4540=EDGE_CURVE('',#3593,#3594,#1770,.T.);
#4541=EDGE_CURVE('',#3594,#3591,#1771,.T.);
#4542=EDGE_CURVE('',#3593,#3595,#1772,.T.);
#4543=EDGE_CURVE('',#3595,#3596,#1773,.T.);
#4544=EDGE_CURVE('',#3596,#3594,#1774,.T.);
#4545=EDGE_CURVE('',#3592,#3596,#1775,.T.);
#4546=EDGE_CURVE('',#3595,#3589,#1776,.T.);
#4547=EDGE_CURVE('',#3597,#3592,#1777,.T.);
#4548=EDGE_CURVE('',#3598,#3597,#67,.T.);
#4549=EDGE_CURVE('',#3599,#3598,#1778,.T.);
#4550=EDGE_CURVE('',#3600,#3599,#1779,.T.);
#4551=EDGE_CURVE('',#3600,#3601,#1780,.T.);
#4552=EDGE_CURVE('',#3601,#3602,#68,.T.);
#4553=EDGE_CURVE('',#3602,#3596,#1781,.T.);
#4554=EDGE_CURVE('',#3603,#3591,#1782,.T.);
#4555=EDGE_CURVE('',#3603,#3597,#1783,.T.);
#4556=EDGE_CURVE('',#3604,#3605,#1784,.T.);
#4557=EDGE_CURVE('',#3605,#3606,#1785,.T.);
#4558=EDGE_CURVE('',#3606,#3607,#1786,.T.);
#4559=EDGE_CURVE('',#3604,#3607,#1787,.T.);
#4560=EDGE_CURVE('',#3605,#3600,#1788,.T.);
#4561=EDGE_CURVE('',#3600,#3608,#1789,.T.);
#4562=EDGE_CURVE('',#3608,#3606,#1790,.T.);
#4563=EDGE_CURVE('',#3607,#3609,#1791,.T.);
#4564=EDGE_CURVE('',#3609,#3599,#1792,.T.);
#4565=EDGE_CURVE('',#3599,#3604,#1793,.T.);
#4566=EDGE_CURVE('',#3609,#3608,#1794,.T.);
#4567=EDGE_CURVE('',#3605,#3610,#1795,.T.);
#4568=EDGE_CURVE('',#3601,#3610,#1796,.T.);
#4569=EDGE_CURVE('',#3611,#3594,#1797,.T.);
#4570=EDGE_CURVE('',#3610,#3611,#69,.T.);
#4571=EDGE_CURVE('',#3604,#3612,#1798,.T.);
#4572=EDGE_CURVE('',#3612,#3603,#70,.T.);
#4573=EDGE_CURVE('',#3602,#3611,#1799,.T.);
#4574=EDGE_CURVE('',#3612,#3598,#1800,.T.);
#4575=EDGE_CURVE('',#3613,#3614,#1801,.T.);
#4576=EDGE_CURVE('',#3614,#3615,#1802,.T.);
#4577=EDGE_CURVE('',#3615,#3616,#1803,.T.);
#4578=EDGE_CURVE('',#3613,#3616,#1804,.T.);
#4579=EDGE_CURVE('',#3614,#3617,#1805,.T.);
#4580=EDGE_CURVE('',#3617,#3618,#1806,.T.);
#4581=EDGE_CURVE('',#3618,#3615,#1807,.T.);
#4582=EDGE_CURVE('',#3617,#3619,#1808,.T.);
#4583=EDGE_CURVE('',#3619,#3620,#1809,.T.);
#4584=EDGE_CURVE('',#3620,#3618,#1810,.T.);
#4585=EDGE_CURVE('',#3616,#3620,#1811,.T.);
#4586=EDGE_CURVE('',#3619,#3613,#1812,.T.);
#4587=EDGE_CURVE('',#3621,#3616,#1813,.T.);
#4588=EDGE_CURVE('',#3622,#3621,#71,.T.);
#4589=EDGE_CURVE('',#3623,#3622,#1814,.T.);
#4590=EDGE_CURVE('',#3624,#3623,#1815,.T.);
#4591=EDGE_CURVE('',#3624,#3625,#1816,.T.);
#4592=EDGE_CURVE('',#3625,#3626,#72,.T.);
#4593=EDGE_CURVE('',#3626,#3620,#1817,.T.);
#4594=EDGE_CURVE('',#3627,#3615,#1818,.T.);
#4595=EDGE_CURVE('',#3627,#3621,#1819,.T.);
#4596=EDGE_CURVE('',#3628,#3629,#1820,.T.);
#4597=EDGE_CURVE('',#3629,#3630,#1821,.T.);
#4598=EDGE_CURVE('',#3630,#3631,#1822,.T.);
#4599=EDGE_CURVE('',#3628,#3631,#1823,.T.);
#4600=EDGE_CURVE('',#3629,#3624,#1824,.T.);
#4601=EDGE_CURVE('',#3624,#3632,#1825,.T.);
#4602=EDGE_CURVE('',#3632,#3630,#1826,.T.);
#4603=EDGE_CURVE('',#3631,#3633,#1827,.T.);
#4604=EDGE_CURVE('',#3633,#3623,#1828,.T.);
#4605=EDGE_CURVE('',#3623,#3628,#1829,.T.);
#4606=EDGE_CURVE('',#3633,#3632,#1830,.T.);
#4607=EDGE_CURVE('',#3629,#3634,#1831,.T.);
#4608=EDGE_CURVE('',#3625,#3634,#1832,.T.);
#4609=EDGE_CURVE('',#3635,#3618,#1833,.T.);
#4610=EDGE_CURVE('',#3634,#3635,#73,.T.);
#4611=EDGE_CURVE('',#3628,#3636,#1834,.T.);
#4612=EDGE_CURVE('',#3636,#3627,#74,.T.);
#4613=EDGE_CURVE('',#3626,#3635,#1835,.T.);
#4614=EDGE_CURVE('',#3636,#3622,#1836,.T.);
#4615=EDGE_CURVE('',#3637,#3638,#1837,.T.);
#4616=EDGE_CURVE('',#3638,#3639,#1838,.T.);
#4617=EDGE_CURVE('',#3639,#3640,#1839,.T.);
#4618=EDGE_CURVE('',#3637,#3640,#1840,.T.);
#4619=EDGE_CURVE('',#3638,#3641,#1841,.T.);
#4620=EDGE_CURVE('',#3641,#3642,#1842,.T.);
#4621=EDGE_CURVE('',#3642,#3639,#1843,.T.);
#4622=EDGE_CURVE('',#3641,#3643,#1844,.T.);
#4623=EDGE_CURVE('',#3643,#3644,#1845,.T.);
#4624=EDGE_CURVE('',#3644,#3642,#1846,.T.);
#4625=EDGE_CURVE('',#3640,#3644,#1847,.T.);
#4626=EDGE_CURVE('',#3643,#3637,#1848,.T.);
#4627=EDGE_CURVE('',#3645,#3640,#1849,.T.);
#4628=EDGE_CURVE('',#3646,#3645,#75,.T.);
#4629=EDGE_CURVE('',#3647,#3646,#1850,.T.);
#4630=EDGE_CURVE('',#3648,#3647,#1851,.T.);
#4631=EDGE_CURVE('',#3648,#3649,#1852,.T.);
#4632=EDGE_CURVE('',#3649,#3650,#76,.T.);
#4633=EDGE_CURVE('',#3650,#3644,#1853,.T.);
#4634=EDGE_CURVE('',#3651,#3639,#1854,.T.);
#4635=EDGE_CURVE('',#3651,#3645,#1855,.T.);
#4636=EDGE_CURVE('',#3652,#3653,#1856,.T.);
#4637=EDGE_CURVE('',#3653,#3654,#1857,.T.);
#4638=EDGE_CURVE('',#3654,#3655,#1858,.T.);
#4639=EDGE_CURVE('',#3652,#3655,#1859,.T.);
#4640=EDGE_CURVE('',#3653,#3648,#1860,.T.);
#4641=EDGE_CURVE('',#3648,#3656,#1861,.T.);
#4642=EDGE_CURVE('',#3656,#3654,#1862,.T.);
#4643=EDGE_CURVE('',#3655,#3657,#1863,.T.);
#4644=EDGE_CURVE('',#3657,#3647,#1864,.T.);
#4645=EDGE_CURVE('',#3647,#3652,#1865,.T.);
#4646=EDGE_CURVE('',#3657,#3656,#1866,.T.);
#4647=EDGE_CURVE('',#3653,#3658,#1867,.T.);
#4648=EDGE_CURVE('',#3649,#3658,#1868,.T.);
#4649=EDGE_CURVE('',#3659,#3642,#1869,.T.);
#4650=EDGE_CURVE('',#3658,#3659,#77,.T.);
#4651=EDGE_CURVE('',#3652,#3660,#1870,.T.);
#4652=EDGE_CURVE('',#3660,#3651,#78,.T.);
#4653=EDGE_CURVE('',#3650,#3659,#1871,.T.);
#4654=EDGE_CURVE('',#3660,#3646,#1872,.T.);
#4655=EDGE_CURVE('',#3661,#3662,#1873,.T.);
#4656=EDGE_CURVE('',#3662,#3663,#1874,.T.);
#4657=EDGE_CURVE('',#3663,#3664,#1875,.T.);
#4658=EDGE_CURVE('',#3661,#3664,#1876,.T.);
#4659=EDGE_CURVE('',#3662,#3665,#1877,.T.);
#4660=EDGE_CURVE('',#3665,#3666,#1878,.T.);
#4661=EDGE_CURVE('',#3666,#3663,#1879,.T.);
#4662=EDGE_CURVE('',#3665,#3667,#1880,.T.);
#4663=EDGE_CURVE('',#3667,#3668,#1881,.T.);
#4664=EDGE_CURVE('',#3668,#3666,#1882,.T.);
#4665=EDGE_CURVE('',#3664,#3668,#1883,.T.);
#4666=EDGE_CURVE('',#3667,#3661,#1884,.T.);
#4667=EDGE_CURVE('',#3669,#3664,#1885,.T.);
#4668=EDGE_CURVE('',#3670,#3669,#79,.T.);
#4669=EDGE_CURVE('',#3671,#3670,#1886,.T.);
#4670=EDGE_CURVE('',#3672,#3671,#1887,.T.);
#4671=EDGE_CURVE('',#3672,#3673,#1888,.T.);
#4672=EDGE_CURVE('',#3673,#3674,#80,.T.);
#4673=EDGE_CURVE('',#3674,#3668,#1889,.T.);
#4674=EDGE_CURVE('',#3675,#3663,#1890,.T.);
#4675=EDGE_CURVE('',#3675,#3669,#1891,.T.);
#4676=EDGE_CURVE('',#3676,#3677,#1892,.T.);
#4677=EDGE_CURVE('',#3677,#3678,#1893,.T.);
#4678=EDGE_CURVE('',#3678,#3679,#1894,.T.);
#4679=EDGE_CURVE('',#3676,#3679,#1895,.T.);
#4680=EDGE_CURVE('',#3677,#3672,#1896,.T.);
#4681=EDGE_CURVE('',#3672,#3680,#1897,.T.);
#4682=EDGE_CURVE('',#3680,#3678,#1898,.T.);
#4683=EDGE_CURVE('',#3679,#3681,#1899,.T.);
#4684=EDGE_CURVE('',#3681,#3671,#1900,.T.);
#4685=EDGE_CURVE('',#3671,#3676,#1901,.T.);
#4686=EDGE_CURVE('',#3681,#3680,#1902,.T.);
#4687=EDGE_CURVE('',#3677,#3682,#1903,.T.);
#4688=EDGE_CURVE('',#3673,#3682,#1904,.T.);
#4689=EDGE_CURVE('',#3683,#3666,#1905,.T.);
#4690=EDGE_CURVE('',#3682,#3683,#81,.T.);
#4691=EDGE_CURVE('',#3676,#3684,#1906,.T.);
#4692=EDGE_CURVE('',#3684,#3675,#82,.T.);
#4693=EDGE_CURVE('',#3674,#3683,#1907,.T.);
#4694=EDGE_CURVE('',#3684,#3670,#1908,.T.);
#4695=EDGE_CURVE('',#3685,#3686,#1909,.T.);
#4696=EDGE_CURVE('',#3686,#3687,#1910,.T.);
#4697=EDGE_CURVE('',#3687,#3688,#1911,.T.);
#4698=EDGE_CURVE('',#3685,#3688,#1912,.T.);
#4699=EDGE_CURVE('',#3686,#3689,#1913,.T.);
#4700=EDGE_CURVE('',#3689,#3690,#1914,.T.);
#4701=EDGE_CURVE('',#3690,#3687,#1915,.T.);
#4702=EDGE_CURVE('',#3689,#3691,#1916,.T.);
#4703=EDGE_CURVE('',#3691,#3692,#1917,.T.);
#4704=EDGE_CURVE('',#3692,#3690,#1918,.T.);
#4705=EDGE_CURVE('',#3688,#3692,#1919,.T.);
#4706=EDGE_CURVE('',#3691,#3685,#1920,.T.);
#4707=EDGE_CURVE('',#3693,#3688,#1921,.T.);
#4708=EDGE_CURVE('',#3694,#3693,#83,.T.);
#4709=EDGE_CURVE('',#3695,#3694,#1922,.T.);
#4710=EDGE_CURVE('',#3696,#3695,#1923,.T.);
#4711=EDGE_CURVE('',#3696,#3697,#1924,.T.);
#4712=EDGE_CURVE('',#3697,#3698,#84,.T.);
#4713=EDGE_CURVE('',#3698,#3692,#1925,.T.);
#4714=EDGE_CURVE('',#3699,#3687,#1926,.T.);
#4715=EDGE_CURVE('',#3699,#3693,#1927,.T.);
#4716=EDGE_CURVE('',#3700,#3701,#1928,.T.);
#4717=EDGE_CURVE('',#3701,#3702,#1929,.T.);
#4718=EDGE_CURVE('',#3702,#3703,#1930,.T.);
#4719=EDGE_CURVE('',#3700,#3703,#1931,.T.);
#4720=EDGE_CURVE('',#3701,#3696,#1932,.T.);
#4721=EDGE_CURVE('',#3696,#3704,#1933,.T.);
#4722=EDGE_CURVE('',#3704,#3702,#1934,.T.);
#4723=EDGE_CURVE('',#3703,#3705,#1935,.T.);
#4724=EDGE_CURVE('',#3705,#3695,#1936,.T.);
#4725=EDGE_CURVE('',#3695,#3700,#1937,.T.);
#4726=EDGE_CURVE('',#3705,#3704,#1938,.T.);
#4727=EDGE_CURVE('',#3701,#3706,#1939,.T.);
#4728=EDGE_CURVE('',#3697,#3706,#1940,.T.);
#4729=EDGE_CURVE('',#3707,#3690,#1941,.T.);
#4730=EDGE_CURVE('',#3706,#3707,#85,.T.);
#4731=EDGE_CURVE('',#3700,#3708,#1942,.T.);
#4732=EDGE_CURVE('',#3708,#3699,#86,.T.);
#4733=EDGE_CURVE('',#3698,#3707,#1943,.T.);
#4734=EDGE_CURVE('',#3708,#3694,#1944,.T.);
#4735=EDGE_CURVE('',#3709,#3710,#1945,.T.);
#4736=EDGE_CURVE('',#3710,#3711,#1946,.T.);
#4737=EDGE_CURVE('',#3711,#3712,#1947,.T.);
#4738=EDGE_CURVE('',#3709,#3712,#1948,.T.);
#4739=EDGE_CURVE('',#3710,#3713,#1949,.T.);
#4740=EDGE_CURVE('',#3713,#3714,#1950,.T.);
#4741=EDGE_CURVE('',#3714,#3711,#1951,.T.);
#4742=EDGE_CURVE('',#3713,#3715,#1952,.T.);
#4743=EDGE_CURVE('',#3715,#3716,#1953,.T.);
#4744=EDGE_CURVE('',#3716,#3714,#1954,.T.);
#4745=EDGE_CURVE('',#3712,#3716,#1955,.T.);
#4746=EDGE_CURVE('',#3715,#3709,#1956,.T.);
#4747=EDGE_CURVE('',#3717,#3712,#1957,.T.);
#4748=EDGE_CURVE('',#3718,#3717,#87,.T.);
#4749=EDGE_CURVE('',#3719,#3718,#1958,.T.);
#4750=EDGE_CURVE('',#3720,#3719,#1959,.T.);
#4751=EDGE_CURVE('',#3720,#3721,#1960,.T.);
#4752=EDGE_CURVE('',#3721,#3722,#88,.T.);
#4753=EDGE_CURVE('',#3722,#3716,#1961,.T.);
#4754=EDGE_CURVE('',#3723,#3711,#1962,.T.);
#4755=EDGE_CURVE('',#3723,#3717,#1963,.T.);
#4756=EDGE_CURVE('',#3724,#3725,#1964,.T.);
#4757=EDGE_CURVE('',#3725,#3726,#1965,.T.);
#4758=EDGE_CURVE('',#3726,#3727,#1966,.T.);
#4759=EDGE_CURVE('',#3724,#3727,#1967,.T.);
#4760=EDGE_CURVE('',#3725,#3720,#1968,.T.);
#4761=EDGE_CURVE('',#3720,#3728,#1969,.T.);
#4762=EDGE_CURVE('',#3728,#3726,#1970,.T.);
#4763=EDGE_CURVE('',#3727,#3729,#1971,.T.);
#4764=EDGE_CURVE('',#3729,#3719,#1972,.T.);
#4765=EDGE_CURVE('',#3719,#3724,#1973,.T.);
#4766=EDGE_CURVE('',#3729,#3728,#1974,.T.);
#4767=EDGE_CURVE('',#3725,#3730,#1975,.T.);
#4768=EDGE_CURVE('',#3721,#3730,#1976,.T.);
#4769=EDGE_CURVE('',#3731,#3714,#1977,.T.);
#4770=EDGE_CURVE('',#3730,#3731,#89,.T.);
#4771=EDGE_CURVE('',#3724,#3732,#1978,.T.);
#4772=EDGE_CURVE('',#3732,#3723,#90,.T.);
#4773=EDGE_CURVE('',#3722,#3731,#1979,.T.);
#4774=EDGE_CURVE('',#3732,#3718,#1980,.T.);
#4775=EDGE_CURVE('',#3733,#3734,#1981,.T.);
#4776=EDGE_CURVE('',#3734,#3735,#1982,.T.);
#4777=EDGE_CURVE('',#3735,#3736,#1983,.T.);
#4778=EDGE_CURVE('',#3733,#3736,#1984,.T.);
#4779=EDGE_CURVE('',#3734,#3737,#1985,.T.);
#4780=EDGE_CURVE('',#3737,#3738,#1986,.T.);
#4781=EDGE_CURVE('',#3738,#3735,#1987,.T.);
#4782=EDGE_CURVE('',#3737,#3739,#1988,.T.);
#4783=EDGE_CURVE('',#3739,#3740,#1989,.T.);
#4784=EDGE_CURVE('',#3740,#3738,#1990,.T.);
#4785=EDGE_CURVE('',#3736,#3740,#1991,.T.);
#4786=EDGE_CURVE('',#3739,#3733,#1992,.T.);
#4787=EDGE_CURVE('',#3741,#3736,#1993,.T.);
#4788=EDGE_CURVE('',#3742,#3741,#91,.T.);
#4789=EDGE_CURVE('',#3743,#3742,#1994,.T.);
#4790=EDGE_CURVE('',#3744,#3743,#1995,.T.);
#4791=EDGE_CURVE('',#3744,#3745,#1996,.T.);
#4792=EDGE_CURVE('',#3745,#3746,#92,.T.);
#4793=EDGE_CURVE('',#3746,#3740,#1997,.T.);
#4794=EDGE_CURVE('',#3747,#3735,#1998,.T.);
#4795=EDGE_CURVE('',#3747,#3741,#1999,.T.);
#4796=EDGE_CURVE('',#3748,#3749,#2000,.T.);
#4797=EDGE_CURVE('',#3749,#3750,#2001,.T.);
#4798=EDGE_CURVE('',#3750,#3751,#2002,.T.);
#4799=EDGE_CURVE('',#3748,#3751,#2003,.T.);
#4800=EDGE_CURVE('',#3749,#3744,#2004,.T.);
#4801=EDGE_CURVE('',#3744,#3752,#2005,.T.);
#4802=EDGE_CURVE('',#3752,#3750,#2006,.T.);
#4803=EDGE_CURVE('',#3751,#3753,#2007,.T.);
#4804=EDGE_CURVE('',#3753,#3743,#2008,.T.);
#4805=EDGE_CURVE('',#3743,#3748,#2009,.T.);
#4806=EDGE_CURVE('',#3753,#3752,#2010,.T.);
#4807=EDGE_CURVE('',#3749,#3754,#2011,.T.);
#4808=EDGE_CURVE('',#3745,#3754,#2012,.T.);
#4809=EDGE_CURVE('',#3755,#3738,#2013,.T.);
#4810=EDGE_CURVE('',#3754,#3755,#93,.T.);
#4811=EDGE_CURVE('',#3748,#3756,#2014,.T.);
#4812=EDGE_CURVE('',#3756,#3747,#94,.T.);
#4813=EDGE_CURVE('',#3746,#3755,#2015,.T.);
#4814=EDGE_CURVE('',#3756,#3742,#2016,.T.);
#4815=EDGE_CURVE('',#3757,#3758,#2017,.T.);
#4816=EDGE_CURVE('',#3758,#3759,#2018,.T.);
#4817=EDGE_CURVE('',#3759,#3760,#2019,.T.);
#4818=EDGE_CURVE('',#3757,#3760,#2020,.T.);
#4819=EDGE_CURVE('',#3758,#3761,#2021,.T.);
#4820=EDGE_CURVE('',#3761,#3762,#2022,.T.);
#4821=EDGE_CURVE('',#3762,#3759,#2023,.T.);
#4822=EDGE_CURVE('',#3761,#3763,#2024,.T.);
#4823=EDGE_CURVE('',#3763,#3764,#2025,.T.);
#4824=EDGE_CURVE('',#3764,#3762,#2026,.T.);
#4825=EDGE_CURVE('',#3760,#3764,#2027,.T.);
#4826=EDGE_CURVE('',#3763,#3757,#2028,.T.);
#4827=EDGE_CURVE('',#3765,#3760,#2029,.T.);
#4828=EDGE_CURVE('',#3766,#3765,#95,.T.);
#4829=EDGE_CURVE('',#3767,#3766,#2030,.T.);
#4830=EDGE_CURVE('',#3768,#3767,#2031,.T.);
#4831=EDGE_CURVE('',#3768,#3769,#2032,.T.);
#4832=EDGE_CURVE('',#3769,#3770,#96,.T.);
#4833=EDGE_CURVE('',#3770,#3764,#2033,.T.);
#4834=EDGE_CURVE('',#3771,#3759,#2034,.T.);
#4835=EDGE_CURVE('',#3771,#3765,#2035,.T.);
#4836=EDGE_CURVE('',#3772,#3773,#2036,.T.);
#4837=EDGE_CURVE('',#3773,#3774,#2037,.T.);
#4838=EDGE_CURVE('',#3774,#3775,#2038,.T.);
#4839=EDGE_CURVE('',#3772,#3775,#2039,.T.);
#4840=EDGE_CURVE('',#3773,#3768,#2040,.T.);
#4841=EDGE_CURVE('',#3768,#3776,#2041,.T.);
#4842=EDGE_CURVE('',#3776,#3774,#2042,.T.);
#4843=EDGE_CURVE('',#3775,#3777,#2043,.T.);
#4844=EDGE_CURVE('',#3777,#3767,#2044,.T.);
#4845=EDGE_CURVE('',#3767,#3772,#2045,.T.);
#4846=EDGE_CURVE('',#3777,#3776,#2046,.T.);
#4847=EDGE_CURVE('',#3773,#3778,#2047,.T.);
#4848=EDGE_CURVE('',#3769,#3778,#2048,.T.);
#4849=EDGE_CURVE('',#3779,#3762,#2049,.T.);
#4850=EDGE_CURVE('',#3778,#3779,#97,.T.);
#4851=EDGE_CURVE('',#3772,#3780,#2050,.T.);
#4852=EDGE_CURVE('',#3780,#3771,#98,.T.);
#4853=EDGE_CURVE('',#3770,#3779,#2051,.T.);
#4854=EDGE_CURVE('',#3780,#3766,#2052,.T.);
#4855=EDGE_CURVE('',#3781,#3782,#2053,.T.);
#4856=EDGE_CURVE('',#3782,#3783,#2054,.T.);
#4857=EDGE_CURVE('',#3783,#3784,#2055,.T.);
#4858=EDGE_CURVE('',#3781,#3784,#2056,.T.);
#4859=EDGE_CURVE('',#3782,#3785,#2057,.T.);
#4860=EDGE_CURVE('',#3785,#3786,#2058,.T.);
#4861=EDGE_CURVE('',#3786,#3783,#2059,.T.);
#4862=EDGE_CURVE('',#3785,#3787,#2060,.T.);
#4863=EDGE_CURVE('',#3787,#3788,#2061,.T.);
#4864=EDGE_CURVE('',#3788,#3786,#2062,.T.);
#4865=EDGE_CURVE('',#3784,#3788,#2063,.T.);
#4866=EDGE_CURVE('',#3787,#3781,#2064,.T.);
#4867=EDGE_CURVE('',#3789,#3784,#2065,.T.);
#4868=EDGE_CURVE('',#3790,#3789,#99,.T.);
#4869=EDGE_CURVE('',#3791,#3790,#2066,.T.);
#4870=EDGE_CURVE('',#3792,#3791,#2067,.T.);
#4871=EDGE_CURVE('',#3792,#3793,#2068,.T.);
#4872=EDGE_CURVE('',#3793,#3794,#100,.T.);
#4873=EDGE_CURVE('',#3794,#3788,#2069,.T.);
#4874=EDGE_CURVE('',#3795,#3783,#2070,.T.);
#4875=EDGE_CURVE('',#3795,#3789,#2071,.T.);
#4876=EDGE_CURVE('',#3796,#3797,#2072,.T.);
#4877=EDGE_CURVE('',#3797,#3798,#2073,.T.);
#4878=EDGE_CURVE('',#3798,#3799,#2074,.T.);
#4879=EDGE_CURVE('',#3796,#3799,#2075,.T.);
#4880=EDGE_CURVE('',#3797,#3792,#2076,.T.);
#4881=EDGE_CURVE('',#3792,#3800,#2077,.T.);
#4882=EDGE_CURVE('',#3800,#3798,#2078,.T.);
#4883=EDGE_CURVE('',#3799,#3801,#2079,.T.);
#4884=EDGE_CURVE('',#3801,#3791,#2080,.T.);
#4885=EDGE_CURVE('',#3791,#3796,#2081,.T.);
#4886=EDGE_CURVE('',#3801,#3800,#2082,.T.);
#4887=EDGE_CURVE('',#3797,#3802,#2083,.T.);
#4888=EDGE_CURVE('',#3793,#3802,#2084,.T.);
#4889=EDGE_CURVE('',#3803,#3786,#2085,.T.);
#4890=EDGE_CURVE('',#3802,#3803,#101,.T.);
#4891=EDGE_CURVE('',#3796,#3804,#2086,.T.);
#4892=EDGE_CURVE('',#3804,#3795,#102,.T.);
#4893=EDGE_CURVE('',#3794,#3803,#2087,.T.);
#4894=EDGE_CURVE('',#3804,#3790,#2088,.T.);
#4895=ORIENTED_EDGE('',*,*,#3805,.F.);
#4896=ORIENTED_EDGE('',*,*,#3806,.F.);
#4897=ORIENTED_EDGE('',*,*,#3807,.F.);
#4898=ORIENTED_EDGE('',*,*,#3808,.T.);
#4899=ORIENTED_EDGE('',*,*,#3809,.F.);
#4900=ORIENTED_EDGE('',*,*,#3808,.F.);
#4901=ORIENTED_EDGE('',*,*,#3810,.F.);
#4902=ORIENTED_EDGE('',*,*,#3811,.T.);
#4903=ORIENTED_EDGE('',*,*,#3812,.F.);
#4904=ORIENTED_EDGE('',*,*,#3811,.F.);
#4905=ORIENTED_EDGE('',*,*,#3813,.F.);
#4906=ORIENTED_EDGE('',*,*,#3814,.F.);
#4907=ORIENTED_EDGE('',*,*,#3815,.F.);
#4908=ORIENTED_EDGE('',*,*,#3816,.F.);
#4909=ORIENTED_EDGE('',*,*,#3817,.F.);
#4910=ORIENTED_EDGE('',*,*,#3818,.F.);
#4911=ORIENTED_EDGE('',*,*,#3819,.F.);
#4912=ORIENTED_EDGE('',*,*,#3818,.T.);
#4913=ORIENTED_EDGE('',*,*,#3820,.F.);
#4914=ORIENTED_EDGE('',*,*,#3821,.F.);
#4915=ORIENTED_EDGE('',*,*,#3822,.F.);
#4916=ORIENTED_EDGE('',*,*,#3821,.T.);
#4917=ORIENTED_EDGE('',*,*,#3823,.F.);
#4918=ORIENTED_EDGE('',*,*,#3824,.F.);
#4919=ORIENTED_EDGE('',*,*,#3823,.T.);
#4920=ORIENTED_EDGE('',*,*,#3820,.T.);
#4921=ORIENTED_EDGE('',*,*,#3817,.T.);
#4922=ORIENTED_EDGE('',*,*,#3825,.T.);
#4923=ORIENTED_EDGE('',*,*,#3826,.T.);
#4924=ORIENTED_EDGE('',*,*,#3827,.T.);
#4925=ORIENTED_EDGE('',*,*,#3828,.T.);
#4926=ORIENTED_EDGE('',*,*,#3829,.T.);
#4927=ORIENTED_EDGE('',*,*,#3830,.T.);
#4928=ORIENTED_EDGE('',*,*,#3831,.T.);
#4929=ORIENTED_EDGE('',*,*,#3816,.T.);
#4930=ORIENTED_EDGE('',*,*,#3832,.T.);
#4931=ORIENTED_EDGE('',*,*,#3833,.T.);
#4932=ORIENTED_EDGE('',*,*,#3834,.T.);
#4933=ORIENTED_EDGE('',*,*,#3835,.F.);
#4934=ORIENTED_EDGE('',*,*,#3825,.F.);
#4935=ORIENTED_EDGE('',*,*,#3814,.T.);
#4936=ORIENTED_EDGE('',*,*,#3836,.F.);
#4937=ORIENTED_EDGE('',*,*,#3837,.F.);
#4938=ORIENTED_EDGE('',*,*,#3838,.T.);
#4939=ORIENTED_EDGE('',*,*,#3839,.T.);
#4940=ORIENTED_EDGE('',*,*,#3840,.T.);
#4941=ORIENTED_EDGE('',*,*,#3805,.T.);
#4942=ORIENTED_EDGE('',*,*,#3809,.T.);
#4943=ORIENTED_EDGE('',*,*,#3812,.T.);
#4944=ORIENTED_EDGE('',*,*,#3840,.F.);
#4945=ORIENTED_EDGE('',*,*,#3841,.F.);
#4946=ORIENTED_EDGE('',*,*,#3842,.T.);
#4947=ORIENTED_EDGE('',*,*,#3843,.T.);
#4948=ORIENTED_EDGE('',*,*,#3844,.F.);
#4949=ORIENTED_EDGE('',*,*,#3845,.T.);
#4950=ORIENTED_EDGE('',*,*,#3846,.F.);
#4951=ORIENTED_EDGE('',*,*,#3847,.F.);
#4952=ORIENTED_EDGE('',*,*,#3848,.F.);
#4953=ORIENTED_EDGE('',*,*,#3849,.F.);
#4954=ORIENTED_EDGE('',*,*,#3834,.F.);
#4955=ORIENTED_EDGE('',*,*,#3850,.F.);
#4956=ORIENTED_EDGE('',*,*,#3851,.F.);
#4957=ORIENTED_EDGE('',*,*,#3852,.F.);
#4958=ORIENTED_EDGE('',*,*,#3853,.F.);
#4959=ORIENTED_EDGE('',*,*,#3854,.T.);
#4960=ORIENTED_EDGE('',*,*,#3855,.F.);
#4961=ORIENTED_EDGE('',*,*,#3856,.F.);
#4962=ORIENTED_EDGE('',*,*,#3852,.T.);
#4963=ORIENTED_EDGE('',*,*,#3857,.F.);
#4964=ORIENTED_EDGE('',*,*,#3858,.F.);
#4965=ORIENTED_EDGE('',*,*,#3859,.F.);
#4966=ORIENTED_EDGE('',*,*,#3860,.F.);
#4967=ORIENTED_EDGE('',*,*,#3854,.F.);
#4968=ORIENTED_EDGE('',*,*,#3861,.F.);
#4969=ORIENTED_EDGE('',*,*,#3862,.F.);
#4970=ORIENTED_EDGE('',*,*,#3863,.F.);
#4971=ORIENTED_EDGE('',*,*,#3864,.F.);
#4972=ORIENTED_EDGE('',*,*,#3865,.F.);
#4973=ORIENTED_EDGE('',*,*,#3863,.T.);
#4974=ORIENTED_EDGE('',*,*,#3866,.F.);
#4975=ORIENTED_EDGE('',*,*,#3867,.F.);
#4976=ORIENTED_EDGE('',*,*,#3868,.F.);
#4977=ORIENTED_EDGE('',*,*,#3857,.T.);
#4978=ORIENTED_EDGE('',*,*,#3851,.T.);
#4979=ORIENTED_EDGE('',*,*,#3866,.T.);
#4980=ORIENTED_EDGE('',*,*,#3862,.T.);
#4981=ORIENTED_EDGE('',*,*,#3869,.F.);
#4982=ORIENTED_EDGE('',*,*,#3870,.T.);
#4983=ORIENTED_EDGE('',*,*,#3871,.F.);
#4984=ORIENTED_EDGE('',*,*,#3872,.F.);
#4985=ORIENTED_EDGE('',*,*,#3873,.F.);
#4986=ORIENTED_EDGE('',*,*,#3874,.F.);
#4987=ORIENTED_EDGE('',*,*,#3875,.F.);
#4988=ORIENTED_EDGE('',*,*,#3876,.F.);
#4989=ORIENTED_EDGE('',*,*,#3849,.T.);
#4990=ORIENTED_EDGE('',*,*,#3877,.T.);
#4991=ORIENTED_EDGE('',*,*,#3878,.T.);
#4992=ORIENTED_EDGE('',*,*,#3837,.T.);
#4993=ORIENTED_EDGE('',*,*,#3879,.F.);
#4994=ORIENTED_EDGE('',*,*,#3880,.F.);
#4995=ORIENTED_EDGE('',*,*,#3881,.T.);
#4996=ORIENTED_EDGE('',*,*,#3882,.T.);
#4997=ORIENTED_EDGE('',*,*,#3883,.T.);
#4998=ORIENTED_EDGE('',*,*,#3884,.T.);
#4999=ORIENTED_EDGE('',*,*,#3885,.T.);
#5000=ORIENTED_EDGE('',*,*,#3886,.F.);
#5001=ORIENTED_EDGE('',*,*,#3887,.T.);
#5002=ORIENTED_EDGE('',*,*,#3888,.T.);
#5003=ORIENTED_EDGE('',*,*,#3889,.T.);
#5004=ORIENTED_EDGE('',*,*,#3890,.F.);
#5005=ORIENTED_EDGE('',*,*,#3891,.T.);
#5006=ORIENTED_EDGE('',*,*,#3892,.T.);
#5007=ORIENTED_EDGE('',*,*,#3893,.T.);
#5008=ORIENTED_EDGE('',*,*,#3894,.F.);
#5009=ORIENTED_EDGE('',*,*,#3895,.T.);
#5010=ORIENTED_EDGE('',*,*,#3896,.T.);
#5011=ORIENTED_EDGE('',*,*,#3897,.T.);
#5012=ORIENTED_EDGE('',*,*,#3898,.F.);
#5013=ORIENTED_EDGE('',*,*,#3899,.T.);
#5014=ORIENTED_EDGE('',*,*,#3900,.T.);
#5015=ORIENTED_EDGE('',*,*,#3901,.T.);
#5016=ORIENTED_EDGE('',*,*,#3902,.F.);
#5017=ORIENTED_EDGE('',*,*,#3903,.T.);
#5018=ORIENTED_EDGE('',*,*,#3904,.T.);
#5019=ORIENTED_EDGE('',*,*,#3905,.T.);
#5020=ORIENTED_EDGE('',*,*,#3906,.F.);
#5021=ORIENTED_EDGE('',*,*,#3907,.T.);
#5022=ORIENTED_EDGE('',*,*,#3908,.T.);
#5023=ORIENTED_EDGE('',*,*,#3909,.T.);
#5024=ORIENTED_EDGE('',*,*,#3910,.F.);
#5025=ORIENTED_EDGE('',*,*,#3911,.T.);
#5026=ORIENTED_EDGE('',*,*,#3912,.T.);
#5027=ORIENTED_EDGE('',*,*,#3913,.T.);
#5028=ORIENTED_EDGE('',*,*,#3914,.F.);
#5029=ORIENTED_EDGE('',*,*,#3915,.T.);
#5030=ORIENTED_EDGE('',*,*,#3916,.T.);
#5031=ORIENTED_EDGE('',*,*,#3917,.T.);
#5032=ORIENTED_EDGE('',*,*,#3918,.F.);
#5033=ORIENTED_EDGE('',*,*,#3919,.T.);
#5034=ORIENTED_EDGE('',*,*,#3920,.T.);
#5035=ORIENTED_EDGE('',*,*,#3921,.T.);
#5036=ORIENTED_EDGE('',*,*,#3922,.F.);
#5037=ORIENTED_EDGE('',*,*,#3923,.T.);
#5038=ORIENTED_EDGE('',*,*,#3924,.T.);
#5039=ORIENTED_EDGE('',*,*,#3925,.T.);
#5040=ORIENTED_EDGE('',*,*,#3926,.F.);
#5041=ORIENTED_EDGE('',*,*,#3927,.T.);
#5042=ORIENTED_EDGE('',*,*,#3928,.T.);
#5043=ORIENTED_EDGE('',*,*,#3929,.T.);
#5044=ORIENTED_EDGE('',*,*,#3930,.F.);
#5045=ORIENTED_EDGE('',*,*,#3931,.T.);
#5046=ORIENTED_EDGE('',*,*,#3932,.T.);
#5047=ORIENTED_EDGE('',*,*,#3933,.T.);
#5048=ORIENTED_EDGE('',*,*,#3934,.F.);
#5049=ORIENTED_EDGE('',*,*,#3935,.T.);
#5050=ORIENTED_EDGE('',*,*,#3936,.T.);
#5051=ORIENTED_EDGE('',*,*,#3937,.T.);
#5052=ORIENTED_EDGE('',*,*,#3938,.F.);
#5053=ORIENTED_EDGE('',*,*,#3939,.T.);
#5054=ORIENTED_EDGE('',*,*,#3869,.T.);
#5055=ORIENTED_EDGE('',*,*,#3861,.T.);
#5056=ORIENTED_EDGE('',*,*,#3853,.T.);
#5057=ORIENTED_EDGE('',*,*,#3856,.T.);
#5058=ORIENTED_EDGE('',*,*,#3940,.F.);
#5059=ORIENTED_EDGE('',*,*,#3826,.F.);
#5060=ORIENTED_EDGE('',*,*,#3835,.T.);
#5061=ORIENTED_EDGE('',*,*,#3822,.T.);
#5062=ORIENTED_EDGE('',*,*,#3941,.F.);
#5063=ORIENTED_EDGE('',*,*,#3942,.T.);
#5064=ORIENTED_EDGE('',*,*,#3943,.F.);
#5065=ORIENTED_EDGE('',*,*,#3864,.T.);
#5066=ORIENTED_EDGE('',*,*,#3850,.T.);
#5067=ORIENTED_EDGE('',*,*,#3944,.F.);
#5068=ORIENTED_EDGE('',*,*,#3832,.F.);
#5069=ORIENTED_EDGE('',*,*,#3815,.T.);
#5070=ORIENTED_EDGE('',*,*,#3819,.T.);
#5071=ORIENTED_EDGE('',*,*,#3828,.F.);
#5072=ORIENTED_EDGE('',*,*,#3945,.F.);
#5073=ORIENTED_EDGE('',*,*,#3946,.T.);
#5074=ORIENTED_EDGE('',*,*,#3947,.F.);
#5075=ORIENTED_EDGE('',*,*,#3948,.T.);
#5076=ORIENTED_EDGE('',*,*,#3949,.T.);
#5077=ORIENTED_EDGE('',*,*,#3950,.T.);
#5078=ORIENTED_EDGE('',*,*,#3951,.T.);
#5079=ORIENTED_EDGE('',*,*,#3829,.F.);
#5080=ORIENTED_EDGE('',*,*,#3947,.T.);
#5081=ORIENTED_EDGE('',*,*,#3952,.T.);
#5082=ORIENTED_EDGE('',*,*,#3953,.F.);
#5083=ORIENTED_EDGE('',*,*,#3952,.F.);
#5084=ORIENTED_EDGE('',*,*,#3946,.F.);
#5085=ORIENTED_EDGE('',*,*,#3954,.F.);
#5086=ORIENTED_EDGE('',*,*,#3950,.F.);
#5087=ORIENTED_EDGE('',*,*,#3955,.F.);
#5088=ORIENTED_EDGE('',*,*,#3956,.F.);
#5089=ORIENTED_EDGE('',*,*,#3957,.F.);
#5090=ORIENTED_EDGE('',*,*,#3877,.F.);
#5091=ORIENTED_EDGE('',*,*,#3848,.T.);
#5092=ORIENTED_EDGE('',*,*,#3958,.F.);
#5093=ORIENTED_EDGE('',*,*,#3838,.F.);
#5094=ORIENTED_EDGE('',*,*,#3878,.F.);
#5095=ORIENTED_EDGE('',*,*,#3957,.T.);
#5096=ORIENTED_EDGE('',*,*,#3959,.F.);
#5097=ORIENTED_EDGE('',*,*,#3960,.T.);
#5098=ORIENTED_EDGE('',*,*,#3961,.F.);
#5099=ORIENTED_EDGE('',*,*,#3883,.F.);
#5100=ORIENTED_EDGE('',*,*,#3962,.T.);
#5101=ORIENTED_EDGE('',*,*,#3963,.F.);
#5102=ORIENTED_EDGE('',*,*,#3964,.F.);
#5103=ORIENTED_EDGE('',*,*,#3962,.F.);
#5104=ORIENTED_EDGE('',*,*,#3882,.F.);
#5105=ORIENTED_EDGE('',*,*,#3965,.T.);
#5106=ORIENTED_EDGE('',*,*,#3966,.T.);
#5107=ORIENTED_EDGE('',*,*,#3842,.F.);
#5108=ORIENTED_EDGE('',*,*,#3881,.F.);
#5109=ORIENTED_EDGE('',*,*,#3967,.F.);
#5110=ORIENTED_EDGE('',*,*,#3968,.T.);
#5111=ORIENTED_EDGE('',*,*,#3965,.F.);
#5112=ORIENTED_EDGE('',*,*,#3969,.F.);
#5113=ORIENTED_EDGE('',*,*,#3843,.F.);
#5114=ORIENTED_EDGE('',*,*,#3966,.F.);
#5115=ORIENTED_EDGE('',*,*,#3968,.F.);
#5116=ORIENTED_EDGE('',*,*,#3970,.F.);
#5117=ORIENTED_EDGE('',*,*,#3971,.F.);
#5118=ORIENTED_EDGE('',*,*,#3972,.F.);
#5119=ORIENTED_EDGE('',*,*,#3960,.F.);
#5120=ORIENTED_EDGE('',*,*,#3961,.T.);
#5121=ORIENTED_EDGE('',*,*,#3972,.T.);
#5122=ORIENTED_EDGE('',*,*,#3973,.T.);
#5123=ORIENTED_EDGE('',*,*,#3974,.F.);
#5124=ORIENTED_EDGE('',*,*,#3975,.F.);
#5125=ORIENTED_EDGE('',*,*,#3884,.F.);
#5126=ORIENTED_EDGE('',*,*,#3976,.F.);
#5127=ORIENTED_EDGE('',*,*,#3977,.F.);
#5128=ORIENTED_EDGE('',*,*,#3978,.F.);
#5129=ORIENTED_EDGE('',*,*,#3979,.F.);
#5130=ORIENTED_EDGE('',*,*,#3847,.T.);
#5131=ORIENTED_EDGE('',*,*,#3833,.F.);
#5132=ORIENTED_EDGE('',*,*,#3944,.T.);
#5133=ORIENTED_EDGE('',*,*,#3855,.T.);
#5134=ORIENTED_EDGE('',*,*,#3860,.T.);
#5135=ORIENTED_EDGE('',*,*,#3980,.T.);
#5136=ORIENTED_EDGE('',*,*,#3963,.T.);
#5137=ORIENTED_EDGE('',*,*,#3964,.T.);
#5138=ORIENTED_EDGE('',*,*,#3841,.T.);
#5139=ORIENTED_EDGE('',*,*,#3839,.F.);
#5140=ORIENTED_EDGE('',*,*,#3958,.T.);
#5141=ORIENTED_EDGE('',*,*,#3956,.T.);
#5142=ORIENTED_EDGE('',*,*,#3981,.T.);
#5143=ORIENTED_EDGE('',*,*,#3982,.T.);
#5144=ORIENTED_EDGE('',*,*,#3983,.F.);
#5145=ORIENTED_EDGE('',*,*,#3984,.F.);
#5146=ORIENTED_EDGE('',*,*,#3985,.T.);
#5147=ORIENTED_EDGE('',*,*,#3986,.T.);
#5148=ORIENTED_EDGE('',*,*,#3987,.F.);
#5149=ORIENTED_EDGE('',*,*,#3988,.F.);
#5150=ORIENTED_EDGE('',*,*,#3989,.T.);
#5151=ORIENTED_EDGE('',*,*,#3990,.T.);
#5152=ORIENTED_EDGE('',*,*,#3991,.F.);
#5153=ORIENTED_EDGE('',*,*,#3986,.F.);
#5154=ORIENTED_EDGE('',*,*,#3991,.T.);
#5155=ORIENTED_EDGE('',*,*,#3992,.T.);
#5156=ORIENTED_EDGE('',*,*,#3983,.T.);
#5157=ORIENTED_EDGE('',*,*,#3993,.F.);
#5158=ORIENTED_EDGE('',*,*,#3987,.T.);
#5159=ORIENTED_EDGE('',*,*,#3967,.T.);
#5160=ORIENTED_EDGE('',*,*,#3880,.T.);
#5161=ORIENTED_EDGE('',*,*,#3994,.F.);
#5162=ORIENTED_EDGE('',*,*,#3988,.T.);
#5163=ORIENTED_EDGE('',*,*,#3993,.T.);
#5164=ORIENTED_EDGE('',*,*,#3995,.T.);
#5165=ORIENTED_EDGE('',*,*,#3996,.T.);
#5166=ORIENTED_EDGE('',*,*,#3970,.T.);
#5167=ORIENTED_EDGE('',*,*,#3997,.F.);
#5168=ORIENTED_EDGE('',*,*,#3998,.F.);
#5169=ORIENTED_EDGE('',*,*,#3885,.F.);
#5170=ORIENTED_EDGE('',*,*,#3975,.T.);
#5171=ORIENTED_EDGE('',*,*,#3971,.T.);
#5172=ORIENTED_EDGE('',*,*,#3996,.F.);
#5173=ORIENTED_EDGE('',*,*,#3999,.F.);
#5174=ORIENTED_EDGE('',*,*,#3973,.F.);
#5175=ORIENTED_EDGE('',*,*,#3998,.T.);
#5176=ORIENTED_EDGE('',*,*,#4000,.T.);
#5177=ORIENTED_EDGE('',*,*,#4001,.T.);
#5178=ORIENTED_EDGE('',*,*,#3886,.T.);
#5179=ORIENTED_EDGE('',*,*,#3978,.T.);
#5180=ORIENTED_EDGE('',*,*,#4002,.F.);
#5181=ORIENTED_EDGE('',*,*,#4003,.F.);
#5182=ORIENTED_EDGE('',*,*,#4004,.T.);
#5183=ORIENTED_EDGE('',*,*,#3977,.T.);
#5184=ORIENTED_EDGE('',*,*,#4005,.F.);
#5185=ORIENTED_EDGE('',*,*,#4006,.F.);
#5186=ORIENTED_EDGE('',*,*,#4002,.T.);
#5187=ORIENTED_EDGE('',*,*,#3976,.T.);
#5188=ORIENTED_EDGE('',*,*,#4007,.F.);
#5189=ORIENTED_EDGE('',*,*,#4008,.F.);
#5190=ORIENTED_EDGE('',*,*,#4005,.T.);
#5191=ORIENTED_EDGE('',*,*,#3979,.T.);
#5192=ORIENTED_EDGE('',*,*,#4004,.F.);
#5193=ORIENTED_EDGE('',*,*,#4009,.F.);
#5194=ORIENTED_EDGE('',*,*,#4007,.T.);
#5195=ORIENTED_EDGE('',*,*,#4010,.F.);
#5196=ORIENTED_EDGE('',*,*,#4011,.F.);
#5197=ORIENTED_EDGE('',*,*,#3889,.F.);
#5198=ORIENTED_EDGE('',*,*,#4012,.T.);
#5199=ORIENTED_EDGE('',*,*,#4013,.F.);
#5200=ORIENTED_EDGE('',*,*,#4012,.F.);
#5201=ORIENTED_EDGE('',*,*,#3888,.F.);
#5202=ORIENTED_EDGE('',*,*,#4014,.T.);
#5203=ORIENTED_EDGE('',*,*,#4015,.F.);
#5204=ORIENTED_EDGE('',*,*,#4016,.F.);
#5205=ORIENTED_EDGE('',*,*,#4017,.F.);
#5206=ORIENTED_EDGE('',*,*,#4018,.F.);
#5207=ORIENTED_EDGE('',*,*,#4019,.F.);
#5208=ORIENTED_EDGE('',*,*,#4014,.F.);
#5209=ORIENTED_EDGE('',*,*,#3887,.F.);
#5210=ORIENTED_EDGE('',*,*,#4001,.F.);
#5211=ORIENTED_EDGE('',*,*,#4011,.T.);
#5212=ORIENTED_EDGE('',*,*,#4020,.T.);
#5213=ORIENTED_EDGE('',*,*,#4021,.T.);
#5214=ORIENTED_EDGE('',*,*,#3890,.T.);
#5215=ORIENTED_EDGE('',*,*,#4017,.T.);
#5216=ORIENTED_EDGE('',*,*,#4022,.F.);
#5217=ORIENTED_EDGE('',*,*,#4023,.F.);
#5218=ORIENTED_EDGE('',*,*,#4024,.T.);
#5219=ORIENTED_EDGE('',*,*,#4016,.T.);
#5220=ORIENTED_EDGE('',*,*,#4025,.F.);
#5221=ORIENTED_EDGE('',*,*,#4026,.F.);
#5222=ORIENTED_EDGE('',*,*,#4022,.T.);
#5223=ORIENTED_EDGE('',*,*,#4015,.T.);
#5224=ORIENTED_EDGE('',*,*,#4027,.F.);
#5225=ORIENTED_EDGE('',*,*,#4028,.F.);
#5226=ORIENTED_EDGE('',*,*,#4025,.T.);
#5227=ORIENTED_EDGE('',*,*,#4018,.T.);
#5228=ORIENTED_EDGE('',*,*,#4024,.F.);
#5229=ORIENTED_EDGE('',*,*,#4029,.F.);
#5230=ORIENTED_EDGE('',*,*,#4027,.T.);
#5231=ORIENTED_EDGE('',*,*,#4030,.F.);
#5232=ORIENTED_EDGE('',*,*,#4031,.F.);
#5233=ORIENTED_EDGE('',*,*,#3893,.F.);
#5234=ORIENTED_EDGE('',*,*,#4032,.T.);
#5235=ORIENTED_EDGE('',*,*,#4033,.F.);
#5236=ORIENTED_EDGE('',*,*,#4032,.F.);
#5237=ORIENTED_EDGE('',*,*,#3892,.F.);
#5238=ORIENTED_EDGE('',*,*,#4034,.T.);
#5239=ORIENTED_EDGE('',*,*,#4035,.F.);
#5240=ORIENTED_EDGE('',*,*,#4036,.F.);
#5241=ORIENTED_EDGE('',*,*,#4037,.F.);
#5242=ORIENTED_EDGE('',*,*,#4038,.F.);
#5243=ORIENTED_EDGE('',*,*,#4039,.F.);
#5244=ORIENTED_EDGE('',*,*,#4034,.F.);
#5245=ORIENTED_EDGE('',*,*,#3891,.F.);
#5246=ORIENTED_EDGE('',*,*,#4021,.F.);
#5247=ORIENTED_EDGE('',*,*,#4031,.T.);
#5248=ORIENTED_EDGE('',*,*,#4040,.T.);
#5249=ORIENTED_EDGE('',*,*,#4041,.T.);
#5250=ORIENTED_EDGE('',*,*,#3894,.T.);
#5251=ORIENTED_EDGE('',*,*,#4037,.T.);
#5252=ORIENTED_EDGE('',*,*,#4042,.F.);
#5253=ORIENTED_EDGE('',*,*,#4043,.F.);
#5254=ORIENTED_EDGE('',*,*,#4044,.T.);
#5255=ORIENTED_EDGE('',*,*,#4036,.T.);
#5256=ORIENTED_EDGE('',*,*,#4045,.F.);
#5257=ORIENTED_EDGE('',*,*,#4046,.F.);
#5258=ORIENTED_EDGE('',*,*,#4042,.T.);
#5259=ORIENTED_EDGE('',*,*,#4035,.T.);
#5260=ORIENTED_EDGE('',*,*,#4047,.F.);
#5261=ORIENTED_EDGE('',*,*,#4048,.F.);
#5262=ORIENTED_EDGE('',*,*,#4045,.T.);
#5263=ORIENTED_EDGE('',*,*,#4038,.T.);
#5264=ORIENTED_EDGE('',*,*,#4044,.F.);
#5265=ORIENTED_EDGE('',*,*,#4049,.F.);
#5266=ORIENTED_EDGE('',*,*,#4047,.T.);
#5267=ORIENTED_EDGE('',*,*,#4050,.F.);
#5268=ORIENTED_EDGE('',*,*,#4051,.F.);
#5269=ORIENTED_EDGE('',*,*,#3897,.F.);
#5270=ORIENTED_EDGE('',*,*,#4052,.T.);
#5271=ORIENTED_EDGE('',*,*,#4053,.F.);
#5272=ORIENTED_EDGE('',*,*,#4052,.F.);
#5273=ORIENTED_EDGE('',*,*,#3896,.F.);
#5274=ORIENTED_EDGE('',*,*,#4054,.T.);
#5275=ORIENTED_EDGE('',*,*,#4055,.F.);
#5276=ORIENTED_EDGE('',*,*,#4056,.F.);
#5277=ORIENTED_EDGE('',*,*,#4057,.F.);
#5278=ORIENTED_EDGE('',*,*,#4058,.F.);
#5279=ORIENTED_EDGE('',*,*,#4059,.F.);
#5280=ORIENTED_EDGE('',*,*,#4054,.F.);
#5281=ORIENTED_EDGE('',*,*,#3895,.F.);
#5282=ORIENTED_EDGE('',*,*,#4041,.F.);
#5283=ORIENTED_EDGE('',*,*,#4051,.T.);
#5284=ORIENTED_EDGE('',*,*,#4060,.T.);
#5285=ORIENTED_EDGE('',*,*,#4061,.T.);
#5286=ORIENTED_EDGE('',*,*,#3898,.T.);
#5287=ORIENTED_EDGE('',*,*,#4057,.T.);
#5288=ORIENTED_EDGE('',*,*,#4062,.F.);
#5289=ORIENTED_EDGE('',*,*,#4063,.F.);
#5290=ORIENTED_EDGE('',*,*,#4064,.T.);
#5291=ORIENTED_EDGE('',*,*,#4056,.T.);
#5292=ORIENTED_EDGE('',*,*,#4065,.F.);
#5293=ORIENTED_EDGE('',*,*,#4066,.F.);
#5294=ORIENTED_EDGE('',*,*,#4062,.T.);
#5295=ORIENTED_EDGE('',*,*,#4055,.T.);
#5296=ORIENTED_EDGE('',*,*,#4067,.F.);
#5297=ORIENTED_EDGE('',*,*,#4068,.F.);
#5298=ORIENTED_EDGE('',*,*,#4065,.T.);
#5299=ORIENTED_EDGE('',*,*,#4058,.T.);
#5300=ORIENTED_EDGE('',*,*,#4064,.F.);
#5301=ORIENTED_EDGE('',*,*,#4069,.F.);
#5302=ORIENTED_EDGE('',*,*,#4067,.T.);
#5303=ORIENTED_EDGE('',*,*,#4070,.F.);
#5304=ORIENTED_EDGE('',*,*,#4071,.F.);
#5305=ORIENTED_EDGE('',*,*,#3901,.F.);
#5306=ORIENTED_EDGE('',*,*,#4072,.T.);
#5307=ORIENTED_EDGE('',*,*,#4073,.F.);
#5308=ORIENTED_EDGE('',*,*,#4072,.F.);
#5309=ORIENTED_EDGE('',*,*,#3900,.F.);
#5310=ORIENTED_EDGE('',*,*,#4074,.T.);
#5311=ORIENTED_EDGE('',*,*,#4075,.F.);
#5312=ORIENTED_EDGE('',*,*,#4076,.F.);
#5313=ORIENTED_EDGE('',*,*,#4077,.F.);
#5314=ORIENTED_EDGE('',*,*,#4078,.F.);
#5315=ORIENTED_EDGE('',*,*,#4079,.F.);
#5316=ORIENTED_EDGE('',*,*,#4074,.F.);
#5317=ORIENTED_EDGE('',*,*,#3899,.F.);
#5318=ORIENTED_EDGE('',*,*,#4061,.F.);
#5319=ORIENTED_EDGE('',*,*,#4071,.T.);
#5320=ORIENTED_EDGE('',*,*,#4080,.T.);
#5321=ORIENTED_EDGE('',*,*,#4081,.T.);
#5322=ORIENTED_EDGE('',*,*,#3902,.T.);
#5323=ORIENTED_EDGE('',*,*,#4077,.T.);
#5324=ORIENTED_EDGE('',*,*,#4082,.F.);
#5325=ORIENTED_EDGE('',*,*,#4083,.F.);
#5326=ORIENTED_EDGE('',*,*,#4084,.T.);
#5327=ORIENTED_EDGE('',*,*,#4076,.T.);
#5328=ORIENTED_EDGE('',*,*,#4085,.F.);
#5329=ORIENTED_EDGE('',*,*,#4086,.F.);
#5330=ORIENTED_EDGE('',*,*,#4082,.T.);
#5331=ORIENTED_EDGE('',*,*,#4075,.T.);
#5332=ORIENTED_EDGE('',*,*,#4087,.F.);
#5333=ORIENTED_EDGE('',*,*,#4088,.F.);
#5334=ORIENTED_EDGE('',*,*,#4085,.T.);
#5335=ORIENTED_EDGE('',*,*,#4078,.T.);
#5336=ORIENTED_EDGE('',*,*,#4084,.F.);
#5337=ORIENTED_EDGE('',*,*,#4089,.F.);
#5338=ORIENTED_EDGE('',*,*,#4087,.T.);
#5339=ORIENTED_EDGE('',*,*,#4090,.F.);
#5340=ORIENTED_EDGE('',*,*,#4091,.F.);
#5341=ORIENTED_EDGE('',*,*,#3905,.F.);
#5342=ORIENTED_EDGE('',*,*,#4092,.T.);
#5343=ORIENTED_EDGE('',*,*,#4093,.F.);
#5344=ORIENTED_EDGE('',*,*,#4092,.F.);
#5345=ORIENTED_EDGE('',*,*,#3904,.F.);
#5346=ORIENTED_EDGE('',*,*,#4094,.T.);
#5347=ORIENTED_EDGE('',*,*,#4095,.F.);
#5348=ORIENTED_EDGE('',*,*,#4096,.F.);
#5349=ORIENTED_EDGE('',*,*,#4097,.F.);
#5350=ORIENTED_EDGE('',*,*,#4098,.F.);
#5351=ORIENTED_EDGE('',*,*,#4099,.F.);
#5352=ORIENTED_EDGE('',*,*,#4094,.F.);
#5353=ORIENTED_EDGE('',*,*,#3903,.F.);
#5354=ORIENTED_EDGE('',*,*,#4081,.F.);
#5355=ORIENTED_EDGE('',*,*,#4091,.T.);
#5356=ORIENTED_EDGE('',*,*,#4100,.T.);
#5357=ORIENTED_EDGE('',*,*,#4101,.T.);
#5358=ORIENTED_EDGE('',*,*,#3906,.T.);
#5359=ORIENTED_EDGE('',*,*,#4097,.T.);
#5360=ORIENTED_EDGE('',*,*,#4102,.F.);
#5361=ORIENTED_EDGE('',*,*,#4103,.F.);
#5362=ORIENTED_EDGE('',*,*,#4104,.T.);
#5363=ORIENTED_EDGE('',*,*,#4096,.T.);
#5364=ORIENTED_EDGE('',*,*,#4105,.F.);
#5365=ORIENTED_EDGE('',*,*,#4106,.F.);
#5366=ORIENTED_EDGE('',*,*,#4102,.T.);
#5367=ORIENTED_EDGE('',*,*,#4095,.T.);
#5368=ORIENTED_EDGE('',*,*,#4107,.F.);
#5369=ORIENTED_EDGE('',*,*,#4108,.F.);
#5370=ORIENTED_EDGE('',*,*,#4105,.T.);
#5371=ORIENTED_EDGE('',*,*,#4098,.T.);
#5372=ORIENTED_EDGE('',*,*,#4104,.F.);
#5373=ORIENTED_EDGE('',*,*,#4109,.F.);
#5374=ORIENTED_EDGE('',*,*,#4107,.T.);
#5375=ORIENTED_EDGE('',*,*,#4110,.F.);
#5376=ORIENTED_EDGE('',*,*,#4111,.F.);
#5377=ORIENTED_EDGE('',*,*,#3909,.F.);
#5378=ORIENTED_EDGE('',*,*,#4112,.T.);
#5379=ORIENTED_EDGE('',*,*,#4113,.F.);
#5380=ORIENTED_EDGE('',*,*,#4112,.F.);
#5381=ORIENTED_EDGE('',*,*,#3908,.F.);
#5382=ORIENTED_EDGE('',*,*,#4114,.T.);
#5383=ORIENTED_EDGE('',*,*,#4115,.F.);
#5384=ORIENTED_EDGE('',*,*,#4116,.F.);
#5385=ORIENTED_EDGE('',*,*,#4117,.F.);
#5386=ORIENTED_EDGE('',*,*,#4118,.F.);
#5387=ORIENTED_EDGE('',*,*,#4119,.F.);
#5388=ORIENTED_EDGE('',*,*,#4114,.F.);
#5389=ORIENTED_EDGE('',*,*,#3907,.F.);
#5390=ORIENTED_EDGE('',*,*,#4101,.F.);
#5391=ORIENTED_EDGE('',*,*,#4111,.T.);
#5392=ORIENTED_EDGE('',*,*,#4120,.T.);
#5393=ORIENTED_EDGE('',*,*,#4121,.T.);
#5394=ORIENTED_EDGE('',*,*,#3910,.T.);
#5395=ORIENTED_EDGE('',*,*,#4117,.T.);
#5396=ORIENTED_EDGE('',*,*,#4122,.F.);
#5397=ORIENTED_EDGE('',*,*,#4123,.F.);
#5398=ORIENTED_EDGE('',*,*,#4124,.T.);
#5399=ORIENTED_EDGE('',*,*,#4116,.T.);
#5400=ORIENTED_EDGE('',*,*,#4125,.F.);
#5401=ORIENTED_EDGE('',*,*,#4126,.F.);
#5402=ORIENTED_EDGE('',*,*,#4122,.T.);
#5403=ORIENTED_EDGE('',*,*,#4115,.T.);
#5404=ORIENTED_EDGE('',*,*,#4127,.F.);
#5405=ORIENTED_EDGE('',*,*,#4128,.F.);
#5406=ORIENTED_EDGE('',*,*,#4125,.T.);
#5407=ORIENTED_EDGE('',*,*,#4118,.T.);
#5408=ORIENTED_EDGE('',*,*,#4124,.F.);
#5409=ORIENTED_EDGE('',*,*,#4129,.F.);
#5410=ORIENTED_EDGE('',*,*,#4127,.T.);
#5411=ORIENTED_EDGE('',*,*,#4130,.F.);
#5412=ORIENTED_EDGE('',*,*,#4131,.F.);
#5413=ORIENTED_EDGE('',*,*,#3913,.F.);
#5414=ORIENTED_EDGE('',*,*,#4132,.T.);
#5415=ORIENTED_EDGE('',*,*,#4133,.F.);
#5416=ORIENTED_EDGE('',*,*,#4132,.F.);
#5417=ORIENTED_EDGE('',*,*,#3912,.F.);
#5418=ORIENTED_EDGE('',*,*,#4134,.T.);
#5419=ORIENTED_EDGE('',*,*,#4135,.F.);
#5420=ORIENTED_EDGE('',*,*,#4136,.F.);
#5421=ORIENTED_EDGE('',*,*,#4137,.F.);
#5422=ORIENTED_EDGE('',*,*,#4138,.F.);
#5423=ORIENTED_EDGE('',*,*,#4139,.F.);
#5424=ORIENTED_EDGE('',*,*,#4134,.F.);
#5425=ORIENTED_EDGE('',*,*,#3911,.F.);
#5426=ORIENTED_EDGE('',*,*,#4121,.F.);
#5427=ORIENTED_EDGE('',*,*,#4131,.T.);
#5428=ORIENTED_EDGE('',*,*,#4140,.T.);
#5429=ORIENTED_EDGE('',*,*,#4141,.T.);
#5430=ORIENTED_EDGE('',*,*,#3914,.T.);
#5431=ORIENTED_EDGE('',*,*,#4137,.T.);
#5432=ORIENTED_EDGE('',*,*,#4142,.F.);
#5433=ORIENTED_EDGE('',*,*,#4143,.F.);
#5434=ORIENTED_EDGE('',*,*,#4144,.T.);
#5435=ORIENTED_EDGE('',*,*,#4136,.T.);
#5436=ORIENTED_EDGE('',*,*,#4145,.F.);
#5437=ORIENTED_EDGE('',*,*,#4146,.F.);
#5438=ORIENTED_EDGE('',*,*,#4142,.T.);
#5439=ORIENTED_EDGE('',*,*,#4135,.T.);
#5440=ORIENTED_EDGE('',*,*,#4147,.F.);
#5441=ORIENTED_EDGE('',*,*,#4148,.F.);
#5442=ORIENTED_EDGE('',*,*,#4145,.T.);
#5443=ORIENTED_EDGE('',*,*,#4138,.T.);
#5444=ORIENTED_EDGE('',*,*,#4144,.F.);
#5445=ORIENTED_EDGE('',*,*,#4149,.F.);
#5446=ORIENTED_EDGE('',*,*,#4147,.T.);
#5447=ORIENTED_EDGE('',*,*,#4150,.F.);
#5448=ORIENTED_EDGE('',*,*,#4151,.F.);
#5449=ORIENTED_EDGE('',*,*,#3917,.F.);
#5450=ORIENTED_EDGE('',*,*,#4152,.T.);
#5451=ORIENTED_EDGE('',*,*,#4153,.F.);
#5452=ORIENTED_EDGE('',*,*,#4152,.F.);
#5453=ORIENTED_EDGE('',*,*,#3916,.F.);
#5454=ORIENTED_EDGE('',*,*,#4154,.T.);
#5455=ORIENTED_EDGE('',*,*,#4155,.F.);
#5456=ORIENTED_EDGE('',*,*,#4156,.F.);
#5457=ORIENTED_EDGE('',*,*,#4157,.F.);
#5458=ORIENTED_EDGE('',*,*,#4158,.F.);
#5459=ORIENTED_EDGE('',*,*,#4159,.F.);
#5460=ORIENTED_EDGE('',*,*,#4154,.F.);
#5461=ORIENTED_EDGE('',*,*,#3915,.F.);
#5462=ORIENTED_EDGE('',*,*,#4141,.F.);
#5463=ORIENTED_EDGE('',*,*,#4151,.T.);
#5464=ORIENTED_EDGE('',*,*,#4160,.T.);
#5465=ORIENTED_EDGE('',*,*,#4161,.T.);
#5466=ORIENTED_EDGE('',*,*,#3918,.T.);
#5467=ORIENTED_EDGE('',*,*,#4157,.T.);
#5468=ORIENTED_EDGE('',*,*,#4162,.F.);
#5469=ORIENTED_EDGE('',*,*,#4163,.F.);
#5470=ORIENTED_EDGE('',*,*,#4164,.T.);
#5471=ORIENTED_EDGE('',*,*,#4156,.T.);
#5472=ORIENTED_EDGE('',*,*,#4165,.F.);
#5473=ORIENTED_EDGE('',*,*,#4166,.F.);
#5474=ORIENTED_EDGE('',*,*,#4162,.T.);
#5475=ORIENTED_EDGE('',*,*,#4155,.T.);
#5476=ORIENTED_EDGE('',*,*,#4167,.F.);
#5477=ORIENTED_EDGE('',*,*,#4168,.F.);
#5478=ORIENTED_EDGE('',*,*,#4165,.T.);
#5479=ORIENTED_EDGE('',*,*,#4158,.T.);
#5480=ORIENTED_EDGE('',*,*,#4164,.F.);
#5481=ORIENTED_EDGE('',*,*,#4169,.F.);
#5482=ORIENTED_EDGE('',*,*,#4167,.T.);
#5483=ORIENTED_EDGE('',*,*,#4170,.F.);
#5484=ORIENTED_EDGE('',*,*,#4171,.F.);
#5485=ORIENTED_EDGE('',*,*,#3921,.F.);
#5486=ORIENTED_EDGE('',*,*,#4172,.T.);
#5487=ORIENTED_EDGE('',*,*,#4173,.F.);
#5488=ORIENTED_EDGE('',*,*,#4172,.F.);
#5489=ORIENTED_EDGE('',*,*,#3920,.F.);
#5490=ORIENTED_EDGE('',*,*,#4174,.T.);
#5491=ORIENTED_EDGE('',*,*,#4175,.F.);
#5492=ORIENTED_EDGE('',*,*,#4176,.F.);
#5493=ORIENTED_EDGE('',*,*,#4177,.F.);
#5494=ORIENTED_EDGE('',*,*,#4178,.F.);
#5495=ORIENTED_EDGE('',*,*,#4179,.F.);
#5496=ORIENTED_EDGE('',*,*,#4174,.F.);
#5497=ORIENTED_EDGE('',*,*,#3919,.F.);
#5498=ORIENTED_EDGE('',*,*,#4161,.F.);
#5499=ORIENTED_EDGE('',*,*,#4171,.T.);
#5500=ORIENTED_EDGE('',*,*,#4180,.T.);
#5501=ORIENTED_EDGE('',*,*,#4181,.T.);
#5502=ORIENTED_EDGE('',*,*,#3922,.T.);
#5503=ORIENTED_EDGE('',*,*,#4177,.T.);
#5504=ORIENTED_EDGE('',*,*,#4182,.F.);
#5505=ORIENTED_EDGE('',*,*,#4183,.F.);
#5506=ORIENTED_EDGE('',*,*,#4184,.T.);
#5507=ORIENTED_EDGE('',*,*,#4176,.T.);
#5508=ORIENTED_EDGE('',*,*,#4185,.F.);
#5509=ORIENTED_EDGE('',*,*,#4186,.F.);
#5510=ORIENTED_EDGE('',*,*,#4182,.T.);
#5511=ORIENTED_EDGE('',*,*,#4175,.T.);
#5512=ORIENTED_EDGE('',*,*,#4187,.F.);
#5513=ORIENTED_EDGE('',*,*,#4188,.F.);
#5514=ORIENTED_EDGE('',*,*,#4185,.T.);
#5515=ORIENTED_EDGE('',*,*,#4178,.T.);
#5516=ORIENTED_EDGE('',*,*,#4184,.F.);
#5517=ORIENTED_EDGE('',*,*,#4189,.F.);
#5518=ORIENTED_EDGE('',*,*,#4187,.T.);
#5519=ORIENTED_EDGE('',*,*,#4190,.F.);
#5520=ORIENTED_EDGE('',*,*,#4191,.F.);
#5521=ORIENTED_EDGE('',*,*,#3925,.F.);
#5522=ORIENTED_EDGE('',*,*,#4192,.T.);
#5523=ORIENTED_EDGE('',*,*,#4193,.F.);
#5524=ORIENTED_EDGE('',*,*,#4192,.F.);
#5525=ORIENTED_EDGE('',*,*,#3924,.F.);
#5526=ORIENTED_EDGE('',*,*,#4194,.T.);
#5527=ORIENTED_EDGE('',*,*,#4195,.F.);
#5528=ORIENTED_EDGE('',*,*,#4196,.F.);
#5529=ORIENTED_EDGE('',*,*,#4197,.F.);
#5530=ORIENTED_EDGE('',*,*,#4198,.F.);
#5531=ORIENTED_EDGE('',*,*,#4199,.F.);
#5532=ORIENTED_EDGE('',*,*,#4194,.F.);
#5533=ORIENTED_EDGE('',*,*,#3923,.F.);
#5534=ORIENTED_EDGE('',*,*,#4181,.F.);
#5535=ORIENTED_EDGE('',*,*,#4191,.T.);
#5536=ORIENTED_EDGE('',*,*,#4200,.T.);
#5537=ORIENTED_EDGE('',*,*,#4201,.T.);
#5538=ORIENTED_EDGE('',*,*,#3926,.T.);
#5539=ORIENTED_EDGE('',*,*,#4197,.T.);
#5540=ORIENTED_EDGE('',*,*,#4202,.F.);
#5541=ORIENTED_EDGE('',*,*,#4203,.F.);
#5542=ORIENTED_EDGE('',*,*,#4204,.T.);
#5543=ORIENTED_EDGE('',*,*,#4196,.T.);
#5544=ORIENTED_EDGE('',*,*,#4205,.F.);
#5545=ORIENTED_EDGE('',*,*,#4206,.F.);
#5546=ORIENTED_EDGE('',*,*,#4202,.T.);
#5547=ORIENTED_EDGE('',*,*,#4195,.T.);
#5548=ORIENTED_EDGE('',*,*,#4207,.F.);
#5549=ORIENTED_EDGE('',*,*,#4208,.F.);
#5550=ORIENTED_EDGE('',*,*,#4205,.T.);
#5551=ORIENTED_EDGE('',*,*,#4198,.T.);
#5552=ORIENTED_EDGE('',*,*,#4204,.F.);
#5553=ORIENTED_EDGE('',*,*,#4209,.F.);
#5554=ORIENTED_EDGE('',*,*,#4207,.T.);
#5555=ORIENTED_EDGE('',*,*,#4210,.F.);
#5556=ORIENTED_EDGE('',*,*,#4211,.F.);
#5557=ORIENTED_EDGE('',*,*,#3929,.F.);
#5558=ORIENTED_EDGE('',*,*,#4212,.T.);
#5559=ORIENTED_EDGE('',*,*,#4213,.F.);
#5560=ORIENTED_EDGE('',*,*,#4212,.F.);
#5561=ORIENTED_EDGE('',*,*,#3928,.F.);
#5562=ORIENTED_EDGE('',*,*,#4214,.T.);
#5563=ORIENTED_EDGE('',*,*,#4215,.F.);
#5564=ORIENTED_EDGE('',*,*,#4216,.F.);
#5565=ORIENTED_EDGE('',*,*,#4217,.F.);
#5566=ORIENTED_EDGE('',*,*,#4218,.F.);
#5567=ORIENTED_EDGE('',*,*,#4219,.F.);
#5568=ORIENTED_EDGE('',*,*,#4214,.F.);
#5569=ORIENTED_EDGE('',*,*,#3927,.F.);
#5570=ORIENTED_EDGE('',*,*,#4201,.F.);
#5571=ORIENTED_EDGE('',*,*,#4211,.T.);
#5572=ORIENTED_EDGE('',*,*,#4220,.T.);
#5573=ORIENTED_EDGE('',*,*,#4221,.T.);
#5574=ORIENTED_EDGE('',*,*,#3930,.T.);
#5575=ORIENTED_EDGE('',*,*,#4217,.T.);
#5576=ORIENTED_EDGE('',*,*,#4222,.F.);
#5577=ORIENTED_EDGE('',*,*,#4223,.F.);
#5578=ORIENTED_EDGE('',*,*,#4224,.T.);
#5579=ORIENTED_EDGE('',*,*,#4216,.T.);
#5580=ORIENTED_EDGE('',*,*,#4225,.F.);
#5581=ORIENTED_EDGE('',*,*,#4226,.F.);
#5582=ORIENTED_EDGE('',*,*,#4222,.T.);
#5583=ORIENTED_EDGE('',*,*,#4215,.T.);
#5584=ORIENTED_EDGE('',*,*,#4227,.F.);
#5585=ORIENTED_EDGE('',*,*,#4228,.F.);
#5586=ORIENTED_EDGE('',*,*,#4225,.T.);
#5587=ORIENTED_EDGE('',*,*,#4218,.T.);
#5588=ORIENTED_EDGE('',*,*,#4224,.F.);
#5589=ORIENTED_EDGE('',*,*,#4229,.F.);
#5590=ORIENTED_EDGE('',*,*,#4227,.T.);
#5591=ORIENTED_EDGE('',*,*,#4230,.F.);
#5592=ORIENTED_EDGE('',*,*,#4231,.F.);
#5593=ORIENTED_EDGE('',*,*,#3933,.F.);
#5594=ORIENTED_EDGE('',*,*,#4232,.T.);
#5595=ORIENTED_EDGE('',*,*,#4233,.F.);
#5596=ORIENTED_EDGE('',*,*,#4232,.F.);
#5597=ORIENTED_EDGE('',*,*,#3932,.F.);
#5598=ORIENTED_EDGE('',*,*,#4234,.T.);
#5599=ORIENTED_EDGE('',*,*,#4235,.F.);
#5600=ORIENTED_EDGE('',*,*,#4236,.F.);
#5601=ORIENTED_EDGE('',*,*,#4237,.F.);
#5602=ORIENTED_EDGE('',*,*,#4238,.F.);
#5603=ORIENTED_EDGE('',*,*,#4239,.F.);
#5604=ORIENTED_EDGE('',*,*,#4234,.F.);
#5605=ORIENTED_EDGE('',*,*,#3931,.F.);
#5606=ORIENTED_EDGE('',*,*,#4221,.F.);
#5607=ORIENTED_EDGE('',*,*,#4231,.T.);
#5608=ORIENTED_EDGE('',*,*,#4240,.T.);
#5609=ORIENTED_EDGE('',*,*,#4241,.T.);
#5610=ORIENTED_EDGE('',*,*,#3934,.T.);
#5611=ORIENTED_EDGE('',*,*,#4237,.T.);
#5612=ORIENTED_EDGE('',*,*,#4242,.F.);
#5613=ORIENTED_EDGE('',*,*,#4243,.F.);
#5614=ORIENTED_EDGE('',*,*,#4244,.T.);
#5615=ORIENTED_EDGE('',*,*,#4236,.T.);
#5616=ORIENTED_EDGE('',*,*,#4245,.F.);
#5617=ORIENTED_EDGE('',*,*,#4246,.F.);
#5618=ORIENTED_EDGE('',*,*,#4242,.T.);
#5619=ORIENTED_EDGE('',*,*,#4235,.T.);
#5620=ORIENTED_EDGE('',*,*,#4247,.F.);
#5621=ORIENTED_EDGE('',*,*,#4248,.F.);
#5622=ORIENTED_EDGE('',*,*,#4245,.T.);
#5623=ORIENTED_EDGE('',*,*,#4238,.T.);
#5624=ORIENTED_EDGE('',*,*,#4244,.F.);
#5625=ORIENTED_EDGE('',*,*,#4249,.F.);
#5626=ORIENTED_EDGE('',*,*,#4247,.T.);
#5627=ORIENTED_EDGE('',*,*,#4250,.F.);
#5628=ORIENTED_EDGE('',*,*,#4251,.F.);
#5629=ORIENTED_EDGE('',*,*,#3937,.F.);
#5630=ORIENTED_EDGE('',*,*,#4252,.T.);
#5631=ORIENTED_EDGE('',*,*,#4253,.F.);
#5632=ORIENTED_EDGE('',*,*,#4252,.F.);
#5633=ORIENTED_EDGE('',*,*,#3936,.F.);
#5634=ORIENTED_EDGE('',*,*,#4254,.T.);
#5635=ORIENTED_EDGE('',*,*,#4255,.F.);
#5636=ORIENTED_EDGE('',*,*,#4256,.F.);
#5637=ORIENTED_EDGE('',*,*,#4257,.F.);
#5638=ORIENTED_EDGE('',*,*,#4258,.F.);
#5639=ORIENTED_EDGE('',*,*,#4259,.F.);
#5640=ORIENTED_EDGE('',*,*,#4254,.F.);
#5641=ORIENTED_EDGE('',*,*,#3935,.F.);
#5642=ORIENTED_EDGE('',*,*,#4241,.F.);
#5643=ORIENTED_EDGE('',*,*,#4251,.T.);
#5644=ORIENTED_EDGE('',*,*,#4260,.T.);
#5645=ORIENTED_EDGE('',*,*,#4261,.T.);
#5646=ORIENTED_EDGE('',*,*,#3938,.T.);
#5647=ORIENTED_EDGE('',*,*,#4257,.T.);
#5648=ORIENTED_EDGE('',*,*,#4262,.F.);
#5649=ORIENTED_EDGE('',*,*,#4263,.F.);
#5650=ORIENTED_EDGE('',*,*,#4264,.T.);
#5651=ORIENTED_EDGE('',*,*,#4256,.T.);
#5652=ORIENTED_EDGE('',*,*,#4265,.F.);
#5653=ORIENTED_EDGE('',*,*,#4266,.F.);
#5654=ORIENTED_EDGE('',*,*,#4262,.T.);
#5655=ORIENTED_EDGE('',*,*,#4255,.T.);
#5656=ORIENTED_EDGE('',*,*,#4267,.F.);
#5657=ORIENTED_EDGE('',*,*,#4268,.F.);
#5658=ORIENTED_EDGE('',*,*,#4265,.T.);
#5659=ORIENTED_EDGE('',*,*,#4258,.T.);
#5660=ORIENTED_EDGE('',*,*,#4264,.F.);
#5661=ORIENTED_EDGE('',*,*,#4269,.F.);
#5662=ORIENTED_EDGE('',*,*,#4267,.T.);
#5663=ORIENTED_EDGE('',*,*,#4270,.F.);
#5664=ORIENTED_EDGE('',*,*,#3870,.F.);
#5665=ORIENTED_EDGE('',*,*,#3939,.F.);
#5666=ORIENTED_EDGE('',*,*,#4261,.F.);
#5667=ORIENTED_EDGE('',*,*,#3867,.T.);
#5668=ORIENTED_EDGE('',*,*,#3872,.T.);
#5669=ORIENTED_EDGE('',*,*,#4271,.F.);
#5670=ORIENTED_EDGE('',*,*,#4272,.F.);
#5671=ORIENTED_EDGE('',*,*,#3999,.T.);
#5672=ORIENTED_EDGE('',*,*,#3995,.F.);
#5673=ORIENTED_EDGE('',*,*,#3982,.F.);
#5674=ORIENTED_EDGE('',*,*,#4273,.F.);
#5675=ORIENTED_EDGE('',*,*,#4274,.F.);
#5676=ORIENTED_EDGE('',*,*,#4275,.T.);
#5677=ORIENTED_EDGE('',*,*,#3951,.F.);
#5678=ORIENTED_EDGE('',*,*,#4276,.F.);
#5679=ORIENTED_EDGE('',*,*,#4271,.T.);
#5680=ORIENTED_EDGE('',*,*,#3871,.T.);
#5681=ORIENTED_EDGE('',*,*,#4270,.T.);
#5682=ORIENTED_EDGE('',*,*,#4260,.F.);
#5683=ORIENTED_EDGE('',*,*,#4250,.T.);
#5684=ORIENTED_EDGE('',*,*,#4253,.T.);
#5685=ORIENTED_EDGE('',*,*,#4259,.T.);
#5686=ORIENTED_EDGE('',*,*,#4240,.F.);
#5687=ORIENTED_EDGE('',*,*,#4230,.T.);
#5688=ORIENTED_EDGE('',*,*,#4233,.T.);
#5689=ORIENTED_EDGE('',*,*,#4239,.T.);
#5690=ORIENTED_EDGE('',*,*,#4220,.F.);
#5691=ORIENTED_EDGE('',*,*,#4210,.T.);
#5692=ORIENTED_EDGE('',*,*,#4213,.T.);
#5693=ORIENTED_EDGE('',*,*,#4219,.T.);
#5694=ORIENTED_EDGE('',*,*,#4200,.F.);
#5695=ORIENTED_EDGE('',*,*,#4190,.T.);
#5696=ORIENTED_EDGE('',*,*,#4193,.T.);
#5697=ORIENTED_EDGE('',*,*,#4199,.T.);
#5698=ORIENTED_EDGE('',*,*,#4180,.F.);
#5699=ORIENTED_EDGE('',*,*,#4170,.T.);
#5700=ORIENTED_EDGE('',*,*,#4173,.T.);
#5701=ORIENTED_EDGE('',*,*,#4179,.T.);
#5702=ORIENTED_EDGE('',*,*,#4160,.F.);
#5703=ORIENTED_EDGE('',*,*,#4150,.T.);
#5704=ORIENTED_EDGE('',*,*,#4153,.T.);
#5705=ORIENTED_EDGE('',*,*,#4159,.T.);
#5706=ORIENTED_EDGE('',*,*,#4140,.F.);
#5707=ORIENTED_EDGE('',*,*,#4130,.T.);
#5708=ORIENTED_EDGE('',*,*,#4133,.T.);
#5709=ORIENTED_EDGE('',*,*,#4139,.T.);
#5710=ORIENTED_EDGE('',*,*,#4120,.F.);
#5711=ORIENTED_EDGE('',*,*,#4110,.T.);
#5712=ORIENTED_EDGE('',*,*,#4113,.T.);
#5713=ORIENTED_EDGE('',*,*,#4119,.T.);
#5714=ORIENTED_EDGE('',*,*,#4100,.F.);
#5715=ORIENTED_EDGE('',*,*,#4090,.T.);
#5716=ORIENTED_EDGE('',*,*,#4093,.T.);
#5717=ORIENTED_EDGE('',*,*,#4099,.T.);
#5718=ORIENTED_EDGE('',*,*,#4080,.F.);
#5719=ORIENTED_EDGE('',*,*,#4070,.T.);
#5720=ORIENTED_EDGE('',*,*,#4073,.T.);
#5721=ORIENTED_EDGE('',*,*,#4079,.T.);
#5722=ORIENTED_EDGE('',*,*,#4060,.F.);
#5723=ORIENTED_EDGE('',*,*,#4050,.T.);
#5724=ORIENTED_EDGE('',*,*,#4053,.T.);
#5725=ORIENTED_EDGE('',*,*,#4059,.T.);
#5726=ORIENTED_EDGE('',*,*,#4040,.F.);
#5727=ORIENTED_EDGE('',*,*,#4030,.T.);
#5728=ORIENTED_EDGE('',*,*,#4033,.T.);
#5729=ORIENTED_EDGE('',*,*,#4039,.T.);
#5730=ORIENTED_EDGE('',*,*,#4020,.F.);
#5731=ORIENTED_EDGE('',*,*,#4010,.T.);
#5732=ORIENTED_EDGE('',*,*,#4013,.T.);
#5733=ORIENTED_EDGE('',*,*,#4019,.T.);
#5734=ORIENTED_EDGE('',*,*,#4000,.F.);
#5735=ORIENTED_EDGE('',*,*,#3997,.T.);
#5736=ORIENTED_EDGE('',*,*,#3974,.T.);
#5737=ORIENTED_EDGE('',*,*,#3875,.T.);
#5738=ORIENTED_EDGE('',*,*,#4277,.F.);
#5739=ORIENTED_EDGE('',*,*,#4278,.F.);
#5740=ORIENTED_EDGE('',*,*,#4279,.T.);
#5741=ORIENTED_EDGE('',*,*,#3874,.T.);
#5742=ORIENTED_EDGE('',*,*,#4280,.F.);
#5743=ORIENTED_EDGE('',*,*,#4281,.F.);
#5744=ORIENTED_EDGE('',*,*,#4277,.T.);
#5745=ORIENTED_EDGE('',*,*,#3873,.T.);
#5746=ORIENTED_EDGE('',*,*,#4282,.F.);
#5747=ORIENTED_EDGE('',*,*,#4283,.F.);
#5748=ORIENTED_EDGE('',*,*,#4280,.T.);
#5749=ORIENTED_EDGE('',*,*,#3876,.T.);
#5750=ORIENTED_EDGE('',*,*,#4279,.F.);
#5751=ORIENTED_EDGE('',*,*,#4284,.F.);
#5752=ORIENTED_EDGE('',*,*,#4282,.T.);
#5753=ORIENTED_EDGE('',*,*,#3845,.F.);
#5754=ORIENTED_EDGE('',*,*,#4285,.T.);
#5755=ORIENTED_EDGE('',*,*,#3942,.F.);
#5756=ORIENTED_EDGE('',*,*,#4286,.F.);
#5757=ORIENTED_EDGE('',*,*,#3865,.T.);
#5758=ORIENTED_EDGE('',*,*,#3943,.T.);
#5759=ORIENTED_EDGE('',*,*,#4285,.F.);
#5760=ORIENTED_EDGE('',*,*,#3844,.T.);
#5761=ORIENTED_EDGE('',*,*,#3969,.T.);
#5762=ORIENTED_EDGE('',*,*,#3959,.T.);
#5763=ORIENTED_EDGE('',*,*,#3980,.F.);
#5764=ORIENTED_EDGE('',*,*,#3859,.T.);
#5765=ORIENTED_EDGE('',*,*,#4003,.T.);
#5766=ORIENTED_EDGE('',*,*,#4006,.T.);
#5767=ORIENTED_EDGE('',*,*,#4008,.T.);
#5768=ORIENTED_EDGE('',*,*,#4009,.T.);
#5769=ORIENTED_EDGE('',*,*,#4023,.T.);
#5770=ORIENTED_EDGE('',*,*,#4026,.T.);
#5771=ORIENTED_EDGE('',*,*,#4028,.T.);
#5772=ORIENTED_EDGE('',*,*,#4029,.T.);
#5773=ORIENTED_EDGE('',*,*,#4043,.T.);
#5774=ORIENTED_EDGE('',*,*,#4046,.T.);
#5775=ORIENTED_EDGE('',*,*,#4048,.T.);
#5776=ORIENTED_EDGE('',*,*,#4049,.T.);
#5777=ORIENTED_EDGE('',*,*,#4063,.T.);
#5778=ORIENTED_EDGE('',*,*,#4066,.T.);
#5779=ORIENTED_EDGE('',*,*,#4068,.T.);
#5780=ORIENTED_EDGE('',*,*,#4069,.T.);
#5781=ORIENTED_EDGE('',*,*,#4083,.T.);
#5782=ORIENTED_EDGE('',*,*,#4086,.T.);
#5783=ORIENTED_EDGE('',*,*,#4088,.T.);
#5784=ORIENTED_EDGE('',*,*,#4089,.T.);
#5785=ORIENTED_EDGE('',*,*,#4103,.T.);
#5786=ORIENTED_EDGE('',*,*,#4106,.T.);
#5787=ORIENTED_EDGE('',*,*,#4108,.T.);
#5788=ORIENTED_EDGE('',*,*,#4109,.T.);
#5789=ORIENTED_EDGE('',*,*,#4123,.T.);
#5790=ORIENTED_EDGE('',*,*,#4126,.T.);
#5791=ORIENTED_EDGE('',*,*,#4128,.T.);
#5792=ORIENTED_EDGE('',*,*,#4129,.T.);
#5793=ORIENTED_EDGE('',*,*,#4143,.T.);
#5794=ORIENTED_EDGE('',*,*,#4146,.T.);
#5795=ORIENTED_EDGE('',*,*,#4148,.T.);
#5796=ORIENTED_EDGE('',*,*,#4149,.T.);
#5797=ORIENTED_EDGE('',*,*,#4163,.T.);
#5798=ORIENTED_EDGE('',*,*,#4166,.T.);
#5799=ORIENTED_EDGE('',*,*,#4168,.T.);
#5800=ORIENTED_EDGE('',*,*,#4169,.T.);
#5801=ORIENTED_EDGE('',*,*,#4183,.T.);
#5802=ORIENTED_EDGE('',*,*,#4186,.T.);
#5803=ORIENTED_EDGE('',*,*,#4188,.T.);
#5804=ORIENTED_EDGE('',*,*,#4189,.T.);
#5805=ORIENTED_EDGE('',*,*,#4203,.T.);
#5806=ORIENTED_EDGE('',*,*,#4206,.T.);
#5807=ORIENTED_EDGE('',*,*,#4208,.T.);
#5808=ORIENTED_EDGE('',*,*,#4209,.T.);
#5809=ORIENTED_EDGE('',*,*,#4223,.T.);
#5810=ORIENTED_EDGE('',*,*,#4226,.T.);
#5811=ORIENTED_EDGE('',*,*,#4228,.T.);
#5812=ORIENTED_EDGE('',*,*,#4229,.T.);
#5813=ORIENTED_EDGE('',*,*,#4243,.T.);
#5814=ORIENTED_EDGE('',*,*,#4246,.T.);
#5815=ORIENTED_EDGE('',*,*,#4248,.T.);
#5816=ORIENTED_EDGE('',*,*,#4249,.T.);
#5817=ORIENTED_EDGE('',*,*,#4263,.T.);
#5818=ORIENTED_EDGE('',*,*,#4266,.T.);
#5819=ORIENTED_EDGE('',*,*,#4268,.T.);
#5820=ORIENTED_EDGE('',*,*,#4269,.T.);
#5821=ORIENTED_EDGE('',*,*,#4278,.T.);
#5822=ORIENTED_EDGE('',*,*,#4281,.T.);
#5823=ORIENTED_EDGE('',*,*,#4283,.T.);
#5824=ORIENTED_EDGE('',*,*,#4284,.T.);
#5825=ORIENTED_EDGE('',*,*,#3948,.F.);
#5826=ORIENTED_EDGE('',*,*,#4275,.F.);
#5827=ORIENTED_EDGE('',*,*,#4287,.F.);
#5828=ORIENTED_EDGE('',*,*,#4288,.F.);
#5829=ORIENTED_EDGE('',*,*,#3981,.F.);
#5830=ORIENTED_EDGE('',*,*,#4289,.F.);
#5831=ORIENTED_EDGE('',*,*,#4290,.F.);
#5832=ORIENTED_EDGE('',*,*,#4273,.T.);
#5833=ORIENTED_EDGE('',*,*,#3824,.T.);
#5834=ORIENTED_EDGE('',*,*,#3831,.F.);
#5835=ORIENTED_EDGE('',*,*,#4291,.T.);
#5836=ORIENTED_EDGE('',*,*,#4287,.T.);
#5837=ORIENTED_EDGE('',*,*,#4274,.T.);
#5838=ORIENTED_EDGE('',*,*,#4290,.T.);
#5839=ORIENTED_EDGE('',*,*,#4292,.T.);
#5840=ORIENTED_EDGE('',*,*,#4293,.F.);
#5841=ORIENTED_EDGE('',*,*,#3806,.T.);
#5842=ORIENTED_EDGE('',*,*,#3846,.T.);
#5843=ORIENTED_EDGE('',*,*,#4286,.T.);
#5844=ORIENTED_EDGE('',*,*,#3941,.T.);
#5845=ORIENTED_EDGE('',*,*,#4289,.T.);
#5846=ORIENTED_EDGE('',*,*,#3984,.T.);
#5847=ORIENTED_EDGE('',*,*,#3992,.F.);
#5848=ORIENTED_EDGE('',*,*,#3990,.F.);
#5849=ORIENTED_EDGE('',*,*,#4294,.F.);
#5850=ORIENTED_EDGE('',*,*,#4292,.F.);
#5851=ORIENTED_EDGE('',*,*,#4288,.T.);
#5852=ORIENTED_EDGE('',*,*,#4291,.F.);
#5853=ORIENTED_EDGE('',*,*,#3830,.F.);
#5854=ORIENTED_EDGE('',*,*,#3953,.T.);
#5855=ORIENTED_EDGE('',*,*,#3955,.T.);
#5856=ORIENTED_EDGE('',*,*,#3949,.F.);
#5857=ORIENTED_EDGE('',*,*,#3868,.T.);
#5858=ORIENTED_EDGE('',*,*,#4272,.T.);
#5859=ORIENTED_EDGE('',*,*,#4276,.T.);
#5860=ORIENTED_EDGE('',*,*,#3954,.T.);
#5861=ORIENTED_EDGE('',*,*,#3945,.T.);
#5862=ORIENTED_EDGE('',*,*,#3827,.F.);
#5863=ORIENTED_EDGE('',*,*,#3940,.T.);
#5864=ORIENTED_EDGE('',*,*,#3858,.T.);
#5865=ORIENTED_EDGE('',*,*,#3807,.T.);
#5866=ORIENTED_EDGE('',*,*,#4293,.T.);
#5867=ORIENTED_EDGE('',*,*,#4294,.T.);
#5868=ORIENTED_EDGE('',*,*,#3989,.F.);
#5869=ORIENTED_EDGE('',*,*,#3985,.F.);
#5870=ORIENTED_EDGE('',*,*,#3994,.T.);
#5871=ORIENTED_EDGE('',*,*,#3879,.T.);
#5872=ORIENTED_EDGE('',*,*,#3836,.T.);
#5873=ORIENTED_EDGE('',*,*,#3813,.T.);
#5874=ORIENTED_EDGE('',*,*,#3810,.T.);
#5875=ORIENTED_EDGE('',*,*,#4295,.T.);
#5876=ORIENTED_EDGE('',*,*,#4296,.T.);
#5877=ORIENTED_EDGE('',*,*,#4297,.T.);
#5878=ORIENTED_EDGE('',*,*,#4298,.F.);
#5879=ORIENTED_EDGE('',*,*,#4299,.T.);
#5880=ORIENTED_EDGE('',*,*,#4300,.T.);
#5881=ORIENTED_EDGE('',*,*,#4301,.T.);
#5882=ORIENTED_EDGE('',*,*,#4296,.F.);
#5883=ORIENTED_EDGE('',*,*,#4302,.T.);
#5884=ORIENTED_EDGE('',*,*,#4303,.T.);
#5885=ORIENTED_EDGE('',*,*,#4304,.T.);
#5886=ORIENTED_EDGE('',*,*,#4300,.F.);
#5887=ORIENTED_EDGE('',*,*,#4305,.T.);
#5888=ORIENTED_EDGE('',*,*,#4303,.F.);
#5889=ORIENTED_EDGE('',*,*,#4306,.T.);
#5890=ORIENTED_EDGE('',*,*,#4298,.T.);
#5891=ORIENTED_EDGE('',*,*,#4305,.F.);
#5892=ORIENTED_EDGE('',*,*,#4307,.F.);
#5893=ORIENTED_EDGE('',*,*,#4308,.F.);
#5894=ORIENTED_EDGE('',*,*,#4309,.F.);
#5895=ORIENTED_EDGE('',*,*,#4310,.F.);
#5896=ORIENTED_EDGE('',*,*,#4311,.T.);
#5897=ORIENTED_EDGE('',*,*,#4312,.T.);
#5898=ORIENTED_EDGE('',*,*,#4313,.T.);
#5899=ORIENTED_EDGE('',*,*,#4297,.F.);
#5900=ORIENTED_EDGE('',*,*,#4314,.F.);
#5901=ORIENTED_EDGE('',*,*,#4315,.T.);
#5902=ORIENTED_EDGE('',*,*,#4307,.T.);
#5903=ORIENTED_EDGE('',*,*,#4295,.F.);
#5904=ORIENTED_EDGE('',*,*,#4306,.F.);
#5905=ORIENTED_EDGE('',*,*,#4302,.F.);
#5906=ORIENTED_EDGE('',*,*,#4299,.F.);
#5907=ORIENTED_EDGE('',*,*,#4316,.T.);
#5908=ORIENTED_EDGE('',*,*,#4317,.T.);
#5909=ORIENTED_EDGE('',*,*,#4318,.T.);
#5910=ORIENTED_EDGE('',*,*,#4319,.F.);
#5911=ORIENTED_EDGE('',*,*,#4320,.T.);
#5912=ORIENTED_EDGE('',*,*,#4321,.T.);
#5913=ORIENTED_EDGE('',*,*,#4322,.T.);
#5914=ORIENTED_EDGE('',*,*,#4317,.F.);
#5915=ORIENTED_EDGE('',*,*,#4323,.T.);
#5916=ORIENTED_EDGE('',*,*,#4324,.T.);
#5917=ORIENTED_EDGE('',*,*,#4325,.T.);
#5918=ORIENTED_EDGE('',*,*,#4319,.T.);
#5919=ORIENTED_EDGE('',*,*,#4310,.T.);
#5920=ORIENTED_EDGE('',*,*,#4324,.F.);
#5921=ORIENTED_EDGE('',*,*,#4326,.T.);
#5922=ORIENTED_EDGE('',*,*,#4321,.F.);
#5923=ORIENTED_EDGE('',*,*,#4320,.F.);
#5924=ORIENTED_EDGE('',*,*,#4327,.T.);
#5925=ORIENTED_EDGE('',*,*,#4328,.F.);
#5926=ORIENTED_EDGE('',*,*,#4311,.F.);
#5927=ORIENTED_EDGE('',*,*,#4301,.F.);
#5928=ORIENTED_EDGE('',*,*,#4329,.F.);
#5929=ORIENTED_EDGE('',*,*,#4330,.F.);
#5930=ORIENTED_EDGE('',*,*,#4327,.F.);
#5931=ORIENTED_EDGE('',*,*,#4316,.F.);
#5932=ORIENTED_EDGE('',*,*,#4331,.T.);
#5933=ORIENTED_EDGE('',*,*,#4332,.T.);
#5934=ORIENTED_EDGE('',*,*,#4314,.T.);
#5935=ORIENTED_EDGE('',*,*,#4318,.F.);
#5936=ORIENTED_EDGE('',*,*,#4322,.F.);
#5937=ORIENTED_EDGE('',*,*,#4326,.F.);
#5938=ORIENTED_EDGE('',*,*,#4323,.F.);
#5939=ORIENTED_EDGE('',*,*,#4304,.F.);
#5940=ORIENTED_EDGE('',*,*,#4313,.F.);
#5941=ORIENTED_EDGE('',*,*,#4333,.T.);
#5942=ORIENTED_EDGE('',*,*,#4329,.T.);
#5943=ORIENTED_EDGE('',*,*,#4328,.T.);
#5944=ORIENTED_EDGE('',*,*,#4330,.T.);
#5945=ORIENTED_EDGE('',*,*,#4333,.F.);
#5946=ORIENTED_EDGE('',*,*,#4312,.F.);
#5947=ORIENTED_EDGE('',*,*,#4334,.T.);
#5948=ORIENTED_EDGE('',*,*,#4308,.T.);
#5949=ORIENTED_EDGE('',*,*,#4315,.F.);
#5950=ORIENTED_EDGE('',*,*,#4332,.F.);
#5951=ORIENTED_EDGE('',*,*,#4325,.F.);
#5952=ORIENTED_EDGE('',*,*,#4309,.T.);
#5953=ORIENTED_EDGE('',*,*,#4334,.F.);
#5954=ORIENTED_EDGE('',*,*,#4331,.F.);
#5955=ORIENTED_EDGE('',*,*,#4335,.T.);
#5956=ORIENTED_EDGE('',*,*,#4336,.T.);
#5957=ORIENTED_EDGE('',*,*,#4337,.T.);
#5958=ORIENTED_EDGE('',*,*,#4338,.F.);
#5959=ORIENTED_EDGE('',*,*,#4339,.T.);
#5960=ORIENTED_EDGE('',*,*,#4340,.T.);
#5961=ORIENTED_EDGE('',*,*,#4341,.T.);
#5962=ORIENTED_EDGE('',*,*,#4336,.F.);
#5963=ORIENTED_EDGE('',*,*,#4342,.T.);
#5964=ORIENTED_EDGE('',*,*,#4343,.T.);
#5965=ORIENTED_EDGE('',*,*,#4344,.T.);
#5966=ORIENTED_EDGE('',*,*,#4340,.F.);
#5967=ORIENTED_EDGE('',*,*,#4345,.T.);
#5968=ORIENTED_EDGE('',*,*,#4343,.F.);
#5969=ORIENTED_EDGE('',*,*,#4346,.T.);
#5970=ORIENTED_EDGE('',*,*,#4338,.T.);
#5971=ORIENTED_EDGE('',*,*,#4345,.F.);
#5972=ORIENTED_EDGE('',*,*,#4347,.F.);
#5973=ORIENTED_EDGE('',*,*,#4348,.F.);
#5974=ORIENTED_EDGE('',*,*,#4349,.F.);
#5975=ORIENTED_EDGE('',*,*,#4350,.F.);
#5976=ORIENTED_EDGE('',*,*,#4351,.T.);
#5977=ORIENTED_EDGE('',*,*,#4352,.T.);
#5978=ORIENTED_EDGE('',*,*,#4353,.T.);
#5979=ORIENTED_EDGE('',*,*,#4337,.F.);
#5980=ORIENTED_EDGE('',*,*,#4354,.F.);
#5981=ORIENTED_EDGE('',*,*,#4355,.T.);
#5982=ORIENTED_EDGE('',*,*,#4347,.T.);
#5983=ORIENTED_EDGE('',*,*,#4335,.F.);
#5984=ORIENTED_EDGE('',*,*,#4346,.F.);
#5985=ORIENTED_EDGE('',*,*,#4342,.F.);
#5986=ORIENTED_EDGE('',*,*,#4339,.F.);
#5987=ORIENTED_EDGE('',*,*,#4356,.T.);
#5988=ORIENTED_EDGE('',*,*,#4357,.T.);
#5989=ORIENTED_EDGE('',*,*,#4358,.T.);
#5990=ORIENTED_EDGE('',*,*,#4359,.F.);
#5991=ORIENTED_EDGE('',*,*,#4360,.T.);
#5992=ORIENTED_EDGE('',*,*,#4361,.T.);
#5993=ORIENTED_EDGE('',*,*,#4362,.T.);
#5994=ORIENTED_EDGE('',*,*,#4357,.F.);
#5995=ORIENTED_EDGE('',*,*,#4363,.T.);
#5996=ORIENTED_EDGE('',*,*,#4364,.T.);
#5997=ORIENTED_EDGE('',*,*,#4365,.T.);
#5998=ORIENTED_EDGE('',*,*,#4359,.T.);
#5999=ORIENTED_EDGE('',*,*,#4350,.T.);
#6000=ORIENTED_EDGE('',*,*,#4364,.F.);
#6001=ORIENTED_EDGE('',*,*,#4366,.T.);
#6002=ORIENTED_EDGE('',*,*,#4361,.F.);
#6003=ORIENTED_EDGE('',*,*,#4360,.F.);
#6004=ORIENTED_EDGE('',*,*,#4367,.T.);
#6005=ORIENTED_EDGE('',*,*,#4368,.F.);
#6006=ORIENTED_EDGE('',*,*,#4351,.F.);
#6007=ORIENTED_EDGE('',*,*,#4341,.F.);
#6008=ORIENTED_EDGE('',*,*,#4369,.F.);
#6009=ORIENTED_EDGE('',*,*,#4370,.F.);
#6010=ORIENTED_EDGE('',*,*,#4367,.F.);
#6011=ORIENTED_EDGE('',*,*,#4356,.F.);
#6012=ORIENTED_EDGE('',*,*,#4371,.T.);
#6013=ORIENTED_EDGE('',*,*,#4372,.T.);
#6014=ORIENTED_EDGE('',*,*,#4354,.T.);
#6015=ORIENTED_EDGE('',*,*,#4358,.F.);
#6016=ORIENTED_EDGE('',*,*,#4362,.F.);
#6017=ORIENTED_EDGE('',*,*,#4366,.F.);
#6018=ORIENTED_EDGE('',*,*,#4363,.F.);
#6019=ORIENTED_EDGE('',*,*,#4344,.F.);
#6020=ORIENTED_EDGE('',*,*,#4353,.F.);
#6021=ORIENTED_EDGE('',*,*,#4373,.T.);
#6022=ORIENTED_EDGE('',*,*,#4369,.T.);
#6023=ORIENTED_EDGE('',*,*,#4368,.T.);
#6024=ORIENTED_EDGE('',*,*,#4370,.T.);
#6025=ORIENTED_EDGE('',*,*,#4373,.F.);
#6026=ORIENTED_EDGE('',*,*,#4352,.F.);
#6027=ORIENTED_EDGE('',*,*,#4374,.T.);
#6028=ORIENTED_EDGE('',*,*,#4348,.T.);
#6029=ORIENTED_EDGE('',*,*,#4355,.F.);
#6030=ORIENTED_EDGE('',*,*,#4372,.F.);
#6031=ORIENTED_EDGE('',*,*,#4365,.F.);
#6032=ORIENTED_EDGE('',*,*,#4349,.T.);
#6033=ORIENTED_EDGE('',*,*,#4374,.F.);
#6034=ORIENTED_EDGE('',*,*,#4371,.F.);
#6035=ORIENTED_EDGE('',*,*,#4375,.T.);
#6036=ORIENTED_EDGE('',*,*,#4376,.T.);
#6037=ORIENTED_EDGE('',*,*,#4377,.T.);
#6038=ORIENTED_EDGE('',*,*,#4378,.F.);
#6039=ORIENTED_EDGE('',*,*,#4379,.T.);
#6040=ORIENTED_EDGE('',*,*,#4380,.T.);
#6041=ORIENTED_EDGE('',*,*,#4381,.T.);
#6042=ORIENTED_EDGE('',*,*,#4376,.F.);
#6043=ORIENTED_EDGE('',*,*,#4382,.T.);
#6044=ORIENTED_EDGE('',*,*,#4383,.T.);
#6045=ORIENTED_EDGE('',*,*,#4384,.T.);
#6046=ORIENTED_EDGE('',*,*,#4380,.F.);
#6047=ORIENTED_EDGE('',*,*,#4385,.T.);
#6048=ORIENTED_EDGE('',*,*,#4383,.F.);
#6049=ORIENTED_EDGE('',*,*,#4386,.T.);
#6050=ORIENTED_EDGE('',*,*,#4378,.T.);
#6051=ORIENTED_EDGE('',*,*,#4385,.F.);
#6052=ORIENTED_EDGE('',*,*,#4387,.F.);
#6053=ORIENTED_EDGE('',*,*,#4388,.F.);
#6054=ORIENTED_EDGE('',*,*,#4389,.F.);
#6055=ORIENTED_EDGE('',*,*,#4390,.F.);
#6056=ORIENTED_EDGE('',*,*,#4391,.T.);
#6057=ORIENTED_EDGE('',*,*,#4392,.T.);
#6058=ORIENTED_EDGE('',*,*,#4393,.T.);
#6059=ORIENTED_EDGE('',*,*,#4377,.F.);
#6060=ORIENTED_EDGE('',*,*,#4394,.F.);
#6061=ORIENTED_EDGE('',*,*,#4395,.T.);
#6062=ORIENTED_EDGE('',*,*,#4387,.T.);
#6063=ORIENTED_EDGE('',*,*,#4375,.F.);
#6064=ORIENTED_EDGE('',*,*,#4386,.F.);
#6065=ORIENTED_EDGE('',*,*,#4382,.F.);
#6066=ORIENTED_EDGE('',*,*,#4379,.F.);
#6067=ORIENTED_EDGE('',*,*,#4396,.T.);
#6068=ORIENTED_EDGE('',*,*,#4397,.T.);
#6069=ORIENTED_EDGE('',*,*,#4398,.T.);
#6070=ORIENTED_EDGE('',*,*,#4399,.F.);
#6071=ORIENTED_EDGE('',*,*,#4400,.T.);
#6072=ORIENTED_EDGE('',*,*,#4401,.T.);
#6073=ORIENTED_EDGE('',*,*,#4402,.T.);
#6074=ORIENTED_EDGE('',*,*,#4397,.F.);
#6075=ORIENTED_EDGE('',*,*,#4403,.T.);
#6076=ORIENTED_EDGE('',*,*,#4404,.T.);
#6077=ORIENTED_EDGE('',*,*,#4405,.T.);
#6078=ORIENTED_EDGE('',*,*,#4399,.T.);
#6079=ORIENTED_EDGE('',*,*,#4390,.T.);
#6080=ORIENTED_EDGE('',*,*,#4404,.F.);
#6081=ORIENTED_EDGE('',*,*,#4406,.T.);
#6082=ORIENTED_EDGE('',*,*,#4401,.F.);
#6083=ORIENTED_EDGE('',*,*,#4400,.F.);
#6084=ORIENTED_EDGE('',*,*,#4407,.T.);
#6085=ORIENTED_EDGE('',*,*,#4408,.F.);
#6086=ORIENTED_EDGE('',*,*,#4391,.F.);
#6087=ORIENTED_EDGE('',*,*,#4381,.F.);
#6088=ORIENTED_EDGE('',*,*,#4409,.F.);
#6089=ORIENTED_EDGE('',*,*,#4410,.F.);
#6090=ORIENTED_EDGE('',*,*,#4407,.F.);
#6091=ORIENTED_EDGE('',*,*,#4396,.F.);
#6092=ORIENTED_EDGE('',*,*,#4411,.T.);
#6093=ORIENTED_EDGE('',*,*,#4412,.T.);
#6094=ORIENTED_EDGE('',*,*,#4394,.T.);
#6095=ORIENTED_EDGE('',*,*,#4398,.F.);
#6096=ORIENTED_EDGE('',*,*,#4402,.F.);
#6097=ORIENTED_EDGE('',*,*,#4406,.F.);
#6098=ORIENTED_EDGE('',*,*,#4403,.F.);
#6099=ORIENTED_EDGE('',*,*,#4384,.F.);
#6100=ORIENTED_EDGE('',*,*,#4393,.F.);
#6101=ORIENTED_EDGE('',*,*,#4413,.T.);
#6102=ORIENTED_EDGE('',*,*,#4409,.T.);
#6103=ORIENTED_EDGE('',*,*,#4408,.T.);
#6104=ORIENTED_EDGE('',*,*,#4410,.T.);
#6105=ORIENTED_EDGE('',*,*,#4413,.F.);
#6106=ORIENTED_EDGE('',*,*,#4392,.F.);
#6107=ORIENTED_EDGE('',*,*,#4414,.T.);
#6108=ORIENTED_EDGE('',*,*,#4388,.T.);
#6109=ORIENTED_EDGE('',*,*,#4395,.F.);
#6110=ORIENTED_EDGE('',*,*,#4412,.F.);
#6111=ORIENTED_EDGE('',*,*,#4405,.F.);
#6112=ORIENTED_EDGE('',*,*,#4389,.T.);
#6113=ORIENTED_EDGE('',*,*,#4414,.F.);
#6114=ORIENTED_EDGE('',*,*,#4411,.F.);
#6115=ORIENTED_EDGE('',*,*,#4415,.T.);
#6116=ORIENTED_EDGE('',*,*,#4416,.T.);
#6117=ORIENTED_EDGE('',*,*,#4417,.T.);
#6118=ORIENTED_EDGE('',*,*,#4418,.F.);
#6119=ORIENTED_EDGE('',*,*,#4419,.T.);
#6120=ORIENTED_EDGE('',*,*,#4420,.T.);
#6121=ORIENTED_EDGE('',*,*,#4421,.T.);
#6122=ORIENTED_EDGE('',*,*,#4416,.F.);
#6123=ORIENTED_EDGE('',*,*,#4422,.T.);
#6124=ORIENTED_EDGE('',*,*,#4423,.T.);
#6125=ORIENTED_EDGE('',*,*,#4424,.T.);
#6126=ORIENTED_EDGE('',*,*,#4420,.F.);
#6127=ORIENTED_EDGE('',*,*,#4425,.T.);
#6128=ORIENTED_EDGE('',*,*,#4423,.F.);
#6129=ORIENTED_EDGE('',*,*,#4426,.T.);
#6130=ORIENTED_EDGE('',*,*,#4418,.T.);
#6131=ORIENTED_EDGE('',*,*,#4425,.F.);
#6132=ORIENTED_EDGE('',*,*,#4427,.F.);
#6133=ORIENTED_EDGE('',*,*,#4428,.F.);
#6134=ORIENTED_EDGE('',*,*,#4429,.F.);
#6135=ORIENTED_EDGE('',*,*,#4430,.F.);
#6136=ORIENTED_EDGE('',*,*,#4431,.T.);
#6137=ORIENTED_EDGE('',*,*,#4432,.T.);
#6138=ORIENTED_EDGE('',*,*,#4433,.T.);
#6139=ORIENTED_EDGE('',*,*,#4417,.F.);
#6140=ORIENTED_EDGE('',*,*,#4434,.F.);
#6141=ORIENTED_EDGE('',*,*,#4435,.T.);
#6142=ORIENTED_EDGE('',*,*,#4427,.T.);
#6143=ORIENTED_EDGE('',*,*,#4415,.F.);
#6144=ORIENTED_EDGE('',*,*,#4426,.F.);
#6145=ORIENTED_EDGE('',*,*,#4422,.F.);
#6146=ORIENTED_EDGE('',*,*,#4419,.F.);
#6147=ORIENTED_EDGE('',*,*,#4436,.T.);
#6148=ORIENTED_EDGE('',*,*,#4437,.T.);
#6149=ORIENTED_EDGE('',*,*,#4438,.T.);
#6150=ORIENTED_EDGE('',*,*,#4439,.F.);
#6151=ORIENTED_EDGE('',*,*,#4440,.T.);
#6152=ORIENTED_EDGE('',*,*,#4441,.T.);
#6153=ORIENTED_EDGE('',*,*,#4442,.T.);
#6154=ORIENTED_EDGE('',*,*,#4437,.F.);
#6155=ORIENTED_EDGE('',*,*,#4443,.T.);
#6156=ORIENTED_EDGE('',*,*,#4444,.T.);
#6157=ORIENTED_EDGE('',*,*,#4445,.T.);
#6158=ORIENTED_EDGE('',*,*,#4439,.T.);
#6159=ORIENTED_EDGE('',*,*,#4430,.T.);
#6160=ORIENTED_EDGE('',*,*,#4444,.F.);
#6161=ORIENTED_EDGE('',*,*,#4446,.T.);
#6162=ORIENTED_EDGE('',*,*,#4441,.F.);
#6163=ORIENTED_EDGE('',*,*,#4440,.F.);
#6164=ORIENTED_EDGE('',*,*,#4447,.T.);
#6165=ORIENTED_EDGE('',*,*,#4448,.F.);
#6166=ORIENTED_EDGE('',*,*,#4431,.F.);
#6167=ORIENTED_EDGE('',*,*,#4421,.F.);
#6168=ORIENTED_EDGE('',*,*,#4449,.F.);
#6169=ORIENTED_EDGE('',*,*,#4450,.F.);
#6170=ORIENTED_EDGE('',*,*,#4447,.F.);
#6171=ORIENTED_EDGE('',*,*,#4436,.F.);
#6172=ORIENTED_EDGE('',*,*,#4451,.T.);
#6173=ORIENTED_EDGE('',*,*,#4452,.T.);
#6174=ORIENTED_EDGE('',*,*,#4434,.T.);
#6175=ORIENTED_EDGE('',*,*,#4438,.F.);
#6176=ORIENTED_EDGE('',*,*,#4442,.F.);
#6177=ORIENTED_EDGE('',*,*,#4446,.F.);
#6178=ORIENTED_EDGE('',*,*,#4443,.F.);
#6179=ORIENTED_EDGE('',*,*,#4424,.F.);
#6180=ORIENTED_EDGE('',*,*,#4433,.F.);
#6181=ORIENTED_EDGE('',*,*,#4453,.T.);
#6182=ORIENTED_EDGE('',*,*,#4449,.T.);
#6183=ORIENTED_EDGE('',*,*,#4448,.T.);
#6184=ORIENTED_EDGE('',*,*,#4450,.T.);
#6185=ORIENTED_EDGE('',*,*,#4453,.F.);
#6186=ORIENTED_EDGE('',*,*,#4432,.F.);
#6187=ORIENTED_EDGE('',*,*,#4454,.T.);
#6188=ORIENTED_EDGE('',*,*,#4428,.T.);
#6189=ORIENTED_EDGE('',*,*,#4435,.F.);
#6190=ORIENTED_EDGE('',*,*,#4452,.F.);
#6191=ORIENTED_EDGE('',*,*,#4445,.F.);
#6192=ORIENTED_EDGE('',*,*,#4429,.T.);
#6193=ORIENTED_EDGE('',*,*,#4454,.F.);
#6194=ORIENTED_EDGE('',*,*,#4451,.F.);
#6195=ORIENTED_EDGE('',*,*,#4455,.T.);
#6196=ORIENTED_EDGE('',*,*,#4456,.T.);
#6197=ORIENTED_EDGE('',*,*,#4457,.T.);
#6198=ORIENTED_EDGE('',*,*,#4458,.F.);
#6199=ORIENTED_EDGE('',*,*,#4459,.T.);
#6200=ORIENTED_EDGE('',*,*,#4460,.T.);
#6201=ORIENTED_EDGE('',*,*,#4461,.T.);
#6202=ORIENTED_EDGE('',*,*,#4456,.F.);
#6203=ORIENTED_EDGE('',*,*,#4462,.T.);
#6204=ORIENTED_EDGE('',*,*,#4463,.T.);
#6205=ORIENTED_EDGE('',*,*,#4464,.T.);
#6206=ORIENTED_EDGE('',*,*,#4460,.F.);
#6207=ORIENTED_EDGE('',*,*,#4465,.T.);
#6208=ORIENTED_EDGE('',*,*,#4463,.F.);
#6209=ORIENTED_EDGE('',*,*,#4466,.T.);
#6210=ORIENTED_EDGE('',*,*,#4458,.T.);
#6211=ORIENTED_EDGE('',*,*,#4465,.F.);
#6212=ORIENTED_EDGE('',*,*,#4467,.F.);
#6213=ORIENTED_EDGE('',*,*,#4468,.F.);
#6214=ORIENTED_EDGE('',*,*,#4469,.F.);
#6215=ORIENTED_EDGE('',*,*,#4470,.F.);
#6216=ORIENTED_EDGE('',*,*,#4471,.T.);
#6217=ORIENTED_EDGE('',*,*,#4472,.T.);
#6218=ORIENTED_EDGE('',*,*,#4473,.T.);
#6219=ORIENTED_EDGE('',*,*,#4457,.F.);
#6220=ORIENTED_EDGE('',*,*,#4474,.F.);
#6221=ORIENTED_EDGE('',*,*,#4475,.T.);
#6222=ORIENTED_EDGE('',*,*,#4467,.T.);
#6223=ORIENTED_EDGE('',*,*,#4455,.F.);
#6224=ORIENTED_EDGE('',*,*,#4466,.F.);
#6225=ORIENTED_EDGE('',*,*,#4462,.F.);
#6226=ORIENTED_EDGE('',*,*,#4459,.F.);
#6227=ORIENTED_EDGE('',*,*,#4476,.T.);
#6228=ORIENTED_EDGE('',*,*,#4477,.T.);
#6229=ORIENTED_EDGE('',*,*,#4478,.T.);
#6230=ORIENTED_EDGE('',*,*,#4479,.F.);
#6231=ORIENTED_EDGE('',*,*,#4480,.T.);
#6232=ORIENTED_EDGE('',*,*,#4481,.T.);
#6233=ORIENTED_EDGE('',*,*,#4482,.T.);
#6234=ORIENTED_EDGE('',*,*,#4477,.F.);
#6235=ORIENTED_EDGE('',*,*,#4483,.T.);
#6236=ORIENTED_EDGE('',*,*,#4484,.T.);
#6237=ORIENTED_EDGE('',*,*,#4485,.T.);
#6238=ORIENTED_EDGE('',*,*,#4479,.T.);
#6239=ORIENTED_EDGE('',*,*,#4470,.T.);
#6240=ORIENTED_EDGE('',*,*,#4484,.F.);
#6241=ORIENTED_EDGE('',*,*,#4486,.T.);
#6242=ORIENTED_EDGE('',*,*,#4481,.F.);
#6243=ORIENTED_EDGE('',*,*,#4480,.F.);
#6244=ORIENTED_EDGE('',*,*,#4487,.T.);
#6245=ORIENTED_EDGE('',*,*,#4488,.F.);
#6246=ORIENTED_EDGE('',*,*,#4471,.F.);
#6247=ORIENTED_EDGE('',*,*,#4461,.F.);
#6248=ORIENTED_EDGE('',*,*,#4489,.F.);
#6249=ORIENTED_EDGE('',*,*,#4490,.F.);
#6250=ORIENTED_EDGE('',*,*,#4487,.F.);
#6251=ORIENTED_EDGE('',*,*,#4476,.F.);
#6252=ORIENTED_EDGE('',*,*,#4491,.T.);
#6253=ORIENTED_EDGE('',*,*,#4492,.T.);
#6254=ORIENTED_EDGE('',*,*,#4474,.T.);
#6255=ORIENTED_EDGE('',*,*,#4478,.F.);
#6256=ORIENTED_EDGE('',*,*,#4482,.F.);
#6257=ORIENTED_EDGE('',*,*,#4486,.F.);
#6258=ORIENTED_EDGE('',*,*,#4483,.F.);
#6259=ORIENTED_EDGE('',*,*,#4464,.F.);
#6260=ORIENTED_EDGE('',*,*,#4473,.F.);
#6261=ORIENTED_EDGE('',*,*,#4493,.T.);
#6262=ORIENTED_EDGE('',*,*,#4489,.T.);
#6263=ORIENTED_EDGE('',*,*,#4488,.T.);
#6264=ORIENTED_EDGE('',*,*,#4490,.T.);
#6265=ORIENTED_EDGE('',*,*,#4493,.F.);
#6266=ORIENTED_EDGE('',*,*,#4472,.F.);
#6267=ORIENTED_EDGE('',*,*,#4494,.T.);
#6268=ORIENTED_EDGE('',*,*,#4468,.T.);
#6269=ORIENTED_EDGE('',*,*,#4475,.F.);
#6270=ORIENTED_EDGE('',*,*,#4492,.F.);
#6271=ORIENTED_EDGE('',*,*,#4485,.F.);
#6272=ORIENTED_EDGE('',*,*,#4469,.T.);
#6273=ORIENTED_EDGE('',*,*,#4494,.F.);
#6274=ORIENTED_EDGE('',*,*,#4491,.F.);
#6275=ORIENTED_EDGE('',*,*,#4495,.T.);
#6276=ORIENTED_EDGE('',*,*,#4496,.T.);
#6277=ORIENTED_EDGE('',*,*,#4497,.T.);
#6278=ORIENTED_EDGE('',*,*,#4498,.F.);
#6279=ORIENTED_EDGE('',*,*,#4499,.T.);
#6280=ORIENTED_EDGE('',*,*,#4500,.T.);
#6281=ORIENTED_EDGE('',*,*,#4501,.T.);
#6282=ORIENTED_EDGE('',*,*,#4496,.F.);
#6283=ORIENTED_EDGE('',*,*,#4502,.T.);
#6284=ORIENTED_EDGE('',*,*,#4503,.T.);
#6285=ORIENTED_EDGE('',*,*,#4504,.T.);
#6286=ORIENTED_EDGE('',*,*,#4500,.F.);
#6287=ORIENTED_EDGE('',*,*,#4505,.T.);
#6288=ORIENTED_EDGE('',*,*,#4503,.F.);
#6289=ORIENTED_EDGE('',*,*,#4506,.T.);
#6290=ORIENTED_EDGE('',*,*,#4498,.T.);
#6291=ORIENTED_EDGE('',*,*,#4505,.F.);
#6292=ORIENTED_EDGE('',*,*,#4507,.F.);
#6293=ORIENTED_EDGE('',*,*,#4508,.F.);
#6294=ORIENTED_EDGE('',*,*,#4509,.F.);
#6295=ORIENTED_EDGE('',*,*,#4510,.F.);
#6296=ORIENTED_EDGE('',*,*,#4511,.T.);
#6297=ORIENTED_EDGE('',*,*,#4512,.T.);
#6298=ORIENTED_EDGE('',*,*,#4513,.T.);
#6299=ORIENTED_EDGE('',*,*,#4497,.F.);
#6300=ORIENTED_EDGE('',*,*,#4514,.F.);
#6301=ORIENTED_EDGE('',*,*,#4515,.T.);
#6302=ORIENTED_EDGE('',*,*,#4507,.T.);
#6303=ORIENTED_EDGE('',*,*,#4495,.F.);
#6304=ORIENTED_EDGE('',*,*,#4506,.F.);
#6305=ORIENTED_EDGE('',*,*,#4502,.F.);
#6306=ORIENTED_EDGE('',*,*,#4499,.F.);
#6307=ORIENTED_EDGE('',*,*,#4516,.T.);
#6308=ORIENTED_EDGE('',*,*,#4517,.T.);
#6309=ORIENTED_EDGE('',*,*,#4518,.T.);
#6310=ORIENTED_EDGE('',*,*,#4519,.F.);
#6311=ORIENTED_EDGE('',*,*,#4520,.T.);
#6312=ORIENTED_EDGE('',*,*,#4521,.T.);
#6313=ORIENTED_EDGE('',*,*,#4522,.T.);
#6314=ORIENTED_EDGE('',*,*,#4517,.F.);
#6315=ORIENTED_EDGE('',*,*,#4523,.T.);
#6316=ORIENTED_EDGE('',*,*,#4524,.T.);
#6317=ORIENTED_EDGE('',*,*,#4525,.T.);
#6318=ORIENTED_EDGE('',*,*,#4519,.T.);
#6319=ORIENTED_EDGE('',*,*,#4510,.T.);
#6320=ORIENTED_EDGE('',*,*,#4524,.F.);
#6321=ORIENTED_EDGE('',*,*,#4526,.T.);
#6322=ORIENTED_EDGE('',*,*,#4521,.F.);
#6323=ORIENTED_EDGE('',*,*,#4520,.F.);
#6324=ORIENTED_EDGE('',*,*,#4527,.T.);
#6325=ORIENTED_EDGE('',*,*,#4528,.F.);
#6326=ORIENTED_EDGE('',*,*,#4511,.F.);
#6327=ORIENTED_EDGE('',*,*,#4501,.F.);
#6328=ORIENTED_EDGE('',*,*,#4529,.F.);
#6329=ORIENTED_EDGE('',*,*,#4530,.F.);
#6330=ORIENTED_EDGE('',*,*,#4527,.F.);
#6331=ORIENTED_EDGE('',*,*,#4516,.F.);
#6332=ORIENTED_EDGE('',*,*,#4531,.T.);
#6333=ORIENTED_EDGE('',*,*,#4532,.T.);
#6334=ORIENTED_EDGE('',*,*,#4514,.T.);
#6335=ORIENTED_EDGE('',*,*,#4518,.F.);
#6336=ORIENTED_EDGE('',*,*,#4522,.F.);
#6337=ORIENTED_EDGE('',*,*,#4526,.F.);
#6338=ORIENTED_EDGE('',*,*,#4523,.F.);
#6339=ORIENTED_EDGE('',*,*,#4504,.F.);
#6340=ORIENTED_EDGE('',*,*,#4513,.F.);
#6341=ORIENTED_EDGE('',*,*,#4533,.T.);
#6342=ORIENTED_EDGE('',*,*,#4529,.T.);
#6343=ORIENTED_EDGE('',*,*,#4528,.T.);
#6344=ORIENTED_EDGE('',*,*,#4530,.T.);
#6345=ORIENTED_EDGE('',*,*,#4533,.F.);
#6346=ORIENTED_EDGE('',*,*,#4512,.F.);
#6347=ORIENTED_EDGE('',*,*,#4534,.T.);
#6348=ORIENTED_EDGE('',*,*,#4508,.T.);
#6349=ORIENTED_EDGE('',*,*,#4515,.F.);
#6350=ORIENTED_EDGE('',*,*,#4532,.F.);
#6351=ORIENTED_EDGE('',*,*,#4525,.F.);
#6352=ORIENTED_EDGE('',*,*,#4509,.T.);
#6353=ORIENTED_EDGE('',*,*,#4534,.F.);
#6354=ORIENTED_EDGE('',*,*,#4531,.F.);
#6355=ORIENTED_EDGE('',*,*,#4535,.T.);
#6356=ORIENTED_EDGE('',*,*,#4536,.T.);
#6357=ORIENTED_EDGE('',*,*,#4537,.T.);
#6358=ORIENTED_EDGE('',*,*,#4538,.F.);
#6359=ORIENTED_EDGE('',*,*,#4539,.T.);
#6360=ORIENTED_EDGE('',*,*,#4540,.T.);
#6361=ORIENTED_EDGE('',*,*,#4541,.T.);
#6362=ORIENTED_EDGE('',*,*,#4536,.F.);
#6363=ORIENTED_EDGE('',*,*,#4542,.T.);
#6364=ORIENTED_EDGE('',*,*,#4543,.T.);
#6365=ORIENTED_EDGE('',*,*,#4544,.T.);
#6366=ORIENTED_EDGE('',*,*,#4540,.F.);
#6367=ORIENTED_EDGE('',*,*,#4545,.T.);
#6368=ORIENTED_EDGE('',*,*,#4543,.F.);
#6369=ORIENTED_EDGE('',*,*,#4546,.T.);
#6370=ORIENTED_EDGE('',*,*,#4538,.T.);
#6371=ORIENTED_EDGE('',*,*,#4545,.F.);
#6372=ORIENTED_EDGE('',*,*,#4547,.F.);
#6373=ORIENTED_EDGE('',*,*,#4548,.F.);
#6374=ORIENTED_EDGE('',*,*,#4549,.F.);
#6375=ORIENTED_EDGE('',*,*,#4550,.F.);
#6376=ORIENTED_EDGE('',*,*,#4551,.T.);
#6377=ORIENTED_EDGE('',*,*,#4552,.T.);
#6378=ORIENTED_EDGE('',*,*,#4553,.T.);
#6379=ORIENTED_EDGE('',*,*,#4537,.F.);
#6380=ORIENTED_EDGE('',*,*,#4554,.F.);
#6381=ORIENTED_EDGE('',*,*,#4555,.T.);
#6382=ORIENTED_EDGE('',*,*,#4547,.T.);
#6383=ORIENTED_EDGE('',*,*,#4535,.F.);
#6384=ORIENTED_EDGE('',*,*,#4546,.F.);
#6385=ORIENTED_EDGE('',*,*,#4542,.F.);
#6386=ORIENTED_EDGE('',*,*,#4539,.F.);
#6387=ORIENTED_EDGE('',*,*,#4556,.T.);
#6388=ORIENTED_EDGE('',*,*,#4557,.T.);
#6389=ORIENTED_EDGE('',*,*,#4558,.T.);
#6390=ORIENTED_EDGE('',*,*,#4559,.F.);
#6391=ORIENTED_EDGE('',*,*,#4560,.T.);
#6392=ORIENTED_EDGE('',*,*,#4561,.T.);
#6393=ORIENTED_EDGE('',*,*,#4562,.T.);
#6394=ORIENTED_EDGE('',*,*,#4557,.F.);
#6395=ORIENTED_EDGE('',*,*,#4563,.T.);
#6396=ORIENTED_EDGE('',*,*,#4564,.T.);
#6397=ORIENTED_EDGE('',*,*,#4565,.T.);
#6398=ORIENTED_EDGE('',*,*,#4559,.T.);
#6399=ORIENTED_EDGE('',*,*,#4550,.T.);
#6400=ORIENTED_EDGE('',*,*,#4564,.F.);
#6401=ORIENTED_EDGE('',*,*,#4566,.T.);
#6402=ORIENTED_EDGE('',*,*,#4561,.F.);
#6403=ORIENTED_EDGE('',*,*,#4560,.F.);
#6404=ORIENTED_EDGE('',*,*,#4567,.T.);
#6405=ORIENTED_EDGE('',*,*,#4568,.F.);
#6406=ORIENTED_EDGE('',*,*,#4551,.F.);
#6407=ORIENTED_EDGE('',*,*,#4541,.F.);
#6408=ORIENTED_EDGE('',*,*,#4569,.F.);
#6409=ORIENTED_EDGE('',*,*,#4570,.F.);
#6410=ORIENTED_EDGE('',*,*,#4567,.F.);
#6411=ORIENTED_EDGE('',*,*,#4556,.F.);
#6412=ORIENTED_EDGE('',*,*,#4571,.T.);
#6413=ORIENTED_EDGE('',*,*,#4572,.T.);
#6414=ORIENTED_EDGE('',*,*,#4554,.T.);
#6415=ORIENTED_EDGE('',*,*,#4558,.F.);
#6416=ORIENTED_EDGE('',*,*,#4562,.F.);
#6417=ORIENTED_EDGE('',*,*,#4566,.F.);
#6418=ORIENTED_EDGE('',*,*,#4563,.F.);
#6419=ORIENTED_EDGE('',*,*,#4544,.F.);
#6420=ORIENTED_EDGE('',*,*,#4553,.F.);
#6421=ORIENTED_EDGE('',*,*,#4573,.T.);
#6422=ORIENTED_EDGE('',*,*,#4569,.T.);
#6423=ORIENTED_EDGE('',*,*,#4568,.T.);
#6424=ORIENTED_EDGE('',*,*,#4570,.T.);
#6425=ORIENTED_EDGE('',*,*,#4573,.F.);
#6426=ORIENTED_EDGE('',*,*,#4552,.F.);
#6427=ORIENTED_EDGE('',*,*,#4574,.T.);
#6428=ORIENTED_EDGE('',*,*,#4548,.T.);
#6429=ORIENTED_EDGE('',*,*,#4555,.F.);
#6430=ORIENTED_EDGE('',*,*,#4572,.F.);
#6431=ORIENTED_EDGE('',*,*,#4565,.F.);
#6432=ORIENTED_EDGE('',*,*,#4549,.T.);
#6433=ORIENTED_EDGE('',*,*,#4574,.F.);
#6434=ORIENTED_EDGE('',*,*,#4571,.F.);
#6435=ORIENTED_EDGE('',*,*,#4575,.T.);
#6436=ORIENTED_EDGE('',*,*,#4576,.T.);
#6437=ORIENTED_EDGE('',*,*,#4577,.T.);
#6438=ORIENTED_EDGE('',*,*,#4578,.F.);
#6439=ORIENTED_EDGE('',*,*,#4579,.T.);
#6440=ORIENTED_EDGE('',*,*,#4580,.T.);
#6441=ORIENTED_EDGE('',*,*,#4581,.T.);
#6442=ORIENTED_EDGE('',*,*,#4576,.F.);
#6443=ORIENTED_EDGE('',*,*,#4582,.T.);
#6444=ORIENTED_EDGE('',*,*,#4583,.T.);
#6445=ORIENTED_EDGE('',*,*,#4584,.T.);
#6446=ORIENTED_EDGE('',*,*,#4580,.F.);
#6447=ORIENTED_EDGE('',*,*,#4585,.T.);
#6448=ORIENTED_EDGE('',*,*,#4583,.F.);
#6449=ORIENTED_EDGE('',*,*,#4586,.T.);
#6450=ORIENTED_EDGE('',*,*,#4578,.T.);
#6451=ORIENTED_EDGE('',*,*,#4585,.F.);
#6452=ORIENTED_EDGE('',*,*,#4587,.F.);
#6453=ORIENTED_EDGE('',*,*,#4588,.F.);
#6454=ORIENTED_EDGE('',*,*,#4589,.F.);
#6455=ORIENTED_EDGE('',*,*,#4590,.F.);
#6456=ORIENTED_EDGE('',*,*,#4591,.T.);
#6457=ORIENTED_EDGE('',*,*,#4592,.T.);
#6458=ORIENTED_EDGE('',*,*,#4593,.T.);
#6459=ORIENTED_EDGE('',*,*,#4577,.F.);
#6460=ORIENTED_EDGE('',*,*,#4594,.F.);
#6461=ORIENTED_EDGE('',*,*,#4595,.T.);
#6462=ORIENTED_EDGE('',*,*,#4587,.T.);
#6463=ORIENTED_EDGE('',*,*,#4575,.F.);
#6464=ORIENTED_EDGE('',*,*,#4586,.F.);
#6465=ORIENTED_EDGE('',*,*,#4582,.F.);
#6466=ORIENTED_EDGE('',*,*,#4579,.F.);
#6467=ORIENTED_EDGE('',*,*,#4596,.T.);
#6468=ORIENTED_EDGE('',*,*,#4597,.T.);
#6469=ORIENTED_EDGE('',*,*,#4598,.T.);
#6470=ORIENTED_EDGE('',*,*,#4599,.F.);
#6471=ORIENTED_EDGE('',*,*,#4600,.T.);
#6472=ORIENTED_EDGE('',*,*,#4601,.T.);
#6473=ORIENTED_EDGE('',*,*,#4602,.T.);
#6474=ORIENTED_EDGE('',*,*,#4597,.F.);
#6475=ORIENTED_EDGE('',*,*,#4603,.T.);
#6476=ORIENTED_EDGE('',*,*,#4604,.T.);
#6477=ORIENTED_EDGE('',*,*,#4605,.T.);
#6478=ORIENTED_EDGE('',*,*,#4599,.T.);
#6479=ORIENTED_EDGE('',*,*,#4590,.T.);
#6480=ORIENTED_EDGE('',*,*,#4604,.F.);
#6481=ORIENTED_EDGE('',*,*,#4606,.T.);
#6482=ORIENTED_EDGE('',*,*,#4601,.F.);
#6483=ORIENTED_EDGE('',*,*,#4600,.F.);
#6484=ORIENTED_EDGE('',*,*,#4607,.T.);
#6485=ORIENTED_EDGE('',*,*,#4608,.F.);
#6486=ORIENTED_EDGE('',*,*,#4591,.F.);
#6487=ORIENTED_EDGE('',*,*,#4581,.F.);
#6488=ORIENTED_EDGE('',*,*,#4609,.F.);
#6489=ORIENTED_EDGE('',*,*,#4610,.F.);
#6490=ORIENTED_EDGE('',*,*,#4607,.F.);
#6491=ORIENTED_EDGE('',*,*,#4596,.F.);
#6492=ORIENTED_EDGE('',*,*,#4611,.T.);
#6493=ORIENTED_EDGE('',*,*,#4612,.T.);
#6494=ORIENTED_EDGE('',*,*,#4594,.T.);
#6495=ORIENTED_EDGE('',*,*,#4598,.F.);
#6496=ORIENTED_EDGE('',*,*,#4602,.F.);
#6497=ORIENTED_EDGE('',*,*,#4606,.F.);
#6498=ORIENTED_EDGE('',*,*,#4603,.F.);
#6499=ORIENTED_EDGE('',*,*,#4584,.F.);
#6500=ORIENTED_EDGE('',*,*,#4593,.F.);
#6501=ORIENTED_EDGE('',*,*,#4613,.T.);
#6502=ORIENTED_EDGE('',*,*,#4609,.T.);
#6503=ORIENTED_EDGE('',*,*,#4608,.T.);
#6504=ORIENTED_EDGE('',*,*,#4610,.T.);
#6505=ORIENTED_EDGE('',*,*,#4613,.F.);
#6506=ORIENTED_EDGE('',*,*,#4592,.F.);
#6507=ORIENTED_EDGE('',*,*,#4614,.T.);
#6508=ORIENTED_EDGE('',*,*,#4588,.T.);
#6509=ORIENTED_EDGE('',*,*,#4595,.F.);
#6510=ORIENTED_EDGE('',*,*,#4612,.F.);
#6511=ORIENTED_EDGE('',*,*,#4605,.F.);
#6512=ORIENTED_EDGE('',*,*,#4589,.T.);
#6513=ORIENTED_EDGE('',*,*,#4614,.F.);
#6514=ORIENTED_EDGE('',*,*,#4611,.F.);
#6515=ORIENTED_EDGE('',*,*,#4615,.T.);
#6516=ORIENTED_EDGE('',*,*,#4616,.T.);
#6517=ORIENTED_EDGE('',*,*,#4617,.T.);
#6518=ORIENTED_EDGE('',*,*,#4618,.F.);
#6519=ORIENTED_EDGE('',*,*,#4619,.T.);
#6520=ORIENTED_EDGE('',*,*,#4620,.T.);
#6521=ORIENTED_EDGE('',*,*,#4621,.T.);
#6522=ORIENTED_EDGE('',*,*,#4616,.F.);
#6523=ORIENTED_EDGE('',*,*,#4622,.T.);
#6524=ORIENTED_EDGE('',*,*,#4623,.T.);
#6525=ORIENTED_EDGE('',*,*,#4624,.T.);
#6526=ORIENTED_EDGE('',*,*,#4620,.F.);
#6527=ORIENTED_EDGE('',*,*,#4625,.T.);
#6528=ORIENTED_EDGE('',*,*,#4623,.F.);
#6529=ORIENTED_EDGE('',*,*,#4626,.T.);
#6530=ORIENTED_EDGE('',*,*,#4618,.T.);
#6531=ORIENTED_EDGE('',*,*,#4625,.F.);
#6532=ORIENTED_EDGE('',*,*,#4627,.F.);
#6533=ORIENTED_EDGE('',*,*,#4628,.F.);
#6534=ORIENTED_EDGE('',*,*,#4629,.F.);
#6535=ORIENTED_EDGE('',*,*,#4630,.F.);
#6536=ORIENTED_EDGE('',*,*,#4631,.T.);
#6537=ORIENTED_EDGE('',*,*,#4632,.T.);
#6538=ORIENTED_EDGE('',*,*,#4633,.T.);
#6539=ORIENTED_EDGE('',*,*,#4617,.F.);
#6540=ORIENTED_EDGE('',*,*,#4634,.F.);
#6541=ORIENTED_EDGE('',*,*,#4635,.T.);
#6542=ORIENTED_EDGE('',*,*,#4627,.T.);
#6543=ORIENTED_EDGE('',*,*,#4615,.F.);
#6544=ORIENTED_EDGE('',*,*,#4626,.F.);
#6545=ORIENTED_EDGE('',*,*,#4622,.F.);
#6546=ORIENTED_EDGE('',*,*,#4619,.F.);
#6547=ORIENTED_EDGE('',*,*,#4636,.T.);
#6548=ORIENTED_EDGE('',*,*,#4637,.T.);
#6549=ORIENTED_EDGE('',*,*,#4638,.T.);
#6550=ORIENTED_EDGE('',*,*,#4639,.F.);
#6551=ORIENTED_EDGE('',*,*,#4640,.T.);
#6552=ORIENTED_EDGE('',*,*,#4641,.T.);
#6553=ORIENTED_EDGE('',*,*,#4642,.T.);
#6554=ORIENTED_EDGE('',*,*,#4637,.F.);
#6555=ORIENTED_EDGE('',*,*,#4643,.T.);
#6556=ORIENTED_EDGE('',*,*,#4644,.T.);
#6557=ORIENTED_EDGE('',*,*,#4645,.T.);
#6558=ORIENTED_EDGE('',*,*,#4639,.T.);
#6559=ORIENTED_EDGE('',*,*,#4630,.T.);
#6560=ORIENTED_EDGE('',*,*,#4644,.F.);
#6561=ORIENTED_EDGE('',*,*,#4646,.T.);
#6562=ORIENTED_EDGE('',*,*,#4641,.F.);
#6563=ORIENTED_EDGE('',*,*,#4640,.F.);
#6564=ORIENTED_EDGE('',*,*,#4647,.T.);
#6565=ORIENTED_EDGE('',*,*,#4648,.F.);
#6566=ORIENTED_EDGE('',*,*,#4631,.F.);
#6567=ORIENTED_EDGE('',*,*,#4621,.F.);
#6568=ORIENTED_EDGE('',*,*,#4649,.F.);
#6569=ORIENTED_EDGE('',*,*,#4650,.F.);
#6570=ORIENTED_EDGE('',*,*,#4647,.F.);
#6571=ORIENTED_EDGE('',*,*,#4636,.F.);
#6572=ORIENTED_EDGE('',*,*,#4651,.T.);
#6573=ORIENTED_EDGE('',*,*,#4652,.T.);
#6574=ORIENTED_EDGE('',*,*,#4634,.T.);
#6575=ORIENTED_EDGE('',*,*,#4638,.F.);
#6576=ORIENTED_EDGE('',*,*,#4642,.F.);
#6577=ORIENTED_EDGE('',*,*,#4646,.F.);
#6578=ORIENTED_EDGE('',*,*,#4643,.F.);
#6579=ORIENTED_EDGE('',*,*,#4624,.F.);
#6580=ORIENTED_EDGE('',*,*,#4633,.F.);
#6581=ORIENTED_EDGE('',*,*,#4653,.T.);
#6582=ORIENTED_EDGE('',*,*,#4649,.T.);
#6583=ORIENTED_EDGE('',*,*,#4648,.T.);
#6584=ORIENTED_EDGE('',*,*,#4650,.T.);
#6585=ORIENTED_EDGE('',*,*,#4653,.F.);
#6586=ORIENTED_EDGE('',*,*,#4632,.F.);
#6587=ORIENTED_EDGE('',*,*,#4654,.T.);
#6588=ORIENTED_EDGE('',*,*,#4628,.T.);
#6589=ORIENTED_EDGE('',*,*,#4635,.F.);
#6590=ORIENTED_EDGE('',*,*,#4652,.F.);
#6591=ORIENTED_EDGE('',*,*,#4645,.F.);
#6592=ORIENTED_EDGE('',*,*,#4629,.T.);
#6593=ORIENTED_EDGE('',*,*,#4654,.F.);
#6594=ORIENTED_EDGE('',*,*,#4651,.F.);
#6595=ORIENTED_EDGE('',*,*,#4655,.T.);
#6596=ORIENTED_EDGE('',*,*,#4656,.T.);
#6597=ORIENTED_EDGE('',*,*,#4657,.T.);
#6598=ORIENTED_EDGE('',*,*,#4658,.F.);
#6599=ORIENTED_EDGE('',*,*,#4659,.T.);
#6600=ORIENTED_EDGE('',*,*,#4660,.T.);
#6601=ORIENTED_EDGE('',*,*,#4661,.T.);
#6602=ORIENTED_EDGE('',*,*,#4656,.F.);
#6603=ORIENTED_EDGE('',*,*,#4662,.T.);
#6604=ORIENTED_EDGE('',*,*,#4663,.T.);
#6605=ORIENTED_EDGE('',*,*,#4664,.T.);
#6606=ORIENTED_EDGE('',*,*,#4660,.F.);
#6607=ORIENTED_EDGE('',*,*,#4665,.T.);
#6608=ORIENTED_EDGE('',*,*,#4663,.F.);
#6609=ORIENTED_EDGE('',*,*,#4666,.T.);
#6610=ORIENTED_EDGE('',*,*,#4658,.T.);
#6611=ORIENTED_EDGE('',*,*,#4665,.F.);
#6612=ORIENTED_EDGE('',*,*,#4667,.F.);
#6613=ORIENTED_EDGE('',*,*,#4668,.F.);
#6614=ORIENTED_EDGE('',*,*,#4669,.F.);
#6615=ORIENTED_EDGE('',*,*,#4670,.F.);
#6616=ORIENTED_EDGE('',*,*,#4671,.T.);
#6617=ORIENTED_EDGE('',*,*,#4672,.T.);
#6618=ORIENTED_EDGE('',*,*,#4673,.T.);
#6619=ORIENTED_EDGE('',*,*,#4657,.F.);
#6620=ORIENTED_EDGE('',*,*,#4674,.F.);
#6621=ORIENTED_EDGE('',*,*,#4675,.T.);
#6622=ORIENTED_EDGE('',*,*,#4667,.T.);
#6623=ORIENTED_EDGE('',*,*,#4655,.F.);
#6624=ORIENTED_EDGE('',*,*,#4666,.F.);
#6625=ORIENTED_EDGE('',*,*,#4662,.F.);
#6626=ORIENTED_EDGE('',*,*,#4659,.F.);
#6627=ORIENTED_EDGE('',*,*,#4676,.T.);
#6628=ORIENTED_EDGE('',*,*,#4677,.T.);
#6629=ORIENTED_EDGE('',*,*,#4678,.T.);
#6630=ORIENTED_EDGE('',*,*,#4679,.F.);
#6631=ORIENTED_EDGE('',*,*,#4680,.T.);
#6632=ORIENTED_EDGE('',*,*,#4681,.T.);
#6633=ORIENTED_EDGE('',*,*,#4682,.T.);
#6634=ORIENTED_EDGE('',*,*,#4677,.F.);
#6635=ORIENTED_EDGE('',*,*,#4683,.T.);
#6636=ORIENTED_EDGE('',*,*,#4684,.T.);
#6637=ORIENTED_EDGE('',*,*,#4685,.T.);
#6638=ORIENTED_EDGE('',*,*,#4679,.T.);
#6639=ORIENTED_EDGE('',*,*,#4670,.T.);
#6640=ORIENTED_EDGE('',*,*,#4684,.F.);
#6641=ORIENTED_EDGE('',*,*,#4686,.T.);
#6642=ORIENTED_EDGE('',*,*,#4681,.F.);
#6643=ORIENTED_EDGE('',*,*,#4680,.F.);
#6644=ORIENTED_EDGE('',*,*,#4687,.T.);
#6645=ORIENTED_EDGE('',*,*,#4688,.F.);
#6646=ORIENTED_EDGE('',*,*,#4671,.F.);
#6647=ORIENTED_EDGE('',*,*,#4661,.F.);
#6648=ORIENTED_EDGE('',*,*,#4689,.F.);
#6649=ORIENTED_EDGE('',*,*,#4690,.F.);
#6650=ORIENTED_EDGE('',*,*,#4687,.F.);
#6651=ORIENTED_EDGE('',*,*,#4676,.F.);
#6652=ORIENTED_EDGE('',*,*,#4691,.T.);
#6653=ORIENTED_EDGE('',*,*,#4692,.T.);
#6654=ORIENTED_EDGE('',*,*,#4674,.T.);
#6655=ORIENTED_EDGE('',*,*,#4678,.F.);
#6656=ORIENTED_EDGE('',*,*,#4682,.F.);
#6657=ORIENTED_EDGE('',*,*,#4686,.F.);
#6658=ORIENTED_EDGE('',*,*,#4683,.F.);
#6659=ORIENTED_EDGE('',*,*,#4664,.F.);
#6660=ORIENTED_EDGE('',*,*,#4673,.F.);
#6661=ORIENTED_EDGE('',*,*,#4693,.T.);
#6662=ORIENTED_EDGE('',*,*,#4689,.T.);
#6663=ORIENTED_EDGE('',*,*,#4688,.T.);
#6664=ORIENTED_EDGE('',*,*,#4690,.T.);
#6665=ORIENTED_EDGE('',*,*,#4693,.F.);
#6666=ORIENTED_EDGE('',*,*,#4672,.F.);
#6667=ORIENTED_EDGE('',*,*,#4694,.T.);
#6668=ORIENTED_EDGE('',*,*,#4668,.T.);
#6669=ORIENTED_EDGE('',*,*,#4675,.F.);
#6670=ORIENTED_EDGE('',*,*,#4692,.F.);
#6671=ORIENTED_EDGE('',*,*,#4685,.F.);
#6672=ORIENTED_EDGE('',*,*,#4669,.T.);
#6673=ORIENTED_EDGE('',*,*,#4694,.F.);
#6674=ORIENTED_EDGE('',*,*,#4691,.F.);
#6675=ORIENTED_EDGE('',*,*,#4695,.T.);
#6676=ORIENTED_EDGE('',*,*,#4696,.T.);
#6677=ORIENTED_EDGE('',*,*,#4697,.T.);
#6678=ORIENTED_EDGE('',*,*,#4698,.F.);
#6679=ORIENTED_EDGE('',*,*,#4699,.T.);
#6680=ORIENTED_EDGE('',*,*,#4700,.T.);
#6681=ORIENTED_EDGE('',*,*,#4701,.T.);
#6682=ORIENTED_EDGE('',*,*,#4696,.F.);
#6683=ORIENTED_EDGE('',*,*,#4702,.T.);
#6684=ORIENTED_EDGE('',*,*,#4703,.T.);
#6685=ORIENTED_EDGE('',*,*,#4704,.T.);
#6686=ORIENTED_EDGE('',*,*,#4700,.F.);
#6687=ORIENTED_EDGE('',*,*,#4705,.T.);
#6688=ORIENTED_EDGE('',*,*,#4703,.F.);
#6689=ORIENTED_EDGE('',*,*,#4706,.T.);
#6690=ORIENTED_EDGE('',*,*,#4698,.T.);
#6691=ORIENTED_EDGE('',*,*,#4705,.F.);
#6692=ORIENTED_EDGE('',*,*,#4707,.F.);
#6693=ORIENTED_EDGE('',*,*,#4708,.F.);
#6694=ORIENTED_EDGE('',*,*,#4709,.F.);
#6695=ORIENTED_EDGE('',*,*,#4710,.F.);
#6696=ORIENTED_EDGE('',*,*,#4711,.T.);
#6697=ORIENTED_EDGE('',*,*,#4712,.T.);
#6698=ORIENTED_EDGE('',*,*,#4713,.T.);
#6699=ORIENTED_EDGE('',*,*,#4697,.F.);
#6700=ORIENTED_EDGE('',*,*,#4714,.F.);
#6701=ORIENTED_EDGE('',*,*,#4715,.T.);
#6702=ORIENTED_EDGE('',*,*,#4707,.T.);
#6703=ORIENTED_EDGE('',*,*,#4695,.F.);
#6704=ORIENTED_EDGE('',*,*,#4706,.F.);
#6705=ORIENTED_EDGE('',*,*,#4702,.F.);
#6706=ORIENTED_EDGE('',*,*,#4699,.F.);
#6707=ORIENTED_EDGE('',*,*,#4716,.T.);
#6708=ORIENTED_EDGE('',*,*,#4717,.T.);
#6709=ORIENTED_EDGE('',*,*,#4718,.T.);
#6710=ORIENTED_EDGE('',*,*,#4719,.F.);
#6711=ORIENTED_EDGE('',*,*,#4720,.T.);
#6712=ORIENTED_EDGE('',*,*,#4721,.T.);
#6713=ORIENTED_EDGE('',*,*,#4722,.T.);
#6714=ORIENTED_EDGE('',*,*,#4717,.F.);
#6715=ORIENTED_EDGE('',*,*,#4723,.T.);
#6716=ORIENTED_EDGE('',*,*,#4724,.T.);
#6717=ORIENTED_EDGE('',*,*,#4725,.T.);
#6718=ORIENTED_EDGE('',*,*,#4719,.T.);
#6719=ORIENTED_EDGE('',*,*,#4710,.T.);
#6720=ORIENTED_EDGE('',*,*,#4724,.F.);
#6721=ORIENTED_EDGE('',*,*,#4726,.T.);
#6722=ORIENTED_EDGE('',*,*,#4721,.F.);
#6723=ORIENTED_EDGE('',*,*,#4720,.F.);
#6724=ORIENTED_EDGE('',*,*,#4727,.T.);
#6725=ORIENTED_EDGE('',*,*,#4728,.F.);
#6726=ORIENTED_EDGE('',*,*,#4711,.F.);
#6727=ORIENTED_EDGE('',*,*,#4701,.F.);
#6728=ORIENTED_EDGE('',*,*,#4729,.F.);
#6729=ORIENTED_EDGE('',*,*,#4730,.F.);
#6730=ORIENTED_EDGE('',*,*,#4727,.F.);
#6731=ORIENTED_EDGE('',*,*,#4716,.F.);
#6732=ORIENTED_EDGE('',*,*,#4731,.T.);
#6733=ORIENTED_EDGE('',*,*,#4732,.T.);
#6734=ORIENTED_EDGE('',*,*,#4714,.T.);
#6735=ORIENTED_EDGE('',*,*,#4718,.F.);
#6736=ORIENTED_EDGE('',*,*,#4722,.F.);
#6737=ORIENTED_EDGE('',*,*,#4726,.F.);
#6738=ORIENTED_EDGE('',*,*,#4723,.F.);
#6739=ORIENTED_EDGE('',*,*,#4704,.F.);
#6740=ORIENTED_EDGE('',*,*,#4713,.F.);
#6741=ORIENTED_EDGE('',*,*,#4733,.T.);
#6742=ORIENTED_EDGE('',*,*,#4729,.T.);
#6743=ORIENTED_EDGE('',*,*,#4728,.T.);
#6744=ORIENTED_EDGE('',*,*,#4730,.T.);
#6745=ORIENTED_EDGE('',*,*,#4733,.F.);
#6746=ORIENTED_EDGE('',*,*,#4712,.F.);
#6747=ORIENTED_EDGE('',*,*,#4734,.T.);
#6748=ORIENTED_EDGE('',*,*,#4708,.T.);
#6749=ORIENTED_EDGE('',*,*,#4715,.F.);
#6750=ORIENTED_EDGE('',*,*,#4732,.F.);
#6751=ORIENTED_EDGE('',*,*,#4725,.F.);
#6752=ORIENTED_EDGE('',*,*,#4709,.T.);
#6753=ORIENTED_EDGE('',*,*,#4734,.F.);
#6754=ORIENTED_EDGE('',*,*,#4731,.F.);
#6755=ORIENTED_EDGE('',*,*,#4735,.T.);
#6756=ORIENTED_EDGE('',*,*,#4736,.T.);
#6757=ORIENTED_EDGE('',*,*,#4737,.T.);
#6758=ORIENTED_EDGE('',*,*,#4738,.F.);
#6759=ORIENTED_EDGE('',*,*,#4739,.T.);
#6760=ORIENTED_EDGE('',*,*,#4740,.T.);
#6761=ORIENTED_EDGE('',*,*,#4741,.T.);
#6762=ORIENTED_EDGE('',*,*,#4736,.F.);
#6763=ORIENTED_EDGE('',*,*,#4742,.T.);
#6764=ORIENTED_EDGE('',*,*,#4743,.T.);
#6765=ORIENTED_EDGE('',*,*,#4744,.T.);
#6766=ORIENTED_EDGE('',*,*,#4740,.F.);
#6767=ORIENTED_EDGE('',*,*,#4745,.T.);
#6768=ORIENTED_EDGE('',*,*,#4743,.F.);
#6769=ORIENTED_EDGE('',*,*,#4746,.T.);
#6770=ORIENTED_EDGE('',*,*,#4738,.T.);
#6771=ORIENTED_EDGE('',*,*,#4745,.F.);
#6772=ORIENTED_EDGE('',*,*,#4747,.F.);
#6773=ORIENTED_EDGE('',*,*,#4748,.F.);
#6774=ORIENTED_EDGE('',*,*,#4749,.F.);
#6775=ORIENTED_EDGE('',*,*,#4750,.F.);
#6776=ORIENTED_EDGE('',*,*,#4751,.T.);
#6777=ORIENTED_EDGE('',*,*,#4752,.T.);
#6778=ORIENTED_EDGE('',*,*,#4753,.T.);
#6779=ORIENTED_EDGE('',*,*,#4737,.F.);
#6780=ORIENTED_EDGE('',*,*,#4754,.F.);
#6781=ORIENTED_EDGE('',*,*,#4755,.T.);
#6782=ORIENTED_EDGE('',*,*,#4747,.T.);
#6783=ORIENTED_EDGE('',*,*,#4735,.F.);
#6784=ORIENTED_EDGE('',*,*,#4746,.F.);
#6785=ORIENTED_EDGE('',*,*,#4742,.F.);
#6786=ORIENTED_EDGE('',*,*,#4739,.F.);
#6787=ORIENTED_EDGE('',*,*,#4756,.T.);
#6788=ORIENTED_EDGE('',*,*,#4757,.T.);
#6789=ORIENTED_EDGE('',*,*,#4758,.T.);
#6790=ORIENTED_EDGE('',*,*,#4759,.F.);
#6791=ORIENTED_EDGE('',*,*,#4760,.T.);
#6792=ORIENTED_EDGE('',*,*,#4761,.T.);
#6793=ORIENTED_EDGE('',*,*,#4762,.T.);
#6794=ORIENTED_EDGE('',*,*,#4757,.F.);
#6795=ORIENTED_EDGE('',*,*,#4763,.T.);
#6796=ORIENTED_EDGE('',*,*,#4764,.T.);
#6797=ORIENTED_EDGE('',*,*,#4765,.T.);
#6798=ORIENTED_EDGE('',*,*,#4759,.T.);
#6799=ORIENTED_EDGE('',*,*,#4750,.T.);
#6800=ORIENTED_EDGE('',*,*,#4764,.F.);
#6801=ORIENTED_EDGE('',*,*,#4766,.T.);
#6802=ORIENTED_EDGE('',*,*,#4761,.F.);
#6803=ORIENTED_EDGE('',*,*,#4760,.F.);
#6804=ORIENTED_EDGE('',*,*,#4767,.T.);
#6805=ORIENTED_EDGE('',*,*,#4768,.F.);
#6806=ORIENTED_EDGE('',*,*,#4751,.F.);
#6807=ORIENTED_EDGE('',*,*,#4741,.F.);
#6808=ORIENTED_EDGE('',*,*,#4769,.F.);
#6809=ORIENTED_EDGE('',*,*,#4770,.F.);
#6810=ORIENTED_EDGE('',*,*,#4767,.F.);
#6811=ORIENTED_EDGE('',*,*,#4756,.F.);
#6812=ORIENTED_EDGE('',*,*,#4771,.T.);
#6813=ORIENTED_EDGE('',*,*,#4772,.T.);
#6814=ORIENTED_EDGE('',*,*,#4754,.T.);
#6815=ORIENTED_EDGE('',*,*,#4758,.F.);
#6816=ORIENTED_EDGE('',*,*,#4762,.F.);
#6817=ORIENTED_EDGE('',*,*,#4766,.F.);
#6818=ORIENTED_EDGE('',*,*,#4763,.F.);
#6819=ORIENTED_EDGE('',*,*,#4744,.F.);
#6820=ORIENTED_EDGE('',*,*,#4753,.F.);
#6821=ORIENTED_EDGE('',*,*,#4773,.T.);
#6822=ORIENTED_EDGE('',*,*,#4769,.T.);
#6823=ORIENTED_EDGE('',*,*,#4768,.T.);
#6824=ORIENTED_EDGE('',*,*,#4770,.T.);
#6825=ORIENTED_EDGE('',*,*,#4773,.F.);
#6826=ORIENTED_EDGE('',*,*,#4752,.F.);
#6827=ORIENTED_EDGE('',*,*,#4774,.T.);
#6828=ORIENTED_EDGE('',*,*,#4748,.T.);
#6829=ORIENTED_EDGE('',*,*,#4755,.F.);
#6830=ORIENTED_EDGE('',*,*,#4772,.F.);
#6831=ORIENTED_EDGE('',*,*,#4765,.F.);
#6832=ORIENTED_EDGE('',*,*,#4749,.T.);
#6833=ORIENTED_EDGE('',*,*,#4774,.F.);
#6834=ORIENTED_EDGE('',*,*,#4771,.F.);
#6835=ORIENTED_EDGE('',*,*,#4775,.T.);
#6836=ORIENTED_EDGE('',*,*,#4776,.T.);
#6837=ORIENTED_EDGE('',*,*,#4777,.T.);
#6838=ORIENTED_EDGE('',*,*,#4778,.F.);
#6839=ORIENTED_EDGE('',*,*,#4779,.T.);
#6840=ORIENTED_EDGE('',*,*,#4780,.T.);
#6841=ORIENTED_EDGE('',*,*,#4781,.T.);
#6842=ORIENTED_EDGE('',*,*,#4776,.F.);
#6843=ORIENTED_EDGE('',*,*,#4782,.T.);
#6844=ORIENTED_EDGE('',*,*,#4783,.T.);
#6845=ORIENTED_EDGE('',*,*,#4784,.T.);
#6846=ORIENTED_EDGE('',*,*,#4780,.F.);
#6847=ORIENTED_EDGE('',*,*,#4785,.T.);
#6848=ORIENTED_EDGE('',*,*,#4783,.F.);
#6849=ORIENTED_EDGE('',*,*,#4786,.T.);
#6850=ORIENTED_EDGE('',*,*,#4778,.T.);
#6851=ORIENTED_EDGE('',*,*,#4785,.F.);
#6852=ORIENTED_EDGE('',*,*,#4787,.F.);
#6853=ORIENTED_EDGE('',*,*,#4788,.F.);
#6854=ORIENTED_EDGE('',*,*,#4789,.F.);
#6855=ORIENTED_EDGE('',*,*,#4790,.F.);
#6856=ORIENTED_EDGE('',*,*,#4791,.T.);
#6857=ORIENTED_EDGE('',*,*,#4792,.T.);
#6858=ORIENTED_EDGE('',*,*,#4793,.T.);
#6859=ORIENTED_EDGE('',*,*,#4777,.F.);
#6860=ORIENTED_EDGE('',*,*,#4794,.F.);
#6861=ORIENTED_EDGE('',*,*,#4795,.T.);
#6862=ORIENTED_EDGE('',*,*,#4787,.T.);
#6863=ORIENTED_EDGE('',*,*,#4775,.F.);
#6864=ORIENTED_EDGE('',*,*,#4786,.F.);
#6865=ORIENTED_EDGE('',*,*,#4782,.F.);
#6866=ORIENTED_EDGE('',*,*,#4779,.F.);
#6867=ORIENTED_EDGE('',*,*,#4796,.T.);
#6868=ORIENTED_EDGE('',*,*,#4797,.T.);
#6869=ORIENTED_EDGE('',*,*,#4798,.T.);
#6870=ORIENTED_EDGE('',*,*,#4799,.F.);
#6871=ORIENTED_EDGE('',*,*,#4800,.T.);
#6872=ORIENTED_EDGE('',*,*,#4801,.T.);
#6873=ORIENTED_EDGE('',*,*,#4802,.T.);
#6874=ORIENTED_EDGE('',*,*,#4797,.F.);
#6875=ORIENTED_EDGE('',*,*,#4803,.T.);
#6876=ORIENTED_EDGE('',*,*,#4804,.T.);
#6877=ORIENTED_EDGE('',*,*,#4805,.T.);
#6878=ORIENTED_EDGE('',*,*,#4799,.T.);
#6879=ORIENTED_EDGE('',*,*,#4790,.T.);
#6880=ORIENTED_EDGE('',*,*,#4804,.F.);
#6881=ORIENTED_EDGE('',*,*,#4806,.T.);
#6882=ORIENTED_EDGE('',*,*,#4801,.F.);
#6883=ORIENTED_EDGE('',*,*,#4800,.F.);
#6884=ORIENTED_EDGE('',*,*,#4807,.T.);
#6885=ORIENTED_EDGE('',*,*,#4808,.F.);
#6886=ORIENTED_EDGE('',*,*,#4791,.F.);
#6887=ORIENTED_EDGE('',*,*,#4781,.F.);
#6888=ORIENTED_EDGE('',*,*,#4809,.F.);
#6889=ORIENTED_EDGE('',*,*,#4810,.F.);
#6890=ORIENTED_EDGE('',*,*,#4807,.F.);
#6891=ORIENTED_EDGE('',*,*,#4796,.F.);
#6892=ORIENTED_EDGE('',*,*,#4811,.T.);
#6893=ORIENTED_EDGE('',*,*,#4812,.T.);
#6894=ORIENTED_EDGE('',*,*,#4794,.T.);
#6895=ORIENTED_EDGE('',*,*,#4798,.F.);
#6896=ORIENTED_EDGE('',*,*,#4802,.F.);
#6897=ORIENTED_EDGE('',*,*,#4806,.F.);
#6898=ORIENTED_EDGE('',*,*,#4803,.F.);
#6899=ORIENTED_EDGE('',*,*,#4784,.F.);
#6900=ORIENTED_EDGE('',*,*,#4793,.F.);
#6901=ORIENTED_EDGE('',*,*,#4813,.T.);
#6902=ORIENTED_EDGE('',*,*,#4809,.T.);
#6903=ORIENTED_EDGE('',*,*,#4808,.T.);
#6904=ORIENTED_EDGE('',*,*,#4810,.T.);
#6905=ORIENTED_EDGE('',*,*,#4813,.F.);
#6906=ORIENTED_EDGE('',*,*,#4792,.F.);
#6907=ORIENTED_EDGE('',*,*,#4814,.T.);
#6908=ORIENTED_EDGE('',*,*,#4788,.T.);
#6909=ORIENTED_EDGE('',*,*,#4795,.F.);
#6910=ORIENTED_EDGE('',*,*,#4812,.F.);
#6911=ORIENTED_EDGE('',*,*,#4805,.F.);
#6912=ORIENTED_EDGE('',*,*,#4789,.T.);
#6913=ORIENTED_EDGE('',*,*,#4814,.F.);
#6914=ORIENTED_EDGE('',*,*,#4811,.F.);
#6915=ORIENTED_EDGE('',*,*,#4815,.T.);
#6916=ORIENTED_EDGE('',*,*,#4816,.T.);
#6917=ORIENTED_EDGE('',*,*,#4817,.T.);
#6918=ORIENTED_EDGE('',*,*,#4818,.F.);
#6919=ORIENTED_EDGE('',*,*,#4819,.T.);
#6920=ORIENTED_EDGE('',*,*,#4820,.T.);
#6921=ORIENTED_EDGE('',*,*,#4821,.T.);
#6922=ORIENTED_EDGE('',*,*,#4816,.F.);
#6923=ORIENTED_EDGE('',*,*,#4822,.T.);
#6924=ORIENTED_EDGE('',*,*,#4823,.T.);
#6925=ORIENTED_EDGE('',*,*,#4824,.T.);
#6926=ORIENTED_EDGE('',*,*,#4820,.F.);
#6927=ORIENTED_EDGE('',*,*,#4825,.T.);
#6928=ORIENTED_EDGE('',*,*,#4823,.F.);
#6929=ORIENTED_EDGE('',*,*,#4826,.T.);
#6930=ORIENTED_EDGE('',*,*,#4818,.T.);
#6931=ORIENTED_EDGE('',*,*,#4825,.F.);
#6932=ORIENTED_EDGE('',*,*,#4827,.F.);
#6933=ORIENTED_EDGE('',*,*,#4828,.F.);
#6934=ORIENTED_EDGE('',*,*,#4829,.F.);
#6935=ORIENTED_EDGE('',*,*,#4830,.F.);
#6936=ORIENTED_EDGE('',*,*,#4831,.T.);
#6937=ORIENTED_EDGE('',*,*,#4832,.T.);
#6938=ORIENTED_EDGE('',*,*,#4833,.T.);
#6939=ORIENTED_EDGE('',*,*,#4817,.F.);
#6940=ORIENTED_EDGE('',*,*,#4834,.F.);
#6941=ORIENTED_EDGE('',*,*,#4835,.T.);
#6942=ORIENTED_EDGE('',*,*,#4827,.T.);
#6943=ORIENTED_EDGE('',*,*,#4815,.F.);
#6944=ORIENTED_EDGE('',*,*,#4826,.F.);
#6945=ORIENTED_EDGE('',*,*,#4822,.F.);
#6946=ORIENTED_EDGE('',*,*,#4819,.F.);
#6947=ORIENTED_EDGE('',*,*,#4836,.T.);
#6948=ORIENTED_EDGE('',*,*,#4837,.T.);
#6949=ORIENTED_EDGE('',*,*,#4838,.T.);
#6950=ORIENTED_EDGE('',*,*,#4839,.F.);
#6951=ORIENTED_EDGE('',*,*,#4840,.T.);
#6952=ORIENTED_EDGE('',*,*,#4841,.T.);
#6953=ORIENTED_EDGE('',*,*,#4842,.T.);
#6954=ORIENTED_EDGE('',*,*,#4837,.F.);
#6955=ORIENTED_EDGE('',*,*,#4843,.T.);
#6956=ORIENTED_EDGE('',*,*,#4844,.T.);
#6957=ORIENTED_EDGE('',*,*,#4845,.T.);
#6958=ORIENTED_EDGE('',*,*,#4839,.T.);
#6959=ORIENTED_EDGE('',*,*,#4830,.T.);
#6960=ORIENTED_EDGE('',*,*,#4844,.F.);
#6961=ORIENTED_EDGE('',*,*,#4846,.T.);
#6962=ORIENTED_EDGE('',*,*,#4841,.F.);
#6963=ORIENTED_EDGE('',*,*,#4840,.F.);
#6964=ORIENTED_EDGE('',*,*,#4847,.T.);
#6965=ORIENTED_EDGE('',*,*,#4848,.F.);
#6966=ORIENTED_EDGE('',*,*,#4831,.F.);
#6967=ORIENTED_EDGE('',*,*,#4821,.F.);
#6968=ORIENTED_EDGE('',*,*,#4849,.F.);
#6969=ORIENTED_EDGE('',*,*,#4850,.F.);
#6970=ORIENTED_EDGE('',*,*,#4847,.F.);
#6971=ORIENTED_EDGE('',*,*,#4836,.F.);
#6972=ORIENTED_EDGE('',*,*,#4851,.T.);
#6973=ORIENTED_EDGE('',*,*,#4852,.T.);
#6974=ORIENTED_EDGE('',*,*,#4834,.T.);
#6975=ORIENTED_EDGE('',*,*,#4838,.F.);
#6976=ORIENTED_EDGE('',*,*,#4842,.F.);
#6977=ORIENTED_EDGE('',*,*,#4846,.F.);
#6978=ORIENTED_EDGE('',*,*,#4843,.F.);
#6979=ORIENTED_EDGE('',*,*,#4824,.F.);
#6980=ORIENTED_EDGE('',*,*,#4833,.F.);
#6981=ORIENTED_EDGE('',*,*,#4853,.T.);
#6982=ORIENTED_EDGE('',*,*,#4849,.T.);
#6983=ORIENTED_EDGE('',*,*,#4848,.T.);
#6984=ORIENTED_EDGE('',*,*,#4850,.T.);
#6985=ORIENTED_EDGE('',*,*,#4853,.F.);
#6986=ORIENTED_EDGE('',*,*,#4832,.F.);
#6987=ORIENTED_EDGE('',*,*,#4854,.T.);
#6988=ORIENTED_EDGE('',*,*,#4828,.T.);
#6989=ORIENTED_EDGE('',*,*,#4835,.F.);
#6990=ORIENTED_EDGE('',*,*,#4852,.F.);
#6991=ORIENTED_EDGE('',*,*,#4845,.F.);
#6992=ORIENTED_EDGE('',*,*,#4829,.T.);
#6993=ORIENTED_EDGE('',*,*,#4854,.F.);
#6994=ORIENTED_EDGE('',*,*,#4851,.F.);
#6995=ORIENTED_EDGE('',*,*,#4855,.T.);
#6996=ORIENTED_EDGE('',*,*,#4856,.T.);
#6997=ORIENTED_EDGE('',*,*,#4857,.T.);
#6998=ORIENTED_EDGE('',*,*,#4858,.F.);
#6999=ORIENTED_EDGE('',*,*,#4859,.T.);
#7000=ORIENTED_EDGE('',*,*,#4860,.T.);
#7001=ORIENTED_EDGE('',*,*,#4861,.T.);
#7002=ORIENTED_EDGE('',*,*,#4856,.F.);
#7003=ORIENTED_EDGE('',*,*,#4862,.T.);
#7004=ORIENTED_EDGE('',*,*,#4863,.T.);
#7005=ORIENTED_EDGE('',*,*,#4864,.T.);
#7006=ORIENTED_EDGE('',*,*,#4860,.F.);
#7007=ORIENTED_EDGE('',*,*,#4865,.T.);
#7008=ORIENTED_EDGE('',*,*,#4863,.F.);
#7009=ORIENTED_EDGE('',*,*,#4866,.T.);
#7010=ORIENTED_EDGE('',*,*,#4858,.T.);
#7011=ORIENTED_EDGE('',*,*,#4865,.F.);
#7012=ORIENTED_EDGE('',*,*,#4867,.F.);
#7013=ORIENTED_EDGE('',*,*,#4868,.F.);
#7014=ORIENTED_EDGE('',*,*,#4869,.F.);
#7015=ORIENTED_EDGE('',*,*,#4870,.F.);
#7016=ORIENTED_EDGE('',*,*,#4871,.T.);
#7017=ORIENTED_EDGE('',*,*,#4872,.T.);
#7018=ORIENTED_EDGE('',*,*,#4873,.T.);
#7019=ORIENTED_EDGE('',*,*,#4857,.F.);
#7020=ORIENTED_EDGE('',*,*,#4874,.F.);
#7021=ORIENTED_EDGE('',*,*,#4875,.T.);
#7022=ORIENTED_EDGE('',*,*,#4867,.T.);
#7023=ORIENTED_EDGE('',*,*,#4855,.F.);
#7024=ORIENTED_EDGE('',*,*,#4866,.F.);
#7025=ORIENTED_EDGE('',*,*,#4862,.F.);
#7026=ORIENTED_EDGE('',*,*,#4859,.F.);
#7027=ORIENTED_EDGE('',*,*,#4876,.T.);
#7028=ORIENTED_EDGE('',*,*,#4877,.T.);
#7029=ORIENTED_EDGE('',*,*,#4878,.T.);
#7030=ORIENTED_EDGE('',*,*,#4879,.F.);
#7031=ORIENTED_EDGE('',*,*,#4880,.T.);
#7032=ORIENTED_EDGE('',*,*,#4881,.T.);
#7033=ORIENTED_EDGE('',*,*,#4882,.T.);
#7034=ORIENTED_EDGE('',*,*,#4877,.F.);
#7035=ORIENTED_EDGE('',*,*,#4883,.T.);
#7036=ORIENTED_EDGE('',*,*,#4884,.T.);
#7037=ORIENTED_EDGE('',*,*,#4885,.T.);
#7038=ORIENTED_EDGE('',*,*,#4879,.T.);
#7039=ORIENTED_EDGE('',*,*,#4870,.T.);
#7040=ORIENTED_EDGE('',*,*,#4884,.F.);
#7041=ORIENTED_EDGE('',*,*,#4886,.T.);
#7042=ORIENTED_EDGE('',*,*,#4881,.F.);
#7043=ORIENTED_EDGE('',*,*,#4880,.F.);
#7044=ORIENTED_EDGE('',*,*,#4887,.T.);
#7045=ORIENTED_EDGE('',*,*,#4888,.F.);
#7046=ORIENTED_EDGE('',*,*,#4871,.F.);
#7047=ORIENTED_EDGE('',*,*,#4861,.F.);
#7048=ORIENTED_EDGE('',*,*,#4889,.F.);
#7049=ORIENTED_EDGE('',*,*,#4890,.F.);
#7050=ORIENTED_EDGE('',*,*,#4887,.F.);
#7051=ORIENTED_EDGE('',*,*,#4876,.F.);
#7052=ORIENTED_EDGE('',*,*,#4891,.T.);
#7053=ORIENTED_EDGE('',*,*,#4892,.T.);
#7054=ORIENTED_EDGE('',*,*,#4874,.T.);
#7055=ORIENTED_EDGE('',*,*,#4878,.F.);
#7056=ORIENTED_EDGE('',*,*,#4882,.F.);
#7057=ORIENTED_EDGE('',*,*,#4886,.F.);
#7058=ORIENTED_EDGE('',*,*,#4883,.F.);
#7059=ORIENTED_EDGE('',*,*,#4864,.F.);
#7060=ORIENTED_EDGE('',*,*,#4873,.F.);
#7061=ORIENTED_EDGE('',*,*,#4893,.T.);
#7062=ORIENTED_EDGE('',*,*,#4889,.T.);
#7063=ORIENTED_EDGE('',*,*,#4888,.T.);
#7064=ORIENTED_EDGE('',*,*,#4890,.T.);
#7065=ORIENTED_EDGE('',*,*,#4893,.F.);
#7066=ORIENTED_EDGE('',*,*,#4872,.F.);
#7067=ORIENTED_EDGE('',*,*,#4894,.T.);
#7068=ORIENTED_EDGE('',*,*,#4868,.T.);
#7069=ORIENTED_EDGE('',*,*,#4875,.F.);
#7070=ORIENTED_EDGE('',*,*,#4892,.F.);
#7071=ORIENTED_EDGE('',*,*,#4885,.F.);
#7072=ORIENTED_EDGE('',*,*,#4869,.T.);
#7073=ORIENTED_EDGE('',*,*,#4894,.F.);
#7074=ORIENTED_EDGE('',*,*,#4891,.F.);
#7075=PLANE('',#7926);
#7076=PLANE('',#7927);
#7077=PLANE('',#7928);
#7078=PLANE('',#7929);
#7079=PLANE('',#7930);
#7080=PLANE('',#7931);
#7081=PLANE('',#7932);
#7082=PLANE('',#7933);
#7083=PLANE('',#7934);
#7084=PLANE('',#7935);
#7085=PLANE('',#7936);
#7086=PLANE('',#7937);
#7087=PLANE('',#7938);
#7088=PLANE('',#7939);
#7089=PLANE('',#7940);
#7090=PLANE('',#7941);
#7091=PLANE('',#7942);
#7092=PLANE('',#7943);
#7093=PLANE('',#7944);
#7094=PLANE('',#7945);
#7095=PLANE('',#7946);
#7096=PLANE('',#7947);
#7097=PLANE('',#7948);
#7098=PLANE('',#7949);
#7099=PLANE('',#7950);
#7100=PLANE('',#7951);
#7101=PLANE('',#7952);
#7102=PLANE('',#7953);
#7103=PLANE('',#7954);
#7104=PLANE('',#7955);
#7105=PLANE('',#7956);
#7106=PLANE('',#7957);
#7107=PLANE('',#7958);
#7108=PLANE('',#7959);
#7109=PLANE('',#7960);
#7110=PLANE('',#7961);
#7111=PLANE('',#7962);
#7112=PLANE('',#7963);
#7113=PLANE('',#7964);
#7114=PLANE('',#7965);
#7115=PLANE('',#7966);
#7116=PLANE('',#7967);
#7117=PLANE('',#7968);
#7118=PLANE('',#7969);
#7119=PLANE('',#7970);
#7120=PLANE('',#7971);
#7121=PLANE('',#7972);
#7122=PLANE('',#7973);
#7123=PLANE('',#7974);
#7124=PLANE('',#7975);
#7125=PLANE('',#7976);
#7126=PLANE('',#7977);
#7127=PLANE('',#7978);
#7128=PLANE('',#7979);
#7129=PLANE('',#7980);
#7130=PLANE('',#7981);
#7131=PLANE('',#7982);
#7132=PLANE('',#7983);
#7133=PLANE('',#7984);
#7134=PLANE('',#7985);
#7135=PLANE('',#7986);
#7136=PLANE('',#7987);
#7137=PLANE('',#7988);
#7138=PLANE('',#7989);
#7139=PLANE('',#7990);
#7140=PLANE('',#7991);
#7141=PLANE('',#7992);
#7142=PLANE('',#7993);
#7143=PLANE('',#7994);
#7144=PLANE('',#7995);
#7145=PLANE('',#7996);
#7146=PLANE('',#7997);
#7147=PLANE('',#7998);
#7148=PLANE('',#7999);
#7149=PLANE('',#8000);
#7150=PLANE('',#8001);
#7151=PLANE('',#8002);
#7152=PLANE('',#8003);
#7153=PLANE('',#8004);
#7154=PLANE('',#8005);
#7155=PLANE('',#8006);
#7156=PLANE('',#8007);
#7157=PLANE('',#8008);
#7158=PLANE('',#8009);
#7159=PLANE('',#8010);
#7160=PLANE('',#8011);
#7161=PLANE('',#8012);
#7162=PLANE('',#8013);
#7163=PLANE('',#8014);
#7164=PLANE('',#8015);
#7165=PLANE('',#8016);
#7166=PLANE('',#8017);
#7167=PLANE('',#8018);
#7168=PLANE('',#8019);
#7169=PLANE('',#8020);
#7170=PLANE('',#8021);
#7171=PLANE('',#8022);
#7172=PLANE('',#8023);
#7173=PLANE('',#8024);
#7174=PLANE('',#8025);
#7175=PLANE('',#8026);
#7176=PLANE('',#8027);
#7177=PLANE('',#8028);
#7178=PLANE('',#8029);
#7179=PLANE('',#8030);
#7180=PLANE('',#8031);
#7181=PLANE('',#8032);
#7182=PLANE('',#8033);
#7183=PLANE('',#8034);
#7184=PLANE('',#8035);
#7185=PLANE('',#8036);
#7186=PLANE('',#8037);
#7187=PLANE('',#8038);
#7188=PLANE('',#8039);
#7189=PLANE('',#8040);
#7190=PLANE('',#8041);
#7191=PLANE('',#8042);
#7192=PLANE('',#8043);
#7193=PLANE('',#8044);
#7194=PLANE('',#8045);
#7195=PLANE('',#8046);
#7196=PLANE('',#8047);
#7197=PLANE('',#8048);
#7198=PLANE('',#8049);
#7199=PLANE('',#8050);
#7200=PLANE('',#8051);
#7201=PLANE('',#8052);
#7202=PLANE('',#8053);
#7203=PLANE('',#8054);
#7204=PLANE('',#8055);
#7205=PLANE('',#8056);
#7206=PLANE('',#8057);
#7207=PLANE('',#8058);
#7208=PLANE('',#8059);
#7209=PLANE('',#8060);
#7210=PLANE('',#8061);
#7211=PLANE('',#8062);
#7212=PLANE('',#8063);
#7213=PLANE('',#8064);
#7214=PLANE('',#8065);
#7215=PLANE('',#8066);
#7216=PLANE('',#8067);
#7217=PLANE('',#8068);
#7218=PLANE('',#8069);
#7219=PLANE('',#8070);
#7220=PLANE('',#8071);
#7221=PLANE('',#8072);
#7222=PLANE('',#8073);
#7223=PLANE('',#8074);
#7224=PLANE('',#8075);
#7225=PLANE('',#8076);
#7226=PLANE('',#8077);
#7227=PLANE('',#8078);
#7228=PLANE('',#8079);
#7229=PLANE('',#8080);
#7230=PLANE('',#8081);
#7231=PLANE('',#8082);
#7232=PLANE('',#8083);
#7233=PLANE('',#8084);
#7234=PLANE('',#8085);
#7235=PLANE('',#8086);
#7236=PLANE('',#8087);
#7237=PLANE('',#8088);
#7238=PLANE('',#8089);
#7239=PLANE('',#8090);
#7240=PLANE('',#8091);
#7241=PLANE('',#8092);
#7242=PLANE('',#8095);
#7243=PLANE('',#8096);
#7244=PLANE('',#8097);
#7245=PLANE('',#8098);
#7246=PLANE('',#8099);
#7247=PLANE('',#8100);
#7248=PLANE('',#8101);
#7249=PLANE('',#8102);
#7250=PLANE('',#8105);
#7251=PLANE('',#8106);
#7252=PLANE('',#8109);
#7253=PLANE('',#8110);
#7254=PLANE('',#8111);
#7255=PLANE('',#8112);
#7256=PLANE('',#8113);
#7257=PLANE('',#8114);
#7258=PLANE('',#8117);
#7259=PLANE('',#8118);
#7260=PLANE('',#8119);
#7261=PLANE('',#8120);
#7262=PLANE('',#8121);
#7263=PLANE('',#8122);
#7264=PLANE('',#8123);
#7265=PLANE('',#8124);
#7266=PLANE('',#8127);
#7267=PLANE('',#8128);
#7268=PLANE('',#8131);
#7269=PLANE('',#8132);
#7270=PLANE('',#8133);
#7271=PLANE('',#8134);
#7272=PLANE('',#8135);
#7273=PLANE('',#8136);
#7274=PLANE('',#8139);
#7275=PLANE('',#8140);
#7276=PLANE('',#8141);
#7277=PLANE('',#8142);
#7278=PLANE('',#8143);
#7279=PLANE('',#8144);
#7280=PLANE('',#8145);
#7281=PLANE('',#8146);
#7282=PLANE('',#8149);
#7283=PLANE('',#8150);
#7284=PLANE('',#8153);
#7285=PLANE('',#8154);
#7286=PLANE('',#8155);
#7287=PLANE('',#8156);
#7288=PLANE('',#8157);
#7289=PLANE('',#8158);
#7290=PLANE('',#8161);
#7291=PLANE('',#8162);
#7292=PLANE('',#8163);
#7293=PLANE('',#8164);
#7294=PLANE('',#8165);
#7295=PLANE('',#8166);
#7296=PLANE('',#8167);
#7297=PLANE('',#8168);
#7298=PLANE('',#8171);
#7299=PLANE('',#8172);
#7300=PLANE('',#8175);
#7301=PLANE('',#8176);
#7302=PLANE('',#8177);
#7303=PLANE('',#8178);
#7304=PLANE('',#8179);
#7305=PLANE('',#8180);
#7306=PLANE('',#8183);
#7307=PLANE('',#8184);
#7308=PLANE('',#8185);
#7309=PLANE('',#8186);
#7310=PLANE('',#8187);
#7311=PLANE('',#8188);
#7312=PLANE('',#8189);
#7313=PLANE('',#8190);
#7314=PLANE('',#8193);
#7315=PLANE('',#8194);
#7316=PLANE('',#8197);
#7317=PLANE('',#8198);
#7318=PLANE('',#8199);
#7319=PLANE('',#8200);
#7320=PLANE('',#8201);
#7321=PLANE('',#8202);
#7322=PLANE('',#8205);
#7323=PLANE('',#8206);
#7324=PLANE('',#8207);
#7325=PLANE('',#8208);
#7326=PLANE('',#8209);
#7327=PLANE('',#8210);
#7328=PLANE('',#8211);
#7329=PLANE('',#8212);
#7330=PLANE('',#8215);
#7331=PLANE('',#8216);
#7332=PLANE('',#8219);
#7333=PLANE('',#8220);
#7334=PLANE('',#8221);
#7335=PLANE('',#8222);
#7336=PLANE('',#8223);
#7337=PLANE('',#8224);
#7338=PLANE('',#8227);
#7339=PLANE('',#8228);
#7340=PLANE('',#8229);
#7341=PLANE('',#8230);
#7342=PLANE('',#8231);
#7343=PLANE('',#8232);
#7344=PLANE('',#8233);
#7345=PLANE('',#8234);
#7346=PLANE('',#8237);
#7347=PLANE('',#8238);
#7348=PLANE('',#8241);
#7349=PLANE('',#8242);
#7350=PLANE('',#8243);
#7351=PLANE('',#8244);
#7352=PLANE('',#8245);
#7353=PLANE('',#8246);
#7354=PLANE('',#8249);
#7355=PLANE('',#8250);
#7356=PLANE('',#8251);
#7357=PLANE('',#8252);
#7358=PLANE('',#8253);
#7359=PLANE('',#8254);
#7360=PLANE('',#8255);
#7361=PLANE('',#8256);
#7362=PLANE('',#8259);
#7363=PLANE('',#8260);
#7364=PLANE('',#8263);
#7365=PLANE('',#8264);
#7366=PLANE('',#8265);
#7367=PLANE('',#8266);
#7368=PLANE('',#8267);
#7369=PLANE('',#8268);
#7370=PLANE('',#8271);
#7371=PLANE('',#8272);
#7372=PLANE('',#8273);
#7373=PLANE('',#8274);
#7374=PLANE('',#8275);
#7375=PLANE('',#8276);
#7376=PLANE('',#8277);
#7377=PLANE('',#8278);
#7378=PLANE('',#8281);
#7379=PLANE('',#8282);
#7380=PLANE('',#8285);
#7381=PLANE('',#8286);
#7382=PLANE('',#8287);
#7383=PLANE('',#8288);
#7384=PLANE('',#8289);
#7385=PLANE('',#8290);
#7386=PLANE('',#8293);
#7387=PLANE('',#8294);
#7388=PLANE('',#8295);
#7389=PLANE('',#8296);
#7390=PLANE('',#8297);
#7391=PLANE('',#8298);
#7392=PLANE('',#8299);
#7393=PLANE('',#8300);
#7394=PLANE('',#8303);
#7395=PLANE('',#8304);
#7396=PLANE('',#8307);
#7397=PLANE('',#8308);
#7398=PLANE('',#8309);
#7399=PLANE('',#8310);
#7400=PLANE('',#8311);
#7401=PLANE('',#8312);
#7402=PLANE('',#8315);
#7403=PLANE('',#8316);
#7404=PLANE('',#8317);
#7405=PLANE('',#8318);
#7406=PLANE('',#8319);
#7407=PLANE('',#8320);
#7408=PLANE('',#8321);
#7409=PLANE('',#8322);
#7410=PLANE('',#8325);
#7411=PLANE('',#8326);
#7412=PLANE('',#8329);
#7413=PLANE('',#8330);
#7414=PLANE('',#8331);
#7415=PLANE('',#8332);
#7416=PLANE('',#8333);
#7417=PLANE('',#8334);
#7418=PLANE('',#8337);
#7419=PLANE('',#8338);
#7420=PLANE('',#8339);
#7421=PLANE('',#8340);
#7422=PLANE('',#8341);
#7423=PLANE('',#8342);
#7424=PLANE('',#8343);
#7425=PLANE('',#8344);
#7426=PLANE('',#8347);
#7427=PLANE('',#8348);
#7428=PLANE('',#8351);
#7429=PLANE('',#8352);
#7430=PLANE('',#8353);
#7431=PLANE('',#8354);
#7432=PLANE('',#8355);
#7433=PLANE('',#8356);
#7434=PLANE('',#8359);
#7435=PLANE('',#8360);
#7436=PLANE('',#8361);
#7437=PLANE('',#8362);
#7438=PLANE('',#8363);
#7439=PLANE('',#8364);
#7440=PLANE('',#8365);
#7441=PLANE('',#8366);
#7442=PLANE('',#8369);
#7443=PLANE('',#8370);
#7444=PLANE('',#8373);
#7445=PLANE('',#8374);
#7446=PLANE('',#8375);
#7447=PLANE('',#8376);
#7448=PLANE('',#8377);
#7449=PLANE('',#8378);
#7450=PLANE('',#8381);
#7451=PLANE('',#8382);
#7452=PLANE('',#8383);
#7453=PLANE('',#8384);
#7454=PLANE('',#8385);
#7455=PLANE('',#8386);
#7456=PLANE('',#8387);
#7457=PLANE('',#8388);
#7458=PLANE('',#8391);
#7459=PLANE('',#8392);
#7460=PLANE('',#8395);
#7461=PLANE('',#8396);
#7462=PLANE('',#8397);
#7463=PLANE('',#8398);
#7464=PLANE('',#8399);
#7465=PLANE('',#8400);
#7466=PLANE('',#8403);
#7467=PLANE('',#8404);
#7468=PLANE('',#8405);
#7469=PLANE('',#8406);
#7470=PLANE('',#8407);
#7471=PLANE('',#8408);
#7472=PLANE('',#8409);
#7473=PLANE('',#8410);
#7474=PLANE('',#8413);
#7475=PLANE('',#8414);
#7476=PLANE('',#8417);
#7477=ADVANCED_FACE('',(#165),#7075,.F.);
#7478=ADVANCED_FACE('',(#166),#7076,.F.);
#7479=ADVANCED_FACE('',(#167),#7077,.F.);
#7480=ADVANCED_FACE('',(#168),#7078,.F.);
#7481=ADVANCED_FACE('',(#169),#7079,.F.);
#7482=ADVANCED_FACE('',(#170),#7080,.F.);
#7483=ADVANCED_FACE('',(#171),#7081,.T.);
#7484=ADVANCED_FACE('',(#172),#7082,.T.);
#7485=ADVANCED_FACE('',(#173),#7083,.T.);
#7486=ADVANCED_FACE('',(#174),#7084,.F.);
#7487=ADVANCED_FACE('',(#175),#7085,.T.);
#7488=ADVANCED_FACE('',(#176),#7086,.T.);
#7489=ADVANCED_FACE('',(#177),#7087,.T.);
#7490=ADVANCED_FACE('',(#178),#7088,.T.);
#7491=ADVANCED_FACE('',(#179),#7089,.T.);
#7492=ADVANCED_FACE('',(#180,#135),#7090,.F.);
#7493=ADVANCED_FACE('',(#181),#7091,.T.);
#7494=ADVANCED_FACE('',(#182),#7092,.F.);
#7495=ADVANCED_FACE('',(#183),#7093,.F.);
#7496=ADVANCED_FACE('',(#184),#7094,.F.);
#7497=ADVANCED_FACE('',(#185),#7095,.F.);
#7498=ADVANCED_FACE('',(#186),#7096,.F.);
#7499=ADVANCED_FACE('',(#187),#7097,.F.);
#7500=ADVANCED_FACE('',(#188),#7098,.F.);
#7501=ADVANCED_FACE('',(#189),#7099,.F.);
#7502=ADVANCED_FACE('',(#190),#7100,.F.);
#7503=ADVANCED_FACE('',(#191),#7101,.F.);
#7504=ADVANCED_FACE('',(#192),#7102,.F.);
#7505=ADVANCED_FACE('',(#193,#136),#7103,.F.);
#7506=ADVANCED_FACE('',(#194),#7104,.F.);
#7507=ADVANCED_FACE('',(#195),#7105,.T.);
#7508=ADVANCED_FACE('',(#196),#7106,.T.);
#7509=ADVANCED_FACE('',(#197),#7107,.T.);
#7510=ADVANCED_FACE('',(#198),#7108,.T.);
#7511=ADVANCED_FACE('',(#199),#7109,.T.);
#7512=ADVANCED_FACE('',(#200),#7110,.F.);
#7513=ADVANCED_FACE('',(#201),#7111,.F.);
#7514=ADVANCED_FACE('',(#202),#7112,.T.);
#7515=ADVANCED_FACE('',(#203),#7113,.F.);
#7516=ADVANCED_FACE('',(#204),#7114,.F.);
#7517=ADVANCED_FACE('',(#205),#7115,.F.);
#7518=ADVANCED_FACE('',(#206),#7116,.F.);
#7519=ADVANCED_FACE('',(#207),#7117,.F.);
#7520=ADVANCED_FACE('',(#208,#137),#7118,.F.);
#7521=ADVANCED_FACE('',(#209),#7119,.F.);
#7522=ADVANCED_FACE('',(#210),#7120,.T.);
#7523=ADVANCED_FACE('',(#211),#7121,.F.);
#7524=ADVANCED_FACE('',(#212),#7122,.F.);
#7525=ADVANCED_FACE('',(#213),#7123,.F.);
#7526=ADVANCED_FACE('',(#214),#7124,.F.);
#7527=ADVANCED_FACE('',(#215),#7125,.F.);
#7528=ADVANCED_FACE('',(#216,#138),#7126,.F.);
#7529=ADVANCED_FACE('',(#217),#7127,.F.);
#7530=ADVANCED_FACE('',(#218),#7128,.T.);
#7531=ADVANCED_FACE('',(#219),#7129,.F.);
#7532=ADVANCED_FACE('',(#220),#7130,.F.);
#7533=ADVANCED_FACE('',(#221),#7131,.F.);
#7534=ADVANCED_FACE('',(#222),#7132,.F.);
#7535=ADVANCED_FACE('',(#223),#7133,.F.);
#7536=ADVANCED_FACE('',(#224,#139),#7134,.F.);
#7537=ADVANCED_FACE('',(#225),#7135,.F.);
#7538=ADVANCED_FACE('',(#226),#7136,.T.);
#7539=ADVANCED_FACE('',(#227),#7137,.F.);
#7540=ADVANCED_FACE('',(#228),#7138,.F.);
#7541=ADVANCED_FACE('',(#229),#7139,.F.);
#7542=ADVANCED_FACE('',(#230),#7140,.F.);
#7543=ADVANCED_FACE('',(#231),#7141,.F.);
#7544=ADVANCED_FACE('',(#232,#140),#7142,.F.);
#7545=ADVANCED_FACE('',(#233),#7143,.F.);
#7546=ADVANCED_FACE('',(#234),#7144,.T.);
#7547=ADVANCED_FACE('',(#235),#7145,.F.);
#7548=ADVANCED_FACE('',(#236),#7146,.F.);
#7549=ADVANCED_FACE('',(#237),#7147,.F.);
#7550=ADVANCED_FACE('',(#238),#7148,.F.);
#7551=ADVANCED_FACE('',(#239),#7149,.F.);
#7552=ADVANCED_FACE('',(#240,#141),#7150,.F.);
#7553=ADVANCED_FACE('',(#241),#7151,.F.);
#7554=ADVANCED_FACE('',(#242),#7152,.T.);
#7555=ADVANCED_FACE('',(#243),#7153,.F.);
#7556=ADVANCED_FACE('',(#244),#7154,.F.);
#7557=ADVANCED_FACE('',(#245),#7155,.F.);
#7558=ADVANCED_FACE('',(#246),#7156,.F.);
#7559=ADVANCED_FACE('',(#247),#7157,.F.);
#7560=ADVANCED_FACE('',(#248,#142),#7158,.F.);
#7561=ADVANCED_FACE('',(#249),#7159,.F.);
#7562=ADVANCED_FACE('',(#250),#7160,.T.);
#7563=ADVANCED_FACE('',(#251),#7161,.F.);
#7564=ADVANCED_FACE('',(#252),#7162,.F.);
#7565=ADVANCED_FACE('',(#253),#7163,.F.);
#7566=ADVANCED_FACE('',(#254),#7164,.F.);
#7567=ADVANCED_FACE('',(#255),#7165,.F.);
#7568=ADVANCED_FACE('',(#256,#143),#7166,.F.);
#7569=ADVANCED_FACE('',(#257),#7167,.F.);
#7570=ADVANCED_FACE('',(#258),#7168,.T.);
#7571=ADVANCED_FACE('',(#259),#7169,.F.);
#7572=ADVANCED_FACE('',(#260),#7170,.F.);
#7573=ADVANCED_FACE('',(#261),#7171,.F.);
#7574=ADVANCED_FACE('',(#262),#7172,.F.);
#7575=ADVANCED_FACE('',(#263),#7173,.F.);
#7576=ADVANCED_FACE('',(#264,#144),#7174,.F.);
#7577=ADVANCED_FACE('',(#265),#7175,.F.);
#7578=ADVANCED_FACE('',(#266),#7176,.T.);
#7579=ADVANCED_FACE('',(#267),#7177,.F.);
#7580=ADVANCED_FACE('',(#268),#7178,.F.);
#7581=ADVANCED_FACE('',(#269),#7179,.F.);
#7582=ADVANCED_FACE('',(#270),#7180,.F.);
#7583=ADVANCED_FACE('',(#271),#7181,.F.);
#7584=ADVANCED_FACE('',(#272,#145),#7182,.F.);
#7585=ADVANCED_FACE('',(#273),#7183,.F.);
#7586=ADVANCED_FACE('',(#274),#7184,.T.);
#7587=ADVANCED_FACE('',(#275),#7185,.F.);
#7588=ADVANCED_FACE('',(#276),#7186,.F.);
#7589=ADVANCED_FACE('',(#277),#7187,.F.);
#7590=ADVANCED_FACE('',(#278),#7188,.F.);
#7591=ADVANCED_FACE('',(#279),#7189,.F.);
#7592=ADVANCED_FACE('',(#280,#146),#7190,.F.);
#7593=ADVANCED_FACE('',(#281),#7191,.F.);
#7594=ADVANCED_FACE('',(#282),#7192,.T.);
#7595=ADVANCED_FACE('',(#283),#7193,.F.);
#7596=ADVANCED_FACE('',(#284),#7194,.F.);
#7597=ADVANCED_FACE('',(#285),#7195,.F.);
#7598=ADVANCED_FACE('',(#286),#7196,.F.);
#7599=ADVANCED_FACE('',(#287),#7197,.F.);
#7600=ADVANCED_FACE('',(#288,#147),#7198,.F.);
#7601=ADVANCED_FACE('',(#289),#7199,.F.);
#7602=ADVANCED_FACE('',(#290),#7200,.T.);
#7603=ADVANCED_FACE('',(#291),#7201,.F.);
#7604=ADVANCED_FACE('',(#292),#7202,.F.);
#7605=ADVANCED_FACE('',(#293),#7203,.F.);
#7606=ADVANCED_FACE('',(#294),#7204,.F.);
#7607=ADVANCED_FACE('',(#295),#7205,.F.);
#7608=ADVANCED_FACE('',(#296,#148),#7206,.F.);
#7609=ADVANCED_FACE('',(#297),#7207,.F.);
#7610=ADVANCED_FACE('',(#298),#7208,.T.);
#7611=ADVANCED_FACE('',(#299),#7209,.F.);
#7612=ADVANCED_FACE('',(#300),#7210,.F.);
#7613=ADVANCED_FACE('',(#301),#7211,.F.);
#7614=ADVANCED_FACE('',(#302),#7212,.F.);
#7615=ADVANCED_FACE('',(#303),#7213,.F.);
#7616=ADVANCED_FACE('',(#304,#149),#7214,.F.);
#7617=ADVANCED_FACE('',(#305),#7215,.F.);
#7618=ADVANCED_FACE('',(#306),#7216,.T.);
#7619=ADVANCED_FACE('',(#307),#7217,.F.);
#7620=ADVANCED_FACE('',(#308),#7218,.F.);
#7621=ADVANCED_FACE('',(#309),#7219,.F.);
#7622=ADVANCED_FACE('',(#310),#7220,.F.);
#7623=ADVANCED_FACE('',(#311),#7221,.F.);
#7624=ADVANCED_FACE('',(#312),#7222,.F.);
#7625=ADVANCED_FACE('',(#313),#7223,.F.);
#7626=ADVANCED_FACE('',(#314),#7224,.F.);
#7627=ADVANCED_FACE('',(#315),#7225,.F.);
#7628=ADVANCED_FACE('',(#316),#7226,.F.);
#7629=ADVANCED_FACE('',(#317),#7227,.F.);
#7630=ADVANCED_FACE('',(#318),#7228,.T.);
#7631=ADVANCED_FACE('',(#319,#150,#151,#152,#153,#154,#155,#156,#157,#158,
#159,#160,#161,#162,#163,#164),#7229,.F.);
#7632=ADVANCED_FACE('',(#320),#7230,.F.);
#7633=ADVANCED_FACE('',(#321),#7231,.F.);
#7634=ADVANCED_FACE('',(#322),#7232,.T.);
#7635=ADVANCED_FACE('',(#323),#7233,.T.);
#7636=ADVANCED_FACE('',(#324),#7234,.T.);
#7637=ADVANCED_FACE('',(#325),#7235,.T.);
#7638=ADVANCED_FACE('',(#326),#7236,.T.);
#7639=ADVANCED_FACE('',(#327),#7237,.T.);
#7640=ADVANCED_FACE('',(#328),#7238,.T.);
#7641=ADVANCED_FACE('',(#329),#7239,.T.);
#7642=ADVANCED_FACE('',(#330),#7240,.T.);
#7643=ADVANCED_FACE('',(#331),#7241,.T.);
#7644=ADVANCED_FACE('',(#332),#7242,.T.);
#7645=ADVANCED_FACE('',(#333),#7243,.F.);
#7646=ADVANCED_FACE('',(#334),#7244,.T.);
#7647=ADVANCED_FACE('',(#335),#7245,.T.);
#7648=ADVANCED_FACE('',(#336),#7246,.T.);
#7649=ADVANCED_FACE('',(#337),#7247,.T.);
#7650=ADVANCED_FACE('',(#338),#7248,.T.);
#7651=ADVANCED_FACE('',(#339),#7249,.T.);
#7652=ADVANCED_FACE('',(#340),#7250,.T.);
#7653=ADVANCED_FACE('',(#341),#7251,.T.);
#7654=ADVANCED_FACE('',(#342),#13,.F.);
#7655=ADVANCED_FACE('',(#343),#14,.T.);
#7656=ADVANCED_FACE('',(#344),#7252,.T.);
#7657=ADVANCED_FACE('',(#345),#7253,.T.);
#7658=ADVANCED_FACE('',(#346),#7254,.T.);
#7659=ADVANCED_FACE('',(#347),#7255,.T.);
#7660=ADVANCED_FACE('',(#348),#7256,.T.);
#7661=ADVANCED_FACE('',(#349),#7257,.T.);
#7662=ADVANCED_FACE('',(#350),#7258,.T.);
#7663=ADVANCED_FACE('',(#351),#7259,.F.);
#7664=ADVANCED_FACE('',(#352),#7260,.T.);
#7665=ADVANCED_FACE('',(#353),#7261,.T.);
#7666=ADVANCED_FACE('',(#354),#7262,.T.);
#7667=ADVANCED_FACE('',(#355),#7263,.T.);
#7668=ADVANCED_FACE('',(#356),#7264,.T.);
#7669=ADVANCED_FACE('',(#357),#7265,.T.);
#7670=ADVANCED_FACE('',(#358),#7266,.T.);
#7671=ADVANCED_FACE('',(#359),#7267,.T.);
#7672=ADVANCED_FACE('',(#360),#15,.F.);
#7673=ADVANCED_FACE('',(#361),#16,.T.);
#7674=ADVANCED_FACE('',(#362),#7268,.T.);
#7675=ADVANCED_FACE('',(#363),#7269,.T.);
#7676=ADVANCED_FACE('',(#364),#7270,.T.);
#7677=ADVANCED_FACE('',(#365),#7271,.T.);
#7678=ADVANCED_FACE('',(#366),#7272,.T.);
#7679=ADVANCED_FACE('',(#367),#7273,.T.);
#7680=ADVANCED_FACE('',(#368),#7274,.T.);
#7681=ADVANCED_FACE('',(#369),#7275,.F.);
#7682=ADVANCED_FACE('',(#370),#7276,.T.);
#7683=ADVANCED_FACE('',(#371),#7277,.T.);
#7684=ADVANCED_FACE('',(#372),#7278,.T.);
#7685=ADVANCED_FACE('',(#373),#7279,.T.);
#7686=ADVANCED_FACE('',(#374),#7280,.T.);
#7687=ADVANCED_FACE('',(#375),#7281,.T.);
#7688=ADVANCED_FACE('',(#376),#7282,.T.);
#7689=ADVANCED_FACE('',(#377),#7283,.T.);
#7690=ADVANCED_FACE('',(#378),#17,.F.);
#7691=ADVANCED_FACE('',(#379),#18,.T.);
#7692=ADVANCED_FACE('',(#380),#7284,.T.);
#7693=ADVANCED_FACE('',(#381),#7285,.T.);
#7694=ADVANCED_FACE('',(#382),#7286,.T.);
#7695=ADVANCED_FACE('',(#383),#7287,.T.);
#7696=ADVANCED_FACE('',(#384),#7288,.T.);
#7697=ADVANCED_FACE('',(#385),#7289,.T.);
#7698=ADVANCED_FACE('',(#386),#7290,.T.);
#7699=ADVANCED_FACE('',(#387),#7291,.F.);
#7700=ADVANCED_FACE('',(#388),#7292,.T.);
#7701=ADVANCED_FACE('',(#389),#7293,.T.);
#7702=ADVANCED_FACE('',(#390),#7294,.T.);
#7703=ADVANCED_FACE('',(#391),#7295,.T.);
#7704=ADVANCED_FACE('',(#392),#7296,.T.);
#7705=ADVANCED_FACE('',(#393),#7297,.T.);
#7706=ADVANCED_FACE('',(#394),#7298,.T.);
#7707=ADVANCED_FACE('',(#395),#7299,.T.);
#7708=ADVANCED_FACE('',(#396),#19,.F.);
#7709=ADVANCED_FACE('',(#397),#20,.T.);
#7710=ADVANCED_FACE('',(#398),#7300,.T.);
#7711=ADVANCED_FACE('',(#399),#7301,.T.);
#7712=ADVANCED_FACE('',(#400),#7302,.T.);
#7713=ADVANCED_FACE('',(#401),#7303,.T.);
#7714=ADVANCED_FACE('',(#402),#7304,.T.);
#7715=ADVANCED_FACE('',(#403),#7305,.T.);
#7716=ADVANCED_FACE('',(#404),#7306,.T.);
#7717=ADVANCED_FACE('',(#405),#7307,.F.);
#7718=ADVANCED_FACE('',(#406),#7308,.T.);
#7719=ADVANCED_FACE('',(#407),#7309,.T.);
#7720=ADVANCED_FACE('',(#408),#7310,.T.);
#7721=ADVANCED_FACE('',(#409),#7311,.T.);
#7722=ADVANCED_FACE('',(#410),#7312,.T.);
#7723=ADVANCED_FACE('',(#411),#7313,.T.);
#7724=ADVANCED_FACE('',(#412),#7314,.T.);
#7725=ADVANCED_FACE('',(#413),#7315,.T.);
#7726=ADVANCED_FACE('',(#414),#21,.F.);
#7727=ADVANCED_FACE('',(#415),#22,.T.);
#7728=ADVANCED_FACE('',(#416),#7316,.T.);
#7729=ADVANCED_FACE('',(#417),#7317,.T.);
#7730=ADVANCED_FACE('',(#418),#7318,.T.);
#7731=ADVANCED_FACE('',(#419),#7319,.T.);
#7732=ADVANCED_FACE('',(#420),#7320,.T.);
#7733=ADVANCED_FACE('',(#421),#7321,.T.);
#7734=ADVANCED_FACE('',(#422),#7322,.T.);
#7735=ADVANCED_FACE('',(#423),#7323,.F.);
#7736=ADVANCED_FACE('',(#424),#7324,.T.);
#7737=ADVANCED_FACE('',(#425),#7325,.T.);
#7738=ADVANCED_FACE('',(#426),#7326,.T.);
#7739=ADVANCED_FACE('',(#427),#7327,.T.);
#7740=ADVANCED_FACE('',(#428),#7328,.T.);
#7741=ADVANCED_FACE('',(#429),#7329,.T.);
#7742=ADVANCED_FACE('',(#430),#7330,.T.);
#7743=ADVANCED_FACE('',(#431),#7331,.T.);
#7744=ADVANCED_FACE('',(#432),#23,.F.);
#7745=ADVANCED_FACE('',(#433),#24,.T.);
#7746=ADVANCED_FACE('',(#434),#7332,.T.);
#7747=ADVANCED_FACE('',(#435),#7333,.T.);
#7748=ADVANCED_FACE('',(#436),#7334,.T.);
#7749=ADVANCED_FACE('',(#437),#7335,.T.);
#7750=ADVANCED_FACE('',(#438),#7336,.T.);
#7751=ADVANCED_FACE('',(#439),#7337,.T.);
#7752=ADVANCED_FACE('',(#440),#7338,.T.);
#7753=ADVANCED_FACE('',(#441),#7339,.F.);
#7754=ADVANCED_FACE('',(#442),#7340,.T.);
#7755=ADVANCED_FACE('',(#443),#7341,.T.);
#7756=ADVANCED_FACE('',(#444),#7342,.T.);
#7757=ADVANCED_FACE('',(#445),#7343,.T.);
#7758=ADVANCED_FACE('',(#446),#7344,.T.);
#7759=ADVANCED_FACE('',(#447),#7345,.T.);
#7760=ADVANCED_FACE('',(#448),#7346,.T.);
#7761=ADVANCED_FACE('',(#449),#7347,.T.);
#7762=ADVANCED_FACE('',(#450),#25,.F.);
#7763=ADVANCED_FACE('',(#451),#26,.T.);
#7764=ADVANCED_FACE('',(#452),#7348,.T.);
#7765=ADVANCED_FACE('',(#453),#7349,.T.);
#7766=ADVANCED_FACE('',(#454),#7350,.T.);
#7767=ADVANCED_FACE('',(#455),#7351,.T.);
#7768=ADVANCED_FACE('',(#456),#7352,.T.);
#7769=ADVANCED_FACE('',(#457),#7353,.T.);
#7770=ADVANCED_FACE('',(#458),#7354,.T.);
#7771=ADVANCED_FACE('',(#459),#7355,.F.);
#7772=ADVANCED_FACE('',(#460),#7356,.T.);
#7773=ADVANCED_FACE('',(#461),#7357,.T.);
#7774=ADVANCED_FACE('',(#462),#7358,.T.);
#7775=ADVANCED_FACE('',(#463),#7359,.T.);
#7776=ADVANCED_FACE('',(#464),#7360,.T.);
#7777=ADVANCED_FACE('',(#465),#7361,.T.);
#7778=ADVANCED_FACE('',(#466),#7362,.T.);
#7779=ADVANCED_FACE('',(#467),#7363,.T.);
#7780=ADVANCED_FACE('',(#468),#27,.F.);
#7781=ADVANCED_FACE('',(#469),#28,.T.);
#7782=ADVANCED_FACE('',(#470),#7364,.T.);
#7783=ADVANCED_FACE('',(#471),#7365,.T.);
#7784=ADVANCED_FACE('',(#472),#7366,.T.);
#7785=ADVANCED_FACE('',(#473),#7367,.T.);
#7786=ADVANCED_FACE('',(#474),#7368,.T.);
#7787=ADVANCED_FACE('',(#475),#7369,.T.);
#7788=ADVANCED_FACE('',(#476),#7370,.T.);
#7789=ADVANCED_FACE('',(#477),#7371,.F.);
#7790=ADVANCED_FACE('',(#478),#7372,.T.);
#7791=ADVANCED_FACE('',(#479),#7373,.T.);
#7792=ADVANCED_FACE('',(#480),#7374,.T.);
#7793=ADVANCED_FACE('',(#481),#7375,.T.);
#7794=ADVANCED_FACE('',(#482),#7376,.T.);
#7795=ADVANCED_FACE('',(#483),#7377,.T.);
#7796=ADVANCED_FACE('',(#484),#7378,.T.);
#7797=ADVANCED_FACE('',(#485),#7379,.T.);
#7798=ADVANCED_FACE('',(#486),#29,.F.);
#7799=ADVANCED_FACE('',(#487),#30,.T.);
#7800=ADVANCED_FACE('',(#488),#7380,.T.);
#7801=ADVANCED_FACE('',(#489),#7381,.T.);
#7802=ADVANCED_FACE('',(#490),#7382,.T.);
#7803=ADVANCED_FACE('',(#491),#7383,.T.);
#7804=ADVANCED_FACE('',(#492),#7384,.T.);
#7805=ADVANCED_FACE('',(#493),#7385,.T.);
#7806=ADVANCED_FACE('',(#494),#7386,.T.);
#7807=ADVANCED_FACE('',(#495),#7387,.F.);
#7808=ADVANCED_FACE('',(#496),#7388,.T.);
#7809=ADVANCED_FACE('',(#497),#7389,.T.);
#7810=ADVANCED_FACE('',(#498),#7390,.T.);
#7811=ADVANCED_FACE('',(#499),#7391,.T.);
#7812=ADVANCED_FACE('',(#500),#7392,.T.);
#7813=ADVANCED_FACE('',(#501),#7393,.T.);
#7814=ADVANCED_FACE('',(#502),#7394,.T.);
#7815=ADVANCED_FACE('',(#503),#7395,.T.);
#7816=ADVANCED_FACE('',(#504),#31,.F.);
#7817=ADVANCED_FACE('',(#505),#32,.T.);
#7818=ADVANCED_FACE('',(#506),#7396,.T.);
#7819=ADVANCED_FACE('',(#507),#7397,.T.);
#7820=ADVANCED_FACE('',(#508),#7398,.T.);
#7821=ADVANCED_FACE('',(#509),#7399,.T.);
#7822=ADVANCED_FACE('',(#510),#7400,.T.);
#7823=ADVANCED_FACE('',(#511),#7401,.T.);
#7824=ADVANCED_FACE('',(#512),#7402,.T.);
#7825=ADVANCED_FACE('',(#513),#7403,.F.);
#7826=ADVANCED_FACE('',(#514),#7404,.T.);
#7827=ADVANCED_FACE('',(#515),#7405,.T.);
#7828=ADVANCED_FACE('',(#516),#7406,.T.);
#7829=ADVANCED_FACE('',(#517),#7407,.T.);
#7830=ADVANCED_FACE('',(#518),#7408,.T.);
#7831=ADVANCED_FACE('',(#519),#7409,.T.);
#7832=ADVANCED_FACE('',(#520),#7410,.T.);
#7833=ADVANCED_FACE('',(#521),#7411,.T.);
#7834=ADVANCED_FACE('',(#522),#33,.F.);
#7835=ADVANCED_FACE('',(#523),#34,.T.);
#7836=ADVANCED_FACE('',(#524),#7412,.T.);
#7837=ADVANCED_FACE('',(#525),#7413,.T.);
#7838=ADVANCED_FACE('',(#526),#7414,.T.);
#7839=ADVANCED_FACE('',(#527),#7415,.T.);
#7840=ADVANCED_FACE('',(#528),#7416,.T.);
#7841=ADVANCED_FACE('',(#529),#7417,.T.);
#7842=ADVANCED_FACE('',(#530),#7418,.T.);
#7843=ADVANCED_FACE('',(#531),#7419,.F.);
#7844=ADVANCED_FACE('',(#532),#7420,.T.);
#7845=ADVANCED_FACE('',(#533),#7421,.T.);
#7846=ADVANCED_FACE('',(#534),#7422,.T.);
#7847=ADVANCED_FACE('',(#535),#7423,.T.);
#7848=ADVANCED_FACE('',(#536),#7424,.T.);
#7849=ADVANCED_FACE('',(#537),#7425,.T.);
#7850=ADVANCED_FACE('',(#538),#7426,.T.);
#7851=ADVANCED_FACE('',(#539),#7427,.T.);
#7852=ADVANCED_FACE('',(#540),#35,.F.);
#7853=ADVANCED_FACE('',(#541),#36,.T.);
#7854=ADVANCED_FACE('',(#542),#7428,.T.);
#7855=ADVANCED_FACE('',(#543),#7429,.T.);
#7856=ADVANCED_FACE('',(#544),#7430,.T.);
#7857=ADVANCED_FACE('',(#545),#7431,.T.);
#7858=ADVANCED_FACE('',(#546),#7432,.T.);
#7859=ADVANCED_FACE('',(#547),#7433,.T.);
#7860=ADVANCED_FACE('',(#548),#7434,.T.);
#7861=ADVANCED_FACE('',(#549),#7435,.F.);
#7862=ADVANCED_FACE('',(#550),#7436,.T.);
#7863=ADVANCED_FACE('',(#551),#7437,.T.);
#7864=ADVANCED_FACE('',(#552),#7438,.T.);
#7865=ADVANCED_FACE('',(#553),#7439,.T.);
#7866=ADVANCED_FACE('',(#554),#7440,.T.);
#7867=ADVANCED_FACE('',(#555),#7441,.T.);
#7868=ADVANCED_FACE('',(#556),#7442,.T.);
#7869=ADVANCED_FACE('',(#557),#7443,.T.);
#7870=ADVANCED_FACE('',(#558),#37,.F.);
#7871=ADVANCED_FACE('',(#559),#38,.T.);
#7872=ADVANCED_FACE('',(#560),#7444,.T.);
#7873=ADVANCED_FACE('',(#561),#7445,.T.);
#7874=ADVANCED_FACE('',(#562),#7446,.T.);
#7875=ADVANCED_FACE('',(#563),#7447,.T.);
#7876=ADVANCED_FACE('',(#564),#7448,.T.);
#7877=ADVANCED_FACE('',(#565),#7449,.T.);
#7878=ADVANCED_FACE('',(#566),#7450,.T.);
#7879=ADVANCED_FACE('',(#567),#7451,.F.);
#7880=ADVANCED_FACE('',(#568),#7452,.T.);
#7881=ADVANCED_FACE('',(#569),#7453,.T.);
#7882=ADVANCED_FACE('',(#570),#7454,.T.);
#7883=ADVANCED_FACE('',(#571),#7455,.T.);
#7884=ADVANCED_FACE('',(#572),#7456,.T.);
#7885=ADVANCED_FACE('',(#573),#7457,.T.);
#7886=ADVANCED_FACE('',(#574),#7458,.T.);
#7887=ADVANCED_FACE('',(#575),#7459,.T.);
#7888=ADVANCED_FACE('',(#576),#39,.F.);
#7889=ADVANCED_FACE('',(#577),#40,.T.);
#7890=ADVANCED_FACE('',(#578),#7460,.T.);
#7891=ADVANCED_FACE('',(#579),#7461,.T.);
#7892=ADVANCED_FACE('',(#580),#7462,.T.);
#7893=ADVANCED_FACE('',(#581),#7463,.T.);
#7894=ADVANCED_FACE('',(#582),#7464,.T.);
#7895=ADVANCED_FACE('',(#583),#7465,.T.);
#7896=ADVANCED_FACE('',(#584),#7466,.T.);
#7897=ADVANCED_FACE('',(#585),#7467,.F.);
#7898=ADVANCED_FACE('',(#586),#7468,.T.);
#7899=ADVANCED_FACE('',(#587),#7469,.T.);
#7900=ADVANCED_FACE('',(#588),#7470,.T.);
#7901=ADVANCED_FACE('',(#589),#7471,.T.);
#7902=ADVANCED_FACE('',(#590),#7472,.T.);
#7903=ADVANCED_FACE('',(#591),#7473,.T.);
#7904=ADVANCED_FACE('',(#592),#7474,.T.);
#7905=ADVANCED_FACE('',(#593),#7475,.T.);
#7906=ADVANCED_FACE('',(#594),#41,.F.);
#7907=ADVANCED_FACE('',(#595),#42,.T.);
#7908=ADVANCED_FACE('',(#596),#7476,.T.);
#7909=CLOSED_SHELL('',(#7477,#7478,#7479,#7480,#7481,#7482,#7483,#7484,
#7485,#7486,#7487,#7488,#7489,#7490,#7491,#7492,#7493,#7494,#7495,#7496,
#7497,#7498,#7499,#7500,#7501,#7502,#7503,#7504,#7505,#7506,#7507,#7508,
#7509,#7510,#7511,#7512,#7513,#7514,#7515,#7516,#7517,#7518,#7519,#7520,
#7521,#7522,#7523,#7524,#7525,#7526,#7527,#7528,#7529,#7530,#7531,#7532,
#7533,#7534,#7535,#7536,#7537,#7538,#7539,#7540,#7541,#7542,#7543,#7544,
#7545,#7546,#7547,#7548,#7549,#7550,#7551,#7552,#7553,#7554,#7555,#7556,
#7557,#7558,#7559,#7560,#7561,#7562,#7563,#7564,#7565,#7566,#7567,#7568,
#7569,#7570,#7571,#7572,#7573,#7574,#7575,#7576,#7577,#7578,#7579,#7580,
#7581,#7582,#7583,#7584,#7585,#7586,#7587,#7588,#7589,#7590,#7591,#7592,
#7593,#7594,#7595,#7596,#7597,#7598,#7599,#7600,#7601,#7602,#7603,#7604,
#7605,#7606,#7607,#7608,#7609,#7610,#7611,#7612,#7613,#7614,#7615,#7616,
#7617,#7618,#7619,#7620,#7621,#7622,#7623,#7624,#7625,#7626,#7627,#7628,
#7629,#7630,#7631,#7632,#7633,#7634,#7635,#7636,#7637,#7638));
#7910=CLOSED_SHELL('',(#7639,#7640,#7641,#7642,#7643,#7644,#7645,#7646,
#7647,#7648,#7649,#7650,#7651,#7652,#7653,#7654,#7655,#7656));
#7911=CLOSED_SHELL('',(#7657,#7658,#7659,#7660,#7661,#7662,#7663,#7664,
#7665,#7666,#7667,#7668,#7669,#7670,#7671,#7672,#7673,#7674));
#7912=CLOSED_SHELL('',(#7675,#7676,#7677,#7678,#7679,#7680,#7681,#7682,
#7683,#7684,#7685,#7686,#7687,#7688,#7689,#7690,#7691,#7692));
#7913=CLOSED_SHELL('',(#7693,#7694,#7695,#7696,#7697,#7698,#7699,#7700,
#7701,#7702,#7703,#7704,#7705,#7706,#7707,#7708,#7709,#7710));
#7914=CLOSED_SHELL('',(#7711,#7712,#7713,#7714,#7715,#7716,#7717,#7718,
#7719,#7720,#7721,#7722,#7723,#7724,#7725,#7726,#7727,#7728));
#7915=CLOSED_SHELL('',(#7729,#7730,#7731,#7732,#7733,#7734,#7735,#7736,
#7737,#7738,#7739,#7740,#7741,#7742,#7743,#7744,#7745,#7746));
#7916=CLOSED_SHELL('',(#7747,#7748,#7749,#7750,#7751,#7752,#7753,#7754,
#7755,#7756,#7757,#7758,#7759,#7760,#7761,#7762,#7763,#7764));
#7917=CLOSED_SHELL('',(#7765,#7766,#7767,#7768,#7769,#7770,#7771,#7772,
#7773,#7774,#7775,#7776,#7777,#7778,#7779,#7780,#7781,#7782));
#7918=CLOSED_SHELL('',(#7783,#7784,#7785,#7786,#7787,#7788,#7789,#7790,
#7791,#7792,#7793,#7794,#7795,#7796,#7797,#7798,#7799,#7800));
#7919=CLOSED_SHELL('',(#7801,#7802,#7803,#7804,#7805,#7806,#7807,#7808,
#7809,#7810,#7811,#7812,#7813,#7814,#7815,#7816,#7817,#7818));
#7920=CLOSED_SHELL('',(#7819,#7820,#7821,#7822,#7823,#7824,#7825,#7826,
#7827,#7828,#7829,#7830,#7831,#7832,#7833,#7834,#7835,#7836));
#7921=CLOSED_SHELL('',(#7837,#7838,#7839,#7840,#7841,#7842,#7843,#7844,
#7845,#7846,#7847,#7848,#7849,#7850,#7851,#7852,#7853,#7854));
#7922=CLOSED_SHELL('',(#7855,#7856,#7857,#7858,#7859,#7860,#7861,#7862,
#7863,#7864,#7865,#7866,#7867,#7868,#7869,#7870,#7871,#7872));
#7923=CLOSED_SHELL('',(#7873,#7874,#7875,#7876,#7877,#7878,#7879,#7880,
#7881,#7882,#7883,#7884,#7885,#7886,#7887,#7888,#7889,#7890));
#7924=CLOSED_SHELL('',(#7891,#7892,#7893,#7894,#7895,#7896,#7897,#7898,
#7899,#7900,#7901,#7902,#7903,#7904,#7905,#7906,#7907,#7908));
#7925=AXIS2_PLACEMENT_3D('placement',#10434,#8418,#8419);
#7926=AXIS2_PLACEMENT_3D('',#10435,#8420,#8421);
#7927=AXIS2_PLACEMENT_3D('',#10444,#8426,#8427);
#7928=AXIS2_PLACEMENT_3D('',#10450,#8431,#8432);
#7929=AXIS2_PLACEMENT_3D('',#10456,#8436,#8437);
#7930=AXIS2_PLACEMENT_3D('',#10465,#8442,#8443);
#7931=AXIS2_PLACEMENT_3D('',#10471,#8447,#8448);
#7932=AXIS2_PLACEMENT_3D('',#10477,#8452,#8453);
#7933=AXIS2_PLACEMENT_3D('',#10491,#8461,#8462);
#7934=AXIS2_PLACEMENT_3D('',#10499,#8467,#8468);
#7935=AXIS2_PLACEMENT_3D('',#10509,#8474,#8475);
#7936=AXIS2_PLACEMENT_3D('',#10521,#8482,#8483);
#7937=AXIS2_PLACEMENT_3D('',#10527,#8487,#8488);
#7938=AXIS2_PLACEMENT_3D('',#10540,#8495,#8496);
#7939=AXIS2_PLACEMENT_3D('',#10546,#8500,#8501);
#7940=AXIS2_PLACEMENT_3D('',#10556,#8507,#8508);
#7941=AXIS2_PLACEMENT_3D('',#10565,#8514,#8515);
#7942=AXIS2_PLACEMENT_3D('',#10581,#8524,#8525);
#7943=AXIS2_PLACEMENT_3D('',#10707,#8590,#8591);
#7944=AXIS2_PLACEMENT_3D('',#10714,#8596,#8597);
#7945=AXIS2_PLACEMENT_3D('',#10720,#8601,#8602);
#7946=AXIS2_PLACEMENT_3D('',#10729,#8607,#8608);
#7947=AXIS2_PLACEMENT_3D('',#10733,#8611,#8612);
#7948=AXIS2_PLACEMENT_3D('',#10736,#8615,#8616);
#7949=AXIS2_PLACEMENT_3D('',#10740,#8619,#8620);
#7950=AXIS2_PLACEMENT_3D('',#10742,#8622,#8623);
#7951=AXIS2_PLACEMENT_3D('',#10752,#8629,#8630);
#7952=AXIS2_PLACEMENT_3D('',#10757,#8634,#8635);
#7953=AXIS2_PLACEMENT_3D('',#10761,#8638,#8639);
#7954=AXIS2_PLACEMENT_3D('',#10768,#8644,#8645);
#7955=AXIS2_PLACEMENT_3D('',#10782,#8653,#8654);
#7956=AXIS2_PLACEMENT_3D('',#10784,#8656,#8657);
#7957=AXIS2_PLACEMENT_3D('',#10793,#8662,#8663);
#7958=AXIS2_PLACEMENT_3D('',#10802,#8668,#8669);
#7959=AXIS2_PLACEMENT_3D('',#10808,#8673,#8674);
#7960=AXIS2_PLACEMENT_3D('',#10811,#8677,#8678);
#7961=AXIS2_PLACEMENT_3D('',#10816,#8682,#8683);
#7962=AXIS2_PLACEMENT_3D('',#10820,#8686,#8687);
#7963=AXIS2_PLACEMENT_3D('',#10822,#8689,#8690);
#7964=AXIS2_PLACEMENT_3D('',#10826,#8693,#8694);
#7965=AXIS2_PLACEMENT_3D('',#10832,#8698,#8699);
#7966=AXIS2_PLACEMENT_3D('',#10836,#8702,#8703);
#7967=AXIS2_PLACEMENT_3D('',#10840,#8706,#8707);
#7968=AXIS2_PLACEMENT_3D('',#10842,#8709,#8710);
#7969=AXIS2_PLACEMENT_3D('',#10848,#8714,#8715);
#7970=AXIS2_PLACEMENT_3D('',#10860,#8722,#8723);
#7971=AXIS2_PLACEMENT_3D('',#10862,#8725,#8726);
#7972=AXIS2_PLACEMENT_3D('',#10866,#8729,#8730);
#7973=AXIS2_PLACEMENT_3D('',#10872,#8734,#8735);
#7974=AXIS2_PLACEMENT_3D('',#10876,#8738,#8739);
#7975=AXIS2_PLACEMENT_3D('',#10880,#8742,#8743);
#7976=AXIS2_PLACEMENT_3D('',#10882,#8745,#8746);
#7977=AXIS2_PLACEMENT_3D('',#10888,#8750,#8751);
#7978=AXIS2_PLACEMENT_3D('',#10900,#8758,#8759);
#7979=AXIS2_PLACEMENT_3D('',#10902,#8761,#8762);
#7980=AXIS2_PLACEMENT_3D('',#10906,#8765,#8766);
#7981=AXIS2_PLACEMENT_3D('',#10912,#8770,#8771);
#7982=AXIS2_PLACEMENT_3D('',#10916,#8774,#8775);
#7983=AXIS2_PLACEMENT_3D('',#10920,#8778,#8779);
#7984=AXIS2_PLACEMENT_3D('',#10922,#8781,#8782);
#7985=AXIS2_PLACEMENT_3D('',#10928,#8786,#8787);
#7986=AXIS2_PLACEMENT_3D('',#10940,#8794,#8795);
#7987=AXIS2_PLACEMENT_3D('',#10942,#8797,#8798);
#7988=AXIS2_PLACEMENT_3D('',#10946,#8801,#8802);
#7989=AXIS2_PLACEMENT_3D('',#10952,#8806,#8807);
#7990=AXIS2_PLACEMENT_3D('',#10956,#8810,#8811);
#7991=AXIS2_PLACEMENT_3D('',#10960,#8814,#8815);
#7992=AXIS2_PLACEMENT_3D('',#10962,#8817,#8818);
#7993=AXIS2_PLACEMENT_3D('',#10968,#8822,#8823);
#7994=AXIS2_PLACEMENT_3D('',#10980,#8830,#8831);
#7995=AXIS2_PLACEMENT_3D('',#10982,#8833,#8834);
#7996=AXIS2_PLACEMENT_3D('',#10986,#8837,#8838);
#7997=AXIS2_PLACEMENT_3D('',#10992,#8842,#8843);
#7998=AXIS2_PLACEMENT_3D('',#10996,#8846,#8847);
#7999=AXIS2_PLACEMENT_3D('',#11000,#8850,#8851);
#8000=AXIS2_PLACEMENT_3D('',#11002,#8853,#8854);
#8001=AXIS2_PLACEMENT_3D('',#11008,#8858,#8859);
#8002=AXIS2_PLACEMENT_3D('',#11020,#8866,#8867);
#8003=AXIS2_PLACEMENT_3D('',#11022,#8869,#8870);
#8004=AXIS2_PLACEMENT_3D('',#11026,#8873,#8874);
#8005=AXIS2_PLACEMENT_3D('',#11032,#8878,#8879);
#8006=AXIS2_PLACEMENT_3D('',#11036,#8882,#8883);
#8007=AXIS2_PLACEMENT_3D('',#11040,#8886,#8887);
#8008=AXIS2_PLACEMENT_3D('',#11042,#8889,#8890);
#8009=AXIS2_PLACEMENT_3D('',#11048,#8894,#8895);
#8010=AXIS2_PLACEMENT_3D('',#11060,#8902,#8903);
#8011=AXIS2_PLACEMENT_3D('',#11062,#8905,#8906);
#8012=AXIS2_PLACEMENT_3D('',#11066,#8909,#8910);
#8013=AXIS2_PLACEMENT_3D('',#11072,#8914,#8915);
#8014=AXIS2_PLACEMENT_3D('',#11076,#8918,#8919);
#8015=AXIS2_PLACEMENT_3D('',#11080,#8922,#8923);
#8016=AXIS2_PLACEMENT_3D('',#11082,#8925,#8926);
#8017=AXIS2_PLACEMENT_3D('',#11088,#8930,#8931);
#8018=AXIS2_PLACEMENT_3D('',#11100,#8938,#8939);
#8019=AXIS2_PLACEMENT_3D('',#11102,#8941,#8942);
#8020=AXIS2_PLACEMENT_3D('',#11106,#8945,#8946);
#8021=AXIS2_PLACEMENT_3D('',#11112,#8950,#8951);
#8022=AXIS2_PLACEMENT_3D('',#11116,#8954,#8955);
#8023=AXIS2_PLACEMENT_3D('',#11120,#8958,#8959);
#8024=AXIS2_PLACEMENT_3D('',#11122,#8961,#8962);
#8025=AXIS2_PLACEMENT_3D('',#11128,#8966,#8967);
#8026=AXIS2_PLACEMENT_3D('',#11140,#8974,#8975);
#8027=AXIS2_PLACEMENT_3D('',#11142,#8977,#8978);
#8028=AXIS2_PLACEMENT_3D('',#11146,#8981,#8982);
#8029=AXIS2_PLACEMENT_3D('',#11152,#8986,#8987);
#8030=AXIS2_PLACEMENT_3D('',#11156,#8990,#8991);
#8031=AXIS2_PLACEMENT_3D('',#11160,#8994,#8995);
#8032=AXIS2_PLACEMENT_3D('',#11162,#8997,#8998);
#8033=AXIS2_PLACEMENT_3D('',#11168,#9002,#9003);
#8034=AXIS2_PLACEMENT_3D('',#11180,#9010,#9011);
#8035=AXIS2_PLACEMENT_3D('',#11182,#9013,#9014);
#8036=AXIS2_PLACEMENT_3D('',#11186,#9017,#9018);
#8037=AXIS2_PLACEMENT_3D('',#11192,#9022,#9023);
#8038=AXIS2_PLACEMENT_3D('',#11196,#9026,#9027);
#8039=AXIS2_PLACEMENT_3D('',#11200,#9030,#9031);
#8040=AXIS2_PLACEMENT_3D('',#11202,#9033,#9034);
#8041=AXIS2_PLACEMENT_3D('',#11208,#9038,#9039);
#8042=AXIS2_PLACEMENT_3D('',#11220,#9046,#9047);
#8043=AXIS2_PLACEMENT_3D('',#11222,#9049,#9050);
#8044=AXIS2_PLACEMENT_3D('',#11226,#9053,#9054);
#8045=AXIS2_PLACEMENT_3D('',#11232,#9058,#9059);
#8046=AXIS2_PLACEMENT_3D('',#11236,#9062,#9063);
#8047=AXIS2_PLACEMENT_3D('',#11240,#9066,#9067);
#8048=AXIS2_PLACEMENT_3D('',#11242,#9069,#9070);
#8049=AXIS2_PLACEMENT_3D('',#11248,#9074,#9075);
#8050=AXIS2_PLACEMENT_3D('',#11260,#9082,#9083);
#8051=AXIS2_PLACEMENT_3D('',#11262,#9085,#9086);
#8052=AXIS2_PLACEMENT_3D('',#11266,#9089,#9090);
#8053=AXIS2_PLACEMENT_3D('',#11272,#9094,#9095);
#8054=AXIS2_PLACEMENT_3D('',#11276,#9098,#9099);
#8055=AXIS2_PLACEMENT_3D('',#11280,#9102,#9103);
#8056=AXIS2_PLACEMENT_3D('',#11282,#9105,#9106);
#8057=AXIS2_PLACEMENT_3D('',#11288,#9110,#9111);
#8058=AXIS2_PLACEMENT_3D('',#11300,#9118,#9119);
#8059=AXIS2_PLACEMENT_3D('',#11302,#9121,#9122);
#8060=AXIS2_PLACEMENT_3D('',#11306,#9125,#9126);
#8061=AXIS2_PLACEMENT_3D('',#11312,#9130,#9131);
#8062=AXIS2_PLACEMENT_3D('',#11316,#9134,#9135);
#8063=AXIS2_PLACEMENT_3D('',#11320,#9138,#9139);
#8064=AXIS2_PLACEMENT_3D('',#11322,#9141,#9142);
#8065=AXIS2_PLACEMENT_3D('',#11328,#9146,#9147);
#8066=AXIS2_PLACEMENT_3D('',#11340,#9154,#9155);
#8067=AXIS2_PLACEMENT_3D('',#11342,#9157,#9158);
#8068=AXIS2_PLACEMENT_3D('',#11346,#9161,#9162);
#8069=AXIS2_PLACEMENT_3D('',#11352,#9166,#9167);
#8070=AXIS2_PLACEMENT_3D('',#11356,#9170,#9171);
#8071=AXIS2_PLACEMENT_3D('',#11360,#9174,#9175);
#8072=AXIS2_PLACEMENT_3D('',#11362,#9177,#9178);
#8073=AXIS2_PLACEMENT_3D('',#11364,#9180,#9181);
#8074=AXIS2_PLACEMENT_3D('',#11368,#9184,#9185);
#8075=AXIS2_PLACEMENT_3D('',#11375,#9190,#9191);
#8076=AXIS2_PLACEMENT_3D('',#11381,#9195,#9196);
#8077=AXIS2_PLACEMENT_3D('',#11385,#9199,#9200);
#8078=AXIS2_PLACEMENT_3D('',#11389,#9203,#9204);
#8079=AXIS2_PLACEMENT_3D('',#11391,#9206,#9207);
#8080=AXIS2_PLACEMENT_3D('',#11394,#9210,#9211);
#8081=AXIS2_PLACEMENT_3D('',#11395,#9212,#9213);
#8082=AXIS2_PLACEMENT_3D('',#11399,#9216,#9217);
#8083=AXIS2_PLACEMENT_3D('',#11403,#9220,#9221);
#8084=AXIS2_PLACEMENT_3D('',#11408,#9225,#9226);
#8085=AXIS2_PLACEMENT_3D('',#11410,#9228,#9229);
#8086=AXIS2_PLACEMENT_3D('',#11411,#9230,#9231);
#8087=AXIS2_PLACEMENT_3D('',#11412,#9232,#9233);
#8088=AXIS2_PLACEMENT_3D('',#11413,#9234,#9235);
#8089=AXIS2_PLACEMENT_3D('',#11422,#9240,#9241);
#8090=AXIS2_PLACEMENT_3D('',#11428,#9245,#9246);
#8091=AXIS2_PLACEMENT_3D('',#11434,#9250,#9251);
#8092=AXIS2_PLACEMENT_3D('',#11437,#9254,#9255);
#8093=AXIS2_PLACEMENT_3D('',#11441,#9257,#9258);
#8094=AXIS2_PLACEMENT_3D('',#11449,#9262,#9263);
#8095=AXIS2_PLACEMENT_3D('',#11451,#9265,#9266);
#8096=AXIS2_PLACEMENT_3D('',#11455,#9269,#9270);
#8097=AXIS2_PLACEMENT_3D('',#11456,#9271,#9272);
#8098=AXIS2_PLACEMENT_3D('',#11465,#9277,#9278);
#8099=AXIS2_PLACEMENT_3D('',#11470,#9282,#9283);
#8100=AXIS2_PLACEMENT_3D('',#11475,#9287,#9288);
#8101=AXIS2_PLACEMENT_3D('',#11477,#9290,#9291);
#8102=AXIS2_PLACEMENT_3D('',#11481,#9294,#9295);
#8103=AXIS2_PLACEMENT_3D('',#11484,#9297,#9298);
#8104=AXIS2_PLACEMENT_3D('',#11487,#9300,#9301);
#8105=AXIS2_PLACEMENT_3D('',#11488,#9302,#9303);
#8106=AXIS2_PLACEMENT_3D('',#11489,#9304,#9305);
#8107=AXIS2_PLACEMENT_3D('',#11491,#9307,#9308);
#8108=AXIS2_PLACEMENT_3D('',#11492,#9309,#9310);
#8109=AXIS2_PLACEMENT_3D('',#11494,#9312,#9313);
#8110=AXIS2_PLACEMENT_3D('',#11495,#9314,#9315);
#8111=AXIS2_PLACEMENT_3D('',#11504,#9320,#9321);
#8112=AXIS2_PLACEMENT_3D('',#11510,#9325,#9326);
#8113=AXIS2_PLACEMENT_3D('',#11516,#9330,#9331);
#8114=AXIS2_PLACEMENT_3D('',#11519,#9334,#9335);
#8115=AXIS2_PLACEMENT_3D('',#11523,#9337,#9338);
#8116=AXIS2_PLACEMENT_3D('',#11531,#9342,#9343);
#8117=AXIS2_PLACEMENT_3D('',#11533,#9345,#9346);
#8118=AXIS2_PLACEMENT_3D('',#11537,#9349,#9350);
#8119=AXIS2_PLACEMENT_3D('',#11538,#9351,#9352);
#8120=AXIS2_PLACEMENT_3D('',#11547,#9357,#9358);
#8121=AXIS2_PLACEMENT_3D('',#11552,#9362,#9363);
#8122=AXIS2_PLACEMENT_3D('',#11557,#9367,#9368);
#8123=AXIS2_PLACEMENT_3D('',#11559,#9370,#9371);
#8124=AXIS2_PLACEMENT_3D('',#11563,#9374,#9375);
#8125=AXIS2_PLACEMENT_3D('',#11566,#9377,#9378);
#8126=AXIS2_PLACEMENT_3D('',#11569,#9380,#9381);
#8127=AXIS2_PLACEMENT_3D('',#11570,#9382,#9383);
#8128=AXIS2_PLACEMENT_3D('',#11571,#9384,#9385);
#8129=AXIS2_PLACEMENT_3D('',#11573,#9387,#9388);
#8130=AXIS2_PLACEMENT_3D('',#11574,#9389,#9390);
#8131=AXIS2_PLACEMENT_3D('',#11576,#9392,#9393);
#8132=AXIS2_PLACEMENT_3D('',#11577,#9394,#9395);
#8133=AXIS2_PLACEMENT_3D('',#11586,#9400,#9401);
#8134=AXIS2_PLACEMENT_3D('',#11592,#9405,#9406);
#8135=AXIS2_PLACEMENT_3D('',#11598,#9410,#9411);
#8136=AXIS2_PLACEMENT_3D('',#11601,#9414,#9415);
#8137=AXIS2_PLACEMENT_3D('',#11605,#9417,#9418);
#8138=AXIS2_PLACEMENT_3D('',#11613,#9422,#9423);
#8139=AXIS2_PLACEMENT_3D('',#11615,#9425,#9426);
#8140=AXIS2_PLACEMENT_3D('',#11619,#9429,#9430);
#8141=AXIS2_PLACEMENT_3D('',#11620,#9431,#9432);
#8142=AXIS2_PLACEMENT_3D('',#11629,#9437,#9438);
#8143=AXIS2_PLACEMENT_3D('',#11634,#9442,#9443);
#8144=AXIS2_PLACEMENT_3D('',#11639,#9447,#9448);
#8145=AXIS2_PLACEMENT_3D('',#11641,#9450,#9451);
#8146=AXIS2_PLACEMENT_3D('',#11645,#9454,#9455);
#8147=AXIS2_PLACEMENT_3D('',#11648,#9457,#9458);
#8148=AXIS2_PLACEMENT_3D('',#11651,#9460,#9461);
#8149=AXIS2_PLACEMENT_3D('',#11652,#9462,#9463);
#8150=AXIS2_PLACEMENT_3D('',#11653,#9464,#9465);
#8151=AXIS2_PLACEMENT_3D('',#11655,#9467,#9468);
#8152=AXIS2_PLACEMENT_3D('',#11656,#9469,#9470);
#8153=AXIS2_PLACEMENT_3D('',#11658,#9472,#9473);
#8154=AXIS2_PLACEMENT_3D('',#11659,#9474,#9475);
#8155=AXIS2_PLACEMENT_3D('',#11668,#9480,#9481);
#8156=AXIS2_PLACEMENT_3D('',#11674,#9485,#9486);
#8157=AXIS2_PLACEMENT_3D('',#11680,#9490,#9491);
#8158=AXIS2_PLACEMENT_3D('',#11683,#9494,#9495);
#8159=AXIS2_PLACEMENT_3D('',#11687,#9497,#9498);
#8160=AXIS2_PLACEMENT_3D('',#11695,#9502,#9503);
#8161=AXIS2_PLACEMENT_3D('',#11697,#9505,#9506);
#8162=AXIS2_PLACEMENT_3D('',#11701,#9509,#9510);
#8163=AXIS2_PLACEMENT_3D('',#11702,#9511,#9512);
#8164=AXIS2_PLACEMENT_3D('',#11711,#9517,#9518);
#8165=AXIS2_PLACEMENT_3D('',#11716,#9522,#9523);
#8166=AXIS2_PLACEMENT_3D('',#11721,#9527,#9528);
#8167=AXIS2_PLACEMENT_3D('',#11723,#9530,#9531);
#8168=AXIS2_PLACEMENT_3D('',#11727,#9534,#9535);
#8169=AXIS2_PLACEMENT_3D('',#11730,#9537,#9538);
#8170=AXIS2_PLACEMENT_3D('',#11733,#9540,#9541);
#8171=AXIS2_PLACEMENT_3D('',#11734,#9542,#9543);
#8172=AXIS2_PLACEMENT_3D('',#11735,#9544,#9545);
#8173=AXIS2_PLACEMENT_3D('',#11737,#9547,#9548);
#8174=AXIS2_PLACEMENT_3D('',#11738,#9549,#9550);
#8175=AXIS2_PLACEMENT_3D('',#11740,#9552,#9553);
#8176=AXIS2_PLACEMENT_3D('',#11741,#9554,#9555);
#8177=AXIS2_PLACEMENT_3D('',#11750,#9560,#9561);
#8178=AXIS2_PLACEMENT_3D('',#11756,#9565,#9566);
#8179=AXIS2_PLACEMENT_3D('',#11762,#9570,#9571);
#8180=AXIS2_PLACEMENT_3D('',#11765,#9574,#9575);
#8181=AXIS2_PLACEMENT_3D('',#11769,#9577,#9578);
#8182=AXIS2_PLACEMENT_3D('',#11777,#9582,#9583);
#8183=AXIS2_PLACEMENT_3D('',#11779,#9585,#9586);
#8184=AXIS2_PLACEMENT_3D('',#11783,#9589,#9590);
#8185=AXIS2_PLACEMENT_3D('',#11784,#9591,#9592);
#8186=AXIS2_PLACEMENT_3D('',#11793,#9597,#9598);
#8187=AXIS2_PLACEMENT_3D('',#11798,#9602,#9603);
#8188=AXIS2_PLACEMENT_3D('',#11803,#9607,#9608);
#8189=AXIS2_PLACEMENT_3D('',#11805,#9610,#9611);
#8190=AXIS2_PLACEMENT_3D('',#11809,#9614,#9615);
#8191=AXIS2_PLACEMENT_3D('',#11812,#9617,#9618);
#8192=AXIS2_PLACEMENT_3D('',#11815,#9620,#9621);
#8193=AXIS2_PLACEMENT_3D('',#11816,#9622,#9623);
#8194=AXIS2_PLACEMENT_3D('',#11817,#9624,#9625);
#8195=AXIS2_PLACEMENT_3D('',#11819,#9627,#9628);
#8196=AXIS2_PLACEMENT_3D('',#11820,#9629,#9630);
#8197=AXIS2_PLACEMENT_3D('',#11822,#9632,#9633);
#8198=AXIS2_PLACEMENT_3D('',#11823,#9634,#9635);
#8199=AXIS2_PLACEMENT_3D('',#11832,#9640,#9641);
#8200=AXIS2_PLACEMENT_3D('',#11838,#9645,#9646);
#8201=AXIS2_PLACEMENT_3D('',#11844,#9650,#9651);
#8202=AXIS2_PLACEMENT_3D('',#11847,#9654,#9655);
#8203=AXIS2_PLACEMENT_3D('',#11851,#9657,#9658);
#8204=AXIS2_PLACEMENT_3D('',#11859,#9662,#9663);
#8205=AXIS2_PLACEMENT_3D('',#11861,#9665,#9666);
#8206=AXIS2_PLACEMENT_3D('',#11865,#9669,#9670);
#8207=AXIS2_PLACEMENT_3D('',#11866,#9671,#9672);
#8208=AXIS2_PLACEMENT_3D('',#11875,#9677,#9678);
#8209=AXIS2_PLACEMENT_3D('',#11880,#9682,#9683);
#8210=AXIS2_PLACEMENT_3D('',#11885,#9687,#9688);
#8211=AXIS2_PLACEMENT_3D('',#11887,#9690,#9691);
#8212=AXIS2_PLACEMENT_3D('',#11891,#9694,#9695);
#8213=AXIS2_PLACEMENT_3D('',#11894,#9697,#9698);
#8214=AXIS2_PLACEMENT_3D('',#11897,#9700,#9701);
#8215=AXIS2_PLACEMENT_3D('',#11898,#9702,#9703);
#8216=AXIS2_PLACEMENT_3D('',#11899,#9704,#9705);
#8217=AXIS2_PLACEMENT_3D('',#11901,#9707,#9708);
#8218=AXIS2_PLACEMENT_3D('',#11902,#9709,#9710);
#8219=AXIS2_PLACEMENT_3D('',#11904,#9712,#9713);
#8220=AXIS2_PLACEMENT_3D('',#11905,#9714,#9715);
#8221=AXIS2_PLACEMENT_3D('',#11914,#9720,#9721);
#8222=AXIS2_PLACEMENT_3D('',#11920,#9725,#9726);
#8223=AXIS2_PLACEMENT_3D('',#11926,#9730,#9731);
#8224=AXIS2_PLACEMENT_3D('',#11929,#9734,#9735);
#8225=AXIS2_PLACEMENT_3D('',#11933,#9737,#9738);
#8226=AXIS2_PLACEMENT_3D('',#11941,#9742,#9743);
#8227=AXIS2_PLACEMENT_3D('',#11943,#9745,#9746);
#8228=AXIS2_PLACEMENT_3D('',#11947,#9749,#9750);
#8229=AXIS2_PLACEMENT_3D('',#11948,#9751,#9752);
#8230=AXIS2_PLACEMENT_3D('',#11957,#9757,#9758);
#8231=AXIS2_PLACEMENT_3D('',#11962,#9762,#9763);
#8232=AXIS2_PLACEMENT_3D('',#11967,#9767,#9768);
#8233=AXIS2_PLACEMENT_3D('',#11969,#9770,#9771);
#8234=AXIS2_PLACEMENT_3D('',#11973,#9774,#9775);
#8235=AXIS2_PLACEMENT_3D('',#11976,#9777,#9778);
#8236=AXIS2_PLACEMENT_3D('',#11979,#9780,#9781);
#8237=AXIS2_PLACEMENT_3D('',#11980,#9782,#9783);
#8238=AXIS2_PLACEMENT_3D('',#11981,#9784,#9785);
#8239=AXIS2_PLACEMENT_3D('',#11983,#9787,#9788);
#8240=AXIS2_PLACEMENT_3D('',#11984,#9789,#9790);
#8241=AXIS2_PLACEMENT_3D('',#11986,#9792,#9793);
#8242=AXIS2_PLACEMENT_3D('',#11987,#9794,#9795);
#8243=AXIS2_PLACEMENT_3D('',#11996,#9800,#9801);
#8244=AXIS2_PLACEMENT_3D('',#12002,#9805,#9806);
#8245=AXIS2_PLACEMENT_3D('',#12008,#9810,#9811);
#8246=AXIS2_PLACEMENT_3D('',#12011,#9814,#9815);
#8247=AXIS2_PLACEMENT_3D('',#12015,#9817,#9818);
#8248=AXIS2_PLACEMENT_3D('',#12023,#9822,#9823);
#8249=AXIS2_PLACEMENT_3D('',#12025,#9825,#9826);
#8250=AXIS2_PLACEMENT_3D('',#12029,#9829,#9830);
#8251=AXIS2_PLACEMENT_3D('',#12030,#9831,#9832);
#8252=AXIS2_PLACEMENT_3D('',#12039,#9837,#9838);
#8253=AXIS2_PLACEMENT_3D('',#12044,#9842,#9843);
#8254=AXIS2_PLACEMENT_3D('',#12049,#9847,#9848);
#8255=AXIS2_PLACEMENT_3D('',#12051,#9850,#9851);
#8256=AXIS2_PLACEMENT_3D('',#12055,#9854,#9855);
#8257=AXIS2_PLACEMENT_3D('',#12058,#9857,#9858);
#8258=AXIS2_PLACEMENT_3D('',#12061,#9860,#9861);
#8259=AXIS2_PLACEMENT_3D('',#12062,#9862,#9863);
#8260=AXIS2_PLACEMENT_3D('',#12063,#9864,#9865);
#8261=AXIS2_PLACEMENT_3D('',#12065,#9867,#9868);
#8262=AXIS2_PLACEMENT_3D('',#12066,#9869,#9870);
#8263=AXIS2_PLACEMENT_3D('',#12068,#9872,#9873);
#8264=AXIS2_PLACEMENT_3D('',#12069,#9874,#9875);
#8265=AXIS2_PLACEMENT_3D('',#12078,#9880,#9881);
#8266=AXIS2_PLACEMENT_3D('',#12084,#9885,#9886);
#8267=AXIS2_PLACEMENT_3D('',#12090,#9890,#9891);
#8268=AXIS2_PLACEMENT_3D('',#12093,#9894,#9895);
#8269=AXIS2_PLACEMENT_3D('',#12097,#9897,#9898);
#8270=AXIS2_PLACEMENT_3D('',#12105,#9902,#9903);
#8271=AXIS2_PLACEMENT_3D('',#12107,#9905,#9906);
#8272=AXIS2_PLACEMENT_3D('',#12111,#9909,#9910);
#8273=AXIS2_PLACEMENT_3D('',#12112,#9911,#9912);
#8274=AXIS2_PLACEMENT_3D('',#12121,#9917,#9918);
#8275=AXIS2_PLACEMENT_3D('',#12126,#9922,#9923);
#8276=AXIS2_PLACEMENT_3D('',#12131,#9927,#9928);
#8277=AXIS2_PLACEMENT_3D('',#12133,#9930,#9931);
#8278=AXIS2_PLACEMENT_3D('',#12137,#9934,#9935);
#8279=AXIS2_PLACEMENT_3D('',#12140,#9937,#9938);
#8280=AXIS2_PLACEMENT_3D('',#12143,#9940,#9941);
#8281=AXIS2_PLACEMENT_3D('',#12144,#9942,#9943);
#8282=AXIS2_PLACEMENT_3D('',#12145,#9944,#9945);
#8283=AXIS2_PLACEMENT_3D('',#12147,#9947,#9948);
#8284=AXIS2_PLACEMENT_3D('',#12148,#9949,#9950);
#8285=AXIS2_PLACEMENT_3D('',#12150,#9952,#9953);
#8286=AXIS2_PLACEMENT_3D('',#12151,#9954,#9955);
#8287=AXIS2_PLACEMENT_3D('',#12160,#9960,#9961);
#8288=AXIS2_PLACEMENT_3D('',#12166,#9965,#9966);
#8289=AXIS2_PLACEMENT_3D('',#12172,#9970,#9971);
#8290=AXIS2_PLACEMENT_3D('',#12175,#9974,#9975);
#8291=AXIS2_PLACEMENT_3D('',#12179,#9977,#9978);
#8292=AXIS2_PLACEMENT_3D('',#12187,#9982,#9983);
#8293=AXIS2_PLACEMENT_3D('',#12189,#9985,#9986);
#8294=AXIS2_PLACEMENT_3D('',#12193,#9989,#9990);
#8295=AXIS2_PLACEMENT_3D('',#12194,#9991,#9992);
#8296=AXIS2_PLACEMENT_3D('',#12203,#9997,#9998);
#8297=AXIS2_PLACEMENT_3D('',#12208,#10002,#10003);
#8298=AXIS2_PLACEMENT_3D('',#12213,#10007,#10008);
#8299=AXIS2_PLACEMENT_3D('',#12215,#10010,#10011);
#8300=AXIS2_PLACEMENT_3D('',#12219,#10014,#10015);
#8301=AXIS2_PLACEMENT_3D('',#12222,#10017,#10018);
#8302=AXIS2_PLACEMENT_3D('',#12225,#10020,#10021);
#8303=AXIS2_PLACEMENT_3D('',#12226,#10022,#10023);
#8304=AXIS2_PLACEMENT_3D('',#12227,#10024,#10025);
#8305=AXIS2_PLACEMENT_3D('',#12229,#10027,#10028);
#8306=AXIS2_PLACEMENT_3D('',#12230,#10029,#10030);
#8307=AXIS2_PLACEMENT_3D('',#12232,#10032,#10033);
#8308=AXIS2_PLACEMENT_3D('',#12233,#10034,#10035);
#8309=AXIS2_PLACEMENT_3D('',#12242,#10040,#10041);
#8310=AXIS2_PLACEMENT_3D('',#12248,#10045,#10046);
#8311=AXIS2_PLACEMENT_3D('',#12254,#10050,#10051);
#8312=AXIS2_PLACEMENT_3D('',#12257,#10054,#10055);
#8313=AXIS2_PLACEMENT_3D('',#12261,#10057,#10058);
#8314=AXIS2_PLACEMENT_3D('',#12269,#10062,#10063);
#8315=AXIS2_PLACEMENT_3D('',#12271,#10065,#10066);
#8316=AXIS2_PLACEMENT_3D('',#12275,#10069,#10070);
#8317=AXIS2_PLACEMENT_3D('',#12276,#10071,#10072);
#8318=AXIS2_PLACEMENT_3D('',#12285,#10077,#10078);
#8319=AXIS2_PLACEMENT_3D('',#12290,#10082,#10083);
#8320=AXIS2_PLACEMENT_3D('',#12295,#10087,#10088);
#8321=AXIS2_PLACEMENT_3D('',#12297,#10090,#10091);
#8322=AXIS2_PLACEMENT_3D('',#12301,#10094,#10095);
#8323=AXIS2_PLACEMENT_3D('',#12304,#10097,#10098);
#8324=AXIS2_PLACEMENT_3D('',#12307,#10100,#10101);
#8325=AXIS2_PLACEMENT_3D('',#12308,#10102,#10103);
#8326=AXIS2_PLACEMENT_3D('',#12309,#10104,#10105);
#8327=AXIS2_PLACEMENT_3D('',#12311,#10107,#10108);
#8328=AXIS2_PLACEMENT_3D('',#12312,#10109,#10110);
#8329=AXIS2_PLACEMENT_3D('',#12314,#10112,#10113);
#8330=AXIS2_PLACEMENT_3D('',#12315,#10114,#10115);
#8331=AXIS2_PLACEMENT_3D('',#12324,#10120,#10121);
#8332=AXIS2_PLACEMENT_3D('',#12330,#10125,#10126);
#8333=AXIS2_PLACEMENT_3D('',#12336,#10130,#10131);
#8334=AXIS2_PLACEMENT_3D('',#12339,#10134,#10135);
#8335=AXIS2_PLACEMENT_3D('',#12343,#10137,#10138);
#8336=AXIS2_PLACEMENT_3D('',#12351,#10142,#10143);
#8337=AXIS2_PLACEMENT_3D('',#12353,#10145,#10146);
#8338=AXIS2_PLACEMENT_3D('',#12357,#10149,#10150);
#8339=AXIS2_PLACEMENT_3D('',#12358,#10151,#10152);
#8340=AXIS2_PLACEMENT_3D('',#12367,#10157,#10158);
#8341=AXIS2_PLACEMENT_3D('',#12372,#10162,#10163);
#8342=AXIS2_PLACEMENT_3D('',#12377,#10167,#10168);
#8343=AXIS2_PLACEMENT_3D('',#12379,#10170,#10171);
#8344=AXIS2_PLACEMENT_3D('',#12383,#10174,#10175);
#8345=AXIS2_PLACEMENT_3D('',#12386,#10177,#10178);
#8346=AXIS2_PLACEMENT_3D('',#12389,#10180,#10181);
#8347=AXIS2_PLACEMENT_3D('',#12390,#10182,#10183);
#8348=AXIS2_PLACEMENT_3D('',#12391,#10184,#10185);
#8349=AXIS2_PLACEMENT_3D('',#12393,#10187,#10188);
#8350=AXIS2_PLACEMENT_3D('',#12394,#10189,#10190);
#8351=AXIS2_PLACEMENT_3D('',#12396,#10192,#10193);
#8352=AXIS2_PLACEMENT_3D('',#12397,#10194,#10195);
#8353=AXIS2_PLACEMENT_3D('',#12406,#10200,#10201);
#8354=AXIS2_PLACEMENT_3D('',#12412,#10205,#10206);
#8355=AXIS2_PLACEMENT_3D('',#12418,#10210,#10211);
#8356=AXIS2_PLACEMENT_3D('',#12421,#10214,#10215);
#8357=AXIS2_PLACEMENT_3D('',#12425,#10217,#10218);
#8358=AXIS2_PLACEMENT_3D('',#12433,#10222,#10223);
#8359=AXIS2_PLACEMENT_3D('',#12435,#10225,#10226);
#8360=AXIS2_PLACEMENT_3D('',#12439,#10229,#10230);
#8361=AXIS2_PLACEMENT_3D('',#12440,#10231,#10232);
#8362=AXIS2_PLACEMENT_3D('',#12449,#10237,#10238);
#8363=AXIS2_PLACEMENT_3D('',#12454,#10242,#10243);
#8364=AXIS2_PLACEMENT_3D('',#12459,#10247,#10248);
#8365=AXIS2_PLACEMENT_3D('',#12461,#10250,#10251);
#8366=AXIS2_PLACEMENT_3D('',#12465,#10254,#10255);
#8367=AXIS2_PLACEMENT_3D('',#12468,#10257,#10258);
#8368=AXIS2_PLACEMENT_3D('',#12471,#10260,#10261);
#8369=AXIS2_PLACEMENT_3D('',#12472,#10262,#10263);
#8370=AXIS2_PLACEMENT_3D('',#12473,#10264,#10265);
#8371=AXIS2_PLACEMENT_3D('',#12475,#10267,#10268);
#8372=AXIS2_PLACEMENT_3D('',#12476,#10269,#10270);
#8373=AXIS2_PLACEMENT_3D('',#12478,#10272,#10273);
#8374=AXIS2_PLACEMENT_3D('',#12479,#10274,#10275);
#8375=AXIS2_PLACEMENT_3D('',#12488,#10280,#10281);
#8376=AXIS2_PLACEMENT_3D('',#12494,#10285,#10286);
#8377=AXIS2_PLACEMENT_3D('',#12500,#10290,#10291);
#8378=AXIS2_PLACEMENT_3D('',#12503,#10294,#10295);
#8379=AXIS2_PLACEMENT_3D('',#12507,#10297,#10298);
#8380=AXIS2_PLACEMENT_3D('',#12515,#10302,#10303);
#8381=AXIS2_PLACEMENT_3D('',#12517,#10305,#10306);
#8382=AXIS2_PLACEMENT_3D('',#12521,#10309,#10310);
#8383=AXIS2_PLACEMENT_3D('',#12522,#10311,#10312);
#8384=AXIS2_PLACEMENT_3D('',#12531,#10317,#10318);
#8385=AXIS2_PLACEMENT_3D('',#12536,#10322,#10323);
#8386=AXIS2_PLACEMENT_3D('',#12541,#10327,#10328);
#8387=AXIS2_PLACEMENT_3D('',#12543,#10330,#10331);
#8388=AXIS2_PLACEMENT_3D('',#12547,#10334,#10335);
#8389=AXIS2_PLACEMENT_3D('',#12550,#10337,#10338);
#8390=AXIS2_PLACEMENT_3D('',#12553,#10340,#10341);
#8391=AXIS2_PLACEMENT_3D('',#12554,#10342,#10343);
#8392=AXIS2_PLACEMENT_3D('',#12555,#10344,#10345);
#8393=AXIS2_PLACEMENT_3D('',#12557,#10347,#10348);
#8394=AXIS2_PLACEMENT_3D('',#12558,#10349,#10350);
#8395=AXIS2_PLACEMENT_3D('',#12560,#10352,#10353);
#8396=AXIS2_PLACEMENT_3D('',#12561,#10354,#10355);
#8397=AXIS2_PLACEMENT_3D('',#12570,#10360,#10361);
#8398=AXIS2_PLACEMENT_3D('',#12576,#10365,#10366);
#8399=AXIS2_PLACEMENT_3D('',#12582,#10370,#10371);
#8400=AXIS2_PLACEMENT_3D('',#12585,#10374,#10375);
#8401=AXIS2_PLACEMENT_3D('',#12589,#10377,#10378);
#8402=AXIS2_PLACEMENT_3D('',#12597,#10382,#10383);
#8403=AXIS2_PLACEMENT_3D('',#12599,#10385,#10386);
#8404=AXIS2_PLACEMENT_3D('',#12603,#10389,#10390);
#8405=AXIS2_PLACEMENT_3D('',#12604,#10391,#10392);
#8406=AXIS2_PLACEMENT_3D('',#12613,#10397,#10398);
#8407=AXIS2_PLACEMENT_3D('',#12618,#10402,#10403);
#8408=AXIS2_PLACEMENT_3D('',#12623,#10407,#10408);
#8409=AXIS2_PLACEMENT_3D('',#12625,#10410,#10411);
#8410=AXIS2_PLACEMENT_3D('',#12629,#10414,#10415);
#8411=AXIS2_PLACEMENT_3D('',#12632,#10417,#10418);
#8412=AXIS2_PLACEMENT_3D('',#12635,#10420,#10421);
#8413=AXIS2_PLACEMENT_3D('',#12636,#10422,#10423);
#8414=AXIS2_PLACEMENT_3D('',#12637,#10424,#10425);
#8415=AXIS2_PLACEMENT_3D('',#12639,#10427,#10428);
#8416=AXIS2_PLACEMENT_3D('',#12640,#10429,#10430);
#8417=AXIS2_PLACEMENT_3D('',#12642,#10432,#10433);
#8418=DIRECTION('axis',(0.,0.,1.));
#8419=DIRECTION('refdir',(1.,0.,0.));
#8420=DIRECTION('center_axis',(0.,-1.,1.38777878078145E-16));
#8421=DIRECTION('ref_axis',(0.,1.38777878078145E-16,1.));
#8422=DIRECTION('',(0.,-1.38777878078145E-16,-1.));
#8423=DIRECTION('',(-1.,0.,0.));
#8424=DIRECTION('',(0.,1.38777878078145E-16,1.));
#8425=DIRECTION('',(-1.,0.,0.));
#8426=DIRECTION('center_axis',(0.,0.,-1.));
#8427=DIRECTION('ref_axis',(0.,-1.,0.));
#8428=DIRECTION('',(0.,1.,0.));
#8429=DIRECTION('',(0.,-1.,0.));
#8430=DIRECTION('',(-1.,0.,0.));
#8431=DIRECTION('center_axis',(0.,1.,0.));
#8432=DIRECTION('ref_axis',(0.,0.,-1.));
#8433=DIRECTION('',(0.,0.,1.));
#8434=DIRECTION('',(0.,0.,-1.));
#8435=DIRECTION('',(1.,0.,0.));
#8436=DIRECTION('center_axis',(0.,1.,0.));
#8437=DIRECTION('ref_axis',(0.,0.,-1.));
#8438=DIRECTION('',(0.,0.,-1.));
#8439=DIRECTION('',(1.,0.,0.));
#8440=DIRECTION('',(0.,0.,1.));
#8441=DIRECTION('',(-1.,0.,0.));
#8442=DIRECTION('center_axis',(0.,0.,-1.));
#8443=DIRECTION('ref_axis',(0.,-1.,0.));
#8444=DIRECTION('',(0.,-1.,0.));
#8445=DIRECTION('',(0.,1.,0.));
#8446=DIRECTION('',(-1.,0.,0.));
#8447=DIRECTION('center_axis',(0.,-1.,1.38777878078145E-16));
#8448=DIRECTION('ref_axis',(0.,1.38777878078145E-16,1.));
#8449=DIRECTION('',(0.,1.38777878078145E-16,1.));
#8450=DIRECTION('',(0.,-1.38777878078145E-16,-1.));
#8451=DIRECTION('',(-1.,0.,0.));
#8452=DIRECTION('center_axis',(-1.,0.,0.));
#8453=DIRECTION('ref_axis',(0.,0.,1.));
#8454=DIRECTION('',(0.,1.,-9.62964972193618E-33));
#8455=DIRECTION('',(0.,2.77555756156289E-16,-1.));
#8456=DIRECTION('',(0.,-1.,-3.70074341541719E-15));
#8457=DIRECTION('',(0.,-0.447213595499963,-0.894427190999913));
#8458=DIRECTION('',(0.,-1.,-5.32907051820075E-15));
#8459=DIRECTION('',(0.,1.83697019872103E-16,1.));
#8460=DIRECTION('',(0.,1.,-9.62964972193618E-33));
#8461=DIRECTION('center_axis',(0.,9.62964972193618E-33,1.));
#8462=DIRECTION('ref_axis',(0.,-1.,9.62964972193618E-33));
#8463=DIRECTION('',(0.,1.,-9.62964972193618E-33));
#8464=DIRECTION('',(1.,0.,0.));
#8465=DIRECTION('',(-5.34552942018439E-48,1.,-9.62964972193618E-33));
#8466=DIRECTION('',(1.,0.,0.));
#8467=DIRECTION('center_axis',(0.,9.62964972193618E-33,1.));
#8468=DIRECTION('ref_axis',(0.,-1.,9.62964972193618E-33));
#8469=DIRECTION('',(0.,-1.,9.62964972193618E-33));
#8470=DIRECTION('',(1.,0.,0.));
#8471=DIRECTION('',(-5.34552942018439E-48,-1.,9.62964972193618E-33));
#8472=DIRECTION('',(1.,0.,0.));
#8473=DIRECTION('',(0.,-1.,9.62964972193618E-33));
#8474=DIRECTION('center_axis',(1.,0.,0.));
#8475=DIRECTION('ref_axis',(0.,0.,-1.));
#8476=DIRECTION('',(0.,2.77555756156289E-16,-1.));
#8477=DIRECTION('',(0.,-1.,0.));
#8478=DIRECTION('',(0.,0.,-1.));
#8479=DIRECTION('',(0.,-1.,-3.70074341541719E-15));
#8480=DIRECTION('',(0.,0.,1.));
#8481=DIRECTION('',(0.,-1.,9.62964972193618E-33));
#8482=DIRECTION('center_axis',(1.,0.,-5.55111512312578E-16));
#8483=DIRECTION('ref_axis',(5.55111512312578E-16,-1.58603289232165E-16,
1.));
#8484=DIRECTION('',(5.55111512312578E-16,-2.77555756156289E-16,1.));
#8485=DIRECTION('',(0.,-1.,0.));
#8486=DIRECTION('',(-5.55111512312578E-16,2.77555756156289E-16,-1.));
#8487=DIRECTION('center_axis',(0.,0.,-1.));
#8488=DIRECTION('ref_axis',(1.,0.,0.));
#8489=DIRECTION('',(0.,1.,0.));
#8490=DIRECTION('',(1.,0.,0.));
#8491=DIRECTION('',(0.,-1.,0.));
#8492=DIRECTION('',(-1.,0.,0.));
#8493=DIRECTION('',(0.,-1.,0.));
#8494=DIRECTION('',(1.,0.,0.));
#8495=DIRECTION('center_axis',(1.,0.,0.));
#8496=DIRECTION('ref_axis',(0.,-1.58603289232165E-16,1.));
#8497=DIRECTION('',(0.,2.77555756156289E-16,-1.));
#8498=DIRECTION('',(0.,-1.58603289232165E-16,1.));
#8499=DIRECTION('',(0.,-1.,-3.70074341541719E-15));
#8500=DIRECTION('center_axis',(-1.,0.,0.));
#8501=DIRECTION('ref_axis',(0.,1.58603289232165E-16,-1.));
#8502=DIRECTION('',(0.,-1.,-3.70074341541719E-15));
#8503=DIRECTION('',(0.,2.77555756156289E-16,-1.));
#8504=DIRECTION('',(0.,-2.77555756156289E-16,1.));
#8505=DIRECTION('',(0.,1.,2.10269512239613E-16));
#8506=DIRECTION('',(0.,1.58603289232165E-16,-1.));
#8507=DIRECTION('center_axis',(0.,1.,0.));
#8508=DIRECTION('ref_axis',(0.,0.,-1.));
#8509=DIRECTION('',(0.,0.,1.));
#8510=DIRECTION('',(-1.,0.,0.));
#8511=DIRECTION('',(1.,0.,0.));
#8512=DIRECTION('',(-3.46452040250706E-8,0.,0.999999999999999));
#8513=DIRECTION('',(1.,0.,0.));
#8514=DIRECTION('center_axis',(0.,-2.10269512239613E-16,1.));
#8515=DIRECTION('ref_axis',(-1.,0.,0.));
#8516=DIRECTION('',(-1.,0.,0.));
#8517=DIRECTION('',(0.,-1.,-2.10269512239613E-16));
#8518=DIRECTION('',(1.,0.,0.));
#8519=DIRECTION('',(0.,-1.,-2.10269512239613E-16));
#8520=DIRECTION('',(-1.,0.,0.));
#8521=DIRECTION('',(0.,-1.,-2.10269512239613E-16));
#8522=DIRECTION('',(1.,0.,0.));
#8523=DIRECTION('',(0.,1.,2.10269512239613E-16));
#8524=DIRECTION('center_axis',(0.,1.,2.77555756156289E-16));
#8525=DIRECTION('ref_axis',(0.,-2.77555756156289E-16,1.));
#8526=DIRECTION('',(1.,0.,0.));
#8527=DIRECTION('',(-5.55111512312578E-16,-2.77555756156289E-16,1.));
#8528=DIRECTION('',(0.,-2.77555756156289E-16,1.));
#8529=DIRECTION('',(1.,0.,0.));
#8530=DIRECTION('',(0.,-2.77555756156289E-16,1.));
#8531=DIRECTION('',(-1.,0.,0.));
#8532=DIRECTION('',(0.,2.77555756156289E-16,-1.));
#8533=DIRECTION('',(-1.,0.,0.));
#8534=DIRECTION('',(3.46452040250706E-8,2.77555756156289E-16,-0.999999999999999));
#8535=DIRECTION('',(1.,0.,0.));
#8536=DIRECTION('',(-2.12341533661904E-8,-2.77555756156289E-16,1.));
#8537=DIRECTION('',(-1.,0.,0.));
#8538=DIRECTION('',(3.46452040250706E-8,2.77555756156289E-16,-0.999999999999999));
#8539=DIRECTION('',(1.,0.,0.));
#8540=DIRECTION('',(-2.12341533661904E-8,-2.77555756156289E-16,1.));
#8541=DIRECTION('',(-1.,0.,0.));
#8542=DIRECTION('',(3.46452040250706E-8,2.77555756156289E-16,-0.999999999999999));
#8543=DIRECTION('',(1.,0.,0.));
#8544=DIRECTION('',(-2.12341533661904E-8,-2.77555756156289E-16,1.));
#8545=DIRECTION('',(-1.,0.,0.));
#8546=DIRECTION('',(3.46452040250706E-8,2.77555756156289E-16,-0.999999999999999));
#8547=DIRECTION('',(1.,0.,0.));
#8548=DIRECTION('',(-2.12341533661904E-8,-2.77555756156289E-16,1.));
#8549=DIRECTION('',(-1.,0.,0.));
#8550=DIRECTION('',(3.46452040250706E-8,2.77555756156289E-16,-0.999999999999999));
#8551=DIRECTION('',(1.,0.,0.));
#8552=DIRECTION('',(-2.12341533661904E-8,-2.77555756156289E-16,1.));
#8553=DIRECTION('',(-1.,0.,0.));
#8554=DIRECTION('',(3.46452040250706E-8,2.77555756156289E-16,-0.999999999999999));
#8555=DIRECTION('',(1.,0.,0.));
#8556=DIRECTION('',(-2.12341533661904E-8,-2.77555756156289E-16,1.));
#8557=DIRECTION('',(-1.,0.,0.));
#8558=DIRECTION('',(3.46452040250706E-8,2.77555756156289E-16,-0.999999999999999));
#8559=DIRECTION('',(1.,0.,0.));
#8560=DIRECTION('',(-2.12341533661904E-8,-2.77555756156289E-16,1.));
#8561=DIRECTION('',(-1.,0.,0.));
#8562=DIRECTION('',(3.46452040250706E-8,2.77555756156289E-16,-0.999999999999999));
#8563=DIRECTION('',(1.,0.,0.));
#8564=DIRECTION('',(-2.12341533661904E-8,-2.77555756156289E-16,1.));
#8565=DIRECTION('',(-1.,0.,0.));
#8566=DIRECTION('',(3.46452040250706E-8,2.77555756156289E-16,-0.999999999999999));
#8567=DIRECTION('',(1.,0.,0.));
#8568=DIRECTION('',(-2.12341533661904E-8,-2.77555756156289E-16,1.));
#8569=DIRECTION('',(-1.,0.,0.));
#8570=DIRECTION('',(3.46452040250706E-8,2.77555756156289E-16,-0.999999999999999));
#8571=DIRECTION('',(1.,0.,0.));
#8572=DIRECTION('',(-2.12341533661904E-8,-2.77555756156289E-16,1.));
#8573=DIRECTION('',(-1.,0.,0.));
#8574=DIRECTION('',(3.46452040250706E-8,2.77555756156289E-16,-0.999999999999999));
#8575=DIRECTION('',(1.,0.,0.));
#8576=DIRECTION('',(-2.12341533661904E-8,-2.77555756156289E-16,1.));
#8577=DIRECTION('',(-1.,0.,0.));
#8578=DIRECTION('',(3.46452040250706E-8,2.77555756156289E-16,-0.999999999999999));
#8579=DIRECTION('',(1.,0.,0.));
#8580=DIRECTION('',(-2.12341533661904E-8,-2.77555756156289E-16,1.));
#8581=DIRECTION('',(-1.,0.,0.));
#8582=DIRECTION('',(3.46452040250706E-8,2.77555756156289E-16,-0.999999999999999));
#8583=DIRECTION('',(1.,0.,0.));
#8584=DIRECTION('',(-2.12341533661904E-8,-2.77555756156289E-16,1.));
#8585=DIRECTION('',(-1.,0.,0.));
#8586=DIRECTION('',(3.46452040250706E-8,2.77555756156289E-16,-0.999999999999999));
#8587=DIRECTION('',(1.,0.,0.));
#8588=DIRECTION('',(-2.12341533661904E-8,-2.77555756156289E-16,1.));
#8589=DIRECTION('',(1.,0.,0.));
#8590=DIRECTION('center_axis',(-1.,0.,0.));
#8591=DIRECTION('ref_axis',(0.,0.,1.));
#8592=DIRECTION('',(0.,1.,-9.62964972193618E-33));
#8593=DIRECTION('',(0.,0.,-1.));
#8594=DIRECTION('',(0.,-1.,-3.70074341541719E-15));
#8595=DIRECTION('',(0.,2.77555756156289E-16,-1.));
#8596=DIRECTION('center_axis',(0.,-0.894427190999913,0.447213595499963));
#8597=DIRECTION('ref_axis',(0.,-0.447213595499963,-0.894427190999913));
#8598=DIRECTION('',(-1.,0.,0.));
#8599=DIRECTION('',(0.,-0.447213595499963,-0.894427190999913));
#8600=DIRECTION('',(1.,0.,0.));
#8601=DIRECTION('center_axis',(0.,2.31296463463574E-16,-1.));
#8602=DIRECTION('ref_axis',(0.,1.,2.31296463463574E-16));
#8603=DIRECTION('',(0.,-1.,-3.70074341541719E-15));
#8604=DIRECTION('',(1.,0.,0.));
#8605=DIRECTION('',(0.,1.,2.31296463463574E-16));
#8606=DIRECTION('',(-1.,0.,0.));
#8607=DIRECTION('center_axis',(0.,-5.32907051820075E-15,1.));
#8608=DIRECTION('ref_axis',(0.,-1.,-5.32907051820075E-15));
#8609=DIRECTION('',(0.,-1.,-5.32907051820075E-15));
#8610=DIRECTION('',(1.,0.,0.));
#8611=DIRECTION('center_axis',(-1.,0.,0.));
#8612=DIRECTION('ref_axis',(0.,0.,1.));
#8613=DIRECTION('',(0.,1.,3.70074341541719E-15));
#8614=DIRECTION('',(0.,1.83697019872103E-16,1.));
#8615=DIRECTION('center_axis',(0.,0.,-1.));
#8616=DIRECTION('ref_axis',(1.,0.,0.));
#8617=DIRECTION('',(-1.,0.,0.));
#8618=DIRECTION('',(0.,-1.,0.));
#8619=DIRECTION('center_axis',(1.,0.,5.55111512312578E-16));
#8620=DIRECTION('ref_axis',(-5.55111512312578E-16,-1.58603289232165E-16,
1.));
#8621=DIRECTION('',(5.55111512312578E-16,2.77555756156289E-16,-1.));
#8622=DIRECTION('center_axis',(-1.,0.,0.));
#8623=DIRECTION('ref_axis',(0.,1.58603289232165E-16,-1.));
#8624=DIRECTION('',(0.,1.,3.70074341541719E-15));
#8625=DIRECTION('',(0.,1.58603289232165E-16,-1.));
#8626=DIRECTION('',(0.,-1.,-2.10269512239613E-16));
#8627=DIRECTION('',(0.,-1.,0.));
#8628=DIRECTION('',(0.,-2.77555756156289E-16,1.));
#8629=DIRECTION('center_axis',(0.,0.,1.));
#8630=DIRECTION('ref_axis',(-1.,0.,0.));
#8631=DIRECTION('',(1.,0.,0.));
#8632=DIRECTION('',(0.,-1.,0.));
#8633=DIRECTION('',(-1.,0.,0.));
#8634=DIRECTION('center_axis',(1.,0.,0.));
#8635=DIRECTION('ref_axis',(0.,-1.58603289232165E-16,1.));
#8636=DIRECTION('',(0.,1.,3.70074341541719E-15));
#8637=DIRECTION('',(0.,-1.58603289232165E-16,1.));
#8638=DIRECTION('center_axis',(0.,-1.,0.));
#8639=DIRECTION('ref_axis',(0.,0.,-1.));
#8640=DIRECTION('',(-1.,0.,0.));
#8641=DIRECTION('',(1.,0.,0.));
#8642=DIRECTION('',(2.12341533661904E-8,0.,-1.));
#8643=DIRECTION('',(1.,0.,0.));
#8644=DIRECTION('center_axis',(0.,-2.10269512239613E-16,1.));
#8645=DIRECTION('ref_axis',(-1.,0.,0.));
#8646=DIRECTION('',(0.,-1.,-2.10269512239613E-16));
#8647=DIRECTION('',(1.,0.,0.));
#8648=DIRECTION('',(0.,-1.,-2.10269512239613E-16));
#8649=DIRECTION('',(-1.,0.,0.));
#8650=DIRECTION('',(0.,-1.,-2.10269512239613E-16));
#8651=DIRECTION('',(1.,0.,0.));
#8652=DIRECTION('',(0.,1.,2.10269512239613E-16));
#8653=DIRECTION('center_axis',(0.,1.,2.77555756156289E-16));
#8654=DIRECTION('ref_axis',(0.,-2.77555756156289E-16,1.));
#8655=DIRECTION('',(-1.,0.,0.));
#8656=DIRECTION('center_axis',(0.,-2.31296463463574E-16,1.));
#8657=DIRECTION('ref_axis',(0.,1.,2.31296463463574E-16));
#8658=DIRECTION('',(0.,1.,3.70074341541719E-15));
#8659=DIRECTION('',(-1.,0.,0.));
#8660=DIRECTION('',(0.,1.,2.31296463463574E-16));
#8661=DIRECTION('',(-1.,0.,0.));
#8662=DIRECTION('center_axis',(0.,0.894427190999913,-0.447213595499963));
#8663=DIRECTION('ref_axis',(0.,-0.447213595499963,-0.894427190999913));
#8664=DIRECTION('',(0.,-0.447213595499963,-0.894427190999913));
#8665=DIRECTION('',(-1.,0.,0.));
#8666=DIRECTION('',(0.,-0.447213595499963,-0.894427190999913));
#8667=DIRECTION('',(-1.,0.,0.));
#8668=DIRECTION('center_axis',(0.,5.32907051820075E-15,-1.));
#8669=DIRECTION('ref_axis',(0.,-1.,-5.32907051820075E-15));
#8670=DIRECTION('',(0.,-1.,-5.32907051820075E-15));
#8671=DIRECTION('',(-1.,0.,0.));
#8672=DIRECTION('',(0.,-1.,-5.32907051820075E-15));
#8673=DIRECTION('center_axis',(-1.,0.,0.));
#8674=DIRECTION('ref_axis',(0.,0.,1.));
#8675=DIRECTION('',(0.,1.83697019872103E-16,1.));
#8676=DIRECTION('',(0.,-1.,-3.70074341541719E-15));
#8677=DIRECTION('center_axis',(0.,3.70074341541719E-15,-1.));
#8678=DIRECTION('ref_axis',(0.,1.,3.70074341541719E-15));
#8679=DIRECTION('',(0.,1.,3.70074341541719E-15));
#8680=DIRECTION('',(-1.,0.,0.));
#8681=DIRECTION('',(-7.4117258180758E-23,1.,3.70074341541719E-15));
#8682=DIRECTION('center_axis',(-0.999999999999999,7.28483015179346E-24,
-3.46452040250706E-8));
#8683=DIRECTION('ref_axis',(3.46452040250706E-8,1.58603289232165E-16,-0.999999999999999));
#8684=DIRECTION('',(-3.46452040250706E-8,0.,0.999999999999999));
#8685=DIRECTION('',(1.20928180519771E-22,-1.,-3.70074341541719E-15));
#8686=DIRECTION('center_axis',(1.,-4.46489507113E-24,2.12341533661904E-8));
#8687=DIRECTION('ref_axis',(-2.12341533661904E-8,-1.58603289232165E-16,
1.));
#8688=DIRECTION('',(2.12341533661904E-8,0.,-1.));
#8689=DIRECTION('center_axis',(0.,3.70074341541719E-15,-1.));
#8690=DIRECTION('ref_axis',(0.,1.,3.70074341541719E-15));
#8691=DIRECTION('',(-1.,0.,0.));
#8692=DIRECTION('',(-7.4117258180758E-23,1.,3.70074341541719E-15));
#8693=DIRECTION('center_axis',(0.,1.,1.11022302462516E-15));
#8694=DIRECTION('ref_axis',(1.,0.,0.));
#8695=DIRECTION('',(0.,1.11022302462516E-15,-1.));
#8696=DIRECTION('',(1.,0.,0.));
#8697=DIRECTION('',(0.,1.11022302462516E-15,-1.));
#8698=DIRECTION('center_axis',(1.,0.,0.));
#8699=DIRECTION('ref_axis',(0.,-1.,-1.11022302462516E-15));
#8700=DIRECTION('',(0.,1.11022302462516E-15,-1.));
#8701=DIRECTION('',(0.,-1.,-3.70074341541719E-15));
#8702=DIRECTION('center_axis',(0.,-1.,-1.11022302462516E-15));
#8703=DIRECTION('ref_axis',(-1.,0.,0.));
#8704=DIRECTION('',(0.,1.11022302462516E-15,-1.));
#8705=DIRECTION('',(-1.,0.,0.));
#8706=DIRECTION('center_axis',(-1.,0.,0.));
#8707=DIRECTION('ref_axis',(0.,1.,1.11022302462516E-15));
#8708=DIRECTION('',(0.,1.,3.70074341541719E-15));
#8709=DIRECTION('center_axis',(-0.999999999999999,7.28483015179346E-24,
-3.46452040250706E-8));
#8710=DIRECTION('ref_axis',(3.46452040250706E-8,1.58603289232165E-16,-0.999999999999999));
#8711=DIRECTION('',(-3.46452040250706E-8,0.,0.999999999999999));
#8712=DIRECTION('',(1.20928180519771E-22,-1.,-3.70074341541719E-15));
#8713=DIRECTION('',(0.,-1.,-2.10269512239613E-16));
#8714=DIRECTION('center_axis',(0.,-2.10269512239613E-16,1.));
#8715=DIRECTION('ref_axis',(-1.,0.,0.));
#8716=DIRECTION('',(1.,0.,0.));
#8717=DIRECTION('',(0.,-1.,-2.10269512239613E-16));
#8718=DIRECTION('',(-1.,0.,0.));
#8719=DIRECTION('',(0.,-1.,-2.10269512239613E-16));
#8720=DIRECTION('',(1.,0.,0.));
#8721=DIRECTION('',(0.,1.,2.10269512239613E-16));
#8722=DIRECTION('center_axis',(1.,-4.46489507113E-24,2.12341533661904E-8));
#8723=DIRECTION('ref_axis',(-2.12341533661904E-8,-1.58603289232165E-16,
1.));
#8724=DIRECTION('',(2.12341533661904E-8,0.,-1.));
#8725=DIRECTION('center_axis',(0.,3.70074341541719E-15,-1.));
#8726=DIRECTION('ref_axis',(0.,1.,3.70074341541719E-15));
#8727=DIRECTION('',(-1.,0.,0.));
#8728=DIRECTION('',(-7.4117258180758E-23,1.,3.70074341541719E-15));
#8729=DIRECTION('center_axis',(0.,1.,1.11022302462516E-15));
#8730=DIRECTION('ref_axis',(1.,0.,0.));
#8731=DIRECTION('',(0.,1.11022302462516E-15,-1.));
#8732=DIRECTION('',(1.,0.,0.));
#8733=DIRECTION('',(0.,1.11022302462516E-15,-1.));
#8734=DIRECTION('center_axis',(1.,0.,0.));
#8735=DIRECTION('ref_axis',(0.,-1.,-1.11022302462516E-15));
#8736=DIRECTION('',(0.,1.11022302462516E-15,-1.));
#8737=DIRECTION('',(0.,-1.,-3.70074341541719E-15));
#8738=DIRECTION('center_axis',(0.,-1.,-1.11022302462516E-15));
#8739=DIRECTION('ref_axis',(-1.,0.,0.));
#8740=DIRECTION('',(0.,1.11022302462516E-15,-1.));
#8741=DIRECTION('',(-1.,0.,0.));
#8742=DIRECTION('center_axis',(-1.,0.,0.));
#8743=DIRECTION('ref_axis',(0.,1.,1.11022302462516E-15));
#8744=DIRECTION('',(0.,1.,3.70074341541719E-15));
#8745=DIRECTION('center_axis',(-0.999999999999999,7.28483015179346E-24,
-3.46452040250706E-8));
#8746=DIRECTION('ref_axis',(3.46452040250706E-8,1.58603289232165E-16,-0.999999999999999));
#8747=DIRECTION('',(-3.46452040250706E-8,0.,0.999999999999999));
#8748=DIRECTION('',(1.20928180519771E-22,-1.,-3.70074341541719E-15));
#8749=DIRECTION('',(0.,-1.,-2.10269512239613E-16));
#8750=DIRECTION('center_axis',(0.,-2.10269512239613E-16,1.));
#8751=DIRECTION('ref_axis',(-1.,0.,0.));
#8752=DIRECTION('',(1.,0.,0.));
#8753=DIRECTION('',(0.,-1.,-2.10269512239613E-16));
#8754=DIRECTION('',(-1.,0.,0.));
#8755=DIRECTION('',(0.,-1.,-2.10269512239613E-16));
#8756=DIRECTION('',(1.,0.,0.));
#8757=DIRECTION('',(0.,1.,2.10269512239613E-16));
#8758=DIRECTION('center_axis',(1.,-4.46489507113E-24,2.12341533661904E-8));
#8759=DIRECTION('ref_axis',(-2.12341533661904E-8,-1.58603289232165E-16,
1.));
#8760=DIRECTION('',(2.12341533661904E-8,0.,-1.));
#8761=DIRECTION('center_axis',(0.,3.70074341541719E-15,-1.));
#8762=DIRECTION('ref_axis',(0.,1.,3.70074341541719E-15));
#8763=DIRECTION('',(-1.,0.,0.));
#8764=DIRECTION('',(-7.4117258180758E-23,1.,3.70074341541719E-15));
#8765=DIRECTION('center_axis',(0.,1.,1.11022302462516E-15));
#8766=DIRECTION('ref_axis',(1.,0.,0.));
#8767=DIRECTION('',(0.,1.11022302462516E-15,-1.));
#8768=DIRECTION('',(1.,0.,0.));
#8769=DIRECTION('',(0.,1.11022302462516E-15,-1.));
#8770=DIRECTION('center_axis',(1.,0.,0.));
#8771=DIRECTION('ref_axis',(0.,-1.,-1.11022302462516E-15));
#8772=DIRECTION('',(0.,1.11022302462516E-15,-1.));
#8773=DIRECTION('',(0.,-1.,-3.70074341541719E-15));
#8774=DIRECTION('center_axis',(0.,-1.,-1.11022302462516E-15));
#8775=DIRECTION('ref_axis',(-1.,0.,0.));
#8776=DIRECTION('',(0.,1.11022302462516E-15,-1.));
#8777=DIRECTION('',(-1.,0.,0.));
#8778=DIRECTION('center_axis',(-1.,0.,0.));
#8779=DIRECTION('ref_axis',(0.,1.,1.11022302462516E-15));
#8780=DIRECTION('',(0.,1.,3.70074341541719E-15));
#8781=DIRECTION('center_axis',(-0.999999999999999,7.28483015179346E-24,
-3.46452040250706E-8));
#8782=DIRECTION('ref_axis',(3.46452040250706E-8,1.58603289232165E-16,-0.999999999999999));
#8783=DIRECTION('',(-3.46452040250706E-8,0.,0.999999999999999));
#8784=DIRECTION('',(1.20928180519771E-22,-1.,-3.70074341541719E-15));
#8785=DIRECTION('',(0.,-1.,-2.10269512239613E-16));
#8786=DIRECTION('center_axis',(0.,-2.10269512239613E-16,1.));
#8787=DIRECTION('ref_axis',(-1.,0.,0.));
#8788=DIRECTION('',(1.,0.,0.));
#8789=DIRECTION('',(0.,-1.,-2.10269512239613E-16));
#8790=DIRECTION('',(-1.,0.,0.));
#8791=DIRECTION('',(0.,-1.,-2.10269512239613E-16));
#8792=DIRECTION('',(1.,0.,0.));
#8793=DIRECTION('',(0.,1.,2.10269512239613E-16));
#8794=DIRECTION('center_axis',(1.,-4.46489507113E-24,2.12341533661904E-8));
#8795=DIRECTION('ref_axis',(-2.12341533661904E-8,-1.58603289232165E-16,
1.));
#8796=DIRECTION('',(2.12341533661904E-8,0.,-1.));
#8797=DIRECTION('center_axis',(0.,3.70074341541719E-15,-1.));
#8798=DIRECTION('ref_axis',(0.,1.,3.70074341541719E-15));
#8799=DIRECTION('',(-1.,0.,0.));
#8800=DIRECTION('',(-7.4117258180758E-23,1.,3.70074341541719E-15));
#8801=DIRECTION('center_axis',(0.,1.,1.11022302462516E-15));
#8802=DIRECTION('ref_axis',(1.,0.,0.));
#8803=DIRECTION('',(0.,1.11022302462516E-15,-1.));
#8804=DIRECTION('',(1.,0.,0.));
#8805=DIRECTION('',(0.,1.11022302462516E-15,-1.));
#8806=DIRECTION('center_axis',(1.,0.,0.));
#8807=DIRECTION('ref_axis',(0.,-1.,-1.11022302462516E-15));
#8808=DIRECTION('',(0.,1.11022302462516E-15,-1.));
#8809=DIRECTION('',(0.,-1.,-3.70074341541719E-15));
#8810=DIRECTION('center_axis',(0.,-1.,-1.11022302462516E-15));
#8811=DIRECTION('ref_axis',(-1.,0.,0.));
#8812=DIRECTION('',(0.,1.11022302462516E-15,-1.));
#8813=DIRECTION('',(-1.,0.,0.));
#8814=DIRECTION('center_axis',(-1.,0.,0.));
#8815=DIRECTION('ref_axis',(0.,1.,1.11022302462516E-15));
#8816=DIRECTION('',(0.,1.,3.70074341541719E-15));
#8817=DIRECTION('center_axis',(-0.999999999999999,7.28483015179346E-24,
-3.46452040250706E-8));
#8818=DIRECTION('ref_axis',(3.46452040250706E-8,1.58603289232165E-16,-0.999999999999999));
#8819=DIRECTION('',(-3.46452040250706E-8,0.,0.999999999999999));
#8820=DIRECTION('',(1.20928180519771E-22,-1.,-3.70074341541719E-15));
#8821=DIRECTION('',(0.,-1.,-2.10269512239613E-16));
#8822=DIRECTION('center_axis',(0.,-2.10269512239613E-16,1.));
#8823=DIRECTION('ref_axis',(-1.,0.,0.));
#8824=DIRECTION('',(1.,0.,0.));
#8825=DIRECTION('',(0.,-1.,-2.10269512239613E-16));
#8826=DIRECTION('',(-1.,0.,0.));
#8827=DIRECTION('',(0.,-1.,-2.10269512239613E-16));
#8828=DIRECTION('',(1.,0.,0.));
#8829=DIRECTION('',(0.,1.,2.10269512239613E-16));
#8830=DIRECTION('center_axis',(1.,-4.46489507113E-24,2.12341533661904E-8));
#8831=DIRECTION('ref_axis',(-2.12341533661904E-8,-1.58603289232165E-16,
1.));
#8832=DIRECTION('',(2.12341533661904E-8,0.,-1.));
#8833=DIRECTION('center_axis',(0.,3.70074341541719E-15,-1.));
#8834=DIRECTION('ref_axis',(0.,1.,3.70074341541719E-15));
#8835=DIRECTION('',(-1.,0.,0.));
#8836=DIRECTION('',(-7.4117258180758E-23,1.,3.70074341541719E-15));
#8837=DIRECTION('center_axis',(0.,1.,1.11022302462516E-15));
#8838=DIRECTION('ref_axis',(1.,0.,0.));
#8839=DIRECTION('',(0.,1.11022302462516E-15,-1.));
#8840=DIRECTION('',(1.,0.,0.));
#8841=DIRECTION('',(0.,1.11022302462516E-15,-1.));
#8842=DIRECTION('center_axis',(1.,0.,0.));
#8843=DIRECTION('ref_axis',(0.,-1.,-1.11022302462516E-15));
#8844=DIRECTION('',(0.,1.11022302462516E-15,-1.));
#8845=DIRECTION('',(0.,-1.,-3.70074341541719E-15));
#8846=DIRECTION('center_axis',(0.,-1.,-1.11022302462516E-15));
#8847=DIRECTION('ref_axis',(-1.,0.,0.));
#8848=DIRECTION('',(0.,1.11022302462516E-15,-1.));
#8849=DIRECTION('',(-1.,0.,0.));
#8850=DIRECTION('center_axis',(-1.,0.,0.));
#8851=DIRECTION('ref_axis',(0.,1.,1.11022302462516E-15));
#8852=DIRECTION('',(0.,1.,3.70074341541719E-15));
#8853=DIRECTION('center_axis',(-0.999999999999999,7.28483015179346E-24,
-3.46452040250706E-8));
#8854=DIRECTION('ref_axis',(3.46452040250706E-8,1.58603289232165E-16,-0.999999999999999));
#8855=DIRECTION('',(-3.46452040250706E-8,0.,0.999999999999999));
#8856=DIRECTION('',(1.20928180519771E-22,-1.,-3.70074341541719E-15));
#8857=DIRECTION('',(0.,-1.,-2.10269512239613E-16));
#8858=DIRECTION('center_axis',(0.,-2.10269512239613E-16,1.));
#8859=DIRECTION('ref_axis',(-1.,0.,0.));
#8860=DIRECTION('',(1.,0.,0.));
#8861=DIRECTION('',(0.,-1.,-2.10269512239613E-16));
#8862=DIRECTION('',(-1.,0.,0.));
#8863=DIRECTION('',(0.,-1.,-2.10269512239613E-16));
#8864=DIRECTION('',(1.,0.,0.));
#8865=DIRECTION('',(0.,1.,2.10269512239613E-16));
#8866=DIRECTION('center_axis',(1.,-4.46489507113E-24,2.12341533661904E-8));
#8867=DIRECTION('ref_axis',(-2.12341533661904E-8,-1.58603289232165E-16,
1.));
#8868=DIRECTION('',(2.12341533661904E-8,0.,-1.));
#8869=DIRECTION('center_axis',(0.,3.70074341541719E-15,-1.));
#8870=DIRECTION('ref_axis',(0.,1.,3.70074341541719E-15));
#8871=DIRECTION('',(-1.,0.,0.));
#8872=DIRECTION('',(-7.4117258180758E-23,1.,3.70074341541719E-15));
#8873=DIRECTION('center_axis',(0.,1.,1.11022302462516E-15));
#8874=DIRECTION('ref_axis',(1.,0.,0.));
#8875=DIRECTION('',(0.,1.11022302462516E-15,-1.));
#8876=DIRECTION('',(1.,0.,0.));
#8877=DIRECTION('',(0.,1.11022302462516E-15,-1.));
#8878=DIRECTION('center_axis',(1.,0.,0.));
#8879=DIRECTION('ref_axis',(0.,-1.,-1.11022302462516E-15));
#8880=DIRECTION('',(0.,1.11022302462516E-15,-1.));
#8881=DIRECTION('',(0.,-1.,-3.70074341541719E-15));
#8882=DIRECTION('center_axis',(0.,-1.,-1.11022302462516E-15));
#8883=DIRECTION('ref_axis',(-1.,0.,0.));
#8884=DIRECTION('',(0.,1.11022302462516E-15,-1.));
#8885=DIRECTION('',(-1.,0.,0.));
#8886=DIRECTION('center_axis',(-1.,0.,0.));
#8887=DIRECTION('ref_axis',(0.,1.,1.11022302462516E-15));
#8888=DIRECTION('',(0.,1.,3.70074341541719E-15));
#8889=DIRECTION('center_axis',(-0.999999999999999,7.28483015179346E-24,
-3.46452040250706E-8));
#8890=DIRECTION('ref_axis',(3.46452040250706E-8,1.58603289232165E-16,-0.999999999999999));
#8891=DIRECTION('',(-3.46452040250706E-8,0.,0.999999999999999));
#8892=DIRECTION('',(1.20928180519771E-22,-1.,-3.70074341541719E-15));
#8893=DIRECTION('',(0.,-1.,-2.10269512239613E-16));
#8894=DIRECTION('center_axis',(0.,-2.10269512239613E-16,1.));
#8895=DIRECTION('ref_axis',(-1.,0.,0.));
#8896=DIRECTION('',(1.,0.,0.));
#8897=DIRECTION('',(0.,-1.,-2.10269512239613E-16));
#8898=DIRECTION('',(-1.,0.,0.));
#8899=DIRECTION('',(0.,-1.,-2.10269512239613E-16));
#8900=DIRECTION('',(1.,0.,0.));
#8901=DIRECTION('',(0.,1.,2.10269512239613E-16));
#8902=DIRECTION('center_axis',(1.,-4.46489507113E-24,2.12341533661904E-8));
#8903=DIRECTION('ref_axis',(-2.12341533661904E-8,-1.58603289232165E-16,
1.));
#8904=DIRECTION('',(2.12341533661904E-8,0.,-1.));
#8905=DIRECTION('center_axis',(0.,3.70074341541719E-15,-1.));
#8906=DIRECTION('ref_axis',(0.,1.,3.70074341541719E-15));
#8907=DIRECTION('',(-1.,0.,0.));
#8908=DIRECTION('',(-7.4117258180758E-23,1.,3.70074341541719E-15));
#8909=DIRECTION('center_axis',(0.,1.,1.11022302462516E-15));
#8910=DIRECTION('ref_axis',(1.,0.,0.));
#8911=DIRECTION('',(0.,1.11022302462516E-15,-1.));
#8912=DIRECTION('',(1.,0.,0.));
#8913=DIRECTION('',(0.,1.11022302462516E-15,-1.));
#8914=DIRECTION('center_axis',(1.,0.,0.));
#8915=DIRECTION('ref_axis',(0.,-1.,-1.11022302462516E-15));
#8916=DIRECTION('',(0.,1.11022302462516E-15,-1.));
#8917=DIRECTION('',(0.,-1.,-3.70074341541719E-15));
#8918=DIRECTION('center_axis',(0.,-1.,-1.11022302462516E-15));
#8919=DIRECTION('ref_axis',(-1.,0.,0.));
#8920=DIRECTION('',(0.,1.11022302462516E-15,-1.));
#8921=DIRECTION('',(-1.,0.,0.));
#8922=DIRECTION('center_axis',(-1.,0.,0.));
#8923=DIRECTION('ref_axis',(0.,1.,1.11022302462516E-15));
#8924=DIRECTION('',(0.,1.,3.70074341541719E-15));
#8925=DIRECTION('center_axis',(-0.999999999999999,7.28483015179346E-24,
-3.46452040250706E-8));
#8926=DIRECTION('ref_axis',(3.46452040250706E-8,1.58603289232165E-16,-0.999999999999999));
#8927=DIRECTION('',(-3.46452040250706E-8,0.,0.999999999999999));
#8928=DIRECTION('',(1.20928180519771E-22,-1.,-3.70074341541719E-15));
#8929=DIRECTION('',(0.,-1.,-2.10269512239613E-16));
#8930=DIRECTION('center_axis',(0.,-2.10269512239613E-16,1.));
#8931=DIRECTION('ref_axis',(-1.,0.,0.));
#8932=DIRECTION('',(1.,0.,0.));
#8933=DIRECTION('',(0.,-1.,-2.10269512239613E-16));
#8934=DIRECTION('',(-1.,0.,0.));
#8935=DIRECTION('',(0.,-1.,-2.10269512239613E-16));
#8936=DIRECTION('',(1.,0.,0.));
#8937=DIRECTION('',(0.,1.,2.10269512239613E-16));
#8938=DIRECTION('center_axis',(1.,-4.46489507113E-24,2.12341533661904E-8));
#8939=DIRECTION('ref_axis',(-2.12341533661904E-8,-1.58603289232165E-16,
1.));
#8940=DIRECTION('',(2.12341533661904E-8,0.,-1.));
#8941=DIRECTION('center_axis',(0.,3.70074341541719E-15,-1.));
#8942=DIRECTION('ref_axis',(0.,1.,3.70074341541719E-15));
#8943=DIRECTION('',(-1.,0.,0.));
#8944=DIRECTION('',(-7.4117258180758E-23,1.,3.70074341541719E-15));
#8945=DIRECTION('center_axis',(0.,1.,1.11022302462516E-15));
#8946=DIRECTION('ref_axis',(1.,0.,0.));
#8947=DIRECTION('',(0.,1.11022302462516E-15,-1.));
#8948=DIRECTION('',(1.,0.,0.));
#8949=DIRECTION('',(0.,1.11022302462516E-15,-1.));
#8950=DIRECTION('center_axis',(1.,0.,0.));
#8951=DIRECTION('ref_axis',(0.,-1.,-1.11022302462516E-15));
#8952=DIRECTION('',(0.,1.11022302462516E-15,-1.));
#8953=DIRECTION('',(0.,-1.,-3.70074341541719E-15));
#8954=DIRECTION('center_axis',(0.,-1.,-1.11022302462516E-15));
#8955=DIRECTION('ref_axis',(-1.,0.,0.));
#8956=DIRECTION('',(0.,1.11022302462516E-15,-1.));
#8957=DIRECTION('',(-1.,0.,0.));
#8958=DIRECTION('center_axis',(-1.,0.,0.));
#8959=DIRECTION('ref_axis',(0.,1.,1.11022302462516E-15));
#8960=DIRECTION('',(0.,1.,3.70074341541719E-15));
#8961=DIRECTION('center_axis',(-0.999999999999999,7.28483015179346E-24,
-3.46452040250706E-8));
#8962=DIRECTION('ref_axis',(3.46452040250706E-8,1.58603289232165E-16,-0.999999999999999));
#8963=DIRECTION('',(-3.46452040250706E-8,0.,0.999999999999999));
#8964=DIRECTION('',(1.20928180519771E-22,-1.,-3.70074341541719E-15));
#8965=DIRECTION('',(0.,-1.,-2.10269512239613E-16));
#8966=DIRECTION('center_axis',(0.,-2.10269512239613E-16,1.));
#8967=DIRECTION('ref_axis',(-1.,0.,0.));
#8968=DIRECTION('',(1.,0.,0.));
#8969=DIRECTION('',(0.,-1.,-2.10269512239613E-16));
#8970=DIRECTION('',(-1.,0.,0.));
#8971=DIRECTION('',(0.,-1.,-2.10269512239613E-16));
#8972=DIRECTION('',(1.,0.,0.));
#8973=DIRECTION('',(0.,1.,2.10269512239613E-16));
#8974=DIRECTION('center_axis',(1.,-4.46489507113E-24,2.12341533661904E-8));
#8975=DIRECTION('ref_axis',(-2.12341533661904E-8,-1.58603289232165E-16,
1.));
#8976=DIRECTION('',(2.12341533661904E-8,0.,-1.));
#8977=DIRECTION('center_axis',(0.,3.70074341541719E-15,-1.));
#8978=DIRECTION('ref_axis',(0.,1.,3.70074341541719E-15));
#8979=DIRECTION('',(-1.,0.,0.));
#8980=DIRECTION('',(-7.4117258180758E-23,1.,3.70074341541719E-15));
#8981=DIRECTION('center_axis',(0.,1.,1.11022302462516E-15));
#8982=DIRECTION('ref_axis',(1.,0.,0.));
#8983=DIRECTION('',(0.,1.11022302462516E-15,-1.));
#8984=DIRECTION('',(1.,0.,0.));
#8985=DIRECTION('',(0.,1.11022302462516E-15,-1.));
#8986=DIRECTION('center_axis',(1.,0.,0.));
#8987=DIRECTION('ref_axis',(0.,-1.,-1.11022302462516E-15));
#8988=DIRECTION('',(0.,1.11022302462516E-15,-1.));
#8989=DIRECTION('',(0.,-1.,-3.70074341541719E-15));
#8990=DIRECTION('center_axis',(0.,-1.,-1.11022302462516E-15));
#8991=DIRECTION('ref_axis',(-1.,0.,0.));
#8992=DIRECTION('',(0.,1.11022302462516E-15,-1.));
#8993=DIRECTION('',(-1.,0.,0.));
#8994=DIRECTION('center_axis',(-1.,0.,0.));
#8995=DIRECTION('ref_axis',(0.,1.,1.11022302462516E-15));
#8996=DIRECTION('',(0.,1.,3.70074341541719E-15));
#8997=DIRECTION('center_axis',(-0.999999999999999,7.28483015179346E-24,
-3.46452040250706E-8));
#8998=DIRECTION('ref_axis',(3.46452040250706E-8,1.58603289232165E-16,-0.999999999999999));
#8999=DIRECTION('',(-3.46452040250706E-8,0.,0.999999999999999));
#9000=DIRECTION('',(1.20928180519771E-22,-1.,-3.70074341541719E-15));
#9001=DIRECTION('',(0.,-1.,-2.10269512239613E-16));
#9002=DIRECTION('center_axis',(0.,-2.10269512239613E-16,1.));
#9003=DIRECTION('ref_axis',(-1.,0.,0.));
#9004=DIRECTION('',(1.,0.,0.));
#9005=DIRECTION('',(0.,-1.,-2.10269512239613E-16));
#9006=DIRECTION('',(-1.,0.,0.));
#9007=DIRECTION('',(0.,-1.,-2.10269512239613E-16));
#9008=DIRECTION('',(1.,0.,0.));
#9009=DIRECTION('',(0.,1.,2.10269512239613E-16));
#9010=DIRECTION('center_axis',(1.,-4.46489507113E-24,2.12341533661904E-8));
#9011=DIRECTION('ref_axis',(-2.12341533661904E-8,-1.58603289232165E-16,
1.));
#9012=DIRECTION('',(2.12341533661904E-8,0.,-1.));
#9013=DIRECTION('center_axis',(0.,3.70074341541719E-15,-1.));
#9014=DIRECTION('ref_axis',(0.,1.,3.70074341541719E-15));
#9015=DIRECTION('',(-1.,0.,0.));
#9016=DIRECTION('',(-7.4117258180758E-23,1.,3.70074341541719E-15));
#9017=DIRECTION('center_axis',(0.,1.,1.11022302462516E-15));
#9018=DIRECTION('ref_axis',(1.,0.,0.));
#9019=DIRECTION('',(0.,1.11022302462516E-15,-1.));
#9020=DIRECTION('',(1.,0.,0.));
#9021=DIRECTION('',(0.,1.11022302462516E-15,-1.));
#9022=DIRECTION('center_axis',(1.,0.,0.));
#9023=DIRECTION('ref_axis',(0.,-1.,-1.11022302462516E-15));
#9024=DIRECTION('',(0.,1.11022302462516E-15,-1.));
#9025=DIRECTION('',(0.,-1.,-3.70074341541719E-15));
#9026=DIRECTION('center_axis',(0.,-1.,-1.11022302462516E-15));
#9027=DIRECTION('ref_axis',(-1.,0.,0.));
#9028=DIRECTION('',(0.,1.11022302462516E-15,-1.));
#9029=DIRECTION('',(-1.,0.,0.));
#9030=DIRECTION('center_axis',(-1.,0.,0.));
#9031=DIRECTION('ref_axis',(0.,1.,1.11022302462516E-15));
#9032=DIRECTION('',(0.,1.,3.70074341541719E-15));
#9033=DIRECTION('center_axis',(-0.999999999999999,7.28483015179346E-24,
-3.46452040250706E-8));
#9034=DIRECTION('ref_axis',(3.46452040250706E-8,1.58603289232165E-16,-0.999999999999999));
#9035=DIRECTION('',(-3.46452040250706E-8,0.,0.999999999999999));
#9036=DIRECTION('',(1.20928180519771E-22,-1.,-3.70074341541719E-15));
#9037=DIRECTION('',(0.,-1.,-2.10269512239613E-16));
#9038=DIRECTION('center_axis',(0.,-2.10269512239613E-16,1.));
#9039=DIRECTION('ref_axis',(-1.,0.,0.));
#9040=DIRECTION('',(1.,0.,0.));
#9041=DIRECTION('',(0.,-1.,-2.10269512239613E-16));
#9042=DIRECTION('',(-1.,0.,0.));
#9043=DIRECTION('',(0.,-1.,-2.10269512239613E-16));
#9044=DIRECTION('',(1.,0.,0.));
#9045=DIRECTION('',(0.,1.,2.10269512239613E-16));
#9046=DIRECTION('center_axis',(1.,-4.46489507113E-24,2.12341533661904E-8));
#9047=DIRECTION('ref_axis',(-2.12341533661904E-8,-1.58603289232165E-16,
1.));
#9048=DIRECTION('',(2.12341533661904E-8,0.,-1.));
#9049=DIRECTION('center_axis',(0.,3.70074341541719E-15,-1.));
#9050=DIRECTION('ref_axis',(0.,1.,3.70074341541719E-15));
#9051=DIRECTION('',(-1.,0.,0.));
#9052=DIRECTION('',(-7.4117258180758E-23,1.,3.70074341541719E-15));
#9053=DIRECTION('center_axis',(0.,1.,1.11022302462516E-15));
#9054=DIRECTION('ref_axis',(1.,0.,0.));
#9055=DIRECTION('',(0.,1.11022302462516E-15,-1.));
#9056=DIRECTION('',(1.,0.,0.));
#9057=DIRECTION('',(0.,1.11022302462516E-15,-1.));
#9058=DIRECTION('center_axis',(1.,0.,0.));
#9059=DIRECTION('ref_axis',(0.,-1.,-1.11022302462516E-15));
#9060=DIRECTION('',(0.,1.11022302462516E-15,-1.));
#9061=DIRECTION('',(0.,-1.,-3.70074341541719E-15));
#9062=DIRECTION('center_axis',(0.,-1.,-1.11022302462516E-15));
#9063=DIRECTION('ref_axis',(-1.,0.,0.));
#9064=DIRECTION('',(0.,1.11022302462516E-15,-1.));
#9065=DIRECTION('',(-1.,0.,0.));
#9066=DIRECTION('center_axis',(-1.,0.,0.));
#9067=DIRECTION('ref_axis',(0.,1.,1.11022302462516E-15));
#9068=DIRECTION('',(0.,1.,3.70074341541719E-15));
#9069=DIRECTION('center_axis',(-0.999999999999999,7.28483015179346E-24,
-3.46452040250706E-8));
#9070=DIRECTION('ref_axis',(3.46452040250706E-8,1.58603289232165E-16,-0.999999999999999));
#9071=DIRECTION('',(-3.46452040250706E-8,0.,0.999999999999999));
#9072=DIRECTION('',(1.20928180519771E-22,-1.,-3.70074341541719E-15));
#9073=DIRECTION('',(0.,-1.,-2.10269512239613E-16));
#9074=DIRECTION('center_axis',(0.,-2.10269512239613E-16,1.));
#9075=DIRECTION('ref_axis',(-1.,0.,0.));
#9076=DIRECTION('',(1.,0.,0.));
#9077=DIRECTION('',(0.,-1.,-2.10269512239613E-16));
#9078=DIRECTION('',(-1.,0.,0.));
#9079=DIRECTION('',(0.,-1.,-2.10269512239613E-16));
#9080=DIRECTION('',(1.,0.,0.));
#9081=DIRECTION('',(0.,1.,2.10269512239613E-16));
#9082=DIRECTION('center_axis',(1.,-4.46489507113E-24,2.12341533661904E-8));
#9083=DIRECTION('ref_axis',(-2.12341533661904E-8,-1.58603289232165E-16,
1.));
#9084=DIRECTION('',(2.12341533661904E-8,0.,-1.));
#9085=DIRECTION('center_axis',(0.,3.70074341541719E-15,-1.));
#9086=DIRECTION('ref_axis',(0.,1.,3.70074341541719E-15));
#9087=DIRECTION('',(-1.,0.,0.));
#9088=DIRECTION('',(-7.4117258180758E-23,1.,3.70074341541719E-15));
#9089=DIRECTION('center_axis',(0.,1.,1.11022302462516E-15));
#9090=DIRECTION('ref_axis',(1.,0.,0.));
#9091=DIRECTION('',(0.,1.11022302462516E-15,-1.));
#9092=DIRECTION('',(1.,0.,0.));
#9093=DIRECTION('',(0.,1.11022302462516E-15,-1.));
#9094=DIRECTION('center_axis',(1.,0.,0.));
#9095=DIRECTION('ref_axis',(0.,-1.,-1.11022302462516E-15));
#9096=DIRECTION('',(0.,1.11022302462516E-15,-1.));
#9097=DIRECTION('',(0.,-1.,-3.70074341541719E-15));
#9098=DIRECTION('center_axis',(0.,-1.,-1.11022302462516E-15));
#9099=DIRECTION('ref_axis',(-1.,0.,0.));
#9100=DIRECTION('',(0.,1.11022302462516E-15,-1.));
#9101=DIRECTION('',(-1.,0.,0.));
#9102=DIRECTION('center_axis',(-1.,0.,0.));
#9103=DIRECTION('ref_axis',(0.,1.,1.11022302462516E-15));
#9104=DIRECTION('',(0.,1.,3.70074341541719E-15));
#9105=DIRECTION('center_axis',(-0.999999999999999,7.28483015179346E-24,
-3.46452040250706E-8));
#9106=DIRECTION('ref_axis',(3.46452040250706E-8,1.58603289232165E-16,-0.999999999999999));
#9107=DIRECTION('',(-3.46452040250706E-8,0.,0.999999999999999));
#9108=DIRECTION('',(1.20928180519771E-22,-1.,-3.70074341541719E-15));
#9109=DIRECTION('',(0.,-1.,-2.10269512239613E-16));
#9110=DIRECTION('center_axis',(0.,-2.10269512239613E-16,1.));
#9111=DIRECTION('ref_axis',(-1.,0.,0.));
#9112=DIRECTION('',(1.,0.,0.));
#9113=DIRECTION('',(0.,-1.,-2.10269512239613E-16));
#9114=DIRECTION('',(-1.,0.,0.));
#9115=DIRECTION('',(0.,-1.,-2.10269512239613E-16));
#9116=DIRECTION('',(1.,0.,0.));
#9117=DIRECTION('',(0.,1.,2.10269512239613E-16));
#9118=DIRECTION('center_axis',(1.,-4.46489507113E-24,2.12341533661904E-8));
#9119=DIRECTION('ref_axis',(-2.12341533661904E-8,-1.58603289232165E-16,
1.));
#9120=DIRECTION('',(2.12341533661904E-8,0.,-1.));
#9121=DIRECTION('center_axis',(0.,3.70074341541719E-15,-1.));
#9122=DIRECTION('ref_axis',(0.,1.,3.70074341541719E-15));
#9123=DIRECTION('',(-1.,0.,0.));
#9124=DIRECTION('',(-7.4117258180758E-23,1.,3.70074341541719E-15));
#9125=DIRECTION('center_axis',(0.,1.,1.11022302462516E-15));
#9126=DIRECTION('ref_axis',(1.,0.,0.));
#9127=DIRECTION('',(0.,1.11022302462516E-15,-1.));
#9128=DIRECTION('',(1.,0.,0.));
#9129=DIRECTION('',(0.,1.11022302462516E-15,-1.));
#9130=DIRECTION('center_axis',(1.,0.,0.));
#9131=DIRECTION('ref_axis',(0.,-1.,-1.11022302462516E-15));
#9132=DIRECTION('',(0.,1.11022302462516E-15,-1.));
#9133=DIRECTION('',(0.,-1.,-3.70074341541719E-15));
#9134=DIRECTION('center_axis',(0.,-1.,-1.11022302462516E-15));
#9135=DIRECTION('ref_axis',(-1.,0.,0.));
#9136=DIRECTION('',(0.,1.11022302462516E-15,-1.));
#9137=DIRECTION('',(-1.,0.,0.));
#9138=DIRECTION('center_axis',(-1.,0.,0.));
#9139=DIRECTION('ref_axis',(0.,1.,1.11022302462516E-15));
#9140=DIRECTION('',(0.,1.,3.70074341541719E-15));
#9141=DIRECTION('center_axis',(-0.999999999999999,7.28483015179346E-24,
-3.46452040250706E-8));
#9142=DIRECTION('ref_axis',(3.46452040250706E-8,1.58603289232165E-16,-0.999999999999999));
#9143=DIRECTION('',(-3.46452040250706E-8,0.,0.999999999999999));
#9144=DIRECTION('',(1.20928180519771E-22,-1.,-3.70074341541719E-15));
#9145=DIRECTION('',(0.,-1.,-2.10269512239613E-16));
#9146=DIRECTION('center_axis',(0.,-2.10269512239613E-16,1.));
#9147=DIRECTION('ref_axis',(-1.,0.,0.));
#9148=DIRECTION('',(1.,0.,0.));
#9149=DIRECTION('',(0.,-1.,-2.10269512239613E-16));
#9150=DIRECTION('',(-1.,0.,0.));
#9151=DIRECTION('',(0.,-1.,-2.10269512239613E-16));
#9152=DIRECTION('',(1.,0.,0.));
#9153=DIRECTION('',(0.,1.,2.10269512239613E-16));
#9154=DIRECTION('center_axis',(1.,-4.46489507113E-24,2.12341533661904E-8));
#9155=DIRECTION('ref_axis',(-2.12341533661904E-8,-1.58603289232165E-16,
1.));
#9156=DIRECTION('',(2.12341533661904E-8,0.,-1.));
#9157=DIRECTION('center_axis',(0.,3.70074341541719E-15,-1.));
#9158=DIRECTION('ref_axis',(0.,1.,3.70074341541719E-15));
#9159=DIRECTION('',(-1.,0.,0.));
#9160=DIRECTION('',(-7.4117258180758E-23,1.,3.70074341541719E-15));
#9161=DIRECTION('center_axis',(0.,1.,1.11022302462516E-15));
#9162=DIRECTION('ref_axis',(1.,0.,0.));
#9163=DIRECTION('',(0.,1.11022302462516E-15,-1.));
#9164=DIRECTION('',(1.,0.,0.));
#9165=DIRECTION('',(0.,1.11022302462516E-15,-1.));
#9166=DIRECTION('center_axis',(1.,0.,0.));
#9167=DIRECTION('ref_axis',(0.,-1.,-1.11022302462516E-15));
#9168=DIRECTION('',(0.,1.11022302462516E-15,-1.));
#9169=DIRECTION('',(0.,-1.,-3.70074341541719E-15));
#9170=DIRECTION('center_axis',(0.,-1.,-1.11022302462516E-15));
#9171=DIRECTION('ref_axis',(-1.,0.,0.));
#9172=DIRECTION('',(0.,1.11022302462516E-15,-1.));
#9173=DIRECTION('',(-1.,0.,0.));
#9174=DIRECTION('center_axis',(-1.,0.,0.));
#9175=DIRECTION('ref_axis',(0.,1.,1.11022302462516E-15));
#9176=DIRECTION('',(0.,1.,3.70074341541719E-15));
#9177=DIRECTION('center_axis',(1.,-4.46489507113E-24,2.12341533661904E-8));
#9178=DIRECTION('ref_axis',(-2.12341533661904E-8,-1.58603289232165E-16,
1.));
#9179=DIRECTION('',(2.12341533661904E-8,0.,-1.));
#9180=DIRECTION('center_axis',(-0.999999999999999,7.28483015179346E-24,
-3.46452040250706E-8));
#9181=DIRECTION('ref_axis',(3.46452040250706E-8,1.58603289232165E-16,-0.999999999999999));
#9182=DIRECTION('',(-3.46452040250706E-8,0.,0.999999999999999));
#9183=DIRECTION('',(1.20928180519771E-22,-1.,-3.70074341541719E-15));
#9184=DIRECTION('center_axis',(0.,1.,0.));
#9185=DIRECTION('ref_axis',(1.,0.,0.));
#9186=DIRECTION('',(0.,0.,-1.));
#9187=DIRECTION('',(1.,0.,0.));
#9188=DIRECTION('',(0.,0.,-1.));
#9189=DIRECTION('',(-1.,0.,0.));
#9190=DIRECTION('center_axis',(0.,1.,1.11022302462516E-15));
#9191=DIRECTION('ref_axis',(1.,0.,0.));
#9192=DIRECTION('',(0.,1.11022302462516E-15,-1.));
#9193=DIRECTION('',(1.,0.,0.));
#9194=DIRECTION('',(0.,1.11022302462516E-15,-1.));
#9195=DIRECTION('center_axis',(1.,0.,0.));
#9196=DIRECTION('ref_axis',(0.,-1.,-1.11022302462516E-15));
#9197=DIRECTION('',(0.,1.11022302462516E-15,-1.));
#9198=DIRECTION('',(0.,-1.,-3.70074341541719E-15));
#9199=DIRECTION('center_axis',(0.,-1.,-1.11022302462516E-15));
#9200=DIRECTION('ref_axis',(-1.,0.,0.));
#9201=DIRECTION('',(0.,1.11022302462516E-15,-1.));
#9202=DIRECTION('',(-1.,0.,0.));
#9203=DIRECTION('center_axis',(-1.,0.,0.));
#9204=DIRECTION('ref_axis',(0.,1.,1.11022302462516E-15));
#9205=DIRECTION('',(0.,1.,3.70074341541719E-15));
#9206=DIRECTION('center_axis',(0.,1.,0.));
#9207=DIRECTION('ref_axis',(1.,0.,0.));
#9208=DIRECTION('',(-1.,0.,0.));
#9209=DIRECTION('',(-1.,0.,0.));
#9210=DIRECTION('center_axis',(0.,3.70074341541719E-15,-1.));
#9211=DIRECTION('ref_axis',(0.,1.,3.70074341541719E-15));
#9212=DIRECTION('center_axis',(-1.,0.,0.));
#9213=DIRECTION('ref_axis',(0.,1.,0.));
#9214=DIRECTION('',(0.,1.,-9.62964972193618E-33));
#9215=DIRECTION('',(0.,1.83697019872103E-16,1.));
#9216=DIRECTION('center_axis',(1.,0.,0.));
#9217=DIRECTION('ref_axis',(0.,-1.,0.));
#9218=DIRECTION('',(0.,-1.83697019872103E-16,-1.));
#9219=DIRECTION('',(0.,-1.,9.62964972193618E-33));
#9220=DIRECTION('center_axis',(0.,9.62964972193618E-33,1.));
#9221=DIRECTION('ref_axis',(0.,-1.,9.62964972193618E-33));
#9222=DIRECTION('',(1.,0.,0.));
#9223=DIRECTION('',(1.,0.,0.));
#9224=DIRECTION('',(0.,-1.,9.62964972193618E-33));
#9225=DIRECTION('center_axis',(0.,-1.,1.83697019872103E-16));
#9226=DIRECTION('ref_axis',(0.,-1.83697019872103E-16,-1.));
#9227=DIRECTION('',(0.,-1.83697019872103E-16,-1.));
#9228=DIRECTION('center_axis',(0.,-1.,1.83697019872103E-16));
#9229=DIRECTION('ref_axis',(0.,-1.83697019872103E-16,-1.));
#9230=DIRECTION('center_axis',(0.,3.70074341541719E-15,-1.));
#9231=DIRECTION('ref_axis',(0.,1.,3.70074341541719E-15));
#9232=DIRECTION('center_axis',(1.,0.,0.));
#9233=DIRECTION('ref_axis',(0.,0.,-1.));
#9234=DIRECTION('center_axis',(7.8504622934189E-16,-0.707106781186548,-0.707106781186548));
#9235=DIRECTION('ref_axis',(-1.,0.,-1.11022302462516E-15));
#9236=DIRECTION('',(-1.,6.79815536723448E-32,-1.11022302462516E-15));
#9237=DIRECTION('',(-0.577350269189626,0.577350269189626,-0.577350269189626));
#9238=DIRECTION('',(1.,-6.79815536723448E-32,1.11022302462516E-15));
#9239=DIRECTION('',(0.577350269189628,0.577350269189628,-0.577350269189622));
#9240=DIRECTION('center_axis',(-0.707106781186548,-0.707106781186548,-4.32978028117747E-17));
#9241=DIRECTION('ref_axis',(-6.12323399573677E-17,0.,1.));
#9242=DIRECTION('',(0.,-6.12323399573677E-17,1.));
#9243=DIRECTION('',(-0.577350269189626,0.577350269189626,0.577350269189626));
#9244=DIRECTION('',(0.,6.12323399573677E-17,-1.));
#9245=DIRECTION('center_axis',(0.,-0.707106781186548,0.707106781186548));
#9246=DIRECTION('ref_axis',(1.,0.,0.));
#9247=DIRECTION('',(1.,0.,0.));
#9248=DIRECTION('',(0.577350269189626,0.577350269189626,0.577350269189626));
#9249=DIRECTION('',(-1.,0.,0.));
#9250=DIRECTION('center_axis',(0.707106781186548,-0.707106781186548,-4.32978028117747E-17));
#9251=DIRECTION('ref_axis',(-6.12323399573677E-17,0.,-1.));
#9252=DIRECTION('',(0.,-6.12323399573677E-17,1.));
#9253=DIRECTION('',(0.,6.12323399573677E-17,-1.));
#9254=DIRECTION('center_axis',(1.,0.,0.));
#9255=DIRECTION('ref_axis',(0.,-1.,0.));
#9256=DIRECTION('',(0.,-1.,0.));
#9257=DIRECTION('center_axis',(-1.,0.,0.));
#9258=DIRECTION('ref_axis',(0.,1.,0.));
#9259=DIRECTION('',(0.,0.,-1.));
#9260=DIRECTION('',(0.,1.,0.));
#9261=DIRECTION('',(0.,0.,-1.));
#9262=DIRECTION('center_axis',(-1.,0.,0.));
#9263=DIRECTION('ref_axis',(0.,1.,4.44089209850064E-15));
#9264=DIRECTION('',(0.,-1.,0.));
#9265=DIRECTION('center_axis',(1.11022302462516E-15,0.,-1.));
#9266=DIRECTION('ref_axis',(1.,-6.79815536723448E-32,1.11022302462516E-15));
#9267=DIRECTION('',(0.,-1.,0.));
#9268=DIRECTION('',(1.,-6.79815536723448E-32,1.11022302462516E-15));
#9269=DIRECTION('center_axis',(0.,1.,6.12323399573677E-17));
#9270=DIRECTION('ref_axis',(1.,0.,0.));
#9271=DIRECTION('center_axis',(-0.707106781186539,0.,0.707106781186556));
#9272=DIRECTION('ref_axis',(0.707106781186556,0.,0.707106781186539));
#9273=DIRECTION('',(0.,-1.,0.));
#9274=DIRECTION('',(0.577350269189635,0.577350269189622,0.577350269189621));
#9275=DIRECTION('',(0.,1.,0.));
#9276=DIRECTION('',(0.577350269189635,-0.577350269189622,0.577350269189621));
#9277=DIRECTION('center_axis',(0.,-0.707106781186547,0.707106781186548));
#9278=DIRECTION('ref_axis',(1.,0.,0.));
#9279=DIRECTION('',(1.,0.,0.));
#9280=DIRECTION('',(-0.577350269189635,0.577350269189622,0.577350269189621));
#9281=DIRECTION('',(-1.,0.,0.));
#9282=DIRECTION('center_axis',(7.8504622934189E-16,0.707106781186547,0.707106781186548));
#9283=DIRECTION('ref_axis',(1.,0.,-1.11022302462516E-15));
#9284=DIRECTION('',(1.,-1.11022302462516E-15,0.));
#9285=DIRECTION('',(0.577350269189635,0.577350269189622,-0.577350269189621));
#9286=DIRECTION('',(-1.,1.11022302462516E-15,0.));
#9287=DIRECTION('center_axis',(0.707106781186539,0.,0.707106781186556));
#9288=DIRECTION('ref_axis',(0.707106781186556,0.,-0.707106781186539));
#9289=DIRECTION('',(0.,-1.,0.));
#9290=DIRECTION('center_axis',(0.,-1.,0.));
#9291=DIRECTION('ref_axis',(-1.,0.,0.));
#9292=DIRECTION('',(0.,0.,-1.));
#9293=DIRECTION('',(-1.,0.,0.));
#9294=DIRECTION('center_axis',(-1.,0.,0.));
#9295=DIRECTION('ref_axis',(0.,1.,0.));
#9296=DIRECTION('',(0.,-1.,0.));
#9297=DIRECTION('center_axis',(-1.,0.,0.));
#9298=DIRECTION('ref_axis',(0.,1.,4.44089209850064E-15));
#9299=DIRECTION('',(0.,0.,-1.));
#9300=DIRECTION('center_axis',(-1.,0.,0.));
#9301=DIRECTION('ref_axis',(0.,1.,0.));
#9302=DIRECTION('center_axis',(0.,0.,1.));
#9303=DIRECTION('ref_axis',(1.,0.,0.));
#9304=DIRECTION('center_axis',(0.,0.,1.));
#9305=DIRECTION('ref_axis',(-1.,0.,0.));
#9306=DIRECTION('',(-1.,0.,0.));
#9307=DIRECTION('center_axis',(-1.,0.,0.));
#9308=DIRECTION('ref_axis',(0.,1.,0.));
#9309=DIRECTION('center_axis',(-1.,0.,0.));
#9310=DIRECTION('ref_axis',(0.,1.,0.));
#9311=DIRECTION('',(1.,-1.11022302462516E-15,0.));
#9312=DIRECTION('center_axis',(1.11022302462516E-15,1.,0.));
#9313=DIRECTION('ref_axis',(1.,-1.11022302462516E-15,0.));
#9314=DIRECTION('center_axis',(7.8504622934189E-16,-0.707106781186548,-0.707106781186548));
#9315=DIRECTION('ref_axis',(-1.,0.,-1.11022302462516E-15));
#9316=DIRECTION('',(-1.,6.79815536723448E-32,-1.11022302462516E-15));
#9317=DIRECTION('',(-0.577350269189626,0.577350269189626,-0.577350269189626));
#9318=DIRECTION('',(1.,-6.79815536723448E-32,1.11022302462516E-15));
#9319=DIRECTION('',(0.577350269189628,0.577350269189628,-0.577350269189622));
#9320=DIRECTION('center_axis',(-0.707106781186548,-0.707106781186548,-4.32978028117747E-17));
#9321=DIRECTION('ref_axis',(-6.12323399573677E-17,0.,1.));
#9322=DIRECTION('',(0.,-6.12323399573677E-17,1.));
#9323=DIRECTION('',(-0.577350269189626,0.577350269189626,0.577350269189626));
#9324=DIRECTION('',(0.,6.12323399573677E-17,-1.));
#9325=DIRECTION('center_axis',(0.,-0.707106781186548,0.707106781186548));
#9326=DIRECTION('ref_axis',(1.,0.,0.));
#9327=DIRECTION('',(1.,0.,0.));
#9328=DIRECTION('',(0.577350269189626,0.577350269189626,0.577350269189626));
#9329=DIRECTION('',(-1.,0.,0.));
#9330=DIRECTION('center_axis',(0.707106781186548,-0.707106781186548,-4.32978028117747E-17));
#9331=DIRECTION('ref_axis',(-6.12323399573677E-17,0.,-1.));
#9332=DIRECTION('',(0.,-6.12323399573677E-17,1.));
#9333=DIRECTION('',(0.,6.12323399573677E-17,-1.));
#9334=DIRECTION('center_axis',(1.,0.,0.));
#9335=DIRECTION('ref_axis',(0.,-1.,0.));
#9336=DIRECTION('',(0.,-1.,0.));
#9337=DIRECTION('center_axis',(-1.,0.,0.));
#9338=DIRECTION('ref_axis',(0.,1.,0.));
#9339=DIRECTION('',(0.,0.,-1.));
#9340=DIRECTION('',(0.,1.,0.));
#9341=DIRECTION('',(0.,0.,-1.));
#9342=DIRECTION('center_axis',(-1.,0.,0.));
#9343=DIRECTION('ref_axis',(0.,1.,4.44089209850064E-15));
#9344=DIRECTION('',(0.,-1.,0.));
#9345=DIRECTION('center_axis',(1.11022302462516E-15,0.,-1.));
#9346=DIRECTION('ref_axis',(1.,-6.79815536723448E-32,1.11022302462516E-15));
#9347=DIRECTION('',(0.,-1.,0.));
#9348=DIRECTION('',(1.,-6.79815536723448E-32,1.11022302462516E-15));
#9349=DIRECTION('center_axis',(0.,1.,6.12323399573677E-17));
#9350=DIRECTION('ref_axis',(1.,0.,0.));
#9351=DIRECTION('center_axis',(-0.707106781186539,0.,0.707106781186556));
#9352=DIRECTION('ref_axis',(0.707106781186556,0.,0.707106781186539));
#9353=DIRECTION('',(0.,-1.,0.));
#9354=DIRECTION('',(0.577350269189635,0.577350269189622,0.577350269189621));
#9355=DIRECTION('',(0.,1.,0.));
#9356=DIRECTION('',(0.577350269189635,-0.577350269189622,0.577350269189621));
#9357=DIRECTION('center_axis',(0.,-0.707106781186547,0.707106781186548));
#9358=DIRECTION('ref_axis',(1.,0.,0.));
#9359=DIRECTION('',(1.,0.,0.));
#9360=DIRECTION('',(-0.577350269189635,0.577350269189622,0.577350269189621));
#9361=DIRECTION('',(-1.,0.,0.));
#9362=DIRECTION('center_axis',(7.8504622934189E-16,0.707106781186547,0.707106781186548));
#9363=DIRECTION('ref_axis',(1.,0.,-1.11022302462516E-15));
#9364=DIRECTION('',(1.,-1.11022302462516E-15,0.));
#9365=DIRECTION('',(0.577350269189635,0.577350269189622,-0.577350269189621));
#9366=DIRECTION('',(-1.,1.11022302462516E-15,0.));
#9367=DIRECTION('center_axis',(0.707106781186539,0.,0.707106781186556));
#9368=DIRECTION('ref_axis',(0.707106781186556,0.,-0.707106781186539));
#9369=DIRECTION('',(0.,-1.,0.));
#9370=DIRECTION('center_axis',(0.,-1.,0.));
#9371=DIRECTION('ref_axis',(-1.,0.,0.));
#9372=DIRECTION('',(0.,0.,-1.));
#9373=DIRECTION('',(-1.,0.,0.));
#9374=DIRECTION('center_axis',(-1.,0.,0.));
#9375=DIRECTION('ref_axis',(0.,1.,0.));
#9376=DIRECTION('',(0.,-1.,0.));
#9377=DIRECTION('center_axis',(-1.,0.,0.));
#9378=DIRECTION('ref_axis',(0.,1.,4.44089209850064E-15));
#9379=DIRECTION('',(0.,0.,-1.));
#9380=DIRECTION('center_axis',(-1.,0.,0.));
#9381=DIRECTION('ref_axis',(0.,1.,0.));
#9382=DIRECTION('center_axis',(0.,0.,1.));
#9383=DIRECTION('ref_axis',(1.,0.,0.));
#9384=DIRECTION('center_axis',(0.,0.,1.));
#9385=DIRECTION('ref_axis',(-1.,0.,0.));
#9386=DIRECTION('',(-1.,0.,0.));
#9387=DIRECTION('center_axis',(-1.,0.,0.));
#9388=DIRECTION('ref_axis',(0.,1.,0.));
#9389=DIRECTION('center_axis',(-1.,0.,0.));
#9390=DIRECTION('ref_axis',(0.,1.,0.));
#9391=DIRECTION('',(1.,-1.11022302462516E-15,0.));
#9392=DIRECTION('center_axis',(1.11022302462516E-15,1.,0.));
#9393=DIRECTION('ref_axis',(1.,-1.11022302462516E-15,0.));
#9394=DIRECTION('center_axis',(7.8504622934189E-16,-0.707106781186548,-0.707106781186548));
#9395=DIRECTION('ref_axis',(-1.,0.,-1.11022302462516E-15));
#9396=DIRECTION('',(-1.,6.79815536723448E-32,-1.11022302462516E-15));
#9397=DIRECTION('',(-0.577350269189626,0.577350269189626,-0.577350269189626));
#9398=DIRECTION('',(1.,-6.79815536723448E-32,1.11022302462516E-15));
#9399=DIRECTION('',(0.577350269189628,0.577350269189628,-0.577350269189622));
#9400=DIRECTION('center_axis',(-0.707106781186548,-0.707106781186548,-4.32978028117747E-17));
#9401=DIRECTION('ref_axis',(-6.12323399573677E-17,0.,1.));
#9402=DIRECTION('',(0.,-6.12323399573677E-17,1.));
#9403=DIRECTION('',(-0.577350269189626,0.577350269189626,0.577350269189626));
#9404=DIRECTION('',(0.,6.12323399573677E-17,-1.));
#9405=DIRECTION('center_axis',(0.,-0.707106781186548,0.707106781186548));
#9406=DIRECTION('ref_axis',(1.,0.,0.));
#9407=DIRECTION('',(1.,0.,0.));
#9408=DIRECTION('',(0.577350269189626,0.577350269189626,0.577350269189626));
#9409=DIRECTION('',(-1.,0.,0.));
#9410=DIRECTION('center_axis',(0.707106781186548,-0.707106781186548,-4.32978028117747E-17));
#9411=DIRECTION('ref_axis',(-6.12323399573677E-17,0.,-1.));
#9412=DIRECTION('',(0.,-6.12323399573677E-17,1.));
#9413=DIRECTION('',(0.,6.12323399573677E-17,-1.));
#9414=DIRECTION('center_axis',(1.,0.,0.));
#9415=DIRECTION('ref_axis',(0.,-1.,0.));
#9416=DIRECTION('',(0.,-1.,0.));
#9417=DIRECTION('center_axis',(-1.,0.,0.));
#9418=DIRECTION('ref_axis',(0.,1.,0.));
#9419=DIRECTION('',(0.,0.,-1.));
#9420=DIRECTION('',(0.,1.,0.));
#9421=DIRECTION('',(0.,0.,-1.));
#9422=DIRECTION('center_axis',(-1.,0.,0.));
#9423=DIRECTION('ref_axis',(0.,1.,4.44089209850064E-15));
#9424=DIRECTION('',(0.,-1.,0.));
#9425=DIRECTION('center_axis',(1.11022302462516E-15,0.,-1.));
#9426=DIRECTION('ref_axis',(1.,-6.79815536723448E-32,1.11022302462516E-15));
#9427=DIRECTION('',(0.,-1.,0.));
#9428=DIRECTION('',(1.,-6.79815536723448E-32,1.11022302462516E-15));
#9429=DIRECTION('center_axis',(0.,1.,6.12323399573677E-17));
#9430=DIRECTION('ref_axis',(1.,0.,0.));
#9431=DIRECTION('center_axis',(-0.707106781186539,0.,0.707106781186556));
#9432=DIRECTION('ref_axis',(0.707106781186556,0.,0.707106781186539));
#9433=DIRECTION('',(0.,-1.,0.));
#9434=DIRECTION('',(0.577350269189635,0.577350269189622,0.577350269189621));
#9435=DIRECTION('',(0.,1.,0.));
#9436=DIRECTION('',(0.577350269189635,-0.577350269189622,0.577350269189621));
#9437=DIRECTION('center_axis',(0.,-0.707106781186547,0.707106781186548));
#9438=DIRECTION('ref_axis',(1.,0.,0.));
#9439=DIRECTION('',(1.,0.,0.));
#9440=DIRECTION('',(-0.577350269189635,0.577350269189622,0.577350269189621));
#9441=DIRECTION('',(-1.,0.,0.));
#9442=DIRECTION('center_axis',(7.8504622934189E-16,0.707106781186547,0.707106781186548));
#9443=DIRECTION('ref_axis',(1.,0.,-1.11022302462516E-15));
#9444=DIRECTION('',(1.,-1.11022302462516E-15,0.));
#9445=DIRECTION('',(0.577350269189635,0.577350269189622,-0.577350269189621));
#9446=DIRECTION('',(-1.,1.11022302462516E-15,0.));
#9447=DIRECTION('center_axis',(0.707106781186539,0.,0.707106781186556));
#9448=DIRECTION('ref_axis',(0.707106781186556,0.,-0.707106781186539));
#9449=DIRECTION('',(0.,-1.,0.));
#9450=DIRECTION('center_axis',(0.,-1.,0.));
#9451=DIRECTION('ref_axis',(-1.,0.,0.));
#9452=DIRECTION('',(0.,0.,-1.));
#9453=DIRECTION('',(-1.,0.,0.));
#9454=DIRECTION('center_axis',(-1.,0.,0.));
#9455=DIRECTION('ref_axis',(0.,1.,0.));
#9456=DIRECTION('',(0.,-1.,0.));
#9457=DIRECTION('center_axis',(-1.,0.,0.));
#9458=DIRECTION('ref_axis',(0.,1.,4.44089209850064E-15));
#9459=DIRECTION('',(0.,0.,-1.));
#9460=DIRECTION('center_axis',(-1.,0.,0.));
#9461=DIRECTION('ref_axis',(0.,1.,0.));
#9462=DIRECTION('center_axis',(0.,0.,1.));
#9463=DIRECTION('ref_axis',(1.,0.,0.));
#9464=DIRECTION('center_axis',(0.,0.,1.));
#9465=DIRECTION('ref_axis',(-1.,0.,0.));
#9466=DIRECTION('',(-1.,0.,0.));
#9467=DIRECTION('center_axis',(-1.,0.,0.));
#9468=DIRECTION('ref_axis',(0.,1.,0.));
#9469=DIRECTION('center_axis',(-1.,0.,0.));
#9470=DIRECTION('ref_axis',(0.,1.,0.));
#9471=DIRECTION('',(1.,-1.11022302462516E-15,0.));
#9472=DIRECTION('center_axis',(1.11022302462516E-15,1.,0.));
#9473=DIRECTION('ref_axis',(1.,-1.11022302462516E-15,0.));
#9474=DIRECTION('center_axis',(7.8504622934189E-16,-0.707106781186548,-0.707106781186548));
#9475=DIRECTION('ref_axis',(-1.,0.,-1.11022302462516E-15));
#9476=DIRECTION('',(-1.,6.79815536723448E-32,-1.11022302462516E-15));
#9477=DIRECTION('',(-0.577350269189626,0.577350269189626,-0.577350269189626));
#9478=DIRECTION('',(1.,-6.79815536723448E-32,1.11022302462516E-15));
#9479=DIRECTION('',(0.577350269189628,0.577350269189628,-0.577350269189622));
#9480=DIRECTION('center_axis',(-0.707106781186548,-0.707106781186548,-4.32978028117747E-17));
#9481=DIRECTION('ref_axis',(-6.12323399573677E-17,0.,1.));
#9482=DIRECTION('',(0.,-6.12323399573677E-17,1.));
#9483=DIRECTION('',(-0.577350269189626,0.577350269189626,0.577350269189626));
#9484=DIRECTION('',(0.,6.12323399573677E-17,-1.));
#9485=DIRECTION('center_axis',(0.,-0.707106781186548,0.707106781186548));
#9486=DIRECTION('ref_axis',(1.,0.,0.));
#9487=DIRECTION('',(1.,0.,0.));
#9488=DIRECTION('',(0.577350269189626,0.577350269189626,0.577350269189626));
#9489=DIRECTION('',(-1.,0.,0.));
#9490=DIRECTION('center_axis',(0.707106781186548,-0.707106781186548,-4.32978028117747E-17));
#9491=DIRECTION('ref_axis',(-6.12323399573677E-17,0.,-1.));
#9492=DIRECTION('',(0.,-6.12323399573677E-17,1.));
#9493=DIRECTION('',(0.,6.12323399573677E-17,-1.));
#9494=DIRECTION('center_axis',(1.,0.,0.));
#9495=DIRECTION('ref_axis',(0.,-1.,0.));
#9496=DIRECTION('',(0.,-1.,0.));
#9497=DIRECTION('center_axis',(-1.,0.,0.));
#9498=DIRECTION('ref_axis',(0.,1.,0.));
#9499=DIRECTION('',(0.,0.,-1.));
#9500=DIRECTION('',(0.,1.,0.));
#9501=DIRECTION('',(0.,0.,-1.));
#9502=DIRECTION('center_axis',(-1.,0.,0.));
#9503=DIRECTION('ref_axis',(0.,1.,4.44089209850064E-15));
#9504=DIRECTION('',(0.,-1.,0.));
#9505=DIRECTION('center_axis',(1.11022302462516E-15,0.,-1.));
#9506=DIRECTION('ref_axis',(1.,-6.79815536723448E-32,1.11022302462516E-15));
#9507=DIRECTION('',(0.,-1.,0.));
#9508=DIRECTION('',(1.,-6.79815536723448E-32,1.11022302462516E-15));
#9509=DIRECTION('center_axis',(0.,1.,6.12323399573677E-17));
#9510=DIRECTION('ref_axis',(1.,0.,0.));
#9511=DIRECTION('center_axis',(-0.707106781186539,0.,0.707106781186556));
#9512=DIRECTION('ref_axis',(0.707106781186556,0.,0.707106781186539));
#9513=DIRECTION('',(0.,-1.,0.));
#9514=DIRECTION('',(0.577350269189635,0.577350269189622,0.577350269189621));
#9515=DIRECTION('',(0.,1.,0.));
#9516=DIRECTION('',(0.577350269189635,-0.577350269189622,0.577350269189621));
#9517=DIRECTION('center_axis',(0.,-0.707106781186547,0.707106781186548));
#9518=DIRECTION('ref_axis',(1.,0.,0.));
#9519=DIRECTION('',(1.,0.,0.));
#9520=DIRECTION('',(-0.577350269189635,0.577350269189622,0.577350269189621));
#9521=DIRECTION('',(-1.,0.,0.));
#9522=DIRECTION('center_axis',(7.8504622934189E-16,0.707106781186547,0.707106781186548));
#9523=DIRECTION('ref_axis',(1.,0.,-1.11022302462516E-15));
#9524=DIRECTION('',(1.,-1.11022302462516E-15,0.));
#9525=DIRECTION('',(0.577350269189635,0.577350269189622,-0.577350269189621));
#9526=DIRECTION('',(-1.,1.11022302462516E-15,0.));
#9527=DIRECTION('center_axis',(0.707106781186539,0.,0.707106781186556));
#9528=DIRECTION('ref_axis',(0.707106781186556,0.,-0.707106781186539));
#9529=DIRECTION('',(0.,-1.,0.));
#9530=DIRECTION('center_axis',(0.,-1.,0.));
#9531=DIRECTION('ref_axis',(-1.,0.,0.));
#9532=DIRECTION('',(0.,0.,-1.));
#9533=DIRECTION('',(-1.,0.,0.));
#9534=DIRECTION('center_axis',(-1.,0.,0.));
#9535=DIRECTION('ref_axis',(0.,1.,0.));
#9536=DIRECTION('',(0.,-1.,0.));
#9537=DIRECTION('center_axis',(-1.,0.,0.));
#9538=DIRECTION('ref_axis',(0.,1.,4.44089209850064E-15));
#9539=DIRECTION('',(0.,0.,-1.));
#9540=DIRECTION('center_axis',(-1.,0.,0.));
#9541=DIRECTION('ref_axis',(0.,1.,0.));
#9542=DIRECTION('center_axis',(0.,0.,1.));
#9543=DIRECTION('ref_axis',(1.,0.,0.));
#9544=DIRECTION('center_axis',(0.,0.,1.));
#9545=DIRECTION('ref_axis',(-1.,0.,0.));
#9546=DIRECTION('',(-1.,0.,0.));
#9547=DIRECTION('center_axis',(-1.,0.,0.));
#9548=DIRECTION('ref_axis',(0.,1.,0.));
#9549=DIRECTION('center_axis',(-1.,0.,0.));
#9550=DIRECTION('ref_axis',(0.,1.,0.));
#9551=DIRECTION('',(1.,-1.11022302462516E-15,0.));
#9552=DIRECTION('center_axis',(1.11022302462516E-15,1.,0.));
#9553=DIRECTION('ref_axis',(1.,-1.11022302462516E-15,0.));
#9554=DIRECTION('center_axis',(7.8504622934189E-16,-0.707106781186548,-0.707106781186548));
#9555=DIRECTION('ref_axis',(-1.,0.,-1.11022302462516E-15));
#9556=DIRECTION('',(-1.,6.79815536723448E-32,-1.11022302462516E-15));
#9557=DIRECTION('',(-0.577350269189626,0.577350269189626,-0.577350269189626));
#9558=DIRECTION('',(1.,-6.79815536723448E-32,1.11022302462516E-15));
#9559=DIRECTION('',(0.577350269189628,0.577350269189628,-0.577350269189622));
#9560=DIRECTION('center_axis',(-0.707106781186548,-0.707106781186548,-4.32978028117747E-17));
#9561=DIRECTION('ref_axis',(-6.12323399573677E-17,0.,1.));
#9562=DIRECTION('',(0.,-6.12323399573677E-17,1.));
#9563=DIRECTION('',(-0.577350269189626,0.577350269189626,0.577350269189626));
#9564=DIRECTION('',(0.,6.12323399573677E-17,-1.));
#9565=DIRECTION('center_axis',(0.,-0.707106781186548,0.707106781186548));
#9566=DIRECTION('ref_axis',(1.,0.,0.));
#9567=DIRECTION('',(1.,0.,0.));
#9568=DIRECTION('',(0.577350269189626,0.577350269189626,0.577350269189626));
#9569=DIRECTION('',(-1.,0.,0.));
#9570=DIRECTION('center_axis',(0.707106781186548,-0.707106781186548,-4.32978028117747E-17));
#9571=DIRECTION('ref_axis',(-6.12323399573677E-17,0.,-1.));
#9572=DIRECTION('',(0.,-6.12323399573677E-17,1.));
#9573=DIRECTION('',(0.,6.12323399573677E-17,-1.));
#9574=DIRECTION('center_axis',(1.,0.,0.));
#9575=DIRECTION('ref_axis',(0.,-1.,0.));
#9576=DIRECTION('',(0.,-1.,0.));
#9577=DIRECTION('center_axis',(-1.,0.,0.));
#9578=DIRECTION('ref_axis',(0.,1.,0.));
#9579=DIRECTION('',(0.,0.,-1.));
#9580=DIRECTION('',(0.,1.,0.));
#9581=DIRECTION('',(0.,0.,-1.));
#9582=DIRECTION('center_axis',(-1.,0.,0.));
#9583=DIRECTION('ref_axis',(0.,1.,4.44089209850064E-15));
#9584=DIRECTION('',(0.,-1.,0.));
#9585=DIRECTION('center_axis',(1.11022302462516E-15,0.,-1.));
#9586=DIRECTION('ref_axis',(1.,-6.79815536723448E-32,1.11022302462516E-15));
#9587=DIRECTION('',(0.,-1.,0.));
#9588=DIRECTION('',(1.,-6.79815536723448E-32,1.11022302462516E-15));
#9589=DIRECTION('center_axis',(0.,1.,6.12323399573677E-17));
#9590=DIRECTION('ref_axis',(1.,0.,0.));
#9591=DIRECTION('center_axis',(-0.707106781186539,0.,0.707106781186556));
#9592=DIRECTION('ref_axis',(0.707106781186556,0.,0.707106781186539));
#9593=DIRECTION('',(0.,-1.,0.));
#9594=DIRECTION('',(0.577350269189635,0.577350269189622,0.577350269189621));
#9595=DIRECTION('',(0.,1.,0.));
#9596=DIRECTION('',(0.577350269189635,-0.577350269189622,0.577350269189621));
#9597=DIRECTION('center_axis',(0.,-0.707106781186547,0.707106781186548));
#9598=DIRECTION('ref_axis',(1.,0.,0.));
#9599=DIRECTION('',(1.,0.,0.));
#9600=DIRECTION('',(-0.577350269189635,0.577350269189622,0.577350269189621));
#9601=DIRECTION('',(-1.,0.,0.));
#9602=DIRECTION('center_axis',(7.8504622934189E-16,0.707106781186547,0.707106781186548));
#9603=DIRECTION('ref_axis',(1.,0.,-1.11022302462516E-15));
#9604=DIRECTION('',(1.,-1.11022302462516E-15,0.));
#9605=DIRECTION('',(0.577350269189635,0.577350269189622,-0.577350269189621));
#9606=DIRECTION('',(-1.,1.11022302462516E-15,0.));
#9607=DIRECTION('center_axis',(0.707106781186539,0.,0.707106781186556));
#9608=DIRECTION('ref_axis',(0.707106781186556,0.,-0.707106781186539));
#9609=DIRECTION('',(0.,-1.,0.));
#9610=DIRECTION('center_axis',(0.,-1.,0.));
#9611=DIRECTION('ref_axis',(-1.,0.,0.));
#9612=DIRECTION('',(0.,0.,-1.));
#9613=DIRECTION('',(-1.,0.,0.));
#9614=DIRECTION('center_axis',(-1.,0.,0.));
#9615=DIRECTION('ref_axis',(0.,1.,0.));
#9616=DIRECTION('',(0.,-1.,0.));
#9617=DIRECTION('center_axis',(-1.,0.,0.));
#9618=DIRECTION('ref_axis',(0.,1.,4.44089209850064E-15));
#9619=DIRECTION('',(0.,0.,-1.));
#9620=DIRECTION('center_axis',(-1.,0.,0.));
#9621=DIRECTION('ref_axis',(0.,1.,0.));
#9622=DIRECTION('center_axis',(0.,0.,1.));
#9623=DIRECTION('ref_axis',(1.,0.,0.));
#9624=DIRECTION('center_axis',(0.,0.,1.));
#9625=DIRECTION('ref_axis',(-1.,0.,0.));
#9626=DIRECTION('',(-1.,0.,0.));
#9627=DIRECTION('center_axis',(-1.,0.,0.));
#9628=DIRECTION('ref_axis',(0.,1.,0.));
#9629=DIRECTION('center_axis',(-1.,0.,0.));
#9630=DIRECTION('ref_axis',(0.,1.,0.));
#9631=DIRECTION('',(1.,-1.11022302462516E-15,0.));
#9632=DIRECTION('center_axis',(1.11022302462516E-15,1.,0.));
#9633=DIRECTION('ref_axis',(1.,-1.11022302462516E-15,0.));
#9634=DIRECTION('center_axis',(7.8504622934189E-16,-0.707106781186548,-0.707106781186548));
#9635=DIRECTION('ref_axis',(-1.,0.,-1.11022302462516E-15));
#9636=DIRECTION('',(-1.,6.79815536723448E-32,-1.11022302462516E-15));
#9637=DIRECTION('',(-0.577350269189626,0.577350269189626,-0.577350269189626));
#9638=DIRECTION('',(1.,-6.79815536723448E-32,1.11022302462516E-15));
#9639=DIRECTION('',(0.577350269189628,0.577350269189628,-0.577350269189622));
#9640=DIRECTION('center_axis',(-0.707106781186548,-0.707106781186548,-4.32978028117747E-17));
#9641=DIRECTION('ref_axis',(-6.12323399573677E-17,0.,1.));
#9642=DIRECTION('',(0.,-6.12323399573677E-17,1.));
#9643=DIRECTION('',(-0.577350269189626,0.577350269189626,0.577350269189626));
#9644=DIRECTION('',(0.,6.12323399573677E-17,-1.));
#9645=DIRECTION('center_axis',(0.,-0.707106781186548,0.707106781186548));
#9646=DIRECTION('ref_axis',(1.,0.,0.));
#9647=DIRECTION('',(1.,0.,0.));
#9648=DIRECTION('',(0.577350269189626,0.577350269189626,0.577350269189626));
#9649=DIRECTION('',(-1.,0.,0.));
#9650=DIRECTION('center_axis',(0.707106781186548,-0.707106781186548,-4.32978028117747E-17));
#9651=DIRECTION('ref_axis',(-6.12323399573677E-17,0.,-1.));
#9652=DIRECTION('',(0.,-6.12323399573677E-17,1.));
#9653=DIRECTION('',(0.,6.12323399573677E-17,-1.));
#9654=DIRECTION('center_axis',(1.,0.,0.));
#9655=DIRECTION('ref_axis',(0.,-1.,0.));
#9656=DIRECTION('',(0.,-1.,0.));
#9657=DIRECTION('center_axis',(-1.,0.,0.));
#9658=DIRECTION('ref_axis',(0.,1.,0.));
#9659=DIRECTION('',(0.,0.,-1.));
#9660=DIRECTION('',(0.,1.,0.));
#9661=DIRECTION('',(0.,0.,-1.));
#9662=DIRECTION('center_axis',(-1.,0.,0.));
#9663=DIRECTION('ref_axis',(0.,1.,4.44089209850064E-15));
#9664=DIRECTION('',(0.,-1.,0.));
#9665=DIRECTION('center_axis',(1.11022302462516E-15,0.,-1.));
#9666=DIRECTION('ref_axis',(1.,-6.79815536723448E-32,1.11022302462516E-15));
#9667=DIRECTION('',(0.,-1.,0.));
#9668=DIRECTION('',(1.,-6.79815536723448E-32,1.11022302462516E-15));
#9669=DIRECTION('center_axis',(0.,1.,6.12323399573677E-17));
#9670=DIRECTION('ref_axis',(1.,0.,0.));
#9671=DIRECTION('center_axis',(-0.707106781186539,0.,0.707106781186556));
#9672=DIRECTION('ref_axis',(0.707106781186556,0.,0.707106781186539));
#9673=DIRECTION('',(0.,-1.,0.));
#9674=DIRECTION('',(0.577350269189635,0.577350269189622,0.577350269189621));
#9675=DIRECTION('',(0.,1.,0.));
#9676=DIRECTION('',(0.577350269189635,-0.577350269189622,0.577350269189621));
#9677=DIRECTION('center_axis',(0.,-0.707106781186547,0.707106781186548));
#9678=DIRECTION('ref_axis',(1.,0.,0.));
#9679=DIRECTION('',(1.,0.,0.));
#9680=DIRECTION('',(-0.577350269189635,0.577350269189622,0.577350269189621));
#9681=DIRECTION('',(-1.,0.,0.));
#9682=DIRECTION('center_axis',(7.8504622934189E-16,0.707106781186547,0.707106781186548));
#9683=DIRECTION('ref_axis',(1.,0.,-1.11022302462516E-15));
#9684=DIRECTION('',(1.,-1.11022302462516E-15,0.));
#9685=DIRECTION('',(0.577350269189635,0.577350269189622,-0.577350269189621));
#9686=DIRECTION('',(-1.,1.11022302462516E-15,0.));
#9687=DIRECTION('center_axis',(0.707106781186539,0.,0.707106781186556));
#9688=DIRECTION('ref_axis',(0.707106781186556,0.,-0.707106781186539));
#9689=DIRECTION('',(0.,-1.,0.));
#9690=DIRECTION('center_axis',(0.,-1.,0.));
#9691=DIRECTION('ref_axis',(-1.,0.,0.));
#9692=DIRECTION('',(0.,0.,-1.));
#9693=DIRECTION('',(-1.,0.,0.));
#9694=DIRECTION('center_axis',(-1.,0.,0.));
#9695=DIRECTION('ref_axis',(0.,1.,0.));
#9696=DIRECTION('',(0.,-1.,0.));
#9697=DIRECTION('center_axis',(-1.,0.,0.));
#9698=DIRECTION('ref_axis',(0.,1.,4.44089209850064E-15));
#9699=DIRECTION('',(0.,0.,-1.));
#9700=DIRECTION('center_axis',(-1.,0.,0.));
#9701=DIRECTION('ref_axis',(0.,1.,0.));
#9702=DIRECTION('center_axis',(0.,0.,1.));
#9703=DIRECTION('ref_axis',(1.,0.,0.));
#9704=DIRECTION('center_axis',(0.,0.,1.));
#9705=DIRECTION('ref_axis',(-1.,0.,0.));
#9706=DIRECTION('',(-1.,0.,0.));
#9707=DIRECTION('center_axis',(-1.,0.,0.));
#9708=DIRECTION('ref_axis',(0.,1.,0.));
#9709=DIRECTION('center_axis',(-1.,0.,0.));
#9710=DIRECTION('ref_axis',(0.,1.,0.));
#9711=DIRECTION('',(1.,-1.11022302462516E-15,0.));
#9712=DIRECTION('center_axis',(1.11022302462516E-15,1.,0.));
#9713=DIRECTION('ref_axis',(1.,-1.11022302462516E-15,0.));
#9714=DIRECTION('center_axis',(7.8504622934189E-16,-0.707106781186548,-0.707106781186548));
#9715=DIRECTION('ref_axis',(-1.,0.,-1.11022302462516E-15));
#9716=DIRECTION('',(-1.,6.79815536723448E-32,-1.11022302462516E-15));
#9717=DIRECTION('',(-0.577350269189626,0.577350269189626,-0.577350269189626));
#9718=DIRECTION('',(1.,-6.79815536723448E-32,1.11022302462516E-15));
#9719=DIRECTION('',(0.577350269189628,0.577350269189628,-0.577350269189622));
#9720=DIRECTION('center_axis',(-0.707106781186548,-0.707106781186548,-4.32978028117747E-17));
#9721=DIRECTION('ref_axis',(-6.12323399573677E-17,0.,1.));
#9722=DIRECTION('',(0.,-6.12323399573677E-17,1.));
#9723=DIRECTION('',(-0.577350269189626,0.577350269189626,0.577350269189626));
#9724=DIRECTION('',(0.,6.12323399573677E-17,-1.));
#9725=DIRECTION('center_axis',(0.,-0.707106781186548,0.707106781186548));
#9726=DIRECTION('ref_axis',(1.,0.,0.));
#9727=DIRECTION('',(1.,0.,0.));
#9728=DIRECTION('',(0.577350269189626,0.577350269189626,0.577350269189626));
#9729=DIRECTION('',(-1.,0.,0.));
#9730=DIRECTION('center_axis',(0.707106781186548,-0.707106781186548,-4.32978028117747E-17));
#9731=DIRECTION('ref_axis',(-6.12323399573677E-17,0.,-1.));
#9732=DIRECTION('',(0.,-6.12323399573677E-17,1.));
#9733=DIRECTION('',(0.,6.12323399573677E-17,-1.));
#9734=DIRECTION('center_axis',(1.,0.,0.));
#9735=DIRECTION('ref_axis',(0.,-1.,0.));
#9736=DIRECTION('',(0.,-1.,0.));
#9737=DIRECTION('center_axis',(-1.,0.,0.));
#9738=DIRECTION('ref_axis',(0.,1.,0.));
#9739=DIRECTION('',(0.,0.,-1.));
#9740=DIRECTION('',(0.,1.,0.));
#9741=DIRECTION('',(0.,0.,-1.));
#9742=DIRECTION('center_axis',(-1.,0.,0.));
#9743=DIRECTION('ref_axis',(0.,1.,4.44089209850064E-15));
#9744=DIRECTION('',(0.,-1.,0.));
#9745=DIRECTION('center_axis',(1.11022302462516E-15,0.,-1.));
#9746=DIRECTION('ref_axis',(1.,-6.79815536723448E-32,1.11022302462516E-15));
#9747=DIRECTION('',(0.,-1.,0.));
#9748=DIRECTION('',(1.,-6.79815536723448E-32,1.11022302462516E-15));
#9749=DIRECTION('center_axis',(0.,1.,6.12323399573677E-17));
#9750=DIRECTION('ref_axis',(1.,0.,0.));
#9751=DIRECTION('center_axis',(-0.707106781186539,0.,0.707106781186556));
#9752=DIRECTION('ref_axis',(0.707106781186556,0.,0.707106781186539));
#9753=DIRECTION('',(0.,-1.,0.));
#9754=DIRECTION('',(0.577350269189635,0.577350269189622,0.577350269189621));
#9755=DIRECTION('',(0.,1.,0.));
#9756=DIRECTION('',(0.577350269189635,-0.577350269189622,0.577350269189621));
#9757=DIRECTION('center_axis',(0.,-0.707106781186547,0.707106781186548));
#9758=DIRECTION('ref_axis',(1.,0.,0.));
#9759=DIRECTION('',(1.,0.,0.));
#9760=DIRECTION('',(-0.577350269189635,0.577350269189622,0.577350269189621));
#9761=DIRECTION('',(-1.,0.,0.));
#9762=DIRECTION('center_axis',(7.8504622934189E-16,0.707106781186547,0.707106781186548));
#9763=DIRECTION('ref_axis',(1.,0.,-1.11022302462516E-15));
#9764=DIRECTION('',(1.,-1.11022302462516E-15,0.));
#9765=DIRECTION('',(0.577350269189635,0.577350269189622,-0.577350269189621));
#9766=DIRECTION('',(-1.,1.11022302462516E-15,0.));
#9767=DIRECTION('center_axis',(0.707106781186539,0.,0.707106781186556));
#9768=DIRECTION('ref_axis',(0.707106781186556,0.,-0.707106781186539));
#9769=DIRECTION('',(0.,-1.,0.));
#9770=DIRECTION('center_axis',(0.,-1.,0.));
#9771=DIRECTION('ref_axis',(-1.,0.,0.));
#9772=DIRECTION('',(0.,0.,-1.));
#9773=DIRECTION('',(-1.,0.,0.));
#9774=DIRECTION('center_axis',(-1.,0.,0.));
#9775=DIRECTION('ref_axis',(0.,1.,0.));
#9776=DIRECTION('',(0.,-1.,0.));
#9777=DIRECTION('center_axis',(-1.,0.,0.));
#9778=DIRECTION('ref_axis',(0.,1.,4.44089209850064E-15));
#9779=DIRECTION('',(0.,0.,-1.));
#9780=DIRECTION('center_axis',(-1.,0.,0.));
#9781=DIRECTION('ref_axis',(0.,1.,0.));
#9782=DIRECTION('center_axis',(0.,0.,1.));
#9783=DIRECTION('ref_axis',(1.,0.,0.));
#9784=DIRECTION('center_axis',(0.,0.,1.));
#9785=DIRECTION('ref_axis',(-1.,0.,0.));
#9786=DIRECTION('',(-1.,0.,0.));
#9787=DIRECTION('center_axis',(-1.,0.,0.));
#9788=DIRECTION('ref_axis',(0.,1.,0.));
#9789=DIRECTION('center_axis',(-1.,0.,0.));
#9790=DIRECTION('ref_axis',(0.,1.,0.));
#9791=DIRECTION('',(1.,-1.11022302462516E-15,0.));
#9792=DIRECTION('center_axis',(1.11022302462516E-15,1.,0.));
#9793=DIRECTION('ref_axis',(1.,-1.11022302462516E-15,0.));
#9794=DIRECTION('center_axis',(7.8504622934189E-16,-0.707106781186548,-0.707106781186548));
#9795=DIRECTION('ref_axis',(-1.,0.,-1.11022302462516E-15));
#9796=DIRECTION('',(-1.,6.79815536723448E-32,-1.11022302462516E-15));
#9797=DIRECTION('',(-0.577350269189626,0.577350269189626,-0.577350269189626));
#9798=DIRECTION('',(1.,-6.79815536723448E-32,1.11022302462516E-15));
#9799=DIRECTION('',(0.577350269189628,0.577350269189628,-0.577350269189622));
#9800=DIRECTION('center_axis',(-0.707106781186548,-0.707106781186548,-4.32978028117747E-17));
#9801=DIRECTION('ref_axis',(-6.12323399573677E-17,0.,1.));
#9802=DIRECTION('',(0.,-6.12323399573677E-17,1.));
#9803=DIRECTION('',(-0.577350269189626,0.577350269189626,0.577350269189626));
#9804=DIRECTION('',(0.,6.12323399573677E-17,-1.));
#9805=DIRECTION('center_axis',(0.,-0.707106781186548,0.707106781186548));
#9806=DIRECTION('ref_axis',(1.,0.,0.));
#9807=DIRECTION('',(1.,0.,0.));
#9808=DIRECTION('',(0.577350269189626,0.577350269189626,0.577350269189626));
#9809=DIRECTION('',(-1.,0.,0.));
#9810=DIRECTION('center_axis',(0.707106781186548,-0.707106781186548,-4.32978028117747E-17));
#9811=DIRECTION('ref_axis',(-6.12323399573677E-17,0.,-1.));
#9812=DIRECTION('',(0.,-6.12323399573677E-17,1.));
#9813=DIRECTION('',(0.,6.12323399573677E-17,-1.));
#9814=DIRECTION('center_axis',(1.,0.,0.));
#9815=DIRECTION('ref_axis',(0.,-1.,0.));
#9816=DIRECTION('',(0.,-1.,0.));
#9817=DIRECTION('center_axis',(-1.,0.,0.));
#9818=DIRECTION('ref_axis',(0.,1.,0.));
#9819=DIRECTION('',(0.,0.,-1.));
#9820=DIRECTION('',(0.,1.,0.));
#9821=DIRECTION('',(0.,0.,-1.));
#9822=DIRECTION('center_axis',(-1.,0.,0.));
#9823=DIRECTION('ref_axis',(0.,1.,4.44089209850064E-15));
#9824=DIRECTION('',(0.,-1.,0.));
#9825=DIRECTION('center_axis',(1.11022302462516E-15,0.,-1.));
#9826=DIRECTION('ref_axis',(1.,-6.79815536723448E-32,1.11022302462516E-15));
#9827=DIRECTION('',(0.,-1.,0.));
#9828=DIRECTION('',(1.,-6.79815536723448E-32,1.11022302462516E-15));
#9829=DIRECTION('center_axis',(0.,1.,6.12323399573677E-17));
#9830=DIRECTION('ref_axis',(1.,0.,0.));
#9831=DIRECTION('center_axis',(-0.707106781186539,0.,0.707106781186556));
#9832=DIRECTION('ref_axis',(0.707106781186556,0.,0.707106781186539));
#9833=DIRECTION('',(0.,-1.,0.));
#9834=DIRECTION('',(0.577350269189635,0.577350269189622,0.577350269189621));
#9835=DIRECTION('',(0.,1.,0.));
#9836=DIRECTION('',(0.577350269189635,-0.577350269189622,0.577350269189621));
#9837=DIRECTION('center_axis',(0.,-0.707106781186547,0.707106781186548));
#9838=DIRECTION('ref_axis',(1.,0.,0.));
#9839=DIRECTION('',(1.,0.,0.));
#9840=DIRECTION('',(-0.577350269189635,0.577350269189622,0.577350269189621));
#9841=DIRECTION('',(-1.,0.,0.));
#9842=DIRECTION('center_axis',(7.8504622934189E-16,0.707106781186547,0.707106781186548));
#9843=DIRECTION('ref_axis',(1.,0.,-1.11022302462516E-15));
#9844=DIRECTION('',(1.,-1.11022302462516E-15,0.));
#9845=DIRECTION('',(0.577350269189635,0.577350269189622,-0.577350269189621));
#9846=DIRECTION('',(-1.,1.11022302462516E-15,0.));
#9847=DIRECTION('center_axis',(0.707106781186539,0.,0.707106781186556));
#9848=DIRECTION('ref_axis',(0.707106781186556,0.,-0.707106781186539));
#9849=DIRECTION('',(0.,-1.,0.));
#9850=DIRECTION('center_axis',(0.,-1.,0.));
#9851=DIRECTION('ref_axis',(-1.,0.,0.));
#9852=DIRECTION('',(0.,0.,-1.));
#9853=DIRECTION('',(-1.,0.,0.));
#9854=DIRECTION('center_axis',(-1.,0.,0.));
#9855=DIRECTION('ref_axis',(0.,1.,0.));
#9856=DIRECTION('',(0.,-1.,0.));
#9857=DIRECTION('center_axis',(-1.,0.,0.));
#9858=DIRECTION('ref_axis',(0.,1.,4.44089209850064E-15));
#9859=DIRECTION('',(0.,0.,-1.));
#9860=DIRECTION('center_axis',(-1.,0.,0.));
#9861=DIRECTION('ref_axis',(0.,1.,0.));
#9862=DIRECTION('center_axis',(0.,0.,1.));
#9863=DIRECTION('ref_axis',(1.,0.,0.));
#9864=DIRECTION('center_axis',(0.,0.,1.));
#9865=DIRECTION('ref_axis',(-1.,0.,0.));
#9866=DIRECTION('',(-1.,0.,0.));
#9867=DIRECTION('center_axis',(-1.,0.,0.));
#9868=DIRECTION('ref_axis',(0.,1.,0.));
#9869=DIRECTION('center_axis',(-1.,0.,0.));
#9870=DIRECTION('ref_axis',(0.,1.,0.));
#9871=DIRECTION('',(1.,-1.11022302462516E-15,0.));
#9872=DIRECTION('center_axis',(1.11022302462516E-15,1.,0.));
#9873=DIRECTION('ref_axis',(1.,-1.11022302462516E-15,0.));
#9874=DIRECTION('center_axis',(7.8504622934189E-16,-0.707106781186548,-0.707106781186548));
#9875=DIRECTION('ref_axis',(-1.,0.,-1.11022302462516E-15));
#9876=DIRECTION('',(-1.,6.79815536723448E-32,-1.11022302462516E-15));
#9877=DIRECTION('',(-0.577350269189626,0.577350269189626,-0.577350269189626));
#9878=DIRECTION('',(1.,-6.79815536723448E-32,1.11022302462516E-15));
#9879=DIRECTION('',(0.577350269189628,0.577350269189628,-0.577350269189622));
#9880=DIRECTION('center_axis',(-0.707106781186548,-0.707106781186548,-4.32978028117747E-17));
#9881=DIRECTION('ref_axis',(-6.12323399573677E-17,0.,1.));
#9882=DIRECTION('',(0.,-6.12323399573677E-17,1.));
#9883=DIRECTION('',(-0.577350269189626,0.577350269189626,0.577350269189626));
#9884=DIRECTION('',(0.,6.12323399573677E-17,-1.));
#9885=DIRECTION('center_axis',(0.,-0.707106781186548,0.707106781186548));
#9886=DIRECTION('ref_axis',(1.,0.,0.));
#9887=DIRECTION('',(1.,0.,0.));
#9888=DIRECTION('',(0.577350269189626,0.577350269189626,0.577350269189626));
#9889=DIRECTION('',(-1.,0.,0.));
#9890=DIRECTION('center_axis',(0.707106781186548,-0.707106781186548,-4.32978028117747E-17));
#9891=DIRECTION('ref_axis',(-6.12323399573677E-17,0.,-1.));
#9892=DIRECTION('',(0.,-6.12323399573677E-17,1.));
#9893=DIRECTION('',(0.,6.12323399573677E-17,-1.));
#9894=DIRECTION('center_axis',(1.,0.,0.));
#9895=DIRECTION('ref_axis',(0.,-1.,0.));
#9896=DIRECTION('',(0.,-1.,0.));
#9897=DIRECTION('center_axis',(-1.,0.,0.));
#9898=DIRECTION('ref_axis',(0.,1.,0.));
#9899=DIRECTION('',(0.,0.,-1.));
#9900=DIRECTION('',(0.,1.,0.));
#9901=DIRECTION('',(0.,0.,-1.));
#9902=DIRECTION('center_axis',(-1.,0.,0.));
#9903=DIRECTION('ref_axis',(0.,1.,4.44089209850064E-15));
#9904=DIRECTION('',(0.,-1.,0.));
#9905=DIRECTION('center_axis',(1.11022302462516E-15,0.,-1.));
#9906=DIRECTION('ref_axis',(1.,-6.79815536723448E-32,1.11022302462516E-15));
#9907=DIRECTION('',(0.,-1.,0.));
#9908=DIRECTION('',(1.,-6.79815536723448E-32,1.11022302462516E-15));
#9909=DIRECTION('center_axis',(0.,1.,6.12323399573677E-17));
#9910=DIRECTION('ref_axis',(1.,0.,0.));
#9911=DIRECTION('center_axis',(-0.707106781186539,0.,0.707106781186556));
#9912=DIRECTION('ref_axis',(0.707106781186556,0.,0.707106781186539));
#9913=DIRECTION('',(0.,-1.,0.));
#9914=DIRECTION('',(0.577350269189635,0.577350269189622,0.577350269189621));
#9915=DIRECTION('',(0.,1.,0.));
#9916=DIRECTION('',(0.577350269189635,-0.577350269189622,0.577350269189621));
#9917=DIRECTION('center_axis',(0.,-0.707106781186547,0.707106781186548));
#9918=DIRECTION('ref_axis',(1.,0.,0.));
#9919=DIRECTION('',(1.,0.,0.));
#9920=DIRECTION('',(-0.577350269189635,0.577350269189622,0.577350269189621));
#9921=DIRECTION('',(-1.,0.,0.));
#9922=DIRECTION('center_axis',(7.8504622934189E-16,0.707106781186547,0.707106781186548));
#9923=DIRECTION('ref_axis',(1.,0.,-1.11022302462516E-15));
#9924=DIRECTION('',(1.,-1.11022302462516E-15,0.));
#9925=DIRECTION('',(0.577350269189635,0.577350269189622,-0.577350269189621));
#9926=DIRECTION('',(-1.,1.11022302462516E-15,0.));
#9927=DIRECTION('center_axis',(0.707106781186539,0.,0.707106781186556));
#9928=DIRECTION('ref_axis',(0.707106781186556,0.,-0.707106781186539));
#9929=DIRECTION('',(0.,-1.,0.));
#9930=DIRECTION('center_axis',(0.,-1.,0.));
#9931=DIRECTION('ref_axis',(-1.,0.,0.));
#9932=DIRECTION('',(0.,0.,-1.));
#9933=DIRECTION('',(-1.,0.,0.));
#9934=DIRECTION('center_axis',(-1.,0.,0.));
#9935=DIRECTION('ref_axis',(0.,1.,0.));
#9936=DIRECTION('',(0.,-1.,0.));
#9937=DIRECTION('center_axis',(-1.,0.,0.));
#9938=DIRECTION('ref_axis',(0.,1.,4.44089209850064E-15));
#9939=DIRECTION('',(0.,0.,-1.));
#9940=DIRECTION('center_axis',(-1.,0.,0.));
#9941=DIRECTION('ref_axis',(0.,1.,0.));
#9942=DIRECTION('center_axis',(0.,0.,1.));
#9943=DIRECTION('ref_axis',(1.,0.,0.));
#9944=DIRECTION('center_axis',(0.,0.,1.));
#9945=DIRECTION('ref_axis',(-1.,0.,0.));
#9946=DIRECTION('',(-1.,0.,0.));
#9947=DIRECTION('center_axis',(-1.,0.,0.));
#9948=DIRECTION('ref_axis',(0.,1.,0.));
#9949=DIRECTION('center_axis',(-1.,0.,0.));
#9950=DIRECTION('ref_axis',(0.,1.,0.));
#9951=DIRECTION('',(1.,-1.11022302462516E-15,0.));
#9952=DIRECTION('center_axis',(1.11022302462516E-15,1.,0.));
#9953=DIRECTION('ref_axis',(1.,-1.11022302462516E-15,0.));
#9954=DIRECTION('center_axis',(7.8504622934189E-16,-0.707106781186548,-0.707106781186548));
#9955=DIRECTION('ref_axis',(-1.,0.,-1.11022302462516E-15));
#9956=DIRECTION('',(-1.,6.79815536723448E-32,-1.11022302462516E-15));
#9957=DIRECTION('',(-0.577350269189626,0.577350269189626,-0.577350269189626));
#9958=DIRECTION('',(1.,-6.79815536723448E-32,1.11022302462516E-15));
#9959=DIRECTION('',(0.577350269189628,0.577350269189628,-0.577350269189622));
#9960=DIRECTION('center_axis',(-0.707106781186548,-0.707106781186548,-4.32978028117747E-17));
#9961=DIRECTION('ref_axis',(-6.12323399573677E-17,0.,1.));
#9962=DIRECTION('',(0.,-6.12323399573677E-17,1.));
#9963=DIRECTION('',(-0.577350269189626,0.577350269189626,0.577350269189626));
#9964=DIRECTION('',(0.,6.12323399573677E-17,-1.));
#9965=DIRECTION('center_axis',(0.,-0.707106781186548,0.707106781186548));
#9966=DIRECTION('ref_axis',(1.,0.,0.));
#9967=DIRECTION('',(1.,0.,0.));
#9968=DIRECTION('',(0.577350269189626,0.577350269189626,0.577350269189626));
#9969=DIRECTION('',(-1.,0.,0.));
#9970=DIRECTION('center_axis',(0.707106781186548,-0.707106781186548,-4.32978028117747E-17));
#9971=DIRECTION('ref_axis',(-6.12323399573677E-17,0.,-1.));
#9972=DIRECTION('',(0.,-6.12323399573677E-17,1.));
#9973=DIRECTION('',(0.,6.12323399573677E-17,-1.));
#9974=DIRECTION('center_axis',(1.,0.,0.));
#9975=DIRECTION('ref_axis',(0.,-1.,0.));
#9976=DIRECTION('',(0.,-1.,0.));
#9977=DIRECTION('center_axis',(-1.,0.,0.));
#9978=DIRECTION('ref_axis',(0.,1.,0.));
#9979=DIRECTION('',(0.,0.,-1.));
#9980=DIRECTION('',(0.,1.,0.));
#9981=DIRECTION('',(0.,0.,-1.));
#9982=DIRECTION('center_axis',(-1.,0.,0.));
#9983=DIRECTION('ref_axis',(0.,1.,4.44089209850064E-15));
#9984=DIRECTION('',(0.,-1.,0.));
#9985=DIRECTION('center_axis',(1.11022302462516E-15,0.,-1.));
#9986=DIRECTION('ref_axis',(1.,-6.79815536723448E-32,1.11022302462516E-15));
#9987=DIRECTION('',(0.,-1.,0.));
#9988=DIRECTION('',(1.,-6.79815536723448E-32,1.11022302462516E-15));
#9989=DIRECTION('center_axis',(0.,1.,6.12323399573677E-17));
#9990=DIRECTION('ref_axis',(1.,0.,0.));
#9991=DIRECTION('center_axis',(-0.707106781186539,0.,0.707106781186556));
#9992=DIRECTION('ref_axis',(0.707106781186556,0.,0.707106781186539));
#9993=DIRECTION('',(0.,-1.,0.));
#9994=DIRECTION('',(0.577350269189635,0.577350269189622,0.577350269189621));
#9995=DIRECTION('',(0.,1.,0.));
#9996=DIRECTION('',(0.577350269189635,-0.577350269189622,0.577350269189621));
#9997=DIRECTION('center_axis',(0.,-0.707106781186547,0.707106781186548));
#9998=DIRECTION('ref_axis',(1.,0.,0.));
#9999=DIRECTION('',(1.,0.,0.));
#10000=DIRECTION('',(-0.577350269189635,0.577350269189622,0.577350269189621));
#10001=DIRECTION('',(-1.,0.,0.));
#10002=DIRECTION('center_axis',(7.8504622934189E-16,0.707106781186547,0.707106781186548));
#10003=DIRECTION('ref_axis',(1.,0.,-1.11022302462516E-15));
#10004=DIRECTION('',(1.,-1.11022302462516E-15,0.));
#10005=DIRECTION('',(0.577350269189635,0.577350269189622,-0.577350269189621));
#10006=DIRECTION('',(-1.,1.11022302462516E-15,0.));
#10007=DIRECTION('center_axis',(0.707106781186539,0.,0.707106781186556));
#10008=DIRECTION('ref_axis',(0.707106781186556,0.,-0.707106781186539));
#10009=DIRECTION('',(0.,-1.,0.));
#10010=DIRECTION('center_axis',(0.,-1.,0.));
#10011=DIRECTION('ref_axis',(-1.,0.,0.));
#10012=DIRECTION('',(0.,0.,-1.));
#10013=DIRECTION('',(-1.,0.,0.));
#10014=DIRECTION('center_axis',(-1.,0.,0.));
#10015=DIRECTION('ref_axis',(0.,1.,0.));
#10016=DIRECTION('',(0.,-1.,0.));
#10017=DIRECTION('center_axis',(-1.,0.,0.));
#10018=DIRECTION('ref_axis',(0.,1.,4.44089209850064E-15));
#10019=DIRECTION('',(0.,0.,-1.));
#10020=DIRECTION('center_axis',(-1.,0.,0.));
#10021=DIRECTION('ref_axis',(0.,1.,0.));
#10022=DIRECTION('center_axis',(0.,0.,1.));
#10023=DIRECTION('ref_axis',(1.,0.,0.));
#10024=DIRECTION('center_axis',(0.,0.,1.));
#10025=DIRECTION('ref_axis',(-1.,0.,0.));
#10026=DIRECTION('',(-1.,0.,0.));
#10027=DIRECTION('center_axis',(-1.,0.,0.));
#10028=DIRECTION('ref_axis',(0.,1.,0.));
#10029=DIRECTION('center_axis',(-1.,0.,0.));
#10030=DIRECTION('ref_axis',(0.,1.,0.));
#10031=DIRECTION('',(1.,-1.11022302462516E-15,0.));
#10032=DIRECTION('center_axis',(1.11022302462516E-15,1.,0.));
#10033=DIRECTION('ref_axis',(1.,-1.11022302462516E-15,0.));
#10034=DIRECTION('center_axis',(7.8504622934189E-16,-0.707106781186548,
-0.707106781186548));
#10035=DIRECTION('ref_axis',(-1.,0.,-1.11022302462516E-15));
#10036=DIRECTION('',(-1.,6.79815536723448E-32,-1.11022302462516E-15));
#10037=DIRECTION('',(-0.577350269189626,0.577350269189626,-0.577350269189626));
#10038=DIRECTION('',(1.,-6.79815536723448E-32,1.11022302462516E-15));
#10039=DIRECTION('',(0.577350269189628,0.577350269189628,-0.577350269189622));
#10040=DIRECTION('center_axis',(-0.707106781186548,-0.707106781186548,-4.32978028117747E-17));
#10041=DIRECTION('ref_axis',(-6.12323399573677E-17,0.,1.));
#10042=DIRECTION('',(0.,-6.12323399573677E-17,1.));
#10043=DIRECTION('',(-0.577350269189626,0.577350269189626,0.577350269189626));
#10044=DIRECTION('',(0.,6.12323399573677E-17,-1.));
#10045=DIRECTION('center_axis',(0.,-0.707106781186548,0.707106781186548));
#10046=DIRECTION('ref_axis',(1.,0.,0.));
#10047=DIRECTION('',(1.,0.,0.));
#10048=DIRECTION('',(0.577350269189626,0.577350269189626,0.577350269189626));
#10049=DIRECTION('',(-1.,0.,0.));
#10050=DIRECTION('center_axis',(0.707106781186548,-0.707106781186548,-4.32978028117747E-17));
#10051=DIRECTION('ref_axis',(-6.12323399573677E-17,0.,-1.));
#10052=DIRECTION('',(0.,-6.12323399573677E-17,1.));
#10053=DIRECTION('',(0.,6.12323399573677E-17,-1.));
#10054=DIRECTION('center_axis',(1.,0.,0.));
#10055=DIRECTION('ref_axis',(0.,-1.,0.));
#10056=DIRECTION('',(0.,-1.,0.));
#10057=DIRECTION('center_axis',(-1.,0.,0.));
#10058=DIRECTION('ref_axis',(0.,1.,0.));
#10059=DIRECTION('',(0.,0.,-1.));
#10060=DIRECTION('',(0.,1.,0.));
#10061=DIRECTION('',(0.,0.,-1.));
#10062=DIRECTION('center_axis',(-1.,0.,0.));
#10063=DIRECTION('ref_axis',(0.,1.,4.44089209850064E-15));
#10064=DIRECTION('',(0.,-1.,0.));
#10065=DIRECTION('center_axis',(1.11022302462516E-15,0.,-1.));
#10066=DIRECTION('ref_axis',(1.,-6.79815536723448E-32,1.11022302462516E-15));
#10067=DIRECTION('',(0.,-1.,0.));
#10068=DIRECTION('',(1.,-6.79815536723448E-32,1.11022302462516E-15));
#10069=DIRECTION('center_axis',(0.,1.,6.12323399573677E-17));
#10070=DIRECTION('ref_axis',(1.,0.,0.));
#10071=DIRECTION('center_axis',(-0.707106781186539,0.,0.707106781186556));
#10072=DIRECTION('ref_axis',(0.707106781186556,0.,0.707106781186539));
#10073=DIRECTION('',(0.,-1.,0.));
#10074=DIRECTION('',(0.577350269189635,0.577350269189622,0.577350269189621));
#10075=DIRECTION('',(0.,1.,0.));
#10076=DIRECTION('',(0.577350269189635,-0.577350269189622,0.577350269189621));
#10077=DIRECTION('center_axis',(0.,-0.707106781186547,0.707106781186548));
#10078=DIRECTION('ref_axis',(1.,0.,0.));
#10079=DIRECTION('',(1.,0.,0.));
#10080=DIRECTION('',(-0.577350269189635,0.577350269189622,0.577350269189621));
#10081=DIRECTION('',(-1.,0.,0.));
#10082=DIRECTION('center_axis',(7.8504622934189E-16,0.707106781186547,0.707106781186548));
#10083=DIRECTION('ref_axis',(1.,0.,-1.11022302462516E-15));
#10084=DIRECTION('',(1.,-1.11022302462516E-15,0.));
#10085=DIRECTION('',(0.577350269189635,0.577350269189622,-0.577350269189621));
#10086=DIRECTION('',(-1.,1.11022302462516E-15,0.));
#10087=DIRECTION('center_axis',(0.707106781186539,0.,0.707106781186556));
#10088=DIRECTION('ref_axis',(0.707106781186556,0.,-0.707106781186539));
#10089=DIRECTION('',(0.,-1.,0.));
#10090=DIRECTION('center_axis',(0.,-1.,0.));
#10091=DIRECTION('ref_axis',(-1.,0.,0.));
#10092=DIRECTION('',(0.,0.,-1.));
#10093=DIRECTION('',(-1.,0.,0.));
#10094=DIRECTION('center_axis',(-1.,0.,0.));
#10095=DIRECTION('ref_axis',(0.,1.,0.));
#10096=DIRECTION('',(0.,-1.,0.));
#10097=DIRECTION('center_axis',(-1.,0.,0.));
#10098=DIRECTION('ref_axis',(0.,1.,4.44089209850064E-15));
#10099=DIRECTION('',(0.,0.,-1.));
#10100=DIRECTION('center_axis',(-1.,0.,0.));
#10101=DIRECTION('ref_axis',(0.,1.,0.));
#10102=DIRECTION('center_axis',(0.,0.,1.));
#10103=DIRECTION('ref_axis',(1.,0.,0.));
#10104=DIRECTION('center_axis',(0.,0.,1.));
#10105=DIRECTION('ref_axis',(-1.,0.,0.));
#10106=DIRECTION('',(-1.,0.,0.));
#10107=DIRECTION('center_axis',(-1.,0.,0.));
#10108=DIRECTION('ref_axis',(0.,1.,0.));
#10109=DIRECTION('center_axis',(-1.,0.,0.));
#10110=DIRECTION('ref_axis',(0.,1.,0.));
#10111=DIRECTION('',(1.,-1.11022302462516E-15,0.));
#10112=DIRECTION('center_axis',(1.11022302462516E-15,1.,0.));
#10113=DIRECTION('ref_axis',(1.,-1.11022302462516E-15,0.));
#10114=DIRECTION('center_axis',(7.8504622934189E-16,-0.707106781186548,
-0.707106781186548));
#10115=DIRECTION('ref_axis',(-1.,0.,-1.11022302462516E-15));
#10116=DIRECTION('',(-1.,6.79815536723448E-32,-1.11022302462516E-15));
#10117=DIRECTION('',(-0.577350269189626,0.577350269189626,-0.577350269189626));
#10118=DIRECTION('',(1.,-6.79815536723448E-32,1.11022302462516E-15));
#10119=DIRECTION('',(0.577350269189628,0.577350269189628,-0.577350269189622));
#10120=DIRECTION('center_axis',(-0.707106781186548,-0.707106781186548,-4.32978028117747E-17));
#10121=DIRECTION('ref_axis',(-6.12323399573677E-17,0.,1.));
#10122=DIRECTION('',(0.,-6.12323399573677E-17,1.));
#10123=DIRECTION('',(-0.577350269189626,0.577350269189626,0.577350269189626));
#10124=DIRECTION('',(0.,6.12323399573677E-17,-1.));
#10125=DIRECTION('center_axis',(0.,-0.707106781186548,0.707106781186548));
#10126=DIRECTION('ref_axis',(1.,0.,0.));
#10127=DIRECTION('',(1.,0.,0.));
#10128=DIRECTION('',(0.577350269189626,0.577350269189626,0.577350269189626));
#10129=DIRECTION('',(-1.,0.,0.));
#10130=DIRECTION('center_axis',(0.707106781186548,-0.707106781186548,-4.32978028117747E-17));
#10131=DIRECTION('ref_axis',(-6.12323399573677E-17,0.,-1.));
#10132=DIRECTION('',(0.,-6.12323399573677E-17,1.));
#10133=DIRECTION('',(0.,6.12323399573677E-17,-1.));
#10134=DIRECTION('center_axis',(1.,0.,0.));
#10135=DIRECTION('ref_axis',(0.,-1.,0.));
#10136=DIRECTION('',(0.,-1.,0.));
#10137=DIRECTION('center_axis',(-1.,0.,0.));
#10138=DIRECTION('ref_axis',(0.,1.,0.));
#10139=DIRECTION('',(0.,0.,-1.));
#10140=DIRECTION('',(0.,1.,0.));
#10141=DIRECTION('',(0.,0.,-1.));
#10142=DIRECTION('center_axis',(-1.,0.,0.));
#10143=DIRECTION('ref_axis',(0.,1.,4.44089209850064E-15));
#10144=DIRECTION('',(0.,-1.,0.));
#10145=DIRECTION('center_axis',(1.11022302462516E-15,0.,-1.));
#10146=DIRECTION('ref_axis',(1.,-6.79815536723448E-32,1.11022302462516E-15));
#10147=DIRECTION('',(0.,-1.,0.));
#10148=DIRECTION('',(1.,-6.79815536723448E-32,1.11022302462516E-15));
#10149=DIRECTION('center_axis',(0.,1.,6.12323399573677E-17));
#10150=DIRECTION('ref_axis',(1.,0.,0.));
#10151=DIRECTION('center_axis',(-0.707106781186539,0.,0.707106781186556));
#10152=DIRECTION('ref_axis',(0.707106781186556,0.,0.707106781186539));
#10153=DIRECTION('',(0.,-1.,0.));
#10154=DIRECTION('',(0.577350269189635,0.577350269189622,0.577350269189621));
#10155=DIRECTION('',(0.,1.,0.));
#10156=DIRECTION('',(0.577350269189635,-0.577350269189622,0.577350269189621));
#10157=DIRECTION('center_axis',(0.,-0.707106781186547,0.707106781186548));
#10158=DIRECTION('ref_axis',(1.,0.,0.));
#10159=DIRECTION('',(1.,0.,0.));
#10160=DIRECTION('',(-0.577350269189635,0.577350269189622,0.577350269189621));
#10161=DIRECTION('',(-1.,0.,0.));
#10162=DIRECTION('center_axis',(7.8504622934189E-16,0.707106781186547,0.707106781186548));
#10163=DIRECTION('ref_axis',(1.,0.,-1.11022302462516E-15));
#10164=DIRECTION('',(1.,-1.11022302462516E-15,0.));
#10165=DIRECTION('',(0.577350269189635,0.577350269189622,-0.577350269189621));
#10166=DIRECTION('',(-1.,1.11022302462516E-15,0.));
#10167=DIRECTION('center_axis',(0.707106781186539,0.,0.707106781186556));
#10168=DIRECTION('ref_axis',(0.707106781186556,0.,-0.707106781186539));
#10169=DIRECTION('',(0.,-1.,0.));
#10170=DIRECTION('center_axis',(0.,-1.,0.));
#10171=DIRECTION('ref_axis',(-1.,0.,0.));
#10172=DIRECTION('',(0.,0.,-1.));
#10173=DIRECTION('',(-1.,0.,0.));
#10174=DIRECTION('center_axis',(-1.,0.,0.));
#10175=DIRECTION('ref_axis',(0.,1.,0.));
#10176=DIRECTION('',(0.,-1.,0.));
#10177=DIRECTION('center_axis',(-1.,0.,0.));
#10178=DIRECTION('ref_axis',(0.,1.,4.44089209850064E-15));
#10179=DIRECTION('',(0.,0.,-1.));
#10180=DIRECTION('center_axis',(-1.,0.,0.));
#10181=DIRECTION('ref_axis',(0.,1.,0.));
#10182=DIRECTION('center_axis',(0.,0.,1.));
#10183=DIRECTION('ref_axis',(1.,0.,0.));
#10184=DIRECTION('center_axis',(0.,0.,1.));
#10185=DIRECTION('ref_axis',(-1.,0.,0.));
#10186=DIRECTION('',(-1.,0.,0.));
#10187=DIRECTION('center_axis',(-1.,0.,0.));
#10188=DIRECTION('ref_axis',(0.,1.,0.));
#10189=DIRECTION('center_axis',(-1.,0.,0.));
#10190=DIRECTION('ref_axis',(0.,1.,0.));
#10191=DIRECTION('',(1.,-1.11022302462516E-15,0.));
#10192=DIRECTION('center_axis',(1.11022302462516E-15,1.,0.));
#10193=DIRECTION('ref_axis',(1.,-1.11022302462516E-15,0.));
#10194=DIRECTION('center_axis',(7.8504622934189E-16,-0.707106781186548,
-0.707106781186548));
#10195=DIRECTION('ref_axis',(-1.,0.,-1.11022302462516E-15));
#10196=DIRECTION('',(-1.,6.79815536723448E-32,-1.11022302462516E-15));
#10197=DIRECTION('',(-0.577350269189626,0.577350269189626,-0.577350269189626));
#10198=DIRECTION('',(1.,-6.79815536723448E-32,1.11022302462516E-15));
#10199=DIRECTION('',(0.577350269189628,0.577350269189628,-0.577350269189622));
#10200=DIRECTION('center_axis',(-0.707106781186548,-0.707106781186548,-4.32978028117747E-17));
#10201=DIRECTION('ref_axis',(-6.12323399573677E-17,0.,1.));
#10202=DIRECTION('',(0.,-6.12323399573677E-17,1.));
#10203=DIRECTION('',(-0.577350269189626,0.577350269189626,0.577350269189626));
#10204=DIRECTION('',(0.,6.12323399573677E-17,-1.));
#10205=DIRECTION('center_axis',(0.,-0.707106781186548,0.707106781186548));
#10206=DIRECTION('ref_axis',(1.,0.,0.));
#10207=DIRECTION('',(1.,0.,0.));
#10208=DIRECTION('',(0.577350269189626,0.577350269189626,0.577350269189626));
#10209=DIRECTION('',(-1.,0.,0.));
#10210=DIRECTION('center_axis',(0.707106781186548,-0.707106781186548,-4.32978028117747E-17));
#10211=DIRECTION('ref_axis',(-6.12323399573677E-17,0.,-1.));
#10212=DIRECTION('',(0.,-6.12323399573677E-17,1.));
#10213=DIRECTION('',(0.,6.12323399573677E-17,-1.));
#10214=DIRECTION('center_axis',(1.,0.,0.));
#10215=DIRECTION('ref_axis',(0.,-1.,0.));
#10216=DIRECTION('',(0.,-1.,0.));
#10217=DIRECTION('center_axis',(-1.,0.,0.));
#10218=DIRECTION('ref_axis',(0.,1.,0.));
#10219=DIRECTION('',(0.,0.,-1.));
#10220=DIRECTION('',(0.,1.,0.));
#10221=DIRECTION('',(0.,0.,-1.));
#10222=DIRECTION('center_axis',(-1.,0.,0.));
#10223=DIRECTION('ref_axis',(0.,1.,4.44089209850064E-15));
#10224=DIRECTION('',(0.,-1.,0.));
#10225=DIRECTION('center_axis',(1.11022302462516E-15,0.,-1.));
#10226=DIRECTION('ref_axis',(1.,-6.79815536723448E-32,1.11022302462516E-15));
#10227=DIRECTION('',(0.,-1.,0.));
#10228=DIRECTION('',(1.,-6.79815536723448E-32,1.11022302462516E-15));
#10229=DIRECTION('center_axis',(0.,1.,6.12323399573677E-17));
#10230=DIRECTION('ref_axis',(1.,0.,0.));
#10231=DIRECTION('center_axis',(-0.707106781186539,0.,0.707106781186556));
#10232=DIRECTION('ref_axis',(0.707106781186556,0.,0.707106781186539));
#10233=DIRECTION('',(0.,-1.,0.));
#10234=DIRECTION('',(0.577350269189635,0.577350269189622,0.577350269189621));
#10235=DIRECTION('',(0.,1.,0.));
#10236=DIRECTION('',(0.577350269189635,-0.577350269189622,0.577350269189621));
#10237=DIRECTION('center_axis',(0.,-0.707106781186547,0.707106781186548));
#10238=DIRECTION('ref_axis',(1.,0.,0.));
#10239=DIRECTION('',(1.,0.,0.));
#10240=DIRECTION('',(-0.577350269189635,0.577350269189622,0.577350269189621));
#10241=DIRECTION('',(-1.,0.,0.));
#10242=DIRECTION('center_axis',(7.8504622934189E-16,0.707106781186547,0.707106781186548));
#10243=DIRECTION('ref_axis',(1.,0.,-1.11022302462516E-15));
#10244=DIRECTION('',(1.,-1.11022302462516E-15,0.));
#10245=DIRECTION('',(0.577350269189635,0.577350269189622,-0.577350269189621));
#10246=DIRECTION('',(-1.,1.11022302462516E-15,0.));
#10247=DIRECTION('center_axis',(0.707106781186539,0.,0.707106781186556));
#10248=DIRECTION('ref_axis',(0.707106781186556,0.,-0.707106781186539));
#10249=DIRECTION('',(0.,-1.,0.));
#10250=DIRECTION('center_axis',(0.,-1.,0.));
#10251=DIRECTION('ref_axis',(-1.,0.,0.));
#10252=DIRECTION('',(0.,0.,-1.));
#10253=DIRECTION('',(-1.,0.,0.));
#10254=DIRECTION('center_axis',(-1.,0.,0.));
#10255=DIRECTION('ref_axis',(0.,1.,0.));
#10256=DIRECTION('',(0.,-1.,0.));
#10257=DIRECTION('center_axis',(-1.,0.,0.));
#10258=DIRECTION('ref_axis',(0.,1.,4.44089209850064E-15));
#10259=DIRECTION('',(0.,0.,-1.));
#10260=DIRECTION('center_axis',(-1.,0.,0.));
#10261=DIRECTION('ref_axis',(0.,1.,0.));
#10262=DIRECTION('center_axis',(0.,0.,1.));
#10263=DIRECTION('ref_axis',(1.,0.,0.));
#10264=DIRECTION('center_axis',(0.,0.,1.));
#10265=DIRECTION('ref_axis',(-1.,0.,0.));
#10266=DIRECTION('',(-1.,0.,0.));
#10267=DIRECTION('center_axis',(-1.,0.,0.));
#10268=DIRECTION('ref_axis',(0.,1.,0.));
#10269=DIRECTION('center_axis',(-1.,0.,0.));
#10270=DIRECTION('ref_axis',(0.,1.,0.));
#10271=DIRECTION('',(1.,-1.11022302462516E-15,0.));
#10272=DIRECTION('center_axis',(1.11022302462516E-15,1.,0.));
#10273=DIRECTION('ref_axis',(1.,-1.11022302462516E-15,0.));
#10274=DIRECTION('center_axis',(7.8504622934189E-16,-0.707106781186548,
-0.707106781186548));
#10275=DIRECTION('ref_axis',(-1.,0.,-1.11022302462516E-15));
#10276=DIRECTION('',(-1.,6.79815536723448E-32,-1.11022302462516E-15));
#10277=DIRECTION('',(-0.577350269189626,0.577350269189626,-0.577350269189626));
#10278=DIRECTION('',(1.,-6.79815536723448E-32,1.11022302462516E-15));
#10279=DIRECTION('',(0.577350269189628,0.577350269189628,-0.577350269189622));
#10280=DIRECTION('center_axis',(-0.707106781186548,-0.707106781186548,-4.32978028117747E-17));
#10281=DIRECTION('ref_axis',(-6.12323399573677E-17,0.,1.));
#10282=DIRECTION('',(0.,-6.12323399573677E-17,1.));
#10283=DIRECTION('',(-0.577350269189626,0.577350269189626,0.577350269189626));
#10284=DIRECTION('',(0.,6.12323399573677E-17,-1.));
#10285=DIRECTION('center_axis',(0.,-0.707106781186548,0.707106781186548));
#10286=DIRECTION('ref_axis',(1.,0.,0.));
#10287=DIRECTION('',(1.,0.,0.));
#10288=DIRECTION('',(0.577350269189626,0.577350269189626,0.577350269189626));
#10289=DIRECTION('',(-1.,0.,0.));
#10290=DIRECTION('center_axis',(0.707106781186548,-0.707106781186548,-4.32978028117747E-17));
#10291=DIRECTION('ref_axis',(-6.12323399573677E-17,0.,-1.));
#10292=DIRECTION('',(0.,-6.12323399573677E-17,1.));
#10293=DIRECTION('',(0.,6.12323399573677E-17,-1.));
#10294=DIRECTION('center_axis',(1.,0.,0.));
#10295=DIRECTION('ref_axis',(0.,-1.,0.));
#10296=DIRECTION('',(0.,-1.,0.));
#10297=DIRECTION('center_axis',(-1.,0.,0.));
#10298=DIRECTION('ref_axis',(0.,1.,0.));
#10299=DIRECTION('',(0.,0.,-1.));
#10300=DIRECTION('',(0.,1.,0.));
#10301=DIRECTION('',(0.,0.,-1.));
#10302=DIRECTION('center_axis',(-1.,0.,0.));
#10303=DIRECTION('ref_axis',(0.,1.,4.44089209850064E-15));
#10304=DIRECTION('',(0.,-1.,0.));
#10305=DIRECTION('center_axis',(1.11022302462516E-15,0.,-1.));
#10306=DIRECTION('ref_axis',(1.,-6.79815536723448E-32,1.11022302462516E-15));
#10307=DIRECTION('',(0.,-1.,0.));
#10308=DIRECTION('',(1.,-6.79815536723448E-32,1.11022302462516E-15));
#10309=DIRECTION('center_axis',(0.,1.,6.12323399573677E-17));
#10310=DIRECTION('ref_axis',(1.,0.,0.));
#10311=DIRECTION('center_axis',(-0.707106781186539,0.,0.707106781186556));
#10312=DIRECTION('ref_axis',(0.707106781186556,0.,0.707106781186539));
#10313=DIRECTION('',(0.,-1.,0.));
#10314=DIRECTION('',(0.577350269189635,0.577350269189622,0.577350269189621));
#10315=DIRECTION('',(0.,1.,0.));
#10316=DIRECTION('',(0.577350269189635,-0.577350269189622,0.577350269189621));
#10317=DIRECTION('center_axis',(0.,-0.707106781186547,0.707106781186548));
#10318=DIRECTION('ref_axis',(1.,0.,0.));
#10319=DIRECTION('',(1.,0.,0.));
#10320=DIRECTION('',(-0.577350269189635,0.577350269189622,0.577350269189621));
#10321=DIRECTION('',(-1.,0.,0.));
#10322=DIRECTION('center_axis',(7.8504622934189E-16,0.707106781186547,0.707106781186548));
#10323=DIRECTION('ref_axis',(1.,0.,-1.11022302462516E-15));
#10324=DIRECTION('',(1.,-1.11022302462516E-15,0.));
#10325=DIRECTION('',(0.577350269189635,0.577350269189622,-0.577350269189621));
#10326=DIRECTION('',(-1.,1.11022302462516E-15,0.));
#10327=DIRECTION('center_axis',(0.707106781186539,0.,0.707106781186556));
#10328=DIRECTION('ref_axis',(0.707106781186556,0.,-0.707106781186539));
#10329=DIRECTION('',(0.,-1.,0.));
#10330=DIRECTION('center_axis',(0.,-1.,0.));
#10331=DIRECTION('ref_axis',(-1.,0.,0.));
#10332=DIRECTION('',(0.,0.,-1.));
#10333=DIRECTION('',(-1.,0.,0.));
#10334=DIRECTION('center_axis',(-1.,0.,0.));
#10335=DIRECTION('ref_axis',(0.,1.,0.));
#10336=DIRECTION('',(0.,-1.,0.));
#10337=DIRECTION('center_axis',(-1.,0.,0.));
#10338=DIRECTION('ref_axis',(0.,1.,4.44089209850064E-15));
#10339=DIRECTION('',(0.,0.,-1.));
#10340=DIRECTION('center_axis',(-1.,0.,0.));
#10341=DIRECTION('ref_axis',(0.,1.,0.));
#10342=DIRECTION('center_axis',(0.,0.,1.));
#10343=DIRECTION('ref_axis',(1.,0.,0.));
#10344=DIRECTION('center_axis',(0.,0.,1.));
#10345=DIRECTION('ref_axis',(-1.,0.,0.));
#10346=DIRECTION('',(-1.,0.,0.));
#10347=DIRECTION('center_axis',(-1.,0.,0.));
#10348=DIRECTION('ref_axis',(0.,1.,0.));
#10349=DIRECTION('center_axis',(-1.,0.,0.));
#10350=DIRECTION('ref_axis',(0.,1.,0.));
#10351=DIRECTION('',(1.,-1.11022302462516E-15,0.));
#10352=DIRECTION('center_axis',(1.11022302462516E-15,1.,0.));
#10353=DIRECTION('ref_axis',(1.,-1.11022302462516E-15,0.));
#10354=DIRECTION('center_axis',(7.8504622934189E-16,-0.707106781186548,
-0.707106781186548));
#10355=DIRECTION('ref_axis',(-1.,0.,-1.11022302462516E-15));
#10356=DIRECTION('',(-1.,6.79815536723448E-32,-1.11022302462516E-15));
#10357=DIRECTION('',(-0.577350269189626,0.577350269189626,-0.577350269189626));
#10358=DIRECTION('',(1.,-6.79815536723448E-32,1.11022302462516E-15));
#10359=DIRECTION('',(0.577350269189628,0.577350269189628,-0.577350269189622));
#10360=DIRECTION('center_axis',(-0.707106781186548,-0.707106781186548,-4.32978028117747E-17));
#10361=DIRECTION('ref_axis',(-6.12323399573677E-17,0.,1.));
#10362=DIRECTION('',(0.,-6.12323399573677E-17,1.));
#10363=DIRECTION('',(-0.577350269189626,0.577350269189626,0.577350269189626));
#10364=DIRECTION('',(0.,6.12323399573677E-17,-1.));
#10365=DIRECTION('center_axis',(0.,-0.707106781186548,0.707106781186548));
#10366=DIRECTION('ref_axis',(1.,0.,0.));
#10367=DIRECTION('',(1.,0.,0.));
#10368=DIRECTION('',(0.577350269189626,0.577350269189626,0.577350269189626));
#10369=DIRECTION('',(-1.,0.,0.));
#10370=DIRECTION('center_axis',(0.707106781186548,-0.707106781186548,-4.32978028117747E-17));
#10371=DIRECTION('ref_axis',(-6.12323399573677E-17,0.,-1.));
#10372=DIRECTION('',(0.,-6.12323399573677E-17,1.));
#10373=DIRECTION('',(0.,6.12323399573677E-17,-1.));
#10374=DIRECTION('center_axis',(1.,0.,0.));
#10375=DIRECTION('ref_axis',(0.,-1.,0.));
#10376=DIRECTION('',(0.,-1.,0.));
#10377=DIRECTION('center_axis',(-1.,0.,0.));
#10378=DIRECTION('ref_axis',(0.,1.,0.));
#10379=DIRECTION('',(0.,0.,-1.));
#10380=DIRECTION('',(0.,1.,0.));
#10381=DIRECTION('',(0.,0.,-1.));
#10382=DIRECTION('center_axis',(-1.,0.,0.));
#10383=DIRECTION('ref_axis',(0.,1.,4.44089209850064E-15));
#10384=DIRECTION('',(0.,-1.,0.));
#10385=DIRECTION('center_axis',(1.11022302462516E-15,0.,-1.));
#10386=DIRECTION('ref_axis',(1.,-6.79815536723448E-32,1.11022302462516E-15));
#10387=DIRECTION('',(0.,-1.,0.));
#10388=DIRECTION('',(1.,-6.79815536723448E-32,1.11022302462516E-15));
#10389=DIRECTION('center_axis',(0.,1.,6.12323399573677E-17));
#10390=DIRECTION('ref_axis',(1.,0.,0.));
#10391=DIRECTION('center_axis',(-0.707106781186539,0.,0.707106781186556));
#10392=DIRECTION('ref_axis',(0.707106781186556,0.,0.707106781186539));
#10393=DIRECTION('',(0.,-1.,0.));
#10394=DIRECTION('',(0.577350269189635,0.577350269189622,0.577350269189621));
#10395=DIRECTION('',(0.,1.,0.));
#10396=DIRECTION('',(0.577350269189635,-0.577350269189622,0.577350269189621));
#10397=DIRECTION('center_axis',(0.,-0.707106781186547,0.707106781186548));
#10398=DIRECTION('ref_axis',(1.,0.,0.));
#10399=DIRECTION('',(1.,0.,0.));
#10400=DIRECTION('',(-0.577350269189635,0.577350269189622,0.577350269189621));
#10401=DIRECTION('',(-1.,0.,0.));
#10402=DIRECTION('center_axis',(7.8504622934189E-16,0.707106781186547,0.707106781186548));
#10403=DIRECTION('ref_axis',(1.,0.,-1.11022302462516E-15));
#10404=DIRECTION('',(1.,-1.11022302462516E-15,0.));
#10405=DIRECTION('',(0.577350269189635,0.577350269189622,-0.577350269189621));
#10406=DIRECTION('',(-1.,1.11022302462516E-15,0.));
#10407=DIRECTION('center_axis',(0.707106781186539,0.,0.707106781186556));
#10408=DIRECTION('ref_axis',(0.707106781186556,0.,-0.707106781186539));
#10409=DIRECTION('',(0.,-1.,0.));
#10410=DIRECTION('center_axis',(0.,-1.,0.));
#10411=DIRECTION('ref_axis',(-1.,0.,0.));
#10412=DIRECTION('',(0.,0.,-1.));
#10413=DIRECTION('',(-1.,0.,0.));
#10414=DIRECTION('center_axis',(-1.,0.,0.));
#10415=DIRECTION('ref_axis',(0.,1.,0.));
#10416=DIRECTION('',(0.,-1.,0.));
#10417=DIRECTION('center_axis',(-1.,0.,0.));
#10418=DIRECTION('ref_axis',(0.,1.,4.44089209850064E-15));
#10419=DIRECTION('',(0.,0.,-1.));
#10420=DIRECTION('center_axis',(-1.,0.,0.));
#10421=DIRECTION('ref_axis',(0.,1.,0.));
#10422=DIRECTION('center_axis',(0.,0.,1.));
#10423=DIRECTION('ref_axis',(1.,0.,0.));
#10424=DIRECTION('center_axis',(0.,0.,1.));
#10425=DIRECTION('ref_axis',(-1.,0.,0.));
#10426=DIRECTION('',(-1.,0.,0.));
#10427=DIRECTION('center_axis',(-1.,0.,0.));
#10428=DIRECTION('ref_axis',(0.,1.,0.));
#10429=DIRECTION('center_axis',(-1.,0.,0.));
#10430=DIRECTION('ref_axis',(0.,1.,0.));
#10431=DIRECTION('',(1.,-1.11022302462516E-15,0.));
#10432=DIRECTION('center_axis',(1.11022302462516E-15,1.,0.));
#10433=DIRECTION('ref_axis',(1.,-1.11022302462516E-15,0.));
#10434=CARTESIAN_POINT('',(0.,0.,0.));
#10435=CARTESIAN_POINT('Origin',(15.95,2.5,-2.));
#10436=CARTESIAN_POINT('',(15.35,2.5,0.));
#10437=CARTESIAN_POINT('',(15.35,2.5,-2.));
#10438=CARTESIAN_POINT('',(15.35,2.5,-2.5));
#10439=CARTESIAN_POINT('',(15.95,2.5,0.));
#10440=CARTESIAN_POINT('',(7.975,2.5,0.));
#10441=CARTESIAN_POINT('',(15.95,2.5,-2.));
#10442=CARTESIAN_POINT('',(15.95,2.5,-2.5));
#10443=CARTESIAN_POINT('',(15.95,2.5,-2.));
#10444=CARTESIAN_POINT('Origin',(15.95,3.5,-2.));
#10445=CARTESIAN_POINT('',(15.35,3.5,-2.));
#10446=CARTESIAN_POINT('',(15.35,2.95,-2.));
#10447=CARTESIAN_POINT('',(15.95,3.5,-2.));
#10448=CARTESIAN_POINT('',(15.95,2.95,-2.));
#10449=CARTESIAN_POINT('',(15.95,3.5,-2.));
#10450=CARTESIAN_POINT('Origin',(15.95,3.5,0.));
#10451=CARTESIAN_POINT('',(15.35,3.5,-3.37037740267766E-32));
#10452=CARTESIAN_POINT('',(15.35,3.5,-1.5));
#10453=CARTESIAN_POINT('',(15.95,3.5,0.));
#10454=CARTESIAN_POINT('',(15.95,3.5,-1.5));
#10455=CARTESIAN_POINT('',(7.975,3.5,-3.37037740267766E-32));
#10456=CARTESIAN_POINT('Origin',(15.95,3.5,0.));
#10457=CARTESIAN_POINT('',(-15.35,3.5,-3.37037740267766E-32));
#10458=CARTESIAN_POINT('',(-15.35,3.5,-2.));
#10459=CARTESIAN_POINT('',(-15.35,3.5,-1.5));
#10460=CARTESIAN_POINT('',(-15.95,3.5,-3.37037740267766E-32));
#10461=CARTESIAN_POINT('',(7.975,3.5,-3.37037740267766E-32));
#10462=CARTESIAN_POINT('',(-15.95,3.5,-2.));
#10463=CARTESIAN_POINT('',(-15.95,3.5,-1.5));
#10464=CARTESIAN_POINT('',(15.95,3.5,-2.));
#10465=CARTESIAN_POINT('Origin',(15.95,3.5,-2.));
#10466=CARTESIAN_POINT('',(-15.35,2.5,-2.));
#10467=CARTESIAN_POINT('',(-15.35,2.95,-2.));
#10468=CARTESIAN_POINT('',(-15.95,2.5,-2.));
#10469=CARTESIAN_POINT('',(-15.95,2.95,-2.));
#10470=CARTESIAN_POINT('',(15.95,2.5,-2.));
#10471=CARTESIAN_POINT('Origin',(15.95,2.5,-2.));
#10472=CARTESIAN_POINT('',(-15.35,2.5,0.));
#10473=CARTESIAN_POINT('',(-15.35,2.5,-2.5));
#10474=CARTESIAN_POINT('',(-15.95,2.5,-2.40741243048404E-32));
#10475=CARTESIAN_POINT('',(-15.95,2.5,-2.5));
#10476=CARTESIAN_POINT('',(7.975,2.5,0.));
#10477=CARTESIAN_POINT('Origin',(-15.95,2.4,-3.));
#10478=CARTESIAN_POINT('',(-15.95,4.8,0.));
#10479=CARTESIAN_POINT('',(-15.95,0.,0.));
#10480=CARTESIAN_POINT('',(-15.95,4.8,-6.));
#10481=CARTESIAN_POINT('',(-15.95,4.8,-4.62223186652937E-32));
#10482=CARTESIAN_POINT('',(-15.95,3.3,-6.00000000000001));
#10483=CARTESIAN_POINT('',(-15.95,4.8,-6.));
#10484=CARTESIAN_POINT('',(-15.95,2.5,-7.59999999999999));
#10485=CARTESIAN_POINT('',(-15.95,3.3,-6.00000000000001));
#10486=CARTESIAN_POINT('',(-15.95,-1.39609735102798E-15,-7.6));
#10487=CARTESIAN_POINT('',(-15.95,2.5,-7.59999999999999));
#10488=CARTESIAN_POINT('',(-15.95,0.,0.));
#10489=CARTESIAN_POINT('',(-15.95,-1.39609735102798E-15,-7.6));
#10490=CARTESIAN_POINT('',(-15.95,0.,0.));
#10491=CARTESIAN_POINT('Origin',(0.,4.8,-4.62223186652937E-32));
#10492=CARTESIAN_POINT('',(-15.35,4.2,-1.34815096107107E-32));
#10493=CARTESIAN_POINT('',(-15.35,3.6,0.));
#10494=CARTESIAN_POINT('',(-13.15,4.2,-6.9915959373198E-16));
#10495=CARTESIAN_POINT('',(0.,4.2,0.));
#10496=CARTESIAN_POINT('',(-13.15,4.8,-6.9915959373198E-16));
#10497=CARTESIAN_POINT('',(-13.15,4.8,0.));
#10498=CARTESIAN_POINT('',(0.,4.8,-4.62223186652937E-32));
#10499=CARTESIAN_POINT('Origin',(0.,4.8,-4.62223186652937E-32));
#10500=CARTESIAN_POINT('',(15.95,4.8,0.));
#10501=CARTESIAN_POINT('',(15.95,0.,0.));
#10502=CARTESIAN_POINT('',(13.15,4.8,-6.9915959373198E-16));
#10503=CARTESIAN_POINT('',(0.,4.8,-4.62223186652937E-32));
#10504=CARTESIAN_POINT('',(13.15,4.2,-6.9915959373198E-16));
#10505=CARTESIAN_POINT('',(13.15,4.8,0.));
#10506=CARTESIAN_POINT('',(15.35,4.2,-1.34815096107107E-32));
#10507=CARTESIAN_POINT('',(0.,4.2,0.));
#10508=CARTESIAN_POINT('',(15.35,3.6,0.));
#10509=CARTESIAN_POINT('Origin',(15.35,2.4,-3.));
#10510=CARTESIAN_POINT('',(15.35,4.2,-3.57734173766289));
#10511=CARTESIAN_POINT('',(15.35,4.2,-4.5));
#10512=CARTESIAN_POINT('',(15.35,3.8,-3.57734173766289));
#10513=CARTESIAN_POINT('',(15.35,3.6,-3.57734173766289));
#10514=CARTESIAN_POINT('',(15.35,3.8,-5.4));
#10515=CARTESIAN_POINT('',(15.35,3.8,-4.39231598626968));
#10516=CARTESIAN_POINT('',(15.35,0.8,-5.40000000000002));
#10517=CARTESIAN_POINT('',(15.35,1.2,-5.40000000000001));
#10518=CARTESIAN_POINT('',(15.35,0.8,2.69630192214213E-32));
#10519=CARTESIAN_POINT('',(15.35,0.8,-1.5));
#10520=CARTESIAN_POINT('',(15.35,3.6,0.));
#10521=CARTESIAN_POINT('Origin',(-13.15,4.8,-4.));
#10522=CARTESIAN_POINT('',(-13.15,4.2,-4.));
#10523=CARTESIAN_POINT('',(-13.15,4.2,-5.));
#10524=CARTESIAN_POINT('',(-13.15,4.8,-4.));
#10525=CARTESIAN_POINT('',(-13.15,4.8,-4.));
#10526=CARTESIAN_POINT('',(-13.15,4.8,-5.));
#10527=CARTESIAN_POINT('Origin',(-15.45,4.8,-3.57734173766289));
#10528=CARTESIAN_POINT('',(-15.35,3.8,-3.57734173766289));
#10529=CARTESIAN_POINT('',(-15.35,4.2,-3.57734173766289));
#10530=CARTESIAN_POINT('',(-15.35,3.6,-3.57734173766289));
#10531=CARTESIAN_POINT('',(-15.45,3.8,-3.57734173766289));
#10532=CARTESIAN_POINT('',(-14.45,3.8,-3.57734173766289));
#10533=CARTESIAN_POINT('',(-15.45,4.8,-3.57734173766289));
#10534=CARTESIAN_POINT('',(-15.45,4.8,-3.57734173766289));
#10535=CARTESIAN_POINT('',(-14.45,4.8,-3.57734173766289));
#10536=CARTESIAN_POINT('',(-7.725,4.8,-3.57734173766289));
#10537=CARTESIAN_POINT('',(-14.45,4.2,-3.57734173766289));
#10538=CARTESIAN_POINT('',(-14.45,4.8,-3.57734173766289));
#10539=CARTESIAN_POINT('',(-7.725,4.2,-3.57734173766289));
#10540=CARTESIAN_POINT('Origin',(-15.45,4.8,-6.));
#10541=CARTESIAN_POINT('',(-15.45,4.8,-6.));
#10542=CARTESIAN_POINT('',(-15.45,4.8,-6.));
#10543=CARTESIAN_POINT('',(-15.45,3.8,-6.));
#10544=CARTESIAN_POINT('',(-15.45,3.8,-3.57734173766289));
#10545=CARTESIAN_POINT('',(-15.45,2.4,-6.00000000000001));
#10546=CARTESIAN_POINT('Origin',(-14.45,4.8,-3.57734173766289));
#10547=CARTESIAN_POINT('',(-14.45,4.2,-5.4));
#10548=CARTESIAN_POINT('',(-14.45,3.8,-5.4));
#10549=CARTESIAN_POINT('',(-14.45,2.4,-5.40000000000001));
#10550=CARTESIAN_POINT('',(-14.45,4.2,-4.78867086883145));
#10551=CARTESIAN_POINT('',(-14.45,4.8,-5.7999998435378));
#10552=CARTESIAN_POINT('',(-14.45,4.8,-4.78867086883145));
#10553=CARTESIAN_POINT('',(-14.45,3.8,-5.7999998435378));
#10554=CARTESIAN_POINT('',(-14.45,4.8,-5.7999998435378));
#10555=CARTESIAN_POINT('',(-14.45,3.8,-7.99192220741581));
#10556=CARTESIAN_POINT('Origin',(-14.95,3.8,-5.78463197253935));
#10557=CARTESIAN_POINT('',(-15.35,3.8,-5.4));
#10558=CARTESIAN_POINT('',(-15.35,3.8,-4.39231598626968));
#10559=CARTESIAN_POINT('',(-7.475,3.8,-5.4));
#10560=CARTESIAN_POINT('',(-14.6,3.8,-5.7999998435378));
#10561=CARTESIAN_POINT('',(-14.175,3.8,-5.7999998435378));
#10562=CARTESIAN_POINT('',(-14.6000000042468,3.8,-6.));
#10563=CARTESIAN_POINT('',(-14.6000000002662,3.8,-5.79231590197567));
#10564=CARTESIAN_POINT('',(-7.475,3.8,-6.));
#10565=CARTESIAN_POINT('Origin',(-13.4,4.8,-5.7999998435378));
#10566=CARTESIAN_POINT('',(-13.4,4.8,-5.7999998435378));
#10567=CARTESIAN_POINT('',(-6.7,4.8,-5.7999998435378));
#10568=CARTESIAN_POINT('',(-13.4,0.2,-5.79999984353781));
#10569=CARTESIAN_POINT('',(-13.4,4.8,-5.7999998435378));
#10570=CARTESIAN_POINT('',(-14.6,0.2,-5.79999984353781));
#10571=CARTESIAN_POINT('',(-14.375,0.2,-5.7999998435378));
#10572=CARTESIAN_POINT('',(-14.6,4.8,-5.7999998435378));
#10573=CARTESIAN_POINT('',(-13.7499999999998,2.85,-5.7999998435378));
#10574=CARTESIAN_POINT('',(-14.2500000000002,2.85,-5.7999998435378));
#10575=CARTESIAN_POINT('',(-13.5749999999999,2.85,-5.79999984353781));
#10576=CARTESIAN_POINT('',(-13.7499999999998,3.35,-5.7999998435378));
#10577=CARTESIAN_POINT('',(-13.7499999999998,4.075,-5.79999984353781));
#10578=CARTESIAN_POINT('',(-14.2500000000002,3.35,-5.7999998435378));
#10579=CARTESIAN_POINT('',(-13.8250000000001,3.35,-5.79999984353781));
#10580=CARTESIAN_POINT('',(-14.2500000000002,3.825,-5.79999984353781));
#10581=CARTESIAN_POINT('Origin',(0.,4.8,-6.));
#10582=CARTESIAN_POINT('',(13.15,4.8,-4.));
#10583=CARTESIAN_POINT('',(0.,4.8,-4.));
#10584=CARTESIAN_POINT('',(13.15,4.8,-5.));
#10585=CARTESIAN_POINT('',(15.95,4.8,-6.));
#10586=CARTESIAN_POINT('',(15.95,4.8,-4.62223186652937E-32));
#10587=CARTESIAN_POINT('',(15.45,4.8,-6.));
#10588=CARTESIAN_POINT('',(0.,4.8,-6.));
#10589=CARTESIAN_POINT('',(15.45,4.8,-3.57734173766289));
#10590=CARTESIAN_POINT('',(15.45,4.8,-6.));
#10591=CARTESIAN_POINT('',(14.45,4.8,-3.57734173766289));
#10592=CARTESIAN_POINT('',(7.725,4.8,-3.57734173766289));
#10593=CARTESIAN_POINT('',(14.45,4.8,-5.7999998435378));
#10594=CARTESIAN_POINT('',(14.45,4.8,-4.78867086883145));
#10595=CARTESIAN_POINT('',(13.4,4.8,-5.7999998435378));
#10596=CARTESIAN_POINT('',(7.3,4.8,-5.7999998435378));
#10597=CARTESIAN_POINT('',(13.400000006929,4.8,-6.));
#10598=CARTESIAN_POINT('',(13.4000000034645,4.8,-5.89999968964603));
#10599=CARTESIAN_POINT('',(12.6000000042468,4.8,-6.));
#10600=CARTESIAN_POINT('',(0.,4.8,-6.));
#10601=CARTESIAN_POINT('',(12.6,4.8,-5.7999998435378));
#10602=CARTESIAN_POINT('',(12.6000000042468,4.8,-5.99999986622483));
#10603=CARTESIAN_POINT('',(11.4,4.8,-5.7999998435378));
#10604=CARTESIAN_POINT('',(6.3,4.8,-5.7999998435378));
#10605=CARTESIAN_POINT('',(11.400000006929,4.8,-6.));
#10606=CARTESIAN_POINT('',(11.4000000034645,4.8,-5.89999972429124));
#10607=CARTESIAN_POINT('',(10.6000000042468,4.8,-6.));
#10608=CARTESIAN_POINT('',(0.,4.8,-6.));
#10609=CARTESIAN_POINT('',(10.6,4.8,-5.7999998435378));
#10610=CARTESIAN_POINT('',(10.6000000042468,4.8,-5.99999988745899));
#10611=CARTESIAN_POINT('',(9.4,4.8,-5.7999998435378));
#10612=CARTESIAN_POINT('',(5.3,4.8,-5.7999998435378));
#10613=CARTESIAN_POINT('',(9.40000000692905,4.8,-6.));
#10614=CARTESIAN_POINT('',(9.40000000346452,4.8,-5.89999975893644));
#10615=CARTESIAN_POINT('',(8.60000000424683,4.8,-6.));
#10616=CARTESIAN_POINT('',(0.,4.8,-6.));
#10617=CARTESIAN_POINT('',(8.6,4.8,-5.7999998435378));
#10618=CARTESIAN_POINT('',(8.60000000424683,4.8,-5.99999990869314));
#10619=CARTESIAN_POINT('',(7.4,4.8,-5.7999998435378));
#10620=CARTESIAN_POINT('',(4.3,4.8,-5.7999998435378));
#10621=CARTESIAN_POINT('',(7.40000000692904,4.8,-6.));
#10622=CARTESIAN_POINT('',(7.40000000346452,4.8,-5.89999979358165));
#10623=CARTESIAN_POINT('',(6.60000000424683,4.8,-6.));
#10624=CARTESIAN_POINT('',(0.,4.8,-6.));
#10625=CARTESIAN_POINT('',(6.6,4.8,-5.7999998435378));
#10626=CARTESIAN_POINT('',(6.60000000424683,4.8,-5.99999992992729));
#10627=CARTESIAN_POINT('',(5.4,4.8,-5.7999998435378));
#10628=CARTESIAN_POINT('',(3.3,4.8,-5.7999998435378));
#10629=CARTESIAN_POINT('',(5.40000000692904,4.8,-6.));
#10630=CARTESIAN_POINT('',(5.40000000346452,4.8,-5.89999982822685));
#10631=CARTESIAN_POINT('',(4.60000000424683,4.8,-6.));
#10632=CARTESIAN_POINT('',(0.,4.8,-6.));
#10633=CARTESIAN_POINT('',(4.6,4.8,-5.7999998435378));
#10634=CARTESIAN_POINT('',(4.60000000424683,4.8,-5.99999995116145));
#10635=CARTESIAN_POINT('',(3.4,4.8,-5.7999998435378));
#10636=CARTESIAN_POINT('',(2.3,4.8,-5.7999998435378));
#10637=CARTESIAN_POINT('',(3.40000000692904,4.8,-6.));
#10638=CARTESIAN_POINT('',(3.40000000346452,4.8,-5.89999986287205));
#10639=CARTESIAN_POINT('',(2.60000000424683,4.8,-6.));
#10640=CARTESIAN_POINT('',(0.,4.8,-6.));
#10641=CARTESIAN_POINT('',(2.6,4.8,-5.7999998435378));
#10642=CARTESIAN_POINT('',(2.60000000424683,4.8,-5.9999999723956));
#10643=CARTESIAN_POINT('',(1.4,4.8,-5.7999998435378));
#10644=CARTESIAN_POINT('',(1.3,4.8,-5.7999998435378));
#10645=CARTESIAN_POINT('',(1.40000000692904,4.8,-6.));
#10646=CARTESIAN_POINT('',(1.40000000346452,4.8,-5.89999989751726));
#10647=CARTESIAN_POINT('',(0.600000004246832,4.8,-6.));
#10648=CARTESIAN_POINT('',(0.,4.8,-6.));
#10649=CARTESIAN_POINT('',(0.599999999999998,4.8,-5.7999998435378));
#10650=CARTESIAN_POINT('',(0.600000004246832,4.8,-5.99999999362975));
#10651=CARTESIAN_POINT('',(-0.600000000000003,4.8,-5.7999998435378));
#10652=CARTESIAN_POINT('',(0.299999999999999,4.8,-5.7999998435378));
#10653=CARTESIAN_POINT('',(-0.599999993070957,4.8,-6.));
#10654=CARTESIAN_POINT('',(-0.599999996535479,4.8,-5.89999993216246));
#10655=CARTESIAN_POINT('',(-1.39999999575317,4.8,-6.));
#10656=CARTESIAN_POINT('',(0.,4.8,-6.));
#10657=CARTESIAN_POINT('',(-1.4,4.8,-5.7999998435378));
#10658=CARTESIAN_POINT('',(-1.39999999575317,4.8,-6.00000001486391));
#10659=CARTESIAN_POINT('',(-2.6,4.8,-5.7999998435378));
#10660=CARTESIAN_POINT('',(-0.700000000000001,4.8,-5.7999998435378));
#10661=CARTESIAN_POINT('',(-2.59999999307096,4.8,-6.));
#10662=CARTESIAN_POINT('',(-2.59999999653548,4.8,-5.89999996680767));
#10663=CARTESIAN_POINT('',(-3.39999999575317,4.8,-6.));
#10664=CARTESIAN_POINT('',(0.,4.8,-6.));
#10665=CARTESIAN_POINT('',(-3.4,4.8,-5.7999998435378));
#10666=CARTESIAN_POINT('',(-3.39999999575317,4.8,-6.00000003609806));
#10667=CARTESIAN_POINT('',(-4.6,4.8,-5.7999998435378));
#10668=CARTESIAN_POINT('',(-1.7,4.8,-5.7999998435378));
#10669=CARTESIAN_POINT('',(-4.59999999307096,4.8,-6.));
#10670=CARTESIAN_POINT('',(-4.59999999653548,4.8,-5.90000000145287));
#10671=CARTESIAN_POINT('',(-5.39999999575317,4.8,-6.));
#10672=CARTESIAN_POINT('',(0.,4.8,-6.));
#10673=CARTESIAN_POINT('',(-5.4,4.8,-5.7999998435378));
#10674=CARTESIAN_POINT('',(-5.39999999575317,4.8,-6.00000005733221));
#10675=CARTESIAN_POINT('',(-6.6,4.8,-5.7999998435378));
#10676=CARTESIAN_POINT('',(-2.7,4.8,-5.7999998435378));
#10677=CARTESIAN_POINT('',(-6.59999999307096,4.8,-6.));
#10678=CARTESIAN_POINT('',(-6.59999999653548,4.8,-5.90000003609807));
#10679=CARTESIAN_POINT('',(-7.39999999575317,4.8,-6.));
#10680=CARTESIAN_POINT('',(0.,4.8,-6.));
#10681=CARTESIAN_POINT('',(-7.4,4.8,-5.7999998435378));
#10682=CARTESIAN_POINT('',(-7.39999999575317,4.8,-6.00000007856637));
#10683=CARTESIAN_POINT('',(-8.6,4.8,-5.7999998435378));
#10684=CARTESIAN_POINT('',(-3.7,4.8,-5.7999998435378));
#10685=CARTESIAN_POINT('',(-8.59999999307096,4.8,-6.));
#10686=CARTESIAN_POINT('',(-8.59999999653547,4.8,-5.90000007074328));
#10687=CARTESIAN_POINT('',(-9.39999999575317,4.8,-6.));
#10688=CARTESIAN_POINT('',(0.,4.8,-6.));
#10689=CARTESIAN_POINT('',(-9.4,4.8,-5.7999998435378));
#10690=CARTESIAN_POINT('',(-9.39999999575317,4.8,-6.00000009980052));
#10691=CARTESIAN_POINT('',(-10.6,4.8,-5.7999998435378));
#10692=CARTESIAN_POINT('',(-4.7,4.8,-5.7999998435378));
#10693=CARTESIAN_POINT('',(-10.599999993071,4.8,-6.));
#10694=CARTESIAN_POINT('',(-10.5999999965355,4.8,-5.90000010538848));
#10695=CARTESIAN_POINT('',(-11.3999999957532,4.8,-6.));
#10696=CARTESIAN_POINT('',(0.,4.8,-6.));
#10697=CARTESIAN_POINT('',(-11.4,4.8,-5.7999998435378));
#10698=CARTESIAN_POINT('',(-11.3999999957532,4.8,-6.00000012103467));
#10699=CARTESIAN_POINT('',(-12.6,4.8,-5.7999998435378));
#10700=CARTESIAN_POINT('',(-5.7,4.8,-5.7999998435378));
#10701=CARTESIAN_POINT('',(-12.599999993071,4.8,-6.));
#10702=CARTESIAN_POINT('',(-12.5999999965355,4.8,-5.90000014003369));
#10703=CARTESIAN_POINT('',(-13.3999999957532,4.8,-6.));
#10704=CARTESIAN_POINT('',(0.,4.8,-6.));
#10705=CARTESIAN_POINT('',(-13.3999999957532,4.8,-6.00000014226883));
#10706=CARTESIAN_POINT('',(0.,4.8,-6.));
#10707=CARTESIAN_POINT('Origin',(-15.35,2.4,-3.));
#10708=CARTESIAN_POINT('',(-15.35,0.8,2.69630192214213E-32));
#10709=CARTESIAN_POINT('',(-15.35,3.6,0.));
#10710=CARTESIAN_POINT('',(-15.35,0.8,-5.40000000000002));
#10711=CARTESIAN_POINT('',(-15.35,0.8,-1.5));
#10712=CARTESIAN_POINT('',(-15.35,1.2,-5.40000000000001));
#10713=CARTESIAN_POINT('',(-15.35,4.2,-4.5));
#10714=CARTESIAN_POINT('Origin',(-15.95,3.3,-6.00000000000001));
#10715=CARTESIAN_POINT('',(-15.15,3.3,-6.00000000000001));
#10716=CARTESIAN_POINT('',(-7.975,3.3,-6.00000000000001));
#10717=CARTESIAN_POINT('',(-15.15,2.5,-7.59999999999999));
#10718=CARTESIAN_POINT('',(-15.15,3.3,-6.00000000000001));
#10719=CARTESIAN_POINT('',(-15.95,2.5,-7.59999999999999));
#10720=CARTESIAN_POINT('Origin',(-15.95,-1.10218211923262E-15,-6.));
#10721=CARTESIAN_POINT('',(-15.35,0.2,-6.00000000000002));
#10722=CARTESIAN_POINT('',(-15.35,-1.66533453693773E-15,-6.));
#10723=CARTESIAN_POINT('',(-15.35,1.02695629777827E-14,-6.00000000000002));
#10724=CARTESIAN_POINT('',(-15.15,-1.11022302462516E-15,-6.));
#10725=CARTESIAN_POINT('',(-15.95,-1.10218211923262E-15,-6.));
#10726=CARTESIAN_POINT('',(-15.15,0.2,-6.));
#10727=CARTESIAN_POINT('',(-15.15,-1.66533453693773E-15,-6.));
#10728=CARTESIAN_POINT('',(-7.675,0.2,-6.00000000000002));
#10729=CARTESIAN_POINT('Origin',(-15.95,2.5,-7.59999999999999));
#10730=CARTESIAN_POINT('',(-15.15,-1.38777878078145E-15,-7.6));
#10731=CARTESIAN_POINT('',(-15.15,2.5,-7.59999999999999));
#10732=CARTESIAN_POINT('',(-15.95,-1.39609735102798E-15,-7.6));
#10733=CARTESIAN_POINT('Origin',(-15.15,1.65,-6.8));
#10734=CARTESIAN_POINT('',(-15.15,0.824999999999997,-6.00000000000001));
#10735=CARTESIAN_POINT('',(-15.15,-1.39609735102798E-15,-7.6));
#10736=CARTESIAN_POINT('Origin',(0.,4.8,-4.));
#10737=CARTESIAN_POINT('',(13.15,4.2,-4.));
#10738=CARTESIAN_POINT('',(0.,4.2,-4.));
#10739=CARTESIAN_POINT('',(13.15,4.8,-4.));
#10740=CARTESIAN_POINT('Origin',(13.15,4.8,-4.));
#10741=CARTESIAN_POINT('',(13.15,4.2,-5.));
#10742=CARTESIAN_POINT('Origin',(14.45,4.8,-3.57734173766289));
#10743=CARTESIAN_POINT('',(14.45,3.8,-5.4));
#10744=CARTESIAN_POINT('',(14.45,4.2,-5.4));
#10745=CARTESIAN_POINT('',(14.45,2.4,-5.40000000000001));
#10746=CARTESIAN_POINT('',(14.45,3.8,-5.7999998435378));
#10747=CARTESIAN_POINT('',(14.45,3.8,-7.99192220741581));
#10748=CARTESIAN_POINT('',(14.45,4.8,-5.7999998435378));
#10749=CARTESIAN_POINT('',(14.45,4.2,-3.57734173766289));
#10750=CARTESIAN_POINT('',(14.45,4.8,-3.57734173766289));
#10751=CARTESIAN_POINT('',(14.45,4.2,-4.78867086883145));
#10752=CARTESIAN_POINT('Origin',(15.45,4.8,-3.57734173766289));
#10753=CARTESIAN_POINT('',(7.725,4.2,-3.57734173766289));
#10754=CARTESIAN_POINT('',(15.45,3.8,-3.57734173766289));
#10755=CARTESIAN_POINT('',(15.45,4.8,-3.57734173766289));
#10756=CARTESIAN_POINT('',(14.45,3.8,-3.57734173766289));
#10757=CARTESIAN_POINT('Origin',(15.45,4.8,-6.));
#10758=CARTESIAN_POINT('',(15.45,3.8,-6.));
#10759=CARTESIAN_POINT('',(15.45,2.4,-6.00000000000001));
#10760=CARTESIAN_POINT('',(15.45,3.8,-3.57734173766289));
#10761=CARTESIAN_POINT('Origin',(14.95,3.8,-5.78463197253935));
#10762=CARTESIAN_POINT('',(7.475,3.8,-5.4));
#10763=CARTESIAN_POINT('',(14.6000000042468,3.8,-6.));
#10764=CARTESIAN_POINT('',(7.475,3.8,-6.));
#10765=CARTESIAN_POINT('',(14.6,3.8,-5.7999998435378));
#10766=CARTESIAN_POINT('',(14.6000000019603,3.8,-5.89231598998565));
#10767=CARTESIAN_POINT('',(14.775,3.8,-5.7999998435378));
#10768=CARTESIAN_POINT('Origin',(14.6,4.8,-5.7999998435378));
#10769=CARTESIAN_POINT('',(14.6,0.2,-5.79999984353781));
#10770=CARTESIAN_POINT('',(14.6,4.8,-5.7999998435378));
#10771=CARTESIAN_POINT('',(13.4,0.2,-5.79999984353781));
#10772=CARTESIAN_POINT('',(-0.375,0.2,-5.7999998435378));
#10773=CARTESIAN_POINT('',(13.4,4.8,-5.7999998435378));
#10774=CARTESIAN_POINT('',(14.2500000000002,2.85,-5.7999998435378));
#10775=CARTESIAN_POINT('',(13.7499999999998,2.85,-5.7999998435378));
#10776=CARTESIAN_POINT('',(14.4250000000001,2.85,-5.79999984353781));
#10777=CARTESIAN_POINT('',(14.2500000000002,3.35,-5.7999998435378));
#10778=CARTESIAN_POINT('',(14.2500000000002,4.075,-5.79999984353781));
#10779=CARTESIAN_POINT('',(13.7499999999998,3.35,-5.7999998435378));
#10780=CARTESIAN_POINT('',(14.1749999999999,3.35,-5.79999984353781));
#10781=CARTESIAN_POINT('',(13.7499999999998,3.825,-5.79999984353781));
#10782=CARTESIAN_POINT('Origin',(0.,4.2,-6.));
#10783=CARTESIAN_POINT('',(0.,4.2,-5.4));
#10784=CARTESIAN_POINT('Origin',(15.95,-1.10218211923262E-15,-6.));
#10785=CARTESIAN_POINT('',(15.35,-1.66533453693773E-15,-6.));
#10786=CARTESIAN_POINT('',(15.35,0.2,-6.00000000000002));
#10787=CARTESIAN_POINT('',(15.35,0.10000000000001,-6.00000000000002));
#10788=CARTESIAN_POINT('',(15.15,0.2,-6.));
#10789=CARTESIAN_POINT('',(-7.675,0.2,-6.00000000000002));
#10790=CARTESIAN_POINT('',(15.15,-1.11022302462516E-15,-6.));
#10791=CARTESIAN_POINT('',(15.15,-1.66533453693773E-15,-6.));
#10792=CARTESIAN_POINT('',(15.95,-1.10218211923262E-15,-6.));
#10793=CARTESIAN_POINT('Origin',(15.95,3.3,-6.00000000000001));
#10794=CARTESIAN_POINT('',(15.95,3.3,-6.00000000000001));
#10795=CARTESIAN_POINT('',(15.95,2.5,-7.59999999999999));
#10796=CARTESIAN_POINT('',(15.95,3.3,-6.00000000000001));
#10797=CARTESIAN_POINT('',(15.15,2.5,-7.59999999999999));
#10798=CARTESIAN_POINT('',(15.95,2.5,-7.59999999999999));
#10799=CARTESIAN_POINT('',(15.15,3.3,-6.00000000000001));
#10800=CARTESIAN_POINT('',(15.15,3.3,-6.00000000000001));
#10801=CARTESIAN_POINT('',(7.975,3.3,-6.00000000000001));
#10802=CARTESIAN_POINT('Origin',(15.95,2.5,-7.59999999999999));
#10803=CARTESIAN_POINT('',(15.95,-1.39609735102798E-15,-7.6));
#10804=CARTESIAN_POINT('',(15.95,2.5,-7.59999999999999));
#10805=CARTESIAN_POINT('',(15.15,-1.38777878078145E-15,-7.6));
#10806=CARTESIAN_POINT('',(15.95,-1.39609735102798E-15,-7.6));
#10807=CARTESIAN_POINT('',(15.15,2.5,-7.59999999999999));
#10808=CARTESIAN_POINT('Origin',(15.15,1.65,-6.8));
#10809=CARTESIAN_POINT('',(15.15,-1.39609735102798E-15,-7.6));
#10810=CARTESIAN_POINT('',(15.15,0.824999999999997,-6.00000000000001));
#10811=CARTESIAN_POINT('Origin',(0.,-1.66533453693773E-15,-6.00000000000002));
#10812=CARTESIAN_POINT('',(15.95,4.8,-6.));
#10813=CARTESIAN_POINT('',(14.6000000042468,0.2,-6.));
#10814=CARTESIAN_POINT('',(-7.675,0.2,-6.00000000000002));
#10815=CARTESIAN_POINT('',(14.6000000042468,2.4,-6.00000000000001));
#10816=CARTESIAN_POINT('Origin',(13.4,4.8,-5.7999998435378));
#10817=CARTESIAN_POINT('',(13.400000006929,0.2,-6.));
#10818=CARTESIAN_POINT('',(13.3999998995289,0.2,-2.8999994237441));
#10819=CARTESIAN_POINT('',(13.400000006929,2.4,-6.00000000000001));
#10820=CARTESIAN_POINT('Origin',(14.6000000042468,4.8,-6.));
#10821=CARTESIAN_POINT('',(14.5999999405444,0.2,-2.99999968201855));
#10822=CARTESIAN_POINT('Origin',(0.,-1.66533453693773E-15,-6.00000000000002));
#10823=CARTESIAN_POINT('',(12.6000000042468,0.2,-6.));
#10824=CARTESIAN_POINT('',(-7.675,0.2,-6.00000000000002));
#10825=CARTESIAN_POINT('',(12.6000000042468,2.4,-6.00000000000001));
#10826=CARTESIAN_POINT('Origin',(13.7499999999998,3.35,-5.40000000000001));
#10827=CARTESIAN_POINT('',(14.2500000000002,3.35,-5.40000000000001));
#10828=CARTESIAN_POINT('',(14.2500000000002,3.35,-5.40000000000001));
#10829=CARTESIAN_POINT('',(13.7499999999998,3.35,-5.40000000000001));
#10830=CARTESIAN_POINT('',(6.87499999999988,3.35,-5.40000000000001));
#10831=CARTESIAN_POINT('',(13.7499999999998,3.35,-5.40000000000001));
#10832=CARTESIAN_POINT('Origin',(14.2500000000002,3.35,-5.40000000000001));
#10833=CARTESIAN_POINT('',(14.2500000000002,2.85,-5.40000000000001));
#10834=CARTESIAN_POINT('',(14.2500000000002,2.85,-5.40000000000001));
#10835=CARTESIAN_POINT('',(14.2500000000002,1.675,-5.40000000000001));
#10836=CARTESIAN_POINT('Origin',(14.2500000000002,2.85,-5.40000000000001));
#10837=CARTESIAN_POINT('',(13.7499999999998,2.85,-5.40000000000001));
#10838=CARTESIAN_POINT('',(13.7499999999998,2.85,-5.40000000000001));
#10839=CARTESIAN_POINT('',(7.12500000000012,2.85,-5.40000000000001));
#10840=CARTESIAN_POINT('Origin',(13.7499999999998,2.85,-5.40000000000001));
#10841=CARTESIAN_POINT('',(13.7499999999998,1.425,-5.40000000000001));
#10842=CARTESIAN_POINT('Origin',(11.4,4.8,-5.7999998435378));
#10843=CARTESIAN_POINT('',(11.400000006929,0.2,-6.));
#10844=CARTESIAN_POINT('',(11.4,0.2,-5.79999984353781));
#10845=CARTESIAN_POINT('',(11.3999998995289,0.2,-2.8999994583893));
#10846=CARTESIAN_POINT('',(11.400000006929,2.4,-6.00000000000001));
#10847=CARTESIAN_POINT('',(11.4,4.8,-5.7999998435378));
#10848=CARTESIAN_POINT('Origin',(12.6,4.8,-5.7999998435378));
#10849=CARTESIAN_POINT('',(12.6,0.2,-5.79999984353781));
#10850=CARTESIAN_POINT('',(-1.375,0.2,-5.7999998435378));
#10851=CARTESIAN_POINT('',(12.6,4.8,-5.7999998435378));
#10852=CARTESIAN_POINT('',(12.2500000000002,2.85,-5.7999998435378));
#10853=CARTESIAN_POINT('',(11.7499999999998,2.85,-5.7999998435378));
#10854=CARTESIAN_POINT('',(12.4250000000001,2.85,-5.79999984353781));
#10855=CARTESIAN_POINT('',(12.2500000000002,3.35,-5.7999998435378));
#10856=CARTESIAN_POINT('',(12.2500000000002,4.075,-5.79999984353781));
#10857=CARTESIAN_POINT('',(11.7499999999998,3.35,-5.7999998435378));
#10858=CARTESIAN_POINT('',(12.1749999999999,3.35,-5.79999984353781));
#10859=CARTESIAN_POINT('',(11.7499999999998,3.825,-5.79999984353781));
#10860=CARTESIAN_POINT('Origin',(12.6000000042468,4.8,-6.));
#10861=CARTESIAN_POINT('',(12.5999999405444,0.2,-2.99999970325271));
#10862=CARTESIAN_POINT('Origin',(0.,-1.66533453693773E-15,-6.00000000000002));
#10863=CARTESIAN_POINT('',(10.6000000042468,0.2,-6.));
#10864=CARTESIAN_POINT('',(-7.675,0.2,-6.00000000000002));
#10865=CARTESIAN_POINT('',(10.6000000042468,2.4,-6.00000000000001));
#10866=CARTESIAN_POINT('Origin',(11.7499999999998,3.35,-5.40000000000001));
#10867=CARTESIAN_POINT('',(12.2500000000002,3.35,-5.40000000000001));
#10868=CARTESIAN_POINT('',(12.2500000000002,3.35,-5.40000000000001));
#10869=CARTESIAN_POINT('',(11.7499999999998,3.35,-5.40000000000001));
#10870=CARTESIAN_POINT('',(5.87499999999988,3.35,-5.40000000000001));
#10871=CARTESIAN_POINT('',(11.7499999999998,3.35,-5.40000000000001));
#10872=CARTESIAN_POINT('Origin',(12.2500000000002,3.35,-5.40000000000001));
#10873=CARTESIAN_POINT('',(12.2500000000002,2.85,-5.40000000000001));
#10874=CARTESIAN_POINT('',(12.2500000000002,2.85,-5.40000000000001));
#10875=CARTESIAN_POINT('',(12.2500000000002,1.675,-5.40000000000001));
#10876=CARTESIAN_POINT('Origin',(12.2500000000002,2.85,-5.40000000000001));
#10877=CARTESIAN_POINT('',(11.7499999999998,2.85,-5.40000000000001));
#10878=CARTESIAN_POINT('',(11.7499999999998,2.85,-5.40000000000001));
#10879=CARTESIAN_POINT('',(6.12500000000012,2.85,-5.40000000000001));
#10880=CARTESIAN_POINT('Origin',(11.7499999999998,2.85,-5.40000000000001));
#10881=CARTESIAN_POINT('',(11.7499999999998,1.425,-5.40000000000001));
#10882=CARTESIAN_POINT('Origin',(9.4,4.8,-5.7999998435378));
#10883=CARTESIAN_POINT('',(9.40000000692905,0.2,-6.));
#10884=CARTESIAN_POINT('',(9.4,0.2,-5.79999984353781));
#10885=CARTESIAN_POINT('',(9.3999998995289,0.2,-2.89999949303451));
#10886=CARTESIAN_POINT('',(9.40000000692905,2.4,-6.00000000000001));
#10887=CARTESIAN_POINT('',(9.4,4.8,-5.7999998435378));
#10888=CARTESIAN_POINT('Origin',(10.6,4.8,-5.7999998435378));
#10889=CARTESIAN_POINT('',(10.6,0.2,-5.79999984353781));
#10890=CARTESIAN_POINT('',(-2.375,0.2,-5.7999998435378));
#10891=CARTESIAN_POINT('',(10.6,4.8,-5.7999998435378));
#10892=CARTESIAN_POINT('',(10.2500000000002,2.85,-5.7999998435378));
#10893=CARTESIAN_POINT('',(9.74999999999976,2.85,-5.7999998435378));
#10894=CARTESIAN_POINT('',(10.4250000000001,2.85,-5.79999984353781));
#10895=CARTESIAN_POINT('',(10.2500000000002,3.35,-5.7999998435378));
#10896=CARTESIAN_POINT('',(10.2500000000002,4.075,-5.79999984353781));
#10897=CARTESIAN_POINT('',(9.74999999999976,3.35,-5.7999998435378));
#10898=CARTESIAN_POINT('',(10.1749999999999,3.35,-5.79999984353781));
#10899=CARTESIAN_POINT('',(9.74999999999976,3.825,-5.79999984353781));
#10900=CARTESIAN_POINT('Origin',(10.6000000042468,4.8,-6.));
#10901=CARTESIAN_POINT('',(10.5999999405444,0.2,-2.99999972448686));
#10902=CARTESIAN_POINT('Origin',(0.,-1.66533453693773E-15,-6.00000000000002));
#10903=CARTESIAN_POINT('',(8.60000000424683,0.2,-6.));
#10904=CARTESIAN_POINT('',(-7.675,0.2,-6.00000000000002));
#10905=CARTESIAN_POINT('',(8.60000000424683,2.4,-6.00000000000001));
#10906=CARTESIAN_POINT('Origin',(9.74999999999976,3.35,-5.40000000000001));
#10907=CARTESIAN_POINT('',(10.2500000000002,3.35,-5.40000000000001));
#10908=CARTESIAN_POINT('',(10.2500000000002,3.35,-5.40000000000001));
#10909=CARTESIAN_POINT('',(9.74999999999976,3.35,-5.40000000000001));
#10910=CARTESIAN_POINT('',(4.87499999999988,3.35,-5.40000000000001));
#10911=CARTESIAN_POINT('',(9.74999999999976,3.35,-5.40000000000001));
#10912=CARTESIAN_POINT('Origin',(10.2500000000002,3.35,-5.40000000000001));
#10913=CARTESIAN_POINT('',(10.2500000000002,2.85,-5.40000000000001));
#10914=CARTESIAN_POINT('',(10.2500000000002,2.85,-5.40000000000001));
#10915=CARTESIAN_POINT('',(10.2500000000002,1.675,-5.40000000000001));
#10916=CARTESIAN_POINT('Origin',(10.2500000000002,2.85,-5.40000000000001));
#10917=CARTESIAN_POINT('',(9.74999999999976,2.85,-5.40000000000001));
#10918=CARTESIAN_POINT('',(9.74999999999976,2.85,-5.40000000000001));
#10919=CARTESIAN_POINT('',(5.12500000000012,2.85,-5.40000000000001));
#10920=CARTESIAN_POINT('Origin',(9.74999999999976,2.85,-5.40000000000001));
#10921=CARTESIAN_POINT('',(9.74999999999976,1.425,-5.40000000000001));
#10922=CARTESIAN_POINT('Origin',(7.4,4.8,-5.7999998435378));
#10923=CARTESIAN_POINT('',(7.40000000692904,0.2,-6.));
#10924=CARTESIAN_POINT('',(7.4,0.2,-5.79999984353781));
#10925=CARTESIAN_POINT('',(7.39999989952889,0.2,-2.89999952767971));
#10926=CARTESIAN_POINT('',(7.40000000692904,2.4,-6.00000000000001));
#10927=CARTESIAN_POINT('',(7.4,4.8,-5.7999998435378));
#10928=CARTESIAN_POINT('Origin',(8.6,4.8,-5.7999998435378));
#10929=CARTESIAN_POINT('',(8.6,0.2,-5.79999984353781));
#10930=CARTESIAN_POINT('',(-3.375,0.2,-5.7999998435378));
#10931=CARTESIAN_POINT('',(8.6,4.8,-5.7999998435378));
#10932=CARTESIAN_POINT('',(8.25000000000023,2.85,-5.7999998435378));
#10933=CARTESIAN_POINT('',(7.74999999999976,2.85,-5.7999998435378));
#10934=CARTESIAN_POINT('',(8.42500000000012,2.85,-5.79999984353781));
#10935=CARTESIAN_POINT('',(8.25000000000023,3.35,-5.7999998435378));
#10936=CARTESIAN_POINT('',(8.25000000000023,4.075,-5.79999984353781));
#10937=CARTESIAN_POINT('',(7.74999999999976,3.35,-5.7999998435378));
#10938=CARTESIAN_POINT('',(8.17499999999988,3.35,-5.79999984353781));
#10939=CARTESIAN_POINT('',(7.74999999999976,3.825,-5.79999984353781));
#10940=CARTESIAN_POINT('Origin',(8.60000000424683,4.8,-6.));
#10941=CARTESIAN_POINT('',(8.59999994054437,0.2,-2.99999974572101));
#10942=CARTESIAN_POINT('Origin',(0.,-1.66533453693773E-15,-6.00000000000002));
#10943=CARTESIAN_POINT('',(6.60000000424683,0.2,-6.));
#10944=CARTESIAN_POINT('',(-7.675,0.2,-6.00000000000002));
#10945=CARTESIAN_POINT('',(6.60000000424683,2.4,-6.00000000000001));
#10946=CARTESIAN_POINT('Origin',(7.74999999999976,3.35,-5.40000000000001));
#10947=CARTESIAN_POINT('',(8.25000000000023,3.35,-5.40000000000001));
#10948=CARTESIAN_POINT('',(8.25000000000023,3.35,-5.40000000000001));
#10949=CARTESIAN_POINT('',(7.74999999999976,3.35,-5.40000000000001));
#10950=CARTESIAN_POINT('',(3.87499999999988,3.35,-5.40000000000001));
#10951=CARTESIAN_POINT('',(7.74999999999976,3.35,-5.40000000000001));
#10952=CARTESIAN_POINT('Origin',(8.25000000000023,3.35,-5.40000000000001));
#10953=CARTESIAN_POINT('',(8.25000000000023,2.85,-5.40000000000001));
#10954=CARTESIAN_POINT('',(8.25000000000023,2.85,-5.40000000000001));
#10955=CARTESIAN_POINT('',(8.25000000000023,1.675,-5.40000000000001));
#10956=CARTESIAN_POINT('Origin',(8.25000000000023,2.85,-5.40000000000001));
#10957=CARTESIAN_POINT('',(7.74999999999976,2.85,-5.40000000000001));
#10958=CARTESIAN_POINT('',(7.74999999999976,2.85,-5.40000000000001));
#10959=CARTESIAN_POINT('',(4.12500000000012,2.85,-5.40000000000001));
#10960=CARTESIAN_POINT('Origin',(7.74999999999976,2.85,-5.40000000000001));
#10961=CARTESIAN_POINT('',(7.74999999999976,1.425,-5.40000000000001));
#10962=CARTESIAN_POINT('Origin',(5.4,4.8,-5.7999998435378));
#10963=CARTESIAN_POINT('',(5.40000000692904,0.2,-6.));
#10964=CARTESIAN_POINT('',(5.4,0.2,-5.79999984353781));
#10965=CARTESIAN_POINT('',(5.39999989952889,0.2,-2.89999956232491));
#10966=CARTESIAN_POINT('',(5.40000000692904,2.4,-6.00000000000001));
#10967=CARTESIAN_POINT('',(5.4,4.8,-5.7999998435378));
#10968=CARTESIAN_POINT('Origin',(6.6,4.8,-5.7999998435378));
#10969=CARTESIAN_POINT('',(6.6,0.2,-5.79999984353781));
#10970=CARTESIAN_POINT('',(-4.375,0.2,-5.7999998435378));
#10971=CARTESIAN_POINT('',(6.6,4.8,-5.7999998435378));
#10972=CARTESIAN_POINT('',(6.25000000000023,2.85,-5.7999998435378));
#10973=CARTESIAN_POINT('',(5.74999999999976,2.85,-5.7999998435378));
#10974=CARTESIAN_POINT('',(6.42500000000012,2.85,-5.79999984353781));
#10975=CARTESIAN_POINT('',(6.25000000000023,3.35,-5.7999998435378));
#10976=CARTESIAN_POINT('',(6.25000000000023,4.075,-5.79999984353781));
#10977=CARTESIAN_POINT('',(5.74999999999976,3.35,-5.7999998435378));
#10978=CARTESIAN_POINT('',(6.17499999999988,3.35,-5.79999984353781));
#10979=CARTESIAN_POINT('',(5.74999999999976,3.825,-5.79999984353781));
#10980=CARTESIAN_POINT('Origin',(6.60000000424683,4.8,-6.));
#10981=CARTESIAN_POINT('',(6.59999994054436,0.2,-2.99999976695517));
#10982=CARTESIAN_POINT('Origin',(0.,-1.66533453693773E-15,-6.00000000000002));
#10983=CARTESIAN_POINT('',(4.60000000424683,0.2,-6.));
#10984=CARTESIAN_POINT('',(-7.675,0.2,-6.00000000000002));
#10985=CARTESIAN_POINT('',(4.60000000424683,2.4,-6.00000000000001));
#10986=CARTESIAN_POINT('Origin',(5.74999999999976,3.35,-5.40000000000001));
#10987=CARTESIAN_POINT('',(6.25000000000023,3.35,-5.40000000000001));
#10988=CARTESIAN_POINT('',(6.25000000000023,3.35,-5.40000000000001));
#10989=CARTESIAN_POINT('',(5.74999999999976,3.35,-5.40000000000001));
#10990=CARTESIAN_POINT('',(2.87499999999988,3.35,-5.40000000000001));
#10991=CARTESIAN_POINT('',(5.74999999999976,3.35,-5.40000000000001));
#10992=CARTESIAN_POINT('Origin',(6.25000000000023,3.35,-5.40000000000001));
#10993=CARTESIAN_POINT('',(6.25000000000023,2.85,-5.40000000000001));
#10994=CARTESIAN_POINT('',(6.25000000000023,2.85,-5.40000000000001));
#10995=CARTESIAN_POINT('',(6.25000000000023,1.675,-5.40000000000001));
#10996=CARTESIAN_POINT('Origin',(6.25000000000023,2.85,-5.40000000000001));
#10997=CARTESIAN_POINT('',(5.74999999999976,2.85,-5.40000000000001));
#10998=CARTESIAN_POINT('',(5.74999999999976,2.85,-5.40000000000001));
#10999=CARTESIAN_POINT('',(3.12500000000012,2.85,-5.40000000000001));
#11000=CARTESIAN_POINT('Origin',(5.74999999999976,2.85,-5.40000000000001));
#11001=CARTESIAN_POINT('',(5.74999999999976,1.425,-5.40000000000001));
#11002=CARTESIAN_POINT('Origin',(3.4,4.8,-5.7999998435378));
#11003=CARTESIAN_POINT('',(3.40000000692904,0.2,-6.));
#11004=CARTESIAN_POINT('',(3.4,0.2,-5.79999984353781));
#11005=CARTESIAN_POINT('',(3.3999998995289,0.2,-2.89999959697012));
#11006=CARTESIAN_POINT('',(3.40000000692904,2.4,-6.00000000000001));
#11007=CARTESIAN_POINT('',(3.4,4.8,-5.7999998435378));
#11008=CARTESIAN_POINT('Origin',(4.6,4.8,-5.7999998435378));
#11009=CARTESIAN_POINT('',(4.6,0.2,-5.79999984353781));
#11010=CARTESIAN_POINT('',(-5.375,0.2,-5.7999998435378));
#11011=CARTESIAN_POINT('',(4.6,4.8,-5.7999998435378));
#11012=CARTESIAN_POINT('',(4.25000000000023,2.85,-5.7999998435378));
#11013=CARTESIAN_POINT('',(3.74999999999976,2.85,-5.7999998435378));
#11014=CARTESIAN_POINT('',(4.42500000000012,2.85,-5.79999984353781));
#11015=CARTESIAN_POINT('',(4.25000000000023,3.35,-5.7999998435378));
#11016=CARTESIAN_POINT('',(4.25000000000023,4.075,-5.79999984353781));
#11017=CARTESIAN_POINT('',(3.74999999999976,3.35,-5.7999998435378));
#11018=CARTESIAN_POINT('',(4.17499999999988,3.35,-5.79999984353781));
#11019=CARTESIAN_POINT('',(3.74999999999976,3.825,-5.79999984353781));
#11020=CARTESIAN_POINT('Origin',(4.60000000424683,4.8,-6.));
#11021=CARTESIAN_POINT('',(4.59999994054437,0.2,-2.99999978818932));
#11022=CARTESIAN_POINT('Origin',(0.,-1.66533453693773E-15,-6.00000000000002));
#11023=CARTESIAN_POINT('',(2.60000000424683,0.2,-6.));
#11024=CARTESIAN_POINT('',(-7.675,0.2,-6.00000000000002));
#11025=CARTESIAN_POINT('',(2.60000000424683,2.4,-6.00000000000001));
#11026=CARTESIAN_POINT('Origin',(3.74999999999976,3.35,-5.40000000000001));
#11027=CARTESIAN_POINT('',(4.25000000000023,3.35,-5.40000000000001));
#11028=CARTESIAN_POINT('',(4.25000000000023,3.35,-5.40000000000001));
#11029=CARTESIAN_POINT('',(3.74999999999976,3.35,-5.40000000000001));
#11030=CARTESIAN_POINT('',(1.87499999999988,3.35,-5.40000000000001));
#11031=CARTESIAN_POINT('',(3.74999999999976,3.35,-5.40000000000001));
#11032=CARTESIAN_POINT('Origin',(4.25000000000023,3.35,-5.40000000000001));
#11033=CARTESIAN_POINT('',(4.25000000000023,2.85,-5.40000000000001));
#11034=CARTESIAN_POINT('',(4.25000000000023,2.85,-5.40000000000001));
#11035=CARTESIAN_POINT('',(4.25000000000023,1.675,-5.40000000000001));
#11036=CARTESIAN_POINT('Origin',(4.25000000000023,2.85,-5.40000000000001));
#11037=CARTESIAN_POINT('',(3.74999999999976,2.85,-5.40000000000001));
#11038=CARTESIAN_POINT('',(3.74999999999976,2.85,-5.40000000000001));
#11039=CARTESIAN_POINT('',(2.12500000000012,2.85,-5.40000000000001));
#11040=CARTESIAN_POINT('Origin',(3.74999999999976,2.85,-5.40000000000001));
#11041=CARTESIAN_POINT('',(3.74999999999976,1.425,-5.40000000000001));
#11042=CARTESIAN_POINT('Origin',(1.4,4.8,-5.7999998435378));
#11043=CARTESIAN_POINT('',(1.40000000692904,0.2,-6.));
#11044=CARTESIAN_POINT('',(1.4,0.2,-5.79999984353781));
#11045=CARTESIAN_POINT('',(1.3999998995289,0.2,-2.89999963161532));
#11046=CARTESIAN_POINT('',(1.40000000692904,2.4,-6.00000000000001));
#11047=CARTESIAN_POINT('',(1.4,4.8,-5.7999998435378));
#11048=CARTESIAN_POINT('Origin',(2.6,4.8,-5.7999998435378));
#11049=CARTESIAN_POINT('',(2.6,0.2,-5.79999984353781));
#11050=CARTESIAN_POINT('',(-6.375,0.2,-5.7999998435378));
#11051=CARTESIAN_POINT('',(2.6,4.8,-5.7999998435378));
#11052=CARTESIAN_POINT('',(2.25000000000023,2.85,-5.7999998435378));
#11053=CARTESIAN_POINT('',(1.74999999999976,2.85,-5.7999998435378));
#11054=CARTESIAN_POINT('',(2.42500000000012,2.85,-5.79999984353781));
#11055=CARTESIAN_POINT('',(2.25000000000023,3.35,-5.7999998435378));
#11056=CARTESIAN_POINT('',(2.25000000000023,4.075,-5.79999984353781));
#11057=CARTESIAN_POINT('',(1.74999999999976,3.35,-5.7999998435378));
#11058=CARTESIAN_POINT('',(2.17499999999988,3.35,-5.79999984353781));
#11059=CARTESIAN_POINT('',(1.74999999999976,3.825,-5.79999984353781));
#11060=CARTESIAN_POINT('Origin',(2.60000000424683,4.8,-6.));
#11061=CARTESIAN_POINT('',(2.59999994054437,0.2,-2.99999980942347));
#11062=CARTESIAN_POINT('Origin',(0.,-1.66533453693773E-15,-6.00000000000002));
#11063=CARTESIAN_POINT('',(0.600000004246832,0.2,-6.));
#11064=CARTESIAN_POINT('',(-7.675,0.2,-6.00000000000002));
#11065=CARTESIAN_POINT('',(0.600000004246832,2.4,-6.00000000000001));
#11066=CARTESIAN_POINT('Origin',(1.74999999999976,3.35,-5.40000000000001));
#11067=CARTESIAN_POINT('',(2.25000000000023,3.35,-5.40000000000001));
#11068=CARTESIAN_POINT('',(2.25000000000023,3.35,-5.40000000000001));
#11069=CARTESIAN_POINT('',(1.74999999999976,3.35,-5.40000000000001));
#11070=CARTESIAN_POINT('',(0.874999999999879,3.35,-5.40000000000001));
#11071=CARTESIAN_POINT('',(1.74999999999976,3.35,-5.40000000000001));
#11072=CARTESIAN_POINT('Origin',(2.25000000000023,3.35,-5.40000000000001));
#11073=CARTESIAN_POINT('',(2.25000000000023,2.85,-5.40000000000001));
#11074=CARTESIAN_POINT('',(2.25000000000023,2.85,-5.40000000000001));
#11075=CARTESIAN_POINT('',(2.25000000000023,1.675,-5.40000000000001));
#11076=CARTESIAN_POINT('Origin',(2.25000000000023,2.85,-5.40000000000001));
#11077=CARTESIAN_POINT('',(1.74999999999976,2.85,-5.40000000000001));
#11078=CARTESIAN_POINT('',(1.74999999999976,2.85,-5.40000000000001));
#11079=CARTESIAN_POINT('',(1.12500000000012,2.85,-5.40000000000001));
#11080=CARTESIAN_POINT('Origin',(1.74999999999976,2.85,-5.40000000000001));
#11081=CARTESIAN_POINT('',(1.74999999999976,1.425,-5.40000000000001));
#11082=CARTESIAN_POINT('Origin',(-0.600000000000003,4.8,-5.7999998435378));
#11083=CARTESIAN_POINT('',(-0.599999993070957,0.2,-6.));
#11084=CARTESIAN_POINT('',(-0.600000000000003,0.2,-5.79999984353781));
#11085=CARTESIAN_POINT('',(-0.600000100471101,0.2,-2.89999966626053));
#11086=CARTESIAN_POINT('',(-0.599999993070957,2.4,-6.00000000000001));
#11087=CARTESIAN_POINT('',(-0.600000000000003,4.8,-5.7999998435378));
#11088=CARTESIAN_POINT('Origin',(0.599999999999998,4.8,-5.7999998435378));
#11089=CARTESIAN_POINT('',(0.599999999999998,0.2,-5.79999984353781));
#11090=CARTESIAN_POINT('',(-7.375,0.2,-5.7999998435378));
#11091=CARTESIAN_POINT('',(0.599999999999998,4.8,-5.7999998435378));
#11092=CARTESIAN_POINT('',(0.250000000000234,2.85,-5.7999998435378));
#11093=CARTESIAN_POINT('',(-0.250000000000241,2.85,-5.7999998435378));
#11094=CARTESIAN_POINT('',(0.425000000000116,2.85,-5.79999984353781));
#11095=CARTESIAN_POINT('',(0.250000000000234,3.35,-5.7999998435378));
#11096=CARTESIAN_POINT('',(0.250000000000234,4.075,-5.79999984353781));
#11097=CARTESIAN_POINT('',(-0.250000000000241,3.35,-5.7999998435378));
#11098=CARTESIAN_POINT('',(0.174999999999879,3.35,-5.79999984353781));
#11099=CARTESIAN_POINT('',(-0.250000000000241,3.825,-5.79999984353781));
#11100=CARTESIAN_POINT('Origin',(0.600000004246832,4.8,-6.));
#11101=CARTESIAN_POINT('',(0.599999940544368,0.2,-2.99999983065763));
#11102=CARTESIAN_POINT('Origin',(0.,-1.66533453693773E-15,-6.00000000000002));
#11103=CARTESIAN_POINT('',(-1.39999999575317,0.2,-6.));
#11104=CARTESIAN_POINT('',(-7.675,0.2,-6.00000000000002));
#11105=CARTESIAN_POINT('',(-1.39999999575317,2.4,-6.00000000000001));
#11106=CARTESIAN_POINT('Origin',(-0.250000000000241,3.35,-5.40000000000001));
#11107=CARTESIAN_POINT('',(0.250000000000234,3.35,-5.40000000000001));
#11108=CARTESIAN_POINT('',(0.250000000000234,3.35,-5.40000000000001));
#11109=CARTESIAN_POINT('',(-0.250000000000241,3.35,-5.40000000000001));
#11110=CARTESIAN_POINT('',(-0.125000000000121,3.35,-5.40000000000001));
#11111=CARTESIAN_POINT('',(-0.250000000000241,3.35,-5.40000000000001));
#11112=CARTESIAN_POINT('Origin',(0.250000000000234,3.35,-5.40000000000001));
#11113=CARTESIAN_POINT('',(0.250000000000234,2.85,-5.40000000000001));
#11114=CARTESIAN_POINT('',(0.250000000000234,2.85,-5.40000000000001));
#11115=CARTESIAN_POINT('',(0.250000000000234,1.675,-5.40000000000001));
#11116=CARTESIAN_POINT('Origin',(0.250000000000234,2.85,-5.40000000000001));
#11117=CARTESIAN_POINT('',(-0.250000000000241,2.85,-5.40000000000001));
#11118=CARTESIAN_POINT('',(-0.250000000000241,2.85,-5.40000000000001));
#11119=CARTESIAN_POINT('',(0.125000000000117,2.85,-5.40000000000001));
#11120=CARTESIAN_POINT('Origin',(-0.250000000000241,2.85,-5.40000000000001));
#11121=CARTESIAN_POINT('',(-0.250000000000241,1.425,-5.40000000000001));
#11122=CARTESIAN_POINT('Origin',(-2.6,4.8,-5.7999998435378));
#11123=CARTESIAN_POINT('',(-2.59999999307096,0.2,-6.));
#11124=CARTESIAN_POINT('',(-2.6,0.2,-5.79999984353781));
#11125=CARTESIAN_POINT('',(-2.6000001004711,0.2,-2.89999970090573));
#11126=CARTESIAN_POINT('',(-2.59999999307096,2.4,-6.00000000000001));
#11127=CARTESIAN_POINT('',(-2.6,4.8,-5.7999998435378));
#11128=CARTESIAN_POINT('Origin',(-1.4,4.8,-5.7999998435378));
#11129=CARTESIAN_POINT('',(-1.4,0.2,-5.79999984353781));
#11130=CARTESIAN_POINT('',(-8.375,0.2,-5.7999998435378));
#11131=CARTESIAN_POINT('',(-1.4,4.8,-5.7999998435378));
#11132=CARTESIAN_POINT('',(-1.74999999999977,2.85,-5.7999998435378));
#11133=CARTESIAN_POINT('',(-2.25000000000024,2.85,-5.7999998435378));
#11134=CARTESIAN_POINT('',(-1.57499999999988,2.85,-5.79999984353781));
#11135=CARTESIAN_POINT('',(-1.74999999999977,3.35,-5.7999998435378));
#11136=CARTESIAN_POINT('',(-1.74999999999977,4.075,-5.79999984353781));
#11137=CARTESIAN_POINT('',(-2.25000000000024,3.35,-5.7999998435378));
#11138=CARTESIAN_POINT('',(-1.82500000000012,3.35,-5.79999984353781));
#11139=CARTESIAN_POINT('',(-2.25000000000024,3.825,-5.79999984353781));
#11140=CARTESIAN_POINT('Origin',(-1.39999999575317,4.8,-6.));
#11141=CARTESIAN_POINT('',(-1.40000005945563,0.2,-2.99999985189178));
#11142=CARTESIAN_POINT('Origin',(0.,-1.66533453693773E-15,-6.00000000000002));
#11143=CARTESIAN_POINT('',(-3.39999999575317,0.2,-6.));
#11144=CARTESIAN_POINT('',(-7.675,0.2,-6.00000000000002));
#11145=CARTESIAN_POINT('',(-3.39999999575317,2.4,-6.00000000000001));
#11146=CARTESIAN_POINT('Origin',(-2.25000000000024,3.35,-5.40000000000001));
#11147=CARTESIAN_POINT('',(-1.74999999999977,3.35,-5.40000000000001));
#11148=CARTESIAN_POINT('',(-1.74999999999977,3.35,-5.40000000000001));
#11149=CARTESIAN_POINT('',(-2.25000000000024,3.35,-5.40000000000001));
#11150=CARTESIAN_POINT('',(-1.12500000000012,3.35,-5.40000000000001));
#11151=CARTESIAN_POINT('',(-2.25000000000024,3.35,-5.40000000000001));
#11152=CARTESIAN_POINT('Origin',(-1.74999999999977,3.35,-5.40000000000001));
#11153=CARTESIAN_POINT('',(-1.74999999999977,2.85,-5.40000000000001));
#11154=CARTESIAN_POINT('',(-1.74999999999977,2.85,-5.40000000000001));
#11155=CARTESIAN_POINT('',(-1.74999999999977,1.675,-5.40000000000001));
#11156=CARTESIAN_POINT('Origin',(-1.74999999999977,2.85,-5.40000000000001));
#11157=CARTESIAN_POINT('',(-2.25000000000024,2.85,-5.40000000000001));
#11158=CARTESIAN_POINT('',(-2.25000000000024,2.85,-5.40000000000001));
#11159=CARTESIAN_POINT('',(-0.874999999999883,2.85,-5.40000000000001));
#11160=CARTESIAN_POINT('Origin',(-2.25000000000024,2.85,-5.40000000000001));
#11161=CARTESIAN_POINT('',(-2.25000000000024,1.425,-5.40000000000001));
#11162=CARTESIAN_POINT('Origin',(-4.6,4.8,-5.7999998435378));
#11163=CARTESIAN_POINT('',(-4.59999999307096,0.2,-6.));
#11164=CARTESIAN_POINT('',(-4.6,0.2,-5.79999984353781));
#11165=CARTESIAN_POINT('',(-4.6000001004711,0.2,-2.89999973555093));
#11166=CARTESIAN_POINT('',(-4.59999999307096,2.4,-6.00000000000001));
#11167=CARTESIAN_POINT('',(-4.6,4.8,-5.7999998435378));
#11168=CARTESIAN_POINT('Origin',(-3.4,4.8,-5.7999998435378));
#11169=CARTESIAN_POINT('',(-3.4,0.2,-5.79999984353781));
#11170=CARTESIAN_POINT('',(-9.375,0.2,-5.7999998435378));
#11171=CARTESIAN_POINT('',(-3.4,4.8,-5.7999998435378));
#11172=CARTESIAN_POINT('',(-3.74999999999977,2.85,-5.7999998435378));
#11173=CARTESIAN_POINT('',(-4.25000000000024,2.85,-5.7999998435378));
#11174=CARTESIAN_POINT('',(-3.57499999999988,2.85,-5.79999984353781));
#11175=CARTESIAN_POINT('',(-3.74999999999977,3.35,-5.7999998435378));
#11176=CARTESIAN_POINT('',(-3.74999999999977,4.075,-5.79999984353781));
#11177=CARTESIAN_POINT('',(-4.25000000000024,3.35,-5.7999998435378));
#11178=CARTESIAN_POINT('',(-3.82500000000012,3.35,-5.79999984353781));
#11179=CARTESIAN_POINT('',(-4.25000000000024,3.825,-5.79999984353781));
#11180=CARTESIAN_POINT('Origin',(-3.39999999575317,4.8,-6.));
#11181=CARTESIAN_POINT('',(-3.40000005945563,0.2,-2.99999987312593));
#11182=CARTESIAN_POINT('Origin',(0.,-1.66533453693773E-15,-6.00000000000002));
#11183=CARTESIAN_POINT('',(-5.39999999575317,0.2,-6.));
#11184=CARTESIAN_POINT('',(-7.675,0.2,-6.00000000000002));
#11185=CARTESIAN_POINT('',(-5.39999999575317,2.4,-6.00000000000001));
#11186=CARTESIAN_POINT('Origin',(-4.25000000000024,3.35,-5.40000000000001));
#11187=CARTESIAN_POINT('',(-3.74999999999977,3.35,-5.40000000000001));
#11188=CARTESIAN_POINT('',(-3.74999999999977,3.35,-5.40000000000001));
#11189=CARTESIAN_POINT('',(-4.25000000000024,3.35,-5.40000000000001));
#11190=CARTESIAN_POINT('',(-2.12500000000012,3.35,-5.40000000000001));
#11191=CARTESIAN_POINT('',(-4.25000000000024,3.35,-5.40000000000001));
#11192=CARTESIAN_POINT('Origin',(-3.74999999999977,3.35,-5.40000000000001));
#11193=CARTESIAN_POINT('',(-3.74999999999977,2.85,-5.40000000000001));
#11194=CARTESIAN_POINT('',(-3.74999999999977,2.85,-5.40000000000001));
#11195=CARTESIAN_POINT('',(-3.74999999999977,1.675,-5.40000000000001));
#11196=CARTESIAN_POINT('Origin',(-3.74999999999977,2.85,-5.40000000000001));
#11197=CARTESIAN_POINT('',(-4.25000000000024,2.85,-5.40000000000001));
#11198=CARTESIAN_POINT('',(-4.25000000000024,2.85,-5.40000000000001));
#11199=CARTESIAN_POINT('',(-1.87499999999988,2.85,-5.40000000000001));
#11200=CARTESIAN_POINT('Origin',(-4.25000000000024,2.85,-5.40000000000001));
#11201=CARTESIAN_POINT('',(-4.25000000000024,1.425,-5.40000000000001));
#11202=CARTESIAN_POINT('Origin',(-6.6,4.8,-5.7999998435378));
#11203=CARTESIAN_POINT('',(-6.59999999307096,0.2,-6.));
#11204=CARTESIAN_POINT('',(-6.6,0.2,-5.79999984353781));
#11205=CARTESIAN_POINT('',(-6.6000001004711,0.2,-2.89999977019614));
#11206=CARTESIAN_POINT('',(-6.59999999307096,2.4,-6.00000000000001));
#11207=CARTESIAN_POINT('',(-6.6,4.8,-5.7999998435378));
#11208=CARTESIAN_POINT('Origin',(-5.4,4.8,-5.7999998435378));
#11209=CARTESIAN_POINT('',(-5.4,0.2,-5.79999984353781));
#11210=CARTESIAN_POINT('',(-10.375,0.2,-5.7999998435378));
#11211=CARTESIAN_POINT('',(-5.4,4.8,-5.7999998435378));
#11212=CARTESIAN_POINT('',(-5.74999999999977,2.85,-5.7999998435378));
#11213=CARTESIAN_POINT('',(-6.25000000000024,2.85,-5.7999998435378));
#11214=CARTESIAN_POINT('',(-5.57499999999988,2.85,-5.79999984353781));
#11215=CARTESIAN_POINT('',(-5.74999999999977,3.35,-5.7999998435378));
#11216=CARTESIAN_POINT('',(-5.74999999999977,4.075,-5.79999984353781));
#11217=CARTESIAN_POINT('',(-6.25000000000024,3.35,-5.7999998435378));
#11218=CARTESIAN_POINT('',(-5.82500000000012,3.35,-5.79999984353781));
#11219=CARTESIAN_POINT('',(-6.25000000000024,3.825,-5.79999984353781));
#11220=CARTESIAN_POINT('Origin',(-5.39999999575317,4.8,-6.));
#11221=CARTESIAN_POINT('',(-5.40000005945563,0.2,-2.99999989436009));
#11222=CARTESIAN_POINT('Origin',(0.,-1.66533453693773E-15,-6.00000000000002));
#11223=CARTESIAN_POINT('',(-7.39999999575317,0.2,-6.));
#11224=CARTESIAN_POINT('',(-7.675,0.2,-6.00000000000002));
#11225=CARTESIAN_POINT('',(-7.39999999575317,2.4,-6.00000000000001));
#11226=CARTESIAN_POINT('Origin',(-6.25000000000024,3.35,-5.40000000000001));
#11227=CARTESIAN_POINT('',(-5.74999999999977,3.35,-5.40000000000001));
#11228=CARTESIAN_POINT('',(-5.74999999999977,3.35,-5.40000000000001));
#11229=CARTESIAN_POINT('',(-6.25000000000024,3.35,-5.40000000000001));
#11230=CARTESIAN_POINT('',(-3.12500000000012,3.35,-5.40000000000001));
#11231=CARTESIAN_POINT('',(-6.25000000000024,3.35,-5.40000000000001));
#11232=CARTESIAN_POINT('Origin',(-5.74999999999977,3.35,-5.40000000000001));
#11233=CARTESIAN_POINT('',(-5.74999999999977,2.85,-5.40000000000001));
#11234=CARTESIAN_POINT('',(-5.74999999999977,2.85,-5.40000000000001));
#11235=CARTESIAN_POINT('',(-5.74999999999977,1.675,-5.40000000000001));
#11236=CARTESIAN_POINT('Origin',(-5.74999999999977,2.85,-5.40000000000001));
#11237=CARTESIAN_POINT('',(-6.25000000000024,2.85,-5.40000000000001));
#11238=CARTESIAN_POINT('',(-6.25000000000024,2.85,-5.40000000000001));
#11239=CARTESIAN_POINT('',(-2.87499999999988,2.85,-5.40000000000001));
#11240=CARTESIAN_POINT('Origin',(-6.25000000000024,2.85,-5.40000000000001));
#11241=CARTESIAN_POINT('',(-6.25000000000024,1.425,-5.40000000000001));
#11242=CARTESIAN_POINT('Origin',(-8.6,4.8,-5.7999998435378));
#11243=CARTESIAN_POINT('',(-8.59999999307096,0.2,-6.));
#11244=CARTESIAN_POINT('',(-8.6,0.2,-5.79999984353781));
#11245=CARTESIAN_POINT('',(-8.6000001004711,0.2,-2.89999980484134));
#11246=CARTESIAN_POINT('',(-8.59999999307096,2.4,-6.00000000000001));
#11247=CARTESIAN_POINT('',(-8.6,4.8,-5.7999998435378));
#11248=CARTESIAN_POINT('Origin',(-7.4,4.8,-5.7999998435378));
#11249=CARTESIAN_POINT('',(-7.4,0.2,-5.79999984353781));
#11250=CARTESIAN_POINT('',(-11.375,0.2,-5.7999998435378));
#11251=CARTESIAN_POINT('',(-7.4,4.8,-5.7999998435378));
#11252=CARTESIAN_POINT('',(-7.74999999999977,2.85,-5.7999998435378));
#11253=CARTESIAN_POINT('',(-8.25000000000024,2.85,-5.7999998435378));
#11254=CARTESIAN_POINT('',(-7.57499999999988,2.85,-5.79999984353781));
#11255=CARTESIAN_POINT('',(-7.74999999999977,3.35,-5.7999998435378));
#11256=CARTESIAN_POINT('',(-7.74999999999977,4.075,-5.79999984353781));
#11257=CARTESIAN_POINT('',(-8.25000000000024,3.35,-5.7999998435378));
#11258=CARTESIAN_POINT('',(-7.82500000000012,3.35,-5.79999984353781));
#11259=CARTESIAN_POINT('',(-8.25000000000024,3.825,-5.79999984353781));
#11260=CARTESIAN_POINT('Origin',(-7.39999999575317,4.8,-6.));
#11261=CARTESIAN_POINT('',(-7.40000005945563,0.2,-2.99999991559424));
#11262=CARTESIAN_POINT('Origin',(0.,-1.66533453693773E-15,-6.00000000000002));
#11263=CARTESIAN_POINT('',(-9.39999999575317,0.2,-6.));
#11264=CARTESIAN_POINT('',(-7.675,0.2,-6.00000000000002));
#11265=CARTESIAN_POINT('',(-9.39999999575317,2.4,-6.00000000000001));
#11266=CARTESIAN_POINT('Origin',(-8.25000000000024,3.35,-5.40000000000001));
#11267=CARTESIAN_POINT('',(-7.74999999999977,3.35,-5.40000000000001));
#11268=CARTESIAN_POINT('',(-7.74999999999977,3.35,-5.40000000000001));
#11269=CARTESIAN_POINT('',(-8.25000000000024,3.35,-5.40000000000001));
#11270=CARTESIAN_POINT('',(-4.12500000000012,3.35,-5.40000000000001));
#11271=CARTESIAN_POINT('',(-8.25000000000024,3.35,-5.40000000000001));
#11272=CARTESIAN_POINT('Origin',(-7.74999999999977,3.35,-5.40000000000001));
#11273=CARTESIAN_POINT('',(-7.74999999999977,2.85,-5.40000000000001));
#11274=CARTESIAN_POINT('',(-7.74999999999977,2.85,-5.40000000000001));
#11275=CARTESIAN_POINT('',(-7.74999999999977,1.675,-5.40000000000001));
#11276=CARTESIAN_POINT('Origin',(-7.74999999999977,2.85,-5.40000000000001));
#11277=CARTESIAN_POINT('',(-8.25000000000024,2.85,-5.40000000000001));
#11278=CARTESIAN_POINT('',(-8.25000000000024,2.85,-5.40000000000001));
#11279=CARTESIAN_POINT('',(-3.87499999999988,2.85,-5.40000000000001));
#11280=CARTESIAN_POINT('Origin',(-8.25000000000024,2.85,-5.40000000000001));
#11281=CARTESIAN_POINT('',(-8.25000000000024,1.425,-5.40000000000001));
#11282=CARTESIAN_POINT('Origin',(-10.6,4.8,-5.7999998435378));
#11283=CARTESIAN_POINT('',(-10.599999993071,0.2,-6.));
#11284=CARTESIAN_POINT('',(-10.6,0.2,-5.79999984353781));
#11285=CARTESIAN_POINT('',(-10.6000001004711,0.2,-2.89999983948655));
#11286=CARTESIAN_POINT('',(-10.599999993071,2.4,-6.00000000000001));
#11287=CARTESIAN_POINT('',(-10.6,4.8,-5.7999998435378));
#11288=CARTESIAN_POINT('Origin',(-9.4,4.8,-5.7999998435378));
#11289=CARTESIAN_POINT('',(-9.4,0.2,-5.79999984353781));
#11290=CARTESIAN_POINT('',(-12.375,0.2,-5.7999998435378));
#11291=CARTESIAN_POINT('',(-9.4,4.8,-5.7999998435378));
#11292=CARTESIAN_POINT('',(-9.74999999999977,2.85,-5.7999998435378));
#11293=CARTESIAN_POINT('',(-10.2500000000002,2.85,-5.7999998435378));
#11294=CARTESIAN_POINT('',(-9.57499999999989,2.85,-5.79999984353781));
#11295=CARTESIAN_POINT('',(-9.74999999999977,3.35,-5.7999998435378));
#11296=CARTESIAN_POINT('',(-9.74999999999977,4.075,-5.79999984353781));
#11297=CARTESIAN_POINT('',(-10.2500000000002,3.35,-5.7999998435378));
#11298=CARTESIAN_POINT('',(-9.82500000000012,3.35,-5.79999984353781));
#11299=CARTESIAN_POINT('',(-10.2500000000002,3.825,-5.79999984353781));
#11300=CARTESIAN_POINT('Origin',(-9.39999999575317,4.8,-6.));
#11301=CARTESIAN_POINT('',(-9.40000005945563,0.2,-2.99999993682839));
#11302=CARTESIAN_POINT('Origin',(0.,-1.66533453693773E-15,-6.00000000000002));
#11303=CARTESIAN_POINT('',(-11.3999999957532,0.2,-6.));
#11304=CARTESIAN_POINT('',(-7.675,0.2,-6.00000000000002));
#11305=CARTESIAN_POINT('',(-11.3999999957532,2.4,-6.00000000000001));
#11306=CARTESIAN_POINT('Origin',(-10.2500000000002,3.35,-5.40000000000001));
#11307=CARTESIAN_POINT('',(-9.74999999999977,3.35,-5.40000000000001));
#11308=CARTESIAN_POINT('',(-9.74999999999977,3.35,-5.40000000000001));
#11309=CARTESIAN_POINT('',(-10.2500000000002,3.35,-5.40000000000001));
#11310=CARTESIAN_POINT('',(-5.12500000000012,3.35,-5.40000000000001));
#11311=CARTESIAN_POINT('',(-10.2500000000002,3.35,-5.40000000000001));
#11312=CARTESIAN_POINT('Origin',(-9.74999999999977,3.35,-5.40000000000001));
#11313=CARTESIAN_POINT('',(-9.74999999999977,2.85,-5.40000000000001));
#11314=CARTESIAN_POINT('',(-9.74999999999977,2.85,-5.40000000000001));
#11315=CARTESIAN_POINT('',(-9.74999999999977,1.675,-5.40000000000001));
#11316=CARTESIAN_POINT('Origin',(-9.74999999999977,2.85,-5.40000000000001));
#11317=CARTESIAN_POINT('',(-10.2500000000002,2.85,-5.40000000000001));
#11318=CARTESIAN_POINT('',(-10.2500000000002,2.85,-5.40000000000001));
#11319=CARTESIAN_POINT('',(-4.87499999999988,2.85,-5.40000000000001));
#11320=CARTESIAN_POINT('Origin',(-10.2500000000002,2.85,-5.40000000000001));
#11321=CARTESIAN_POINT('',(-10.2500000000002,1.425,-5.40000000000001));
#11322=CARTESIAN_POINT('Origin',(-12.6,4.8,-5.7999998435378));
#11323=CARTESIAN_POINT('',(-12.599999993071,0.2,-6.));
#11324=CARTESIAN_POINT('',(-12.6,0.2,-5.79999984353781));
#11325=CARTESIAN_POINT('',(-12.6000001004711,0.2,-2.89999987413175));
#11326=CARTESIAN_POINT('',(-12.599999993071,2.4,-6.00000000000001));
#11327=CARTESIAN_POINT('',(-12.6,4.8,-5.7999998435378));
#11328=CARTESIAN_POINT('Origin',(-11.4,4.8,-5.7999998435378));
#11329=CARTESIAN_POINT('',(-11.4,0.2,-5.79999984353781));
#11330=CARTESIAN_POINT('',(-13.375,0.2,-5.7999998435378));
#11331=CARTESIAN_POINT('',(-11.4,4.8,-5.7999998435378));
#11332=CARTESIAN_POINT('',(-11.7499999999998,2.85,-5.7999998435378));
#11333=CARTESIAN_POINT('',(-12.2500000000002,2.85,-5.7999998435378));
#11334=CARTESIAN_POINT('',(-11.5749999999999,2.85,-5.79999984353781));
#11335=CARTESIAN_POINT('',(-11.7499999999998,3.35,-5.7999998435378));
#11336=CARTESIAN_POINT('',(-11.7499999999998,4.075,-5.79999984353781));
#11337=CARTESIAN_POINT('',(-12.2500000000002,3.35,-5.7999998435378));
#11338=CARTESIAN_POINT('',(-11.8250000000001,3.35,-5.79999984353781));
#11339=CARTESIAN_POINT('',(-12.2500000000002,3.825,-5.79999984353781));
#11340=CARTESIAN_POINT('Origin',(-11.3999999957532,4.8,-6.));
#11341=CARTESIAN_POINT('',(-11.4000000594556,0.2,-2.99999995806255));
#11342=CARTESIAN_POINT('Origin',(0.,-1.66533453693773E-15,-6.00000000000002));
#11343=CARTESIAN_POINT('',(-13.3999999957532,0.2,-6.));
#11344=CARTESIAN_POINT('',(-7.675,0.2,-6.00000000000002));
#11345=CARTESIAN_POINT('',(-13.3999999957532,2.4,-6.00000000000001));
#11346=CARTESIAN_POINT('Origin',(-12.2500000000002,3.35,-5.40000000000001));
#11347=CARTESIAN_POINT('',(-11.7499999999998,3.35,-5.40000000000001));
#11348=CARTESIAN_POINT('',(-11.7499999999998,3.35,-5.40000000000001));
#11349=CARTESIAN_POINT('',(-12.2500000000002,3.35,-5.40000000000001));
#11350=CARTESIAN_POINT('',(-6.12500000000012,3.35,-5.40000000000001));
#11351=CARTESIAN_POINT('',(-12.2500000000002,3.35,-5.40000000000001));
#11352=CARTESIAN_POINT('Origin',(-11.7499999999998,3.35,-5.40000000000001));
#11353=CARTESIAN_POINT('',(-11.7499999999998,2.85,-5.40000000000001));
#11354=CARTESIAN_POINT('',(-11.7499999999998,2.85,-5.40000000000001));
#11355=CARTESIAN_POINT('',(-11.7499999999998,1.675,-5.40000000000001));
#11356=CARTESIAN_POINT('Origin',(-11.7499999999998,2.85,-5.40000000000001));
#11357=CARTESIAN_POINT('',(-12.2500000000002,2.85,-5.40000000000001));
#11358=CARTESIAN_POINT('',(-12.2500000000002,2.85,-5.40000000000001));
#11359=CARTESIAN_POINT('',(-5.87499999999988,2.85,-5.40000000000001));
#11360=CARTESIAN_POINT('Origin',(-12.2500000000002,2.85,-5.40000000000001));
#11361=CARTESIAN_POINT('',(-12.2500000000002,1.425,-5.40000000000001));
#11362=CARTESIAN_POINT('Origin',(-13.3999999957532,4.8,-6.));
#11363=CARTESIAN_POINT('',(-13.4000000594556,0.2,-2.9999999792967));
#11364=CARTESIAN_POINT('Origin',(-14.6,4.8,-5.7999998435378));
#11365=CARTESIAN_POINT('',(-14.599999993071,0.2,-6.));
#11366=CARTESIAN_POINT('',(-14.6000001004711,0.2,-2.89999990877695));
#11367=CARTESIAN_POINT('',(-14.599999993071,2.4,-6.00000000000001));
#11368=CARTESIAN_POINT('Origin',(-15.35,0.2,0.));
#11369=CARTESIAN_POINT('',(15.35,0.2,0.));
#11370=CARTESIAN_POINT('',(15.35,0.2,0.));
#11371=CARTESIAN_POINT('',(-15.35,0.2,0.));
#11372=CARTESIAN_POINT('',(-7.675,0.2,-1.92592994438724E-33));
#11373=CARTESIAN_POINT('',(-15.35,0.2,0.));
#11374=CARTESIAN_POINT('',(-7.675,0.2,-6.00000000000002));
#11375=CARTESIAN_POINT('Origin',(-14.2500000000002,3.35,-5.40000000000001));
#11376=CARTESIAN_POINT('',(-13.7499999999998,3.35,-5.40000000000001));
#11377=CARTESIAN_POINT('',(-13.7499999999998,3.35,-5.40000000000001));
#11378=CARTESIAN_POINT('',(-14.2500000000002,3.35,-5.40000000000001));
#11379=CARTESIAN_POINT('',(-7.12500000000012,3.35,-5.40000000000001));
#11380=CARTESIAN_POINT('',(-14.2500000000002,3.35,-5.40000000000001));
#11381=CARTESIAN_POINT('Origin',(-13.7499999999998,3.35,-5.40000000000001));
#11382=CARTESIAN_POINT('',(-13.7499999999998,2.85,-5.40000000000001));
#11383=CARTESIAN_POINT('',(-13.7499999999998,2.85,-5.40000000000001));
#11384=CARTESIAN_POINT('',(-13.7499999999998,1.675,-5.40000000000001));
#11385=CARTESIAN_POINT('Origin',(-13.7499999999998,2.85,-5.40000000000001));
#11386=CARTESIAN_POINT('',(-14.2500000000002,2.85,-5.40000000000001));
#11387=CARTESIAN_POINT('',(-14.2500000000002,2.85,-5.40000000000001));
#11388=CARTESIAN_POINT('',(-6.87499999999988,2.85,-5.40000000000001));
#11389=CARTESIAN_POINT('Origin',(-14.2500000000002,2.85,-5.40000000000001));
#11390=CARTESIAN_POINT('',(-14.2500000000002,1.425,-5.40000000000001));
#11391=CARTESIAN_POINT('Origin',(-15.35,0.8,0.));
#11392=CARTESIAN_POINT('',(-7.675,0.8,-5.40000000000002));
#11393=CARTESIAN_POINT('',(-7.675,0.8,-7.70371977754894E-33));
#11394=CARTESIAN_POINT('Origin',(0.,-3.88578058618805E-15,-5.40000000000002));
#11395=CARTESIAN_POINT('Origin',(-15.35,0.,0.));
#11396=CARTESIAN_POINT('',(-15.35,0.,0.));
#11397=CARTESIAN_POINT('',(-15.35,2.4,-2.31111593326468E-32));
#11398=CARTESIAN_POINT('',(-15.35,0.,0.));
#11399=CARTESIAN_POINT('Origin',(15.35,0.2,0.));
#11400=CARTESIAN_POINT('',(15.35,0.,0.));
#11401=CARTESIAN_POINT('',(15.35,0.,1.83697019872103E-17));
#11402=CARTESIAN_POINT('',(15.35,2.5,-2.40741243048404E-32));
#11403=CARTESIAN_POINT('Origin',(0.,4.8,-4.62223186652937E-32));
#11404=CARTESIAN_POINT('',(0.,0.,0.));
#11405=CARTESIAN_POINT('',(15.95,0.,0.));
#11406=CARTESIAN_POINT('',(0.,0.,0.));
#11407=CARTESIAN_POINT('',(15.95,0.,0.));
#11408=CARTESIAN_POINT('Origin',(0.,0.,0.));
#11409=CARTESIAN_POINT('',(15.95,-1.39609735102798E-15,-7.6));
#11410=CARTESIAN_POINT('Origin',(0.,0.,0.));
#11411=CARTESIAN_POINT('Origin',(0.,-1.66533453693773E-15,-6.00000000000002));
#11412=CARTESIAN_POINT('Origin',(15.95,2.4,-3.));
#11413=CARTESIAN_POINT('Origin',(-14.125,-3.35,-6.45));
#11414=CARTESIAN_POINT('',(-13.85,-3.4,-6.4));
#11415=CARTESIAN_POINT('',(-14.15,-3.4,-6.4));
#11416=CARTESIAN_POINT('',(-14.125,-3.4,-6.4));
#11417=CARTESIAN_POINT('',(-14.25,-3.3,-6.5));
#11418=CARTESIAN_POINT('',(-14.15,-3.4,-6.4));
#11419=CARTESIAN_POINT('',(-13.75,-3.3,-6.5));
#11420=CARTESIAN_POINT('',(-14.125,-3.3,-6.5));
#11421=CARTESIAN_POINT('',(-13.85,-3.4,-6.4));
#11422=CARTESIAN_POINT('Origin',(-14.2,-3.35,-3.125));
#11423=CARTESIAN_POINT('',(-14.15,-3.4,-6.1));
#11424=CARTESIAN_POINT('',(-14.15,-3.4,-3.125));
#11425=CARTESIAN_POINT('',(-14.25,-3.3,-6.));
#11426=CARTESIAN_POINT('',(-14.15,-3.4,-6.1));
#11427=CARTESIAN_POINT('',(-14.25,-3.3,-3.125));
#11428=CARTESIAN_POINT('Origin',(-13.875,-3.35,-6.05));
#11429=CARTESIAN_POINT('',(-13.85,-3.4,-6.1));
#11430=CARTESIAN_POINT('',(-13.875,-3.4,-6.1));
#11431=CARTESIAN_POINT('',(-13.75,-3.3,-6.));
#11432=CARTESIAN_POINT('',(-13.85,-3.4,-6.1));
#11433=CARTESIAN_POINT('',(-13.875,-3.3,-6.));
#11434=CARTESIAN_POINT('Origin',(-13.8,-3.35,-3.125));
#11435=CARTESIAN_POINT('',(-13.75,-3.3,-3.125));
#11436=CARTESIAN_POINT('',(-13.85,-3.4,-3.125));
#11437=CARTESIAN_POINT('Origin',(-13.75,3.35,0.));
#11438=CARTESIAN_POINT('',(-13.75,2.6,-6.5));
#11439=CARTESIAN_POINT('',(-13.75,2.6,-6.5));
#11440=CARTESIAN_POINT('',(-13.75,3.35,-5.75));
#11441=CARTESIAN_POINT('Origin',(-13.75,2.6,-5.75));
#11442=CARTESIAN_POINT('',(-13.75,3.35,-0.1));
#11443=CARTESIAN_POINT('',(-13.75,3.35,0.));
#11444=CARTESIAN_POINT('',(-13.75,2.85,-0.1));
#11445=CARTESIAN_POINT('',(-13.75,3.225,-0.1));
#11446=CARTESIAN_POINT('',(-13.75,2.85,-5.75));
#11447=CARTESIAN_POINT('',(-13.75,2.85,0.));
#11448=CARTESIAN_POINT('',(-13.75,2.6,-6.));
#11449=CARTESIAN_POINT('Origin',(-13.75,2.6,-5.75));
#11450=CARTESIAN_POINT('',(-13.75,2.6,-6.));
#11451=CARTESIAN_POINT('Origin',(-14.25,2.6,-6.5));
#11452=CARTESIAN_POINT('',(-14.25,2.6,-6.5));
#11453=CARTESIAN_POINT('',(-14.25,2.6,-6.5));
#11454=CARTESIAN_POINT('',(-14.25,2.6,-6.5));
#11455=CARTESIAN_POINT('Origin',(-14.,-3.4,-6.25));
#11456=CARTESIAN_POINT('Origin',(-14.2,2.975,-0.05));
#11457=CARTESIAN_POINT('',(-14.25,3.35,-0.1));
#11458=CARTESIAN_POINT('',(-14.25,2.85,-0.1));
#11459=CARTESIAN_POINT('',(-14.25,2.975,-0.1));
#11460=CARTESIAN_POINT('',(-14.15,2.95,0.));
#11461=CARTESIAN_POINT('',(-14.25,2.85,-0.1));
#11462=CARTESIAN_POINT('',(-14.15,3.25,0.));
#11463=CARTESIAN_POINT('',(-14.15,2.975,0.));
#11464=CARTESIAN_POINT('',(-14.25,3.35,-0.1));
#11465=CARTESIAN_POINT('Origin',(-13.875,2.9,-0.05));
#11466=CARTESIAN_POINT('',(-13.875,2.85,-0.1));
#11467=CARTESIAN_POINT('',(-13.85,2.95,0.));
#11468=CARTESIAN_POINT('',(-13.75,2.85,-0.1));
#11469=CARTESIAN_POINT('',(-13.875,2.95,0.));
#11470=CARTESIAN_POINT('Origin',(-14.125,3.3,-0.05));
#11471=CARTESIAN_POINT('',(-13.85,3.25,0.));
#11472=CARTESIAN_POINT('',(-14.125,3.25,0.));
#11473=CARTESIAN_POINT('',(-13.85,3.25,0.));
#11474=CARTESIAN_POINT('',(-14.125,3.35,-0.1));
#11475=CARTESIAN_POINT('Origin',(-13.8,3.225,-0.05));
#11476=CARTESIAN_POINT('',(-13.85,3.225,0.));
#11477=CARTESIAN_POINT('Origin',(-13.75,2.85,0.));
#11478=CARTESIAN_POINT('',(-14.25,2.85,-5.75));
#11479=CARTESIAN_POINT('',(-14.25,2.85,0.));
#11480=CARTESIAN_POINT('',(-13.75,2.85,-5.75));
#11481=CARTESIAN_POINT('Origin',(-14.25,2.85,0.));
#11482=CARTESIAN_POINT('',(-14.25,2.6,-6.));
#11483=CARTESIAN_POINT('',(-14.25,2.6,-6.));
#11484=CARTESIAN_POINT('Origin',(-14.25,2.6,-5.75));
#11485=CARTESIAN_POINT('',(-14.25,3.35,-5.75));
#11486=CARTESIAN_POINT('',(-14.25,3.35,0.));
#11487=CARTESIAN_POINT('Origin',(-14.25,2.6,-5.75));
#11488=CARTESIAN_POINT('Origin',(-14.,3.1,0.));
#11489=CARTESIAN_POINT('Origin',(-13.75,2.6,-6.));
#11490=CARTESIAN_POINT('',(-13.75,2.6,-6.));
#11491=CARTESIAN_POINT('Origin',(-14.,2.6,-5.75));
#11492=CARTESIAN_POINT('Origin',(-14.,2.6,-5.75));
#11493=CARTESIAN_POINT('',(-14.25,3.35,-5.75));
#11494=CARTESIAN_POINT('Origin',(-14.25,3.35,0.));
#11495=CARTESIAN_POINT('Origin',(-12.125,-3.35,-6.45));
#11496=CARTESIAN_POINT('',(-11.85,-3.4,-6.4));
#11497=CARTESIAN_POINT('',(-12.15,-3.4,-6.4));
#11498=CARTESIAN_POINT('',(-12.125,-3.4,-6.4));
#11499=CARTESIAN_POINT('',(-12.25,-3.3,-6.5));
#11500=CARTESIAN_POINT('',(-12.15,-3.4,-6.4));
#11501=CARTESIAN_POINT('',(-11.75,-3.3,-6.5));
#11502=CARTESIAN_POINT('',(-12.125,-3.3,-6.5));
#11503=CARTESIAN_POINT('',(-11.85,-3.4,-6.4));
#11504=CARTESIAN_POINT('Origin',(-12.2,-3.35,-3.125));
#11505=CARTESIAN_POINT('',(-12.15,-3.4,-6.1));
#11506=CARTESIAN_POINT('',(-12.15,-3.4,-3.125));
#11507=CARTESIAN_POINT('',(-12.25,-3.3,-6.));
#11508=CARTESIAN_POINT('',(-12.15,-3.4,-6.1));
#11509=CARTESIAN_POINT('',(-12.25,-3.3,-3.125));
#11510=CARTESIAN_POINT('Origin',(-11.875,-3.35,-6.05));
#11511=CARTESIAN_POINT('',(-11.85,-3.4,-6.1));
#11512=CARTESIAN_POINT('',(-11.875,-3.4,-6.1));
#11513=CARTESIAN_POINT('',(-11.75,-3.3,-6.));
#11514=CARTESIAN_POINT('',(-11.85,-3.4,-6.1));
#11515=CARTESIAN_POINT('',(-11.875,-3.3,-6.));
#11516=CARTESIAN_POINT('Origin',(-11.8,-3.35,-3.125));
#11517=CARTESIAN_POINT('',(-11.75,-3.3,-3.125));
#11518=CARTESIAN_POINT('',(-11.85,-3.4,-3.125));
#11519=CARTESIAN_POINT('Origin',(-11.75,3.35,0.));
#11520=CARTESIAN_POINT('',(-11.75,2.6,-6.5));
#11521=CARTESIAN_POINT('',(-11.75,2.6,-6.5));
#11522=CARTESIAN_POINT('',(-11.75,3.35,-5.75));
#11523=CARTESIAN_POINT('Origin',(-11.75,2.6,-5.75));
#11524=CARTESIAN_POINT('',(-11.75,3.35,-0.1));
#11525=CARTESIAN_POINT('',(-11.75,3.35,0.));
#11526=CARTESIAN_POINT('',(-11.75,2.85,-0.1));
#11527=CARTESIAN_POINT('',(-11.75,3.225,-0.1));
#11528=CARTESIAN_POINT('',(-11.75,2.85,-5.75));
#11529=CARTESIAN_POINT('',(-11.75,2.85,0.));
#11530=CARTESIAN_POINT('',(-11.75,2.6,-6.));
#11531=CARTESIAN_POINT('Origin',(-11.75,2.6,-5.75));
#11532=CARTESIAN_POINT('',(-11.75,2.6,-6.));
#11533=CARTESIAN_POINT('Origin',(-12.25,2.6,-6.5));
#11534=CARTESIAN_POINT('',(-12.25,2.6,-6.5));
#11535=CARTESIAN_POINT('',(-12.25,2.6,-6.5));
#11536=CARTESIAN_POINT('',(-12.25,2.6,-6.5));
#11537=CARTESIAN_POINT('Origin',(-12.,-3.4,-6.25));
#11538=CARTESIAN_POINT('Origin',(-12.2,2.975,-0.05));
#11539=CARTESIAN_POINT('',(-12.25,3.35,-0.1));
#11540=CARTESIAN_POINT('',(-12.25,2.85,-0.1));
#11541=CARTESIAN_POINT('',(-12.25,2.975,-0.1));
#11542=CARTESIAN_POINT('',(-12.15,2.95,0.));
#11543=CARTESIAN_POINT('',(-12.25,2.85,-0.1));
#11544=CARTESIAN_POINT('',(-12.15,3.25,0.));
#11545=CARTESIAN_POINT('',(-12.15,2.975,0.));
#11546=CARTESIAN_POINT('',(-12.25,3.35,-0.1));
#11547=CARTESIAN_POINT('Origin',(-11.875,2.9,-0.05));
#11548=CARTESIAN_POINT('',(-11.875,2.85,-0.1));
#11549=CARTESIAN_POINT('',(-11.85,2.95,0.));
#11550=CARTESIAN_POINT('',(-11.75,2.85,-0.1));
#11551=CARTESIAN_POINT('',(-11.875,2.95,0.));
#11552=CARTESIAN_POINT('Origin',(-12.125,3.3,-0.05));
#11553=CARTESIAN_POINT('',(-11.85,3.25,0.));
#11554=CARTESIAN_POINT('',(-12.125,3.25,0.));
#11555=CARTESIAN_POINT('',(-11.85,3.25,0.));
#11556=CARTESIAN_POINT('',(-12.125,3.35,-0.1));
#11557=CARTESIAN_POINT('Origin',(-11.8,3.225,-0.05));
#11558=CARTESIAN_POINT('',(-11.85,3.225,0.));
#11559=CARTESIAN_POINT('Origin',(-11.75,2.85,0.));
#11560=CARTESIAN_POINT('',(-12.25,2.85,-5.75));
#11561=CARTESIAN_POINT('',(-12.25,2.85,0.));
#11562=CARTESIAN_POINT('',(-11.75,2.85,-5.75));
#11563=CARTESIAN_POINT('Origin',(-12.25,2.85,0.));
#11564=CARTESIAN_POINT('',(-12.25,2.6,-6.));
#11565=CARTESIAN_POINT('',(-12.25,2.6,-6.));
#11566=CARTESIAN_POINT('Origin',(-12.25,2.6,-5.75));
#11567=CARTESIAN_POINT('',(-12.25,3.35,-5.75));
#11568=CARTESIAN_POINT('',(-12.25,3.35,0.));
#11569=CARTESIAN_POINT('Origin',(-12.25,2.6,-5.75));
#11570=CARTESIAN_POINT('Origin',(-12.,3.1,0.));
#11571=CARTESIAN_POINT('Origin',(-11.75,2.6,-6.));
#11572=CARTESIAN_POINT('',(-11.75,2.6,-6.));
#11573=CARTESIAN_POINT('Origin',(-12.,2.6,-5.75));
#11574=CARTESIAN_POINT('Origin',(-12.,2.6,-5.75));
#11575=CARTESIAN_POINT('',(-12.25,3.35,-5.75));
#11576=CARTESIAN_POINT('Origin',(-12.25,3.35,0.));
#11577=CARTESIAN_POINT('Origin',(-10.125,-3.35,-6.45));
#11578=CARTESIAN_POINT('',(-9.85,-3.4,-6.4));
#11579=CARTESIAN_POINT('',(-10.15,-3.4,-6.4));
#11580=CARTESIAN_POINT('',(-10.125,-3.4,-6.4));
#11581=CARTESIAN_POINT('',(-10.25,-3.3,-6.5));
#11582=CARTESIAN_POINT('',(-10.15,-3.4,-6.4));
#11583=CARTESIAN_POINT('',(-9.75,-3.3,-6.5));
#11584=CARTESIAN_POINT('',(-10.125,-3.3,-6.5));
#11585=CARTESIAN_POINT('',(-9.85,-3.4,-6.4));
#11586=CARTESIAN_POINT('Origin',(-10.2,-3.35,-3.125));
#11587=CARTESIAN_POINT('',(-10.15,-3.4,-6.1));
#11588=CARTESIAN_POINT('',(-10.15,-3.4,-3.125));
#11589=CARTESIAN_POINT('',(-10.25,-3.3,-6.));
#11590=CARTESIAN_POINT('',(-10.15,-3.4,-6.1));
#11591=CARTESIAN_POINT('',(-10.25,-3.3,-3.125));
#11592=CARTESIAN_POINT('Origin',(-9.875,-3.35,-6.05));
#11593=CARTESIAN_POINT('',(-9.85,-3.4,-6.1));
#11594=CARTESIAN_POINT('',(-9.875,-3.4,-6.1));
#11595=CARTESIAN_POINT('',(-9.75,-3.3,-6.));
#11596=CARTESIAN_POINT('',(-9.85,-3.4,-6.1));
#11597=CARTESIAN_POINT('',(-9.875,-3.3,-6.));
#11598=CARTESIAN_POINT('Origin',(-9.8,-3.35,-3.125));
#11599=CARTESIAN_POINT('',(-9.75,-3.3,-3.125));
#11600=CARTESIAN_POINT('',(-9.85,-3.4,-3.125));
#11601=CARTESIAN_POINT('Origin',(-9.75,3.35,0.));
#11602=CARTESIAN_POINT('',(-9.75,2.6,-6.5));
#11603=CARTESIAN_POINT('',(-9.75,2.6,-6.5));
#11604=CARTESIAN_POINT('',(-9.75,3.35,-5.75));
#11605=CARTESIAN_POINT('Origin',(-9.75,2.6,-5.75));
#11606=CARTESIAN_POINT('',(-9.75,3.35,-0.1));
#11607=CARTESIAN_POINT('',(-9.75,3.35,0.));
#11608=CARTESIAN_POINT('',(-9.75,2.85,-0.1));
#11609=CARTESIAN_POINT('',(-9.75,3.225,-0.1));
#11610=CARTESIAN_POINT('',(-9.75,2.85,-5.75));
#11611=CARTESIAN_POINT('',(-9.75,2.85,0.));
#11612=CARTESIAN_POINT('',(-9.75,2.6,-6.));
#11613=CARTESIAN_POINT('Origin',(-9.75,2.6,-5.75));
#11614=CARTESIAN_POINT('',(-9.75,2.6,-6.));
#11615=CARTESIAN_POINT('Origin',(-10.25,2.6,-6.5));
#11616=CARTESIAN_POINT('',(-10.25,2.6,-6.5));
#11617=CARTESIAN_POINT('',(-10.25,2.6,-6.5));
#11618=CARTESIAN_POINT('',(-10.25,2.6,-6.5));
#11619=CARTESIAN_POINT('Origin',(-10.,-3.4,-6.25));
#11620=CARTESIAN_POINT('Origin',(-10.2,2.975,-0.05));
#11621=CARTESIAN_POINT('',(-10.25,3.35,-0.1));
#11622=CARTESIAN_POINT('',(-10.25,2.85,-0.1));
#11623=CARTESIAN_POINT('',(-10.25,2.975,-0.1));
#11624=CARTESIAN_POINT('',(-10.15,2.95,0.));
#11625=CARTESIAN_POINT('',(-10.25,2.85,-0.1));
#11626=CARTESIAN_POINT('',(-10.15,3.25,0.));
#11627=CARTESIAN_POINT('',(-10.15,2.975,0.));
#11628=CARTESIAN_POINT('',(-10.25,3.35,-0.1));
#11629=CARTESIAN_POINT('Origin',(-9.875,2.9,-0.05));
#11630=CARTESIAN_POINT('',(-9.875,2.85,-0.1));
#11631=CARTESIAN_POINT('',(-9.85000000000001,2.95,0.));
#11632=CARTESIAN_POINT('',(-9.75,2.85,-0.1));
#11633=CARTESIAN_POINT('',(-9.875,2.95,0.));
#11634=CARTESIAN_POINT('Origin',(-10.125,3.3,-0.05));
#11635=CARTESIAN_POINT('',(-9.85000000000001,3.25,0.));
#11636=CARTESIAN_POINT('',(-10.125,3.25,0.));
#11637=CARTESIAN_POINT('',(-9.85000000000001,3.25,0.));
#11638=CARTESIAN_POINT('',(-10.125,3.35,-0.1));
#11639=CARTESIAN_POINT('Origin',(-9.80000000000001,3.225,-0.05));
#11640=CARTESIAN_POINT('',(-9.85000000000001,3.225,0.));
#11641=CARTESIAN_POINT('Origin',(-9.75,2.85,0.));
#11642=CARTESIAN_POINT('',(-10.25,2.85,-5.75));
#11643=CARTESIAN_POINT('',(-10.25,2.85,0.));
#11644=CARTESIAN_POINT('',(-9.75,2.85,-5.75));
#11645=CARTESIAN_POINT('Origin',(-10.25,2.85,0.));
#11646=CARTESIAN_POINT('',(-10.25,2.6,-6.));
#11647=CARTESIAN_POINT('',(-10.25,2.6,-6.));
#11648=CARTESIAN_POINT('Origin',(-10.25,2.6,-5.75));
#11649=CARTESIAN_POINT('',(-10.25,3.35,-5.75));
#11650=CARTESIAN_POINT('',(-10.25,3.35,0.));
#11651=CARTESIAN_POINT('Origin',(-10.25,2.6,-5.75));
#11652=CARTESIAN_POINT('Origin',(-10.,3.1,0.));
#11653=CARTESIAN_POINT('Origin',(-9.75,2.6,-6.));
#11654=CARTESIAN_POINT('',(-9.75,2.6,-6.));
#11655=CARTESIAN_POINT('Origin',(-10.,2.6,-5.75));
#11656=CARTESIAN_POINT('Origin',(-10.,2.6,-5.75));
#11657=CARTESIAN_POINT('',(-10.25,3.35,-5.75));
#11658=CARTESIAN_POINT('Origin',(-10.25,3.35,0.));
#11659=CARTESIAN_POINT('Origin',(-8.125,-3.35,-6.45));
#11660=CARTESIAN_POINT('',(-7.85,-3.4,-6.4));
#11661=CARTESIAN_POINT('',(-8.15,-3.4,-6.4));
#11662=CARTESIAN_POINT('',(-8.125,-3.4,-6.4));
#11663=CARTESIAN_POINT('',(-8.25,-3.3,-6.5));
#11664=CARTESIAN_POINT('',(-8.15,-3.4,-6.4));
#11665=CARTESIAN_POINT('',(-7.75,-3.3,-6.5));
#11666=CARTESIAN_POINT('',(-8.125,-3.3,-6.5));
#11667=CARTESIAN_POINT('',(-7.85,-3.4,-6.4));
#11668=CARTESIAN_POINT('Origin',(-8.2,-3.35,-3.125));
#11669=CARTESIAN_POINT('',(-8.15,-3.4,-6.1));
#11670=CARTESIAN_POINT('',(-8.15,-3.4,-3.125));
#11671=CARTESIAN_POINT('',(-8.25,-3.3,-6.));
#11672=CARTESIAN_POINT('',(-8.15,-3.4,-6.1));
#11673=CARTESIAN_POINT('',(-8.25,-3.3,-3.125));
#11674=CARTESIAN_POINT('Origin',(-7.875,-3.35,-6.05));
#11675=CARTESIAN_POINT('',(-7.85,-3.4,-6.1));
#11676=CARTESIAN_POINT('',(-7.875,-3.4,-6.1));
#11677=CARTESIAN_POINT('',(-7.75,-3.3,-6.));
#11678=CARTESIAN_POINT('',(-7.85,-3.4,-6.1));
#11679=CARTESIAN_POINT('',(-7.875,-3.3,-6.));
#11680=CARTESIAN_POINT('Origin',(-7.8,-3.35,-3.125));
#11681=CARTESIAN_POINT('',(-7.75,-3.3,-3.125));
#11682=CARTESIAN_POINT('',(-7.85,-3.4,-3.125));
#11683=CARTESIAN_POINT('Origin',(-7.75,3.35,0.));
#11684=CARTESIAN_POINT('',(-7.75,2.6,-6.5));
#11685=CARTESIAN_POINT('',(-7.75,2.6,-6.5));
#11686=CARTESIAN_POINT('',(-7.75,3.35,-5.75));
#11687=CARTESIAN_POINT('Origin',(-7.75,2.6,-5.75));
#11688=CARTESIAN_POINT('',(-7.75,3.35,-0.1));
#11689=CARTESIAN_POINT('',(-7.75,3.35,0.));
#11690=CARTESIAN_POINT('',(-7.75,2.85,-0.1));
#11691=CARTESIAN_POINT('',(-7.75,3.225,-0.1));
#11692=CARTESIAN_POINT('',(-7.75,2.85,-5.75));
#11693=CARTESIAN_POINT('',(-7.75,2.85,0.));
#11694=CARTESIAN_POINT('',(-7.75,2.6,-6.));
#11695=CARTESIAN_POINT('Origin',(-7.75,2.6,-5.75));
#11696=CARTESIAN_POINT('',(-7.75,2.6,-6.));
#11697=CARTESIAN_POINT('Origin',(-8.25,2.6,-6.5));
#11698=CARTESIAN_POINT('',(-8.25,2.6,-6.5));
#11699=CARTESIAN_POINT('',(-8.25,2.6,-6.5));
#11700=CARTESIAN_POINT('',(-8.25,2.6,-6.5));
#11701=CARTESIAN_POINT('Origin',(-8.,-3.4,-6.25));
#11702=CARTESIAN_POINT('Origin',(-8.2,2.975,-0.05));
#11703=CARTESIAN_POINT('',(-8.25,3.35,-0.1));
#11704=CARTESIAN_POINT('',(-8.25,2.85,-0.1));
#11705=CARTESIAN_POINT('',(-8.25,2.975,-0.1));
#11706=CARTESIAN_POINT('',(-8.15,2.95,0.));
#11707=CARTESIAN_POINT('',(-8.25,2.85,-0.1));
#11708=CARTESIAN_POINT('',(-8.15,3.25,0.));
#11709=CARTESIAN_POINT('',(-8.15,2.975,0.));
#11710=CARTESIAN_POINT('',(-8.25,3.35,-0.1));
#11711=CARTESIAN_POINT('Origin',(-7.875,2.9,-0.05));
#11712=CARTESIAN_POINT('',(-7.875,2.85,-0.1));
#11713=CARTESIAN_POINT('',(-7.85000000000001,2.95,0.));
#11714=CARTESIAN_POINT('',(-7.75,2.85,-0.1));
#11715=CARTESIAN_POINT('',(-7.875,2.95,0.));
#11716=CARTESIAN_POINT('Origin',(-8.125,3.3,-0.05));
#11717=CARTESIAN_POINT('',(-7.85000000000001,3.25,0.));
#11718=CARTESIAN_POINT('',(-8.125,3.25,0.));
#11719=CARTESIAN_POINT('',(-7.85000000000001,3.25,0.));
#11720=CARTESIAN_POINT('',(-8.125,3.35,-0.1));
#11721=CARTESIAN_POINT('Origin',(-7.8,3.225,-0.05));
#11722=CARTESIAN_POINT('',(-7.85000000000001,3.225,0.));
#11723=CARTESIAN_POINT('Origin',(-7.75,2.85,0.));
#11724=CARTESIAN_POINT('',(-8.25,2.85,-5.75));
#11725=CARTESIAN_POINT('',(-8.25,2.85,0.));
#11726=CARTESIAN_POINT('',(-7.75,2.85,-5.75));
#11727=CARTESIAN_POINT('Origin',(-8.25,2.85,0.));
#11728=CARTESIAN_POINT('',(-8.25,2.6,-6.));
#11729=CARTESIAN_POINT('',(-8.25,2.6,-6.));
#11730=CARTESIAN_POINT('Origin',(-8.25,2.6,-5.75));
#11731=CARTESIAN_POINT('',(-8.25,3.35,-5.75));
#11732=CARTESIAN_POINT('',(-8.25,3.35,0.));
#11733=CARTESIAN_POINT('Origin',(-8.25,2.6,-5.75));
#11734=CARTESIAN_POINT('Origin',(-8.,3.1,0.));
#11735=CARTESIAN_POINT('Origin',(-7.75,2.6,-6.));
#11736=CARTESIAN_POINT('',(-7.75,2.6,-6.));
#11737=CARTESIAN_POINT('Origin',(-8.,2.6,-5.75));
#11738=CARTESIAN_POINT('Origin',(-8.,2.6,-5.75));
#11739=CARTESIAN_POINT('',(-8.25,3.35,-5.75));
#11740=CARTESIAN_POINT('Origin',(-8.25,3.35,0.));
#11741=CARTESIAN_POINT('Origin',(-6.125,-3.35,-6.45));
#11742=CARTESIAN_POINT('',(-5.85,-3.4,-6.4));
#11743=CARTESIAN_POINT('',(-6.15,-3.4,-6.4));
#11744=CARTESIAN_POINT('',(-6.125,-3.4,-6.4));
#11745=CARTESIAN_POINT('',(-6.25,-3.3,-6.5));
#11746=CARTESIAN_POINT('',(-6.15,-3.4,-6.4));
#11747=CARTESIAN_POINT('',(-5.75,-3.3,-6.5));
#11748=CARTESIAN_POINT('',(-6.125,-3.3,-6.5));
#11749=CARTESIAN_POINT('',(-5.85,-3.4,-6.4));
#11750=CARTESIAN_POINT('Origin',(-6.2,-3.35,-3.125));
#11751=CARTESIAN_POINT('',(-6.15,-3.4,-6.1));
#11752=CARTESIAN_POINT('',(-6.15,-3.4,-3.125));
#11753=CARTESIAN_POINT('',(-6.25,-3.3,-6.));
#11754=CARTESIAN_POINT('',(-6.15,-3.4,-6.1));
#11755=CARTESIAN_POINT('',(-6.25,-3.3,-3.125));
#11756=CARTESIAN_POINT('Origin',(-5.875,-3.35,-6.05));
#11757=CARTESIAN_POINT('',(-5.85,-3.4,-6.1));
#11758=CARTESIAN_POINT('',(-5.875,-3.4,-6.1));
#11759=CARTESIAN_POINT('',(-5.75,-3.3,-6.));
#11760=CARTESIAN_POINT('',(-5.85,-3.4,-6.1));
#11761=CARTESIAN_POINT('',(-5.875,-3.3,-6.));
#11762=CARTESIAN_POINT('Origin',(-5.8,-3.35,-3.125));
#11763=CARTESIAN_POINT('',(-5.75,-3.3,-3.125));
#11764=CARTESIAN_POINT('',(-5.85,-3.4,-3.125));
#11765=CARTESIAN_POINT('Origin',(-5.75,3.35,0.));
#11766=CARTESIAN_POINT('',(-5.75,2.6,-6.5));
#11767=CARTESIAN_POINT('',(-5.75,2.6,-6.5));
#11768=CARTESIAN_POINT('',(-5.75,3.35,-5.75));
#11769=CARTESIAN_POINT('Origin',(-5.75,2.6,-5.75));
#11770=CARTESIAN_POINT('',(-5.75,3.35,-0.1));
#11771=CARTESIAN_POINT('',(-5.75,3.35,0.));
#11772=CARTESIAN_POINT('',(-5.75,2.85,-0.1));
#11773=CARTESIAN_POINT('',(-5.75,3.225,-0.1));
#11774=CARTESIAN_POINT('',(-5.75,2.85,-5.75));
#11775=CARTESIAN_POINT('',(-5.75,2.85,0.));
#11776=CARTESIAN_POINT('',(-5.75,2.6,-6.));
#11777=CARTESIAN_POINT('Origin',(-5.75,2.6,-5.75));
#11778=CARTESIAN_POINT('',(-5.75,2.6,-6.));
#11779=CARTESIAN_POINT('Origin',(-6.25,2.6,-6.5));
#11780=CARTESIAN_POINT('',(-6.25,2.6,-6.5));
#11781=CARTESIAN_POINT('',(-6.25,2.6,-6.5));
#11782=CARTESIAN_POINT('',(-6.25,2.6,-6.5));
#11783=CARTESIAN_POINT('Origin',(-6.,-3.4,-6.25));
#11784=CARTESIAN_POINT('Origin',(-6.2,2.975,-0.05));
#11785=CARTESIAN_POINT('',(-6.25,3.35,-0.1));
#11786=CARTESIAN_POINT('',(-6.25,2.85,-0.1));
#11787=CARTESIAN_POINT('',(-6.25,2.975,-0.1));
#11788=CARTESIAN_POINT('',(-6.15,2.95,0.));
#11789=CARTESIAN_POINT('',(-6.25,2.85,-0.1));
#11790=CARTESIAN_POINT('',(-6.15,3.25,0.));
#11791=CARTESIAN_POINT('',(-6.15,2.975,0.));
#11792=CARTESIAN_POINT('',(-6.25,3.35,-0.1));
#11793=CARTESIAN_POINT('Origin',(-5.875,2.9,-0.05));
#11794=CARTESIAN_POINT('',(-5.875,2.85,-0.1));
#11795=CARTESIAN_POINT('',(-5.85000000000001,2.95,0.));
#11796=CARTESIAN_POINT('',(-5.75,2.85,-0.1));
#11797=CARTESIAN_POINT('',(-5.875,2.95,0.));
#11798=CARTESIAN_POINT('Origin',(-6.125,3.3,-0.05));
#11799=CARTESIAN_POINT('',(-5.85000000000001,3.25,0.));
#11800=CARTESIAN_POINT('',(-6.125,3.25,0.));
#11801=CARTESIAN_POINT('',(-5.85000000000001,3.25,0.));
#11802=CARTESIAN_POINT('',(-6.125,3.35,-0.1));
#11803=CARTESIAN_POINT('Origin',(-5.80000000000001,3.225,-0.05));
#11804=CARTESIAN_POINT('',(-5.85000000000001,3.225,0.));
#11805=CARTESIAN_POINT('Origin',(-5.75,2.85,0.));
#11806=CARTESIAN_POINT('',(-6.25,2.85,-5.75));
#11807=CARTESIAN_POINT('',(-6.25,2.85,0.));
#11808=CARTESIAN_POINT('',(-5.75,2.85,-5.75));
#11809=CARTESIAN_POINT('Origin',(-6.25,2.85,0.));
#11810=CARTESIAN_POINT('',(-6.25,2.6,-6.));
#11811=CARTESIAN_POINT('',(-6.25,2.6,-6.));
#11812=CARTESIAN_POINT('Origin',(-6.25,2.6,-5.75));
#11813=CARTESIAN_POINT('',(-6.25,3.35,-5.75));
#11814=CARTESIAN_POINT('',(-6.25,3.35,0.));
#11815=CARTESIAN_POINT('Origin',(-6.25,2.6,-5.75));
#11816=CARTESIAN_POINT('Origin',(-6.,3.1,0.));
#11817=CARTESIAN_POINT('Origin',(-5.75,2.6,-6.));
#11818=CARTESIAN_POINT('',(-5.75,2.6,-6.));
#11819=CARTESIAN_POINT('Origin',(-6.,2.6,-5.75));
#11820=CARTESIAN_POINT('Origin',(-6.,2.6,-5.75));
#11821=CARTESIAN_POINT('',(-6.25,3.35,-5.75));
#11822=CARTESIAN_POINT('Origin',(-6.25,3.35,0.));
#11823=CARTESIAN_POINT('Origin',(-4.125,-3.35,-6.45));
#11824=CARTESIAN_POINT('',(-3.85,-3.4,-6.4));
#11825=CARTESIAN_POINT('',(-4.15,-3.4,-6.4));
#11826=CARTESIAN_POINT('',(-4.125,-3.4,-6.4));
#11827=CARTESIAN_POINT('',(-4.25,-3.3,-6.5));
#11828=CARTESIAN_POINT('',(-4.15,-3.4,-6.4));
#11829=CARTESIAN_POINT('',(-3.75,-3.3,-6.5));
#11830=CARTESIAN_POINT('',(-4.125,-3.3,-6.5));
#11831=CARTESIAN_POINT('',(-3.85,-3.4,-6.4));
#11832=CARTESIAN_POINT('Origin',(-4.2,-3.35,-3.125));
#11833=CARTESIAN_POINT('',(-4.15,-3.4,-6.1));
#11834=CARTESIAN_POINT('',(-4.15,-3.4,-3.125));
#11835=CARTESIAN_POINT('',(-4.25,-3.3,-6.));
#11836=CARTESIAN_POINT('',(-4.15,-3.4,-6.1));
#11837=CARTESIAN_POINT('',(-4.25,-3.3,-3.125));
#11838=CARTESIAN_POINT('Origin',(-3.875,-3.35,-6.05));
#11839=CARTESIAN_POINT('',(-3.85,-3.4,-6.1));
#11840=CARTESIAN_POINT('',(-3.875,-3.4,-6.1));
#11841=CARTESIAN_POINT('',(-3.75,-3.3,-6.));
#11842=CARTESIAN_POINT('',(-3.85,-3.4,-6.1));
#11843=CARTESIAN_POINT('',(-3.875,-3.3,-6.));
#11844=CARTESIAN_POINT('Origin',(-3.8,-3.35,-3.125));
#11845=CARTESIAN_POINT('',(-3.75,-3.3,-3.125));
#11846=CARTESIAN_POINT('',(-3.85,-3.4,-3.125));
#11847=CARTESIAN_POINT('Origin',(-3.75,3.35,0.));
#11848=CARTESIAN_POINT('',(-3.75,2.6,-6.5));
#11849=CARTESIAN_POINT('',(-3.75,2.6,-6.5));
#11850=CARTESIAN_POINT('',(-3.75,3.35,-5.75));
#11851=CARTESIAN_POINT('Origin',(-3.75,2.6,-5.75));
#11852=CARTESIAN_POINT('',(-3.75,3.35,-0.1));
#11853=CARTESIAN_POINT('',(-3.75,3.35,0.));
#11854=CARTESIAN_POINT('',(-3.75,2.85,-0.1));
#11855=CARTESIAN_POINT('',(-3.75,3.225,-0.1));
#11856=CARTESIAN_POINT('',(-3.75,2.85,-5.75));
#11857=CARTESIAN_POINT('',(-3.75,2.85,0.));
#11858=CARTESIAN_POINT('',(-3.75,2.6,-6.));
#11859=CARTESIAN_POINT('Origin',(-3.75,2.6,-5.75));
#11860=CARTESIAN_POINT('',(-3.75,2.6,-6.));
#11861=CARTESIAN_POINT('Origin',(-4.25,2.6,-6.5));
#11862=CARTESIAN_POINT('',(-4.25,2.6,-6.5));
#11863=CARTESIAN_POINT('',(-4.25,2.6,-6.5));
#11864=CARTESIAN_POINT('',(-4.25,2.6,-6.5));
#11865=CARTESIAN_POINT('Origin',(-4.,-3.4,-6.25));
#11866=CARTESIAN_POINT('Origin',(-4.2,2.975,-0.05));
#11867=CARTESIAN_POINT('',(-4.25,3.35,-0.1));
#11868=CARTESIAN_POINT('',(-4.25,2.85,-0.1));
#11869=CARTESIAN_POINT('',(-4.25,2.975,-0.1));
#11870=CARTESIAN_POINT('',(-4.15,2.95,0.));
#11871=CARTESIAN_POINT('',(-4.25,2.85,-0.1));
#11872=CARTESIAN_POINT('',(-4.15,3.25,0.));
#11873=CARTESIAN_POINT('',(-4.15,2.975,0.));
#11874=CARTESIAN_POINT('',(-4.25,3.35,-0.1));
#11875=CARTESIAN_POINT('Origin',(-3.875,2.9,-0.05));
#11876=CARTESIAN_POINT('',(-3.875,2.85,-0.1));
#11877=CARTESIAN_POINT('',(-3.85000000000001,2.95,0.));
#11878=CARTESIAN_POINT('',(-3.75,2.85,-0.1));
#11879=CARTESIAN_POINT('',(-3.875,2.95,0.));
#11880=CARTESIAN_POINT('Origin',(-4.125,3.3,-0.05));
#11881=CARTESIAN_POINT('',(-3.85000000000001,3.25,0.));
#11882=CARTESIAN_POINT('',(-4.125,3.25,0.));
#11883=CARTESIAN_POINT('',(-3.85000000000001,3.25,0.));
#11884=CARTESIAN_POINT('',(-4.125,3.35,-0.1));
#11885=CARTESIAN_POINT('Origin',(-3.80000000000001,3.225,-0.05));
#11886=CARTESIAN_POINT('',(-3.85000000000001,3.225,0.));
#11887=CARTESIAN_POINT('Origin',(-3.75,2.85,0.));
#11888=CARTESIAN_POINT('',(-4.25,2.85,-5.75));
#11889=CARTESIAN_POINT('',(-4.25,2.85,0.));
#11890=CARTESIAN_POINT('',(-3.75,2.85,-5.75));
#11891=CARTESIAN_POINT('Origin',(-4.25,2.85,0.));
#11892=CARTESIAN_POINT('',(-4.25,2.6,-6.));
#11893=CARTESIAN_POINT('',(-4.25,2.6,-6.));
#11894=CARTESIAN_POINT('Origin',(-4.25,2.6,-5.75));
#11895=CARTESIAN_POINT('',(-4.25,3.35,-5.75));
#11896=CARTESIAN_POINT('',(-4.25,3.35,0.));
#11897=CARTESIAN_POINT('Origin',(-4.25,2.6,-5.75));
#11898=CARTESIAN_POINT('Origin',(-4.,3.1,0.));
#11899=CARTESIAN_POINT('Origin',(-3.75,2.6,-6.));
#11900=CARTESIAN_POINT('',(-3.75,2.6,-6.));
#11901=CARTESIAN_POINT('Origin',(-4.,2.6,-5.75));
#11902=CARTESIAN_POINT('Origin',(-4.,2.6,-5.75));
#11903=CARTESIAN_POINT('',(-4.25,3.35,-5.75));
#11904=CARTESIAN_POINT('Origin',(-4.25,3.35,0.));
#11905=CARTESIAN_POINT('Origin',(-2.125,-3.35,-6.45));
#11906=CARTESIAN_POINT('',(-1.85,-3.4,-6.4));
#11907=CARTESIAN_POINT('',(-2.15,-3.4,-6.4));
#11908=CARTESIAN_POINT('',(-2.125,-3.4,-6.4));
#11909=CARTESIAN_POINT('',(-2.25,-3.3,-6.5));
#11910=CARTESIAN_POINT('',(-2.15,-3.4,-6.4));
#11911=CARTESIAN_POINT('',(-1.75,-3.3,-6.5));
#11912=CARTESIAN_POINT('',(-2.125,-3.3,-6.5));
#11913=CARTESIAN_POINT('',(-1.85,-3.4,-6.4));
#11914=CARTESIAN_POINT('Origin',(-2.2,-3.35,-3.125));
#11915=CARTESIAN_POINT('',(-2.15,-3.4,-6.1));
#11916=CARTESIAN_POINT('',(-2.15,-3.4,-3.125));
#11917=CARTESIAN_POINT('',(-2.25,-3.3,-6.));
#11918=CARTESIAN_POINT('',(-2.15,-3.4,-6.1));
#11919=CARTESIAN_POINT('',(-2.25,-3.3,-3.125));
#11920=CARTESIAN_POINT('Origin',(-1.875,-3.35,-6.05));
#11921=CARTESIAN_POINT('',(-1.85,-3.4,-6.1));
#11922=CARTESIAN_POINT('',(-1.875,-3.4,-6.1));
#11923=CARTESIAN_POINT('',(-1.75,-3.3,-6.));
#11924=CARTESIAN_POINT('',(-1.85,-3.4,-6.1));
#11925=CARTESIAN_POINT('',(-1.875,-3.3,-6.));
#11926=CARTESIAN_POINT('Origin',(-1.8,-3.35,-3.125));
#11927=CARTESIAN_POINT('',(-1.75,-3.3,-3.125));
#11928=CARTESIAN_POINT('',(-1.85,-3.4,-3.125));
#11929=CARTESIAN_POINT('Origin',(-1.75,3.35,0.));
#11930=CARTESIAN_POINT('',(-1.75,2.6,-6.5));
#11931=CARTESIAN_POINT('',(-1.75,2.6,-6.5));
#11932=CARTESIAN_POINT('',(-1.75,3.35,-5.75));
#11933=CARTESIAN_POINT('Origin',(-1.75,2.6,-5.75));
#11934=CARTESIAN_POINT('',(-1.75,3.35,-0.1));
#11935=CARTESIAN_POINT('',(-1.75,3.35,0.));
#11936=CARTESIAN_POINT('',(-1.75,2.85,-0.1));
#11937=CARTESIAN_POINT('',(-1.75,3.225,-0.1));
#11938=CARTESIAN_POINT('',(-1.75,2.85,-5.75));
#11939=CARTESIAN_POINT('',(-1.75,2.85,0.));
#11940=CARTESIAN_POINT('',(-1.75,2.6,-6.));
#11941=CARTESIAN_POINT('Origin',(-1.75,2.6,-5.75));
#11942=CARTESIAN_POINT('',(-1.75,2.6,-6.));
#11943=CARTESIAN_POINT('Origin',(-2.25,2.6,-6.5));
#11944=CARTESIAN_POINT('',(-2.25,2.6,-6.5));
#11945=CARTESIAN_POINT('',(-2.25,2.6,-6.5));
#11946=CARTESIAN_POINT('',(-2.25,2.6,-6.5));
#11947=CARTESIAN_POINT('Origin',(-2.,-3.4,-6.25));
#11948=CARTESIAN_POINT('Origin',(-2.2,2.975,-0.05));
#11949=CARTESIAN_POINT('',(-2.25,3.35,-0.1));
#11950=CARTESIAN_POINT('',(-2.25,2.85,-0.1));
#11951=CARTESIAN_POINT('',(-2.25,2.975,-0.1));
#11952=CARTESIAN_POINT('',(-2.15,2.95,0.));
#11953=CARTESIAN_POINT('',(-2.25,2.85,-0.1));
#11954=CARTESIAN_POINT('',(-2.15,3.25,0.));
#11955=CARTESIAN_POINT('',(-2.15,2.975,0.));
#11956=CARTESIAN_POINT('',(-2.25,3.35,-0.1));
#11957=CARTESIAN_POINT('Origin',(-1.875,2.9,-0.05));
#11958=CARTESIAN_POINT('',(-1.875,2.85,-0.1));
#11959=CARTESIAN_POINT('',(-1.85,2.95,0.));
#11960=CARTESIAN_POINT('',(-1.75,2.85,-0.1));
#11961=CARTESIAN_POINT('',(-1.875,2.95,0.));
#11962=CARTESIAN_POINT('Origin',(-2.125,3.3,-0.05));
#11963=CARTESIAN_POINT('',(-1.85,3.25,0.));
#11964=CARTESIAN_POINT('',(-2.125,3.25,0.));
#11965=CARTESIAN_POINT('',(-1.85,3.25,0.));
#11966=CARTESIAN_POINT('',(-2.125,3.35,-0.1));
#11967=CARTESIAN_POINT('Origin',(-1.8,3.225,-0.05));
#11968=CARTESIAN_POINT('',(-1.85,3.225,0.));
#11969=CARTESIAN_POINT('Origin',(-1.75,2.85,0.));
#11970=CARTESIAN_POINT('',(-2.25,2.85,-5.75));
#11971=CARTESIAN_POINT('',(-2.25,2.85,0.));
#11972=CARTESIAN_POINT('',(-1.75,2.85,-5.75));
#11973=CARTESIAN_POINT('Origin',(-2.25,2.85,0.));
#11974=CARTESIAN_POINT('',(-2.25,2.6,-6.));
#11975=CARTESIAN_POINT('',(-2.25,2.6,-6.));
#11976=CARTESIAN_POINT('Origin',(-2.25,2.6,-5.75));
#11977=CARTESIAN_POINT('',(-2.25,3.35,-5.75));
#11978=CARTESIAN_POINT('',(-2.25,3.35,0.));
#11979=CARTESIAN_POINT('Origin',(-2.25,2.6,-5.75));
#11980=CARTESIAN_POINT('Origin',(-2.,3.1,0.));
#11981=CARTESIAN_POINT('Origin',(-1.75,2.6,-6.));
#11982=CARTESIAN_POINT('',(-1.75,2.6,-6.));
#11983=CARTESIAN_POINT('Origin',(-2.,2.6,-5.75));
#11984=CARTESIAN_POINT('Origin',(-2.,2.6,-5.75));
#11985=CARTESIAN_POINT('',(-2.25,3.35,-5.75));
#11986=CARTESIAN_POINT('Origin',(-2.25,3.35,0.));
#11987=CARTESIAN_POINT('Origin',(-0.125000000000002,-3.35,-6.45));
#11988=CARTESIAN_POINT('',(0.149999999999997,-3.4,-6.4));
#11989=CARTESIAN_POINT('',(-0.150000000000001,-3.4,-6.4));
#11990=CARTESIAN_POINT('',(-0.125000000000002,-3.4,-6.4));
#11991=CARTESIAN_POINT('',(-0.250000000000001,-3.3,-6.5));
#11992=CARTESIAN_POINT('',(-0.150000000000001,-3.4,-6.4));
#11993=CARTESIAN_POINT('',(0.249999999999997,-3.3,-6.5));
#11994=CARTESIAN_POINT('',(-0.125000000000002,-3.3,-6.5));
#11995=CARTESIAN_POINT('',(0.149999999999997,-3.4,-6.4));
#11996=CARTESIAN_POINT('Origin',(-0.200000000000002,-3.35,-3.125));
#11997=CARTESIAN_POINT('',(-0.150000000000001,-3.4,-6.1));
#11998=CARTESIAN_POINT('',(-0.150000000000001,-3.4,-3.125));
#11999=CARTESIAN_POINT('',(-0.250000000000001,-3.3,-6.));
#12000=CARTESIAN_POINT('',(-0.150000000000001,-3.4,-6.1));
#12001=CARTESIAN_POINT('',(-0.250000000000001,-3.3,-3.125));
#12002=CARTESIAN_POINT('Origin',(0.124999999999997,-3.35,-6.05));
#12003=CARTESIAN_POINT('',(0.149999999999997,-3.4,-6.1));
#12004=CARTESIAN_POINT('',(0.124999999999997,-3.4,-6.1));
#12005=CARTESIAN_POINT('',(0.249999999999997,-3.3,-6.));
#12006=CARTESIAN_POINT('',(0.149999999999997,-3.4,-6.1));
#12007=CARTESIAN_POINT('',(0.124999999999997,-3.3,-6.));
#12008=CARTESIAN_POINT('Origin',(0.199999999999998,-3.35,-3.125));
#12009=CARTESIAN_POINT('',(0.249999999999997,-3.3,-3.125));
#12010=CARTESIAN_POINT('',(0.149999999999997,-3.4,-3.125));
#12011=CARTESIAN_POINT('Origin',(0.249999999999997,3.35,0.));
#12012=CARTESIAN_POINT('',(0.249999999999997,2.6,-6.5));
#12013=CARTESIAN_POINT('',(0.249999999999997,2.6,-6.5));
#12014=CARTESIAN_POINT('',(0.249999999999997,3.35,-5.75));
#12015=CARTESIAN_POINT('Origin',(0.249999999999997,2.6,-5.75));
#12016=CARTESIAN_POINT('',(0.249999999999997,3.35,-0.1));
#12017=CARTESIAN_POINT('',(0.249999999999997,3.35,0.));
#12018=CARTESIAN_POINT('',(0.249999999999997,2.85,-0.1));
#12019=CARTESIAN_POINT('',(0.249999999999997,3.225,-0.1));
#12020=CARTESIAN_POINT('',(0.249999999999997,2.85,-5.75));
#12021=CARTESIAN_POINT('',(0.249999999999997,2.85,0.));
#12022=CARTESIAN_POINT('',(0.249999999999997,2.6,-6.));
#12023=CARTESIAN_POINT('Origin',(0.249999999999997,2.6,-5.75));
#12024=CARTESIAN_POINT('',(0.249999999999997,2.6,-6.));
#12025=CARTESIAN_POINT('Origin',(-0.250000000000001,2.6,-6.5));
#12026=CARTESIAN_POINT('',(-0.250000000000001,2.6,-6.5));
#12027=CARTESIAN_POINT('',(-0.250000000000001,2.6,-6.5));
#12028=CARTESIAN_POINT('',(-0.250000000000001,2.6,-6.5));
#12029=CARTESIAN_POINT('Origin',(-2.22044604925031E-15,-3.4,-6.25));
#12030=CARTESIAN_POINT('Origin',(-0.2,2.975,-0.05));
#12031=CARTESIAN_POINT('',(-0.250000000000001,3.35,-0.1));
#12032=CARTESIAN_POINT('',(-0.250000000000001,2.85,-0.1));
#12033=CARTESIAN_POINT('',(-0.250000000000001,2.975,-0.1));
#12034=CARTESIAN_POINT('',(-0.149999999999999,2.95,0.));
#12035=CARTESIAN_POINT('',(-0.250000000000001,2.85,-0.1));
#12036=CARTESIAN_POINT('',(-0.149999999999999,3.25,0.));
#12037=CARTESIAN_POINT('',(-0.149999999999999,2.975,0.));
#12038=CARTESIAN_POINT('',(-0.250000000000001,3.35,-0.1));
#12039=CARTESIAN_POINT('Origin',(0.124999999999997,2.9,-0.05));
#12040=CARTESIAN_POINT('',(0.124999999999997,2.85,-0.1));
#12041=CARTESIAN_POINT('',(0.149999999999995,2.95,0.));
#12042=CARTESIAN_POINT('',(0.249999999999997,2.85,-0.1));
#12043=CARTESIAN_POINT('',(0.124999999999997,2.95,0.));
#12044=CARTESIAN_POINT('Origin',(-0.125000000000002,3.3,-0.05));
#12045=CARTESIAN_POINT('',(0.149999999999995,3.25,0.));
#12046=CARTESIAN_POINT('',(-0.125000000000002,3.25,0.));
#12047=CARTESIAN_POINT('',(0.149999999999995,3.25,0.));
#12048=CARTESIAN_POINT('',(-0.125000000000002,3.35,-0.1));
#12049=CARTESIAN_POINT('Origin',(0.199999999999996,3.225,-0.05));
#12050=CARTESIAN_POINT('',(0.149999999999995,3.225,0.));
#12051=CARTESIAN_POINT('Origin',(0.249999999999997,2.85,0.));
#12052=CARTESIAN_POINT('',(-0.250000000000001,2.85,-5.75));
#12053=CARTESIAN_POINT('',(-0.250000000000001,2.85,0.));
#12054=CARTESIAN_POINT('',(0.249999999999997,2.85,-5.75));
#12055=CARTESIAN_POINT('Origin',(-0.250000000000001,2.85,0.));
#12056=CARTESIAN_POINT('',(-0.250000000000001,2.6,-6.));
#12057=CARTESIAN_POINT('',(-0.250000000000001,2.6,-6.));
#12058=CARTESIAN_POINT('Origin',(-0.250000000000001,2.6,-5.75));
#12059=CARTESIAN_POINT('',(-0.250000000000001,3.35,-5.75));
#12060=CARTESIAN_POINT('',(-0.250000000000001,3.35,0.));
#12061=CARTESIAN_POINT('Origin',(-0.250000000000001,2.6,-5.75));
#12062=CARTESIAN_POINT('Origin',(-2.22044604925031E-15,3.1,0.));
#12063=CARTESIAN_POINT('Origin',(0.249999999999997,2.6,-6.));
#12064=CARTESIAN_POINT('',(0.249999999999997,2.6,-6.));
#12065=CARTESIAN_POINT('Origin',(-2.22044604925031E-15,2.6,-5.75));
#12066=CARTESIAN_POINT('Origin',(-2.22044604925031E-15,2.6,-5.75));
#12067=CARTESIAN_POINT('',(-0.250000000000001,3.35,-5.75));
#12068=CARTESIAN_POINT('Origin',(-0.250000000000001,3.35,0.));
#12069=CARTESIAN_POINT('Origin',(1.875,-3.35,-6.45));
#12070=CARTESIAN_POINT('',(2.15,-3.4,-6.4));
#12071=CARTESIAN_POINT('',(1.85,-3.4,-6.4));
#12072=CARTESIAN_POINT('',(1.875,-3.4,-6.4));
#12073=CARTESIAN_POINT('',(1.75,-3.3,-6.5));
#12074=CARTESIAN_POINT('',(1.85,-3.4,-6.4));
#12075=CARTESIAN_POINT('',(2.25,-3.3,-6.5));
#12076=CARTESIAN_POINT('',(1.875,-3.3,-6.5));
#12077=CARTESIAN_POINT('',(2.15,-3.4,-6.4));
#12078=CARTESIAN_POINT('Origin',(1.8,-3.35,-3.125));
#12079=CARTESIAN_POINT('',(1.85,-3.4,-6.1));
#12080=CARTESIAN_POINT('',(1.85,-3.4,-3.125));
#12081=CARTESIAN_POINT('',(1.75,-3.3,-6.));
#12082=CARTESIAN_POINT('',(1.85,-3.4,-6.1));
#12083=CARTESIAN_POINT('',(1.75,-3.3,-3.125));
#12084=CARTESIAN_POINT('Origin',(2.125,-3.35,-6.05));
#12085=CARTESIAN_POINT('',(2.15,-3.4,-6.1));
#12086=CARTESIAN_POINT('',(2.125,-3.4,-6.1));
#12087=CARTESIAN_POINT('',(2.25,-3.3,-6.));
#12088=CARTESIAN_POINT('',(2.15,-3.4,-6.1));
#12089=CARTESIAN_POINT('',(2.125,-3.3,-6.));
#12090=CARTESIAN_POINT('Origin',(2.2,-3.35,-3.125));
#12091=CARTESIAN_POINT('',(2.25,-3.3,-3.125));
#12092=CARTESIAN_POINT('',(2.15,-3.4,-3.125));
#12093=CARTESIAN_POINT('Origin',(2.25,3.35,0.));
#12094=CARTESIAN_POINT('',(2.25,2.6,-6.5));
#12095=CARTESIAN_POINT('',(2.25,2.6,-6.5));
#12096=CARTESIAN_POINT('',(2.25,3.35,-5.75));
#12097=CARTESIAN_POINT('Origin',(2.25,2.6,-5.75));
#12098=CARTESIAN_POINT('',(2.25,3.35,-0.1));
#12099=CARTESIAN_POINT('',(2.25,3.35,0.));
#12100=CARTESIAN_POINT('',(2.25,2.85,-0.1));
#12101=CARTESIAN_POINT('',(2.25,3.225,-0.1));
#12102=CARTESIAN_POINT('',(2.25,2.85,-5.75));
#12103=CARTESIAN_POINT('',(2.25,2.85,0.));
#12104=CARTESIAN_POINT('',(2.25,2.6,-6.));
#12105=CARTESIAN_POINT('Origin',(2.25,2.6,-5.75));
#12106=CARTESIAN_POINT('',(2.25,2.6,-6.));
#12107=CARTESIAN_POINT('Origin',(1.75,2.6,-6.5));
#12108=CARTESIAN_POINT('',(1.75,2.6,-6.5));
#12109=CARTESIAN_POINT('',(1.75,2.6,-6.5));
#12110=CARTESIAN_POINT('',(1.75,2.6,-6.5));
#12111=CARTESIAN_POINT('Origin',(2.,-3.4,-6.25));
#12112=CARTESIAN_POINT('Origin',(1.8,2.975,-0.05));
#12113=CARTESIAN_POINT('',(1.75,3.35,-0.1));
#12114=CARTESIAN_POINT('',(1.75,2.85,-0.1));
#12115=CARTESIAN_POINT('',(1.75,2.975,-0.1));
#12116=CARTESIAN_POINT('',(1.85,2.95,0.));
#12117=CARTESIAN_POINT('',(1.75,2.85,-0.1));
#12118=CARTESIAN_POINT('',(1.85,3.25,0.));
#12119=CARTESIAN_POINT('',(1.85,2.975,0.));
#12120=CARTESIAN_POINT('',(1.75,3.35,-0.1));
#12121=CARTESIAN_POINT('Origin',(2.125,2.9,-0.05));
#12122=CARTESIAN_POINT('',(2.125,2.85,-0.1));
#12123=CARTESIAN_POINT('',(2.14999999999999,2.95,0.));
#12124=CARTESIAN_POINT('',(2.25,2.85,-0.1));
#12125=CARTESIAN_POINT('',(2.125,2.95,0.));
#12126=CARTESIAN_POINT('Origin',(1.875,3.3,-0.05));
#12127=CARTESIAN_POINT('',(2.14999999999999,3.25,0.));
#12128=CARTESIAN_POINT('',(1.875,3.25,0.));
#12129=CARTESIAN_POINT('',(2.14999999999999,3.25,0.));
#12130=CARTESIAN_POINT('',(1.875,3.35,-0.1));
#12131=CARTESIAN_POINT('Origin',(2.2,3.225,-0.05));
#12132=CARTESIAN_POINT('',(2.14999999999999,3.225,0.));
#12133=CARTESIAN_POINT('Origin',(2.25,2.85,0.));
#12134=CARTESIAN_POINT('',(1.75,2.85,-5.75));
#12135=CARTESIAN_POINT('',(1.75,2.85,0.));
#12136=CARTESIAN_POINT('',(2.25,2.85,-5.75));
#12137=CARTESIAN_POINT('Origin',(1.75,2.85,0.));
#12138=CARTESIAN_POINT('',(1.75,2.6,-6.));
#12139=CARTESIAN_POINT('',(1.75,2.6,-6.));
#12140=CARTESIAN_POINT('Origin',(1.75,2.6,-5.75));
#12141=CARTESIAN_POINT('',(1.75,3.35,-5.75));
#12142=CARTESIAN_POINT('',(1.75,3.35,0.));
#12143=CARTESIAN_POINT('Origin',(1.75,2.6,-5.75));
#12144=CARTESIAN_POINT('Origin',(2.,3.1,0.));
#12145=CARTESIAN_POINT('Origin',(2.25,2.6,-6.));
#12146=CARTESIAN_POINT('',(2.25,2.6,-6.));
#12147=CARTESIAN_POINT('Origin',(2.,2.6,-5.75));
#12148=CARTESIAN_POINT('Origin',(2.,2.6,-5.75));
#12149=CARTESIAN_POINT('',(1.75,3.35,-5.75));
#12150=CARTESIAN_POINT('Origin',(1.75,3.35,0.));
#12151=CARTESIAN_POINT('Origin',(3.875,-3.35,-6.45));
#12152=CARTESIAN_POINT('',(4.15,-3.4,-6.4));
#12153=CARTESIAN_POINT('',(3.85,-3.4,-6.4));
#12154=CARTESIAN_POINT('',(3.875,-3.4,-6.4));
#12155=CARTESIAN_POINT('',(3.75,-3.3,-6.5));
#12156=CARTESIAN_POINT('',(3.85,-3.4,-6.4));
#12157=CARTESIAN_POINT('',(4.25,-3.3,-6.5));
#12158=CARTESIAN_POINT('',(3.875,-3.3,-6.5));
#12159=CARTESIAN_POINT('',(4.15,-3.4,-6.4));
#12160=CARTESIAN_POINT('Origin',(3.8,-3.35,-3.125));
#12161=CARTESIAN_POINT('',(3.85,-3.4,-6.1));
#12162=CARTESIAN_POINT('',(3.85,-3.4,-3.125));
#12163=CARTESIAN_POINT('',(3.75,-3.3,-6.));
#12164=CARTESIAN_POINT('',(3.85,-3.4,-6.1));
#12165=CARTESIAN_POINT('',(3.75,-3.3,-3.125));
#12166=CARTESIAN_POINT('Origin',(4.125,-3.35,-6.05));
#12167=CARTESIAN_POINT('',(4.15,-3.4,-6.1));
#12168=CARTESIAN_POINT('',(4.125,-3.4,-6.1));
#12169=CARTESIAN_POINT('',(4.25,-3.3,-6.));
#12170=CARTESIAN_POINT('',(4.15,-3.4,-6.1));
#12171=CARTESIAN_POINT('',(4.125,-3.3,-6.));
#12172=CARTESIAN_POINT('Origin',(4.2,-3.35,-3.125));
#12173=CARTESIAN_POINT('',(4.25,-3.3,-3.125));
#12174=CARTESIAN_POINT('',(4.15,-3.4,-3.125));
#12175=CARTESIAN_POINT('Origin',(4.25,3.35,0.));
#12176=CARTESIAN_POINT('',(4.25,2.6,-6.5));
#12177=CARTESIAN_POINT('',(4.25,2.6,-6.5));
#12178=CARTESIAN_POINT('',(4.25,3.35,-5.75));
#12179=CARTESIAN_POINT('Origin',(4.25,2.6,-5.75));
#12180=CARTESIAN_POINT('',(4.25,3.35,-0.1));
#12181=CARTESIAN_POINT('',(4.25,3.35,0.));
#12182=CARTESIAN_POINT('',(4.25,2.85,-0.1));
#12183=CARTESIAN_POINT('',(4.25,3.225,-0.1));
#12184=CARTESIAN_POINT('',(4.25,2.85,-5.75));
#12185=CARTESIAN_POINT('',(4.25,2.85,0.));
#12186=CARTESIAN_POINT('',(4.25,2.6,-6.));
#12187=CARTESIAN_POINT('Origin',(4.25,2.6,-5.75));
#12188=CARTESIAN_POINT('',(4.25,2.6,-6.));
#12189=CARTESIAN_POINT('Origin',(3.75,2.6,-6.5));
#12190=CARTESIAN_POINT('',(3.75,2.6,-6.5));
#12191=CARTESIAN_POINT('',(3.75,2.6,-6.5));
#12192=CARTESIAN_POINT('',(3.75,2.6,-6.5));
#12193=CARTESIAN_POINT('Origin',(4.,-3.4,-6.25));
#12194=CARTESIAN_POINT('Origin',(3.8,2.975,-0.05));
#12195=CARTESIAN_POINT('',(3.75,3.35,-0.1));
#12196=CARTESIAN_POINT('',(3.75,2.85,-0.1));
#12197=CARTESIAN_POINT('',(3.75,2.975,-0.1));
#12198=CARTESIAN_POINT('',(3.85,2.95,0.));
#12199=CARTESIAN_POINT('',(3.75,2.85,-0.1));
#12200=CARTESIAN_POINT('',(3.85,3.25,0.));
#12201=CARTESIAN_POINT('',(3.85,2.975,0.));
#12202=CARTESIAN_POINT('',(3.75,3.35,-0.1));
#12203=CARTESIAN_POINT('Origin',(4.125,2.9,-0.05));
#12204=CARTESIAN_POINT('',(4.125,2.85,-0.1));
#12205=CARTESIAN_POINT('',(4.14999999999999,2.95,0.));
#12206=CARTESIAN_POINT('',(4.25,2.85,-0.1));
#12207=CARTESIAN_POINT('',(4.125,2.95,0.));
#12208=CARTESIAN_POINT('Origin',(3.875,3.3,-0.05));
#12209=CARTESIAN_POINT('',(4.14999999999999,3.25,0.));
#12210=CARTESIAN_POINT('',(3.875,3.25,0.));
#12211=CARTESIAN_POINT('',(4.14999999999999,3.25,0.));
#12212=CARTESIAN_POINT('',(3.875,3.35,-0.1));
#12213=CARTESIAN_POINT('Origin',(4.19999999999999,3.225,-0.05));
#12214=CARTESIAN_POINT('',(4.14999999999999,3.225,0.));
#12215=CARTESIAN_POINT('Origin',(4.25,2.85,0.));
#12216=CARTESIAN_POINT('',(3.75,2.85,-5.75));
#12217=CARTESIAN_POINT('',(3.75,2.85,0.));
#12218=CARTESIAN_POINT('',(4.25,2.85,-5.75));
#12219=CARTESIAN_POINT('Origin',(3.75,2.85,0.));
#12220=CARTESIAN_POINT('',(3.75,2.6,-6.));
#12221=CARTESIAN_POINT('',(3.75,2.6,-6.));
#12222=CARTESIAN_POINT('Origin',(3.75,2.6,-5.75));
#12223=CARTESIAN_POINT('',(3.75,3.35,-5.75));
#12224=CARTESIAN_POINT('',(3.75,3.35,0.));
#12225=CARTESIAN_POINT('Origin',(3.75,2.6,-5.75));
#12226=CARTESIAN_POINT('Origin',(4.,3.1,0.));
#12227=CARTESIAN_POINT('Origin',(4.25,2.6,-6.));
#12228=CARTESIAN_POINT('',(4.25,2.6,-6.));
#12229=CARTESIAN_POINT('Origin',(4.,2.6,-5.75));
#12230=CARTESIAN_POINT('Origin',(4.,2.6,-5.75));
#12231=CARTESIAN_POINT('',(3.75,3.35,-5.75));
#12232=CARTESIAN_POINT('Origin',(3.75,3.35,0.));
#12233=CARTESIAN_POINT('Origin',(5.875,-3.35,-6.45));
#12234=CARTESIAN_POINT('',(6.15,-3.4,-6.4));
#12235=CARTESIAN_POINT('',(5.85,-3.4,-6.4));
#12236=CARTESIAN_POINT('',(5.875,-3.4,-6.4));
#12237=CARTESIAN_POINT('',(5.75,-3.3,-6.5));
#12238=CARTESIAN_POINT('',(5.85,-3.4,-6.4));
#12239=CARTESIAN_POINT('',(6.25,-3.3,-6.5));
#12240=CARTESIAN_POINT('',(5.875,-3.3,-6.5));
#12241=CARTESIAN_POINT('',(6.15,-3.4,-6.4));
#12242=CARTESIAN_POINT('Origin',(5.8,-3.35,-3.125));
#12243=CARTESIAN_POINT('',(5.85,-3.4,-6.1));
#12244=CARTESIAN_POINT('',(5.85,-3.4,-3.125));
#12245=CARTESIAN_POINT('',(5.75,-3.3,-6.));
#12246=CARTESIAN_POINT('',(5.85,-3.4,-6.1));
#12247=CARTESIAN_POINT('',(5.75,-3.3,-3.125));
#12248=CARTESIAN_POINT('Origin',(6.125,-3.35,-6.05));
#12249=CARTESIAN_POINT('',(6.15,-3.4,-6.1));
#12250=CARTESIAN_POINT('',(6.125,-3.4,-6.1));
#12251=CARTESIAN_POINT('',(6.25,-3.3,-6.));
#12252=CARTESIAN_POINT('',(6.15,-3.4,-6.1));
#12253=CARTESIAN_POINT('',(6.125,-3.3,-6.));
#12254=CARTESIAN_POINT('Origin',(6.2,-3.35,-3.125));
#12255=CARTESIAN_POINT('',(6.25,-3.3,-3.125));
#12256=CARTESIAN_POINT('',(6.15,-3.4,-3.125));
#12257=CARTESIAN_POINT('Origin',(6.25,3.35,0.));
#12258=CARTESIAN_POINT('',(6.25,2.6,-6.5));
#12259=CARTESIAN_POINT('',(6.25,2.6,-6.5));
#12260=CARTESIAN_POINT('',(6.25,3.35,-5.75));
#12261=CARTESIAN_POINT('Origin',(6.25,2.6,-5.75));
#12262=CARTESIAN_POINT('',(6.25,3.35,-0.1));
#12263=CARTESIAN_POINT('',(6.25,3.35,0.));
#12264=CARTESIAN_POINT('',(6.25,2.85,-0.1));
#12265=CARTESIAN_POINT('',(6.25,3.225,-0.1));
#12266=CARTESIAN_POINT('',(6.25,2.85,-5.75));
#12267=CARTESIAN_POINT('',(6.25,2.85,0.));
#12268=CARTESIAN_POINT('',(6.25,2.6,-6.));
#12269=CARTESIAN_POINT('Origin',(6.25,2.6,-5.75));
#12270=CARTESIAN_POINT('',(6.25,2.6,-6.));
#12271=CARTESIAN_POINT('Origin',(5.75,2.6,-6.5));
#12272=CARTESIAN_POINT('',(5.75,2.6,-6.5));
#12273=CARTESIAN_POINT('',(5.75,2.6,-6.5));
#12274=CARTESIAN_POINT('',(5.75,2.6,-6.5));
#12275=CARTESIAN_POINT('Origin',(6.,-3.4,-6.25));
#12276=CARTESIAN_POINT('Origin',(5.8,2.975,-0.05));
#12277=CARTESIAN_POINT('',(5.75,3.35,-0.1));
#12278=CARTESIAN_POINT('',(5.75,2.85,-0.1));
#12279=CARTESIAN_POINT('',(5.75,2.975,-0.1));
#12280=CARTESIAN_POINT('',(5.85,2.95,0.));
#12281=CARTESIAN_POINT('',(5.75,2.85,-0.1));
#12282=CARTESIAN_POINT('',(5.85,3.25,0.));
#12283=CARTESIAN_POINT('',(5.85,2.975,0.));
#12284=CARTESIAN_POINT('',(5.75,3.35,-0.1));
#12285=CARTESIAN_POINT('Origin',(6.125,2.9,-0.05));
#12286=CARTESIAN_POINT('',(6.125,2.85,-0.1));
#12287=CARTESIAN_POINT('',(6.14999999999999,2.95,0.));
#12288=CARTESIAN_POINT('',(6.25,2.85,-0.1));
#12289=CARTESIAN_POINT('',(6.125,2.95,0.));
#12290=CARTESIAN_POINT('Origin',(5.875,3.3,-0.05));
#12291=CARTESIAN_POINT('',(6.14999999999999,3.25,0.));
#12292=CARTESIAN_POINT('',(5.875,3.25,0.));
#12293=CARTESIAN_POINT('',(6.14999999999999,3.25,0.));
#12294=CARTESIAN_POINT('',(5.875,3.35,-0.1));
#12295=CARTESIAN_POINT('Origin',(6.19999999999999,3.225,-0.05));
#12296=CARTESIAN_POINT('',(6.14999999999999,3.225,0.));
#12297=CARTESIAN_POINT('Origin',(6.25,2.85,0.));
#12298=CARTESIAN_POINT('',(5.75,2.85,-5.75));
#12299=CARTESIAN_POINT('',(5.75,2.85,0.));
#12300=CARTESIAN_POINT('',(6.25,2.85,-5.75));
#12301=CARTESIAN_POINT('Origin',(5.75,2.85,0.));
#12302=CARTESIAN_POINT('',(5.75,2.6,-6.));
#12303=CARTESIAN_POINT('',(5.75,2.6,-6.));
#12304=CARTESIAN_POINT('Origin',(5.75,2.6,-5.75));
#12305=CARTESIAN_POINT('',(5.75,3.35,-5.75));
#12306=CARTESIAN_POINT('',(5.75,3.35,0.));
#12307=CARTESIAN_POINT('Origin',(5.75,2.6,-5.75));
#12308=CARTESIAN_POINT('Origin',(6.,3.1,0.));
#12309=CARTESIAN_POINT('Origin',(6.25,2.6,-6.));
#12310=CARTESIAN_POINT('',(6.25,2.6,-6.));
#12311=CARTESIAN_POINT('Origin',(6.,2.6,-5.75));
#12312=CARTESIAN_POINT('Origin',(6.,2.6,-5.75));
#12313=CARTESIAN_POINT('',(5.75,3.35,-5.75));
#12314=CARTESIAN_POINT('Origin',(5.75,3.35,0.));
#12315=CARTESIAN_POINT('Origin',(7.875,-3.35,-6.45));
#12316=CARTESIAN_POINT('',(8.15,-3.4,-6.4));
#12317=CARTESIAN_POINT('',(7.85,-3.4,-6.4));
#12318=CARTESIAN_POINT('',(7.875,-3.4,-6.4));
#12319=CARTESIAN_POINT('',(7.75,-3.3,-6.5));
#12320=CARTESIAN_POINT('',(7.85,-3.4,-6.4));
#12321=CARTESIAN_POINT('',(8.25,-3.3,-6.5));
#12322=CARTESIAN_POINT('',(7.875,-3.3,-6.5));
#12323=CARTESIAN_POINT('',(8.15,-3.4,-6.4));
#12324=CARTESIAN_POINT('Origin',(7.8,-3.35,-3.125));
#12325=CARTESIAN_POINT('',(7.85,-3.4,-6.1));
#12326=CARTESIAN_POINT('',(7.85,-3.4,-3.125));
#12327=CARTESIAN_POINT('',(7.75,-3.3,-6.));
#12328=CARTESIAN_POINT('',(7.85,-3.4,-6.1));
#12329=CARTESIAN_POINT('',(7.75,-3.3,-3.125));
#12330=CARTESIAN_POINT('Origin',(8.125,-3.35,-6.05));
#12331=CARTESIAN_POINT('',(8.15,-3.4,-6.1));
#12332=CARTESIAN_POINT('',(8.125,-3.4,-6.1));
#12333=CARTESIAN_POINT('',(8.25,-3.3,-6.));
#12334=CARTESIAN_POINT('',(8.15,-3.4,-6.1));
#12335=CARTESIAN_POINT('',(8.125,-3.3,-6.));
#12336=CARTESIAN_POINT('Origin',(8.2,-3.35,-3.125));
#12337=CARTESIAN_POINT('',(8.25,-3.3,-3.125));
#12338=CARTESIAN_POINT('',(8.15,-3.4,-3.125));
#12339=CARTESIAN_POINT('Origin',(8.25,3.35,0.));
#12340=CARTESIAN_POINT('',(8.25,2.6,-6.5));
#12341=CARTESIAN_POINT('',(8.25,2.6,-6.5));
#12342=CARTESIAN_POINT('',(8.25,3.35,-5.75));
#12343=CARTESIAN_POINT('Origin',(8.25,2.6,-5.75));
#12344=CARTESIAN_POINT('',(8.25,3.35,-0.1));
#12345=CARTESIAN_POINT('',(8.25,3.35,0.));
#12346=CARTESIAN_POINT('',(8.25,2.85,-0.1));
#12347=CARTESIAN_POINT('',(8.25,3.225,-0.1));
#12348=CARTESIAN_POINT('',(8.25,2.85,-5.75));
#12349=CARTESIAN_POINT('',(8.25,2.85,0.));
#12350=CARTESIAN_POINT('',(8.25,2.6,-6.));
#12351=CARTESIAN_POINT('Origin',(8.25,2.6,-5.75));
#12352=CARTESIAN_POINT('',(8.25,2.6,-6.));
#12353=CARTESIAN_POINT('Origin',(7.75,2.6,-6.5));
#12354=CARTESIAN_POINT('',(7.75,2.6,-6.5));
#12355=CARTESIAN_POINT('',(7.75,2.6,-6.5));
#12356=CARTESIAN_POINT('',(7.75,2.6,-6.5));
#12357=CARTESIAN_POINT('Origin',(8.,-3.4,-6.25));
#12358=CARTESIAN_POINT('Origin',(7.8,2.975,-0.05));
#12359=CARTESIAN_POINT('',(7.75,3.35,-0.1));
#12360=CARTESIAN_POINT('',(7.75,2.85,-0.1));
#12361=CARTESIAN_POINT('',(7.75,2.975,-0.1));
#12362=CARTESIAN_POINT('',(7.85,2.95,0.));
#12363=CARTESIAN_POINT('',(7.75,2.85,-0.1));
#12364=CARTESIAN_POINT('',(7.85,3.25,0.));
#12365=CARTESIAN_POINT('',(7.85,2.975,0.));
#12366=CARTESIAN_POINT('',(7.75,3.35,-0.1));
#12367=CARTESIAN_POINT('Origin',(8.125,2.9,-0.05));
#12368=CARTESIAN_POINT('',(8.125,2.85,-0.1));
#12369=CARTESIAN_POINT('',(8.15,2.95,0.));
#12370=CARTESIAN_POINT('',(8.25,2.85,-0.1));
#12371=CARTESIAN_POINT('',(8.125,2.95,0.));
#12372=CARTESIAN_POINT('Origin',(7.875,3.3,-0.05));
#12373=CARTESIAN_POINT('',(8.15,3.25,0.));
#12374=CARTESIAN_POINT('',(7.875,3.25,0.));
#12375=CARTESIAN_POINT('',(8.15,3.25,0.));
#12376=CARTESIAN_POINT('',(7.875,3.35,-0.1));
#12377=CARTESIAN_POINT('Origin',(8.2,3.225,-0.05));
#12378=CARTESIAN_POINT('',(8.15,3.225,0.));
#12379=CARTESIAN_POINT('Origin',(8.25,2.85,0.));
#12380=CARTESIAN_POINT('',(7.75,2.85,-5.75));
#12381=CARTESIAN_POINT('',(7.75,2.85,0.));
#12382=CARTESIAN_POINT('',(8.25,2.85,-5.75));
#12383=CARTESIAN_POINT('Origin',(7.75,2.85,0.));
#12384=CARTESIAN_POINT('',(7.75,2.6,-6.));
#12385=CARTESIAN_POINT('',(7.75,2.6,-6.));
#12386=CARTESIAN_POINT('Origin',(7.75,2.6,-5.75));
#12387=CARTESIAN_POINT('',(7.75,3.35,-5.75));
#12388=CARTESIAN_POINT('',(7.75,3.35,0.));
#12389=CARTESIAN_POINT('Origin',(7.75,2.6,-5.75));
#12390=CARTESIAN_POINT('Origin',(8.,3.1,0.));
#12391=CARTESIAN_POINT('Origin',(8.25,2.6,-6.));
#12392=CARTESIAN_POINT('',(8.25,2.6,-6.));
#12393=CARTESIAN_POINT('Origin',(8.,2.6,-5.75));
#12394=CARTESIAN_POINT('Origin',(8.,2.6,-5.75));
#12395=CARTESIAN_POINT('',(7.75,3.35,-5.75));
#12396=CARTESIAN_POINT('Origin',(7.75,3.35,0.));
#12397=CARTESIAN_POINT('Origin',(9.875,-3.35,-6.45));
#12398=CARTESIAN_POINT('',(10.15,-3.4,-6.4));
#12399=CARTESIAN_POINT('',(9.85,-3.4,-6.4));
#12400=CARTESIAN_POINT('',(9.875,-3.4,-6.4));
#12401=CARTESIAN_POINT('',(9.75,-3.3,-6.5));
#12402=CARTESIAN_POINT('',(9.85,-3.4,-6.4));
#12403=CARTESIAN_POINT('',(10.25,-3.3,-6.5));
#12404=CARTESIAN_POINT('',(9.875,-3.3,-6.5));
#12405=CARTESIAN_POINT('',(10.15,-3.4,-6.4));
#12406=CARTESIAN_POINT('Origin',(9.8,-3.35,-3.125));
#12407=CARTESIAN_POINT('',(9.85,-3.4,-6.1));
#12408=CARTESIAN_POINT('',(9.85,-3.4,-3.125));
#12409=CARTESIAN_POINT('',(9.75,-3.3,-6.));
#12410=CARTESIAN_POINT('',(9.85,-3.4,-6.1));
#12411=CARTESIAN_POINT('',(9.75,-3.3,-3.125));
#12412=CARTESIAN_POINT('Origin',(10.125,-3.35,-6.05));
#12413=CARTESIAN_POINT('',(10.15,-3.4,-6.1));
#12414=CARTESIAN_POINT('',(10.125,-3.4,-6.1));
#12415=CARTESIAN_POINT('',(10.25,-3.3,-6.));
#12416=CARTESIAN_POINT('',(10.15,-3.4,-6.1));
#12417=CARTESIAN_POINT('',(10.125,-3.3,-6.));
#12418=CARTESIAN_POINT('Origin',(10.2,-3.35,-3.125));
#12419=CARTESIAN_POINT('',(10.25,-3.3,-3.125));
#12420=CARTESIAN_POINT('',(10.15,-3.4,-3.125));
#12421=CARTESIAN_POINT('Origin',(10.25,3.35,0.));
#12422=CARTESIAN_POINT('',(10.25,2.6,-6.5));
#12423=CARTESIAN_POINT('',(10.25,2.6,-6.5));
#12424=CARTESIAN_POINT('',(10.25,3.35,-5.75));
#12425=CARTESIAN_POINT('Origin',(10.25,2.6,-5.75));
#12426=CARTESIAN_POINT('',(10.25,3.35,-0.1));
#12427=CARTESIAN_POINT('',(10.25,3.35,0.));
#12428=CARTESIAN_POINT('',(10.25,2.85,-0.1));
#12429=CARTESIAN_POINT('',(10.25,3.225,-0.1));
#12430=CARTESIAN_POINT('',(10.25,2.85,-5.75));
#12431=CARTESIAN_POINT('',(10.25,2.85,0.));
#12432=CARTESIAN_POINT('',(10.25,2.6,-6.));
#12433=CARTESIAN_POINT('Origin',(10.25,2.6,-5.75));
#12434=CARTESIAN_POINT('',(10.25,2.6,-6.));
#12435=CARTESIAN_POINT('Origin',(9.75,2.6,-6.5));
#12436=CARTESIAN_POINT('',(9.75,2.6,-6.5));
#12437=CARTESIAN_POINT('',(9.75,2.6,-6.5));
#12438=CARTESIAN_POINT('',(9.75,2.6,-6.5));
#12439=CARTESIAN_POINT('Origin',(10.,-3.4,-6.25));
#12440=CARTESIAN_POINT('Origin',(9.8,2.975,-0.05));
#12441=CARTESIAN_POINT('',(9.75,3.35,-0.1));
#12442=CARTESIAN_POINT('',(9.75,2.85,-0.1));
#12443=CARTESIAN_POINT('',(9.75,2.975,-0.1));
#12444=CARTESIAN_POINT('',(9.85,2.95,0.));
#12445=CARTESIAN_POINT('',(9.75,2.85,-0.1));
#12446=CARTESIAN_POINT('',(9.85,3.25,0.));
#12447=CARTESIAN_POINT('',(9.85,2.975,0.));
#12448=CARTESIAN_POINT('',(9.75,3.35,-0.1));
#12449=CARTESIAN_POINT('Origin',(10.125,2.9,-0.05));
#12450=CARTESIAN_POINT('',(10.125,2.85,-0.1));
#12451=CARTESIAN_POINT('',(10.15,2.95,0.));
#12452=CARTESIAN_POINT('',(10.25,2.85,-0.1));
#12453=CARTESIAN_POINT('',(10.125,2.95,0.));
#12454=CARTESIAN_POINT('Origin',(9.875,3.3,-0.05));
#12455=CARTESIAN_POINT('',(10.15,3.25,0.));
#12456=CARTESIAN_POINT('',(9.875,3.25,0.));
#12457=CARTESIAN_POINT('',(10.15,3.25,0.));
#12458=CARTESIAN_POINT('',(9.875,3.35,-0.1));
#12459=CARTESIAN_POINT('Origin',(10.2,3.225,-0.05));
#12460=CARTESIAN_POINT('',(10.15,3.225,0.));
#12461=CARTESIAN_POINT('Origin',(10.25,2.85,0.));
#12462=CARTESIAN_POINT('',(9.75,2.85,-5.75));
#12463=CARTESIAN_POINT('',(9.75,2.85,0.));
#12464=CARTESIAN_POINT('',(10.25,2.85,-5.75));
#12465=CARTESIAN_POINT('Origin',(9.75,2.85,0.));
#12466=CARTESIAN_POINT('',(9.75,2.6,-6.));
#12467=CARTESIAN_POINT('',(9.75,2.6,-6.));
#12468=CARTESIAN_POINT('Origin',(9.75,2.6,-5.75));
#12469=CARTESIAN_POINT('',(9.75,3.35,-5.75));
#12470=CARTESIAN_POINT('',(9.75,3.35,0.));
#12471=CARTESIAN_POINT('Origin',(9.75,2.6,-5.75));
#12472=CARTESIAN_POINT('Origin',(10.,3.1,0.));
#12473=CARTESIAN_POINT('Origin',(10.25,2.6,-6.));
#12474=CARTESIAN_POINT('',(10.25,2.6,-6.));
#12475=CARTESIAN_POINT('Origin',(10.,2.6,-5.75));
#12476=CARTESIAN_POINT('Origin',(10.,2.6,-5.75));
#12477=CARTESIAN_POINT('',(9.75,3.35,-5.75));
#12478=CARTESIAN_POINT('Origin',(9.75,3.35,0.));
#12479=CARTESIAN_POINT('Origin',(11.875,-3.35,-6.45));
#12480=CARTESIAN_POINT('',(12.15,-3.4,-6.4));
#12481=CARTESIAN_POINT('',(11.85,-3.4,-6.4));
#12482=CARTESIAN_POINT('',(11.875,-3.4,-6.4));
#12483=CARTESIAN_POINT('',(11.75,-3.3,-6.5));
#12484=CARTESIAN_POINT('',(11.85,-3.4,-6.4));
#12485=CARTESIAN_POINT('',(12.25,-3.3,-6.5));
#12486=CARTESIAN_POINT('',(11.875,-3.3,-6.5));
#12487=CARTESIAN_POINT('',(12.15,-3.4,-6.4));
#12488=CARTESIAN_POINT('Origin',(11.8,-3.35,-3.125));
#12489=CARTESIAN_POINT('',(11.85,-3.4,-6.1));
#12490=CARTESIAN_POINT('',(11.85,-3.4,-3.125));
#12491=CARTESIAN_POINT('',(11.75,-3.3,-6.));
#12492=CARTESIAN_POINT('',(11.85,-3.4,-6.1));
#12493=CARTESIAN_POINT('',(11.75,-3.3,-3.125));
#12494=CARTESIAN_POINT('Origin',(12.125,-3.35,-6.05));
#12495=CARTESIAN_POINT('',(12.15,-3.4,-6.1));
#12496=CARTESIAN_POINT('',(12.125,-3.4,-6.1));
#12497=CARTESIAN_POINT('',(12.25,-3.3,-6.));
#12498=CARTESIAN_POINT('',(12.15,-3.4,-6.1));
#12499=CARTESIAN_POINT('',(12.125,-3.3,-6.));
#12500=CARTESIAN_POINT('Origin',(12.2,-3.35,-3.125));
#12501=CARTESIAN_POINT('',(12.25,-3.3,-3.125));
#12502=CARTESIAN_POINT('',(12.15,-3.4,-3.125));
#12503=CARTESIAN_POINT('Origin',(12.25,3.35,0.));
#12504=CARTESIAN_POINT('',(12.25,2.6,-6.5));
#12505=CARTESIAN_POINT('',(12.25,2.6,-6.5));
#12506=CARTESIAN_POINT('',(12.25,3.35,-5.75));
#12507=CARTESIAN_POINT('Origin',(12.25,2.6,-5.75));
#12508=CARTESIAN_POINT('',(12.25,3.35,-0.1));
#12509=CARTESIAN_POINT('',(12.25,3.35,0.));
#12510=CARTESIAN_POINT('',(12.25,2.85,-0.1));
#12511=CARTESIAN_POINT('',(12.25,3.225,-0.1));
#12512=CARTESIAN_POINT('',(12.25,2.85,-5.75));
#12513=CARTESIAN_POINT('',(12.25,2.85,0.));
#12514=CARTESIAN_POINT('',(12.25,2.6,-6.));
#12515=CARTESIAN_POINT('Origin',(12.25,2.6,-5.75));
#12516=CARTESIAN_POINT('',(12.25,2.6,-6.));
#12517=CARTESIAN_POINT('Origin',(11.75,2.6,-6.5));
#12518=CARTESIAN_POINT('',(11.75,2.6,-6.5));
#12519=CARTESIAN_POINT('',(11.75,2.6,-6.5));
#12520=CARTESIAN_POINT('',(11.75,2.6,-6.5));
#12521=CARTESIAN_POINT('Origin',(12.,-3.4,-6.25));
#12522=CARTESIAN_POINT('Origin',(11.8,2.975,-0.05));
#12523=CARTESIAN_POINT('',(11.75,3.35,-0.1));
#12524=CARTESIAN_POINT('',(11.75,2.85,-0.1));
#12525=CARTESIAN_POINT('',(11.75,2.975,-0.1));
#12526=CARTESIAN_POINT('',(11.85,2.95,0.));
#12527=CARTESIAN_POINT('',(11.75,2.85,-0.1));
#12528=CARTESIAN_POINT('',(11.85,3.25,0.));
#12529=CARTESIAN_POINT('',(11.85,2.975,0.));
#12530=CARTESIAN_POINT('',(11.75,3.35,-0.1));
#12531=CARTESIAN_POINT('Origin',(12.125,2.9,-0.05));
#12532=CARTESIAN_POINT('',(12.125,2.85,-0.1));
#12533=CARTESIAN_POINT('',(12.15,2.95,0.));
#12534=CARTESIAN_POINT('',(12.25,2.85,-0.1));
#12535=CARTESIAN_POINT('',(12.125,2.95,0.));
#12536=CARTESIAN_POINT('Origin',(11.875,3.3,-0.05));
#12537=CARTESIAN_POINT('',(12.15,3.25,0.));
#12538=CARTESIAN_POINT('',(11.875,3.25,0.));
#12539=CARTESIAN_POINT('',(12.15,3.25,0.));
#12540=CARTESIAN_POINT('',(11.875,3.35,-0.1));
#12541=CARTESIAN_POINT('Origin',(12.2,3.225,-0.05));
#12542=CARTESIAN_POINT('',(12.15,3.225,0.));
#12543=CARTESIAN_POINT('Origin',(12.25,2.85,0.));
#12544=CARTESIAN_POINT('',(11.75,2.85,-5.75));
#12545=CARTESIAN_POINT('',(11.75,2.85,0.));
#12546=CARTESIAN_POINT('',(12.25,2.85,-5.75));
#12547=CARTESIAN_POINT('Origin',(11.75,2.85,0.));
#12548=CARTESIAN_POINT('',(11.75,2.6,-6.));
#12549=CARTESIAN_POINT('',(11.75,2.6,-6.));
#12550=CARTESIAN_POINT('Origin',(11.75,2.6,-5.75));
#12551=CARTESIAN_POINT('',(11.75,3.35,-5.75));
#12552=CARTESIAN_POINT('',(11.75,3.35,0.));
#12553=CARTESIAN_POINT('Origin',(11.75,2.6,-5.75));
#12554=CARTESIAN_POINT('Origin',(12.,3.1,0.));
#12555=CARTESIAN_POINT('Origin',(12.25,2.6,-6.));
#12556=CARTESIAN_POINT('',(12.25,2.6,-6.));
#12557=CARTESIAN_POINT('Origin',(12.,2.6,-5.75));
#12558=CARTESIAN_POINT('Origin',(12.,2.6,-5.75));
#12559=CARTESIAN_POINT('',(11.75,3.35,-5.75));
#12560=CARTESIAN_POINT('Origin',(11.75,3.35,0.));
#12561=CARTESIAN_POINT('Origin',(13.875,-3.35,-6.45));
#12562=CARTESIAN_POINT('',(14.15,-3.4,-6.4));
#12563=CARTESIAN_POINT('',(13.85,-3.4,-6.4));
#12564=CARTESIAN_POINT('',(13.875,-3.4,-6.4));
#12565=CARTESIAN_POINT('',(13.75,-3.3,-6.5));
#12566=CARTESIAN_POINT('',(13.85,-3.4,-6.4));
#12567=CARTESIAN_POINT('',(14.25,-3.3,-6.5));
#12568=CARTESIAN_POINT('',(13.875,-3.3,-6.5));
#12569=CARTESIAN_POINT('',(14.15,-3.4,-6.4));
#12570=CARTESIAN_POINT('Origin',(13.8,-3.35,-3.125));
#12571=CARTESIAN_POINT('',(13.85,-3.4,-6.1));
#12572=CARTESIAN_POINT('',(13.85,-3.4,-3.125));
#12573=CARTESIAN_POINT('',(13.75,-3.3,-6.));
#12574=CARTESIAN_POINT('',(13.85,-3.4,-6.1));
#12575=CARTESIAN_POINT('',(13.75,-3.3,-3.125));
#12576=CARTESIAN_POINT('Origin',(14.125,-3.35,-6.05));
#12577=CARTESIAN_POINT('',(14.15,-3.4,-6.1));
#12578=CARTESIAN_POINT('',(14.125,-3.4,-6.1));
#12579=CARTESIAN_POINT('',(14.25,-3.3,-6.));
#12580=CARTESIAN_POINT('',(14.15,-3.4,-6.1));
#12581=CARTESIAN_POINT('',(14.125,-3.3,-6.));
#12582=CARTESIAN_POINT('Origin',(14.2,-3.35,-3.125));
#12583=CARTESIAN_POINT('',(14.25,-3.3,-3.125));
#12584=CARTESIAN_POINT('',(14.15,-3.4,-3.125));
#12585=CARTESIAN_POINT('Origin',(14.25,3.35,0.));
#12586=CARTESIAN_POINT('',(14.25,2.6,-6.5));
#12587=CARTESIAN_POINT('',(14.25,2.6,-6.5));
#12588=CARTESIAN_POINT('',(14.25,3.35,-5.75));
#12589=CARTESIAN_POINT('Origin',(14.25,2.6,-5.75));
#12590=CARTESIAN_POINT('',(14.25,3.35,-0.1));
#12591=CARTESIAN_POINT('',(14.25,3.35,0.));
#12592=CARTESIAN_POINT('',(14.25,2.85,-0.1));
#12593=CARTESIAN_POINT('',(14.25,3.225,-0.1));
#12594=CARTESIAN_POINT('',(14.25,2.85,-5.75));
#12595=CARTESIAN_POINT('',(14.25,2.85,0.));
#12596=CARTESIAN_POINT('',(14.25,2.6,-6.));
#12597=CARTESIAN_POINT('Origin',(14.25,2.6,-5.75));
#12598=CARTESIAN_POINT('',(14.25,2.6,-6.));
#12599=CARTESIAN_POINT('Origin',(13.75,2.6,-6.5));
#12600=CARTESIAN_POINT('',(13.75,2.6,-6.5));
#12601=CARTESIAN_POINT('',(13.75,2.6,-6.5));
#12602=CARTESIAN_POINT('',(13.75,2.6,-6.5));
#12603=CARTESIAN_POINT('Origin',(14.,-3.4,-6.25));
#12604=CARTESIAN_POINT('Origin',(13.8,2.975,-0.05));
#12605=CARTESIAN_POINT('',(13.75,3.35,-0.1));
#12606=CARTESIAN_POINT('',(13.75,2.85,-0.1));
#12607=CARTESIAN_POINT('',(13.75,2.975,-0.1));
#12608=CARTESIAN_POINT('',(13.85,2.95,0.));
#12609=CARTESIAN_POINT('',(13.75,2.85,-0.1));
#12610=CARTESIAN_POINT('',(13.85,3.25,0.));
#12611=CARTESIAN_POINT('',(13.85,2.975,0.));
#12612=CARTESIAN_POINT('',(13.75,3.35,-0.1));
#12613=CARTESIAN_POINT('Origin',(14.125,2.9,-0.05));
#12614=CARTESIAN_POINT('',(14.125,2.85,-0.1));
#12615=CARTESIAN_POINT('',(14.15,2.95,0.));
#12616=CARTESIAN_POINT('',(14.25,2.85,-0.1));
#12617=CARTESIAN_POINT('',(14.125,2.95,0.));
#12618=CARTESIAN_POINT('Origin',(13.875,3.3,-0.05));
#12619=CARTESIAN_POINT('',(14.15,3.25,0.));
#12620=CARTESIAN_POINT('',(13.875,3.25,0.));
#12621=CARTESIAN_POINT('',(14.15,3.25,0.));
#12622=CARTESIAN_POINT('',(13.875,3.35,-0.1));
#12623=CARTESIAN_POINT('Origin',(14.2,3.225,-0.05));
#12624=CARTESIAN_POINT('',(14.15,3.225,0.));
#12625=CARTESIAN_POINT('Origin',(14.25,2.85,0.));
#12626=CARTESIAN_POINT('',(13.75,2.85,-5.75));
#12627=CARTESIAN_POINT('',(13.75,2.85,0.));
#12628=CARTESIAN_POINT('',(14.25,2.85,-5.75));
#12629=CARTESIAN_POINT('Origin',(13.75,2.85,0.));
#12630=CARTESIAN_POINT('',(13.75,2.6,-6.));
#12631=CARTESIAN_POINT('',(13.75,2.6,-6.));
#12632=CARTESIAN_POINT('Origin',(13.75,2.6,-5.75));
#12633=CARTESIAN_POINT('',(13.75,3.35,-5.75));
#12634=CARTESIAN_POINT('',(13.75,3.35,0.));
#12635=CARTESIAN_POINT('Origin',(13.75,2.6,-5.75));
#12636=CARTESIAN_POINT('Origin',(14.,3.1,0.));
#12637=CARTESIAN_POINT('Origin',(14.25,2.6,-6.));
#12638=CARTESIAN_POINT('',(14.25,2.6,-6.));
#12639=CARTESIAN_POINT('Origin',(14.,2.6,-5.75));
#12640=CARTESIAN_POINT('Origin',(14.,2.6,-5.75));
#12641=CARTESIAN_POINT('',(13.75,3.35,-5.75));
#12642=CARTESIAN_POINT('Origin',(13.75,3.35,0.));
#12643=UNCERTAINTY_MEASURE_WITH_UNIT(LENGTH_MEASURE(0.01),#12649,
'DISTANCE_ACCURACY_VALUE',
'Maximum model space distance between geometric entities at asserted c
onnectivities');
#12644=UNCERTAINTY_MEASURE_WITH_UNIT(LENGTH_MEASURE(0.01),#12649,
'DISTANCE_ACCURACY_VALUE',
'Maximum model space distance between geometric entities at asserted c
onnectivities');
#12645=(
GEOMETRIC_REPRESENTATION_CONTEXT(3)
GLOBAL_UNCERTAINTY_ASSIGNED_CONTEXT((#12643))
GLOBAL_UNIT_ASSIGNED_CONTEXT((#12649,#12648,#12647))
REPRESENTATION_CONTEXT('','3D')
);
#12646=(
GEOMETRIC_REPRESENTATION_CONTEXT(3)
GLOBAL_UNCERTAINTY_ASSIGNED_CONTEXT((#12644))
GLOBAL_UNIT_ASSIGNED_CONTEXT((#12649,#12648,#12647))
REPRESENTATION_CONTEXT('','3D')
);
#12647=(
NAMED_UNIT(*)
SI_UNIT($,.STERADIAN.)
SOLID_ANGLE_UNIT()
);
#12648=(
NAMED_UNIT(*)
PLANE_ANGLE_UNIT()
SI_UNIT($,.RADIAN.)
);
#12649=(
LENGTH_UNIT()
NAMED_UNIT(*)
SI_UNIT(.MILLI.,.METRE.)
);
#12650=SHAPE_DEFINITION_REPRESENTATION(#12651,#12652);
#12651=PRODUCT_DEFINITION_SHAPE('',$,#12654);
#12652=SHAPE_REPRESENTATION('',(#7925),#12645);
#12653=PRODUCT_DEFINITION_CONTEXT('part definition',#12658,'design');
#12654=PRODUCT_DEFINITION('S3B-PH-KL v4','S3B-PH-KL v4',#12655,#12653);
#12655=PRODUCT_DEFINITION_FORMATION('',$,#12660);
#12656=PRODUCT_RELATED_PRODUCT_CATEGORY('S3B-PH-KL v4','S3B-PH-KL v4',(#12660));
#12657=APPLICATION_PROTOCOL_DEFINITION('international standard',
'automotive_design',2009,#12658);
#12658=APPLICATION_CONTEXT(
'Core Data for Automotive Mechanical Design Process');
#12659=PRODUCT_CONTEXT('part definition',#12658,'mechanical');
#12660=PRODUCT('S3B-PH-KL v4','S3B-PH-KL v4',$,(#12659));
#12661=PRESENTATION_STYLE_ASSIGNMENT((#12664));
#12662=PRESENTATION_STYLE_ASSIGNMENT((#12665));
#12663=PRESENTATION_STYLE_ASSIGNMENT((#12666));
#12664=SURFACE_STYLE_USAGE(.BOTH.,#12667);
#12665=SURFACE_STYLE_USAGE(.BOTH.,#12668);
#12666=SURFACE_STYLE_USAGE(.BOTH.,#12669);
#12667=SURFACE_SIDE_STYLE('',(#12670));
#12668=SURFACE_SIDE_STYLE('',(#12671));
#12669=SURFACE_SIDE_STYLE('',(#12672));
#12670=SURFACE_STYLE_FILL_AREA(#12673);
#12671=SURFACE_STYLE_FILL_AREA(#12674);
#12672=SURFACE_STYLE_FILL_AREA(#12675);
#12673=FILL_AREA_STYLE('ABS (White)',(#12676));
#12674=FILL_AREA_STYLE('Nylon 6-6 (White)',(#12677));
#12675=FILL_AREA_STYLE('Brass - Polished',(#12678));
#12676=FILL_AREA_STYLE_COLOUR('ABS (White)',#12679);
#12677=FILL_AREA_STYLE_COLOUR('Nylon 6-6 (White)',#12680);
#12678=FILL_AREA_STYLE_COLOUR('Brass - Polished',#12681);
#12679=COLOUR_RGB('ABS (White)',0.964705882352941,0.964705882352941,0.952941176470588);
#12680=COLOUR_RGB('Nylon 6-6 (White)',0.972549019607843,0.968627450980392,
0.929411764705882);
#12681=COLOUR_RGB('Brass - Polished',0.952941176470588,0.796078431372549,
0.486274509803922);
ENDSEC;
END-ISO-10303-21;
