ISO-10303-21;
HEADER;
/* Generated by software containing ST-Developer
 * from STEP Tools, Inc. (www.steptools.com) 
 */

FILE_DESCRIPTION(
/* description */ (''),
/* implementation_level */ '2;1');

FILE_NAME(
/* name */ '/Users/kubota/GitHub/con-jst/PH/TH-SIDE/S3B-PH-KL.stp',
/* time_stamp */ '2017-04-07T20:51:11+09:00',
/* author */ (''),
/* organization */ (''),
/* preprocessor_version */ 'ST-DEVELOPER v16.5',
/* originating_system */ 'Autodesk Translation Framework v5.2.0.2920',
/* authorisation */ '');

FILE_SCHEMA (('AUTOMOTIVE_DESIGN { 1 0 10303 214 3 1 1 }'));
ENDSEC;

DATA;
#10=MECHANICAL_DESIGN_GEOMETRIC_PRESENTATION_REPRESENTATION('',(#31,#32,
#33,#34),#3682);
#11=SHAPE_REPRESENTATION_RELATIONSHIP('SRR','None',#3688,#12);
#12=ADVANCED_BREP_SHAPE_REPRESENTATION('',(#35,#36,#37,#38),#3681);
#13=CYLINDRICAL_SURFACE('',#2407,0.25);
#14=CYLINDRICAL_SURFACE('',#2408,0.750000000000001);
#15=CYLINDRICAL_SURFACE('',#2429,0.25);
#16=CYLINDRICAL_SURFACE('',#2430,0.750000000000001);
#17=CYLINDRICAL_SURFACE('',#2451,0.25);
#18=CYLINDRICAL_SURFACE('',#2452,0.750000000000001);
#19=CIRCLE('',#2393,0.749999999999999);
#20=CIRCLE('',#2394,0.249999999999999);
#21=CIRCLE('',#2403,0.249999999999999);
#22=CIRCLE('',#2404,0.750000000000001);
#23=CIRCLE('',#2415,0.749999999999999);
#24=CIRCLE('',#2416,0.249999999999999);
#25=CIRCLE('',#2425,0.249999999999999);
#26=CIRCLE('',#2426,0.750000000000001);
#27=CIRCLE('',#2437,0.749999999999999);
#28=CIRCLE('',#2438,0.249999999999999);
#29=CIRCLE('',#2447,0.249999999999999);
#30=CIRCLE('',#2448,0.750000000000001);
#31=STYLED_ITEM('',(#3698),#35);
#32=STYLED_ITEM('',(#3699),#36);
#33=STYLED_ITEM('',(#3699),#37);
#34=STYLED_ITEM('',(#3699),#38);
#35=MANIFOLD_SOLID_BREP('Body1',#2317);
#36=MANIFOLD_SOLID_BREP('Body2',#2318);
#37=MANIFOLD_SOLID_BREP('Body3',#2319);
#38=MANIFOLD_SOLID_BREP('Body25',#2320);
#39=FACE_BOUND('',#181,.T.);
#40=FACE_BOUND('',#195,.T.);
#41=FACE_BOUND('',#211,.T.);
#42=FACE_BOUND('',#227,.T.);
#43=FACE_BOUND('',#228,.T.);
#44=FACE_BOUND('',#229,.T.);
#45=FACE_OUTER_BOUND('',#165,.T.);
#46=FACE_OUTER_BOUND('',#166,.T.);
#47=FACE_OUTER_BOUND('',#167,.T.);
#48=FACE_OUTER_BOUND('',#168,.T.);
#49=FACE_OUTER_BOUND('',#169,.T.);
#50=FACE_OUTER_BOUND('',#170,.T.);
#51=FACE_OUTER_BOUND('',#171,.T.);
#52=FACE_OUTER_BOUND('',#172,.T.);
#53=FACE_OUTER_BOUND('',#173,.T.);
#54=FACE_OUTER_BOUND('',#174,.T.);
#55=FACE_OUTER_BOUND('',#175,.T.);
#56=FACE_OUTER_BOUND('',#176,.T.);
#57=FACE_OUTER_BOUND('',#177,.T.);
#58=FACE_OUTER_BOUND('',#178,.T.);
#59=FACE_OUTER_BOUND('',#179,.T.);
#60=FACE_OUTER_BOUND('',#180,.T.);
#61=FACE_OUTER_BOUND('',#182,.T.);
#62=FACE_OUTER_BOUND('',#183,.T.);
#63=FACE_OUTER_BOUND('',#184,.T.);
#64=FACE_OUTER_BOUND('',#185,.T.);
#65=FACE_OUTER_BOUND('',#186,.T.);
#66=FACE_OUTER_BOUND('',#187,.T.);
#67=FACE_OUTER_BOUND('',#188,.T.);
#68=FACE_OUTER_BOUND('',#189,.T.);
#69=FACE_OUTER_BOUND('',#190,.T.);
#70=FACE_OUTER_BOUND('',#191,.T.);
#71=FACE_OUTER_BOUND('',#192,.T.);
#72=FACE_OUTER_BOUND('',#193,.T.);
#73=FACE_OUTER_BOUND('',#194,.T.);
#74=FACE_OUTER_BOUND('',#196,.T.);
#75=FACE_OUTER_BOUND('',#197,.T.);
#76=FACE_OUTER_BOUND('',#198,.T.);
#77=FACE_OUTER_BOUND('',#199,.T.);
#78=FACE_OUTER_BOUND('',#200,.T.);
#79=FACE_OUTER_BOUND('',#201,.T.);
#80=FACE_OUTER_BOUND('',#202,.T.);
#81=FACE_OUTER_BOUND('',#203,.T.);
#82=FACE_OUTER_BOUND('',#204,.T.);
#83=FACE_OUTER_BOUND('',#205,.T.);
#84=FACE_OUTER_BOUND('',#206,.T.);
#85=FACE_OUTER_BOUND('',#207,.T.);
#86=FACE_OUTER_BOUND('',#208,.T.);
#87=FACE_OUTER_BOUND('',#209,.T.);
#88=FACE_OUTER_BOUND('',#210,.T.);
#89=FACE_OUTER_BOUND('',#212,.T.);
#90=FACE_OUTER_BOUND('',#213,.T.);
#91=FACE_OUTER_BOUND('',#214,.T.);
#92=FACE_OUTER_BOUND('',#215,.T.);
#93=FACE_OUTER_BOUND('',#216,.T.);
#94=FACE_OUTER_BOUND('',#217,.T.);
#95=FACE_OUTER_BOUND('',#218,.T.);
#96=FACE_OUTER_BOUND('',#219,.T.);
#97=FACE_OUTER_BOUND('',#220,.T.);
#98=FACE_OUTER_BOUND('',#221,.T.);
#99=FACE_OUTER_BOUND('',#222,.T.);
#100=FACE_OUTER_BOUND('',#223,.T.);
#101=FACE_OUTER_BOUND('',#224,.T.);
#102=FACE_OUTER_BOUND('',#225,.T.);
#103=FACE_OUTER_BOUND('',#226,.T.);
#104=FACE_OUTER_BOUND('',#230,.T.);
#105=FACE_OUTER_BOUND('',#231,.T.);
#106=FACE_OUTER_BOUND('',#232,.T.);
#107=FACE_OUTER_BOUND('',#233,.T.);
#108=FACE_OUTER_BOUND('',#234,.T.);
#109=FACE_OUTER_BOUND('',#235,.T.);
#110=FACE_OUTER_BOUND('',#236,.T.);
#111=FACE_OUTER_BOUND('',#237,.T.);
#112=FACE_OUTER_BOUND('',#238,.T.);
#113=FACE_OUTER_BOUND('',#239,.T.);
#114=FACE_OUTER_BOUND('',#240,.T.);
#115=FACE_OUTER_BOUND('',#241,.T.);
#116=FACE_OUTER_BOUND('',#242,.T.);
#117=FACE_OUTER_BOUND('',#243,.T.);
#118=FACE_OUTER_BOUND('',#244,.T.);
#119=FACE_OUTER_BOUND('',#245,.T.);
#120=FACE_OUTER_BOUND('',#246,.T.);
#121=FACE_OUTER_BOUND('',#247,.T.);
#122=FACE_OUTER_BOUND('',#248,.T.);
#123=FACE_OUTER_BOUND('',#249,.T.);
#124=FACE_OUTER_BOUND('',#250,.T.);
#125=FACE_OUTER_BOUND('',#251,.T.);
#126=FACE_OUTER_BOUND('',#252,.T.);
#127=FACE_OUTER_BOUND('',#253,.T.);
#128=FACE_OUTER_BOUND('',#254,.T.);
#129=FACE_OUTER_BOUND('',#255,.T.);
#130=FACE_OUTER_BOUND('',#256,.T.);
#131=FACE_OUTER_BOUND('',#257,.T.);
#132=FACE_OUTER_BOUND('',#258,.T.);
#133=FACE_OUTER_BOUND('',#259,.T.);
#134=FACE_OUTER_BOUND('',#260,.T.);
#135=FACE_OUTER_BOUND('',#261,.T.);
#136=FACE_OUTER_BOUND('',#262,.T.);
#137=FACE_OUTER_BOUND('',#263,.T.);
#138=FACE_OUTER_BOUND('',#264,.T.);
#139=FACE_OUTER_BOUND('',#265,.T.);
#140=FACE_OUTER_BOUND('',#266,.T.);
#141=FACE_OUTER_BOUND('',#267,.T.);
#142=FACE_OUTER_BOUND('',#268,.T.);
#143=FACE_OUTER_BOUND('',#269,.T.);
#144=FACE_OUTER_BOUND('',#270,.T.);
#145=FACE_OUTER_BOUND('',#271,.T.);
#146=FACE_OUTER_BOUND('',#272,.T.);
#147=FACE_OUTER_BOUND('',#273,.T.);
#148=FACE_OUTER_BOUND('',#274,.T.);
#149=FACE_OUTER_BOUND('',#275,.T.);
#150=FACE_OUTER_BOUND('',#276,.T.);
#151=FACE_OUTER_BOUND('',#277,.T.);
#152=FACE_OUTER_BOUND('',#278,.T.);
#153=FACE_OUTER_BOUND('',#279,.T.);
#154=FACE_OUTER_BOUND('',#280,.T.);
#155=FACE_OUTER_BOUND('',#281,.T.);
#156=FACE_OUTER_BOUND('',#282,.T.);
#157=FACE_OUTER_BOUND('',#283,.T.);
#158=FACE_OUTER_BOUND('',#284,.T.);
#159=FACE_OUTER_BOUND('',#285,.T.);
#160=FACE_OUTER_BOUND('',#286,.T.);
#161=FACE_OUTER_BOUND('',#287,.T.);
#162=FACE_OUTER_BOUND('',#288,.T.);
#163=FACE_OUTER_BOUND('',#289,.T.);
#164=FACE_OUTER_BOUND('',#290,.T.);
#165=EDGE_LOOP('',(#1439,#1440,#1441,#1442));
#166=EDGE_LOOP('',(#1443,#1444,#1445,#1446));
#167=EDGE_LOOP('',(#1447,#1448,#1449,#1450));
#168=EDGE_LOOP('',(#1451,#1452,#1453,#1454));
#169=EDGE_LOOP('',(#1455,#1456,#1457,#1458));
#170=EDGE_LOOP('',(#1459,#1460,#1461,#1462));
#171=EDGE_LOOP('',(#1463,#1464,#1465,#1466,#1467,#1468,#1469,#1470,#1471,
#1472));
#172=EDGE_LOOP('',(#1473,#1474,#1475,#1476,#1477,#1478));
#173=EDGE_LOOP('',(#1479,#1480,#1481,#1482,#1483,#1484));
#174=EDGE_LOOP('',(#1485,#1486,#1487,#1488,#1489,#1490,#1491,#1492,#1493,
#1494));
#175=EDGE_LOOP('',(#1495,#1496,#1497,#1498));
#176=EDGE_LOOP('',(#1499,#1500,#1501,#1502,#1503,#1504));
#177=EDGE_LOOP('',(#1505,#1506,#1507,#1508));
#178=EDGE_LOOP('',(#1509,#1510,#1511,#1512,#1513,#1514));
#179=EDGE_LOOP('',(#1515,#1516,#1517,#1518,#1519,#1520,#1521,#1522));
#180=EDGE_LOOP('',(#1523,#1524,#1525,#1526,#1527,#1528));
#181=EDGE_LOOP('',(#1529,#1530,#1531,#1532));
#182=EDGE_LOOP('',(#1533,#1534,#1535,#1536,#1537,#1538,#1539,#1540,#1541,
#1542,#1543,#1544,#1545,#1546,#1547,#1548,#1549,#1550,#1551,#1552,#1553,
#1554,#1555,#1556));
#183=EDGE_LOOP('',(#1557,#1558,#1559,#1560,#1561,#1562,#1563,#1564,#1565,
#1566));
#184=EDGE_LOOP('',(#1567,#1568,#1569,#1570));
#185=EDGE_LOOP('',(#1571,#1572,#1573,#1574));
#186=EDGE_LOOP('',(#1575,#1576,#1577,#1578));
#187=EDGE_LOOP('',(#1579,#1580,#1581,#1582,#1583));
#188=EDGE_LOOP('',(#1584,#1585,#1586,#1587));
#189=EDGE_LOOP('',(#1588,#1589,#1590,#1591));
#190=EDGE_LOOP('',(#1592,#1593,#1594,#1595,#1596,#1597));
#191=EDGE_LOOP('',(#1598,#1599,#1600,#1601,#1602,#1603));
#192=EDGE_LOOP('',(#1604,#1605,#1606,#1607));
#193=EDGE_LOOP('',(#1608,#1609,#1610,#1611,#1612,#1613,#1614,#1615));
#194=EDGE_LOOP('',(#1616,#1617,#1618,#1619,#1620,#1621));
#195=EDGE_LOOP('',(#1622,#1623,#1624,#1625));
#196=EDGE_LOOP('',(#1626,#1627,#1628,#1629,#1630,#1631,#1632,#1633,#1634,
#1635,#1636,#1637));
#197=EDGE_LOOP('',(#1638,#1639,#1640,#1641));
#198=EDGE_LOOP('',(#1642,#1643,#1644,#1645));
#199=EDGE_LOOP('',(#1646,#1647,#1648,#1649));
#200=EDGE_LOOP('',(#1650,#1651,#1652,#1653,#1654));
#201=EDGE_LOOP('',(#1655,#1656,#1657,#1658,#1659,#1660,#1661,#1662));
#202=EDGE_LOOP('',(#1663,#1664,#1665,#1666));
#203=EDGE_LOOP('',(#1667,#1668,#1669,#1670));
#204=EDGE_LOOP('',(#1671,#1672,#1673,#1674));
#205=EDGE_LOOP('',(#1675,#1676,#1677,#1678));
#206=EDGE_LOOP('',(#1679,#1680,#1681,#1682));
#207=EDGE_LOOP('',(#1683,#1684,#1685,#1686));
#208=EDGE_LOOP('',(#1687,#1688,#1689,#1690));
#209=EDGE_LOOP('',(#1691,#1692,#1693,#1694));
#210=EDGE_LOOP('',(#1695,#1696,#1697,#1698));
#211=EDGE_LOOP('',(#1699,#1700,#1701,#1702));
#212=EDGE_LOOP('',(#1703,#1704,#1705,#1706));
#213=EDGE_LOOP('',(#1707,#1708,#1709,#1710));
#214=EDGE_LOOP('',(#1711,#1712,#1713,#1714));
#215=EDGE_LOOP('',(#1715,#1716,#1717,#1718));
#216=EDGE_LOOP('',(#1719,#1720,#1721,#1722));
#217=EDGE_LOOP('',(#1723,#1724,#1725,#1726));
#218=EDGE_LOOP('',(#1727,#1728,#1729,#1730));
#219=EDGE_LOOP('',(#1731,#1732,#1733,#1734));
#220=EDGE_LOOP('',(#1735,#1736,#1737,#1738,#1739,#1740,#1741,#1742,#1743,
#1744,#1745,#1746,#1747,#1748,#1749,#1750,#1751,#1752));
#221=EDGE_LOOP('',(#1753,#1754,#1755,#1756));
#222=EDGE_LOOP('',(#1757,#1758,#1759,#1760));
#223=EDGE_LOOP('',(#1761,#1762,#1763,#1764));
#224=EDGE_LOOP('',(#1765,#1766,#1767,#1768));
#225=EDGE_LOOP('',(#1769,#1770,#1771,#1772));
#226=EDGE_LOOP('',(#1773,#1774,#1775,#1776,#1777,#1778,#1779,#1780));
#227=EDGE_LOOP('',(#1781,#1782,#1783,#1784));
#228=EDGE_LOOP('',(#1785,#1786,#1787,#1788));
#229=EDGE_LOOP('',(#1789,#1790,#1791,#1792));
#230=EDGE_LOOP('',(#1793,#1794,#1795,#1796));
#231=EDGE_LOOP('',(#1797,#1798,#1799,#1800));
#232=EDGE_LOOP('',(#1801,#1802,#1803,#1804,#1805,#1806,#1807,#1808,#1809,
#1810,#1811,#1812));
#233=EDGE_LOOP('',(#1813,#1814,#1815,#1816,#1817,#1818));
#234=EDGE_LOOP('',(#1819,#1820,#1821,#1822,#1823,#1824));
#235=EDGE_LOOP('',(#1825,#1826,#1827,#1828,#1829,#1830,#1831,#1832));
#236=EDGE_LOOP('',(#1833,#1834,#1835,#1836,#1837,#1838,#1839,#1840,#1841,
#1842));
#237=EDGE_LOOP('',(#1843,#1844,#1845,#1846));
#238=EDGE_LOOP('',(#1847,#1848,#1849,#1850));
#239=EDGE_LOOP('',(#1851,#1852,#1853,#1854));
#240=EDGE_LOOP('',(#1855,#1856,#1857,#1858));
#241=EDGE_LOOP('',(#1859,#1860,#1861,#1862,#1863,#1864,#1865,#1866));
#242=EDGE_LOOP('',(#1867,#1868,#1869,#1870));
#243=EDGE_LOOP('',(#1871,#1872,#1873,#1874));
#244=EDGE_LOOP('',(#1875,#1876,#1877,#1878));
#245=EDGE_LOOP('',(#1879,#1880,#1881,#1882));
#246=EDGE_LOOP('',(#1883,#1884,#1885,#1886));
#247=EDGE_LOOP('',(#1887,#1888,#1889,#1890));
#248=EDGE_LOOP('',(#1891,#1892,#1893,#1894));
#249=EDGE_LOOP('',(#1895,#1896,#1897,#1898,#1899,#1900,#1901,#1902));
#250=EDGE_LOOP('',(#1903,#1904,#1905,#1906));
#251=EDGE_LOOP('',(#1907,#1908,#1909,#1910));
#252=EDGE_LOOP('',(#1911,#1912,#1913,#1914));
#253=EDGE_LOOP('',(#1915,#1916,#1917,#1918));
#254=EDGE_LOOP('',(#1919,#1920,#1921,#1922));
#255=EDGE_LOOP('',(#1923,#1924,#1925,#1926));
#256=EDGE_LOOP('',(#1927,#1928,#1929,#1930));
#257=EDGE_LOOP('',(#1931,#1932,#1933,#1934));
#258=EDGE_LOOP('',(#1935,#1936,#1937,#1938));
#259=EDGE_LOOP('',(#1939,#1940,#1941,#1942,#1943,#1944,#1945,#1946));
#260=EDGE_LOOP('',(#1947,#1948,#1949,#1950));
#261=EDGE_LOOP('',(#1951,#1952,#1953,#1954));
#262=EDGE_LOOP('',(#1955,#1956,#1957,#1958));
#263=EDGE_LOOP('',(#1959,#1960,#1961,#1962));
#264=EDGE_LOOP('',(#1963,#1964,#1965,#1966));
#265=EDGE_LOOP('',(#1967,#1968,#1969,#1970));
#266=EDGE_LOOP('',(#1971,#1972,#1973,#1974));
#267=EDGE_LOOP('',(#1975,#1976,#1977,#1978,#1979,#1980,#1981,#1982));
#268=EDGE_LOOP('',(#1983,#1984,#1985,#1986));
#269=EDGE_LOOP('',(#1987,#1988,#1989,#1990));
#270=EDGE_LOOP('',(#1991,#1992,#1993,#1994));
#271=EDGE_LOOP('',(#1995,#1996,#1997,#1998));
#272=EDGE_LOOP('',(#1999,#2000,#2001,#2002));
#273=EDGE_LOOP('',(#2003,#2004,#2005,#2006));
#274=EDGE_LOOP('',(#2007,#2008,#2009,#2010));
#275=EDGE_LOOP('',(#2011,#2012,#2013,#2014));
#276=EDGE_LOOP('',(#2015,#2016,#2017,#2018));
#277=EDGE_LOOP('',(#2019,#2020,#2021,#2022,#2023,#2024,#2025,#2026));
#278=EDGE_LOOP('',(#2027,#2028,#2029,#2030));
#279=EDGE_LOOP('',(#2031,#2032,#2033,#2034));
#280=EDGE_LOOP('',(#2035,#2036,#2037,#2038));
#281=EDGE_LOOP('',(#2039,#2040,#2041,#2042));
#282=EDGE_LOOP('',(#2043,#2044,#2045,#2046));
#283=EDGE_LOOP('',(#2047,#2048,#2049,#2050));
#284=EDGE_LOOP('',(#2051,#2052,#2053,#2054));
#285=EDGE_LOOP('',(#2055,#2056,#2057,#2058,#2059,#2060,#2061,#2062));
#286=EDGE_LOOP('',(#2063,#2064,#2065,#2066));
#287=EDGE_LOOP('',(#2067,#2068,#2069,#2070));
#288=EDGE_LOOP('',(#2071,#2072,#2073,#2074));
#289=EDGE_LOOP('',(#2075,#2076,#2077,#2078));
#290=EDGE_LOOP('',(#2079,#2080,#2081,#2082));
#291=LINE('',#3034,#601);
#292=LINE('',#3036,#602);
#293=LINE('',#3038,#603);
#294=LINE('',#3039,#604);
#295=LINE('',#3042,#605);
#296=LINE('',#3044,#606);
#297=LINE('',#3045,#607);
#298=LINE('',#3048,#608);
#299=LINE('',#3050,#609);
#300=LINE('',#3051,#610);
#301=LINE('',#3055,#611);
#302=LINE('',#3057,#612);
#303=LINE('',#3059,#613);
#304=LINE('',#3060,#614);
#305=LINE('',#3063,#615);
#306=LINE('',#3065,#616);
#307=LINE('',#3066,#617);
#308=LINE('',#3069,#618);
#309=LINE('',#3071,#619);
#310=LINE('',#3072,#620);
#311=LINE('',#3075,#621);
#312=LINE('',#3077,#622);
#313=LINE('',#3079,#623);
#314=LINE('',#3081,#624);
#315=LINE('',#3083,#625);
#316=LINE('',#3085,#626);
#317=LINE('',#3086,#627);
#318=LINE('',#3089,#628);
#319=LINE('',#3091,#629);
#320=LINE('',#3093,#630);
#321=LINE('',#3094,#631);
#322=LINE('',#3097,#632);
#323=LINE('',#3099,#633);
#324=LINE('',#3101,#634);
#325=LINE('',#3103,#635);
#326=LINE('',#3104,#636);
#327=LINE('',#3107,#637);
#328=LINE('',#3109,#638);
#329=LINE('',#3111,#639);
#330=LINE('',#3113,#640);
#331=LINE('',#3115,#641);
#332=LINE('',#3116,#642);
#333=LINE('',#3119,#643);
#334=LINE('',#3121,#644);
#335=LINE('',#3122,#645);
#336=LINE('',#3126,#646);
#337=LINE('',#3128,#647);
#338=LINE('',#3130,#648);
#339=LINE('',#3132,#649);
#340=LINE('',#3134,#650);
#341=LINE('',#3135,#651);
#342=LINE('',#3138,#652);
#343=LINE('',#3140,#653);
#344=LINE('',#3141,#654);
#345=LINE('',#3145,#655);
#346=LINE('',#3146,#656);
#347=LINE('',#3148,#657);
#348=LINE('',#3150,#658);
#349=LINE('',#3151,#659);
#350=LINE('',#3154,#660);
#351=LINE('',#3155,#661);
#352=LINE('',#3157,#662);
#353=LINE('',#3159,#663);
#354=LINE('',#3160,#664);
#355=LINE('',#3163,#665);
#356=LINE('',#3165,#666);
#357=LINE('',#3167,#667);
#358=LINE('',#3168,#668);
#359=LINE('',#3171,#669);
#360=LINE('',#3173,#670);
#361=LINE('',#3175,#671);
#362=LINE('',#3176,#672);
#363=LINE('',#3179,#673);
#364=LINE('',#3180,#674);
#365=LINE('',#3182,#675);
#366=LINE('',#3184,#676);
#367=LINE('',#3186,#677);
#368=LINE('',#3188,#678);
#369=LINE('',#3190,#679);
#370=LINE('',#3192,#680);
#371=LINE('',#3194,#681);
#372=LINE('',#3196,#682);
#373=LINE('',#3198,#683);
#374=LINE('',#3200,#684);
#375=LINE('',#3202,#685);
#376=LINE('',#3204,#686);
#377=LINE('',#3205,#687);
#378=LINE('',#3206,#688);
#379=LINE('',#3209,#689);
#380=LINE('',#3211,#690);
#381=LINE('',#3212,#691);
#382=LINE('',#3213,#692);
#383=LINE('',#3216,#693);
#384=LINE('',#3218,#694);
#385=LINE('',#3219,#695);
#386=LINE('',#3223,#696);
#387=LINE('',#3225,#697);
#388=LINE('',#3227,#698);
#389=LINE('',#3228,#699);
#390=LINE('',#3231,#700);
#391=LINE('',#3232,#701);
#392=LINE('',#3234,#702);
#393=LINE('',#3235,#703);
#394=LINE('',#3238,#704);
#395=LINE('',#3239,#705);
#396=LINE('',#3241,#706);
#397=LINE('',#3245,#707);
#398=LINE('',#3247,#708);
#399=LINE('',#3248,#709);
#400=LINE('',#3250,#710);
#401=LINE('',#3251,#711);
#402=LINE('',#3253,#712);
#403=LINE('',#3255,#713);
#404=LINE('',#3256,#714);
#405=LINE('',#3259,#715);
#406=LINE('',#3260,#716);
#407=LINE('',#3262,#717);
#408=LINE('',#3264,#718);
#409=LINE('',#3266,#719);
#410=LINE('',#3267,#720);
#411=LINE('',#3270,#721);
#412=LINE('',#3272,#722);
#413=LINE('',#3273,#723);
#414=LINE('',#3276,#724);
#415=LINE('',#3278,#725);
#416=LINE('',#3280,#726);
#417=LINE('',#3281,#727);
#418=LINE('',#3283,#728);
#419=LINE('',#3287,#729);
#420=LINE('',#3289,#730);
#421=LINE('',#3291,#731);
#422=LINE('',#3292,#732);
#423=LINE('',#3296,#733);
#424=LINE('',#3298,#734);
#425=LINE('',#3300,#735);
#426=LINE('',#3301,#736);
#427=LINE('',#3304,#737);
#428=LINE('',#3306,#738);
#429=LINE('',#3307,#739);
#430=LINE('',#3309,#740);
#431=LINE('',#3310,#741);
#432=LINE('',#3312,#742);
#433=LINE('',#3314,#743);
#434=LINE('',#3315,#744);
#435=LINE('',#3318,#745);
#436=LINE('',#3319,#746);
#437=LINE('',#3321,#747);
#438=LINE('',#3324,#748);
#439=LINE('',#3325,#749);
#440=LINE('',#3328,#750);
#441=LINE('',#3330,#751);
#442=LINE('',#3331,#752);
#443=LINE('',#3334,#753);
#444=LINE('',#3335,#754);
#445=LINE('',#3338,#755);
#446=LINE('',#3339,#756);
#447=LINE('',#3341,#757);
#448=LINE('',#3345,#758);
#449=LINE('',#3346,#759);
#450=LINE('',#3347,#760);
#451=LINE('',#3350,#761);
#452=LINE('',#3351,#762);
#453=LINE('',#3354,#763);
#454=LINE('',#3356,#764);
#455=LINE('',#3358,#765);
#456=LINE('',#3359,#766);
#457=LINE('',#3361,#767);
#458=LINE('',#3364,#768);
#459=LINE('',#3365,#769);
#460=LINE('',#3368,#770);
#461=LINE('',#3370,#771);
#462=LINE('',#3371,#772);
#463=LINE('',#3374,#773);
#464=LINE('',#3375,#774);
#465=LINE('',#3378,#775);
#466=LINE('',#3379,#776);
#467=LINE('',#3381,#777);
#468=LINE('',#3383,#778);
#469=LINE('',#3386,#779);
#470=LINE('',#3387,#780);
#471=LINE('',#3390,#781);
#472=LINE('',#3392,#782);
#473=LINE('',#3393,#783);
#474=LINE('',#3394,#784);
#475=LINE('',#3397,#785);
#476=LINE('',#3399,#786);
#477=LINE('',#3400,#787);
#478=LINE('',#3403,#788);
#479=LINE('',#3404,#789);
#480=LINE('',#3407,#790);
#481=LINE('',#3408,#791);
#482=LINE('',#3410,#792);
#483=LINE('',#3412,#793);
#484=LINE('',#3413,#794);
#485=LINE('',#3417,#795);
#486=LINE('',#3418,#796);
#487=LINE('',#3421,#797);
#488=LINE('',#3422,#798);
#489=LINE('',#3424,#799);
#490=LINE('',#3426,#800);
#491=LINE('',#3427,#801);
#492=LINE('',#3429,#802);
#493=LINE('',#3436,#803);
#494=LINE('',#3438,#804);
#495=LINE('',#3440,#805);
#496=LINE('',#3441,#806);
#497=LINE('',#3444,#807);
#498=LINE('',#3446,#808);
#499=LINE('',#3447,#809);
#500=LINE('',#3450,#810);
#501=LINE('',#3452,#811);
#502=LINE('',#3453,#812);
#503=LINE('',#3455,#813);
#504=LINE('',#3456,#814);
#505=LINE('',#3459,#815);
#506=LINE('',#3463,#816);
#507=LINE('',#3465,#817);
#508=LINE('',#3467,#818);
#509=LINE('',#3470,#819);
#510=LINE('',#3473,#820);
#511=LINE('',#3474,#821);
#512=LINE('',#3479,#822);
#513=LINE('',#3481,#823);
#514=LINE('',#3483,#824);
#515=LINE('',#3484,#825);
#516=LINE('',#3486,#826);
#517=LINE('',#3488,#827);
#518=LINE('',#3489,#828);
#519=LINE('',#3492,#829);
#520=LINE('',#3493,#830);
#521=LINE('',#3494,#831);
#522=LINE('',#3496,#832);
#523=LINE('',#3499,#833);
#524=LINE('',#3500,#834);
#525=LINE('',#3503,#835);
#526=LINE('',#3506,#836);
#527=LINE('',#3510,#837);
#528=LINE('',#3513,#838);
#529=LINE('',#3518,#839);
#530=LINE('',#3520,#840);
#531=LINE('',#3522,#841);
#532=LINE('',#3523,#842);
#533=LINE('',#3526,#843);
#534=LINE('',#3528,#844);
#535=LINE('',#3529,#845);
#536=LINE('',#3532,#846);
#537=LINE('',#3534,#847);
#538=LINE('',#3535,#848);
#539=LINE('',#3537,#849);
#540=LINE('',#3538,#850);
#541=LINE('',#3541,#851);
#542=LINE('',#3545,#852);
#543=LINE('',#3547,#853);
#544=LINE('',#3549,#854);
#545=LINE('',#3552,#855);
#546=LINE('',#3555,#856);
#547=LINE('',#3556,#857);
#548=LINE('',#3561,#858);
#549=LINE('',#3563,#859);
#550=LINE('',#3565,#860);
#551=LINE('',#3566,#861);
#552=LINE('',#3568,#862);
#553=LINE('',#3570,#863);
#554=LINE('',#3571,#864);
#555=LINE('',#3574,#865);
#556=LINE('',#3575,#866);
#557=LINE('',#3576,#867);
#558=LINE('',#3578,#868);
#559=LINE('',#3581,#869);
#560=LINE('',#3582,#870);
#561=LINE('',#3585,#871);
#562=LINE('',#3588,#872);
#563=LINE('',#3592,#873);
#564=LINE('',#3595,#874);
#565=LINE('',#3600,#875);
#566=LINE('',#3602,#876);
#567=LINE('',#3604,#877);
#568=LINE('',#3605,#878);
#569=LINE('',#3608,#879);
#570=LINE('',#3610,#880);
#571=LINE('',#3611,#881);
#572=LINE('',#3614,#882);
#573=LINE('',#3616,#883);
#574=LINE('',#3617,#884);
#575=LINE('',#3619,#885);
#576=LINE('',#3620,#886);
#577=LINE('',#3623,#887);
#578=LINE('',#3627,#888);
#579=LINE('',#3629,#889);
#580=LINE('',#3631,#890);
#581=LINE('',#3634,#891);
#582=LINE('',#3637,#892);
#583=LINE('',#3638,#893);
#584=LINE('',#3643,#894);
#585=LINE('',#3645,#895);
#586=LINE('',#3647,#896);
#587=LINE('',#3648,#897);
#588=LINE('',#3650,#898);
#589=LINE('',#3652,#899);
#590=LINE('',#3653,#900);
#591=LINE('',#3656,#901);
#592=LINE('',#3657,#902);
#593=LINE('',#3658,#903);
#594=LINE('',#3660,#904);
#595=LINE('',#3663,#905);
#596=LINE('',#3664,#906);
#597=LINE('',#3667,#907);
#598=LINE('',#3670,#908);
#599=LINE('',#3674,#909);
#600=LINE('',#3677,#910);
#601=VECTOR('',#2458,10.);
#602=VECTOR('',#2459,10.);
#603=VECTOR('',#2460,10.);
#604=VECTOR('',#2461,10.);
#605=VECTOR('',#2464,10.);
#606=VECTOR('',#2465,10.);
#607=VECTOR('',#2466,10.);
#608=VECTOR('',#2469,10.);
#609=VECTOR('',#2470,10.);
#610=VECTOR('',#2471,10.);
#611=VECTOR('',#2474,10.);
#612=VECTOR('',#2475,10.);
#613=VECTOR('',#2476,10.);
#614=VECTOR('',#2477,10.);
#615=VECTOR('',#2480,10.);
#616=VECTOR('',#2481,10.);
#617=VECTOR('',#2482,10.);
#618=VECTOR('',#2485,10.);
#619=VECTOR('',#2486,10.);
#620=VECTOR('',#2487,10.);
#621=VECTOR('',#2490,10.);
#622=VECTOR('',#2491,10.);
#623=VECTOR('',#2492,10.);
#624=VECTOR('',#2493,10.);
#625=VECTOR('',#2494,10.);
#626=VECTOR('',#2495,10.);
#627=VECTOR('',#2496,10.);
#628=VECTOR('',#2499,10.);
#629=VECTOR('',#2500,10.);
#630=VECTOR('',#2501,10.);
#631=VECTOR('',#2502,10.);
#632=VECTOR('',#2505,10.);
#633=VECTOR('',#2506,10.);
#634=VECTOR('',#2507,10.);
#635=VECTOR('',#2508,10.);
#636=VECTOR('',#2509,10.);
#637=VECTOR('',#2512,10.);
#638=VECTOR('',#2513,10.);
#639=VECTOR('',#2514,10.);
#640=VECTOR('',#2515,10.);
#641=VECTOR('',#2516,10.);
#642=VECTOR('',#2517,10.);
#643=VECTOR('',#2520,10.);
#644=VECTOR('',#2521,10.);
#645=VECTOR('',#2522,10.);
#646=VECTOR('',#2525,10.);
#647=VECTOR('',#2526,10.);
#648=VECTOR('',#2527,10.);
#649=VECTOR('',#2528,10.);
#650=VECTOR('',#2529,10.);
#651=VECTOR('',#2530,10.);
#652=VECTOR('',#2533,10.);
#653=VECTOR('',#2534,10.);
#654=VECTOR('',#2535,10.);
#655=VECTOR('',#2538,10.);
#656=VECTOR('',#2539,10.);
#657=VECTOR('',#2540,10.);
#658=VECTOR('',#2541,10.);
#659=VECTOR('',#2542,10.);
#660=VECTOR('',#2545,10.);
#661=VECTOR('',#2546,10.);
#662=VECTOR('',#2547,10.);
#663=VECTOR('',#2548,10.);
#664=VECTOR('',#2549,10.);
#665=VECTOR('',#2552,10.);
#666=VECTOR('',#2553,10.);
#667=VECTOR('',#2554,10.);
#668=VECTOR('',#2555,10.);
#669=VECTOR('',#2556,10.);
#670=VECTOR('',#2557,10.);
#671=VECTOR('',#2558,10.);
#672=VECTOR('',#2559,10.);
#673=VECTOR('',#2562,10.);
#674=VECTOR('',#2563,10.);
#675=VECTOR('',#2564,10.);
#676=VECTOR('',#2565,10.);
#677=VECTOR('',#2566,10.);
#678=VECTOR('',#2567,10.);
#679=VECTOR('',#2568,10.);
#680=VECTOR('',#2569,10.);
#681=VECTOR('',#2570,10.);
#682=VECTOR('',#2571,10.);
#683=VECTOR('',#2572,10.);
#684=VECTOR('',#2573,10.);
#685=VECTOR('',#2574,10.);
#686=VECTOR('',#2575,10.);
#687=VECTOR('',#2576,10.);
#688=VECTOR('',#2577,10.);
#689=VECTOR('',#2580,10.);
#690=VECTOR('',#2581,10.);
#691=VECTOR('',#2582,10.);
#692=VECTOR('',#2583,10.);
#693=VECTOR('',#2586,10.);
#694=VECTOR('',#2587,10.);
#695=VECTOR('',#2588,10.);
#696=VECTOR('',#2591,10.);
#697=VECTOR('',#2592,10.);
#698=VECTOR('',#2593,10.);
#699=VECTOR('',#2594,10.);
#700=VECTOR('',#2597,10.);
#701=VECTOR('',#2598,10.);
#702=VECTOR('',#2601,10.);
#703=VECTOR('',#2602,10.);
#704=VECTOR('',#2605,10.);
#705=VECTOR('',#2606,10.);
#706=VECTOR('',#2609,10.);
#707=VECTOR('',#2612,10.);
#708=VECTOR('',#2613,10.);
#709=VECTOR('',#2614,10.);
#710=VECTOR('',#2615,10.);
#711=VECTOR('',#2616,10.);
#712=VECTOR('',#2619,10.);
#713=VECTOR('',#2620,10.);
#714=VECTOR('',#2621,10.);
#715=VECTOR('',#2624,10.);
#716=VECTOR('',#2625,10.);
#717=VECTOR('',#2628,10.);
#718=VECTOR('',#2629,10.);
#719=VECTOR('',#2630,10.);
#720=VECTOR('',#2631,10.);
#721=VECTOR('',#2634,10.);
#722=VECTOR('',#2635,10.);
#723=VECTOR('',#2636,10.);
#724=VECTOR('',#2637,10.);
#725=VECTOR('',#2638,10.);
#726=VECTOR('',#2639,10.);
#727=VECTOR('',#2640,10.);
#728=VECTOR('',#2643,10.);
#729=VECTOR('',#2646,10.);
#730=VECTOR('',#2647,10.);
#731=VECTOR('',#2648,10.);
#732=VECTOR('',#2649,10.);
#733=VECTOR('',#2652,10.);
#734=VECTOR('',#2653,10.);
#735=VECTOR('',#2654,10.);
#736=VECTOR('',#2655,10.);
#737=VECTOR('',#2658,10.);
#738=VECTOR('',#2659,10.);
#739=VECTOR('',#2660,10.);
#740=VECTOR('',#2663,10.);
#741=VECTOR('',#2664,10.);
#742=VECTOR('',#2667,10.);
#743=VECTOR('',#2668,10.);
#744=VECTOR('',#2669,10.);
#745=VECTOR('',#2672,10.);
#746=VECTOR('',#2673,10.);
#747=VECTOR('',#2676,10.);
#748=VECTOR('',#2679,10.);
#749=VECTOR('',#2680,10.);
#750=VECTOR('',#2683,10.);
#751=VECTOR('',#2684,10.);
#752=VECTOR('',#2685,10.);
#753=VECTOR('',#2688,10.);
#754=VECTOR('',#2689,10.);
#755=VECTOR('',#2692,10.);
#756=VECTOR('',#2693,10.);
#757=VECTOR('',#2696,10.);
#758=VECTOR('',#2699,10.);
#759=VECTOR('',#2700,10.);
#760=VECTOR('',#2701,10.);
#761=VECTOR('',#2704,10.);
#762=VECTOR('',#2705,10.);
#763=VECTOR('',#2706,10.);
#764=VECTOR('',#2707,10.);
#765=VECTOR('',#2708,10.);
#766=VECTOR('',#2709,10.);
#767=VECTOR('',#2712,10.);
#768=VECTOR('',#2715,10.);
#769=VECTOR('',#2716,10.);
#770=VECTOR('',#2719,10.);
#771=VECTOR('',#2720,10.);
#772=VECTOR('',#2721,10.);
#773=VECTOR('',#2724,10.);
#774=VECTOR('',#2725,10.);
#775=VECTOR('',#2728,10.);
#776=VECTOR('',#2729,10.);
#777=VECTOR('',#2732,10.);
#778=VECTOR('',#2735,10.);
#779=VECTOR('',#2738,10.);
#780=VECTOR('',#2739,10.);
#781=VECTOR('',#2742,10.);
#782=VECTOR('',#2743,10.);
#783=VECTOR('',#2744,10.);
#784=VECTOR('',#2745,10.);
#785=VECTOR('',#2748,10.);
#786=VECTOR('',#2749,10.);
#787=VECTOR('',#2750,10.);
#788=VECTOR('',#2753,10.);
#789=VECTOR('',#2754,10.);
#790=VECTOR('',#2757,10.);
#791=VECTOR('',#2758,10.);
#792=VECTOR('',#2761,10.);
#793=VECTOR('',#2764,10.);
#794=VECTOR('',#2765,10.);
#795=VECTOR('',#2770,10.);
#796=VECTOR('',#2771,10.);
#797=VECTOR('',#2774,10.);
#798=VECTOR('',#2775,10.);
#799=VECTOR('',#2778,10.);
#800=VECTOR('',#2779,10.);
#801=VECTOR('',#2780,10.);
#802=VECTOR('',#2783,10.);
#803=VECTOR('',#2792,10.);
#804=VECTOR('',#2793,10.);
#805=VECTOR('',#2794,10.);
#806=VECTOR('',#2795,10.);
#807=VECTOR('',#2798,10.);
#808=VECTOR('',#2799,10.);
#809=VECTOR('',#2800,10.);
#810=VECTOR('',#2803,10.);
#811=VECTOR('',#2804,10.);
#812=VECTOR('',#2805,10.);
#813=VECTOR('',#2808,10.);
#814=VECTOR('',#2809,10.);
#815=VECTOR('',#2812,10.);
#816=VECTOR('',#2815,10.);
#817=VECTOR('',#2816,10.);
#818=VECTOR('',#2817,10.);
#819=VECTOR('',#2820,10.);
#820=VECTOR('',#2823,10.);
#821=VECTOR('',#2824,10.);
#822=VECTOR('',#2829,10.);
#823=VECTOR('',#2830,10.);
#824=VECTOR('',#2831,10.);
#825=VECTOR('',#2832,10.);
#826=VECTOR('',#2835,10.);
#827=VECTOR('',#2836,10.);
#828=VECTOR('',#2837,10.);
#829=VECTOR('',#2840,10.);
#830=VECTOR('',#2841,10.);
#831=VECTOR('',#2842,10.);
#832=VECTOR('',#2845,10.);
#833=VECTOR('',#2848,10.);
#834=VECTOR('',#2849,10.);
#835=VECTOR('',#2852,10.);
#836=VECTOR('',#2855,10.);
#837=VECTOR('',#2862,10.);
#838=VECTOR('',#2867,10.);
#839=VECTOR('',#2872,10.);
#840=VECTOR('',#2873,10.);
#841=VECTOR('',#2874,10.);
#842=VECTOR('',#2875,10.);
#843=VECTOR('',#2878,10.);
#844=VECTOR('',#2879,10.);
#845=VECTOR('',#2880,10.);
#846=VECTOR('',#2883,10.);
#847=VECTOR('',#2884,10.);
#848=VECTOR('',#2885,10.);
#849=VECTOR('',#2888,10.);
#850=VECTOR('',#2889,10.);
#851=VECTOR('',#2892,10.);
#852=VECTOR('',#2895,10.);
#853=VECTOR('',#2896,10.);
#854=VECTOR('',#2897,10.);
#855=VECTOR('',#2900,10.);
#856=VECTOR('',#2903,10.);
#857=VECTOR('',#2904,10.);
#858=VECTOR('',#2909,10.);
#859=VECTOR('',#2910,10.);
#860=VECTOR('',#2911,10.);
#861=VECTOR('',#2912,10.);
#862=VECTOR('',#2915,10.);
#863=VECTOR('',#2916,10.);
#864=VECTOR('',#2917,10.);
#865=VECTOR('',#2920,10.);
#866=VECTOR('',#2921,10.);
#867=VECTOR('',#2922,10.);
#868=VECTOR('',#2925,10.);
#869=VECTOR('',#2928,10.);
#870=VECTOR('',#2929,10.);
#871=VECTOR('',#2932,10.);
#872=VECTOR('',#2935,10.);
#873=VECTOR('',#2942,10.);
#874=VECTOR('',#2947,10.);
#875=VECTOR('',#2952,10.);
#876=VECTOR('',#2953,10.);
#877=VECTOR('',#2954,10.);
#878=VECTOR('',#2955,10.);
#879=VECTOR('',#2958,10.);
#880=VECTOR('',#2959,10.);
#881=VECTOR('',#2960,10.);
#882=VECTOR('',#2963,10.);
#883=VECTOR('',#2964,10.);
#884=VECTOR('',#2965,10.);
#885=VECTOR('',#2968,10.);
#886=VECTOR('',#2969,10.);
#887=VECTOR('',#2972,10.);
#888=VECTOR('',#2975,10.);
#889=VECTOR('',#2976,10.);
#890=VECTOR('',#2977,10.);
#891=VECTOR('',#2980,10.);
#892=VECTOR('',#2983,10.);
#893=VECTOR('',#2984,10.);
#894=VECTOR('',#2989,10.);
#895=VECTOR('',#2990,10.);
#896=VECTOR('',#2991,10.);
#897=VECTOR('',#2992,10.);
#898=VECTOR('',#2995,10.);
#899=VECTOR('',#2996,10.);
#900=VECTOR('',#2997,10.);
#901=VECTOR('',#3000,10.);
#902=VECTOR('',#3001,10.);
#903=VECTOR('',#3002,10.);
#904=VECTOR('',#3005,10.);
#905=VECTOR('',#3008,10.);
#906=VECTOR('',#3009,10.);
#907=VECTOR('',#3012,10.);
#908=VECTOR('',#3015,10.);
#909=VECTOR('',#3022,10.);
#910=VECTOR('',#3027,10.);
#911=VERTEX_POINT('',#3032);
#912=VERTEX_POINT('',#3033);
#913=VERTEX_POINT('',#3035);
#914=VERTEX_POINT('',#3037);
#915=VERTEX_POINT('',#3041);
#916=VERTEX_POINT('',#3043);
#917=VERTEX_POINT('',#3047);
#918=VERTEX_POINT('',#3049);
#919=VERTEX_POINT('',#3053);
#920=VERTEX_POINT('',#3054);
#921=VERTEX_POINT('',#3056);
#922=VERTEX_POINT('',#3058);
#923=VERTEX_POINT('',#3062);
#924=VERTEX_POINT('',#3064);
#925=VERTEX_POINT('',#3068);
#926=VERTEX_POINT('',#3070);
#927=VERTEX_POINT('',#3074);
#928=VERTEX_POINT('',#3076);
#929=VERTEX_POINT('',#3078);
#930=VERTEX_POINT('',#3080);
#931=VERTEX_POINT('',#3082);
#932=VERTEX_POINT('',#3084);
#933=VERTEX_POINT('',#3088);
#934=VERTEX_POINT('',#3090);
#935=VERTEX_POINT('',#3092);
#936=VERTEX_POINT('',#3096);
#937=VERTEX_POINT('',#3098);
#938=VERTEX_POINT('',#3100);
#939=VERTEX_POINT('',#3102);
#940=VERTEX_POINT('',#3106);
#941=VERTEX_POINT('',#3108);
#942=VERTEX_POINT('',#3110);
#943=VERTEX_POINT('',#3112);
#944=VERTEX_POINT('',#3114);
#945=VERTEX_POINT('',#3118);
#946=VERTEX_POINT('',#3120);
#947=VERTEX_POINT('',#3124);
#948=VERTEX_POINT('',#3125);
#949=VERTEX_POINT('',#3127);
#950=VERTEX_POINT('',#3129);
#951=VERTEX_POINT('',#3131);
#952=VERTEX_POINT('',#3133);
#953=VERTEX_POINT('',#3137);
#954=VERTEX_POINT('',#3139);
#955=VERTEX_POINT('',#3143);
#956=VERTEX_POINT('',#3144);
#957=VERTEX_POINT('',#3147);
#958=VERTEX_POINT('',#3149);
#959=VERTEX_POINT('',#3153);
#960=VERTEX_POINT('',#3156);
#961=VERTEX_POINT('',#3158);
#962=VERTEX_POINT('',#3162);
#963=VERTEX_POINT('',#3164);
#964=VERTEX_POINT('',#3166);
#965=VERTEX_POINT('',#3169);
#966=VERTEX_POINT('',#3170);
#967=VERTEX_POINT('',#3172);
#968=VERTEX_POINT('',#3174);
#969=VERTEX_POINT('',#3178);
#970=VERTEX_POINT('',#3181);
#971=VERTEX_POINT('',#3183);
#972=VERTEX_POINT('',#3185);
#973=VERTEX_POINT('',#3187);
#974=VERTEX_POINT('',#3189);
#975=VERTEX_POINT('',#3191);
#976=VERTEX_POINT('',#3193);
#977=VERTEX_POINT('',#3195);
#978=VERTEX_POINT('',#3197);
#979=VERTEX_POINT('',#3199);
#980=VERTEX_POINT('',#3201);
#981=VERTEX_POINT('',#3203);
#982=VERTEX_POINT('',#3208);
#983=VERTEX_POINT('',#3210);
#984=VERTEX_POINT('',#3215);
#985=VERTEX_POINT('',#3217);
#986=VERTEX_POINT('',#3221);
#987=VERTEX_POINT('',#3222);
#988=VERTEX_POINT('',#3224);
#989=VERTEX_POINT('',#3226);
#990=VERTEX_POINT('',#3230);
#991=VERTEX_POINT('',#3237);
#992=VERTEX_POINT('',#3243);
#993=VERTEX_POINT('',#3244);
#994=VERTEX_POINT('',#3246);
#995=VERTEX_POINT('',#3249);
#996=VERTEX_POINT('',#3254);
#997=VERTEX_POINT('',#3258);
#998=VERTEX_POINT('',#3263);
#999=VERTEX_POINT('',#3265);
#1000=VERTEX_POINT('',#3269);
#1001=VERTEX_POINT('',#3271);
#1002=VERTEX_POINT('',#3274);
#1003=VERTEX_POINT('',#3275);
#1004=VERTEX_POINT('',#3277);
#1005=VERTEX_POINT('',#3279);
#1006=VERTEX_POINT('',#3285);
#1007=VERTEX_POINT('',#3286);
#1008=VERTEX_POINT('',#3288);
#1009=VERTEX_POINT('',#3290);
#1010=VERTEX_POINT('',#3294);
#1011=VERTEX_POINT('',#3295);
#1012=VERTEX_POINT('',#3297);
#1013=VERTEX_POINT('',#3299);
#1014=VERTEX_POINT('',#3303);
#1015=VERTEX_POINT('',#3305);
#1016=VERTEX_POINT('',#3313);
#1017=VERTEX_POINT('',#3317);
#1018=VERTEX_POINT('',#3323);
#1019=VERTEX_POINT('',#3327);
#1020=VERTEX_POINT('',#3329);
#1021=VERTEX_POINT('',#3333);
#1022=VERTEX_POINT('',#3337);
#1023=VERTEX_POINT('',#3343);
#1024=VERTEX_POINT('',#3344);
#1025=VERTEX_POINT('',#3349);
#1026=VERTEX_POINT('',#3352);
#1027=VERTEX_POINT('',#3353);
#1028=VERTEX_POINT('',#3355);
#1029=VERTEX_POINT('',#3357);
#1030=VERTEX_POINT('',#3363);
#1031=VERTEX_POINT('',#3367);
#1032=VERTEX_POINT('',#3369);
#1033=VERTEX_POINT('',#3373);
#1034=VERTEX_POINT('',#3377);
#1035=VERTEX_POINT('',#3385);
#1036=VERTEX_POINT('',#3389);
#1037=VERTEX_POINT('',#3391);
#1038=VERTEX_POINT('',#3396);
#1039=VERTEX_POINT('',#3398);
#1040=VERTEX_POINT('',#3402);
#1041=VERTEX_POINT('',#3406);
#1042=VERTEX_POINT('',#3416);
#1043=VERTEX_POINT('',#3420);
#1044=VERTEX_POINT('',#3425);
#1045=VERTEX_POINT('',#3434);
#1046=VERTEX_POINT('',#3435);
#1047=VERTEX_POINT('',#3437);
#1048=VERTEX_POINT('',#3439);
#1049=VERTEX_POINT('',#3443);
#1050=VERTEX_POINT('',#3445);
#1051=VERTEX_POINT('',#3449);
#1052=VERTEX_POINT('',#3451);
#1053=VERTEX_POINT('',#3458);
#1054=VERTEX_POINT('',#3460);
#1055=VERTEX_POINT('',#3462);
#1056=VERTEX_POINT('',#3464);
#1057=VERTEX_POINT('',#3466);
#1058=VERTEX_POINT('',#3468);
#1059=VERTEX_POINT('',#3472);
#1060=VERTEX_POINT('',#3477);
#1061=VERTEX_POINT('',#3478);
#1062=VERTEX_POINT('',#3480);
#1063=VERTEX_POINT('',#3482);
#1064=VERTEX_POINT('',#3487);
#1065=VERTEX_POINT('',#3491);
#1066=VERTEX_POINT('',#3498);
#1067=VERTEX_POINT('',#3502);
#1068=VERTEX_POINT('',#3505);
#1069=VERTEX_POINT('',#3516);
#1070=VERTEX_POINT('',#3517);
#1071=VERTEX_POINT('',#3519);
#1072=VERTEX_POINT('',#3521);
#1073=VERTEX_POINT('',#3525);
#1074=VERTEX_POINT('',#3527);
#1075=VERTEX_POINT('',#3531);
#1076=VERTEX_POINT('',#3533);
#1077=VERTEX_POINT('',#3540);
#1078=VERTEX_POINT('',#3542);
#1079=VERTEX_POINT('',#3544);
#1080=VERTEX_POINT('',#3546);
#1081=VERTEX_POINT('',#3548);
#1082=VERTEX_POINT('',#3550);
#1083=VERTEX_POINT('',#3554);
#1084=VERTEX_POINT('',#3559);
#1085=VERTEX_POINT('',#3560);
#1086=VERTEX_POINT('',#3562);
#1087=VERTEX_POINT('',#3564);
#1088=VERTEX_POINT('',#3569);
#1089=VERTEX_POINT('',#3573);
#1090=VERTEX_POINT('',#3580);
#1091=VERTEX_POINT('',#3584);
#1092=VERTEX_POINT('',#3587);
#1093=VERTEX_POINT('',#3598);
#1094=VERTEX_POINT('',#3599);
#1095=VERTEX_POINT('',#3601);
#1096=VERTEX_POINT('',#3603);
#1097=VERTEX_POINT('',#3607);
#1098=VERTEX_POINT('',#3609);
#1099=VERTEX_POINT('',#3613);
#1100=VERTEX_POINT('',#3615);
#1101=VERTEX_POINT('',#3622);
#1102=VERTEX_POINT('',#3624);
#1103=VERTEX_POINT('',#3626);
#1104=VERTEX_POINT('',#3628);
#1105=VERTEX_POINT('',#3630);
#1106=VERTEX_POINT('',#3632);
#1107=VERTEX_POINT('',#3636);
#1108=VERTEX_POINT('',#3641);
#1109=VERTEX_POINT('',#3642);
#1110=VERTEX_POINT('',#3644);
#1111=VERTEX_POINT('',#3646);
#1112=VERTEX_POINT('',#3651);
#1113=VERTEX_POINT('',#3655);
#1114=VERTEX_POINT('',#3662);
#1115=VERTEX_POINT('',#3666);
#1116=VERTEX_POINT('',#3669);
#1117=EDGE_CURVE('',#911,#912,#291,.T.);
#1118=EDGE_CURVE('',#913,#911,#292,.T.);
#1119=EDGE_CURVE('',#914,#913,#293,.T.);
#1120=EDGE_CURVE('',#914,#912,#294,.T.);
#1121=EDGE_CURVE('',#912,#915,#295,.T.);
#1122=EDGE_CURVE('',#916,#914,#296,.T.);
#1123=EDGE_CURVE('',#916,#915,#297,.T.);
#1124=EDGE_CURVE('',#915,#917,#298,.T.);
#1125=EDGE_CURVE('',#918,#916,#299,.T.);
#1126=EDGE_CURVE('',#917,#918,#300,.T.);
#1127=EDGE_CURVE('',#919,#920,#301,.T.);
#1128=EDGE_CURVE('',#921,#919,#302,.T.);
#1129=EDGE_CURVE('',#922,#921,#303,.T.);
#1130=EDGE_CURVE('',#920,#922,#304,.T.);
#1131=EDGE_CURVE('',#920,#923,#305,.T.);
#1132=EDGE_CURVE('',#924,#922,#306,.T.);
#1133=EDGE_CURVE('',#923,#924,#307,.T.);
#1134=EDGE_CURVE('',#923,#925,#308,.T.);
#1135=EDGE_CURVE('',#926,#924,#309,.T.);
#1136=EDGE_CURVE('',#925,#926,#310,.T.);
#1137=EDGE_CURVE('',#921,#927,#311,.T.);
#1138=EDGE_CURVE('',#927,#928,#312,.T.);
#1139=EDGE_CURVE('',#928,#929,#313,.T.);
#1140=EDGE_CURVE('',#929,#930,#314,.T.);
#1141=EDGE_CURVE('',#930,#931,#315,.T.);
#1142=EDGE_CURVE('',#931,#932,#316,.T.);
#1143=EDGE_CURVE('',#932,#926,#317,.T.);
#1144=EDGE_CURVE('',#919,#933,#318,.T.);
#1145=EDGE_CURVE('',#933,#934,#319,.T.);
#1146=EDGE_CURVE('',#934,#935,#320,.T.);
#1147=EDGE_CURVE('',#927,#935,#321,.T.);
#1148=EDGE_CURVE('',#936,#918,#322,.T.);
#1149=EDGE_CURVE('',#937,#936,#323,.T.);
#1150=EDGE_CURVE('',#937,#938,#324,.T.);
#1151=EDGE_CURVE('',#938,#939,#325,.T.);
#1152=EDGE_CURVE('',#939,#917,#326,.T.);
#1153=EDGE_CURVE('',#940,#939,#327,.F.);
#1154=EDGE_CURVE('',#940,#941,#328,.T.);
#1155=EDGE_CURVE('',#941,#942,#329,.T.);
#1156=EDGE_CURVE('',#943,#942,#330,.F.);
#1157=EDGE_CURVE('',#943,#944,#331,.T.);
#1158=EDGE_CURVE('',#911,#944,#332,.T.);
#1159=EDGE_CURVE('',#945,#934,#333,.T.);
#1160=EDGE_CURVE('',#946,#945,#334,.T.);
#1161=EDGE_CURVE('',#935,#946,#335,.T.);
#1162=EDGE_CURVE('',#947,#948,#336,.T.);
#1163=EDGE_CURVE('',#949,#947,#337,.T.);
#1164=EDGE_CURVE('',#950,#949,#338,.T.);
#1165=EDGE_CURVE('',#951,#950,#339,.T.);
#1166=EDGE_CURVE('',#951,#952,#340,.T.);
#1167=EDGE_CURVE('',#948,#952,#341,.T.);
#1168=EDGE_CURVE('',#950,#953,#342,.T.);
#1169=EDGE_CURVE('',#954,#949,#343,.T.);
#1170=EDGE_CURVE('',#953,#954,#344,.T.);
#1171=EDGE_CURVE('',#955,#956,#345,.T.);
#1172=EDGE_CURVE('',#952,#955,#346,.T.);
#1173=EDGE_CURVE('',#957,#951,#347,.T.);
#1174=EDGE_CURVE('',#958,#957,#348,.T.);
#1175=EDGE_CURVE('',#956,#958,#349,.T.);
#1176=EDGE_CURVE('',#959,#947,#350,.T.);
#1177=EDGE_CURVE('',#956,#959,#351,.T.);
#1178=EDGE_CURVE('',#960,#958,#352,.T.);
#1179=EDGE_CURVE('',#961,#960,#353,.T.);
#1180=EDGE_CURVE('',#954,#961,#354,.T.);
#1181=EDGE_CURVE('',#962,#957,#355,.T.);
#1182=EDGE_CURVE('',#962,#963,#356,.T.);
#1183=EDGE_CURVE('',#964,#963,#357,.T.);
#1184=EDGE_CURVE('',#960,#964,#358,.T.);
#1185=EDGE_CURVE('',#965,#966,#359,.T.);
#1186=EDGE_CURVE('',#967,#965,#360,.T.);
#1187=EDGE_CURVE('',#968,#967,#361,.T.);
#1188=EDGE_CURVE('',#966,#968,#362,.T.);
#1189=EDGE_CURVE('',#946,#969,#363,.T.);
#1190=EDGE_CURVE('',#969,#937,#364,.T.);
#1191=EDGE_CURVE('',#970,#936,#365,.T.);
#1192=EDGE_CURVE('',#971,#970,#366,.T.);
#1193=EDGE_CURVE('',#971,#972,#367,.T.);
#1194=EDGE_CURVE('',#972,#973,#368,.T.);
#1195=EDGE_CURVE('',#973,#974,#369,.T.);
#1196=EDGE_CURVE('',#974,#975,#370,.T.);
#1197=EDGE_CURVE('',#975,#976,#371,.T.);
#1198=EDGE_CURVE('',#977,#976,#372,.T.);
#1199=EDGE_CURVE('',#977,#978,#373,.T.);
#1200=EDGE_CURVE('',#978,#979,#374,.T.);
#1201=EDGE_CURVE('',#979,#980,#375,.T.);
#1202=EDGE_CURVE('',#981,#980,#376,.T.);
#1203=EDGE_CURVE('',#981,#962,#377,.T.);
#1204=EDGE_CURVE('',#928,#953,#378,.T.);
#1205=EDGE_CURVE('',#982,#925,#379,.T.);
#1206=EDGE_CURVE('',#982,#983,#380,.T.);
#1207=EDGE_CURVE('',#959,#983,#381,.T.);
#1208=EDGE_CURVE('',#933,#948,#382,.T.);
#1209=EDGE_CURVE('',#984,#929,#383,.T.);
#1210=EDGE_CURVE('',#984,#985,#384,.T.);
#1211=EDGE_CURVE('',#930,#985,#385,.T.);
#1212=EDGE_CURVE('',#986,#987,#386,.T.);
#1213=EDGE_CURVE('',#987,#988,#387,.T.);
#1214=EDGE_CURVE('',#988,#989,#388,.T.);
#1215=EDGE_CURVE('',#989,#986,#389,.T.);
#1216=EDGE_CURVE('',#985,#990,#390,.T.);
#1217=EDGE_CURVE('',#931,#990,#391,.T.);
#1218=EDGE_CURVE('',#989,#984,#392,.T.);
#1219=EDGE_CURVE('',#990,#988,#393,.T.);
#1220=EDGE_CURVE('',#991,#945,#394,.T.);
#1221=EDGE_CURVE('',#969,#991,#395,.T.);
#1222=EDGE_CURVE('',#938,#991,#396,.T.);
#1223=EDGE_CURVE('',#992,#993,#397,.T.);
#1224=EDGE_CURVE('',#992,#994,#398,.T.);
#1225=EDGE_CURVE('',#974,#994,#399,.T.);
#1226=EDGE_CURVE('',#973,#995,#400,.T.);
#1227=EDGE_CURVE('',#993,#995,#401,.T.);
#1228=EDGE_CURVE('',#995,#940,#402,.T.);
#1229=EDGE_CURVE('',#972,#996,#403,.T.);
#1230=EDGE_CURVE('',#996,#941,#404,.T.);
#1231=EDGE_CURVE('',#997,#971,#405,.T.);
#1232=EDGE_CURVE('',#997,#996,#406,.T.);
#1233=EDGE_CURVE('',#942,#992,#407,.T.);
#1234=EDGE_CURVE('',#998,#997,#408,.T.);
#1235=EDGE_CURVE('',#999,#998,#409,.T.);
#1236=EDGE_CURVE('',#994,#999,#410,.T.);
#1237=EDGE_CURVE('',#999,#1000,#411,.T.);
#1238=EDGE_CURVE('',#1001,#1000,#412,.T.);
#1239=EDGE_CURVE('',#975,#1001,#413,.T.);
#1240=EDGE_CURVE('',#1002,#1003,#414,.T.);
#1241=EDGE_CURVE('',#1004,#1002,#415,.T.);
#1242=EDGE_CURVE('',#1005,#1004,#416,.T.);
#1243=EDGE_CURVE('',#1003,#1005,#417,.T.);
#1244=EDGE_CURVE('',#955,#993,#418,.F.);
#1245=EDGE_CURVE('',#1006,#1007,#419,.T.);
#1246=EDGE_CURVE('',#1007,#1008,#420,.T.);
#1247=EDGE_CURVE('',#1009,#1008,#421,.T.);
#1248=EDGE_CURVE('',#1006,#1009,#422,.T.);
#1249=EDGE_CURVE('',#1010,#1011,#423,.T.);
#1250=EDGE_CURVE('',#1011,#1012,#424,.T.);
#1251=EDGE_CURVE('',#1013,#1012,#425,.T.);
#1252=EDGE_CURVE('',#1010,#1013,#426,.T.);
#1253=EDGE_CURVE('',#1011,#1014,#427,.T.);
#1254=EDGE_CURVE('',#1014,#1015,#428,.T.);
#1255=EDGE_CURVE('',#1012,#1015,#429,.T.);
#1256=EDGE_CURVE('',#1015,#1009,#430,.T.);
#1257=EDGE_CURVE('',#1013,#1008,#431,.T.);
#1258=EDGE_CURVE('',#1010,#970,#432,.T.);
#1259=EDGE_CURVE('',#1008,#1016,#433,.T.);
#1260=EDGE_CURVE('',#1016,#998,#434,.T.);
#1261=EDGE_CURVE('',#1017,#1001,#435,.T.);
#1262=EDGE_CURVE('',#976,#1017,#436,.T.);
#1263=EDGE_CURVE('',#1000,#1016,#437,.T.);
#1264=EDGE_CURVE('',#1017,#1018,#438,.T.);
#1265=EDGE_CURVE('',#1018,#977,#439,.T.);
#1266=EDGE_CURVE('',#1019,#1004,#440,.T.);
#1267=EDGE_CURVE('',#1020,#1019,#441,.T.);
#1268=EDGE_CURVE('',#1020,#1005,#442,.T.);
#1269=EDGE_CURVE('',#1021,#1002,#443,.T.);
#1270=EDGE_CURVE('',#1019,#1021,#444,.T.);
#1271=EDGE_CURVE('',#1022,#1003,#445,.T.);
#1272=EDGE_CURVE('',#1021,#1022,#446,.T.);
#1273=EDGE_CURVE('',#1022,#1020,#447,.T.);
#1274=EDGE_CURVE('',#1023,#1024,#448,.T.);
#1275=EDGE_CURVE('',#980,#1023,#449,.T.);
#1276=EDGE_CURVE('',#979,#1024,#450,.T.);
#1277=EDGE_CURVE('',#1024,#1025,#451,.T.);
#1278=EDGE_CURVE('',#978,#1025,#452,.T.);
#1279=EDGE_CURVE('',#1026,#1027,#453,.T.);
#1280=EDGE_CURVE('',#1028,#1026,#454,.T.);
#1281=EDGE_CURVE('',#1029,#1028,#455,.T.);
#1282=EDGE_CURVE('',#1027,#1029,#456,.T.);
#1283=EDGE_CURVE('',#1025,#1018,#457,.T.);
#1284=EDGE_CURVE('',#1023,#1030,#458,.T.);
#1285=EDGE_CURVE('',#1030,#981,#459,.T.);
#1286=EDGE_CURVE('',#1031,#1028,#460,.T.);
#1287=EDGE_CURVE('',#1032,#1031,#461,.T.);
#1288=EDGE_CURVE('',#1032,#1029,#462,.T.);
#1289=EDGE_CURVE('',#1033,#1026,#463,.T.);
#1290=EDGE_CURVE('',#1031,#1033,#464,.T.);
#1291=EDGE_CURVE('',#1034,#1027,#465,.T.);
#1292=EDGE_CURVE('',#1033,#1034,#466,.T.);
#1293=EDGE_CURVE('',#1034,#1032,#467,.T.);
#1294=EDGE_CURVE('',#963,#1030,#468,.T.);
#1295=EDGE_CURVE('',#1035,#964,#469,.T.);
#1296=EDGE_CURVE('',#961,#1035,#470,.T.);
#1297=EDGE_CURVE('',#1036,#1007,#471,.T.);
#1298=EDGE_CURVE('',#1037,#1036,#472,.T.);
#1299=EDGE_CURVE('',#1037,#986,#473,.T.);
#1300=EDGE_CURVE('',#1035,#989,#474,.T.);
#1301=EDGE_CURVE('',#1038,#967,#475,.T.);
#1302=EDGE_CURVE('',#1039,#1038,#476,.T.);
#1303=EDGE_CURVE('',#1039,#968,#477,.T.);
#1304=EDGE_CURVE('',#1040,#965,#478,.T.);
#1305=EDGE_CURVE('',#1038,#1040,#479,.T.);
#1306=EDGE_CURVE('',#1041,#966,#480,.T.);
#1307=EDGE_CURVE('',#1040,#1041,#481,.T.);
#1308=EDGE_CURVE('',#1041,#1039,#482,.T.);
#1309=EDGE_CURVE('',#943,#983,#483,.T.);
#1310=EDGE_CURVE('',#944,#982,#484,.T.);
#1311=EDGE_CURVE('',#1042,#1037,#485,.T.);
#1312=EDGE_CURVE('',#987,#1042,#486,.T.);
#1313=EDGE_CURVE('',#1043,#1006,#487,.T.);
#1314=EDGE_CURVE('',#1036,#1043,#488,.T.);
#1315=EDGE_CURVE('',#932,#1042,#489,.T.);
#1316=EDGE_CURVE('',#1043,#1044,#490,.T.);
#1317=EDGE_CURVE('',#913,#1044,#491,.T.);
#1318=EDGE_CURVE('',#1044,#1014,#492,.T.);
#1319=EDGE_CURVE('',#1045,#1046,#493,.T.);
#1320=EDGE_CURVE('',#1046,#1047,#494,.T.);
#1321=EDGE_CURVE('',#1047,#1048,#495,.T.);
#1322=EDGE_CURVE('',#1045,#1048,#496,.T.);
#1323=EDGE_CURVE('',#1046,#1049,#497,.T.);
#1324=EDGE_CURVE('',#1049,#1050,#498,.T.);
#1325=EDGE_CURVE('',#1050,#1047,#499,.T.);
#1326=EDGE_CURVE('',#1049,#1051,#500,.T.);
#1327=EDGE_CURVE('',#1051,#1052,#501,.T.);
#1328=EDGE_CURVE('',#1052,#1050,#502,.T.);
#1329=EDGE_CURVE('',#1048,#1052,#503,.T.);
#1330=EDGE_CURVE('',#1051,#1045,#504,.T.);
#1331=EDGE_CURVE('',#1053,#1048,#505,.T.);
#1332=EDGE_CURVE('',#1054,#1053,#19,.T.);
#1333=EDGE_CURVE('',#1055,#1054,#506,.T.);
#1334=EDGE_CURVE('',#1056,#1055,#507,.T.);
#1335=EDGE_CURVE('',#1056,#1057,#508,.T.);
#1336=EDGE_CURVE('',#1057,#1058,#20,.T.);
#1337=EDGE_CURVE('',#1058,#1052,#509,.T.);
#1338=EDGE_CURVE('',#1059,#1047,#510,.T.);
#1339=EDGE_CURVE('',#1059,#1053,#511,.T.);
#1340=EDGE_CURVE('',#1060,#1061,#512,.T.);
#1341=EDGE_CURVE('',#1061,#1062,#513,.T.);
#1342=EDGE_CURVE('',#1062,#1063,#514,.T.);
#1343=EDGE_CURVE('',#1060,#1063,#515,.T.);
#1344=EDGE_CURVE('',#1061,#1056,#516,.T.);
#1345=EDGE_CURVE('',#1056,#1064,#517,.T.);
#1346=EDGE_CURVE('',#1064,#1062,#518,.T.);
#1347=EDGE_CURVE('',#1063,#1065,#519,.T.);
#1348=EDGE_CURVE('',#1065,#1055,#520,.T.);
#1349=EDGE_CURVE('',#1055,#1060,#521,.T.);
#1350=EDGE_CURVE('',#1065,#1064,#522,.T.);
#1351=EDGE_CURVE('',#1061,#1066,#523,.T.);
#1352=EDGE_CURVE('',#1057,#1066,#524,.T.);
#1353=EDGE_CURVE('',#1067,#1050,#525,.T.);
#1354=EDGE_CURVE('',#1066,#1067,#21,.T.);
#1355=EDGE_CURVE('',#1060,#1068,#526,.T.);
#1356=EDGE_CURVE('',#1068,#1059,#22,.T.);
#1357=EDGE_CURVE('',#1058,#1067,#527,.T.);
#1358=EDGE_CURVE('',#1068,#1054,#528,.T.);
#1359=EDGE_CURVE('',#1069,#1070,#529,.T.);
#1360=EDGE_CURVE('',#1070,#1071,#530,.T.);
#1361=EDGE_CURVE('',#1071,#1072,#531,.T.);
#1362=EDGE_CURVE('',#1069,#1072,#532,.T.);
#1363=EDGE_CURVE('',#1070,#1073,#533,.T.);
#1364=EDGE_CURVE('',#1073,#1074,#534,.T.);
#1365=EDGE_CURVE('',#1074,#1071,#535,.T.);
#1366=EDGE_CURVE('',#1073,#1075,#536,.T.);
#1367=EDGE_CURVE('',#1075,#1076,#537,.T.);
#1368=EDGE_CURVE('',#1076,#1074,#538,.T.);
#1369=EDGE_CURVE('',#1072,#1076,#539,.T.);
#1370=EDGE_CURVE('',#1075,#1069,#540,.T.);
#1371=EDGE_CURVE('',#1077,#1072,#541,.T.);
#1372=EDGE_CURVE('',#1078,#1077,#23,.T.);
#1373=EDGE_CURVE('',#1079,#1078,#542,.T.);
#1374=EDGE_CURVE('',#1080,#1079,#543,.T.);
#1375=EDGE_CURVE('',#1080,#1081,#544,.T.);
#1376=EDGE_CURVE('',#1081,#1082,#24,.T.);
#1377=EDGE_CURVE('',#1082,#1076,#545,.T.);
#1378=EDGE_CURVE('',#1083,#1071,#546,.T.);
#1379=EDGE_CURVE('',#1083,#1077,#547,.T.);
#1380=EDGE_CURVE('',#1084,#1085,#548,.T.);
#1381=EDGE_CURVE('',#1085,#1086,#549,.T.);
#1382=EDGE_CURVE('',#1086,#1087,#550,.T.);
#1383=EDGE_CURVE('',#1084,#1087,#551,.T.);
#1384=EDGE_CURVE('',#1085,#1080,#552,.T.);
#1385=EDGE_CURVE('',#1080,#1088,#553,.T.);
#1386=EDGE_CURVE('',#1088,#1086,#554,.T.);
#1387=EDGE_CURVE('',#1087,#1089,#555,.T.);
#1388=EDGE_CURVE('',#1089,#1079,#556,.T.);
#1389=EDGE_CURVE('',#1079,#1084,#557,.T.);
#1390=EDGE_CURVE('',#1089,#1088,#558,.T.);
#1391=EDGE_CURVE('',#1085,#1090,#559,.T.);
#1392=EDGE_CURVE('',#1081,#1090,#560,.T.);
#1393=EDGE_CURVE('',#1091,#1074,#561,.T.);
#1394=EDGE_CURVE('',#1090,#1091,#25,.T.);
#1395=EDGE_CURVE('',#1084,#1092,#562,.T.);
#1396=EDGE_CURVE('',#1092,#1083,#26,.T.);
#1397=EDGE_CURVE('',#1082,#1091,#563,.T.);
#1398=EDGE_CURVE('',#1092,#1078,#564,.T.);
#1399=EDGE_CURVE('',#1093,#1094,#565,.T.);
#1400=EDGE_CURVE('',#1094,#1095,#566,.T.);
#1401=EDGE_CURVE('',#1095,#1096,#567,.T.);
#1402=EDGE_CURVE('',#1093,#1096,#568,.T.);
#1403=EDGE_CURVE('',#1094,#1097,#569,.T.);
#1404=EDGE_CURVE('',#1097,#1098,#570,.T.);
#1405=EDGE_CURVE('',#1098,#1095,#571,.T.);
#1406=EDGE_CURVE('',#1097,#1099,#572,.T.);
#1407=EDGE_CURVE('',#1099,#1100,#573,.T.);
#1408=EDGE_CURVE('',#1100,#1098,#574,.T.);
#1409=EDGE_CURVE('',#1096,#1100,#575,.T.);
#1410=EDGE_CURVE('',#1099,#1093,#576,.T.);
#1411=EDGE_CURVE('',#1101,#1096,#577,.T.);
#1412=EDGE_CURVE('',#1102,#1101,#27,.T.);
#1413=EDGE_CURVE('',#1103,#1102,#578,.T.);
#1414=EDGE_CURVE('',#1104,#1103,#579,.T.);
#1415=EDGE_CURVE('',#1104,#1105,#580,.T.);
#1416=EDGE_CURVE('',#1105,#1106,#28,.T.);
#1417=EDGE_CURVE('',#1106,#1100,#581,.T.);
#1418=EDGE_CURVE('',#1107,#1095,#582,.T.);
#1419=EDGE_CURVE('',#1107,#1101,#583,.T.);
#1420=EDGE_CURVE('',#1108,#1109,#584,.T.);
#1421=EDGE_CURVE('',#1109,#1110,#585,.T.);
#1422=EDGE_CURVE('',#1110,#1111,#586,.T.);
#1423=EDGE_CURVE('',#1108,#1111,#587,.T.);
#1424=EDGE_CURVE('',#1109,#1104,#588,.T.);
#1425=EDGE_CURVE('',#1104,#1112,#589,.T.);
#1426=EDGE_CURVE('',#1112,#1110,#590,.T.);
#1427=EDGE_CURVE('',#1111,#1113,#591,.T.);
#1428=EDGE_CURVE('',#1113,#1103,#592,.T.);
#1429=EDGE_CURVE('',#1103,#1108,#593,.T.);
#1430=EDGE_CURVE('',#1113,#1112,#594,.T.);
#1431=EDGE_CURVE('',#1109,#1114,#595,.T.);
#1432=EDGE_CURVE('',#1105,#1114,#596,.T.);
#1433=EDGE_CURVE('',#1115,#1098,#597,.T.);
#1434=EDGE_CURVE('',#1114,#1115,#29,.T.);
#1435=EDGE_CURVE('',#1108,#1116,#598,.T.);
#1436=EDGE_CURVE('',#1116,#1107,#30,.T.);
#1437=EDGE_CURVE('',#1106,#1115,#599,.T.);
#1438=EDGE_CURVE('',#1116,#1102,#600,.T.);
#1439=ORIENTED_EDGE('',*,*,#1117,.F.);
#1440=ORIENTED_EDGE('',*,*,#1118,.F.);
#1441=ORIENTED_EDGE('',*,*,#1119,.F.);
#1442=ORIENTED_EDGE('',*,*,#1120,.T.);
#1443=ORIENTED_EDGE('',*,*,#1121,.F.);
#1444=ORIENTED_EDGE('',*,*,#1120,.F.);
#1445=ORIENTED_EDGE('',*,*,#1122,.F.);
#1446=ORIENTED_EDGE('',*,*,#1123,.T.);
#1447=ORIENTED_EDGE('',*,*,#1124,.F.);
#1448=ORIENTED_EDGE('',*,*,#1123,.F.);
#1449=ORIENTED_EDGE('',*,*,#1125,.F.);
#1450=ORIENTED_EDGE('',*,*,#1126,.F.);
#1451=ORIENTED_EDGE('',*,*,#1127,.F.);
#1452=ORIENTED_EDGE('',*,*,#1128,.F.);
#1453=ORIENTED_EDGE('',*,*,#1129,.F.);
#1454=ORIENTED_EDGE('',*,*,#1130,.F.);
#1455=ORIENTED_EDGE('',*,*,#1131,.F.);
#1456=ORIENTED_EDGE('',*,*,#1130,.T.);
#1457=ORIENTED_EDGE('',*,*,#1132,.F.);
#1458=ORIENTED_EDGE('',*,*,#1133,.F.);
#1459=ORIENTED_EDGE('',*,*,#1134,.F.);
#1460=ORIENTED_EDGE('',*,*,#1133,.T.);
#1461=ORIENTED_EDGE('',*,*,#1135,.F.);
#1462=ORIENTED_EDGE('',*,*,#1136,.F.);
#1463=ORIENTED_EDGE('',*,*,#1135,.T.);
#1464=ORIENTED_EDGE('',*,*,#1132,.T.);
#1465=ORIENTED_EDGE('',*,*,#1129,.T.);
#1466=ORIENTED_EDGE('',*,*,#1137,.T.);
#1467=ORIENTED_EDGE('',*,*,#1138,.T.);
#1468=ORIENTED_EDGE('',*,*,#1139,.T.);
#1469=ORIENTED_EDGE('',*,*,#1140,.T.);
#1470=ORIENTED_EDGE('',*,*,#1141,.T.);
#1471=ORIENTED_EDGE('',*,*,#1142,.T.);
#1472=ORIENTED_EDGE('',*,*,#1143,.T.);
#1473=ORIENTED_EDGE('',*,*,#1128,.T.);
#1474=ORIENTED_EDGE('',*,*,#1144,.T.);
#1475=ORIENTED_EDGE('',*,*,#1145,.T.);
#1476=ORIENTED_EDGE('',*,*,#1146,.T.);
#1477=ORIENTED_EDGE('',*,*,#1147,.F.);
#1478=ORIENTED_EDGE('',*,*,#1137,.F.);
#1479=ORIENTED_EDGE('',*,*,#1126,.T.);
#1480=ORIENTED_EDGE('',*,*,#1148,.F.);
#1481=ORIENTED_EDGE('',*,*,#1149,.F.);
#1482=ORIENTED_EDGE('',*,*,#1150,.T.);
#1483=ORIENTED_EDGE('',*,*,#1151,.T.);
#1484=ORIENTED_EDGE('',*,*,#1152,.T.);
#1485=ORIENTED_EDGE('',*,*,#1117,.T.);
#1486=ORIENTED_EDGE('',*,*,#1121,.T.);
#1487=ORIENTED_EDGE('',*,*,#1124,.T.);
#1488=ORIENTED_EDGE('',*,*,#1152,.F.);
#1489=ORIENTED_EDGE('',*,*,#1153,.F.);
#1490=ORIENTED_EDGE('',*,*,#1154,.T.);
#1491=ORIENTED_EDGE('',*,*,#1155,.T.);
#1492=ORIENTED_EDGE('',*,*,#1156,.F.);
#1493=ORIENTED_EDGE('',*,*,#1157,.T.);
#1494=ORIENTED_EDGE('',*,*,#1158,.F.);
#1495=ORIENTED_EDGE('',*,*,#1159,.F.);
#1496=ORIENTED_EDGE('',*,*,#1160,.F.);
#1497=ORIENTED_EDGE('',*,*,#1161,.F.);
#1498=ORIENTED_EDGE('',*,*,#1146,.F.);
#1499=ORIENTED_EDGE('',*,*,#1162,.F.);
#1500=ORIENTED_EDGE('',*,*,#1163,.F.);
#1501=ORIENTED_EDGE('',*,*,#1164,.F.);
#1502=ORIENTED_EDGE('',*,*,#1165,.F.);
#1503=ORIENTED_EDGE('',*,*,#1166,.T.);
#1504=ORIENTED_EDGE('',*,*,#1167,.F.);
#1505=ORIENTED_EDGE('',*,*,#1168,.F.);
#1506=ORIENTED_EDGE('',*,*,#1164,.T.);
#1507=ORIENTED_EDGE('',*,*,#1169,.F.);
#1508=ORIENTED_EDGE('',*,*,#1170,.F.);
#1509=ORIENTED_EDGE('',*,*,#1171,.F.);
#1510=ORIENTED_EDGE('',*,*,#1172,.F.);
#1511=ORIENTED_EDGE('',*,*,#1166,.F.);
#1512=ORIENTED_EDGE('',*,*,#1173,.F.);
#1513=ORIENTED_EDGE('',*,*,#1174,.F.);
#1514=ORIENTED_EDGE('',*,*,#1175,.F.);
#1515=ORIENTED_EDGE('',*,*,#1176,.F.);
#1516=ORIENTED_EDGE('',*,*,#1177,.F.);
#1517=ORIENTED_EDGE('',*,*,#1175,.T.);
#1518=ORIENTED_EDGE('',*,*,#1178,.F.);
#1519=ORIENTED_EDGE('',*,*,#1179,.F.);
#1520=ORIENTED_EDGE('',*,*,#1180,.F.);
#1521=ORIENTED_EDGE('',*,*,#1169,.T.);
#1522=ORIENTED_EDGE('',*,*,#1163,.T.);
#1523=ORIENTED_EDGE('',*,*,#1178,.T.);
#1524=ORIENTED_EDGE('',*,*,#1174,.T.);
#1525=ORIENTED_EDGE('',*,*,#1181,.F.);
#1526=ORIENTED_EDGE('',*,*,#1182,.T.);
#1527=ORIENTED_EDGE('',*,*,#1183,.F.);
#1528=ORIENTED_EDGE('',*,*,#1184,.F.);
#1529=ORIENTED_EDGE('',*,*,#1185,.F.);
#1530=ORIENTED_EDGE('',*,*,#1186,.F.);
#1531=ORIENTED_EDGE('',*,*,#1187,.F.);
#1532=ORIENTED_EDGE('',*,*,#1188,.F.);
#1533=ORIENTED_EDGE('',*,*,#1161,.T.);
#1534=ORIENTED_EDGE('',*,*,#1189,.T.);
#1535=ORIENTED_EDGE('',*,*,#1190,.T.);
#1536=ORIENTED_EDGE('',*,*,#1149,.T.);
#1537=ORIENTED_EDGE('',*,*,#1191,.F.);
#1538=ORIENTED_EDGE('',*,*,#1192,.F.);
#1539=ORIENTED_EDGE('',*,*,#1193,.T.);
#1540=ORIENTED_EDGE('',*,*,#1194,.T.);
#1541=ORIENTED_EDGE('',*,*,#1195,.T.);
#1542=ORIENTED_EDGE('',*,*,#1196,.T.);
#1543=ORIENTED_EDGE('',*,*,#1197,.T.);
#1544=ORIENTED_EDGE('',*,*,#1198,.F.);
#1545=ORIENTED_EDGE('',*,*,#1199,.T.);
#1546=ORIENTED_EDGE('',*,*,#1200,.T.);
#1547=ORIENTED_EDGE('',*,*,#1201,.T.);
#1548=ORIENTED_EDGE('',*,*,#1202,.F.);
#1549=ORIENTED_EDGE('',*,*,#1203,.T.);
#1550=ORIENTED_EDGE('',*,*,#1181,.T.);
#1551=ORIENTED_EDGE('',*,*,#1173,.T.);
#1552=ORIENTED_EDGE('',*,*,#1165,.T.);
#1553=ORIENTED_EDGE('',*,*,#1168,.T.);
#1554=ORIENTED_EDGE('',*,*,#1204,.F.);
#1555=ORIENTED_EDGE('',*,*,#1138,.F.);
#1556=ORIENTED_EDGE('',*,*,#1147,.T.);
#1557=ORIENTED_EDGE('',*,*,#1134,.T.);
#1558=ORIENTED_EDGE('',*,*,#1205,.F.);
#1559=ORIENTED_EDGE('',*,*,#1206,.T.);
#1560=ORIENTED_EDGE('',*,*,#1207,.F.);
#1561=ORIENTED_EDGE('',*,*,#1176,.T.);
#1562=ORIENTED_EDGE('',*,*,#1162,.T.);
#1563=ORIENTED_EDGE('',*,*,#1208,.F.);
#1564=ORIENTED_EDGE('',*,*,#1144,.F.);
#1565=ORIENTED_EDGE('',*,*,#1127,.T.);
#1566=ORIENTED_EDGE('',*,*,#1131,.T.);
#1567=ORIENTED_EDGE('',*,*,#1140,.F.);
#1568=ORIENTED_EDGE('',*,*,#1209,.F.);
#1569=ORIENTED_EDGE('',*,*,#1210,.T.);
#1570=ORIENTED_EDGE('',*,*,#1211,.F.);
#1571=ORIENTED_EDGE('',*,*,#1212,.T.);
#1572=ORIENTED_EDGE('',*,*,#1213,.T.);
#1573=ORIENTED_EDGE('',*,*,#1214,.T.);
#1574=ORIENTED_EDGE('',*,*,#1215,.T.);
#1575=ORIENTED_EDGE('',*,*,#1141,.F.);
#1576=ORIENTED_EDGE('',*,*,#1211,.T.);
#1577=ORIENTED_EDGE('',*,*,#1216,.T.);
#1578=ORIENTED_EDGE('',*,*,#1217,.F.);
#1579=ORIENTED_EDGE('',*,*,#1216,.F.);
#1580=ORIENTED_EDGE('',*,*,#1210,.F.);
#1581=ORIENTED_EDGE('',*,*,#1218,.F.);
#1582=ORIENTED_EDGE('',*,*,#1214,.F.);
#1583=ORIENTED_EDGE('',*,*,#1219,.F.);
#1584=ORIENTED_EDGE('',*,*,#1220,.F.);
#1585=ORIENTED_EDGE('',*,*,#1221,.F.);
#1586=ORIENTED_EDGE('',*,*,#1189,.F.);
#1587=ORIENTED_EDGE('',*,*,#1160,.T.);
#1588=ORIENTED_EDGE('',*,*,#1222,.F.);
#1589=ORIENTED_EDGE('',*,*,#1150,.F.);
#1590=ORIENTED_EDGE('',*,*,#1190,.F.);
#1591=ORIENTED_EDGE('',*,*,#1221,.T.);
#1592=ORIENTED_EDGE('',*,*,#1223,.F.);
#1593=ORIENTED_EDGE('',*,*,#1224,.T.);
#1594=ORIENTED_EDGE('',*,*,#1225,.F.);
#1595=ORIENTED_EDGE('',*,*,#1195,.F.);
#1596=ORIENTED_EDGE('',*,*,#1226,.T.);
#1597=ORIENTED_EDGE('',*,*,#1227,.F.);
#1598=ORIENTED_EDGE('',*,*,#1228,.F.);
#1599=ORIENTED_EDGE('',*,*,#1226,.F.);
#1600=ORIENTED_EDGE('',*,*,#1194,.F.);
#1601=ORIENTED_EDGE('',*,*,#1229,.T.);
#1602=ORIENTED_EDGE('',*,*,#1230,.T.);
#1603=ORIENTED_EDGE('',*,*,#1154,.F.);
#1604=ORIENTED_EDGE('',*,*,#1193,.F.);
#1605=ORIENTED_EDGE('',*,*,#1231,.F.);
#1606=ORIENTED_EDGE('',*,*,#1232,.T.);
#1607=ORIENTED_EDGE('',*,*,#1229,.F.);
#1608=ORIENTED_EDGE('',*,*,#1233,.F.);
#1609=ORIENTED_EDGE('',*,*,#1155,.F.);
#1610=ORIENTED_EDGE('',*,*,#1230,.F.);
#1611=ORIENTED_EDGE('',*,*,#1232,.F.);
#1612=ORIENTED_EDGE('',*,*,#1234,.F.);
#1613=ORIENTED_EDGE('',*,*,#1235,.F.);
#1614=ORIENTED_EDGE('',*,*,#1236,.F.);
#1615=ORIENTED_EDGE('',*,*,#1224,.F.);
#1616=ORIENTED_EDGE('',*,*,#1225,.T.);
#1617=ORIENTED_EDGE('',*,*,#1236,.T.);
#1618=ORIENTED_EDGE('',*,*,#1237,.T.);
#1619=ORIENTED_EDGE('',*,*,#1238,.F.);
#1620=ORIENTED_EDGE('',*,*,#1239,.F.);
#1621=ORIENTED_EDGE('',*,*,#1196,.F.);
#1622=ORIENTED_EDGE('',*,*,#1240,.F.);
#1623=ORIENTED_EDGE('',*,*,#1241,.F.);
#1624=ORIENTED_EDGE('',*,*,#1242,.F.);
#1625=ORIENTED_EDGE('',*,*,#1243,.F.);
#1626=ORIENTED_EDGE('',*,*,#1159,.T.);
#1627=ORIENTED_EDGE('',*,*,#1145,.F.);
#1628=ORIENTED_EDGE('',*,*,#1208,.T.);
#1629=ORIENTED_EDGE('',*,*,#1167,.T.);
#1630=ORIENTED_EDGE('',*,*,#1172,.T.);
#1631=ORIENTED_EDGE('',*,*,#1244,.T.);
#1632=ORIENTED_EDGE('',*,*,#1227,.T.);
#1633=ORIENTED_EDGE('',*,*,#1228,.T.);
#1634=ORIENTED_EDGE('',*,*,#1153,.T.);
#1635=ORIENTED_EDGE('',*,*,#1151,.F.);
#1636=ORIENTED_EDGE('',*,*,#1222,.T.);
#1637=ORIENTED_EDGE('',*,*,#1220,.T.);
#1638=ORIENTED_EDGE('',*,*,#1245,.T.);
#1639=ORIENTED_EDGE('',*,*,#1246,.T.);
#1640=ORIENTED_EDGE('',*,*,#1247,.F.);
#1641=ORIENTED_EDGE('',*,*,#1248,.F.);
#1642=ORIENTED_EDGE('',*,*,#1249,.T.);
#1643=ORIENTED_EDGE('',*,*,#1250,.T.);
#1644=ORIENTED_EDGE('',*,*,#1251,.F.);
#1645=ORIENTED_EDGE('',*,*,#1252,.F.);
#1646=ORIENTED_EDGE('',*,*,#1253,.T.);
#1647=ORIENTED_EDGE('',*,*,#1254,.T.);
#1648=ORIENTED_EDGE('',*,*,#1255,.F.);
#1649=ORIENTED_EDGE('',*,*,#1250,.F.);
#1650=ORIENTED_EDGE('',*,*,#1255,.T.);
#1651=ORIENTED_EDGE('',*,*,#1256,.T.);
#1652=ORIENTED_EDGE('',*,*,#1247,.T.);
#1653=ORIENTED_EDGE('',*,*,#1257,.F.);
#1654=ORIENTED_EDGE('',*,*,#1251,.T.);
#1655=ORIENTED_EDGE('',*,*,#1231,.T.);
#1656=ORIENTED_EDGE('',*,*,#1192,.T.);
#1657=ORIENTED_EDGE('',*,*,#1258,.F.);
#1658=ORIENTED_EDGE('',*,*,#1252,.T.);
#1659=ORIENTED_EDGE('',*,*,#1257,.T.);
#1660=ORIENTED_EDGE('',*,*,#1259,.T.);
#1661=ORIENTED_EDGE('',*,*,#1260,.T.);
#1662=ORIENTED_EDGE('',*,*,#1234,.T.);
#1663=ORIENTED_EDGE('',*,*,#1261,.F.);
#1664=ORIENTED_EDGE('',*,*,#1262,.F.);
#1665=ORIENTED_EDGE('',*,*,#1197,.F.);
#1666=ORIENTED_EDGE('',*,*,#1239,.T.);
#1667=ORIENTED_EDGE('',*,*,#1235,.T.);
#1668=ORIENTED_EDGE('',*,*,#1260,.F.);
#1669=ORIENTED_EDGE('',*,*,#1263,.F.);
#1670=ORIENTED_EDGE('',*,*,#1237,.F.);
#1671=ORIENTED_EDGE('',*,*,#1262,.T.);
#1672=ORIENTED_EDGE('',*,*,#1264,.T.);
#1673=ORIENTED_EDGE('',*,*,#1265,.T.);
#1674=ORIENTED_EDGE('',*,*,#1198,.T.);
#1675=ORIENTED_EDGE('',*,*,#1242,.T.);
#1676=ORIENTED_EDGE('',*,*,#1266,.F.);
#1677=ORIENTED_EDGE('',*,*,#1267,.F.);
#1678=ORIENTED_EDGE('',*,*,#1268,.T.);
#1679=ORIENTED_EDGE('',*,*,#1241,.T.);
#1680=ORIENTED_EDGE('',*,*,#1269,.F.);
#1681=ORIENTED_EDGE('',*,*,#1270,.F.);
#1682=ORIENTED_EDGE('',*,*,#1266,.T.);
#1683=ORIENTED_EDGE('',*,*,#1240,.T.);
#1684=ORIENTED_EDGE('',*,*,#1271,.F.);
#1685=ORIENTED_EDGE('',*,*,#1272,.F.);
#1686=ORIENTED_EDGE('',*,*,#1269,.T.);
#1687=ORIENTED_EDGE('',*,*,#1243,.T.);
#1688=ORIENTED_EDGE('',*,*,#1268,.F.);
#1689=ORIENTED_EDGE('',*,*,#1273,.F.);
#1690=ORIENTED_EDGE('',*,*,#1271,.T.);
#1691=ORIENTED_EDGE('',*,*,#1274,.F.);
#1692=ORIENTED_EDGE('',*,*,#1275,.F.);
#1693=ORIENTED_EDGE('',*,*,#1201,.F.);
#1694=ORIENTED_EDGE('',*,*,#1276,.T.);
#1695=ORIENTED_EDGE('',*,*,#1277,.F.);
#1696=ORIENTED_EDGE('',*,*,#1276,.F.);
#1697=ORIENTED_EDGE('',*,*,#1200,.F.);
#1698=ORIENTED_EDGE('',*,*,#1278,.T.);
#1699=ORIENTED_EDGE('',*,*,#1279,.F.);
#1700=ORIENTED_EDGE('',*,*,#1280,.F.);
#1701=ORIENTED_EDGE('',*,*,#1281,.F.);
#1702=ORIENTED_EDGE('',*,*,#1282,.F.);
#1703=ORIENTED_EDGE('',*,*,#1283,.F.);
#1704=ORIENTED_EDGE('',*,*,#1278,.F.);
#1705=ORIENTED_EDGE('',*,*,#1199,.F.);
#1706=ORIENTED_EDGE('',*,*,#1265,.F.);
#1707=ORIENTED_EDGE('',*,*,#1275,.T.);
#1708=ORIENTED_EDGE('',*,*,#1284,.T.);
#1709=ORIENTED_EDGE('',*,*,#1285,.T.);
#1710=ORIENTED_EDGE('',*,*,#1202,.T.);
#1711=ORIENTED_EDGE('',*,*,#1281,.T.);
#1712=ORIENTED_EDGE('',*,*,#1286,.F.);
#1713=ORIENTED_EDGE('',*,*,#1287,.F.);
#1714=ORIENTED_EDGE('',*,*,#1288,.T.);
#1715=ORIENTED_EDGE('',*,*,#1280,.T.);
#1716=ORIENTED_EDGE('',*,*,#1289,.F.);
#1717=ORIENTED_EDGE('',*,*,#1290,.F.);
#1718=ORIENTED_EDGE('',*,*,#1286,.T.);
#1719=ORIENTED_EDGE('',*,*,#1279,.T.);
#1720=ORIENTED_EDGE('',*,*,#1291,.F.);
#1721=ORIENTED_EDGE('',*,*,#1292,.F.);
#1722=ORIENTED_EDGE('',*,*,#1289,.T.);
#1723=ORIENTED_EDGE('',*,*,#1282,.T.);
#1724=ORIENTED_EDGE('',*,*,#1288,.F.);
#1725=ORIENTED_EDGE('',*,*,#1293,.F.);
#1726=ORIENTED_EDGE('',*,*,#1291,.T.);
#1727=ORIENTED_EDGE('',*,*,#1294,.F.);
#1728=ORIENTED_EDGE('',*,*,#1182,.F.);
#1729=ORIENTED_EDGE('',*,*,#1203,.F.);
#1730=ORIENTED_EDGE('',*,*,#1285,.F.);
#1731=ORIENTED_EDGE('',*,*,#1179,.T.);
#1732=ORIENTED_EDGE('',*,*,#1184,.T.);
#1733=ORIENTED_EDGE('',*,*,#1295,.F.);
#1734=ORIENTED_EDGE('',*,*,#1296,.F.);
#1735=ORIENTED_EDGE('',*,*,#1263,.T.);
#1736=ORIENTED_EDGE('',*,*,#1259,.F.);
#1737=ORIENTED_EDGE('',*,*,#1246,.F.);
#1738=ORIENTED_EDGE('',*,*,#1297,.F.);
#1739=ORIENTED_EDGE('',*,*,#1298,.F.);
#1740=ORIENTED_EDGE('',*,*,#1299,.T.);
#1741=ORIENTED_EDGE('',*,*,#1215,.F.);
#1742=ORIENTED_EDGE('',*,*,#1300,.F.);
#1743=ORIENTED_EDGE('',*,*,#1295,.T.);
#1744=ORIENTED_EDGE('',*,*,#1183,.T.);
#1745=ORIENTED_EDGE('',*,*,#1294,.T.);
#1746=ORIENTED_EDGE('',*,*,#1284,.F.);
#1747=ORIENTED_EDGE('',*,*,#1274,.T.);
#1748=ORIENTED_EDGE('',*,*,#1277,.T.);
#1749=ORIENTED_EDGE('',*,*,#1283,.T.);
#1750=ORIENTED_EDGE('',*,*,#1264,.F.);
#1751=ORIENTED_EDGE('',*,*,#1261,.T.);
#1752=ORIENTED_EDGE('',*,*,#1238,.T.);
#1753=ORIENTED_EDGE('',*,*,#1187,.T.);
#1754=ORIENTED_EDGE('',*,*,#1301,.F.);
#1755=ORIENTED_EDGE('',*,*,#1302,.F.);
#1756=ORIENTED_EDGE('',*,*,#1303,.T.);
#1757=ORIENTED_EDGE('',*,*,#1186,.T.);
#1758=ORIENTED_EDGE('',*,*,#1304,.F.);
#1759=ORIENTED_EDGE('',*,*,#1305,.F.);
#1760=ORIENTED_EDGE('',*,*,#1301,.T.);
#1761=ORIENTED_EDGE('',*,*,#1185,.T.);
#1762=ORIENTED_EDGE('',*,*,#1306,.F.);
#1763=ORIENTED_EDGE('',*,*,#1307,.F.);
#1764=ORIENTED_EDGE('',*,*,#1304,.T.);
#1765=ORIENTED_EDGE('',*,*,#1188,.T.);
#1766=ORIENTED_EDGE('',*,*,#1303,.F.);
#1767=ORIENTED_EDGE('',*,*,#1308,.F.);
#1768=ORIENTED_EDGE('',*,*,#1306,.T.);
#1769=ORIENTED_EDGE('',*,*,#1157,.F.);
#1770=ORIENTED_EDGE('',*,*,#1309,.T.);
#1771=ORIENTED_EDGE('',*,*,#1206,.F.);
#1772=ORIENTED_EDGE('',*,*,#1310,.F.);
#1773=ORIENTED_EDGE('',*,*,#1177,.T.);
#1774=ORIENTED_EDGE('',*,*,#1207,.T.);
#1775=ORIENTED_EDGE('',*,*,#1309,.F.);
#1776=ORIENTED_EDGE('',*,*,#1156,.T.);
#1777=ORIENTED_EDGE('',*,*,#1233,.T.);
#1778=ORIENTED_EDGE('',*,*,#1223,.T.);
#1779=ORIENTED_EDGE('',*,*,#1244,.F.);
#1780=ORIENTED_EDGE('',*,*,#1171,.T.);
#1781=ORIENTED_EDGE('',*,*,#1267,.T.);
#1782=ORIENTED_EDGE('',*,*,#1270,.T.);
#1783=ORIENTED_EDGE('',*,*,#1272,.T.);
#1784=ORIENTED_EDGE('',*,*,#1273,.T.);
#1785=ORIENTED_EDGE('',*,*,#1287,.T.);
#1786=ORIENTED_EDGE('',*,*,#1290,.T.);
#1787=ORIENTED_EDGE('',*,*,#1292,.T.);
#1788=ORIENTED_EDGE('',*,*,#1293,.T.);
#1789=ORIENTED_EDGE('',*,*,#1302,.T.);
#1790=ORIENTED_EDGE('',*,*,#1305,.T.);
#1791=ORIENTED_EDGE('',*,*,#1307,.T.);
#1792=ORIENTED_EDGE('',*,*,#1308,.T.);
#1793=ORIENTED_EDGE('',*,*,#1212,.F.);
#1794=ORIENTED_EDGE('',*,*,#1299,.F.);
#1795=ORIENTED_EDGE('',*,*,#1311,.F.);
#1796=ORIENTED_EDGE('',*,*,#1312,.F.);
#1797=ORIENTED_EDGE('',*,*,#1245,.F.);
#1798=ORIENTED_EDGE('',*,*,#1313,.F.);
#1799=ORIENTED_EDGE('',*,*,#1314,.F.);
#1800=ORIENTED_EDGE('',*,*,#1297,.T.);
#1801=ORIENTED_EDGE('',*,*,#1136,.T.);
#1802=ORIENTED_EDGE('',*,*,#1143,.F.);
#1803=ORIENTED_EDGE('',*,*,#1315,.T.);
#1804=ORIENTED_EDGE('',*,*,#1311,.T.);
#1805=ORIENTED_EDGE('',*,*,#1298,.T.);
#1806=ORIENTED_EDGE('',*,*,#1314,.T.);
#1807=ORIENTED_EDGE('',*,*,#1316,.T.);
#1808=ORIENTED_EDGE('',*,*,#1317,.F.);
#1809=ORIENTED_EDGE('',*,*,#1118,.T.);
#1810=ORIENTED_EDGE('',*,*,#1158,.T.);
#1811=ORIENTED_EDGE('',*,*,#1310,.T.);
#1812=ORIENTED_EDGE('',*,*,#1205,.T.);
#1813=ORIENTED_EDGE('',*,*,#1313,.T.);
#1814=ORIENTED_EDGE('',*,*,#1248,.T.);
#1815=ORIENTED_EDGE('',*,*,#1256,.F.);
#1816=ORIENTED_EDGE('',*,*,#1254,.F.);
#1817=ORIENTED_EDGE('',*,*,#1318,.F.);
#1818=ORIENTED_EDGE('',*,*,#1316,.F.);
#1819=ORIENTED_EDGE('',*,*,#1312,.T.);
#1820=ORIENTED_EDGE('',*,*,#1315,.F.);
#1821=ORIENTED_EDGE('',*,*,#1142,.F.);
#1822=ORIENTED_EDGE('',*,*,#1217,.T.);
#1823=ORIENTED_EDGE('',*,*,#1219,.T.);
#1824=ORIENTED_EDGE('',*,*,#1213,.F.);
#1825=ORIENTED_EDGE('',*,*,#1180,.T.);
#1826=ORIENTED_EDGE('',*,*,#1296,.T.);
#1827=ORIENTED_EDGE('',*,*,#1300,.T.);
#1828=ORIENTED_EDGE('',*,*,#1218,.T.);
#1829=ORIENTED_EDGE('',*,*,#1209,.T.);
#1830=ORIENTED_EDGE('',*,*,#1139,.F.);
#1831=ORIENTED_EDGE('',*,*,#1204,.T.);
#1832=ORIENTED_EDGE('',*,*,#1170,.T.);
#1833=ORIENTED_EDGE('',*,*,#1119,.T.);
#1834=ORIENTED_EDGE('',*,*,#1317,.T.);
#1835=ORIENTED_EDGE('',*,*,#1318,.T.);
#1836=ORIENTED_EDGE('',*,*,#1253,.F.);
#1837=ORIENTED_EDGE('',*,*,#1249,.F.);
#1838=ORIENTED_EDGE('',*,*,#1258,.T.);
#1839=ORIENTED_EDGE('',*,*,#1191,.T.);
#1840=ORIENTED_EDGE('',*,*,#1148,.T.);
#1841=ORIENTED_EDGE('',*,*,#1125,.T.);
#1842=ORIENTED_EDGE('',*,*,#1122,.T.);
#1843=ORIENTED_EDGE('',*,*,#1319,.T.);
#1844=ORIENTED_EDGE('',*,*,#1320,.T.);
#1845=ORIENTED_EDGE('',*,*,#1321,.T.);
#1846=ORIENTED_EDGE('',*,*,#1322,.F.);
#1847=ORIENTED_EDGE('',*,*,#1323,.T.);
#1848=ORIENTED_EDGE('',*,*,#1324,.T.);
#1849=ORIENTED_EDGE('',*,*,#1325,.T.);
#1850=ORIENTED_EDGE('',*,*,#1320,.F.);
#1851=ORIENTED_EDGE('',*,*,#1326,.T.);
#1852=ORIENTED_EDGE('',*,*,#1327,.T.);
#1853=ORIENTED_EDGE('',*,*,#1328,.T.);
#1854=ORIENTED_EDGE('',*,*,#1324,.F.);
#1855=ORIENTED_EDGE('',*,*,#1329,.T.);
#1856=ORIENTED_EDGE('',*,*,#1327,.F.);
#1857=ORIENTED_EDGE('',*,*,#1330,.T.);
#1858=ORIENTED_EDGE('',*,*,#1322,.T.);
#1859=ORIENTED_EDGE('',*,*,#1329,.F.);
#1860=ORIENTED_EDGE('',*,*,#1331,.F.);
#1861=ORIENTED_EDGE('',*,*,#1332,.F.);
#1862=ORIENTED_EDGE('',*,*,#1333,.F.);
#1863=ORIENTED_EDGE('',*,*,#1334,.F.);
#1864=ORIENTED_EDGE('',*,*,#1335,.T.);
#1865=ORIENTED_EDGE('',*,*,#1336,.T.);
#1866=ORIENTED_EDGE('',*,*,#1337,.T.);
#1867=ORIENTED_EDGE('',*,*,#1321,.F.);
#1868=ORIENTED_EDGE('',*,*,#1338,.F.);
#1869=ORIENTED_EDGE('',*,*,#1339,.T.);
#1870=ORIENTED_EDGE('',*,*,#1331,.T.);
#1871=ORIENTED_EDGE('',*,*,#1319,.F.);
#1872=ORIENTED_EDGE('',*,*,#1330,.F.);
#1873=ORIENTED_EDGE('',*,*,#1326,.F.);
#1874=ORIENTED_EDGE('',*,*,#1323,.F.);
#1875=ORIENTED_EDGE('',*,*,#1340,.T.);
#1876=ORIENTED_EDGE('',*,*,#1341,.T.);
#1877=ORIENTED_EDGE('',*,*,#1342,.T.);
#1878=ORIENTED_EDGE('',*,*,#1343,.F.);
#1879=ORIENTED_EDGE('',*,*,#1344,.T.);
#1880=ORIENTED_EDGE('',*,*,#1345,.T.);
#1881=ORIENTED_EDGE('',*,*,#1346,.T.);
#1882=ORIENTED_EDGE('',*,*,#1341,.F.);
#1883=ORIENTED_EDGE('',*,*,#1347,.T.);
#1884=ORIENTED_EDGE('',*,*,#1348,.T.);
#1885=ORIENTED_EDGE('',*,*,#1349,.T.);
#1886=ORIENTED_EDGE('',*,*,#1343,.T.);
#1887=ORIENTED_EDGE('',*,*,#1334,.T.);
#1888=ORIENTED_EDGE('',*,*,#1348,.F.);
#1889=ORIENTED_EDGE('',*,*,#1350,.T.);
#1890=ORIENTED_EDGE('',*,*,#1345,.F.);
#1891=ORIENTED_EDGE('',*,*,#1344,.F.);
#1892=ORIENTED_EDGE('',*,*,#1351,.T.);
#1893=ORIENTED_EDGE('',*,*,#1352,.F.);
#1894=ORIENTED_EDGE('',*,*,#1335,.F.);
#1895=ORIENTED_EDGE('',*,*,#1325,.F.);
#1896=ORIENTED_EDGE('',*,*,#1353,.F.);
#1897=ORIENTED_EDGE('',*,*,#1354,.F.);
#1898=ORIENTED_EDGE('',*,*,#1351,.F.);
#1899=ORIENTED_EDGE('',*,*,#1340,.F.);
#1900=ORIENTED_EDGE('',*,*,#1355,.T.);
#1901=ORIENTED_EDGE('',*,*,#1356,.T.);
#1902=ORIENTED_EDGE('',*,*,#1338,.T.);
#1903=ORIENTED_EDGE('',*,*,#1342,.F.);
#1904=ORIENTED_EDGE('',*,*,#1346,.F.);
#1905=ORIENTED_EDGE('',*,*,#1350,.F.);
#1906=ORIENTED_EDGE('',*,*,#1347,.F.);
#1907=ORIENTED_EDGE('',*,*,#1328,.F.);
#1908=ORIENTED_EDGE('',*,*,#1337,.F.);
#1909=ORIENTED_EDGE('',*,*,#1357,.T.);
#1910=ORIENTED_EDGE('',*,*,#1353,.T.);
#1911=ORIENTED_EDGE('',*,*,#1352,.T.);
#1912=ORIENTED_EDGE('',*,*,#1354,.T.);
#1913=ORIENTED_EDGE('',*,*,#1357,.F.);
#1914=ORIENTED_EDGE('',*,*,#1336,.F.);
#1915=ORIENTED_EDGE('',*,*,#1358,.T.);
#1916=ORIENTED_EDGE('',*,*,#1332,.T.);
#1917=ORIENTED_EDGE('',*,*,#1339,.F.);
#1918=ORIENTED_EDGE('',*,*,#1356,.F.);
#1919=ORIENTED_EDGE('',*,*,#1349,.F.);
#1920=ORIENTED_EDGE('',*,*,#1333,.T.);
#1921=ORIENTED_EDGE('',*,*,#1358,.F.);
#1922=ORIENTED_EDGE('',*,*,#1355,.F.);
#1923=ORIENTED_EDGE('',*,*,#1359,.T.);
#1924=ORIENTED_EDGE('',*,*,#1360,.T.);
#1925=ORIENTED_EDGE('',*,*,#1361,.T.);
#1926=ORIENTED_EDGE('',*,*,#1362,.F.);
#1927=ORIENTED_EDGE('',*,*,#1363,.T.);
#1928=ORIENTED_EDGE('',*,*,#1364,.T.);
#1929=ORIENTED_EDGE('',*,*,#1365,.T.);
#1930=ORIENTED_EDGE('',*,*,#1360,.F.);
#1931=ORIENTED_EDGE('',*,*,#1366,.T.);
#1932=ORIENTED_EDGE('',*,*,#1367,.T.);
#1933=ORIENTED_EDGE('',*,*,#1368,.T.);
#1934=ORIENTED_EDGE('',*,*,#1364,.F.);
#1935=ORIENTED_EDGE('',*,*,#1369,.T.);
#1936=ORIENTED_EDGE('',*,*,#1367,.F.);
#1937=ORIENTED_EDGE('',*,*,#1370,.T.);
#1938=ORIENTED_EDGE('',*,*,#1362,.T.);
#1939=ORIENTED_EDGE('',*,*,#1369,.F.);
#1940=ORIENTED_EDGE('',*,*,#1371,.F.);
#1941=ORIENTED_EDGE('',*,*,#1372,.F.);
#1942=ORIENTED_EDGE('',*,*,#1373,.F.);
#1943=ORIENTED_EDGE('',*,*,#1374,.F.);
#1944=ORIENTED_EDGE('',*,*,#1375,.T.);
#1945=ORIENTED_EDGE('',*,*,#1376,.T.);
#1946=ORIENTED_EDGE('',*,*,#1377,.T.);
#1947=ORIENTED_EDGE('',*,*,#1361,.F.);
#1948=ORIENTED_EDGE('',*,*,#1378,.F.);
#1949=ORIENTED_EDGE('',*,*,#1379,.T.);
#1950=ORIENTED_EDGE('',*,*,#1371,.T.);
#1951=ORIENTED_EDGE('',*,*,#1359,.F.);
#1952=ORIENTED_EDGE('',*,*,#1370,.F.);
#1953=ORIENTED_EDGE('',*,*,#1366,.F.);
#1954=ORIENTED_EDGE('',*,*,#1363,.F.);
#1955=ORIENTED_EDGE('',*,*,#1380,.T.);
#1956=ORIENTED_EDGE('',*,*,#1381,.T.);
#1957=ORIENTED_EDGE('',*,*,#1382,.T.);
#1958=ORIENTED_EDGE('',*,*,#1383,.F.);
#1959=ORIENTED_EDGE('',*,*,#1384,.T.);
#1960=ORIENTED_EDGE('',*,*,#1385,.T.);
#1961=ORIENTED_EDGE('',*,*,#1386,.T.);
#1962=ORIENTED_EDGE('',*,*,#1381,.F.);
#1963=ORIENTED_EDGE('',*,*,#1387,.T.);
#1964=ORIENTED_EDGE('',*,*,#1388,.T.);
#1965=ORIENTED_EDGE('',*,*,#1389,.T.);
#1966=ORIENTED_EDGE('',*,*,#1383,.T.);
#1967=ORIENTED_EDGE('',*,*,#1374,.T.);
#1968=ORIENTED_EDGE('',*,*,#1388,.F.);
#1969=ORIENTED_EDGE('',*,*,#1390,.T.);
#1970=ORIENTED_EDGE('',*,*,#1385,.F.);
#1971=ORIENTED_EDGE('',*,*,#1384,.F.);
#1972=ORIENTED_EDGE('',*,*,#1391,.T.);
#1973=ORIENTED_EDGE('',*,*,#1392,.F.);
#1974=ORIENTED_EDGE('',*,*,#1375,.F.);
#1975=ORIENTED_EDGE('',*,*,#1365,.F.);
#1976=ORIENTED_EDGE('',*,*,#1393,.F.);
#1977=ORIENTED_EDGE('',*,*,#1394,.F.);
#1978=ORIENTED_EDGE('',*,*,#1391,.F.);
#1979=ORIENTED_EDGE('',*,*,#1380,.F.);
#1980=ORIENTED_EDGE('',*,*,#1395,.T.);
#1981=ORIENTED_EDGE('',*,*,#1396,.T.);
#1982=ORIENTED_EDGE('',*,*,#1378,.T.);
#1983=ORIENTED_EDGE('',*,*,#1382,.F.);
#1984=ORIENTED_EDGE('',*,*,#1386,.F.);
#1985=ORIENTED_EDGE('',*,*,#1390,.F.);
#1986=ORIENTED_EDGE('',*,*,#1387,.F.);
#1987=ORIENTED_EDGE('',*,*,#1368,.F.);
#1988=ORIENTED_EDGE('',*,*,#1377,.F.);
#1989=ORIENTED_EDGE('',*,*,#1397,.T.);
#1990=ORIENTED_EDGE('',*,*,#1393,.T.);
#1991=ORIENTED_EDGE('',*,*,#1392,.T.);
#1992=ORIENTED_EDGE('',*,*,#1394,.T.);
#1993=ORIENTED_EDGE('',*,*,#1397,.F.);
#1994=ORIENTED_EDGE('',*,*,#1376,.F.);
#1995=ORIENTED_EDGE('',*,*,#1398,.T.);
#1996=ORIENTED_EDGE('',*,*,#1372,.T.);
#1997=ORIENTED_EDGE('',*,*,#1379,.F.);
#1998=ORIENTED_EDGE('',*,*,#1396,.F.);
#1999=ORIENTED_EDGE('',*,*,#1389,.F.);
#2000=ORIENTED_EDGE('',*,*,#1373,.T.);
#2001=ORIENTED_EDGE('',*,*,#1398,.F.);
#2002=ORIENTED_EDGE('',*,*,#1395,.F.);
#2003=ORIENTED_EDGE('',*,*,#1399,.T.);
#2004=ORIENTED_EDGE('',*,*,#1400,.T.);
#2005=ORIENTED_EDGE('',*,*,#1401,.T.);
#2006=ORIENTED_EDGE('',*,*,#1402,.F.);
#2007=ORIENTED_EDGE('',*,*,#1403,.T.);
#2008=ORIENTED_EDGE('',*,*,#1404,.T.);
#2009=ORIENTED_EDGE('',*,*,#1405,.T.);
#2010=ORIENTED_EDGE('',*,*,#1400,.F.);
#2011=ORIENTED_EDGE('',*,*,#1406,.T.);
#2012=ORIENTED_EDGE('',*,*,#1407,.T.);
#2013=ORIENTED_EDGE('',*,*,#1408,.T.);
#2014=ORIENTED_EDGE('',*,*,#1404,.F.);
#2015=ORIENTED_EDGE('',*,*,#1409,.T.);
#2016=ORIENTED_EDGE('',*,*,#1407,.F.);
#2017=ORIENTED_EDGE('',*,*,#1410,.T.);
#2018=ORIENTED_EDGE('',*,*,#1402,.T.);
#2019=ORIENTED_EDGE('',*,*,#1409,.F.);
#2020=ORIENTED_EDGE('',*,*,#1411,.F.);
#2021=ORIENTED_EDGE('',*,*,#1412,.F.);
#2022=ORIENTED_EDGE('',*,*,#1413,.F.);
#2023=ORIENTED_EDGE('',*,*,#1414,.F.);
#2024=ORIENTED_EDGE('',*,*,#1415,.T.);
#2025=ORIENTED_EDGE('',*,*,#1416,.T.);
#2026=ORIENTED_EDGE('',*,*,#1417,.T.);
#2027=ORIENTED_EDGE('',*,*,#1401,.F.);
#2028=ORIENTED_EDGE('',*,*,#1418,.F.);
#2029=ORIENTED_EDGE('',*,*,#1419,.T.);
#2030=ORIENTED_EDGE('',*,*,#1411,.T.);
#2031=ORIENTED_EDGE('',*,*,#1399,.F.);
#2032=ORIENTED_EDGE('',*,*,#1410,.F.);
#2033=ORIENTED_EDGE('',*,*,#1406,.F.);
#2034=ORIENTED_EDGE('',*,*,#1403,.F.);
#2035=ORIENTED_EDGE('',*,*,#1420,.T.);
#2036=ORIENTED_EDGE('',*,*,#1421,.T.);
#2037=ORIENTED_EDGE('',*,*,#1422,.T.);
#2038=ORIENTED_EDGE('',*,*,#1423,.F.);
#2039=ORIENTED_EDGE('',*,*,#1424,.T.);
#2040=ORIENTED_EDGE('',*,*,#1425,.T.);
#2041=ORIENTED_EDGE('',*,*,#1426,.T.);
#2042=ORIENTED_EDGE('',*,*,#1421,.F.);
#2043=ORIENTED_EDGE('',*,*,#1427,.T.);
#2044=ORIENTED_EDGE('',*,*,#1428,.T.);
#2045=ORIENTED_EDGE('',*,*,#1429,.T.);
#2046=ORIENTED_EDGE('',*,*,#1423,.T.);
#2047=ORIENTED_EDGE('',*,*,#1414,.T.);
#2048=ORIENTED_EDGE('',*,*,#1428,.F.);
#2049=ORIENTED_EDGE('',*,*,#1430,.T.);
#2050=ORIENTED_EDGE('',*,*,#1425,.F.);
#2051=ORIENTED_EDGE('',*,*,#1424,.F.);
#2052=ORIENTED_EDGE('',*,*,#1431,.T.);
#2053=ORIENTED_EDGE('',*,*,#1432,.F.);
#2054=ORIENTED_EDGE('',*,*,#1415,.F.);
#2055=ORIENTED_EDGE('',*,*,#1405,.F.);
#2056=ORIENTED_EDGE('',*,*,#1433,.F.);
#2057=ORIENTED_EDGE('',*,*,#1434,.F.);
#2058=ORIENTED_EDGE('',*,*,#1431,.F.);
#2059=ORIENTED_EDGE('',*,*,#1420,.F.);
#2060=ORIENTED_EDGE('',*,*,#1435,.T.);
#2061=ORIENTED_EDGE('',*,*,#1436,.T.);
#2062=ORIENTED_EDGE('',*,*,#1418,.T.);
#2063=ORIENTED_EDGE('',*,*,#1422,.F.);
#2064=ORIENTED_EDGE('',*,*,#1426,.F.);
#2065=ORIENTED_EDGE('',*,*,#1430,.F.);
#2066=ORIENTED_EDGE('',*,*,#1427,.F.);
#2067=ORIENTED_EDGE('',*,*,#1408,.F.);
#2068=ORIENTED_EDGE('',*,*,#1417,.F.);
#2069=ORIENTED_EDGE('',*,*,#1437,.T.);
#2070=ORIENTED_EDGE('',*,*,#1433,.T.);
#2071=ORIENTED_EDGE('',*,*,#1432,.T.);
#2072=ORIENTED_EDGE('',*,*,#1434,.T.);
#2073=ORIENTED_EDGE('',*,*,#1437,.F.);
#2074=ORIENTED_EDGE('',*,*,#1416,.F.);
#2075=ORIENTED_EDGE('',*,*,#1438,.T.);
#2076=ORIENTED_EDGE('',*,*,#1412,.T.);
#2077=ORIENTED_EDGE('',*,*,#1419,.F.);
#2078=ORIENTED_EDGE('',*,*,#1436,.F.);
#2079=ORIENTED_EDGE('',*,*,#1429,.F.);
#2080=ORIENTED_EDGE('',*,*,#1413,.T.);
#2081=ORIENTED_EDGE('',*,*,#1438,.F.);
#2082=ORIENTED_EDGE('',*,*,#1435,.F.);
#2083=PLANE('',#2322);
#2084=PLANE('',#2323);
#2085=PLANE('',#2324);
#2086=PLANE('',#2325);
#2087=PLANE('',#2326);
#2088=PLANE('',#2327);
#2089=PLANE('',#2328);
#2090=PLANE('',#2329);
#2091=PLANE('',#2330);
#2092=PLANE('',#2331);
#2093=PLANE('',#2332);
#2094=PLANE('',#2333);
#2095=PLANE('',#2334);
#2096=PLANE('',#2335);
#2097=PLANE('',#2336);
#2098=PLANE('',#2337);
#2099=PLANE('',#2338);
#2100=PLANE('',#2339);
#2101=PLANE('',#2340);
#2102=PLANE('',#2341);
#2103=PLANE('',#2342);
#2104=PLANE('',#2343);
#2105=PLANE('',#2344);
#2106=PLANE('',#2345);
#2107=PLANE('',#2346);
#2108=PLANE('',#2347);
#2109=PLANE('',#2348);
#2110=PLANE('',#2349);
#2111=PLANE('',#2350);
#2112=PLANE('',#2351);
#2113=PLANE('',#2352);
#2114=PLANE('',#2353);
#2115=PLANE('',#2354);
#2116=PLANE('',#2355);
#2117=PLANE('',#2356);
#2118=PLANE('',#2357);
#2119=PLANE('',#2358);
#2120=PLANE('',#2359);
#2121=PLANE('',#2360);
#2122=PLANE('',#2361);
#2123=PLANE('',#2362);
#2124=PLANE('',#2363);
#2125=PLANE('',#2364);
#2126=PLANE('',#2365);
#2127=PLANE('',#2366);
#2128=PLANE('',#2367);
#2129=PLANE('',#2368);
#2130=PLANE('',#2369);
#2131=PLANE('',#2370);
#2132=PLANE('',#2371);
#2133=PLANE('',#2372);
#2134=PLANE('',#2373);
#2135=PLANE('',#2374);
#2136=PLANE('',#2375);
#2137=PLANE('',#2376);
#2138=PLANE('',#2377);
#2139=PLANE('',#2378);
#2140=PLANE('',#2379);
#2141=PLANE('',#2380);
#2142=PLANE('',#2381);
#2143=PLANE('',#2382);
#2144=PLANE('',#2383);
#2145=PLANE('',#2384);
#2146=PLANE('',#2385);
#2147=PLANE('',#2386);
#2148=PLANE('',#2387);
#2149=PLANE('',#2388);
#2150=PLANE('',#2389);
#2151=PLANE('',#2390);
#2152=PLANE('',#2391);
#2153=PLANE('',#2392);
#2154=PLANE('',#2395);
#2155=PLANE('',#2396);
#2156=PLANE('',#2397);
#2157=PLANE('',#2398);
#2158=PLANE('',#2399);
#2159=PLANE('',#2400);
#2160=PLANE('',#2401);
#2161=PLANE('',#2402);
#2162=PLANE('',#2405);
#2163=PLANE('',#2406);
#2164=PLANE('',#2409);
#2165=PLANE('',#2410);
#2166=PLANE('',#2411);
#2167=PLANE('',#2412);
#2168=PLANE('',#2413);
#2169=PLANE('',#2414);
#2170=PLANE('',#2417);
#2171=PLANE('',#2418);
#2172=PLANE('',#2419);
#2173=PLANE('',#2420);
#2174=PLANE('',#2421);
#2175=PLANE('',#2422);
#2176=PLANE('',#2423);
#2177=PLANE('',#2424);
#2178=PLANE('',#2427);
#2179=PLANE('',#2428);
#2180=PLANE('',#2431);
#2181=PLANE('',#2432);
#2182=PLANE('',#2433);
#2183=PLANE('',#2434);
#2184=PLANE('',#2435);
#2185=PLANE('',#2436);
#2186=PLANE('',#2439);
#2187=PLANE('',#2440);
#2188=PLANE('',#2441);
#2189=PLANE('',#2442);
#2190=PLANE('',#2443);
#2191=PLANE('',#2444);
#2192=PLANE('',#2445);
#2193=PLANE('',#2446);
#2194=PLANE('',#2449);
#2195=PLANE('',#2450);
#2196=PLANE('',#2453);
#2197=ADVANCED_FACE('',(#45),#2083,.F.);
#2198=ADVANCED_FACE('',(#46),#2084,.F.);
#2199=ADVANCED_FACE('',(#47),#2085,.F.);
#2200=ADVANCED_FACE('',(#48),#2086,.F.);
#2201=ADVANCED_FACE('',(#49),#2087,.F.);
#2202=ADVANCED_FACE('',(#50),#2088,.F.);
#2203=ADVANCED_FACE('',(#51),#2089,.T.);
#2204=ADVANCED_FACE('',(#52),#2090,.T.);
#2205=ADVANCED_FACE('',(#53),#2091,.T.);
#2206=ADVANCED_FACE('',(#54),#2092,.F.);
#2207=ADVANCED_FACE('',(#55),#2093,.T.);
#2208=ADVANCED_FACE('',(#56),#2094,.T.);
#2209=ADVANCED_FACE('',(#57),#2095,.T.);
#2210=ADVANCED_FACE('',(#58),#2096,.T.);
#2211=ADVANCED_FACE('',(#59),#2097,.T.);
#2212=ADVANCED_FACE('',(#60,#39),#2098,.F.);
#2213=ADVANCED_FACE('',(#61),#2099,.T.);
#2214=ADVANCED_FACE('',(#62),#2100,.F.);
#2215=ADVANCED_FACE('',(#63),#2101,.F.);
#2216=ADVANCED_FACE('',(#64),#2102,.F.);
#2217=ADVANCED_FACE('',(#65),#2103,.F.);
#2218=ADVANCED_FACE('',(#66),#2104,.F.);
#2219=ADVANCED_FACE('',(#67),#2105,.F.);
#2220=ADVANCED_FACE('',(#68),#2106,.F.);
#2221=ADVANCED_FACE('',(#69),#2107,.F.);
#2222=ADVANCED_FACE('',(#70),#2108,.F.);
#2223=ADVANCED_FACE('',(#71),#2109,.F.);
#2224=ADVANCED_FACE('',(#72),#2110,.F.);
#2225=ADVANCED_FACE('',(#73,#40),#2111,.F.);
#2226=ADVANCED_FACE('',(#74),#2112,.F.);
#2227=ADVANCED_FACE('',(#75),#2113,.T.);
#2228=ADVANCED_FACE('',(#76),#2114,.T.);
#2229=ADVANCED_FACE('',(#77),#2115,.T.);
#2230=ADVANCED_FACE('',(#78),#2116,.T.);
#2231=ADVANCED_FACE('',(#79),#2117,.T.);
#2232=ADVANCED_FACE('',(#80),#2118,.F.);
#2233=ADVANCED_FACE('',(#81),#2119,.F.);
#2234=ADVANCED_FACE('',(#82),#2120,.T.);
#2235=ADVANCED_FACE('',(#83),#2121,.F.);
#2236=ADVANCED_FACE('',(#84),#2122,.F.);
#2237=ADVANCED_FACE('',(#85),#2123,.F.);
#2238=ADVANCED_FACE('',(#86),#2124,.F.);
#2239=ADVANCED_FACE('',(#87),#2125,.F.);
#2240=ADVANCED_FACE('',(#88,#41),#2126,.F.);
#2241=ADVANCED_FACE('',(#89),#2127,.F.);
#2242=ADVANCED_FACE('',(#90),#2128,.T.);
#2243=ADVANCED_FACE('',(#91),#2129,.F.);
#2244=ADVANCED_FACE('',(#92),#2130,.F.);
#2245=ADVANCED_FACE('',(#93),#2131,.F.);
#2246=ADVANCED_FACE('',(#94),#2132,.F.);
#2247=ADVANCED_FACE('',(#95),#2133,.F.);
#2248=ADVANCED_FACE('',(#96),#2134,.F.);
#2249=ADVANCED_FACE('',(#97),#2135,.F.);
#2250=ADVANCED_FACE('',(#98),#2136,.F.);
#2251=ADVANCED_FACE('',(#99),#2137,.F.);
#2252=ADVANCED_FACE('',(#100),#2138,.F.);
#2253=ADVANCED_FACE('',(#101),#2139,.F.);
#2254=ADVANCED_FACE('',(#102),#2140,.T.);
#2255=ADVANCED_FACE('',(#103,#42,#43,#44),#2141,.F.);
#2256=ADVANCED_FACE('',(#104),#2142,.F.);
#2257=ADVANCED_FACE('',(#105),#2143,.F.);
#2258=ADVANCED_FACE('',(#106),#2144,.T.);
#2259=ADVANCED_FACE('',(#107),#2145,.T.);
#2260=ADVANCED_FACE('',(#108),#2146,.T.);
#2261=ADVANCED_FACE('',(#109),#2147,.T.);
#2262=ADVANCED_FACE('',(#110),#2148,.T.);
#2263=ADVANCED_FACE('',(#111),#2149,.T.);
#2264=ADVANCED_FACE('',(#112),#2150,.T.);
#2265=ADVANCED_FACE('',(#113),#2151,.T.);
#2266=ADVANCED_FACE('',(#114),#2152,.T.);
#2267=ADVANCED_FACE('',(#115),#2153,.T.);
#2268=ADVANCED_FACE('',(#116),#2154,.T.);
#2269=ADVANCED_FACE('',(#117),#2155,.F.);
#2270=ADVANCED_FACE('',(#118),#2156,.T.);
#2271=ADVANCED_FACE('',(#119),#2157,.T.);
#2272=ADVANCED_FACE('',(#120),#2158,.T.);
#2273=ADVANCED_FACE('',(#121),#2159,.T.);
#2274=ADVANCED_FACE('',(#122),#2160,.T.);
#2275=ADVANCED_FACE('',(#123),#2161,.T.);
#2276=ADVANCED_FACE('',(#124),#2162,.T.);
#2277=ADVANCED_FACE('',(#125),#2163,.T.);
#2278=ADVANCED_FACE('',(#126),#13,.F.);
#2279=ADVANCED_FACE('',(#127),#14,.T.);
#2280=ADVANCED_FACE('',(#128),#2164,.T.);
#2281=ADVANCED_FACE('',(#129),#2165,.T.);
#2282=ADVANCED_FACE('',(#130),#2166,.T.);
#2283=ADVANCED_FACE('',(#131),#2167,.T.);
#2284=ADVANCED_FACE('',(#132),#2168,.T.);
#2285=ADVANCED_FACE('',(#133),#2169,.T.);
#2286=ADVANCED_FACE('',(#134),#2170,.T.);
#2287=ADVANCED_FACE('',(#135),#2171,.F.);
#2288=ADVANCED_FACE('',(#136),#2172,.T.);
#2289=ADVANCED_FACE('',(#137),#2173,.T.);
#2290=ADVANCED_FACE('',(#138),#2174,.T.);
#2291=ADVANCED_FACE('',(#139),#2175,.T.);
#2292=ADVANCED_FACE('',(#140),#2176,.T.);
#2293=ADVANCED_FACE('',(#141),#2177,.T.);
#2294=ADVANCED_FACE('',(#142),#2178,.T.);
#2295=ADVANCED_FACE('',(#143),#2179,.T.);
#2296=ADVANCED_FACE('',(#144),#15,.F.);
#2297=ADVANCED_FACE('',(#145),#16,.T.);
#2298=ADVANCED_FACE('',(#146),#2180,.T.);
#2299=ADVANCED_FACE('',(#147),#2181,.T.);
#2300=ADVANCED_FACE('',(#148),#2182,.T.);
#2301=ADVANCED_FACE('',(#149),#2183,.T.);
#2302=ADVANCED_FACE('',(#150),#2184,.T.);
#2303=ADVANCED_FACE('',(#151),#2185,.T.);
#2304=ADVANCED_FACE('',(#152),#2186,.T.);
#2305=ADVANCED_FACE('',(#153),#2187,.F.);
#2306=ADVANCED_FACE('',(#154),#2188,.T.);
#2307=ADVANCED_FACE('',(#155),#2189,.T.);
#2308=ADVANCED_FACE('',(#156),#2190,.T.);
#2309=ADVANCED_FACE('',(#157),#2191,.T.);
#2310=ADVANCED_FACE('',(#158),#2192,.T.);
#2311=ADVANCED_FACE('',(#159),#2193,.T.);
#2312=ADVANCED_FACE('',(#160),#2194,.T.);
#2313=ADVANCED_FACE('',(#161),#2195,.T.);
#2314=ADVANCED_FACE('',(#162),#17,.F.);
#2315=ADVANCED_FACE('',(#163),#18,.T.);
#2316=ADVANCED_FACE('',(#164),#2196,.T.);
#2317=CLOSED_SHELL('',(#2197,#2198,#2199,#2200,#2201,#2202,#2203,#2204,
#2205,#2206,#2207,#2208,#2209,#2210,#2211,#2212,#2213,#2214,#2215,#2216,
#2217,#2218,#2219,#2220,#2221,#2222,#2223,#2224,#2225,#2226,#2227,#2228,
#2229,#2230,#2231,#2232,#2233,#2234,#2235,#2236,#2237,#2238,#2239,#2240,
#2241,#2242,#2243,#2244,#2245,#2246,#2247,#2248,#2249,#2250,#2251,#2252,
#2253,#2254,#2255,#2256,#2257,#2258,#2259,#2260,#2261,#2262));
#2318=CLOSED_SHELL('',(#2263,#2264,#2265,#2266,#2267,#2268,#2269,#2270,
#2271,#2272,#2273,#2274,#2275,#2276,#2277,#2278,#2279,#2280));
#2319=CLOSED_SHELL('',(#2281,#2282,#2283,#2284,#2285,#2286,#2287,#2288,
#2289,#2290,#2291,#2292,#2293,#2294,#2295,#2296,#2297,#2298));
#2320=CLOSED_SHELL('',(#2299,#2300,#2301,#2302,#2303,#2304,#2305,#2306,
#2307,#2308,#2309,#2310,#2311,#2312,#2313,#2314,#2315,#2316));
#2321=AXIS2_PLACEMENT_3D('placement',#3030,#2454,#2455);
#2322=AXIS2_PLACEMENT_3D('',#3031,#2456,#2457);
#2323=AXIS2_PLACEMENT_3D('',#3040,#2462,#2463);
#2324=AXIS2_PLACEMENT_3D('',#3046,#2467,#2468);
#2325=AXIS2_PLACEMENT_3D('',#3052,#2472,#2473);
#2326=AXIS2_PLACEMENT_3D('',#3061,#2478,#2479);
#2327=AXIS2_PLACEMENT_3D('',#3067,#2483,#2484);
#2328=AXIS2_PLACEMENT_3D('',#3073,#2488,#2489);
#2329=AXIS2_PLACEMENT_3D('',#3087,#2497,#2498);
#2330=AXIS2_PLACEMENT_3D('',#3095,#2503,#2504);
#2331=AXIS2_PLACEMENT_3D('',#3105,#2510,#2511);
#2332=AXIS2_PLACEMENT_3D('',#3117,#2518,#2519);
#2333=AXIS2_PLACEMENT_3D('',#3123,#2523,#2524);
#2334=AXIS2_PLACEMENT_3D('',#3136,#2531,#2532);
#2335=AXIS2_PLACEMENT_3D('',#3142,#2536,#2537);
#2336=AXIS2_PLACEMENT_3D('',#3152,#2543,#2544);
#2337=AXIS2_PLACEMENT_3D('',#3161,#2550,#2551);
#2338=AXIS2_PLACEMENT_3D('',#3177,#2560,#2561);
#2339=AXIS2_PLACEMENT_3D('',#3207,#2578,#2579);
#2340=AXIS2_PLACEMENT_3D('',#3214,#2584,#2585);
#2341=AXIS2_PLACEMENT_3D('',#3220,#2589,#2590);
#2342=AXIS2_PLACEMENT_3D('',#3229,#2595,#2596);
#2343=AXIS2_PLACEMENT_3D('',#3233,#2599,#2600);
#2344=AXIS2_PLACEMENT_3D('',#3236,#2603,#2604);
#2345=AXIS2_PLACEMENT_3D('',#3240,#2607,#2608);
#2346=AXIS2_PLACEMENT_3D('',#3242,#2610,#2611);
#2347=AXIS2_PLACEMENT_3D('',#3252,#2617,#2618);
#2348=AXIS2_PLACEMENT_3D('',#3257,#2622,#2623);
#2349=AXIS2_PLACEMENT_3D('',#3261,#2626,#2627);
#2350=AXIS2_PLACEMENT_3D('',#3268,#2632,#2633);
#2351=AXIS2_PLACEMENT_3D('',#3282,#2641,#2642);
#2352=AXIS2_PLACEMENT_3D('',#3284,#2644,#2645);
#2353=AXIS2_PLACEMENT_3D('',#3293,#2650,#2651);
#2354=AXIS2_PLACEMENT_3D('',#3302,#2656,#2657);
#2355=AXIS2_PLACEMENT_3D('',#3308,#2661,#2662);
#2356=AXIS2_PLACEMENT_3D('',#3311,#2665,#2666);
#2357=AXIS2_PLACEMENT_3D('',#3316,#2670,#2671);
#2358=AXIS2_PLACEMENT_3D('',#3320,#2674,#2675);
#2359=AXIS2_PLACEMENT_3D('',#3322,#2677,#2678);
#2360=AXIS2_PLACEMENT_3D('',#3326,#2681,#2682);
#2361=AXIS2_PLACEMENT_3D('',#3332,#2686,#2687);
#2362=AXIS2_PLACEMENT_3D('',#3336,#2690,#2691);
#2363=AXIS2_PLACEMENT_3D('',#3340,#2694,#2695);
#2364=AXIS2_PLACEMENT_3D('',#3342,#2697,#2698);
#2365=AXIS2_PLACEMENT_3D('',#3348,#2702,#2703);
#2366=AXIS2_PLACEMENT_3D('',#3360,#2710,#2711);
#2367=AXIS2_PLACEMENT_3D('',#3362,#2713,#2714);
#2368=AXIS2_PLACEMENT_3D('',#3366,#2717,#2718);
#2369=AXIS2_PLACEMENT_3D('',#3372,#2722,#2723);
#2370=AXIS2_PLACEMENT_3D('',#3376,#2726,#2727);
#2371=AXIS2_PLACEMENT_3D('',#3380,#2730,#2731);
#2372=AXIS2_PLACEMENT_3D('',#3382,#2733,#2734);
#2373=AXIS2_PLACEMENT_3D('',#3384,#2736,#2737);
#2374=AXIS2_PLACEMENT_3D('',#3388,#2740,#2741);
#2375=AXIS2_PLACEMENT_3D('',#3395,#2746,#2747);
#2376=AXIS2_PLACEMENT_3D('',#3401,#2751,#2752);
#2377=AXIS2_PLACEMENT_3D('',#3405,#2755,#2756);
#2378=AXIS2_PLACEMENT_3D('',#3409,#2759,#2760);
#2379=AXIS2_PLACEMENT_3D('',#3411,#2762,#2763);
#2380=AXIS2_PLACEMENT_3D('',#3414,#2766,#2767);
#2381=AXIS2_PLACEMENT_3D('',#3415,#2768,#2769);
#2382=AXIS2_PLACEMENT_3D('',#3419,#2772,#2773);
#2383=AXIS2_PLACEMENT_3D('',#3423,#2776,#2777);
#2384=AXIS2_PLACEMENT_3D('',#3428,#2781,#2782);
#2385=AXIS2_PLACEMENT_3D('',#3430,#2784,#2785);
#2386=AXIS2_PLACEMENT_3D('',#3431,#2786,#2787);
#2387=AXIS2_PLACEMENT_3D('',#3432,#2788,#2789);
#2388=AXIS2_PLACEMENT_3D('',#3433,#2790,#2791);
#2389=AXIS2_PLACEMENT_3D('',#3442,#2796,#2797);
#2390=AXIS2_PLACEMENT_3D('',#3448,#2801,#2802);
#2391=AXIS2_PLACEMENT_3D('',#3454,#2806,#2807);
#2392=AXIS2_PLACEMENT_3D('',#3457,#2810,#2811);
#2393=AXIS2_PLACEMENT_3D('',#3461,#2813,#2814);
#2394=AXIS2_PLACEMENT_3D('',#3469,#2818,#2819);
#2395=AXIS2_PLACEMENT_3D('',#3471,#2821,#2822);
#2396=AXIS2_PLACEMENT_3D('',#3475,#2825,#2826);
#2397=AXIS2_PLACEMENT_3D('',#3476,#2827,#2828);
#2398=AXIS2_PLACEMENT_3D('',#3485,#2833,#2834);
#2399=AXIS2_PLACEMENT_3D('',#3490,#2838,#2839);
#2400=AXIS2_PLACEMENT_3D('',#3495,#2843,#2844);
#2401=AXIS2_PLACEMENT_3D('',#3497,#2846,#2847);
#2402=AXIS2_PLACEMENT_3D('',#3501,#2850,#2851);
#2403=AXIS2_PLACEMENT_3D('',#3504,#2853,#2854);
#2404=AXIS2_PLACEMENT_3D('',#3507,#2856,#2857);
#2405=AXIS2_PLACEMENT_3D('',#3508,#2858,#2859);
#2406=AXIS2_PLACEMENT_3D('',#3509,#2860,#2861);
#2407=AXIS2_PLACEMENT_3D('',#3511,#2863,#2864);
#2408=AXIS2_PLACEMENT_3D('',#3512,#2865,#2866);
#2409=AXIS2_PLACEMENT_3D('',#3514,#2868,#2869);
#2410=AXIS2_PLACEMENT_3D('',#3515,#2870,#2871);
#2411=AXIS2_PLACEMENT_3D('',#3524,#2876,#2877);
#2412=AXIS2_PLACEMENT_3D('',#3530,#2881,#2882);
#2413=AXIS2_PLACEMENT_3D('',#3536,#2886,#2887);
#2414=AXIS2_PLACEMENT_3D('',#3539,#2890,#2891);
#2415=AXIS2_PLACEMENT_3D('',#3543,#2893,#2894);
#2416=AXIS2_PLACEMENT_3D('',#3551,#2898,#2899);
#2417=AXIS2_PLACEMENT_3D('',#3553,#2901,#2902);
#2418=AXIS2_PLACEMENT_3D('',#3557,#2905,#2906);
#2419=AXIS2_PLACEMENT_3D('',#3558,#2907,#2908);
#2420=AXIS2_PLACEMENT_3D('',#3567,#2913,#2914);
#2421=AXIS2_PLACEMENT_3D('',#3572,#2918,#2919);
#2422=AXIS2_PLACEMENT_3D('',#3577,#2923,#2924);
#2423=AXIS2_PLACEMENT_3D('',#3579,#2926,#2927);
#2424=AXIS2_PLACEMENT_3D('',#3583,#2930,#2931);
#2425=AXIS2_PLACEMENT_3D('',#3586,#2933,#2934);
#2426=AXIS2_PLACEMENT_3D('',#3589,#2936,#2937);
#2427=AXIS2_PLACEMENT_3D('',#3590,#2938,#2939);
#2428=AXIS2_PLACEMENT_3D('',#3591,#2940,#2941);
#2429=AXIS2_PLACEMENT_3D('',#3593,#2943,#2944);
#2430=AXIS2_PLACEMENT_3D('',#3594,#2945,#2946);
#2431=AXIS2_PLACEMENT_3D('',#3596,#2948,#2949);
#2432=AXIS2_PLACEMENT_3D('',#3597,#2950,#2951);
#2433=AXIS2_PLACEMENT_3D('',#3606,#2956,#2957);
#2434=AXIS2_PLACEMENT_3D('',#3612,#2961,#2962);
#2435=AXIS2_PLACEMENT_3D('',#3618,#2966,#2967);
#2436=AXIS2_PLACEMENT_3D('',#3621,#2970,#2971);
#2437=AXIS2_PLACEMENT_3D('',#3625,#2973,#2974);
#2438=AXIS2_PLACEMENT_3D('',#3633,#2978,#2979);
#2439=AXIS2_PLACEMENT_3D('',#3635,#2981,#2982);
#2440=AXIS2_PLACEMENT_3D('',#3639,#2985,#2986);
#2441=AXIS2_PLACEMENT_3D('',#3640,#2987,#2988);
#2442=AXIS2_PLACEMENT_3D('',#3649,#2993,#2994);
#2443=AXIS2_PLACEMENT_3D('',#3654,#2998,#2999);
#2444=AXIS2_PLACEMENT_3D('',#3659,#3003,#3004);
#2445=AXIS2_PLACEMENT_3D('',#3661,#3006,#3007);
#2446=AXIS2_PLACEMENT_3D('',#3665,#3010,#3011);
#2447=AXIS2_PLACEMENT_3D('',#3668,#3013,#3014);
#2448=AXIS2_PLACEMENT_3D('',#3671,#3016,#3017);
#2449=AXIS2_PLACEMENT_3D('',#3672,#3018,#3019);
#2450=AXIS2_PLACEMENT_3D('',#3673,#3020,#3021);
#2451=AXIS2_PLACEMENT_3D('',#3675,#3023,#3024);
#2452=AXIS2_PLACEMENT_3D('',#3676,#3025,#3026);
#2453=AXIS2_PLACEMENT_3D('',#3678,#3028,#3029);
#2454=DIRECTION('axis',(0.,0.,1.));
#2455=DIRECTION('refdir',(1.,0.,0.));
#2456=DIRECTION('center_axis',(0.,-1.,1.38777878078145E-16));
#2457=DIRECTION('ref_axis',(0.,1.38777878078145E-16,1.));
#2458=DIRECTION('',(0.,-1.38777878078145E-16,-1.));
#2459=DIRECTION('',(-1.,0.,0.));
#2460=DIRECTION('',(0.,1.38777878078145E-16,1.));
#2461=DIRECTION('',(-1.,0.,0.));
#2462=DIRECTION('center_axis',(0.,0.,-1.));
#2463=DIRECTION('ref_axis',(0.,-1.,0.));
#2464=DIRECTION('',(0.,1.,0.));
#2465=DIRECTION('',(0.,-1.,0.));
#2466=DIRECTION('',(-1.,0.,0.));
#2467=DIRECTION('center_axis',(0.,1.,0.));
#2468=DIRECTION('ref_axis',(0.,0.,-1.));
#2469=DIRECTION('',(0.,0.,1.));
#2470=DIRECTION('',(0.,0.,-1.));
#2471=DIRECTION('',(1.,0.,0.));
#2472=DIRECTION('center_axis',(0.,1.,0.));
#2473=DIRECTION('ref_axis',(0.,0.,-1.));
#2474=DIRECTION('',(0.,0.,-1.));
#2475=DIRECTION('',(1.,0.,0.));
#2476=DIRECTION('',(0.,0.,1.));
#2477=DIRECTION('',(-1.,0.,0.));
#2478=DIRECTION('center_axis',(0.,0.,-1.));
#2479=DIRECTION('ref_axis',(0.,-1.,0.));
#2480=DIRECTION('',(0.,-1.,0.));
#2481=DIRECTION('',(0.,1.,0.));
#2482=DIRECTION('',(-1.,0.,0.));
#2483=DIRECTION('center_axis',(0.,-1.,1.38777878078145E-16));
#2484=DIRECTION('ref_axis',(0.,1.38777878078145E-16,1.));
#2485=DIRECTION('',(0.,1.38777878078145E-16,1.));
#2486=DIRECTION('',(0.,-1.38777878078145E-16,-1.));
#2487=DIRECTION('',(-1.,0.,0.));
#2488=DIRECTION('center_axis',(-1.,0.,0.));
#2489=DIRECTION('ref_axis',(0.,0.,1.));
#2490=DIRECTION('',(0.,1.,-9.62964972193618E-33));
#2491=DIRECTION('',(0.,2.77555756156289E-16,-1.));
#2492=DIRECTION('',(0.,-1.,-3.70074341541719E-15));
#2493=DIRECTION('',(0.,-0.447213595499963,-0.894427190999913));
#2494=DIRECTION('',(0.,-1.,-5.32907051820075E-15));
#2495=DIRECTION('',(0.,1.83697019872103E-16,1.));
#2496=DIRECTION('',(0.,1.,-9.62964972193618E-33));
#2497=DIRECTION('center_axis',(0.,9.62964972193618E-33,1.));
#2498=DIRECTION('ref_axis',(0.,-1.,9.62964972193618E-33));
#2499=DIRECTION('',(0.,1.,-9.62964972193618E-33));
#2500=DIRECTION('',(1.,0.,0.));
#2501=DIRECTION('',(-5.34552942018439E-48,1.,-9.62964972193618E-33));
#2502=DIRECTION('',(1.,0.,0.));
#2503=DIRECTION('center_axis',(0.,9.62964972193618E-33,1.));
#2504=DIRECTION('ref_axis',(0.,-1.,9.62964972193618E-33));
#2505=DIRECTION('',(0.,-1.,9.62964972193618E-33));
#2506=DIRECTION('',(1.,0.,0.));
#2507=DIRECTION('',(-5.34552942018439E-48,-1.,9.62964972193618E-33));
#2508=DIRECTION('',(1.,0.,0.));
#2509=DIRECTION('',(0.,-1.,9.62964972193618E-33));
#2510=DIRECTION('center_axis',(1.,0.,0.));
#2511=DIRECTION('ref_axis',(0.,0.,-1.));
#2512=DIRECTION('',(0.,2.77555756156289E-16,-1.));
#2513=DIRECTION('',(0.,-1.,0.));
#2514=DIRECTION('',(0.,0.,-1.));
#2515=DIRECTION('',(0.,-1.,-3.70074341541719E-15));
#2516=DIRECTION('',(0.,0.,1.));
#2517=DIRECTION('',(0.,-1.,9.62964972193618E-33));
#2518=DIRECTION('center_axis',(1.,0.,-5.55111512312578E-16));
#2519=DIRECTION('ref_axis',(5.55111512312578E-16,-1.58603289232165E-16,
1.));
#2520=DIRECTION('',(5.55111512312578E-16,-2.77555756156289E-16,1.));
#2521=DIRECTION('',(0.,-1.,0.));
#2522=DIRECTION('',(-5.55111512312578E-16,2.77555756156289E-16,-1.));
#2523=DIRECTION('center_axis',(0.,0.,-1.));
#2524=DIRECTION('ref_axis',(1.,0.,0.));
#2525=DIRECTION('',(0.,1.,0.));
#2526=DIRECTION('',(1.,0.,0.));
#2527=DIRECTION('',(0.,-1.,0.));
#2528=DIRECTION('',(-1.,0.,0.));
#2529=DIRECTION('',(0.,-1.,0.));
#2530=DIRECTION('',(1.,0.,0.));
#2531=DIRECTION('center_axis',(1.,0.,0.));
#2532=DIRECTION('ref_axis',(0.,-1.58603289232165E-16,1.));
#2533=DIRECTION('',(0.,2.77555756156289E-16,-1.));
#2534=DIRECTION('',(0.,-1.58603289232165E-16,1.));
#2535=DIRECTION('',(0.,-1.,-3.70074341541719E-15));
#2536=DIRECTION('center_axis',(-1.,0.,0.));
#2537=DIRECTION('ref_axis',(0.,1.58603289232165E-16,-1.));
#2538=DIRECTION('',(0.,-1.,-3.70074341541719E-15));
#2539=DIRECTION('',(0.,2.77555756156289E-16,-1.));
#2540=DIRECTION('',(0.,-2.77555756156289E-16,1.));
#2541=DIRECTION('',(0.,1.,2.10269512239613E-16));
#2542=DIRECTION('',(0.,1.58603289232165E-16,-1.));
#2543=DIRECTION('center_axis',(0.,1.,0.));
#2544=DIRECTION('ref_axis',(0.,0.,-1.));
#2545=DIRECTION('',(0.,0.,1.));
#2546=DIRECTION('',(-1.,0.,0.));
#2547=DIRECTION('',(1.,0.,0.));
#2548=DIRECTION('',(-3.46452040250706E-8,0.,0.999999999999999));
#2549=DIRECTION('',(1.,0.,0.));
#2550=DIRECTION('center_axis',(0.,-2.10269512239613E-16,1.));
#2551=DIRECTION('ref_axis',(-1.,0.,0.));
#2552=DIRECTION('',(-1.,0.,0.));
#2553=DIRECTION('',(0.,-1.,-2.10269512239613E-16));
#2554=DIRECTION('',(1.,0.,0.));
#2555=DIRECTION('',(0.,-1.,-2.10269512239613E-16));
#2556=DIRECTION('',(-1.,0.,0.));
#2557=DIRECTION('',(0.,-1.,-2.10269512239613E-16));
#2558=DIRECTION('',(1.,0.,0.));
#2559=DIRECTION('',(0.,1.,2.10269512239613E-16));
#2560=DIRECTION('center_axis',(0.,1.,2.77555756156289E-16));
#2561=DIRECTION('ref_axis',(0.,-2.77555756156289E-16,1.));
#2562=DIRECTION('',(1.,0.,0.));
#2563=DIRECTION('',(-5.55111512312578E-16,-2.77555756156289E-16,1.));
#2564=DIRECTION('',(0.,-2.77555756156289E-16,1.));
#2565=DIRECTION('',(1.,0.,0.));
#2566=DIRECTION('',(0.,-2.77555756156289E-16,1.));
#2567=DIRECTION('',(-1.,0.,0.));
#2568=DIRECTION('',(0.,2.77555756156289E-16,-1.));
#2569=DIRECTION('',(-1.,0.,0.));
#2570=DIRECTION('',(3.46452040250706E-8,2.77555756156289E-16,-0.999999999999999));
#2571=DIRECTION('',(1.,0.,0.));
#2572=DIRECTION('',(-2.12341533661904E-8,-2.77555756156289E-16,1.));
#2573=DIRECTION('',(-1.,0.,0.));
#2574=DIRECTION('',(3.46452040250706E-8,2.77555756156289E-16,-0.999999999999999));
#2575=DIRECTION('',(1.,0.,0.));
#2576=DIRECTION('',(-2.12341533661904E-8,-2.77555756156289E-16,1.));
#2577=DIRECTION('',(1.,0.,0.));
#2578=DIRECTION('center_axis',(-1.,0.,0.));
#2579=DIRECTION('ref_axis',(0.,0.,1.));
#2580=DIRECTION('',(0.,1.,-9.62964972193618E-33));
#2581=DIRECTION('',(0.,0.,-1.));
#2582=DIRECTION('',(0.,-1.,-3.70074341541719E-15));
#2583=DIRECTION('',(0.,2.77555756156289E-16,-1.));
#2584=DIRECTION('center_axis',(0.,-0.894427190999913,0.447213595499963));
#2585=DIRECTION('ref_axis',(0.,-0.447213595499963,-0.894427190999913));
#2586=DIRECTION('',(-1.,0.,0.));
#2587=DIRECTION('',(0.,-0.447213595499963,-0.894427190999913));
#2588=DIRECTION('',(1.,0.,0.));
#2589=DIRECTION('center_axis',(0.,2.31296463463574E-16,-1.));
#2590=DIRECTION('ref_axis',(0.,1.,2.31296463463574E-16));
#2591=DIRECTION('',(0.,-1.,-3.70074341541719E-15));
#2592=DIRECTION('',(1.,0.,0.));
#2593=DIRECTION('',(0.,1.,2.31296463463574E-16));
#2594=DIRECTION('',(-1.,0.,0.));
#2595=DIRECTION('center_axis',(0.,-5.32907051820075E-15,1.));
#2596=DIRECTION('ref_axis',(0.,-1.,-5.32907051820075E-15));
#2597=DIRECTION('',(0.,-1.,-5.32907051820075E-15));
#2598=DIRECTION('',(1.,0.,0.));
#2599=DIRECTION('center_axis',(-1.,0.,0.));
#2600=DIRECTION('ref_axis',(0.,0.,1.));
#2601=DIRECTION('',(0.,1.,3.70074341541719E-15));
#2602=DIRECTION('',(0.,1.83697019872103E-16,1.));
#2603=DIRECTION('center_axis',(0.,0.,-1.));
#2604=DIRECTION('ref_axis',(1.,0.,0.));
#2605=DIRECTION('',(-1.,0.,0.));
#2606=DIRECTION('',(0.,-1.,0.));
#2607=DIRECTION('center_axis',(1.,0.,5.55111512312578E-16));
#2608=DIRECTION('ref_axis',(-5.55111512312578E-16,-1.58603289232165E-16,
1.));
#2609=DIRECTION('',(5.55111512312578E-16,2.77555756156289E-16,-1.));
#2610=DIRECTION('center_axis',(-1.,0.,0.));
#2611=DIRECTION('ref_axis',(0.,1.58603289232165E-16,-1.));
#2612=DIRECTION('',(0.,1.,3.70074341541719E-15));
#2613=DIRECTION('',(0.,1.58603289232165E-16,-1.));
#2614=DIRECTION('',(0.,-1.,-2.10269512239613E-16));
#2615=DIRECTION('',(0.,-1.,0.));
#2616=DIRECTION('',(0.,-2.77555756156289E-16,1.));
#2617=DIRECTION('center_axis',(0.,0.,1.));
#2618=DIRECTION('ref_axis',(-1.,0.,0.));
#2619=DIRECTION('',(1.,0.,0.));
#2620=DIRECTION('',(0.,-1.,0.));
#2621=DIRECTION('',(-1.,0.,0.));
#2622=DIRECTION('center_axis',(1.,0.,0.));
#2623=DIRECTION('ref_axis',(0.,-1.58603289232165E-16,1.));
#2624=DIRECTION('',(0.,1.,3.70074341541719E-15));
#2625=DIRECTION('',(0.,-1.58603289232165E-16,1.));
#2626=DIRECTION('center_axis',(0.,-1.,0.));
#2627=DIRECTION('ref_axis',(0.,0.,-1.));
#2628=DIRECTION('',(-1.,0.,0.));
#2629=DIRECTION('',(1.,0.,0.));
#2630=DIRECTION('',(2.12341533661904E-8,0.,-1.));
#2631=DIRECTION('',(1.,0.,0.));
#2632=DIRECTION('center_axis',(0.,-2.10269512239613E-16,1.));
#2633=DIRECTION('ref_axis',(-1.,0.,0.));
#2634=DIRECTION('',(0.,-1.,-2.10269512239613E-16));
#2635=DIRECTION('',(1.,0.,0.));
#2636=DIRECTION('',(0.,-1.,-2.10269512239613E-16));
#2637=DIRECTION('',(-1.,0.,0.));
#2638=DIRECTION('',(0.,-1.,-2.10269512239613E-16));
#2639=DIRECTION('',(1.,0.,0.));
#2640=DIRECTION('',(0.,1.,2.10269512239613E-16));
#2641=DIRECTION('center_axis',(0.,1.,2.77555756156289E-16));
#2642=DIRECTION('ref_axis',(0.,-2.77555756156289E-16,1.));
#2643=DIRECTION('',(-1.,0.,0.));
#2644=DIRECTION('center_axis',(0.,-2.31296463463574E-16,1.));
#2645=DIRECTION('ref_axis',(0.,1.,2.31296463463574E-16));
#2646=DIRECTION('',(0.,1.,3.70074341541719E-15));
#2647=DIRECTION('',(-1.,0.,0.));
#2648=DIRECTION('',(0.,1.,2.31296463463574E-16));
#2649=DIRECTION('',(-1.,0.,0.));
#2650=DIRECTION('center_axis',(0.,0.894427190999913,-0.447213595499963));
#2651=DIRECTION('ref_axis',(0.,-0.447213595499963,-0.894427190999913));
#2652=DIRECTION('',(0.,-0.447213595499963,-0.894427190999913));
#2653=DIRECTION('',(-1.,0.,0.));
#2654=DIRECTION('',(0.,-0.447213595499963,-0.894427190999913));
#2655=DIRECTION('',(-1.,0.,0.));
#2656=DIRECTION('center_axis',(0.,5.32907051820075E-15,-1.));
#2657=DIRECTION('ref_axis',(0.,-1.,-5.32907051820075E-15));
#2658=DIRECTION('',(0.,-1.,-5.32907051820075E-15));
#2659=DIRECTION('',(-1.,0.,0.));
#2660=DIRECTION('',(0.,-1.,-5.32907051820075E-15));
#2661=DIRECTION('center_axis',(-1.,0.,0.));
#2662=DIRECTION('ref_axis',(0.,0.,1.));
#2663=DIRECTION('',(0.,1.83697019872103E-16,1.));
#2664=DIRECTION('',(0.,-1.,-3.70074341541719E-15));
#2665=DIRECTION('center_axis',(0.,3.70074341541719E-15,-1.));
#2666=DIRECTION('ref_axis',(0.,1.,3.70074341541719E-15));
#2667=DIRECTION('',(0.,1.,3.70074341541719E-15));
#2668=DIRECTION('',(-1.,0.,0.));
#2669=DIRECTION('',(-7.4117258180758E-23,1.,3.70074341541719E-15));
#2670=DIRECTION('center_axis',(-0.999999999999999,7.28483015179346E-24,
-3.46452040250706E-8));
#2671=DIRECTION('ref_axis',(3.46452040250706E-8,1.58603289232165E-16,-0.999999999999999));
#2672=DIRECTION('',(-3.46452040250706E-8,0.,0.999999999999999));
#2673=DIRECTION('',(1.20928180519771E-22,-1.,-3.70074341541719E-15));
#2674=DIRECTION('center_axis',(1.,-4.46489507113E-24,2.12341533661904E-8));
#2675=DIRECTION('ref_axis',(-2.12341533661904E-8,-1.58603289232165E-16,
1.));
#2676=DIRECTION('',(2.12341533661904E-8,0.,-1.));
#2677=DIRECTION('center_axis',(0.,3.70074341541719E-15,-1.));
#2678=DIRECTION('ref_axis',(0.,1.,3.70074341541719E-15));
#2679=DIRECTION('',(-1.,0.,0.));
#2680=DIRECTION('',(-7.4117258180758E-23,1.,3.70074341541719E-15));
#2681=DIRECTION('center_axis',(0.,1.,1.11022302462516E-15));
#2682=DIRECTION('ref_axis',(1.,0.,0.));
#2683=DIRECTION('',(0.,1.11022302462516E-15,-1.));
#2684=DIRECTION('',(1.,0.,0.));
#2685=DIRECTION('',(0.,1.11022302462516E-15,-1.));
#2686=DIRECTION('center_axis',(1.,0.,0.));
#2687=DIRECTION('ref_axis',(0.,-1.,-1.11022302462516E-15));
#2688=DIRECTION('',(0.,1.11022302462516E-15,-1.));
#2689=DIRECTION('',(0.,-1.,-3.70074341541719E-15));
#2690=DIRECTION('center_axis',(0.,-1.,-1.11022302462516E-15));
#2691=DIRECTION('ref_axis',(-1.,0.,0.));
#2692=DIRECTION('',(0.,1.11022302462516E-15,-1.));
#2693=DIRECTION('',(-1.,0.,0.));
#2694=DIRECTION('center_axis',(-1.,0.,0.));
#2695=DIRECTION('ref_axis',(0.,1.,1.11022302462516E-15));
#2696=DIRECTION('',(0.,1.,3.70074341541719E-15));
#2697=DIRECTION('center_axis',(-0.999999999999999,7.28483015179346E-24,
-3.46452040250706E-8));
#2698=DIRECTION('ref_axis',(3.46452040250706E-8,1.58603289232165E-16,-0.999999999999999));
#2699=DIRECTION('',(-3.46452040250706E-8,0.,0.999999999999999));
#2700=DIRECTION('',(1.20928180519771E-22,-1.,-3.70074341541719E-15));
#2701=DIRECTION('',(0.,-1.,-2.10269512239613E-16));
#2702=DIRECTION('center_axis',(0.,-2.10269512239613E-16,1.));
#2703=DIRECTION('ref_axis',(-1.,0.,0.));
#2704=DIRECTION('',(1.,0.,0.));
#2705=DIRECTION('',(0.,-1.,-2.10269512239613E-16));
#2706=DIRECTION('',(-1.,0.,0.));
#2707=DIRECTION('',(0.,-1.,-2.10269512239613E-16));
#2708=DIRECTION('',(1.,0.,0.));
#2709=DIRECTION('',(0.,1.,2.10269512239613E-16));
#2710=DIRECTION('center_axis',(1.,-4.46489507113E-24,2.12341533661904E-8));
#2711=DIRECTION('ref_axis',(-2.12341533661904E-8,-1.58603289232165E-16,
1.));
#2712=DIRECTION('',(2.12341533661904E-8,0.,-1.));
#2713=DIRECTION('center_axis',(0.,3.70074341541719E-15,-1.));
#2714=DIRECTION('ref_axis',(0.,1.,3.70074341541719E-15));
#2715=DIRECTION('',(-1.,0.,0.));
#2716=DIRECTION('',(-7.4117258180758E-23,1.,3.70074341541719E-15));
#2717=DIRECTION('center_axis',(0.,1.,1.11022302462516E-15));
#2718=DIRECTION('ref_axis',(1.,0.,0.));
#2719=DIRECTION('',(0.,1.11022302462516E-15,-1.));
#2720=DIRECTION('',(1.,0.,0.));
#2721=DIRECTION('',(0.,1.11022302462516E-15,-1.));
#2722=DIRECTION('center_axis',(1.,0.,0.));
#2723=DIRECTION('ref_axis',(0.,-1.,-1.11022302462516E-15));
#2724=DIRECTION('',(0.,1.11022302462516E-15,-1.));
#2725=DIRECTION('',(0.,-1.,-3.70074341541719E-15));
#2726=DIRECTION('center_axis',(0.,-1.,-1.11022302462516E-15));
#2727=DIRECTION('ref_axis',(-1.,0.,0.));
#2728=DIRECTION('',(0.,1.11022302462516E-15,-1.));
#2729=DIRECTION('',(-1.,0.,0.));
#2730=DIRECTION('center_axis',(-1.,0.,0.));
#2731=DIRECTION('ref_axis',(0.,1.,1.11022302462516E-15));
#2732=DIRECTION('',(0.,1.,3.70074341541719E-15));
#2733=DIRECTION('center_axis',(1.,-4.46489507113E-24,2.12341533661904E-8));
#2734=DIRECTION('ref_axis',(-2.12341533661904E-8,-1.58603289232165E-16,
1.));
#2735=DIRECTION('',(2.12341533661904E-8,0.,-1.));
#2736=DIRECTION('center_axis',(-0.999999999999999,7.28483015179346E-24,
-3.46452040250706E-8));
#2737=DIRECTION('ref_axis',(3.46452040250706E-8,1.58603289232165E-16,-0.999999999999999));
#2738=DIRECTION('',(-3.46452040250706E-8,0.,0.999999999999999));
#2739=DIRECTION('',(1.20928180519771E-22,-1.,-3.70074341541719E-15));
#2740=DIRECTION('center_axis',(0.,1.,0.));
#2741=DIRECTION('ref_axis',(1.,0.,0.));
#2742=DIRECTION('',(0.,0.,-1.));
#2743=DIRECTION('',(1.,0.,0.));
#2744=DIRECTION('',(0.,0.,-1.));
#2745=DIRECTION('',(-1.,0.,0.));
#2746=DIRECTION('center_axis',(0.,1.,1.11022302462516E-15));
#2747=DIRECTION('ref_axis',(1.,0.,0.));
#2748=DIRECTION('',(0.,1.11022302462516E-15,-1.));
#2749=DIRECTION('',(1.,0.,0.));
#2750=DIRECTION('',(0.,1.11022302462516E-15,-1.));
#2751=DIRECTION('center_axis',(1.,0.,0.));
#2752=DIRECTION('ref_axis',(0.,-1.,-1.11022302462516E-15));
#2753=DIRECTION('',(0.,1.11022302462516E-15,-1.));
#2754=DIRECTION('',(0.,-1.,-3.70074341541719E-15));
#2755=DIRECTION('center_axis',(0.,-1.,-1.11022302462516E-15));
#2756=DIRECTION('ref_axis',(-1.,0.,0.));
#2757=DIRECTION('',(0.,1.11022302462516E-15,-1.));
#2758=DIRECTION('',(-1.,0.,0.));
#2759=DIRECTION('center_axis',(-1.,0.,0.));
#2760=DIRECTION('ref_axis',(0.,1.,1.11022302462516E-15));
#2761=DIRECTION('',(0.,1.,3.70074341541719E-15));
#2762=DIRECTION('center_axis',(0.,1.,0.));
#2763=DIRECTION('ref_axis',(1.,0.,0.));
#2764=DIRECTION('',(-1.,0.,0.));
#2765=DIRECTION('',(-1.,0.,0.));
#2766=DIRECTION('center_axis',(0.,3.70074341541719E-15,-1.));
#2767=DIRECTION('ref_axis',(0.,1.,3.70074341541719E-15));
#2768=DIRECTION('center_axis',(-1.,0.,0.));
#2769=DIRECTION('ref_axis',(0.,1.,0.));
#2770=DIRECTION('',(0.,1.,-9.62964972193618E-33));
#2771=DIRECTION('',(0.,1.83697019872103E-16,1.));
#2772=DIRECTION('center_axis',(1.,0.,0.));
#2773=DIRECTION('ref_axis',(0.,-1.,0.));
#2774=DIRECTION('',(0.,-1.83697019872103E-16,-1.));
#2775=DIRECTION('',(0.,-1.,9.62964972193618E-33));
#2776=DIRECTION('center_axis',(0.,9.62964972193618E-33,1.));
#2777=DIRECTION('ref_axis',(0.,-1.,9.62964972193618E-33));
#2778=DIRECTION('',(1.,0.,0.));
#2779=DIRECTION('',(1.,0.,0.));
#2780=DIRECTION('',(0.,-1.,9.62964972193618E-33));
#2781=DIRECTION('center_axis',(0.,-1.,1.83697019872103E-16));
#2782=DIRECTION('ref_axis',(0.,-1.83697019872103E-16,-1.));
#2783=DIRECTION('',(0.,-1.83697019872103E-16,-1.));
#2784=DIRECTION('center_axis',(0.,-1.,1.83697019872103E-16));
#2785=DIRECTION('ref_axis',(0.,-1.83697019872103E-16,-1.));
#2786=DIRECTION('center_axis',(0.,3.70074341541719E-15,-1.));
#2787=DIRECTION('ref_axis',(0.,1.,3.70074341541719E-15));
#2788=DIRECTION('center_axis',(1.,0.,0.));
#2789=DIRECTION('ref_axis',(0.,0.,-1.));
#2790=DIRECTION('center_axis',(7.85046229341887E-16,-0.707106781186548,
-0.707106781186548));
#2791=DIRECTION('ref_axis',(-1.,0.,-1.11022302462516E-15));
#2792=DIRECTION('',(-1.,6.79815536723445E-32,-1.11022302462516E-15));
#2793=DIRECTION('',(-0.577350269189626,0.577350269189626,-0.577350269189626));
#2794=DIRECTION('',(1.,-6.79815536723445E-32,1.11022302462516E-15));
#2795=DIRECTION('',(0.577350269189628,0.577350269189628,-0.577350269189622));
#2796=DIRECTION('center_axis',(-0.707106781186548,-0.707106781186548,-4.32978028117747E-17));
#2797=DIRECTION('ref_axis',(-6.12323399573677E-17,0.,1.));
#2798=DIRECTION('',(0.,-6.12323399573677E-17,1.));
#2799=DIRECTION('',(-0.577350269189626,0.577350269189626,0.577350269189626));
#2800=DIRECTION('',(0.,6.12323399573677E-17,-1.));
#2801=DIRECTION('center_axis',(0.,-0.707106781186548,0.707106781186548));
#2802=DIRECTION('ref_axis',(1.,0.,0.));
#2803=DIRECTION('',(1.,0.,0.));
#2804=DIRECTION('',(0.577350269189626,0.577350269189626,0.577350269189626));
#2805=DIRECTION('',(-1.,0.,0.));
#2806=DIRECTION('center_axis',(0.707106781186548,-0.707106781186548,-4.32978028117747E-17));
#2807=DIRECTION('ref_axis',(-6.12323399573677E-17,0.,-1.));
#2808=DIRECTION('',(0.,-6.12323399573677E-17,1.));
#2809=DIRECTION('',(0.,6.12323399573677E-17,-1.));
#2810=DIRECTION('center_axis',(1.,0.,0.));
#2811=DIRECTION('ref_axis',(0.,-1.,0.));
#2812=DIRECTION('',(0.,-1.,0.));
#2813=DIRECTION('center_axis',(-1.,0.,0.));
#2814=DIRECTION('ref_axis',(0.,1.,0.));
#2815=DIRECTION('',(0.,0.,-1.));
#2816=DIRECTION('',(0.,1.,0.));
#2817=DIRECTION('',(0.,0.,-1.));
#2818=DIRECTION('center_axis',(-1.,0.,0.));
#2819=DIRECTION('ref_axis',(0.,1.,4.44089209850064E-15));
#2820=DIRECTION('',(0.,-1.,0.));
#2821=DIRECTION('center_axis',(1.11022302462516E-15,0.,-1.));
#2822=DIRECTION('ref_axis',(1.,-6.79815536723445E-32,1.11022302462516E-15));
#2823=DIRECTION('',(0.,-1.,0.));
#2824=DIRECTION('',(1.,-6.79815536723445E-32,1.11022302462516E-15));
#2825=DIRECTION('center_axis',(0.,1.,6.12323399573677E-17));
#2826=DIRECTION('ref_axis',(1.,0.,0.));
#2827=DIRECTION('center_axis',(-0.707106781186547,0.,0.707106781186548));
#2828=DIRECTION('ref_axis',(0.707106781186548,0.,0.707106781186547));
#2829=DIRECTION('',(0.,-1.,0.));
#2830=DIRECTION('',(0.577350269189626,0.577350269189626,0.577350269189626));
#2831=DIRECTION('',(0.,1.,0.));
#2832=DIRECTION('',(0.577350269189626,-0.577350269189626,0.577350269189626));
#2833=DIRECTION('center_axis',(0.,-0.707106781186547,0.707106781186548));
#2834=DIRECTION('ref_axis',(1.,0.,0.));
#2835=DIRECTION('',(1.,0.,0.));
#2836=DIRECTION('',(-0.577350269189626,0.577350269189626,0.577350269189626));
#2837=DIRECTION('',(-1.,0.,0.));
#2838=DIRECTION('center_axis',(7.85046229341887E-16,0.707106781186547,0.707106781186548));
#2839=DIRECTION('ref_axis',(1.,0.,-1.11022302462515E-15));
#2840=DIRECTION('',(1.,-1.11022302462516E-15,0.));
#2841=DIRECTION('',(0.577350269189626,0.577350269189626,-0.577350269189626));
#2842=DIRECTION('',(-1.,1.11022302462516E-15,0.));
#2843=DIRECTION('center_axis',(0.707106781186547,0.,0.707106781186548));
#2844=DIRECTION('ref_axis',(0.707106781186548,0.,-0.707106781186547));
#2845=DIRECTION('',(0.,-1.,0.));
#2846=DIRECTION('center_axis',(0.,-1.,0.));
#2847=DIRECTION('ref_axis',(-1.,0.,0.));
#2848=DIRECTION('',(0.,0.,-1.));
#2849=DIRECTION('',(-1.,0.,0.));
#2850=DIRECTION('center_axis',(-1.,0.,0.));
#2851=DIRECTION('ref_axis',(0.,1.,0.));
#2852=DIRECTION('',(0.,-1.,0.));
#2853=DIRECTION('center_axis',(-1.,0.,0.));
#2854=DIRECTION('ref_axis',(0.,1.,4.44089209850064E-15));
#2855=DIRECTION('',(0.,0.,-1.));
#2856=DIRECTION('center_axis',(-1.,0.,0.));
#2857=DIRECTION('ref_axis',(0.,1.,0.));
#2858=DIRECTION('center_axis',(0.,0.,1.));
#2859=DIRECTION('ref_axis',(1.,0.,0.));
#2860=DIRECTION('center_axis',(0.,0.,1.));
#2861=DIRECTION('ref_axis',(-1.,0.,0.));
#2862=DIRECTION('',(-1.,0.,0.));
#2863=DIRECTION('center_axis',(-1.,0.,0.));
#2864=DIRECTION('ref_axis',(0.,1.,0.));
#2865=DIRECTION('center_axis',(-1.,0.,0.));
#2866=DIRECTION('ref_axis',(0.,1.,0.));
#2867=DIRECTION('',(1.,-1.11022302462516E-15,0.));
#2868=DIRECTION('center_axis',(1.11022302462516E-15,1.,0.));
#2869=DIRECTION('ref_axis',(1.,-1.11022302462516E-15,0.));
#2870=DIRECTION('center_axis',(7.85046229341887E-16,-0.707106781186548,
-0.707106781186548));
#2871=DIRECTION('ref_axis',(-1.,0.,-1.11022302462516E-15));
#2872=DIRECTION('',(-1.,6.79815536723445E-32,-1.11022302462516E-15));
#2873=DIRECTION('',(-0.577350269189626,0.577350269189626,-0.577350269189626));
#2874=DIRECTION('',(1.,-6.79815536723445E-32,1.11022302462516E-15));
#2875=DIRECTION('',(0.577350269189628,0.577350269189628,-0.577350269189622));
#2876=DIRECTION('center_axis',(-0.707106781186548,-0.707106781186548,-4.32978028117747E-17));
#2877=DIRECTION('ref_axis',(-6.12323399573677E-17,0.,1.));
#2878=DIRECTION('',(0.,-6.12323399573677E-17,1.));
#2879=DIRECTION('',(-0.577350269189626,0.577350269189626,0.577350269189626));
#2880=DIRECTION('',(0.,6.12323399573677E-17,-1.));
#2881=DIRECTION('center_axis',(0.,-0.707106781186548,0.707106781186548));
#2882=DIRECTION('ref_axis',(1.,0.,0.));
#2883=DIRECTION('',(1.,0.,0.));
#2884=DIRECTION('',(0.577350269189626,0.577350269189626,0.577350269189626));
#2885=DIRECTION('',(-1.,0.,0.));
#2886=DIRECTION('center_axis',(0.707106781186548,-0.707106781186548,-4.32978028117747E-17));
#2887=DIRECTION('ref_axis',(-6.12323399573677E-17,0.,-1.));
#2888=DIRECTION('',(0.,-6.12323399573677E-17,1.));
#2889=DIRECTION('',(0.,6.12323399573677E-17,-1.));
#2890=DIRECTION('center_axis',(1.,0.,0.));
#2891=DIRECTION('ref_axis',(0.,-1.,0.));
#2892=DIRECTION('',(0.,-1.,0.));
#2893=DIRECTION('center_axis',(-1.,0.,0.));
#2894=DIRECTION('ref_axis',(0.,1.,0.));
#2895=DIRECTION('',(0.,0.,-1.));
#2896=DIRECTION('',(0.,1.,0.));
#2897=DIRECTION('',(0.,0.,-1.));
#2898=DIRECTION('center_axis',(-1.,0.,0.));
#2899=DIRECTION('ref_axis',(0.,1.,4.44089209850064E-15));
#2900=DIRECTION('',(0.,-1.,0.));
#2901=DIRECTION('center_axis',(1.11022302462516E-15,0.,-1.));
#2902=DIRECTION('ref_axis',(1.,-6.79815536723445E-32,1.11022302462516E-15));
#2903=DIRECTION('',(0.,-1.,0.));
#2904=DIRECTION('',(1.,-6.79815536723445E-32,1.11022302462516E-15));
#2905=DIRECTION('center_axis',(0.,1.,6.12323399573677E-17));
#2906=DIRECTION('ref_axis',(1.,0.,0.));
#2907=DIRECTION('center_axis',(-0.707106781186547,0.,0.707106781186548));
#2908=DIRECTION('ref_axis',(0.707106781186548,0.,0.707106781186547));
#2909=DIRECTION('',(0.,-1.,0.));
#2910=DIRECTION('',(0.577350269189626,0.577350269189626,0.577350269189626));
#2911=DIRECTION('',(0.,1.,0.));
#2912=DIRECTION('',(0.577350269189626,-0.577350269189626,0.577350269189626));
#2913=DIRECTION('center_axis',(0.,-0.707106781186547,0.707106781186548));
#2914=DIRECTION('ref_axis',(1.,0.,0.));
#2915=DIRECTION('',(1.,0.,0.));
#2916=DIRECTION('',(-0.577350269189626,0.577350269189626,0.577350269189626));
#2917=DIRECTION('',(-1.,0.,0.));
#2918=DIRECTION('center_axis',(7.85046229341887E-16,0.707106781186547,0.707106781186548));
#2919=DIRECTION('ref_axis',(1.,0.,-1.11022302462515E-15));
#2920=DIRECTION('',(1.,-1.11022302462516E-15,0.));
#2921=DIRECTION('',(0.577350269189626,0.577350269189626,-0.577350269189626));
#2922=DIRECTION('',(-1.,1.11022302462516E-15,0.));
#2923=DIRECTION('center_axis',(0.707106781186547,0.,0.707106781186548));
#2924=DIRECTION('ref_axis',(0.707106781186548,0.,-0.707106781186547));
#2925=DIRECTION('',(0.,-1.,0.));
#2926=DIRECTION('center_axis',(0.,-1.,0.));
#2927=DIRECTION('ref_axis',(-1.,0.,0.));
#2928=DIRECTION('',(0.,0.,-1.));
#2929=DIRECTION('',(-1.,0.,0.));
#2930=DIRECTION('center_axis',(-1.,0.,0.));
#2931=DIRECTION('ref_axis',(0.,1.,0.));
#2932=DIRECTION('',(0.,-1.,0.));
#2933=DIRECTION('center_axis',(-1.,0.,0.));
#2934=DIRECTION('ref_axis',(0.,1.,4.44089209850064E-15));
#2935=DIRECTION('',(0.,0.,-1.));
#2936=DIRECTION('center_axis',(-1.,0.,0.));
#2937=DIRECTION('ref_axis',(0.,1.,0.));
#2938=DIRECTION('center_axis',(0.,0.,1.));
#2939=DIRECTION('ref_axis',(1.,0.,0.));
#2940=DIRECTION('center_axis',(0.,0.,1.));
#2941=DIRECTION('ref_axis',(-1.,0.,0.));
#2942=DIRECTION('',(-1.,0.,0.));
#2943=DIRECTION('center_axis',(-1.,0.,0.));
#2944=DIRECTION('ref_axis',(0.,1.,0.));
#2945=DIRECTION('center_axis',(-1.,0.,0.));
#2946=DIRECTION('ref_axis',(0.,1.,0.));
#2947=DIRECTION('',(1.,-1.11022302462516E-15,0.));
#2948=DIRECTION('center_axis',(1.11022302462516E-15,1.,0.));
#2949=DIRECTION('ref_axis',(1.,-1.11022302462516E-15,0.));
#2950=DIRECTION('center_axis',(7.85046229341887E-16,-0.707106781186548,
-0.707106781186548));
#2951=DIRECTION('ref_axis',(-1.,0.,-1.11022302462516E-15));
#2952=DIRECTION('',(-1.,6.79815536723445E-32,-1.11022302462516E-15));
#2953=DIRECTION('',(-0.577350269189626,0.577350269189626,-0.577350269189626));
#2954=DIRECTION('',(1.,-6.79815536723445E-32,1.11022302462516E-15));
#2955=DIRECTION('',(0.577350269189628,0.577350269189628,-0.577350269189622));
#2956=DIRECTION('center_axis',(-0.707106781186548,-0.707106781186548,-4.32978028117747E-17));
#2957=DIRECTION('ref_axis',(-6.12323399573677E-17,0.,1.));
#2958=DIRECTION('',(0.,-6.12323399573677E-17,1.));
#2959=DIRECTION('',(-0.577350269189626,0.577350269189626,0.577350269189626));
#2960=DIRECTION('',(0.,6.12323399573677E-17,-1.));
#2961=DIRECTION('center_axis',(0.,-0.707106781186548,0.707106781186548));
#2962=DIRECTION('ref_axis',(1.,0.,0.));
#2963=DIRECTION('',(1.,0.,0.));
#2964=DIRECTION('',(0.577350269189626,0.577350269189626,0.577350269189626));
#2965=DIRECTION('',(-1.,0.,0.));
#2966=DIRECTION('center_axis',(0.707106781186548,-0.707106781186548,-4.32978028117747E-17));
#2967=DIRECTION('ref_axis',(-6.12323399573677E-17,0.,-1.));
#2968=DIRECTION('',(0.,-6.12323399573677E-17,1.));
#2969=DIRECTION('',(0.,6.12323399573677E-17,-1.));
#2970=DIRECTION('center_axis',(1.,0.,0.));
#2971=DIRECTION('ref_axis',(0.,-1.,0.));
#2972=DIRECTION('',(0.,-1.,0.));
#2973=DIRECTION('center_axis',(-1.,0.,0.));
#2974=DIRECTION('ref_axis',(0.,1.,0.));
#2975=DIRECTION('',(0.,0.,-1.));
#2976=DIRECTION('',(0.,1.,0.));
#2977=DIRECTION('',(0.,0.,-1.));
#2978=DIRECTION('center_axis',(-1.,0.,0.));
#2979=DIRECTION('ref_axis',(0.,1.,4.44089209850064E-15));
#2980=DIRECTION('',(0.,-1.,0.));
#2981=DIRECTION('center_axis',(1.11022302462516E-15,0.,-1.));
#2982=DIRECTION('ref_axis',(1.,-6.79815536723445E-32,1.11022302462516E-15));
#2983=DIRECTION('',(0.,-1.,0.));
#2984=DIRECTION('',(1.,-6.79815536723445E-32,1.11022302462516E-15));
#2985=DIRECTION('center_axis',(0.,1.,6.12323399573677E-17));
#2986=DIRECTION('ref_axis',(1.,0.,0.));
#2987=DIRECTION('center_axis',(-0.707106781186547,0.,0.707106781186548));
#2988=DIRECTION('ref_axis',(0.707106781186548,0.,0.707106781186547));
#2989=DIRECTION('',(0.,-1.,0.));
#2990=DIRECTION('',(0.577350269189626,0.577350269189626,0.577350269189626));
#2991=DIRECTION('',(0.,1.,0.));
#2992=DIRECTION('',(0.577350269189626,-0.577350269189626,0.577350269189626));
#2993=DIRECTION('center_axis',(0.,-0.707106781186547,0.707106781186548));
#2994=DIRECTION('ref_axis',(1.,0.,0.));
#2995=DIRECTION('',(1.,0.,0.));
#2996=DIRECTION('',(-0.577350269189626,0.577350269189626,0.577350269189626));
#2997=DIRECTION('',(-1.,0.,0.));
#2998=DIRECTION('center_axis',(7.85046229341887E-16,0.707106781186547,0.707106781186548));
#2999=DIRECTION('ref_axis',(1.,0.,-1.11022302462515E-15));
#3000=DIRECTION('',(1.,-1.11022302462516E-15,0.));
#3001=DIRECTION('',(0.577350269189626,0.577350269189626,-0.577350269189626));
#3002=DIRECTION('',(-1.,1.11022302462516E-15,0.));
#3003=DIRECTION('center_axis',(0.707106781186547,0.,0.707106781186548));
#3004=DIRECTION('ref_axis',(0.707106781186548,0.,-0.707106781186547));
#3005=DIRECTION('',(0.,-1.,0.));
#3006=DIRECTION('center_axis',(0.,-1.,0.));
#3007=DIRECTION('ref_axis',(-1.,0.,0.));
#3008=DIRECTION('',(0.,0.,-1.));
#3009=DIRECTION('',(-1.,0.,0.));
#3010=DIRECTION('center_axis',(-1.,0.,0.));
#3011=DIRECTION('ref_axis',(0.,1.,0.));
#3012=DIRECTION('',(0.,-1.,0.));
#3013=DIRECTION('center_axis',(-1.,0.,0.));
#3014=DIRECTION('ref_axis',(0.,1.,4.44089209850064E-15));
#3015=DIRECTION('',(0.,0.,-1.));
#3016=DIRECTION('center_axis',(-1.,0.,0.));
#3017=DIRECTION('ref_axis',(0.,1.,0.));
#3018=DIRECTION('center_axis',(0.,0.,1.));
#3019=DIRECTION('ref_axis',(1.,0.,0.));
#3020=DIRECTION('center_axis',(0.,0.,1.));
#3021=DIRECTION('ref_axis',(-1.,0.,0.));
#3022=DIRECTION('',(-1.,0.,0.));
#3023=DIRECTION('center_axis',(-1.,0.,0.));
#3024=DIRECTION('ref_axis',(0.,1.,0.));
#3025=DIRECTION('center_axis',(-1.,0.,0.));
#3026=DIRECTION('ref_axis',(0.,1.,0.));
#3027=DIRECTION('',(1.,-1.11022302462516E-15,0.));
#3028=DIRECTION('center_axis',(1.11022302462516E-15,1.,0.));
#3029=DIRECTION('ref_axis',(1.,-1.11022302462516E-15,0.));
#3030=CARTESIAN_POINT('',(0.,0.,0.));
#3031=CARTESIAN_POINT('Origin',(3.95,2.5,-2.));
#3032=CARTESIAN_POINT('',(3.35,2.5,0.));
#3033=CARTESIAN_POINT('',(3.35,2.5,-2.));
#3034=CARTESIAN_POINT('',(3.35,2.5,-2.5));
#3035=CARTESIAN_POINT('',(3.95,2.5,0.));
#3036=CARTESIAN_POINT('',(1.975,2.5,0.));
#3037=CARTESIAN_POINT('',(3.95,2.5,-2.));
#3038=CARTESIAN_POINT('',(3.95,2.5,-2.5));
#3039=CARTESIAN_POINT('',(3.95,2.5,-2.));
#3040=CARTESIAN_POINT('Origin',(3.95,3.5,-2.));
#3041=CARTESIAN_POINT('',(3.35,3.5,-2.));
#3042=CARTESIAN_POINT('',(3.35,2.95,-2.));
#3043=CARTESIAN_POINT('',(3.95,3.5,-2.));
#3044=CARTESIAN_POINT('',(3.95,2.95,-2.));
#3045=CARTESIAN_POINT('',(3.95,3.5,-2.));
#3046=CARTESIAN_POINT('Origin',(3.95,3.5,0.));
#3047=CARTESIAN_POINT('',(3.35,3.5,-3.37037740267766E-32));
#3048=CARTESIAN_POINT('',(3.35,3.5,-1.5));
#3049=CARTESIAN_POINT('',(3.95,3.5,0.));
#3050=CARTESIAN_POINT('',(3.95,3.5,-1.5));
#3051=CARTESIAN_POINT('',(1.975,3.5,-3.37037740267766E-32));
#3052=CARTESIAN_POINT('Origin',(3.95,3.5,0.));
#3053=CARTESIAN_POINT('',(-3.35,3.5,-3.37037740267766E-32));
#3054=CARTESIAN_POINT('',(-3.35,3.5,-2.));
#3055=CARTESIAN_POINT('',(-3.35,3.5,-1.5));
#3056=CARTESIAN_POINT('',(-3.95,3.5,-3.37037740267766E-32));
#3057=CARTESIAN_POINT('',(1.975,3.5,-3.37037740267766E-32));
#3058=CARTESIAN_POINT('',(-3.95,3.5,-2.));
#3059=CARTESIAN_POINT('',(-3.95,3.5,-1.5));
#3060=CARTESIAN_POINT('',(3.95,3.5,-2.));
#3061=CARTESIAN_POINT('Origin',(3.95,3.5,-2.));
#3062=CARTESIAN_POINT('',(-3.35,2.5,-2.));
#3063=CARTESIAN_POINT('',(-3.35,2.95,-2.));
#3064=CARTESIAN_POINT('',(-3.95,2.5,-2.));
#3065=CARTESIAN_POINT('',(-3.95,2.95,-2.));
#3066=CARTESIAN_POINT('',(3.95,2.5,-2.));
#3067=CARTESIAN_POINT('Origin',(3.95,2.5,-2.));
#3068=CARTESIAN_POINT('',(-3.35,2.5,0.));
#3069=CARTESIAN_POINT('',(-3.35,2.5,-2.5));
#3070=CARTESIAN_POINT('',(-3.95,2.5,-2.40741243048404E-32));
#3071=CARTESIAN_POINT('',(-3.95,2.5,-2.5));
#3072=CARTESIAN_POINT('',(1.975,2.5,0.));
#3073=CARTESIAN_POINT('Origin',(-3.95,2.4,-3.));
#3074=CARTESIAN_POINT('',(-3.95,4.8,0.));
#3075=CARTESIAN_POINT('',(-3.95,0.,0.));
#3076=CARTESIAN_POINT('',(-3.95,4.8,-6.));
#3077=CARTESIAN_POINT('',(-3.95,4.8,-4.62223186652937E-32));
#3078=CARTESIAN_POINT('',(-3.95,3.3,-6.00000000000001));
#3079=CARTESIAN_POINT('',(-3.95,4.8,-6.));
#3080=CARTESIAN_POINT('',(-3.95,2.5,-7.59999999999999));
#3081=CARTESIAN_POINT('',(-3.95,3.3,-6.00000000000001));
#3082=CARTESIAN_POINT('',(-3.95,-1.39609735102798E-15,-7.6));
#3083=CARTESIAN_POINT('',(-3.95,2.5,-7.59999999999999));
#3084=CARTESIAN_POINT('',(-3.95,0.,0.));
#3085=CARTESIAN_POINT('',(-3.95,-1.39609735102798E-15,-7.6));
#3086=CARTESIAN_POINT('',(-3.95,0.,0.));
#3087=CARTESIAN_POINT('Origin',(0.,4.8,-4.62223186652937E-32));
#3088=CARTESIAN_POINT('',(-3.35,4.2,-1.34815096107107E-32));
#3089=CARTESIAN_POINT('',(-3.35,3.6,0.));
#3090=CARTESIAN_POINT('',(-1.15,4.2,-6.18803782577015E-16));
#3091=CARTESIAN_POINT('',(0.,4.2,0.));
#3092=CARTESIAN_POINT('',(-1.15,4.8,-6.18803782577015E-16));
#3093=CARTESIAN_POINT('',(-1.15,4.8,0.));
#3094=CARTESIAN_POINT('',(0.,4.8,-4.62223186652937E-32));
#3095=CARTESIAN_POINT('Origin',(0.,4.8,-4.62223186652937E-32));
#3096=CARTESIAN_POINT('',(3.95,4.8,0.));
#3097=CARTESIAN_POINT('',(3.95,0.,0.));
#3098=CARTESIAN_POINT('',(1.15,4.8,-6.18803782577015E-16));
#3099=CARTESIAN_POINT('',(0.,4.8,-4.62223186652937E-32));
#3100=CARTESIAN_POINT('',(1.15,4.2,-6.18803782577015E-16));
#3101=CARTESIAN_POINT('',(1.15,4.8,0.));
#3102=CARTESIAN_POINT('',(3.35,4.2,-1.34815096107107E-32));
#3103=CARTESIAN_POINT('',(0.,4.2,0.));
#3104=CARTESIAN_POINT('',(3.35,3.6,0.));
#3105=CARTESIAN_POINT('Origin',(3.35,2.4,-3.));
#3106=CARTESIAN_POINT('',(3.35,4.2,-3.57734173766289));
#3107=CARTESIAN_POINT('',(3.35,4.2,-4.5));
#3108=CARTESIAN_POINT('',(3.35,3.8,-3.57734173766289));
#3109=CARTESIAN_POINT('',(3.35,3.6,-3.57734173766289));
#3110=CARTESIAN_POINT('',(3.35,3.8,-5.4));
#3111=CARTESIAN_POINT('',(3.35,3.8,-4.39231598626968));
#3112=CARTESIAN_POINT('',(3.35,0.8,-5.40000000000002));
#3113=CARTESIAN_POINT('',(3.35,1.2,-5.40000000000001));
#3114=CARTESIAN_POINT('',(3.35,0.8,2.69630192214213E-32));
#3115=CARTESIAN_POINT('',(3.35,0.8,-1.5));
#3116=CARTESIAN_POINT('',(3.35,3.6,0.));
#3117=CARTESIAN_POINT('Origin',(-1.15,4.8,-4.));
#3118=CARTESIAN_POINT('',(-1.15,4.2,-4.));
#3119=CARTESIAN_POINT('',(-1.15,4.2,-5.));
#3120=CARTESIAN_POINT('',(-1.15,4.8,-4.));
#3121=CARTESIAN_POINT('',(-1.15,4.8,-4.));
#3122=CARTESIAN_POINT('',(-1.15,4.8,-5.));
#3123=CARTESIAN_POINT('Origin',(-3.45,4.8,-3.57734173766289));
#3124=CARTESIAN_POINT('',(-3.35,3.8,-3.57734173766289));
#3125=CARTESIAN_POINT('',(-3.35,4.2,-3.57734173766289));
#3126=CARTESIAN_POINT('',(-3.35,3.6,-3.57734173766289));
#3127=CARTESIAN_POINT('',(-3.45,3.8,-3.57734173766289));
#3128=CARTESIAN_POINT('',(-2.45,3.8,-3.57734173766289));
#3129=CARTESIAN_POINT('',(-3.45,4.8,-3.57734173766289));
#3130=CARTESIAN_POINT('',(-3.45,4.8,-3.57734173766289));
#3131=CARTESIAN_POINT('',(-2.45,4.8,-3.57734173766289));
#3132=CARTESIAN_POINT('',(-1.725,4.8,-3.57734173766289));
#3133=CARTESIAN_POINT('',(-2.45,4.2,-3.57734173766289));
#3134=CARTESIAN_POINT('',(-2.45,4.8,-3.57734173766289));
#3135=CARTESIAN_POINT('',(-1.725,4.2,-3.57734173766289));
#3136=CARTESIAN_POINT('Origin',(-3.45,4.8,-6.));
#3137=CARTESIAN_POINT('',(-3.45,4.8,-6.));
#3138=CARTESIAN_POINT('',(-3.45,4.8,-6.));
#3139=CARTESIAN_POINT('',(-3.45,3.8,-6.));
#3140=CARTESIAN_POINT('',(-3.45,3.8,-3.57734173766289));
#3141=CARTESIAN_POINT('',(-3.45,2.4,-6.00000000000001));
#3142=CARTESIAN_POINT('Origin',(-2.45,4.8,-3.57734173766289));
#3143=CARTESIAN_POINT('',(-2.45,4.2,-5.4));
#3144=CARTESIAN_POINT('',(-2.45,3.8,-5.4));
#3145=CARTESIAN_POINT('',(-2.45,2.4,-5.40000000000001));
#3146=CARTESIAN_POINT('',(-2.45,4.2,-4.78867086883145));
#3147=CARTESIAN_POINT('',(-2.45,4.8,-5.7999998435378));
#3148=CARTESIAN_POINT('',(-2.45,4.8,-4.78867086883145));
#3149=CARTESIAN_POINT('',(-2.45,3.8,-5.7999998435378));
#3150=CARTESIAN_POINT('',(-2.45,4.8,-5.7999998435378));
#3151=CARTESIAN_POINT('',(-2.45,3.8,-7.99192220741581));
#3152=CARTESIAN_POINT('Origin',(-2.95,3.8,-5.78463197253935));
#3153=CARTESIAN_POINT('',(-3.35,3.8,-5.4));
#3154=CARTESIAN_POINT('',(-3.35,3.8,-4.39231598626968));
#3155=CARTESIAN_POINT('',(-1.475,3.8,-5.4));
#3156=CARTESIAN_POINT('',(-2.6,3.8,-5.7999998435378));
#3157=CARTESIAN_POINT('',(-2.175,3.8,-5.7999998435378));
#3158=CARTESIAN_POINT('',(-2.60000000424683,3.8,-6.));
#3159=CARTESIAN_POINT('',(-2.60000000026622,3.8,-5.79231590197567));
#3160=CARTESIAN_POINT('',(-1.475,3.8,-6.));
#3161=CARTESIAN_POINT('Origin',(-1.4,4.8,-5.7999998435378));
#3162=CARTESIAN_POINT('',(-1.4,4.8,-5.7999998435378));
#3163=CARTESIAN_POINT('',(-0.700000000000001,4.8,-5.7999998435378));
#3164=CARTESIAN_POINT('',(-1.4,0.2,-5.79999984353781));
#3165=CARTESIAN_POINT('',(-1.4,4.8,-5.7999998435378));
#3166=CARTESIAN_POINT('',(-2.6,0.2,-5.79999984353781));
#3167=CARTESIAN_POINT('',(-2.375,0.2,-5.7999998435378));
#3168=CARTESIAN_POINT('',(-2.6,4.8,-5.7999998435378));
#3169=CARTESIAN_POINT('',(-1.74999999999977,2.85,-5.7999998435378));
#3170=CARTESIAN_POINT('',(-2.25000000000024,2.85,-5.7999998435378));
#3171=CARTESIAN_POINT('',(-1.57499999999988,2.85,-5.79999984353781));
#3172=CARTESIAN_POINT('',(-1.74999999999977,3.35,-5.7999998435378));
#3173=CARTESIAN_POINT('',(-1.74999999999977,4.075,-5.79999984353781));
#3174=CARTESIAN_POINT('',(-2.25000000000024,3.35,-5.7999998435378));
#3175=CARTESIAN_POINT('',(-1.82500000000012,3.35,-5.79999984353781));
#3176=CARTESIAN_POINT('',(-2.25000000000024,3.825,-5.79999984353781));
#3177=CARTESIAN_POINT('Origin',(0.,4.8,-6.));
#3178=CARTESIAN_POINT('',(1.15,4.8,-4.));
#3179=CARTESIAN_POINT('',(0.,4.8,-4.));
#3180=CARTESIAN_POINT('',(1.15,4.8,-5.));
#3181=CARTESIAN_POINT('',(3.95,4.8,-6.));
#3182=CARTESIAN_POINT('',(3.95,4.8,-4.62223186652937E-32));
#3183=CARTESIAN_POINT('',(3.45,4.8,-6.));
#3184=CARTESIAN_POINT('',(0.,4.8,-6.));
#3185=CARTESIAN_POINT('',(3.45,4.8,-3.57734173766289));
#3186=CARTESIAN_POINT('',(3.45,4.8,-6.));
#3187=CARTESIAN_POINT('',(2.45,4.8,-3.57734173766289));
#3188=CARTESIAN_POINT('',(1.725,4.8,-3.57734173766289));
#3189=CARTESIAN_POINT('',(2.45,4.8,-5.7999998435378));
#3190=CARTESIAN_POINT('',(2.45,4.8,-4.78867086883145));
#3191=CARTESIAN_POINT('',(1.4,4.8,-5.7999998435378));
#3192=CARTESIAN_POINT('',(1.3,4.8,-5.7999998435378));
#3193=CARTESIAN_POINT('',(1.40000000692904,4.8,-6.));
#3194=CARTESIAN_POINT('',(1.40000000346452,4.8,-5.89999989751726));
#3195=CARTESIAN_POINT('',(0.600000004246831,4.8,-6.));
#3196=CARTESIAN_POINT('',(0.,4.8,-6.));
#3197=CARTESIAN_POINT('',(0.599999999999997,4.8,-5.7999998435378));
#3198=CARTESIAN_POINT('',(0.600000004246831,4.8,-5.99999999362975));
#3199=CARTESIAN_POINT('',(-0.600000000000003,4.8,-5.7999998435378));
#3200=CARTESIAN_POINT('',(0.299999999999999,4.8,-5.7999998435378));
#3201=CARTESIAN_POINT('',(-0.599999993070957,4.8,-6.));
#3202=CARTESIAN_POINT('',(-0.59999999653548,4.8,-5.89999993216246));
#3203=CARTESIAN_POINT('',(-1.39999999575317,4.8,-6.));
#3204=CARTESIAN_POINT('',(0.,4.8,-6.));
#3205=CARTESIAN_POINT('',(-1.39999999575317,4.8,-6.00000001486391));
#3206=CARTESIAN_POINT('',(0.,4.8,-6.));
#3207=CARTESIAN_POINT('Origin',(-3.35,2.4,-3.));
#3208=CARTESIAN_POINT('',(-3.35,0.8,2.69630192214213E-32));
#3209=CARTESIAN_POINT('',(-3.35,3.6,0.));
#3210=CARTESIAN_POINT('',(-3.35,0.8,-5.40000000000002));
#3211=CARTESIAN_POINT('',(-3.35,0.8,-1.5));
#3212=CARTESIAN_POINT('',(-3.35,1.2,-5.40000000000001));
#3213=CARTESIAN_POINT('',(-3.35,4.2,-4.5));
#3214=CARTESIAN_POINT('Origin',(-3.95,3.3,-6.00000000000001));
#3215=CARTESIAN_POINT('',(-3.15,3.3,-6.00000000000001));
#3216=CARTESIAN_POINT('',(-1.975,3.3,-6.00000000000001));
#3217=CARTESIAN_POINT('',(-3.15,2.5,-7.59999999999999));
#3218=CARTESIAN_POINT('',(-3.15,3.3,-6.00000000000001));
#3219=CARTESIAN_POINT('',(-3.95,2.5,-7.59999999999999));
#3220=CARTESIAN_POINT('Origin',(-3.95,-1.10218211923262E-15,-6.));
#3221=CARTESIAN_POINT('',(-3.35,0.2,-6.00000000000002));
#3222=CARTESIAN_POINT('',(-3.35,-1.66533453693773E-15,-6.));
#3223=CARTESIAN_POINT('',(-3.35,1.02695629777827E-14,-6.00000000000002));
#3224=CARTESIAN_POINT('',(-3.15,-1.11022302462516E-15,-6.));
#3225=CARTESIAN_POINT('',(-3.95,-1.10218211923262E-15,-6.));
#3226=CARTESIAN_POINT('',(-3.15,0.2,-6.));
#3227=CARTESIAN_POINT('',(-3.15,-1.66533453693773E-15,-6.));
#3228=CARTESIAN_POINT('',(-1.675,0.2,-6.00000000000002));
#3229=CARTESIAN_POINT('Origin',(-3.95,2.5,-7.59999999999999));
#3230=CARTESIAN_POINT('',(-3.15,-1.38777878078145E-15,-7.6));
#3231=CARTESIAN_POINT('',(-3.15,2.5,-7.59999999999999));
#3232=CARTESIAN_POINT('',(-3.95,-1.39609735102798E-15,-7.6));
#3233=CARTESIAN_POINT('Origin',(-3.15,1.65,-6.8));
#3234=CARTESIAN_POINT('',(-3.15,0.824999999999997,-6.00000000000001));
#3235=CARTESIAN_POINT('',(-3.15,-1.39609735102798E-15,-7.6));
#3236=CARTESIAN_POINT('Origin',(0.,4.8,-4.));
#3237=CARTESIAN_POINT('',(1.15,4.2,-4.));
#3238=CARTESIAN_POINT('',(0.,4.2,-4.));
#3239=CARTESIAN_POINT('',(1.15,4.8,-4.));
#3240=CARTESIAN_POINT('Origin',(1.15,4.8,-4.));
#3241=CARTESIAN_POINT('',(1.15,4.2,-5.));
#3242=CARTESIAN_POINT('Origin',(2.45,4.8,-3.57734173766289));
#3243=CARTESIAN_POINT('',(2.45,3.8,-5.4));
#3244=CARTESIAN_POINT('',(2.45,4.2,-5.4));
#3245=CARTESIAN_POINT('',(2.45,2.4,-5.40000000000001));
#3246=CARTESIAN_POINT('',(2.45,3.8,-5.7999998435378));
#3247=CARTESIAN_POINT('',(2.45,3.8,-7.99192220741581));
#3248=CARTESIAN_POINT('',(2.45,4.8,-5.7999998435378));
#3249=CARTESIAN_POINT('',(2.45,4.2,-3.57734173766289));
#3250=CARTESIAN_POINT('',(2.45,4.8,-3.57734173766289));
#3251=CARTESIAN_POINT('',(2.45,4.2,-4.78867086883145));
#3252=CARTESIAN_POINT('Origin',(3.45,4.8,-3.57734173766289));
#3253=CARTESIAN_POINT('',(1.725,4.2,-3.57734173766289));
#3254=CARTESIAN_POINT('',(3.45,3.8,-3.57734173766289));
#3255=CARTESIAN_POINT('',(3.45,4.8,-3.57734173766289));
#3256=CARTESIAN_POINT('',(2.45,3.8,-3.57734173766289));
#3257=CARTESIAN_POINT('Origin',(3.45,4.8,-6.));
#3258=CARTESIAN_POINT('',(3.45,3.8,-6.));
#3259=CARTESIAN_POINT('',(3.45,2.4,-6.00000000000001));
#3260=CARTESIAN_POINT('',(3.45,3.8,-3.57734173766289));
#3261=CARTESIAN_POINT('Origin',(2.95,3.8,-5.78463197253935));
#3262=CARTESIAN_POINT('',(1.475,3.8,-5.4));
#3263=CARTESIAN_POINT('',(2.60000000424683,3.8,-6.));
#3264=CARTESIAN_POINT('',(1.475,3.8,-6.));
#3265=CARTESIAN_POINT('',(2.6,3.8,-5.7999998435378));
#3266=CARTESIAN_POINT('',(2.60000000196025,3.8,-5.89231598998565));
#3267=CARTESIAN_POINT('',(2.775,3.8,-5.7999998435378));
#3268=CARTESIAN_POINT('Origin',(2.6,4.8,-5.7999998435378));
#3269=CARTESIAN_POINT('',(2.6,0.2,-5.79999984353781));
#3270=CARTESIAN_POINT('',(2.6,4.8,-5.7999998435378));
#3271=CARTESIAN_POINT('',(1.4,0.2,-5.79999984353781));
#3272=CARTESIAN_POINT('',(-0.375000000000001,0.2,-5.7999998435378));
#3273=CARTESIAN_POINT('',(1.4,4.8,-5.7999998435378));
#3274=CARTESIAN_POINT('',(2.25000000000023,2.85,-5.7999998435378));
#3275=CARTESIAN_POINT('',(1.74999999999976,2.85,-5.7999998435378));
#3276=CARTESIAN_POINT('',(2.42500000000012,2.85,-5.79999984353781));
#3277=CARTESIAN_POINT('',(2.25000000000023,3.35,-5.7999998435378));
#3278=CARTESIAN_POINT('',(2.25000000000023,4.075,-5.79999984353781));
#3279=CARTESIAN_POINT('',(1.74999999999976,3.35,-5.7999998435378));
#3280=CARTESIAN_POINT('',(2.17499999999988,3.35,-5.79999984353781));
#3281=CARTESIAN_POINT('',(1.74999999999976,3.825,-5.79999984353781));
#3282=CARTESIAN_POINT('Origin',(0.,4.2,-6.));
#3283=CARTESIAN_POINT('',(0.,4.2,-5.4));
#3284=CARTESIAN_POINT('Origin',(3.95,-1.10218211923262E-15,-6.));
#3285=CARTESIAN_POINT('',(3.35,-1.66533453693773E-15,-6.));
#3286=CARTESIAN_POINT('',(3.35,0.2,-6.00000000000002));
#3287=CARTESIAN_POINT('',(3.35,0.10000000000001,-6.00000000000002));
#3288=CARTESIAN_POINT('',(3.15,0.2,-6.));
#3289=CARTESIAN_POINT('',(-1.675,0.2,-6.00000000000002));
#3290=CARTESIAN_POINT('',(3.15,-1.11022302462516E-15,-6.));
#3291=CARTESIAN_POINT('',(3.15,-1.66533453693773E-15,-6.));
#3292=CARTESIAN_POINT('',(3.95,-1.10218211923262E-15,-6.));
#3293=CARTESIAN_POINT('Origin',(3.95,3.3,-6.00000000000001));
#3294=CARTESIAN_POINT('',(3.95,3.3,-6.00000000000001));
#3295=CARTESIAN_POINT('',(3.95,2.5,-7.59999999999999));
#3296=CARTESIAN_POINT('',(3.95,3.3,-6.00000000000001));
#3297=CARTESIAN_POINT('',(3.15,2.5,-7.59999999999999));
#3298=CARTESIAN_POINT('',(3.95,2.5,-7.59999999999999));
#3299=CARTESIAN_POINT('',(3.15,3.3,-6.00000000000001));
#3300=CARTESIAN_POINT('',(3.15,3.3,-6.00000000000001));
#3301=CARTESIAN_POINT('',(1.975,3.3,-6.00000000000001));
#3302=CARTESIAN_POINT('Origin',(3.95,2.5,-7.59999999999999));
#3303=CARTESIAN_POINT('',(3.95,-1.39609735102798E-15,-7.6));
#3304=CARTESIAN_POINT('',(3.95,2.5,-7.59999999999999));
#3305=CARTESIAN_POINT('',(3.15,-1.38777878078145E-15,-7.6));
#3306=CARTESIAN_POINT('',(3.95,-1.39609735102798E-15,-7.6));
#3307=CARTESIAN_POINT('',(3.15,2.5,-7.59999999999999));
#3308=CARTESIAN_POINT('Origin',(3.15,1.65,-6.8));
#3309=CARTESIAN_POINT('',(3.15,-1.39609735102798E-15,-7.6));
#3310=CARTESIAN_POINT('',(3.15,0.824999999999997,-6.00000000000001));
#3311=CARTESIAN_POINT('Origin',(0.,-1.66533453693773E-15,-6.00000000000002));
#3312=CARTESIAN_POINT('',(3.95,4.8,-6.));
#3313=CARTESIAN_POINT('',(2.60000000424683,0.2,-6.));
#3314=CARTESIAN_POINT('',(-1.675,0.2,-6.00000000000002));
#3315=CARTESIAN_POINT('',(2.60000000424683,2.4,-6.00000000000001));
#3316=CARTESIAN_POINT('Origin',(1.4,4.8,-5.7999998435378));
#3317=CARTESIAN_POINT('',(1.40000000692904,0.2,-6.));
#3318=CARTESIAN_POINT('',(1.39999989952891,0.2,-2.89999983948655));
#3319=CARTESIAN_POINT('',(1.40000000692904,2.4,-6.00000000000001));
#3320=CARTESIAN_POINT('Origin',(2.60000000424683,4.8,-6.));
#3321=CARTESIAN_POINT('',(2.59999994054437,0.2,-2.99999993682839));
#3322=CARTESIAN_POINT('Origin',(0.,-1.66533453693773E-15,-6.00000000000002));
#3323=CARTESIAN_POINT('',(0.600000004246831,0.2,-6.));
#3324=CARTESIAN_POINT('',(-1.675,0.2,-6.00000000000002));
#3325=CARTESIAN_POINT('',(0.600000004246831,2.4,-6.00000000000001));
#3326=CARTESIAN_POINT('Origin',(1.74999999999976,3.35,-5.40000000000001));
#3327=CARTESIAN_POINT('',(2.25000000000023,3.35,-5.40000000000001));
#3328=CARTESIAN_POINT('',(2.25000000000023,3.35,-5.40000000000001));
#3329=CARTESIAN_POINT('',(1.74999999999976,3.35,-5.40000000000001));
#3330=CARTESIAN_POINT('',(0.87499999999988,3.35,-5.40000000000001));
#3331=CARTESIAN_POINT('',(1.74999999999976,3.35,-5.40000000000001));
#3332=CARTESIAN_POINT('Origin',(2.25000000000023,3.35,-5.40000000000001));
#3333=CARTESIAN_POINT('',(2.25000000000023,2.85,-5.40000000000001));
#3334=CARTESIAN_POINT('',(2.25000000000023,2.85,-5.40000000000001));
#3335=CARTESIAN_POINT('',(2.25000000000023,1.675,-5.40000000000001));
#3336=CARTESIAN_POINT('Origin',(2.25000000000023,2.85,-5.40000000000001));
#3337=CARTESIAN_POINT('',(1.74999999999976,2.85,-5.40000000000001));
#3338=CARTESIAN_POINT('',(1.74999999999976,2.85,-5.40000000000001));
#3339=CARTESIAN_POINT('',(1.12500000000012,2.85,-5.40000000000001));
#3340=CARTESIAN_POINT('Origin',(1.74999999999976,2.85,-5.40000000000001));
#3341=CARTESIAN_POINT('',(1.74999999999976,1.425,-5.40000000000001));
#3342=CARTESIAN_POINT('Origin',(-0.600000000000003,4.8,-5.7999998435378));
#3343=CARTESIAN_POINT('',(-0.599999993070957,0.2,-6.));
#3344=CARTESIAN_POINT('',(-0.600000000000003,0.2,-5.79999984353781));
#3345=CARTESIAN_POINT('',(-0.600000100471094,0.2,-2.89999987413175));
#3346=CARTESIAN_POINT('',(-0.599999993070957,2.4,-6.00000000000001));
#3347=CARTESIAN_POINT('',(-0.600000000000003,4.8,-5.7999998435378));
#3348=CARTESIAN_POINT('Origin',(0.599999999999997,4.8,-5.7999998435378));
#3349=CARTESIAN_POINT('',(0.599999999999997,0.2,-5.79999984353781));
#3350=CARTESIAN_POINT('',(-1.375,0.2,-5.7999998435378));
#3351=CARTESIAN_POINT('',(0.599999999999997,4.8,-5.7999998435378));
#3352=CARTESIAN_POINT('',(0.250000000000234,2.85,-5.7999998435378));
#3353=CARTESIAN_POINT('',(-0.250000000000241,2.85,-5.7999998435378));
#3354=CARTESIAN_POINT('',(0.425000000000116,2.85,-5.79999984353781));
#3355=CARTESIAN_POINT('',(0.250000000000234,3.35,-5.7999998435378));
#3356=CARTESIAN_POINT('',(0.250000000000234,4.075,-5.79999984353781));
#3357=CARTESIAN_POINT('',(-0.250000000000241,3.35,-5.7999998435378));
#3358=CARTESIAN_POINT('',(0.174999999999878,3.35,-5.79999984353781));
#3359=CARTESIAN_POINT('',(-0.250000000000241,3.825,-5.79999984353781));
#3360=CARTESIAN_POINT('Origin',(0.600000004246831,4.8,-6.));
#3361=CARTESIAN_POINT('',(0.599999940544371,0.2,-2.99999995806255));
#3362=CARTESIAN_POINT('Origin',(0.,-1.66533453693773E-15,-6.00000000000002));
#3363=CARTESIAN_POINT('',(-1.39999999575317,0.2,-6.));
#3364=CARTESIAN_POINT('',(-1.675,0.2,-6.00000000000002));
#3365=CARTESIAN_POINT('',(-1.39999999575317,2.4,-6.00000000000001));
#3366=CARTESIAN_POINT('Origin',(-0.250000000000241,3.35,-5.40000000000001));
#3367=CARTESIAN_POINT('',(0.250000000000234,3.35,-5.40000000000001));
#3368=CARTESIAN_POINT('',(0.250000000000234,3.35,-5.40000000000001));
#3369=CARTESIAN_POINT('',(-0.250000000000241,3.35,-5.40000000000001));
#3370=CARTESIAN_POINT('',(-0.12500000000012,3.35,-5.40000000000001));
#3371=CARTESIAN_POINT('',(-0.250000000000241,3.35,-5.40000000000001));
#3372=CARTESIAN_POINT('Origin',(0.250000000000234,3.35,-5.40000000000001));
#3373=CARTESIAN_POINT('',(0.250000000000234,2.85,-5.40000000000001));
#3374=CARTESIAN_POINT('',(0.250000000000234,2.85,-5.40000000000001));
#3375=CARTESIAN_POINT('',(0.250000000000234,1.675,-5.40000000000001));
#3376=CARTESIAN_POINT('Origin',(0.250000000000234,2.85,-5.40000000000001));
#3377=CARTESIAN_POINT('',(-0.250000000000241,2.85,-5.40000000000001));
#3378=CARTESIAN_POINT('',(-0.250000000000241,2.85,-5.40000000000001));
#3379=CARTESIAN_POINT('',(0.125000000000117,2.85,-5.40000000000001));
#3380=CARTESIAN_POINT('Origin',(-0.250000000000241,2.85,-5.40000000000001));
#3381=CARTESIAN_POINT('',(-0.250000000000241,1.425,-5.40000000000001));
#3382=CARTESIAN_POINT('Origin',(-1.39999999575317,4.8,-6.));
#3383=CARTESIAN_POINT('',(-1.40000005945563,0.2,-2.9999999792967));
#3384=CARTESIAN_POINT('Origin',(-2.6,4.8,-5.7999998435378));
#3385=CARTESIAN_POINT('',(-2.59999999307096,0.2,-6.));
#3386=CARTESIAN_POINT('',(-2.60000010047109,0.2,-2.89999990877695));
#3387=CARTESIAN_POINT('',(-2.59999999307096,2.4,-6.00000000000001));
#3388=CARTESIAN_POINT('Origin',(-3.35,0.2,0.));
#3389=CARTESIAN_POINT('',(3.35,0.2,0.));
#3390=CARTESIAN_POINT('',(3.35,0.2,0.));
#3391=CARTESIAN_POINT('',(-3.35,0.2,0.));
#3392=CARTESIAN_POINT('',(-1.675,0.2,-1.92592994438724E-33));
#3393=CARTESIAN_POINT('',(-3.35,0.2,0.));
#3394=CARTESIAN_POINT('',(-1.675,0.2,-6.00000000000002));
#3395=CARTESIAN_POINT('Origin',(-2.25000000000024,3.35,-5.40000000000001));
#3396=CARTESIAN_POINT('',(-1.74999999999977,3.35,-5.40000000000001));
#3397=CARTESIAN_POINT('',(-1.74999999999977,3.35,-5.40000000000001));
#3398=CARTESIAN_POINT('',(-2.25000000000024,3.35,-5.40000000000001));
#3399=CARTESIAN_POINT('',(-1.12500000000012,3.35,-5.40000000000001));
#3400=CARTESIAN_POINT('',(-2.25000000000024,3.35,-5.40000000000001));
#3401=CARTESIAN_POINT('Origin',(-1.74999999999977,3.35,-5.40000000000001));
#3402=CARTESIAN_POINT('',(-1.74999999999977,2.85,-5.40000000000001));
#3403=CARTESIAN_POINT('',(-1.74999999999977,2.85,-5.40000000000001));
#3404=CARTESIAN_POINT('',(-1.74999999999977,1.675,-5.40000000000001));
#3405=CARTESIAN_POINT('Origin',(-1.74999999999977,2.85,-5.40000000000001));
#3406=CARTESIAN_POINT('',(-2.25000000000024,2.85,-5.40000000000001));
#3407=CARTESIAN_POINT('',(-2.25000000000024,2.85,-5.40000000000001));
#3408=CARTESIAN_POINT('',(-0.874999999999883,2.85,-5.40000000000001));
#3409=CARTESIAN_POINT('Origin',(-2.25000000000024,2.85,-5.40000000000001));
#3410=CARTESIAN_POINT('',(-2.25000000000024,1.425,-5.40000000000001));
#3411=CARTESIAN_POINT('Origin',(-3.35,0.8,0.));
#3412=CARTESIAN_POINT('',(-1.675,0.8,-5.40000000000002));
#3413=CARTESIAN_POINT('',(-1.675,0.8,-7.70371977754894E-33));
#3414=CARTESIAN_POINT('Origin',(0.,-3.88578058618805E-15,-5.40000000000002));
#3415=CARTESIAN_POINT('Origin',(-3.35,0.,0.));
#3416=CARTESIAN_POINT('',(-3.35,0.,0.));
#3417=CARTESIAN_POINT('',(-3.35,2.4,-2.31111593326468E-32));
#3418=CARTESIAN_POINT('',(-3.35,0.,0.));
#3419=CARTESIAN_POINT('Origin',(3.35,0.2,0.));
#3420=CARTESIAN_POINT('',(3.35,0.,0.));
#3421=CARTESIAN_POINT('',(3.35,0.,1.83697019872103E-17));
#3422=CARTESIAN_POINT('',(3.35,2.5,-2.40741243048404E-32));
#3423=CARTESIAN_POINT('Origin',(0.,4.8,-4.62223186652937E-32));
#3424=CARTESIAN_POINT('',(0.,0.,0.));
#3425=CARTESIAN_POINT('',(3.95,0.,0.));
#3426=CARTESIAN_POINT('',(0.,0.,0.));
#3427=CARTESIAN_POINT('',(3.95,0.,0.));
#3428=CARTESIAN_POINT('Origin',(0.,0.,0.));
#3429=CARTESIAN_POINT('',(3.95,-1.39609735102798E-15,-7.6));
#3430=CARTESIAN_POINT('Origin',(0.,0.,0.));
#3431=CARTESIAN_POINT('Origin',(0.,-1.66533453693773E-15,-6.00000000000002));
#3432=CARTESIAN_POINT('Origin',(3.95,2.4,-3.));
#3433=CARTESIAN_POINT('Origin',(-2.125,-3.35,-6.45));
#3434=CARTESIAN_POINT('',(-1.85,-3.4,-6.4));
#3435=CARTESIAN_POINT('',(-2.15,-3.4,-6.4));
#3436=CARTESIAN_POINT('',(-2.125,-3.4,-6.4));
#3437=CARTESIAN_POINT('',(-2.25,-3.3,-6.5));
#3438=CARTESIAN_POINT('',(-2.15,-3.4,-6.4));
#3439=CARTESIAN_POINT('',(-1.75,-3.3,-6.5));
#3440=CARTESIAN_POINT('',(-2.125,-3.3,-6.5));
#3441=CARTESIAN_POINT('',(-1.85,-3.4,-6.4));
#3442=CARTESIAN_POINT('Origin',(-2.2,-3.35,-3.125));
#3443=CARTESIAN_POINT('',(-2.15,-3.4,-6.1));
#3444=CARTESIAN_POINT('',(-2.15,-3.4,-3.125));
#3445=CARTESIAN_POINT('',(-2.25,-3.3,-6.));
#3446=CARTESIAN_POINT('',(-2.15,-3.4,-6.1));
#3447=CARTESIAN_POINT('',(-2.25,-3.3,-3.125));
#3448=CARTESIAN_POINT('Origin',(-1.875,-3.35,-6.05));
#3449=CARTESIAN_POINT('',(-1.85,-3.4,-6.1));
#3450=CARTESIAN_POINT('',(-1.875,-3.4,-6.1));
#3451=CARTESIAN_POINT('',(-1.75,-3.3,-6.));
#3452=CARTESIAN_POINT('',(-1.85,-3.4,-6.1));
#3453=CARTESIAN_POINT('',(-1.875,-3.3,-6.));
#3454=CARTESIAN_POINT('Origin',(-1.8,-3.35,-3.125));
#3455=CARTESIAN_POINT('',(-1.75,-3.3,-3.125));
#3456=CARTESIAN_POINT('',(-1.85,-3.4,-3.125));
#3457=CARTESIAN_POINT('Origin',(-1.75,3.35,0.));
#3458=CARTESIAN_POINT('',(-1.75,2.6,-6.5));
#3459=CARTESIAN_POINT('',(-1.75,2.6,-6.5));
#3460=CARTESIAN_POINT('',(-1.75,3.35,-5.75));
#3461=CARTESIAN_POINT('Origin',(-1.75,2.6,-5.75));
#3462=CARTESIAN_POINT('',(-1.75,3.35,-0.1));
#3463=CARTESIAN_POINT('',(-1.75,3.35,0.));
#3464=CARTESIAN_POINT('',(-1.75,2.85,-0.1));
#3465=CARTESIAN_POINT('',(-1.75,3.225,-0.1));
#3466=CARTESIAN_POINT('',(-1.75,2.85,-5.75));
#3467=CARTESIAN_POINT('',(-1.75,2.85,0.));
#3468=CARTESIAN_POINT('',(-1.75,2.6,-6.));
#3469=CARTESIAN_POINT('Origin',(-1.75,2.6,-5.75));
#3470=CARTESIAN_POINT('',(-1.75,2.6,-6.));
#3471=CARTESIAN_POINT('Origin',(-2.25,2.6,-6.5));
#3472=CARTESIAN_POINT('',(-2.25,2.6,-6.5));
#3473=CARTESIAN_POINT('',(-2.25,2.6,-6.5));
#3474=CARTESIAN_POINT('',(-2.25,2.6,-6.5));
#3475=CARTESIAN_POINT('Origin',(-2.,-3.4,-6.25));
#3476=CARTESIAN_POINT('Origin',(-2.2,2.975,-0.05));
#3477=CARTESIAN_POINT('',(-2.25,3.35,-0.1));
#3478=CARTESIAN_POINT('',(-2.25,2.85,-0.1));
#3479=CARTESIAN_POINT('',(-2.25,2.975,-0.1));
#3480=CARTESIAN_POINT('',(-2.15,2.95,0.));
#3481=CARTESIAN_POINT('',(-2.25,2.85,-0.1));
#3482=CARTESIAN_POINT('',(-2.15,3.25,0.));
#3483=CARTESIAN_POINT('',(-2.15,2.975,0.));
#3484=CARTESIAN_POINT('',(-2.25,3.35,-0.1));
#3485=CARTESIAN_POINT('Origin',(-1.875,2.9,-0.05));
#3486=CARTESIAN_POINT('',(-1.875,2.85,-0.1));
#3487=CARTESIAN_POINT('',(-1.85,2.95,0.));
#3488=CARTESIAN_POINT('',(-1.75,2.85,-0.1));
#3489=CARTESIAN_POINT('',(-1.875,2.95,0.));
#3490=CARTESIAN_POINT('Origin',(-2.125,3.3,-0.05));
#3491=CARTESIAN_POINT('',(-1.85,3.25,0.));
#3492=CARTESIAN_POINT('',(-2.125,3.25,0.));
#3493=CARTESIAN_POINT('',(-1.85,3.25,0.));
#3494=CARTESIAN_POINT('',(-2.125,3.35,-0.1));
#3495=CARTESIAN_POINT('Origin',(-1.8,3.225,-0.05));
#3496=CARTESIAN_POINT('',(-1.85,3.225,0.));
#3497=CARTESIAN_POINT('Origin',(-1.75,2.85,0.));
#3498=CARTESIAN_POINT('',(-2.25,2.85,-5.75));
#3499=CARTESIAN_POINT('',(-2.25,2.85,0.));
#3500=CARTESIAN_POINT('',(-1.75,2.85,-5.75));
#3501=CARTESIAN_POINT('Origin',(-2.25,2.85,0.));
#3502=CARTESIAN_POINT('',(-2.25,2.6,-6.));
#3503=CARTESIAN_POINT('',(-2.25,2.6,-6.));
#3504=CARTESIAN_POINT('Origin',(-2.25,2.6,-5.75));
#3505=CARTESIAN_POINT('',(-2.25,3.35,-5.75));
#3506=CARTESIAN_POINT('',(-2.25,3.35,0.));
#3507=CARTESIAN_POINT('Origin',(-2.25,2.6,-5.75));
#3508=CARTESIAN_POINT('Origin',(-2.,3.1,0.));
#3509=CARTESIAN_POINT('Origin',(-1.75,2.6,-6.));
#3510=CARTESIAN_POINT('',(-1.75,2.6,-6.));
#3511=CARTESIAN_POINT('Origin',(-2.,2.6,-5.75));
#3512=CARTESIAN_POINT('Origin',(-2.,2.6,-5.75));
#3513=CARTESIAN_POINT('',(-2.25,3.35,-5.75));
#3514=CARTESIAN_POINT('Origin',(-2.25,3.35,0.));
#3515=CARTESIAN_POINT('Origin',(-0.125000000000003,-3.35,-6.45));
#3516=CARTESIAN_POINT('',(0.149999999999997,-3.4,-6.4));
#3517=CARTESIAN_POINT('',(-0.150000000000003,-3.4,-6.4));
#3518=CARTESIAN_POINT('',(-0.125000000000003,-3.4,-6.4));
#3519=CARTESIAN_POINT('',(-0.250000000000003,-3.3,-6.5));
#3520=CARTESIAN_POINT('',(-0.150000000000003,-3.4,-6.4));
#3521=CARTESIAN_POINT('',(0.249999999999997,-3.3,-6.5));
#3522=CARTESIAN_POINT('',(-0.125000000000003,-3.3,-6.5));
#3523=CARTESIAN_POINT('',(0.149999999999997,-3.4,-6.4));
#3524=CARTESIAN_POINT('Origin',(-0.200000000000003,-3.35,-3.125));
#3525=CARTESIAN_POINT('',(-0.150000000000003,-3.4,-6.1));
#3526=CARTESIAN_POINT('',(-0.150000000000003,-3.4,-3.125));
#3527=CARTESIAN_POINT('',(-0.250000000000003,-3.3,-6.));
#3528=CARTESIAN_POINT('',(-0.150000000000003,-3.4,-6.1));
#3529=CARTESIAN_POINT('',(-0.250000000000003,-3.3,-3.125));
#3530=CARTESIAN_POINT('Origin',(0.124999999999997,-3.35,-6.05));
#3531=CARTESIAN_POINT('',(0.149999999999997,-3.4,-6.1));
#3532=CARTESIAN_POINT('',(0.124999999999997,-3.4,-6.1));
#3533=CARTESIAN_POINT('',(0.249999999999997,-3.3,-6.));
#3534=CARTESIAN_POINT('',(0.149999999999997,-3.4,-6.1));
#3535=CARTESIAN_POINT('',(0.124999999999997,-3.3,-6.));
#3536=CARTESIAN_POINT('Origin',(0.199999999999997,-3.35,-3.125));
#3537=CARTESIAN_POINT('',(0.249999999999997,-3.3,-3.125));
#3538=CARTESIAN_POINT('',(0.149999999999997,-3.4,-3.125));
#3539=CARTESIAN_POINT('Origin',(0.249999999999997,3.35,0.));
#3540=CARTESIAN_POINT('',(0.249999999999997,2.6,-6.5));
#3541=CARTESIAN_POINT('',(0.249999999999997,2.6,-6.5));
#3542=CARTESIAN_POINT('',(0.249999999999997,3.35,-5.75));
#3543=CARTESIAN_POINT('Origin',(0.249999999999997,2.6,-5.75));
#3544=CARTESIAN_POINT('',(0.249999999999997,3.35,-0.1));
#3545=CARTESIAN_POINT('',(0.249999999999997,3.35,0.));
#3546=CARTESIAN_POINT('',(0.249999999999997,2.85,-0.1));
#3547=CARTESIAN_POINT('',(0.249999999999997,3.225,-0.1));
#3548=CARTESIAN_POINT('',(0.249999999999997,2.85,-5.75));
#3549=CARTESIAN_POINT('',(0.249999999999997,2.85,0.));
#3550=CARTESIAN_POINT('',(0.249999999999997,2.6,-6.));
#3551=CARTESIAN_POINT('Origin',(0.249999999999997,2.6,-5.75));
#3552=CARTESIAN_POINT('',(0.249999999999997,2.6,-6.));
#3553=CARTESIAN_POINT('Origin',(-0.250000000000003,2.6,-6.5));
#3554=CARTESIAN_POINT('',(-0.250000000000003,2.6,-6.5));
#3555=CARTESIAN_POINT('',(-0.250000000000003,2.6,-6.5));
#3556=CARTESIAN_POINT('',(-0.250000000000003,2.6,-6.5));
#3557=CARTESIAN_POINT('Origin',(-3.05311331771918E-15,-3.4,-6.25));
#3558=CARTESIAN_POINT('Origin',(-0.200000000000003,2.975,-0.05));
#3559=CARTESIAN_POINT('',(-0.250000000000003,3.35,-0.1));
#3560=CARTESIAN_POINT('',(-0.250000000000003,2.85,-0.1));
#3561=CARTESIAN_POINT('',(-0.250000000000003,2.975,-0.1));
#3562=CARTESIAN_POINT('',(-0.150000000000003,2.95,0.));
#3563=CARTESIAN_POINT('',(-0.250000000000003,2.85,-0.1));
#3564=CARTESIAN_POINT('',(-0.150000000000003,3.25,0.));
#3565=CARTESIAN_POINT('',(-0.150000000000003,2.975,0.));
#3566=CARTESIAN_POINT('',(-0.250000000000003,3.35,-0.1));
#3567=CARTESIAN_POINT('Origin',(0.124999999999997,2.9,-0.05));
#3568=CARTESIAN_POINT('',(0.124999999999997,2.85,-0.1));
#3569=CARTESIAN_POINT('',(0.149999999999997,2.95,0.));
#3570=CARTESIAN_POINT('',(0.249999999999997,2.85,-0.1));
#3571=CARTESIAN_POINT('',(0.124999999999997,2.95,0.));
#3572=CARTESIAN_POINT('Origin',(-0.125000000000003,3.3,-0.05));
#3573=CARTESIAN_POINT('',(0.149999999999997,3.25,0.));
#3574=CARTESIAN_POINT('',(-0.125000000000003,3.25,0.));
#3575=CARTESIAN_POINT('',(0.149999999999997,3.25,0.));
#3576=CARTESIAN_POINT('',(-0.125000000000003,3.35,-0.1));
#3577=CARTESIAN_POINT('Origin',(0.199999999999997,3.225,-0.05));
#3578=CARTESIAN_POINT('',(0.149999999999997,3.225,0.));
#3579=CARTESIAN_POINT('Origin',(0.249999999999997,2.85,0.));
#3580=CARTESIAN_POINT('',(-0.250000000000003,2.85,-5.75));
#3581=CARTESIAN_POINT('',(-0.250000000000003,2.85,0.));
#3582=CARTESIAN_POINT('',(0.249999999999997,2.85,-5.75));
#3583=CARTESIAN_POINT('Origin',(-0.250000000000003,2.85,0.));
#3584=CARTESIAN_POINT('',(-0.250000000000003,2.6,-6.));
#3585=CARTESIAN_POINT('',(-0.250000000000003,2.6,-6.));
#3586=CARTESIAN_POINT('Origin',(-0.250000000000003,2.6,-5.75));
#3587=CARTESIAN_POINT('',(-0.250000000000003,3.35,-5.75));
#3588=CARTESIAN_POINT('',(-0.250000000000003,3.35,0.));
#3589=CARTESIAN_POINT('Origin',(-0.250000000000003,2.6,-5.75));
#3590=CARTESIAN_POINT('Origin',(-3.05311331771918E-15,3.1,0.));
#3591=CARTESIAN_POINT('Origin',(0.249999999999997,2.6,-6.));
#3592=CARTESIAN_POINT('',(0.249999999999997,2.6,-6.));
#3593=CARTESIAN_POINT('Origin',(-3.05311331771918E-15,2.6,-5.75));
#3594=CARTESIAN_POINT('Origin',(-3.05311331771918E-15,2.6,-5.75));
#3595=CARTESIAN_POINT('',(-0.250000000000003,3.35,-5.75));
#3596=CARTESIAN_POINT('Origin',(-0.250000000000003,3.35,0.));
#3597=CARTESIAN_POINT('Origin',(1.875,-3.35,-6.45));
#3598=CARTESIAN_POINT('',(2.15,-3.4,-6.4));
#3599=CARTESIAN_POINT('',(1.85,-3.4,-6.4));
#3600=CARTESIAN_POINT('',(1.875,-3.4,-6.4));
#3601=CARTESIAN_POINT('',(1.75,-3.3,-6.5));
#3602=CARTESIAN_POINT('',(1.85,-3.4,-6.4));
#3603=CARTESIAN_POINT('',(2.25,-3.3,-6.5));
#3604=CARTESIAN_POINT('',(1.875,-3.3,-6.5));
#3605=CARTESIAN_POINT('',(2.15,-3.4,-6.4));
#3606=CARTESIAN_POINT('Origin',(1.8,-3.35,-3.125));
#3607=CARTESIAN_POINT('',(1.85,-3.4,-6.1));
#3608=CARTESIAN_POINT('',(1.85,-3.4,-3.125));
#3609=CARTESIAN_POINT('',(1.75,-3.3,-6.));
#3610=CARTESIAN_POINT('',(1.85,-3.4,-6.1));
#3611=CARTESIAN_POINT('',(1.75,-3.3,-3.125));
#3612=CARTESIAN_POINT('Origin',(2.125,-3.35,-6.05));
#3613=CARTESIAN_POINT('',(2.15,-3.4,-6.1));
#3614=CARTESIAN_POINT('',(2.125,-3.4,-6.1));
#3615=CARTESIAN_POINT('',(2.25,-3.3,-6.));
#3616=CARTESIAN_POINT('',(2.15,-3.4,-6.1));
#3617=CARTESIAN_POINT('',(2.125,-3.3,-6.));
#3618=CARTESIAN_POINT('Origin',(2.2,-3.35,-3.125));
#3619=CARTESIAN_POINT('',(2.25,-3.3,-3.125));
#3620=CARTESIAN_POINT('',(2.15,-3.4,-3.125));
#3621=CARTESIAN_POINT('Origin',(2.25,3.35,0.));
#3622=CARTESIAN_POINT('',(2.25,2.6,-6.5));
#3623=CARTESIAN_POINT('',(2.25,2.6,-6.5));
#3624=CARTESIAN_POINT('',(2.25,3.35,-5.75));
#3625=CARTESIAN_POINT('Origin',(2.25,2.6,-5.75));
#3626=CARTESIAN_POINT('',(2.25,3.35,-0.1));
#3627=CARTESIAN_POINT('',(2.25,3.35,0.));
#3628=CARTESIAN_POINT('',(2.25,2.85,-0.1));
#3629=CARTESIAN_POINT('',(2.25,3.225,-0.1));
#3630=CARTESIAN_POINT('',(2.25,2.85,-5.75));
#3631=CARTESIAN_POINT('',(2.25,2.85,0.));
#3632=CARTESIAN_POINT('',(2.25,2.6,-6.));
#3633=CARTESIAN_POINT('Origin',(2.25,2.6,-5.75));
#3634=CARTESIAN_POINT('',(2.25,2.6,-6.));
#3635=CARTESIAN_POINT('Origin',(1.75,2.6,-6.5));
#3636=CARTESIAN_POINT('',(1.75,2.6,-6.5));
#3637=CARTESIAN_POINT('',(1.75,2.6,-6.5));
#3638=CARTESIAN_POINT('',(1.75,2.6,-6.5));
#3639=CARTESIAN_POINT('Origin',(2.,-3.4,-6.25));
#3640=CARTESIAN_POINT('Origin',(1.8,2.975,-0.05));
#3641=CARTESIAN_POINT('',(1.75,3.35,-0.1));
#3642=CARTESIAN_POINT('',(1.75,2.85,-0.1));
#3643=CARTESIAN_POINT('',(1.75,2.975,-0.1));
#3644=CARTESIAN_POINT('',(1.85,2.95,0.));
#3645=CARTESIAN_POINT('',(1.75,2.85,-0.1));
#3646=CARTESIAN_POINT('',(1.85,3.25,0.));
#3647=CARTESIAN_POINT('',(1.85,2.975,0.));
#3648=CARTESIAN_POINT('',(1.75,3.35,-0.1));
#3649=CARTESIAN_POINT('Origin',(2.125,2.9,-0.05));
#3650=CARTESIAN_POINT('',(2.125,2.85,-0.1));
#3651=CARTESIAN_POINT('',(2.15,2.95,0.));
#3652=CARTESIAN_POINT('',(2.25,2.85,-0.1));
#3653=CARTESIAN_POINT('',(2.125,2.95,0.));
#3654=CARTESIAN_POINT('Origin',(1.875,3.3,-0.05));
#3655=CARTESIAN_POINT('',(2.15,3.25,0.));
#3656=CARTESIAN_POINT('',(1.875,3.25,0.));
#3657=CARTESIAN_POINT('',(2.15,3.25,0.));
#3658=CARTESIAN_POINT('',(1.875,3.35,-0.1));
#3659=CARTESIAN_POINT('Origin',(2.2,3.225,-0.05));
#3660=CARTESIAN_POINT('',(2.15,3.225,0.));
#3661=CARTESIAN_POINT('Origin',(2.25,2.85,0.));
#3662=CARTESIAN_POINT('',(1.75,2.85,-5.75));
#3663=CARTESIAN_POINT('',(1.75,2.85,0.));
#3664=CARTESIAN_POINT('',(2.25,2.85,-5.75));
#3665=CARTESIAN_POINT('Origin',(1.75,2.85,0.));
#3666=CARTESIAN_POINT('',(1.75,2.6,-6.));
#3667=CARTESIAN_POINT('',(1.75,2.6,-6.));
#3668=CARTESIAN_POINT('Origin',(1.75,2.6,-5.75));
#3669=CARTESIAN_POINT('',(1.75,3.35,-5.75));
#3670=CARTESIAN_POINT('',(1.75,3.35,0.));
#3671=CARTESIAN_POINT('Origin',(1.75,2.6,-5.75));
#3672=CARTESIAN_POINT('Origin',(2.,3.1,0.));
#3673=CARTESIAN_POINT('Origin',(2.25,2.6,-6.));
#3674=CARTESIAN_POINT('',(2.25,2.6,-6.));
#3675=CARTESIAN_POINT('Origin',(2.,2.6,-5.75));
#3676=CARTESIAN_POINT('Origin',(2.,2.6,-5.75));
#3677=CARTESIAN_POINT('',(1.75,3.35,-5.75));
#3678=CARTESIAN_POINT('Origin',(1.75,3.35,0.));
#3679=UNCERTAINTY_MEASURE_WITH_UNIT(LENGTH_MEASURE(0.01),#3685,
'DISTANCE_ACCURACY_VALUE',
'Maximum model space distance between geometric entities at asserted c
onnectivities');
#3680=UNCERTAINTY_MEASURE_WITH_UNIT(LENGTH_MEASURE(0.01),#3685,
'DISTANCE_ACCURACY_VALUE',
'Maximum model space distance between geometric entities at asserted c
onnectivities');
#3681=(
GEOMETRIC_REPRESENTATION_CONTEXT(3)
GLOBAL_UNCERTAINTY_ASSIGNED_CONTEXT((#3679))
GLOBAL_UNIT_ASSIGNED_CONTEXT((#3685,#3684,#3683))
REPRESENTATION_CONTEXT('','3D')
);
#3682=(
GEOMETRIC_REPRESENTATION_CONTEXT(3)
GLOBAL_UNCERTAINTY_ASSIGNED_CONTEXT((#3680))
GLOBAL_UNIT_ASSIGNED_CONTEXT((#3685,#3684,#3683))
REPRESENTATION_CONTEXT('','3D')
);
#3683=(
NAMED_UNIT(*)
SI_UNIT($,.STERADIAN.)
SOLID_ANGLE_UNIT()
);
#3684=(
NAMED_UNIT(*)
PLANE_ANGLE_UNIT()
SI_UNIT($,.RADIAN.)
);
#3685=(
LENGTH_UNIT()
NAMED_UNIT(*)
SI_UNIT(.MILLI.,.METRE.)
);
#3686=SHAPE_DEFINITION_REPRESENTATION(#3687,#3688);
#3687=PRODUCT_DEFINITION_SHAPE('',$,#3690);
#3688=SHAPE_REPRESENTATION('',(#2321),#3681);
#3689=PRODUCT_DEFINITION_CONTEXT('part definition',#3694,'design');
#3690=PRODUCT_DEFINITION('S3B-PH-KL v4','S3B-PH-KL v4',#3691,#3689);
#3691=PRODUCT_DEFINITION_FORMATION('',$,#3696);
#3692=PRODUCT_RELATED_PRODUCT_CATEGORY('S3B-PH-KL v4','S3B-PH-KL v4',(#3696));
#3693=APPLICATION_PROTOCOL_DEFINITION('international standard',
'automotive_design',2009,#3694);
#3694=APPLICATION_CONTEXT(
'Core Data for Automotive Mechanical Design Process');
#3695=PRODUCT_CONTEXT('part definition',#3694,'mechanical');
#3696=PRODUCT('S3B-PH-KL v4','S3B-PH-KL v4',$,(#3695));
#3697=PRESENTATION_STYLE_ASSIGNMENT((#3700));
#3698=PRESENTATION_STYLE_ASSIGNMENT((#3701));
#3699=PRESENTATION_STYLE_ASSIGNMENT((#3702));
#3700=SURFACE_STYLE_USAGE(.BOTH.,#3703);
#3701=SURFACE_STYLE_USAGE(.BOTH.,#3704);
#3702=SURFACE_STYLE_USAGE(.BOTH.,#3705);
#3703=SURFACE_SIDE_STYLE('',(#3706));
#3704=SURFACE_SIDE_STYLE('',(#3707));
#3705=SURFACE_SIDE_STYLE('',(#3708));
#3706=SURFACE_STYLE_FILL_AREA(#3709);
#3707=SURFACE_STYLE_FILL_AREA(#3710);
#3708=SURFACE_STYLE_FILL_AREA(#3711);
#3709=FILL_AREA_STYLE('ABS (White)',(#3712));
#3710=FILL_AREA_STYLE('Nylon 6-6 (White)',(#3713));
#3711=FILL_AREA_STYLE('Brass - Polished',(#3714));
#3712=FILL_AREA_STYLE_COLOUR('ABS (White)',#3715);
#3713=FILL_AREA_STYLE_COLOUR('Nylon 6-6 (White)',#3716);
#3714=FILL_AREA_STYLE_COLOUR('Brass - Polished',#3717);
#3715=COLOUR_RGB('ABS (White)',0.964705882352941,0.964705882352941,0.952941176470588);
#3716=COLOUR_RGB('Nylon 6-6 (White)',0.972549019607843,0.968627450980392,
0.929411764705882);
#3717=COLOUR_RGB('Brass - Polished',0.952941176470588,0.796078431372549,
0.486274509803922);
ENDSEC;
END-ISO-10303-21;
