ISO-10303-21;
HEADER;
/* Generated by software containing ST-Developer
 * from STEP Tools, Inc. (www.steptools.com) 
 */

FILE_DESCRIPTION(
/* description */ (''),
/* implementation_level */ '2;1');

FILE_NAME(
/* name */ '/Users/kubota/GitHub/con-jst/PH/TH-SIDE/S5B-PH-KL.stp',
/* time_stamp */ '2017-04-07T20:51:14+09:00',
/* author */ (''),
/* organization */ (''),
/* preprocessor_version */ 'ST-DEVELOPER v16.5',
/* originating_system */ 'Autodesk Translation Framework v5.2.0.2920',
/* authorisation */ '');

FILE_SCHEMA (('AUTOMOTIVE_DESIGN { 1 0 10303 214 3 1 1 }'));
ENDSEC;

DATA;
#10=MECHANICAL_DESIGN_GEOMETRIC_PRESENTATION_REPRESENTATION('',(#43,#44,
#45,#47,#46,#48),#5176);
#11=SHAPE_REPRESENTATION_RELATIONSHIP('SRR','None',#5182,#12);
#12=ADVANCED_BREP_SHAPE_REPRESENTATION('',(#49,#50,#51,#52,#53,#54),#5175);
#13=CYLINDRICAL_SURFACE('',#3357,0.25);
#14=CYLINDRICAL_SURFACE('',#3358,0.750000000000001);
#15=CYLINDRICAL_SURFACE('',#3379,0.25);
#16=CYLINDRICAL_SURFACE('',#3380,0.750000000000001);
#17=CYLINDRICAL_SURFACE('',#3401,0.25);
#18=CYLINDRICAL_SURFACE('',#3402,0.750000000000001);
#19=CYLINDRICAL_SURFACE('',#3423,0.25);
#20=CYLINDRICAL_SURFACE('',#3424,0.750000000000001);
#21=CYLINDRICAL_SURFACE('',#3445,0.25);
#22=CYLINDRICAL_SURFACE('',#3446,0.750000000000001);
#23=CIRCLE('',#3343,0.749999999999999);
#24=CIRCLE('',#3344,0.249999999999999);
#25=CIRCLE('',#3353,0.249999999999999);
#26=CIRCLE('',#3354,0.750000000000001);
#27=CIRCLE('',#3365,0.749999999999999);
#28=CIRCLE('',#3366,0.249999999999999);
#29=CIRCLE('',#3375,0.249999999999999);
#30=CIRCLE('',#3376,0.750000000000001);
#31=CIRCLE('',#3387,0.749999999999999);
#32=CIRCLE('',#3388,0.249999999999999);
#33=CIRCLE('',#3397,0.249999999999999);
#34=CIRCLE('',#3398,0.750000000000001);
#35=CIRCLE('',#3409,0.749999999999999);
#36=CIRCLE('',#3410,0.249999999999999);
#37=CIRCLE('',#3419,0.249999999999999);
#38=CIRCLE('',#3420,0.750000000000001);
#39=CIRCLE('',#3431,0.749999999999999);
#40=CIRCLE('',#3432,0.249999999999999);
#41=CIRCLE('',#3441,0.249999999999999);
#42=CIRCLE('',#3442,0.750000000000001);
#43=STYLED_ITEM('',(#5192),#49);
#44=STYLED_ITEM('',(#5193),#50);
#45=STYLED_ITEM('',(#5193),#51);
#46=STYLED_ITEM('',(#5193),#52);
#47=STYLED_ITEM('',(#5193),#53);
#48=STYLED_ITEM('',(#5193),#54);
#49=MANIFOLD_SOLID_BREP('Body1',#3249);
#50=MANIFOLD_SOLID_BREP('Body2',#3250);
#51=MANIFOLD_SOLID_BREP('Body3',#3251);
#52=MANIFOLD_SOLID_BREP('Body25',#3252);
#53=MANIFOLD_SOLID_BREP('Body26',#3253);
#54=MANIFOLD_SOLID_BREP('Body27',#3254);
#55=FACE_BOUND('',#253,.T.);
#56=FACE_BOUND('',#267,.T.);
#57=FACE_BOUND('',#283,.T.);
#58=FACE_BOUND('',#292,.T.);
#59=FACE_BOUND('',#301,.T.);
#60=FACE_BOUND('',#317,.T.);
#61=FACE_BOUND('',#318,.T.);
#62=FACE_BOUND('',#319,.T.);
#63=FACE_BOUND('',#320,.T.);
#64=FACE_BOUND('',#321,.T.);
#65=FACE_OUTER_BOUND('',#237,.T.);
#66=FACE_OUTER_BOUND('',#238,.T.);
#67=FACE_OUTER_BOUND('',#239,.T.);
#68=FACE_OUTER_BOUND('',#240,.T.);
#69=FACE_OUTER_BOUND('',#241,.T.);
#70=FACE_OUTER_BOUND('',#242,.T.);
#71=FACE_OUTER_BOUND('',#243,.T.);
#72=FACE_OUTER_BOUND('',#244,.T.);
#73=FACE_OUTER_BOUND('',#245,.T.);
#74=FACE_OUTER_BOUND('',#246,.T.);
#75=FACE_OUTER_BOUND('',#247,.T.);
#76=FACE_OUTER_BOUND('',#248,.T.);
#77=FACE_OUTER_BOUND('',#249,.T.);
#78=FACE_OUTER_BOUND('',#250,.T.);
#79=FACE_OUTER_BOUND('',#251,.T.);
#80=FACE_OUTER_BOUND('',#252,.T.);
#81=FACE_OUTER_BOUND('',#254,.T.);
#82=FACE_OUTER_BOUND('',#255,.T.);
#83=FACE_OUTER_BOUND('',#256,.T.);
#84=FACE_OUTER_BOUND('',#257,.T.);
#85=FACE_OUTER_BOUND('',#258,.T.);
#86=FACE_OUTER_BOUND('',#259,.T.);
#87=FACE_OUTER_BOUND('',#260,.T.);
#88=FACE_OUTER_BOUND('',#261,.T.);
#89=FACE_OUTER_BOUND('',#262,.T.);
#90=FACE_OUTER_BOUND('',#263,.T.);
#91=FACE_OUTER_BOUND('',#264,.T.);
#92=FACE_OUTER_BOUND('',#265,.T.);
#93=FACE_OUTER_BOUND('',#266,.T.);
#94=FACE_OUTER_BOUND('',#268,.T.);
#95=FACE_OUTER_BOUND('',#269,.T.);
#96=FACE_OUTER_BOUND('',#270,.T.);
#97=FACE_OUTER_BOUND('',#271,.T.);
#98=FACE_OUTER_BOUND('',#272,.T.);
#99=FACE_OUTER_BOUND('',#273,.T.);
#100=FACE_OUTER_BOUND('',#274,.T.);
#101=FACE_OUTER_BOUND('',#275,.T.);
#102=FACE_OUTER_BOUND('',#276,.T.);
#103=FACE_OUTER_BOUND('',#277,.T.);
#104=FACE_OUTER_BOUND('',#278,.T.);
#105=FACE_OUTER_BOUND('',#279,.T.);
#106=FACE_OUTER_BOUND('',#280,.T.);
#107=FACE_OUTER_BOUND('',#281,.T.);
#108=FACE_OUTER_BOUND('',#282,.T.);
#109=FACE_OUTER_BOUND('',#284,.T.);
#110=FACE_OUTER_BOUND('',#285,.T.);
#111=FACE_OUTER_BOUND('',#286,.T.);
#112=FACE_OUTER_BOUND('',#287,.T.);
#113=FACE_OUTER_BOUND('',#288,.T.);
#114=FACE_OUTER_BOUND('',#289,.T.);
#115=FACE_OUTER_BOUND('',#290,.T.);
#116=FACE_OUTER_BOUND('',#291,.T.);
#117=FACE_OUTER_BOUND('',#293,.T.);
#118=FACE_OUTER_BOUND('',#294,.T.);
#119=FACE_OUTER_BOUND('',#295,.T.);
#120=FACE_OUTER_BOUND('',#296,.T.);
#121=FACE_OUTER_BOUND('',#297,.T.);
#122=FACE_OUTER_BOUND('',#298,.T.);
#123=FACE_OUTER_BOUND('',#299,.T.);
#124=FACE_OUTER_BOUND('',#300,.T.);
#125=FACE_OUTER_BOUND('',#302,.T.);
#126=FACE_OUTER_BOUND('',#303,.T.);
#127=FACE_OUTER_BOUND('',#304,.T.);
#128=FACE_OUTER_BOUND('',#305,.T.);
#129=FACE_OUTER_BOUND('',#306,.T.);
#130=FACE_OUTER_BOUND('',#307,.T.);
#131=FACE_OUTER_BOUND('',#308,.T.);
#132=FACE_OUTER_BOUND('',#309,.T.);
#133=FACE_OUTER_BOUND('',#310,.T.);
#134=FACE_OUTER_BOUND('',#311,.T.);
#135=FACE_OUTER_BOUND('',#312,.T.);
#136=FACE_OUTER_BOUND('',#313,.T.);
#137=FACE_OUTER_BOUND('',#314,.T.);
#138=FACE_OUTER_BOUND('',#315,.T.);
#139=FACE_OUTER_BOUND('',#316,.T.);
#140=FACE_OUTER_BOUND('',#322,.T.);
#141=FACE_OUTER_BOUND('',#323,.T.);
#142=FACE_OUTER_BOUND('',#324,.T.);
#143=FACE_OUTER_BOUND('',#325,.T.);
#144=FACE_OUTER_BOUND('',#326,.T.);
#145=FACE_OUTER_BOUND('',#327,.T.);
#146=FACE_OUTER_BOUND('',#328,.T.);
#147=FACE_OUTER_BOUND('',#329,.T.);
#148=FACE_OUTER_BOUND('',#330,.T.);
#149=FACE_OUTER_BOUND('',#331,.T.);
#150=FACE_OUTER_BOUND('',#332,.T.);
#151=FACE_OUTER_BOUND('',#333,.T.);
#152=FACE_OUTER_BOUND('',#334,.T.);
#153=FACE_OUTER_BOUND('',#335,.T.);
#154=FACE_OUTER_BOUND('',#336,.T.);
#155=FACE_OUTER_BOUND('',#337,.T.);
#156=FACE_OUTER_BOUND('',#338,.T.);
#157=FACE_OUTER_BOUND('',#339,.T.);
#158=FACE_OUTER_BOUND('',#340,.T.);
#159=FACE_OUTER_BOUND('',#341,.T.);
#160=FACE_OUTER_BOUND('',#342,.T.);
#161=FACE_OUTER_BOUND('',#343,.T.);
#162=FACE_OUTER_BOUND('',#344,.T.);
#163=FACE_OUTER_BOUND('',#345,.T.);
#164=FACE_OUTER_BOUND('',#346,.T.);
#165=FACE_OUTER_BOUND('',#347,.T.);
#166=FACE_OUTER_BOUND('',#348,.T.);
#167=FACE_OUTER_BOUND('',#349,.T.);
#168=FACE_OUTER_BOUND('',#350,.T.);
#169=FACE_OUTER_BOUND('',#351,.T.);
#170=FACE_OUTER_BOUND('',#352,.T.);
#171=FACE_OUTER_BOUND('',#353,.T.);
#172=FACE_OUTER_BOUND('',#354,.T.);
#173=FACE_OUTER_BOUND('',#355,.T.);
#174=FACE_OUTER_BOUND('',#356,.T.);
#175=FACE_OUTER_BOUND('',#357,.T.);
#176=FACE_OUTER_BOUND('',#358,.T.);
#177=FACE_OUTER_BOUND('',#359,.T.);
#178=FACE_OUTER_BOUND('',#360,.T.);
#179=FACE_OUTER_BOUND('',#361,.T.);
#180=FACE_OUTER_BOUND('',#362,.T.);
#181=FACE_OUTER_BOUND('',#363,.T.);
#182=FACE_OUTER_BOUND('',#364,.T.);
#183=FACE_OUTER_BOUND('',#365,.T.);
#184=FACE_OUTER_BOUND('',#366,.T.);
#185=FACE_OUTER_BOUND('',#367,.T.);
#186=FACE_OUTER_BOUND('',#368,.T.);
#187=FACE_OUTER_BOUND('',#369,.T.);
#188=FACE_OUTER_BOUND('',#370,.T.);
#189=FACE_OUTER_BOUND('',#371,.T.);
#190=FACE_OUTER_BOUND('',#372,.T.);
#191=FACE_OUTER_BOUND('',#373,.T.);
#192=FACE_OUTER_BOUND('',#374,.T.);
#193=FACE_OUTER_BOUND('',#375,.T.);
#194=FACE_OUTER_BOUND('',#376,.T.);
#195=FACE_OUTER_BOUND('',#377,.T.);
#196=FACE_OUTER_BOUND('',#378,.T.);
#197=FACE_OUTER_BOUND('',#379,.T.);
#198=FACE_OUTER_BOUND('',#380,.T.);
#199=FACE_OUTER_BOUND('',#381,.T.);
#200=FACE_OUTER_BOUND('',#382,.T.);
#201=FACE_OUTER_BOUND('',#383,.T.);
#202=FACE_OUTER_BOUND('',#384,.T.);
#203=FACE_OUTER_BOUND('',#385,.T.);
#204=FACE_OUTER_BOUND('',#386,.T.);
#205=FACE_OUTER_BOUND('',#387,.T.);
#206=FACE_OUTER_BOUND('',#388,.T.);
#207=FACE_OUTER_BOUND('',#389,.T.);
#208=FACE_OUTER_BOUND('',#390,.T.);
#209=FACE_OUTER_BOUND('',#391,.T.);
#210=FACE_OUTER_BOUND('',#392,.T.);
#211=FACE_OUTER_BOUND('',#393,.T.);
#212=FACE_OUTER_BOUND('',#394,.T.);
#213=FACE_OUTER_BOUND('',#395,.T.);
#214=FACE_OUTER_BOUND('',#396,.T.);
#215=FACE_OUTER_BOUND('',#397,.T.);
#216=FACE_OUTER_BOUND('',#398,.T.);
#217=FACE_OUTER_BOUND('',#399,.T.);
#218=FACE_OUTER_BOUND('',#400,.T.);
#219=FACE_OUTER_BOUND('',#401,.T.);
#220=FACE_OUTER_BOUND('',#402,.T.);
#221=FACE_OUTER_BOUND('',#403,.T.);
#222=FACE_OUTER_BOUND('',#404,.T.);
#223=FACE_OUTER_BOUND('',#405,.T.);
#224=FACE_OUTER_BOUND('',#406,.T.);
#225=FACE_OUTER_BOUND('',#407,.T.);
#226=FACE_OUTER_BOUND('',#408,.T.);
#227=FACE_OUTER_BOUND('',#409,.T.);
#228=FACE_OUTER_BOUND('',#410,.T.);
#229=FACE_OUTER_BOUND('',#411,.T.);
#230=FACE_OUTER_BOUND('',#412,.T.);
#231=FACE_OUTER_BOUND('',#413,.T.);
#232=FACE_OUTER_BOUND('',#414,.T.);
#233=FACE_OUTER_BOUND('',#415,.T.);
#234=FACE_OUTER_BOUND('',#416,.T.);
#235=FACE_OUTER_BOUND('',#417,.T.);
#236=FACE_OUTER_BOUND('',#418,.T.);
#237=EDGE_LOOP('',(#2015,#2016,#2017,#2018));
#238=EDGE_LOOP('',(#2019,#2020,#2021,#2022));
#239=EDGE_LOOP('',(#2023,#2024,#2025,#2026));
#240=EDGE_LOOP('',(#2027,#2028,#2029,#2030));
#241=EDGE_LOOP('',(#2031,#2032,#2033,#2034));
#242=EDGE_LOOP('',(#2035,#2036,#2037,#2038));
#243=EDGE_LOOP('',(#2039,#2040,#2041,#2042,#2043,#2044,#2045,#2046,#2047,
#2048));
#244=EDGE_LOOP('',(#2049,#2050,#2051,#2052,#2053,#2054));
#245=EDGE_LOOP('',(#2055,#2056,#2057,#2058,#2059,#2060));
#246=EDGE_LOOP('',(#2061,#2062,#2063,#2064,#2065,#2066,#2067,#2068,#2069,
#2070));
#247=EDGE_LOOP('',(#2071,#2072,#2073,#2074));
#248=EDGE_LOOP('',(#2075,#2076,#2077,#2078,#2079,#2080));
#249=EDGE_LOOP('',(#2081,#2082,#2083,#2084));
#250=EDGE_LOOP('',(#2085,#2086,#2087,#2088,#2089,#2090));
#251=EDGE_LOOP('',(#2091,#2092,#2093,#2094,#2095,#2096,#2097,#2098));
#252=EDGE_LOOP('',(#2099,#2100,#2101,#2102,#2103,#2104));
#253=EDGE_LOOP('',(#2105,#2106,#2107,#2108));
#254=EDGE_LOOP('',(#2109,#2110,#2111,#2112,#2113,#2114,#2115,#2116,#2117,
#2118,#2119,#2120,#2121,#2122,#2123,#2124,#2125,#2126,#2127,#2128,#2129,
#2130,#2131,#2132,#2133,#2134,#2135,#2136,#2137,#2138,#2139,#2140));
#255=EDGE_LOOP('',(#2141,#2142,#2143,#2144,#2145,#2146,#2147,#2148,#2149,
#2150));
#256=EDGE_LOOP('',(#2151,#2152,#2153,#2154));
#257=EDGE_LOOP('',(#2155,#2156,#2157,#2158));
#258=EDGE_LOOP('',(#2159,#2160,#2161,#2162));
#259=EDGE_LOOP('',(#2163,#2164,#2165,#2166,#2167));
#260=EDGE_LOOP('',(#2168,#2169,#2170,#2171));
#261=EDGE_LOOP('',(#2172,#2173,#2174,#2175));
#262=EDGE_LOOP('',(#2176,#2177,#2178,#2179,#2180,#2181));
#263=EDGE_LOOP('',(#2182,#2183,#2184,#2185,#2186,#2187));
#264=EDGE_LOOP('',(#2188,#2189,#2190,#2191));
#265=EDGE_LOOP('',(#2192,#2193,#2194,#2195,#2196,#2197,#2198,#2199));
#266=EDGE_LOOP('',(#2200,#2201,#2202,#2203,#2204,#2205));
#267=EDGE_LOOP('',(#2206,#2207,#2208,#2209));
#268=EDGE_LOOP('',(#2210,#2211,#2212,#2213,#2214,#2215,#2216,#2217,#2218,
#2219,#2220,#2221));
#269=EDGE_LOOP('',(#2222,#2223,#2224,#2225));
#270=EDGE_LOOP('',(#2226,#2227,#2228,#2229));
#271=EDGE_LOOP('',(#2230,#2231,#2232,#2233));
#272=EDGE_LOOP('',(#2234,#2235,#2236,#2237,#2238));
#273=EDGE_LOOP('',(#2239,#2240,#2241,#2242,#2243,#2244,#2245,#2246));
#274=EDGE_LOOP('',(#2247,#2248,#2249,#2250));
#275=EDGE_LOOP('',(#2251,#2252,#2253,#2254));
#276=EDGE_LOOP('',(#2255,#2256,#2257,#2258));
#277=EDGE_LOOP('',(#2259,#2260,#2261,#2262));
#278=EDGE_LOOP('',(#2263,#2264,#2265,#2266));
#279=EDGE_LOOP('',(#2267,#2268,#2269,#2270));
#280=EDGE_LOOP('',(#2271,#2272,#2273,#2274));
#281=EDGE_LOOP('',(#2275,#2276,#2277,#2278));
#282=EDGE_LOOP('',(#2279,#2280,#2281,#2282));
#283=EDGE_LOOP('',(#2283,#2284,#2285,#2286));
#284=EDGE_LOOP('',(#2287,#2288,#2289,#2290));
#285=EDGE_LOOP('',(#2291,#2292,#2293,#2294));
#286=EDGE_LOOP('',(#2295,#2296,#2297,#2298));
#287=EDGE_LOOP('',(#2299,#2300,#2301,#2302));
#288=EDGE_LOOP('',(#2303,#2304,#2305,#2306));
#289=EDGE_LOOP('',(#2307,#2308,#2309,#2310));
#290=EDGE_LOOP('',(#2311,#2312,#2313,#2314));
#291=EDGE_LOOP('',(#2315,#2316,#2317,#2318));
#292=EDGE_LOOP('',(#2319,#2320,#2321,#2322));
#293=EDGE_LOOP('',(#2323,#2324,#2325,#2326));
#294=EDGE_LOOP('',(#2327,#2328,#2329,#2330));
#295=EDGE_LOOP('',(#2331,#2332,#2333,#2334));
#296=EDGE_LOOP('',(#2335,#2336,#2337,#2338));
#297=EDGE_LOOP('',(#2339,#2340,#2341,#2342));
#298=EDGE_LOOP('',(#2343,#2344,#2345,#2346));
#299=EDGE_LOOP('',(#2347,#2348,#2349,#2350));
#300=EDGE_LOOP('',(#2351,#2352,#2353,#2354));
#301=EDGE_LOOP('',(#2355,#2356,#2357,#2358));
#302=EDGE_LOOP('',(#2359,#2360,#2361,#2362));
#303=EDGE_LOOP('',(#2363,#2364,#2365,#2366));
#304=EDGE_LOOP('',(#2367,#2368,#2369,#2370));
#305=EDGE_LOOP('',(#2371,#2372,#2373,#2374));
#306=EDGE_LOOP('',(#2375,#2376,#2377,#2378));
#307=EDGE_LOOP('',(#2379,#2380,#2381,#2382));
#308=EDGE_LOOP('',(#2383,#2384,#2385,#2386));
#309=EDGE_LOOP('',(#2387,#2388,#2389,#2390));
#310=EDGE_LOOP('',(#2391,#2392,#2393,#2394,#2395,#2396,#2397,#2398,#2399,
#2400,#2401,#2402,#2403,#2404,#2405,#2406,#2407,#2408,#2409,#2410,#2411,
#2412,#2413,#2414,#2415,#2416));
#311=EDGE_LOOP('',(#2417,#2418,#2419,#2420));
#312=EDGE_LOOP('',(#2421,#2422,#2423,#2424));
#313=EDGE_LOOP('',(#2425,#2426,#2427,#2428));
#314=EDGE_LOOP('',(#2429,#2430,#2431,#2432));
#315=EDGE_LOOP('',(#2433,#2434,#2435,#2436));
#316=EDGE_LOOP('',(#2437,#2438,#2439,#2440,#2441,#2442,#2443,#2444));
#317=EDGE_LOOP('',(#2445,#2446,#2447,#2448));
#318=EDGE_LOOP('',(#2449,#2450,#2451,#2452));
#319=EDGE_LOOP('',(#2453,#2454,#2455,#2456));
#320=EDGE_LOOP('',(#2457,#2458,#2459,#2460));
#321=EDGE_LOOP('',(#2461,#2462,#2463,#2464));
#322=EDGE_LOOP('',(#2465,#2466,#2467,#2468));
#323=EDGE_LOOP('',(#2469,#2470,#2471,#2472));
#324=EDGE_LOOP('',(#2473,#2474,#2475,#2476,#2477,#2478,#2479,#2480,#2481,
#2482,#2483,#2484));
#325=EDGE_LOOP('',(#2485,#2486,#2487,#2488,#2489,#2490));
#326=EDGE_LOOP('',(#2491,#2492,#2493,#2494,#2495,#2496));
#327=EDGE_LOOP('',(#2497,#2498,#2499,#2500,#2501,#2502,#2503,#2504));
#328=EDGE_LOOP('',(#2505,#2506,#2507,#2508,#2509,#2510,#2511,#2512,#2513,
#2514));
#329=EDGE_LOOP('',(#2515,#2516,#2517,#2518));
#330=EDGE_LOOP('',(#2519,#2520,#2521,#2522));
#331=EDGE_LOOP('',(#2523,#2524,#2525,#2526));
#332=EDGE_LOOP('',(#2527,#2528,#2529,#2530));
#333=EDGE_LOOP('',(#2531,#2532,#2533,#2534,#2535,#2536,#2537,#2538));
#334=EDGE_LOOP('',(#2539,#2540,#2541,#2542));
#335=EDGE_LOOP('',(#2543,#2544,#2545,#2546));
#336=EDGE_LOOP('',(#2547,#2548,#2549,#2550));
#337=EDGE_LOOP('',(#2551,#2552,#2553,#2554));
#338=EDGE_LOOP('',(#2555,#2556,#2557,#2558));
#339=EDGE_LOOP('',(#2559,#2560,#2561,#2562));
#340=EDGE_LOOP('',(#2563,#2564,#2565,#2566));
#341=EDGE_LOOP('',(#2567,#2568,#2569,#2570,#2571,#2572,#2573,#2574));
#342=EDGE_LOOP('',(#2575,#2576,#2577,#2578));
#343=EDGE_LOOP('',(#2579,#2580,#2581,#2582));
#344=EDGE_LOOP('',(#2583,#2584,#2585,#2586));
#345=EDGE_LOOP('',(#2587,#2588,#2589,#2590));
#346=EDGE_LOOP('',(#2591,#2592,#2593,#2594));
#347=EDGE_LOOP('',(#2595,#2596,#2597,#2598));
#348=EDGE_LOOP('',(#2599,#2600,#2601,#2602));
#349=EDGE_LOOP('',(#2603,#2604,#2605,#2606));
#350=EDGE_LOOP('',(#2607,#2608,#2609,#2610));
#351=EDGE_LOOP('',(#2611,#2612,#2613,#2614,#2615,#2616,#2617,#2618));
#352=EDGE_LOOP('',(#2619,#2620,#2621,#2622));
#353=EDGE_LOOP('',(#2623,#2624,#2625,#2626));
#354=EDGE_LOOP('',(#2627,#2628,#2629,#2630));
#355=EDGE_LOOP('',(#2631,#2632,#2633,#2634));
#356=EDGE_LOOP('',(#2635,#2636,#2637,#2638));
#357=EDGE_LOOP('',(#2639,#2640,#2641,#2642));
#358=EDGE_LOOP('',(#2643,#2644,#2645,#2646));
#359=EDGE_LOOP('',(#2647,#2648,#2649,#2650,#2651,#2652,#2653,#2654));
#360=EDGE_LOOP('',(#2655,#2656,#2657,#2658));
#361=EDGE_LOOP('',(#2659,#2660,#2661,#2662));
#362=EDGE_LOOP('',(#2663,#2664,#2665,#2666));
#363=EDGE_LOOP('',(#2667,#2668,#2669,#2670));
#364=EDGE_LOOP('',(#2671,#2672,#2673,#2674));
#365=EDGE_LOOP('',(#2675,#2676,#2677,#2678));
#366=EDGE_LOOP('',(#2679,#2680,#2681,#2682));
#367=EDGE_LOOP('',(#2683,#2684,#2685,#2686));
#368=EDGE_LOOP('',(#2687,#2688,#2689,#2690));
#369=EDGE_LOOP('',(#2691,#2692,#2693,#2694,#2695,#2696,#2697,#2698));
#370=EDGE_LOOP('',(#2699,#2700,#2701,#2702));
#371=EDGE_LOOP('',(#2703,#2704,#2705,#2706));
#372=EDGE_LOOP('',(#2707,#2708,#2709,#2710));
#373=EDGE_LOOP('',(#2711,#2712,#2713,#2714));
#374=EDGE_LOOP('',(#2715,#2716,#2717,#2718));
#375=EDGE_LOOP('',(#2719,#2720,#2721,#2722));
#376=EDGE_LOOP('',(#2723,#2724,#2725,#2726));
#377=EDGE_LOOP('',(#2727,#2728,#2729,#2730,#2731,#2732,#2733,#2734));
#378=EDGE_LOOP('',(#2735,#2736,#2737,#2738));
#379=EDGE_LOOP('',(#2739,#2740,#2741,#2742));
#380=EDGE_LOOP('',(#2743,#2744,#2745,#2746));
#381=EDGE_LOOP('',(#2747,#2748,#2749,#2750));
#382=EDGE_LOOP('',(#2751,#2752,#2753,#2754));
#383=EDGE_LOOP('',(#2755,#2756,#2757,#2758));
#384=EDGE_LOOP('',(#2759,#2760,#2761,#2762));
#385=EDGE_LOOP('',(#2763,#2764,#2765,#2766));
#386=EDGE_LOOP('',(#2767,#2768,#2769,#2770));
#387=EDGE_LOOP('',(#2771,#2772,#2773,#2774,#2775,#2776,#2777,#2778));
#388=EDGE_LOOP('',(#2779,#2780,#2781,#2782));
#389=EDGE_LOOP('',(#2783,#2784,#2785,#2786));
#390=EDGE_LOOP('',(#2787,#2788,#2789,#2790));
#391=EDGE_LOOP('',(#2791,#2792,#2793,#2794));
#392=EDGE_LOOP('',(#2795,#2796,#2797,#2798));
#393=EDGE_LOOP('',(#2799,#2800,#2801,#2802));
#394=EDGE_LOOP('',(#2803,#2804,#2805,#2806));
#395=EDGE_LOOP('',(#2807,#2808,#2809,#2810,#2811,#2812,#2813,#2814));
#396=EDGE_LOOP('',(#2815,#2816,#2817,#2818));
#397=EDGE_LOOP('',(#2819,#2820,#2821,#2822));
#398=EDGE_LOOP('',(#2823,#2824,#2825,#2826));
#399=EDGE_LOOP('',(#2827,#2828,#2829,#2830));
#400=EDGE_LOOP('',(#2831,#2832,#2833,#2834));
#401=EDGE_LOOP('',(#2835,#2836,#2837,#2838));
#402=EDGE_LOOP('',(#2839,#2840,#2841,#2842));
#403=EDGE_LOOP('',(#2843,#2844,#2845,#2846));
#404=EDGE_LOOP('',(#2847,#2848,#2849,#2850));
#405=EDGE_LOOP('',(#2851,#2852,#2853,#2854,#2855,#2856,#2857,#2858));
#406=EDGE_LOOP('',(#2859,#2860,#2861,#2862));
#407=EDGE_LOOP('',(#2863,#2864,#2865,#2866));
#408=EDGE_LOOP('',(#2867,#2868,#2869,#2870));
#409=EDGE_LOOP('',(#2871,#2872,#2873,#2874));
#410=EDGE_LOOP('',(#2875,#2876,#2877,#2878));
#411=EDGE_LOOP('',(#2879,#2880,#2881,#2882));
#412=EDGE_LOOP('',(#2883,#2884,#2885,#2886));
#413=EDGE_LOOP('',(#2887,#2888,#2889,#2890,#2891,#2892,#2893,#2894));
#414=EDGE_LOOP('',(#2895,#2896,#2897,#2898));
#415=EDGE_LOOP('',(#2899,#2900,#2901,#2902));
#416=EDGE_LOOP('',(#2903,#2904,#2905,#2906));
#417=EDGE_LOOP('',(#2907,#2908,#2909,#2910));
#418=EDGE_LOOP('',(#2911,#2912,#2913,#2914));
#419=LINE('',#4268,#849);
#420=LINE('',#4270,#850);
#421=LINE('',#4272,#851);
#422=LINE('',#4273,#852);
#423=LINE('',#4276,#853);
#424=LINE('',#4278,#854);
#425=LINE('',#4279,#855);
#426=LINE('',#4282,#856);
#427=LINE('',#4284,#857);
#428=LINE('',#4285,#858);
#429=LINE('',#4289,#859);
#430=LINE('',#4291,#860);
#431=LINE('',#4293,#861);
#432=LINE('',#4294,#862);
#433=LINE('',#4297,#863);
#434=LINE('',#4299,#864);
#435=LINE('',#4300,#865);
#436=LINE('',#4303,#866);
#437=LINE('',#4305,#867);
#438=LINE('',#4306,#868);
#439=LINE('',#4309,#869);
#440=LINE('',#4311,#870);
#441=LINE('',#4313,#871);
#442=LINE('',#4315,#872);
#443=LINE('',#4317,#873);
#444=LINE('',#4319,#874);
#445=LINE('',#4320,#875);
#446=LINE('',#4323,#876);
#447=LINE('',#4325,#877);
#448=LINE('',#4327,#878);
#449=LINE('',#4328,#879);
#450=LINE('',#4331,#880);
#451=LINE('',#4333,#881);
#452=LINE('',#4335,#882);
#453=LINE('',#4337,#883);
#454=LINE('',#4338,#884);
#455=LINE('',#4341,#885);
#456=LINE('',#4343,#886);
#457=LINE('',#4345,#887);
#458=LINE('',#4347,#888);
#459=LINE('',#4349,#889);
#460=LINE('',#4350,#890);
#461=LINE('',#4353,#891);
#462=LINE('',#4355,#892);
#463=LINE('',#4356,#893);
#464=LINE('',#4360,#894);
#465=LINE('',#4362,#895);
#466=LINE('',#4364,#896);
#467=LINE('',#4366,#897);
#468=LINE('',#4368,#898);
#469=LINE('',#4369,#899);
#470=LINE('',#4372,#900);
#471=LINE('',#4374,#901);
#472=LINE('',#4375,#902);
#473=LINE('',#4379,#903);
#474=LINE('',#4380,#904);
#475=LINE('',#4382,#905);
#476=LINE('',#4384,#906);
#477=LINE('',#4385,#907);
#478=LINE('',#4388,#908);
#479=LINE('',#4389,#909);
#480=LINE('',#4391,#910);
#481=LINE('',#4393,#911);
#482=LINE('',#4394,#912);
#483=LINE('',#4397,#913);
#484=LINE('',#4399,#914);
#485=LINE('',#4401,#915);
#486=LINE('',#4402,#916);
#487=LINE('',#4405,#917);
#488=LINE('',#4407,#918);
#489=LINE('',#4409,#919);
#490=LINE('',#4410,#920);
#491=LINE('',#4413,#921);
#492=LINE('',#4414,#922);
#493=LINE('',#4416,#923);
#494=LINE('',#4418,#924);
#495=LINE('',#4420,#925);
#496=LINE('',#4422,#926);
#497=LINE('',#4424,#927);
#498=LINE('',#4426,#928);
#499=LINE('',#4428,#929);
#500=LINE('',#4430,#930);
#501=LINE('',#4432,#931);
#502=LINE('',#4434,#932);
#503=LINE('',#4436,#933);
#504=LINE('',#4438,#934);
#505=LINE('',#4440,#935);
#506=LINE('',#4442,#936);
#507=LINE('',#4444,#937);
#508=LINE('',#4446,#938);
#509=LINE('',#4448,#939);
#510=LINE('',#4450,#940);
#511=LINE('',#4452,#941);
#512=LINE('',#4454,#942);
#513=LINE('',#4455,#943);
#514=LINE('',#4456,#944);
#515=LINE('',#4459,#945);
#516=LINE('',#4461,#946);
#517=LINE('',#4462,#947);
#518=LINE('',#4463,#948);
#519=LINE('',#4466,#949);
#520=LINE('',#4468,#950);
#521=LINE('',#4469,#951);
#522=LINE('',#4473,#952);
#523=LINE('',#4475,#953);
#524=LINE('',#4477,#954);
#525=LINE('',#4478,#955);
#526=LINE('',#4481,#956);
#527=LINE('',#4482,#957);
#528=LINE('',#4484,#958);
#529=LINE('',#4485,#959);
#530=LINE('',#4488,#960);
#531=LINE('',#4489,#961);
#532=LINE('',#4491,#962);
#533=LINE('',#4495,#963);
#534=LINE('',#4497,#964);
#535=LINE('',#4498,#965);
#536=LINE('',#4500,#966);
#537=LINE('',#4501,#967);
#538=LINE('',#4503,#968);
#539=LINE('',#4505,#969);
#540=LINE('',#4506,#970);
#541=LINE('',#4509,#971);
#542=LINE('',#4510,#972);
#543=LINE('',#4512,#973);
#544=LINE('',#4514,#974);
#545=LINE('',#4516,#975);
#546=LINE('',#4517,#976);
#547=LINE('',#4520,#977);
#548=LINE('',#4522,#978);
#549=LINE('',#4523,#979);
#550=LINE('',#4526,#980);
#551=LINE('',#4528,#981);
#552=LINE('',#4530,#982);
#553=LINE('',#4531,#983);
#554=LINE('',#4533,#984);
#555=LINE('',#4537,#985);
#556=LINE('',#4539,#986);
#557=LINE('',#4541,#987);
#558=LINE('',#4542,#988);
#559=LINE('',#4546,#989);
#560=LINE('',#4548,#990);
#561=LINE('',#4550,#991);
#562=LINE('',#4551,#992);
#563=LINE('',#4554,#993);
#564=LINE('',#4556,#994);
#565=LINE('',#4557,#995);
#566=LINE('',#4559,#996);
#567=LINE('',#4560,#997);
#568=LINE('',#4562,#998);
#569=LINE('',#4564,#999);
#570=LINE('',#4565,#1000);
#571=LINE('',#4568,#1001);
#572=LINE('',#4569,#1002);
#573=LINE('',#4571,#1003);
#574=LINE('',#4574,#1004);
#575=LINE('',#4575,#1005);
#576=LINE('',#4578,#1006);
#577=LINE('',#4580,#1007);
#578=LINE('',#4581,#1008);
#579=LINE('',#4584,#1009);
#580=LINE('',#4585,#1010);
#581=LINE('',#4588,#1011);
#582=LINE('',#4589,#1012);
#583=LINE('',#4591,#1013);
#584=LINE('',#4595,#1014);
#585=LINE('',#4596,#1015);
#586=LINE('',#4597,#1016);
#587=LINE('',#4600,#1017);
#588=LINE('',#4601,#1018);
#589=LINE('',#4604,#1019);
#590=LINE('',#4606,#1020);
#591=LINE('',#4608,#1021);
#592=LINE('',#4609,#1022);
#593=LINE('',#4611,#1023);
#594=LINE('',#4614,#1024);
#595=LINE('',#4615,#1025);
#596=LINE('',#4618,#1026);
#597=LINE('',#4620,#1027);
#598=LINE('',#4621,#1028);
#599=LINE('',#4624,#1029);
#600=LINE('',#4625,#1030);
#601=LINE('',#4628,#1031);
#602=LINE('',#4629,#1032);
#603=LINE('',#4631,#1033);
#604=LINE('',#4635,#1034);
#605=LINE('',#4636,#1035);
#606=LINE('',#4637,#1036);
#607=LINE('',#4640,#1037);
#608=LINE('',#4641,#1038);
#609=LINE('',#4644,#1039);
#610=LINE('',#4646,#1040);
#611=LINE('',#4648,#1041);
#612=LINE('',#4649,#1042);
#613=LINE('',#4651,#1043);
#614=LINE('',#4654,#1044);
#615=LINE('',#4655,#1045);
#616=LINE('',#4658,#1046);
#617=LINE('',#4660,#1047);
#618=LINE('',#4661,#1048);
#619=LINE('',#4664,#1049);
#620=LINE('',#4665,#1050);
#621=LINE('',#4668,#1051);
#622=LINE('',#4669,#1052);
#623=LINE('',#4671,#1053);
#624=LINE('',#4675,#1054);
#625=LINE('',#4676,#1055);
#626=LINE('',#4677,#1056);
#627=LINE('',#4680,#1057);
#628=LINE('',#4681,#1058);
#629=LINE('',#4684,#1059);
#630=LINE('',#4686,#1060);
#631=LINE('',#4688,#1061);
#632=LINE('',#4689,#1062);
#633=LINE('',#4691,#1063);
#634=LINE('',#4694,#1064);
#635=LINE('',#4695,#1065);
#636=LINE('',#4698,#1066);
#637=LINE('',#4700,#1067);
#638=LINE('',#4701,#1068);
#639=LINE('',#4704,#1069);
#640=LINE('',#4705,#1070);
#641=LINE('',#4708,#1071);
#642=LINE('',#4709,#1072);
#643=LINE('',#4711,#1073);
#644=LINE('',#4713,#1074);
#645=LINE('',#4716,#1075);
#646=LINE('',#4717,#1076);
#647=LINE('',#4720,#1077);
#648=LINE('',#4722,#1078);
#649=LINE('',#4723,#1079);
#650=LINE('',#4724,#1080);
#651=LINE('',#4727,#1081);
#652=LINE('',#4729,#1082);
#653=LINE('',#4730,#1083);
#654=LINE('',#4733,#1084);
#655=LINE('',#4734,#1085);
#656=LINE('',#4737,#1086);
#657=LINE('',#4738,#1087);
#658=LINE('',#4740,#1088);
#659=LINE('',#4742,#1089);
#660=LINE('',#4743,#1090);
#661=LINE('',#4747,#1091);
#662=LINE('',#4748,#1092);
#663=LINE('',#4751,#1093);
#664=LINE('',#4752,#1094);
#665=LINE('',#4754,#1095);
#666=LINE('',#4756,#1096);
#667=LINE('',#4757,#1097);
#668=LINE('',#4759,#1098);
#669=LINE('',#4766,#1099);
#670=LINE('',#4768,#1100);
#671=LINE('',#4770,#1101);
#672=LINE('',#4771,#1102);
#673=LINE('',#4774,#1103);
#674=LINE('',#4776,#1104);
#675=LINE('',#4777,#1105);
#676=LINE('',#4780,#1106);
#677=LINE('',#4782,#1107);
#678=LINE('',#4783,#1108);
#679=LINE('',#4785,#1109);
#680=LINE('',#4786,#1110);
#681=LINE('',#4789,#1111);
#682=LINE('',#4793,#1112);
#683=LINE('',#4795,#1113);
#684=LINE('',#4797,#1114);
#685=LINE('',#4800,#1115);
#686=LINE('',#4803,#1116);
#687=LINE('',#4804,#1117);
#688=LINE('',#4809,#1118);
#689=LINE('',#4811,#1119);
#690=LINE('',#4813,#1120);
#691=LINE('',#4814,#1121);
#692=LINE('',#4816,#1122);
#693=LINE('',#4818,#1123);
#694=LINE('',#4819,#1124);
#695=LINE('',#4822,#1125);
#696=LINE('',#4823,#1126);
#697=LINE('',#4824,#1127);
#698=LINE('',#4826,#1128);
#699=LINE('',#4829,#1129);
#700=LINE('',#4830,#1130);
#701=LINE('',#4833,#1131);
#702=LINE('',#4836,#1132);
#703=LINE('',#4840,#1133);
#704=LINE('',#4843,#1134);
#705=LINE('',#4848,#1135);
#706=LINE('',#4850,#1136);
#707=LINE('',#4852,#1137);
#708=LINE('',#4853,#1138);
#709=LINE('',#4856,#1139);
#710=LINE('',#4858,#1140);
#711=LINE('',#4859,#1141);
#712=LINE('',#4862,#1142);
#713=LINE('',#4864,#1143);
#714=LINE('',#4865,#1144);
#715=LINE('',#4867,#1145);
#716=LINE('',#4868,#1146);
#717=LINE('',#4871,#1147);
#718=LINE('',#4875,#1148);
#719=LINE('',#4877,#1149);
#720=LINE('',#4879,#1150);
#721=LINE('',#4882,#1151);
#722=LINE('',#4885,#1152);
#723=LINE('',#4886,#1153);
#724=LINE('',#4891,#1154);
#725=LINE('',#4893,#1155);
#726=LINE('',#4895,#1156);
#727=LINE('',#4896,#1157);
#728=LINE('',#4898,#1158);
#729=LINE('',#4900,#1159);
#730=LINE('',#4901,#1160);
#731=LINE('',#4904,#1161);
#732=LINE('',#4905,#1162);
#733=LINE('',#4906,#1163);
#734=LINE('',#4908,#1164);
#735=LINE('',#4911,#1165);
#736=LINE('',#4912,#1166);
#737=LINE('',#4915,#1167);
#738=LINE('',#4918,#1168);
#739=LINE('',#4922,#1169);
#740=LINE('',#4925,#1170);
#741=LINE('',#4930,#1171);
#742=LINE('',#4932,#1172);
#743=LINE('',#4934,#1173);
#744=LINE('',#4935,#1174);
#745=LINE('',#4938,#1175);
#746=LINE('',#4940,#1176);
#747=LINE('',#4941,#1177);
#748=LINE('',#4944,#1178);
#749=LINE('',#4946,#1179);
#750=LINE('',#4947,#1180);
#751=LINE('',#4949,#1181);
#752=LINE('',#4950,#1182);
#753=LINE('',#4953,#1183);
#754=LINE('',#4957,#1184);
#755=LINE('',#4959,#1185);
#756=LINE('',#4961,#1186);
#757=LINE('',#4964,#1187);
#758=LINE('',#4967,#1188);
#759=LINE('',#4968,#1189);
#760=LINE('',#4973,#1190);
#761=LINE('',#4975,#1191);
#762=LINE('',#4977,#1192);
#763=LINE('',#4978,#1193);
#764=LINE('',#4980,#1194);
#765=LINE('',#4982,#1195);
#766=LINE('',#4983,#1196);
#767=LINE('',#4986,#1197);
#768=LINE('',#4987,#1198);
#769=LINE('',#4988,#1199);
#770=LINE('',#4990,#1200);
#771=LINE('',#4993,#1201);
#772=LINE('',#4994,#1202);
#773=LINE('',#4997,#1203);
#774=LINE('',#5000,#1204);
#775=LINE('',#5004,#1205);
#776=LINE('',#5007,#1206);
#777=LINE('',#5012,#1207);
#778=LINE('',#5014,#1208);
#779=LINE('',#5016,#1209);
#780=LINE('',#5017,#1210);
#781=LINE('',#5020,#1211);
#782=LINE('',#5022,#1212);
#783=LINE('',#5023,#1213);
#784=LINE('',#5026,#1214);
#785=LINE('',#5028,#1215);
#786=LINE('',#5029,#1216);
#787=LINE('',#5031,#1217);
#788=LINE('',#5032,#1218);
#789=LINE('',#5035,#1219);
#790=LINE('',#5039,#1220);
#791=LINE('',#5041,#1221);
#792=LINE('',#5043,#1222);
#793=LINE('',#5046,#1223);
#794=LINE('',#5049,#1224);
#795=LINE('',#5050,#1225);
#796=LINE('',#5055,#1226);
#797=LINE('',#5057,#1227);
#798=LINE('',#5059,#1228);
#799=LINE('',#5060,#1229);
#800=LINE('',#5062,#1230);
#801=LINE('',#5064,#1231);
#802=LINE('',#5065,#1232);
#803=LINE('',#5068,#1233);
#804=LINE('',#5069,#1234);
#805=LINE('',#5070,#1235);
#806=LINE('',#5072,#1236);
#807=LINE('',#5075,#1237);
#808=LINE('',#5076,#1238);
#809=LINE('',#5079,#1239);
#810=LINE('',#5082,#1240);
#811=LINE('',#5086,#1241);
#812=LINE('',#5089,#1242);
#813=LINE('',#5094,#1243);
#814=LINE('',#5096,#1244);
#815=LINE('',#5098,#1245);
#816=LINE('',#5099,#1246);
#817=LINE('',#5102,#1247);
#818=LINE('',#5104,#1248);
#819=LINE('',#5105,#1249);
#820=LINE('',#5108,#1250);
#821=LINE('',#5110,#1251);
#822=LINE('',#5111,#1252);
#823=LINE('',#5113,#1253);
#824=LINE('',#5114,#1254);
#825=LINE('',#5117,#1255);
#826=LINE('',#5121,#1256);
#827=LINE('',#5123,#1257);
#828=LINE('',#5125,#1258);
#829=LINE('',#5128,#1259);
#830=LINE('',#5131,#1260);
#831=LINE('',#5132,#1261);
#832=LINE('',#5137,#1262);
#833=LINE('',#5139,#1263);
#834=LINE('',#5141,#1264);
#835=LINE('',#5142,#1265);
#836=LINE('',#5144,#1266);
#837=LINE('',#5146,#1267);
#838=LINE('',#5147,#1268);
#839=LINE('',#5150,#1269);
#840=LINE('',#5151,#1270);
#841=LINE('',#5152,#1271);
#842=LINE('',#5154,#1272);
#843=LINE('',#5157,#1273);
#844=LINE('',#5158,#1274);
#845=LINE('',#5161,#1275);
#846=LINE('',#5164,#1276);
#847=LINE('',#5168,#1277);
#848=LINE('',#5171,#1278);
#849=VECTOR('',#3452,10.);
#850=VECTOR('',#3453,10.);
#851=VECTOR('',#3454,10.);
#852=VECTOR('',#3455,10.);
#853=VECTOR('',#3458,10.);
#854=VECTOR('',#3459,10.);
#855=VECTOR('',#3460,10.);
#856=VECTOR('',#3463,10.);
#857=VECTOR('',#3464,10.);
#858=VECTOR('',#3465,10.);
#859=VECTOR('',#3468,10.);
#860=VECTOR('',#3469,10.);
#861=VECTOR('',#3470,10.);
#862=VECTOR('',#3471,10.);
#863=VECTOR('',#3474,10.);
#864=VECTOR('',#3475,10.);
#865=VECTOR('',#3476,10.);
#866=VECTOR('',#3479,10.);
#867=VECTOR('',#3480,10.);
#868=VECTOR('',#3481,10.);
#869=VECTOR('',#3484,10.);
#870=VECTOR('',#3485,10.);
#871=VECTOR('',#3486,10.);
#872=VECTOR('',#3487,10.);
#873=VECTOR('',#3488,10.);
#874=VECTOR('',#3489,10.);
#875=VECTOR('',#3490,10.);
#876=VECTOR('',#3493,10.);
#877=VECTOR('',#3494,10.);
#878=VECTOR('',#3495,10.);
#879=VECTOR('',#3496,10.);
#880=VECTOR('',#3499,10.);
#881=VECTOR('',#3500,10.);
#882=VECTOR('',#3501,10.);
#883=VECTOR('',#3502,10.);
#884=VECTOR('',#3503,10.);
#885=VECTOR('',#3506,10.);
#886=VECTOR('',#3507,10.);
#887=VECTOR('',#3508,10.);
#888=VECTOR('',#3509,10.);
#889=VECTOR('',#3510,10.);
#890=VECTOR('',#3511,10.);
#891=VECTOR('',#3514,10.);
#892=VECTOR('',#3515,10.);
#893=VECTOR('',#3516,10.);
#894=VECTOR('',#3519,10.);
#895=VECTOR('',#3520,10.);
#896=VECTOR('',#3521,10.);
#897=VECTOR('',#3522,10.);
#898=VECTOR('',#3523,10.);
#899=VECTOR('',#3524,10.);
#900=VECTOR('',#3527,10.);
#901=VECTOR('',#3528,10.);
#902=VECTOR('',#3529,10.);
#903=VECTOR('',#3532,10.);
#904=VECTOR('',#3533,10.);
#905=VECTOR('',#3534,10.);
#906=VECTOR('',#3535,10.);
#907=VECTOR('',#3536,10.);
#908=VECTOR('',#3539,10.);
#909=VECTOR('',#3540,10.);
#910=VECTOR('',#3541,10.);
#911=VECTOR('',#3542,10.);
#912=VECTOR('',#3543,10.);
#913=VECTOR('',#3546,10.);
#914=VECTOR('',#3547,10.);
#915=VECTOR('',#3548,10.);
#916=VECTOR('',#3549,10.);
#917=VECTOR('',#3550,10.);
#918=VECTOR('',#3551,10.);
#919=VECTOR('',#3552,10.);
#920=VECTOR('',#3553,10.);
#921=VECTOR('',#3556,10.);
#922=VECTOR('',#3557,10.);
#923=VECTOR('',#3558,10.);
#924=VECTOR('',#3559,10.);
#925=VECTOR('',#3560,10.);
#926=VECTOR('',#3561,10.);
#927=VECTOR('',#3562,10.);
#928=VECTOR('',#3563,10.);
#929=VECTOR('',#3564,10.);
#930=VECTOR('',#3565,10.);
#931=VECTOR('',#3566,10.);
#932=VECTOR('',#3567,10.);
#933=VECTOR('',#3568,10.);
#934=VECTOR('',#3569,10.);
#935=VECTOR('',#3570,10.);
#936=VECTOR('',#3571,10.);
#937=VECTOR('',#3572,10.);
#938=VECTOR('',#3573,10.);
#939=VECTOR('',#3574,10.);
#940=VECTOR('',#3575,10.);
#941=VECTOR('',#3576,10.);
#942=VECTOR('',#3577,10.);
#943=VECTOR('',#3578,10.);
#944=VECTOR('',#3579,10.);
#945=VECTOR('',#3582,10.);
#946=VECTOR('',#3583,10.);
#947=VECTOR('',#3584,10.);
#948=VECTOR('',#3585,10.);
#949=VECTOR('',#3588,10.);
#950=VECTOR('',#3589,10.);
#951=VECTOR('',#3590,10.);
#952=VECTOR('',#3593,10.);
#953=VECTOR('',#3594,10.);
#954=VECTOR('',#3595,10.);
#955=VECTOR('',#3596,10.);
#956=VECTOR('',#3599,10.);
#957=VECTOR('',#3600,10.);
#958=VECTOR('',#3603,10.);
#959=VECTOR('',#3604,10.);
#960=VECTOR('',#3607,10.);
#961=VECTOR('',#3608,10.);
#962=VECTOR('',#3611,10.);
#963=VECTOR('',#3614,10.);
#964=VECTOR('',#3615,10.);
#965=VECTOR('',#3616,10.);
#966=VECTOR('',#3617,10.);
#967=VECTOR('',#3618,10.);
#968=VECTOR('',#3621,10.);
#969=VECTOR('',#3622,10.);
#970=VECTOR('',#3623,10.);
#971=VECTOR('',#3626,10.);
#972=VECTOR('',#3627,10.);
#973=VECTOR('',#3630,10.);
#974=VECTOR('',#3631,10.);
#975=VECTOR('',#3632,10.);
#976=VECTOR('',#3633,10.);
#977=VECTOR('',#3636,10.);
#978=VECTOR('',#3637,10.);
#979=VECTOR('',#3638,10.);
#980=VECTOR('',#3639,10.);
#981=VECTOR('',#3640,10.);
#982=VECTOR('',#3641,10.);
#983=VECTOR('',#3642,10.);
#984=VECTOR('',#3645,10.);
#985=VECTOR('',#3648,10.);
#986=VECTOR('',#3649,10.);
#987=VECTOR('',#3650,10.);
#988=VECTOR('',#3651,10.);
#989=VECTOR('',#3654,10.);
#990=VECTOR('',#3655,10.);
#991=VECTOR('',#3656,10.);
#992=VECTOR('',#3657,10.);
#993=VECTOR('',#3660,10.);
#994=VECTOR('',#3661,10.);
#995=VECTOR('',#3662,10.);
#996=VECTOR('',#3665,10.);
#997=VECTOR('',#3666,10.);
#998=VECTOR('',#3669,10.);
#999=VECTOR('',#3670,10.);
#1000=VECTOR('',#3671,10.);
#1001=VECTOR('',#3674,10.);
#1002=VECTOR('',#3675,10.);
#1003=VECTOR('',#3678,10.);
#1004=VECTOR('',#3681,10.);
#1005=VECTOR('',#3682,10.);
#1006=VECTOR('',#3685,10.);
#1007=VECTOR('',#3686,10.);
#1008=VECTOR('',#3687,10.);
#1009=VECTOR('',#3690,10.);
#1010=VECTOR('',#3691,10.);
#1011=VECTOR('',#3694,10.);
#1012=VECTOR('',#3695,10.);
#1013=VECTOR('',#3698,10.);
#1014=VECTOR('',#3701,10.);
#1015=VECTOR('',#3702,10.);
#1016=VECTOR('',#3703,10.);
#1017=VECTOR('',#3706,10.);
#1018=VECTOR('',#3707,10.);
#1019=VECTOR('',#3708,10.);
#1020=VECTOR('',#3709,10.);
#1021=VECTOR('',#3710,10.);
#1022=VECTOR('',#3711,10.);
#1023=VECTOR('',#3714,10.);
#1024=VECTOR('',#3717,10.);
#1025=VECTOR('',#3718,10.);
#1026=VECTOR('',#3721,10.);
#1027=VECTOR('',#3722,10.);
#1028=VECTOR('',#3723,10.);
#1029=VECTOR('',#3726,10.);
#1030=VECTOR('',#3727,10.);
#1031=VECTOR('',#3730,10.);
#1032=VECTOR('',#3731,10.);
#1033=VECTOR('',#3734,10.);
#1034=VECTOR('',#3737,10.);
#1035=VECTOR('',#3738,10.);
#1036=VECTOR('',#3739,10.);
#1037=VECTOR('',#3742,10.);
#1038=VECTOR('',#3743,10.);
#1039=VECTOR('',#3744,10.);
#1040=VECTOR('',#3745,10.);
#1041=VECTOR('',#3746,10.);
#1042=VECTOR('',#3747,10.);
#1043=VECTOR('',#3750,10.);
#1044=VECTOR('',#3753,10.);
#1045=VECTOR('',#3754,10.);
#1046=VECTOR('',#3757,10.);
#1047=VECTOR('',#3758,10.);
#1048=VECTOR('',#3759,10.);
#1049=VECTOR('',#3762,10.);
#1050=VECTOR('',#3763,10.);
#1051=VECTOR('',#3766,10.);
#1052=VECTOR('',#3767,10.);
#1053=VECTOR('',#3770,10.);
#1054=VECTOR('',#3773,10.);
#1055=VECTOR('',#3774,10.);
#1056=VECTOR('',#3775,10.);
#1057=VECTOR('',#3778,10.);
#1058=VECTOR('',#3779,10.);
#1059=VECTOR('',#3780,10.);
#1060=VECTOR('',#3781,10.);
#1061=VECTOR('',#3782,10.);
#1062=VECTOR('',#3783,10.);
#1063=VECTOR('',#3786,10.);
#1064=VECTOR('',#3789,10.);
#1065=VECTOR('',#3790,10.);
#1066=VECTOR('',#3793,10.);
#1067=VECTOR('',#3794,10.);
#1068=VECTOR('',#3795,10.);
#1069=VECTOR('',#3798,10.);
#1070=VECTOR('',#3799,10.);
#1071=VECTOR('',#3802,10.);
#1072=VECTOR('',#3803,10.);
#1073=VECTOR('',#3806,10.);
#1074=VECTOR('',#3809,10.);
#1075=VECTOR('',#3812,10.);
#1076=VECTOR('',#3813,10.);
#1077=VECTOR('',#3816,10.);
#1078=VECTOR('',#3817,10.);
#1079=VECTOR('',#3818,10.);
#1080=VECTOR('',#3819,10.);
#1081=VECTOR('',#3822,10.);
#1082=VECTOR('',#3823,10.);
#1083=VECTOR('',#3824,10.);
#1084=VECTOR('',#3827,10.);
#1085=VECTOR('',#3828,10.);
#1086=VECTOR('',#3831,10.);
#1087=VECTOR('',#3832,10.);
#1088=VECTOR('',#3835,10.);
#1089=VECTOR('',#3838,10.);
#1090=VECTOR('',#3839,10.);
#1091=VECTOR('',#3844,10.);
#1092=VECTOR('',#3845,10.);
#1093=VECTOR('',#3848,10.);
#1094=VECTOR('',#3849,10.);
#1095=VECTOR('',#3852,10.);
#1096=VECTOR('',#3853,10.);
#1097=VECTOR('',#3854,10.);
#1098=VECTOR('',#3857,10.);
#1099=VECTOR('',#3866,10.);
#1100=VECTOR('',#3867,10.);
#1101=VECTOR('',#3868,10.);
#1102=VECTOR('',#3869,10.);
#1103=VECTOR('',#3872,10.);
#1104=VECTOR('',#3873,10.);
#1105=VECTOR('',#3874,10.);
#1106=VECTOR('',#3877,10.);
#1107=VECTOR('',#3878,10.);
#1108=VECTOR('',#3879,10.);
#1109=VECTOR('',#3882,10.);
#1110=VECTOR('',#3883,10.);
#1111=VECTOR('',#3886,10.);
#1112=VECTOR('',#3889,10.);
#1113=VECTOR('',#3890,10.);
#1114=VECTOR('',#3891,10.);
#1115=VECTOR('',#3894,10.);
#1116=VECTOR('',#3897,10.);
#1117=VECTOR('',#3898,10.);
#1118=VECTOR('',#3903,10.);
#1119=VECTOR('',#3904,10.);
#1120=VECTOR('',#3905,10.);
#1121=VECTOR('',#3906,10.);
#1122=VECTOR('',#3909,10.);
#1123=VECTOR('',#3910,10.);
#1124=VECTOR('',#3911,10.);
#1125=VECTOR('',#3914,10.);
#1126=VECTOR('',#3915,10.);
#1127=VECTOR('',#3916,10.);
#1128=VECTOR('',#3919,10.);
#1129=VECTOR('',#3922,10.);
#1130=VECTOR('',#3923,10.);
#1131=VECTOR('',#3926,10.);
#1132=VECTOR('',#3929,10.);
#1133=VECTOR('',#3936,10.);
#1134=VECTOR('',#3941,10.);
#1135=VECTOR('',#3946,10.);
#1136=VECTOR('',#3947,10.);
#1137=VECTOR('',#3948,10.);
#1138=VECTOR('',#3949,10.);
#1139=VECTOR('',#3952,10.);
#1140=VECTOR('',#3953,10.);
#1141=VECTOR('',#3954,10.);
#1142=VECTOR('',#3957,10.);
#1143=VECTOR('',#3958,10.);
#1144=VECTOR('',#3959,10.);
#1145=VECTOR('',#3962,10.);
#1146=VECTOR('',#3963,10.);
#1147=VECTOR('',#3966,10.);
#1148=VECTOR('',#3969,10.);
#1149=VECTOR('',#3970,10.);
#1150=VECTOR('',#3971,10.);
#1151=VECTOR('',#3974,10.);
#1152=VECTOR('',#3977,10.);
#1153=VECTOR('',#3978,10.);
#1154=VECTOR('',#3983,10.);
#1155=VECTOR('',#3984,10.);
#1156=VECTOR('',#3985,10.);
#1157=VECTOR('',#3986,10.);
#1158=VECTOR('',#3989,10.);
#1159=VECTOR('',#3990,10.);
#1160=VECTOR('',#3991,10.);
#1161=VECTOR('',#3994,10.);
#1162=VECTOR('',#3995,10.);
#1163=VECTOR('',#3996,10.);
#1164=VECTOR('',#3999,10.);
#1165=VECTOR('',#4002,10.);
#1166=VECTOR('',#4003,10.);
#1167=VECTOR('',#4006,10.);
#1168=VECTOR('',#4009,10.);
#1169=VECTOR('',#4016,10.);
#1170=VECTOR('',#4021,10.);
#1171=VECTOR('',#4026,10.);
#1172=VECTOR('',#4027,10.);
#1173=VECTOR('',#4028,10.);
#1174=VECTOR('',#4029,10.);
#1175=VECTOR('',#4032,10.);
#1176=VECTOR('',#4033,10.);
#1177=VECTOR('',#4034,10.);
#1178=VECTOR('',#4037,10.);
#1179=VECTOR('',#4038,10.);
#1180=VECTOR('',#4039,10.);
#1181=VECTOR('',#4042,10.);
#1182=VECTOR('',#4043,10.);
#1183=VECTOR('',#4046,10.);
#1184=VECTOR('',#4049,10.);
#1185=VECTOR('',#4050,10.);
#1186=VECTOR('',#4051,10.);
#1187=VECTOR('',#4054,10.);
#1188=VECTOR('',#4057,10.);
#1189=VECTOR('',#4058,10.);
#1190=VECTOR('',#4063,10.);
#1191=VECTOR('',#4064,10.);
#1192=VECTOR('',#4065,10.);
#1193=VECTOR('',#4066,10.);
#1194=VECTOR('',#4069,10.);
#1195=VECTOR('',#4070,10.);
#1196=VECTOR('',#4071,10.);
#1197=VECTOR('',#4074,10.);
#1198=VECTOR('',#4075,10.);
#1199=VECTOR('',#4076,10.);
#1200=VECTOR('',#4079,10.);
#1201=VECTOR('',#4082,10.);
#1202=VECTOR('',#4083,10.);
#1203=VECTOR('',#4086,10.);
#1204=VECTOR('',#4089,10.);
#1205=VECTOR('',#4096,10.);
#1206=VECTOR('',#4101,10.);
#1207=VECTOR('',#4106,10.);
#1208=VECTOR('',#4107,10.);
#1209=VECTOR('',#4108,10.);
#1210=VECTOR('',#4109,10.);
#1211=VECTOR('',#4112,10.);
#1212=VECTOR('',#4113,10.);
#1213=VECTOR('',#4114,10.);
#1214=VECTOR('',#4117,10.);
#1215=VECTOR('',#4118,10.);
#1216=VECTOR('',#4119,10.);
#1217=VECTOR('',#4122,10.);
#1218=VECTOR('',#4123,10.);
#1219=VECTOR('',#4126,10.);
#1220=VECTOR('',#4129,10.);
#1221=VECTOR('',#4130,10.);
#1222=VECTOR('',#4131,10.);
#1223=VECTOR('',#4134,10.);
#1224=VECTOR('',#4137,10.);
#1225=VECTOR('',#4138,10.);
#1226=VECTOR('',#4143,10.);
#1227=VECTOR('',#4144,10.);
#1228=VECTOR('',#4145,10.);
#1229=VECTOR('',#4146,10.);
#1230=VECTOR('',#4149,10.);
#1231=VECTOR('',#4150,10.);
#1232=VECTOR('',#4151,10.);
#1233=VECTOR('',#4154,10.);
#1234=VECTOR('',#4155,10.);
#1235=VECTOR('',#4156,10.);
#1236=VECTOR('',#4159,10.);
#1237=VECTOR('',#4162,10.);
#1238=VECTOR('',#4163,10.);
#1239=VECTOR('',#4166,10.);
#1240=VECTOR('',#4169,10.);
#1241=VECTOR('',#4176,10.);
#1242=VECTOR('',#4181,10.);
#1243=VECTOR('',#4186,10.);
#1244=VECTOR('',#4187,10.);
#1245=VECTOR('',#4188,10.);
#1246=VECTOR('',#4189,10.);
#1247=VECTOR('',#4192,10.);
#1248=VECTOR('',#4193,10.);
#1249=VECTOR('',#4194,10.);
#1250=VECTOR('',#4197,10.);
#1251=VECTOR('',#4198,10.);
#1252=VECTOR('',#4199,10.);
#1253=VECTOR('',#4202,10.);
#1254=VECTOR('',#4203,10.);
#1255=VECTOR('',#4206,10.);
#1256=VECTOR('',#4209,10.);
#1257=VECTOR('',#4210,10.);
#1258=VECTOR('',#4211,10.);
#1259=VECTOR('',#4214,10.);
#1260=VECTOR('',#4217,10.);
#1261=VECTOR('',#4218,10.);
#1262=VECTOR('',#4223,10.);
#1263=VECTOR('',#4224,10.);
#1264=VECTOR('',#4225,10.);
#1265=VECTOR('',#4226,10.);
#1266=VECTOR('',#4229,10.);
#1267=VECTOR('',#4230,10.);
#1268=VECTOR('',#4231,10.);
#1269=VECTOR('',#4234,10.);
#1270=VECTOR('',#4235,10.);
#1271=VECTOR('',#4236,10.);
#1272=VECTOR('',#4239,10.);
#1273=VECTOR('',#4242,10.);
#1274=VECTOR('',#4243,10.);
#1275=VECTOR('',#4246,10.);
#1276=VECTOR('',#4249,10.);
#1277=VECTOR('',#4256,10.);
#1278=VECTOR('',#4261,10.);
#1279=VERTEX_POINT('',#4266);
#1280=VERTEX_POINT('',#4267);
#1281=VERTEX_POINT('',#4269);
#1282=VERTEX_POINT('',#4271);
#1283=VERTEX_POINT('',#4275);
#1284=VERTEX_POINT('',#4277);
#1285=VERTEX_POINT('',#4281);
#1286=VERTEX_POINT('',#4283);
#1287=VERTEX_POINT('',#4287);
#1288=VERTEX_POINT('',#4288);
#1289=VERTEX_POINT('',#4290);
#1290=VERTEX_POINT('',#4292);
#1291=VERTEX_POINT('',#4296);
#1292=VERTEX_POINT('',#4298);
#1293=VERTEX_POINT('',#4302);
#1294=VERTEX_POINT('',#4304);
#1295=VERTEX_POINT('',#4308);
#1296=VERTEX_POINT('',#4310);
#1297=VERTEX_POINT('',#4312);
#1298=VERTEX_POINT('',#4314);
#1299=VERTEX_POINT('',#4316);
#1300=VERTEX_POINT('',#4318);
#1301=VERTEX_POINT('',#4322);
#1302=VERTEX_POINT('',#4324);
#1303=VERTEX_POINT('',#4326);
#1304=VERTEX_POINT('',#4330);
#1305=VERTEX_POINT('',#4332);
#1306=VERTEX_POINT('',#4334);
#1307=VERTEX_POINT('',#4336);
#1308=VERTEX_POINT('',#4340);
#1309=VERTEX_POINT('',#4342);
#1310=VERTEX_POINT('',#4344);
#1311=VERTEX_POINT('',#4346);
#1312=VERTEX_POINT('',#4348);
#1313=VERTEX_POINT('',#4352);
#1314=VERTEX_POINT('',#4354);
#1315=VERTEX_POINT('',#4358);
#1316=VERTEX_POINT('',#4359);
#1317=VERTEX_POINT('',#4361);
#1318=VERTEX_POINT('',#4363);
#1319=VERTEX_POINT('',#4365);
#1320=VERTEX_POINT('',#4367);
#1321=VERTEX_POINT('',#4371);
#1322=VERTEX_POINT('',#4373);
#1323=VERTEX_POINT('',#4377);
#1324=VERTEX_POINT('',#4378);
#1325=VERTEX_POINT('',#4381);
#1326=VERTEX_POINT('',#4383);
#1327=VERTEX_POINT('',#4387);
#1328=VERTEX_POINT('',#4390);
#1329=VERTEX_POINT('',#4392);
#1330=VERTEX_POINT('',#4396);
#1331=VERTEX_POINT('',#4398);
#1332=VERTEX_POINT('',#4400);
#1333=VERTEX_POINT('',#4403);
#1334=VERTEX_POINT('',#4404);
#1335=VERTEX_POINT('',#4406);
#1336=VERTEX_POINT('',#4408);
#1337=VERTEX_POINT('',#4412);
#1338=VERTEX_POINT('',#4415);
#1339=VERTEX_POINT('',#4417);
#1340=VERTEX_POINT('',#4419);
#1341=VERTEX_POINT('',#4421);
#1342=VERTEX_POINT('',#4423);
#1343=VERTEX_POINT('',#4425);
#1344=VERTEX_POINT('',#4427);
#1345=VERTEX_POINT('',#4429);
#1346=VERTEX_POINT('',#4431);
#1347=VERTEX_POINT('',#4433);
#1348=VERTEX_POINT('',#4435);
#1349=VERTEX_POINT('',#4437);
#1350=VERTEX_POINT('',#4439);
#1351=VERTEX_POINT('',#4441);
#1352=VERTEX_POINT('',#4443);
#1353=VERTEX_POINT('',#4445);
#1354=VERTEX_POINT('',#4447);
#1355=VERTEX_POINT('',#4449);
#1356=VERTEX_POINT('',#4451);
#1357=VERTEX_POINT('',#4453);
#1358=VERTEX_POINT('',#4458);
#1359=VERTEX_POINT('',#4460);
#1360=VERTEX_POINT('',#4465);
#1361=VERTEX_POINT('',#4467);
#1362=VERTEX_POINT('',#4471);
#1363=VERTEX_POINT('',#4472);
#1364=VERTEX_POINT('',#4474);
#1365=VERTEX_POINT('',#4476);
#1366=VERTEX_POINT('',#4480);
#1367=VERTEX_POINT('',#4487);
#1368=VERTEX_POINT('',#4493);
#1369=VERTEX_POINT('',#4494);
#1370=VERTEX_POINT('',#4496);
#1371=VERTEX_POINT('',#4499);
#1372=VERTEX_POINT('',#4504);
#1373=VERTEX_POINT('',#4508);
#1374=VERTEX_POINT('',#4513);
#1375=VERTEX_POINT('',#4515);
#1376=VERTEX_POINT('',#4519);
#1377=VERTEX_POINT('',#4521);
#1378=VERTEX_POINT('',#4524);
#1379=VERTEX_POINT('',#4525);
#1380=VERTEX_POINT('',#4527);
#1381=VERTEX_POINT('',#4529);
#1382=VERTEX_POINT('',#4535);
#1383=VERTEX_POINT('',#4536);
#1384=VERTEX_POINT('',#4538);
#1385=VERTEX_POINT('',#4540);
#1386=VERTEX_POINT('',#4544);
#1387=VERTEX_POINT('',#4545);
#1388=VERTEX_POINT('',#4547);
#1389=VERTEX_POINT('',#4549);
#1390=VERTEX_POINT('',#4553);
#1391=VERTEX_POINT('',#4555);
#1392=VERTEX_POINT('',#4563);
#1393=VERTEX_POINT('',#4567);
#1394=VERTEX_POINT('',#4573);
#1395=VERTEX_POINT('',#4577);
#1396=VERTEX_POINT('',#4579);
#1397=VERTEX_POINT('',#4583);
#1398=VERTEX_POINT('',#4587);
#1399=VERTEX_POINT('',#4593);
#1400=VERTEX_POINT('',#4594);
#1401=VERTEX_POINT('',#4599);
#1402=VERTEX_POINT('',#4602);
#1403=VERTEX_POINT('',#4603);
#1404=VERTEX_POINT('',#4605);
#1405=VERTEX_POINT('',#4607);
#1406=VERTEX_POINT('',#4613);
#1407=VERTEX_POINT('',#4617);
#1408=VERTEX_POINT('',#4619);
#1409=VERTEX_POINT('',#4623);
#1410=VERTEX_POINT('',#4627);
#1411=VERTEX_POINT('',#4633);
#1412=VERTEX_POINT('',#4634);
#1413=VERTEX_POINT('',#4639);
#1414=VERTEX_POINT('',#4642);
#1415=VERTEX_POINT('',#4643);
#1416=VERTEX_POINT('',#4645);
#1417=VERTEX_POINT('',#4647);
#1418=VERTEX_POINT('',#4653);
#1419=VERTEX_POINT('',#4657);
#1420=VERTEX_POINT('',#4659);
#1421=VERTEX_POINT('',#4663);
#1422=VERTEX_POINT('',#4667);
#1423=VERTEX_POINT('',#4673);
#1424=VERTEX_POINT('',#4674);
#1425=VERTEX_POINT('',#4679);
#1426=VERTEX_POINT('',#4682);
#1427=VERTEX_POINT('',#4683);
#1428=VERTEX_POINT('',#4685);
#1429=VERTEX_POINT('',#4687);
#1430=VERTEX_POINT('',#4693);
#1431=VERTEX_POINT('',#4697);
#1432=VERTEX_POINT('',#4699);
#1433=VERTEX_POINT('',#4703);
#1434=VERTEX_POINT('',#4707);
#1435=VERTEX_POINT('',#4715);
#1436=VERTEX_POINT('',#4719);
#1437=VERTEX_POINT('',#4721);
#1438=VERTEX_POINT('',#4726);
#1439=VERTEX_POINT('',#4728);
#1440=VERTEX_POINT('',#4732);
#1441=VERTEX_POINT('',#4736);
#1442=VERTEX_POINT('',#4746);
#1443=VERTEX_POINT('',#4750);
#1444=VERTEX_POINT('',#4755);
#1445=VERTEX_POINT('',#4764);
#1446=VERTEX_POINT('',#4765);
#1447=VERTEX_POINT('',#4767);
#1448=VERTEX_POINT('',#4769);
#1449=VERTEX_POINT('',#4773);
#1450=VERTEX_POINT('',#4775);
#1451=VERTEX_POINT('',#4779);
#1452=VERTEX_POINT('',#4781);
#1453=VERTEX_POINT('',#4788);
#1454=VERTEX_POINT('',#4790);
#1455=VERTEX_POINT('',#4792);
#1456=VERTEX_POINT('',#4794);
#1457=VERTEX_POINT('',#4796);
#1458=VERTEX_POINT('',#4798);
#1459=VERTEX_POINT('',#4802);
#1460=VERTEX_POINT('',#4807);
#1461=VERTEX_POINT('',#4808);
#1462=VERTEX_POINT('',#4810);
#1463=VERTEX_POINT('',#4812);
#1464=VERTEX_POINT('',#4817);
#1465=VERTEX_POINT('',#4821);
#1466=VERTEX_POINT('',#4828);
#1467=VERTEX_POINT('',#4832);
#1468=VERTEX_POINT('',#4835);
#1469=VERTEX_POINT('',#4846);
#1470=VERTEX_POINT('',#4847);
#1471=VERTEX_POINT('',#4849);
#1472=VERTEX_POINT('',#4851);
#1473=VERTEX_POINT('',#4855);
#1474=VERTEX_POINT('',#4857);
#1475=VERTEX_POINT('',#4861);
#1476=VERTEX_POINT('',#4863);
#1477=VERTEX_POINT('',#4870);
#1478=VERTEX_POINT('',#4872);
#1479=VERTEX_POINT('',#4874);
#1480=VERTEX_POINT('',#4876);
#1481=VERTEX_POINT('',#4878);
#1482=VERTEX_POINT('',#4880);
#1483=VERTEX_POINT('',#4884);
#1484=VERTEX_POINT('',#4889);
#1485=VERTEX_POINT('',#4890);
#1486=VERTEX_POINT('',#4892);
#1487=VERTEX_POINT('',#4894);
#1488=VERTEX_POINT('',#4899);
#1489=VERTEX_POINT('',#4903);
#1490=VERTEX_POINT('',#4910);
#1491=VERTEX_POINT('',#4914);
#1492=VERTEX_POINT('',#4917);
#1493=VERTEX_POINT('',#4928);
#1494=VERTEX_POINT('',#4929);
#1495=VERTEX_POINT('',#4931);
#1496=VERTEX_POINT('',#4933);
#1497=VERTEX_POINT('',#4937);
#1498=VERTEX_POINT('',#4939);
#1499=VERTEX_POINT('',#4943);
#1500=VERTEX_POINT('',#4945);
#1501=VERTEX_POINT('',#4952);
#1502=VERTEX_POINT('',#4954);
#1503=VERTEX_POINT('',#4956);
#1504=VERTEX_POINT('',#4958);
#1505=VERTEX_POINT('',#4960);
#1506=VERTEX_POINT('',#4962);
#1507=VERTEX_POINT('',#4966);
#1508=VERTEX_POINT('',#4971);
#1509=VERTEX_POINT('',#4972);
#1510=VERTEX_POINT('',#4974);
#1511=VERTEX_POINT('',#4976);
#1512=VERTEX_POINT('',#4981);
#1513=VERTEX_POINT('',#4985);
#1514=VERTEX_POINT('',#4992);
#1515=VERTEX_POINT('',#4996);
#1516=VERTEX_POINT('',#4999);
#1517=VERTEX_POINT('',#5010);
#1518=VERTEX_POINT('',#5011);
#1519=VERTEX_POINT('',#5013);
#1520=VERTEX_POINT('',#5015);
#1521=VERTEX_POINT('',#5019);
#1522=VERTEX_POINT('',#5021);
#1523=VERTEX_POINT('',#5025);
#1524=VERTEX_POINT('',#5027);
#1525=VERTEX_POINT('',#5034);
#1526=VERTEX_POINT('',#5036);
#1527=VERTEX_POINT('',#5038);
#1528=VERTEX_POINT('',#5040);
#1529=VERTEX_POINT('',#5042);
#1530=VERTEX_POINT('',#5044);
#1531=VERTEX_POINT('',#5048);
#1532=VERTEX_POINT('',#5053);
#1533=VERTEX_POINT('',#5054);
#1534=VERTEX_POINT('',#5056);
#1535=VERTEX_POINT('',#5058);
#1536=VERTEX_POINT('',#5063);
#1537=VERTEX_POINT('',#5067);
#1538=VERTEX_POINT('',#5074);
#1539=VERTEX_POINT('',#5078);
#1540=VERTEX_POINT('',#5081);
#1541=VERTEX_POINT('',#5092);
#1542=VERTEX_POINT('',#5093);
#1543=VERTEX_POINT('',#5095);
#1544=VERTEX_POINT('',#5097);
#1545=VERTEX_POINT('',#5101);
#1546=VERTEX_POINT('',#5103);
#1547=VERTEX_POINT('',#5107);
#1548=VERTEX_POINT('',#5109);
#1549=VERTEX_POINT('',#5116);
#1550=VERTEX_POINT('',#5118);
#1551=VERTEX_POINT('',#5120);
#1552=VERTEX_POINT('',#5122);
#1553=VERTEX_POINT('',#5124);
#1554=VERTEX_POINT('',#5126);
#1555=VERTEX_POINT('',#5130);
#1556=VERTEX_POINT('',#5135);
#1557=VERTEX_POINT('',#5136);
#1558=VERTEX_POINT('',#5138);
#1559=VERTEX_POINT('',#5140);
#1560=VERTEX_POINT('',#5145);
#1561=VERTEX_POINT('',#5149);
#1562=VERTEX_POINT('',#5156);
#1563=VERTEX_POINT('',#5160);
#1564=VERTEX_POINT('',#5163);
#1565=EDGE_CURVE('',#1279,#1280,#419,.T.);
#1566=EDGE_CURVE('',#1281,#1279,#420,.T.);
#1567=EDGE_CURVE('',#1282,#1281,#421,.T.);
#1568=EDGE_CURVE('',#1282,#1280,#422,.T.);
#1569=EDGE_CURVE('',#1280,#1283,#423,.T.);
#1570=EDGE_CURVE('',#1284,#1282,#424,.T.);
#1571=EDGE_CURVE('',#1284,#1283,#425,.T.);
#1572=EDGE_CURVE('',#1283,#1285,#426,.T.);
#1573=EDGE_CURVE('',#1286,#1284,#427,.T.);
#1574=EDGE_CURVE('',#1285,#1286,#428,.T.);
#1575=EDGE_CURVE('',#1287,#1288,#429,.T.);
#1576=EDGE_CURVE('',#1289,#1287,#430,.T.);
#1577=EDGE_CURVE('',#1290,#1289,#431,.T.);
#1578=EDGE_CURVE('',#1288,#1290,#432,.T.);
#1579=EDGE_CURVE('',#1288,#1291,#433,.T.);
#1580=EDGE_CURVE('',#1292,#1290,#434,.T.);
#1581=EDGE_CURVE('',#1291,#1292,#435,.T.);
#1582=EDGE_CURVE('',#1291,#1293,#436,.T.);
#1583=EDGE_CURVE('',#1294,#1292,#437,.T.);
#1584=EDGE_CURVE('',#1293,#1294,#438,.T.);
#1585=EDGE_CURVE('',#1289,#1295,#439,.T.);
#1586=EDGE_CURVE('',#1295,#1296,#440,.T.);
#1587=EDGE_CURVE('',#1296,#1297,#441,.T.);
#1588=EDGE_CURVE('',#1297,#1298,#442,.T.);
#1589=EDGE_CURVE('',#1298,#1299,#443,.T.);
#1590=EDGE_CURVE('',#1299,#1300,#444,.T.);
#1591=EDGE_CURVE('',#1300,#1294,#445,.T.);
#1592=EDGE_CURVE('',#1287,#1301,#446,.T.);
#1593=EDGE_CURVE('',#1301,#1302,#447,.T.);
#1594=EDGE_CURVE('',#1302,#1303,#448,.T.);
#1595=EDGE_CURVE('',#1295,#1303,#449,.T.);
#1596=EDGE_CURVE('',#1304,#1286,#450,.T.);
#1597=EDGE_CURVE('',#1305,#1304,#451,.T.);
#1598=EDGE_CURVE('',#1305,#1306,#452,.T.);
#1599=EDGE_CURVE('',#1306,#1307,#453,.T.);
#1600=EDGE_CURVE('',#1307,#1285,#454,.T.);
#1601=EDGE_CURVE('',#1308,#1307,#455,.F.);
#1602=EDGE_CURVE('',#1308,#1309,#456,.T.);
#1603=EDGE_CURVE('',#1309,#1310,#457,.T.);
#1604=EDGE_CURVE('',#1311,#1310,#458,.F.);
#1605=EDGE_CURVE('',#1311,#1312,#459,.T.);
#1606=EDGE_CURVE('',#1279,#1312,#460,.T.);
#1607=EDGE_CURVE('',#1313,#1302,#461,.T.);
#1608=EDGE_CURVE('',#1314,#1313,#462,.T.);
#1609=EDGE_CURVE('',#1303,#1314,#463,.T.);
#1610=EDGE_CURVE('',#1315,#1316,#464,.T.);
#1611=EDGE_CURVE('',#1317,#1315,#465,.T.);
#1612=EDGE_CURVE('',#1318,#1317,#466,.T.);
#1613=EDGE_CURVE('',#1319,#1318,#467,.T.);
#1614=EDGE_CURVE('',#1319,#1320,#468,.T.);
#1615=EDGE_CURVE('',#1316,#1320,#469,.T.);
#1616=EDGE_CURVE('',#1318,#1321,#470,.T.);
#1617=EDGE_CURVE('',#1322,#1317,#471,.T.);
#1618=EDGE_CURVE('',#1321,#1322,#472,.T.);
#1619=EDGE_CURVE('',#1323,#1324,#473,.T.);
#1620=EDGE_CURVE('',#1320,#1323,#474,.T.);
#1621=EDGE_CURVE('',#1325,#1319,#475,.T.);
#1622=EDGE_CURVE('',#1326,#1325,#476,.T.);
#1623=EDGE_CURVE('',#1324,#1326,#477,.T.);
#1624=EDGE_CURVE('',#1327,#1315,#478,.T.);
#1625=EDGE_CURVE('',#1324,#1327,#479,.T.);
#1626=EDGE_CURVE('',#1328,#1326,#480,.T.);
#1627=EDGE_CURVE('',#1329,#1328,#481,.T.);
#1628=EDGE_CURVE('',#1322,#1329,#482,.T.);
#1629=EDGE_CURVE('',#1330,#1325,#483,.T.);
#1630=EDGE_CURVE('',#1330,#1331,#484,.T.);
#1631=EDGE_CURVE('',#1332,#1331,#485,.T.);
#1632=EDGE_CURVE('',#1328,#1332,#486,.T.);
#1633=EDGE_CURVE('',#1333,#1334,#487,.T.);
#1634=EDGE_CURVE('',#1335,#1333,#488,.T.);
#1635=EDGE_CURVE('',#1336,#1335,#489,.T.);
#1636=EDGE_CURVE('',#1334,#1336,#490,.T.);
#1637=EDGE_CURVE('',#1314,#1337,#491,.T.);
#1638=EDGE_CURVE('',#1337,#1305,#492,.T.);
#1639=EDGE_CURVE('',#1338,#1304,#493,.T.);
#1640=EDGE_CURVE('',#1339,#1338,#494,.T.);
#1641=EDGE_CURVE('',#1339,#1340,#495,.T.);
#1642=EDGE_CURVE('',#1340,#1341,#496,.T.);
#1643=EDGE_CURVE('',#1341,#1342,#497,.T.);
#1644=EDGE_CURVE('',#1342,#1343,#498,.T.);
#1645=EDGE_CURVE('',#1343,#1344,#499,.T.);
#1646=EDGE_CURVE('',#1345,#1344,#500,.T.);
#1647=EDGE_CURVE('',#1345,#1346,#501,.T.);
#1648=EDGE_CURVE('',#1346,#1347,#502,.T.);
#1649=EDGE_CURVE('',#1347,#1348,#503,.T.);
#1650=EDGE_CURVE('',#1349,#1348,#504,.T.);
#1651=EDGE_CURVE('',#1349,#1350,#505,.T.);
#1652=EDGE_CURVE('',#1350,#1351,#506,.T.);
#1653=EDGE_CURVE('',#1351,#1352,#507,.T.);
#1654=EDGE_CURVE('',#1353,#1352,#508,.T.);
#1655=EDGE_CURVE('',#1353,#1354,#509,.T.);
#1656=EDGE_CURVE('',#1354,#1355,#510,.T.);
#1657=EDGE_CURVE('',#1355,#1356,#511,.T.);
#1658=EDGE_CURVE('',#1357,#1356,#512,.T.);
#1659=EDGE_CURVE('',#1357,#1330,#513,.T.);
#1660=EDGE_CURVE('',#1296,#1321,#514,.T.);
#1661=EDGE_CURVE('',#1358,#1293,#515,.T.);
#1662=EDGE_CURVE('',#1358,#1359,#516,.T.);
#1663=EDGE_CURVE('',#1327,#1359,#517,.T.);
#1664=EDGE_CURVE('',#1301,#1316,#518,.T.);
#1665=EDGE_CURVE('',#1360,#1297,#519,.T.);
#1666=EDGE_CURVE('',#1360,#1361,#520,.T.);
#1667=EDGE_CURVE('',#1298,#1361,#521,.T.);
#1668=EDGE_CURVE('',#1362,#1363,#522,.T.);
#1669=EDGE_CURVE('',#1363,#1364,#523,.T.);
#1670=EDGE_CURVE('',#1364,#1365,#524,.T.);
#1671=EDGE_CURVE('',#1365,#1362,#525,.T.);
#1672=EDGE_CURVE('',#1361,#1366,#526,.T.);
#1673=EDGE_CURVE('',#1299,#1366,#527,.T.);
#1674=EDGE_CURVE('',#1365,#1360,#528,.T.);
#1675=EDGE_CURVE('',#1366,#1364,#529,.T.);
#1676=EDGE_CURVE('',#1367,#1313,#530,.T.);
#1677=EDGE_CURVE('',#1337,#1367,#531,.T.);
#1678=EDGE_CURVE('',#1306,#1367,#532,.T.);
#1679=EDGE_CURVE('',#1368,#1369,#533,.T.);
#1680=EDGE_CURVE('',#1368,#1370,#534,.T.);
#1681=EDGE_CURVE('',#1342,#1370,#535,.T.);
#1682=EDGE_CURVE('',#1341,#1371,#536,.T.);
#1683=EDGE_CURVE('',#1369,#1371,#537,.T.);
#1684=EDGE_CURVE('',#1371,#1308,#538,.T.);
#1685=EDGE_CURVE('',#1340,#1372,#539,.T.);
#1686=EDGE_CURVE('',#1372,#1309,#540,.T.);
#1687=EDGE_CURVE('',#1373,#1339,#541,.T.);
#1688=EDGE_CURVE('',#1373,#1372,#542,.T.);
#1689=EDGE_CURVE('',#1310,#1368,#543,.T.);
#1690=EDGE_CURVE('',#1374,#1373,#544,.T.);
#1691=EDGE_CURVE('',#1375,#1374,#545,.T.);
#1692=EDGE_CURVE('',#1370,#1375,#546,.T.);
#1693=EDGE_CURVE('',#1375,#1376,#547,.T.);
#1694=EDGE_CURVE('',#1377,#1376,#548,.T.);
#1695=EDGE_CURVE('',#1343,#1377,#549,.T.);
#1696=EDGE_CURVE('',#1378,#1379,#550,.T.);
#1697=EDGE_CURVE('',#1380,#1378,#551,.T.);
#1698=EDGE_CURVE('',#1381,#1380,#552,.T.);
#1699=EDGE_CURVE('',#1379,#1381,#553,.T.);
#1700=EDGE_CURVE('',#1323,#1369,#554,.F.);
#1701=EDGE_CURVE('',#1382,#1383,#555,.T.);
#1702=EDGE_CURVE('',#1383,#1384,#556,.T.);
#1703=EDGE_CURVE('',#1385,#1384,#557,.T.);
#1704=EDGE_CURVE('',#1382,#1385,#558,.T.);
#1705=EDGE_CURVE('',#1386,#1387,#559,.T.);
#1706=EDGE_CURVE('',#1387,#1388,#560,.T.);
#1707=EDGE_CURVE('',#1389,#1388,#561,.T.);
#1708=EDGE_CURVE('',#1386,#1389,#562,.T.);
#1709=EDGE_CURVE('',#1387,#1390,#563,.T.);
#1710=EDGE_CURVE('',#1390,#1391,#564,.T.);
#1711=EDGE_CURVE('',#1388,#1391,#565,.T.);
#1712=EDGE_CURVE('',#1391,#1385,#566,.T.);
#1713=EDGE_CURVE('',#1389,#1384,#567,.T.);
#1714=EDGE_CURVE('',#1386,#1338,#568,.T.);
#1715=EDGE_CURVE('',#1384,#1392,#569,.T.);
#1716=EDGE_CURVE('',#1392,#1374,#570,.T.);
#1717=EDGE_CURVE('',#1393,#1377,#571,.T.);
#1718=EDGE_CURVE('',#1344,#1393,#572,.T.);
#1719=EDGE_CURVE('',#1376,#1392,#573,.T.);
#1720=EDGE_CURVE('',#1393,#1394,#574,.T.);
#1721=EDGE_CURVE('',#1394,#1345,#575,.T.);
#1722=EDGE_CURVE('',#1395,#1380,#576,.T.);
#1723=EDGE_CURVE('',#1396,#1395,#577,.T.);
#1724=EDGE_CURVE('',#1396,#1381,#578,.T.);
#1725=EDGE_CURVE('',#1397,#1378,#579,.T.);
#1726=EDGE_CURVE('',#1395,#1397,#580,.T.);
#1727=EDGE_CURVE('',#1398,#1379,#581,.T.);
#1728=EDGE_CURVE('',#1397,#1398,#582,.T.);
#1729=EDGE_CURVE('',#1398,#1396,#583,.T.);
#1730=EDGE_CURVE('',#1399,#1400,#584,.T.);
#1731=EDGE_CURVE('',#1348,#1399,#585,.T.);
#1732=EDGE_CURVE('',#1347,#1400,#586,.T.);
#1733=EDGE_CURVE('',#1400,#1401,#587,.T.);
#1734=EDGE_CURVE('',#1346,#1401,#588,.T.);
#1735=EDGE_CURVE('',#1402,#1403,#589,.T.);
#1736=EDGE_CURVE('',#1404,#1402,#590,.T.);
#1737=EDGE_CURVE('',#1405,#1404,#591,.T.);
#1738=EDGE_CURVE('',#1403,#1405,#592,.T.);
#1739=EDGE_CURVE('',#1401,#1394,#593,.T.);
#1740=EDGE_CURVE('',#1399,#1406,#594,.T.);
#1741=EDGE_CURVE('',#1406,#1349,#595,.T.);
#1742=EDGE_CURVE('',#1407,#1404,#596,.T.);
#1743=EDGE_CURVE('',#1408,#1407,#597,.T.);
#1744=EDGE_CURVE('',#1408,#1405,#598,.T.);
#1745=EDGE_CURVE('',#1409,#1402,#599,.T.);
#1746=EDGE_CURVE('',#1407,#1409,#600,.T.);
#1747=EDGE_CURVE('',#1410,#1403,#601,.T.);
#1748=EDGE_CURVE('',#1409,#1410,#602,.T.);
#1749=EDGE_CURVE('',#1410,#1408,#603,.T.);
#1750=EDGE_CURVE('',#1411,#1412,#604,.T.);
#1751=EDGE_CURVE('',#1352,#1411,#605,.T.);
#1752=EDGE_CURVE('',#1351,#1412,#606,.T.);
#1753=EDGE_CURVE('',#1412,#1413,#607,.T.);
#1754=EDGE_CURVE('',#1350,#1413,#608,.T.);
#1755=EDGE_CURVE('',#1414,#1415,#609,.T.);
#1756=EDGE_CURVE('',#1416,#1414,#610,.T.);
#1757=EDGE_CURVE('',#1417,#1416,#611,.T.);
#1758=EDGE_CURVE('',#1415,#1417,#612,.T.);
#1759=EDGE_CURVE('',#1413,#1406,#613,.T.);
#1760=EDGE_CURVE('',#1411,#1418,#614,.T.);
#1761=EDGE_CURVE('',#1418,#1353,#615,.T.);
#1762=EDGE_CURVE('',#1419,#1416,#616,.T.);
#1763=EDGE_CURVE('',#1420,#1419,#617,.T.);
#1764=EDGE_CURVE('',#1420,#1417,#618,.T.);
#1765=EDGE_CURVE('',#1421,#1414,#619,.T.);
#1766=EDGE_CURVE('',#1419,#1421,#620,.T.);
#1767=EDGE_CURVE('',#1422,#1415,#621,.T.);
#1768=EDGE_CURVE('',#1421,#1422,#622,.T.);
#1769=EDGE_CURVE('',#1422,#1420,#623,.T.);
#1770=EDGE_CURVE('',#1423,#1424,#624,.T.);
#1771=EDGE_CURVE('',#1356,#1423,#625,.T.);
#1772=EDGE_CURVE('',#1355,#1424,#626,.T.);
#1773=EDGE_CURVE('',#1424,#1425,#627,.T.);
#1774=EDGE_CURVE('',#1354,#1425,#628,.T.);
#1775=EDGE_CURVE('',#1426,#1427,#629,.T.);
#1776=EDGE_CURVE('',#1428,#1426,#630,.T.);
#1777=EDGE_CURVE('',#1429,#1428,#631,.T.);
#1778=EDGE_CURVE('',#1427,#1429,#632,.T.);
#1779=EDGE_CURVE('',#1425,#1418,#633,.T.);
#1780=EDGE_CURVE('',#1423,#1430,#634,.T.);
#1781=EDGE_CURVE('',#1430,#1357,#635,.T.);
#1782=EDGE_CURVE('',#1431,#1428,#636,.T.);
#1783=EDGE_CURVE('',#1432,#1431,#637,.T.);
#1784=EDGE_CURVE('',#1432,#1429,#638,.T.);
#1785=EDGE_CURVE('',#1433,#1426,#639,.T.);
#1786=EDGE_CURVE('',#1431,#1433,#640,.T.);
#1787=EDGE_CURVE('',#1434,#1427,#641,.T.);
#1788=EDGE_CURVE('',#1433,#1434,#642,.T.);
#1789=EDGE_CURVE('',#1434,#1432,#643,.T.);
#1790=EDGE_CURVE('',#1331,#1430,#644,.T.);
#1791=EDGE_CURVE('',#1435,#1332,#645,.T.);
#1792=EDGE_CURVE('',#1329,#1435,#646,.T.);
#1793=EDGE_CURVE('',#1436,#1383,#647,.T.);
#1794=EDGE_CURVE('',#1437,#1436,#648,.T.);
#1795=EDGE_CURVE('',#1437,#1362,#649,.T.);
#1796=EDGE_CURVE('',#1435,#1365,#650,.T.);
#1797=EDGE_CURVE('',#1438,#1335,#651,.T.);
#1798=EDGE_CURVE('',#1439,#1438,#652,.T.);
#1799=EDGE_CURVE('',#1439,#1336,#653,.T.);
#1800=EDGE_CURVE('',#1440,#1333,#654,.T.);
#1801=EDGE_CURVE('',#1438,#1440,#655,.T.);
#1802=EDGE_CURVE('',#1441,#1334,#656,.T.);
#1803=EDGE_CURVE('',#1440,#1441,#657,.T.);
#1804=EDGE_CURVE('',#1441,#1439,#658,.T.);
#1805=EDGE_CURVE('',#1311,#1359,#659,.T.);
#1806=EDGE_CURVE('',#1312,#1358,#660,.T.);
#1807=EDGE_CURVE('',#1442,#1437,#661,.T.);
#1808=EDGE_CURVE('',#1363,#1442,#662,.T.);
#1809=EDGE_CURVE('',#1443,#1382,#663,.T.);
#1810=EDGE_CURVE('',#1436,#1443,#664,.T.);
#1811=EDGE_CURVE('',#1300,#1442,#665,.T.);
#1812=EDGE_CURVE('',#1443,#1444,#666,.T.);
#1813=EDGE_CURVE('',#1281,#1444,#667,.T.);
#1814=EDGE_CURVE('',#1444,#1390,#668,.T.);
#1815=EDGE_CURVE('',#1445,#1446,#669,.T.);
#1816=EDGE_CURVE('',#1446,#1447,#670,.T.);
#1817=EDGE_CURVE('',#1447,#1448,#671,.T.);
#1818=EDGE_CURVE('',#1445,#1448,#672,.T.);
#1819=EDGE_CURVE('',#1446,#1449,#673,.T.);
#1820=EDGE_CURVE('',#1449,#1450,#674,.T.);
#1821=EDGE_CURVE('',#1450,#1447,#675,.T.);
#1822=EDGE_CURVE('',#1449,#1451,#676,.T.);
#1823=EDGE_CURVE('',#1451,#1452,#677,.T.);
#1824=EDGE_CURVE('',#1452,#1450,#678,.T.);
#1825=EDGE_CURVE('',#1448,#1452,#679,.T.);
#1826=EDGE_CURVE('',#1451,#1445,#680,.T.);
#1827=EDGE_CURVE('',#1453,#1448,#681,.T.);
#1828=EDGE_CURVE('',#1454,#1453,#23,.T.);
#1829=EDGE_CURVE('',#1455,#1454,#682,.T.);
#1830=EDGE_CURVE('',#1456,#1455,#683,.T.);
#1831=EDGE_CURVE('',#1456,#1457,#684,.T.);
#1832=EDGE_CURVE('',#1457,#1458,#24,.T.);
#1833=EDGE_CURVE('',#1458,#1452,#685,.T.);
#1834=EDGE_CURVE('',#1459,#1447,#686,.T.);
#1835=EDGE_CURVE('',#1459,#1453,#687,.T.);
#1836=EDGE_CURVE('',#1460,#1461,#688,.T.);
#1837=EDGE_CURVE('',#1461,#1462,#689,.T.);
#1838=EDGE_CURVE('',#1462,#1463,#690,.T.);
#1839=EDGE_CURVE('',#1460,#1463,#691,.T.);
#1840=EDGE_CURVE('',#1461,#1456,#692,.T.);
#1841=EDGE_CURVE('',#1456,#1464,#693,.T.);
#1842=EDGE_CURVE('',#1464,#1462,#694,.T.);
#1843=EDGE_CURVE('',#1463,#1465,#695,.T.);
#1844=EDGE_CURVE('',#1465,#1455,#696,.T.);
#1845=EDGE_CURVE('',#1455,#1460,#697,.T.);
#1846=EDGE_CURVE('',#1465,#1464,#698,.T.);
#1847=EDGE_CURVE('',#1461,#1466,#699,.T.);
#1848=EDGE_CURVE('',#1457,#1466,#700,.T.);
#1849=EDGE_CURVE('',#1467,#1450,#701,.T.);
#1850=EDGE_CURVE('',#1466,#1467,#25,.T.);
#1851=EDGE_CURVE('',#1460,#1468,#702,.T.);
#1852=EDGE_CURVE('',#1468,#1459,#26,.T.);
#1853=EDGE_CURVE('',#1458,#1467,#703,.T.);
#1854=EDGE_CURVE('',#1468,#1454,#704,.T.);
#1855=EDGE_CURVE('',#1469,#1470,#705,.T.);
#1856=EDGE_CURVE('',#1470,#1471,#706,.T.);
#1857=EDGE_CURVE('',#1471,#1472,#707,.T.);
#1858=EDGE_CURVE('',#1469,#1472,#708,.T.);
#1859=EDGE_CURVE('',#1470,#1473,#709,.T.);
#1860=EDGE_CURVE('',#1473,#1474,#710,.T.);
#1861=EDGE_CURVE('',#1474,#1471,#711,.T.);
#1862=EDGE_CURVE('',#1473,#1475,#712,.T.);
#1863=EDGE_CURVE('',#1475,#1476,#713,.T.);
#1864=EDGE_CURVE('',#1476,#1474,#714,.T.);
#1865=EDGE_CURVE('',#1472,#1476,#715,.T.);
#1866=EDGE_CURVE('',#1475,#1469,#716,.T.);
#1867=EDGE_CURVE('',#1477,#1472,#717,.T.);
#1868=EDGE_CURVE('',#1478,#1477,#27,.T.);
#1869=EDGE_CURVE('',#1479,#1478,#718,.T.);
#1870=EDGE_CURVE('',#1480,#1479,#719,.T.);
#1871=EDGE_CURVE('',#1480,#1481,#720,.T.);
#1872=EDGE_CURVE('',#1481,#1482,#28,.T.);
#1873=EDGE_CURVE('',#1482,#1476,#721,.T.);
#1874=EDGE_CURVE('',#1483,#1471,#722,.T.);
#1875=EDGE_CURVE('',#1483,#1477,#723,.T.);
#1876=EDGE_CURVE('',#1484,#1485,#724,.T.);
#1877=EDGE_CURVE('',#1485,#1486,#725,.T.);
#1878=EDGE_CURVE('',#1486,#1487,#726,.T.);
#1879=EDGE_CURVE('',#1484,#1487,#727,.T.);
#1880=EDGE_CURVE('',#1485,#1480,#728,.T.);
#1881=EDGE_CURVE('',#1480,#1488,#729,.T.);
#1882=EDGE_CURVE('',#1488,#1486,#730,.T.);
#1883=EDGE_CURVE('',#1487,#1489,#731,.T.);
#1884=EDGE_CURVE('',#1489,#1479,#732,.T.);
#1885=EDGE_CURVE('',#1479,#1484,#733,.T.);
#1886=EDGE_CURVE('',#1489,#1488,#734,.T.);
#1887=EDGE_CURVE('',#1485,#1490,#735,.T.);
#1888=EDGE_CURVE('',#1481,#1490,#736,.T.);
#1889=EDGE_CURVE('',#1491,#1474,#737,.T.);
#1890=EDGE_CURVE('',#1490,#1491,#29,.T.);
#1891=EDGE_CURVE('',#1484,#1492,#738,.T.);
#1892=EDGE_CURVE('',#1492,#1483,#30,.T.);
#1893=EDGE_CURVE('',#1482,#1491,#739,.T.);
#1894=EDGE_CURVE('',#1492,#1478,#740,.T.);
#1895=EDGE_CURVE('',#1493,#1494,#741,.T.);
#1896=EDGE_CURVE('',#1494,#1495,#742,.T.);
#1897=EDGE_CURVE('',#1495,#1496,#743,.T.);
#1898=EDGE_CURVE('',#1493,#1496,#744,.T.);
#1899=EDGE_CURVE('',#1494,#1497,#745,.T.);
#1900=EDGE_CURVE('',#1497,#1498,#746,.T.);
#1901=EDGE_CURVE('',#1498,#1495,#747,.T.);
#1902=EDGE_CURVE('',#1497,#1499,#748,.T.);
#1903=EDGE_CURVE('',#1499,#1500,#749,.T.);
#1904=EDGE_CURVE('',#1500,#1498,#750,.T.);
#1905=EDGE_CURVE('',#1496,#1500,#751,.T.);
#1906=EDGE_CURVE('',#1499,#1493,#752,.T.);
#1907=EDGE_CURVE('',#1501,#1496,#753,.T.);
#1908=EDGE_CURVE('',#1502,#1501,#31,.T.);
#1909=EDGE_CURVE('',#1503,#1502,#754,.T.);
#1910=EDGE_CURVE('',#1504,#1503,#755,.T.);
#1911=EDGE_CURVE('',#1504,#1505,#756,.T.);
#1912=EDGE_CURVE('',#1505,#1506,#32,.T.);
#1913=EDGE_CURVE('',#1506,#1500,#757,.T.);
#1914=EDGE_CURVE('',#1507,#1495,#758,.T.);
#1915=EDGE_CURVE('',#1507,#1501,#759,.T.);
#1916=EDGE_CURVE('',#1508,#1509,#760,.T.);
#1917=EDGE_CURVE('',#1509,#1510,#761,.T.);
#1918=EDGE_CURVE('',#1510,#1511,#762,.T.);
#1919=EDGE_CURVE('',#1508,#1511,#763,.T.);
#1920=EDGE_CURVE('',#1509,#1504,#764,.T.);
#1921=EDGE_CURVE('',#1504,#1512,#765,.T.);
#1922=EDGE_CURVE('',#1512,#1510,#766,.T.);
#1923=EDGE_CURVE('',#1511,#1513,#767,.T.);
#1924=EDGE_CURVE('',#1513,#1503,#768,.T.);
#1925=EDGE_CURVE('',#1503,#1508,#769,.T.);
#1926=EDGE_CURVE('',#1513,#1512,#770,.T.);
#1927=EDGE_CURVE('',#1509,#1514,#771,.T.);
#1928=EDGE_CURVE('',#1505,#1514,#772,.T.);
#1929=EDGE_CURVE('',#1515,#1498,#773,.T.);
#1930=EDGE_CURVE('',#1514,#1515,#33,.T.);
#1931=EDGE_CURVE('',#1508,#1516,#774,.T.);
#1932=EDGE_CURVE('',#1516,#1507,#34,.T.);
#1933=EDGE_CURVE('',#1506,#1515,#775,.T.);
#1934=EDGE_CURVE('',#1516,#1502,#776,.T.);
#1935=EDGE_CURVE('',#1517,#1518,#777,.T.);
#1936=EDGE_CURVE('',#1518,#1519,#778,.T.);
#1937=EDGE_CURVE('',#1519,#1520,#779,.T.);
#1938=EDGE_CURVE('',#1517,#1520,#780,.T.);
#1939=EDGE_CURVE('',#1518,#1521,#781,.T.);
#1940=EDGE_CURVE('',#1521,#1522,#782,.T.);
#1941=EDGE_CURVE('',#1522,#1519,#783,.T.);
#1942=EDGE_CURVE('',#1521,#1523,#784,.T.);
#1943=EDGE_CURVE('',#1523,#1524,#785,.T.);
#1944=EDGE_CURVE('',#1524,#1522,#786,.T.);
#1945=EDGE_CURVE('',#1520,#1524,#787,.T.);
#1946=EDGE_CURVE('',#1523,#1517,#788,.T.);
#1947=EDGE_CURVE('',#1525,#1520,#789,.T.);
#1948=EDGE_CURVE('',#1526,#1525,#35,.T.);
#1949=EDGE_CURVE('',#1527,#1526,#790,.T.);
#1950=EDGE_CURVE('',#1528,#1527,#791,.T.);
#1951=EDGE_CURVE('',#1528,#1529,#792,.T.);
#1952=EDGE_CURVE('',#1529,#1530,#36,.T.);
#1953=EDGE_CURVE('',#1530,#1524,#793,.T.);
#1954=EDGE_CURVE('',#1531,#1519,#794,.T.);
#1955=EDGE_CURVE('',#1531,#1525,#795,.T.);
#1956=EDGE_CURVE('',#1532,#1533,#796,.T.);
#1957=EDGE_CURVE('',#1533,#1534,#797,.T.);
#1958=EDGE_CURVE('',#1534,#1535,#798,.T.);
#1959=EDGE_CURVE('',#1532,#1535,#799,.T.);
#1960=EDGE_CURVE('',#1533,#1528,#800,.T.);
#1961=EDGE_CURVE('',#1528,#1536,#801,.T.);
#1962=EDGE_CURVE('',#1536,#1534,#802,.T.);
#1963=EDGE_CURVE('',#1535,#1537,#803,.T.);
#1964=EDGE_CURVE('',#1537,#1527,#804,.T.);
#1965=EDGE_CURVE('',#1527,#1532,#805,.T.);
#1966=EDGE_CURVE('',#1537,#1536,#806,.T.);
#1967=EDGE_CURVE('',#1533,#1538,#807,.T.);
#1968=EDGE_CURVE('',#1529,#1538,#808,.T.);
#1969=EDGE_CURVE('',#1539,#1522,#809,.T.);
#1970=EDGE_CURVE('',#1538,#1539,#37,.T.);
#1971=EDGE_CURVE('',#1532,#1540,#810,.T.);
#1972=EDGE_CURVE('',#1540,#1531,#38,.T.);
#1973=EDGE_CURVE('',#1530,#1539,#811,.T.);
#1974=EDGE_CURVE('',#1540,#1526,#812,.T.);
#1975=EDGE_CURVE('',#1541,#1542,#813,.T.);
#1976=EDGE_CURVE('',#1542,#1543,#814,.T.);
#1977=EDGE_CURVE('',#1543,#1544,#815,.T.);
#1978=EDGE_CURVE('',#1541,#1544,#816,.T.);
#1979=EDGE_CURVE('',#1542,#1545,#817,.T.);
#1980=EDGE_CURVE('',#1545,#1546,#818,.T.);
#1981=EDGE_CURVE('',#1546,#1543,#819,.T.);
#1982=EDGE_CURVE('',#1545,#1547,#820,.T.);
#1983=EDGE_CURVE('',#1547,#1548,#821,.T.);
#1984=EDGE_CURVE('',#1548,#1546,#822,.T.);
#1985=EDGE_CURVE('',#1544,#1548,#823,.T.);
#1986=EDGE_CURVE('',#1547,#1541,#824,.T.);
#1987=EDGE_CURVE('',#1549,#1544,#825,.T.);
#1988=EDGE_CURVE('',#1550,#1549,#39,.T.);
#1989=EDGE_CURVE('',#1551,#1550,#826,.T.);
#1990=EDGE_CURVE('',#1552,#1551,#827,.T.);
#1991=EDGE_CURVE('',#1552,#1553,#828,.T.);
#1992=EDGE_CURVE('',#1553,#1554,#40,.T.);
#1993=EDGE_CURVE('',#1554,#1548,#829,.T.);
#1994=EDGE_CURVE('',#1555,#1543,#830,.T.);
#1995=EDGE_CURVE('',#1555,#1549,#831,.T.);
#1996=EDGE_CURVE('',#1556,#1557,#832,.T.);
#1997=EDGE_CURVE('',#1557,#1558,#833,.T.);
#1998=EDGE_CURVE('',#1558,#1559,#834,.T.);
#1999=EDGE_CURVE('',#1556,#1559,#835,.T.);
#2000=EDGE_CURVE('',#1557,#1552,#836,.T.);
#2001=EDGE_CURVE('',#1552,#1560,#837,.T.);
#2002=EDGE_CURVE('',#1560,#1558,#838,.T.);
#2003=EDGE_CURVE('',#1559,#1561,#839,.T.);
#2004=EDGE_CURVE('',#1561,#1551,#840,.T.);
#2005=EDGE_CURVE('',#1551,#1556,#841,.T.);
#2006=EDGE_CURVE('',#1561,#1560,#842,.T.);
#2007=EDGE_CURVE('',#1557,#1562,#843,.T.);
#2008=EDGE_CURVE('',#1553,#1562,#844,.T.);
#2009=EDGE_CURVE('',#1563,#1546,#845,.T.);
#2010=EDGE_CURVE('',#1562,#1563,#41,.T.);
#2011=EDGE_CURVE('',#1556,#1564,#846,.T.);
#2012=EDGE_CURVE('',#1564,#1555,#42,.T.);
#2013=EDGE_CURVE('',#1554,#1563,#847,.T.);
#2014=EDGE_CURVE('',#1564,#1550,#848,.T.);
#2015=ORIENTED_EDGE('',*,*,#1565,.F.);
#2016=ORIENTED_EDGE('',*,*,#1566,.F.);
#2017=ORIENTED_EDGE('',*,*,#1567,.F.);
#2018=ORIENTED_EDGE('',*,*,#1568,.T.);
#2019=ORIENTED_EDGE('',*,*,#1569,.F.);
#2020=ORIENTED_EDGE('',*,*,#1568,.F.);
#2021=ORIENTED_EDGE('',*,*,#1570,.F.);
#2022=ORIENTED_EDGE('',*,*,#1571,.T.);
#2023=ORIENTED_EDGE('',*,*,#1572,.F.);
#2024=ORIENTED_EDGE('',*,*,#1571,.F.);
#2025=ORIENTED_EDGE('',*,*,#1573,.F.);
#2026=ORIENTED_EDGE('',*,*,#1574,.F.);
#2027=ORIENTED_EDGE('',*,*,#1575,.F.);
#2028=ORIENTED_EDGE('',*,*,#1576,.F.);
#2029=ORIENTED_EDGE('',*,*,#1577,.F.);
#2030=ORIENTED_EDGE('',*,*,#1578,.F.);
#2031=ORIENTED_EDGE('',*,*,#1579,.F.);
#2032=ORIENTED_EDGE('',*,*,#1578,.T.);
#2033=ORIENTED_EDGE('',*,*,#1580,.F.);
#2034=ORIENTED_EDGE('',*,*,#1581,.F.);
#2035=ORIENTED_EDGE('',*,*,#1582,.F.);
#2036=ORIENTED_EDGE('',*,*,#1581,.T.);
#2037=ORIENTED_EDGE('',*,*,#1583,.F.);
#2038=ORIENTED_EDGE('',*,*,#1584,.F.);
#2039=ORIENTED_EDGE('',*,*,#1583,.T.);
#2040=ORIENTED_EDGE('',*,*,#1580,.T.);
#2041=ORIENTED_EDGE('',*,*,#1577,.T.);
#2042=ORIENTED_EDGE('',*,*,#1585,.T.);
#2043=ORIENTED_EDGE('',*,*,#1586,.T.);
#2044=ORIENTED_EDGE('',*,*,#1587,.T.);
#2045=ORIENTED_EDGE('',*,*,#1588,.T.);
#2046=ORIENTED_EDGE('',*,*,#1589,.T.);
#2047=ORIENTED_EDGE('',*,*,#1590,.T.);
#2048=ORIENTED_EDGE('',*,*,#1591,.T.);
#2049=ORIENTED_EDGE('',*,*,#1576,.T.);
#2050=ORIENTED_EDGE('',*,*,#1592,.T.);
#2051=ORIENTED_EDGE('',*,*,#1593,.T.);
#2052=ORIENTED_EDGE('',*,*,#1594,.T.);
#2053=ORIENTED_EDGE('',*,*,#1595,.F.);
#2054=ORIENTED_EDGE('',*,*,#1585,.F.);
#2055=ORIENTED_EDGE('',*,*,#1574,.T.);
#2056=ORIENTED_EDGE('',*,*,#1596,.F.);
#2057=ORIENTED_EDGE('',*,*,#1597,.F.);
#2058=ORIENTED_EDGE('',*,*,#1598,.T.);
#2059=ORIENTED_EDGE('',*,*,#1599,.T.);
#2060=ORIENTED_EDGE('',*,*,#1600,.T.);
#2061=ORIENTED_EDGE('',*,*,#1565,.T.);
#2062=ORIENTED_EDGE('',*,*,#1569,.T.);
#2063=ORIENTED_EDGE('',*,*,#1572,.T.);
#2064=ORIENTED_EDGE('',*,*,#1600,.F.);
#2065=ORIENTED_EDGE('',*,*,#1601,.F.);
#2066=ORIENTED_EDGE('',*,*,#1602,.T.);
#2067=ORIENTED_EDGE('',*,*,#1603,.T.);
#2068=ORIENTED_EDGE('',*,*,#1604,.F.);
#2069=ORIENTED_EDGE('',*,*,#1605,.T.);
#2070=ORIENTED_EDGE('',*,*,#1606,.F.);
#2071=ORIENTED_EDGE('',*,*,#1607,.F.);
#2072=ORIENTED_EDGE('',*,*,#1608,.F.);
#2073=ORIENTED_EDGE('',*,*,#1609,.F.);
#2074=ORIENTED_EDGE('',*,*,#1594,.F.);
#2075=ORIENTED_EDGE('',*,*,#1610,.F.);
#2076=ORIENTED_EDGE('',*,*,#1611,.F.);
#2077=ORIENTED_EDGE('',*,*,#1612,.F.);
#2078=ORIENTED_EDGE('',*,*,#1613,.F.);
#2079=ORIENTED_EDGE('',*,*,#1614,.T.);
#2080=ORIENTED_EDGE('',*,*,#1615,.F.);
#2081=ORIENTED_EDGE('',*,*,#1616,.F.);
#2082=ORIENTED_EDGE('',*,*,#1612,.T.);
#2083=ORIENTED_EDGE('',*,*,#1617,.F.);
#2084=ORIENTED_EDGE('',*,*,#1618,.F.);
#2085=ORIENTED_EDGE('',*,*,#1619,.F.);
#2086=ORIENTED_EDGE('',*,*,#1620,.F.);
#2087=ORIENTED_EDGE('',*,*,#1614,.F.);
#2088=ORIENTED_EDGE('',*,*,#1621,.F.);
#2089=ORIENTED_EDGE('',*,*,#1622,.F.);
#2090=ORIENTED_EDGE('',*,*,#1623,.F.);
#2091=ORIENTED_EDGE('',*,*,#1624,.F.);
#2092=ORIENTED_EDGE('',*,*,#1625,.F.);
#2093=ORIENTED_EDGE('',*,*,#1623,.T.);
#2094=ORIENTED_EDGE('',*,*,#1626,.F.);
#2095=ORIENTED_EDGE('',*,*,#1627,.F.);
#2096=ORIENTED_EDGE('',*,*,#1628,.F.);
#2097=ORIENTED_EDGE('',*,*,#1617,.T.);
#2098=ORIENTED_EDGE('',*,*,#1611,.T.);
#2099=ORIENTED_EDGE('',*,*,#1626,.T.);
#2100=ORIENTED_EDGE('',*,*,#1622,.T.);
#2101=ORIENTED_EDGE('',*,*,#1629,.F.);
#2102=ORIENTED_EDGE('',*,*,#1630,.T.);
#2103=ORIENTED_EDGE('',*,*,#1631,.F.);
#2104=ORIENTED_EDGE('',*,*,#1632,.F.);
#2105=ORIENTED_EDGE('',*,*,#1633,.F.);
#2106=ORIENTED_EDGE('',*,*,#1634,.F.);
#2107=ORIENTED_EDGE('',*,*,#1635,.F.);
#2108=ORIENTED_EDGE('',*,*,#1636,.F.);
#2109=ORIENTED_EDGE('',*,*,#1609,.T.);
#2110=ORIENTED_EDGE('',*,*,#1637,.T.);
#2111=ORIENTED_EDGE('',*,*,#1638,.T.);
#2112=ORIENTED_EDGE('',*,*,#1597,.T.);
#2113=ORIENTED_EDGE('',*,*,#1639,.F.);
#2114=ORIENTED_EDGE('',*,*,#1640,.F.);
#2115=ORIENTED_EDGE('',*,*,#1641,.T.);
#2116=ORIENTED_EDGE('',*,*,#1642,.T.);
#2117=ORIENTED_EDGE('',*,*,#1643,.T.);
#2118=ORIENTED_EDGE('',*,*,#1644,.T.);
#2119=ORIENTED_EDGE('',*,*,#1645,.T.);
#2120=ORIENTED_EDGE('',*,*,#1646,.F.);
#2121=ORIENTED_EDGE('',*,*,#1647,.T.);
#2122=ORIENTED_EDGE('',*,*,#1648,.T.);
#2123=ORIENTED_EDGE('',*,*,#1649,.T.);
#2124=ORIENTED_EDGE('',*,*,#1650,.F.);
#2125=ORIENTED_EDGE('',*,*,#1651,.T.);
#2126=ORIENTED_EDGE('',*,*,#1652,.T.);
#2127=ORIENTED_EDGE('',*,*,#1653,.T.);
#2128=ORIENTED_EDGE('',*,*,#1654,.F.);
#2129=ORIENTED_EDGE('',*,*,#1655,.T.);
#2130=ORIENTED_EDGE('',*,*,#1656,.T.);
#2131=ORIENTED_EDGE('',*,*,#1657,.T.);
#2132=ORIENTED_EDGE('',*,*,#1658,.F.);
#2133=ORIENTED_EDGE('',*,*,#1659,.T.);
#2134=ORIENTED_EDGE('',*,*,#1629,.T.);
#2135=ORIENTED_EDGE('',*,*,#1621,.T.);
#2136=ORIENTED_EDGE('',*,*,#1613,.T.);
#2137=ORIENTED_EDGE('',*,*,#1616,.T.);
#2138=ORIENTED_EDGE('',*,*,#1660,.F.);
#2139=ORIENTED_EDGE('',*,*,#1586,.F.);
#2140=ORIENTED_EDGE('',*,*,#1595,.T.);
#2141=ORIENTED_EDGE('',*,*,#1582,.T.);
#2142=ORIENTED_EDGE('',*,*,#1661,.F.);
#2143=ORIENTED_EDGE('',*,*,#1662,.T.);
#2144=ORIENTED_EDGE('',*,*,#1663,.F.);
#2145=ORIENTED_EDGE('',*,*,#1624,.T.);
#2146=ORIENTED_EDGE('',*,*,#1610,.T.);
#2147=ORIENTED_EDGE('',*,*,#1664,.F.);
#2148=ORIENTED_EDGE('',*,*,#1592,.F.);
#2149=ORIENTED_EDGE('',*,*,#1575,.T.);
#2150=ORIENTED_EDGE('',*,*,#1579,.T.);
#2151=ORIENTED_EDGE('',*,*,#1588,.F.);
#2152=ORIENTED_EDGE('',*,*,#1665,.F.);
#2153=ORIENTED_EDGE('',*,*,#1666,.T.);
#2154=ORIENTED_EDGE('',*,*,#1667,.F.);
#2155=ORIENTED_EDGE('',*,*,#1668,.T.);
#2156=ORIENTED_EDGE('',*,*,#1669,.T.);
#2157=ORIENTED_EDGE('',*,*,#1670,.T.);
#2158=ORIENTED_EDGE('',*,*,#1671,.T.);
#2159=ORIENTED_EDGE('',*,*,#1589,.F.);
#2160=ORIENTED_EDGE('',*,*,#1667,.T.);
#2161=ORIENTED_EDGE('',*,*,#1672,.T.);
#2162=ORIENTED_EDGE('',*,*,#1673,.F.);
#2163=ORIENTED_EDGE('',*,*,#1672,.F.);
#2164=ORIENTED_EDGE('',*,*,#1666,.F.);
#2165=ORIENTED_EDGE('',*,*,#1674,.F.);
#2166=ORIENTED_EDGE('',*,*,#1670,.F.);
#2167=ORIENTED_EDGE('',*,*,#1675,.F.);
#2168=ORIENTED_EDGE('',*,*,#1676,.F.);
#2169=ORIENTED_EDGE('',*,*,#1677,.F.);
#2170=ORIENTED_EDGE('',*,*,#1637,.F.);
#2171=ORIENTED_EDGE('',*,*,#1608,.T.);
#2172=ORIENTED_EDGE('',*,*,#1678,.F.);
#2173=ORIENTED_EDGE('',*,*,#1598,.F.);
#2174=ORIENTED_EDGE('',*,*,#1638,.F.);
#2175=ORIENTED_EDGE('',*,*,#1677,.T.);
#2176=ORIENTED_EDGE('',*,*,#1679,.F.);
#2177=ORIENTED_EDGE('',*,*,#1680,.T.);
#2178=ORIENTED_EDGE('',*,*,#1681,.F.);
#2179=ORIENTED_EDGE('',*,*,#1643,.F.);
#2180=ORIENTED_EDGE('',*,*,#1682,.T.);
#2181=ORIENTED_EDGE('',*,*,#1683,.F.);
#2182=ORIENTED_EDGE('',*,*,#1684,.F.);
#2183=ORIENTED_EDGE('',*,*,#1682,.F.);
#2184=ORIENTED_EDGE('',*,*,#1642,.F.);
#2185=ORIENTED_EDGE('',*,*,#1685,.T.);
#2186=ORIENTED_EDGE('',*,*,#1686,.T.);
#2187=ORIENTED_EDGE('',*,*,#1602,.F.);
#2188=ORIENTED_EDGE('',*,*,#1641,.F.);
#2189=ORIENTED_EDGE('',*,*,#1687,.F.);
#2190=ORIENTED_EDGE('',*,*,#1688,.T.);
#2191=ORIENTED_EDGE('',*,*,#1685,.F.);
#2192=ORIENTED_EDGE('',*,*,#1689,.F.);
#2193=ORIENTED_EDGE('',*,*,#1603,.F.);
#2194=ORIENTED_EDGE('',*,*,#1686,.F.);
#2195=ORIENTED_EDGE('',*,*,#1688,.F.);
#2196=ORIENTED_EDGE('',*,*,#1690,.F.);
#2197=ORIENTED_EDGE('',*,*,#1691,.F.);
#2198=ORIENTED_EDGE('',*,*,#1692,.F.);
#2199=ORIENTED_EDGE('',*,*,#1680,.F.);
#2200=ORIENTED_EDGE('',*,*,#1681,.T.);
#2201=ORIENTED_EDGE('',*,*,#1692,.T.);
#2202=ORIENTED_EDGE('',*,*,#1693,.T.);
#2203=ORIENTED_EDGE('',*,*,#1694,.F.);
#2204=ORIENTED_EDGE('',*,*,#1695,.F.);
#2205=ORIENTED_EDGE('',*,*,#1644,.F.);
#2206=ORIENTED_EDGE('',*,*,#1696,.F.);
#2207=ORIENTED_EDGE('',*,*,#1697,.F.);
#2208=ORIENTED_EDGE('',*,*,#1698,.F.);
#2209=ORIENTED_EDGE('',*,*,#1699,.F.);
#2210=ORIENTED_EDGE('',*,*,#1607,.T.);
#2211=ORIENTED_EDGE('',*,*,#1593,.F.);
#2212=ORIENTED_EDGE('',*,*,#1664,.T.);
#2213=ORIENTED_EDGE('',*,*,#1615,.T.);
#2214=ORIENTED_EDGE('',*,*,#1620,.T.);
#2215=ORIENTED_EDGE('',*,*,#1700,.T.);
#2216=ORIENTED_EDGE('',*,*,#1683,.T.);
#2217=ORIENTED_EDGE('',*,*,#1684,.T.);
#2218=ORIENTED_EDGE('',*,*,#1601,.T.);
#2219=ORIENTED_EDGE('',*,*,#1599,.F.);
#2220=ORIENTED_EDGE('',*,*,#1678,.T.);
#2221=ORIENTED_EDGE('',*,*,#1676,.T.);
#2222=ORIENTED_EDGE('',*,*,#1701,.T.);
#2223=ORIENTED_EDGE('',*,*,#1702,.T.);
#2224=ORIENTED_EDGE('',*,*,#1703,.F.);
#2225=ORIENTED_EDGE('',*,*,#1704,.F.);
#2226=ORIENTED_EDGE('',*,*,#1705,.T.);
#2227=ORIENTED_EDGE('',*,*,#1706,.T.);
#2228=ORIENTED_EDGE('',*,*,#1707,.F.);
#2229=ORIENTED_EDGE('',*,*,#1708,.F.);
#2230=ORIENTED_EDGE('',*,*,#1709,.T.);
#2231=ORIENTED_EDGE('',*,*,#1710,.T.);
#2232=ORIENTED_EDGE('',*,*,#1711,.F.);
#2233=ORIENTED_EDGE('',*,*,#1706,.F.);
#2234=ORIENTED_EDGE('',*,*,#1711,.T.);
#2235=ORIENTED_EDGE('',*,*,#1712,.T.);
#2236=ORIENTED_EDGE('',*,*,#1703,.T.);
#2237=ORIENTED_EDGE('',*,*,#1713,.F.);
#2238=ORIENTED_EDGE('',*,*,#1707,.T.);
#2239=ORIENTED_EDGE('',*,*,#1687,.T.);
#2240=ORIENTED_EDGE('',*,*,#1640,.T.);
#2241=ORIENTED_EDGE('',*,*,#1714,.F.);
#2242=ORIENTED_EDGE('',*,*,#1708,.T.);
#2243=ORIENTED_EDGE('',*,*,#1713,.T.);
#2244=ORIENTED_EDGE('',*,*,#1715,.T.);
#2245=ORIENTED_EDGE('',*,*,#1716,.T.);
#2246=ORIENTED_EDGE('',*,*,#1690,.T.);
#2247=ORIENTED_EDGE('',*,*,#1717,.F.);
#2248=ORIENTED_EDGE('',*,*,#1718,.F.);
#2249=ORIENTED_EDGE('',*,*,#1645,.F.);
#2250=ORIENTED_EDGE('',*,*,#1695,.T.);
#2251=ORIENTED_EDGE('',*,*,#1691,.T.);
#2252=ORIENTED_EDGE('',*,*,#1716,.F.);
#2253=ORIENTED_EDGE('',*,*,#1719,.F.);
#2254=ORIENTED_EDGE('',*,*,#1693,.F.);
#2255=ORIENTED_EDGE('',*,*,#1718,.T.);
#2256=ORIENTED_EDGE('',*,*,#1720,.T.);
#2257=ORIENTED_EDGE('',*,*,#1721,.T.);
#2258=ORIENTED_EDGE('',*,*,#1646,.T.);
#2259=ORIENTED_EDGE('',*,*,#1698,.T.);
#2260=ORIENTED_EDGE('',*,*,#1722,.F.);
#2261=ORIENTED_EDGE('',*,*,#1723,.F.);
#2262=ORIENTED_EDGE('',*,*,#1724,.T.);
#2263=ORIENTED_EDGE('',*,*,#1697,.T.);
#2264=ORIENTED_EDGE('',*,*,#1725,.F.);
#2265=ORIENTED_EDGE('',*,*,#1726,.F.);
#2266=ORIENTED_EDGE('',*,*,#1722,.T.);
#2267=ORIENTED_EDGE('',*,*,#1696,.T.);
#2268=ORIENTED_EDGE('',*,*,#1727,.F.);
#2269=ORIENTED_EDGE('',*,*,#1728,.F.);
#2270=ORIENTED_EDGE('',*,*,#1725,.T.);
#2271=ORIENTED_EDGE('',*,*,#1699,.T.);
#2272=ORIENTED_EDGE('',*,*,#1724,.F.);
#2273=ORIENTED_EDGE('',*,*,#1729,.F.);
#2274=ORIENTED_EDGE('',*,*,#1727,.T.);
#2275=ORIENTED_EDGE('',*,*,#1730,.F.);
#2276=ORIENTED_EDGE('',*,*,#1731,.F.);
#2277=ORIENTED_EDGE('',*,*,#1649,.F.);
#2278=ORIENTED_EDGE('',*,*,#1732,.T.);
#2279=ORIENTED_EDGE('',*,*,#1733,.F.);
#2280=ORIENTED_EDGE('',*,*,#1732,.F.);
#2281=ORIENTED_EDGE('',*,*,#1648,.F.);
#2282=ORIENTED_EDGE('',*,*,#1734,.T.);
#2283=ORIENTED_EDGE('',*,*,#1735,.F.);
#2284=ORIENTED_EDGE('',*,*,#1736,.F.);
#2285=ORIENTED_EDGE('',*,*,#1737,.F.);
#2286=ORIENTED_EDGE('',*,*,#1738,.F.);
#2287=ORIENTED_EDGE('',*,*,#1739,.F.);
#2288=ORIENTED_EDGE('',*,*,#1734,.F.);
#2289=ORIENTED_EDGE('',*,*,#1647,.F.);
#2290=ORIENTED_EDGE('',*,*,#1721,.F.);
#2291=ORIENTED_EDGE('',*,*,#1731,.T.);
#2292=ORIENTED_EDGE('',*,*,#1740,.T.);
#2293=ORIENTED_EDGE('',*,*,#1741,.T.);
#2294=ORIENTED_EDGE('',*,*,#1650,.T.);
#2295=ORIENTED_EDGE('',*,*,#1737,.T.);
#2296=ORIENTED_EDGE('',*,*,#1742,.F.);
#2297=ORIENTED_EDGE('',*,*,#1743,.F.);
#2298=ORIENTED_EDGE('',*,*,#1744,.T.);
#2299=ORIENTED_EDGE('',*,*,#1736,.T.);
#2300=ORIENTED_EDGE('',*,*,#1745,.F.);
#2301=ORIENTED_EDGE('',*,*,#1746,.F.);
#2302=ORIENTED_EDGE('',*,*,#1742,.T.);
#2303=ORIENTED_EDGE('',*,*,#1735,.T.);
#2304=ORIENTED_EDGE('',*,*,#1747,.F.);
#2305=ORIENTED_EDGE('',*,*,#1748,.F.);
#2306=ORIENTED_EDGE('',*,*,#1745,.T.);
#2307=ORIENTED_EDGE('',*,*,#1738,.T.);
#2308=ORIENTED_EDGE('',*,*,#1744,.F.);
#2309=ORIENTED_EDGE('',*,*,#1749,.F.);
#2310=ORIENTED_EDGE('',*,*,#1747,.T.);
#2311=ORIENTED_EDGE('',*,*,#1750,.F.);
#2312=ORIENTED_EDGE('',*,*,#1751,.F.);
#2313=ORIENTED_EDGE('',*,*,#1653,.F.);
#2314=ORIENTED_EDGE('',*,*,#1752,.T.);
#2315=ORIENTED_EDGE('',*,*,#1753,.F.);
#2316=ORIENTED_EDGE('',*,*,#1752,.F.);
#2317=ORIENTED_EDGE('',*,*,#1652,.F.);
#2318=ORIENTED_EDGE('',*,*,#1754,.T.);
#2319=ORIENTED_EDGE('',*,*,#1755,.F.);
#2320=ORIENTED_EDGE('',*,*,#1756,.F.);
#2321=ORIENTED_EDGE('',*,*,#1757,.F.);
#2322=ORIENTED_EDGE('',*,*,#1758,.F.);
#2323=ORIENTED_EDGE('',*,*,#1759,.F.);
#2324=ORIENTED_EDGE('',*,*,#1754,.F.);
#2325=ORIENTED_EDGE('',*,*,#1651,.F.);
#2326=ORIENTED_EDGE('',*,*,#1741,.F.);
#2327=ORIENTED_EDGE('',*,*,#1751,.T.);
#2328=ORIENTED_EDGE('',*,*,#1760,.T.);
#2329=ORIENTED_EDGE('',*,*,#1761,.T.);
#2330=ORIENTED_EDGE('',*,*,#1654,.T.);
#2331=ORIENTED_EDGE('',*,*,#1757,.T.);
#2332=ORIENTED_EDGE('',*,*,#1762,.F.);
#2333=ORIENTED_EDGE('',*,*,#1763,.F.);
#2334=ORIENTED_EDGE('',*,*,#1764,.T.);
#2335=ORIENTED_EDGE('',*,*,#1756,.T.);
#2336=ORIENTED_EDGE('',*,*,#1765,.F.);
#2337=ORIENTED_EDGE('',*,*,#1766,.F.);
#2338=ORIENTED_EDGE('',*,*,#1762,.T.);
#2339=ORIENTED_EDGE('',*,*,#1755,.T.);
#2340=ORIENTED_EDGE('',*,*,#1767,.F.);
#2341=ORIENTED_EDGE('',*,*,#1768,.F.);
#2342=ORIENTED_EDGE('',*,*,#1765,.T.);
#2343=ORIENTED_EDGE('',*,*,#1758,.T.);
#2344=ORIENTED_EDGE('',*,*,#1764,.F.);
#2345=ORIENTED_EDGE('',*,*,#1769,.F.);
#2346=ORIENTED_EDGE('',*,*,#1767,.T.);
#2347=ORIENTED_EDGE('',*,*,#1770,.F.);
#2348=ORIENTED_EDGE('',*,*,#1771,.F.);
#2349=ORIENTED_EDGE('',*,*,#1657,.F.);
#2350=ORIENTED_EDGE('',*,*,#1772,.T.);
#2351=ORIENTED_EDGE('',*,*,#1773,.F.);
#2352=ORIENTED_EDGE('',*,*,#1772,.F.);
#2353=ORIENTED_EDGE('',*,*,#1656,.F.);
#2354=ORIENTED_EDGE('',*,*,#1774,.T.);
#2355=ORIENTED_EDGE('',*,*,#1775,.F.);
#2356=ORIENTED_EDGE('',*,*,#1776,.F.);
#2357=ORIENTED_EDGE('',*,*,#1777,.F.);
#2358=ORIENTED_EDGE('',*,*,#1778,.F.);
#2359=ORIENTED_EDGE('',*,*,#1779,.F.);
#2360=ORIENTED_EDGE('',*,*,#1774,.F.);
#2361=ORIENTED_EDGE('',*,*,#1655,.F.);
#2362=ORIENTED_EDGE('',*,*,#1761,.F.);
#2363=ORIENTED_EDGE('',*,*,#1771,.T.);
#2364=ORIENTED_EDGE('',*,*,#1780,.T.);
#2365=ORIENTED_EDGE('',*,*,#1781,.T.);
#2366=ORIENTED_EDGE('',*,*,#1658,.T.);
#2367=ORIENTED_EDGE('',*,*,#1777,.T.);
#2368=ORIENTED_EDGE('',*,*,#1782,.F.);
#2369=ORIENTED_EDGE('',*,*,#1783,.F.);
#2370=ORIENTED_EDGE('',*,*,#1784,.T.);
#2371=ORIENTED_EDGE('',*,*,#1776,.T.);
#2372=ORIENTED_EDGE('',*,*,#1785,.F.);
#2373=ORIENTED_EDGE('',*,*,#1786,.F.);
#2374=ORIENTED_EDGE('',*,*,#1782,.T.);
#2375=ORIENTED_EDGE('',*,*,#1775,.T.);
#2376=ORIENTED_EDGE('',*,*,#1787,.F.);
#2377=ORIENTED_EDGE('',*,*,#1788,.F.);
#2378=ORIENTED_EDGE('',*,*,#1785,.T.);
#2379=ORIENTED_EDGE('',*,*,#1778,.T.);
#2380=ORIENTED_EDGE('',*,*,#1784,.F.);
#2381=ORIENTED_EDGE('',*,*,#1789,.F.);
#2382=ORIENTED_EDGE('',*,*,#1787,.T.);
#2383=ORIENTED_EDGE('',*,*,#1790,.F.);
#2384=ORIENTED_EDGE('',*,*,#1630,.F.);
#2385=ORIENTED_EDGE('',*,*,#1659,.F.);
#2386=ORIENTED_EDGE('',*,*,#1781,.F.);
#2387=ORIENTED_EDGE('',*,*,#1627,.T.);
#2388=ORIENTED_EDGE('',*,*,#1632,.T.);
#2389=ORIENTED_EDGE('',*,*,#1791,.F.);
#2390=ORIENTED_EDGE('',*,*,#1792,.F.);
#2391=ORIENTED_EDGE('',*,*,#1719,.T.);
#2392=ORIENTED_EDGE('',*,*,#1715,.F.);
#2393=ORIENTED_EDGE('',*,*,#1702,.F.);
#2394=ORIENTED_EDGE('',*,*,#1793,.F.);
#2395=ORIENTED_EDGE('',*,*,#1794,.F.);
#2396=ORIENTED_EDGE('',*,*,#1795,.T.);
#2397=ORIENTED_EDGE('',*,*,#1671,.F.);
#2398=ORIENTED_EDGE('',*,*,#1796,.F.);
#2399=ORIENTED_EDGE('',*,*,#1791,.T.);
#2400=ORIENTED_EDGE('',*,*,#1631,.T.);
#2401=ORIENTED_EDGE('',*,*,#1790,.T.);
#2402=ORIENTED_EDGE('',*,*,#1780,.F.);
#2403=ORIENTED_EDGE('',*,*,#1770,.T.);
#2404=ORIENTED_EDGE('',*,*,#1773,.T.);
#2405=ORIENTED_EDGE('',*,*,#1779,.T.);
#2406=ORIENTED_EDGE('',*,*,#1760,.F.);
#2407=ORIENTED_EDGE('',*,*,#1750,.T.);
#2408=ORIENTED_EDGE('',*,*,#1753,.T.);
#2409=ORIENTED_EDGE('',*,*,#1759,.T.);
#2410=ORIENTED_EDGE('',*,*,#1740,.F.);
#2411=ORIENTED_EDGE('',*,*,#1730,.T.);
#2412=ORIENTED_EDGE('',*,*,#1733,.T.);
#2413=ORIENTED_EDGE('',*,*,#1739,.T.);
#2414=ORIENTED_EDGE('',*,*,#1720,.F.);
#2415=ORIENTED_EDGE('',*,*,#1717,.T.);
#2416=ORIENTED_EDGE('',*,*,#1694,.T.);
#2417=ORIENTED_EDGE('',*,*,#1635,.T.);
#2418=ORIENTED_EDGE('',*,*,#1797,.F.);
#2419=ORIENTED_EDGE('',*,*,#1798,.F.);
#2420=ORIENTED_EDGE('',*,*,#1799,.T.);
#2421=ORIENTED_EDGE('',*,*,#1634,.T.);
#2422=ORIENTED_EDGE('',*,*,#1800,.F.);
#2423=ORIENTED_EDGE('',*,*,#1801,.F.);
#2424=ORIENTED_EDGE('',*,*,#1797,.T.);
#2425=ORIENTED_EDGE('',*,*,#1633,.T.);
#2426=ORIENTED_EDGE('',*,*,#1802,.F.);
#2427=ORIENTED_EDGE('',*,*,#1803,.F.);
#2428=ORIENTED_EDGE('',*,*,#1800,.T.);
#2429=ORIENTED_EDGE('',*,*,#1636,.T.);
#2430=ORIENTED_EDGE('',*,*,#1799,.F.);
#2431=ORIENTED_EDGE('',*,*,#1804,.F.);
#2432=ORIENTED_EDGE('',*,*,#1802,.T.);
#2433=ORIENTED_EDGE('',*,*,#1605,.F.);
#2434=ORIENTED_EDGE('',*,*,#1805,.T.);
#2435=ORIENTED_EDGE('',*,*,#1662,.F.);
#2436=ORIENTED_EDGE('',*,*,#1806,.F.);
#2437=ORIENTED_EDGE('',*,*,#1625,.T.);
#2438=ORIENTED_EDGE('',*,*,#1663,.T.);
#2439=ORIENTED_EDGE('',*,*,#1805,.F.);
#2440=ORIENTED_EDGE('',*,*,#1604,.T.);
#2441=ORIENTED_EDGE('',*,*,#1689,.T.);
#2442=ORIENTED_EDGE('',*,*,#1679,.T.);
#2443=ORIENTED_EDGE('',*,*,#1700,.F.);
#2444=ORIENTED_EDGE('',*,*,#1619,.T.);
#2445=ORIENTED_EDGE('',*,*,#1723,.T.);
#2446=ORIENTED_EDGE('',*,*,#1726,.T.);
#2447=ORIENTED_EDGE('',*,*,#1728,.T.);
#2448=ORIENTED_EDGE('',*,*,#1729,.T.);
#2449=ORIENTED_EDGE('',*,*,#1743,.T.);
#2450=ORIENTED_EDGE('',*,*,#1746,.T.);
#2451=ORIENTED_EDGE('',*,*,#1748,.T.);
#2452=ORIENTED_EDGE('',*,*,#1749,.T.);
#2453=ORIENTED_EDGE('',*,*,#1763,.T.);
#2454=ORIENTED_EDGE('',*,*,#1766,.T.);
#2455=ORIENTED_EDGE('',*,*,#1768,.T.);
#2456=ORIENTED_EDGE('',*,*,#1769,.T.);
#2457=ORIENTED_EDGE('',*,*,#1783,.T.);
#2458=ORIENTED_EDGE('',*,*,#1786,.T.);
#2459=ORIENTED_EDGE('',*,*,#1788,.T.);
#2460=ORIENTED_EDGE('',*,*,#1789,.T.);
#2461=ORIENTED_EDGE('',*,*,#1798,.T.);
#2462=ORIENTED_EDGE('',*,*,#1801,.T.);
#2463=ORIENTED_EDGE('',*,*,#1803,.T.);
#2464=ORIENTED_EDGE('',*,*,#1804,.T.);
#2465=ORIENTED_EDGE('',*,*,#1668,.F.);
#2466=ORIENTED_EDGE('',*,*,#1795,.F.);
#2467=ORIENTED_EDGE('',*,*,#1807,.F.);
#2468=ORIENTED_EDGE('',*,*,#1808,.F.);
#2469=ORIENTED_EDGE('',*,*,#1701,.F.);
#2470=ORIENTED_EDGE('',*,*,#1809,.F.);
#2471=ORIENTED_EDGE('',*,*,#1810,.F.);
#2472=ORIENTED_EDGE('',*,*,#1793,.T.);
#2473=ORIENTED_EDGE('',*,*,#1584,.T.);
#2474=ORIENTED_EDGE('',*,*,#1591,.F.);
#2475=ORIENTED_EDGE('',*,*,#1811,.T.);
#2476=ORIENTED_EDGE('',*,*,#1807,.T.);
#2477=ORIENTED_EDGE('',*,*,#1794,.T.);
#2478=ORIENTED_EDGE('',*,*,#1810,.T.);
#2479=ORIENTED_EDGE('',*,*,#1812,.T.);
#2480=ORIENTED_EDGE('',*,*,#1813,.F.);
#2481=ORIENTED_EDGE('',*,*,#1566,.T.);
#2482=ORIENTED_EDGE('',*,*,#1606,.T.);
#2483=ORIENTED_EDGE('',*,*,#1806,.T.);
#2484=ORIENTED_EDGE('',*,*,#1661,.T.);
#2485=ORIENTED_EDGE('',*,*,#1809,.T.);
#2486=ORIENTED_EDGE('',*,*,#1704,.T.);
#2487=ORIENTED_EDGE('',*,*,#1712,.F.);
#2488=ORIENTED_EDGE('',*,*,#1710,.F.);
#2489=ORIENTED_EDGE('',*,*,#1814,.F.);
#2490=ORIENTED_EDGE('',*,*,#1812,.F.);
#2491=ORIENTED_EDGE('',*,*,#1808,.T.);
#2492=ORIENTED_EDGE('',*,*,#1811,.F.);
#2493=ORIENTED_EDGE('',*,*,#1590,.F.);
#2494=ORIENTED_EDGE('',*,*,#1673,.T.);
#2495=ORIENTED_EDGE('',*,*,#1675,.T.);
#2496=ORIENTED_EDGE('',*,*,#1669,.F.);
#2497=ORIENTED_EDGE('',*,*,#1628,.T.);
#2498=ORIENTED_EDGE('',*,*,#1792,.T.);
#2499=ORIENTED_EDGE('',*,*,#1796,.T.);
#2500=ORIENTED_EDGE('',*,*,#1674,.T.);
#2501=ORIENTED_EDGE('',*,*,#1665,.T.);
#2502=ORIENTED_EDGE('',*,*,#1587,.F.);
#2503=ORIENTED_EDGE('',*,*,#1660,.T.);
#2504=ORIENTED_EDGE('',*,*,#1618,.T.);
#2505=ORIENTED_EDGE('',*,*,#1567,.T.);
#2506=ORIENTED_EDGE('',*,*,#1813,.T.);
#2507=ORIENTED_EDGE('',*,*,#1814,.T.);
#2508=ORIENTED_EDGE('',*,*,#1709,.F.);
#2509=ORIENTED_EDGE('',*,*,#1705,.F.);
#2510=ORIENTED_EDGE('',*,*,#1714,.T.);
#2511=ORIENTED_EDGE('',*,*,#1639,.T.);
#2512=ORIENTED_EDGE('',*,*,#1596,.T.);
#2513=ORIENTED_EDGE('',*,*,#1573,.T.);
#2514=ORIENTED_EDGE('',*,*,#1570,.T.);
#2515=ORIENTED_EDGE('',*,*,#1815,.T.);
#2516=ORIENTED_EDGE('',*,*,#1816,.T.);
#2517=ORIENTED_EDGE('',*,*,#1817,.T.);
#2518=ORIENTED_EDGE('',*,*,#1818,.F.);
#2519=ORIENTED_EDGE('',*,*,#1819,.T.);
#2520=ORIENTED_EDGE('',*,*,#1820,.T.);
#2521=ORIENTED_EDGE('',*,*,#1821,.T.);
#2522=ORIENTED_EDGE('',*,*,#1816,.F.);
#2523=ORIENTED_EDGE('',*,*,#1822,.T.);
#2524=ORIENTED_EDGE('',*,*,#1823,.T.);
#2525=ORIENTED_EDGE('',*,*,#1824,.T.);
#2526=ORIENTED_EDGE('',*,*,#1820,.F.);
#2527=ORIENTED_EDGE('',*,*,#1825,.T.);
#2528=ORIENTED_EDGE('',*,*,#1823,.F.);
#2529=ORIENTED_EDGE('',*,*,#1826,.T.);
#2530=ORIENTED_EDGE('',*,*,#1818,.T.);
#2531=ORIENTED_EDGE('',*,*,#1825,.F.);
#2532=ORIENTED_EDGE('',*,*,#1827,.F.);
#2533=ORIENTED_EDGE('',*,*,#1828,.F.);
#2534=ORIENTED_EDGE('',*,*,#1829,.F.);
#2535=ORIENTED_EDGE('',*,*,#1830,.F.);
#2536=ORIENTED_EDGE('',*,*,#1831,.T.);
#2537=ORIENTED_EDGE('',*,*,#1832,.T.);
#2538=ORIENTED_EDGE('',*,*,#1833,.T.);
#2539=ORIENTED_EDGE('',*,*,#1817,.F.);
#2540=ORIENTED_EDGE('',*,*,#1834,.F.);
#2541=ORIENTED_EDGE('',*,*,#1835,.T.);
#2542=ORIENTED_EDGE('',*,*,#1827,.T.);
#2543=ORIENTED_EDGE('',*,*,#1815,.F.);
#2544=ORIENTED_EDGE('',*,*,#1826,.F.);
#2545=ORIENTED_EDGE('',*,*,#1822,.F.);
#2546=ORIENTED_EDGE('',*,*,#1819,.F.);
#2547=ORIENTED_EDGE('',*,*,#1836,.T.);
#2548=ORIENTED_EDGE('',*,*,#1837,.T.);
#2549=ORIENTED_EDGE('',*,*,#1838,.T.);
#2550=ORIENTED_EDGE('',*,*,#1839,.F.);
#2551=ORIENTED_EDGE('',*,*,#1840,.T.);
#2552=ORIENTED_EDGE('',*,*,#1841,.T.);
#2553=ORIENTED_EDGE('',*,*,#1842,.T.);
#2554=ORIENTED_EDGE('',*,*,#1837,.F.);
#2555=ORIENTED_EDGE('',*,*,#1843,.T.);
#2556=ORIENTED_EDGE('',*,*,#1844,.T.);
#2557=ORIENTED_EDGE('',*,*,#1845,.T.);
#2558=ORIENTED_EDGE('',*,*,#1839,.T.);
#2559=ORIENTED_EDGE('',*,*,#1830,.T.);
#2560=ORIENTED_EDGE('',*,*,#1844,.F.);
#2561=ORIENTED_EDGE('',*,*,#1846,.T.);
#2562=ORIENTED_EDGE('',*,*,#1841,.F.);
#2563=ORIENTED_EDGE('',*,*,#1840,.F.);
#2564=ORIENTED_EDGE('',*,*,#1847,.T.);
#2565=ORIENTED_EDGE('',*,*,#1848,.F.);
#2566=ORIENTED_EDGE('',*,*,#1831,.F.);
#2567=ORIENTED_EDGE('',*,*,#1821,.F.);
#2568=ORIENTED_EDGE('',*,*,#1849,.F.);
#2569=ORIENTED_EDGE('',*,*,#1850,.F.);
#2570=ORIENTED_EDGE('',*,*,#1847,.F.);
#2571=ORIENTED_EDGE('',*,*,#1836,.F.);
#2572=ORIENTED_EDGE('',*,*,#1851,.T.);
#2573=ORIENTED_EDGE('',*,*,#1852,.T.);
#2574=ORIENTED_EDGE('',*,*,#1834,.T.);
#2575=ORIENTED_EDGE('',*,*,#1838,.F.);
#2576=ORIENTED_EDGE('',*,*,#1842,.F.);
#2577=ORIENTED_EDGE('',*,*,#1846,.F.);
#2578=ORIENTED_EDGE('',*,*,#1843,.F.);
#2579=ORIENTED_EDGE('',*,*,#1824,.F.);
#2580=ORIENTED_EDGE('',*,*,#1833,.F.);
#2581=ORIENTED_EDGE('',*,*,#1853,.T.);
#2582=ORIENTED_EDGE('',*,*,#1849,.T.);
#2583=ORIENTED_EDGE('',*,*,#1848,.T.);
#2584=ORIENTED_EDGE('',*,*,#1850,.T.);
#2585=ORIENTED_EDGE('',*,*,#1853,.F.);
#2586=ORIENTED_EDGE('',*,*,#1832,.F.);
#2587=ORIENTED_EDGE('',*,*,#1854,.T.);
#2588=ORIENTED_EDGE('',*,*,#1828,.T.);
#2589=ORIENTED_EDGE('',*,*,#1835,.F.);
#2590=ORIENTED_EDGE('',*,*,#1852,.F.);
#2591=ORIENTED_EDGE('',*,*,#1845,.F.);
#2592=ORIENTED_EDGE('',*,*,#1829,.T.);
#2593=ORIENTED_EDGE('',*,*,#1854,.F.);
#2594=ORIENTED_EDGE('',*,*,#1851,.F.);
#2595=ORIENTED_EDGE('',*,*,#1855,.T.);
#2596=ORIENTED_EDGE('',*,*,#1856,.T.);
#2597=ORIENTED_EDGE('',*,*,#1857,.T.);
#2598=ORIENTED_EDGE('',*,*,#1858,.F.);
#2599=ORIENTED_EDGE('',*,*,#1859,.T.);
#2600=ORIENTED_EDGE('',*,*,#1860,.T.);
#2601=ORIENTED_EDGE('',*,*,#1861,.T.);
#2602=ORIENTED_EDGE('',*,*,#1856,.F.);
#2603=ORIENTED_EDGE('',*,*,#1862,.T.);
#2604=ORIENTED_EDGE('',*,*,#1863,.T.);
#2605=ORIENTED_EDGE('',*,*,#1864,.T.);
#2606=ORIENTED_EDGE('',*,*,#1860,.F.);
#2607=ORIENTED_EDGE('',*,*,#1865,.T.);
#2608=ORIENTED_EDGE('',*,*,#1863,.F.);
#2609=ORIENTED_EDGE('',*,*,#1866,.T.);
#2610=ORIENTED_EDGE('',*,*,#1858,.T.);
#2611=ORIENTED_EDGE('',*,*,#1865,.F.);
#2612=ORIENTED_EDGE('',*,*,#1867,.F.);
#2613=ORIENTED_EDGE('',*,*,#1868,.F.);
#2614=ORIENTED_EDGE('',*,*,#1869,.F.);
#2615=ORIENTED_EDGE('',*,*,#1870,.F.);
#2616=ORIENTED_EDGE('',*,*,#1871,.T.);
#2617=ORIENTED_EDGE('',*,*,#1872,.T.);
#2618=ORIENTED_EDGE('',*,*,#1873,.T.);
#2619=ORIENTED_EDGE('',*,*,#1857,.F.);
#2620=ORIENTED_EDGE('',*,*,#1874,.F.);
#2621=ORIENTED_EDGE('',*,*,#1875,.T.);
#2622=ORIENTED_EDGE('',*,*,#1867,.T.);
#2623=ORIENTED_EDGE('',*,*,#1855,.F.);
#2624=ORIENTED_EDGE('',*,*,#1866,.F.);
#2625=ORIENTED_EDGE('',*,*,#1862,.F.);
#2626=ORIENTED_EDGE('',*,*,#1859,.F.);
#2627=ORIENTED_EDGE('',*,*,#1876,.T.);
#2628=ORIENTED_EDGE('',*,*,#1877,.T.);
#2629=ORIENTED_EDGE('',*,*,#1878,.T.);
#2630=ORIENTED_EDGE('',*,*,#1879,.F.);
#2631=ORIENTED_EDGE('',*,*,#1880,.T.);
#2632=ORIENTED_EDGE('',*,*,#1881,.T.);
#2633=ORIENTED_EDGE('',*,*,#1882,.T.);
#2634=ORIENTED_EDGE('',*,*,#1877,.F.);
#2635=ORIENTED_EDGE('',*,*,#1883,.T.);
#2636=ORIENTED_EDGE('',*,*,#1884,.T.);
#2637=ORIENTED_EDGE('',*,*,#1885,.T.);
#2638=ORIENTED_EDGE('',*,*,#1879,.T.);
#2639=ORIENTED_EDGE('',*,*,#1870,.T.);
#2640=ORIENTED_EDGE('',*,*,#1884,.F.);
#2641=ORIENTED_EDGE('',*,*,#1886,.T.);
#2642=ORIENTED_EDGE('',*,*,#1881,.F.);
#2643=ORIENTED_EDGE('',*,*,#1880,.F.);
#2644=ORIENTED_EDGE('',*,*,#1887,.T.);
#2645=ORIENTED_EDGE('',*,*,#1888,.F.);
#2646=ORIENTED_EDGE('',*,*,#1871,.F.);
#2647=ORIENTED_EDGE('',*,*,#1861,.F.);
#2648=ORIENTED_EDGE('',*,*,#1889,.F.);
#2649=ORIENTED_EDGE('',*,*,#1890,.F.);
#2650=ORIENTED_EDGE('',*,*,#1887,.F.);
#2651=ORIENTED_EDGE('',*,*,#1876,.F.);
#2652=ORIENTED_EDGE('',*,*,#1891,.T.);
#2653=ORIENTED_EDGE('',*,*,#1892,.T.);
#2654=ORIENTED_EDGE('',*,*,#1874,.T.);
#2655=ORIENTED_EDGE('',*,*,#1878,.F.);
#2656=ORIENTED_EDGE('',*,*,#1882,.F.);
#2657=ORIENTED_EDGE('',*,*,#1886,.F.);
#2658=ORIENTED_EDGE('',*,*,#1883,.F.);
#2659=ORIENTED_EDGE('',*,*,#1864,.F.);
#2660=ORIENTED_EDGE('',*,*,#1873,.F.);
#2661=ORIENTED_EDGE('',*,*,#1893,.T.);
#2662=ORIENTED_EDGE('',*,*,#1889,.T.);
#2663=ORIENTED_EDGE('',*,*,#1888,.T.);
#2664=ORIENTED_EDGE('',*,*,#1890,.T.);
#2665=ORIENTED_EDGE('',*,*,#1893,.F.);
#2666=ORIENTED_EDGE('',*,*,#1872,.F.);
#2667=ORIENTED_EDGE('',*,*,#1894,.T.);
#2668=ORIENTED_EDGE('',*,*,#1868,.T.);
#2669=ORIENTED_EDGE('',*,*,#1875,.F.);
#2670=ORIENTED_EDGE('',*,*,#1892,.F.);
#2671=ORIENTED_EDGE('',*,*,#1885,.F.);
#2672=ORIENTED_EDGE('',*,*,#1869,.T.);
#2673=ORIENTED_EDGE('',*,*,#1894,.F.);
#2674=ORIENTED_EDGE('',*,*,#1891,.F.);
#2675=ORIENTED_EDGE('',*,*,#1895,.T.);
#2676=ORIENTED_EDGE('',*,*,#1896,.T.);
#2677=ORIENTED_EDGE('',*,*,#1897,.T.);
#2678=ORIENTED_EDGE('',*,*,#1898,.F.);
#2679=ORIENTED_EDGE('',*,*,#1899,.T.);
#2680=ORIENTED_EDGE('',*,*,#1900,.T.);
#2681=ORIENTED_EDGE('',*,*,#1901,.T.);
#2682=ORIENTED_EDGE('',*,*,#1896,.F.);
#2683=ORIENTED_EDGE('',*,*,#1902,.T.);
#2684=ORIENTED_EDGE('',*,*,#1903,.T.);
#2685=ORIENTED_EDGE('',*,*,#1904,.T.);
#2686=ORIENTED_EDGE('',*,*,#1900,.F.);
#2687=ORIENTED_EDGE('',*,*,#1905,.T.);
#2688=ORIENTED_EDGE('',*,*,#1903,.F.);
#2689=ORIENTED_EDGE('',*,*,#1906,.T.);
#2690=ORIENTED_EDGE('',*,*,#1898,.T.);
#2691=ORIENTED_EDGE('',*,*,#1905,.F.);
#2692=ORIENTED_EDGE('',*,*,#1907,.F.);
#2693=ORIENTED_EDGE('',*,*,#1908,.F.);
#2694=ORIENTED_EDGE('',*,*,#1909,.F.);
#2695=ORIENTED_EDGE('',*,*,#1910,.F.);
#2696=ORIENTED_EDGE('',*,*,#1911,.T.);
#2697=ORIENTED_EDGE('',*,*,#1912,.T.);
#2698=ORIENTED_EDGE('',*,*,#1913,.T.);
#2699=ORIENTED_EDGE('',*,*,#1897,.F.);
#2700=ORIENTED_EDGE('',*,*,#1914,.F.);
#2701=ORIENTED_EDGE('',*,*,#1915,.T.);
#2702=ORIENTED_EDGE('',*,*,#1907,.T.);
#2703=ORIENTED_EDGE('',*,*,#1895,.F.);
#2704=ORIENTED_EDGE('',*,*,#1906,.F.);
#2705=ORIENTED_EDGE('',*,*,#1902,.F.);
#2706=ORIENTED_EDGE('',*,*,#1899,.F.);
#2707=ORIENTED_EDGE('',*,*,#1916,.T.);
#2708=ORIENTED_EDGE('',*,*,#1917,.T.);
#2709=ORIENTED_EDGE('',*,*,#1918,.T.);
#2710=ORIENTED_EDGE('',*,*,#1919,.F.);
#2711=ORIENTED_EDGE('',*,*,#1920,.T.);
#2712=ORIENTED_EDGE('',*,*,#1921,.T.);
#2713=ORIENTED_EDGE('',*,*,#1922,.T.);
#2714=ORIENTED_EDGE('',*,*,#1917,.F.);
#2715=ORIENTED_EDGE('',*,*,#1923,.T.);
#2716=ORIENTED_EDGE('',*,*,#1924,.T.);
#2717=ORIENTED_EDGE('',*,*,#1925,.T.);
#2718=ORIENTED_EDGE('',*,*,#1919,.T.);
#2719=ORIENTED_EDGE('',*,*,#1910,.T.);
#2720=ORIENTED_EDGE('',*,*,#1924,.F.);
#2721=ORIENTED_EDGE('',*,*,#1926,.T.);
#2722=ORIENTED_EDGE('',*,*,#1921,.F.);
#2723=ORIENTED_EDGE('',*,*,#1920,.F.);
#2724=ORIENTED_EDGE('',*,*,#1927,.T.);
#2725=ORIENTED_EDGE('',*,*,#1928,.F.);
#2726=ORIENTED_EDGE('',*,*,#1911,.F.);
#2727=ORIENTED_EDGE('',*,*,#1901,.F.);
#2728=ORIENTED_EDGE('',*,*,#1929,.F.);
#2729=ORIENTED_EDGE('',*,*,#1930,.F.);
#2730=ORIENTED_EDGE('',*,*,#1927,.F.);
#2731=ORIENTED_EDGE('',*,*,#1916,.F.);
#2732=ORIENTED_EDGE('',*,*,#1931,.T.);
#2733=ORIENTED_EDGE('',*,*,#1932,.T.);
#2734=ORIENTED_EDGE('',*,*,#1914,.T.);
#2735=ORIENTED_EDGE('',*,*,#1918,.F.);
#2736=ORIENTED_EDGE('',*,*,#1922,.F.);
#2737=ORIENTED_EDGE('',*,*,#1926,.F.);
#2738=ORIENTED_EDGE('',*,*,#1923,.F.);
#2739=ORIENTED_EDGE('',*,*,#1904,.F.);
#2740=ORIENTED_EDGE('',*,*,#1913,.F.);
#2741=ORIENTED_EDGE('',*,*,#1933,.T.);
#2742=ORIENTED_EDGE('',*,*,#1929,.T.);
#2743=ORIENTED_EDGE('',*,*,#1928,.T.);
#2744=ORIENTED_EDGE('',*,*,#1930,.T.);
#2745=ORIENTED_EDGE('',*,*,#1933,.F.);
#2746=ORIENTED_EDGE('',*,*,#1912,.F.);
#2747=ORIENTED_EDGE('',*,*,#1934,.T.);
#2748=ORIENTED_EDGE('',*,*,#1908,.T.);
#2749=ORIENTED_EDGE('',*,*,#1915,.F.);
#2750=ORIENTED_EDGE('',*,*,#1932,.F.);
#2751=ORIENTED_EDGE('',*,*,#1925,.F.);
#2752=ORIENTED_EDGE('',*,*,#1909,.T.);
#2753=ORIENTED_EDGE('',*,*,#1934,.F.);
#2754=ORIENTED_EDGE('',*,*,#1931,.F.);
#2755=ORIENTED_EDGE('',*,*,#1935,.T.);
#2756=ORIENTED_EDGE('',*,*,#1936,.T.);
#2757=ORIENTED_EDGE('',*,*,#1937,.T.);
#2758=ORIENTED_EDGE('',*,*,#1938,.F.);
#2759=ORIENTED_EDGE('',*,*,#1939,.T.);
#2760=ORIENTED_EDGE('',*,*,#1940,.T.);
#2761=ORIENTED_EDGE('',*,*,#1941,.T.);
#2762=ORIENTED_EDGE('',*,*,#1936,.F.);
#2763=ORIENTED_EDGE('',*,*,#1942,.T.);
#2764=ORIENTED_EDGE('',*,*,#1943,.T.);
#2765=ORIENTED_EDGE('',*,*,#1944,.T.);
#2766=ORIENTED_EDGE('',*,*,#1940,.F.);
#2767=ORIENTED_EDGE('',*,*,#1945,.T.);
#2768=ORIENTED_EDGE('',*,*,#1943,.F.);
#2769=ORIENTED_EDGE('',*,*,#1946,.T.);
#2770=ORIENTED_EDGE('',*,*,#1938,.T.);
#2771=ORIENTED_EDGE('',*,*,#1945,.F.);
#2772=ORIENTED_EDGE('',*,*,#1947,.F.);
#2773=ORIENTED_EDGE('',*,*,#1948,.F.);
#2774=ORIENTED_EDGE('',*,*,#1949,.F.);
#2775=ORIENTED_EDGE('',*,*,#1950,.F.);
#2776=ORIENTED_EDGE('',*,*,#1951,.T.);
#2777=ORIENTED_EDGE('',*,*,#1952,.T.);
#2778=ORIENTED_EDGE('',*,*,#1953,.T.);
#2779=ORIENTED_EDGE('',*,*,#1937,.F.);
#2780=ORIENTED_EDGE('',*,*,#1954,.F.);
#2781=ORIENTED_EDGE('',*,*,#1955,.T.);
#2782=ORIENTED_EDGE('',*,*,#1947,.T.);
#2783=ORIENTED_EDGE('',*,*,#1935,.F.);
#2784=ORIENTED_EDGE('',*,*,#1946,.F.);
#2785=ORIENTED_EDGE('',*,*,#1942,.F.);
#2786=ORIENTED_EDGE('',*,*,#1939,.F.);
#2787=ORIENTED_EDGE('',*,*,#1956,.T.);
#2788=ORIENTED_EDGE('',*,*,#1957,.T.);
#2789=ORIENTED_EDGE('',*,*,#1958,.T.);
#2790=ORIENTED_EDGE('',*,*,#1959,.F.);
#2791=ORIENTED_EDGE('',*,*,#1960,.T.);
#2792=ORIENTED_EDGE('',*,*,#1961,.T.);
#2793=ORIENTED_EDGE('',*,*,#1962,.T.);
#2794=ORIENTED_EDGE('',*,*,#1957,.F.);
#2795=ORIENTED_EDGE('',*,*,#1963,.T.);
#2796=ORIENTED_EDGE('',*,*,#1964,.T.);
#2797=ORIENTED_EDGE('',*,*,#1965,.T.);
#2798=ORIENTED_EDGE('',*,*,#1959,.T.);
#2799=ORIENTED_EDGE('',*,*,#1950,.T.);
#2800=ORIENTED_EDGE('',*,*,#1964,.F.);
#2801=ORIENTED_EDGE('',*,*,#1966,.T.);
#2802=ORIENTED_EDGE('',*,*,#1961,.F.);
#2803=ORIENTED_EDGE('',*,*,#1960,.F.);
#2804=ORIENTED_EDGE('',*,*,#1967,.T.);
#2805=ORIENTED_EDGE('',*,*,#1968,.F.);
#2806=ORIENTED_EDGE('',*,*,#1951,.F.);
#2807=ORIENTED_EDGE('',*,*,#1941,.F.);
#2808=ORIENTED_EDGE('',*,*,#1969,.F.);
#2809=ORIENTED_EDGE('',*,*,#1970,.F.);
#2810=ORIENTED_EDGE('',*,*,#1967,.F.);
#2811=ORIENTED_EDGE('',*,*,#1956,.F.);
#2812=ORIENTED_EDGE('',*,*,#1971,.T.);
#2813=ORIENTED_EDGE('',*,*,#1972,.T.);
#2814=ORIENTED_EDGE('',*,*,#1954,.T.);
#2815=ORIENTED_EDGE('',*,*,#1958,.F.);
#2816=ORIENTED_EDGE('',*,*,#1962,.F.);
#2817=ORIENTED_EDGE('',*,*,#1966,.F.);
#2818=ORIENTED_EDGE('',*,*,#1963,.F.);
#2819=ORIENTED_EDGE('',*,*,#1944,.F.);
#2820=ORIENTED_EDGE('',*,*,#1953,.F.);
#2821=ORIENTED_EDGE('',*,*,#1973,.T.);
#2822=ORIENTED_EDGE('',*,*,#1969,.T.);
#2823=ORIENTED_EDGE('',*,*,#1968,.T.);
#2824=ORIENTED_EDGE('',*,*,#1970,.T.);
#2825=ORIENTED_EDGE('',*,*,#1973,.F.);
#2826=ORIENTED_EDGE('',*,*,#1952,.F.);
#2827=ORIENTED_EDGE('',*,*,#1974,.T.);
#2828=ORIENTED_EDGE('',*,*,#1948,.T.);
#2829=ORIENTED_EDGE('',*,*,#1955,.F.);
#2830=ORIENTED_EDGE('',*,*,#1972,.F.);
#2831=ORIENTED_EDGE('',*,*,#1965,.F.);
#2832=ORIENTED_EDGE('',*,*,#1949,.T.);
#2833=ORIENTED_EDGE('',*,*,#1974,.F.);
#2834=ORIENTED_EDGE('',*,*,#1971,.F.);
#2835=ORIENTED_EDGE('',*,*,#1975,.T.);
#2836=ORIENTED_EDGE('',*,*,#1976,.T.);
#2837=ORIENTED_EDGE('',*,*,#1977,.T.);
#2838=ORIENTED_EDGE('',*,*,#1978,.F.);
#2839=ORIENTED_EDGE('',*,*,#1979,.T.);
#2840=ORIENTED_EDGE('',*,*,#1980,.T.);
#2841=ORIENTED_EDGE('',*,*,#1981,.T.);
#2842=ORIENTED_EDGE('',*,*,#1976,.F.);
#2843=ORIENTED_EDGE('',*,*,#1982,.T.);
#2844=ORIENTED_EDGE('',*,*,#1983,.T.);
#2845=ORIENTED_EDGE('',*,*,#1984,.T.);
#2846=ORIENTED_EDGE('',*,*,#1980,.F.);
#2847=ORIENTED_EDGE('',*,*,#1985,.T.);
#2848=ORIENTED_EDGE('',*,*,#1983,.F.);
#2849=ORIENTED_EDGE('',*,*,#1986,.T.);
#2850=ORIENTED_EDGE('',*,*,#1978,.T.);
#2851=ORIENTED_EDGE('',*,*,#1985,.F.);
#2852=ORIENTED_EDGE('',*,*,#1987,.F.);
#2853=ORIENTED_EDGE('',*,*,#1988,.F.);
#2854=ORIENTED_EDGE('',*,*,#1989,.F.);
#2855=ORIENTED_EDGE('',*,*,#1990,.F.);
#2856=ORIENTED_EDGE('',*,*,#1991,.T.);
#2857=ORIENTED_EDGE('',*,*,#1992,.T.);
#2858=ORIENTED_EDGE('',*,*,#1993,.T.);
#2859=ORIENTED_EDGE('',*,*,#1977,.F.);
#2860=ORIENTED_EDGE('',*,*,#1994,.F.);
#2861=ORIENTED_EDGE('',*,*,#1995,.T.);
#2862=ORIENTED_EDGE('',*,*,#1987,.T.);
#2863=ORIENTED_EDGE('',*,*,#1975,.F.);
#2864=ORIENTED_EDGE('',*,*,#1986,.F.);
#2865=ORIENTED_EDGE('',*,*,#1982,.F.);
#2866=ORIENTED_EDGE('',*,*,#1979,.F.);
#2867=ORIENTED_EDGE('',*,*,#1996,.T.);
#2868=ORIENTED_EDGE('',*,*,#1997,.T.);
#2869=ORIENTED_EDGE('',*,*,#1998,.T.);
#2870=ORIENTED_EDGE('',*,*,#1999,.F.);
#2871=ORIENTED_EDGE('',*,*,#2000,.T.);
#2872=ORIENTED_EDGE('',*,*,#2001,.T.);
#2873=ORIENTED_EDGE('',*,*,#2002,.T.);
#2874=ORIENTED_EDGE('',*,*,#1997,.F.);
#2875=ORIENTED_EDGE('',*,*,#2003,.T.);
#2876=ORIENTED_EDGE('',*,*,#2004,.T.);
#2877=ORIENTED_EDGE('',*,*,#2005,.T.);
#2878=ORIENTED_EDGE('',*,*,#1999,.T.);
#2879=ORIENTED_EDGE('',*,*,#1990,.T.);
#2880=ORIENTED_EDGE('',*,*,#2004,.F.);
#2881=ORIENTED_EDGE('',*,*,#2006,.T.);
#2882=ORIENTED_EDGE('',*,*,#2001,.F.);
#2883=ORIENTED_EDGE('',*,*,#2000,.F.);
#2884=ORIENTED_EDGE('',*,*,#2007,.T.);
#2885=ORIENTED_EDGE('',*,*,#2008,.F.);
#2886=ORIENTED_EDGE('',*,*,#1991,.F.);
#2887=ORIENTED_EDGE('',*,*,#1981,.F.);
#2888=ORIENTED_EDGE('',*,*,#2009,.F.);
#2889=ORIENTED_EDGE('',*,*,#2010,.F.);
#2890=ORIENTED_EDGE('',*,*,#2007,.F.);
#2891=ORIENTED_EDGE('',*,*,#1996,.F.);
#2892=ORIENTED_EDGE('',*,*,#2011,.T.);
#2893=ORIENTED_EDGE('',*,*,#2012,.T.);
#2894=ORIENTED_EDGE('',*,*,#1994,.T.);
#2895=ORIENTED_EDGE('',*,*,#1998,.F.);
#2896=ORIENTED_EDGE('',*,*,#2002,.F.);
#2897=ORIENTED_EDGE('',*,*,#2006,.F.);
#2898=ORIENTED_EDGE('',*,*,#2003,.F.);
#2899=ORIENTED_EDGE('',*,*,#1984,.F.);
#2900=ORIENTED_EDGE('',*,*,#1993,.F.);
#2901=ORIENTED_EDGE('',*,*,#2013,.T.);
#2902=ORIENTED_EDGE('',*,*,#2009,.T.);
#2903=ORIENTED_EDGE('',*,*,#2008,.T.);
#2904=ORIENTED_EDGE('',*,*,#2010,.T.);
#2905=ORIENTED_EDGE('',*,*,#2013,.F.);
#2906=ORIENTED_EDGE('',*,*,#1992,.F.);
#2907=ORIENTED_EDGE('',*,*,#2014,.T.);
#2908=ORIENTED_EDGE('',*,*,#1988,.T.);
#2909=ORIENTED_EDGE('',*,*,#1995,.F.);
#2910=ORIENTED_EDGE('',*,*,#2012,.F.);
#2911=ORIENTED_EDGE('',*,*,#2005,.F.);
#2912=ORIENTED_EDGE('',*,*,#1989,.T.);
#2913=ORIENTED_EDGE('',*,*,#2014,.F.);
#2914=ORIENTED_EDGE('',*,*,#2011,.F.);
#2915=PLANE('',#3256);
#2916=PLANE('',#3257);
#2917=PLANE('',#3258);
#2918=PLANE('',#3259);
#2919=PLANE('',#3260);
#2920=PLANE('',#3261);
#2921=PLANE('',#3262);
#2922=PLANE('',#3263);
#2923=PLANE('',#3264);
#2924=PLANE('',#3265);
#2925=PLANE('',#3266);
#2926=PLANE('',#3267);
#2927=PLANE('',#3268);
#2928=PLANE('',#3269);
#2929=PLANE('',#3270);
#2930=PLANE('',#3271);
#2931=PLANE('',#3272);
#2932=PLANE('',#3273);
#2933=PLANE('',#3274);
#2934=PLANE('',#3275);
#2935=PLANE('',#3276);
#2936=PLANE('',#3277);
#2937=PLANE('',#3278);
#2938=PLANE('',#3279);
#2939=PLANE('',#3280);
#2940=PLANE('',#3281);
#2941=PLANE('',#3282);
#2942=PLANE('',#3283);
#2943=PLANE('',#3284);
#2944=PLANE('',#3285);
#2945=PLANE('',#3286);
#2946=PLANE('',#3287);
#2947=PLANE('',#3288);
#2948=PLANE('',#3289);
#2949=PLANE('',#3290);
#2950=PLANE('',#3291);
#2951=PLANE('',#3292);
#2952=PLANE('',#3293);
#2953=PLANE('',#3294);
#2954=PLANE('',#3295);
#2955=PLANE('',#3296);
#2956=PLANE('',#3297);
#2957=PLANE('',#3298);
#2958=PLANE('',#3299);
#2959=PLANE('',#3300);
#2960=PLANE('',#3301);
#2961=PLANE('',#3302);
#2962=PLANE('',#3303);
#2963=PLANE('',#3304);
#2964=PLANE('',#3305);
#2965=PLANE('',#3306);
#2966=PLANE('',#3307);
#2967=PLANE('',#3308);
#2968=PLANE('',#3309);
#2969=PLANE('',#3310);
#2970=PLANE('',#3311);
#2971=PLANE('',#3312);
#2972=PLANE('',#3313);
#2973=PLANE('',#3314);
#2974=PLANE('',#3315);
#2975=PLANE('',#3316);
#2976=PLANE('',#3317);
#2977=PLANE('',#3318);
#2978=PLANE('',#3319);
#2979=PLANE('',#3320);
#2980=PLANE('',#3321);
#2981=PLANE('',#3322);
#2982=PLANE('',#3323);
#2983=PLANE('',#3324);
#2984=PLANE('',#3325);
#2985=PLANE('',#3326);
#2986=PLANE('',#3327);
#2987=PLANE('',#3328);
#2988=PLANE('',#3329);
#2989=PLANE('',#3330);
#2990=PLANE('',#3331);
#2991=PLANE('',#3332);
#2992=PLANE('',#3333);
#2993=PLANE('',#3334);
#2994=PLANE('',#3335);
#2995=PLANE('',#3336);
#2996=PLANE('',#3337);
#2997=PLANE('',#3338);
#2998=PLANE('',#3339);
#2999=PLANE('',#3340);
#3000=PLANE('',#3341);
#3001=PLANE('',#3342);
#3002=PLANE('',#3345);
#3003=PLANE('',#3346);
#3004=PLANE('',#3347);
#3005=PLANE('',#3348);
#3006=PLANE('',#3349);
#3007=PLANE('',#3350);
#3008=PLANE('',#3351);
#3009=PLANE('',#3352);
#3010=PLANE('',#3355);
#3011=PLANE('',#3356);
#3012=PLANE('',#3359);
#3013=PLANE('',#3360);
#3014=PLANE('',#3361);
#3015=PLANE('',#3362);
#3016=PLANE('',#3363);
#3017=PLANE('',#3364);
#3018=PLANE('',#3367);
#3019=PLANE('',#3368);
#3020=PLANE('',#3369);
#3021=PLANE('',#3370);
#3022=PLANE('',#3371);
#3023=PLANE('',#3372);
#3024=PLANE('',#3373);
#3025=PLANE('',#3374);
#3026=PLANE('',#3377);
#3027=PLANE('',#3378);
#3028=PLANE('',#3381);
#3029=PLANE('',#3382);
#3030=PLANE('',#3383);
#3031=PLANE('',#3384);
#3032=PLANE('',#3385);
#3033=PLANE('',#3386);
#3034=PLANE('',#3389);
#3035=PLANE('',#3390);
#3036=PLANE('',#3391);
#3037=PLANE('',#3392);
#3038=PLANE('',#3393);
#3039=PLANE('',#3394);
#3040=PLANE('',#3395);
#3041=PLANE('',#3396);
#3042=PLANE('',#3399);
#3043=PLANE('',#3400);
#3044=PLANE('',#3403);
#3045=PLANE('',#3404);
#3046=PLANE('',#3405);
#3047=PLANE('',#3406);
#3048=PLANE('',#3407);
#3049=PLANE('',#3408);
#3050=PLANE('',#3411);
#3051=PLANE('',#3412);
#3052=PLANE('',#3413);
#3053=PLANE('',#3414);
#3054=PLANE('',#3415);
#3055=PLANE('',#3416);
#3056=PLANE('',#3417);
#3057=PLANE('',#3418);
#3058=PLANE('',#3421);
#3059=PLANE('',#3422);
#3060=PLANE('',#3425);
#3061=PLANE('',#3426);
#3062=PLANE('',#3427);
#3063=PLANE('',#3428);
#3064=PLANE('',#3429);
#3065=PLANE('',#3430);
#3066=PLANE('',#3433);
#3067=PLANE('',#3434);
#3068=PLANE('',#3435);
#3069=PLANE('',#3436);
#3070=PLANE('',#3437);
#3071=PLANE('',#3438);
#3072=PLANE('',#3439);
#3073=PLANE('',#3440);
#3074=PLANE('',#3443);
#3075=PLANE('',#3444);
#3076=PLANE('',#3447);
#3077=ADVANCED_FACE('',(#65),#2915,.F.);
#3078=ADVANCED_FACE('',(#66),#2916,.F.);
#3079=ADVANCED_FACE('',(#67),#2917,.F.);
#3080=ADVANCED_FACE('',(#68),#2918,.F.);
#3081=ADVANCED_FACE('',(#69),#2919,.F.);
#3082=ADVANCED_FACE('',(#70),#2920,.F.);
#3083=ADVANCED_FACE('',(#71),#2921,.T.);
#3084=ADVANCED_FACE('',(#72),#2922,.T.);
#3085=ADVANCED_FACE('',(#73),#2923,.T.);
#3086=ADVANCED_FACE('',(#74),#2924,.F.);
#3087=ADVANCED_FACE('',(#75),#2925,.T.);
#3088=ADVANCED_FACE('',(#76),#2926,.T.);
#3089=ADVANCED_FACE('',(#77),#2927,.T.);
#3090=ADVANCED_FACE('',(#78),#2928,.T.);
#3091=ADVANCED_FACE('',(#79),#2929,.T.);
#3092=ADVANCED_FACE('',(#80,#55),#2930,.F.);
#3093=ADVANCED_FACE('',(#81),#2931,.T.);
#3094=ADVANCED_FACE('',(#82),#2932,.F.);
#3095=ADVANCED_FACE('',(#83),#2933,.F.);
#3096=ADVANCED_FACE('',(#84),#2934,.F.);
#3097=ADVANCED_FACE('',(#85),#2935,.F.);
#3098=ADVANCED_FACE('',(#86),#2936,.F.);
#3099=ADVANCED_FACE('',(#87),#2937,.F.);
#3100=ADVANCED_FACE('',(#88),#2938,.F.);
#3101=ADVANCED_FACE('',(#89),#2939,.F.);
#3102=ADVANCED_FACE('',(#90),#2940,.F.);
#3103=ADVANCED_FACE('',(#91),#2941,.F.);
#3104=ADVANCED_FACE('',(#92),#2942,.F.);
#3105=ADVANCED_FACE('',(#93,#56),#2943,.F.);
#3106=ADVANCED_FACE('',(#94),#2944,.F.);
#3107=ADVANCED_FACE('',(#95),#2945,.T.);
#3108=ADVANCED_FACE('',(#96),#2946,.T.);
#3109=ADVANCED_FACE('',(#97),#2947,.T.);
#3110=ADVANCED_FACE('',(#98),#2948,.T.);
#3111=ADVANCED_FACE('',(#99),#2949,.T.);
#3112=ADVANCED_FACE('',(#100),#2950,.F.);
#3113=ADVANCED_FACE('',(#101),#2951,.F.);
#3114=ADVANCED_FACE('',(#102),#2952,.T.);
#3115=ADVANCED_FACE('',(#103),#2953,.F.);
#3116=ADVANCED_FACE('',(#104),#2954,.F.);
#3117=ADVANCED_FACE('',(#105),#2955,.F.);
#3118=ADVANCED_FACE('',(#106),#2956,.F.);
#3119=ADVANCED_FACE('',(#107),#2957,.F.);
#3120=ADVANCED_FACE('',(#108,#57),#2958,.F.);
#3121=ADVANCED_FACE('',(#109),#2959,.F.);
#3122=ADVANCED_FACE('',(#110),#2960,.T.);
#3123=ADVANCED_FACE('',(#111),#2961,.F.);
#3124=ADVANCED_FACE('',(#112),#2962,.F.);
#3125=ADVANCED_FACE('',(#113),#2963,.F.);
#3126=ADVANCED_FACE('',(#114),#2964,.F.);
#3127=ADVANCED_FACE('',(#115),#2965,.F.);
#3128=ADVANCED_FACE('',(#116,#58),#2966,.F.);
#3129=ADVANCED_FACE('',(#117),#2967,.F.);
#3130=ADVANCED_FACE('',(#118),#2968,.T.);
#3131=ADVANCED_FACE('',(#119),#2969,.F.);
#3132=ADVANCED_FACE('',(#120),#2970,.F.);
#3133=ADVANCED_FACE('',(#121),#2971,.F.);
#3134=ADVANCED_FACE('',(#122),#2972,.F.);
#3135=ADVANCED_FACE('',(#123),#2973,.F.);
#3136=ADVANCED_FACE('',(#124,#59),#2974,.F.);
#3137=ADVANCED_FACE('',(#125),#2975,.F.);
#3138=ADVANCED_FACE('',(#126),#2976,.T.);
#3139=ADVANCED_FACE('',(#127),#2977,.F.);
#3140=ADVANCED_FACE('',(#128),#2978,.F.);
#3141=ADVANCED_FACE('',(#129),#2979,.F.);
#3142=ADVANCED_FACE('',(#130),#2980,.F.);
#3143=ADVANCED_FACE('',(#131),#2981,.F.);
#3144=ADVANCED_FACE('',(#132),#2982,.F.);
#3145=ADVANCED_FACE('',(#133),#2983,.F.);
#3146=ADVANCED_FACE('',(#134),#2984,.F.);
#3147=ADVANCED_FACE('',(#135),#2985,.F.);
#3148=ADVANCED_FACE('',(#136),#2986,.F.);
#3149=ADVANCED_FACE('',(#137),#2987,.F.);
#3150=ADVANCED_FACE('',(#138),#2988,.T.);
#3151=ADVANCED_FACE('',(#139,#60,#61,#62,#63,#64),#2989,.F.);
#3152=ADVANCED_FACE('',(#140),#2990,.F.);
#3153=ADVANCED_FACE('',(#141),#2991,.F.);
#3154=ADVANCED_FACE('',(#142),#2992,.T.);
#3155=ADVANCED_FACE('',(#143),#2993,.T.);
#3156=ADVANCED_FACE('',(#144),#2994,.T.);
#3157=ADVANCED_FACE('',(#145),#2995,.T.);
#3158=ADVANCED_FACE('',(#146),#2996,.T.);
#3159=ADVANCED_FACE('',(#147),#2997,.T.);
#3160=ADVANCED_FACE('',(#148),#2998,.T.);
#3161=ADVANCED_FACE('',(#149),#2999,.T.);
#3162=ADVANCED_FACE('',(#150),#3000,.T.);
#3163=ADVANCED_FACE('',(#151),#3001,.T.);
#3164=ADVANCED_FACE('',(#152),#3002,.T.);
#3165=ADVANCED_FACE('',(#153),#3003,.F.);
#3166=ADVANCED_FACE('',(#154),#3004,.T.);
#3167=ADVANCED_FACE('',(#155),#3005,.T.);
#3168=ADVANCED_FACE('',(#156),#3006,.T.);
#3169=ADVANCED_FACE('',(#157),#3007,.T.);
#3170=ADVANCED_FACE('',(#158),#3008,.T.);
#3171=ADVANCED_FACE('',(#159),#3009,.T.);
#3172=ADVANCED_FACE('',(#160),#3010,.T.);
#3173=ADVANCED_FACE('',(#161),#3011,.T.);
#3174=ADVANCED_FACE('',(#162),#13,.F.);
#3175=ADVANCED_FACE('',(#163),#14,.T.);
#3176=ADVANCED_FACE('',(#164),#3012,.T.);
#3177=ADVANCED_FACE('',(#165),#3013,.T.);
#3178=ADVANCED_FACE('',(#166),#3014,.T.);
#3179=ADVANCED_FACE('',(#167),#3015,.T.);
#3180=ADVANCED_FACE('',(#168),#3016,.T.);
#3181=ADVANCED_FACE('',(#169),#3017,.T.);
#3182=ADVANCED_FACE('',(#170),#3018,.T.);
#3183=ADVANCED_FACE('',(#171),#3019,.F.);
#3184=ADVANCED_FACE('',(#172),#3020,.T.);
#3185=ADVANCED_FACE('',(#173),#3021,.T.);
#3186=ADVANCED_FACE('',(#174),#3022,.T.);
#3187=ADVANCED_FACE('',(#175),#3023,.T.);
#3188=ADVANCED_FACE('',(#176),#3024,.T.);
#3189=ADVANCED_FACE('',(#177),#3025,.T.);
#3190=ADVANCED_FACE('',(#178),#3026,.T.);
#3191=ADVANCED_FACE('',(#179),#3027,.T.);
#3192=ADVANCED_FACE('',(#180),#15,.F.);
#3193=ADVANCED_FACE('',(#181),#16,.T.);
#3194=ADVANCED_FACE('',(#182),#3028,.T.);
#3195=ADVANCED_FACE('',(#183),#3029,.T.);
#3196=ADVANCED_FACE('',(#184),#3030,.T.);
#3197=ADVANCED_FACE('',(#185),#3031,.T.);
#3198=ADVANCED_FACE('',(#186),#3032,.T.);
#3199=ADVANCED_FACE('',(#187),#3033,.T.);
#3200=ADVANCED_FACE('',(#188),#3034,.T.);
#3201=ADVANCED_FACE('',(#189),#3035,.F.);
#3202=ADVANCED_FACE('',(#190),#3036,.T.);
#3203=ADVANCED_FACE('',(#191),#3037,.T.);
#3204=ADVANCED_FACE('',(#192),#3038,.T.);
#3205=ADVANCED_FACE('',(#193),#3039,.T.);
#3206=ADVANCED_FACE('',(#194),#3040,.T.);
#3207=ADVANCED_FACE('',(#195),#3041,.T.);
#3208=ADVANCED_FACE('',(#196),#3042,.T.);
#3209=ADVANCED_FACE('',(#197),#3043,.T.);
#3210=ADVANCED_FACE('',(#198),#17,.F.);
#3211=ADVANCED_FACE('',(#199),#18,.T.);
#3212=ADVANCED_FACE('',(#200),#3044,.T.);
#3213=ADVANCED_FACE('',(#201),#3045,.T.);
#3214=ADVANCED_FACE('',(#202),#3046,.T.);
#3215=ADVANCED_FACE('',(#203),#3047,.T.);
#3216=ADVANCED_FACE('',(#204),#3048,.T.);
#3217=ADVANCED_FACE('',(#205),#3049,.T.);
#3218=ADVANCED_FACE('',(#206),#3050,.T.);
#3219=ADVANCED_FACE('',(#207),#3051,.F.);
#3220=ADVANCED_FACE('',(#208),#3052,.T.);
#3221=ADVANCED_FACE('',(#209),#3053,.T.);
#3222=ADVANCED_FACE('',(#210),#3054,.T.);
#3223=ADVANCED_FACE('',(#211),#3055,.T.);
#3224=ADVANCED_FACE('',(#212),#3056,.T.);
#3225=ADVANCED_FACE('',(#213),#3057,.T.);
#3226=ADVANCED_FACE('',(#214),#3058,.T.);
#3227=ADVANCED_FACE('',(#215),#3059,.T.);
#3228=ADVANCED_FACE('',(#216),#19,.F.);
#3229=ADVANCED_FACE('',(#217),#20,.T.);
#3230=ADVANCED_FACE('',(#218),#3060,.T.);
#3231=ADVANCED_FACE('',(#219),#3061,.T.);
#3232=ADVANCED_FACE('',(#220),#3062,.T.);
#3233=ADVANCED_FACE('',(#221),#3063,.T.);
#3234=ADVANCED_FACE('',(#222),#3064,.T.);
#3235=ADVANCED_FACE('',(#223),#3065,.T.);
#3236=ADVANCED_FACE('',(#224),#3066,.T.);
#3237=ADVANCED_FACE('',(#225),#3067,.F.);
#3238=ADVANCED_FACE('',(#226),#3068,.T.);
#3239=ADVANCED_FACE('',(#227),#3069,.T.);
#3240=ADVANCED_FACE('',(#228),#3070,.T.);
#3241=ADVANCED_FACE('',(#229),#3071,.T.);
#3242=ADVANCED_FACE('',(#230),#3072,.T.);
#3243=ADVANCED_FACE('',(#231),#3073,.T.);
#3244=ADVANCED_FACE('',(#232),#3074,.T.);
#3245=ADVANCED_FACE('',(#233),#3075,.T.);
#3246=ADVANCED_FACE('',(#234),#21,.F.);
#3247=ADVANCED_FACE('',(#235),#22,.T.);
#3248=ADVANCED_FACE('',(#236),#3076,.T.);
#3249=CLOSED_SHELL('',(#3077,#3078,#3079,#3080,#3081,#3082,#3083,#3084,
#3085,#3086,#3087,#3088,#3089,#3090,#3091,#3092,#3093,#3094,#3095,#3096,
#3097,#3098,#3099,#3100,#3101,#3102,#3103,#3104,#3105,#3106,#3107,#3108,
#3109,#3110,#3111,#3112,#3113,#3114,#3115,#3116,#3117,#3118,#3119,#3120,
#3121,#3122,#3123,#3124,#3125,#3126,#3127,#3128,#3129,#3130,#3131,#3132,
#3133,#3134,#3135,#3136,#3137,#3138,#3139,#3140,#3141,#3142,#3143,#3144,
#3145,#3146,#3147,#3148,#3149,#3150,#3151,#3152,#3153,#3154,#3155,#3156,
#3157,#3158));
#3250=CLOSED_SHELL('',(#3159,#3160,#3161,#3162,#3163,#3164,#3165,#3166,
#3167,#3168,#3169,#3170,#3171,#3172,#3173,#3174,#3175,#3176));
#3251=CLOSED_SHELL('',(#3177,#3178,#3179,#3180,#3181,#3182,#3183,#3184,
#3185,#3186,#3187,#3188,#3189,#3190,#3191,#3192,#3193,#3194));
#3252=CLOSED_SHELL('',(#3195,#3196,#3197,#3198,#3199,#3200,#3201,#3202,
#3203,#3204,#3205,#3206,#3207,#3208,#3209,#3210,#3211,#3212));
#3253=CLOSED_SHELL('',(#3213,#3214,#3215,#3216,#3217,#3218,#3219,#3220,
#3221,#3222,#3223,#3224,#3225,#3226,#3227,#3228,#3229,#3230));
#3254=CLOSED_SHELL('',(#3231,#3232,#3233,#3234,#3235,#3236,#3237,#3238,
#3239,#3240,#3241,#3242,#3243,#3244,#3245,#3246,#3247,#3248));
#3255=AXIS2_PLACEMENT_3D('placement',#4264,#3448,#3449);
#3256=AXIS2_PLACEMENT_3D('',#4265,#3450,#3451);
#3257=AXIS2_PLACEMENT_3D('',#4274,#3456,#3457);
#3258=AXIS2_PLACEMENT_3D('',#4280,#3461,#3462);
#3259=AXIS2_PLACEMENT_3D('',#4286,#3466,#3467);
#3260=AXIS2_PLACEMENT_3D('',#4295,#3472,#3473);
#3261=AXIS2_PLACEMENT_3D('',#4301,#3477,#3478);
#3262=AXIS2_PLACEMENT_3D('',#4307,#3482,#3483);
#3263=AXIS2_PLACEMENT_3D('',#4321,#3491,#3492);
#3264=AXIS2_PLACEMENT_3D('',#4329,#3497,#3498);
#3265=AXIS2_PLACEMENT_3D('',#4339,#3504,#3505);
#3266=AXIS2_PLACEMENT_3D('',#4351,#3512,#3513);
#3267=AXIS2_PLACEMENT_3D('',#4357,#3517,#3518);
#3268=AXIS2_PLACEMENT_3D('',#4370,#3525,#3526);
#3269=AXIS2_PLACEMENT_3D('',#4376,#3530,#3531);
#3270=AXIS2_PLACEMENT_3D('',#4386,#3537,#3538);
#3271=AXIS2_PLACEMENT_3D('',#4395,#3544,#3545);
#3272=AXIS2_PLACEMENT_3D('',#4411,#3554,#3555);
#3273=AXIS2_PLACEMENT_3D('',#4457,#3580,#3581);
#3274=AXIS2_PLACEMENT_3D('',#4464,#3586,#3587);
#3275=AXIS2_PLACEMENT_3D('',#4470,#3591,#3592);
#3276=AXIS2_PLACEMENT_3D('',#4479,#3597,#3598);
#3277=AXIS2_PLACEMENT_3D('',#4483,#3601,#3602);
#3278=AXIS2_PLACEMENT_3D('',#4486,#3605,#3606);
#3279=AXIS2_PLACEMENT_3D('',#4490,#3609,#3610);
#3280=AXIS2_PLACEMENT_3D('',#4492,#3612,#3613);
#3281=AXIS2_PLACEMENT_3D('',#4502,#3619,#3620);
#3282=AXIS2_PLACEMENT_3D('',#4507,#3624,#3625);
#3283=AXIS2_PLACEMENT_3D('',#4511,#3628,#3629);
#3284=AXIS2_PLACEMENT_3D('',#4518,#3634,#3635);
#3285=AXIS2_PLACEMENT_3D('',#4532,#3643,#3644);
#3286=AXIS2_PLACEMENT_3D('',#4534,#3646,#3647);
#3287=AXIS2_PLACEMENT_3D('',#4543,#3652,#3653);
#3288=AXIS2_PLACEMENT_3D('',#4552,#3658,#3659);
#3289=AXIS2_PLACEMENT_3D('',#4558,#3663,#3664);
#3290=AXIS2_PLACEMENT_3D('',#4561,#3667,#3668);
#3291=AXIS2_PLACEMENT_3D('',#4566,#3672,#3673);
#3292=AXIS2_PLACEMENT_3D('',#4570,#3676,#3677);
#3293=AXIS2_PLACEMENT_3D('',#4572,#3679,#3680);
#3294=AXIS2_PLACEMENT_3D('',#4576,#3683,#3684);
#3295=AXIS2_PLACEMENT_3D('',#4582,#3688,#3689);
#3296=AXIS2_PLACEMENT_3D('',#4586,#3692,#3693);
#3297=AXIS2_PLACEMENT_3D('',#4590,#3696,#3697);
#3298=AXIS2_PLACEMENT_3D('',#4592,#3699,#3700);
#3299=AXIS2_PLACEMENT_3D('',#4598,#3704,#3705);
#3300=AXIS2_PLACEMENT_3D('',#4610,#3712,#3713);
#3301=AXIS2_PLACEMENT_3D('',#4612,#3715,#3716);
#3302=AXIS2_PLACEMENT_3D('',#4616,#3719,#3720);
#3303=AXIS2_PLACEMENT_3D('',#4622,#3724,#3725);
#3304=AXIS2_PLACEMENT_3D('',#4626,#3728,#3729);
#3305=AXIS2_PLACEMENT_3D('',#4630,#3732,#3733);
#3306=AXIS2_PLACEMENT_3D('',#4632,#3735,#3736);
#3307=AXIS2_PLACEMENT_3D('',#4638,#3740,#3741);
#3308=AXIS2_PLACEMENT_3D('',#4650,#3748,#3749);
#3309=AXIS2_PLACEMENT_3D('',#4652,#3751,#3752);
#3310=AXIS2_PLACEMENT_3D('',#4656,#3755,#3756);
#3311=AXIS2_PLACEMENT_3D('',#4662,#3760,#3761);
#3312=AXIS2_PLACEMENT_3D('',#4666,#3764,#3765);
#3313=AXIS2_PLACEMENT_3D('',#4670,#3768,#3769);
#3314=AXIS2_PLACEMENT_3D('',#4672,#3771,#3772);
#3315=AXIS2_PLACEMENT_3D('',#4678,#3776,#3777);
#3316=AXIS2_PLACEMENT_3D('',#4690,#3784,#3785);
#3317=AXIS2_PLACEMENT_3D('',#4692,#3787,#3788);
#3318=AXIS2_PLACEMENT_3D('',#4696,#3791,#3792);
#3319=AXIS2_PLACEMENT_3D('',#4702,#3796,#3797);
#3320=AXIS2_PLACEMENT_3D('',#4706,#3800,#3801);
#3321=AXIS2_PLACEMENT_3D('',#4710,#3804,#3805);
#3322=AXIS2_PLACEMENT_3D('',#4712,#3807,#3808);
#3323=AXIS2_PLACEMENT_3D('',#4714,#3810,#3811);
#3324=AXIS2_PLACEMENT_3D('',#4718,#3814,#3815);
#3325=AXIS2_PLACEMENT_3D('',#4725,#3820,#3821);
#3326=AXIS2_PLACEMENT_3D('',#4731,#3825,#3826);
#3327=AXIS2_PLACEMENT_3D('',#4735,#3829,#3830);
#3328=AXIS2_PLACEMENT_3D('',#4739,#3833,#3834);
#3329=AXIS2_PLACEMENT_3D('',#4741,#3836,#3837);
#3330=AXIS2_PLACEMENT_3D('',#4744,#3840,#3841);
#3331=AXIS2_PLACEMENT_3D('',#4745,#3842,#3843);
#3332=AXIS2_PLACEMENT_3D('',#4749,#3846,#3847);
#3333=AXIS2_PLACEMENT_3D('',#4753,#3850,#3851);
#3334=AXIS2_PLACEMENT_3D('',#4758,#3855,#3856);
#3335=AXIS2_PLACEMENT_3D('',#4760,#3858,#3859);
#3336=AXIS2_PLACEMENT_3D('',#4761,#3860,#3861);
#3337=AXIS2_PLACEMENT_3D('',#4762,#3862,#3863);
#3338=AXIS2_PLACEMENT_3D('',#4763,#3864,#3865);
#3339=AXIS2_PLACEMENT_3D('',#4772,#3870,#3871);
#3340=AXIS2_PLACEMENT_3D('',#4778,#3875,#3876);
#3341=AXIS2_PLACEMENT_3D('',#4784,#3880,#3881);
#3342=AXIS2_PLACEMENT_3D('',#4787,#3884,#3885);
#3343=AXIS2_PLACEMENT_3D('',#4791,#3887,#3888);
#3344=AXIS2_PLACEMENT_3D('',#4799,#3892,#3893);
#3345=AXIS2_PLACEMENT_3D('',#4801,#3895,#3896);
#3346=AXIS2_PLACEMENT_3D('',#4805,#3899,#3900);
#3347=AXIS2_PLACEMENT_3D('',#4806,#3901,#3902);
#3348=AXIS2_PLACEMENT_3D('',#4815,#3907,#3908);
#3349=AXIS2_PLACEMENT_3D('',#4820,#3912,#3913);
#3350=AXIS2_PLACEMENT_3D('',#4825,#3917,#3918);
#3351=AXIS2_PLACEMENT_3D('',#4827,#3920,#3921);
#3352=AXIS2_PLACEMENT_3D('',#4831,#3924,#3925);
#3353=AXIS2_PLACEMENT_3D('',#4834,#3927,#3928);
#3354=AXIS2_PLACEMENT_3D('',#4837,#3930,#3931);
#3355=AXIS2_PLACEMENT_3D('',#4838,#3932,#3933);
#3356=AXIS2_PLACEMENT_3D('',#4839,#3934,#3935);
#3357=AXIS2_PLACEMENT_3D('',#4841,#3937,#3938);
#3358=AXIS2_PLACEMENT_3D('',#4842,#3939,#3940);
#3359=AXIS2_PLACEMENT_3D('',#4844,#3942,#3943);
#3360=AXIS2_PLACEMENT_3D('',#4845,#3944,#3945);
#3361=AXIS2_PLACEMENT_3D('',#4854,#3950,#3951);
#3362=AXIS2_PLACEMENT_3D('',#4860,#3955,#3956);
#3363=AXIS2_PLACEMENT_3D('',#4866,#3960,#3961);
#3364=AXIS2_PLACEMENT_3D('',#4869,#3964,#3965);
#3365=AXIS2_PLACEMENT_3D('',#4873,#3967,#3968);
#3366=AXIS2_PLACEMENT_3D('',#4881,#3972,#3973);
#3367=AXIS2_PLACEMENT_3D('',#4883,#3975,#3976);
#3368=AXIS2_PLACEMENT_3D('',#4887,#3979,#3980);
#3369=AXIS2_PLACEMENT_3D('',#4888,#3981,#3982);
#3370=AXIS2_PLACEMENT_3D('',#4897,#3987,#3988);
#3371=AXIS2_PLACEMENT_3D('',#4902,#3992,#3993);
#3372=AXIS2_PLACEMENT_3D('',#4907,#3997,#3998);
#3373=AXIS2_PLACEMENT_3D('',#4909,#4000,#4001);
#3374=AXIS2_PLACEMENT_3D('',#4913,#4004,#4005);
#3375=AXIS2_PLACEMENT_3D('',#4916,#4007,#4008);
#3376=AXIS2_PLACEMENT_3D('',#4919,#4010,#4011);
#3377=AXIS2_PLACEMENT_3D('',#4920,#4012,#4013);
#3378=AXIS2_PLACEMENT_3D('',#4921,#4014,#4015);
#3379=AXIS2_PLACEMENT_3D('',#4923,#4017,#4018);
#3380=AXIS2_PLACEMENT_3D('',#4924,#4019,#4020);
#3381=AXIS2_PLACEMENT_3D('',#4926,#4022,#4023);
#3382=AXIS2_PLACEMENT_3D('',#4927,#4024,#4025);
#3383=AXIS2_PLACEMENT_3D('',#4936,#4030,#4031);
#3384=AXIS2_PLACEMENT_3D('',#4942,#4035,#4036);
#3385=AXIS2_PLACEMENT_3D('',#4948,#4040,#4041);
#3386=AXIS2_PLACEMENT_3D('',#4951,#4044,#4045);
#3387=AXIS2_PLACEMENT_3D('',#4955,#4047,#4048);
#3388=AXIS2_PLACEMENT_3D('',#4963,#4052,#4053);
#3389=AXIS2_PLACEMENT_3D('',#4965,#4055,#4056);
#3390=AXIS2_PLACEMENT_3D('',#4969,#4059,#4060);
#3391=AXIS2_PLACEMENT_3D('',#4970,#4061,#4062);
#3392=AXIS2_PLACEMENT_3D('',#4979,#4067,#4068);
#3393=AXIS2_PLACEMENT_3D('',#4984,#4072,#4073);
#3394=AXIS2_PLACEMENT_3D('',#4989,#4077,#4078);
#3395=AXIS2_PLACEMENT_3D('',#4991,#4080,#4081);
#3396=AXIS2_PLACEMENT_3D('',#4995,#4084,#4085);
#3397=AXIS2_PLACEMENT_3D('',#4998,#4087,#4088);
#3398=AXIS2_PLACEMENT_3D('',#5001,#4090,#4091);
#3399=AXIS2_PLACEMENT_3D('',#5002,#4092,#4093);
#3400=AXIS2_PLACEMENT_3D('',#5003,#4094,#4095);
#3401=AXIS2_PLACEMENT_3D('',#5005,#4097,#4098);
#3402=AXIS2_PLACEMENT_3D('',#5006,#4099,#4100);
#3403=AXIS2_PLACEMENT_3D('',#5008,#4102,#4103);
#3404=AXIS2_PLACEMENT_3D('',#5009,#4104,#4105);
#3405=AXIS2_PLACEMENT_3D('',#5018,#4110,#4111);
#3406=AXIS2_PLACEMENT_3D('',#5024,#4115,#4116);
#3407=AXIS2_PLACEMENT_3D('',#5030,#4120,#4121);
#3408=AXIS2_PLACEMENT_3D('',#5033,#4124,#4125);
#3409=AXIS2_PLACEMENT_3D('',#5037,#4127,#4128);
#3410=AXIS2_PLACEMENT_3D('',#5045,#4132,#4133);
#3411=AXIS2_PLACEMENT_3D('',#5047,#4135,#4136);
#3412=AXIS2_PLACEMENT_3D('',#5051,#4139,#4140);
#3413=AXIS2_PLACEMENT_3D('',#5052,#4141,#4142);
#3414=AXIS2_PLACEMENT_3D('',#5061,#4147,#4148);
#3415=AXIS2_PLACEMENT_3D('',#5066,#4152,#4153);
#3416=AXIS2_PLACEMENT_3D('',#5071,#4157,#4158);
#3417=AXIS2_PLACEMENT_3D('',#5073,#4160,#4161);
#3418=AXIS2_PLACEMENT_3D('',#5077,#4164,#4165);
#3419=AXIS2_PLACEMENT_3D('',#5080,#4167,#4168);
#3420=AXIS2_PLACEMENT_3D('',#5083,#4170,#4171);
#3421=AXIS2_PLACEMENT_3D('',#5084,#4172,#4173);
#3422=AXIS2_PLACEMENT_3D('',#5085,#4174,#4175);
#3423=AXIS2_PLACEMENT_3D('',#5087,#4177,#4178);
#3424=AXIS2_PLACEMENT_3D('',#5088,#4179,#4180);
#3425=AXIS2_PLACEMENT_3D('',#5090,#4182,#4183);
#3426=AXIS2_PLACEMENT_3D('',#5091,#4184,#4185);
#3427=AXIS2_PLACEMENT_3D('',#5100,#4190,#4191);
#3428=AXIS2_PLACEMENT_3D('',#5106,#4195,#4196);
#3429=AXIS2_PLACEMENT_3D('',#5112,#4200,#4201);
#3430=AXIS2_PLACEMENT_3D('',#5115,#4204,#4205);
#3431=AXIS2_PLACEMENT_3D('',#5119,#4207,#4208);
#3432=AXIS2_PLACEMENT_3D('',#5127,#4212,#4213);
#3433=AXIS2_PLACEMENT_3D('',#5129,#4215,#4216);
#3434=AXIS2_PLACEMENT_3D('',#5133,#4219,#4220);
#3435=AXIS2_PLACEMENT_3D('',#5134,#4221,#4222);
#3436=AXIS2_PLACEMENT_3D('',#5143,#4227,#4228);
#3437=AXIS2_PLACEMENT_3D('',#5148,#4232,#4233);
#3438=AXIS2_PLACEMENT_3D('',#5153,#4237,#4238);
#3439=AXIS2_PLACEMENT_3D('',#5155,#4240,#4241);
#3440=AXIS2_PLACEMENT_3D('',#5159,#4244,#4245);
#3441=AXIS2_PLACEMENT_3D('',#5162,#4247,#4248);
#3442=AXIS2_PLACEMENT_3D('',#5165,#4250,#4251);
#3443=AXIS2_PLACEMENT_3D('',#5166,#4252,#4253);
#3444=AXIS2_PLACEMENT_3D('',#5167,#4254,#4255);
#3445=AXIS2_PLACEMENT_3D('',#5169,#4257,#4258);
#3446=AXIS2_PLACEMENT_3D('',#5170,#4259,#4260);
#3447=AXIS2_PLACEMENT_3D('',#5172,#4262,#4263);
#3448=DIRECTION('axis',(0.,0.,1.));
#3449=DIRECTION('refdir',(1.,0.,0.));
#3450=DIRECTION('center_axis',(0.,-1.,1.38777878078145E-16));
#3451=DIRECTION('ref_axis',(0.,1.38777878078145E-16,1.));
#3452=DIRECTION('',(0.,-1.38777878078145E-16,-1.));
#3453=DIRECTION('',(-1.,0.,0.));
#3454=DIRECTION('',(0.,1.38777878078145E-16,1.));
#3455=DIRECTION('',(-1.,0.,0.));
#3456=DIRECTION('center_axis',(0.,0.,-1.));
#3457=DIRECTION('ref_axis',(0.,-1.,0.));
#3458=DIRECTION('',(0.,1.,0.));
#3459=DIRECTION('',(0.,-1.,0.));
#3460=DIRECTION('',(-1.,0.,0.));
#3461=DIRECTION('center_axis',(0.,1.,0.));
#3462=DIRECTION('ref_axis',(0.,0.,-1.));
#3463=DIRECTION('',(0.,0.,1.));
#3464=DIRECTION('',(0.,0.,-1.));
#3465=DIRECTION('',(1.,0.,0.));
#3466=DIRECTION('center_axis',(0.,1.,0.));
#3467=DIRECTION('ref_axis',(0.,0.,-1.));
#3468=DIRECTION('',(0.,0.,-1.));
#3469=DIRECTION('',(1.,0.,0.));
#3470=DIRECTION('',(0.,0.,1.));
#3471=DIRECTION('',(-1.,0.,0.));
#3472=DIRECTION('center_axis',(0.,0.,-1.));
#3473=DIRECTION('ref_axis',(0.,-1.,0.));
#3474=DIRECTION('',(0.,-1.,0.));
#3475=DIRECTION('',(0.,1.,0.));
#3476=DIRECTION('',(-1.,0.,0.));
#3477=DIRECTION('center_axis',(0.,-1.,1.38777878078145E-16));
#3478=DIRECTION('ref_axis',(0.,1.38777878078145E-16,1.));
#3479=DIRECTION('',(0.,1.38777878078145E-16,1.));
#3480=DIRECTION('',(0.,-1.38777878078145E-16,-1.));
#3481=DIRECTION('',(-1.,0.,0.));
#3482=DIRECTION('center_axis',(-1.,0.,0.));
#3483=DIRECTION('ref_axis',(0.,0.,1.));
#3484=DIRECTION('',(0.,1.,-9.62964972193618E-33));
#3485=DIRECTION('',(0.,2.77555756156289E-16,-1.));
#3486=DIRECTION('',(0.,-1.,-3.70074341541719E-15));
#3487=DIRECTION('',(0.,-0.447213595499963,-0.894427190999913));
#3488=DIRECTION('',(0.,-1.,-5.32907051820075E-15));
#3489=DIRECTION('',(0.,1.83697019872103E-16,1.));
#3490=DIRECTION('',(0.,1.,-9.62964972193618E-33));
#3491=DIRECTION('center_axis',(0.,9.62964972193618E-33,1.));
#3492=DIRECTION('ref_axis',(0.,-1.,9.62964972193618E-33));
#3493=DIRECTION('',(0.,1.,-9.62964972193618E-33));
#3494=DIRECTION('',(1.,0.,0.));
#3495=DIRECTION('',(-5.34552942018439E-48,1.,-9.62964972193618E-33));
#3496=DIRECTION('',(1.,0.,0.));
#3497=DIRECTION('center_axis',(0.,9.62964972193618E-33,1.));
#3498=DIRECTION('ref_axis',(0.,-1.,9.62964972193618E-33));
#3499=DIRECTION('',(0.,-1.,9.62964972193618E-33));
#3500=DIRECTION('',(1.,0.,0.));
#3501=DIRECTION('',(-5.34552942018439E-48,-1.,9.62964972193618E-33));
#3502=DIRECTION('',(1.,0.,0.));
#3503=DIRECTION('',(0.,-1.,9.62964972193618E-33));
#3504=DIRECTION('center_axis',(1.,0.,0.));
#3505=DIRECTION('ref_axis',(0.,0.,-1.));
#3506=DIRECTION('',(0.,2.77555756156289E-16,-1.));
#3507=DIRECTION('',(0.,-1.,0.));
#3508=DIRECTION('',(0.,0.,-1.));
#3509=DIRECTION('',(0.,-1.,-3.70074341541719E-15));
#3510=DIRECTION('',(0.,0.,1.));
#3511=DIRECTION('',(0.,-1.,9.62964972193618E-33));
#3512=DIRECTION('center_axis',(1.,0.,-5.55111512312578E-16));
#3513=DIRECTION('ref_axis',(5.55111512312578E-16,-1.58603289232165E-16,
1.));
#3514=DIRECTION('',(5.55111512312578E-16,-2.77555756156289E-16,1.));
#3515=DIRECTION('',(0.,-1.,0.));
#3516=DIRECTION('',(-5.55111512312578E-16,2.77555756156289E-16,-1.));
#3517=DIRECTION('center_axis',(0.,0.,-1.));
#3518=DIRECTION('ref_axis',(1.,0.,0.));
#3519=DIRECTION('',(0.,1.,0.));
#3520=DIRECTION('',(1.,0.,0.));
#3521=DIRECTION('',(0.,-1.,0.));
#3522=DIRECTION('',(-1.,0.,0.));
#3523=DIRECTION('',(0.,-1.,0.));
#3524=DIRECTION('',(1.,0.,0.));
#3525=DIRECTION('center_axis',(1.,0.,0.));
#3526=DIRECTION('ref_axis',(0.,-1.58603289232165E-16,1.));
#3527=DIRECTION('',(0.,2.77555756156289E-16,-1.));
#3528=DIRECTION('',(0.,-1.58603289232165E-16,1.));
#3529=DIRECTION('',(0.,-1.,-3.70074341541719E-15));
#3530=DIRECTION('center_axis',(-1.,0.,0.));
#3531=DIRECTION('ref_axis',(0.,1.58603289232165E-16,-1.));
#3532=DIRECTION('',(0.,-1.,-3.70074341541719E-15));
#3533=DIRECTION('',(0.,2.77555756156289E-16,-1.));
#3534=DIRECTION('',(0.,-2.77555756156289E-16,1.));
#3535=DIRECTION('',(0.,1.,2.10269512239613E-16));
#3536=DIRECTION('',(0.,1.58603289232165E-16,-1.));
#3537=DIRECTION('center_axis',(0.,1.,0.));
#3538=DIRECTION('ref_axis',(0.,0.,-1.));
#3539=DIRECTION('',(0.,0.,1.));
#3540=DIRECTION('',(-1.,0.,0.));
#3541=DIRECTION('',(1.,0.,0.));
#3542=DIRECTION('',(-3.46452040250706E-8,0.,0.999999999999999));
#3543=DIRECTION('',(1.,0.,0.));
#3544=DIRECTION('center_axis',(0.,-2.10269512239613E-16,1.));
#3545=DIRECTION('ref_axis',(-1.,0.,0.));
#3546=DIRECTION('',(-1.,0.,0.));
#3547=DIRECTION('',(0.,-1.,-2.10269512239613E-16));
#3548=DIRECTION('',(1.,0.,0.));
#3549=DIRECTION('',(0.,-1.,-2.10269512239613E-16));
#3550=DIRECTION('',(-1.,0.,0.));
#3551=DIRECTION('',(0.,-1.,-2.10269512239613E-16));
#3552=DIRECTION('',(1.,0.,0.));
#3553=DIRECTION('',(0.,1.,2.10269512239613E-16));
#3554=DIRECTION('center_axis',(0.,1.,2.77555756156289E-16));
#3555=DIRECTION('ref_axis',(0.,-2.77555756156289E-16,1.));
#3556=DIRECTION('',(1.,0.,0.));
#3557=DIRECTION('',(-5.55111512312578E-16,-2.77555756156289E-16,1.));
#3558=DIRECTION('',(0.,-2.77555756156289E-16,1.));
#3559=DIRECTION('',(1.,0.,0.));
#3560=DIRECTION('',(0.,-2.77555756156289E-16,1.));
#3561=DIRECTION('',(-1.,0.,0.));
#3562=DIRECTION('',(0.,2.77555756156289E-16,-1.));
#3563=DIRECTION('',(-1.,0.,0.));
#3564=DIRECTION('',(3.46452040250706E-8,2.77555756156289E-16,-0.999999999999999));
#3565=DIRECTION('',(1.,0.,0.));
#3566=DIRECTION('',(-2.12341533661904E-8,-2.77555756156289E-16,1.));
#3567=DIRECTION('',(-1.,0.,0.));
#3568=DIRECTION('',(3.46452040250706E-8,2.77555756156289E-16,-0.999999999999999));
#3569=DIRECTION('',(1.,0.,0.));
#3570=DIRECTION('',(-2.12341533661904E-8,-2.77555756156289E-16,1.));
#3571=DIRECTION('',(-1.,0.,0.));
#3572=DIRECTION('',(3.46452040250706E-8,2.77555756156289E-16,-0.999999999999999));
#3573=DIRECTION('',(1.,0.,0.));
#3574=DIRECTION('',(-2.12341533661904E-8,-2.77555756156289E-16,1.));
#3575=DIRECTION('',(-1.,0.,0.));
#3576=DIRECTION('',(3.46452040250706E-8,2.77555756156289E-16,-0.999999999999999));
#3577=DIRECTION('',(1.,0.,0.));
#3578=DIRECTION('',(-2.12341533661904E-8,-2.77555756156289E-16,1.));
#3579=DIRECTION('',(1.,0.,0.));
#3580=DIRECTION('center_axis',(-1.,0.,0.));
#3581=DIRECTION('ref_axis',(0.,0.,1.));
#3582=DIRECTION('',(0.,1.,-9.62964972193618E-33));
#3583=DIRECTION('',(0.,0.,-1.));
#3584=DIRECTION('',(0.,-1.,-3.70074341541719E-15));
#3585=DIRECTION('',(0.,2.77555756156289E-16,-1.));
#3586=DIRECTION('center_axis',(0.,-0.894427190999913,0.447213595499963));
#3587=DIRECTION('ref_axis',(0.,-0.447213595499963,-0.894427190999913));
#3588=DIRECTION('',(-1.,0.,0.));
#3589=DIRECTION('',(0.,-0.447213595499963,-0.894427190999913));
#3590=DIRECTION('',(1.,0.,0.));
#3591=DIRECTION('center_axis',(0.,2.31296463463574E-16,-1.));
#3592=DIRECTION('ref_axis',(0.,1.,2.31296463463574E-16));
#3593=DIRECTION('',(0.,-1.,-3.70074341541719E-15));
#3594=DIRECTION('',(1.,0.,0.));
#3595=DIRECTION('',(0.,1.,2.31296463463574E-16));
#3596=DIRECTION('',(-1.,0.,0.));
#3597=DIRECTION('center_axis',(0.,-5.32907051820075E-15,1.));
#3598=DIRECTION('ref_axis',(0.,-1.,-5.32907051820075E-15));
#3599=DIRECTION('',(0.,-1.,-5.32907051820075E-15));
#3600=DIRECTION('',(1.,0.,0.));
#3601=DIRECTION('center_axis',(-1.,0.,0.));
#3602=DIRECTION('ref_axis',(0.,0.,1.));
#3603=DIRECTION('',(0.,1.,3.70074341541719E-15));
#3604=DIRECTION('',(0.,1.83697019872103E-16,1.));
#3605=DIRECTION('center_axis',(0.,0.,-1.));
#3606=DIRECTION('ref_axis',(1.,0.,0.));
#3607=DIRECTION('',(-1.,0.,0.));
#3608=DIRECTION('',(0.,-1.,0.));
#3609=DIRECTION('center_axis',(1.,0.,5.55111512312578E-16));
#3610=DIRECTION('ref_axis',(-5.55111512312578E-16,-1.58603289232165E-16,
1.));
#3611=DIRECTION('',(5.55111512312578E-16,2.77555756156289E-16,-1.));
#3612=DIRECTION('center_axis',(-1.,0.,0.));
#3613=DIRECTION('ref_axis',(0.,1.58603289232165E-16,-1.));
#3614=DIRECTION('',(0.,1.,3.70074341541719E-15));
#3615=DIRECTION('',(0.,1.58603289232165E-16,-1.));
#3616=DIRECTION('',(0.,-1.,-2.10269512239613E-16));
#3617=DIRECTION('',(0.,-1.,0.));
#3618=DIRECTION('',(0.,-2.77555756156289E-16,1.));
#3619=DIRECTION('center_axis',(0.,0.,1.));
#3620=DIRECTION('ref_axis',(-1.,0.,0.));
#3621=DIRECTION('',(1.,0.,0.));
#3622=DIRECTION('',(0.,-1.,0.));
#3623=DIRECTION('',(-1.,0.,0.));
#3624=DIRECTION('center_axis',(1.,0.,0.));
#3625=DIRECTION('ref_axis',(0.,-1.58603289232165E-16,1.));
#3626=DIRECTION('',(0.,1.,3.70074341541719E-15));
#3627=DIRECTION('',(0.,-1.58603289232165E-16,1.));
#3628=DIRECTION('center_axis',(0.,-1.,0.));
#3629=DIRECTION('ref_axis',(0.,0.,-1.));
#3630=DIRECTION('',(-1.,0.,0.));
#3631=DIRECTION('',(1.,0.,0.));
#3632=DIRECTION('',(2.12341533661904E-8,0.,-1.));
#3633=DIRECTION('',(1.,0.,0.));
#3634=DIRECTION('center_axis',(0.,-2.10269512239613E-16,1.));
#3635=DIRECTION('ref_axis',(-1.,0.,0.));
#3636=DIRECTION('',(0.,-1.,-2.10269512239613E-16));
#3637=DIRECTION('',(1.,0.,0.));
#3638=DIRECTION('',(0.,-1.,-2.10269512239613E-16));
#3639=DIRECTION('',(-1.,0.,0.));
#3640=DIRECTION('',(0.,-1.,-2.10269512239613E-16));
#3641=DIRECTION('',(1.,0.,0.));
#3642=DIRECTION('',(0.,1.,2.10269512239613E-16));
#3643=DIRECTION('center_axis',(0.,1.,2.77555756156289E-16));
#3644=DIRECTION('ref_axis',(0.,-2.77555756156289E-16,1.));
#3645=DIRECTION('',(-1.,0.,0.));
#3646=DIRECTION('center_axis',(0.,-2.31296463463574E-16,1.));
#3647=DIRECTION('ref_axis',(0.,1.,2.31296463463574E-16));
#3648=DIRECTION('',(0.,1.,3.70074341541719E-15));
#3649=DIRECTION('',(-1.,0.,0.));
#3650=DIRECTION('',(0.,1.,2.31296463463574E-16));
#3651=DIRECTION('',(-1.,0.,0.));
#3652=DIRECTION('center_axis',(0.,0.894427190999913,-0.447213595499963));
#3653=DIRECTION('ref_axis',(0.,-0.447213595499963,-0.894427190999913));
#3654=DIRECTION('',(0.,-0.447213595499963,-0.894427190999913));
#3655=DIRECTION('',(-1.,0.,0.));
#3656=DIRECTION('',(0.,-0.447213595499963,-0.894427190999913));
#3657=DIRECTION('',(-1.,0.,0.));
#3658=DIRECTION('center_axis',(0.,5.32907051820075E-15,-1.));
#3659=DIRECTION('ref_axis',(0.,-1.,-5.32907051820075E-15));
#3660=DIRECTION('',(0.,-1.,-5.32907051820075E-15));
#3661=DIRECTION('',(-1.,0.,0.));
#3662=DIRECTION('',(0.,-1.,-5.32907051820075E-15));
#3663=DIRECTION('center_axis',(-1.,0.,0.));
#3664=DIRECTION('ref_axis',(0.,0.,1.));
#3665=DIRECTION('',(0.,1.83697019872103E-16,1.));
#3666=DIRECTION('',(0.,-1.,-3.70074341541719E-15));
#3667=DIRECTION('center_axis',(0.,3.70074341541719E-15,-1.));
#3668=DIRECTION('ref_axis',(0.,1.,3.70074341541719E-15));
#3669=DIRECTION('',(0.,1.,3.70074341541719E-15));
#3670=DIRECTION('',(-1.,0.,0.));
#3671=DIRECTION('',(-7.4117258180758E-23,1.,3.70074341541719E-15));
#3672=DIRECTION('center_axis',(-0.999999999999999,7.28483015179346E-24,
-3.46452040250706E-8));
#3673=DIRECTION('ref_axis',(3.46452040250706E-8,1.58603289232165E-16,-0.999999999999999));
#3674=DIRECTION('',(-3.46452040250706E-8,0.,0.999999999999999));
#3675=DIRECTION('',(1.20928180519771E-22,-1.,-3.70074341541719E-15));
#3676=DIRECTION('center_axis',(1.,-4.46489507113E-24,2.12341533661904E-8));
#3677=DIRECTION('ref_axis',(-2.12341533661904E-8,-1.58603289232165E-16,
1.));
#3678=DIRECTION('',(2.12341533661904E-8,0.,-1.));
#3679=DIRECTION('center_axis',(0.,3.70074341541719E-15,-1.));
#3680=DIRECTION('ref_axis',(0.,1.,3.70074341541719E-15));
#3681=DIRECTION('',(-1.,0.,0.));
#3682=DIRECTION('',(-7.4117258180758E-23,1.,3.70074341541719E-15));
#3683=DIRECTION('center_axis',(0.,1.,1.11022302462516E-15));
#3684=DIRECTION('ref_axis',(1.,0.,0.));
#3685=DIRECTION('',(0.,1.11022302462516E-15,-1.));
#3686=DIRECTION('',(1.,0.,0.));
#3687=DIRECTION('',(0.,1.11022302462516E-15,-1.));
#3688=DIRECTION('center_axis',(1.,0.,0.));
#3689=DIRECTION('ref_axis',(0.,-1.,-1.11022302462516E-15));
#3690=DIRECTION('',(0.,1.11022302462516E-15,-1.));
#3691=DIRECTION('',(0.,-1.,-3.70074341541719E-15));
#3692=DIRECTION('center_axis',(0.,-1.,-1.11022302462516E-15));
#3693=DIRECTION('ref_axis',(-1.,0.,0.));
#3694=DIRECTION('',(0.,1.11022302462516E-15,-1.));
#3695=DIRECTION('',(-1.,0.,0.));
#3696=DIRECTION('center_axis',(-1.,0.,0.));
#3697=DIRECTION('ref_axis',(0.,1.,1.11022302462516E-15));
#3698=DIRECTION('',(0.,1.,3.70074341541719E-15));
#3699=DIRECTION('center_axis',(-0.999999999999999,7.28483015179346E-24,
-3.46452040250706E-8));
#3700=DIRECTION('ref_axis',(3.46452040250706E-8,1.58603289232165E-16,-0.999999999999999));
#3701=DIRECTION('',(-3.46452040250706E-8,0.,0.999999999999999));
#3702=DIRECTION('',(1.20928180519771E-22,-1.,-3.70074341541719E-15));
#3703=DIRECTION('',(0.,-1.,-2.10269512239613E-16));
#3704=DIRECTION('center_axis',(0.,-2.10269512239613E-16,1.));
#3705=DIRECTION('ref_axis',(-1.,0.,0.));
#3706=DIRECTION('',(1.,0.,0.));
#3707=DIRECTION('',(0.,-1.,-2.10269512239613E-16));
#3708=DIRECTION('',(-1.,0.,0.));
#3709=DIRECTION('',(0.,-1.,-2.10269512239613E-16));
#3710=DIRECTION('',(1.,0.,0.));
#3711=DIRECTION('',(0.,1.,2.10269512239613E-16));
#3712=DIRECTION('center_axis',(1.,-4.46489507113E-24,2.12341533661904E-8));
#3713=DIRECTION('ref_axis',(-2.12341533661904E-8,-1.58603289232165E-16,
1.));
#3714=DIRECTION('',(2.12341533661904E-8,0.,-1.));
#3715=DIRECTION('center_axis',(0.,3.70074341541719E-15,-1.));
#3716=DIRECTION('ref_axis',(0.,1.,3.70074341541719E-15));
#3717=DIRECTION('',(-1.,0.,0.));
#3718=DIRECTION('',(-7.4117258180758E-23,1.,3.70074341541719E-15));
#3719=DIRECTION('center_axis',(0.,1.,1.11022302462516E-15));
#3720=DIRECTION('ref_axis',(1.,0.,0.));
#3721=DIRECTION('',(0.,1.11022302462516E-15,-1.));
#3722=DIRECTION('',(1.,0.,0.));
#3723=DIRECTION('',(0.,1.11022302462516E-15,-1.));
#3724=DIRECTION('center_axis',(1.,0.,0.));
#3725=DIRECTION('ref_axis',(0.,-1.,-1.11022302462516E-15));
#3726=DIRECTION('',(0.,1.11022302462516E-15,-1.));
#3727=DIRECTION('',(0.,-1.,-3.70074341541719E-15));
#3728=DIRECTION('center_axis',(0.,-1.,-1.11022302462516E-15));
#3729=DIRECTION('ref_axis',(-1.,0.,0.));
#3730=DIRECTION('',(0.,1.11022302462516E-15,-1.));
#3731=DIRECTION('',(-1.,0.,0.));
#3732=DIRECTION('center_axis',(-1.,0.,0.));
#3733=DIRECTION('ref_axis',(0.,1.,1.11022302462516E-15));
#3734=DIRECTION('',(0.,1.,3.70074341541719E-15));
#3735=DIRECTION('center_axis',(-0.999999999999999,7.28483015179346E-24,
-3.46452040250706E-8));
#3736=DIRECTION('ref_axis',(3.46452040250706E-8,1.58603289232165E-16,-0.999999999999999));
#3737=DIRECTION('',(-3.46452040250706E-8,0.,0.999999999999999));
#3738=DIRECTION('',(1.20928180519771E-22,-1.,-3.70074341541719E-15));
#3739=DIRECTION('',(0.,-1.,-2.10269512239613E-16));
#3740=DIRECTION('center_axis',(0.,-2.10269512239613E-16,1.));
#3741=DIRECTION('ref_axis',(-1.,0.,0.));
#3742=DIRECTION('',(1.,0.,0.));
#3743=DIRECTION('',(0.,-1.,-2.10269512239613E-16));
#3744=DIRECTION('',(-1.,0.,0.));
#3745=DIRECTION('',(0.,-1.,-2.10269512239613E-16));
#3746=DIRECTION('',(1.,0.,0.));
#3747=DIRECTION('',(0.,1.,2.10269512239613E-16));
#3748=DIRECTION('center_axis',(1.,-4.46489507113E-24,2.12341533661904E-8));
#3749=DIRECTION('ref_axis',(-2.12341533661904E-8,-1.58603289232165E-16,
1.));
#3750=DIRECTION('',(2.12341533661904E-8,0.,-1.));
#3751=DIRECTION('center_axis',(0.,3.70074341541719E-15,-1.));
#3752=DIRECTION('ref_axis',(0.,1.,3.70074341541719E-15));
#3753=DIRECTION('',(-1.,0.,0.));
#3754=DIRECTION('',(-7.4117258180758E-23,1.,3.70074341541719E-15));
#3755=DIRECTION('center_axis',(0.,1.,1.11022302462516E-15));
#3756=DIRECTION('ref_axis',(1.,0.,0.));
#3757=DIRECTION('',(0.,1.11022302462516E-15,-1.));
#3758=DIRECTION('',(1.,0.,0.));
#3759=DIRECTION('',(0.,1.11022302462516E-15,-1.));
#3760=DIRECTION('center_axis',(1.,0.,0.));
#3761=DIRECTION('ref_axis',(0.,-1.,-1.11022302462516E-15));
#3762=DIRECTION('',(0.,1.11022302462516E-15,-1.));
#3763=DIRECTION('',(0.,-1.,-3.70074341541719E-15));
#3764=DIRECTION('center_axis',(0.,-1.,-1.11022302462516E-15));
#3765=DIRECTION('ref_axis',(-1.,0.,0.));
#3766=DIRECTION('',(0.,1.11022302462516E-15,-1.));
#3767=DIRECTION('',(-1.,0.,0.));
#3768=DIRECTION('center_axis',(-1.,0.,0.));
#3769=DIRECTION('ref_axis',(0.,1.,1.11022302462516E-15));
#3770=DIRECTION('',(0.,1.,3.70074341541719E-15));
#3771=DIRECTION('center_axis',(-0.999999999999999,7.28483015179346E-24,
-3.46452040250706E-8));
#3772=DIRECTION('ref_axis',(3.46452040250706E-8,1.58603289232165E-16,-0.999999999999999));
#3773=DIRECTION('',(-3.46452040250706E-8,0.,0.999999999999999));
#3774=DIRECTION('',(1.20928180519771E-22,-1.,-3.70074341541719E-15));
#3775=DIRECTION('',(0.,-1.,-2.10269512239613E-16));
#3776=DIRECTION('center_axis',(0.,-2.10269512239613E-16,1.));
#3777=DIRECTION('ref_axis',(-1.,0.,0.));
#3778=DIRECTION('',(1.,0.,0.));
#3779=DIRECTION('',(0.,-1.,-2.10269512239613E-16));
#3780=DIRECTION('',(-1.,0.,0.));
#3781=DIRECTION('',(0.,-1.,-2.10269512239613E-16));
#3782=DIRECTION('',(1.,0.,0.));
#3783=DIRECTION('',(0.,1.,2.10269512239613E-16));
#3784=DIRECTION('center_axis',(1.,-4.46489507113E-24,2.12341533661904E-8));
#3785=DIRECTION('ref_axis',(-2.12341533661904E-8,-1.58603289232165E-16,
1.));
#3786=DIRECTION('',(2.12341533661904E-8,0.,-1.));
#3787=DIRECTION('center_axis',(0.,3.70074341541719E-15,-1.));
#3788=DIRECTION('ref_axis',(0.,1.,3.70074341541719E-15));
#3789=DIRECTION('',(-1.,0.,0.));
#3790=DIRECTION('',(-7.4117258180758E-23,1.,3.70074341541719E-15));
#3791=DIRECTION('center_axis',(0.,1.,1.11022302462516E-15));
#3792=DIRECTION('ref_axis',(1.,0.,0.));
#3793=DIRECTION('',(0.,1.11022302462516E-15,-1.));
#3794=DIRECTION('',(1.,0.,0.));
#3795=DIRECTION('',(0.,1.11022302462516E-15,-1.));
#3796=DIRECTION('center_axis',(1.,0.,0.));
#3797=DIRECTION('ref_axis',(0.,-1.,-1.11022302462516E-15));
#3798=DIRECTION('',(0.,1.11022302462516E-15,-1.));
#3799=DIRECTION('',(0.,-1.,-3.70074341541719E-15));
#3800=DIRECTION('center_axis',(0.,-1.,-1.11022302462516E-15));
#3801=DIRECTION('ref_axis',(-1.,0.,0.));
#3802=DIRECTION('',(0.,1.11022302462516E-15,-1.));
#3803=DIRECTION('',(-1.,0.,0.));
#3804=DIRECTION('center_axis',(-1.,0.,0.));
#3805=DIRECTION('ref_axis',(0.,1.,1.11022302462516E-15));
#3806=DIRECTION('',(0.,1.,3.70074341541719E-15));
#3807=DIRECTION('center_axis',(1.,-4.46489507113E-24,2.12341533661904E-8));
#3808=DIRECTION('ref_axis',(-2.12341533661904E-8,-1.58603289232165E-16,
1.));
#3809=DIRECTION('',(2.12341533661904E-8,0.,-1.));
#3810=DIRECTION('center_axis',(-0.999999999999999,7.28483015179346E-24,
-3.46452040250706E-8));
#3811=DIRECTION('ref_axis',(3.46452040250706E-8,1.58603289232165E-16,-0.999999999999999));
#3812=DIRECTION('',(-3.46452040250706E-8,0.,0.999999999999999));
#3813=DIRECTION('',(1.20928180519771E-22,-1.,-3.70074341541719E-15));
#3814=DIRECTION('center_axis',(0.,1.,0.));
#3815=DIRECTION('ref_axis',(1.,0.,0.));
#3816=DIRECTION('',(0.,0.,-1.));
#3817=DIRECTION('',(1.,0.,0.));
#3818=DIRECTION('',(0.,0.,-1.));
#3819=DIRECTION('',(-1.,0.,0.));
#3820=DIRECTION('center_axis',(0.,1.,1.11022302462516E-15));
#3821=DIRECTION('ref_axis',(1.,0.,0.));
#3822=DIRECTION('',(0.,1.11022302462516E-15,-1.));
#3823=DIRECTION('',(1.,0.,0.));
#3824=DIRECTION('',(0.,1.11022302462516E-15,-1.));
#3825=DIRECTION('center_axis',(1.,0.,0.));
#3826=DIRECTION('ref_axis',(0.,-1.,-1.11022302462516E-15));
#3827=DIRECTION('',(0.,1.11022302462516E-15,-1.));
#3828=DIRECTION('',(0.,-1.,-3.70074341541719E-15));
#3829=DIRECTION('center_axis',(0.,-1.,-1.11022302462516E-15));
#3830=DIRECTION('ref_axis',(-1.,0.,0.));
#3831=DIRECTION('',(0.,1.11022302462516E-15,-1.));
#3832=DIRECTION('',(-1.,0.,0.));
#3833=DIRECTION('center_axis',(-1.,0.,0.));
#3834=DIRECTION('ref_axis',(0.,1.,1.11022302462516E-15));
#3835=DIRECTION('',(0.,1.,3.70074341541719E-15));
#3836=DIRECTION('center_axis',(0.,1.,0.));
#3837=DIRECTION('ref_axis',(1.,0.,0.));
#3838=DIRECTION('',(-1.,0.,0.));
#3839=DIRECTION('',(-1.,0.,0.));
#3840=DIRECTION('center_axis',(0.,3.70074341541719E-15,-1.));
#3841=DIRECTION('ref_axis',(0.,1.,3.70074341541719E-15));
#3842=DIRECTION('center_axis',(-1.,0.,0.));
#3843=DIRECTION('ref_axis',(0.,1.,0.));
#3844=DIRECTION('',(0.,1.,-9.62964972193618E-33));
#3845=DIRECTION('',(0.,1.83697019872103E-16,1.));
#3846=DIRECTION('center_axis',(1.,0.,0.));
#3847=DIRECTION('ref_axis',(0.,-1.,0.));
#3848=DIRECTION('',(0.,-1.83697019872103E-16,-1.));
#3849=DIRECTION('',(0.,-1.,9.62964972193618E-33));
#3850=DIRECTION('center_axis',(0.,9.62964972193618E-33,1.));
#3851=DIRECTION('ref_axis',(0.,-1.,9.62964972193618E-33));
#3852=DIRECTION('',(1.,0.,0.));
#3853=DIRECTION('',(1.,0.,0.));
#3854=DIRECTION('',(0.,-1.,9.62964972193618E-33));
#3855=DIRECTION('center_axis',(0.,-1.,1.83697019872103E-16));
#3856=DIRECTION('ref_axis',(0.,-1.83697019872103E-16,-1.));
#3857=DIRECTION('',(0.,-1.83697019872103E-16,-1.));
#3858=DIRECTION('center_axis',(0.,-1.,1.83697019872103E-16));
#3859=DIRECTION('ref_axis',(0.,-1.83697019872103E-16,-1.));
#3860=DIRECTION('center_axis',(0.,3.70074341541719E-15,-1.));
#3861=DIRECTION('ref_axis',(0.,1.,3.70074341541719E-15));
#3862=DIRECTION('center_axis',(1.,0.,0.));
#3863=DIRECTION('ref_axis',(0.,0.,-1.));
#3864=DIRECTION('center_axis',(7.85046229341887E-16,-0.707106781186548,
-0.707106781186548));
#3865=DIRECTION('ref_axis',(-1.,0.,-1.11022302462516E-15));
#3866=DIRECTION('',(-1.,6.79815536723445E-32,-1.11022302462516E-15));
#3867=DIRECTION('',(-0.577350269189626,0.577350269189626,-0.577350269189626));
#3868=DIRECTION('',(1.,-6.79815536723445E-32,1.11022302462516E-15));
#3869=DIRECTION('',(0.577350269189628,0.577350269189628,-0.577350269189622));
#3870=DIRECTION('center_axis',(-0.707106781186548,-0.707106781186548,-4.32978028117747E-17));
#3871=DIRECTION('ref_axis',(-6.12323399573677E-17,0.,1.));
#3872=DIRECTION('',(0.,-6.12323399573677E-17,1.));
#3873=DIRECTION('',(-0.577350269189626,0.577350269189626,0.577350269189626));
#3874=DIRECTION('',(0.,6.12323399573677E-17,-1.));
#3875=DIRECTION('center_axis',(0.,-0.707106781186548,0.707106781186548));
#3876=DIRECTION('ref_axis',(1.,0.,0.));
#3877=DIRECTION('',(1.,0.,0.));
#3878=DIRECTION('',(0.577350269189626,0.577350269189626,0.577350269189626));
#3879=DIRECTION('',(-1.,0.,0.));
#3880=DIRECTION('center_axis',(0.707106781186548,-0.707106781186548,-4.32978028117747E-17));
#3881=DIRECTION('ref_axis',(-6.12323399573677E-17,0.,-1.));
#3882=DIRECTION('',(0.,-6.12323399573677E-17,1.));
#3883=DIRECTION('',(0.,6.12323399573677E-17,-1.));
#3884=DIRECTION('center_axis',(1.,0.,0.));
#3885=DIRECTION('ref_axis',(0.,-1.,0.));
#3886=DIRECTION('',(0.,-1.,0.));
#3887=DIRECTION('center_axis',(-1.,0.,0.));
#3888=DIRECTION('ref_axis',(0.,1.,0.));
#3889=DIRECTION('',(0.,0.,-1.));
#3890=DIRECTION('',(0.,1.,0.));
#3891=DIRECTION('',(0.,0.,-1.));
#3892=DIRECTION('center_axis',(-1.,0.,0.));
#3893=DIRECTION('ref_axis',(0.,1.,4.44089209850064E-15));
#3894=DIRECTION('',(0.,-1.,0.));
#3895=DIRECTION('center_axis',(1.11022302462516E-15,0.,-1.));
#3896=DIRECTION('ref_axis',(1.,-6.79815536723445E-32,1.11022302462516E-15));
#3897=DIRECTION('',(0.,-1.,0.));
#3898=DIRECTION('',(1.,-6.79815536723445E-32,1.11022302462516E-15));
#3899=DIRECTION('center_axis',(0.,1.,6.12323399573677E-17));
#3900=DIRECTION('ref_axis',(1.,0.,0.));
#3901=DIRECTION('center_axis',(-0.707106781186547,0.,0.707106781186548));
#3902=DIRECTION('ref_axis',(0.707106781186548,0.,0.707106781186547));
#3903=DIRECTION('',(0.,-1.,0.));
#3904=DIRECTION('',(0.577350269189626,0.577350269189626,0.577350269189626));
#3905=DIRECTION('',(0.,1.,0.));
#3906=DIRECTION('',(0.577350269189626,-0.577350269189626,0.577350269189626));
#3907=DIRECTION('center_axis',(0.,-0.707106781186547,0.707106781186548));
#3908=DIRECTION('ref_axis',(1.,0.,0.));
#3909=DIRECTION('',(1.,0.,0.));
#3910=DIRECTION('',(-0.577350269189626,0.577350269189626,0.577350269189626));
#3911=DIRECTION('',(-1.,0.,0.));
#3912=DIRECTION('center_axis',(7.85046229341887E-16,0.707106781186547,0.707106781186548));
#3913=DIRECTION('ref_axis',(1.,0.,-1.11022302462515E-15));
#3914=DIRECTION('',(1.,-1.11022302462516E-15,0.));
#3915=DIRECTION('',(0.577350269189626,0.577350269189626,-0.577350269189626));
#3916=DIRECTION('',(-1.,1.11022302462516E-15,0.));
#3917=DIRECTION('center_axis',(0.707106781186547,0.,0.707106781186548));
#3918=DIRECTION('ref_axis',(0.707106781186548,0.,-0.707106781186547));
#3919=DIRECTION('',(0.,-1.,0.));
#3920=DIRECTION('center_axis',(0.,-1.,0.));
#3921=DIRECTION('ref_axis',(-1.,0.,0.));
#3922=DIRECTION('',(0.,0.,-1.));
#3923=DIRECTION('',(-1.,0.,0.));
#3924=DIRECTION('center_axis',(-1.,0.,0.));
#3925=DIRECTION('ref_axis',(0.,1.,0.));
#3926=DIRECTION('',(0.,-1.,0.));
#3927=DIRECTION('center_axis',(-1.,0.,0.));
#3928=DIRECTION('ref_axis',(0.,1.,4.44089209850064E-15));
#3929=DIRECTION('',(0.,0.,-1.));
#3930=DIRECTION('center_axis',(-1.,0.,0.));
#3931=DIRECTION('ref_axis',(0.,1.,0.));
#3932=DIRECTION('center_axis',(0.,0.,1.));
#3933=DIRECTION('ref_axis',(1.,0.,0.));
#3934=DIRECTION('center_axis',(0.,0.,1.));
#3935=DIRECTION('ref_axis',(-1.,0.,0.));
#3936=DIRECTION('',(-1.,0.,0.));
#3937=DIRECTION('center_axis',(-1.,0.,0.));
#3938=DIRECTION('ref_axis',(0.,1.,0.));
#3939=DIRECTION('center_axis',(-1.,0.,0.));
#3940=DIRECTION('ref_axis',(0.,1.,0.));
#3941=DIRECTION('',(1.,-1.11022302462516E-15,0.));
#3942=DIRECTION('center_axis',(1.11022302462516E-15,1.,0.));
#3943=DIRECTION('ref_axis',(1.,-1.11022302462516E-15,0.));
#3944=DIRECTION('center_axis',(7.85046229341887E-16,-0.707106781186548,
-0.707106781186548));
#3945=DIRECTION('ref_axis',(-1.,0.,-1.11022302462516E-15));
#3946=DIRECTION('',(-1.,6.79815536723445E-32,-1.11022302462516E-15));
#3947=DIRECTION('',(-0.577350269189626,0.577350269189626,-0.577350269189626));
#3948=DIRECTION('',(1.,-6.79815536723445E-32,1.11022302462516E-15));
#3949=DIRECTION('',(0.577350269189628,0.577350269189628,-0.577350269189622));
#3950=DIRECTION('center_axis',(-0.707106781186548,-0.707106781186548,-4.32978028117747E-17));
#3951=DIRECTION('ref_axis',(-6.12323399573677E-17,0.,1.));
#3952=DIRECTION('',(0.,-6.12323399573677E-17,1.));
#3953=DIRECTION('',(-0.577350269189626,0.577350269189626,0.577350269189626));
#3954=DIRECTION('',(0.,6.12323399573677E-17,-1.));
#3955=DIRECTION('center_axis',(0.,-0.707106781186548,0.707106781186548));
#3956=DIRECTION('ref_axis',(1.,0.,0.));
#3957=DIRECTION('',(1.,0.,0.));
#3958=DIRECTION('',(0.577350269189626,0.577350269189626,0.577350269189626));
#3959=DIRECTION('',(-1.,0.,0.));
#3960=DIRECTION('center_axis',(0.707106781186548,-0.707106781186548,-4.32978028117747E-17));
#3961=DIRECTION('ref_axis',(-6.12323399573677E-17,0.,-1.));
#3962=DIRECTION('',(0.,-6.12323399573677E-17,1.));
#3963=DIRECTION('',(0.,6.12323399573677E-17,-1.));
#3964=DIRECTION('center_axis',(1.,0.,0.));
#3965=DIRECTION('ref_axis',(0.,-1.,0.));
#3966=DIRECTION('',(0.,-1.,0.));
#3967=DIRECTION('center_axis',(-1.,0.,0.));
#3968=DIRECTION('ref_axis',(0.,1.,0.));
#3969=DIRECTION('',(0.,0.,-1.));
#3970=DIRECTION('',(0.,1.,0.));
#3971=DIRECTION('',(0.,0.,-1.));
#3972=DIRECTION('center_axis',(-1.,0.,0.));
#3973=DIRECTION('ref_axis',(0.,1.,4.44089209850064E-15));
#3974=DIRECTION('',(0.,-1.,0.));
#3975=DIRECTION('center_axis',(1.11022302462516E-15,0.,-1.));
#3976=DIRECTION('ref_axis',(1.,-6.79815536723445E-32,1.11022302462516E-15));
#3977=DIRECTION('',(0.,-1.,0.));
#3978=DIRECTION('',(1.,-6.79815536723445E-32,1.11022302462516E-15));
#3979=DIRECTION('center_axis',(0.,1.,6.12323399573677E-17));
#3980=DIRECTION('ref_axis',(1.,0.,0.));
#3981=DIRECTION('center_axis',(-0.707106781186547,0.,0.707106781186548));
#3982=DIRECTION('ref_axis',(0.707106781186548,0.,0.707106781186547));
#3983=DIRECTION('',(0.,-1.,0.));
#3984=DIRECTION('',(0.577350269189626,0.577350269189626,0.577350269189626));
#3985=DIRECTION('',(0.,1.,0.));
#3986=DIRECTION('',(0.577350269189626,-0.577350269189626,0.577350269189626));
#3987=DIRECTION('center_axis',(0.,-0.707106781186547,0.707106781186548));
#3988=DIRECTION('ref_axis',(1.,0.,0.));
#3989=DIRECTION('',(1.,0.,0.));
#3990=DIRECTION('',(-0.577350269189626,0.577350269189626,0.577350269189626));
#3991=DIRECTION('',(-1.,0.,0.));
#3992=DIRECTION('center_axis',(7.85046229341887E-16,0.707106781186547,0.707106781186548));
#3993=DIRECTION('ref_axis',(1.,0.,-1.11022302462515E-15));
#3994=DIRECTION('',(1.,-1.11022302462516E-15,0.));
#3995=DIRECTION('',(0.577350269189626,0.577350269189626,-0.577350269189626));
#3996=DIRECTION('',(-1.,1.11022302462516E-15,0.));
#3997=DIRECTION('center_axis',(0.707106781186547,0.,0.707106781186548));
#3998=DIRECTION('ref_axis',(0.707106781186548,0.,-0.707106781186547));
#3999=DIRECTION('',(0.,-1.,0.));
#4000=DIRECTION('center_axis',(0.,-1.,0.));
#4001=DIRECTION('ref_axis',(-1.,0.,0.));
#4002=DIRECTION('',(0.,0.,-1.));
#4003=DIRECTION('',(-1.,0.,0.));
#4004=DIRECTION('center_axis',(-1.,0.,0.));
#4005=DIRECTION('ref_axis',(0.,1.,0.));
#4006=DIRECTION('',(0.,-1.,0.));
#4007=DIRECTION('center_axis',(-1.,0.,0.));
#4008=DIRECTION('ref_axis',(0.,1.,4.44089209850064E-15));
#4009=DIRECTION('',(0.,0.,-1.));
#4010=DIRECTION('center_axis',(-1.,0.,0.));
#4011=DIRECTION('ref_axis',(0.,1.,0.));
#4012=DIRECTION('center_axis',(0.,0.,1.));
#4013=DIRECTION('ref_axis',(1.,0.,0.));
#4014=DIRECTION('center_axis',(0.,0.,1.));
#4015=DIRECTION('ref_axis',(-1.,0.,0.));
#4016=DIRECTION('',(-1.,0.,0.));
#4017=DIRECTION('center_axis',(-1.,0.,0.));
#4018=DIRECTION('ref_axis',(0.,1.,0.));
#4019=DIRECTION('center_axis',(-1.,0.,0.));
#4020=DIRECTION('ref_axis',(0.,1.,0.));
#4021=DIRECTION('',(1.,-1.11022302462516E-15,0.));
#4022=DIRECTION('center_axis',(1.11022302462516E-15,1.,0.));
#4023=DIRECTION('ref_axis',(1.,-1.11022302462516E-15,0.));
#4024=DIRECTION('center_axis',(7.85046229341887E-16,-0.707106781186548,
-0.707106781186548));
#4025=DIRECTION('ref_axis',(-1.,0.,-1.11022302462516E-15));
#4026=DIRECTION('',(-1.,6.79815536723445E-32,-1.11022302462516E-15));
#4027=DIRECTION('',(-0.577350269189626,0.577350269189626,-0.577350269189626));
#4028=DIRECTION('',(1.,-6.79815536723445E-32,1.11022302462516E-15));
#4029=DIRECTION('',(0.577350269189628,0.577350269189628,-0.577350269189622));
#4030=DIRECTION('center_axis',(-0.707106781186548,-0.707106781186548,-4.32978028117747E-17));
#4031=DIRECTION('ref_axis',(-6.12323399573677E-17,0.,1.));
#4032=DIRECTION('',(0.,-6.12323399573677E-17,1.));
#4033=DIRECTION('',(-0.577350269189626,0.577350269189626,0.577350269189626));
#4034=DIRECTION('',(0.,6.12323399573677E-17,-1.));
#4035=DIRECTION('center_axis',(0.,-0.707106781186548,0.707106781186548));
#4036=DIRECTION('ref_axis',(1.,0.,0.));
#4037=DIRECTION('',(1.,0.,0.));
#4038=DIRECTION('',(0.577350269189626,0.577350269189626,0.577350269189626));
#4039=DIRECTION('',(-1.,0.,0.));
#4040=DIRECTION('center_axis',(0.707106781186548,-0.707106781186548,-4.32978028117747E-17));
#4041=DIRECTION('ref_axis',(-6.12323399573677E-17,0.,-1.));
#4042=DIRECTION('',(0.,-6.12323399573677E-17,1.));
#4043=DIRECTION('',(0.,6.12323399573677E-17,-1.));
#4044=DIRECTION('center_axis',(1.,0.,0.));
#4045=DIRECTION('ref_axis',(0.,-1.,0.));
#4046=DIRECTION('',(0.,-1.,0.));
#4047=DIRECTION('center_axis',(-1.,0.,0.));
#4048=DIRECTION('ref_axis',(0.,1.,0.));
#4049=DIRECTION('',(0.,0.,-1.));
#4050=DIRECTION('',(0.,1.,0.));
#4051=DIRECTION('',(0.,0.,-1.));
#4052=DIRECTION('center_axis',(-1.,0.,0.));
#4053=DIRECTION('ref_axis',(0.,1.,4.44089209850064E-15));
#4054=DIRECTION('',(0.,-1.,0.));
#4055=DIRECTION('center_axis',(1.11022302462516E-15,0.,-1.));
#4056=DIRECTION('ref_axis',(1.,-6.79815536723445E-32,1.11022302462516E-15));
#4057=DIRECTION('',(0.,-1.,0.));
#4058=DIRECTION('',(1.,-6.79815536723445E-32,1.11022302462516E-15));
#4059=DIRECTION('center_axis',(0.,1.,6.12323399573677E-17));
#4060=DIRECTION('ref_axis',(1.,0.,0.));
#4061=DIRECTION('center_axis',(-0.707106781186547,0.,0.707106781186548));
#4062=DIRECTION('ref_axis',(0.707106781186548,0.,0.707106781186547));
#4063=DIRECTION('',(0.,-1.,0.));
#4064=DIRECTION('',(0.577350269189626,0.577350269189626,0.577350269189626));
#4065=DIRECTION('',(0.,1.,0.));
#4066=DIRECTION('',(0.577350269189626,-0.577350269189626,0.577350269189626));
#4067=DIRECTION('center_axis',(0.,-0.707106781186547,0.707106781186548));
#4068=DIRECTION('ref_axis',(1.,0.,0.));
#4069=DIRECTION('',(1.,0.,0.));
#4070=DIRECTION('',(-0.577350269189626,0.577350269189626,0.577350269189626));
#4071=DIRECTION('',(-1.,0.,0.));
#4072=DIRECTION('center_axis',(7.85046229341887E-16,0.707106781186547,0.707106781186548));
#4073=DIRECTION('ref_axis',(1.,0.,-1.11022302462515E-15));
#4074=DIRECTION('',(1.,-1.11022302462516E-15,0.));
#4075=DIRECTION('',(0.577350269189626,0.577350269189626,-0.577350269189626));
#4076=DIRECTION('',(-1.,1.11022302462516E-15,0.));
#4077=DIRECTION('center_axis',(0.707106781186547,0.,0.707106781186548));
#4078=DIRECTION('ref_axis',(0.707106781186548,0.,-0.707106781186547));
#4079=DIRECTION('',(0.,-1.,0.));
#4080=DIRECTION('center_axis',(0.,-1.,0.));
#4081=DIRECTION('ref_axis',(-1.,0.,0.));
#4082=DIRECTION('',(0.,0.,-1.));
#4083=DIRECTION('',(-1.,0.,0.));
#4084=DIRECTION('center_axis',(-1.,0.,0.));
#4085=DIRECTION('ref_axis',(0.,1.,0.));
#4086=DIRECTION('',(0.,-1.,0.));
#4087=DIRECTION('center_axis',(-1.,0.,0.));
#4088=DIRECTION('ref_axis',(0.,1.,4.44089209850064E-15));
#4089=DIRECTION('',(0.,0.,-1.));
#4090=DIRECTION('center_axis',(-1.,0.,0.));
#4091=DIRECTION('ref_axis',(0.,1.,0.));
#4092=DIRECTION('center_axis',(0.,0.,1.));
#4093=DIRECTION('ref_axis',(1.,0.,0.));
#4094=DIRECTION('center_axis',(0.,0.,1.));
#4095=DIRECTION('ref_axis',(-1.,0.,0.));
#4096=DIRECTION('',(-1.,0.,0.));
#4097=DIRECTION('center_axis',(-1.,0.,0.));
#4098=DIRECTION('ref_axis',(0.,1.,0.));
#4099=DIRECTION('center_axis',(-1.,0.,0.));
#4100=DIRECTION('ref_axis',(0.,1.,0.));
#4101=DIRECTION('',(1.,-1.11022302462516E-15,0.));
#4102=DIRECTION('center_axis',(1.11022302462516E-15,1.,0.));
#4103=DIRECTION('ref_axis',(1.,-1.11022302462516E-15,0.));
#4104=DIRECTION('center_axis',(7.85046229341887E-16,-0.707106781186548,
-0.707106781186548));
#4105=DIRECTION('ref_axis',(-1.,0.,-1.11022302462516E-15));
#4106=DIRECTION('',(-1.,6.79815536723445E-32,-1.11022302462516E-15));
#4107=DIRECTION('',(-0.577350269189626,0.577350269189626,-0.577350269189626));
#4108=DIRECTION('',(1.,-6.79815536723445E-32,1.11022302462516E-15));
#4109=DIRECTION('',(0.577350269189628,0.577350269189628,-0.577350269189622));
#4110=DIRECTION('center_axis',(-0.707106781186548,-0.707106781186548,-4.32978028117747E-17));
#4111=DIRECTION('ref_axis',(-6.12323399573677E-17,0.,1.));
#4112=DIRECTION('',(0.,-6.12323399573677E-17,1.));
#4113=DIRECTION('',(-0.577350269189626,0.577350269189626,0.577350269189626));
#4114=DIRECTION('',(0.,6.12323399573677E-17,-1.));
#4115=DIRECTION('center_axis',(0.,-0.707106781186548,0.707106781186548));
#4116=DIRECTION('ref_axis',(1.,0.,0.));
#4117=DIRECTION('',(1.,0.,0.));
#4118=DIRECTION('',(0.577350269189626,0.577350269189626,0.577350269189626));
#4119=DIRECTION('',(-1.,0.,0.));
#4120=DIRECTION('center_axis',(0.707106781186548,-0.707106781186548,-4.32978028117747E-17));
#4121=DIRECTION('ref_axis',(-6.12323399573677E-17,0.,-1.));
#4122=DIRECTION('',(0.,-6.12323399573677E-17,1.));
#4123=DIRECTION('',(0.,6.12323399573677E-17,-1.));
#4124=DIRECTION('center_axis',(1.,0.,0.));
#4125=DIRECTION('ref_axis',(0.,-1.,0.));
#4126=DIRECTION('',(0.,-1.,0.));
#4127=DIRECTION('center_axis',(-1.,0.,0.));
#4128=DIRECTION('ref_axis',(0.,1.,0.));
#4129=DIRECTION('',(0.,0.,-1.));
#4130=DIRECTION('',(0.,1.,0.));
#4131=DIRECTION('',(0.,0.,-1.));
#4132=DIRECTION('center_axis',(-1.,0.,0.));
#4133=DIRECTION('ref_axis',(0.,1.,4.44089209850064E-15));
#4134=DIRECTION('',(0.,-1.,0.));
#4135=DIRECTION('center_axis',(1.11022302462516E-15,0.,-1.));
#4136=DIRECTION('ref_axis',(1.,-6.79815536723445E-32,1.11022302462516E-15));
#4137=DIRECTION('',(0.,-1.,0.));
#4138=DIRECTION('',(1.,-6.79815536723445E-32,1.11022302462516E-15));
#4139=DIRECTION('center_axis',(0.,1.,6.12323399573677E-17));
#4140=DIRECTION('ref_axis',(1.,0.,0.));
#4141=DIRECTION('center_axis',(-0.707106781186547,0.,0.707106781186548));
#4142=DIRECTION('ref_axis',(0.707106781186548,0.,0.707106781186547));
#4143=DIRECTION('',(0.,-1.,0.));
#4144=DIRECTION('',(0.577350269189626,0.577350269189626,0.577350269189626));
#4145=DIRECTION('',(0.,1.,0.));
#4146=DIRECTION('',(0.577350269189626,-0.577350269189626,0.577350269189626));
#4147=DIRECTION('center_axis',(0.,-0.707106781186547,0.707106781186548));
#4148=DIRECTION('ref_axis',(1.,0.,0.));
#4149=DIRECTION('',(1.,0.,0.));
#4150=DIRECTION('',(-0.577350269189626,0.577350269189626,0.577350269189626));
#4151=DIRECTION('',(-1.,0.,0.));
#4152=DIRECTION('center_axis',(7.85046229341887E-16,0.707106781186547,0.707106781186548));
#4153=DIRECTION('ref_axis',(1.,0.,-1.11022302462515E-15));
#4154=DIRECTION('',(1.,-1.11022302462516E-15,0.));
#4155=DIRECTION('',(0.577350269189626,0.577350269189626,-0.577350269189626));
#4156=DIRECTION('',(-1.,1.11022302462516E-15,0.));
#4157=DIRECTION('center_axis',(0.707106781186547,0.,0.707106781186548));
#4158=DIRECTION('ref_axis',(0.707106781186548,0.,-0.707106781186547));
#4159=DIRECTION('',(0.,-1.,0.));
#4160=DIRECTION('center_axis',(0.,-1.,0.));
#4161=DIRECTION('ref_axis',(-1.,0.,0.));
#4162=DIRECTION('',(0.,0.,-1.));
#4163=DIRECTION('',(-1.,0.,0.));
#4164=DIRECTION('center_axis',(-1.,0.,0.));
#4165=DIRECTION('ref_axis',(0.,1.,0.));
#4166=DIRECTION('',(0.,-1.,0.));
#4167=DIRECTION('center_axis',(-1.,0.,0.));
#4168=DIRECTION('ref_axis',(0.,1.,4.44089209850064E-15));
#4169=DIRECTION('',(0.,0.,-1.));
#4170=DIRECTION('center_axis',(-1.,0.,0.));
#4171=DIRECTION('ref_axis',(0.,1.,0.));
#4172=DIRECTION('center_axis',(0.,0.,1.));
#4173=DIRECTION('ref_axis',(1.,0.,0.));
#4174=DIRECTION('center_axis',(0.,0.,1.));
#4175=DIRECTION('ref_axis',(-1.,0.,0.));
#4176=DIRECTION('',(-1.,0.,0.));
#4177=DIRECTION('center_axis',(-1.,0.,0.));
#4178=DIRECTION('ref_axis',(0.,1.,0.));
#4179=DIRECTION('center_axis',(-1.,0.,0.));
#4180=DIRECTION('ref_axis',(0.,1.,0.));
#4181=DIRECTION('',(1.,-1.11022302462516E-15,0.));
#4182=DIRECTION('center_axis',(1.11022302462516E-15,1.,0.));
#4183=DIRECTION('ref_axis',(1.,-1.11022302462516E-15,0.));
#4184=DIRECTION('center_axis',(7.85046229341887E-16,-0.707106781186548,
-0.707106781186548));
#4185=DIRECTION('ref_axis',(-1.,0.,-1.11022302462516E-15));
#4186=DIRECTION('',(-1.,6.79815536723445E-32,-1.11022302462516E-15));
#4187=DIRECTION('',(-0.577350269189626,0.577350269189626,-0.577350269189626));
#4188=DIRECTION('',(1.,-6.79815536723445E-32,1.11022302462516E-15));
#4189=DIRECTION('',(0.577350269189628,0.577350269189628,-0.577350269189622));
#4190=DIRECTION('center_axis',(-0.707106781186548,-0.707106781186548,-4.32978028117747E-17));
#4191=DIRECTION('ref_axis',(-6.12323399573677E-17,0.,1.));
#4192=DIRECTION('',(0.,-6.12323399573677E-17,1.));
#4193=DIRECTION('',(-0.577350269189626,0.577350269189626,0.577350269189626));
#4194=DIRECTION('',(0.,6.12323399573677E-17,-1.));
#4195=DIRECTION('center_axis',(0.,-0.707106781186548,0.707106781186548));
#4196=DIRECTION('ref_axis',(1.,0.,0.));
#4197=DIRECTION('',(1.,0.,0.));
#4198=DIRECTION('',(0.577350269189626,0.577350269189626,0.577350269189626));
#4199=DIRECTION('',(-1.,0.,0.));
#4200=DIRECTION('center_axis',(0.707106781186548,-0.707106781186548,-4.32978028117747E-17));
#4201=DIRECTION('ref_axis',(-6.12323399573677E-17,0.,-1.));
#4202=DIRECTION('',(0.,-6.12323399573677E-17,1.));
#4203=DIRECTION('',(0.,6.12323399573677E-17,-1.));
#4204=DIRECTION('center_axis',(1.,0.,0.));
#4205=DIRECTION('ref_axis',(0.,-1.,0.));
#4206=DIRECTION('',(0.,-1.,0.));
#4207=DIRECTION('center_axis',(-1.,0.,0.));
#4208=DIRECTION('ref_axis',(0.,1.,0.));
#4209=DIRECTION('',(0.,0.,-1.));
#4210=DIRECTION('',(0.,1.,0.));
#4211=DIRECTION('',(0.,0.,-1.));
#4212=DIRECTION('center_axis',(-1.,0.,0.));
#4213=DIRECTION('ref_axis',(0.,1.,4.44089209850064E-15));
#4214=DIRECTION('',(0.,-1.,0.));
#4215=DIRECTION('center_axis',(1.11022302462516E-15,0.,-1.));
#4216=DIRECTION('ref_axis',(1.,-6.79815536723445E-32,1.11022302462516E-15));
#4217=DIRECTION('',(0.,-1.,0.));
#4218=DIRECTION('',(1.,-6.79815536723445E-32,1.11022302462516E-15));
#4219=DIRECTION('center_axis',(0.,1.,6.12323399573677E-17));
#4220=DIRECTION('ref_axis',(1.,0.,0.));
#4221=DIRECTION('center_axis',(-0.707106781186547,0.,0.707106781186548));
#4222=DIRECTION('ref_axis',(0.707106781186548,0.,0.707106781186547));
#4223=DIRECTION('',(0.,-1.,0.));
#4224=DIRECTION('',(0.577350269189626,0.577350269189626,0.577350269189626));
#4225=DIRECTION('',(0.,1.,0.));
#4226=DIRECTION('',(0.577350269189626,-0.577350269189626,0.577350269189626));
#4227=DIRECTION('center_axis',(0.,-0.707106781186547,0.707106781186548));
#4228=DIRECTION('ref_axis',(1.,0.,0.));
#4229=DIRECTION('',(1.,0.,0.));
#4230=DIRECTION('',(-0.577350269189626,0.577350269189626,0.577350269189626));
#4231=DIRECTION('',(-1.,0.,0.));
#4232=DIRECTION('center_axis',(7.85046229341887E-16,0.707106781186547,0.707106781186548));
#4233=DIRECTION('ref_axis',(1.,0.,-1.11022302462515E-15));
#4234=DIRECTION('',(1.,-1.11022302462516E-15,0.));
#4235=DIRECTION('',(0.577350269189626,0.577350269189626,-0.577350269189626));
#4236=DIRECTION('',(-1.,1.11022302462516E-15,0.));
#4237=DIRECTION('center_axis',(0.707106781186547,0.,0.707106781186548));
#4238=DIRECTION('ref_axis',(0.707106781186548,0.,-0.707106781186547));
#4239=DIRECTION('',(0.,-1.,0.));
#4240=DIRECTION('center_axis',(0.,-1.,0.));
#4241=DIRECTION('ref_axis',(-1.,0.,0.));
#4242=DIRECTION('',(0.,0.,-1.));
#4243=DIRECTION('',(-1.,0.,0.));
#4244=DIRECTION('center_axis',(-1.,0.,0.));
#4245=DIRECTION('ref_axis',(0.,1.,0.));
#4246=DIRECTION('',(0.,-1.,0.));
#4247=DIRECTION('center_axis',(-1.,0.,0.));
#4248=DIRECTION('ref_axis',(0.,1.,4.44089209850064E-15));
#4249=DIRECTION('',(0.,0.,-1.));
#4250=DIRECTION('center_axis',(-1.,0.,0.));
#4251=DIRECTION('ref_axis',(0.,1.,0.));
#4252=DIRECTION('center_axis',(0.,0.,1.));
#4253=DIRECTION('ref_axis',(1.,0.,0.));
#4254=DIRECTION('center_axis',(0.,0.,1.));
#4255=DIRECTION('ref_axis',(-1.,0.,0.));
#4256=DIRECTION('',(-1.,0.,0.));
#4257=DIRECTION('center_axis',(-1.,0.,0.));
#4258=DIRECTION('ref_axis',(0.,1.,0.));
#4259=DIRECTION('center_axis',(-1.,0.,0.));
#4260=DIRECTION('ref_axis',(0.,1.,0.));
#4261=DIRECTION('',(1.,-1.11022302462516E-15,0.));
#4262=DIRECTION('center_axis',(1.11022302462516E-15,1.,0.));
#4263=DIRECTION('ref_axis',(1.,-1.11022302462516E-15,0.));
#4264=CARTESIAN_POINT('',(0.,0.,0.));
#4265=CARTESIAN_POINT('Origin',(5.95,2.5,-2.));
#4266=CARTESIAN_POINT('',(5.35,2.5,0.));
#4267=CARTESIAN_POINT('',(5.35,2.5,-2.));
#4268=CARTESIAN_POINT('',(5.35,2.5,-2.5));
#4269=CARTESIAN_POINT('',(5.95,2.5,0.));
#4270=CARTESIAN_POINT('',(2.975,2.5,0.));
#4271=CARTESIAN_POINT('',(5.95,2.5,-2.));
#4272=CARTESIAN_POINT('',(5.95,2.5,-2.5));
#4273=CARTESIAN_POINT('',(5.95,2.5,-2.));
#4274=CARTESIAN_POINT('Origin',(5.95,3.5,-2.));
#4275=CARTESIAN_POINT('',(5.35,3.5,-2.));
#4276=CARTESIAN_POINT('',(5.35,2.95,-2.));
#4277=CARTESIAN_POINT('',(5.95,3.5,-2.));
#4278=CARTESIAN_POINT('',(5.95,2.95,-2.));
#4279=CARTESIAN_POINT('',(5.95,3.5,-2.));
#4280=CARTESIAN_POINT('Origin',(5.95,3.5,0.));
#4281=CARTESIAN_POINT('',(5.35,3.5,-3.37037740267766E-32));
#4282=CARTESIAN_POINT('',(5.35,3.5,-1.5));
#4283=CARTESIAN_POINT('',(5.95,3.5,0.));
#4284=CARTESIAN_POINT('',(5.95,3.5,-1.5));
#4285=CARTESIAN_POINT('',(2.975,3.5,-3.37037740267766E-32));
#4286=CARTESIAN_POINT('Origin',(5.95,3.5,0.));
#4287=CARTESIAN_POINT('',(-5.35,3.5,-3.37037740267766E-32));
#4288=CARTESIAN_POINT('',(-5.35,3.5,-2.));
#4289=CARTESIAN_POINT('',(-5.35,3.5,-1.5));
#4290=CARTESIAN_POINT('',(-5.95,3.5,-3.37037740267766E-32));
#4291=CARTESIAN_POINT('',(2.975,3.5,-3.37037740267766E-32));
#4292=CARTESIAN_POINT('',(-5.95,3.5,-2.));
#4293=CARTESIAN_POINT('',(-5.95,3.5,-1.5));
#4294=CARTESIAN_POINT('',(5.95,3.5,-2.));
#4295=CARTESIAN_POINT('Origin',(5.95,3.5,-2.));
#4296=CARTESIAN_POINT('',(-5.35,2.5,-2.));
#4297=CARTESIAN_POINT('',(-5.35,2.95,-2.));
#4298=CARTESIAN_POINT('',(-5.95,2.5,-2.));
#4299=CARTESIAN_POINT('',(-5.95,2.95,-2.));
#4300=CARTESIAN_POINT('',(5.95,2.5,-2.));
#4301=CARTESIAN_POINT('Origin',(5.95,2.5,-2.));
#4302=CARTESIAN_POINT('',(-5.35,2.5,0.));
#4303=CARTESIAN_POINT('',(-5.35,2.5,-2.5));
#4304=CARTESIAN_POINT('',(-5.95,2.5,-2.40741243048404E-32));
#4305=CARTESIAN_POINT('',(-5.95,2.5,-2.5));
#4306=CARTESIAN_POINT('',(2.975,2.5,0.));
#4307=CARTESIAN_POINT('Origin',(-5.95,2.4,-3.));
#4308=CARTESIAN_POINT('',(-5.95,4.8,0.));
#4309=CARTESIAN_POINT('',(-5.95,0.,0.));
#4310=CARTESIAN_POINT('',(-5.95,4.8,-6.));
#4311=CARTESIAN_POINT('',(-5.95,4.8,-4.62223186652937E-32));
#4312=CARTESIAN_POINT('',(-5.95,3.3,-6.00000000000001));
#4313=CARTESIAN_POINT('',(-5.95,4.8,-6.));
#4314=CARTESIAN_POINT('',(-5.95,2.5,-7.59999999999999));
#4315=CARTESIAN_POINT('',(-5.95,3.3,-6.00000000000001));
#4316=CARTESIAN_POINT('',(-5.95,-1.39609735102798E-15,-7.6));
#4317=CARTESIAN_POINT('',(-5.95,2.5,-7.59999999999999));
#4318=CARTESIAN_POINT('',(-5.95,0.,0.));
#4319=CARTESIAN_POINT('',(-5.95,-1.39609735102798E-15,-7.6));
#4320=CARTESIAN_POINT('',(-5.95,0.,0.));
#4321=CARTESIAN_POINT('Origin',(0.,4.8,-4.62223186652937E-32));
#4322=CARTESIAN_POINT('',(-5.35,4.2,-1.34815096107107E-32));
#4323=CARTESIAN_POINT('',(-5.35,3.6,0.));
#4324=CARTESIAN_POINT('',(-3.15,4.2,-6.5470504834513E-16));
#4325=CARTESIAN_POINT('',(0.,4.2,0.));
#4326=CARTESIAN_POINT('',(-3.15,4.8,-6.5470504834513E-16));
#4327=CARTESIAN_POINT('',(-3.15,4.8,0.));
#4328=CARTESIAN_POINT('',(0.,4.8,-4.62223186652937E-32));
#4329=CARTESIAN_POINT('Origin',(0.,4.8,-4.62223186652937E-32));
#4330=CARTESIAN_POINT('',(5.95,4.8,0.));
#4331=CARTESIAN_POINT('',(5.95,0.,0.));
#4332=CARTESIAN_POINT('',(3.15,4.8,-6.5470504834513E-16));
#4333=CARTESIAN_POINT('',(0.,4.8,-4.62223186652937E-32));
#4334=CARTESIAN_POINT('',(3.15,4.2,-6.5470504834513E-16));
#4335=CARTESIAN_POINT('',(3.15,4.8,0.));
#4336=CARTESIAN_POINT('',(5.35,4.2,-1.34815096107107E-32));
#4337=CARTESIAN_POINT('',(0.,4.2,0.));
#4338=CARTESIAN_POINT('',(5.35,3.6,0.));
#4339=CARTESIAN_POINT('Origin',(5.35,2.4,-3.));
#4340=CARTESIAN_POINT('',(5.35,4.2,-3.57734173766289));
#4341=CARTESIAN_POINT('',(5.35,4.2,-4.5));
#4342=CARTESIAN_POINT('',(5.35,3.8,-3.57734173766289));
#4343=CARTESIAN_POINT('',(5.35,3.6,-3.57734173766289));
#4344=CARTESIAN_POINT('',(5.35,3.8,-5.4));
#4345=CARTESIAN_POINT('',(5.35,3.8,-4.39231598626968));
#4346=CARTESIAN_POINT('',(5.35,0.8,-5.40000000000002));
#4347=CARTESIAN_POINT('',(5.35,1.2,-5.40000000000001));
#4348=CARTESIAN_POINT('',(5.35,0.8,2.69630192214213E-32));
#4349=CARTESIAN_POINT('',(5.35,0.8,-1.5));
#4350=CARTESIAN_POINT('',(5.35,3.6,0.));
#4351=CARTESIAN_POINT('Origin',(-3.15,4.8,-4.));
#4352=CARTESIAN_POINT('',(-3.15,4.2,-4.));
#4353=CARTESIAN_POINT('',(-3.15,4.2,-5.));
#4354=CARTESIAN_POINT('',(-3.15,4.8,-4.));
#4355=CARTESIAN_POINT('',(-3.15,4.8,-4.));
#4356=CARTESIAN_POINT('',(-3.15,4.8,-5.));
#4357=CARTESIAN_POINT('Origin',(-5.45,4.8,-3.57734173766289));
#4358=CARTESIAN_POINT('',(-5.35,3.8,-3.57734173766289));
#4359=CARTESIAN_POINT('',(-5.35,4.2,-3.57734173766289));
#4360=CARTESIAN_POINT('',(-5.35,3.6,-3.57734173766289));
#4361=CARTESIAN_POINT('',(-5.45,3.8,-3.57734173766289));
#4362=CARTESIAN_POINT('',(-4.45,3.8,-3.57734173766289));
#4363=CARTESIAN_POINT('',(-5.45,4.8,-3.57734173766289));
#4364=CARTESIAN_POINT('',(-5.45,4.8,-3.57734173766289));
#4365=CARTESIAN_POINT('',(-4.45,4.8,-3.57734173766289));
#4366=CARTESIAN_POINT('',(-2.725,4.8,-3.57734173766289));
#4367=CARTESIAN_POINT('',(-4.45,4.2,-3.57734173766289));
#4368=CARTESIAN_POINT('',(-4.45,4.8,-3.57734173766289));
#4369=CARTESIAN_POINT('',(-2.725,4.2,-3.57734173766289));
#4370=CARTESIAN_POINT('Origin',(-5.45,4.8,-6.));
#4371=CARTESIAN_POINT('',(-5.45,4.8,-6.));
#4372=CARTESIAN_POINT('',(-5.45,4.8,-6.));
#4373=CARTESIAN_POINT('',(-5.45,3.8,-6.));
#4374=CARTESIAN_POINT('',(-5.45,3.8,-3.57734173766289));
#4375=CARTESIAN_POINT('',(-5.45,2.4,-6.00000000000001));
#4376=CARTESIAN_POINT('Origin',(-4.45,4.8,-3.57734173766289));
#4377=CARTESIAN_POINT('',(-4.45,4.2,-5.4));
#4378=CARTESIAN_POINT('',(-4.45,3.8,-5.4));
#4379=CARTESIAN_POINT('',(-4.45,2.4,-5.40000000000001));
#4380=CARTESIAN_POINT('',(-4.45,4.2,-4.78867086883145));
#4381=CARTESIAN_POINT('',(-4.45,4.8,-5.7999998435378));
#4382=CARTESIAN_POINT('',(-4.45,4.8,-4.78867086883145));
#4383=CARTESIAN_POINT('',(-4.45,3.8,-5.7999998435378));
#4384=CARTESIAN_POINT('',(-4.45,4.8,-5.7999998435378));
#4385=CARTESIAN_POINT('',(-4.45,3.8,-7.99192220741581));
#4386=CARTESIAN_POINT('Origin',(-4.95,3.8,-5.78463197253935));
#4387=CARTESIAN_POINT('',(-5.35,3.8,-5.4));
#4388=CARTESIAN_POINT('',(-5.35,3.8,-4.39231598626968));
#4389=CARTESIAN_POINT('',(-2.475,3.8,-5.4));
#4390=CARTESIAN_POINT('',(-4.6,3.8,-5.7999998435378));
#4391=CARTESIAN_POINT('',(-4.175,3.8,-5.7999998435378));
#4392=CARTESIAN_POINT('',(-4.60000000424683,3.8,-6.));
#4393=CARTESIAN_POINT('',(-4.60000000026622,3.8,-5.79231590197567));
#4394=CARTESIAN_POINT('',(-2.475,3.8,-6.));
#4395=CARTESIAN_POINT('Origin',(-3.4,4.8,-5.7999998435378));
#4396=CARTESIAN_POINT('',(-3.4,4.8,-5.7999998435378));
#4397=CARTESIAN_POINT('',(-1.7,4.8,-5.7999998435378));
#4398=CARTESIAN_POINT('',(-3.4,0.2,-5.79999984353781));
#4399=CARTESIAN_POINT('',(-3.4,4.8,-5.7999998435378));
#4400=CARTESIAN_POINT('',(-4.6,0.2,-5.79999984353781));
#4401=CARTESIAN_POINT('',(-4.375,0.2,-5.7999998435378));
#4402=CARTESIAN_POINT('',(-4.6,4.8,-5.7999998435378));
#4403=CARTESIAN_POINT('',(-3.74999999999977,2.85,-5.7999998435378));
#4404=CARTESIAN_POINT('',(-4.25000000000024,2.85,-5.7999998435378));
#4405=CARTESIAN_POINT('',(-3.57499999999988,2.85,-5.79999984353781));
#4406=CARTESIAN_POINT('',(-3.74999999999977,3.35,-5.7999998435378));
#4407=CARTESIAN_POINT('',(-3.74999999999977,4.075,-5.79999984353781));
#4408=CARTESIAN_POINT('',(-4.25000000000024,3.35,-5.7999998435378));
#4409=CARTESIAN_POINT('',(-3.82500000000012,3.35,-5.79999984353781));
#4410=CARTESIAN_POINT('',(-4.25000000000024,3.825,-5.79999984353781));
#4411=CARTESIAN_POINT('Origin',(0.,4.8,-6.));
#4412=CARTESIAN_POINT('',(3.15,4.8,-4.));
#4413=CARTESIAN_POINT('',(0.,4.8,-4.));
#4414=CARTESIAN_POINT('',(3.15,4.8,-5.));
#4415=CARTESIAN_POINT('',(5.95,4.8,-6.));
#4416=CARTESIAN_POINT('',(5.95,4.8,-4.62223186652937E-32));
#4417=CARTESIAN_POINT('',(5.45,4.8,-6.));
#4418=CARTESIAN_POINT('',(0.,4.8,-6.));
#4419=CARTESIAN_POINT('',(5.45,4.8,-3.57734173766289));
#4420=CARTESIAN_POINT('',(5.45,4.8,-6.));
#4421=CARTESIAN_POINT('',(4.45,4.8,-3.57734173766289));
#4422=CARTESIAN_POINT('',(2.725,4.8,-3.57734173766289));
#4423=CARTESIAN_POINT('',(4.45,4.8,-5.7999998435378));
#4424=CARTESIAN_POINT('',(4.45,4.8,-4.78867086883145));
#4425=CARTESIAN_POINT('',(3.4,4.8,-5.7999998435378));
#4426=CARTESIAN_POINT('',(2.3,4.8,-5.7999998435378));
#4427=CARTESIAN_POINT('',(3.40000000692904,4.8,-6.));
#4428=CARTESIAN_POINT('',(3.40000000346452,4.8,-5.89999986287205));
#4429=CARTESIAN_POINT('',(2.60000000424683,4.8,-6.));
#4430=CARTESIAN_POINT('',(0.,4.8,-6.));
#4431=CARTESIAN_POINT('',(2.6,4.8,-5.7999998435378));
#4432=CARTESIAN_POINT('',(2.60000000424683,4.8,-5.9999999723956));
#4433=CARTESIAN_POINT('',(1.4,4.8,-5.7999998435378));
#4434=CARTESIAN_POINT('',(1.3,4.8,-5.7999998435378));
#4435=CARTESIAN_POINT('',(1.40000000692904,4.8,-6.));
#4436=CARTESIAN_POINT('',(1.40000000346452,4.8,-5.89999989751726));
#4437=CARTESIAN_POINT('',(0.600000004246831,4.8,-6.));
#4438=CARTESIAN_POINT('',(0.,4.8,-6.));
#4439=CARTESIAN_POINT('',(0.599999999999997,4.8,-5.7999998435378));
#4440=CARTESIAN_POINT('',(0.600000004246831,4.8,-5.99999999362975));
#4441=CARTESIAN_POINT('',(-0.600000000000004,4.8,-5.7999998435378));
#4442=CARTESIAN_POINT('',(0.299999999999999,4.8,-5.7999998435378));
#4443=CARTESIAN_POINT('',(-0.599999993070958,4.8,-6.));
#4444=CARTESIAN_POINT('',(-0.59999999653548,4.8,-5.89999993216246));
#4445=CARTESIAN_POINT('',(-1.39999999575317,4.8,-6.));
#4446=CARTESIAN_POINT('',(0.,4.8,-6.));
#4447=CARTESIAN_POINT('',(-1.4,4.8,-5.7999998435378));
#4448=CARTESIAN_POINT('',(-1.39999999575317,4.8,-6.00000001486391));
#4449=CARTESIAN_POINT('',(-2.6,4.8,-5.7999998435378));
#4450=CARTESIAN_POINT('',(-0.700000000000002,4.8,-5.7999998435378));
#4451=CARTESIAN_POINT('',(-2.59999999307096,4.8,-6.));
#4452=CARTESIAN_POINT('',(-2.59999999653548,4.8,-5.89999996680767));
#4453=CARTESIAN_POINT('',(-3.39999999575317,4.8,-6.));
#4454=CARTESIAN_POINT('',(0.,4.8,-6.));
#4455=CARTESIAN_POINT('',(-3.39999999575317,4.8,-6.00000003609806));
#4456=CARTESIAN_POINT('',(0.,4.8,-6.));
#4457=CARTESIAN_POINT('Origin',(-5.35,2.4,-3.));
#4458=CARTESIAN_POINT('',(-5.35,0.8,2.69630192214213E-32));
#4459=CARTESIAN_POINT('',(-5.35,3.6,0.));
#4460=CARTESIAN_POINT('',(-5.35,0.8,-5.40000000000002));
#4461=CARTESIAN_POINT('',(-5.35,0.8,-1.5));
#4462=CARTESIAN_POINT('',(-5.35,1.2,-5.40000000000001));
#4463=CARTESIAN_POINT('',(-5.35,4.2,-4.5));
#4464=CARTESIAN_POINT('Origin',(-5.95,3.3,-6.00000000000001));
#4465=CARTESIAN_POINT('',(-5.15,3.3,-6.00000000000001));
#4466=CARTESIAN_POINT('',(-2.975,3.3,-6.00000000000001));
#4467=CARTESIAN_POINT('',(-5.15,2.5,-7.59999999999999));
#4468=CARTESIAN_POINT('',(-5.15,3.3,-6.00000000000001));
#4469=CARTESIAN_POINT('',(-5.95,2.5,-7.59999999999999));
#4470=CARTESIAN_POINT('Origin',(-5.95,-1.10218211923262E-15,-6.));
#4471=CARTESIAN_POINT('',(-5.35,0.2,-6.00000000000002));
#4472=CARTESIAN_POINT('',(-5.35,-1.66533453693773E-15,-6.));
#4473=CARTESIAN_POINT('',(-5.35,1.02695629777827E-14,-6.00000000000002));
#4474=CARTESIAN_POINT('',(-5.15,-1.11022302462516E-15,-6.));
#4475=CARTESIAN_POINT('',(-5.95,-1.10218211923262E-15,-6.));
#4476=CARTESIAN_POINT('',(-5.15,0.2,-6.));
#4477=CARTESIAN_POINT('',(-5.15,-1.66533453693773E-15,-6.));
#4478=CARTESIAN_POINT('',(-2.675,0.2,-6.00000000000002));
#4479=CARTESIAN_POINT('Origin',(-5.95,2.5,-7.59999999999999));
#4480=CARTESIAN_POINT('',(-5.15,-1.38777878078145E-15,-7.6));
#4481=CARTESIAN_POINT('',(-5.15,2.5,-7.59999999999999));
#4482=CARTESIAN_POINT('',(-5.95,-1.39609735102798E-15,-7.6));
#4483=CARTESIAN_POINT('Origin',(-5.15,1.65,-6.8));
#4484=CARTESIAN_POINT('',(-5.15,0.824999999999997,-6.00000000000001));
#4485=CARTESIAN_POINT('',(-5.15,-1.39609735102798E-15,-7.6));
#4486=CARTESIAN_POINT('Origin',(0.,4.8,-4.));
#4487=CARTESIAN_POINT('',(3.15,4.2,-4.));
#4488=CARTESIAN_POINT('',(0.,4.2,-4.));
#4489=CARTESIAN_POINT('',(3.15,4.8,-4.));
#4490=CARTESIAN_POINT('Origin',(3.15,4.8,-4.));
#4491=CARTESIAN_POINT('',(3.15,4.2,-5.));
#4492=CARTESIAN_POINT('Origin',(4.45,4.8,-3.57734173766289));
#4493=CARTESIAN_POINT('',(4.45,3.8,-5.4));
#4494=CARTESIAN_POINT('',(4.45,4.2,-5.4));
#4495=CARTESIAN_POINT('',(4.45,2.4,-5.40000000000001));
#4496=CARTESIAN_POINT('',(4.45,3.8,-5.7999998435378));
#4497=CARTESIAN_POINT('',(4.45,3.8,-7.99192220741581));
#4498=CARTESIAN_POINT('',(4.45,4.8,-5.7999998435378));
#4499=CARTESIAN_POINT('',(4.45,4.2,-3.57734173766289));
#4500=CARTESIAN_POINT('',(4.45,4.8,-3.57734173766289));
#4501=CARTESIAN_POINT('',(4.45,4.2,-4.78867086883145));
#4502=CARTESIAN_POINT('Origin',(5.45,4.8,-3.57734173766289));
#4503=CARTESIAN_POINT('',(2.725,4.2,-3.57734173766289));
#4504=CARTESIAN_POINT('',(5.45,3.8,-3.57734173766289));
#4505=CARTESIAN_POINT('',(5.45,4.8,-3.57734173766289));
#4506=CARTESIAN_POINT('',(4.45,3.8,-3.57734173766289));
#4507=CARTESIAN_POINT('Origin',(5.45,4.8,-6.));
#4508=CARTESIAN_POINT('',(5.45,3.8,-6.));
#4509=CARTESIAN_POINT('',(5.45,2.4,-6.00000000000001));
#4510=CARTESIAN_POINT('',(5.45,3.8,-3.57734173766289));
#4511=CARTESIAN_POINT('Origin',(4.95,3.8,-5.78463197253935));
#4512=CARTESIAN_POINT('',(2.475,3.8,-5.4));
#4513=CARTESIAN_POINT('',(4.60000000424683,3.8,-6.));
#4514=CARTESIAN_POINT('',(2.475,3.8,-6.));
#4515=CARTESIAN_POINT('',(4.6,3.8,-5.7999998435378));
#4516=CARTESIAN_POINT('',(4.60000000196025,3.8,-5.89231598998565));
#4517=CARTESIAN_POINT('',(4.775,3.8,-5.7999998435378));
#4518=CARTESIAN_POINT('Origin',(4.6,4.8,-5.7999998435378));
#4519=CARTESIAN_POINT('',(4.6,0.2,-5.79999984353781));
#4520=CARTESIAN_POINT('',(4.6,4.8,-5.7999998435378));
#4521=CARTESIAN_POINT('',(3.4,0.2,-5.79999984353781));
#4522=CARTESIAN_POINT('',(-0.375000000000001,0.2,-5.7999998435378));
#4523=CARTESIAN_POINT('',(3.4,4.8,-5.7999998435378));
#4524=CARTESIAN_POINT('',(4.25000000000023,2.85,-5.7999998435378));
#4525=CARTESIAN_POINT('',(3.74999999999976,2.85,-5.7999998435378));
#4526=CARTESIAN_POINT('',(4.42500000000012,2.85,-5.79999984353781));
#4527=CARTESIAN_POINT('',(4.25000000000023,3.35,-5.7999998435378));
#4528=CARTESIAN_POINT('',(4.25000000000023,4.075,-5.79999984353781));
#4529=CARTESIAN_POINT('',(3.74999999999976,3.35,-5.7999998435378));
#4530=CARTESIAN_POINT('',(4.17499999999988,3.35,-5.79999984353781));
#4531=CARTESIAN_POINT('',(3.74999999999976,3.825,-5.79999984353781));
#4532=CARTESIAN_POINT('Origin',(0.,4.2,-6.));
#4533=CARTESIAN_POINT('',(0.,4.2,-5.4));
#4534=CARTESIAN_POINT('Origin',(5.95,-1.10218211923262E-15,-6.));
#4535=CARTESIAN_POINT('',(5.35,-1.66533453693773E-15,-6.));
#4536=CARTESIAN_POINT('',(5.35,0.2,-6.00000000000002));
#4537=CARTESIAN_POINT('',(5.35,0.10000000000001,-6.00000000000002));
#4538=CARTESIAN_POINT('',(5.15,0.2,-6.));
#4539=CARTESIAN_POINT('',(-2.675,0.2,-6.00000000000002));
#4540=CARTESIAN_POINT('',(5.15,-1.11022302462516E-15,-6.));
#4541=CARTESIAN_POINT('',(5.15,-1.66533453693773E-15,-6.));
#4542=CARTESIAN_POINT('',(5.95,-1.10218211923262E-15,-6.));
#4543=CARTESIAN_POINT('Origin',(5.95,3.3,-6.00000000000001));
#4544=CARTESIAN_POINT('',(5.95,3.3,-6.00000000000001));
#4545=CARTESIAN_POINT('',(5.95,2.5,-7.59999999999999));
#4546=CARTESIAN_POINT('',(5.95,3.3,-6.00000000000001));
#4547=CARTESIAN_POINT('',(5.15,2.5,-7.59999999999999));
#4548=CARTESIAN_POINT('',(5.95,2.5,-7.59999999999999));
#4549=CARTESIAN_POINT('',(5.15,3.3,-6.00000000000001));
#4550=CARTESIAN_POINT('',(5.15,3.3,-6.00000000000001));
#4551=CARTESIAN_POINT('',(2.975,3.3,-6.00000000000001));
#4552=CARTESIAN_POINT('Origin',(5.95,2.5,-7.59999999999999));
#4553=CARTESIAN_POINT('',(5.95,-1.39609735102798E-15,-7.6));
#4554=CARTESIAN_POINT('',(5.95,2.5,-7.59999999999999));
#4555=CARTESIAN_POINT('',(5.15,-1.38777878078145E-15,-7.6));
#4556=CARTESIAN_POINT('',(5.95,-1.39609735102798E-15,-7.6));
#4557=CARTESIAN_POINT('',(5.15,2.5,-7.59999999999999));
#4558=CARTESIAN_POINT('Origin',(5.15,1.65,-6.8));
#4559=CARTESIAN_POINT('',(5.15,-1.39609735102798E-15,-7.6));
#4560=CARTESIAN_POINT('',(5.15,0.824999999999997,-6.00000000000001));
#4561=CARTESIAN_POINT('Origin',(0.,-1.66533453693773E-15,-6.00000000000002));
#4562=CARTESIAN_POINT('',(5.95,4.8,-6.));
#4563=CARTESIAN_POINT('',(4.60000000424683,0.2,-6.));
#4564=CARTESIAN_POINT('',(-2.675,0.2,-6.00000000000002));
#4565=CARTESIAN_POINT('',(4.60000000424683,2.4,-6.00000000000001));
#4566=CARTESIAN_POINT('Origin',(3.4,4.8,-5.7999998435378));
#4567=CARTESIAN_POINT('',(3.40000000692904,0.2,-6.));
#4568=CARTESIAN_POINT('',(3.3999998995289,0.2,-2.89999977019614));
#4569=CARTESIAN_POINT('',(3.40000000692904,2.4,-6.00000000000001));
#4570=CARTESIAN_POINT('Origin',(4.60000000424683,4.8,-6.));
#4571=CARTESIAN_POINT('',(4.59999994054437,0.2,-2.99999989436009));
#4572=CARTESIAN_POINT('Origin',(0.,-1.66533453693773E-15,-6.00000000000002));
#4573=CARTESIAN_POINT('',(2.60000000424683,0.2,-6.));
#4574=CARTESIAN_POINT('',(-2.675,0.2,-6.00000000000002));
#4575=CARTESIAN_POINT('',(2.60000000424683,2.4,-6.00000000000001));
#4576=CARTESIAN_POINT('Origin',(3.74999999999976,3.35,-5.40000000000001));
#4577=CARTESIAN_POINT('',(4.25000000000023,3.35,-5.40000000000001));
#4578=CARTESIAN_POINT('',(4.25000000000023,3.35,-5.40000000000001));
#4579=CARTESIAN_POINT('',(3.74999999999976,3.35,-5.40000000000001));
#4580=CARTESIAN_POINT('',(1.87499999999988,3.35,-5.40000000000001));
#4581=CARTESIAN_POINT('',(3.74999999999976,3.35,-5.40000000000001));
#4582=CARTESIAN_POINT('Origin',(4.25000000000023,3.35,-5.40000000000001));
#4583=CARTESIAN_POINT('',(4.25000000000023,2.85,-5.40000000000001));
#4584=CARTESIAN_POINT('',(4.25000000000023,2.85,-5.40000000000001));
#4585=CARTESIAN_POINT('',(4.25000000000023,1.675,-5.40000000000001));
#4586=CARTESIAN_POINT('Origin',(4.25000000000023,2.85,-5.40000000000001));
#4587=CARTESIAN_POINT('',(3.74999999999976,2.85,-5.40000000000001));
#4588=CARTESIAN_POINT('',(3.74999999999976,2.85,-5.40000000000001));
#4589=CARTESIAN_POINT('',(2.12500000000012,2.85,-5.40000000000001));
#4590=CARTESIAN_POINT('Origin',(3.74999999999976,2.85,-5.40000000000001));
#4591=CARTESIAN_POINT('',(3.74999999999976,1.425,-5.40000000000001));
#4592=CARTESIAN_POINT('Origin',(1.4,4.8,-5.7999998435378));
#4593=CARTESIAN_POINT('',(1.40000000692904,0.2,-6.));
#4594=CARTESIAN_POINT('',(1.4,0.2,-5.79999984353781));
#4595=CARTESIAN_POINT('',(1.3999998995289,0.2,-2.89999980484134));
#4596=CARTESIAN_POINT('',(1.40000000692904,2.4,-6.00000000000001));
#4597=CARTESIAN_POINT('',(1.4,4.8,-5.7999998435378));
#4598=CARTESIAN_POINT('Origin',(2.6,4.8,-5.7999998435378));
#4599=CARTESIAN_POINT('',(2.6,0.2,-5.79999984353781));
#4600=CARTESIAN_POINT('',(-1.375,0.2,-5.7999998435378));
#4601=CARTESIAN_POINT('',(2.6,4.8,-5.7999998435378));
#4602=CARTESIAN_POINT('',(2.25000000000024,2.85,-5.7999998435378));
#4603=CARTESIAN_POINT('',(1.74999999999976,2.85,-5.7999998435378));
#4604=CARTESIAN_POINT('',(2.42500000000012,2.85,-5.79999984353781));
#4605=CARTESIAN_POINT('',(2.25000000000024,3.35,-5.7999998435378));
#4606=CARTESIAN_POINT('',(2.25000000000024,4.075,-5.79999984353781));
#4607=CARTESIAN_POINT('',(1.74999999999976,3.35,-5.7999998435378));
#4608=CARTESIAN_POINT('',(2.17499999999988,3.35,-5.79999984353781));
#4609=CARTESIAN_POINT('',(1.74999999999976,3.825,-5.79999984353781));
#4610=CARTESIAN_POINT('Origin',(2.60000000424683,4.8,-6.));
#4611=CARTESIAN_POINT('',(2.59999994054437,0.2,-2.99999991559424));
#4612=CARTESIAN_POINT('Origin',(0.,-1.66533453693773E-15,-6.00000000000002));
#4613=CARTESIAN_POINT('',(0.600000004246831,0.2,-6.));
#4614=CARTESIAN_POINT('',(-2.675,0.2,-6.00000000000002));
#4615=CARTESIAN_POINT('',(0.600000004246831,2.4,-6.00000000000001));
#4616=CARTESIAN_POINT('Origin',(1.74999999999976,3.35,-5.40000000000001));
#4617=CARTESIAN_POINT('',(2.25000000000024,3.35,-5.40000000000001));
#4618=CARTESIAN_POINT('',(2.25000000000024,3.35,-5.40000000000001));
#4619=CARTESIAN_POINT('',(1.74999999999976,3.35,-5.40000000000001));
#4620=CARTESIAN_POINT('',(0.87499999999988,3.35,-5.40000000000001));
#4621=CARTESIAN_POINT('',(1.74999999999976,3.35,-5.40000000000001));
#4622=CARTESIAN_POINT('Origin',(2.25000000000024,3.35,-5.40000000000001));
#4623=CARTESIAN_POINT('',(2.25000000000024,2.85,-5.40000000000001));
#4624=CARTESIAN_POINT('',(2.25000000000024,2.85,-5.40000000000001));
#4625=CARTESIAN_POINT('',(2.25000000000024,1.675,-5.40000000000001));
#4626=CARTESIAN_POINT('Origin',(2.25000000000024,2.85,-5.40000000000001));
#4627=CARTESIAN_POINT('',(1.74999999999976,2.85,-5.40000000000001));
#4628=CARTESIAN_POINT('',(1.74999999999976,2.85,-5.40000000000001));
#4629=CARTESIAN_POINT('',(1.12500000000012,2.85,-5.40000000000001));
#4630=CARTESIAN_POINT('Origin',(1.74999999999976,2.85,-5.40000000000001));
#4631=CARTESIAN_POINT('',(1.74999999999976,1.425,-5.40000000000001));
#4632=CARTESIAN_POINT('Origin',(-0.600000000000004,4.8,-5.7999998435378));
#4633=CARTESIAN_POINT('',(-0.599999993070958,0.2,-6.));
#4634=CARTESIAN_POINT('',(-0.600000000000004,0.2,-5.79999984353781));
#4635=CARTESIAN_POINT('',(-0.600000100471096,0.2,-2.89999983948655));
#4636=CARTESIAN_POINT('',(-0.599999993070958,2.4,-6.00000000000001));
#4637=CARTESIAN_POINT('',(-0.600000000000004,4.8,-5.7999998435378));
#4638=CARTESIAN_POINT('Origin',(0.599999999999997,4.8,-5.7999998435378));
#4639=CARTESIAN_POINT('',(0.599999999999997,0.2,-5.79999984353781));
#4640=CARTESIAN_POINT('',(-2.375,0.2,-5.7999998435378));
#4641=CARTESIAN_POINT('',(0.599999999999997,4.8,-5.7999998435378));
#4642=CARTESIAN_POINT('',(0.250000000000234,2.85,-5.7999998435378));
#4643=CARTESIAN_POINT('',(-0.250000000000241,2.85,-5.7999998435378));
#4644=CARTESIAN_POINT('',(0.425000000000116,2.85,-5.79999984353781));
#4645=CARTESIAN_POINT('',(0.250000000000234,3.35,-5.7999998435378));
#4646=CARTESIAN_POINT('',(0.250000000000234,4.075,-5.79999984353781));
#4647=CARTESIAN_POINT('',(-0.250000000000241,3.35,-5.7999998435378));
#4648=CARTESIAN_POINT('',(0.174999999999878,3.35,-5.79999984353781));
#4649=CARTESIAN_POINT('',(-0.250000000000241,3.825,-5.79999984353781));
#4650=CARTESIAN_POINT('Origin',(0.600000004246831,4.8,-6.));
#4651=CARTESIAN_POINT('',(0.59999994054437,0.2,-2.99999993682839));
#4652=CARTESIAN_POINT('Origin',(0.,-1.66533453693773E-15,-6.00000000000002));
#4653=CARTESIAN_POINT('',(-1.39999999575317,0.2,-6.));
#4654=CARTESIAN_POINT('',(-2.675,0.2,-6.00000000000002));
#4655=CARTESIAN_POINT('',(-1.39999999575317,2.4,-6.00000000000001));
#4656=CARTESIAN_POINT('Origin',(-0.250000000000241,3.35,-5.40000000000001));
#4657=CARTESIAN_POINT('',(0.250000000000234,3.35,-5.40000000000001));
#4658=CARTESIAN_POINT('',(0.250000000000234,3.35,-5.40000000000001));
#4659=CARTESIAN_POINT('',(-0.250000000000241,3.35,-5.40000000000001));
#4660=CARTESIAN_POINT('',(-0.125000000000121,3.35,-5.40000000000001));
#4661=CARTESIAN_POINT('',(-0.250000000000241,3.35,-5.40000000000001));
#4662=CARTESIAN_POINT('Origin',(0.250000000000234,3.35,-5.40000000000001));
#4663=CARTESIAN_POINT('',(0.250000000000234,2.85,-5.40000000000001));
#4664=CARTESIAN_POINT('',(0.250000000000234,2.85,-5.40000000000001));
#4665=CARTESIAN_POINT('',(0.250000000000234,1.675,-5.40000000000001));
#4666=CARTESIAN_POINT('Origin',(0.250000000000234,2.85,-5.40000000000001));
#4667=CARTESIAN_POINT('',(-0.250000000000241,2.85,-5.40000000000001));
#4668=CARTESIAN_POINT('',(-0.250000000000241,2.85,-5.40000000000001));
#4669=CARTESIAN_POINT('',(0.125000000000117,2.85,-5.40000000000001));
#4670=CARTESIAN_POINT('Origin',(-0.250000000000241,2.85,-5.40000000000001));
#4671=CARTESIAN_POINT('',(-0.250000000000241,1.425,-5.40000000000001));
#4672=CARTESIAN_POINT('Origin',(-2.6,4.8,-5.7999998435378));
#4673=CARTESIAN_POINT('',(-2.59999999307096,0.2,-6.));
#4674=CARTESIAN_POINT('',(-2.6,0.2,-5.79999984353781));
#4675=CARTESIAN_POINT('',(-2.6000001004711,0.2,-2.89999987413175));
#4676=CARTESIAN_POINT('',(-2.59999999307096,2.4,-6.00000000000001));
#4677=CARTESIAN_POINT('',(-2.6,4.8,-5.7999998435378));
#4678=CARTESIAN_POINT('Origin',(-1.4,4.8,-5.7999998435378));
#4679=CARTESIAN_POINT('',(-1.4,0.2,-5.79999984353781));
#4680=CARTESIAN_POINT('',(-3.375,0.2,-5.7999998435378));
#4681=CARTESIAN_POINT('',(-1.4,4.8,-5.7999998435378));
#4682=CARTESIAN_POINT('',(-1.74999999999977,2.85,-5.7999998435378));
#4683=CARTESIAN_POINT('',(-2.25000000000024,2.85,-5.7999998435378));
#4684=CARTESIAN_POINT('',(-1.57499999999988,2.85,-5.79999984353781));
#4685=CARTESIAN_POINT('',(-1.74999999999977,3.35,-5.7999998435378));
#4686=CARTESIAN_POINT('',(-1.74999999999977,4.075,-5.79999984353781));
#4687=CARTESIAN_POINT('',(-2.25000000000024,3.35,-5.7999998435378));
#4688=CARTESIAN_POINT('',(-1.82500000000012,3.35,-5.79999984353781));
#4689=CARTESIAN_POINT('',(-2.25000000000024,3.825,-5.79999984353781));
#4690=CARTESIAN_POINT('Origin',(-1.39999999575317,4.8,-6.));
#4691=CARTESIAN_POINT('',(-1.40000005945563,0.2,-2.99999995806255));
#4692=CARTESIAN_POINT('Origin',(0.,-1.66533453693773E-15,-6.00000000000002));
#4693=CARTESIAN_POINT('',(-3.39999999575317,0.2,-6.));
#4694=CARTESIAN_POINT('',(-2.675,0.2,-6.00000000000002));
#4695=CARTESIAN_POINT('',(-3.39999999575317,2.4,-6.00000000000001));
#4696=CARTESIAN_POINT('Origin',(-2.25000000000024,3.35,-5.40000000000001));
#4697=CARTESIAN_POINT('',(-1.74999999999977,3.35,-5.40000000000001));
#4698=CARTESIAN_POINT('',(-1.74999999999977,3.35,-5.40000000000001));
#4699=CARTESIAN_POINT('',(-2.25000000000024,3.35,-5.40000000000001));
#4700=CARTESIAN_POINT('',(-1.12500000000012,3.35,-5.40000000000001));
#4701=CARTESIAN_POINT('',(-2.25000000000024,3.35,-5.40000000000001));
#4702=CARTESIAN_POINT('Origin',(-1.74999999999977,3.35,-5.40000000000001));
#4703=CARTESIAN_POINT('',(-1.74999999999977,2.85,-5.40000000000001));
#4704=CARTESIAN_POINT('',(-1.74999999999977,2.85,-5.40000000000001));
#4705=CARTESIAN_POINT('',(-1.74999999999977,1.675,-5.40000000000001));
#4706=CARTESIAN_POINT('Origin',(-1.74999999999977,2.85,-5.40000000000001));
#4707=CARTESIAN_POINT('',(-2.25000000000024,2.85,-5.40000000000001));
#4708=CARTESIAN_POINT('',(-2.25000000000024,2.85,-5.40000000000001));
#4709=CARTESIAN_POINT('',(-0.874999999999883,2.85,-5.40000000000001));
#4710=CARTESIAN_POINT('Origin',(-2.25000000000024,2.85,-5.40000000000001));
#4711=CARTESIAN_POINT('',(-2.25000000000024,1.425,-5.40000000000001));
#4712=CARTESIAN_POINT('Origin',(-3.39999999575317,4.8,-6.));
#4713=CARTESIAN_POINT('',(-3.40000005945563,0.2,-2.9999999792967));
#4714=CARTESIAN_POINT('Origin',(-4.6,4.8,-5.7999998435378));
#4715=CARTESIAN_POINT('',(-4.59999999307096,0.2,-6.));
#4716=CARTESIAN_POINT('',(-4.60000010047109,0.2,-2.89999990877695));
#4717=CARTESIAN_POINT('',(-4.59999999307096,2.4,-6.00000000000001));
#4718=CARTESIAN_POINT('Origin',(-5.35,0.2,0.));
#4719=CARTESIAN_POINT('',(5.35,0.2,0.));
#4720=CARTESIAN_POINT('',(5.35,0.2,0.));
#4721=CARTESIAN_POINT('',(-5.35,0.2,0.));
#4722=CARTESIAN_POINT('',(-2.675,0.2,-1.92592994438724E-33));
#4723=CARTESIAN_POINT('',(-5.35,0.2,0.));
#4724=CARTESIAN_POINT('',(-2.675,0.2,-6.00000000000002));
#4725=CARTESIAN_POINT('Origin',(-4.25000000000024,3.35,-5.40000000000001));
#4726=CARTESIAN_POINT('',(-3.74999999999977,3.35,-5.40000000000001));
#4727=CARTESIAN_POINT('',(-3.74999999999977,3.35,-5.40000000000001));
#4728=CARTESIAN_POINT('',(-4.25000000000024,3.35,-5.40000000000001));
#4729=CARTESIAN_POINT('',(-2.12500000000012,3.35,-5.40000000000001));
#4730=CARTESIAN_POINT('',(-4.25000000000024,3.35,-5.40000000000001));
#4731=CARTESIAN_POINT('Origin',(-3.74999999999977,3.35,-5.40000000000001));
#4732=CARTESIAN_POINT('',(-3.74999999999977,2.85,-5.40000000000001));
#4733=CARTESIAN_POINT('',(-3.74999999999977,2.85,-5.40000000000001));
#4734=CARTESIAN_POINT('',(-3.74999999999977,1.675,-5.40000000000001));
#4735=CARTESIAN_POINT('Origin',(-3.74999999999977,2.85,-5.40000000000001));
#4736=CARTESIAN_POINT('',(-4.25000000000024,2.85,-5.40000000000001));
#4737=CARTESIAN_POINT('',(-4.25000000000024,2.85,-5.40000000000001));
#4738=CARTESIAN_POINT('',(-1.87499999999988,2.85,-5.40000000000001));
#4739=CARTESIAN_POINT('Origin',(-4.25000000000024,2.85,-5.40000000000001));
#4740=CARTESIAN_POINT('',(-4.25000000000024,1.425,-5.40000000000001));
#4741=CARTESIAN_POINT('Origin',(-5.35,0.8,0.));
#4742=CARTESIAN_POINT('',(-2.675,0.8,-5.40000000000002));
#4743=CARTESIAN_POINT('',(-2.675,0.8,-7.70371977754894E-33));
#4744=CARTESIAN_POINT('Origin',(0.,-3.88578058618805E-15,-5.40000000000002));
#4745=CARTESIAN_POINT('Origin',(-5.35,0.,0.));
#4746=CARTESIAN_POINT('',(-5.35,0.,0.));
#4747=CARTESIAN_POINT('',(-5.35,2.4,-2.31111593326468E-32));
#4748=CARTESIAN_POINT('',(-5.35,0.,0.));
#4749=CARTESIAN_POINT('Origin',(5.35,0.2,0.));
#4750=CARTESIAN_POINT('',(5.35,0.,0.));
#4751=CARTESIAN_POINT('',(5.35,0.,1.83697019872103E-17));
#4752=CARTESIAN_POINT('',(5.35,2.5,-2.40741243048404E-32));
#4753=CARTESIAN_POINT('Origin',(0.,4.8,-4.62223186652937E-32));
#4754=CARTESIAN_POINT('',(0.,0.,0.));
#4755=CARTESIAN_POINT('',(5.95,0.,0.));
#4756=CARTESIAN_POINT('',(0.,0.,0.));
#4757=CARTESIAN_POINT('',(5.95,0.,0.));
#4758=CARTESIAN_POINT('Origin',(0.,0.,0.));
#4759=CARTESIAN_POINT('',(5.95,-1.39609735102798E-15,-7.6));
#4760=CARTESIAN_POINT('Origin',(0.,0.,0.));
#4761=CARTESIAN_POINT('Origin',(0.,-1.66533453693773E-15,-6.00000000000002));
#4762=CARTESIAN_POINT('Origin',(5.95,2.4,-3.));
#4763=CARTESIAN_POINT('Origin',(-4.125,-3.35,-6.45));
#4764=CARTESIAN_POINT('',(-3.85,-3.4,-6.4));
#4765=CARTESIAN_POINT('',(-4.15,-3.4,-6.4));
#4766=CARTESIAN_POINT('',(-4.125,-3.4,-6.4));
#4767=CARTESIAN_POINT('',(-4.25,-3.3,-6.5));
#4768=CARTESIAN_POINT('',(-4.15,-3.4,-6.4));
#4769=CARTESIAN_POINT('',(-3.75,-3.3,-6.5));
#4770=CARTESIAN_POINT('',(-4.125,-3.3,-6.5));
#4771=CARTESIAN_POINT('',(-3.85,-3.4,-6.4));
#4772=CARTESIAN_POINT('Origin',(-4.2,-3.35,-3.125));
#4773=CARTESIAN_POINT('',(-4.15,-3.4,-6.1));
#4774=CARTESIAN_POINT('',(-4.15,-3.4,-3.125));
#4775=CARTESIAN_POINT('',(-4.25,-3.3,-6.));
#4776=CARTESIAN_POINT('',(-4.15,-3.4,-6.1));
#4777=CARTESIAN_POINT('',(-4.25,-3.3,-3.125));
#4778=CARTESIAN_POINT('Origin',(-3.875,-3.35,-6.05));
#4779=CARTESIAN_POINT('',(-3.85,-3.4,-6.1));
#4780=CARTESIAN_POINT('',(-3.875,-3.4,-6.1));
#4781=CARTESIAN_POINT('',(-3.75,-3.3,-6.));
#4782=CARTESIAN_POINT('',(-3.85,-3.4,-6.1));
#4783=CARTESIAN_POINT('',(-3.875,-3.3,-6.));
#4784=CARTESIAN_POINT('Origin',(-3.8,-3.35,-3.125));
#4785=CARTESIAN_POINT('',(-3.75,-3.3,-3.125));
#4786=CARTESIAN_POINT('',(-3.85,-3.4,-3.125));
#4787=CARTESIAN_POINT('Origin',(-3.75,3.35,0.));
#4788=CARTESIAN_POINT('',(-3.75,2.6,-6.5));
#4789=CARTESIAN_POINT('',(-3.75,2.6,-6.5));
#4790=CARTESIAN_POINT('',(-3.75,3.35,-5.75));
#4791=CARTESIAN_POINT('Origin',(-3.75,2.6,-5.75));
#4792=CARTESIAN_POINT('',(-3.75,3.35,-0.1));
#4793=CARTESIAN_POINT('',(-3.75,3.35,0.));
#4794=CARTESIAN_POINT('',(-3.75,2.85,-0.1));
#4795=CARTESIAN_POINT('',(-3.75,3.225,-0.1));
#4796=CARTESIAN_POINT('',(-3.75,2.85,-5.75));
#4797=CARTESIAN_POINT('',(-3.75,2.85,0.));
#4798=CARTESIAN_POINT('',(-3.75,2.6,-6.));
#4799=CARTESIAN_POINT('Origin',(-3.75,2.6,-5.75));
#4800=CARTESIAN_POINT('',(-3.75,2.6,-6.));
#4801=CARTESIAN_POINT('Origin',(-4.25,2.6,-6.5));
#4802=CARTESIAN_POINT('',(-4.25,2.6,-6.5));
#4803=CARTESIAN_POINT('',(-4.25,2.6,-6.5));
#4804=CARTESIAN_POINT('',(-4.25,2.6,-6.5));
#4805=CARTESIAN_POINT('Origin',(-4.,-3.4,-6.25));
#4806=CARTESIAN_POINT('Origin',(-4.2,2.975,-0.05));
#4807=CARTESIAN_POINT('',(-4.25,3.35,-0.1));
#4808=CARTESIAN_POINT('',(-4.25,2.85,-0.1));
#4809=CARTESIAN_POINT('',(-4.25,2.975,-0.1));
#4810=CARTESIAN_POINT('',(-4.15,2.95,0.));
#4811=CARTESIAN_POINT('',(-4.25,2.85,-0.1));
#4812=CARTESIAN_POINT('',(-4.15,3.25,0.));
#4813=CARTESIAN_POINT('',(-4.15,2.975,0.));
#4814=CARTESIAN_POINT('',(-4.25,3.35,-0.1));
#4815=CARTESIAN_POINT('Origin',(-3.875,2.9,-0.05));
#4816=CARTESIAN_POINT('',(-3.875,2.85,-0.1));
#4817=CARTESIAN_POINT('',(-3.85,2.95,0.));
#4818=CARTESIAN_POINT('',(-3.75,2.85,-0.1));
#4819=CARTESIAN_POINT('',(-3.875,2.95,0.));
#4820=CARTESIAN_POINT('Origin',(-4.125,3.3,-0.05));
#4821=CARTESIAN_POINT('',(-3.85,3.25,0.));
#4822=CARTESIAN_POINT('',(-4.125,3.25,0.));
#4823=CARTESIAN_POINT('',(-3.85,3.25,0.));
#4824=CARTESIAN_POINT('',(-4.125,3.35,-0.1));
#4825=CARTESIAN_POINT('Origin',(-3.8,3.225,-0.05));
#4826=CARTESIAN_POINT('',(-3.85,3.225,0.));
#4827=CARTESIAN_POINT('Origin',(-3.75,2.85,0.));
#4828=CARTESIAN_POINT('',(-4.25,2.85,-5.75));
#4829=CARTESIAN_POINT('',(-4.25,2.85,0.));
#4830=CARTESIAN_POINT('',(-3.75,2.85,-5.75));
#4831=CARTESIAN_POINT('Origin',(-4.25,2.85,0.));
#4832=CARTESIAN_POINT('',(-4.25,2.6,-6.));
#4833=CARTESIAN_POINT('',(-4.25,2.6,-6.));
#4834=CARTESIAN_POINT('Origin',(-4.25,2.6,-5.75));
#4835=CARTESIAN_POINT('',(-4.25,3.35,-5.75));
#4836=CARTESIAN_POINT('',(-4.25,3.35,0.));
#4837=CARTESIAN_POINT('Origin',(-4.25,2.6,-5.75));
#4838=CARTESIAN_POINT('Origin',(-4.,3.1,0.));
#4839=CARTESIAN_POINT('Origin',(-3.75,2.6,-6.));
#4840=CARTESIAN_POINT('',(-3.75,2.6,-6.));
#4841=CARTESIAN_POINT('Origin',(-4.,2.6,-5.75));
#4842=CARTESIAN_POINT('Origin',(-4.,2.6,-5.75));
#4843=CARTESIAN_POINT('',(-4.25,3.35,-5.75));
#4844=CARTESIAN_POINT('Origin',(-4.25,3.35,0.));
#4845=CARTESIAN_POINT('Origin',(-2.125,-3.35,-6.45));
#4846=CARTESIAN_POINT('',(-1.85,-3.4,-6.4));
#4847=CARTESIAN_POINT('',(-2.15,-3.4,-6.4));
#4848=CARTESIAN_POINT('',(-2.125,-3.4,-6.4));
#4849=CARTESIAN_POINT('',(-2.25,-3.3,-6.5));
#4850=CARTESIAN_POINT('',(-2.15,-3.4,-6.4));
#4851=CARTESIAN_POINT('',(-1.75,-3.3,-6.5));
#4852=CARTESIAN_POINT('',(-2.125,-3.3,-6.5));
#4853=CARTESIAN_POINT('',(-1.85,-3.4,-6.4));
#4854=CARTESIAN_POINT('Origin',(-2.2,-3.35,-3.125));
#4855=CARTESIAN_POINT('',(-2.15,-3.4,-6.1));
#4856=CARTESIAN_POINT('',(-2.15,-3.4,-3.125));
#4857=CARTESIAN_POINT('',(-2.25,-3.3,-6.));
#4858=CARTESIAN_POINT('',(-2.15,-3.4,-6.1));
#4859=CARTESIAN_POINT('',(-2.25,-3.3,-3.125));
#4860=CARTESIAN_POINT('Origin',(-1.875,-3.35,-6.05));
#4861=CARTESIAN_POINT('',(-1.85,-3.4,-6.1));
#4862=CARTESIAN_POINT('',(-1.875,-3.4,-6.1));
#4863=CARTESIAN_POINT('',(-1.75,-3.3,-6.));
#4864=CARTESIAN_POINT('',(-1.85,-3.4,-6.1));
#4865=CARTESIAN_POINT('',(-1.875,-3.3,-6.));
#4866=CARTESIAN_POINT('Origin',(-1.8,-3.35,-3.125));
#4867=CARTESIAN_POINT('',(-1.75,-3.3,-3.125));
#4868=CARTESIAN_POINT('',(-1.85,-3.4,-3.125));
#4869=CARTESIAN_POINT('Origin',(-1.75,3.35,0.));
#4870=CARTESIAN_POINT('',(-1.75,2.6,-6.5));
#4871=CARTESIAN_POINT('',(-1.75,2.6,-6.5));
#4872=CARTESIAN_POINT('',(-1.75,3.35,-5.75));
#4873=CARTESIAN_POINT('Origin',(-1.75,2.6,-5.75));
#4874=CARTESIAN_POINT('',(-1.75,3.35,-0.1));
#4875=CARTESIAN_POINT('',(-1.75,3.35,0.));
#4876=CARTESIAN_POINT('',(-1.75,2.85,-0.1));
#4877=CARTESIAN_POINT('',(-1.75,3.225,-0.1));
#4878=CARTESIAN_POINT('',(-1.75,2.85,-5.75));
#4879=CARTESIAN_POINT('',(-1.75,2.85,0.));
#4880=CARTESIAN_POINT('',(-1.75,2.6,-6.));
#4881=CARTESIAN_POINT('Origin',(-1.75,2.6,-5.75));
#4882=CARTESIAN_POINT('',(-1.75,2.6,-6.));
#4883=CARTESIAN_POINT('Origin',(-2.25,2.6,-6.5));
#4884=CARTESIAN_POINT('',(-2.25,2.6,-6.5));
#4885=CARTESIAN_POINT('',(-2.25,2.6,-6.5));
#4886=CARTESIAN_POINT('',(-2.25,2.6,-6.5));
#4887=CARTESIAN_POINT('Origin',(-2.,-3.4,-6.25));
#4888=CARTESIAN_POINT('Origin',(-2.2,2.975,-0.05));
#4889=CARTESIAN_POINT('',(-2.25,3.35,-0.1));
#4890=CARTESIAN_POINT('',(-2.25,2.85,-0.1));
#4891=CARTESIAN_POINT('',(-2.25,2.975,-0.1));
#4892=CARTESIAN_POINT('',(-2.15,2.95,0.));
#4893=CARTESIAN_POINT('',(-2.25,2.85,-0.1));
#4894=CARTESIAN_POINT('',(-2.15,3.25,0.));
#4895=CARTESIAN_POINT('',(-2.15,2.975,0.));
#4896=CARTESIAN_POINT('',(-2.25,3.35,-0.1));
#4897=CARTESIAN_POINT('Origin',(-1.875,2.9,-0.05));
#4898=CARTESIAN_POINT('',(-1.875,2.85,-0.1));
#4899=CARTESIAN_POINT('',(-1.85,2.95,0.));
#4900=CARTESIAN_POINT('',(-1.75,2.85,-0.1));
#4901=CARTESIAN_POINT('',(-1.875,2.95,0.));
#4902=CARTESIAN_POINT('Origin',(-2.125,3.3,-0.05));
#4903=CARTESIAN_POINT('',(-1.85,3.25,0.));
#4904=CARTESIAN_POINT('',(-2.125,3.25,0.));
#4905=CARTESIAN_POINT('',(-1.85,3.25,0.));
#4906=CARTESIAN_POINT('',(-2.125,3.35,-0.1));
#4907=CARTESIAN_POINT('Origin',(-1.8,3.225,-0.05));
#4908=CARTESIAN_POINT('',(-1.85,3.225,0.));
#4909=CARTESIAN_POINT('Origin',(-1.75,2.85,0.));
#4910=CARTESIAN_POINT('',(-2.25,2.85,-5.75));
#4911=CARTESIAN_POINT('',(-2.25,2.85,0.));
#4912=CARTESIAN_POINT('',(-1.75,2.85,-5.75));
#4913=CARTESIAN_POINT('Origin',(-2.25,2.85,0.));
#4914=CARTESIAN_POINT('',(-2.25,2.6,-6.));
#4915=CARTESIAN_POINT('',(-2.25,2.6,-6.));
#4916=CARTESIAN_POINT('Origin',(-2.25,2.6,-5.75));
#4917=CARTESIAN_POINT('',(-2.25,3.35,-5.75));
#4918=CARTESIAN_POINT('',(-2.25,3.35,0.));
#4919=CARTESIAN_POINT('Origin',(-2.25,2.6,-5.75));
#4920=CARTESIAN_POINT('Origin',(-2.,3.1,0.));
#4921=CARTESIAN_POINT('Origin',(-1.75,2.6,-6.));
#4922=CARTESIAN_POINT('',(-1.75,2.6,-6.));
#4923=CARTESIAN_POINT('Origin',(-2.,2.6,-5.75));
#4924=CARTESIAN_POINT('Origin',(-2.,2.6,-5.75));
#4925=CARTESIAN_POINT('',(-2.25,3.35,-5.75));
#4926=CARTESIAN_POINT('Origin',(-2.25,3.35,0.));
#4927=CARTESIAN_POINT('Origin',(-0.125000000000003,-3.35,-6.45));
#4928=CARTESIAN_POINT('',(0.149999999999997,-3.4,-6.4));
#4929=CARTESIAN_POINT('',(-0.150000000000003,-3.4,-6.4));
#4930=CARTESIAN_POINT('',(-0.125000000000003,-3.4,-6.4));
#4931=CARTESIAN_POINT('',(-0.250000000000004,-3.3,-6.5));
#4932=CARTESIAN_POINT('',(-0.150000000000003,-3.4,-6.4));
#4933=CARTESIAN_POINT('',(0.249999999999997,-3.3,-6.5));
#4934=CARTESIAN_POINT('',(-0.125000000000003,-3.3,-6.5));
#4935=CARTESIAN_POINT('',(0.149999999999997,-3.4,-6.4));
#4936=CARTESIAN_POINT('Origin',(-0.200000000000004,-3.35,-3.125));
#4937=CARTESIAN_POINT('',(-0.150000000000003,-3.4,-6.1));
#4938=CARTESIAN_POINT('',(-0.150000000000003,-3.4,-3.125));
#4939=CARTESIAN_POINT('',(-0.250000000000004,-3.3,-6.));
#4940=CARTESIAN_POINT('',(-0.150000000000003,-3.4,-6.1));
#4941=CARTESIAN_POINT('',(-0.250000000000004,-3.3,-3.125));
#4942=CARTESIAN_POINT('Origin',(0.124999999999997,-3.35,-6.05));
#4943=CARTESIAN_POINT('',(0.149999999999997,-3.4,-6.1));
#4944=CARTESIAN_POINT('',(0.124999999999997,-3.4,-6.1));
#4945=CARTESIAN_POINT('',(0.249999999999997,-3.3,-6.));
#4946=CARTESIAN_POINT('',(0.149999999999997,-3.4,-6.1));
#4947=CARTESIAN_POINT('',(0.124999999999997,-3.3,-6.));
#4948=CARTESIAN_POINT('Origin',(0.199999999999997,-3.35,-3.125));
#4949=CARTESIAN_POINT('',(0.249999999999997,-3.3,-3.125));
#4950=CARTESIAN_POINT('',(0.149999999999997,-3.4,-3.125));
#4951=CARTESIAN_POINT('Origin',(0.249999999999997,3.35,0.));
#4952=CARTESIAN_POINT('',(0.249999999999997,2.6,-6.5));
#4953=CARTESIAN_POINT('',(0.249999999999997,2.6,-6.5));
#4954=CARTESIAN_POINT('',(0.249999999999997,3.35,-5.75));
#4955=CARTESIAN_POINT('Origin',(0.249999999999997,2.6,-5.75));
#4956=CARTESIAN_POINT('',(0.249999999999997,3.35,-0.1));
#4957=CARTESIAN_POINT('',(0.249999999999997,3.35,0.));
#4958=CARTESIAN_POINT('',(0.249999999999997,2.85,-0.1));
#4959=CARTESIAN_POINT('',(0.249999999999997,3.225,-0.1));
#4960=CARTESIAN_POINT('',(0.249999999999997,2.85,-5.75));
#4961=CARTESIAN_POINT('',(0.249999999999997,2.85,0.));
#4962=CARTESIAN_POINT('',(0.249999999999997,2.6,-6.));
#4963=CARTESIAN_POINT('Origin',(0.249999999999997,2.6,-5.75));
#4964=CARTESIAN_POINT('',(0.249999999999997,2.6,-6.));
#4965=CARTESIAN_POINT('Origin',(-0.250000000000004,2.6,-6.5));
#4966=CARTESIAN_POINT('',(-0.250000000000004,2.6,-6.5));
#4967=CARTESIAN_POINT('',(-0.250000000000004,2.6,-6.5));
#4968=CARTESIAN_POINT('',(-0.250000000000004,2.6,-6.5));
#4969=CARTESIAN_POINT('Origin',(-3.33066907387547E-15,-3.4,-6.25));
#4970=CARTESIAN_POINT('Origin',(-0.200000000000004,2.975,-0.05));
#4971=CARTESIAN_POINT('',(-0.250000000000004,3.35,-0.1));
#4972=CARTESIAN_POINT('',(-0.250000000000004,2.85,-0.1));
#4973=CARTESIAN_POINT('',(-0.250000000000004,2.975,-0.1));
#4974=CARTESIAN_POINT('',(-0.150000000000003,2.95,0.));
#4975=CARTESIAN_POINT('',(-0.250000000000004,2.85,-0.1));
#4976=CARTESIAN_POINT('',(-0.150000000000003,3.25,0.));
#4977=CARTESIAN_POINT('',(-0.150000000000003,2.975,0.));
#4978=CARTESIAN_POINT('',(-0.250000000000004,3.35,-0.1));
#4979=CARTESIAN_POINT('Origin',(0.124999999999997,2.9,-0.05));
#4980=CARTESIAN_POINT('',(0.124999999999997,2.85,-0.1));
#4981=CARTESIAN_POINT('',(0.149999999999997,2.95,0.));
#4982=CARTESIAN_POINT('',(0.249999999999997,2.85,-0.1));
#4983=CARTESIAN_POINT('',(0.124999999999997,2.95,0.));
#4984=CARTESIAN_POINT('Origin',(-0.125000000000003,3.3,-0.05));
#4985=CARTESIAN_POINT('',(0.149999999999997,3.25,0.));
#4986=CARTESIAN_POINT('',(-0.125000000000003,3.25,0.));
#4987=CARTESIAN_POINT('',(0.149999999999997,3.25,0.));
#4988=CARTESIAN_POINT('',(-0.125000000000003,3.35,-0.1));
#4989=CARTESIAN_POINT('Origin',(0.199999999999997,3.225,-0.05));
#4990=CARTESIAN_POINT('',(0.149999999999997,3.225,0.));
#4991=CARTESIAN_POINT('Origin',(0.249999999999997,2.85,0.));
#4992=CARTESIAN_POINT('',(-0.250000000000004,2.85,-5.75));
#4993=CARTESIAN_POINT('',(-0.250000000000004,2.85,0.));
#4994=CARTESIAN_POINT('',(0.249999999999997,2.85,-5.75));
#4995=CARTESIAN_POINT('Origin',(-0.250000000000004,2.85,0.));
#4996=CARTESIAN_POINT('',(-0.250000000000004,2.6,-6.));
#4997=CARTESIAN_POINT('',(-0.250000000000004,2.6,-6.));
#4998=CARTESIAN_POINT('Origin',(-0.250000000000004,2.6,-5.75));
#4999=CARTESIAN_POINT('',(-0.250000000000004,3.35,-5.75));
#5000=CARTESIAN_POINT('',(-0.250000000000004,3.35,0.));
#5001=CARTESIAN_POINT('Origin',(-0.250000000000004,2.6,-5.75));
#5002=CARTESIAN_POINT('Origin',(-3.33066907387547E-15,3.1,0.));
#5003=CARTESIAN_POINT('Origin',(0.249999999999997,2.6,-6.));
#5004=CARTESIAN_POINT('',(0.249999999999997,2.6,-6.));
#5005=CARTESIAN_POINT('Origin',(-3.33066907387547E-15,2.6,-5.75));
#5006=CARTESIAN_POINT('Origin',(-3.33066907387547E-15,2.6,-5.75));
#5007=CARTESIAN_POINT('',(-0.250000000000004,3.35,-5.75));
#5008=CARTESIAN_POINT('Origin',(-0.250000000000004,3.35,0.));
#5009=CARTESIAN_POINT('Origin',(1.875,-3.35,-6.45));
#5010=CARTESIAN_POINT('',(2.15,-3.4,-6.4));
#5011=CARTESIAN_POINT('',(1.85,-3.4,-6.4));
#5012=CARTESIAN_POINT('',(1.875,-3.4,-6.4));
#5013=CARTESIAN_POINT('',(1.75,-3.3,-6.5));
#5014=CARTESIAN_POINT('',(1.85,-3.4,-6.4));
#5015=CARTESIAN_POINT('',(2.25,-3.3,-6.5));
#5016=CARTESIAN_POINT('',(1.875,-3.3,-6.5));
#5017=CARTESIAN_POINT('',(2.15,-3.4,-6.4));
#5018=CARTESIAN_POINT('Origin',(1.8,-3.35,-3.125));
#5019=CARTESIAN_POINT('',(1.85,-3.4,-6.1));
#5020=CARTESIAN_POINT('',(1.85,-3.4,-3.125));
#5021=CARTESIAN_POINT('',(1.75,-3.3,-6.));
#5022=CARTESIAN_POINT('',(1.85,-3.4,-6.1));
#5023=CARTESIAN_POINT('',(1.75,-3.3,-3.125));
#5024=CARTESIAN_POINT('Origin',(2.125,-3.35,-6.05));
#5025=CARTESIAN_POINT('',(2.15,-3.4,-6.1));
#5026=CARTESIAN_POINT('',(2.125,-3.4,-6.1));
#5027=CARTESIAN_POINT('',(2.25,-3.3,-6.));
#5028=CARTESIAN_POINT('',(2.15,-3.4,-6.1));
#5029=CARTESIAN_POINT('',(2.125,-3.3,-6.));
#5030=CARTESIAN_POINT('Origin',(2.2,-3.35,-3.125));
#5031=CARTESIAN_POINT('',(2.25,-3.3,-3.125));
#5032=CARTESIAN_POINT('',(2.15,-3.4,-3.125));
#5033=CARTESIAN_POINT('Origin',(2.25,3.35,0.));
#5034=CARTESIAN_POINT('',(2.25,2.6,-6.5));
#5035=CARTESIAN_POINT('',(2.25,2.6,-6.5));
#5036=CARTESIAN_POINT('',(2.25,3.35,-5.75));
#5037=CARTESIAN_POINT('Origin',(2.25,2.6,-5.75));
#5038=CARTESIAN_POINT('',(2.25,3.35,-0.1));
#5039=CARTESIAN_POINT('',(2.25,3.35,0.));
#5040=CARTESIAN_POINT('',(2.25,2.85,-0.1));
#5041=CARTESIAN_POINT('',(2.25,3.225,-0.1));
#5042=CARTESIAN_POINT('',(2.25,2.85,-5.75));
#5043=CARTESIAN_POINT('',(2.25,2.85,0.));
#5044=CARTESIAN_POINT('',(2.25,2.6,-6.));
#5045=CARTESIAN_POINT('Origin',(2.25,2.6,-5.75));
#5046=CARTESIAN_POINT('',(2.25,2.6,-6.));
#5047=CARTESIAN_POINT('Origin',(1.75,2.6,-6.5));
#5048=CARTESIAN_POINT('',(1.75,2.6,-6.5));
#5049=CARTESIAN_POINT('',(1.75,2.6,-6.5));
#5050=CARTESIAN_POINT('',(1.75,2.6,-6.5));
#5051=CARTESIAN_POINT('Origin',(2.,-3.4,-6.25));
#5052=CARTESIAN_POINT('Origin',(1.8,2.975,-0.05));
#5053=CARTESIAN_POINT('',(1.75,3.35,-0.1));
#5054=CARTESIAN_POINT('',(1.75,2.85,-0.1));
#5055=CARTESIAN_POINT('',(1.75,2.975,-0.1));
#5056=CARTESIAN_POINT('',(1.85,2.95,0.));
#5057=CARTESIAN_POINT('',(1.75,2.85,-0.1));
#5058=CARTESIAN_POINT('',(1.85,3.25,0.));
#5059=CARTESIAN_POINT('',(1.85,2.975,0.));
#5060=CARTESIAN_POINT('',(1.75,3.35,-0.1));
#5061=CARTESIAN_POINT('Origin',(2.125,2.9,-0.05));
#5062=CARTESIAN_POINT('',(2.125,2.85,-0.1));
#5063=CARTESIAN_POINT('',(2.15,2.95,0.));
#5064=CARTESIAN_POINT('',(2.25,2.85,-0.1));
#5065=CARTESIAN_POINT('',(2.125,2.95,0.));
#5066=CARTESIAN_POINT('Origin',(1.875,3.3,-0.05));
#5067=CARTESIAN_POINT('',(2.15,3.25,0.));
#5068=CARTESIAN_POINT('',(1.875,3.25,0.));
#5069=CARTESIAN_POINT('',(2.15,3.25,0.));
#5070=CARTESIAN_POINT('',(1.875,3.35,-0.1));
#5071=CARTESIAN_POINT('Origin',(2.2,3.225,-0.05));
#5072=CARTESIAN_POINT('',(2.15,3.225,0.));
#5073=CARTESIAN_POINT('Origin',(2.25,2.85,0.));
#5074=CARTESIAN_POINT('',(1.75,2.85,-5.75));
#5075=CARTESIAN_POINT('',(1.75,2.85,0.));
#5076=CARTESIAN_POINT('',(2.25,2.85,-5.75));
#5077=CARTESIAN_POINT('Origin',(1.75,2.85,0.));
#5078=CARTESIAN_POINT('',(1.75,2.6,-6.));
#5079=CARTESIAN_POINT('',(1.75,2.6,-6.));
#5080=CARTESIAN_POINT('Origin',(1.75,2.6,-5.75));
#5081=CARTESIAN_POINT('',(1.75,3.35,-5.75));
#5082=CARTESIAN_POINT('',(1.75,3.35,0.));
#5083=CARTESIAN_POINT('Origin',(1.75,2.6,-5.75));
#5084=CARTESIAN_POINT('Origin',(2.,3.1,0.));
#5085=CARTESIAN_POINT('Origin',(2.25,2.6,-6.));
#5086=CARTESIAN_POINT('',(2.25,2.6,-6.));
#5087=CARTESIAN_POINT('Origin',(2.,2.6,-5.75));
#5088=CARTESIAN_POINT('Origin',(2.,2.6,-5.75));
#5089=CARTESIAN_POINT('',(1.75,3.35,-5.75));
#5090=CARTESIAN_POINT('Origin',(1.75,3.35,0.));
#5091=CARTESIAN_POINT('Origin',(3.875,-3.35,-6.45));
#5092=CARTESIAN_POINT('',(4.15,-3.4,-6.4));
#5093=CARTESIAN_POINT('',(3.85,-3.4,-6.4));
#5094=CARTESIAN_POINT('',(3.875,-3.4,-6.4));
#5095=CARTESIAN_POINT('',(3.75,-3.3,-6.5));
#5096=CARTESIAN_POINT('',(3.85,-3.4,-6.4));
#5097=CARTESIAN_POINT('',(4.25,-3.3,-6.5));
#5098=CARTESIAN_POINT('',(3.875,-3.3,-6.5));
#5099=CARTESIAN_POINT('',(4.15,-3.4,-6.4));
#5100=CARTESIAN_POINT('Origin',(3.8,-3.35,-3.125));
#5101=CARTESIAN_POINT('',(3.85,-3.4,-6.1));
#5102=CARTESIAN_POINT('',(3.85,-3.4,-3.125));
#5103=CARTESIAN_POINT('',(3.75,-3.3,-6.));
#5104=CARTESIAN_POINT('',(3.85,-3.4,-6.1));
#5105=CARTESIAN_POINT('',(3.75,-3.3,-3.125));
#5106=CARTESIAN_POINT('Origin',(4.125,-3.35,-6.05));
#5107=CARTESIAN_POINT('',(4.15,-3.4,-6.1));
#5108=CARTESIAN_POINT('',(4.125,-3.4,-6.1));
#5109=CARTESIAN_POINT('',(4.25,-3.3,-6.));
#5110=CARTESIAN_POINT('',(4.15,-3.4,-6.1));
#5111=CARTESIAN_POINT('',(4.125,-3.3,-6.));
#5112=CARTESIAN_POINT('Origin',(4.2,-3.35,-3.125));
#5113=CARTESIAN_POINT('',(4.25,-3.3,-3.125));
#5114=CARTESIAN_POINT('',(4.15,-3.4,-3.125));
#5115=CARTESIAN_POINT('Origin',(4.25,3.35,0.));
#5116=CARTESIAN_POINT('',(4.25,2.6,-6.5));
#5117=CARTESIAN_POINT('',(4.25,2.6,-6.5));
#5118=CARTESIAN_POINT('',(4.25,3.35,-5.75));
#5119=CARTESIAN_POINT('Origin',(4.25,2.6,-5.75));
#5120=CARTESIAN_POINT('',(4.25,3.35,-0.1));
#5121=CARTESIAN_POINT('',(4.25,3.35,0.));
#5122=CARTESIAN_POINT('',(4.25,2.85,-0.1));
#5123=CARTESIAN_POINT('',(4.25,3.225,-0.1));
#5124=CARTESIAN_POINT('',(4.25,2.85,-5.75));
#5125=CARTESIAN_POINT('',(4.25,2.85,0.));
#5126=CARTESIAN_POINT('',(4.25,2.6,-6.));
#5127=CARTESIAN_POINT('Origin',(4.25,2.6,-5.75));
#5128=CARTESIAN_POINT('',(4.25,2.6,-6.));
#5129=CARTESIAN_POINT('Origin',(3.75,2.6,-6.5));
#5130=CARTESIAN_POINT('',(3.75,2.6,-6.5));
#5131=CARTESIAN_POINT('',(3.75,2.6,-6.5));
#5132=CARTESIAN_POINT('',(3.75,2.6,-6.5));
#5133=CARTESIAN_POINT('Origin',(4.,-3.4,-6.25));
#5134=CARTESIAN_POINT('Origin',(3.8,2.975,-0.05));
#5135=CARTESIAN_POINT('',(3.75,3.35,-0.1));
#5136=CARTESIAN_POINT('',(3.75,2.85,-0.1));
#5137=CARTESIAN_POINT('',(3.75,2.975,-0.1));
#5138=CARTESIAN_POINT('',(3.85,2.95,0.));
#5139=CARTESIAN_POINT('',(3.75,2.85,-0.1));
#5140=CARTESIAN_POINT('',(3.85,3.25,0.));
#5141=CARTESIAN_POINT('',(3.85,2.975,0.));
#5142=CARTESIAN_POINT('',(3.75,3.35,-0.1));
#5143=CARTESIAN_POINT('Origin',(4.125,2.9,-0.05));
#5144=CARTESIAN_POINT('',(4.125,2.85,-0.1));
#5145=CARTESIAN_POINT('',(4.15,2.95,0.));
#5146=CARTESIAN_POINT('',(4.25,2.85,-0.1));
#5147=CARTESIAN_POINT('',(4.125,2.95,0.));
#5148=CARTESIAN_POINT('Origin',(3.875,3.3,-0.05));
#5149=CARTESIAN_POINT('',(4.15,3.25,0.));
#5150=CARTESIAN_POINT('',(3.875,3.25,0.));
#5151=CARTESIAN_POINT('',(4.15,3.25,0.));
#5152=CARTESIAN_POINT('',(3.875,3.35,-0.1));
#5153=CARTESIAN_POINT('Origin',(4.2,3.225,-0.05));
#5154=CARTESIAN_POINT('',(4.15,3.225,0.));
#5155=CARTESIAN_POINT('Origin',(4.25,2.85,0.));
#5156=CARTESIAN_POINT('',(3.75,2.85,-5.75));
#5157=CARTESIAN_POINT('',(3.75,2.85,0.));
#5158=CARTESIAN_POINT('',(4.25,2.85,-5.75));
#5159=CARTESIAN_POINT('Origin',(3.75,2.85,0.));
#5160=CARTESIAN_POINT('',(3.75,2.6,-6.));
#5161=CARTESIAN_POINT('',(3.75,2.6,-6.));
#5162=CARTESIAN_POINT('Origin',(3.75,2.6,-5.75));
#5163=CARTESIAN_POINT('',(3.75,3.35,-5.75));
#5164=CARTESIAN_POINT('',(3.75,3.35,0.));
#5165=CARTESIAN_POINT('Origin',(3.75,2.6,-5.75));
#5166=CARTESIAN_POINT('Origin',(4.,3.1,0.));
#5167=CARTESIAN_POINT('Origin',(4.25,2.6,-6.));
#5168=CARTESIAN_POINT('',(4.25,2.6,-6.));
#5169=CARTESIAN_POINT('Origin',(4.,2.6,-5.75));
#5170=CARTESIAN_POINT('Origin',(4.,2.6,-5.75));
#5171=CARTESIAN_POINT('',(3.75,3.35,-5.75));
#5172=CARTESIAN_POINT('Origin',(3.75,3.35,0.));
#5173=UNCERTAINTY_MEASURE_WITH_UNIT(LENGTH_MEASURE(0.01),#5179,
'DISTANCE_ACCURACY_VALUE',
'Maximum model space distance between geometric entities at asserted c
onnectivities');
#5174=UNCERTAINTY_MEASURE_WITH_UNIT(LENGTH_MEASURE(0.01),#5179,
'DISTANCE_ACCURACY_VALUE',
'Maximum model space distance between geometric entities at asserted c
onnectivities');
#5175=(
GEOMETRIC_REPRESENTATION_CONTEXT(3)
GLOBAL_UNCERTAINTY_ASSIGNED_CONTEXT((#5173))
GLOBAL_UNIT_ASSIGNED_CONTEXT((#5179,#5178,#5177))
REPRESENTATION_CONTEXT('','3D')
);
#5176=(
GEOMETRIC_REPRESENTATION_CONTEXT(3)
GLOBAL_UNCERTAINTY_ASSIGNED_CONTEXT((#5174))
GLOBAL_UNIT_ASSIGNED_CONTEXT((#5179,#5178,#5177))
REPRESENTATION_CONTEXT('','3D')
);
#5177=(
NAMED_UNIT(*)
SI_UNIT($,.STERADIAN.)
SOLID_ANGLE_UNIT()
);
#5178=(
NAMED_UNIT(*)
PLANE_ANGLE_UNIT()
SI_UNIT($,.RADIAN.)
);
#5179=(
LENGTH_UNIT()
NAMED_UNIT(*)
SI_UNIT(.MILLI.,.METRE.)
);
#5180=SHAPE_DEFINITION_REPRESENTATION(#5181,#5182);
#5181=PRODUCT_DEFINITION_SHAPE('',$,#5184);
#5182=SHAPE_REPRESENTATION('',(#3255),#5175);
#5183=PRODUCT_DEFINITION_CONTEXT('part definition',#5188,'design');
#5184=PRODUCT_DEFINITION('S3B-PH-KL v4','S3B-PH-KL v4',#5185,#5183);
#5185=PRODUCT_DEFINITION_FORMATION('',$,#5190);
#5186=PRODUCT_RELATED_PRODUCT_CATEGORY('S3B-PH-KL v4','S3B-PH-KL v4',(#5190));
#5187=APPLICATION_PROTOCOL_DEFINITION('international standard',
'automotive_design',2009,#5188);
#5188=APPLICATION_CONTEXT(
'Core Data for Automotive Mechanical Design Process');
#5189=PRODUCT_CONTEXT('part definition',#5188,'mechanical');
#5190=PRODUCT('S3B-PH-KL v4','S3B-PH-KL v4',$,(#5189));
#5191=PRESENTATION_STYLE_ASSIGNMENT((#5194));
#5192=PRESENTATION_STYLE_ASSIGNMENT((#5195));
#5193=PRESENTATION_STYLE_ASSIGNMENT((#5196));
#5194=SURFACE_STYLE_USAGE(.BOTH.,#5197);
#5195=SURFACE_STYLE_USAGE(.BOTH.,#5198);
#5196=SURFACE_STYLE_USAGE(.BOTH.,#5199);
#5197=SURFACE_SIDE_STYLE('',(#5200));
#5198=SURFACE_SIDE_STYLE('',(#5201));
#5199=SURFACE_SIDE_STYLE('',(#5202));
#5200=SURFACE_STYLE_FILL_AREA(#5203);
#5201=SURFACE_STYLE_FILL_AREA(#5204);
#5202=SURFACE_STYLE_FILL_AREA(#5205);
#5203=FILL_AREA_STYLE('ABS (White)',(#5206));
#5204=FILL_AREA_STYLE('Nylon 6-6 (White)',(#5207));
#5205=FILL_AREA_STYLE('Brass - Polished',(#5208));
#5206=FILL_AREA_STYLE_COLOUR('ABS (White)',#5209);
#5207=FILL_AREA_STYLE_COLOUR('Nylon 6-6 (White)',#5210);
#5208=FILL_AREA_STYLE_COLOUR('Brass - Polished',#5211);
#5209=COLOUR_RGB('ABS (White)',0.964705882352941,0.964705882352941,0.952941176470588);
#5210=COLOUR_RGB('Nylon 6-6 (White)',0.972549019607843,0.968627450980392,
0.929411764705882);
#5211=COLOUR_RGB('Brass - Polished',0.952941176470588,0.796078431372549,
0.486274509803922);
ENDSEC;
END-ISO-10303-21;
