ISO-10303-21;
HEADER;
/* Generated by software containing ST-Developer
 * from STEP Tools, Inc. (www.steptools.com) 
 */

FILE_DESCRIPTION(
/* description */ (''),
/* implementation_level */ '2;1');

FILE_NAME(
/* name */ '/Users/kubota/GitHub/con-jst/PH/TH-SIDE/S7B-PH-KL.stp',
/* time_stamp */ '2017-04-07T20:51:16+09:00',
/* author */ (''),
/* organization */ (''),
/* preprocessor_version */ 'ST-DEVELOPER v16.5',
/* originating_system */ 'Autodesk Translation Framework v5.2.0.2920',
/* authorisation */ '');

FILE_SCHEMA (('AUTOMOTIVE_DESIGN { 1 0 10303 214 3 1 1 }'));
ENDSEC;

DATA;
#10=MECHANICAL_DESIGN_GEOMETRIC_PRESENTATION_REPRESENTATION('',(#55,#56,
#57,#58,#59,#60,#61,#62),#6670);
#11=SHAPE_REPRESENTATION_RELATIONSHIP('SRR','None',#6676,#12);
#12=ADVANCED_BREP_SHAPE_REPRESENTATION('',(#63,#64,#65,#66,#67,#68,#69,
#70),#6669);
#13=CYLINDRICAL_SURFACE('',#4307,0.25);
#14=CYLINDRICAL_SURFACE('',#4308,0.750000000000001);
#15=CYLINDRICAL_SURFACE('',#4329,0.25);
#16=CYLINDRICAL_SURFACE('',#4330,0.750000000000001);
#17=CYLINDRICAL_SURFACE('',#4351,0.25);
#18=CYLINDRICAL_SURFACE('',#4352,0.750000000000001);
#19=CYLINDRICAL_SURFACE('',#4373,0.25);
#20=CYLINDRICAL_SURFACE('',#4374,0.750000000000001);
#21=CYLINDRICAL_SURFACE('',#4395,0.25);
#22=CYLINDRICAL_SURFACE('',#4396,0.750000000000001);
#23=CYLINDRICAL_SURFACE('',#4417,0.25);
#24=CYLINDRICAL_SURFACE('',#4418,0.750000000000001);
#25=CYLINDRICAL_SURFACE('',#4439,0.25);
#26=CYLINDRICAL_SURFACE('',#4440,0.750000000000001);
#27=CIRCLE('',#4293,0.749999999999999);
#28=CIRCLE('',#4294,0.249999999999999);
#29=CIRCLE('',#4303,0.249999999999999);
#30=CIRCLE('',#4304,0.750000000000001);
#31=CIRCLE('',#4315,0.749999999999999);
#32=CIRCLE('',#4316,0.249999999999999);
#33=CIRCLE('',#4325,0.249999999999999);
#34=CIRCLE('',#4326,0.750000000000001);
#35=CIRCLE('',#4337,0.749999999999999);
#36=CIRCLE('',#4338,0.249999999999999);
#37=CIRCLE('',#4347,0.249999999999999);
#38=CIRCLE('',#4348,0.750000000000001);
#39=CIRCLE('',#4359,0.749999999999999);
#40=CIRCLE('',#4360,0.249999999999999);
#41=CIRCLE('',#4369,0.249999999999999);
#42=CIRCLE('',#4370,0.750000000000001);
#43=CIRCLE('',#4381,0.749999999999999);
#44=CIRCLE('',#4382,0.249999999999999);
#45=CIRCLE('',#4391,0.249999999999999);
#46=CIRCLE('',#4392,0.750000000000001);
#47=CIRCLE('',#4403,0.749999999999999);
#48=CIRCLE('',#4404,0.249999999999999);
#49=CIRCLE('',#4413,0.249999999999999);
#50=CIRCLE('',#4414,0.750000000000001);
#51=CIRCLE('',#4425,0.749999999999999);
#52=CIRCLE('',#4426,0.249999999999999);
#53=CIRCLE('',#4435,0.249999999999999);
#54=CIRCLE('',#4436,0.750000000000001);
#55=STYLED_ITEM('',(#6686),#63);
#56=STYLED_ITEM('',(#6687),#64);
#57=STYLED_ITEM('',(#6687),#65);
#58=STYLED_ITEM('',(#6687),#66);
#59=STYLED_ITEM('',(#6687),#67);
#60=STYLED_ITEM('',(#6687),#68);
#61=STYLED_ITEM('',(#6687),#69);
#62=STYLED_ITEM('',(#6687),#70);
#63=MANIFOLD_SOLID_BREP('Body1',#4181);
#64=MANIFOLD_SOLID_BREP('Body2',#4182);
#65=MANIFOLD_SOLID_BREP('Body3',#4183);
#66=MANIFOLD_SOLID_BREP('Body25',#4184);
#67=MANIFOLD_SOLID_BREP('Body26',#4185);
#68=MANIFOLD_SOLID_BREP('Body27',#4186);
#69=MANIFOLD_SOLID_BREP('Body28',#4187);
#70=MANIFOLD_SOLID_BREP('Body29',#4188);
#71=FACE_BOUND('',#325,.T.);
#72=FACE_BOUND('',#339,.T.);
#73=FACE_BOUND('',#355,.T.);
#74=FACE_BOUND('',#364,.T.);
#75=FACE_BOUND('',#373,.T.);
#76=FACE_BOUND('',#382,.T.);
#77=FACE_BOUND('',#391,.T.);
#78=FACE_BOUND('',#407,.T.);
#79=FACE_BOUND('',#408,.T.);
#80=FACE_BOUND('',#409,.T.);
#81=FACE_BOUND('',#410,.T.);
#82=FACE_BOUND('',#411,.T.);
#83=FACE_BOUND('',#412,.T.);
#84=FACE_BOUND('',#413,.T.);
#85=FACE_OUTER_BOUND('',#309,.T.);
#86=FACE_OUTER_BOUND('',#310,.T.);
#87=FACE_OUTER_BOUND('',#311,.T.);
#88=FACE_OUTER_BOUND('',#312,.T.);
#89=FACE_OUTER_BOUND('',#313,.T.);
#90=FACE_OUTER_BOUND('',#314,.T.);
#91=FACE_OUTER_BOUND('',#315,.T.);
#92=FACE_OUTER_BOUND('',#316,.T.);
#93=FACE_OUTER_BOUND('',#317,.T.);
#94=FACE_OUTER_BOUND('',#318,.T.);
#95=FACE_OUTER_BOUND('',#319,.T.);
#96=FACE_OUTER_BOUND('',#320,.T.);
#97=FACE_OUTER_BOUND('',#321,.T.);
#98=FACE_OUTER_BOUND('',#322,.T.);
#99=FACE_OUTER_BOUND('',#323,.T.);
#100=FACE_OUTER_BOUND('',#324,.T.);
#101=FACE_OUTER_BOUND('',#326,.T.);
#102=FACE_OUTER_BOUND('',#327,.T.);
#103=FACE_OUTER_BOUND('',#328,.T.);
#104=FACE_OUTER_BOUND('',#329,.T.);
#105=FACE_OUTER_BOUND('',#330,.T.);
#106=FACE_OUTER_BOUND('',#331,.T.);
#107=FACE_OUTER_BOUND('',#332,.T.);
#108=FACE_OUTER_BOUND('',#333,.T.);
#109=FACE_OUTER_BOUND('',#334,.T.);
#110=FACE_OUTER_BOUND('',#335,.T.);
#111=FACE_OUTER_BOUND('',#336,.T.);
#112=FACE_OUTER_BOUND('',#337,.T.);
#113=FACE_OUTER_BOUND('',#338,.T.);
#114=FACE_OUTER_BOUND('',#340,.T.);
#115=FACE_OUTER_BOUND('',#341,.T.);
#116=FACE_OUTER_BOUND('',#342,.T.);
#117=FACE_OUTER_BOUND('',#343,.T.);
#118=FACE_OUTER_BOUND('',#344,.T.);
#119=FACE_OUTER_BOUND('',#345,.T.);
#120=FACE_OUTER_BOUND('',#346,.T.);
#121=FACE_OUTER_BOUND('',#347,.T.);
#122=FACE_OUTER_BOUND('',#348,.T.);
#123=FACE_OUTER_BOUND('',#349,.T.);
#124=FACE_OUTER_BOUND('',#350,.T.);
#125=FACE_OUTER_BOUND('',#351,.T.);
#126=FACE_OUTER_BOUND('',#352,.T.);
#127=FACE_OUTER_BOUND('',#353,.T.);
#128=FACE_OUTER_BOUND('',#354,.T.);
#129=FACE_OUTER_BOUND('',#356,.T.);
#130=FACE_OUTER_BOUND('',#357,.T.);
#131=FACE_OUTER_BOUND('',#358,.T.);
#132=FACE_OUTER_BOUND('',#359,.T.);
#133=FACE_OUTER_BOUND('',#360,.T.);
#134=FACE_OUTER_BOUND('',#361,.T.);
#135=FACE_OUTER_BOUND('',#362,.T.);
#136=FACE_OUTER_BOUND('',#363,.T.);
#137=FACE_OUTER_BOUND('',#365,.T.);
#138=FACE_OUTER_BOUND('',#366,.T.);
#139=FACE_OUTER_BOUND('',#367,.T.);
#140=FACE_OUTER_BOUND('',#368,.T.);
#141=FACE_OUTER_BOUND('',#369,.T.);
#142=FACE_OUTER_BOUND('',#370,.T.);
#143=FACE_OUTER_BOUND('',#371,.T.);
#144=FACE_OUTER_BOUND('',#372,.T.);
#145=FACE_OUTER_BOUND('',#374,.T.);
#146=FACE_OUTER_BOUND('',#375,.T.);
#147=FACE_OUTER_BOUND('',#376,.T.);
#148=FACE_OUTER_BOUND('',#377,.T.);
#149=FACE_OUTER_BOUND('',#378,.T.);
#150=FACE_OUTER_BOUND('',#379,.T.);
#151=FACE_OUTER_BOUND('',#380,.T.);
#152=FACE_OUTER_BOUND('',#381,.T.);
#153=FACE_OUTER_BOUND('',#383,.T.);
#154=FACE_OUTER_BOUND('',#384,.T.);
#155=FACE_OUTER_BOUND('',#385,.T.);
#156=FACE_OUTER_BOUND('',#386,.T.);
#157=FACE_OUTER_BOUND('',#387,.T.);
#158=FACE_OUTER_BOUND('',#388,.T.);
#159=FACE_OUTER_BOUND('',#389,.T.);
#160=FACE_OUTER_BOUND('',#390,.T.);
#161=FACE_OUTER_BOUND('',#392,.T.);
#162=FACE_OUTER_BOUND('',#393,.T.);
#163=FACE_OUTER_BOUND('',#394,.T.);
#164=FACE_OUTER_BOUND('',#395,.T.);
#165=FACE_OUTER_BOUND('',#396,.T.);
#166=FACE_OUTER_BOUND('',#397,.T.);
#167=FACE_OUTER_BOUND('',#398,.T.);
#168=FACE_OUTER_BOUND('',#399,.T.);
#169=FACE_OUTER_BOUND('',#400,.T.);
#170=FACE_OUTER_BOUND('',#401,.T.);
#171=FACE_OUTER_BOUND('',#402,.T.);
#172=FACE_OUTER_BOUND('',#403,.T.);
#173=FACE_OUTER_BOUND('',#404,.T.);
#174=FACE_OUTER_BOUND('',#405,.T.);
#175=FACE_OUTER_BOUND('',#406,.T.);
#176=FACE_OUTER_BOUND('',#414,.T.);
#177=FACE_OUTER_BOUND('',#415,.T.);
#178=FACE_OUTER_BOUND('',#416,.T.);
#179=FACE_OUTER_BOUND('',#417,.T.);
#180=FACE_OUTER_BOUND('',#418,.T.);
#181=FACE_OUTER_BOUND('',#419,.T.);
#182=FACE_OUTER_BOUND('',#420,.T.);
#183=FACE_OUTER_BOUND('',#421,.T.);
#184=FACE_OUTER_BOUND('',#422,.T.);
#185=FACE_OUTER_BOUND('',#423,.T.);
#186=FACE_OUTER_BOUND('',#424,.T.);
#187=FACE_OUTER_BOUND('',#425,.T.);
#188=FACE_OUTER_BOUND('',#426,.T.);
#189=FACE_OUTER_BOUND('',#427,.T.);
#190=FACE_OUTER_BOUND('',#428,.T.);
#191=FACE_OUTER_BOUND('',#429,.T.);
#192=FACE_OUTER_BOUND('',#430,.T.);
#193=FACE_OUTER_BOUND('',#431,.T.);
#194=FACE_OUTER_BOUND('',#432,.T.);
#195=FACE_OUTER_BOUND('',#433,.T.);
#196=FACE_OUTER_BOUND('',#434,.T.);
#197=FACE_OUTER_BOUND('',#435,.T.);
#198=FACE_OUTER_BOUND('',#436,.T.);
#199=FACE_OUTER_BOUND('',#437,.T.);
#200=FACE_OUTER_BOUND('',#438,.T.);
#201=FACE_OUTER_BOUND('',#439,.T.);
#202=FACE_OUTER_BOUND('',#440,.T.);
#203=FACE_OUTER_BOUND('',#441,.T.);
#204=FACE_OUTER_BOUND('',#442,.T.);
#205=FACE_OUTER_BOUND('',#443,.T.);
#206=FACE_OUTER_BOUND('',#444,.T.);
#207=FACE_OUTER_BOUND('',#445,.T.);
#208=FACE_OUTER_BOUND('',#446,.T.);
#209=FACE_OUTER_BOUND('',#447,.T.);
#210=FACE_OUTER_BOUND('',#448,.T.);
#211=FACE_OUTER_BOUND('',#449,.T.);
#212=FACE_OUTER_BOUND('',#450,.T.);
#213=FACE_OUTER_BOUND('',#451,.T.);
#214=FACE_OUTER_BOUND('',#452,.T.);
#215=FACE_OUTER_BOUND('',#453,.T.);
#216=FACE_OUTER_BOUND('',#454,.T.);
#217=FACE_OUTER_BOUND('',#455,.T.);
#218=FACE_OUTER_BOUND('',#456,.T.);
#219=FACE_OUTER_BOUND('',#457,.T.);
#220=FACE_OUTER_BOUND('',#458,.T.);
#221=FACE_OUTER_BOUND('',#459,.T.);
#222=FACE_OUTER_BOUND('',#460,.T.);
#223=FACE_OUTER_BOUND('',#461,.T.);
#224=FACE_OUTER_BOUND('',#462,.T.);
#225=FACE_OUTER_BOUND('',#463,.T.);
#226=FACE_OUTER_BOUND('',#464,.T.);
#227=FACE_OUTER_BOUND('',#465,.T.);
#228=FACE_OUTER_BOUND('',#466,.T.);
#229=FACE_OUTER_BOUND('',#467,.T.);
#230=FACE_OUTER_BOUND('',#468,.T.);
#231=FACE_OUTER_BOUND('',#469,.T.);
#232=FACE_OUTER_BOUND('',#470,.T.);
#233=FACE_OUTER_BOUND('',#471,.T.);
#234=FACE_OUTER_BOUND('',#472,.T.);
#235=FACE_OUTER_BOUND('',#473,.T.);
#236=FACE_OUTER_BOUND('',#474,.T.);
#237=FACE_OUTER_BOUND('',#475,.T.);
#238=FACE_OUTER_BOUND('',#476,.T.);
#239=FACE_OUTER_BOUND('',#477,.T.);
#240=FACE_OUTER_BOUND('',#478,.T.);
#241=FACE_OUTER_BOUND('',#479,.T.);
#242=FACE_OUTER_BOUND('',#480,.T.);
#243=FACE_OUTER_BOUND('',#481,.T.);
#244=FACE_OUTER_BOUND('',#482,.T.);
#245=FACE_OUTER_BOUND('',#483,.T.);
#246=FACE_OUTER_BOUND('',#484,.T.);
#247=FACE_OUTER_BOUND('',#485,.T.);
#248=FACE_OUTER_BOUND('',#486,.T.);
#249=FACE_OUTER_BOUND('',#487,.T.);
#250=FACE_OUTER_BOUND('',#488,.T.);
#251=FACE_OUTER_BOUND('',#489,.T.);
#252=FACE_OUTER_BOUND('',#490,.T.);
#253=FACE_OUTER_BOUND('',#491,.T.);
#254=FACE_OUTER_BOUND('',#492,.T.);
#255=FACE_OUTER_BOUND('',#493,.T.);
#256=FACE_OUTER_BOUND('',#494,.T.);
#257=FACE_OUTER_BOUND('',#495,.T.);
#258=FACE_OUTER_BOUND('',#496,.T.);
#259=FACE_OUTER_BOUND('',#497,.T.);
#260=FACE_OUTER_BOUND('',#498,.T.);
#261=FACE_OUTER_BOUND('',#499,.T.);
#262=FACE_OUTER_BOUND('',#500,.T.);
#263=FACE_OUTER_BOUND('',#501,.T.);
#264=FACE_OUTER_BOUND('',#502,.T.);
#265=FACE_OUTER_BOUND('',#503,.T.);
#266=FACE_OUTER_BOUND('',#504,.T.);
#267=FACE_OUTER_BOUND('',#505,.T.);
#268=FACE_OUTER_BOUND('',#506,.T.);
#269=FACE_OUTER_BOUND('',#507,.T.);
#270=FACE_OUTER_BOUND('',#508,.T.);
#271=FACE_OUTER_BOUND('',#509,.T.);
#272=FACE_OUTER_BOUND('',#510,.T.);
#273=FACE_OUTER_BOUND('',#511,.T.);
#274=FACE_OUTER_BOUND('',#512,.T.);
#275=FACE_OUTER_BOUND('',#513,.T.);
#276=FACE_OUTER_BOUND('',#514,.T.);
#277=FACE_OUTER_BOUND('',#515,.T.);
#278=FACE_OUTER_BOUND('',#516,.T.);
#279=FACE_OUTER_BOUND('',#517,.T.);
#280=FACE_OUTER_BOUND('',#518,.T.);
#281=FACE_OUTER_BOUND('',#519,.T.);
#282=FACE_OUTER_BOUND('',#520,.T.);
#283=FACE_OUTER_BOUND('',#521,.T.);
#284=FACE_OUTER_BOUND('',#522,.T.);
#285=FACE_OUTER_BOUND('',#523,.T.);
#286=FACE_OUTER_BOUND('',#524,.T.);
#287=FACE_OUTER_BOUND('',#525,.T.);
#288=FACE_OUTER_BOUND('',#526,.T.);
#289=FACE_OUTER_BOUND('',#527,.T.);
#290=FACE_OUTER_BOUND('',#528,.T.);
#291=FACE_OUTER_BOUND('',#529,.T.);
#292=FACE_OUTER_BOUND('',#530,.T.);
#293=FACE_OUTER_BOUND('',#531,.T.);
#294=FACE_OUTER_BOUND('',#532,.T.);
#295=FACE_OUTER_BOUND('',#533,.T.);
#296=FACE_OUTER_BOUND('',#534,.T.);
#297=FACE_OUTER_BOUND('',#535,.T.);
#298=FACE_OUTER_BOUND('',#536,.T.);
#299=FACE_OUTER_BOUND('',#537,.T.);
#300=FACE_OUTER_BOUND('',#538,.T.);
#301=FACE_OUTER_BOUND('',#539,.T.);
#302=FACE_OUTER_BOUND('',#540,.T.);
#303=FACE_OUTER_BOUND('',#541,.T.);
#304=FACE_OUTER_BOUND('',#542,.T.);
#305=FACE_OUTER_BOUND('',#543,.T.);
#306=FACE_OUTER_BOUND('',#544,.T.);
#307=FACE_OUTER_BOUND('',#545,.T.);
#308=FACE_OUTER_BOUND('',#546,.T.);
#309=EDGE_LOOP('',(#2591,#2592,#2593,#2594));
#310=EDGE_LOOP('',(#2595,#2596,#2597,#2598));
#311=EDGE_LOOP('',(#2599,#2600,#2601,#2602));
#312=EDGE_LOOP('',(#2603,#2604,#2605,#2606));
#313=EDGE_LOOP('',(#2607,#2608,#2609,#2610));
#314=EDGE_LOOP('',(#2611,#2612,#2613,#2614));
#315=EDGE_LOOP('',(#2615,#2616,#2617,#2618,#2619,#2620,#2621,#2622,#2623,
#2624));
#316=EDGE_LOOP('',(#2625,#2626,#2627,#2628,#2629,#2630));
#317=EDGE_LOOP('',(#2631,#2632,#2633,#2634,#2635,#2636));
#318=EDGE_LOOP('',(#2637,#2638,#2639,#2640,#2641,#2642,#2643,#2644,#2645,
#2646));
#319=EDGE_LOOP('',(#2647,#2648,#2649,#2650));
#320=EDGE_LOOP('',(#2651,#2652,#2653,#2654,#2655,#2656));
#321=EDGE_LOOP('',(#2657,#2658,#2659,#2660));
#322=EDGE_LOOP('',(#2661,#2662,#2663,#2664,#2665,#2666));
#323=EDGE_LOOP('',(#2667,#2668,#2669,#2670,#2671,#2672,#2673,#2674));
#324=EDGE_LOOP('',(#2675,#2676,#2677,#2678,#2679,#2680));
#325=EDGE_LOOP('',(#2681,#2682,#2683,#2684));
#326=EDGE_LOOP('',(#2685,#2686,#2687,#2688,#2689,#2690,#2691,#2692,#2693,
#2694,#2695,#2696,#2697,#2698,#2699,#2700,#2701,#2702,#2703,#2704,#2705,
#2706,#2707,#2708,#2709,#2710,#2711,#2712,#2713,#2714,#2715,#2716,#2717,
#2718,#2719,#2720,#2721,#2722,#2723,#2724));
#327=EDGE_LOOP('',(#2725,#2726,#2727,#2728,#2729,#2730,#2731,#2732,#2733,
#2734));
#328=EDGE_LOOP('',(#2735,#2736,#2737,#2738));
#329=EDGE_LOOP('',(#2739,#2740,#2741,#2742));
#330=EDGE_LOOP('',(#2743,#2744,#2745,#2746));
#331=EDGE_LOOP('',(#2747,#2748,#2749,#2750,#2751));
#332=EDGE_LOOP('',(#2752,#2753,#2754,#2755));
#333=EDGE_LOOP('',(#2756,#2757,#2758,#2759));
#334=EDGE_LOOP('',(#2760,#2761,#2762,#2763,#2764,#2765));
#335=EDGE_LOOP('',(#2766,#2767,#2768,#2769,#2770,#2771));
#336=EDGE_LOOP('',(#2772,#2773,#2774,#2775));
#337=EDGE_LOOP('',(#2776,#2777,#2778,#2779,#2780,#2781,#2782,#2783));
#338=EDGE_LOOP('',(#2784,#2785,#2786,#2787,#2788,#2789));
#339=EDGE_LOOP('',(#2790,#2791,#2792,#2793));
#340=EDGE_LOOP('',(#2794,#2795,#2796,#2797,#2798,#2799,#2800,#2801,#2802,
#2803,#2804,#2805));
#341=EDGE_LOOP('',(#2806,#2807,#2808,#2809));
#342=EDGE_LOOP('',(#2810,#2811,#2812,#2813));
#343=EDGE_LOOP('',(#2814,#2815,#2816,#2817));
#344=EDGE_LOOP('',(#2818,#2819,#2820,#2821,#2822));
#345=EDGE_LOOP('',(#2823,#2824,#2825,#2826,#2827,#2828,#2829,#2830));
#346=EDGE_LOOP('',(#2831,#2832,#2833,#2834));
#347=EDGE_LOOP('',(#2835,#2836,#2837,#2838));
#348=EDGE_LOOP('',(#2839,#2840,#2841,#2842));
#349=EDGE_LOOP('',(#2843,#2844,#2845,#2846));
#350=EDGE_LOOP('',(#2847,#2848,#2849,#2850));
#351=EDGE_LOOP('',(#2851,#2852,#2853,#2854));
#352=EDGE_LOOP('',(#2855,#2856,#2857,#2858));
#353=EDGE_LOOP('',(#2859,#2860,#2861,#2862));
#354=EDGE_LOOP('',(#2863,#2864,#2865,#2866));
#355=EDGE_LOOP('',(#2867,#2868,#2869,#2870));
#356=EDGE_LOOP('',(#2871,#2872,#2873,#2874));
#357=EDGE_LOOP('',(#2875,#2876,#2877,#2878));
#358=EDGE_LOOP('',(#2879,#2880,#2881,#2882));
#359=EDGE_LOOP('',(#2883,#2884,#2885,#2886));
#360=EDGE_LOOP('',(#2887,#2888,#2889,#2890));
#361=EDGE_LOOP('',(#2891,#2892,#2893,#2894));
#362=EDGE_LOOP('',(#2895,#2896,#2897,#2898));
#363=EDGE_LOOP('',(#2899,#2900,#2901,#2902));
#364=EDGE_LOOP('',(#2903,#2904,#2905,#2906));
#365=EDGE_LOOP('',(#2907,#2908,#2909,#2910));
#366=EDGE_LOOP('',(#2911,#2912,#2913,#2914));
#367=EDGE_LOOP('',(#2915,#2916,#2917,#2918));
#368=EDGE_LOOP('',(#2919,#2920,#2921,#2922));
#369=EDGE_LOOP('',(#2923,#2924,#2925,#2926));
#370=EDGE_LOOP('',(#2927,#2928,#2929,#2930));
#371=EDGE_LOOP('',(#2931,#2932,#2933,#2934));
#372=EDGE_LOOP('',(#2935,#2936,#2937,#2938));
#373=EDGE_LOOP('',(#2939,#2940,#2941,#2942));
#374=EDGE_LOOP('',(#2943,#2944,#2945,#2946));
#375=EDGE_LOOP('',(#2947,#2948,#2949,#2950));
#376=EDGE_LOOP('',(#2951,#2952,#2953,#2954));
#377=EDGE_LOOP('',(#2955,#2956,#2957,#2958));
#378=EDGE_LOOP('',(#2959,#2960,#2961,#2962));
#379=EDGE_LOOP('',(#2963,#2964,#2965,#2966));
#380=EDGE_LOOP('',(#2967,#2968,#2969,#2970));
#381=EDGE_LOOP('',(#2971,#2972,#2973,#2974));
#382=EDGE_LOOP('',(#2975,#2976,#2977,#2978));
#383=EDGE_LOOP('',(#2979,#2980,#2981,#2982));
#384=EDGE_LOOP('',(#2983,#2984,#2985,#2986));
#385=EDGE_LOOP('',(#2987,#2988,#2989,#2990));
#386=EDGE_LOOP('',(#2991,#2992,#2993,#2994));
#387=EDGE_LOOP('',(#2995,#2996,#2997,#2998));
#388=EDGE_LOOP('',(#2999,#3000,#3001,#3002));
#389=EDGE_LOOP('',(#3003,#3004,#3005,#3006));
#390=EDGE_LOOP('',(#3007,#3008,#3009,#3010));
#391=EDGE_LOOP('',(#3011,#3012,#3013,#3014));
#392=EDGE_LOOP('',(#3015,#3016,#3017,#3018));
#393=EDGE_LOOP('',(#3019,#3020,#3021,#3022));
#394=EDGE_LOOP('',(#3023,#3024,#3025,#3026));
#395=EDGE_LOOP('',(#3027,#3028,#3029,#3030));
#396=EDGE_LOOP('',(#3031,#3032,#3033,#3034));
#397=EDGE_LOOP('',(#3035,#3036,#3037,#3038));
#398=EDGE_LOOP('',(#3039,#3040,#3041,#3042));
#399=EDGE_LOOP('',(#3043,#3044,#3045,#3046));
#400=EDGE_LOOP('',(#3047,#3048,#3049,#3050,#3051,#3052,#3053,#3054,#3055,
#3056,#3057,#3058,#3059,#3060,#3061,#3062,#3063,#3064,#3065,#3066,#3067,
#3068,#3069,#3070,#3071,#3072,#3073,#3074,#3075,#3076,#3077,#3078,#3079,
#3080));
#401=EDGE_LOOP('',(#3081,#3082,#3083,#3084));
#402=EDGE_LOOP('',(#3085,#3086,#3087,#3088));
#403=EDGE_LOOP('',(#3089,#3090,#3091,#3092));
#404=EDGE_LOOP('',(#3093,#3094,#3095,#3096));
#405=EDGE_LOOP('',(#3097,#3098,#3099,#3100));
#406=EDGE_LOOP('',(#3101,#3102,#3103,#3104,#3105,#3106,#3107,#3108));
#407=EDGE_LOOP('',(#3109,#3110,#3111,#3112));
#408=EDGE_LOOP('',(#3113,#3114,#3115,#3116));
#409=EDGE_LOOP('',(#3117,#3118,#3119,#3120));
#410=EDGE_LOOP('',(#3121,#3122,#3123,#3124));
#411=EDGE_LOOP('',(#3125,#3126,#3127,#3128));
#412=EDGE_LOOP('',(#3129,#3130,#3131,#3132));
#413=EDGE_LOOP('',(#3133,#3134,#3135,#3136));
#414=EDGE_LOOP('',(#3137,#3138,#3139,#3140));
#415=EDGE_LOOP('',(#3141,#3142,#3143,#3144));
#416=EDGE_LOOP('',(#3145,#3146,#3147,#3148,#3149,#3150,#3151,#3152,#3153,
#3154,#3155,#3156));
#417=EDGE_LOOP('',(#3157,#3158,#3159,#3160,#3161,#3162));
#418=EDGE_LOOP('',(#3163,#3164,#3165,#3166,#3167,#3168));
#419=EDGE_LOOP('',(#3169,#3170,#3171,#3172,#3173,#3174,#3175,#3176));
#420=EDGE_LOOP('',(#3177,#3178,#3179,#3180,#3181,#3182,#3183,#3184,#3185,
#3186));
#421=EDGE_LOOP('',(#3187,#3188,#3189,#3190));
#422=EDGE_LOOP('',(#3191,#3192,#3193,#3194));
#423=EDGE_LOOP('',(#3195,#3196,#3197,#3198));
#424=EDGE_LOOP('',(#3199,#3200,#3201,#3202));
#425=EDGE_LOOP('',(#3203,#3204,#3205,#3206,#3207,#3208,#3209,#3210));
#426=EDGE_LOOP('',(#3211,#3212,#3213,#3214));
#427=EDGE_LOOP('',(#3215,#3216,#3217,#3218));
#428=EDGE_LOOP('',(#3219,#3220,#3221,#3222));
#429=EDGE_LOOP('',(#3223,#3224,#3225,#3226));
#430=EDGE_LOOP('',(#3227,#3228,#3229,#3230));
#431=EDGE_LOOP('',(#3231,#3232,#3233,#3234));
#432=EDGE_LOOP('',(#3235,#3236,#3237,#3238));
#433=EDGE_LOOP('',(#3239,#3240,#3241,#3242,#3243,#3244,#3245,#3246));
#434=EDGE_LOOP('',(#3247,#3248,#3249,#3250));
#435=EDGE_LOOP('',(#3251,#3252,#3253,#3254));
#436=EDGE_LOOP('',(#3255,#3256,#3257,#3258));
#437=EDGE_LOOP('',(#3259,#3260,#3261,#3262));
#438=EDGE_LOOP('',(#3263,#3264,#3265,#3266));
#439=EDGE_LOOP('',(#3267,#3268,#3269,#3270));
#440=EDGE_LOOP('',(#3271,#3272,#3273,#3274));
#441=EDGE_LOOP('',(#3275,#3276,#3277,#3278));
#442=EDGE_LOOP('',(#3279,#3280,#3281,#3282));
#443=EDGE_LOOP('',(#3283,#3284,#3285,#3286,#3287,#3288,#3289,#3290));
#444=EDGE_LOOP('',(#3291,#3292,#3293,#3294));
#445=EDGE_LOOP('',(#3295,#3296,#3297,#3298));
#446=EDGE_LOOP('',(#3299,#3300,#3301,#3302));
#447=EDGE_LOOP('',(#3303,#3304,#3305,#3306));
#448=EDGE_LOOP('',(#3307,#3308,#3309,#3310));
#449=EDGE_LOOP('',(#3311,#3312,#3313,#3314));
#450=EDGE_LOOP('',(#3315,#3316,#3317,#3318));
#451=EDGE_LOOP('',(#3319,#3320,#3321,#3322,#3323,#3324,#3325,#3326));
#452=EDGE_LOOP('',(#3327,#3328,#3329,#3330));
#453=EDGE_LOOP('',(#3331,#3332,#3333,#3334));
#454=EDGE_LOOP('',(#3335,#3336,#3337,#3338));
#455=EDGE_LOOP('',(#3339,#3340,#3341,#3342));
#456=EDGE_LOOP('',(#3343,#3344,#3345,#3346));
#457=EDGE_LOOP('',(#3347,#3348,#3349,#3350));
#458=EDGE_LOOP('',(#3351,#3352,#3353,#3354));
#459=EDGE_LOOP('',(#3355,#3356,#3357,#3358));
#460=EDGE_LOOP('',(#3359,#3360,#3361,#3362));
#461=EDGE_LOOP('',(#3363,#3364,#3365,#3366,#3367,#3368,#3369,#3370));
#462=EDGE_LOOP('',(#3371,#3372,#3373,#3374));
#463=EDGE_LOOP('',(#3375,#3376,#3377,#3378));
#464=EDGE_LOOP('',(#3379,#3380,#3381,#3382));
#465=EDGE_LOOP('',(#3383,#3384,#3385,#3386));
#466=EDGE_LOOP('',(#3387,#3388,#3389,#3390));
#467=EDGE_LOOP('',(#3391,#3392,#3393,#3394));
#468=EDGE_LOOP('',(#3395,#3396,#3397,#3398));
#469=EDGE_LOOP('',(#3399,#3400,#3401,#3402,#3403,#3404,#3405,#3406));
#470=EDGE_LOOP('',(#3407,#3408,#3409,#3410));
#471=EDGE_LOOP('',(#3411,#3412,#3413,#3414));
#472=EDGE_LOOP('',(#3415,#3416,#3417,#3418));
#473=EDGE_LOOP('',(#3419,#3420,#3421,#3422));
#474=EDGE_LOOP('',(#3423,#3424,#3425,#3426));
#475=EDGE_LOOP('',(#3427,#3428,#3429,#3430));
#476=EDGE_LOOP('',(#3431,#3432,#3433,#3434));
#477=EDGE_LOOP('',(#3435,#3436,#3437,#3438));
#478=EDGE_LOOP('',(#3439,#3440,#3441,#3442));
#479=EDGE_LOOP('',(#3443,#3444,#3445,#3446,#3447,#3448,#3449,#3450));
#480=EDGE_LOOP('',(#3451,#3452,#3453,#3454));
#481=EDGE_LOOP('',(#3455,#3456,#3457,#3458));
#482=EDGE_LOOP('',(#3459,#3460,#3461,#3462));
#483=EDGE_LOOP('',(#3463,#3464,#3465,#3466));
#484=EDGE_LOOP('',(#3467,#3468,#3469,#3470));
#485=EDGE_LOOP('',(#3471,#3472,#3473,#3474));
#486=EDGE_LOOP('',(#3475,#3476,#3477,#3478));
#487=EDGE_LOOP('',(#3479,#3480,#3481,#3482,#3483,#3484,#3485,#3486));
#488=EDGE_LOOP('',(#3487,#3488,#3489,#3490));
#489=EDGE_LOOP('',(#3491,#3492,#3493,#3494));
#490=EDGE_LOOP('',(#3495,#3496,#3497,#3498));
#491=EDGE_LOOP('',(#3499,#3500,#3501,#3502));
#492=EDGE_LOOP('',(#3503,#3504,#3505,#3506));
#493=EDGE_LOOP('',(#3507,#3508,#3509,#3510));
#494=EDGE_LOOP('',(#3511,#3512,#3513,#3514));
#495=EDGE_LOOP('',(#3515,#3516,#3517,#3518));
#496=EDGE_LOOP('',(#3519,#3520,#3521,#3522));
#497=EDGE_LOOP('',(#3523,#3524,#3525,#3526,#3527,#3528,#3529,#3530));
#498=EDGE_LOOP('',(#3531,#3532,#3533,#3534));
#499=EDGE_LOOP('',(#3535,#3536,#3537,#3538));
#500=EDGE_LOOP('',(#3539,#3540,#3541,#3542));
#501=EDGE_LOOP('',(#3543,#3544,#3545,#3546));
#502=EDGE_LOOP('',(#3547,#3548,#3549,#3550));
#503=EDGE_LOOP('',(#3551,#3552,#3553,#3554));
#504=EDGE_LOOP('',(#3555,#3556,#3557,#3558));
#505=EDGE_LOOP('',(#3559,#3560,#3561,#3562,#3563,#3564,#3565,#3566));
#506=EDGE_LOOP('',(#3567,#3568,#3569,#3570));
#507=EDGE_LOOP('',(#3571,#3572,#3573,#3574));
#508=EDGE_LOOP('',(#3575,#3576,#3577,#3578));
#509=EDGE_LOOP('',(#3579,#3580,#3581,#3582));
#510=EDGE_LOOP('',(#3583,#3584,#3585,#3586));
#511=EDGE_LOOP('',(#3587,#3588,#3589,#3590));
#512=EDGE_LOOP('',(#3591,#3592,#3593,#3594));
#513=EDGE_LOOP('',(#3595,#3596,#3597,#3598));
#514=EDGE_LOOP('',(#3599,#3600,#3601,#3602));
#515=EDGE_LOOP('',(#3603,#3604,#3605,#3606,#3607,#3608,#3609,#3610));
#516=EDGE_LOOP('',(#3611,#3612,#3613,#3614));
#517=EDGE_LOOP('',(#3615,#3616,#3617,#3618));
#518=EDGE_LOOP('',(#3619,#3620,#3621,#3622));
#519=EDGE_LOOP('',(#3623,#3624,#3625,#3626));
#520=EDGE_LOOP('',(#3627,#3628,#3629,#3630));
#521=EDGE_LOOP('',(#3631,#3632,#3633,#3634));
#522=EDGE_LOOP('',(#3635,#3636,#3637,#3638));
#523=EDGE_LOOP('',(#3639,#3640,#3641,#3642,#3643,#3644,#3645,#3646));
#524=EDGE_LOOP('',(#3647,#3648,#3649,#3650));
#525=EDGE_LOOP('',(#3651,#3652,#3653,#3654));
#526=EDGE_LOOP('',(#3655,#3656,#3657,#3658));
#527=EDGE_LOOP('',(#3659,#3660,#3661,#3662));
#528=EDGE_LOOP('',(#3663,#3664,#3665,#3666));
#529=EDGE_LOOP('',(#3667,#3668,#3669,#3670));
#530=EDGE_LOOP('',(#3671,#3672,#3673,#3674));
#531=EDGE_LOOP('',(#3675,#3676,#3677,#3678));
#532=EDGE_LOOP('',(#3679,#3680,#3681,#3682));
#533=EDGE_LOOP('',(#3683,#3684,#3685,#3686,#3687,#3688,#3689,#3690));
#534=EDGE_LOOP('',(#3691,#3692,#3693,#3694));
#535=EDGE_LOOP('',(#3695,#3696,#3697,#3698));
#536=EDGE_LOOP('',(#3699,#3700,#3701,#3702));
#537=EDGE_LOOP('',(#3703,#3704,#3705,#3706));
#538=EDGE_LOOP('',(#3707,#3708,#3709,#3710));
#539=EDGE_LOOP('',(#3711,#3712,#3713,#3714));
#540=EDGE_LOOP('',(#3715,#3716,#3717,#3718));
#541=EDGE_LOOP('',(#3719,#3720,#3721,#3722,#3723,#3724,#3725,#3726));
#542=EDGE_LOOP('',(#3727,#3728,#3729,#3730));
#543=EDGE_LOOP('',(#3731,#3732,#3733,#3734));
#544=EDGE_LOOP('',(#3735,#3736,#3737,#3738));
#545=EDGE_LOOP('',(#3739,#3740,#3741,#3742));
#546=EDGE_LOOP('',(#3743,#3744,#3745,#3746));
#547=LINE('',#5502,#1097);
#548=LINE('',#5504,#1098);
#549=LINE('',#5506,#1099);
#550=LINE('',#5507,#1100);
#551=LINE('',#5510,#1101);
#552=LINE('',#5512,#1102);
#553=LINE('',#5513,#1103);
#554=LINE('',#5516,#1104);
#555=LINE('',#5518,#1105);
#556=LINE('',#5519,#1106);
#557=LINE('',#5523,#1107);
#558=LINE('',#5525,#1108);
#559=LINE('',#5527,#1109);
#560=LINE('',#5528,#1110);
#561=LINE('',#5531,#1111);
#562=LINE('',#5533,#1112);
#563=LINE('',#5534,#1113);
#564=LINE('',#5537,#1114);
#565=LINE('',#5539,#1115);
#566=LINE('',#5540,#1116);
#567=LINE('',#5543,#1117);
#568=LINE('',#5545,#1118);
#569=LINE('',#5547,#1119);
#570=LINE('',#5549,#1120);
#571=LINE('',#5551,#1121);
#572=LINE('',#5553,#1122);
#573=LINE('',#5554,#1123);
#574=LINE('',#5557,#1124);
#575=LINE('',#5559,#1125);
#576=LINE('',#5561,#1126);
#577=LINE('',#5562,#1127);
#578=LINE('',#5565,#1128);
#579=LINE('',#5567,#1129);
#580=LINE('',#5569,#1130);
#581=LINE('',#5571,#1131);
#582=LINE('',#5572,#1132);
#583=LINE('',#5575,#1133);
#584=LINE('',#5577,#1134);
#585=LINE('',#5579,#1135);
#586=LINE('',#5581,#1136);
#587=LINE('',#5583,#1137);
#588=LINE('',#5584,#1138);
#589=LINE('',#5587,#1139);
#590=LINE('',#5589,#1140);
#591=LINE('',#5590,#1141);
#592=LINE('',#5594,#1142);
#593=LINE('',#5596,#1143);
#594=LINE('',#5598,#1144);
#595=LINE('',#5600,#1145);
#596=LINE('',#5602,#1146);
#597=LINE('',#5603,#1147);
#598=LINE('',#5606,#1148);
#599=LINE('',#5608,#1149);
#600=LINE('',#5609,#1150);
#601=LINE('',#5613,#1151);
#602=LINE('',#5614,#1152);
#603=LINE('',#5616,#1153);
#604=LINE('',#5618,#1154);
#605=LINE('',#5619,#1155);
#606=LINE('',#5622,#1156);
#607=LINE('',#5623,#1157);
#608=LINE('',#5625,#1158);
#609=LINE('',#5627,#1159);
#610=LINE('',#5628,#1160);
#611=LINE('',#5631,#1161);
#612=LINE('',#5633,#1162);
#613=LINE('',#5635,#1163);
#614=LINE('',#5636,#1164);
#615=LINE('',#5639,#1165);
#616=LINE('',#5641,#1166);
#617=LINE('',#5643,#1167);
#618=LINE('',#5644,#1168);
#619=LINE('',#5647,#1169);
#620=LINE('',#5648,#1170);
#621=LINE('',#5650,#1171);
#622=LINE('',#5652,#1172);
#623=LINE('',#5654,#1173);
#624=LINE('',#5656,#1174);
#625=LINE('',#5658,#1175);
#626=LINE('',#5660,#1176);
#627=LINE('',#5662,#1177);
#628=LINE('',#5664,#1178);
#629=LINE('',#5666,#1179);
#630=LINE('',#5668,#1180);
#631=LINE('',#5670,#1181);
#632=LINE('',#5672,#1182);
#633=LINE('',#5674,#1183);
#634=LINE('',#5676,#1184);
#635=LINE('',#5678,#1185);
#636=LINE('',#5680,#1186);
#637=LINE('',#5682,#1187);
#638=LINE('',#5684,#1188);
#639=LINE('',#5686,#1189);
#640=LINE('',#5688,#1190);
#641=LINE('',#5690,#1191);
#642=LINE('',#5692,#1192);
#643=LINE('',#5694,#1193);
#644=LINE('',#5696,#1194);
#645=LINE('',#5698,#1195);
#646=LINE('',#5700,#1196);
#647=LINE('',#5702,#1197);
#648=LINE('',#5704,#1198);
#649=LINE('',#5705,#1199);
#650=LINE('',#5706,#1200);
#651=LINE('',#5709,#1201);
#652=LINE('',#5711,#1202);
#653=LINE('',#5712,#1203);
#654=LINE('',#5713,#1204);
#655=LINE('',#5716,#1205);
#656=LINE('',#5718,#1206);
#657=LINE('',#5719,#1207);
#658=LINE('',#5723,#1208);
#659=LINE('',#5725,#1209);
#660=LINE('',#5727,#1210);
#661=LINE('',#5728,#1211);
#662=LINE('',#5731,#1212);
#663=LINE('',#5732,#1213);
#664=LINE('',#5734,#1214);
#665=LINE('',#5735,#1215);
#666=LINE('',#5738,#1216);
#667=LINE('',#5739,#1217);
#668=LINE('',#5741,#1218);
#669=LINE('',#5745,#1219);
#670=LINE('',#5747,#1220);
#671=LINE('',#5748,#1221);
#672=LINE('',#5750,#1222);
#673=LINE('',#5751,#1223);
#674=LINE('',#5753,#1224);
#675=LINE('',#5755,#1225);
#676=LINE('',#5756,#1226);
#677=LINE('',#5759,#1227);
#678=LINE('',#5760,#1228);
#679=LINE('',#5762,#1229);
#680=LINE('',#5764,#1230);
#681=LINE('',#5766,#1231);
#682=LINE('',#5767,#1232);
#683=LINE('',#5770,#1233);
#684=LINE('',#5772,#1234);
#685=LINE('',#5773,#1235);
#686=LINE('',#5776,#1236);
#687=LINE('',#5778,#1237);
#688=LINE('',#5780,#1238);
#689=LINE('',#5781,#1239);
#690=LINE('',#5783,#1240);
#691=LINE('',#5787,#1241);
#692=LINE('',#5789,#1242);
#693=LINE('',#5791,#1243);
#694=LINE('',#5792,#1244);
#695=LINE('',#5796,#1245);
#696=LINE('',#5798,#1246);
#697=LINE('',#5800,#1247);
#698=LINE('',#5801,#1248);
#699=LINE('',#5804,#1249);
#700=LINE('',#5806,#1250);
#701=LINE('',#5807,#1251);
#702=LINE('',#5809,#1252);
#703=LINE('',#5810,#1253);
#704=LINE('',#5812,#1254);
#705=LINE('',#5814,#1255);
#706=LINE('',#5815,#1256);
#707=LINE('',#5818,#1257);
#708=LINE('',#5819,#1258);
#709=LINE('',#5821,#1259);
#710=LINE('',#5824,#1260);
#711=LINE('',#5825,#1261);
#712=LINE('',#5828,#1262);
#713=LINE('',#5830,#1263);
#714=LINE('',#5831,#1264);
#715=LINE('',#5834,#1265);
#716=LINE('',#5835,#1266);
#717=LINE('',#5838,#1267);
#718=LINE('',#5839,#1268);
#719=LINE('',#5841,#1269);
#720=LINE('',#5845,#1270);
#721=LINE('',#5846,#1271);
#722=LINE('',#5847,#1272);
#723=LINE('',#5850,#1273);
#724=LINE('',#5851,#1274);
#725=LINE('',#5854,#1275);
#726=LINE('',#5856,#1276);
#727=LINE('',#5858,#1277);
#728=LINE('',#5859,#1278);
#729=LINE('',#5861,#1279);
#730=LINE('',#5864,#1280);
#731=LINE('',#5865,#1281);
#732=LINE('',#5868,#1282);
#733=LINE('',#5870,#1283);
#734=LINE('',#5871,#1284);
#735=LINE('',#5874,#1285);
#736=LINE('',#5875,#1286);
#737=LINE('',#5878,#1287);
#738=LINE('',#5879,#1288);
#739=LINE('',#5881,#1289);
#740=LINE('',#5885,#1290);
#741=LINE('',#5886,#1291);
#742=LINE('',#5887,#1292);
#743=LINE('',#5890,#1293);
#744=LINE('',#5891,#1294);
#745=LINE('',#5894,#1295);
#746=LINE('',#5896,#1296);
#747=LINE('',#5898,#1297);
#748=LINE('',#5899,#1298);
#749=LINE('',#5901,#1299);
#750=LINE('',#5904,#1300);
#751=LINE('',#5905,#1301);
#752=LINE('',#5908,#1302);
#753=LINE('',#5910,#1303);
#754=LINE('',#5911,#1304);
#755=LINE('',#5914,#1305);
#756=LINE('',#5915,#1306);
#757=LINE('',#5918,#1307);
#758=LINE('',#5919,#1308);
#759=LINE('',#5921,#1309);
#760=LINE('',#5925,#1310);
#761=LINE('',#5926,#1311);
#762=LINE('',#5927,#1312);
#763=LINE('',#5930,#1313);
#764=LINE('',#5931,#1314);
#765=LINE('',#5934,#1315);
#766=LINE('',#5936,#1316);
#767=LINE('',#5938,#1317);
#768=LINE('',#5939,#1318);
#769=LINE('',#5941,#1319);
#770=LINE('',#5944,#1320);
#771=LINE('',#5945,#1321);
#772=LINE('',#5948,#1322);
#773=LINE('',#5950,#1323);
#774=LINE('',#5951,#1324);
#775=LINE('',#5954,#1325);
#776=LINE('',#5955,#1326);
#777=LINE('',#5958,#1327);
#778=LINE('',#5959,#1328);
#779=LINE('',#5961,#1329);
#780=LINE('',#5965,#1330);
#781=LINE('',#5966,#1331);
#782=LINE('',#5967,#1332);
#783=LINE('',#5970,#1333);
#784=LINE('',#5971,#1334);
#785=LINE('',#5974,#1335);
#786=LINE('',#5976,#1336);
#787=LINE('',#5978,#1337);
#788=LINE('',#5979,#1338);
#789=LINE('',#5981,#1339);
#790=LINE('',#5984,#1340);
#791=LINE('',#5985,#1341);
#792=LINE('',#5988,#1342);
#793=LINE('',#5990,#1343);
#794=LINE('',#5991,#1344);
#795=LINE('',#5994,#1345);
#796=LINE('',#5995,#1346);
#797=LINE('',#5998,#1347);
#798=LINE('',#5999,#1348);
#799=LINE('',#6001,#1349);
#800=LINE('',#6005,#1350);
#801=LINE('',#6006,#1351);
#802=LINE('',#6007,#1352);
#803=LINE('',#6010,#1353);
#804=LINE('',#6011,#1354);
#805=LINE('',#6014,#1355);
#806=LINE('',#6016,#1356);
#807=LINE('',#6018,#1357);
#808=LINE('',#6019,#1358);
#809=LINE('',#6021,#1359);
#810=LINE('',#6024,#1360);
#811=LINE('',#6025,#1361);
#812=LINE('',#6028,#1362);
#813=LINE('',#6030,#1363);
#814=LINE('',#6031,#1364);
#815=LINE('',#6034,#1365);
#816=LINE('',#6035,#1366);
#817=LINE('',#6038,#1367);
#818=LINE('',#6039,#1368);
#819=LINE('',#6041,#1369);
#820=LINE('',#6043,#1370);
#821=LINE('',#6046,#1371);
#822=LINE('',#6047,#1372);
#823=LINE('',#6050,#1373);
#824=LINE('',#6052,#1374);
#825=LINE('',#6053,#1375);
#826=LINE('',#6054,#1376);
#827=LINE('',#6057,#1377);
#828=LINE('',#6059,#1378);
#829=LINE('',#6060,#1379);
#830=LINE('',#6063,#1380);
#831=LINE('',#6064,#1381);
#832=LINE('',#6067,#1382);
#833=LINE('',#6068,#1383);
#834=LINE('',#6070,#1384);
#835=LINE('',#6072,#1385);
#836=LINE('',#6073,#1386);
#837=LINE('',#6077,#1387);
#838=LINE('',#6078,#1388);
#839=LINE('',#6081,#1389);
#840=LINE('',#6082,#1390);
#841=LINE('',#6084,#1391);
#842=LINE('',#6086,#1392);
#843=LINE('',#6087,#1393);
#844=LINE('',#6089,#1394);
#845=LINE('',#6096,#1395);
#846=LINE('',#6098,#1396);
#847=LINE('',#6100,#1397);
#848=LINE('',#6101,#1398);
#849=LINE('',#6104,#1399);
#850=LINE('',#6106,#1400);
#851=LINE('',#6107,#1401);
#852=LINE('',#6110,#1402);
#853=LINE('',#6112,#1403);
#854=LINE('',#6113,#1404);
#855=LINE('',#6115,#1405);
#856=LINE('',#6116,#1406);
#857=LINE('',#6119,#1407);
#858=LINE('',#6123,#1408);
#859=LINE('',#6125,#1409);
#860=LINE('',#6127,#1410);
#861=LINE('',#6130,#1411);
#862=LINE('',#6133,#1412);
#863=LINE('',#6134,#1413);
#864=LINE('',#6139,#1414);
#865=LINE('',#6141,#1415);
#866=LINE('',#6143,#1416);
#867=LINE('',#6144,#1417);
#868=LINE('',#6146,#1418);
#869=LINE('',#6148,#1419);
#870=LINE('',#6149,#1420);
#871=LINE('',#6152,#1421);
#872=LINE('',#6153,#1422);
#873=LINE('',#6154,#1423);
#874=LINE('',#6156,#1424);
#875=LINE('',#6159,#1425);
#876=LINE('',#6160,#1426);
#877=LINE('',#6163,#1427);
#878=LINE('',#6166,#1428);
#879=LINE('',#6170,#1429);
#880=LINE('',#6173,#1430);
#881=LINE('',#6178,#1431);
#882=LINE('',#6180,#1432);
#883=LINE('',#6182,#1433);
#884=LINE('',#6183,#1434);
#885=LINE('',#6186,#1435);
#886=LINE('',#6188,#1436);
#887=LINE('',#6189,#1437);
#888=LINE('',#6192,#1438);
#889=LINE('',#6194,#1439);
#890=LINE('',#6195,#1440);
#891=LINE('',#6197,#1441);
#892=LINE('',#6198,#1442);
#893=LINE('',#6201,#1443);
#894=LINE('',#6205,#1444);
#895=LINE('',#6207,#1445);
#896=LINE('',#6209,#1446);
#897=LINE('',#6212,#1447);
#898=LINE('',#6215,#1448);
#899=LINE('',#6216,#1449);
#900=LINE('',#6221,#1450);
#901=LINE('',#6223,#1451);
#902=LINE('',#6225,#1452);
#903=LINE('',#6226,#1453);
#904=LINE('',#6228,#1454);
#905=LINE('',#6230,#1455);
#906=LINE('',#6231,#1456);
#907=LINE('',#6234,#1457);
#908=LINE('',#6235,#1458);
#909=LINE('',#6236,#1459);
#910=LINE('',#6238,#1460);
#911=LINE('',#6241,#1461);
#912=LINE('',#6242,#1462);
#913=LINE('',#6245,#1463);
#914=LINE('',#6248,#1464);
#915=LINE('',#6252,#1465);
#916=LINE('',#6255,#1466);
#917=LINE('',#6260,#1467);
#918=LINE('',#6262,#1468);
#919=LINE('',#6264,#1469);
#920=LINE('',#6265,#1470);
#921=LINE('',#6268,#1471);
#922=LINE('',#6270,#1472);
#923=LINE('',#6271,#1473);
#924=LINE('',#6274,#1474);
#925=LINE('',#6276,#1475);
#926=LINE('',#6277,#1476);
#927=LINE('',#6279,#1477);
#928=LINE('',#6280,#1478);
#929=LINE('',#6283,#1479);
#930=LINE('',#6287,#1480);
#931=LINE('',#6289,#1481);
#932=LINE('',#6291,#1482);
#933=LINE('',#6294,#1483);
#934=LINE('',#6297,#1484);
#935=LINE('',#6298,#1485);
#936=LINE('',#6303,#1486);
#937=LINE('',#6305,#1487);
#938=LINE('',#6307,#1488);
#939=LINE('',#6308,#1489);
#940=LINE('',#6310,#1490);
#941=LINE('',#6312,#1491);
#942=LINE('',#6313,#1492);
#943=LINE('',#6316,#1493);
#944=LINE('',#6317,#1494);
#945=LINE('',#6318,#1495);
#946=LINE('',#6320,#1496);
#947=LINE('',#6323,#1497);
#948=LINE('',#6324,#1498);
#949=LINE('',#6327,#1499);
#950=LINE('',#6330,#1500);
#951=LINE('',#6334,#1501);
#952=LINE('',#6337,#1502);
#953=LINE('',#6342,#1503);
#954=LINE('',#6344,#1504);
#955=LINE('',#6346,#1505);
#956=LINE('',#6347,#1506);
#957=LINE('',#6350,#1507);
#958=LINE('',#6352,#1508);
#959=LINE('',#6353,#1509);
#960=LINE('',#6356,#1510);
#961=LINE('',#6358,#1511);
#962=LINE('',#6359,#1512);
#963=LINE('',#6361,#1513);
#964=LINE('',#6362,#1514);
#965=LINE('',#6365,#1515);
#966=LINE('',#6369,#1516);
#967=LINE('',#6371,#1517);
#968=LINE('',#6373,#1518);
#969=LINE('',#6376,#1519);
#970=LINE('',#6379,#1520);
#971=LINE('',#6380,#1521);
#972=LINE('',#6385,#1522);
#973=LINE('',#6387,#1523);
#974=LINE('',#6389,#1524);
#975=LINE('',#6390,#1525);
#976=LINE('',#6392,#1526);
#977=LINE('',#6394,#1527);
#978=LINE('',#6395,#1528);
#979=LINE('',#6398,#1529);
#980=LINE('',#6399,#1530);
#981=LINE('',#6400,#1531);
#982=LINE('',#6402,#1532);
#983=LINE('',#6405,#1533);
#984=LINE('',#6406,#1534);
#985=LINE('',#6409,#1535);
#986=LINE('',#6412,#1536);
#987=LINE('',#6416,#1537);
#988=LINE('',#6419,#1538);
#989=LINE('',#6424,#1539);
#990=LINE('',#6426,#1540);
#991=LINE('',#6428,#1541);
#992=LINE('',#6429,#1542);
#993=LINE('',#6432,#1543);
#994=LINE('',#6434,#1544);
#995=LINE('',#6435,#1545);
#996=LINE('',#6438,#1546);
#997=LINE('',#6440,#1547);
#998=LINE('',#6441,#1548);
#999=LINE('',#6443,#1549);
#1000=LINE('',#6444,#1550);
#1001=LINE('',#6447,#1551);
#1002=LINE('',#6451,#1552);
#1003=LINE('',#6453,#1553);
#1004=LINE('',#6455,#1554);
#1005=LINE('',#6458,#1555);
#1006=LINE('',#6461,#1556);
#1007=LINE('',#6462,#1557);
#1008=LINE('',#6467,#1558);
#1009=LINE('',#6469,#1559);
#1010=LINE('',#6471,#1560);
#1011=LINE('',#6472,#1561);
#1012=LINE('',#6474,#1562);
#1013=LINE('',#6476,#1563);
#1014=LINE('',#6477,#1564);
#1015=LINE('',#6480,#1565);
#1016=LINE('',#6481,#1566);
#1017=LINE('',#6482,#1567);
#1018=LINE('',#6484,#1568);
#1019=LINE('',#6487,#1569);
#1020=LINE('',#6488,#1570);
#1021=LINE('',#6491,#1571);
#1022=LINE('',#6494,#1572);
#1023=LINE('',#6498,#1573);
#1024=LINE('',#6501,#1574);
#1025=LINE('',#6506,#1575);
#1026=LINE('',#6508,#1576);
#1027=LINE('',#6510,#1577);
#1028=LINE('',#6511,#1578);
#1029=LINE('',#6514,#1579);
#1030=LINE('',#6516,#1580);
#1031=LINE('',#6517,#1581);
#1032=LINE('',#6520,#1582);
#1033=LINE('',#6522,#1583);
#1034=LINE('',#6523,#1584);
#1035=LINE('',#6525,#1585);
#1036=LINE('',#6526,#1586);
#1037=LINE('',#6529,#1587);
#1038=LINE('',#6533,#1588);
#1039=LINE('',#6535,#1589);
#1040=LINE('',#6537,#1590);
#1041=LINE('',#6540,#1591);
#1042=LINE('',#6543,#1592);
#1043=LINE('',#6544,#1593);
#1044=LINE('',#6549,#1594);
#1045=LINE('',#6551,#1595);
#1046=LINE('',#6553,#1596);
#1047=LINE('',#6554,#1597);
#1048=LINE('',#6556,#1598);
#1049=LINE('',#6558,#1599);
#1050=LINE('',#6559,#1600);
#1051=LINE('',#6562,#1601);
#1052=LINE('',#6563,#1602);
#1053=LINE('',#6564,#1603);
#1054=LINE('',#6566,#1604);
#1055=LINE('',#6569,#1605);
#1056=LINE('',#6570,#1606);
#1057=LINE('',#6573,#1607);
#1058=LINE('',#6576,#1608);
#1059=LINE('',#6580,#1609);
#1060=LINE('',#6583,#1610);
#1061=LINE('',#6588,#1611);
#1062=LINE('',#6590,#1612);
#1063=LINE('',#6592,#1613);
#1064=LINE('',#6593,#1614);
#1065=LINE('',#6596,#1615);
#1066=LINE('',#6598,#1616);
#1067=LINE('',#6599,#1617);
#1068=LINE('',#6602,#1618);
#1069=LINE('',#6604,#1619);
#1070=LINE('',#6605,#1620);
#1071=LINE('',#6607,#1621);
#1072=LINE('',#6608,#1622);
#1073=LINE('',#6611,#1623);
#1074=LINE('',#6615,#1624);
#1075=LINE('',#6617,#1625);
#1076=LINE('',#6619,#1626);
#1077=LINE('',#6622,#1627);
#1078=LINE('',#6625,#1628);
#1079=LINE('',#6626,#1629);
#1080=LINE('',#6631,#1630);
#1081=LINE('',#6633,#1631);
#1082=LINE('',#6635,#1632);
#1083=LINE('',#6636,#1633);
#1084=LINE('',#6638,#1634);
#1085=LINE('',#6640,#1635);
#1086=LINE('',#6641,#1636);
#1087=LINE('',#6644,#1637);
#1088=LINE('',#6645,#1638);
#1089=LINE('',#6646,#1639);
#1090=LINE('',#6648,#1640);
#1091=LINE('',#6651,#1641);
#1092=LINE('',#6652,#1642);
#1093=LINE('',#6655,#1643);
#1094=LINE('',#6658,#1644);
#1095=LINE('',#6662,#1645);
#1096=LINE('',#6665,#1646);
#1097=VECTOR('',#4446,10.);
#1098=VECTOR('',#4447,10.);
#1099=VECTOR('',#4448,10.);
#1100=VECTOR('',#4449,10.);
#1101=VECTOR('',#4452,10.);
#1102=VECTOR('',#4453,10.);
#1103=VECTOR('',#4454,10.);
#1104=VECTOR('',#4457,10.);
#1105=VECTOR('',#4458,10.);
#1106=VECTOR('',#4459,10.);
#1107=VECTOR('',#4462,10.);
#1108=VECTOR('',#4463,10.);
#1109=VECTOR('',#4464,10.);
#1110=VECTOR('',#4465,10.);
#1111=VECTOR('',#4468,10.);
#1112=VECTOR('',#4469,10.);
#1113=VECTOR('',#4470,10.);
#1114=VECTOR('',#4473,10.);
#1115=VECTOR('',#4474,10.);
#1116=VECTOR('',#4475,10.);
#1117=VECTOR('',#4478,10.);
#1118=VECTOR('',#4479,10.);
#1119=VECTOR('',#4480,10.);
#1120=VECTOR('',#4481,10.);
#1121=VECTOR('',#4482,10.);
#1122=VECTOR('',#4483,10.);
#1123=VECTOR('',#4484,10.);
#1124=VECTOR('',#4487,10.);
#1125=VECTOR('',#4488,10.);
#1126=VECTOR('',#4489,10.);
#1127=VECTOR('',#4490,10.);
#1128=VECTOR('',#4493,10.);
#1129=VECTOR('',#4494,10.);
#1130=VECTOR('',#4495,10.);
#1131=VECTOR('',#4496,10.);
#1132=VECTOR('',#4497,10.);
#1133=VECTOR('',#4500,10.);
#1134=VECTOR('',#4501,10.);
#1135=VECTOR('',#4502,10.);
#1136=VECTOR('',#4503,10.);
#1137=VECTOR('',#4504,10.);
#1138=VECTOR('',#4505,10.);
#1139=VECTOR('',#4508,10.);
#1140=VECTOR('',#4509,10.);
#1141=VECTOR('',#4510,10.);
#1142=VECTOR('',#4513,10.);
#1143=VECTOR('',#4514,10.);
#1144=VECTOR('',#4515,10.);
#1145=VECTOR('',#4516,10.);
#1146=VECTOR('',#4517,10.);
#1147=VECTOR('',#4518,10.);
#1148=VECTOR('',#4521,10.);
#1149=VECTOR('',#4522,10.);
#1150=VECTOR('',#4523,10.);
#1151=VECTOR('',#4526,10.);
#1152=VECTOR('',#4527,10.);
#1153=VECTOR('',#4528,10.);
#1154=VECTOR('',#4529,10.);
#1155=VECTOR('',#4530,10.);
#1156=VECTOR('',#4533,10.);
#1157=VECTOR('',#4534,10.);
#1158=VECTOR('',#4535,10.);
#1159=VECTOR('',#4536,10.);
#1160=VECTOR('',#4537,10.);
#1161=VECTOR('',#4540,10.);
#1162=VECTOR('',#4541,10.);
#1163=VECTOR('',#4542,10.);
#1164=VECTOR('',#4543,10.);
#1165=VECTOR('',#4544,10.);
#1166=VECTOR('',#4545,10.);
#1167=VECTOR('',#4546,10.);
#1168=VECTOR('',#4547,10.);
#1169=VECTOR('',#4550,10.);
#1170=VECTOR('',#4551,10.);
#1171=VECTOR('',#4552,10.);
#1172=VECTOR('',#4553,10.);
#1173=VECTOR('',#4554,10.);
#1174=VECTOR('',#4555,10.);
#1175=VECTOR('',#4556,10.);
#1176=VECTOR('',#4557,10.);
#1177=VECTOR('',#4558,10.);
#1178=VECTOR('',#4559,10.);
#1179=VECTOR('',#4560,10.);
#1180=VECTOR('',#4561,10.);
#1181=VECTOR('',#4562,10.);
#1182=VECTOR('',#4563,10.);
#1183=VECTOR('',#4564,10.);
#1184=VECTOR('',#4565,10.);
#1185=VECTOR('',#4566,10.);
#1186=VECTOR('',#4567,10.);
#1187=VECTOR('',#4568,10.);
#1188=VECTOR('',#4569,10.);
#1189=VECTOR('',#4570,10.);
#1190=VECTOR('',#4571,10.);
#1191=VECTOR('',#4572,10.);
#1192=VECTOR('',#4573,10.);
#1193=VECTOR('',#4574,10.);
#1194=VECTOR('',#4575,10.);
#1195=VECTOR('',#4576,10.);
#1196=VECTOR('',#4577,10.);
#1197=VECTOR('',#4578,10.);
#1198=VECTOR('',#4579,10.);
#1199=VECTOR('',#4580,10.);
#1200=VECTOR('',#4581,10.);
#1201=VECTOR('',#4584,10.);
#1202=VECTOR('',#4585,10.);
#1203=VECTOR('',#4586,10.);
#1204=VECTOR('',#4587,10.);
#1205=VECTOR('',#4590,10.);
#1206=VECTOR('',#4591,10.);
#1207=VECTOR('',#4592,10.);
#1208=VECTOR('',#4595,10.);
#1209=VECTOR('',#4596,10.);
#1210=VECTOR('',#4597,10.);
#1211=VECTOR('',#4598,10.);
#1212=VECTOR('',#4601,10.);
#1213=VECTOR('',#4602,10.);
#1214=VECTOR('',#4605,10.);
#1215=VECTOR('',#4606,10.);
#1216=VECTOR('',#4609,10.);
#1217=VECTOR('',#4610,10.);
#1218=VECTOR('',#4613,10.);
#1219=VECTOR('',#4616,10.);
#1220=VECTOR('',#4617,10.);
#1221=VECTOR('',#4618,10.);
#1222=VECTOR('',#4619,10.);
#1223=VECTOR('',#4620,10.);
#1224=VECTOR('',#4623,10.);
#1225=VECTOR('',#4624,10.);
#1226=VECTOR('',#4625,10.);
#1227=VECTOR('',#4628,10.);
#1228=VECTOR('',#4629,10.);
#1229=VECTOR('',#4632,10.);
#1230=VECTOR('',#4633,10.);
#1231=VECTOR('',#4634,10.);
#1232=VECTOR('',#4635,10.);
#1233=VECTOR('',#4638,10.);
#1234=VECTOR('',#4639,10.);
#1235=VECTOR('',#4640,10.);
#1236=VECTOR('',#4641,10.);
#1237=VECTOR('',#4642,10.);
#1238=VECTOR('',#4643,10.);
#1239=VECTOR('',#4644,10.);
#1240=VECTOR('',#4647,10.);
#1241=VECTOR('',#4650,10.);
#1242=VECTOR('',#4651,10.);
#1243=VECTOR('',#4652,10.);
#1244=VECTOR('',#4653,10.);
#1245=VECTOR('',#4656,10.);
#1246=VECTOR('',#4657,10.);
#1247=VECTOR('',#4658,10.);
#1248=VECTOR('',#4659,10.);
#1249=VECTOR('',#4662,10.);
#1250=VECTOR('',#4663,10.);
#1251=VECTOR('',#4664,10.);
#1252=VECTOR('',#4667,10.);
#1253=VECTOR('',#4668,10.);
#1254=VECTOR('',#4671,10.);
#1255=VECTOR('',#4672,10.);
#1256=VECTOR('',#4673,10.);
#1257=VECTOR('',#4676,10.);
#1258=VECTOR('',#4677,10.);
#1259=VECTOR('',#4680,10.);
#1260=VECTOR('',#4683,10.);
#1261=VECTOR('',#4684,10.);
#1262=VECTOR('',#4687,10.);
#1263=VECTOR('',#4688,10.);
#1264=VECTOR('',#4689,10.);
#1265=VECTOR('',#4692,10.);
#1266=VECTOR('',#4693,10.);
#1267=VECTOR('',#4696,10.);
#1268=VECTOR('',#4697,10.);
#1269=VECTOR('',#4700,10.);
#1270=VECTOR('',#4703,10.);
#1271=VECTOR('',#4704,10.);
#1272=VECTOR('',#4705,10.);
#1273=VECTOR('',#4708,10.);
#1274=VECTOR('',#4709,10.);
#1275=VECTOR('',#4710,10.);
#1276=VECTOR('',#4711,10.);
#1277=VECTOR('',#4712,10.);
#1278=VECTOR('',#4713,10.);
#1279=VECTOR('',#4716,10.);
#1280=VECTOR('',#4719,10.);
#1281=VECTOR('',#4720,10.);
#1282=VECTOR('',#4723,10.);
#1283=VECTOR('',#4724,10.);
#1284=VECTOR('',#4725,10.);
#1285=VECTOR('',#4728,10.);
#1286=VECTOR('',#4729,10.);
#1287=VECTOR('',#4732,10.);
#1288=VECTOR('',#4733,10.);
#1289=VECTOR('',#4736,10.);
#1290=VECTOR('',#4739,10.);
#1291=VECTOR('',#4740,10.);
#1292=VECTOR('',#4741,10.);
#1293=VECTOR('',#4744,10.);
#1294=VECTOR('',#4745,10.);
#1295=VECTOR('',#4746,10.);
#1296=VECTOR('',#4747,10.);
#1297=VECTOR('',#4748,10.);
#1298=VECTOR('',#4749,10.);
#1299=VECTOR('',#4752,10.);
#1300=VECTOR('',#4755,10.);
#1301=VECTOR('',#4756,10.);
#1302=VECTOR('',#4759,10.);
#1303=VECTOR('',#4760,10.);
#1304=VECTOR('',#4761,10.);
#1305=VECTOR('',#4764,10.);
#1306=VECTOR('',#4765,10.);
#1307=VECTOR('',#4768,10.);
#1308=VECTOR('',#4769,10.);
#1309=VECTOR('',#4772,10.);
#1310=VECTOR('',#4775,10.);
#1311=VECTOR('',#4776,10.);
#1312=VECTOR('',#4777,10.);
#1313=VECTOR('',#4780,10.);
#1314=VECTOR('',#4781,10.);
#1315=VECTOR('',#4782,10.);
#1316=VECTOR('',#4783,10.);
#1317=VECTOR('',#4784,10.);
#1318=VECTOR('',#4785,10.);
#1319=VECTOR('',#4788,10.);
#1320=VECTOR('',#4791,10.);
#1321=VECTOR('',#4792,10.);
#1322=VECTOR('',#4795,10.);
#1323=VECTOR('',#4796,10.);
#1324=VECTOR('',#4797,10.);
#1325=VECTOR('',#4800,10.);
#1326=VECTOR('',#4801,10.);
#1327=VECTOR('',#4804,10.);
#1328=VECTOR('',#4805,10.);
#1329=VECTOR('',#4808,10.);
#1330=VECTOR('',#4811,10.);
#1331=VECTOR('',#4812,10.);
#1332=VECTOR('',#4813,10.);
#1333=VECTOR('',#4816,10.);
#1334=VECTOR('',#4817,10.);
#1335=VECTOR('',#4818,10.);
#1336=VECTOR('',#4819,10.);
#1337=VECTOR('',#4820,10.);
#1338=VECTOR('',#4821,10.);
#1339=VECTOR('',#4824,10.);
#1340=VECTOR('',#4827,10.);
#1341=VECTOR('',#4828,10.);
#1342=VECTOR('',#4831,10.);
#1343=VECTOR('',#4832,10.);
#1344=VECTOR('',#4833,10.);
#1345=VECTOR('',#4836,10.);
#1346=VECTOR('',#4837,10.);
#1347=VECTOR('',#4840,10.);
#1348=VECTOR('',#4841,10.);
#1349=VECTOR('',#4844,10.);
#1350=VECTOR('',#4847,10.);
#1351=VECTOR('',#4848,10.);
#1352=VECTOR('',#4849,10.);
#1353=VECTOR('',#4852,10.);
#1354=VECTOR('',#4853,10.);
#1355=VECTOR('',#4854,10.);
#1356=VECTOR('',#4855,10.);
#1357=VECTOR('',#4856,10.);
#1358=VECTOR('',#4857,10.);
#1359=VECTOR('',#4860,10.);
#1360=VECTOR('',#4863,10.);
#1361=VECTOR('',#4864,10.);
#1362=VECTOR('',#4867,10.);
#1363=VECTOR('',#4868,10.);
#1364=VECTOR('',#4869,10.);
#1365=VECTOR('',#4872,10.);
#1366=VECTOR('',#4873,10.);
#1367=VECTOR('',#4876,10.);
#1368=VECTOR('',#4877,10.);
#1369=VECTOR('',#4880,10.);
#1370=VECTOR('',#4883,10.);
#1371=VECTOR('',#4886,10.);
#1372=VECTOR('',#4887,10.);
#1373=VECTOR('',#4890,10.);
#1374=VECTOR('',#4891,10.);
#1375=VECTOR('',#4892,10.);
#1376=VECTOR('',#4893,10.);
#1377=VECTOR('',#4896,10.);
#1378=VECTOR('',#4897,10.);
#1379=VECTOR('',#4898,10.);
#1380=VECTOR('',#4901,10.);
#1381=VECTOR('',#4902,10.);
#1382=VECTOR('',#4905,10.);
#1383=VECTOR('',#4906,10.);
#1384=VECTOR('',#4909,10.);
#1385=VECTOR('',#4912,10.);
#1386=VECTOR('',#4913,10.);
#1387=VECTOR('',#4918,10.);
#1388=VECTOR('',#4919,10.);
#1389=VECTOR('',#4922,10.);
#1390=VECTOR('',#4923,10.);
#1391=VECTOR('',#4926,10.);
#1392=VECTOR('',#4927,10.);
#1393=VECTOR('',#4928,10.);
#1394=VECTOR('',#4931,10.);
#1395=VECTOR('',#4940,10.);
#1396=VECTOR('',#4941,10.);
#1397=VECTOR('',#4942,10.);
#1398=VECTOR('',#4943,10.);
#1399=VECTOR('',#4946,10.);
#1400=VECTOR('',#4947,10.);
#1401=VECTOR('',#4948,10.);
#1402=VECTOR('',#4951,10.);
#1403=VECTOR('',#4952,10.);
#1404=VECTOR('',#4953,10.);
#1405=VECTOR('',#4956,10.);
#1406=VECTOR('',#4957,10.);
#1407=VECTOR('',#4960,10.);
#1408=VECTOR('',#4963,10.);
#1409=VECTOR('',#4964,10.);
#1410=VECTOR('',#4965,10.);
#1411=VECTOR('',#4968,10.);
#1412=VECTOR('',#4971,10.);
#1413=VECTOR('',#4972,10.);
#1414=VECTOR('',#4977,10.);
#1415=VECTOR('',#4978,10.);
#1416=VECTOR('',#4979,10.);
#1417=VECTOR('',#4980,10.);
#1418=VECTOR('',#4983,10.);
#1419=VECTOR('',#4984,10.);
#1420=VECTOR('',#4985,10.);
#1421=VECTOR('',#4988,10.);
#1422=VECTOR('',#4989,10.);
#1423=VECTOR('',#4990,10.);
#1424=VECTOR('',#4993,10.);
#1425=VECTOR('',#4996,10.);
#1426=VECTOR('',#4997,10.);
#1427=VECTOR('',#5000,10.);
#1428=VECTOR('',#5003,10.);
#1429=VECTOR('',#5010,10.);
#1430=VECTOR('',#5015,10.);
#1431=VECTOR('',#5020,10.);
#1432=VECTOR('',#5021,10.);
#1433=VECTOR('',#5022,10.);
#1434=VECTOR('',#5023,10.);
#1435=VECTOR('',#5026,10.);
#1436=VECTOR('',#5027,10.);
#1437=VECTOR('',#5028,10.);
#1438=VECTOR('',#5031,10.);
#1439=VECTOR('',#5032,10.);
#1440=VECTOR('',#5033,10.);
#1441=VECTOR('',#5036,10.);
#1442=VECTOR('',#5037,10.);
#1443=VECTOR('',#5040,10.);
#1444=VECTOR('',#5043,10.);
#1445=VECTOR('',#5044,10.);
#1446=VECTOR('',#5045,10.);
#1447=VECTOR('',#5048,10.);
#1448=VECTOR('',#5051,10.);
#1449=VECTOR('',#5052,10.);
#1450=VECTOR('',#5057,10.);
#1451=VECTOR('',#5058,10.);
#1452=VECTOR('',#5059,10.);
#1453=VECTOR('',#5060,10.);
#1454=VECTOR('',#5063,10.);
#1455=VECTOR('',#5064,10.);
#1456=VECTOR('',#5065,10.);
#1457=VECTOR('',#5068,10.);
#1458=VECTOR('',#5069,10.);
#1459=VECTOR('',#5070,10.);
#1460=VECTOR('',#5073,10.);
#1461=VECTOR('',#5076,10.);
#1462=VECTOR('',#5077,10.);
#1463=VECTOR('',#5080,10.);
#1464=VECTOR('',#5083,10.);
#1465=VECTOR('',#5090,10.);
#1466=VECTOR('',#5095,10.);
#1467=VECTOR('',#5100,10.);
#1468=VECTOR('',#5101,10.);
#1469=VECTOR('',#5102,10.);
#1470=VECTOR('',#5103,10.);
#1471=VECTOR('',#5106,10.);
#1472=VECTOR('',#5107,10.);
#1473=VECTOR('',#5108,10.);
#1474=VECTOR('',#5111,10.);
#1475=VECTOR('',#5112,10.);
#1476=VECTOR('',#5113,10.);
#1477=VECTOR('',#5116,10.);
#1478=VECTOR('',#5117,10.);
#1479=VECTOR('',#5120,10.);
#1480=VECTOR('',#5123,10.);
#1481=VECTOR('',#5124,10.);
#1482=VECTOR('',#5125,10.);
#1483=VECTOR('',#5128,10.);
#1484=VECTOR('',#5131,10.);
#1485=VECTOR('',#5132,10.);
#1486=VECTOR('',#5137,10.);
#1487=VECTOR('',#5138,10.);
#1488=VECTOR('',#5139,10.);
#1489=VECTOR('',#5140,10.);
#1490=VECTOR('',#5143,10.);
#1491=VECTOR('',#5144,10.);
#1492=VECTOR('',#5145,10.);
#1493=VECTOR('',#5148,10.);
#1494=VECTOR('',#5149,10.);
#1495=VECTOR('',#5150,10.);
#1496=VECTOR('',#5153,10.);
#1497=VECTOR('',#5156,10.);
#1498=VECTOR('',#5157,10.);
#1499=VECTOR('',#5160,10.);
#1500=VECTOR('',#5163,10.);
#1501=VECTOR('',#5170,10.);
#1502=VECTOR('',#5175,10.);
#1503=VECTOR('',#5180,10.);
#1504=VECTOR('',#5181,10.);
#1505=VECTOR('',#5182,10.);
#1506=VECTOR('',#5183,10.);
#1507=VECTOR('',#5186,10.);
#1508=VECTOR('',#5187,10.);
#1509=VECTOR('',#5188,10.);
#1510=VECTOR('',#5191,10.);
#1511=VECTOR('',#5192,10.);
#1512=VECTOR('',#5193,10.);
#1513=VECTOR('',#5196,10.);
#1514=VECTOR('',#5197,10.);
#1515=VECTOR('',#5200,10.);
#1516=VECTOR('',#5203,10.);
#1517=VECTOR('',#5204,10.);
#1518=VECTOR('',#5205,10.);
#1519=VECTOR('',#5208,10.);
#1520=VECTOR('',#5211,10.);
#1521=VECTOR('',#5212,10.);
#1522=VECTOR('',#5217,10.);
#1523=VECTOR('',#5218,10.);
#1524=VECTOR('',#5219,10.);
#1525=VECTOR('',#5220,10.);
#1526=VECTOR('',#5223,10.);
#1527=VECTOR('',#5224,10.);
#1528=VECTOR('',#5225,10.);
#1529=VECTOR('',#5228,10.);
#1530=VECTOR('',#5229,10.);
#1531=VECTOR('',#5230,10.);
#1532=VECTOR('',#5233,10.);
#1533=VECTOR('',#5236,10.);
#1534=VECTOR('',#5237,10.);
#1535=VECTOR('',#5240,10.);
#1536=VECTOR('',#5243,10.);
#1537=VECTOR('',#5250,10.);
#1538=VECTOR('',#5255,10.);
#1539=VECTOR('',#5260,10.);
#1540=VECTOR('',#5261,10.);
#1541=VECTOR('',#5262,10.);
#1542=VECTOR('',#5263,10.);
#1543=VECTOR('',#5266,10.);
#1544=VECTOR('',#5267,10.);
#1545=VECTOR('',#5268,10.);
#1546=VECTOR('',#5271,10.);
#1547=VECTOR('',#5272,10.);
#1548=VECTOR('',#5273,10.);
#1549=VECTOR('',#5276,10.);
#1550=VECTOR('',#5277,10.);
#1551=VECTOR('',#5280,10.);
#1552=VECTOR('',#5283,10.);
#1553=VECTOR('',#5284,10.);
#1554=VECTOR('',#5285,10.);
#1555=VECTOR('',#5288,10.);
#1556=VECTOR('',#5291,10.);
#1557=VECTOR('',#5292,10.);
#1558=VECTOR('',#5297,10.);
#1559=VECTOR('',#5298,10.);
#1560=VECTOR('',#5299,10.);
#1561=VECTOR('',#5300,10.);
#1562=VECTOR('',#5303,10.);
#1563=VECTOR('',#5304,10.);
#1564=VECTOR('',#5305,10.);
#1565=VECTOR('',#5308,10.);
#1566=VECTOR('',#5309,10.);
#1567=VECTOR('',#5310,10.);
#1568=VECTOR('',#5313,10.);
#1569=VECTOR('',#5316,10.);
#1570=VECTOR('',#5317,10.);
#1571=VECTOR('',#5320,10.);
#1572=VECTOR('',#5323,10.);
#1573=VECTOR('',#5330,10.);
#1574=VECTOR('',#5335,10.);
#1575=VECTOR('',#5340,10.);
#1576=VECTOR('',#5341,10.);
#1577=VECTOR('',#5342,10.);
#1578=VECTOR('',#5343,10.);
#1579=VECTOR('',#5346,10.);
#1580=VECTOR('',#5347,10.);
#1581=VECTOR('',#5348,10.);
#1582=VECTOR('',#5351,10.);
#1583=VECTOR('',#5352,10.);
#1584=VECTOR('',#5353,10.);
#1585=VECTOR('',#5356,10.);
#1586=VECTOR('',#5357,10.);
#1587=VECTOR('',#5360,10.);
#1588=VECTOR('',#5363,10.);
#1589=VECTOR('',#5364,10.);
#1590=VECTOR('',#5365,10.);
#1591=VECTOR('',#5368,10.);
#1592=VECTOR('',#5371,10.);
#1593=VECTOR('',#5372,10.);
#1594=VECTOR('',#5377,10.);
#1595=VECTOR('',#5378,10.);
#1596=VECTOR('',#5379,10.);
#1597=VECTOR('',#5380,10.);
#1598=VECTOR('',#5383,10.);
#1599=VECTOR('',#5384,10.);
#1600=VECTOR('',#5385,10.);
#1601=VECTOR('',#5388,10.);
#1602=VECTOR('',#5389,10.);
#1603=VECTOR('',#5390,10.);
#1604=VECTOR('',#5393,10.);
#1605=VECTOR('',#5396,10.);
#1606=VECTOR('',#5397,10.);
#1607=VECTOR('',#5400,10.);
#1608=VECTOR('',#5403,10.);
#1609=VECTOR('',#5410,10.);
#1610=VECTOR('',#5415,10.);
#1611=VECTOR('',#5420,10.);
#1612=VECTOR('',#5421,10.);
#1613=VECTOR('',#5422,10.);
#1614=VECTOR('',#5423,10.);
#1615=VECTOR('',#5426,10.);
#1616=VECTOR('',#5427,10.);
#1617=VECTOR('',#5428,10.);
#1618=VECTOR('',#5431,10.);
#1619=VECTOR('',#5432,10.);
#1620=VECTOR('',#5433,10.);
#1621=VECTOR('',#5436,10.);
#1622=VECTOR('',#5437,10.);
#1623=VECTOR('',#5440,10.);
#1624=VECTOR('',#5443,10.);
#1625=VECTOR('',#5444,10.);
#1626=VECTOR('',#5445,10.);
#1627=VECTOR('',#5448,10.);
#1628=VECTOR('',#5451,10.);
#1629=VECTOR('',#5452,10.);
#1630=VECTOR('',#5457,10.);
#1631=VECTOR('',#5458,10.);
#1632=VECTOR('',#5459,10.);
#1633=VECTOR('',#5460,10.);
#1634=VECTOR('',#5463,10.);
#1635=VECTOR('',#5464,10.);
#1636=VECTOR('',#5465,10.);
#1637=VECTOR('',#5468,10.);
#1638=VECTOR('',#5469,10.);
#1639=VECTOR('',#5470,10.);
#1640=VECTOR('',#5473,10.);
#1641=VECTOR('',#5476,10.);
#1642=VECTOR('',#5477,10.);
#1643=VECTOR('',#5480,10.);
#1644=VECTOR('',#5483,10.);
#1645=VECTOR('',#5490,10.);
#1646=VECTOR('',#5495,10.);
#1647=VERTEX_POINT('',#5500);
#1648=VERTEX_POINT('',#5501);
#1649=VERTEX_POINT('',#5503);
#1650=VERTEX_POINT('',#5505);
#1651=VERTEX_POINT('',#5509);
#1652=VERTEX_POINT('',#5511);
#1653=VERTEX_POINT('',#5515);
#1654=VERTEX_POINT('',#5517);
#1655=VERTEX_POINT('',#5521);
#1656=VERTEX_POINT('',#5522);
#1657=VERTEX_POINT('',#5524);
#1658=VERTEX_POINT('',#5526);
#1659=VERTEX_POINT('',#5530);
#1660=VERTEX_POINT('',#5532);
#1661=VERTEX_POINT('',#5536);
#1662=VERTEX_POINT('',#5538);
#1663=VERTEX_POINT('',#5542);
#1664=VERTEX_POINT('',#5544);
#1665=VERTEX_POINT('',#5546);
#1666=VERTEX_POINT('',#5548);
#1667=VERTEX_POINT('',#5550);
#1668=VERTEX_POINT('',#5552);
#1669=VERTEX_POINT('',#5556);
#1670=VERTEX_POINT('',#5558);
#1671=VERTEX_POINT('',#5560);
#1672=VERTEX_POINT('',#5564);
#1673=VERTEX_POINT('',#5566);
#1674=VERTEX_POINT('',#5568);
#1675=VERTEX_POINT('',#5570);
#1676=VERTEX_POINT('',#5574);
#1677=VERTEX_POINT('',#5576);
#1678=VERTEX_POINT('',#5578);
#1679=VERTEX_POINT('',#5580);
#1680=VERTEX_POINT('',#5582);
#1681=VERTEX_POINT('',#5586);
#1682=VERTEX_POINT('',#5588);
#1683=VERTEX_POINT('',#5592);
#1684=VERTEX_POINT('',#5593);
#1685=VERTEX_POINT('',#5595);
#1686=VERTEX_POINT('',#5597);
#1687=VERTEX_POINT('',#5599);
#1688=VERTEX_POINT('',#5601);
#1689=VERTEX_POINT('',#5605);
#1690=VERTEX_POINT('',#5607);
#1691=VERTEX_POINT('',#5611);
#1692=VERTEX_POINT('',#5612);
#1693=VERTEX_POINT('',#5615);
#1694=VERTEX_POINT('',#5617);
#1695=VERTEX_POINT('',#5621);
#1696=VERTEX_POINT('',#5624);
#1697=VERTEX_POINT('',#5626);
#1698=VERTEX_POINT('',#5630);
#1699=VERTEX_POINT('',#5632);
#1700=VERTEX_POINT('',#5634);
#1701=VERTEX_POINT('',#5637);
#1702=VERTEX_POINT('',#5638);
#1703=VERTEX_POINT('',#5640);
#1704=VERTEX_POINT('',#5642);
#1705=VERTEX_POINT('',#5646);
#1706=VERTEX_POINT('',#5649);
#1707=VERTEX_POINT('',#5651);
#1708=VERTEX_POINT('',#5653);
#1709=VERTEX_POINT('',#5655);
#1710=VERTEX_POINT('',#5657);
#1711=VERTEX_POINT('',#5659);
#1712=VERTEX_POINT('',#5661);
#1713=VERTEX_POINT('',#5663);
#1714=VERTEX_POINT('',#5665);
#1715=VERTEX_POINT('',#5667);
#1716=VERTEX_POINT('',#5669);
#1717=VERTEX_POINT('',#5671);
#1718=VERTEX_POINT('',#5673);
#1719=VERTEX_POINT('',#5675);
#1720=VERTEX_POINT('',#5677);
#1721=VERTEX_POINT('',#5679);
#1722=VERTEX_POINT('',#5681);
#1723=VERTEX_POINT('',#5683);
#1724=VERTEX_POINT('',#5685);
#1725=VERTEX_POINT('',#5687);
#1726=VERTEX_POINT('',#5689);
#1727=VERTEX_POINT('',#5691);
#1728=VERTEX_POINT('',#5693);
#1729=VERTEX_POINT('',#5695);
#1730=VERTEX_POINT('',#5697);
#1731=VERTEX_POINT('',#5699);
#1732=VERTEX_POINT('',#5701);
#1733=VERTEX_POINT('',#5703);
#1734=VERTEX_POINT('',#5708);
#1735=VERTEX_POINT('',#5710);
#1736=VERTEX_POINT('',#5715);
#1737=VERTEX_POINT('',#5717);
#1738=VERTEX_POINT('',#5721);
#1739=VERTEX_POINT('',#5722);
#1740=VERTEX_POINT('',#5724);
#1741=VERTEX_POINT('',#5726);
#1742=VERTEX_POINT('',#5730);
#1743=VERTEX_POINT('',#5737);
#1744=VERTEX_POINT('',#5743);
#1745=VERTEX_POINT('',#5744);
#1746=VERTEX_POINT('',#5746);
#1747=VERTEX_POINT('',#5749);
#1748=VERTEX_POINT('',#5754);
#1749=VERTEX_POINT('',#5758);
#1750=VERTEX_POINT('',#5763);
#1751=VERTEX_POINT('',#5765);
#1752=VERTEX_POINT('',#5769);
#1753=VERTEX_POINT('',#5771);
#1754=VERTEX_POINT('',#5774);
#1755=VERTEX_POINT('',#5775);
#1756=VERTEX_POINT('',#5777);
#1757=VERTEX_POINT('',#5779);
#1758=VERTEX_POINT('',#5785);
#1759=VERTEX_POINT('',#5786);
#1760=VERTEX_POINT('',#5788);
#1761=VERTEX_POINT('',#5790);
#1762=VERTEX_POINT('',#5794);
#1763=VERTEX_POINT('',#5795);
#1764=VERTEX_POINT('',#5797);
#1765=VERTEX_POINT('',#5799);
#1766=VERTEX_POINT('',#5803);
#1767=VERTEX_POINT('',#5805);
#1768=VERTEX_POINT('',#5813);
#1769=VERTEX_POINT('',#5817);
#1770=VERTEX_POINT('',#5823);
#1771=VERTEX_POINT('',#5827);
#1772=VERTEX_POINT('',#5829);
#1773=VERTEX_POINT('',#5833);
#1774=VERTEX_POINT('',#5837);
#1775=VERTEX_POINT('',#5843);
#1776=VERTEX_POINT('',#5844);
#1777=VERTEX_POINT('',#5849);
#1778=VERTEX_POINT('',#5852);
#1779=VERTEX_POINT('',#5853);
#1780=VERTEX_POINT('',#5855);
#1781=VERTEX_POINT('',#5857);
#1782=VERTEX_POINT('',#5863);
#1783=VERTEX_POINT('',#5867);
#1784=VERTEX_POINT('',#5869);
#1785=VERTEX_POINT('',#5873);
#1786=VERTEX_POINT('',#5877);
#1787=VERTEX_POINT('',#5883);
#1788=VERTEX_POINT('',#5884);
#1789=VERTEX_POINT('',#5889);
#1790=VERTEX_POINT('',#5892);
#1791=VERTEX_POINT('',#5893);
#1792=VERTEX_POINT('',#5895);
#1793=VERTEX_POINT('',#5897);
#1794=VERTEX_POINT('',#5903);
#1795=VERTEX_POINT('',#5907);
#1796=VERTEX_POINT('',#5909);
#1797=VERTEX_POINT('',#5913);
#1798=VERTEX_POINT('',#5917);
#1799=VERTEX_POINT('',#5923);
#1800=VERTEX_POINT('',#5924);
#1801=VERTEX_POINT('',#5929);
#1802=VERTEX_POINT('',#5932);
#1803=VERTEX_POINT('',#5933);
#1804=VERTEX_POINT('',#5935);
#1805=VERTEX_POINT('',#5937);
#1806=VERTEX_POINT('',#5943);
#1807=VERTEX_POINT('',#5947);
#1808=VERTEX_POINT('',#5949);
#1809=VERTEX_POINT('',#5953);
#1810=VERTEX_POINT('',#5957);
#1811=VERTEX_POINT('',#5963);
#1812=VERTEX_POINT('',#5964);
#1813=VERTEX_POINT('',#5969);
#1814=VERTEX_POINT('',#5972);
#1815=VERTEX_POINT('',#5973);
#1816=VERTEX_POINT('',#5975);
#1817=VERTEX_POINT('',#5977);
#1818=VERTEX_POINT('',#5983);
#1819=VERTEX_POINT('',#5987);
#1820=VERTEX_POINT('',#5989);
#1821=VERTEX_POINT('',#5993);
#1822=VERTEX_POINT('',#5997);
#1823=VERTEX_POINT('',#6003);
#1824=VERTEX_POINT('',#6004);
#1825=VERTEX_POINT('',#6009);
#1826=VERTEX_POINT('',#6012);
#1827=VERTEX_POINT('',#6013);
#1828=VERTEX_POINT('',#6015);
#1829=VERTEX_POINT('',#6017);
#1830=VERTEX_POINT('',#6023);
#1831=VERTEX_POINT('',#6027);
#1832=VERTEX_POINT('',#6029);
#1833=VERTEX_POINT('',#6033);
#1834=VERTEX_POINT('',#6037);
#1835=VERTEX_POINT('',#6045);
#1836=VERTEX_POINT('',#6049);
#1837=VERTEX_POINT('',#6051);
#1838=VERTEX_POINT('',#6056);
#1839=VERTEX_POINT('',#6058);
#1840=VERTEX_POINT('',#6062);
#1841=VERTEX_POINT('',#6066);
#1842=VERTEX_POINT('',#6076);
#1843=VERTEX_POINT('',#6080);
#1844=VERTEX_POINT('',#6085);
#1845=VERTEX_POINT('',#6094);
#1846=VERTEX_POINT('',#6095);
#1847=VERTEX_POINT('',#6097);
#1848=VERTEX_POINT('',#6099);
#1849=VERTEX_POINT('',#6103);
#1850=VERTEX_POINT('',#6105);
#1851=VERTEX_POINT('',#6109);
#1852=VERTEX_POINT('',#6111);
#1853=VERTEX_POINT('',#6118);
#1854=VERTEX_POINT('',#6120);
#1855=VERTEX_POINT('',#6122);
#1856=VERTEX_POINT('',#6124);
#1857=VERTEX_POINT('',#6126);
#1858=VERTEX_POINT('',#6128);
#1859=VERTEX_POINT('',#6132);
#1860=VERTEX_POINT('',#6137);
#1861=VERTEX_POINT('',#6138);
#1862=VERTEX_POINT('',#6140);
#1863=VERTEX_POINT('',#6142);
#1864=VERTEX_POINT('',#6147);
#1865=VERTEX_POINT('',#6151);
#1866=VERTEX_POINT('',#6158);
#1867=VERTEX_POINT('',#6162);
#1868=VERTEX_POINT('',#6165);
#1869=VERTEX_POINT('',#6176);
#1870=VERTEX_POINT('',#6177);
#1871=VERTEX_POINT('',#6179);
#1872=VERTEX_POINT('',#6181);
#1873=VERTEX_POINT('',#6185);
#1874=VERTEX_POINT('',#6187);
#1875=VERTEX_POINT('',#6191);
#1876=VERTEX_POINT('',#6193);
#1877=VERTEX_POINT('',#6200);
#1878=VERTEX_POINT('',#6202);
#1879=VERTEX_POINT('',#6204);
#1880=VERTEX_POINT('',#6206);
#1881=VERTEX_POINT('',#6208);
#1882=VERTEX_POINT('',#6210);
#1883=VERTEX_POINT('',#6214);
#1884=VERTEX_POINT('',#6219);
#1885=VERTEX_POINT('',#6220);
#1886=VERTEX_POINT('',#6222);
#1887=VERTEX_POINT('',#6224);
#1888=VERTEX_POINT('',#6229);
#1889=VERTEX_POINT('',#6233);
#1890=VERTEX_POINT('',#6240);
#1891=VERTEX_POINT('',#6244);
#1892=VERTEX_POINT('',#6247);
#1893=VERTEX_POINT('',#6258);
#1894=VERTEX_POINT('',#6259);
#1895=VERTEX_POINT('',#6261);
#1896=VERTEX_POINT('',#6263);
#1897=VERTEX_POINT('',#6267);
#1898=VERTEX_POINT('',#6269);
#1899=VERTEX_POINT('',#6273);
#1900=VERTEX_POINT('',#6275);
#1901=VERTEX_POINT('',#6282);
#1902=VERTEX_POINT('',#6284);
#1903=VERTEX_POINT('',#6286);
#1904=VERTEX_POINT('',#6288);
#1905=VERTEX_POINT('',#6290);
#1906=VERTEX_POINT('',#6292);
#1907=VERTEX_POINT('',#6296);
#1908=VERTEX_POINT('',#6301);
#1909=VERTEX_POINT('',#6302);
#1910=VERTEX_POINT('',#6304);
#1911=VERTEX_POINT('',#6306);
#1912=VERTEX_POINT('',#6311);
#1913=VERTEX_POINT('',#6315);
#1914=VERTEX_POINT('',#6322);
#1915=VERTEX_POINT('',#6326);
#1916=VERTEX_POINT('',#6329);
#1917=VERTEX_POINT('',#6340);
#1918=VERTEX_POINT('',#6341);
#1919=VERTEX_POINT('',#6343);
#1920=VERTEX_POINT('',#6345);
#1921=VERTEX_POINT('',#6349);
#1922=VERTEX_POINT('',#6351);
#1923=VERTEX_POINT('',#6355);
#1924=VERTEX_POINT('',#6357);
#1925=VERTEX_POINT('',#6364);
#1926=VERTEX_POINT('',#6366);
#1927=VERTEX_POINT('',#6368);
#1928=VERTEX_POINT('',#6370);
#1929=VERTEX_POINT('',#6372);
#1930=VERTEX_POINT('',#6374);
#1931=VERTEX_POINT('',#6378);
#1932=VERTEX_POINT('',#6383);
#1933=VERTEX_POINT('',#6384);
#1934=VERTEX_POINT('',#6386);
#1935=VERTEX_POINT('',#6388);
#1936=VERTEX_POINT('',#6393);
#1937=VERTEX_POINT('',#6397);
#1938=VERTEX_POINT('',#6404);
#1939=VERTEX_POINT('',#6408);
#1940=VERTEX_POINT('',#6411);
#1941=VERTEX_POINT('',#6422);
#1942=VERTEX_POINT('',#6423);
#1943=VERTEX_POINT('',#6425);
#1944=VERTEX_POINT('',#6427);
#1945=VERTEX_POINT('',#6431);
#1946=VERTEX_POINT('',#6433);
#1947=VERTEX_POINT('',#6437);
#1948=VERTEX_POINT('',#6439);
#1949=VERTEX_POINT('',#6446);
#1950=VERTEX_POINT('',#6448);
#1951=VERTEX_POINT('',#6450);
#1952=VERTEX_POINT('',#6452);
#1953=VERTEX_POINT('',#6454);
#1954=VERTEX_POINT('',#6456);
#1955=VERTEX_POINT('',#6460);
#1956=VERTEX_POINT('',#6465);
#1957=VERTEX_POINT('',#6466);
#1958=VERTEX_POINT('',#6468);
#1959=VERTEX_POINT('',#6470);
#1960=VERTEX_POINT('',#6475);
#1961=VERTEX_POINT('',#6479);
#1962=VERTEX_POINT('',#6486);
#1963=VERTEX_POINT('',#6490);
#1964=VERTEX_POINT('',#6493);
#1965=VERTEX_POINT('',#6504);
#1966=VERTEX_POINT('',#6505);
#1967=VERTEX_POINT('',#6507);
#1968=VERTEX_POINT('',#6509);
#1969=VERTEX_POINT('',#6513);
#1970=VERTEX_POINT('',#6515);
#1971=VERTEX_POINT('',#6519);
#1972=VERTEX_POINT('',#6521);
#1973=VERTEX_POINT('',#6528);
#1974=VERTEX_POINT('',#6530);
#1975=VERTEX_POINT('',#6532);
#1976=VERTEX_POINT('',#6534);
#1977=VERTEX_POINT('',#6536);
#1978=VERTEX_POINT('',#6538);
#1979=VERTEX_POINT('',#6542);
#1980=VERTEX_POINT('',#6547);
#1981=VERTEX_POINT('',#6548);
#1982=VERTEX_POINT('',#6550);
#1983=VERTEX_POINT('',#6552);
#1984=VERTEX_POINT('',#6557);
#1985=VERTEX_POINT('',#6561);
#1986=VERTEX_POINT('',#6568);
#1987=VERTEX_POINT('',#6572);
#1988=VERTEX_POINT('',#6575);
#1989=VERTEX_POINT('',#6586);
#1990=VERTEX_POINT('',#6587);
#1991=VERTEX_POINT('',#6589);
#1992=VERTEX_POINT('',#6591);
#1993=VERTEX_POINT('',#6595);
#1994=VERTEX_POINT('',#6597);
#1995=VERTEX_POINT('',#6601);
#1996=VERTEX_POINT('',#6603);
#1997=VERTEX_POINT('',#6610);
#1998=VERTEX_POINT('',#6612);
#1999=VERTEX_POINT('',#6614);
#2000=VERTEX_POINT('',#6616);
#2001=VERTEX_POINT('',#6618);
#2002=VERTEX_POINT('',#6620);
#2003=VERTEX_POINT('',#6624);
#2004=VERTEX_POINT('',#6629);
#2005=VERTEX_POINT('',#6630);
#2006=VERTEX_POINT('',#6632);
#2007=VERTEX_POINT('',#6634);
#2008=VERTEX_POINT('',#6639);
#2009=VERTEX_POINT('',#6643);
#2010=VERTEX_POINT('',#6650);
#2011=VERTEX_POINT('',#6654);
#2012=VERTEX_POINT('',#6657);
#2013=EDGE_CURVE('',#1647,#1648,#547,.T.);
#2014=EDGE_CURVE('',#1649,#1647,#548,.T.);
#2015=EDGE_CURVE('',#1650,#1649,#549,.T.);
#2016=EDGE_CURVE('',#1650,#1648,#550,.T.);
#2017=EDGE_CURVE('',#1648,#1651,#551,.T.);
#2018=EDGE_CURVE('',#1652,#1650,#552,.T.);
#2019=EDGE_CURVE('',#1652,#1651,#553,.T.);
#2020=EDGE_CURVE('',#1651,#1653,#554,.T.);
#2021=EDGE_CURVE('',#1654,#1652,#555,.T.);
#2022=EDGE_CURVE('',#1653,#1654,#556,.T.);
#2023=EDGE_CURVE('',#1655,#1656,#557,.T.);
#2024=EDGE_CURVE('',#1657,#1655,#558,.T.);
#2025=EDGE_CURVE('',#1658,#1657,#559,.T.);
#2026=EDGE_CURVE('',#1656,#1658,#560,.T.);
#2027=EDGE_CURVE('',#1656,#1659,#561,.T.);
#2028=EDGE_CURVE('',#1660,#1658,#562,.T.);
#2029=EDGE_CURVE('',#1659,#1660,#563,.T.);
#2030=EDGE_CURVE('',#1659,#1661,#564,.T.);
#2031=EDGE_CURVE('',#1662,#1660,#565,.T.);
#2032=EDGE_CURVE('',#1661,#1662,#566,.T.);
#2033=EDGE_CURVE('',#1657,#1663,#567,.T.);
#2034=EDGE_CURVE('',#1663,#1664,#568,.T.);
#2035=EDGE_CURVE('',#1664,#1665,#569,.T.);
#2036=EDGE_CURVE('',#1665,#1666,#570,.T.);
#2037=EDGE_CURVE('',#1666,#1667,#571,.T.);
#2038=EDGE_CURVE('',#1667,#1668,#572,.T.);
#2039=EDGE_CURVE('',#1668,#1662,#573,.T.);
#2040=EDGE_CURVE('',#1655,#1669,#574,.T.);
#2041=EDGE_CURVE('',#1669,#1670,#575,.T.);
#2042=EDGE_CURVE('',#1670,#1671,#576,.T.);
#2043=EDGE_CURVE('',#1663,#1671,#577,.T.);
#2044=EDGE_CURVE('',#1672,#1654,#578,.T.);
#2045=EDGE_CURVE('',#1673,#1672,#579,.T.);
#2046=EDGE_CURVE('',#1673,#1674,#580,.T.);
#2047=EDGE_CURVE('',#1674,#1675,#581,.T.);
#2048=EDGE_CURVE('',#1675,#1653,#582,.T.);
#2049=EDGE_CURVE('',#1676,#1675,#583,.F.);
#2050=EDGE_CURVE('',#1676,#1677,#584,.T.);
#2051=EDGE_CURVE('',#1677,#1678,#585,.T.);
#2052=EDGE_CURVE('',#1679,#1678,#586,.F.);
#2053=EDGE_CURVE('',#1679,#1680,#587,.T.);
#2054=EDGE_CURVE('',#1647,#1680,#588,.T.);
#2055=EDGE_CURVE('',#1681,#1670,#589,.T.);
#2056=EDGE_CURVE('',#1682,#1681,#590,.T.);
#2057=EDGE_CURVE('',#1671,#1682,#591,.T.);
#2058=EDGE_CURVE('',#1683,#1684,#592,.T.);
#2059=EDGE_CURVE('',#1685,#1683,#593,.T.);
#2060=EDGE_CURVE('',#1686,#1685,#594,.T.);
#2061=EDGE_CURVE('',#1687,#1686,#595,.T.);
#2062=EDGE_CURVE('',#1687,#1688,#596,.T.);
#2063=EDGE_CURVE('',#1684,#1688,#597,.T.);
#2064=EDGE_CURVE('',#1686,#1689,#598,.T.);
#2065=EDGE_CURVE('',#1690,#1685,#599,.T.);
#2066=EDGE_CURVE('',#1689,#1690,#600,.T.);
#2067=EDGE_CURVE('',#1691,#1692,#601,.T.);
#2068=EDGE_CURVE('',#1688,#1691,#602,.T.);
#2069=EDGE_CURVE('',#1693,#1687,#603,.T.);
#2070=EDGE_CURVE('',#1694,#1693,#604,.T.);
#2071=EDGE_CURVE('',#1692,#1694,#605,.T.);
#2072=EDGE_CURVE('',#1695,#1683,#606,.T.);
#2073=EDGE_CURVE('',#1692,#1695,#607,.T.);
#2074=EDGE_CURVE('',#1696,#1694,#608,.T.);
#2075=EDGE_CURVE('',#1697,#1696,#609,.T.);
#2076=EDGE_CURVE('',#1690,#1697,#610,.T.);
#2077=EDGE_CURVE('',#1698,#1693,#611,.T.);
#2078=EDGE_CURVE('',#1698,#1699,#612,.T.);
#2079=EDGE_CURVE('',#1700,#1699,#613,.T.);
#2080=EDGE_CURVE('',#1696,#1700,#614,.T.);
#2081=EDGE_CURVE('',#1701,#1702,#615,.T.);
#2082=EDGE_CURVE('',#1703,#1701,#616,.T.);
#2083=EDGE_CURVE('',#1704,#1703,#617,.T.);
#2084=EDGE_CURVE('',#1702,#1704,#618,.T.);
#2085=EDGE_CURVE('',#1682,#1705,#619,.T.);
#2086=EDGE_CURVE('',#1705,#1673,#620,.T.);
#2087=EDGE_CURVE('',#1706,#1672,#621,.T.);
#2088=EDGE_CURVE('',#1707,#1706,#622,.T.);
#2089=EDGE_CURVE('',#1707,#1708,#623,.T.);
#2090=EDGE_CURVE('',#1708,#1709,#624,.T.);
#2091=EDGE_CURVE('',#1709,#1710,#625,.T.);
#2092=EDGE_CURVE('',#1710,#1711,#626,.T.);
#2093=EDGE_CURVE('',#1711,#1712,#627,.T.);
#2094=EDGE_CURVE('',#1713,#1712,#628,.T.);
#2095=EDGE_CURVE('',#1713,#1714,#629,.T.);
#2096=EDGE_CURVE('',#1714,#1715,#630,.T.);
#2097=EDGE_CURVE('',#1715,#1716,#631,.T.);
#2098=EDGE_CURVE('',#1717,#1716,#632,.T.);
#2099=EDGE_CURVE('',#1717,#1718,#633,.T.);
#2100=EDGE_CURVE('',#1718,#1719,#634,.T.);
#2101=EDGE_CURVE('',#1719,#1720,#635,.T.);
#2102=EDGE_CURVE('',#1721,#1720,#636,.T.);
#2103=EDGE_CURVE('',#1721,#1722,#637,.T.);
#2104=EDGE_CURVE('',#1722,#1723,#638,.T.);
#2105=EDGE_CURVE('',#1723,#1724,#639,.T.);
#2106=EDGE_CURVE('',#1725,#1724,#640,.T.);
#2107=EDGE_CURVE('',#1725,#1726,#641,.T.);
#2108=EDGE_CURVE('',#1726,#1727,#642,.T.);
#2109=EDGE_CURVE('',#1727,#1728,#643,.T.);
#2110=EDGE_CURVE('',#1729,#1728,#644,.T.);
#2111=EDGE_CURVE('',#1729,#1730,#645,.T.);
#2112=EDGE_CURVE('',#1730,#1731,#646,.T.);
#2113=EDGE_CURVE('',#1731,#1732,#647,.T.);
#2114=EDGE_CURVE('',#1733,#1732,#648,.T.);
#2115=EDGE_CURVE('',#1733,#1698,#649,.T.);
#2116=EDGE_CURVE('',#1664,#1689,#650,.T.);
#2117=EDGE_CURVE('',#1734,#1661,#651,.T.);
#2118=EDGE_CURVE('',#1734,#1735,#652,.T.);
#2119=EDGE_CURVE('',#1695,#1735,#653,.T.);
#2120=EDGE_CURVE('',#1669,#1684,#654,.T.);
#2121=EDGE_CURVE('',#1736,#1665,#655,.T.);
#2122=EDGE_CURVE('',#1736,#1737,#656,.T.);
#2123=EDGE_CURVE('',#1666,#1737,#657,.T.);
#2124=EDGE_CURVE('',#1738,#1739,#658,.T.);
#2125=EDGE_CURVE('',#1739,#1740,#659,.T.);
#2126=EDGE_CURVE('',#1740,#1741,#660,.T.);
#2127=EDGE_CURVE('',#1741,#1738,#661,.T.);
#2128=EDGE_CURVE('',#1737,#1742,#662,.T.);
#2129=EDGE_CURVE('',#1667,#1742,#663,.T.);
#2130=EDGE_CURVE('',#1741,#1736,#664,.T.);
#2131=EDGE_CURVE('',#1742,#1740,#665,.T.);
#2132=EDGE_CURVE('',#1743,#1681,#666,.T.);
#2133=EDGE_CURVE('',#1705,#1743,#667,.T.);
#2134=EDGE_CURVE('',#1674,#1743,#668,.T.);
#2135=EDGE_CURVE('',#1744,#1745,#669,.T.);
#2136=EDGE_CURVE('',#1744,#1746,#670,.T.);
#2137=EDGE_CURVE('',#1710,#1746,#671,.T.);
#2138=EDGE_CURVE('',#1709,#1747,#672,.T.);
#2139=EDGE_CURVE('',#1745,#1747,#673,.T.);
#2140=EDGE_CURVE('',#1747,#1676,#674,.T.);
#2141=EDGE_CURVE('',#1708,#1748,#675,.T.);
#2142=EDGE_CURVE('',#1748,#1677,#676,.T.);
#2143=EDGE_CURVE('',#1749,#1707,#677,.T.);
#2144=EDGE_CURVE('',#1749,#1748,#678,.T.);
#2145=EDGE_CURVE('',#1678,#1744,#679,.T.);
#2146=EDGE_CURVE('',#1750,#1749,#680,.T.);
#2147=EDGE_CURVE('',#1751,#1750,#681,.T.);
#2148=EDGE_CURVE('',#1746,#1751,#682,.T.);
#2149=EDGE_CURVE('',#1751,#1752,#683,.T.);
#2150=EDGE_CURVE('',#1753,#1752,#684,.T.);
#2151=EDGE_CURVE('',#1711,#1753,#685,.T.);
#2152=EDGE_CURVE('',#1754,#1755,#686,.T.);
#2153=EDGE_CURVE('',#1756,#1754,#687,.T.);
#2154=EDGE_CURVE('',#1757,#1756,#688,.T.);
#2155=EDGE_CURVE('',#1755,#1757,#689,.T.);
#2156=EDGE_CURVE('',#1691,#1745,#690,.F.);
#2157=EDGE_CURVE('',#1758,#1759,#691,.T.);
#2158=EDGE_CURVE('',#1759,#1760,#692,.T.);
#2159=EDGE_CURVE('',#1761,#1760,#693,.T.);
#2160=EDGE_CURVE('',#1758,#1761,#694,.T.);
#2161=EDGE_CURVE('',#1762,#1763,#695,.T.);
#2162=EDGE_CURVE('',#1763,#1764,#696,.T.);
#2163=EDGE_CURVE('',#1765,#1764,#697,.T.);
#2164=EDGE_CURVE('',#1762,#1765,#698,.T.);
#2165=EDGE_CURVE('',#1763,#1766,#699,.T.);
#2166=EDGE_CURVE('',#1766,#1767,#700,.T.);
#2167=EDGE_CURVE('',#1764,#1767,#701,.T.);
#2168=EDGE_CURVE('',#1767,#1761,#702,.T.);
#2169=EDGE_CURVE('',#1765,#1760,#703,.T.);
#2170=EDGE_CURVE('',#1762,#1706,#704,.T.);
#2171=EDGE_CURVE('',#1760,#1768,#705,.T.);
#2172=EDGE_CURVE('',#1768,#1750,#706,.T.);
#2173=EDGE_CURVE('',#1769,#1753,#707,.T.);
#2174=EDGE_CURVE('',#1712,#1769,#708,.T.);
#2175=EDGE_CURVE('',#1752,#1768,#709,.T.);
#2176=EDGE_CURVE('',#1769,#1770,#710,.T.);
#2177=EDGE_CURVE('',#1770,#1713,#711,.T.);
#2178=EDGE_CURVE('',#1771,#1756,#712,.T.);
#2179=EDGE_CURVE('',#1772,#1771,#713,.T.);
#2180=EDGE_CURVE('',#1772,#1757,#714,.T.);
#2181=EDGE_CURVE('',#1773,#1754,#715,.T.);
#2182=EDGE_CURVE('',#1771,#1773,#716,.T.);
#2183=EDGE_CURVE('',#1774,#1755,#717,.T.);
#2184=EDGE_CURVE('',#1773,#1774,#718,.T.);
#2185=EDGE_CURVE('',#1774,#1772,#719,.T.);
#2186=EDGE_CURVE('',#1775,#1776,#720,.T.);
#2187=EDGE_CURVE('',#1716,#1775,#721,.T.);
#2188=EDGE_CURVE('',#1715,#1776,#722,.T.);
#2189=EDGE_CURVE('',#1776,#1777,#723,.T.);
#2190=EDGE_CURVE('',#1714,#1777,#724,.T.);
#2191=EDGE_CURVE('',#1778,#1779,#725,.T.);
#2192=EDGE_CURVE('',#1780,#1778,#726,.T.);
#2193=EDGE_CURVE('',#1781,#1780,#727,.T.);
#2194=EDGE_CURVE('',#1779,#1781,#728,.T.);
#2195=EDGE_CURVE('',#1777,#1770,#729,.T.);
#2196=EDGE_CURVE('',#1775,#1782,#730,.T.);
#2197=EDGE_CURVE('',#1782,#1717,#731,.T.);
#2198=EDGE_CURVE('',#1783,#1780,#732,.T.);
#2199=EDGE_CURVE('',#1784,#1783,#733,.T.);
#2200=EDGE_CURVE('',#1784,#1781,#734,.T.);
#2201=EDGE_CURVE('',#1785,#1778,#735,.T.);
#2202=EDGE_CURVE('',#1783,#1785,#736,.T.);
#2203=EDGE_CURVE('',#1786,#1779,#737,.T.);
#2204=EDGE_CURVE('',#1785,#1786,#738,.T.);
#2205=EDGE_CURVE('',#1786,#1784,#739,.T.);
#2206=EDGE_CURVE('',#1787,#1788,#740,.T.);
#2207=EDGE_CURVE('',#1720,#1787,#741,.T.);
#2208=EDGE_CURVE('',#1719,#1788,#742,.T.);
#2209=EDGE_CURVE('',#1788,#1789,#743,.T.);
#2210=EDGE_CURVE('',#1718,#1789,#744,.T.);
#2211=EDGE_CURVE('',#1790,#1791,#745,.T.);
#2212=EDGE_CURVE('',#1792,#1790,#746,.T.);
#2213=EDGE_CURVE('',#1793,#1792,#747,.T.);
#2214=EDGE_CURVE('',#1791,#1793,#748,.T.);
#2215=EDGE_CURVE('',#1789,#1782,#749,.T.);
#2216=EDGE_CURVE('',#1787,#1794,#750,.T.);
#2217=EDGE_CURVE('',#1794,#1721,#751,.T.);
#2218=EDGE_CURVE('',#1795,#1792,#752,.T.);
#2219=EDGE_CURVE('',#1796,#1795,#753,.T.);
#2220=EDGE_CURVE('',#1796,#1793,#754,.T.);
#2221=EDGE_CURVE('',#1797,#1790,#755,.T.);
#2222=EDGE_CURVE('',#1795,#1797,#756,.T.);
#2223=EDGE_CURVE('',#1798,#1791,#757,.T.);
#2224=EDGE_CURVE('',#1797,#1798,#758,.T.);
#2225=EDGE_CURVE('',#1798,#1796,#759,.T.);
#2226=EDGE_CURVE('',#1799,#1800,#760,.T.);
#2227=EDGE_CURVE('',#1724,#1799,#761,.T.);
#2228=EDGE_CURVE('',#1723,#1800,#762,.T.);
#2229=EDGE_CURVE('',#1800,#1801,#763,.T.);
#2230=EDGE_CURVE('',#1722,#1801,#764,.T.);
#2231=EDGE_CURVE('',#1802,#1803,#765,.T.);
#2232=EDGE_CURVE('',#1804,#1802,#766,.T.);
#2233=EDGE_CURVE('',#1805,#1804,#767,.T.);
#2234=EDGE_CURVE('',#1803,#1805,#768,.T.);
#2235=EDGE_CURVE('',#1801,#1794,#769,.T.);
#2236=EDGE_CURVE('',#1799,#1806,#770,.T.);
#2237=EDGE_CURVE('',#1806,#1725,#771,.T.);
#2238=EDGE_CURVE('',#1807,#1804,#772,.T.);
#2239=EDGE_CURVE('',#1808,#1807,#773,.T.);
#2240=EDGE_CURVE('',#1808,#1805,#774,.T.);
#2241=EDGE_CURVE('',#1809,#1802,#775,.T.);
#2242=EDGE_CURVE('',#1807,#1809,#776,.T.);
#2243=EDGE_CURVE('',#1810,#1803,#777,.T.);
#2244=EDGE_CURVE('',#1809,#1810,#778,.T.);
#2245=EDGE_CURVE('',#1810,#1808,#779,.T.);
#2246=EDGE_CURVE('',#1811,#1812,#780,.T.);
#2247=EDGE_CURVE('',#1728,#1811,#781,.T.);
#2248=EDGE_CURVE('',#1727,#1812,#782,.T.);
#2249=EDGE_CURVE('',#1812,#1813,#783,.T.);
#2250=EDGE_CURVE('',#1726,#1813,#784,.T.);
#2251=EDGE_CURVE('',#1814,#1815,#785,.T.);
#2252=EDGE_CURVE('',#1816,#1814,#786,.T.);
#2253=EDGE_CURVE('',#1817,#1816,#787,.T.);
#2254=EDGE_CURVE('',#1815,#1817,#788,.T.);
#2255=EDGE_CURVE('',#1813,#1806,#789,.T.);
#2256=EDGE_CURVE('',#1811,#1818,#790,.T.);
#2257=EDGE_CURVE('',#1818,#1729,#791,.T.);
#2258=EDGE_CURVE('',#1819,#1816,#792,.T.);
#2259=EDGE_CURVE('',#1820,#1819,#793,.T.);
#2260=EDGE_CURVE('',#1820,#1817,#794,.T.);
#2261=EDGE_CURVE('',#1821,#1814,#795,.T.);
#2262=EDGE_CURVE('',#1819,#1821,#796,.T.);
#2263=EDGE_CURVE('',#1822,#1815,#797,.T.);
#2264=EDGE_CURVE('',#1821,#1822,#798,.T.);
#2265=EDGE_CURVE('',#1822,#1820,#799,.T.);
#2266=EDGE_CURVE('',#1823,#1824,#800,.T.);
#2267=EDGE_CURVE('',#1732,#1823,#801,.T.);
#2268=EDGE_CURVE('',#1731,#1824,#802,.T.);
#2269=EDGE_CURVE('',#1824,#1825,#803,.T.);
#2270=EDGE_CURVE('',#1730,#1825,#804,.T.);
#2271=EDGE_CURVE('',#1826,#1827,#805,.T.);
#2272=EDGE_CURVE('',#1828,#1826,#806,.T.);
#2273=EDGE_CURVE('',#1829,#1828,#807,.T.);
#2274=EDGE_CURVE('',#1827,#1829,#808,.T.);
#2275=EDGE_CURVE('',#1825,#1818,#809,.T.);
#2276=EDGE_CURVE('',#1823,#1830,#810,.T.);
#2277=EDGE_CURVE('',#1830,#1733,#811,.T.);
#2278=EDGE_CURVE('',#1831,#1828,#812,.T.);
#2279=EDGE_CURVE('',#1832,#1831,#813,.T.);
#2280=EDGE_CURVE('',#1832,#1829,#814,.T.);
#2281=EDGE_CURVE('',#1833,#1826,#815,.T.);
#2282=EDGE_CURVE('',#1831,#1833,#816,.T.);
#2283=EDGE_CURVE('',#1834,#1827,#817,.T.);
#2284=EDGE_CURVE('',#1833,#1834,#818,.T.);
#2285=EDGE_CURVE('',#1834,#1832,#819,.T.);
#2286=EDGE_CURVE('',#1699,#1830,#820,.T.);
#2287=EDGE_CURVE('',#1835,#1700,#821,.T.);
#2288=EDGE_CURVE('',#1697,#1835,#822,.T.);
#2289=EDGE_CURVE('',#1836,#1759,#823,.T.);
#2290=EDGE_CURVE('',#1837,#1836,#824,.T.);
#2291=EDGE_CURVE('',#1837,#1738,#825,.T.);
#2292=EDGE_CURVE('',#1835,#1741,#826,.T.);
#2293=EDGE_CURVE('',#1838,#1703,#827,.T.);
#2294=EDGE_CURVE('',#1839,#1838,#828,.T.);
#2295=EDGE_CURVE('',#1839,#1704,#829,.T.);
#2296=EDGE_CURVE('',#1840,#1701,#830,.T.);
#2297=EDGE_CURVE('',#1838,#1840,#831,.T.);
#2298=EDGE_CURVE('',#1841,#1702,#832,.T.);
#2299=EDGE_CURVE('',#1840,#1841,#833,.T.);
#2300=EDGE_CURVE('',#1841,#1839,#834,.T.);
#2301=EDGE_CURVE('',#1679,#1735,#835,.T.);
#2302=EDGE_CURVE('',#1680,#1734,#836,.T.);
#2303=EDGE_CURVE('',#1842,#1837,#837,.T.);
#2304=EDGE_CURVE('',#1739,#1842,#838,.T.);
#2305=EDGE_CURVE('',#1843,#1758,#839,.T.);
#2306=EDGE_CURVE('',#1836,#1843,#840,.T.);
#2307=EDGE_CURVE('',#1668,#1842,#841,.T.);
#2308=EDGE_CURVE('',#1843,#1844,#842,.T.);
#2309=EDGE_CURVE('',#1649,#1844,#843,.T.);
#2310=EDGE_CURVE('',#1844,#1766,#844,.T.);
#2311=EDGE_CURVE('',#1845,#1846,#845,.T.);
#2312=EDGE_CURVE('',#1846,#1847,#846,.T.);
#2313=EDGE_CURVE('',#1847,#1848,#847,.T.);
#2314=EDGE_CURVE('',#1845,#1848,#848,.T.);
#2315=EDGE_CURVE('',#1846,#1849,#849,.T.);
#2316=EDGE_CURVE('',#1849,#1850,#850,.T.);
#2317=EDGE_CURVE('',#1850,#1847,#851,.T.);
#2318=EDGE_CURVE('',#1849,#1851,#852,.T.);
#2319=EDGE_CURVE('',#1851,#1852,#853,.T.);
#2320=EDGE_CURVE('',#1852,#1850,#854,.T.);
#2321=EDGE_CURVE('',#1848,#1852,#855,.T.);
#2322=EDGE_CURVE('',#1851,#1845,#856,.T.);
#2323=EDGE_CURVE('',#1853,#1848,#857,.T.);
#2324=EDGE_CURVE('',#1854,#1853,#27,.T.);
#2325=EDGE_CURVE('',#1855,#1854,#858,.T.);
#2326=EDGE_CURVE('',#1856,#1855,#859,.T.);
#2327=EDGE_CURVE('',#1856,#1857,#860,.T.);
#2328=EDGE_CURVE('',#1857,#1858,#28,.T.);
#2329=EDGE_CURVE('',#1858,#1852,#861,.T.);
#2330=EDGE_CURVE('',#1859,#1847,#862,.T.);
#2331=EDGE_CURVE('',#1859,#1853,#863,.T.);
#2332=EDGE_CURVE('',#1860,#1861,#864,.T.);
#2333=EDGE_CURVE('',#1861,#1862,#865,.T.);
#2334=EDGE_CURVE('',#1862,#1863,#866,.T.);
#2335=EDGE_CURVE('',#1860,#1863,#867,.T.);
#2336=EDGE_CURVE('',#1861,#1856,#868,.T.);
#2337=EDGE_CURVE('',#1856,#1864,#869,.T.);
#2338=EDGE_CURVE('',#1864,#1862,#870,.T.);
#2339=EDGE_CURVE('',#1863,#1865,#871,.T.);
#2340=EDGE_CURVE('',#1865,#1855,#872,.T.);
#2341=EDGE_CURVE('',#1855,#1860,#873,.T.);
#2342=EDGE_CURVE('',#1865,#1864,#874,.T.);
#2343=EDGE_CURVE('',#1861,#1866,#875,.T.);
#2344=EDGE_CURVE('',#1857,#1866,#876,.T.);
#2345=EDGE_CURVE('',#1867,#1850,#877,.T.);
#2346=EDGE_CURVE('',#1866,#1867,#29,.T.);
#2347=EDGE_CURVE('',#1860,#1868,#878,.T.);
#2348=EDGE_CURVE('',#1868,#1859,#30,.T.);
#2349=EDGE_CURVE('',#1858,#1867,#879,.T.);
#2350=EDGE_CURVE('',#1868,#1854,#880,.T.);
#2351=EDGE_CURVE('',#1869,#1870,#881,.T.);
#2352=EDGE_CURVE('',#1870,#1871,#882,.T.);
#2353=EDGE_CURVE('',#1871,#1872,#883,.T.);
#2354=EDGE_CURVE('',#1869,#1872,#884,.T.);
#2355=EDGE_CURVE('',#1870,#1873,#885,.T.);
#2356=EDGE_CURVE('',#1873,#1874,#886,.T.);
#2357=EDGE_CURVE('',#1874,#1871,#887,.T.);
#2358=EDGE_CURVE('',#1873,#1875,#888,.T.);
#2359=EDGE_CURVE('',#1875,#1876,#889,.T.);
#2360=EDGE_CURVE('',#1876,#1874,#890,.T.);
#2361=EDGE_CURVE('',#1872,#1876,#891,.T.);
#2362=EDGE_CURVE('',#1875,#1869,#892,.T.);
#2363=EDGE_CURVE('',#1877,#1872,#893,.T.);
#2364=EDGE_CURVE('',#1878,#1877,#31,.T.);
#2365=EDGE_CURVE('',#1879,#1878,#894,.T.);
#2366=EDGE_CURVE('',#1880,#1879,#895,.T.);
#2367=EDGE_CURVE('',#1880,#1881,#896,.T.);
#2368=EDGE_CURVE('',#1881,#1882,#32,.T.);
#2369=EDGE_CURVE('',#1882,#1876,#897,.T.);
#2370=EDGE_CURVE('',#1883,#1871,#898,.T.);
#2371=EDGE_CURVE('',#1883,#1877,#899,.T.);
#2372=EDGE_CURVE('',#1884,#1885,#900,.T.);
#2373=EDGE_CURVE('',#1885,#1886,#901,.T.);
#2374=EDGE_CURVE('',#1886,#1887,#902,.T.);
#2375=EDGE_CURVE('',#1884,#1887,#903,.T.);
#2376=EDGE_CURVE('',#1885,#1880,#904,.T.);
#2377=EDGE_CURVE('',#1880,#1888,#905,.T.);
#2378=EDGE_CURVE('',#1888,#1886,#906,.T.);
#2379=EDGE_CURVE('',#1887,#1889,#907,.T.);
#2380=EDGE_CURVE('',#1889,#1879,#908,.T.);
#2381=EDGE_CURVE('',#1879,#1884,#909,.T.);
#2382=EDGE_CURVE('',#1889,#1888,#910,.T.);
#2383=EDGE_CURVE('',#1885,#1890,#911,.T.);
#2384=EDGE_CURVE('',#1881,#1890,#912,.T.);
#2385=EDGE_CURVE('',#1891,#1874,#913,.T.);
#2386=EDGE_CURVE('',#1890,#1891,#33,.T.);
#2387=EDGE_CURVE('',#1884,#1892,#914,.T.);
#2388=EDGE_CURVE('',#1892,#1883,#34,.T.);
#2389=EDGE_CURVE('',#1882,#1891,#915,.T.);
#2390=EDGE_CURVE('',#1892,#1878,#916,.T.);
#2391=EDGE_CURVE('',#1893,#1894,#917,.T.);
#2392=EDGE_CURVE('',#1894,#1895,#918,.T.);
#2393=EDGE_CURVE('',#1895,#1896,#919,.T.);
#2394=EDGE_CURVE('',#1893,#1896,#920,.T.);
#2395=EDGE_CURVE('',#1894,#1897,#921,.T.);
#2396=EDGE_CURVE('',#1897,#1898,#922,.T.);
#2397=EDGE_CURVE('',#1898,#1895,#923,.T.);
#2398=EDGE_CURVE('',#1897,#1899,#924,.T.);
#2399=EDGE_CURVE('',#1899,#1900,#925,.T.);
#2400=EDGE_CURVE('',#1900,#1898,#926,.T.);
#2401=EDGE_CURVE('',#1896,#1900,#927,.T.);
#2402=EDGE_CURVE('',#1899,#1893,#928,.T.);
#2403=EDGE_CURVE('',#1901,#1896,#929,.T.);
#2404=EDGE_CURVE('',#1902,#1901,#35,.T.);
#2405=EDGE_CURVE('',#1903,#1902,#930,.T.);
#2406=EDGE_CURVE('',#1904,#1903,#931,.T.);
#2407=EDGE_CURVE('',#1904,#1905,#932,.T.);
#2408=EDGE_CURVE('',#1905,#1906,#36,.T.);
#2409=EDGE_CURVE('',#1906,#1900,#933,.T.);
#2410=EDGE_CURVE('',#1907,#1895,#934,.T.);
#2411=EDGE_CURVE('',#1907,#1901,#935,.T.);
#2412=EDGE_CURVE('',#1908,#1909,#936,.T.);
#2413=EDGE_CURVE('',#1909,#1910,#937,.T.);
#2414=EDGE_CURVE('',#1910,#1911,#938,.T.);
#2415=EDGE_CURVE('',#1908,#1911,#939,.T.);
#2416=EDGE_CURVE('',#1909,#1904,#940,.T.);
#2417=EDGE_CURVE('',#1904,#1912,#941,.T.);
#2418=EDGE_CURVE('',#1912,#1910,#942,.T.);
#2419=EDGE_CURVE('',#1911,#1913,#943,.T.);
#2420=EDGE_CURVE('',#1913,#1903,#944,.T.);
#2421=EDGE_CURVE('',#1903,#1908,#945,.T.);
#2422=EDGE_CURVE('',#1913,#1912,#946,.T.);
#2423=EDGE_CURVE('',#1909,#1914,#947,.T.);
#2424=EDGE_CURVE('',#1905,#1914,#948,.T.);
#2425=EDGE_CURVE('',#1915,#1898,#949,.T.);
#2426=EDGE_CURVE('',#1914,#1915,#37,.T.);
#2427=EDGE_CURVE('',#1908,#1916,#950,.T.);
#2428=EDGE_CURVE('',#1916,#1907,#38,.T.);
#2429=EDGE_CURVE('',#1906,#1915,#951,.T.);
#2430=EDGE_CURVE('',#1916,#1902,#952,.T.);
#2431=EDGE_CURVE('',#1917,#1918,#953,.T.);
#2432=EDGE_CURVE('',#1918,#1919,#954,.T.);
#2433=EDGE_CURVE('',#1919,#1920,#955,.T.);
#2434=EDGE_CURVE('',#1917,#1920,#956,.T.);
#2435=EDGE_CURVE('',#1918,#1921,#957,.T.);
#2436=EDGE_CURVE('',#1921,#1922,#958,.T.);
#2437=EDGE_CURVE('',#1922,#1919,#959,.T.);
#2438=EDGE_CURVE('',#1921,#1923,#960,.T.);
#2439=EDGE_CURVE('',#1923,#1924,#961,.T.);
#2440=EDGE_CURVE('',#1924,#1922,#962,.T.);
#2441=EDGE_CURVE('',#1920,#1924,#963,.T.);
#2442=EDGE_CURVE('',#1923,#1917,#964,.T.);
#2443=EDGE_CURVE('',#1925,#1920,#965,.T.);
#2444=EDGE_CURVE('',#1926,#1925,#39,.T.);
#2445=EDGE_CURVE('',#1927,#1926,#966,.T.);
#2446=EDGE_CURVE('',#1928,#1927,#967,.T.);
#2447=EDGE_CURVE('',#1928,#1929,#968,.T.);
#2448=EDGE_CURVE('',#1929,#1930,#40,.T.);
#2449=EDGE_CURVE('',#1930,#1924,#969,.T.);
#2450=EDGE_CURVE('',#1931,#1919,#970,.T.);
#2451=EDGE_CURVE('',#1931,#1925,#971,.T.);
#2452=EDGE_CURVE('',#1932,#1933,#972,.T.);
#2453=EDGE_CURVE('',#1933,#1934,#973,.T.);
#2454=EDGE_CURVE('',#1934,#1935,#974,.T.);
#2455=EDGE_CURVE('',#1932,#1935,#975,.T.);
#2456=EDGE_CURVE('',#1933,#1928,#976,.T.);
#2457=EDGE_CURVE('',#1928,#1936,#977,.T.);
#2458=EDGE_CURVE('',#1936,#1934,#978,.T.);
#2459=EDGE_CURVE('',#1935,#1937,#979,.T.);
#2460=EDGE_CURVE('',#1937,#1927,#980,.T.);
#2461=EDGE_CURVE('',#1927,#1932,#981,.T.);
#2462=EDGE_CURVE('',#1937,#1936,#982,.T.);
#2463=EDGE_CURVE('',#1933,#1938,#983,.T.);
#2464=EDGE_CURVE('',#1929,#1938,#984,.T.);
#2465=EDGE_CURVE('',#1939,#1922,#985,.T.);
#2466=EDGE_CURVE('',#1938,#1939,#41,.T.);
#2467=EDGE_CURVE('',#1932,#1940,#986,.T.);
#2468=EDGE_CURVE('',#1940,#1931,#42,.T.);
#2469=EDGE_CURVE('',#1930,#1939,#987,.T.);
#2470=EDGE_CURVE('',#1940,#1926,#988,.T.);
#2471=EDGE_CURVE('',#1941,#1942,#989,.T.);
#2472=EDGE_CURVE('',#1942,#1943,#990,.T.);
#2473=EDGE_CURVE('',#1943,#1944,#991,.T.);
#2474=EDGE_CURVE('',#1941,#1944,#992,.T.);
#2475=EDGE_CURVE('',#1942,#1945,#993,.T.);
#2476=EDGE_CURVE('',#1945,#1946,#994,.T.);
#2477=EDGE_CURVE('',#1946,#1943,#995,.T.);
#2478=EDGE_CURVE('',#1945,#1947,#996,.T.);
#2479=EDGE_CURVE('',#1947,#1948,#997,.T.);
#2480=EDGE_CURVE('',#1948,#1946,#998,.T.);
#2481=EDGE_CURVE('',#1944,#1948,#999,.T.);
#2482=EDGE_CURVE('',#1947,#1941,#1000,.T.);
#2483=EDGE_CURVE('',#1949,#1944,#1001,.T.);
#2484=EDGE_CURVE('',#1950,#1949,#43,.T.);
#2485=EDGE_CURVE('',#1951,#1950,#1002,.T.);
#2486=EDGE_CURVE('',#1952,#1951,#1003,.T.);
#2487=EDGE_CURVE('',#1952,#1953,#1004,.T.);
#2488=EDGE_CURVE('',#1953,#1954,#44,.T.);
#2489=EDGE_CURVE('',#1954,#1948,#1005,.T.);
#2490=EDGE_CURVE('',#1955,#1943,#1006,.T.);
#2491=EDGE_CURVE('',#1955,#1949,#1007,.T.);
#2492=EDGE_CURVE('',#1956,#1957,#1008,.T.);
#2493=EDGE_CURVE('',#1957,#1958,#1009,.T.);
#2494=EDGE_CURVE('',#1958,#1959,#1010,.T.);
#2495=EDGE_CURVE('',#1956,#1959,#1011,.T.);
#2496=EDGE_CURVE('',#1957,#1952,#1012,.T.);
#2497=EDGE_CURVE('',#1952,#1960,#1013,.T.);
#2498=EDGE_CURVE('',#1960,#1958,#1014,.T.);
#2499=EDGE_CURVE('',#1959,#1961,#1015,.T.);
#2500=EDGE_CURVE('',#1961,#1951,#1016,.T.);
#2501=EDGE_CURVE('',#1951,#1956,#1017,.T.);
#2502=EDGE_CURVE('',#1961,#1960,#1018,.T.);
#2503=EDGE_CURVE('',#1957,#1962,#1019,.T.);
#2504=EDGE_CURVE('',#1953,#1962,#1020,.T.);
#2505=EDGE_CURVE('',#1963,#1946,#1021,.T.);
#2506=EDGE_CURVE('',#1962,#1963,#45,.T.);
#2507=EDGE_CURVE('',#1956,#1964,#1022,.T.);
#2508=EDGE_CURVE('',#1964,#1955,#46,.T.);
#2509=EDGE_CURVE('',#1954,#1963,#1023,.T.);
#2510=EDGE_CURVE('',#1964,#1950,#1024,.T.);
#2511=EDGE_CURVE('',#1965,#1966,#1025,.T.);
#2512=EDGE_CURVE('',#1966,#1967,#1026,.T.);
#2513=EDGE_CURVE('',#1967,#1968,#1027,.T.);
#2514=EDGE_CURVE('',#1965,#1968,#1028,.T.);
#2515=EDGE_CURVE('',#1966,#1969,#1029,.T.);
#2516=EDGE_CURVE('',#1969,#1970,#1030,.T.);
#2517=EDGE_CURVE('',#1970,#1967,#1031,.T.);
#2518=EDGE_CURVE('',#1969,#1971,#1032,.T.);
#2519=EDGE_CURVE('',#1971,#1972,#1033,.T.);
#2520=EDGE_CURVE('',#1972,#1970,#1034,.T.);
#2521=EDGE_CURVE('',#1968,#1972,#1035,.T.);
#2522=EDGE_CURVE('',#1971,#1965,#1036,.T.);
#2523=EDGE_CURVE('',#1973,#1968,#1037,.T.);
#2524=EDGE_CURVE('',#1974,#1973,#47,.T.);
#2525=EDGE_CURVE('',#1975,#1974,#1038,.T.);
#2526=EDGE_CURVE('',#1976,#1975,#1039,.T.);
#2527=EDGE_CURVE('',#1976,#1977,#1040,.T.);
#2528=EDGE_CURVE('',#1977,#1978,#48,.T.);
#2529=EDGE_CURVE('',#1978,#1972,#1041,.T.);
#2530=EDGE_CURVE('',#1979,#1967,#1042,.T.);
#2531=EDGE_CURVE('',#1979,#1973,#1043,.T.);
#2532=EDGE_CURVE('',#1980,#1981,#1044,.T.);
#2533=EDGE_CURVE('',#1981,#1982,#1045,.T.);
#2534=EDGE_CURVE('',#1982,#1983,#1046,.T.);
#2535=EDGE_CURVE('',#1980,#1983,#1047,.T.);
#2536=EDGE_CURVE('',#1981,#1976,#1048,.T.);
#2537=EDGE_CURVE('',#1976,#1984,#1049,.T.);
#2538=EDGE_CURVE('',#1984,#1982,#1050,.T.);
#2539=EDGE_CURVE('',#1983,#1985,#1051,.T.);
#2540=EDGE_CURVE('',#1985,#1975,#1052,.T.);
#2541=EDGE_CURVE('',#1975,#1980,#1053,.T.);
#2542=EDGE_CURVE('',#1985,#1984,#1054,.T.);
#2543=EDGE_CURVE('',#1981,#1986,#1055,.T.);
#2544=EDGE_CURVE('',#1977,#1986,#1056,.T.);
#2545=EDGE_CURVE('',#1987,#1970,#1057,.T.);
#2546=EDGE_CURVE('',#1986,#1987,#49,.T.);
#2547=EDGE_CURVE('',#1980,#1988,#1058,.T.);
#2548=EDGE_CURVE('',#1988,#1979,#50,.T.);
#2549=EDGE_CURVE('',#1978,#1987,#1059,.T.);
#2550=EDGE_CURVE('',#1988,#1974,#1060,.T.);
#2551=EDGE_CURVE('',#1989,#1990,#1061,.T.);
#2552=EDGE_CURVE('',#1990,#1991,#1062,.T.);
#2553=EDGE_CURVE('',#1991,#1992,#1063,.T.);
#2554=EDGE_CURVE('',#1989,#1992,#1064,.T.);
#2555=EDGE_CURVE('',#1990,#1993,#1065,.T.);
#2556=EDGE_CURVE('',#1993,#1994,#1066,.T.);
#2557=EDGE_CURVE('',#1994,#1991,#1067,.T.);
#2558=EDGE_CURVE('',#1993,#1995,#1068,.T.);
#2559=EDGE_CURVE('',#1995,#1996,#1069,.T.);
#2560=EDGE_CURVE('',#1996,#1994,#1070,.T.);
#2561=EDGE_CURVE('',#1992,#1996,#1071,.T.);
#2562=EDGE_CURVE('',#1995,#1989,#1072,.T.);
#2563=EDGE_CURVE('',#1997,#1992,#1073,.T.);
#2564=EDGE_CURVE('',#1998,#1997,#51,.T.);
#2565=EDGE_CURVE('',#1999,#1998,#1074,.T.);
#2566=EDGE_CURVE('',#2000,#1999,#1075,.T.);
#2567=EDGE_CURVE('',#2000,#2001,#1076,.T.);
#2568=EDGE_CURVE('',#2001,#2002,#52,.T.);
#2569=EDGE_CURVE('',#2002,#1996,#1077,.T.);
#2570=EDGE_CURVE('',#2003,#1991,#1078,.T.);
#2571=EDGE_CURVE('',#2003,#1997,#1079,.T.);
#2572=EDGE_CURVE('',#2004,#2005,#1080,.T.);
#2573=EDGE_CURVE('',#2005,#2006,#1081,.T.);
#2574=EDGE_CURVE('',#2006,#2007,#1082,.T.);
#2575=EDGE_CURVE('',#2004,#2007,#1083,.T.);
#2576=EDGE_CURVE('',#2005,#2000,#1084,.T.);
#2577=EDGE_CURVE('',#2000,#2008,#1085,.T.);
#2578=EDGE_CURVE('',#2008,#2006,#1086,.T.);
#2579=EDGE_CURVE('',#2007,#2009,#1087,.T.);
#2580=EDGE_CURVE('',#2009,#1999,#1088,.T.);
#2581=EDGE_CURVE('',#1999,#2004,#1089,.T.);
#2582=EDGE_CURVE('',#2009,#2008,#1090,.T.);
#2583=EDGE_CURVE('',#2005,#2010,#1091,.T.);
#2584=EDGE_CURVE('',#2001,#2010,#1092,.T.);
#2585=EDGE_CURVE('',#2011,#1994,#1093,.T.);
#2586=EDGE_CURVE('',#2010,#2011,#53,.T.);
#2587=EDGE_CURVE('',#2004,#2012,#1094,.T.);
#2588=EDGE_CURVE('',#2012,#2003,#54,.T.);
#2589=EDGE_CURVE('',#2002,#2011,#1095,.T.);
#2590=EDGE_CURVE('',#2012,#1998,#1096,.T.);
#2591=ORIENTED_EDGE('',*,*,#2013,.F.);
#2592=ORIENTED_EDGE('',*,*,#2014,.F.);
#2593=ORIENTED_EDGE('',*,*,#2015,.F.);
#2594=ORIENTED_EDGE('',*,*,#2016,.T.);
#2595=ORIENTED_EDGE('',*,*,#2017,.F.);
#2596=ORIENTED_EDGE('',*,*,#2016,.F.);
#2597=ORIENTED_EDGE('',*,*,#2018,.F.);
#2598=ORIENTED_EDGE('',*,*,#2019,.T.);
#2599=ORIENTED_EDGE('',*,*,#2020,.F.);
#2600=ORIENTED_EDGE('',*,*,#2019,.F.);
#2601=ORIENTED_EDGE('',*,*,#2021,.F.);
#2602=ORIENTED_EDGE('',*,*,#2022,.F.);
#2603=ORIENTED_EDGE('',*,*,#2023,.F.);
#2604=ORIENTED_EDGE('',*,*,#2024,.F.);
#2605=ORIENTED_EDGE('',*,*,#2025,.F.);
#2606=ORIENTED_EDGE('',*,*,#2026,.F.);
#2607=ORIENTED_EDGE('',*,*,#2027,.F.);
#2608=ORIENTED_EDGE('',*,*,#2026,.T.);
#2609=ORIENTED_EDGE('',*,*,#2028,.F.);
#2610=ORIENTED_EDGE('',*,*,#2029,.F.);
#2611=ORIENTED_EDGE('',*,*,#2030,.F.);
#2612=ORIENTED_EDGE('',*,*,#2029,.T.);
#2613=ORIENTED_EDGE('',*,*,#2031,.F.);
#2614=ORIENTED_EDGE('',*,*,#2032,.F.);
#2615=ORIENTED_EDGE('',*,*,#2031,.T.);
#2616=ORIENTED_EDGE('',*,*,#2028,.T.);
#2617=ORIENTED_EDGE('',*,*,#2025,.T.);
#2618=ORIENTED_EDGE('',*,*,#2033,.T.);
#2619=ORIENTED_EDGE('',*,*,#2034,.T.);
#2620=ORIENTED_EDGE('',*,*,#2035,.T.);
#2621=ORIENTED_EDGE('',*,*,#2036,.T.);
#2622=ORIENTED_EDGE('',*,*,#2037,.T.);
#2623=ORIENTED_EDGE('',*,*,#2038,.T.);
#2624=ORIENTED_EDGE('',*,*,#2039,.T.);
#2625=ORIENTED_EDGE('',*,*,#2024,.T.);
#2626=ORIENTED_EDGE('',*,*,#2040,.T.);
#2627=ORIENTED_EDGE('',*,*,#2041,.T.);
#2628=ORIENTED_EDGE('',*,*,#2042,.T.);
#2629=ORIENTED_EDGE('',*,*,#2043,.F.);
#2630=ORIENTED_EDGE('',*,*,#2033,.F.);
#2631=ORIENTED_EDGE('',*,*,#2022,.T.);
#2632=ORIENTED_EDGE('',*,*,#2044,.F.);
#2633=ORIENTED_EDGE('',*,*,#2045,.F.);
#2634=ORIENTED_EDGE('',*,*,#2046,.T.);
#2635=ORIENTED_EDGE('',*,*,#2047,.T.);
#2636=ORIENTED_EDGE('',*,*,#2048,.T.);
#2637=ORIENTED_EDGE('',*,*,#2013,.T.);
#2638=ORIENTED_EDGE('',*,*,#2017,.T.);
#2639=ORIENTED_EDGE('',*,*,#2020,.T.);
#2640=ORIENTED_EDGE('',*,*,#2048,.F.);
#2641=ORIENTED_EDGE('',*,*,#2049,.F.);
#2642=ORIENTED_EDGE('',*,*,#2050,.T.);
#2643=ORIENTED_EDGE('',*,*,#2051,.T.);
#2644=ORIENTED_EDGE('',*,*,#2052,.F.);
#2645=ORIENTED_EDGE('',*,*,#2053,.T.);
#2646=ORIENTED_EDGE('',*,*,#2054,.F.);
#2647=ORIENTED_EDGE('',*,*,#2055,.F.);
#2648=ORIENTED_EDGE('',*,*,#2056,.F.);
#2649=ORIENTED_EDGE('',*,*,#2057,.F.);
#2650=ORIENTED_EDGE('',*,*,#2042,.F.);
#2651=ORIENTED_EDGE('',*,*,#2058,.F.);
#2652=ORIENTED_EDGE('',*,*,#2059,.F.);
#2653=ORIENTED_EDGE('',*,*,#2060,.F.);
#2654=ORIENTED_EDGE('',*,*,#2061,.F.);
#2655=ORIENTED_EDGE('',*,*,#2062,.T.);
#2656=ORIENTED_EDGE('',*,*,#2063,.F.);
#2657=ORIENTED_EDGE('',*,*,#2064,.F.);
#2658=ORIENTED_EDGE('',*,*,#2060,.T.);
#2659=ORIENTED_EDGE('',*,*,#2065,.F.);
#2660=ORIENTED_EDGE('',*,*,#2066,.F.);
#2661=ORIENTED_EDGE('',*,*,#2067,.F.);
#2662=ORIENTED_EDGE('',*,*,#2068,.F.);
#2663=ORIENTED_EDGE('',*,*,#2062,.F.);
#2664=ORIENTED_EDGE('',*,*,#2069,.F.);
#2665=ORIENTED_EDGE('',*,*,#2070,.F.);
#2666=ORIENTED_EDGE('',*,*,#2071,.F.);
#2667=ORIENTED_EDGE('',*,*,#2072,.F.);
#2668=ORIENTED_EDGE('',*,*,#2073,.F.);
#2669=ORIENTED_EDGE('',*,*,#2071,.T.);
#2670=ORIENTED_EDGE('',*,*,#2074,.F.);
#2671=ORIENTED_EDGE('',*,*,#2075,.F.);
#2672=ORIENTED_EDGE('',*,*,#2076,.F.);
#2673=ORIENTED_EDGE('',*,*,#2065,.T.);
#2674=ORIENTED_EDGE('',*,*,#2059,.T.);
#2675=ORIENTED_EDGE('',*,*,#2074,.T.);
#2676=ORIENTED_EDGE('',*,*,#2070,.T.);
#2677=ORIENTED_EDGE('',*,*,#2077,.F.);
#2678=ORIENTED_EDGE('',*,*,#2078,.T.);
#2679=ORIENTED_EDGE('',*,*,#2079,.F.);
#2680=ORIENTED_EDGE('',*,*,#2080,.F.);
#2681=ORIENTED_EDGE('',*,*,#2081,.F.);
#2682=ORIENTED_EDGE('',*,*,#2082,.F.);
#2683=ORIENTED_EDGE('',*,*,#2083,.F.);
#2684=ORIENTED_EDGE('',*,*,#2084,.F.);
#2685=ORIENTED_EDGE('',*,*,#2057,.T.);
#2686=ORIENTED_EDGE('',*,*,#2085,.T.);
#2687=ORIENTED_EDGE('',*,*,#2086,.T.);
#2688=ORIENTED_EDGE('',*,*,#2045,.T.);
#2689=ORIENTED_EDGE('',*,*,#2087,.F.);
#2690=ORIENTED_EDGE('',*,*,#2088,.F.);
#2691=ORIENTED_EDGE('',*,*,#2089,.T.);
#2692=ORIENTED_EDGE('',*,*,#2090,.T.);
#2693=ORIENTED_EDGE('',*,*,#2091,.T.);
#2694=ORIENTED_EDGE('',*,*,#2092,.T.);
#2695=ORIENTED_EDGE('',*,*,#2093,.T.);
#2696=ORIENTED_EDGE('',*,*,#2094,.F.);
#2697=ORIENTED_EDGE('',*,*,#2095,.T.);
#2698=ORIENTED_EDGE('',*,*,#2096,.T.);
#2699=ORIENTED_EDGE('',*,*,#2097,.T.);
#2700=ORIENTED_EDGE('',*,*,#2098,.F.);
#2701=ORIENTED_EDGE('',*,*,#2099,.T.);
#2702=ORIENTED_EDGE('',*,*,#2100,.T.);
#2703=ORIENTED_EDGE('',*,*,#2101,.T.);
#2704=ORIENTED_EDGE('',*,*,#2102,.F.);
#2705=ORIENTED_EDGE('',*,*,#2103,.T.);
#2706=ORIENTED_EDGE('',*,*,#2104,.T.);
#2707=ORIENTED_EDGE('',*,*,#2105,.T.);
#2708=ORIENTED_EDGE('',*,*,#2106,.F.);
#2709=ORIENTED_EDGE('',*,*,#2107,.T.);
#2710=ORIENTED_EDGE('',*,*,#2108,.T.);
#2711=ORIENTED_EDGE('',*,*,#2109,.T.);
#2712=ORIENTED_EDGE('',*,*,#2110,.F.);
#2713=ORIENTED_EDGE('',*,*,#2111,.T.);
#2714=ORIENTED_EDGE('',*,*,#2112,.T.);
#2715=ORIENTED_EDGE('',*,*,#2113,.T.);
#2716=ORIENTED_EDGE('',*,*,#2114,.F.);
#2717=ORIENTED_EDGE('',*,*,#2115,.T.);
#2718=ORIENTED_EDGE('',*,*,#2077,.T.);
#2719=ORIENTED_EDGE('',*,*,#2069,.T.);
#2720=ORIENTED_EDGE('',*,*,#2061,.T.);
#2721=ORIENTED_EDGE('',*,*,#2064,.T.);
#2722=ORIENTED_EDGE('',*,*,#2116,.F.);
#2723=ORIENTED_EDGE('',*,*,#2034,.F.);
#2724=ORIENTED_EDGE('',*,*,#2043,.T.);
#2725=ORIENTED_EDGE('',*,*,#2030,.T.);
#2726=ORIENTED_EDGE('',*,*,#2117,.F.);
#2727=ORIENTED_EDGE('',*,*,#2118,.T.);
#2728=ORIENTED_EDGE('',*,*,#2119,.F.);
#2729=ORIENTED_EDGE('',*,*,#2072,.T.);
#2730=ORIENTED_EDGE('',*,*,#2058,.T.);
#2731=ORIENTED_EDGE('',*,*,#2120,.F.);
#2732=ORIENTED_EDGE('',*,*,#2040,.F.);
#2733=ORIENTED_EDGE('',*,*,#2023,.T.);
#2734=ORIENTED_EDGE('',*,*,#2027,.T.);
#2735=ORIENTED_EDGE('',*,*,#2036,.F.);
#2736=ORIENTED_EDGE('',*,*,#2121,.F.);
#2737=ORIENTED_EDGE('',*,*,#2122,.T.);
#2738=ORIENTED_EDGE('',*,*,#2123,.F.);
#2739=ORIENTED_EDGE('',*,*,#2124,.T.);
#2740=ORIENTED_EDGE('',*,*,#2125,.T.);
#2741=ORIENTED_EDGE('',*,*,#2126,.T.);
#2742=ORIENTED_EDGE('',*,*,#2127,.T.);
#2743=ORIENTED_EDGE('',*,*,#2037,.F.);
#2744=ORIENTED_EDGE('',*,*,#2123,.T.);
#2745=ORIENTED_EDGE('',*,*,#2128,.T.);
#2746=ORIENTED_EDGE('',*,*,#2129,.F.);
#2747=ORIENTED_EDGE('',*,*,#2128,.F.);
#2748=ORIENTED_EDGE('',*,*,#2122,.F.);
#2749=ORIENTED_EDGE('',*,*,#2130,.F.);
#2750=ORIENTED_EDGE('',*,*,#2126,.F.);
#2751=ORIENTED_EDGE('',*,*,#2131,.F.);
#2752=ORIENTED_EDGE('',*,*,#2132,.F.);
#2753=ORIENTED_EDGE('',*,*,#2133,.F.);
#2754=ORIENTED_EDGE('',*,*,#2085,.F.);
#2755=ORIENTED_EDGE('',*,*,#2056,.T.);
#2756=ORIENTED_EDGE('',*,*,#2134,.F.);
#2757=ORIENTED_EDGE('',*,*,#2046,.F.);
#2758=ORIENTED_EDGE('',*,*,#2086,.F.);
#2759=ORIENTED_EDGE('',*,*,#2133,.T.);
#2760=ORIENTED_EDGE('',*,*,#2135,.F.);
#2761=ORIENTED_EDGE('',*,*,#2136,.T.);
#2762=ORIENTED_EDGE('',*,*,#2137,.F.);
#2763=ORIENTED_EDGE('',*,*,#2091,.F.);
#2764=ORIENTED_EDGE('',*,*,#2138,.T.);
#2765=ORIENTED_EDGE('',*,*,#2139,.F.);
#2766=ORIENTED_EDGE('',*,*,#2140,.F.);
#2767=ORIENTED_EDGE('',*,*,#2138,.F.);
#2768=ORIENTED_EDGE('',*,*,#2090,.F.);
#2769=ORIENTED_EDGE('',*,*,#2141,.T.);
#2770=ORIENTED_EDGE('',*,*,#2142,.T.);
#2771=ORIENTED_EDGE('',*,*,#2050,.F.);
#2772=ORIENTED_EDGE('',*,*,#2089,.F.);
#2773=ORIENTED_EDGE('',*,*,#2143,.F.);
#2774=ORIENTED_EDGE('',*,*,#2144,.T.);
#2775=ORIENTED_EDGE('',*,*,#2141,.F.);
#2776=ORIENTED_EDGE('',*,*,#2145,.F.);
#2777=ORIENTED_EDGE('',*,*,#2051,.F.);
#2778=ORIENTED_EDGE('',*,*,#2142,.F.);
#2779=ORIENTED_EDGE('',*,*,#2144,.F.);
#2780=ORIENTED_EDGE('',*,*,#2146,.F.);
#2781=ORIENTED_EDGE('',*,*,#2147,.F.);
#2782=ORIENTED_EDGE('',*,*,#2148,.F.);
#2783=ORIENTED_EDGE('',*,*,#2136,.F.);
#2784=ORIENTED_EDGE('',*,*,#2137,.T.);
#2785=ORIENTED_EDGE('',*,*,#2148,.T.);
#2786=ORIENTED_EDGE('',*,*,#2149,.T.);
#2787=ORIENTED_EDGE('',*,*,#2150,.F.);
#2788=ORIENTED_EDGE('',*,*,#2151,.F.);
#2789=ORIENTED_EDGE('',*,*,#2092,.F.);
#2790=ORIENTED_EDGE('',*,*,#2152,.F.);
#2791=ORIENTED_EDGE('',*,*,#2153,.F.);
#2792=ORIENTED_EDGE('',*,*,#2154,.F.);
#2793=ORIENTED_EDGE('',*,*,#2155,.F.);
#2794=ORIENTED_EDGE('',*,*,#2055,.T.);
#2795=ORIENTED_EDGE('',*,*,#2041,.F.);
#2796=ORIENTED_EDGE('',*,*,#2120,.T.);
#2797=ORIENTED_EDGE('',*,*,#2063,.T.);
#2798=ORIENTED_EDGE('',*,*,#2068,.T.);
#2799=ORIENTED_EDGE('',*,*,#2156,.T.);
#2800=ORIENTED_EDGE('',*,*,#2139,.T.);
#2801=ORIENTED_EDGE('',*,*,#2140,.T.);
#2802=ORIENTED_EDGE('',*,*,#2049,.T.);
#2803=ORIENTED_EDGE('',*,*,#2047,.F.);
#2804=ORIENTED_EDGE('',*,*,#2134,.T.);
#2805=ORIENTED_EDGE('',*,*,#2132,.T.);
#2806=ORIENTED_EDGE('',*,*,#2157,.T.);
#2807=ORIENTED_EDGE('',*,*,#2158,.T.);
#2808=ORIENTED_EDGE('',*,*,#2159,.F.);
#2809=ORIENTED_EDGE('',*,*,#2160,.F.);
#2810=ORIENTED_EDGE('',*,*,#2161,.T.);
#2811=ORIENTED_EDGE('',*,*,#2162,.T.);
#2812=ORIENTED_EDGE('',*,*,#2163,.F.);
#2813=ORIENTED_EDGE('',*,*,#2164,.F.);
#2814=ORIENTED_EDGE('',*,*,#2165,.T.);
#2815=ORIENTED_EDGE('',*,*,#2166,.T.);
#2816=ORIENTED_EDGE('',*,*,#2167,.F.);
#2817=ORIENTED_EDGE('',*,*,#2162,.F.);
#2818=ORIENTED_EDGE('',*,*,#2167,.T.);
#2819=ORIENTED_EDGE('',*,*,#2168,.T.);
#2820=ORIENTED_EDGE('',*,*,#2159,.T.);
#2821=ORIENTED_EDGE('',*,*,#2169,.F.);
#2822=ORIENTED_EDGE('',*,*,#2163,.T.);
#2823=ORIENTED_EDGE('',*,*,#2143,.T.);
#2824=ORIENTED_EDGE('',*,*,#2088,.T.);
#2825=ORIENTED_EDGE('',*,*,#2170,.F.);
#2826=ORIENTED_EDGE('',*,*,#2164,.T.);
#2827=ORIENTED_EDGE('',*,*,#2169,.T.);
#2828=ORIENTED_EDGE('',*,*,#2171,.T.);
#2829=ORIENTED_EDGE('',*,*,#2172,.T.);
#2830=ORIENTED_EDGE('',*,*,#2146,.T.);
#2831=ORIENTED_EDGE('',*,*,#2173,.F.);
#2832=ORIENTED_EDGE('',*,*,#2174,.F.);
#2833=ORIENTED_EDGE('',*,*,#2093,.F.);
#2834=ORIENTED_EDGE('',*,*,#2151,.T.);
#2835=ORIENTED_EDGE('',*,*,#2147,.T.);
#2836=ORIENTED_EDGE('',*,*,#2172,.F.);
#2837=ORIENTED_EDGE('',*,*,#2175,.F.);
#2838=ORIENTED_EDGE('',*,*,#2149,.F.);
#2839=ORIENTED_EDGE('',*,*,#2174,.T.);
#2840=ORIENTED_EDGE('',*,*,#2176,.T.);
#2841=ORIENTED_EDGE('',*,*,#2177,.T.);
#2842=ORIENTED_EDGE('',*,*,#2094,.T.);
#2843=ORIENTED_EDGE('',*,*,#2154,.T.);
#2844=ORIENTED_EDGE('',*,*,#2178,.F.);
#2845=ORIENTED_EDGE('',*,*,#2179,.F.);
#2846=ORIENTED_EDGE('',*,*,#2180,.T.);
#2847=ORIENTED_EDGE('',*,*,#2153,.T.);
#2848=ORIENTED_EDGE('',*,*,#2181,.F.);
#2849=ORIENTED_EDGE('',*,*,#2182,.F.);
#2850=ORIENTED_EDGE('',*,*,#2178,.T.);
#2851=ORIENTED_EDGE('',*,*,#2152,.T.);
#2852=ORIENTED_EDGE('',*,*,#2183,.F.);
#2853=ORIENTED_EDGE('',*,*,#2184,.F.);
#2854=ORIENTED_EDGE('',*,*,#2181,.T.);
#2855=ORIENTED_EDGE('',*,*,#2155,.T.);
#2856=ORIENTED_EDGE('',*,*,#2180,.F.);
#2857=ORIENTED_EDGE('',*,*,#2185,.F.);
#2858=ORIENTED_EDGE('',*,*,#2183,.T.);
#2859=ORIENTED_EDGE('',*,*,#2186,.F.);
#2860=ORIENTED_EDGE('',*,*,#2187,.F.);
#2861=ORIENTED_EDGE('',*,*,#2097,.F.);
#2862=ORIENTED_EDGE('',*,*,#2188,.T.);
#2863=ORIENTED_EDGE('',*,*,#2189,.F.);
#2864=ORIENTED_EDGE('',*,*,#2188,.F.);
#2865=ORIENTED_EDGE('',*,*,#2096,.F.);
#2866=ORIENTED_EDGE('',*,*,#2190,.T.);
#2867=ORIENTED_EDGE('',*,*,#2191,.F.);
#2868=ORIENTED_EDGE('',*,*,#2192,.F.);
#2869=ORIENTED_EDGE('',*,*,#2193,.F.);
#2870=ORIENTED_EDGE('',*,*,#2194,.F.);
#2871=ORIENTED_EDGE('',*,*,#2195,.F.);
#2872=ORIENTED_EDGE('',*,*,#2190,.F.);
#2873=ORIENTED_EDGE('',*,*,#2095,.F.);
#2874=ORIENTED_EDGE('',*,*,#2177,.F.);
#2875=ORIENTED_EDGE('',*,*,#2187,.T.);
#2876=ORIENTED_EDGE('',*,*,#2196,.T.);
#2877=ORIENTED_EDGE('',*,*,#2197,.T.);
#2878=ORIENTED_EDGE('',*,*,#2098,.T.);
#2879=ORIENTED_EDGE('',*,*,#2193,.T.);
#2880=ORIENTED_EDGE('',*,*,#2198,.F.);
#2881=ORIENTED_EDGE('',*,*,#2199,.F.);
#2882=ORIENTED_EDGE('',*,*,#2200,.T.);
#2883=ORIENTED_EDGE('',*,*,#2192,.T.);
#2884=ORIENTED_EDGE('',*,*,#2201,.F.);
#2885=ORIENTED_EDGE('',*,*,#2202,.F.);
#2886=ORIENTED_EDGE('',*,*,#2198,.T.);
#2887=ORIENTED_EDGE('',*,*,#2191,.T.);
#2888=ORIENTED_EDGE('',*,*,#2203,.F.);
#2889=ORIENTED_EDGE('',*,*,#2204,.F.);
#2890=ORIENTED_EDGE('',*,*,#2201,.T.);
#2891=ORIENTED_EDGE('',*,*,#2194,.T.);
#2892=ORIENTED_EDGE('',*,*,#2200,.F.);
#2893=ORIENTED_EDGE('',*,*,#2205,.F.);
#2894=ORIENTED_EDGE('',*,*,#2203,.T.);
#2895=ORIENTED_EDGE('',*,*,#2206,.F.);
#2896=ORIENTED_EDGE('',*,*,#2207,.F.);
#2897=ORIENTED_EDGE('',*,*,#2101,.F.);
#2898=ORIENTED_EDGE('',*,*,#2208,.T.);
#2899=ORIENTED_EDGE('',*,*,#2209,.F.);
#2900=ORIENTED_EDGE('',*,*,#2208,.F.);
#2901=ORIENTED_EDGE('',*,*,#2100,.F.);
#2902=ORIENTED_EDGE('',*,*,#2210,.T.);
#2903=ORIENTED_EDGE('',*,*,#2211,.F.);
#2904=ORIENTED_EDGE('',*,*,#2212,.F.);
#2905=ORIENTED_EDGE('',*,*,#2213,.F.);
#2906=ORIENTED_EDGE('',*,*,#2214,.F.);
#2907=ORIENTED_EDGE('',*,*,#2215,.F.);
#2908=ORIENTED_EDGE('',*,*,#2210,.F.);
#2909=ORIENTED_EDGE('',*,*,#2099,.F.);
#2910=ORIENTED_EDGE('',*,*,#2197,.F.);
#2911=ORIENTED_EDGE('',*,*,#2207,.T.);
#2912=ORIENTED_EDGE('',*,*,#2216,.T.);
#2913=ORIENTED_EDGE('',*,*,#2217,.T.);
#2914=ORIENTED_EDGE('',*,*,#2102,.T.);
#2915=ORIENTED_EDGE('',*,*,#2213,.T.);
#2916=ORIENTED_EDGE('',*,*,#2218,.F.);
#2917=ORIENTED_EDGE('',*,*,#2219,.F.);
#2918=ORIENTED_EDGE('',*,*,#2220,.T.);
#2919=ORIENTED_EDGE('',*,*,#2212,.T.);
#2920=ORIENTED_EDGE('',*,*,#2221,.F.);
#2921=ORIENTED_EDGE('',*,*,#2222,.F.);
#2922=ORIENTED_EDGE('',*,*,#2218,.T.);
#2923=ORIENTED_EDGE('',*,*,#2211,.T.);
#2924=ORIENTED_EDGE('',*,*,#2223,.F.);
#2925=ORIENTED_EDGE('',*,*,#2224,.F.);
#2926=ORIENTED_EDGE('',*,*,#2221,.T.);
#2927=ORIENTED_EDGE('',*,*,#2214,.T.);
#2928=ORIENTED_EDGE('',*,*,#2220,.F.);
#2929=ORIENTED_EDGE('',*,*,#2225,.F.);
#2930=ORIENTED_EDGE('',*,*,#2223,.T.);
#2931=ORIENTED_EDGE('',*,*,#2226,.F.);
#2932=ORIENTED_EDGE('',*,*,#2227,.F.);
#2933=ORIENTED_EDGE('',*,*,#2105,.F.);
#2934=ORIENTED_EDGE('',*,*,#2228,.T.);
#2935=ORIENTED_EDGE('',*,*,#2229,.F.);
#2936=ORIENTED_EDGE('',*,*,#2228,.F.);
#2937=ORIENTED_EDGE('',*,*,#2104,.F.);
#2938=ORIENTED_EDGE('',*,*,#2230,.T.);
#2939=ORIENTED_EDGE('',*,*,#2231,.F.);
#2940=ORIENTED_EDGE('',*,*,#2232,.F.);
#2941=ORIENTED_EDGE('',*,*,#2233,.F.);
#2942=ORIENTED_EDGE('',*,*,#2234,.F.);
#2943=ORIENTED_EDGE('',*,*,#2235,.F.);
#2944=ORIENTED_EDGE('',*,*,#2230,.F.);
#2945=ORIENTED_EDGE('',*,*,#2103,.F.);
#2946=ORIENTED_EDGE('',*,*,#2217,.F.);
#2947=ORIENTED_EDGE('',*,*,#2227,.T.);
#2948=ORIENTED_EDGE('',*,*,#2236,.T.);
#2949=ORIENTED_EDGE('',*,*,#2237,.T.);
#2950=ORIENTED_EDGE('',*,*,#2106,.T.);
#2951=ORIENTED_EDGE('',*,*,#2233,.T.);
#2952=ORIENTED_EDGE('',*,*,#2238,.F.);
#2953=ORIENTED_EDGE('',*,*,#2239,.F.);
#2954=ORIENTED_EDGE('',*,*,#2240,.T.);
#2955=ORIENTED_EDGE('',*,*,#2232,.T.);
#2956=ORIENTED_EDGE('',*,*,#2241,.F.);
#2957=ORIENTED_EDGE('',*,*,#2242,.F.);
#2958=ORIENTED_EDGE('',*,*,#2238,.T.);
#2959=ORIENTED_EDGE('',*,*,#2231,.T.);
#2960=ORIENTED_EDGE('',*,*,#2243,.F.);
#2961=ORIENTED_EDGE('',*,*,#2244,.F.);
#2962=ORIENTED_EDGE('',*,*,#2241,.T.);
#2963=ORIENTED_EDGE('',*,*,#2234,.T.);
#2964=ORIENTED_EDGE('',*,*,#2240,.F.);
#2965=ORIENTED_EDGE('',*,*,#2245,.F.);
#2966=ORIENTED_EDGE('',*,*,#2243,.T.);
#2967=ORIENTED_EDGE('',*,*,#2246,.F.);
#2968=ORIENTED_EDGE('',*,*,#2247,.F.);
#2969=ORIENTED_EDGE('',*,*,#2109,.F.);
#2970=ORIENTED_EDGE('',*,*,#2248,.T.);
#2971=ORIENTED_EDGE('',*,*,#2249,.F.);
#2972=ORIENTED_EDGE('',*,*,#2248,.F.);
#2973=ORIENTED_EDGE('',*,*,#2108,.F.);
#2974=ORIENTED_EDGE('',*,*,#2250,.T.);
#2975=ORIENTED_EDGE('',*,*,#2251,.F.);
#2976=ORIENTED_EDGE('',*,*,#2252,.F.);
#2977=ORIENTED_EDGE('',*,*,#2253,.F.);
#2978=ORIENTED_EDGE('',*,*,#2254,.F.);
#2979=ORIENTED_EDGE('',*,*,#2255,.F.);
#2980=ORIENTED_EDGE('',*,*,#2250,.F.);
#2981=ORIENTED_EDGE('',*,*,#2107,.F.);
#2982=ORIENTED_EDGE('',*,*,#2237,.F.);
#2983=ORIENTED_EDGE('',*,*,#2247,.T.);
#2984=ORIENTED_EDGE('',*,*,#2256,.T.);
#2985=ORIENTED_EDGE('',*,*,#2257,.T.);
#2986=ORIENTED_EDGE('',*,*,#2110,.T.);
#2987=ORIENTED_EDGE('',*,*,#2253,.T.);
#2988=ORIENTED_EDGE('',*,*,#2258,.F.);
#2989=ORIENTED_EDGE('',*,*,#2259,.F.);
#2990=ORIENTED_EDGE('',*,*,#2260,.T.);
#2991=ORIENTED_EDGE('',*,*,#2252,.T.);
#2992=ORIENTED_EDGE('',*,*,#2261,.F.);
#2993=ORIENTED_EDGE('',*,*,#2262,.F.);
#2994=ORIENTED_EDGE('',*,*,#2258,.T.);
#2995=ORIENTED_EDGE('',*,*,#2251,.T.);
#2996=ORIENTED_EDGE('',*,*,#2263,.F.);
#2997=ORIENTED_EDGE('',*,*,#2264,.F.);
#2998=ORIENTED_EDGE('',*,*,#2261,.T.);
#2999=ORIENTED_EDGE('',*,*,#2254,.T.);
#3000=ORIENTED_EDGE('',*,*,#2260,.F.);
#3001=ORIENTED_EDGE('',*,*,#2265,.F.);
#3002=ORIENTED_EDGE('',*,*,#2263,.T.);
#3003=ORIENTED_EDGE('',*,*,#2266,.F.);
#3004=ORIENTED_EDGE('',*,*,#2267,.F.);
#3005=ORIENTED_EDGE('',*,*,#2113,.F.);
#3006=ORIENTED_EDGE('',*,*,#2268,.T.);
#3007=ORIENTED_EDGE('',*,*,#2269,.F.);
#3008=ORIENTED_EDGE('',*,*,#2268,.F.);
#3009=ORIENTED_EDGE('',*,*,#2112,.F.);
#3010=ORIENTED_EDGE('',*,*,#2270,.T.);
#3011=ORIENTED_EDGE('',*,*,#2271,.F.);
#3012=ORIENTED_EDGE('',*,*,#2272,.F.);
#3013=ORIENTED_EDGE('',*,*,#2273,.F.);
#3014=ORIENTED_EDGE('',*,*,#2274,.F.);
#3015=ORIENTED_EDGE('',*,*,#2275,.F.);
#3016=ORIENTED_EDGE('',*,*,#2270,.F.);
#3017=ORIENTED_EDGE('',*,*,#2111,.F.);
#3018=ORIENTED_EDGE('',*,*,#2257,.F.);
#3019=ORIENTED_EDGE('',*,*,#2267,.T.);
#3020=ORIENTED_EDGE('',*,*,#2276,.T.);
#3021=ORIENTED_EDGE('',*,*,#2277,.T.);
#3022=ORIENTED_EDGE('',*,*,#2114,.T.);
#3023=ORIENTED_EDGE('',*,*,#2273,.T.);
#3024=ORIENTED_EDGE('',*,*,#2278,.F.);
#3025=ORIENTED_EDGE('',*,*,#2279,.F.);
#3026=ORIENTED_EDGE('',*,*,#2280,.T.);
#3027=ORIENTED_EDGE('',*,*,#2272,.T.);
#3028=ORIENTED_EDGE('',*,*,#2281,.F.);
#3029=ORIENTED_EDGE('',*,*,#2282,.F.);
#3030=ORIENTED_EDGE('',*,*,#2278,.T.);
#3031=ORIENTED_EDGE('',*,*,#2271,.T.);
#3032=ORIENTED_EDGE('',*,*,#2283,.F.);
#3033=ORIENTED_EDGE('',*,*,#2284,.F.);
#3034=ORIENTED_EDGE('',*,*,#2281,.T.);
#3035=ORIENTED_EDGE('',*,*,#2274,.T.);
#3036=ORIENTED_EDGE('',*,*,#2280,.F.);
#3037=ORIENTED_EDGE('',*,*,#2285,.F.);
#3038=ORIENTED_EDGE('',*,*,#2283,.T.);
#3039=ORIENTED_EDGE('',*,*,#2286,.F.);
#3040=ORIENTED_EDGE('',*,*,#2078,.F.);
#3041=ORIENTED_EDGE('',*,*,#2115,.F.);
#3042=ORIENTED_EDGE('',*,*,#2277,.F.);
#3043=ORIENTED_EDGE('',*,*,#2075,.T.);
#3044=ORIENTED_EDGE('',*,*,#2080,.T.);
#3045=ORIENTED_EDGE('',*,*,#2287,.F.);
#3046=ORIENTED_EDGE('',*,*,#2288,.F.);
#3047=ORIENTED_EDGE('',*,*,#2175,.T.);
#3048=ORIENTED_EDGE('',*,*,#2171,.F.);
#3049=ORIENTED_EDGE('',*,*,#2158,.F.);
#3050=ORIENTED_EDGE('',*,*,#2289,.F.);
#3051=ORIENTED_EDGE('',*,*,#2290,.F.);
#3052=ORIENTED_EDGE('',*,*,#2291,.T.);
#3053=ORIENTED_EDGE('',*,*,#2127,.F.);
#3054=ORIENTED_EDGE('',*,*,#2292,.F.);
#3055=ORIENTED_EDGE('',*,*,#2287,.T.);
#3056=ORIENTED_EDGE('',*,*,#2079,.T.);
#3057=ORIENTED_EDGE('',*,*,#2286,.T.);
#3058=ORIENTED_EDGE('',*,*,#2276,.F.);
#3059=ORIENTED_EDGE('',*,*,#2266,.T.);
#3060=ORIENTED_EDGE('',*,*,#2269,.T.);
#3061=ORIENTED_EDGE('',*,*,#2275,.T.);
#3062=ORIENTED_EDGE('',*,*,#2256,.F.);
#3063=ORIENTED_EDGE('',*,*,#2246,.T.);
#3064=ORIENTED_EDGE('',*,*,#2249,.T.);
#3065=ORIENTED_EDGE('',*,*,#2255,.T.);
#3066=ORIENTED_EDGE('',*,*,#2236,.F.);
#3067=ORIENTED_EDGE('',*,*,#2226,.T.);
#3068=ORIENTED_EDGE('',*,*,#2229,.T.);
#3069=ORIENTED_EDGE('',*,*,#2235,.T.);
#3070=ORIENTED_EDGE('',*,*,#2216,.F.);
#3071=ORIENTED_EDGE('',*,*,#2206,.T.);
#3072=ORIENTED_EDGE('',*,*,#2209,.T.);
#3073=ORIENTED_EDGE('',*,*,#2215,.T.);
#3074=ORIENTED_EDGE('',*,*,#2196,.F.);
#3075=ORIENTED_EDGE('',*,*,#2186,.T.);
#3076=ORIENTED_EDGE('',*,*,#2189,.T.);
#3077=ORIENTED_EDGE('',*,*,#2195,.T.);
#3078=ORIENTED_EDGE('',*,*,#2176,.F.);
#3079=ORIENTED_EDGE('',*,*,#2173,.T.);
#3080=ORIENTED_EDGE('',*,*,#2150,.T.);
#3081=ORIENTED_EDGE('',*,*,#2083,.T.);
#3082=ORIENTED_EDGE('',*,*,#2293,.F.);
#3083=ORIENTED_EDGE('',*,*,#2294,.F.);
#3084=ORIENTED_EDGE('',*,*,#2295,.T.);
#3085=ORIENTED_EDGE('',*,*,#2082,.T.);
#3086=ORIENTED_EDGE('',*,*,#2296,.F.);
#3087=ORIENTED_EDGE('',*,*,#2297,.F.);
#3088=ORIENTED_EDGE('',*,*,#2293,.T.);
#3089=ORIENTED_EDGE('',*,*,#2081,.T.);
#3090=ORIENTED_EDGE('',*,*,#2298,.F.);
#3091=ORIENTED_EDGE('',*,*,#2299,.F.);
#3092=ORIENTED_EDGE('',*,*,#2296,.T.);
#3093=ORIENTED_EDGE('',*,*,#2084,.T.);
#3094=ORIENTED_EDGE('',*,*,#2295,.F.);
#3095=ORIENTED_EDGE('',*,*,#2300,.F.);
#3096=ORIENTED_EDGE('',*,*,#2298,.T.);
#3097=ORIENTED_EDGE('',*,*,#2053,.F.);
#3098=ORIENTED_EDGE('',*,*,#2301,.T.);
#3099=ORIENTED_EDGE('',*,*,#2118,.F.);
#3100=ORIENTED_EDGE('',*,*,#2302,.F.);
#3101=ORIENTED_EDGE('',*,*,#2073,.T.);
#3102=ORIENTED_EDGE('',*,*,#2119,.T.);
#3103=ORIENTED_EDGE('',*,*,#2301,.F.);
#3104=ORIENTED_EDGE('',*,*,#2052,.T.);
#3105=ORIENTED_EDGE('',*,*,#2145,.T.);
#3106=ORIENTED_EDGE('',*,*,#2135,.T.);
#3107=ORIENTED_EDGE('',*,*,#2156,.F.);
#3108=ORIENTED_EDGE('',*,*,#2067,.T.);
#3109=ORIENTED_EDGE('',*,*,#2179,.T.);
#3110=ORIENTED_EDGE('',*,*,#2182,.T.);
#3111=ORIENTED_EDGE('',*,*,#2184,.T.);
#3112=ORIENTED_EDGE('',*,*,#2185,.T.);
#3113=ORIENTED_EDGE('',*,*,#2199,.T.);
#3114=ORIENTED_EDGE('',*,*,#2202,.T.);
#3115=ORIENTED_EDGE('',*,*,#2204,.T.);
#3116=ORIENTED_EDGE('',*,*,#2205,.T.);
#3117=ORIENTED_EDGE('',*,*,#2219,.T.);
#3118=ORIENTED_EDGE('',*,*,#2222,.T.);
#3119=ORIENTED_EDGE('',*,*,#2224,.T.);
#3120=ORIENTED_EDGE('',*,*,#2225,.T.);
#3121=ORIENTED_EDGE('',*,*,#2239,.T.);
#3122=ORIENTED_EDGE('',*,*,#2242,.T.);
#3123=ORIENTED_EDGE('',*,*,#2244,.T.);
#3124=ORIENTED_EDGE('',*,*,#2245,.T.);
#3125=ORIENTED_EDGE('',*,*,#2259,.T.);
#3126=ORIENTED_EDGE('',*,*,#2262,.T.);
#3127=ORIENTED_EDGE('',*,*,#2264,.T.);
#3128=ORIENTED_EDGE('',*,*,#2265,.T.);
#3129=ORIENTED_EDGE('',*,*,#2279,.T.);
#3130=ORIENTED_EDGE('',*,*,#2282,.T.);
#3131=ORIENTED_EDGE('',*,*,#2284,.T.);
#3132=ORIENTED_EDGE('',*,*,#2285,.T.);
#3133=ORIENTED_EDGE('',*,*,#2294,.T.);
#3134=ORIENTED_EDGE('',*,*,#2297,.T.);
#3135=ORIENTED_EDGE('',*,*,#2299,.T.);
#3136=ORIENTED_EDGE('',*,*,#2300,.T.);
#3137=ORIENTED_EDGE('',*,*,#2124,.F.);
#3138=ORIENTED_EDGE('',*,*,#2291,.F.);
#3139=ORIENTED_EDGE('',*,*,#2303,.F.);
#3140=ORIENTED_EDGE('',*,*,#2304,.F.);
#3141=ORIENTED_EDGE('',*,*,#2157,.F.);
#3142=ORIENTED_EDGE('',*,*,#2305,.F.);
#3143=ORIENTED_EDGE('',*,*,#2306,.F.);
#3144=ORIENTED_EDGE('',*,*,#2289,.T.);
#3145=ORIENTED_EDGE('',*,*,#2032,.T.);
#3146=ORIENTED_EDGE('',*,*,#2039,.F.);
#3147=ORIENTED_EDGE('',*,*,#2307,.T.);
#3148=ORIENTED_EDGE('',*,*,#2303,.T.);
#3149=ORIENTED_EDGE('',*,*,#2290,.T.);
#3150=ORIENTED_EDGE('',*,*,#2306,.T.);
#3151=ORIENTED_EDGE('',*,*,#2308,.T.);
#3152=ORIENTED_EDGE('',*,*,#2309,.F.);
#3153=ORIENTED_EDGE('',*,*,#2014,.T.);
#3154=ORIENTED_EDGE('',*,*,#2054,.T.);
#3155=ORIENTED_EDGE('',*,*,#2302,.T.);
#3156=ORIENTED_EDGE('',*,*,#2117,.T.);
#3157=ORIENTED_EDGE('',*,*,#2305,.T.);
#3158=ORIENTED_EDGE('',*,*,#2160,.T.);
#3159=ORIENTED_EDGE('',*,*,#2168,.F.);
#3160=ORIENTED_EDGE('',*,*,#2166,.F.);
#3161=ORIENTED_EDGE('',*,*,#2310,.F.);
#3162=ORIENTED_EDGE('',*,*,#2308,.F.);
#3163=ORIENTED_EDGE('',*,*,#2304,.T.);
#3164=ORIENTED_EDGE('',*,*,#2307,.F.);
#3165=ORIENTED_EDGE('',*,*,#2038,.F.);
#3166=ORIENTED_EDGE('',*,*,#2129,.T.);
#3167=ORIENTED_EDGE('',*,*,#2131,.T.);
#3168=ORIENTED_EDGE('',*,*,#2125,.F.);
#3169=ORIENTED_EDGE('',*,*,#2076,.T.);
#3170=ORIENTED_EDGE('',*,*,#2288,.T.);
#3171=ORIENTED_EDGE('',*,*,#2292,.T.);
#3172=ORIENTED_EDGE('',*,*,#2130,.T.);
#3173=ORIENTED_EDGE('',*,*,#2121,.T.);
#3174=ORIENTED_EDGE('',*,*,#2035,.F.);
#3175=ORIENTED_EDGE('',*,*,#2116,.T.);
#3176=ORIENTED_EDGE('',*,*,#2066,.T.);
#3177=ORIENTED_EDGE('',*,*,#2015,.T.);
#3178=ORIENTED_EDGE('',*,*,#2309,.T.);
#3179=ORIENTED_EDGE('',*,*,#2310,.T.);
#3180=ORIENTED_EDGE('',*,*,#2165,.F.);
#3181=ORIENTED_EDGE('',*,*,#2161,.F.);
#3182=ORIENTED_EDGE('',*,*,#2170,.T.);
#3183=ORIENTED_EDGE('',*,*,#2087,.T.);
#3184=ORIENTED_EDGE('',*,*,#2044,.T.);
#3185=ORIENTED_EDGE('',*,*,#2021,.T.);
#3186=ORIENTED_EDGE('',*,*,#2018,.T.);
#3187=ORIENTED_EDGE('',*,*,#2311,.T.);
#3188=ORIENTED_EDGE('',*,*,#2312,.T.);
#3189=ORIENTED_EDGE('',*,*,#2313,.T.);
#3190=ORIENTED_EDGE('',*,*,#2314,.F.);
#3191=ORIENTED_EDGE('',*,*,#2315,.T.);
#3192=ORIENTED_EDGE('',*,*,#2316,.T.);
#3193=ORIENTED_EDGE('',*,*,#2317,.T.);
#3194=ORIENTED_EDGE('',*,*,#2312,.F.);
#3195=ORIENTED_EDGE('',*,*,#2318,.T.);
#3196=ORIENTED_EDGE('',*,*,#2319,.T.);
#3197=ORIENTED_EDGE('',*,*,#2320,.T.);
#3198=ORIENTED_EDGE('',*,*,#2316,.F.);
#3199=ORIENTED_EDGE('',*,*,#2321,.T.);
#3200=ORIENTED_EDGE('',*,*,#2319,.F.);
#3201=ORIENTED_EDGE('',*,*,#2322,.T.);
#3202=ORIENTED_EDGE('',*,*,#2314,.T.);
#3203=ORIENTED_EDGE('',*,*,#2321,.F.);
#3204=ORIENTED_EDGE('',*,*,#2323,.F.);
#3205=ORIENTED_EDGE('',*,*,#2324,.F.);
#3206=ORIENTED_EDGE('',*,*,#2325,.F.);
#3207=ORIENTED_EDGE('',*,*,#2326,.F.);
#3208=ORIENTED_EDGE('',*,*,#2327,.T.);
#3209=ORIENTED_EDGE('',*,*,#2328,.T.);
#3210=ORIENTED_EDGE('',*,*,#2329,.T.);
#3211=ORIENTED_EDGE('',*,*,#2313,.F.);
#3212=ORIENTED_EDGE('',*,*,#2330,.F.);
#3213=ORIENTED_EDGE('',*,*,#2331,.T.);
#3214=ORIENTED_EDGE('',*,*,#2323,.T.);
#3215=ORIENTED_EDGE('',*,*,#2311,.F.);
#3216=ORIENTED_EDGE('',*,*,#2322,.F.);
#3217=ORIENTED_EDGE('',*,*,#2318,.F.);
#3218=ORIENTED_EDGE('',*,*,#2315,.F.);
#3219=ORIENTED_EDGE('',*,*,#2332,.T.);
#3220=ORIENTED_EDGE('',*,*,#2333,.T.);
#3221=ORIENTED_EDGE('',*,*,#2334,.T.);
#3222=ORIENTED_EDGE('',*,*,#2335,.F.);
#3223=ORIENTED_EDGE('',*,*,#2336,.T.);
#3224=ORIENTED_EDGE('',*,*,#2337,.T.);
#3225=ORIENTED_EDGE('',*,*,#2338,.T.);
#3226=ORIENTED_EDGE('',*,*,#2333,.F.);
#3227=ORIENTED_EDGE('',*,*,#2339,.T.);
#3228=ORIENTED_EDGE('',*,*,#2340,.T.);
#3229=ORIENTED_EDGE('',*,*,#2341,.T.);
#3230=ORIENTED_EDGE('',*,*,#2335,.T.);
#3231=ORIENTED_EDGE('',*,*,#2326,.T.);
#3232=ORIENTED_EDGE('',*,*,#2340,.F.);
#3233=ORIENTED_EDGE('',*,*,#2342,.T.);
#3234=ORIENTED_EDGE('',*,*,#2337,.F.);
#3235=ORIENTED_EDGE('',*,*,#2336,.F.);
#3236=ORIENTED_EDGE('',*,*,#2343,.T.);
#3237=ORIENTED_EDGE('',*,*,#2344,.F.);
#3238=ORIENTED_EDGE('',*,*,#2327,.F.);
#3239=ORIENTED_EDGE('',*,*,#2317,.F.);
#3240=ORIENTED_EDGE('',*,*,#2345,.F.);
#3241=ORIENTED_EDGE('',*,*,#2346,.F.);
#3242=ORIENTED_EDGE('',*,*,#2343,.F.);
#3243=ORIENTED_EDGE('',*,*,#2332,.F.);
#3244=ORIENTED_EDGE('',*,*,#2347,.T.);
#3245=ORIENTED_EDGE('',*,*,#2348,.T.);
#3246=ORIENTED_EDGE('',*,*,#2330,.T.);
#3247=ORIENTED_EDGE('',*,*,#2334,.F.);
#3248=ORIENTED_EDGE('',*,*,#2338,.F.);
#3249=ORIENTED_EDGE('',*,*,#2342,.F.);
#3250=ORIENTED_EDGE('',*,*,#2339,.F.);
#3251=ORIENTED_EDGE('',*,*,#2320,.F.);
#3252=ORIENTED_EDGE('',*,*,#2329,.F.);
#3253=ORIENTED_EDGE('',*,*,#2349,.T.);
#3254=ORIENTED_EDGE('',*,*,#2345,.T.);
#3255=ORIENTED_EDGE('',*,*,#2344,.T.);
#3256=ORIENTED_EDGE('',*,*,#2346,.T.);
#3257=ORIENTED_EDGE('',*,*,#2349,.F.);
#3258=ORIENTED_EDGE('',*,*,#2328,.F.);
#3259=ORIENTED_EDGE('',*,*,#2350,.T.);
#3260=ORIENTED_EDGE('',*,*,#2324,.T.);
#3261=ORIENTED_EDGE('',*,*,#2331,.F.);
#3262=ORIENTED_EDGE('',*,*,#2348,.F.);
#3263=ORIENTED_EDGE('',*,*,#2341,.F.);
#3264=ORIENTED_EDGE('',*,*,#2325,.T.);
#3265=ORIENTED_EDGE('',*,*,#2350,.F.);
#3266=ORIENTED_EDGE('',*,*,#2347,.F.);
#3267=ORIENTED_EDGE('',*,*,#2351,.T.);
#3268=ORIENTED_EDGE('',*,*,#2352,.T.);
#3269=ORIENTED_EDGE('',*,*,#2353,.T.);
#3270=ORIENTED_EDGE('',*,*,#2354,.F.);
#3271=ORIENTED_EDGE('',*,*,#2355,.T.);
#3272=ORIENTED_EDGE('',*,*,#2356,.T.);
#3273=ORIENTED_EDGE('',*,*,#2357,.T.);
#3274=ORIENTED_EDGE('',*,*,#2352,.F.);
#3275=ORIENTED_EDGE('',*,*,#2358,.T.);
#3276=ORIENTED_EDGE('',*,*,#2359,.T.);
#3277=ORIENTED_EDGE('',*,*,#2360,.T.);
#3278=ORIENTED_EDGE('',*,*,#2356,.F.);
#3279=ORIENTED_EDGE('',*,*,#2361,.T.);
#3280=ORIENTED_EDGE('',*,*,#2359,.F.);
#3281=ORIENTED_EDGE('',*,*,#2362,.T.);
#3282=ORIENTED_EDGE('',*,*,#2354,.T.);
#3283=ORIENTED_EDGE('',*,*,#2361,.F.);
#3284=ORIENTED_EDGE('',*,*,#2363,.F.);
#3285=ORIENTED_EDGE('',*,*,#2364,.F.);
#3286=ORIENTED_EDGE('',*,*,#2365,.F.);
#3287=ORIENTED_EDGE('',*,*,#2366,.F.);
#3288=ORIENTED_EDGE('',*,*,#2367,.T.);
#3289=ORIENTED_EDGE('',*,*,#2368,.T.);
#3290=ORIENTED_EDGE('',*,*,#2369,.T.);
#3291=ORIENTED_EDGE('',*,*,#2353,.F.);
#3292=ORIENTED_EDGE('',*,*,#2370,.F.);
#3293=ORIENTED_EDGE('',*,*,#2371,.T.);
#3294=ORIENTED_EDGE('',*,*,#2363,.T.);
#3295=ORIENTED_EDGE('',*,*,#2351,.F.);
#3296=ORIENTED_EDGE('',*,*,#2362,.F.);
#3297=ORIENTED_EDGE('',*,*,#2358,.F.);
#3298=ORIENTED_EDGE('',*,*,#2355,.F.);
#3299=ORIENTED_EDGE('',*,*,#2372,.T.);
#3300=ORIENTED_EDGE('',*,*,#2373,.T.);
#3301=ORIENTED_EDGE('',*,*,#2374,.T.);
#3302=ORIENTED_EDGE('',*,*,#2375,.F.);
#3303=ORIENTED_EDGE('',*,*,#2376,.T.);
#3304=ORIENTED_EDGE('',*,*,#2377,.T.);
#3305=ORIENTED_EDGE('',*,*,#2378,.T.);
#3306=ORIENTED_EDGE('',*,*,#2373,.F.);
#3307=ORIENTED_EDGE('',*,*,#2379,.T.);
#3308=ORIENTED_EDGE('',*,*,#2380,.T.);
#3309=ORIENTED_EDGE('',*,*,#2381,.T.);
#3310=ORIENTED_EDGE('',*,*,#2375,.T.);
#3311=ORIENTED_EDGE('',*,*,#2366,.T.);
#3312=ORIENTED_EDGE('',*,*,#2380,.F.);
#3313=ORIENTED_EDGE('',*,*,#2382,.T.);
#3314=ORIENTED_EDGE('',*,*,#2377,.F.);
#3315=ORIENTED_EDGE('',*,*,#2376,.F.);
#3316=ORIENTED_EDGE('',*,*,#2383,.T.);
#3317=ORIENTED_EDGE('',*,*,#2384,.F.);
#3318=ORIENTED_EDGE('',*,*,#2367,.F.);
#3319=ORIENTED_EDGE('',*,*,#2357,.F.);
#3320=ORIENTED_EDGE('',*,*,#2385,.F.);
#3321=ORIENTED_EDGE('',*,*,#2386,.F.);
#3322=ORIENTED_EDGE('',*,*,#2383,.F.);
#3323=ORIENTED_EDGE('',*,*,#2372,.F.);
#3324=ORIENTED_EDGE('',*,*,#2387,.T.);
#3325=ORIENTED_EDGE('',*,*,#2388,.T.);
#3326=ORIENTED_EDGE('',*,*,#2370,.T.);
#3327=ORIENTED_EDGE('',*,*,#2374,.F.);
#3328=ORIENTED_EDGE('',*,*,#2378,.F.);
#3329=ORIENTED_EDGE('',*,*,#2382,.F.);
#3330=ORIENTED_EDGE('',*,*,#2379,.F.);
#3331=ORIENTED_EDGE('',*,*,#2360,.F.);
#3332=ORIENTED_EDGE('',*,*,#2369,.F.);
#3333=ORIENTED_EDGE('',*,*,#2389,.T.);
#3334=ORIENTED_EDGE('',*,*,#2385,.T.);
#3335=ORIENTED_EDGE('',*,*,#2384,.T.);
#3336=ORIENTED_EDGE('',*,*,#2386,.T.);
#3337=ORIENTED_EDGE('',*,*,#2389,.F.);
#3338=ORIENTED_EDGE('',*,*,#2368,.F.);
#3339=ORIENTED_EDGE('',*,*,#2390,.T.);
#3340=ORIENTED_EDGE('',*,*,#2364,.T.);
#3341=ORIENTED_EDGE('',*,*,#2371,.F.);
#3342=ORIENTED_EDGE('',*,*,#2388,.F.);
#3343=ORIENTED_EDGE('',*,*,#2381,.F.);
#3344=ORIENTED_EDGE('',*,*,#2365,.T.);
#3345=ORIENTED_EDGE('',*,*,#2390,.F.);
#3346=ORIENTED_EDGE('',*,*,#2387,.F.);
#3347=ORIENTED_EDGE('',*,*,#2391,.T.);
#3348=ORIENTED_EDGE('',*,*,#2392,.T.);
#3349=ORIENTED_EDGE('',*,*,#2393,.T.);
#3350=ORIENTED_EDGE('',*,*,#2394,.F.);
#3351=ORIENTED_EDGE('',*,*,#2395,.T.);
#3352=ORIENTED_EDGE('',*,*,#2396,.T.);
#3353=ORIENTED_EDGE('',*,*,#2397,.T.);
#3354=ORIENTED_EDGE('',*,*,#2392,.F.);
#3355=ORIENTED_EDGE('',*,*,#2398,.T.);
#3356=ORIENTED_EDGE('',*,*,#2399,.T.);
#3357=ORIENTED_EDGE('',*,*,#2400,.T.);
#3358=ORIENTED_EDGE('',*,*,#2396,.F.);
#3359=ORIENTED_EDGE('',*,*,#2401,.T.);
#3360=ORIENTED_EDGE('',*,*,#2399,.F.);
#3361=ORIENTED_EDGE('',*,*,#2402,.T.);
#3362=ORIENTED_EDGE('',*,*,#2394,.T.);
#3363=ORIENTED_EDGE('',*,*,#2401,.F.);
#3364=ORIENTED_EDGE('',*,*,#2403,.F.);
#3365=ORIENTED_EDGE('',*,*,#2404,.F.);
#3366=ORIENTED_EDGE('',*,*,#2405,.F.);
#3367=ORIENTED_EDGE('',*,*,#2406,.F.);
#3368=ORIENTED_EDGE('',*,*,#2407,.T.);
#3369=ORIENTED_EDGE('',*,*,#2408,.T.);
#3370=ORIENTED_EDGE('',*,*,#2409,.T.);
#3371=ORIENTED_EDGE('',*,*,#2393,.F.);
#3372=ORIENTED_EDGE('',*,*,#2410,.F.);
#3373=ORIENTED_EDGE('',*,*,#2411,.T.);
#3374=ORIENTED_EDGE('',*,*,#2403,.T.);
#3375=ORIENTED_EDGE('',*,*,#2391,.F.);
#3376=ORIENTED_EDGE('',*,*,#2402,.F.);
#3377=ORIENTED_EDGE('',*,*,#2398,.F.);
#3378=ORIENTED_EDGE('',*,*,#2395,.F.);
#3379=ORIENTED_EDGE('',*,*,#2412,.T.);
#3380=ORIENTED_EDGE('',*,*,#2413,.T.);
#3381=ORIENTED_EDGE('',*,*,#2414,.T.);
#3382=ORIENTED_EDGE('',*,*,#2415,.F.);
#3383=ORIENTED_EDGE('',*,*,#2416,.T.);
#3384=ORIENTED_EDGE('',*,*,#2417,.T.);
#3385=ORIENTED_EDGE('',*,*,#2418,.T.);
#3386=ORIENTED_EDGE('',*,*,#2413,.F.);
#3387=ORIENTED_EDGE('',*,*,#2419,.T.);
#3388=ORIENTED_EDGE('',*,*,#2420,.T.);
#3389=ORIENTED_EDGE('',*,*,#2421,.T.);
#3390=ORIENTED_EDGE('',*,*,#2415,.T.);
#3391=ORIENTED_EDGE('',*,*,#2406,.T.);
#3392=ORIENTED_EDGE('',*,*,#2420,.F.);
#3393=ORIENTED_EDGE('',*,*,#2422,.T.);
#3394=ORIENTED_EDGE('',*,*,#2417,.F.);
#3395=ORIENTED_EDGE('',*,*,#2416,.F.);
#3396=ORIENTED_EDGE('',*,*,#2423,.T.);
#3397=ORIENTED_EDGE('',*,*,#2424,.F.);
#3398=ORIENTED_EDGE('',*,*,#2407,.F.);
#3399=ORIENTED_EDGE('',*,*,#2397,.F.);
#3400=ORIENTED_EDGE('',*,*,#2425,.F.);
#3401=ORIENTED_EDGE('',*,*,#2426,.F.);
#3402=ORIENTED_EDGE('',*,*,#2423,.F.);
#3403=ORIENTED_EDGE('',*,*,#2412,.F.);
#3404=ORIENTED_EDGE('',*,*,#2427,.T.);
#3405=ORIENTED_EDGE('',*,*,#2428,.T.);
#3406=ORIENTED_EDGE('',*,*,#2410,.T.);
#3407=ORIENTED_EDGE('',*,*,#2414,.F.);
#3408=ORIENTED_EDGE('',*,*,#2418,.F.);
#3409=ORIENTED_EDGE('',*,*,#2422,.F.);
#3410=ORIENTED_EDGE('',*,*,#2419,.F.);
#3411=ORIENTED_EDGE('',*,*,#2400,.F.);
#3412=ORIENTED_EDGE('',*,*,#2409,.F.);
#3413=ORIENTED_EDGE('',*,*,#2429,.T.);
#3414=ORIENTED_EDGE('',*,*,#2425,.T.);
#3415=ORIENTED_EDGE('',*,*,#2424,.T.);
#3416=ORIENTED_EDGE('',*,*,#2426,.T.);
#3417=ORIENTED_EDGE('',*,*,#2429,.F.);
#3418=ORIENTED_EDGE('',*,*,#2408,.F.);
#3419=ORIENTED_EDGE('',*,*,#2430,.T.);
#3420=ORIENTED_EDGE('',*,*,#2404,.T.);
#3421=ORIENTED_EDGE('',*,*,#2411,.F.);
#3422=ORIENTED_EDGE('',*,*,#2428,.F.);
#3423=ORIENTED_EDGE('',*,*,#2421,.F.);
#3424=ORIENTED_EDGE('',*,*,#2405,.T.);
#3425=ORIENTED_EDGE('',*,*,#2430,.F.);
#3426=ORIENTED_EDGE('',*,*,#2427,.F.);
#3427=ORIENTED_EDGE('',*,*,#2431,.T.);
#3428=ORIENTED_EDGE('',*,*,#2432,.T.);
#3429=ORIENTED_EDGE('',*,*,#2433,.T.);
#3430=ORIENTED_EDGE('',*,*,#2434,.F.);
#3431=ORIENTED_EDGE('',*,*,#2435,.T.);
#3432=ORIENTED_EDGE('',*,*,#2436,.T.);
#3433=ORIENTED_EDGE('',*,*,#2437,.T.);
#3434=ORIENTED_EDGE('',*,*,#2432,.F.);
#3435=ORIENTED_EDGE('',*,*,#2438,.T.);
#3436=ORIENTED_EDGE('',*,*,#2439,.T.);
#3437=ORIENTED_EDGE('',*,*,#2440,.T.);
#3438=ORIENTED_EDGE('',*,*,#2436,.F.);
#3439=ORIENTED_EDGE('',*,*,#2441,.T.);
#3440=ORIENTED_EDGE('',*,*,#2439,.F.);
#3441=ORIENTED_EDGE('',*,*,#2442,.T.);
#3442=ORIENTED_EDGE('',*,*,#2434,.T.);
#3443=ORIENTED_EDGE('',*,*,#2441,.F.);
#3444=ORIENTED_EDGE('',*,*,#2443,.F.);
#3445=ORIENTED_EDGE('',*,*,#2444,.F.);
#3446=ORIENTED_EDGE('',*,*,#2445,.F.);
#3447=ORIENTED_EDGE('',*,*,#2446,.F.);
#3448=ORIENTED_EDGE('',*,*,#2447,.T.);
#3449=ORIENTED_EDGE('',*,*,#2448,.T.);
#3450=ORIENTED_EDGE('',*,*,#2449,.T.);
#3451=ORIENTED_EDGE('',*,*,#2433,.F.);
#3452=ORIENTED_EDGE('',*,*,#2450,.F.);
#3453=ORIENTED_EDGE('',*,*,#2451,.T.);
#3454=ORIENTED_EDGE('',*,*,#2443,.T.);
#3455=ORIENTED_EDGE('',*,*,#2431,.F.);
#3456=ORIENTED_EDGE('',*,*,#2442,.F.);
#3457=ORIENTED_EDGE('',*,*,#2438,.F.);
#3458=ORIENTED_EDGE('',*,*,#2435,.F.);
#3459=ORIENTED_EDGE('',*,*,#2452,.T.);
#3460=ORIENTED_EDGE('',*,*,#2453,.T.);
#3461=ORIENTED_EDGE('',*,*,#2454,.T.);
#3462=ORIENTED_EDGE('',*,*,#2455,.F.);
#3463=ORIENTED_EDGE('',*,*,#2456,.T.);
#3464=ORIENTED_EDGE('',*,*,#2457,.T.);
#3465=ORIENTED_EDGE('',*,*,#2458,.T.);
#3466=ORIENTED_EDGE('',*,*,#2453,.F.);
#3467=ORIENTED_EDGE('',*,*,#2459,.T.);
#3468=ORIENTED_EDGE('',*,*,#2460,.T.);
#3469=ORIENTED_EDGE('',*,*,#2461,.T.);
#3470=ORIENTED_EDGE('',*,*,#2455,.T.);
#3471=ORIENTED_EDGE('',*,*,#2446,.T.);
#3472=ORIENTED_EDGE('',*,*,#2460,.F.);
#3473=ORIENTED_EDGE('',*,*,#2462,.T.);
#3474=ORIENTED_EDGE('',*,*,#2457,.F.);
#3475=ORIENTED_EDGE('',*,*,#2456,.F.);
#3476=ORIENTED_EDGE('',*,*,#2463,.T.);
#3477=ORIENTED_EDGE('',*,*,#2464,.F.);
#3478=ORIENTED_EDGE('',*,*,#2447,.F.);
#3479=ORIENTED_EDGE('',*,*,#2437,.F.);
#3480=ORIENTED_EDGE('',*,*,#2465,.F.);
#3481=ORIENTED_EDGE('',*,*,#2466,.F.);
#3482=ORIENTED_EDGE('',*,*,#2463,.F.);
#3483=ORIENTED_EDGE('',*,*,#2452,.F.);
#3484=ORIENTED_EDGE('',*,*,#2467,.T.);
#3485=ORIENTED_EDGE('',*,*,#2468,.T.);
#3486=ORIENTED_EDGE('',*,*,#2450,.T.);
#3487=ORIENTED_EDGE('',*,*,#2454,.F.);
#3488=ORIENTED_EDGE('',*,*,#2458,.F.);
#3489=ORIENTED_EDGE('',*,*,#2462,.F.);
#3490=ORIENTED_EDGE('',*,*,#2459,.F.);
#3491=ORIENTED_EDGE('',*,*,#2440,.F.);
#3492=ORIENTED_EDGE('',*,*,#2449,.F.);
#3493=ORIENTED_EDGE('',*,*,#2469,.T.);
#3494=ORIENTED_EDGE('',*,*,#2465,.T.);
#3495=ORIENTED_EDGE('',*,*,#2464,.T.);
#3496=ORIENTED_EDGE('',*,*,#2466,.T.);
#3497=ORIENTED_EDGE('',*,*,#2469,.F.);
#3498=ORIENTED_EDGE('',*,*,#2448,.F.);
#3499=ORIENTED_EDGE('',*,*,#2470,.T.);
#3500=ORIENTED_EDGE('',*,*,#2444,.T.);
#3501=ORIENTED_EDGE('',*,*,#2451,.F.);
#3502=ORIENTED_EDGE('',*,*,#2468,.F.);
#3503=ORIENTED_EDGE('',*,*,#2461,.F.);
#3504=ORIENTED_EDGE('',*,*,#2445,.T.);
#3505=ORIENTED_EDGE('',*,*,#2470,.F.);
#3506=ORIENTED_EDGE('',*,*,#2467,.F.);
#3507=ORIENTED_EDGE('',*,*,#2471,.T.);
#3508=ORIENTED_EDGE('',*,*,#2472,.T.);
#3509=ORIENTED_EDGE('',*,*,#2473,.T.);
#3510=ORIENTED_EDGE('',*,*,#2474,.F.);
#3511=ORIENTED_EDGE('',*,*,#2475,.T.);
#3512=ORIENTED_EDGE('',*,*,#2476,.T.);
#3513=ORIENTED_EDGE('',*,*,#2477,.T.);
#3514=ORIENTED_EDGE('',*,*,#2472,.F.);
#3515=ORIENTED_EDGE('',*,*,#2478,.T.);
#3516=ORIENTED_EDGE('',*,*,#2479,.T.);
#3517=ORIENTED_EDGE('',*,*,#2480,.T.);
#3518=ORIENTED_EDGE('',*,*,#2476,.F.);
#3519=ORIENTED_EDGE('',*,*,#2481,.T.);
#3520=ORIENTED_EDGE('',*,*,#2479,.F.);
#3521=ORIENTED_EDGE('',*,*,#2482,.T.);
#3522=ORIENTED_EDGE('',*,*,#2474,.T.);
#3523=ORIENTED_EDGE('',*,*,#2481,.F.);
#3524=ORIENTED_EDGE('',*,*,#2483,.F.);
#3525=ORIENTED_EDGE('',*,*,#2484,.F.);
#3526=ORIENTED_EDGE('',*,*,#2485,.F.);
#3527=ORIENTED_EDGE('',*,*,#2486,.F.);
#3528=ORIENTED_EDGE('',*,*,#2487,.T.);
#3529=ORIENTED_EDGE('',*,*,#2488,.T.);
#3530=ORIENTED_EDGE('',*,*,#2489,.T.);
#3531=ORIENTED_EDGE('',*,*,#2473,.F.);
#3532=ORIENTED_EDGE('',*,*,#2490,.F.);
#3533=ORIENTED_EDGE('',*,*,#2491,.T.);
#3534=ORIENTED_EDGE('',*,*,#2483,.T.);
#3535=ORIENTED_EDGE('',*,*,#2471,.F.);
#3536=ORIENTED_EDGE('',*,*,#2482,.F.);
#3537=ORIENTED_EDGE('',*,*,#2478,.F.);
#3538=ORIENTED_EDGE('',*,*,#2475,.F.);
#3539=ORIENTED_EDGE('',*,*,#2492,.T.);
#3540=ORIENTED_EDGE('',*,*,#2493,.T.);
#3541=ORIENTED_EDGE('',*,*,#2494,.T.);
#3542=ORIENTED_EDGE('',*,*,#2495,.F.);
#3543=ORIENTED_EDGE('',*,*,#2496,.T.);
#3544=ORIENTED_EDGE('',*,*,#2497,.T.);
#3545=ORIENTED_EDGE('',*,*,#2498,.T.);
#3546=ORIENTED_EDGE('',*,*,#2493,.F.);
#3547=ORIENTED_EDGE('',*,*,#2499,.T.);
#3548=ORIENTED_EDGE('',*,*,#2500,.T.);
#3549=ORIENTED_EDGE('',*,*,#2501,.T.);
#3550=ORIENTED_EDGE('',*,*,#2495,.T.);
#3551=ORIENTED_EDGE('',*,*,#2486,.T.);
#3552=ORIENTED_EDGE('',*,*,#2500,.F.);
#3553=ORIENTED_EDGE('',*,*,#2502,.T.);
#3554=ORIENTED_EDGE('',*,*,#2497,.F.);
#3555=ORIENTED_EDGE('',*,*,#2496,.F.);
#3556=ORIENTED_EDGE('',*,*,#2503,.T.);
#3557=ORIENTED_EDGE('',*,*,#2504,.F.);
#3558=ORIENTED_EDGE('',*,*,#2487,.F.);
#3559=ORIENTED_EDGE('',*,*,#2477,.F.);
#3560=ORIENTED_EDGE('',*,*,#2505,.F.);
#3561=ORIENTED_EDGE('',*,*,#2506,.F.);
#3562=ORIENTED_EDGE('',*,*,#2503,.F.);
#3563=ORIENTED_EDGE('',*,*,#2492,.F.);
#3564=ORIENTED_EDGE('',*,*,#2507,.T.);
#3565=ORIENTED_EDGE('',*,*,#2508,.T.);
#3566=ORIENTED_EDGE('',*,*,#2490,.T.);
#3567=ORIENTED_EDGE('',*,*,#2494,.F.);
#3568=ORIENTED_EDGE('',*,*,#2498,.F.);
#3569=ORIENTED_EDGE('',*,*,#2502,.F.);
#3570=ORIENTED_EDGE('',*,*,#2499,.F.);
#3571=ORIENTED_EDGE('',*,*,#2480,.F.);
#3572=ORIENTED_EDGE('',*,*,#2489,.F.);
#3573=ORIENTED_EDGE('',*,*,#2509,.T.);
#3574=ORIENTED_EDGE('',*,*,#2505,.T.);
#3575=ORIENTED_EDGE('',*,*,#2504,.T.);
#3576=ORIENTED_EDGE('',*,*,#2506,.T.);
#3577=ORIENTED_EDGE('',*,*,#2509,.F.);
#3578=ORIENTED_EDGE('',*,*,#2488,.F.);
#3579=ORIENTED_EDGE('',*,*,#2510,.T.);
#3580=ORIENTED_EDGE('',*,*,#2484,.T.);
#3581=ORIENTED_EDGE('',*,*,#2491,.F.);
#3582=ORIENTED_EDGE('',*,*,#2508,.F.);
#3583=ORIENTED_EDGE('',*,*,#2501,.F.);
#3584=ORIENTED_EDGE('',*,*,#2485,.T.);
#3585=ORIENTED_EDGE('',*,*,#2510,.F.);
#3586=ORIENTED_EDGE('',*,*,#2507,.F.);
#3587=ORIENTED_EDGE('',*,*,#2511,.T.);
#3588=ORIENTED_EDGE('',*,*,#2512,.T.);
#3589=ORIENTED_EDGE('',*,*,#2513,.T.);
#3590=ORIENTED_EDGE('',*,*,#2514,.F.);
#3591=ORIENTED_EDGE('',*,*,#2515,.T.);
#3592=ORIENTED_EDGE('',*,*,#2516,.T.);
#3593=ORIENTED_EDGE('',*,*,#2517,.T.);
#3594=ORIENTED_EDGE('',*,*,#2512,.F.);
#3595=ORIENTED_EDGE('',*,*,#2518,.T.);
#3596=ORIENTED_EDGE('',*,*,#2519,.T.);
#3597=ORIENTED_EDGE('',*,*,#2520,.T.);
#3598=ORIENTED_EDGE('',*,*,#2516,.F.);
#3599=ORIENTED_EDGE('',*,*,#2521,.T.);
#3600=ORIENTED_EDGE('',*,*,#2519,.F.);
#3601=ORIENTED_EDGE('',*,*,#2522,.T.);
#3602=ORIENTED_EDGE('',*,*,#2514,.T.);
#3603=ORIENTED_EDGE('',*,*,#2521,.F.);
#3604=ORIENTED_EDGE('',*,*,#2523,.F.);
#3605=ORIENTED_EDGE('',*,*,#2524,.F.);
#3606=ORIENTED_EDGE('',*,*,#2525,.F.);
#3607=ORIENTED_EDGE('',*,*,#2526,.F.);
#3608=ORIENTED_EDGE('',*,*,#2527,.T.);
#3609=ORIENTED_EDGE('',*,*,#2528,.T.);
#3610=ORIENTED_EDGE('',*,*,#2529,.T.);
#3611=ORIENTED_EDGE('',*,*,#2513,.F.);
#3612=ORIENTED_EDGE('',*,*,#2530,.F.);
#3613=ORIENTED_EDGE('',*,*,#2531,.T.);
#3614=ORIENTED_EDGE('',*,*,#2523,.T.);
#3615=ORIENTED_EDGE('',*,*,#2511,.F.);
#3616=ORIENTED_EDGE('',*,*,#2522,.F.);
#3617=ORIENTED_EDGE('',*,*,#2518,.F.);
#3618=ORIENTED_EDGE('',*,*,#2515,.F.);
#3619=ORIENTED_EDGE('',*,*,#2532,.T.);
#3620=ORIENTED_EDGE('',*,*,#2533,.T.);
#3621=ORIENTED_EDGE('',*,*,#2534,.T.);
#3622=ORIENTED_EDGE('',*,*,#2535,.F.);
#3623=ORIENTED_EDGE('',*,*,#2536,.T.);
#3624=ORIENTED_EDGE('',*,*,#2537,.T.);
#3625=ORIENTED_EDGE('',*,*,#2538,.T.);
#3626=ORIENTED_EDGE('',*,*,#2533,.F.);
#3627=ORIENTED_EDGE('',*,*,#2539,.T.);
#3628=ORIENTED_EDGE('',*,*,#2540,.T.);
#3629=ORIENTED_EDGE('',*,*,#2541,.T.);
#3630=ORIENTED_EDGE('',*,*,#2535,.T.);
#3631=ORIENTED_EDGE('',*,*,#2526,.T.);
#3632=ORIENTED_EDGE('',*,*,#2540,.F.);
#3633=ORIENTED_EDGE('',*,*,#2542,.T.);
#3634=ORIENTED_EDGE('',*,*,#2537,.F.);
#3635=ORIENTED_EDGE('',*,*,#2536,.F.);
#3636=ORIENTED_EDGE('',*,*,#2543,.T.);
#3637=ORIENTED_EDGE('',*,*,#2544,.F.);
#3638=ORIENTED_EDGE('',*,*,#2527,.F.);
#3639=ORIENTED_EDGE('',*,*,#2517,.F.);
#3640=ORIENTED_EDGE('',*,*,#2545,.F.);
#3641=ORIENTED_EDGE('',*,*,#2546,.F.);
#3642=ORIENTED_EDGE('',*,*,#2543,.F.);
#3643=ORIENTED_EDGE('',*,*,#2532,.F.);
#3644=ORIENTED_EDGE('',*,*,#2547,.T.);
#3645=ORIENTED_EDGE('',*,*,#2548,.T.);
#3646=ORIENTED_EDGE('',*,*,#2530,.T.);
#3647=ORIENTED_EDGE('',*,*,#2534,.F.);
#3648=ORIENTED_EDGE('',*,*,#2538,.F.);
#3649=ORIENTED_EDGE('',*,*,#2542,.F.);
#3650=ORIENTED_EDGE('',*,*,#2539,.F.);
#3651=ORIENTED_EDGE('',*,*,#2520,.F.);
#3652=ORIENTED_EDGE('',*,*,#2529,.F.);
#3653=ORIENTED_EDGE('',*,*,#2549,.T.);
#3654=ORIENTED_EDGE('',*,*,#2545,.T.);
#3655=ORIENTED_EDGE('',*,*,#2544,.T.);
#3656=ORIENTED_EDGE('',*,*,#2546,.T.);
#3657=ORIENTED_EDGE('',*,*,#2549,.F.);
#3658=ORIENTED_EDGE('',*,*,#2528,.F.);
#3659=ORIENTED_EDGE('',*,*,#2550,.T.);
#3660=ORIENTED_EDGE('',*,*,#2524,.T.);
#3661=ORIENTED_EDGE('',*,*,#2531,.F.);
#3662=ORIENTED_EDGE('',*,*,#2548,.F.);
#3663=ORIENTED_EDGE('',*,*,#2541,.F.);
#3664=ORIENTED_EDGE('',*,*,#2525,.T.);
#3665=ORIENTED_EDGE('',*,*,#2550,.F.);
#3666=ORIENTED_EDGE('',*,*,#2547,.F.);
#3667=ORIENTED_EDGE('',*,*,#2551,.T.);
#3668=ORIENTED_EDGE('',*,*,#2552,.T.);
#3669=ORIENTED_EDGE('',*,*,#2553,.T.);
#3670=ORIENTED_EDGE('',*,*,#2554,.F.);
#3671=ORIENTED_EDGE('',*,*,#2555,.T.);
#3672=ORIENTED_EDGE('',*,*,#2556,.T.);
#3673=ORIENTED_EDGE('',*,*,#2557,.T.);
#3674=ORIENTED_EDGE('',*,*,#2552,.F.);
#3675=ORIENTED_EDGE('',*,*,#2558,.T.);
#3676=ORIENTED_EDGE('',*,*,#2559,.T.);
#3677=ORIENTED_EDGE('',*,*,#2560,.T.);
#3678=ORIENTED_EDGE('',*,*,#2556,.F.);
#3679=ORIENTED_EDGE('',*,*,#2561,.T.);
#3680=ORIENTED_EDGE('',*,*,#2559,.F.);
#3681=ORIENTED_EDGE('',*,*,#2562,.T.);
#3682=ORIENTED_EDGE('',*,*,#2554,.T.);
#3683=ORIENTED_EDGE('',*,*,#2561,.F.);
#3684=ORIENTED_EDGE('',*,*,#2563,.F.);
#3685=ORIENTED_EDGE('',*,*,#2564,.F.);
#3686=ORIENTED_EDGE('',*,*,#2565,.F.);
#3687=ORIENTED_EDGE('',*,*,#2566,.F.);
#3688=ORIENTED_EDGE('',*,*,#2567,.T.);
#3689=ORIENTED_EDGE('',*,*,#2568,.T.);
#3690=ORIENTED_EDGE('',*,*,#2569,.T.);
#3691=ORIENTED_EDGE('',*,*,#2553,.F.);
#3692=ORIENTED_EDGE('',*,*,#2570,.F.);
#3693=ORIENTED_EDGE('',*,*,#2571,.T.);
#3694=ORIENTED_EDGE('',*,*,#2563,.T.);
#3695=ORIENTED_EDGE('',*,*,#2551,.F.);
#3696=ORIENTED_EDGE('',*,*,#2562,.F.);
#3697=ORIENTED_EDGE('',*,*,#2558,.F.);
#3698=ORIENTED_EDGE('',*,*,#2555,.F.);
#3699=ORIENTED_EDGE('',*,*,#2572,.T.);
#3700=ORIENTED_EDGE('',*,*,#2573,.T.);
#3701=ORIENTED_EDGE('',*,*,#2574,.T.);
#3702=ORIENTED_EDGE('',*,*,#2575,.F.);
#3703=ORIENTED_EDGE('',*,*,#2576,.T.);
#3704=ORIENTED_EDGE('',*,*,#2577,.T.);
#3705=ORIENTED_EDGE('',*,*,#2578,.T.);
#3706=ORIENTED_EDGE('',*,*,#2573,.F.);
#3707=ORIENTED_EDGE('',*,*,#2579,.T.);
#3708=ORIENTED_EDGE('',*,*,#2580,.T.);
#3709=ORIENTED_EDGE('',*,*,#2581,.T.);
#3710=ORIENTED_EDGE('',*,*,#2575,.T.);
#3711=ORIENTED_EDGE('',*,*,#2566,.T.);
#3712=ORIENTED_EDGE('',*,*,#2580,.F.);
#3713=ORIENTED_EDGE('',*,*,#2582,.T.);
#3714=ORIENTED_EDGE('',*,*,#2577,.F.);
#3715=ORIENTED_EDGE('',*,*,#2576,.F.);
#3716=ORIENTED_EDGE('',*,*,#2583,.T.);
#3717=ORIENTED_EDGE('',*,*,#2584,.F.);
#3718=ORIENTED_EDGE('',*,*,#2567,.F.);
#3719=ORIENTED_EDGE('',*,*,#2557,.F.);
#3720=ORIENTED_EDGE('',*,*,#2585,.F.);
#3721=ORIENTED_EDGE('',*,*,#2586,.F.);
#3722=ORIENTED_EDGE('',*,*,#2583,.F.);
#3723=ORIENTED_EDGE('',*,*,#2572,.F.);
#3724=ORIENTED_EDGE('',*,*,#2587,.T.);
#3725=ORIENTED_EDGE('',*,*,#2588,.T.);
#3726=ORIENTED_EDGE('',*,*,#2570,.T.);
#3727=ORIENTED_EDGE('',*,*,#2574,.F.);
#3728=ORIENTED_EDGE('',*,*,#2578,.F.);
#3729=ORIENTED_EDGE('',*,*,#2582,.F.);
#3730=ORIENTED_EDGE('',*,*,#2579,.F.);
#3731=ORIENTED_EDGE('',*,*,#2560,.F.);
#3732=ORIENTED_EDGE('',*,*,#2569,.F.);
#3733=ORIENTED_EDGE('',*,*,#2589,.T.);
#3734=ORIENTED_EDGE('',*,*,#2585,.T.);
#3735=ORIENTED_EDGE('',*,*,#2584,.T.);
#3736=ORIENTED_EDGE('',*,*,#2586,.T.);
#3737=ORIENTED_EDGE('',*,*,#2589,.F.);
#3738=ORIENTED_EDGE('',*,*,#2568,.F.);
#3739=ORIENTED_EDGE('',*,*,#2590,.T.);
#3740=ORIENTED_EDGE('',*,*,#2564,.T.);
#3741=ORIENTED_EDGE('',*,*,#2571,.F.);
#3742=ORIENTED_EDGE('',*,*,#2588,.F.);
#3743=ORIENTED_EDGE('',*,*,#2581,.F.);
#3744=ORIENTED_EDGE('',*,*,#2565,.T.);
#3745=ORIENTED_EDGE('',*,*,#2590,.F.);
#3746=ORIENTED_EDGE('',*,*,#2587,.F.);
#3747=PLANE('',#4190);
#3748=PLANE('',#4191);
#3749=PLANE('',#4192);
#3750=PLANE('',#4193);
#3751=PLANE('',#4194);
#3752=PLANE('',#4195);
#3753=PLANE('',#4196);
#3754=PLANE('',#4197);
#3755=PLANE('',#4198);
#3756=PLANE('',#4199);
#3757=PLANE('',#4200);
#3758=PLANE('',#4201);
#3759=PLANE('',#4202);
#3760=PLANE('',#4203);
#3761=PLANE('',#4204);
#3762=PLANE('',#4205);
#3763=PLANE('',#4206);
#3764=PLANE('',#4207);
#3765=PLANE('',#4208);
#3766=PLANE('',#4209);
#3767=PLANE('',#4210);
#3768=PLANE('',#4211);
#3769=PLANE('',#4212);
#3770=PLANE('',#4213);
#3771=PLANE('',#4214);
#3772=PLANE('',#4215);
#3773=PLANE('',#4216);
#3774=PLANE('',#4217);
#3775=PLANE('',#4218);
#3776=PLANE('',#4219);
#3777=PLANE('',#4220);
#3778=PLANE('',#4221);
#3779=PLANE('',#4222);
#3780=PLANE('',#4223);
#3781=PLANE('',#4224);
#3782=PLANE('',#4225);
#3783=PLANE('',#4226);
#3784=PLANE('',#4227);
#3785=PLANE('',#4228);
#3786=PLANE('',#4229);
#3787=PLANE('',#4230);
#3788=PLANE('',#4231);
#3789=PLANE('',#4232);
#3790=PLANE('',#4233);
#3791=PLANE('',#4234);
#3792=PLANE('',#4235);
#3793=PLANE('',#4236);
#3794=PLANE('',#4237);
#3795=PLANE('',#4238);
#3796=PLANE('',#4239);
#3797=PLANE('',#4240);
#3798=PLANE('',#4241);
#3799=PLANE('',#4242);
#3800=PLANE('',#4243);
#3801=PLANE('',#4244);
#3802=PLANE('',#4245);
#3803=PLANE('',#4246);
#3804=PLANE('',#4247);
#3805=PLANE('',#4248);
#3806=PLANE('',#4249);
#3807=PLANE('',#4250);
#3808=PLANE('',#4251);
#3809=PLANE('',#4252);
#3810=PLANE('',#4253);
#3811=PLANE('',#4254);
#3812=PLANE('',#4255);
#3813=PLANE('',#4256);
#3814=PLANE('',#4257);
#3815=PLANE('',#4258);
#3816=PLANE('',#4259);
#3817=PLANE('',#4260);
#3818=PLANE('',#4261);
#3819=PLANE('',#4262);
#3820=PLANE('',#4263);
#3821=PLANE('',#4264);
#3822=PLANE('',#4265);
#3823=PLANE('',#4266);
#3824=PLANE('',#4267);
#3825=PLANE('',#4268);
#3826=PLANE('',#4269);
#3827=PLANE('',#4270);
#3828=PLANE('',#4271);
#3829=PLANE('',#4272);
#3830=PLANE('',#4273);
#3831=PLANE('',#4274);
#3832=PLANE('',#4275);
#3833=PLANE('',#4276);
#3834=PLANE('',#4277);
#3835=PLANE('',#4278);
#3836=PLANE('',#4279);
#3837=PLANE('',#4280);
#3838=PLANE('',#4281);
#3839=PLANE('',#4282);
#3840=PLANE('',#4283);
#3841=PLANE('',#4284);
#3842=PLANE('',#4285);
#3843=PLANE('',#4286);
#3844=PLANE('',#4287);
#3845=PLANE('',#4288);
#3846=PLANE('',#4289);
#3847=PLANE('',#4290);
#3848=PLANE('',#4291);
#3849=PLANE('',#4292);
#3850=PLANE('',#4295);
#3851=PLANE('',#4296);
#3852=PLANE('',#4297);
#3853=PLANE('',#4298);
#3854=PLANE('',#4299);
#3855=PLANE('',#4300);
#3856=PLANE('',#4301);
#3857=PLANE('',#4302);
#3858=PLANE('',#4305);
#3859=PLANE('',#4306);
#3860=PLANE('',#4309);
#3861=PLANE('',#4310);
#3862=PLANE('',#4311);
#3863=PLANE('',#4312);
#3864=PLANE('',#4313);
#3865=PLANE('',#4314);
#3866=PLANE('',#4317);
#3867=PLANE('',#4318);
#3868=PLANE('',#4319);
#3869=PLANE('',#4320);
#3870=PLANE('',#4321);
#3871=PLANE('',#4322);
#3872=PLANE('',#4323);
#3873=PLANE('',#4324);
#3874=PLANE('',#4327);
#3875=PLANE('',#4328);
#3876=PLANE('',#4331);
#3877=PLANE('',#4332);
#3878=PLANE('',#4333);
#3879=PLANE('',#4334);
#3880=PLANE('',#4335);
#3881=PLANE('',#4336);
#3882=PLANE('',#4339);
#3883=PLANE('',#4340);
#3884=PLANE('',#4341);
#3885=PLANE('',#4342);
#3886=PLANE('',#4343);
#3887=PLANE('',#4344);
#3888=PLANE('',#4345);
#3889=PLANE('',#4346);
#3890=PLANE('',#4349);
#3891=PLANE('',#4350);
#3892=PLANE('',#4353);
#3893=PLANE('',#4354);
#3894=PLANE('',#4355);
#3895=PLANE('',#4356);
#3896=PLANE('',#4357);
#3897=PLANE('',#4358);
#3898=PLANE('',#4361);
#3899=PLANE('',#4362);
#3900=PLANE('',#4363);
#3901=PLANE('',#4364);
#3902=PLANE('',#4365);
#3903=PLANE('',#4366);
#3904=PLANE('',#4367);
#3905=PLANE('',#4368);
#3906=PLANE('',#4371);
#3907=PLANE('',#4372);
#3908=PLANE('',#4375);
#3909=PLANE('',#4376);
#3910=PLANE('',#4377);
#3911=PLANE('',#4378);
#3912=PLANE('',#4379);
#3913=PLANE('',#4380);
#3914=PLANE('',#4383);
#3915=PLANE('',#4384);
#3916=PLANE('',#4385);
#3917=PLANE('',#4386);
#3918=PLANE('',#4387);
#3919=PLANE('',#4388);
#3920=PLANE('',#4389);
#3921=PLANE('',#4390);
#3922=PLANE('',#4393);
#3923=PLANE('',#4394);
#3924=PLANE('',#4397);
#3925=PLANE('',#4398);
#3926=PLANE('',#4399);
#3927=PLANE('',#4400);
#3928=PLANE('',#4401);
#3929=PLANE('',#4402);
#3930=PLANE('',#4405);
#3931=PLANE('',#4406);
#3932=PLANE('',#4407);
#3933=PLANE('',#4408);
#3934=PLANE('',#4409);
#3935=PLANE('',#4410);
#3936=PLANE('',#4411);
#3937=PLANE('',#4412);
#3938=PLANE('',#4415);
#3939=PLANE('',#4416);
#3940=PLANE('',#4419);
#3941=PLANE('',#4420);
#3942=PLANE('',#4421);
#3943=PLANE('',#4422);
#3944=PLANE('',#4423);
#3945=PLANE('',#4424);
#3946=PLANE('',#4427);
#3947=PLANE('',#4428);
#3948=PLANE('',#4429);
#3949=PLANE('',#4430);
#3950=PLANE('',#4431);
#3951=PLANE('',#4432);
#3952=PLANE('',#4433);
#3953=PLANE('',#4434);
#3954=PLANE('',#4437);
#3955=PLANE('',#4438);
#3956=PLANE('',#4441);
#3957=ADVANCED_FACE('',(#85),#3747,.F.);
#3958=ADVANCED_FACE('',(#86),#3748,.F.);
#3959=ADVANCED_FACE('',(#87),#3749,.F.);
#3960=ADVANCED_FACE('',(#88),#3750,.F.);
#3961=ADVANCED_FACE('',(#89),#3751,.F.);
#3962=ADVANCED_FACE('',(#90),#3752,.F.);
#3963=ADVANCED_FACE('',(#91),#3753,.T.);
#3964=ADVANCED_FACE('',(#92),#3754,.T.);
#3965=ADVANCED_FACE('',(#93),#3755,.T.);
#3966=ADVANCED_FACE('',(#94),#3756,.F.);
#3967=ADVANCED_FACE('',(#95),#3757,.T.);
#3968=ADVANCED_FACE('',(#96),#3758,.T.);
#3969=ADVANCED_FACE('',(#97),#3759,.T.);
#3970=ADVANCED_FACE('',(#98),#3760,.T.);
#3971=ADVANCED_FACE('',(#99),#3761,.T.);
#3972=ADVANCED_FACE('',(#100,#71),#3762,.F.);
#3973=ADVANCED_FACE('',(#101),#3763,.T.);
#3974=ADVANCED_FACE('',(#102),#3764,.F.);
#3975=ADVANCED_FACE('',(#103),#3765,.F.);
#3976=ADVANCED_FACE('',(#104),#3766,.F.);
#3977=ADVANCED_FACE('',(#105),#3767,.F.);
#3978=ADVANCED_FACE('',(#106),#3768,.F.);
#3979=ADVANCED_FACE('',(#107),#3769,.F.);
#3980=ADVANCED_FACE('',(#108),#3770,.F.);
#3981=ADVANCED_FACE('',(#109),#3771,.F.);
#3982=ADVANCED_FACE('',(#110),#3772,.F.);
#3983=ADVANCED_FACE('',(#111),#3773,.F.);
#3984=ADVANCED_FACE('',(#112),#3774,.F.);
#3985=ADVANCED_FACE('',(#113,#72),#3775,.F.);
#3986=ADVANCED_FACE('',(#114),#3776,.F.);
#3987=ADVANCED_FACE('',(#115),#3777,.T.);
#3988=ADVANCED_FACE('',(#116),#3778,.T.);
#3989=ADVANCED_FACE('',(#117),#3779,.T.);
#3990=ADVANCED_FACE('',(#118),#3780,.T.);
#3991=ADVANCED_FACE('',(#119),#3781,.T.);
#3992=ADVANCED_FACE('',(#120),#3782,.F.);
#3993=ADVANCED_FACE('',(#121),#3783,.F.);
#3994=ADVANCED_FACE('',(#122),#3784,.T.);
#3995=ADVANCED_FACE('',(#123),#3785,.F.);
#3996=ADVANCED_FACE('',(#124),#3786,.F.);
#3997=ADVANCED_FACE('',(#125),#3787,.F.);
#3998=ADVANCED_FACE('',(#126),#3788,.F.);
#3999=ADVANCED_FACE('',(#127),#3789,.F.);
#4000=ADVANCED_FACE('',(#128,#73),#3790,.F.);
#4001=ADVANCED_FACE('',(#129),#3791,.F.);
#4002=ADVANCED_FACE('',(#130),#3792,.T.);
#4003=ADVANCED_FACE('',(#131),#3793,.F.);
#4004=ADVANCED_FACE('',(#132),#3794,.F.);
#4005=ADVANCED_FACE('',(#133),#3795,.F.);
#4006=ADVANCED_FACE('',(#134),#3796,.F.);
#4007=ADVANCED_FACE('',(#135),#3797,.F.);
#4008=ADVANCED_FACE('',(#136,#74),#3798,.F.);
#4009=ADVANCED_FACE('',(#137),#3799,.F.);
#4010=ADVANCED_FACE('',(#138),#3800,.T.);
#4011=ADVANCED_FACE('',(#139),#3801,.F.);
#4012=ADVANCED_FACE('',(#140),#3802,.F.);
#4013=ADVANCED_FACE('',(#141),#3803,.F.);
#4014=ADVANCED_FACE('',(#142),#3804,.F.);
#4015=ADVANCED_FACE('',(#143),#3805,.F.);
#4016=ADVANCED_FACE('',(#144,#75),#3806,.F.);
#4017=ADVANCED_FACE('',(#145),#3807,.F.);
#4018=ADVANCED_FACE('',(#146),#3808,.T.);
#4019=ADVANCED_FACE('',(#147),#3809,.F.);
#4020=ADVANCED_FACE('',(#148),#3810,.F.);
#4021=ADVANCED_FACE('',(#149),#3811,.F.);
#4022=ADVANCED_FACE('',(#150),#3812,.F.);
#4023=ADVANCED_FACE('',(#151),#3813,.F.);
#4024=ADVANCED_FACE('',(#152,#76),#3814,.F.);
#4025=ADVANCED_FACE('',(#153),#3815,.F.);
#4026=ADVANCED_FACE('',(#154),#3816,.T.);
#4027=ADVANCED_FACE('',(#155),#3817,.F.);
#4028=ADVANCED_FACE('',(#156),#3818,.F.);
#4029=ADVANCED_FACE('',(#157),#3819,.F.);
#4030=ADVANCED_FACE('',(#158),#3820,.F.);
#4031=ADVANCED_FACE('',(#159),#3821,.F.);
#4032=ADVANCED_FACE('',(#160,#77),#3822,.F.);
#4033=ADVANCED_FACE('',(#161),#3823,.F.);
#4034=ADVANCED_FACE('',(#162),#3824,.T.);
#4035=ADVANCED_FACE('',(#163),#3825,.F.);
#4036=ADVANCED_FACE('',(#164),#3826,.F.);
#4037=ADVANCED_FACE('',(#165),#3827,.F.);
#4038=ADVANCED_FACE('',(#166),#3828,.F.);
#4039=ADVANCED_FACE('',(#167),#3829,.F.);
#4040=ADVANCED_FACE('',(#168),#3830,.F.);
#4041=ADVANCED_FACE('',(#169),#3831,.F.);
#4042=ADVANCED_FACE('',(#170),#3832,.F.);
#4043=ADVANCED_FACE('',(#171),#3833,.F.);
#4044=ADVANCED_FACE('',(#172),#3834,.F.);
#4045=ADVANCED_FACE('',(#173),#3835,.F.);
#4046=ADVANCED_FACE('',(#174),#3836,.T.);
#4047=ADVANCED_FACE('',(#175,#78,#79,#80,#81,#82,#83,#84),#3837,.F.);
#4048=ADVANCED_FACE('',(#176),#3838,.F.);
#4049=ADVANCED_FACE('',(#177),#3839,.F.);
#4050=ADVANCED_FACE('',(#178),#3840,.T.);
#4051=ADVANCED_FACE('',(#179),#3841,.T.);
#4052=ADVANCED_FACE('',(#180),#3842,.T.);
#4053=ADVANCED_FACE('',(#181),#3843,.T.);
#4054=ADVANCED_FACE('',(#182),#3844,.T.);
#4055=ADVANCED_FACE('',(#183),#3845,.T.);
#4056=ADVANCED_FACE('',(#184),#3846,.T.);
#4057=ADVANCED_FACE('',(#185),#3847,.T.);
#4058=ADVANCED_FACE('',(#186),#3848,.T.);
#4059=ADVANCED_FACE('',(#187),#3849,.T.);
#4060=ADVANCED_FACE('',(#188),#3850,.T.);
#4061=ADVANCED_FACE('',(#189),#3851,.F.);
#4062=ADVANCED_FACE('',(#190),#3852,.T.);
#4063=ADVANCED_FACE('',(#191),#3853,.T.);
#4064=ADVANCED_FACE('',(#192),#3854,.T.);
#4065=ADVANCED_FACE('',(#193),#3855,.T.);
#4066=ADVANCED_FACE('',(#194),#3856,.T.);
#4067=ADVANCED_FACE('',(#195),#3857,.T.);
#4068=ADVANCED_FACE('',(#196),#3858,.T.);
#4069=ADVANCED_FACE('',(#197),#3859,.T.);
#4070=ADVANCED_FACE('',(#198),#13,.F.);
#4071=ADVANCED_FACE('',(#199),#14,.T.);
#4072=ADVANCED_FACE('',(#200),#3860,.T.);
#4073=ADVANCED_FACE('',(#201),#3861,.T.);
#4074=ADVANCED_FACE('',(#202),#3862,.T.);
#4075=ADVANCED_FACE('',(#203),#3863,.T.);
#4076=ADVANCED_FACE('',(#204),#3864,.T.);
#4077=ADVANCED_FACE('',(#205),#3865,.T.);
#4078=ADVANCED_FACE('',(#206),#3866,.T.);
#4079=ADVANCED_FACE('',(#207),#3867,.F.);
#4080=ADVANCED_FACE('',(#208),#3868,.T.);
#4081=ADVANCED_FACE('',(#209),#3869,.T.);
#4082=ADVANCED_FACE('',(#210),#3870,.T.);
#4083=ADVANCED_FACE('',(#211),#3871,.T.);
#4084=ADVANCED_FACE('',(#212),#3872,.T.);
#4085=ADVANCED_FACE('',(#213),#3873,.T.);
#4086=ADVANCED_FACE('',(#214),#3874,.T.);
#4087=ADVANCED_FACE('',(#215),#3875,.T.);
#4088=ADVANCED_FACE('',(#216),#15,.F.);
#4089=ADVANCED_FACE('',(#217),#16,.T.);
#4090=ADVANCED_FACE('',(#218),#3876,.T.);
#4091=ADVANCED_FACE('',(#219),#3877,.T.);
#4092=ADVANCED_FACE('',(#220),#3878,.T.);
#4093=ADVANCED_FACE('',(#221),#3879,.T.);
#4094=ADVANCED_FACE('',(#222),#3880,.T.);
#4095=ADVANCED_FACE('',(#223),#3881,.T.);
#4096=ADVANCED_FACE('',(#224),#3882,.T.);
#4097=ADVANCED_FACE('',(#225),#3883,.F.);
#4098=ADVANCED_FACE('',(#226),#3884,.T.);
#4099=ADVANCED_FACE('',(#227),#3885,.T.);
#4100=ADVANCED_FACE('',(#228),#3886,.T.);
#4101=ADVANCED_FACE('',(#229),#3887,.T.);
#4102=ADVANCED_FACE('',(#230),#3888,.T.);
#4103=ADVANCED_FACE('',(#231),#3889,.T.);
#4104=ADVANCED_FACE('',(#232),#3890,.T.);
#4105=ADVANCED_FACE('',(#233),#3891,.T.);
#4106=ADVANCED_FACE('',(#234),#17,.F.);
#4107=ADVANCED_FACE('',(#235),#18,.T.);
#4108=ADVANCED_FACE('',(#236),#3892,.T.);
#4109=ADVANCED_FACE('',(#237),#3893,.T.);
#4110=ADVANCED_FACE('',(#238),#3894,.T.);
#4111=ADVANCED_FACE('',(#239),#3895,.T.);
#4112=ADVANCED_FACE('',(#240),#3896,.T.);
#4113=ADVANCED_FACE('',(#241),#3897,.T.);
#4114=ADVANCED_FACE('',(#242),#3898,.T.);
#4115=ADVANCED_FACE('',(#243),#3899,.F.);
#4116=ADVANCED_FACE('',(#244),#3900,.T.);
#4117=ADVANCED_FACE('',(#245),#3901,.T.);
#4118=ADVANCED_FACE('',(#246),#3902,.T.);
#4119=ADVANCED_FACE('',(#247),#3903,.T.);
#4120=ADVANCED_FACE('',(#248),#3904,.T.);
#4121=ADVANCED_FACE('',(#249),#3905,.T.);
#4122=ADVANCED_FACE('',(#250),#3906,.T.);
#4123=ADVANCED_FACE('',(#251),#3907,.T.);
#4124=ADVANCED_FACE('',(#252),#19,.F.);
#4125=ADVANCED_FACE('',(#253),#20,.T.);
#4126=ADVANCED_FACE('',(#254),#3908,.T.);
#4127=ADVANCED_FACE('',(#255),#3909,.T.);
#4128=ADVANCED_FACE('',(#256),#3910,.T.);
#4129=ADVANCED_FACE('',(#257),#3911,.T.);
#4130=ADVANCED_FACE('',(#258),#3912,.T.);
#4131=ADVANCED_FACE('',(#259),#3913,.T.);
#4132=ADVANCED_FACE('',(#260),#3914,.T.);
#4133=ADVANCED_FACE('',(#261),#3915,.F.);
#4134=ADVANCED_FACE('',(#262),#3916,.T.);
#4135=ADVANCED_FACE('',(#263),#3917,.T.);
#4136=ADVANCED_FACE('',(#264),#3918,.T.);
#4137=ADVANCED_FACE('',(#265),#3919,.T.);
#4138=ADVANCED_FACE('',(#266),#3920,.T.);
#4139=ADVANCED_FACE('',(#267),#3921,.T.);
#4140=ADVANCED_FACE('',(#268),#3922,.T.);
#4141=ADVANCED_FACE('',(#269),#3923,.T.);
#4142=ADVANCED_FACE('',(#270),#21,.F.);
#4143=ADVANCED_FACE('',(#271),#22,.T.);
#4144=ADVANCED_FACE('',(#272),#3924,.T.);
#4145=ADVANCED_FACE('',(#273),#3925,.T.);
#4146=ADVANCED_FACE('',(#274),#3926,.T.);
#4147=ADVANCED_FACE('',(#275),#3927,.T.);
#4148=ADVANCED_FACE('',(#276),#3928,.T.);
#4149=ADVANCED_FACE('',(#277),#3929,.T.);
#4150=ADVANCED_FACE('',(#278),#3930,.T.);
#4151=ADVANCED_FACE('',(#279),#3931,.F.);
#4152=ADVANCED_FACE('',(#280),#3932,.T.);
#4153=ADVANCED_FACE('',(#281),#3933,.T.);
#4154=ADVANCED_FACE('',(#282),#3934,.T.);
#4155=ADVANCED_FACE('',(#283),#3935,.T.);
#4156=ADVANCED_FACE('',(#284),#3936,.T.);
#4157=ADVANCED_FACE('',(#285),#3937,.T.);
#4158=ADVANCED_FACE('',(#286),#3938,.T.);
#4159=ADVANCED_FACE('',(#287),#3939,.T.);
#4160=ADVANCED_FACE('',(#288),#23,.F.);
#4161=ADVANCED_FACE('',(#289),#24,.T.);
#4162=ADVANCED_FACE('',(#290),#3940,.T.);
#4163=ADVANCED_FACE('',(#291),#3941,.T.);
#4164=ADVANCED_FACE('',(#292),#3942,.T.);
#4165=ADVANCED_FACE('',(#293),#3943,.T.);
#4166=ADVANCED_FACE('',(#294),#3944,.T.);
#4167=ADVANCED_FACE('',(#295),#3945,.T.);
#4168=ADVANCED_FACE('',(#296),#3946,.T.);
#4169=ADVANCED_FACE('',(#297),#3947,.F.);
#4170=ADVANCED_FACE('',(#298),#3948,.T.);
#4171=ADVANCED_FACE('',(#299),#3949,.T.);
#4172=ADVANCED_FACE('',(#300),#3950,.T.);
#4173=ADVANCED_FACE('',(#301),#3951,.T.);
#4174=ADVANCED_FACE('',(#302),#3952,.T.);
#4175=ADVANCED_FACE('',(#303),#3953,.T.);
#4176=ADVANCED_FACE('',(#304),#3954,.T.);
#4177=ADVANCED_FACE('',(#305),#3955,.T.);
#4178=ADVANCED_FACE('',(#306),#25,.F.);
#4179=ADVANCED_FACE('',(#307),#26,.T.);
#4180=ADVANCED_FACE('',(#308),#3956,.T.);
#4181=CLOSED_SHELL('',(#3957,#3958,#3959,#3960,#3961,#3962,#3963,#3964,
#3965,#3966,#3967,#3968,#3969,#3970,#3971,#3972,#3973,#3974,#3975,#3976,
#3977,#3978,#3979,#3980,#3981,#3982,#3983,#3984,#3985,#3986,#3987,#3988,
#3989,#3990,#3991,#3992,#3993,#3994,#3995,#3996,#3997,#3998,#3999,#4000,
#4001,#4002,#4003,#4004,#4005,#4006,#4007,#4008,#4009,#4010,#4011,#4012,
#4013,#4014,#4015,#4016,#4017,#4018,#4019,#4020,#4021,#4022,#4023,#4024,
#4025,#4026,#4027,#4028,#4029,#4030,#4031,#4032,#4033,#4034,#4035,#4036,
#4037,#4038,#4039,#4040,#4041,#4042,#4043,#4044,#4045,#4046,#4047,#4048,
#4049,#4050,#4051,#4052,#4053,#4054));
#4182=CLOSED_SHELL('',(#4055,#4056,#4057,#4058,#4059,#4060,#4061,#4062,
#4063,#4064,#4065,#4066,#4067,#4068,#4069,#4070,#4071,#4072));
#4183=CLOSED_SHELL('',(#4073,#4074,#4075,#4076,#4077,#4078,#4079,#4080,
#4081,#4082,#4083,#4084,#4085,#4086,#4087,#4088,#4089,#4090));
#4184=CLOSED_SHELL('',(#4091,#4092,#4093,#4094,#4095,#4096,#4097,#4098,
#4099,#4100,#4101,#4102,#4103,#4104,#4105,#4106,#4107,#4108));
#4185=CLOSED_SHELL('',(#4109,#4110,#4111,#4112,#4113,#4114,#4115,#4116,
#4117,#4118,#4119,#4120,#4121,#4122,#4123,#4124,#4125,#4126));
#4186=CLOSED_SHELL('',(#4127,#4128,#4129,#4130,#4131,#4132,#4133,#4134,
#4135,#4136,#4137,#4138,#4139,#4140,#4141,#4142,#4143,#4144));
#4187=CLOSED_SHELL('',(#4145,#4146,#4147,#4148,#4149,#4150,#4151,#4152,
#4153,#4154,#4155,#4156,#4157,#4158,#4159,#4160,#4161,#4162));
#4188=CLOSED_SHELL('',(#4163,#4164,#4165,#4166,#4167,#4168,#4169,#4170,
#4171,#4172,#4173,#4174,#4175,#4176,#4177,#4178,#4179,#4180));
#4189=AXIS2_PLACEMENT_3D('placement',#5498,#4442,#4443);
#4190=AXIS2_PLACEMENT_3D('',#5499,#4444,#4445);
#4191=AXIS2_PLACEMENT_3D('',#5508,#4450,#4451);
#4192=AXIS2_PLACEMENT_3D('',#5514,#4455,#4456);
#4193=AXIS2_PLACEMENT_3D('',#5520,#4460,#4461);
#4194=AXIS2_PLACEMENT_3D('',#5529,#4466,#4467);
#4195=AXIS2_PLACEMENT_3D('',#5535,#4471,#4472);
#4196=AXIS2_PLACEMENT_3D('',#5541,#4476,#4477);
#4197=AXIS2_PLACEMENT_3D('',#5555,#4485,#4486);
#4198=AXIS2_PLACEMENT_3D('',#5563,#4491,#4492);
#4199=AXIS2_PLACEMENT_3D('',#5573,#4498,#4499);
#4200=AXIS2_PLACEMENT_3D('',#5585,#4506,#4507);
#4201=AXIS2_PLACEMENT_3D('',#5591,#4511,#4512);
#4202=AXIS2_PLACEMENT_3D('',#5604,#4519,#4520);
#4203=AXIS2_PLACEMENT_3D('',#5610,#4524,#4525);
#4204=AXIS2_PLACEMENT_3D('',#5620,#4531,#4532);
#4205=AXIS2_PLACEMENT_3D('',#5629,#4538,#4539);
#4206=AXIS2_PLACEMENT_3D('',#5645,#4548,#4549);
#4207=AXIS2_PLACEMENT_3D('',#5707,#4582,#4583);
#4208=AXIS2_PLACEMENT_3D('',#5714,#4588,#4589);
#4209=AXIS2_PLACEMENT_3D('',#5720,#4593,#4594);
#4210=AXIS2_PLACEMENT_3D('',#5729,#4599,#4600);
#4211=AXIS2_PLACEMENT_3D('',#5733,#4603,#4604);
#4212=AXIS2_PLACEMENT_3D('',#5736,#4607,#4608);
#4213=AXIS2_PLACEMENT_3D('',#5740,#4611,#4612);
#4214=AXIS2_PLACEMENT_3D('',#5742,#4614,#4615);
#4215=AXIS2_PLACEMENT_3D('',#5752,#4621,#4622);
#4216=AXIS2_PLACEMENT_3D('',#5757,#4626,#4627);
#4217=AXIS2_PLACEMENT_3D('',#5761,#4630,#4631);
#4218=AXIS2_PLACEMENT_3D('',#5768,#4636,#4637);
#4219=AXIS2_PLACEMENT_3D('',#5782,#4645,#4646);
#4220=AXIS2_PLACEMENT_3D('',#5784,#4648,#4649);
#4221=AXIS2_PLACEMENT_3D('',#5793,#4654,#4655);
#4222=AXIS2_PLACEMENT_3D('',#5802,#4660,#4661);
#4223=AXIS2_PLACEMENT_3D('',#5808,#4665,#4666);
#4224=AXIS2_PLACEMENT_3D('',#5811,#4669,#4670);
#4225=AXIS2_PLACEMENT_3D('',#5816,#4674,#4675);
#4226=AXIS2_PLACEMENT_3D('',#5820,#4678,#4679);
#4227=AXIS2_PLACEMENT_3D('',#5822,#4681,#4682);
#4228=AXIS2_PLACEMENT_3D('',#5826,#4685,#4686);
#4229=AXIS2_PLACEMENT_3D('',#5832,#4690,#4691);
#4230=AXIS2_PLACEMENT_3D('',#5836,#4694,#4695);
#4231=AXIS2_PLACEMENT_3D('',#5840,#4698,#4699);
#4232=AXIS2_PLACEMENT_3D('',#5842,#4701,#4702);
#4233=AXIS2_PLACEMENT_3D('',#5848,#4706,#4707);
#4234=AXIS2_PLACEMENT_3D('',#5860,#4714,#4715);
#4235=AXIS2_PLACEMENT_3D('',#5862,#4717,#4718);
#4236=AXIS2_PLACEMENT_3D('',#5866,#4721,#4722);
#4237=AXIS2_PLACEMENT_3D('',#5872,#4726,#4727);
#4238=AXIS2_PLACEMENT_3D('',#5876,#4730,#4731);
#4239=AXIS2_PLACEMENT_3D('',#5880,#4734,#4735);
#4240=AXIS2_PLACEMENT_3D('',#5882,#4737,#4738);
#4241=AXIS2_PLACEMENT_3D('',#5888,#4742,#4743);
#4242=AXIS2_PLACEMENT_3D('',#5900,#4750,#4751);
#4243=AXIS2_PLACEMENT_3D('',#5902,#4753,#4754);
#4244=AXIS2_PLACEMENT_3D('',#5906,#4757,#4758);
#4245=AXIS2_PLACEMENT_3D('',#5912,#4762,#4763);
#4246=AXIS2_PLACEMENT_3D('',#5916,#4766,#4767);
#4247=AXIS2_PLACEMENT_3D('',#5920,#4770,#4771);
#4248=AXIS2_PLACEMENT_3D('',#5922,#4773,#4774);
#4249=AXIS2_PLACEMENT_3D('',#5928,#4778,#4779);
#4250=AXIS2_PLACEMENT_3D('',#5940,#4786,#4787);
#4251=AXIS2_PLACEMENT_3D('',#5942,#4789,#4790);
#4252=AXIS2_PLACEMENT_3D('',#5946,#4793,#4794);
#4253=AXIS2_PLACEMENT_3D('',#5952,#4798,#4799);
#4254=AXIS2_PLACEMENT_3D('',#5956,#4802,#4803);
#4255=AXIS2_PLACEMENT_3D('',#5960,#4806,#4807);
#4256=AXIS2_PLACEMENT_3D('',#5962,#4809,#4810);
#4257=AXIS2_PLACEMENT_3D('',#5968,#4814,#4815);
#4258=AXIS2_PLACEMENT_3D('',#5980,#4822,#4823);
#4259=AXIS2_PLACEMENT_3D('',#5982,#4825,#4826);
#4260=AXIS2_PLACEMENT_3D('',#5986,#4829,#4830);
#4261=AXIS2_PLACEMENT_3D('',#5992,#4834,#4835);
#4262=AXIS2_PLACEMENT_3D('',#5996,#4838,#4839);
#4263=AXIS2_PLACEMENT_3D('',#6000,#4842,#4843);
#4264=AXIS2_PLACEMENT_3D('',#6002,#4845,#4846);
#4265=AXIS2_PLACEMENT_3D('',#6008,#4850,#4851);
#4266=AXIS2_PLACEMENT_3D('',#6020,#4858,#4859);
#4267=AXIS2_PLACEMENT_3D('',#6022,#4861,#4862);
#4268=AXIS2_PLACEMENT_3D('',#6026,#4865,#4866);
#4269=AXIS2_PLACEMENT_3D('',#6032,#4870,#4871);
#4270=AXIS2_PLACEMENT_3D('',#6036,#4874,#4875);
#4271=AXIS2_PLACEMENT_3D('',#6040,#4878,#4879);
#4272=AXIS2_PLACEMENT_3D('',#6042,#4881,#4882);
#4273=AXIS2_PLACEMENT_3D('',#6044,#4884,#4885);
#4274=AXIS2_PLACEMENT_3D('',#6048,#4888,#4889);
#4275=AXIS2_PLACEMENT_3D('',#6055,#4894,#4895);
#4276=AXIS2_PLACEMENT_3D('',#6061,#4899,#4900);
#4277=AXIS2_PLACEMENT_3D('',#6065,#4903,#4904);
#4278=AXIS2_PLACEMENT_3D('',#6069,#4907,#4908);
#4279=AXIS2_PLACEMENT_3D('',#6071,#4910,#4911);
#4280=AXIS2_PLACEMENT_3D('',#6074,#4914,#4915);
#4281=AXIS2_PLACEMENT_3D('',#6075,#4916,#4917);
#4282=AXIS2_PLACEMENT_3D('',#6079,#4920,#4921);
#4283=AXIS2_PLACEMENT_3D('',#6083,#4924,#4925);
#4284=AXIS2_PLACEMENT_3D('',#6088,#4929,#4930);
#4285=AXIS2_PLACEMENT_3D('',#6090,#4932,#4933);
#4286=AXIS2_PLACEMENT_3D('',#6091,#4934,#4935);
#4287=AXIS2_PLACEMENT_3D('',#6092,#4936,#4937);
#4288=AXIS2_PLACEMENT_3D('',#6093,#4938,#4939);
#4289=AXIS2_PLACEMENT_3D('',#6102,#4944,#4945);
#4290=AXIS2_PLACEMENT_3D('',#6108,#4949,#4950);
#4291=AXIS2_PLACEMENT_3D('',#6114,#4954,#4955);
#4292=AXIS2_PLACEMENT_3D('',#6117,#4958,#4959);
#4293=AXIS2_PLACEMENT_3D('',#6121,#4961,#4962);
#4294=AXIS2_PLACEMENT_3D('',#6129,#4966,#4967);
#4295=AXIS2_PLACEMENT_3D('',#6131,#4969,#4970);
#4296=AXIS2_PLACEMENT_3D('',#6135,#4973,#4974);
#4297=AXIS2_PLACEMENT_3D('',#6136,#4975,#4976);
#4298=AXIS2_PLACEMENT_3D('',#6145,#4981,#4982);
#4299=AXIS2_PLACEMENT_3D('',#6150,#4986,#4987);
#4300=AXIS2_PLACEMENT_3D('',#6155,#4991,#4992);
#4301=AXIS2_PLACEMENT_3D('',#6157,#4994,#4995);
#4302=AXIS2_PLACEMENT_3D('',#6161,#4998,#4999);
#4303=AXIS2_PLACEMENT_3D('',#6164,#5001,#5002);
#4304=AXIS2_PLACEMENT_3D('',#6167,#5004,#5005);
#4305=AXIS2_PLACEMENT_3D('',#6168,#5006,#5007);
#4306=AXIS2_PLACEMENT_3D('',#6169,#5008,#5009);
#4307=AXIS2_PLACEMENT_3D('',#6171,#5011,#5012);
#4308=AXIS2_PLACEMENT_3D('',#6172,#5013,#5014);
#4309=AXIS2_PLACEMENT_3D('',#6174,#5016,#5017);
#4310=AXIS2_PLACEMENT_3D('',#6175,#5018,#5019);
#4311=AXIS2_PLACEMENT_3D('',#6184,#5024,#5025);
#4312=AXIS2_PLACEMENT_3D('',#6190,#5029,#5030);
#4313=AXIS2_PLACEMENT_3D('',#6196,#5034,#5035);
#4314=AXIS2_PLACEMENT_3D('',#6199,#5038,#5039);
#4315=AXIS2_PLACEMENT_3D('',#6203,#5041,#5042);
#4316=AXIS2_PLACEMENT_3D('',#6211,#5046,#5047);
#4317=AXIS2_PLACEMENT_3D('',#6213,#5049,#5050);
#4318=AXIS2_PLACEMENT_3D('',#6217,#5053,#5054);
#4319=AXIS2_PLACEMENT_3D('',#6218,#5055,#5056);
#4320=AXIS2_PLACEMENT_3D('',#6227,#5061,#5062);
#4321=AXIS2_PLACEMENT_3D('',#6232,#5066,#5067);
#4322=AXIS2_PLACEMENT_3D('',#6237,#5071,#5072);
#4323=AXIS2_PLACEMENT_3D('',#6239,#5074,#5075);
#4324=AXIS2_PLACEMENT_3D('',#6243,#5078,#5079);
#4325=AXIS2_PLACEMENT_3D('',#6246,#5081,#5082);
#4326=AXIS2_PLACEMENT_3D('',#6249,#5084,#5085);
#4327=AXIS2_PLACEMENT_3D('',#6250,#5086,#5087);
#4328=AXIS2_PLACEMENT_3D('',#6251,#5088,#5089);
#4329=AXIS2_PLACEMENT_3D('',#6253,#5091,#5092);
#4330=AXIS2_PLACEMENT_3D('',#6254,#5093,#5094);
#4331=AXIS2_PLACEMENT_3D('',#6256,#5096,#5097);
#4332=AXIS2_PLACEMENT_3D('',#6257,#5098,#5099);
#4333=AXIS2_PLACEMENT_3D('',#6266,#5104,#5105);
#4334=AXIS2_PLACEMENT_3D('',#6272,#5109,#5110);
#4335=AXIS2_PLACEMENT_3D('',#6278,#5114,#5115);
#4336=AXIS2_PLACEMENT_3D('',#6281,#5118,#5119);
#4337=AXIS2_PLACEMENT_3D('',#6285,#5121,#5122);
#4338=AXIS2_PLACEMENT_3D('',#6293,#5126,#5127);
#4339=AXIS2_PLACEMENT_3D('',#6295,#5129,#5130);
#4340=AXIS2_PLACEMENT_3D('',#6299,#5133,#5134);
#4341=AXIS2_PLACEMENT_3D('',#6300,#5135,#5136);
#4342=AXIS2_PLACEMENT_3D('',#6309,#5141,#5142);
#4343=AXIS2_PLACEMENT_3D('',#6314,#5146,#5147);
#4344=AXIS2_PLACEMENT_3D('',#6319,#5151,#5152);
#4345=AXIS2_PLACEMENT_3D('',#6321,#5154,#5155);
#4346=AXIS2_PLACEMENT_3D('',#6325,#5158,#5159);
#4347=AXIS2_PLACEMENT_3D('',#6328,#5161,#5162);
#4348=AXIS2_PLACEMENT_3D('',#6331,#5164,#5165);
#4349=AXIS2_PLACEMENT_3D('',#6332,#5166,#5167);
#4350=AXIS2_PLACEMENT_3D('',#6333,#5168,#5169);
#4351=AXIS2_PLACEMENT_3D('',#6335,#5171,#5172);
#4352=AXIS2_PLACEMENT_3D('',#6336,#5173,#5174);
#4353=AXIS2_PLACEMENT_3D('',#6338,#5176,#5177);
#4354=AXIS2_PLACEMENT_3D('',#6339,#5178,#5179);
#4355=AXIS2_PLACEMENT_3D('',#6348,#5184,#5185);
#4356=AXIS2_PLACEMENT_3D('',#6354,#5189,#5190);
#4357=AXIS2_PLACEMENT_3D('',#6360,#5194,#5195);
#4358=AXIS2_PLACEMENT_3D('',#6363,#5198,#5199);
#4359=AXIS2_PLACEMENT_3D('',#6367,#5201,#5202);
#4360=AXIS2_PLACEMENT_3D('',#6375,#5206,#5207);
#4361=AXIS2_PLACEMENT_3D('',#6377,#5209,#5210);
#4362=AXIS2_PLACEMENT_3D('',#6381,#5213,#5214);
#4363=AXIS2_PLACEMENT_3D('',#6382,#5215,#5216);
#4364=AXIS2_PLACEMENT_3D('',#6391,#5221,#5222);
#4365=AXIS2_PLACEMENT_3D('',#6396,#5226,#5227);
#4366=AXIS2_PLACEMENT_3D('',#6401,#5231,#5232);
#4367=AXIS2_PLACEMENT_3D('',#6403,#5234,#5235);
#4368=AXIS2_PLACEMENT_3D('',#6407,#5238,#5239);
#4369=AXIS2_PLACEMENT_3D('',#6410,#5241,#5242);
#4370=AXIS2_PLACEMENT_3D('',#6413,#5244,#5245);
#4371=AXIS2_PLACEMENT_3D('',#6414,#5246,#5247);
#4372=AXIS2_PLACEMENT_3D('',#6415,#5248,#5249);
#4373=AXIS2_PLACEMENT_3D('',#6417,#5251,#5252);
#4374=AXIS2_PLACEMENT_3D('',#6418,#5253,#5254);
#4375=AXIS2_PLACEMENT_3D('',#6420,#5256,#5257);
#4376=AXIS2_PLACEMENT_3D('',#6421,#5258,#5259);
#4377=AXIS2_PLACEMENT_3D('',#6430,#5264,#5265);
#4378=AXIS2_PLACEMENT_3D('',#6436,#5269,#5270);
#4379=AXIS2_PLACEMENT_3D('',#6442,#5274,#5275);
#4380=AXIS2_PLACEMENT_3D('',#6445,#5278,#5279);
#4381=AXIS2_PLACEMENT_3D('',#6449,#5281,#5282);
#4382=AXIS2_PLACEMENT_3D('',#6457,#5286,#5287);
#4383=AXIS2_PLACEMENT_3D('',#6459,#5289,#5290);
#4384=AXIS2_PLACEMENT_3D('',#6463,#5293,#5294);
#4385=AXIS2_PLACEMENT_3D('',#6464,#5295,#5296);
#4386=AXIS2_PLACEMENT_3D('',#6473,#5301,#5302);
#4387=AXIS2_PLACEMENT_3D('',#6478,#5306,#5307);
#4388=AXIS2_PLACEMENT_3D('',#6483,#5311,#5312);
#4389=AXIS2_PLACEMENT_3D('',#6485,#5314,#5315);
#4390=AXIS2_PLACEMENT_3D('',#6489,#5318,#5319);
#4391=AXIS2_PLACEMENT_3D('',#6492,#5321,#5322);
#4392=AXIS2_PLACEMENT_3D('',#6495,#5324,#5325);
#4393=AXIS2_PLACEMENT_3D('',#6496,#5326,#5327);
#4394=AXIS2_PLACEMENT_3D('',#6497,#5328,#5329);
#4395=AXIS2_PLACEMENT_3D('',#6499,#5331,#5332);
#4396=AXIS2_PLACEMENT_3D('',#6500,#5333,#5334);
#4397=AXIS2_PLACEMENT_3D('',#6502,#5336,#5337);
#4398=AXIS2_PLACEMENT_3D('',#6503,#5338,#5339);
#4399=AXIS2_PLACEMENT_3D('',#6512,#5344,#5345);
#4400=AXIS2_PLACEMENT_3D('',#6518,#5349,#5350);
#4401=AXIS2_PLACEMENT_3D('',#6524,#5354,#5355);
#4402=AXIS2_PLACEMENT_3D('',#6527,#5358,#5359);
#4403=AXIS2_PLACEMENT_3D('',#6531,#5361,#5362);
#4404=AXIS2_PLACEMENT_3D('',#6539,#5366,#5367);
#4405=AXIS2_PLACEMENT_3D('',#6541,#5369,#5370);
#4406=AXIS2_PLACEMENT_3D('',#6545,#5373,#5374);
#4407=AXIS2_PLACEMENT_3D('',#6546,#5375,#5376);
#4408=AXIS2_PLACEMENT_3D('',#6555,#5381,#5382);
#4409=AXIS2_PLACEMENT_3D('',#6560,#5386,#5387);
#4410=AXIS2_PLACEMENT_3D('',#6565,#5391,#5392);
#4411=AXIS2_PLACEMENT_3D('',#6567,#5394,#5395);
#4412=AXIS2_PLACEMENT_3D('',#6571,#5398,#5399);
#4413=AXIS2_PLACEMENT_3D('',#6574,#5401,#5402);
#4414=AXIS2_PLACEMENT_3D('',#6577,#5404,#5405);
#4415=AXIS2_PLACEMENT_3D('',#6578,#5406,#5407);
#4416=AXIS2_PLACEMENT_3D('',#6579,#5408,#5409);
#4417=AXIS2_PLACEMENT_3D('',#6581,#5411,#5412);
#4418=AXIS2_PLACEMENT_3D('',#6582,#5413,#5414);
#4419=AXIS2_PLACEMENT_3D('',#6584,#5416,#5417);
#4420=AXIS2_PLACEMENT_3D('',#6585,#5418,#5419);
#4421=AXIS2_PLACEMENT_3D('',#6594,#5424,#5425);
#4422=AXIS2_PLACEMENT_3D('',#6600,#5429,#5430);
#4423=AXIS2_PLACEMENT_3D('',#6606,#5434,#5435);
#4424=AXIS2_PLACEMENT_3D('',#6609,#5438,#5439);
#4425=AXIS2_PLACEMENT_3D('',#6613,#5441,#5442);
#4426=AXIS2_PLACEMENT_3D('',#6621,#5446,#5447);
#4427=AXIS2_PLACEMENT_3D('',#6623,#5449,#5450);
#4428=AXIS2_PLACEMENT_3D('',#6627,#5453,#5454);
#4429=AXIS2_PLACEMENT_3D('',#6628,#5455,#5456);
#4430=AXIS2_PLACEMENT_3D('',#6637,#5461,#5462);
#4431=AXIS2_PLACEMENT_3D('',#6642,#5466,#5467);
#4432=AXIS2_PLACEMENT_3D('',#6647,#5471,#5472);
#4433=AXIS2_PLACEMENT_3D('',#6649,#5474,#5475);
#4434=AXIS2_PLACEMENT_3D('',#6653,#5478,#5479);
#4435=AXIS2_PLACEMENT_3D('',#6656,#5481,#5482);
#4436=AXIS2_PLACEMENT_3D('',#6659,#5484,#5485);
#4437=AXIS2_PLACEMENT_3D('',#6660,#5486,#5487);
#4438=AXIS2_PLACEMENT_3D('',#6661,#5488,#5489);
#4439=AXIS2_PLACEMENT_3D('',#6663,#5491,#5492);
#4440=AXIS2_PLACEMENT_3D('',#6664,#5493,#5494);
#4441=AXIS2_PLACEMENT_3D('',#6666,#5496,#5497);
#4442=DIRECTION('axis',(0.,0.,1.));
#4443=DIRECTION('refdir',(1.,0.,0.));
#4444=DIRECTION('center_axis',(0.,-1.,1.38777878078145E-16));
#4445=DIRECTION('ref_axis',(0.,1.38777878078145E-16,1.));
#4446=DIRECTION('',(0.,-1.38777878078145E-16,-1.));
#4447=DIRECTION('',(-1.,0.,0.));
#4448=DIRECTION('',(0.,1.38777878078145E-16,1.));
#4449=DIRECTION('',(-1.,0.,0.));
#4450=DIRECTION('center_axis',(0.,0.,-1.));
#4451=DIRECTION('ref_axis',(0.,-1.,0.));
#4452=DIRECTION('',(0.,1.,0.));
#4453=DIRECTION('',(0.,-1.,0.));
#4454=DIRECTION('',(-1.,0.,0.));
#4455=DIRECTION('center_axis',(0.,1.,0.));
#4456=DIRECTION('ref_axis',(0.,0.,-1.));
#4457=DIRECTION('',(0.,0.,1.));
#4458=DIRECTION('',(0.,0.,-1.));
#4459=DIRECTION('',(1.,0.,0.));
#4460=DIRECTION('center_axis',(0.,1.,0.));
#4461=DIRECTION('ref_axis',(0.,0.,-1.));
#4462=DIRECTION('',(0.,0.,-1.));
#4463=DIRECTION('',(1.,0.,0.));
#4464=DIRECTION('',(0.,0.,1.));
#4465=DIRECTION('',(-1.,0.,0.));
#4466=DIRECTION('center_axis',(0.,0.,-1.));
#4467=DIRECTION('ref_axis',(0.,-1.,0.));
#4468=DIRECTION('',(0.,-1.,0.));
#4469=DIRECTION('',(0.,1.,0.));
#4470=DIRECTION('',(-1.,0.,0.));
#4471=DIRECTION('center_axis',(0.,-1.,1.38777878078145E-16));
#4472=DIRECTION('ref_axis',(0.,1.38777878078145E-16,1.));
#4473=DIRECTION('',(0.,1.38777878078145E-16,1.));
#4474=DIRECTION('',(0.,-1.38777878078145E-16,-1.));
#4475=DIRECTION('',(-1.,0.,0.));
#4476=DIRECTION('center_axis',(-1.,0.,0.));
#4477=DIRECTION('ref_axis',(0.,0.,1.));
#4478=DIRECTION('',(0.,1.,-9.62964972193618E-33));
#4479=DIRECTION('',(0.,2.77555756156289E-16,-1.));
#4480=DIRECTION('',(0.,-1.,-3.70074341541719E-15));
#4481=DIRECTION('',(0.,-0.447213595499963,-0.894427190999913));
#4482=DIRECTION('',(0.,-1.,-5.32907051820075E-15));
#4483=DIRECTION('',(0.,1.83697019872103E-16,1.));
#4484=DIRECTION('',(0.,1.,-9.62964972193618E-33));
#4485=DIRECTION('center_axis',(0.,9.62964972193618E-33,1.));
#4486=DIRECTION('ref_axis',(0.,-1.,9.62964972193618E-33));
#4487=DIRECTION('',(0.,1.,-9.62964972193618E-33));
#4488=DIRECTION('',(1.,0.,0.));
#4489=DIRECTION('',(-5.34552942018439E-48,1.,-9.62964972193618E-33));
#4490=DIRECTION('',(1.,0.,0.));
#4491=DIRECTION('center_axis',(0.,9.62964972193618E-33,1.));
#4492=DIRECTION('ref_axis',(0.,-1.,9.62964972193618E-33));
#4493=DIRECTION('',(0.,-1.,9.62964972193618E-33));
#4494=DIRECTION('',(1.,0.,0.));
#4495=DIRECTION('',(-5.34552942018439E-48,-1.,9.62964972193618E-33));
#4496=DIRECTION('',(1.,0.,0.));
#4497=DIRECTION('',(0.,-1.,9.62964972193618E-33));
#4498=DIRECTION('center_axis',(1.,0.,0.));
#4499=DIRECTION('ref_axis',(0.,0.,-1.));
#4500=DIRECTION('',(0.,2.77555756156289E-16,-1.));
#4501=DIRECTION('',(0.,-1.,0.));
#4502=DIRECTION('',(0.,0.,-1.));
#4503=DIRECTION('',(0.,-1.,-3.70074341541719E-15));
#4504=DIRECTION('',(0.,0.,1.));
#4505=DIRECTION('',(0.,-1.,9.62964972193618E-33));
#4506=DIRECTION('center_axis',(1.,0.,-5.55111512312578E-16));
#4507=DIRECTION('ref_axis',(5.55111512312578E-16,-1.58603289232165E-16,
1.));
#4508=DIRECTION('',(5.55111512312578E-16,-2.77555756156289E-16,1.));
#4509=DIRECTION('',(0.,-1.,0.));
#4510=DIRECTION('',(-5.55111512312578E-16,2.77555756156289E-16,-1.));
#4511=DIRECTION('center_axis',(0.,0.,-1.));
#4512=DIRECTION('ref_axis',(1.,0.,0.));
#4513=DIRECTION('',(0.,1.,0.));
#4514=DIRECTION('',(1.,0.,0.));
#4515=DIRECTION('',(0.,-1.,0.));
#4516=DIRECTION('',(-1.,0.,0.));
#4517=DIRECTION('',(0.,-1.,0.));
#4518=DIRECTION('',(1.,0.,0.));
#4519=DIRECTION('center_axis',(1.,0.,0.));
#4520=DIRECTION('ref_axis',(0.,-1.58603289232165E-16,1.));
#4521=DIRECTION('',(0.,2.77555756156289E-16,-1.));
#4522=DIRECTION('',(0.,-1.58603289232165E-16,1.));
#4523=DIRECTION('',(0.,-1.,-3.70074341541719E-15));
#4524=DIRECTION('center_axis',(-1.,0.,0.));
#4525=DIRECTION('ref_axis',(0.,1.58603289232165E-16,-1.));
#4526=DIRECTION('',(0.,-1.,-3.70074341541719E-15));
#4527=DIRECTION('',(0.,2.77555756156289E-16,-1.));
#4528=DIRECTION('',(0.,-2.77555756156289E-16,1.));
#4529=DIRECTION('',(0.,1.,2.10269512239613E-16));
#4530=DIRECTION('',(0.,1.58603289232165E-16,-1.));
#4531=DIRECTION('center_axis',(0.,1.,0.));
#4532=DIRECTION('ref_axis',(0.,0.,-1.));
#4533=DIRECTION('',(0.,0.,1.));
#4534=DIRECTION('',(-1.,0.,0.));
#4535=DIRECTION('',(1.,0.,0.));
#4536=DIRECTION('',(-3.46452040250706E-8,0.,0.999999999999999));
#4537=DIRECTION('',(1.,0.,0.));
#4538=DIRECTION('center_axis',(0.,-2.10269512239613E-16,1.));
#4539=DIRECTION('ref_axis',(-1.,0.,0.));
#4540=DIRECTION('',(-1.,0.,0.));
#4541=DIRECTION('',(0.,-1.,-2.10269512239613E-16));
#4542=DIRECTION('',(1.,0.,0.));
#4543=DIRECTION('',(0.,-1.,-2.10269512239613E-16));
#4544=DIRECTION('',(-1.,0.,0.));
#4545=DIRECTION('',(0.,-1.,-2.10269512239613E-16));
#4546=DIRECTION('',(1.,0.,0.));
#4547=DIRECTION('',(0.,1.,2.10269512239613E-16));
#4548=DIRECTION('center_axis',(0.,1.,2.77555756156289E-16));
#4549=DIRECTION('ref_axis',(0.,-2.77555756156289E-16,1.));
#4550=DIRECTION('',(1.,0.,0.));
#4551=DIRECTION('',(-5.55111512312578E-16,-2.77555756156289E-16,1.));
#4552=DIRECTION('',(0.,-2.77555756156289E-16,1.));
#4553=DIRECTION('',(1.,0.,0.));
#4554=DIRECTION('',(0.,-2.77555756156289E-16,1.));
#4555=DIRECTION('',(-1.,0.,0.));
#4556=DIRECTION('',(0.,2.77555756156289E-16,-1.));
#4557=DIRECTION('',(-1.,0.,0.));
#4558=DIRECTION('',(3.46452040250706E-8,2.77555756156289E-16,-0.999999999999999));
#4559=DIRECTION('',(1.,0.,0.));
#4560=DIRECTION('',(-2.12341533661904E-8,-2.77555756156289E-16,1.));
#4561=DIRECTION('',(-1.,0.,0.));
#4562=DIRECTION('',(3.46452040250706E-8,2.77555756156289E-16,-0.999999999999999));
#4563=DIRECTION('',(1.,0.,0.));
#4564=DIRECTION('',(-2.12341533661904E-8,-2.77555756156289E-16,1.));
#4565=DIRECTION('',(-1.,0.,0.));
#4566=DIRECTION('',(3.46452040250706E-8,2.77555756156289E-16,-0.999999999999999));
#4567=DIRECTION('',(1.,0.,0.));
#4568=DIRECTION('',(-2.12341533661904E-8,-2.77555756156289E-16,1.));
#4569=DIRECTION('',(-1.,0.,0.));
#4570=DIRECTION('',(3.46452040250706E-8,2.77555756156289E-16,-0.999999999999999));
#4571=DIRECTION('',(1.,0.,0.));
#4572=DIRECTION('',(-2.12341533661904E-8,-2.77555756156289E-16,1.));
#4573=DIRECTION('',(-1.,0.,0.));
#4574=DIRECTION('',(3.46452040250706E-8,2.77555756156289E-16,-0.999999999999999));
#4575=DIRECTION('',(1.,0.,0.));
#4576=DIRECTION('',(-2.12341533661904E-8,-2.77555756156289E-16,1.));
#4577=DIRECTION('',(-1.,0.,0.));
#4578=DIRECTION('',(3.46452040250706E-8,2.77555756156289E-16,-0.999999999999999));
#4579=DIRECTION('',(1.,0.,0.));
#4580=DIRECTION('',(-2.12341533661904E-8,-2.77555756156289E-16,1.));
#4581=DIRECTION('',(1.,0.,0.));
#4582=DIRECTION('center_axis',(-1.,0.,0.));
#4583=DIRECTION('ref_axis',(0.,0.,1.));
#4584=DIRECTION('',(0.,1.,-9.62964972193618E-33));
#4585=DIRECTION('',(0.,0.,-1.));
#4586=DIRECTION('',(0.,-1.,-3.70074341541719E-15));
#4587=DIRECTION('',(0.,2.77555756156289E-16,-1.));
#4588=DIRECTION('center_axis',(0.,-0.894427190999913,0.447213595499963));
#4589=DIRECTION('ref_axis',(0.,-0.447213595499963,-0.894427190999913));
#4590=DIRECTION('',(-1.,0.,0.));
#4591=DIRECTION('',(0.,-0.447213595499963,-0.894427190999913));
#4592=DIRECTION('',(1.,0.,0.));
#4593=DIRECTION('center_axis',(0.,2.31296463463574E-16,-1.));
#4594=DIRECTION('ref_axis',(0.,1.,2.31296463463574E-16));
#4595=DIRECTION('',(0.,-1.,-3.70074341541719E-15));
#4596=DIRECTION('',(1.,0.,0.));
#4597=DIRECTION('',(0.,1.,2.31296463463574E-16));
#4598=DIRECTION('',(-1.,0.,0.));
#4599=DIRECTION('center_axis',(0.,-5.32907051820075E-15,1.));
#4600=DIRECTION('ref_axis',(0.,-1.,-5.32907051820075E-15));
#4601=DIRECTION('',(0.,-1.,-5.32907051820075E-15));
#4602=DIRECTION('',(1.,0.,0.));
#4603=DIRECTION('center_axis',(-1.,0.,0.));
#4604=DIRECTION('ref_axis',(0.,0.,1.));
#4605=DIRECTION('',(0.,1.,3.70074341541719E-15));
#4606=DIRECTION('',(0.,1.83697019872103E-16,1.));
#4607=DIRECTION('center_axis',(0.,0.,-1.));
#4608=DIRECTION('ref_axis',(1.,0.,0.));
#4609=DIRECTION('',(-1.,0.,0.));
#4610=DIRECTION('',(0.,-1.,0.));
#4611=DIRECTION('center_axis',(1.,0.,5.55111512312578E-16));
#4612=DIRECTION('ref_axis',(-5.55111512312578E-16,-1.58603289232165E-16,
1.));
#4613=DIRECTION('',(5.55111512312578E-16,2.77555756156289E-16,-1.));
#4614=DIRECTION('center_axis',(-1.,0.,0.));
#4615=DIRECTION('ref_axis',(0.,1.58603289232165E-16,-1.));
#4616=DIRECTION('',(0.,1.,3.70074341541719E-15));
#4617=DIRECTION('',(0.,1.58603289232165E-16,-1.));
#4618=DIRECTION('',(0.,-1.,-2.10269512239613E-16));
#4619=DIRECTION('',(0.,-1.,0.));
#4620=DIRECTION('',(0.,-2.77555756156289E-16,1.));
#4621=DIRECTION('center_axis',(0.,0.,1.));
#4622=DIRECTION('ref_axis',(-1.,0.,0.));
#4623=DIRECTION('',(1.,0.,0.));
#4624=DIRECTION('',(0.,-1.,0.));
#4625=DIRECTION('',(-1.,0.,0.));
#4626=DIRECTION('center_axis',(1.,0.,0.));
#4627=DIRECTION('ref_axis',(0.,-1.58603289232165E-16,1.));
#4628=DIRECTION('',(0.,1.,3.70074341541719E-15));
#4629=DIRECTION('',(0.,-1.58603289232165E-16,1.));
#4630=DIRECTION('center_axis',(0.,-1.,0.));
#4631=DIRECTION('ref_axis',(0.,0.,-1.));
#4632=DIRECTION('',(-1.,0.,0.));
#4633=DIRECTION('',(1.,0.,0.));
#4634=DIRECTION('',(2.12341533661904E-8,0.,-1.));
#4635=DIRECTION('',(1.,0.,0.));
#4636=DIRECTION('center_axis',(0.,-2.10269512239613E-16,1.));
#4637=DIRECTION('ref_axis',(-1.,0.,0.));
#4638=DIRECTION('',(0.,-1.,-2.10269512239613E-16));
#4639=DIRECTION('',(1.,0.,0.));
#4640=DIRECTION('',(0.,-1.,-2.10269512239613E-16));
#4641=DIRECTION('',(-1.,0.,0.));
#4642=DIRECTION('',(0.,-1.,-2.10269512239613E-16));
#4643=DIRECTION('',(1.,0.,0.));
#4644=DIRECTION('',(0.,1.,2.10269512239613E-16));
#4645=DIRECTION('center_axis',(0.,1.,2.77555756156289E-16));
#4646=DIRECTION('ref_axis',(0.,-2.77555756156289E-16,1.));
#4647=DIRECTION('',(-1.,0.,0.));
#4648=DIRECTION('center_axis',(0.,-2.31296463463574E-16,1.));
#4649=DIRECTION('ref_axis',(0.,1.,2.31296463463574E-16));
#4650=DIRECTION('',(0.,1.,3.70074341541719E-15));
#4651=DIRECTION('',(-1.,0.,0.));
#4652=DIRECTION('',(0.,1.,2.31296463463574E-16));
#4653=DIRECTION('',(-1.,0.,0.));
#4654=DIRECTION('center_axis',(0.,0.894427190999913,-0.447213595499963));
#4655=DIRECTION('ref_axis',(0.,-0.447213595499963,-0.894427190999913));
#4656=DIRECTION('',(0.,-0.447213595499963,-0.894427190999913));
#4657=DIRECTION('',(-1.,0.,0.));
#4658=DIRECTION('',(0.,-0.447213595499963,-0.894427190999913));
#4659=DIRECTION('',(-1.,0.,0.));
#4660=DIRECTION('center_axis',(0.,5.32907051820075E-15,-1.));
#4661=DIRECTION('ref_axis',(0.,-1.,-5.32907051820075E-15));
#4662=DIRECTION('',(0.,-1.,-5.32907051820075E-15));
#4663=DIRECTION('',(-1.,0.,0.));
#4664=DIRECTION('',(0.,-1.,-5.32907051820075E-15));
#4665=DIRECTION('center_axis',(-1.,0.,0.));
#4666=DIRECTION('ref_axis',(0.,0.,1.));
#4667=DIRECTION('',(0.,1.83697019872103E-16,1.));
#4668=DIRECTION('',(0.,-1.,-3.70074341541719E-15));
#4669=DIRECTION('center_axis',(0.,3.70074341541719E-15,-1.));
#4670=DIRECTION('ref_axis',(0.,1.,3.70074341541719E-15));
#4671=DIRECTION('',(0.,1.,3.70074341541719E-15));
#4672=DIRECTION('',(-1.,0.,0.));
#4673=DIRECTION('',(-7.4117258180758E-23,1.,3.70074341541719E-15));
#4674=DIRECTION('center_axis',(-0.999999999999999,7.28483015179346E-24,
-3.46452040250706E-8));
#4675=DIRECTION('ref_axis',(3.46452040250706E-8,1.58603289232165E-16,-0.999999999999999));
#4676=DIRECTION('',(-3.46452040250706E-8,0.,0.999999999999999));
#4677=DIRECTION('',(1.20928180519771E-22,-1.,-3.70074341541719E-15));
#4678=DIRECTION('center_axis',(1.,-4.46489507113E-24,2.12341533661904E-8));
#4679=DIRECTION('ref_axis',(-2.12341533661904E-8,-1.58603289232165E-16,
1.));
#4680=DIRECTION('',(2.12341533661904E-8,0.,-1.));
#4681=DIRECTION('center_axis',(0.,3.70074341541719E-15,-1.));
#4682=DIRECTION('ref_axis',(0.,1.,3.70074341541719E-15));
#4683=DIRECTION('',(-1.,0.,0.));
#4684=DIRECTION('',(-7.4117258180758E-23,1.,3.70074341541719E-15));
#4685=DIRECTION('center_axis',(0.,1.,1.11022302462516E-15));
#4686=DIRECTION('ref_axis',(1.,0.,0.));
#4687=DIRECTION('',(0.,1.11022302462516E-15,-1.));
#4688=DIRECTION('',(1.,0.,0.));
#4689=DIRECTION('',(0.,1.11022302462516E-15,-1.));
#4690=DIRECTION('center_axis',(1.,0.,0.));
#4691=DIRECTION('ref_axis',(0.,-1.,-1.11022302462516E-15));
#4692=DIRECTION('',(0.,1.11022302462516E-15,-1.));
#4693=DIRECTION('',(0.,-1.,-3.70074341541719E-15));
#4694=DIRECTION('center_axis',(0.,-1.,-1.11022302462516E-15));
#4695=DIRECTION('ref_axis',(-1.,0.,0.));
#4696=DIRECTION('',(0.,1.11022302462516E-15,-1.));
#4697=DIRECTION('',(-1.,0.,0.));
#4698=DIRECTION('center_axis',(-1.,0.,0.));
#4699=DIRECTION('ref_axis',(0.,1.,1.11022302462516E-15));
#4700=DIRECTION('',(0.,1.,3.70074341541719E-15));
#4701=DIRECTION('center_axis',(-0.999999999999999,7.28483015179346E-24,
-3.46452040250706E-8));
#4702=DIRECTION('ref_axis',(3.46452040250706E-8,1.58603289232165E-16,-0.999999999999999));
#4703=DIRECTION('',(-3.46452040250706E-8,0.,0.999999999999999));
#4704=DIRECTION('',(1.20928180519771E-22,-1.,-3.70074341541719E-15));
#4705=DIRECTION('',(0.,-1.,-2.10269512239613E-16));
#4706=DIRECTION('center_axis',(0.,-2.10269512239613E-16,1.));
#4707=DIRECTION('ref_axis',(-1.,0.,0.));
#4708=DIRECTION('',(1.,0.,0.));
#4709=DIRECTION('',(0.,-1.,-2.10269512239613E-16));
#4710=DIRECTION('',(-1.,0.,0.));
#4711=DIRECTION('',(0.,-1.,-2.10269512239613E-16));
#4712=DIRECTION('',(1.,0.,0.));
#4713=DIRECTION('',(0.,1.,2.10269512239613E-16));
#4714=DIRECTION('center_axis',(1.,-4.46489507113E-24,2.12341533661904E-8));
#4715=DIRECTION('ref_axis',(-2.12341533661904E-8,-1.58603289232165E-16,
1.));
#4716=DIRECTION('',(2.12341533661904E-8,0.,-1.));
#4717=DIRECTION('center_axis',(0.,3.70074341541719E-15,-1.));
#4718=DIRECTION('ref_axis',(0.,1.,3.70074341541719E-15));
#4719=DIRECTION('',(-1.,0.,0.));
#4720=DIRECTION('',(-7.4117258180758E-23,1.,3.70074341541719E-15));
#4721=DIRECTION('center_axis',(0.,1.,1.11022302462516E-15));
#4722=DIRECTION('ref_axis',(1.,0.,0.));
#4723=DIRECTION('',(0.,1.11022302462516E-15,-1.));
#4724=DIRECTION('',(1.,0.,0.));
#4725=DIRECTION('',(0.,1.11022302462516E-15,-1.));
#4726=DIRECTION('center_axis',(1.,0.,0.));
#4727=DIRECTION('ref_axis',(0.,-1.,-1.11022302462516E-15));
#4728=DIRECTION('',(0.,1.11022302462516E-15,-1.));
#4729=DIRECTION('',(0.,-1.,-3.70074341541719E-15));
#4730=DIRECTION('center_axis',(0.,-1.,-1.11022302462516E-15));
#4731=DIRECTION('ref_axis',(-1.,0.,0.));
#4732=DIRECTION('',(0.,1.11022302462516E-15,-1.));
#4733=DIRECTION('',(-1.,0.,0.));
#4734=DIRECTION('center_axis',(-1.,0.,0.));
#4735=DIRECTION('ref_axis',(0.,1.,1.11022302462516E-15));
#4736=DIRECTION('',(0.,1.,3.70074341541719E-15));
#4737=DIRECTION('center_axis',(-0.999999999999999,7.28483015179346E-24,
-3.46452040250706E-8));
#4738=DIRECTION('ref_axis',(3.46452040250706E-8,1.58603289232165E-16,-0.999999999999999));
#4739=DIRECTION('',(-3.46452040250706E-8,0.,0.999999999999999));
#4740=DIRECTION('',(1.20928180519771E-22,-1.,-3.70074341541719E-15));
#4741=DIRECTION('',(0.,-1.,-2.10269512239613E-16));
#4742=DIRECTION('center_axis',(0.,-2.10269512239613E-16,1.));
#4743=DIRECTION('ref_axis',(-1.,0.,0.));
#4744=DIRECTION('',(1.,0.,0.));
#4745=DIRECTION('',(0.,-1.,-2.10269512239613E-16));
#4746=DIRECTION('',(-1.,0.,0.));
#4747=DIRECTION('',(0.,-1.,-2.10269512239613E-16));
#4748=DIRECTION('',(1.,0.,0.));
#4749=DIRECTION('',(0.,1.,2.10269512239613E-16));
#4750=DIRECTION('center_axis',(1.,-4.46489507113E-24,2.12341533661904E-8));
#4751=DIRECTION('ref_axis',(-2.12341533661904E-8,-1.58603289232165E-16,
1.));
#4752=DIRECTION('',(2.12341533661904E-8,0.,-1.));
#4753=DIRECTION('center_axis',(0.,3.70074341541719E-15,-1.));
#4754=DIRECTION('ref_axis',(0.,1.,3.70074341541719E-15));
#4755=DIRECTION('',(-1.,0.,0.));
#4756=DIRECTION('',(-7.4117258180758E-23,1.,3.70074341541719E-15));
#4757=DIRECTION('center_axis',(0.,1.,1.11022302462516E-15));
#4758=DIRECTION('ref_axis',(1.,0.,0.));
#4759=DIRECTION('',(0.,1.11022302462516E-15,-1.));
#4760=DIRECTION('',(1.,0.,0.));
#4761=DIRECTION('',(0.,1.11022302462516E-15,-1.));
#4762=DIRECTION('center_axis',(1.,0.,0.));
#4763=DIRECTION('ref_axis',(0.,-1.,-1.11022302462516E-15));
#4764=DIRECTION('',(0.,1.11022302462516E-15,-1.));
#4765=DIRECTION('',(0.,-1.,-3.70074341541719E-15));
#4766=DIRECTION('center_axis',(0.,-1.,-1.11022302462516E-15));
#4767=DIRECTION('ref_axis',(-1.,0.,0.));
#4768=DIRECTION('',(0.,1.11022302462516E-15,-1.));
#4769=DIRECTION('',(-1.,0.,0.));
#4770=DIRECTION('center_axis',(-1.,0.,0.));
#4771=DIRECTION('ref_axis',(0.,1.,1.11022302462516E-15));
#4772=DIRECTION('',(0.,1.,3.70074341541719E-15));
#4773=DIRECTION('center_axis',(-0.999999999999999,7.28483015179346E-24,
-3.46452040250706E-8));
#4774=DIRECTION('ref_axis',(3.46452040250706E-8,1.58603289232165E-16,-0.999999999999999));
#4775=DIRECTION('',(-3.46452040250706E-8,0.,0.999999999999999));
#4776=DIRECTION('',(1.20928180519771E-22,-1.,-3.70074341541719E-15));
#4777=DIRECTION('',(0.,-1.,-2.10269512239613E-16));
#4778=DIRECTION('center_axis',(0.,-2.10269512239613E-16,1.));
#4779=DIRECTION('ref_axis',(-1.,0.,0.));
#4780=DIRECTION('',(1.,0.,0.));
#4781=DIRECTION('',(0.,-1.,-2.10269512239613E-16));
#4782=DIRECTION('',(-1.,0.,0.));
#4783=DIRECTION('',(0.,-1.,-2.10269512239613E-16));
#4784=DIRECTION('',(1.,0.,0.));
#4785=DIRECTION('',(0.,1.,2.10269512239613E-16));
#4786=DIRECTION('center_axis',(1.,-4.46489507113E-24,2.12341533661904E-8));
#4787=DIRECTION('ref_axis',(-2.12341533661904E-8,-1.58603289232165E-16,
1.));
#4788=DIRECTION('',(2.12341533661904E-8,0.,-1.));
#4789=DIRECTION('center_axis',(0.,3.70074341541719E-15,-1.));
#4790=DIRECTION('ref_axis',(0.,1.,3.70074341541719E-15));
#4791=DIRECTION('',(-1.,0.,0.));
#4792=DIRECTION('',(-7.4117258180758E-23,1.,3.70074341541719E-15));
#4793=DIRECTION('center_axis',(0.,1.,1.11022302462516E-15));
#4794=DIRECTION('ref_axis',(1.,0.,0.));
#4795=DIRECTION('',(0.,1.11022302462516E-15,-1.));
#4796=DIRECTION('',(1.,0.,0.));
#4797=DIRECTION('',(0.,1.11022302462516E-15,-1.));
#4798=DIRECTION('center_axis',(1.,0.,0.));
#4799=DIRECTION('ref_axis',(0.,-1.,-1.11022302462516E-15));
#4800=DIRECTION('',(0.,1.11022302462516E-15,-1.));
#4801=DIRECTION('',(0.,-1.,-3.70074341541719E-15));
#4802=DIRECTION('center_axis',(0.,-1.,-1.11022302462516E-15));
#4803=DIRECTION('ref_axis',(-1.,0.,0.));
#4804=DIRECTION('',(0.,1.11022302462516E-15,-1.));
#4805=DIRECTION('',(-1.,0.,0.));
#4806=DIRECTION('center_axis',(-1.,0.,0.));
#4807=DIRECTION('ref_axis',(0.,1.,1.11022302462516E-15));
#4808=DIRECTION('',(0.,1.,3.70074341541719E-15));
#4809=DIRECTION('center_axis',(-0.999999999999999,7.28483015179346E-24,
-3.46452040250706E-8));
#4810=DIRECTION('ref_axis',(3.46452040250706E-8,1.58603289232165E-16,-0.999999999999999));
#4811=DIRECTION('',(-3.46452040250706E-8,0.,0.999999999999999));
#4812=DIRECTION('',(1.20928180519771E-22,-1.,-3.70074341541719E-15));
#4813=DIRECTION('',(0.,-1.,-2.10269512239613E-16));
#4814=DIRECTION('center_axis',(0.,-2.10269512239613E-16,1.));
#4815=DIRECTION('ref_axis',(-1.,0.,0.));
#4816=DIRECTION('',(1.,0.,0.));
#4817=DIRECTION('',(0.,-1.,-2.10269512239613E-16));
#4818=DIRECTION('',(-1.,0.,0.));
#4819=DIRECTION('',(0.,-1.,-2.10269512239613E-16));
#4820=DIRECTION('',(1.,0.,0.));
#4821=DIRECTION('',(0.,1.,2.10269512239613E-16));
#4822=DIRECTION('center_axis',(1.,-4.46489507113E-24,2.12341533661904E-8));
#4823=DIRECTION('ref_axis',(-2.12341533661904E-8,-1.58603289232165E-16,
1.));
#4824=DIRECTION('',(2.12341533661904E-8,0.,-1.));
#4825=DIRECTION('center_axis',(0.,3.70074341541719E-15,-1.));
#4826=DIRECTION('ref_axis',(0.,1.,3.70074341541719E-15));
#4827=DIRECTION('',(-1.,0.,0.));
#4828=DIRECTION('',(-7.4117258180758E-23,1.,3.70074341541719E-15));
#4829=DIRECTION('center_axis',(0.,1.,1.11022302462516E-15));
#4830=DIRECTION('ref_axis',(1.,0.,0.));
#4831=DIRECTION('',(0.,1.11022302462516E-15,-1.));
#4832=DIRECTION('',(1.,0.,0.));
#4833=DIRECTION('',(0.,1.11022302462516E-15,-1.));
#4834=DIRECTION('center_axis',(1.,0.,0.));
#4835=DIRECTION('ref_axis',(0.,-1.,-1.11022302462516E-15));
#4836=DIRECTION('',(0.,1.11022302462516E-15,-1.));
#4837=DIRECTION('',(0.,-1.,-3.70074341541719E-15));
#4838=DIRECTION('center_axis',(0.,-1.,-1.11022302462516E-15));
#4839=DIRECTION('ref_axis',(-1.,0.,0.));
#4840=DIRECTION('',(0.,1.11022302462516E-15,-1.));
#4841=DIRECTION('',(-1.,0.,0.));
#4842=DIRECTION('center_axis',(-1.,0.,0.));
#4843=DIRECTION('ref_axis',(0.,1.,1.11022302462516E-15));
#4844=DIRECTION('',(0.,1.,3.70074341541719E-15));
#4845=DIRECTION('center_axis',(-0.999999999999999,7.28483015179346E-24,
-3.46452040250706E-8));
#4846=DIRECTION('ref_axis',(3.46452040250706E-8,1.58603289232165E-16,-0.999999999999999));
#4847=DIRECTION('',(-3.46452040250706E-8,0.,0.999999999999999));
#4848=DIRECTION('',(1.20928180519771E-22,-1.,-3.70074341541719E-15));
#4849=DIRECTION('',(0.,-1.,-2.10269512239613E-16));
#4850=DIRECTION('center_axis',(0.,-2.10269512239613E-16,1.));
#4851=DIRECTION('ref_axis',(-1.,0.,0.));
#4852=DIRECTION('',(1.,0.,0.));
#4853=DIRECTION('',(0.,-1.,-2.10269512239613E-16));
#4854=DIRECTION('',(-1.,0.,0.));
#4855=DIRECTION('',(0.,-1.,-2.10269512239613E-16));
#4856=DIRECTION('',(1.,0.,0.));
#4857=DIRECTION('',(0.,1.,2.10269512239613E-16));
#4858=DIRECTION('center_axis',(1.,-4.46489507113E-24,2.12341533661904E-8));
#4859=DIRECTION('ref_axis',(-2.12341533661904E-8,-1.58603289232165E-16,
1.));
#4860=DIRECTION('',(2.12341533661904E-8,0.,-1.));
#4861=DIRECTION('center_axis',(0.,3.70074341541719E-15,-1.));
#4862=DIRECTION('ref_axis',(0.,1.,3.70074341541719E-15));
#4863=DIRECTION('',(-1.,0.,0.));
#4864=DIRECTION('',(-7.4117258180758E-23,1.,3.70074341541719E-15));
#4865=DIRECTION('center_axis',(0.,1.,1.11022302462516E-15));
#4866=DIRECTION('ref_axis',(1.,0.,0.));
#4867=DIRECTION('',(0.,1.11022302462516E-15,-1.));
#4868=DIRECTION('',(1.,0.,0.));
#4869=DIRECTION('',(0.,1.11022302462516E-15,-1.));
#4870=DIRECTION('center_axis',(1.,0.,0.));
#4871=DIRECTION('ref_axis',(0.,-1.,-1.11022302462516E-15));
#4872=DIRECTION('',(0.,1.11022302462516E-15,-1.));
#4873=DIRECTION('',(0.,-1.,-3.70074341541719E-15));
#4874=DIRECTION('center_axis',(0.,-1.,-1.11022302462516E-15));
#4875=DIRECTION('ref_axis',(-1.,0.,0.));
#4876=DIRECTION('',(0.,1.11022302462516E-15,-1.));
#4877=DIRECTION('',(-1.,0.,0.));
#4878=DIRECTION('center_axis',(-1.,0.,0.));
#4879=DIRECTION('ref_axis',(0.,1.,1.11022302462516E-15));
#4880=DIRECTION('',(0.,1.,3.70074341541719E-15));
#4881=DIRECTION('center_axis',(1.,-4.46489507113E-24,2.12341533661904E-8));
#4882=DIRECTION('ref_axis',(-2.12341533661904E-8,-1.58603289232165E-16,
1.));
#4883=DIRECTION('',(2.12341533661904E-8,0.,-1.));
#4884=DIRECTION('center_axis',(-0.999999999999999,7.28483015179346E-24,
-3.46452040250706E-8));
#4885=DIRECTION('ref_axis',(3.46452040250706E-8,1.58603289232165E-16,-0.999999999999999));
#4886=DIRECTION('',(-3.46452040250706E-8,0.,0.999999999999999));
#4887=DIRECTION('',(1.20928180519771E-22,-1.,-3.70074341541719E-15));
#4888=DIRECTION('center_axis',(0.,1.,0.));
#4889=DIRECTION('ref_axis',(1.,0.,0.));
#4890=DIRECTION('',(0.,0.,-1.));
#4891=DIRECTION('',(1.,0.,0.));
#4892=DIRECTION('',(0.,0.,-1.));
#4893=DIRECTION('',(-1.,0.,0.));
#4894=DIRECTION('center_axis',(0.,1.,1.11022302462516E-15));
#4895=DIRECTION('ref_axis',(1.,0.,0.));
#4896=DIRECTION('',(0.,1.11022302462516E-15,-1.));
#4897=DIRECTION('',(1.,0.,0.));
#4898=DIRECTION('',(0.,1.11022302462516E-15,-1.));
#4899=DIRECTION('center_axis',(1.,0.,0.));
#4900=DIRECTION('ref_axis',(0.,-1.,-1.11022302462516E-15));
#4901=DIRECTION('',(0.,1.11022302462516E-15,-1.));
#4902=DIRECTION('',(0.,-1.,-3.70074341541719E-15));
#4903=DIRECTION('center_axis',(0.,-1.,-1.11022302462516E-15));
#4904=DIRECTION('ref_axis',(-1.,0.,0.));
#4905=DIRECTION('',(0.,1.11022302462516E-15,-1.));
#4906=DIRECTION('',(-1.,0.,0.));
#4907=DIRECTION('center_axis',(-1.,0.,0.));
#4908=DIRECTION('ref_axis',(0.,1.,1.11022302462516E-15));
#4909=DIRECTION('',(0.,1.,3.70074341541719E-15));
#4910=DIRECTION('center_axis',(0.,1.,0.));
#4911=DIRECTION('ref_axis',(1.,0.,0.));
#4912=DIRECTION('',(-1.,0.,0.));
#4913=DIRECTION('',(-1.,0.,0.));
#4914=DIRECTION('center_axis',(0.,3.70074341541719E-15,-1.));
#4915=DIRECTION('ref_axis',(0.,1.,3.70074341541719E-15));
#4916=DIRECTION('center_axis',(-1.,0.,0.));
#4917=DIRECTION('ref_axis',(0.,1.,0.));
#4918=DIRECTION('',(0.,1.,-9.62964972193618E-33));
#4919=DIRECTION('',(0.,1.83697019872103E-16,1.));
#4920=DIRECTION('center_axis',(1.,0.,0.));
#4921=DIRECTION('ref_axis',(0.,-1.,0.));
#4922=DIRECTION('',(0.,-1.83697019872103E-16,-1.));
#4923=DIRECTION('',(0.,-1.,9.62964972193618E-33));
#4924=DIRECTION('center_axis',(0.,9.62964972193618E-33,1.));
#4925=DIRECTION('ref_axis',(0.,-1.,9.62964972193618E-33));
#4926=DIRECTION('',(1.,0.,0.));
#4927=DIRECTION('',(1.,0.,0.));
#4928=DIRECTION('',(0.,-1.,9.62964972193618E-33));
#4929=DIRECTION('center_axis',(0.,-1.,1.83697019872103E-16));
#4930=DIRECTION('ref_axis',(0.,-1.83697019872103E-16,-1.));
#4931=DIRECTION('',(0.,-1.83697019872103E-16,-1.));
#4932=DIRECTION('center_axis',(0.,-1.,1.83697019872103E-16));
#4933=DIRECTION('ref_axis',(0.,-1.83697019872103E-16,-1.));
#4934=DIRECTION('center_axis',(0.,3.70074341541719E-15,-1.));
#4935=DIRECTION('ref_axis',(0.,1.,3.70074341541719E-15));
#4936=DIRECTION('center_axis',(1.,0.,0.));
#4937=DIRECTION('ref_axis',(0.,0.,-1.));
#4938=DIRECTION('center_axis',(7.85046229341887E-16,-0.707106781186548,
-0.707106781186548));
#4939=DIRECTION('ref_axis',(-1.,0.,-1.11022302462516E-15));
#4940=DIRECTION('',(-1.,6.79815536723445E-32,-1.11022302462516E-15));
#4941=DIRECTION('',(-0.577350269189626,0.577350269189626,-0.577350269189626));
#4942=DIRECTION('',(1.,-6.79815536723445E-32,1.11022302462516E-15));
#4943=DIRECTION('',(0.577350269189628,0.577350269189628,-0.577350269189622));
#4944=DIRECTION('center_axis',(-0.707106781186548,-0.707106781186548,-4.32978028117747E-17));
#4945=DIRECTION('ref_axis',(-6.12323399573677E-17,0.,1.));
#4946=DIRECTION('',(0.,-6.12323399573677E-17,1.));
#4947=DIRECTION('',(-0.577350269189626,0.577350269189626,0.577350269189626));
#4948=DIRECTION('',(0.,6.12323399573677E-17,-1.));
#4949=DIRECTION('center_axis',(0.,-0.707106781186548,0.707106781186548));
#4950=DIRECTION('ref_axis',(1.,0.,0.));
#4951=DIRECTION('',(1.,0.,0.));
#4952=DIRECTION('',(0.577350269189626,0.577350269189626,0.577350269189626));
#4953=DIRECTION('',(-1.,0.,0.));
#4954=DIRECTION('center_axis',(0.707106781186548,-0.707106781186548,-4.32978028117747E-17));
#4955=DIRECTION('ref_axis',(-6.12323399573677E-17,0.,-1.));
#4956=DIRECTION('',(0.,-6.12323399573677E-17,1.));
#4957=DIRECTION('',(0.,6.12323399573677E-17,-1.));
#4958=DIRECTION('center_axis',(1.,0.,0.));
#4959=DIRECTION('ref_axis',(0.,-1.,0.));
#4960=DIRECTION('',(0.,-1.,0.));
#4961=DIRECTION('center_axis',(-1.,0.,0.));
#4962=DIRECTION('ref_axis',(0.,1.,0.));
#4963=DIRECTION('',(0.,0.,-1.));
#4964=DIRECTION('',(0.,1.,0.));
#4965=DIRECTION('',(0.,0.,-1.));
#4966=DIRECTION('center_axis',(-1.,0.,0.));
#4967=DIRECTION('ref_axis',(0.,1.,4.44089209850064E-15));
#4968=DIRECTION('',(0.,-1.,0.));
#4969=DIRECTION('center_axis',(1.11022302462516E-15,0.,-1.));
#4970=DIRECTION('ref_axis',(1.,-6.79815536723445E-32,1.11022302462516E-15));
#4971=DIRECTION('',(0.,-1.,0.));
#4972=DIRECTION('',(1.,-6.79815536723445E-32,1.11022302462516E-15));
#4973=DIRECTION('center_axis',(0.,1.,6.12323399573677E-17));
#4974=DIRECTION('ref_axis',(1.,0.,0.));
#4975=DIRECTION('center_axis',(-0.707106781186547,0.,0.707106781186548));
#4976=DIRECTION('ref_axis',(0.707106781186548,0.,0.707106781186547));
#4977=DIRECTION('',(0.,-1.,0.));
#4978=DIRECTION('',(0.577350269189626,0.577350269189626,0.577350269189626));
#4979=DIRECTION('',(0.,1.,0.));
#4980=DIRECTION('',(0.577350269189626,-0.577350269189626,0.577350269189626));
#4981=DIRECTION('center_axis',(0.,-0.707106781186547,0.707106781186548));
#4982=DIRECTION('ref_axis',(1.,0.,0.));
#4983=DIRECTION('',(1.,0.,0.));
#4984=DIRECTION('',(-0.577350269189626,0.577350269189626,0.577350269189626));
#4985=DIRECTION('',(-1.,0.,0.));
#4986=DIRECTION('center_axis',(7.85046229341887E-16,0.707106781186547,0.707106781186548));
#4987=DIRECTION('ref_axis',(1.,0.,-1.11022302462515E-15));
#4988=DIRECTION('',(1.,-1.11022302462516E-15,0.));
#4989=DIRECTION('',(0.577350269189626,0.577350269189626,-0.577350269189626));
#4990=DIRECTION('',(-1.,1.11022302462516E-15,0.));
#4991=DIRECTION('center_axis',(0.707106781186547,0.,0.707106781186548));
#4992=DIRECTION('ref_axis',(0.707106781186548,0.,-0.707106781186547));
#4993=DIRECTION('',(0.,-1.,0.));
#4994=DIRECTION('center_axis',(0.,-1.,0.));
#4995=DIRECTION('ref_axis',(-1.,0.,0.));
#4996=DIRECTION('',(0.,0.,-1.));
#4997=DIRECTION('',(-1.,0.,0.));
#4998=DIRECTION('center_axis',(-1.,0.,0.));
#4999=DIRECTION('ref_axis',(0.,1.,0.));
#5000=DIRECTION('',(0.,-1.,0.));
#5001=DIRECTION('center_axis',(-1.,0.,0.));
#5002=DIRECTION('ref_axis',(0.,1.,4.44089209850064E-15));
#5003=DIRECTION('',(0.,0.,-1.));
#5004=DIRECTION('center_axis',(-1.,0.,0.));
#5005=DIRECTION('ref_axis',(0.,1.,0.));
#5006=DIRECTION('center_axis',(0.,0.,1.));
#5007=DIRECTION('ref_axis',(1.,0.,0.));
#5008=DIRECTION('center_axis',(0.,0.,1.));
#5009=DIRECTION('ref_axis',(-1.,0.,0.));
#5010=DIRECTION('',(-1.,0.,0.));
#5011=DIRECTION('center_axis',(-1.,0.,0.));
#5012=DIRECTION('ref_axis',(0.,1.,0.));
#5013=DIRECTION('center_axis',(-1.,0.,0.));
#5014=DIRECTION('ref_axis',(0.,1.,0.));
#5015=DIRECTION('',(1.,-1.11022302462516E-15,0.));
#5016=DIRECTION('center_axis',(1.11022302462516E-15,1.,0.));
#5017=DIRECTION('ref_axis',(1.,-1.11022302462516E-15,0.));
#5018=DIRECTION('center_axis',(7.85046229341887E-16,-0.707106781186548,
-0.707106781186548));
#5019=DIRECTION('ref_axis',(-1.,0.,-1.11022302462516E-15));
#5020=DIRECTION('',(-1.,6.79815536723445E-32,-1.11022302462516E-15));
#5021=DIRECTION('',(-0.577350269189626,0.577350269189626,-0.577350269189626));
#5022=DIRECTION('',(1.,-6.79815536723445E-32,1.11022302462516E-15));
#5023=DIRECTION('',(0.577350269189628,0.577350269189628,-0.577350269189622));
#5024=DIRECTION('center_axis',(-0.707106781186548,-0.707106781186548,-4.32978028117747E-17));
#5025=DIRECTION('ref_axis',(-6.12323399573677E-17,0.,1.));
#5026=DIRECTION('',(0.,-6.12323399573677E-17,1.));
#5027=DIRECTION('',(-0.577350269189626,0.577350269189626,0.577350269189626));
#5028=DIRECTION('',(0.,6.12323399573677E-17,-1.));
#5029=DIRECTION('center_axis',(0.,-0.707106781186548,0.707106781186548));
#5030=DIRECTION('ref_axis',(1.,0.,0.));
#5031=DIRECTION('',(1.,0.,0.));
#5032=DIRECTION('',(0.577350269189626,0.577350269189626,0.577350269189626));
#5033=DIRECTION('',(-1.,0.,0.));
#5034=DIRECTION('center_axis',(0.707106781186548,-0.707106781186548,-4.32978028117747E-17));
#5035=DIRECTION('ref_axis',(-6.12323399573677E-17,0.,-1.));
#5036=DIRECTION('',(0.,-6.12323399573677E-17,1.));
#5037=DIRECTION('',(0.,6.12323399573677E-17,-1.));
#5038=DIRECTION('center_axis',(1.,0.,0.));
#5039=DIRECTION('ref_axis',(0.,-1.,0.));
#5040=DIRECTION('',(0.,-1.,0.));
#5041=DIRECTION('center_axis',(-1.,0.,0.));
#5042=DIRECTION('ref_axis',(0.,1.,0.));
#5043=DIRECTION('',(0.,0.,-1.));
#5044=DIRECTION('',(0.,1.,0.));
#5045=DIRECTION('',(0.,0.,-1.));
#5046=DIRECTION('center_axis',(-1.,0.,0.));
#5047=DIRECTION('ref_axis',(0.,1.,4.44089209850064E-15));
#5048=DIRECTION('',(0.,-1.,0.));
#5049=DIRECTION('center_axis',(1.11022302462516E-15,0.,-1.));
#5050=DIRECTION('ref_axis',(1.,-6.79815536723445E-32,1.11022302462516E-15));
#5051=DIRECTION('',(0.,-1.,0.));
#5052=DIRECTION('',(1.,-6.79815536723445E-32,1.11022302462516E-15));
#5053=DIRECTION('center_axis',(0.,1.,6.12323399573677E-17));
#5054=DIRECTION('ref_axis',(1.,0.,0.));
#5055=DIRECTION('center_axis',(-0.707106781186547,0.,0.707106781186548));
#5056=DIRECTION('ref_axis',(0.707106781186548,0.,0.707106781186547));
#5057=DIRECTION('',(0.,-1.,0.));
#5058=DIRECTION('',(0.577350269189626,0.577350269189626,0.577350269189626));
#5059=DIRECTION('',(0.,1.,0.));
#5060=DIRECTION('',(0.577350269189626,-0.577350269189626,0.577350269189626));
#5061=DIRECTION('center_axis',(0.,-0.707106781186547,0.707106781186548));
#5062=DIRECTION('ref_axis',(1.,0.,0.));
#5063=DIRECTION('',(1.,0.,0.));
#5064=DIRECTION('',(-0.577350269189626,0.577350269189626,0.577350269189626));
#5065=DIRECTION('',(-1.,0.,0.));
#5066=DIRECTION('center_axis',(7.85046229341887E-16,0.707106781186547,0.707106781186548));
#5067=DIRECTION('ref_axis',(1.,0.,-1.11022302462515E-15));
#5068=DIRECTION('',(1.,-1.11022302462516E-15,0.));
#5069=DIRECTION('',(0.577350269189626,0.577350269189626,-0.577350269189626));
#5070=DIRECTION('',(-1.,1.11022302462516E-15,0.));
#5071=DIRECTION('center_axis',(0.707106781186547,0.,0.707106781186548));
#5072=DIRECTION('ref_axis',(0.707106781186548,0.,-0.707106781186547));
#5073=DIRECTION('',(0.,-1.,0.));
#5074=DIRECTION('center_axis',(0.,-1.,0.));
#5075=DIRECTION('ref_axis',(-1.,0.,0.));
#5076=DIRECTION('',(0.,0.,-1.));
#5077=DIRECTION('',(-1.,0.,0.));
#5078=DIRECTION('center_axis',(-1.,0.,0.));
#5079=DIRECTION('ref_axis',(0.,1.,0.));
#5080=DIRECTION('',(0.,-1.,0.));
#5081=DIRECTION('center_axis',(-1.,0.,0.));
#5082=DIRECTION('ref_axis',(0.,1.,4.44089209850064E-15));
#5083=DIRECTION('',(0.,0.,-1.));
#5084=DIRECTION('center_axis',(-1.,0.,0.));
#5085=DIRECTION('ref_axis',(0.,1.,0.));
#5086=DIRECTION('center_axis',(0.,0.,1.));
#5087=DIRECTION('ref_axis',(1.,0.,0.));
#5088=DIRECTION('center_axis',(0.,0.,1.));
#5089=DIRECTION('ref_axis',(-1.,0.,0.));
#5090=DIRECTION('',(-1.,0.,0.));
#5091=DIRECTION('center_axis',(-1.,0.,0.));
#5092=DIRECTION('ref_axis',(0.,1.,0.));
#5093=DIRECTION('center_axis',(-1.,0.,0.));
#5094=DIRECTION('ref_axis',(0.,1.,0.));
#5095=DIRECTION('',(1.,-1.11022302462516E-15,0.));
#5096=DIRECTION('center_axis',(1.11022302462516E-15,1.,0.));
#5097=DIRECTION('ref_axis',(1.,-1.11022302462516E-15,0.));
#5098=DIRECTION('center_axis',(7.85046229341887E-16,-0.707106781186548,
-0.707106781186548));
#5099=DIRECTION('ref_axis',(-1.,0.,-1.11022302462516E-15));
#5100=DIRECTION('',(-1.,6.79815536723445E-32,-1.11022302462516E-15));
#5101=DIRECTION('',(-0.577350269189626,0.577350269189626,-0.577350269189626));
#5102=DIRECTION('',(1.,-6.79815536723445E-32,1.11022302462516E-15));
#5103=DIRECTION('',(0.577350269189628,0.577350269189628,-0.577350269189622));
#5104=DIRECTION('center_axis',(-0.707106781186548,-0.707106781186548,-4.32978028117747E-17));
#5105=DIRECTION('ref_axis',(-6.12323399573677E-17,0.,1.));
#5106=DIRECTION('',(0.,-6.12323399573677E-17,1.));
#5107=DIRECTION('',(-0.577350269189626,0.577350269189626,0.577350269189626));
#5108=DIRECTION('',(0.,6.12323399573677E-17,-1.));
#5109=DIRECTION('center_axis',(0.,-0.707106781186548,0.707106781186548));
#5110=DIRECTION('ref_axis',(1.,0.,0.));
#5111=DIRECTION('',(1.,0.,0.));
#5112=DIRECTION('',(0.577350269189626,0.577350269189626,0.577350269189626));
#5113=DIRECTION('',(-1.,0.,0.));
#5114=DIRECTION('center_axis',(0.707106781186548,-0.707106781186548,-4.32978028117747E-17));
#5115=DIRECTION('ref_axis',(-6.12323399573677E-17,0.,-1.));
#5116=DIRECTION('',(0.,-6.12323399573677E-17,1.));
#5117=DIRECTION('',(0.,6.12323399573677E-17,-1.));
#5118=DIRECTION('center_axis',(1.,0.,0.));
#5119=DIRECTION('ref_axis',(0.,-1.,0.));
#5120=DIRECTION('',(0.,-1.,0.));
#5121=DIRECTION('center_axis',(-1.,0.,0.));
#5122=DIRECTION('ref_axis',(0.,1.,0.));
#5123=DIRECTION('',(0.,0.,-1.));
#5124=DIRECTION('',(0.,1.,0.));
#5125=DIRECTION('',(0.,0.,-1.));
#5126=DIRECTION('center_axis',(-1.,0.,0.));
#5127=DIRECTION('ref_axis',(0.,1.,4.44089209850064E-15));
#5128=DIRECTION('',(0.,-1.,0.));
#5129=DIRECTION('center_axis',(1.11022302462516E-15,0.,-1.));
#5130=DIRECTION('ref_axis',(1.,-6.79815536723445E-32,1.11022302462516E-15));
#5131=DIRECTION('',(0.,-1.,0.));
#5132=DIRECTION('',(1.,-6.79815536723445E-32,1.11022302462516E-15));
#5133=DIRECTION('center_axis',(0.,1.,6.12323399573677E-17));
#5134=DIRECTION('ref_axis',(1.,0.,0.));
#5135=DIRECTION('center_axis',(-0.707106781186547,0.,0.707106781186548));
#5136=DIRECTION('ref_axis',(0.707106781186548,0.,0.707106781186547));
#5137=DIRECTION('',(0.,-1.,0.));
#5138=DIRECTION('',(0.577350269189626,0.577350269189626,0.577350269189626));
#5139=DIRECTION('',(0.,1.,0.));
#5140=DIRECTION('',(0.577350269189626,-0.577350269189626,0.577350269189626));
#5141=DIRECTION('center_axis',(0.,-0.707106781186547,0.707106781186548));
#5142=DIRECTION('ref_axis',(1.,0.,0.));
#5143=DIRECTION('',(1.,0.,0.));
#5144=DIRECTION('',(-0.577350269189626,0.577350269189626,0.577350269189626));
#5145=DIRECTION('',(-1.,0.,0.));
#5146=DIRECTION('center_axis',(7.85046229341887E-16,0.707106781186547,0.707106781186548));
#5147=DIRECTION('ref_axis',(1.,0.,-1.11022302462515E-15));
#5148=DIRECTION('',(1.,-1.11022302462516E-15,0.));
#5149=DIRECTION('',(0.577350269189626,0.577350269189626,-0.577350269189626));
#5150=DIRECTION('',(-1.,1.11022302462516E-15,0.));
#5151=DIRECTION('center_axis',(0.707106781186547,0.,0.707106781186548));
#5152=DIRECTION('ref_axis',(0.707106781186548,0.,-0.707106781186547));
#5153=DIRECTION('',(0.,-1.,0.));
#5154=DIRECTION('center_axis',(0.,-1.,0.));
#5155=DIRECTION('ref_axis',(-1.,0.,0.));
#5156=DIRECTION('',(0.,0.,-1.));
#5157=DIRECTION('',(-1.,0.,0.));
#5158=DIRECTION('center_axis',(-1.,0.,0.));
#5159=DIRECTION('ref_axis',(0.,1.,0.));
#5160=DIRECTION('',(0.,-1.,0.));
#5161=DIRECTION('center_axis',(-1.,0.,0.));
#5162=DIRECTION('ref_axis',(0.,1.,4.44089209850064E-15));
#5163=DIRECTION('',(0.,0.,-1.));
#5164=DIRECTION('center_axis',(-1.,0.,0.));
#5165=DIRECTION('ref_axis',(0.,1.,0.));
#5166=DIRECTION('center_axis',(0.,0.,1.));
#5167=DIRECTION('ref_axis',(1.,0.,0.));
#5168=DIRECTION('center_axis',(0.,0.,1.));
#5169=DIRECTION('ref_axis',(-1.,0.,0.));
#5170=DIRECTION('',(-1.,0.,0.));
#5171=DIRECTION('center_axis',(-1.,0.,0.));
#5172=DIRECTION('ref_axis',(0.,1.,0.));
#5173=DIRECTION('center_axis',(-1.,0.,0.));
#5174=DIRECTION('ref_axis',(0.,1.,0.));
#5175=DIRECTION('',(1.,-1.11022302462516E-15,0.));
#5176=DIRECTION('center_axis',(1.11022302462516E-15,1.,0.));
#5177=DIRECTION('ref_axis',(1.,-1.11022302462516E-15,0.));
#5178=DIRECTION('center_axis',(7.85046229341887E-16,-0.707106781186548,
-0.707106781186548));
#5179=DIRECTION('ref_axis',(-1.,0.,-1.11022302462516E-15));
#5180=DIRECTION('',(-1.,6.79815536723445E-32,-1.11022302462516E-15));
#5181=DIRECTION('',(-0.577350269189626,0.577350269189626,-0.577350269189626));
#5182=DIRECTION('',(1.,-6.79815536723445E-32,1.11022302462516E-15));
#5183=DIRECTION('',(0.577350269189628,0.577350269189628,-0.577350269189622));
#5184=DIRECTION('center_axis',(-0.707106781186548,-0.707106781186548,-4.32978028117747E-17));
#5185=DIRECTION('ref_axis',(-6.12323399573677E-17,0.,1.));
#5186=DIRECTION('',(0.,-6.12323399573677E-17,1.));
#5187=DIRECTION('',(-0.577350269189626,0.577350269189626,0.577350269189626));
#5188=DIRECTION('',(0.,6.12323399573677E-17,-1.));
#5189=DIRECTION('center_axis',(0.,-0.707106781186548,0.707106781186548));
#5190=DIRECTION('ref_axis',(1.,0.,0.));
#5191=DIRECTION('',(1.,0.,0.));
#5192=DIRECTION('',(0.577350269189626,0.577350269189626,0.577350269189626));
#5193=DIRECTION('',(-1.,0.,0.));
#5194=DIRECTION('center_axis',(0.707106781186548,-0.707106781186548,-4.32978028117747E-17));
#5195=DIRECTION('ref_axis',(-6.12323399573677E-17,0.,-1.));
#5196=DIRECTION('',(0.,-6.12323399573677E-17,1.));
#5197=DIRECTION('',(0.,6.12323399573677E-17,-1.));
#5198=DIRECTION('center_axis',(1.,0.,0.));
#5199=DIRECTION('ref_axis',(0.,-1.,0.));
#5200=DIRECTION('',(0.,-1.,0.));
#5201=DIRECTION('center_axis',(-1.,0.,0.));
#5202=DIRECTION('ref_axis',(0.,1.,0.));
#5203=DIRECTION('',(0.,0.,-1.));
#5204=DIRECTION('',(0.,1.,0.));
#5205=DIRECTION('',(0.,0.,-1.));
#5206=DIRECTION('center_axis',(-1.,0.,0.));
#5207=DIRECTION('ref_axis',(0.,1.,4.44089209850064E-15));
#5208=DIRECTION('',(0.,-1.,0.));
#5209=DIRECTION('center_axis',(1.11022302462516E-15,0.,-1.));
#5210=DIRECTION('ref_axis',(1.,-6.79815536723445E-32,1.11022302462516E-15));
#5211=DIRECTION('',(0.,-1.,0.));
#5212=DIRECTION('',(1.,-6.79815536723445E-32,1.11022302462516E-15));
#5213=DIRECTION('center_axis',(0.,1.,6.12323399573677E-17));
#5214=DIRECTION('ref_axis',(1.,0.,0.));
#5215=DIRECTION('center_axis',(-0.707106781186547,0.,0.707106781186548));
#5216=DIRECTION('ref_axis',(0.707106781186548,0.,0.707106781186547));
#5217=DIRECTION('',(0.,-1.,0.));
#5218=DIRECTION('',(0.577350269189626,0.577350269189626,0.577350269189626));
#5219=DIRECTION('',(0.,1.,0.));
#5220=DIRECTION('',(0.577350269189626,-0.577350269189626,0.577350269189626));
#5221=DIRECTION('center_axis',(0.,-0.707106781186547,0.707106781186548));
#5222=DIRECTION('ref_axis',(1.,0.,0.));
#5223=DIRECTION('',(1.,0.,0.));
#5224=DIRECTION('',(-0.577350269189626,0.577350269189626,0.577350269189626));
#5225=DIRECTION('',(-1.,0.,0.));
#5226=DIRECTION('center_axis',(7.85046229341887E-16,0.707106781186547,0.707106781186548));
#5227=DIRECTION('ref_axis',(1.,0.,-1.11022302462515E-15));
#5228=DIRECTION('',(1.,-1.11022302462516E-15,0.));
#5229=DIRECTION('',(0.577350269189626,0.577350269189626,-0.577350269189626));
#5230=DIRECTION('',(-1.,1.11022302462516E-15,0.));
#5231=DIRECTION('center_axis',(0.707106781186547,0.,0.707106781186548));
#5232=DIRECTION('ref_axis',(0.707106781186548,0.,-0.707106781186547));
#5233=DIRECTION('',(0.,-1.,0.));
#5234=DIRECTION('center_axis',(0.,-1.,0.));
#5235=DIRECTION('ref_axis',(-1.,0.,0.));
#5236=DIRECTION('',(0.,0.,-1.));
#5237=DIRECTION('',(-1.,0.,0.));
#5238=DIRECTION('center_axis',(-1.,0.,0.));
#5239=DIRECTION('ref_axis',(0.,1.,0.));
#5240=DIRECTION('',(0.,-1.,0.));
#5241=DIRECTION('center_axis',(-1.,0.,0.));
#5242=DIRECTION('ref_axis',(0.,1.,4.44089209850064E-15));
#5243=DIRECTION('',(0.,0.,-1.));
#5244=DIRECTION('center_axis',(-1.,0.,0.));
#5245=DIRECTION('ref_axis',(0.,1.,0.));
#5246=DIRECTION('center_axis',(0.,0.,1.));
#5247=DIRECTION('ref_axis',(1.,0.,0.));
#5248=DIRECTION('center_axis',(0.,0.,1.));
#5249=DIRECTION('ref_axis',(-1.,0.,0.));
#5250=DIRECTION('',(-1.,0.,0.));
#5251=DIRECTION('center_axis',(-1.,0.,0.));
#5252=DIRECTION('ref_axis',(0.,1.,0.));
#5253=DIRECTION('center_axis',(-1.,0.,0.));
#5254=DIRECTION('ref_axis',(0.,1.,0.));
#5255=DIRECTION('',(1.,-1.11022302462516E-15,0.));
#5256=DIRECTION('center_axis',(1.11022302462516E-15,1.,0.));
#5257=DIRECTION('ref_axis',(1.,-1.11022302462516E-15,0.));
#5258=DIRECTION('center_axis',(7.85046229341887E-16,-0.707106781186548,
-0.707106781186548));
#5259=DIRECTION('ref_axis',(-1.,0.,-1.11022302462516E-15));
#5260=DIRECTION('',(-1.,6.79815536723445E-32,-1.11022302462516E-15));
#5261=DIRECTION('',(-0.577350269189626,0.577350269189626,-0.577350269189626));
#5262=DIRECTION('',(1.,-6.79815536723445E-32,1.11022302462516E-15));
#5263=DIRECTION('',(0.577350269189628,0.577350269189628,-0.577350269189622));
#5264=DIRECTION('center_axis',(-0.707106781186548,-0.707106781186548,-4.32978028117747E-17));
#5265=DIRECTION('ref_axis',(-6.12323399573677E-17,0.,1.));
#5266=DIRECTION('',(0.,-6.12323399573677E-17,1.));
#5267=DIRECTION('',(-0.577350269189626,0.577350269189626,0.577350269189626));
#5268=DIRECTION('',(0.,6.12323399573677E-17,-1.));
#5269=DIRECTION('center_axis',(0.,-0.707106781186548,0.707106781186548));
#5270=DIRECTION('ref_axis',(1.,0.,0.));
#5271=DIRECTION('',(1.,0.,0.));
#5272=DIRECTION('',(0.577350269189626,0.577350269189626,0.577350269189626));
#5273=DIRECTION('',(-1.,0.,0.));
#5274=DIRECTION('center_axis',(0.707106781186548,-0.707106781186548,-4.32978028117747E-17));
#5275=DIRECTION('ref_axis',(-6.12323399573677E-17,0.,-1.));
#5276=DIRECTION('',(0.,-6.12323399573677E-17,1.));
#5277=DIRECTION('',(0.,6.12323399573677E-17,-1.));
#5278=DIRECTION('center_axis',(1.,0.,0.));
#5279=DIRECTION('ref_axis',(0.,-1.,0.));
#5280=DIRECTION('',(0.,-1.,0.));
#5281=DIRECTION('center_axis',(-1.,0.,0.));
#5282=DIRECTION('ref_axis',(0.,1.,0.));
#5283=DIRECTION('',(0.,0.,-1.));
#5284=DIRECTION('',(0.,1.,0.));
#5285=DIRECTION('',(0.,0.,-1.));
#5286=DIRECTION('center_axis',(-1.,0.,0.));
#5287=DIRECTION('ref_axis',(0.,1.,4.44089209850064E-15));
#5288=DIRECTION('',(0.,-1.,0.));
#5289=DIRECTION('center_axis',(1.11022302462516E-15,0.,-1.));
#5290=DIRECTION('ref_axis',(1.,-6.79815536723445E-32,1.11022302462516E-15));
#5291=DIRECTION('',(0.,-1.,0.));
#5292=DIRECTION('',(1.,-6.79815536723445E-32,1.11022302462516E-15));
#5293=DIRECTION('center_axis',(0.,1.,6.12323399573677E-17));
#5294=DIRECTION('ref_axis',(1.,0.,0.));
#5295=DIRECTION('center_axis',(-0.707106781186547,0.,0.707106781186548));
#5296=DIRECTION('ref_axis',(0.707106781186548,0.,0.707106781186547));
#5297=DIRECTION('',(0.,-1.,0.));
#5298=DIRECTION('',(0.577350269189626,0.577350269189626,0.577350269189626));
#5299=DIRECTION('',(0.,1.,0.));
#5300=DIRECTION('',(0.577350269189626,-0.577350269189626,0.577350269189626));
#5301=DIRECTION('center_axis',(0.,-0.707106781186547,0.707106781186548));
#5302=DIRECTION('ref_axis',(1.,0.,0.));
#5303=DIRECTION('',(1.,0.,0.));
#5304=DIRECTION('',(-0.577350269189626,0.577350269189626,0.577350269189626));
#5305=DIRECTION('',(-1.,0.,0.));
#5306=DIRECTION('center_axis',(7.85046229341887E-16,0.707106781186547,0.707106781186548));
#5307=DIRECTION('ref_axis',(1.,0.,-1.11022302462515E-15));
#5308=DIRECTION('',(1.,-1.11022302462516E-15,0.));
#5309=DIRECTION('',(0.577350269189626,0.577350269189626,-0.577350269189626));
#5310=DIRECTION('',(-1.,1.11022302462516E-15,0.));
#5311=DIRECTION('center_axis',(0.707106781186547,0.,0.707106781186548));
#5312=DIRECTION('ref_axis',(0.707106781186548,0.,-0.707106781186547));
#5313=DIRECTION('',(0.,-1.,0.));
#5314=DIRECTION('center_axis',(0.,-1.,0.));
#5315=DIRECTION('ref_axis',(-1.,0.,0.));
#5316=DIRECTION('',(0.,0.,-1.));
#5317=DIRECTION('',(-1.,0.,0.));
#5318=DIRECTION('center_axis',(-1.,0.,0.));
#5319=DIRECTION('ref_axis',(0.,1.,0.));
#5320=DIRECTION('',(0.,-1.,0.));
#5321=DIRECTION('center_axis',(-1.,0.,0.));
#5322=DIRECTION('ref_axis',(0.,1.,4.44089209850064E-15));
#5323=DIRECTION('',(0.,0.,-1.));
#5324=DIRECTION('center_axis',(-1.,0.,0.));
#5325=DIRECTION('ref_axis',(0.,1.,0.));
#5326=DIRECTION('center_axis',(0.,0.,1.));
#5327=DIRECTION('ref_axis',(1.,0.,0.));
#5328=DIRECTION('center_axis',(0.,0.,1.));
#5329=DIRECTION('ref_axis',(-1.,0.,0.));
#5330=DIRECTION('',(-1.,0.,0.));
#5331=DIRECTION('center_axis',(-1.,0.,0.));
#5332=DIRECTION('ref_axis',(0.,1.,0.));
#5333=DIRECTION('center_axis',(-1.,0.,0.));
#5334=DIRECTION('ref_axis',(0.,1.,0.));
#5335=DIRECTION('',(1.,-1.11022302462516E-15,0.));
#5336=DIRECTION('center_axis',(1.11022302462516E-15,1.,0.));
#5337=DIRECTION('ref_axis',(1.,-1.11022302462516E-15,0.));
#5338=DIRECTION('center_axis',(7.85046229341887E-16,-0.707106781186548,
-0.707106781186548));
#5339=DIRECTION('ref_axis',(-1.,0.,-1.11022302462516E-15));
#5340=DIRECTION('',(-1.,6.79815536723445E-32,-1.11022302462516E-15));
#5341=DIRECTION('',(-0.577350269189626,0.577350269189626,-0.577350269189626));
#5342=DIRECTION('',(1.,-6.79815536723445E-32,1.11022302462516E-15));
#5343=DIRECTION('',(0.577350269189628,0.577350269189628,-0.577350269189622));
#5344=DIRECTION('center_axis',(-0.707106781186548,-0.707106781186548,-4.32978028117747E-17));
#5345=DIRECTION('ref_axis',(-6.12323399573677E-17,0.,1.));
#5346=DIRECTION('',(0.,-6.12323399573677E-17,1.));
#5347=DIRECTION('',(-0.577350269189626,0.577350269189626,0.577350269189626));
#5348=DIRECTION('',(0.,6.12323399573677E-17,-1.));
#5349=DIRECTION('center_axis',(0.,-0.707106781186548,0.707106781186548));
#5350=DIRECTION('ref_axis',(1.,0.,0.));
#5351=DIRECTION('',(1.,0.,0.));
#5352=DIRECTION('',(0.577350269189626,0.577350269189626,0.577350269189626));
#5353=DIRECTION('',(-1.,0.,0.));
#5354=DIRECTION('center_axis',(0.707106781186548,-0.707106781186548,-4.32978028117747E-17));
#5355=DIRECTION('ref_axis',(-6.12323399573677E-17,0.,-1.));
#5356=DIRECTION('',(0.,-6.12323399573677E-17,1.));
#5357=DIRECTION('',(0.,6.12323399573677E-17,-1.));
#5358=DIRECTION('center_axis',(1.,0.,0.));
#5359=DIRECTION('ref_axis',(0.,-1.,0.));
#5360=DIRECTION('',(0.,-1.,0.));
#5361=DIRECTION('center_axis',(-1.,0.,0.));
#5362=DIRECTION('ref_axis',(0.,1.,0.));
#5363=DIRECTION('',(0.,0.,-1.));
#5364=DIRECTION('',(0.,1.,0.));
#5365=DIRECTION('',(0.,0.,-1.));
#5366=DIRECTION('center_axis',(-1.,0.,0.));
#5367=DIRECTION('ref_axis',(0.,1.,4.44089209850064E-15));
#5368=DIRECTION('',(0.,-1.,0.));
#5369=DIRECTION('center_axis',(1.11022302462516E-15,0.,-1.));
#5370=DIRECTION('ref_axis',(1.,-6.79815536723445E-32,1.11022302462516E-15));
#5371=DIRECTION('',(0.,-1.,0.));
#5372=DIRECTION('',(1.,-6.79815536723445E-32,1.11022302462516E-15));
#5373=DIRECTION('center_axis',(0.,1.,6.12323399573677E-17));
#5374=DIRECTION('ref_axis',(1.,0.,0.));
#5375=DIRECTION('center_axis',(-0.707106781186547,0.,0.707106781186548));
#5376=DIRECTION('ref_axis',(0.707106781186548,0.,0.707106781186547));
#5377=DIRECTION('',(0.,-1.,0.));
#5378=DIRECTION('',(0.577350269189626,0.577350269189626,0.577350269189626));
#5379=DIRECTION('',(0.,1.,0.));
#5380=DIRECTION('',(0.577350269189626,-0.577350269189626,0.577350269189626));
#5381=DIRECTION('center_axis',(0.,-0.707106781186547,0.707106781186548));
#5382=DIRECTION('ref_axis',(1.,0.,0.));
#5383=DIRECTION('',(1.,0.,0.));
#5384=DIRECTION('',(-0.577350269189626,0.577350269189626,0.577350269189626));
#5385=DIRECTION('',(-1.,0.,0.));
#5386=DIRECTION('center_axis',(7.85046229341887E-16,0.707106781186547,0.707106781186548));
#5387=DIRECTION('ref_axis',(1.,0.,-1.11022302462515E-15));
#5388=DIRECTION('',(1.,-1.11022302462516E-15,0.));
#5389=DIRECTION('',(0.577350269189626,0.577350269189626,-0.577350269189626));
#5390=DIRECTION('',(-1.,1.11022302462516E-15,0.));
#5391=DIRECTION('center_axis',(0.707106781186547,0.,0.707106781186548));
#5392=DIRECTION('ref_axis',(0.707106781186548,0.,-0.707106781186547));
#5393=DIRECTION('',(0.,-1.,0.));
#5394=DIRECTION('center_axis',(0.,-1.,0.));
#5395=DIRECTION('ref_axis',(-1.,0.,0.));
#5396=DIRECTION('',(0.,0.,-1.));
#5397=DIRECTION('',(-1.,0.,0.));
#5398=DIRECTION('center_axis',(-1.,0.,0.));
#5399=DIRECTION('ref_axis',(0.,1.,0.));
#5400=DIRECTION('',(0.,-1.,0.));
#5401=DIRECTION('center_axis',(-1.,0.,0.));
#5402=DIRECTION('ref_axis',(0.,1.,4.44089209850064E-15));
#5403=DIRECTION('',(0.,0.,-1.));
#5404=DIRECTION('center_axis',(-1.,0.,0.));
#5405=DIRECTION('ref_axis',(0.,1.,0.));
#5406=DIRECTION('center_axis',(0.,0.,1.));
#5407=DIRECTION('ref_axis',(1.,0.,0.));
#5408=DIRECTION('center_axis',(0.,0.,1.));
#5409=DIRECTION('ref_axis',(-1.,0.,0.));
#5410=DIRECTION('',(-1.,0.,0.));
#5411=DIRECTION('center_axis',(-1.,0.,0.));
#5412=DIRECTION('ref_axis',(0.,1.,0.));
#5413=DIRECTION('center_axis',(-1.,0.,0.));
#5414=DIRECTION('ref_axis',(0.,1.,0.));
#5415=DIRECTION('',(1.,-1.11022302462516E-15,0.));
#5416=DIRECTION('center_axis',(1.11022302462516E-15,1.,0.));
#5417=DIRECTION('ref_axis',(1.,-1.11022302462516E-15,0.));
#5418=DIRECTION('center_axis',(7.85046229341887E-16,-0.707106781186548,
-0.707106781186548));
#5419=DIRECTION('ref_axis',(-1.,0.,-1.11022302462516E-15));
#5420=DIRECTION('',(-1.,6.79815536723445E-32,-1.11022302462516E-15));
#5421=DIRECTION('',(-0.577350269189626,0.577350269189626,-0.577350269189626));
#5422=DIRECTION('',(1.,-6.79815536723445E-32,1.11022302462516E-15));
#5423=DIRECTION('',(0.577350269189628,0.577350269189628,-0.577350269189622));
#5424=DIRECTION('center_axis',(-0.707106781186548,-0.707106781186548,-4.32978028117747E-17));
#5425=DIRECTION('ref_axis',(-6.12323399573677E-17,0.,1.));
#5426=DIRECTION('',(0.,-6.12323399573677E-17,1.));
#5427=DIRECTION('',(-0.577350269189626,0.577350269189626,0.577350269189626));
#5428=DIRECTION('',(0.,6.12323399573677E-17,-1.));
#5429=DIRECTION('center_axis',(0.,-0.707106781186548,0.707106781186548));
#5430=DIRECTION('ref_axis',(1.,0.,0.));
#5431=DIRECTION('',(1.,0.,0.));
#5432=DIRECTION('',(0.577350269189626,0.577350269189626,0.577350269189626));
#5433=DIRECTION('',(-1.,0.,0.));
#5434=DIRECTION('center_axis',(0.707106781186548,-0.707106781186548,-4.32978028117747E-17));
#5435=DIRECTION('ref_axis',(-6.12323399573677E-17,0.,-1.));
#5436=DIRECTION('',(0.,-6.12323399573677E-17,1.));
#5437=DIRECTION('',(0.,6.12323399573677E-17,-1.));
#5438=DIRECTION('center_axis',(1.,0.,0.));
#5439=DIRECTION('ref_axis',(0.,-1.,0.));
#5440=DIRECTION('',(0.,-1.,0.));
#5441=DIRECTION('center_axis',(-1.,0.,0.));
#5442=DIRECTION('ref_axis',(0.,1.,0.));
#5443=DIRECTION('',(0.,0.,-1.));
#5444=DIRECTION('',(0.,1.,0.));
#5445=DIRECTION('',(0.,0.,-1.));
#5446=DIRECTION('center_axis',(-1.,0.,0.));
#5447=DIRECTION('ref_axis',(0.,1.,4.44089209850064E-15));
#5448=DIRECTION('',(0.,-1.,0.));
#5449=DIRECTION('center_axis',(1.11022302462516E-15,0.,-1.));
#5450=DIRECTION('ref_axis',(1.,-6.79815536723445E-32,1.11022302462516E-15));
#5451=DIRECTION('',(0.,-1.,0.));
#5452=DIRECTION('',(1.,-6.79815536723445E-32,1.11022302462516E-15));
#5453=DIRECTION('center_axis',(0.,1.,6.12323399573677E-17));
#5454=DIRECTION('ref_axis',(1.,0.,0.));
#5455=DIRECTION('center_axis',(-0.707106781186547,0.,0.707106781186548));
#5456=DIRECTION('ref_axis',(0.707106781186548,0.,0.707106781186547));
#5457=DIRECTION('',(0.,-1.,0.));
#5458=DIRECTION('',(0.577350269189626,0.577350269189626,0.577350269189626));
#5459=DIRECTION('',(0.,1.,0.));
#5460=DIRECTION('',(0.577350269189626,-0.577350269189626,0.577350269189626));
#5461=DIRECTION('center_axis',(0.,-0.707106781186547,0.707106781186548));
#5462=DIRECTION('ref_axis',(1.,0.,0.));
#5463=DIRECTION('',(1.,0.,0.));
#5464=DIRECTION('',(-0.577350269189626,0.577350269189626,0.577350269189626));
#5465=DIRECTION('',(-1.,0.,0.));
#5466=DIRECTION('center_axis',(7.85046229341887E-16,0.707106781186547,0.707106781186548));
#5467=DIRECTION('ref_axis',(1.,0.,-1.11022302462515E-15));
#5468=DIRECTION('',(1.,-1.11022302462516E-15,0.));
#5469=DIRECTION('',(0.577350269189626,0.577350269189626,-0.577350269189626));
#5470=DIRECTION('',(-1.,1.11022302462516E-15,0.));
#5471=DIRECTION('center_axis',(0.707106781186547,0.,0.707106781186548));
#5472=DIRECTION('ref_axis',(0.707106781186548,0.,-0.707106781186547));
#5473=DIRECTION('',(0.,-1.,0.));
#5474=DIRECTION('center_axis',(0.,-1.,0.));
#5475=DIRECTION('ref_axis',(-1.,0.,0.));
#5476=DIRECTION('',(0.,0.,-1.));
#5477=DIRECTION('',(-1.,0.,0.));
#5478=DIRECTION('center_axis',(-1.,0.,0.));
#5479=DIRECTION('ref_axis',(0.,1.,0.));
#5480=DIRECTION('',(0.,-1.,0.));
#5481=DIRECTION('center_axis',(-1.,0.,0.));
#5482=DIRECTION('ref_axis',(0.,1.,4.44089209850064E-15));
#5483=DIRECTION('',(0.,0.,-1.));
#5484=DIRECTION('center_axis',(-1.,0.,0.));
#5485=DIRECTION('ref_axis',(0.,1.,0.));
#5486=DIRECTION('center_axis',(0.,0.,1.));
#5487=DIRECTION('ref_axis',(1.,0.,0.));
#5488=DIRECTION('center_axis',(0.,0.,1.));
#5489=DIRECTION('ref_axis',(-1.,0.,0.));
#5490=DIRECTION('',(-1.,0.,0.));
#5491=DIRECTION('center_axis',(-1.,0.,0.));
#5492=DIRECTION('ref_axis',(0.,1.,0.));
#5493=DIRECTION('center_axis',(-1.,0.,0.));
#5494=DIRECTION('ref_axis',(0.,1.,0.));
#5495=DIRECTION('',(1.,-1.11022302462516E-15,0.));
#5496=DIRECTION('center_axis',(1.11022302462516E-15,1.,0.));
#5497=DIRECTION('ref_axis',(1.,-1.11022302462516E-15,0.));
#5498=CARTESIAN_POINT('',(0.,0.,0.));
#5499=CARTESIAN_POINT('Origin',(7.95,2.5,-2.));
#5500=CARTESIAN_POINT('',(7.35,2.5,0.));
#5501=CARTESIAN_POINT('',(7.35,2.5,-2.));
#5502=CARTESIAN_POINT('',(7.35,2.5,-2.5));
#5503=CARTESIAN_POINT('',(7.95,2.5,0.));
#5504=CARTESIAN_POINT('',(3.975,2.5,0.));
#5505=CARTESIAN_POINT('',(7.95,2.5,-2.));
#5506=CARTESIAN_POINT('',(7.95,2.5,-2.5));
#5507=CARTESIAN_POINT('',(7.95,2.5,-2.));
#5508=CARTESIAN_POINT('Origin',(7.95,3.5,-2.));
#5509=CARTESIAN_POINT('',(7.35,3.5,-2.));
#5510=CARTESIAN_POINT('',(7.35,2.95,-2.));
#5511=CARTESIAN_POINT('',(7.95,3.5,-2.));
#5512=CARTESIAN_POINT('',(7.95,2.95,-2.));
#5513=CARTESIAN_POINT('',(7.95,3.5,-2.));
#5514=CARTESIAN_POINT('Origin',(7.95,3.5,0.));
#5515=CARTESIAN_POINT('',(7.35,3.5,-3.37037740267766E-32));
#5516=CARTESIAN_POINT('',(7.35,3.5,-1.5));
#5517=CARTESIAN_POINT('',(7.95,3.5,0.));
#5518=CARTESIAN_POINT('',(7.95,3.5,-1.5));
#5519=CARTESIAN_POINT('',(3.975,3.5,-3.37037740267766E-32));
#5520=CARTESIAN_POINT('Origin',(7.95,3.5,0.));
#5521=CARTESIAN_POINT('',(-7.35,3.5,-3.37037740267766E-32));
#5522=CARTESIAN_POINT('',(-7.35,3.5,-2.));
#5523=CARTESIAN_POINT('',(-7.35,3.5,-1.5));
#5524=CARTESIAN_POINT('',(-7.95,3.5,-3.37037740267766E-32));
#5525=CARTESIAN_POINT('',(3.975,3.5,-3.37037740267766E-32));
#5526=CARTESIAN_POINT('',(-7.95,3.5,-2.));
#5527=CARTESIAN_POINT('',(-7.95,3.5,-1.5));
#5528=CARTESIAN_POINT('',(7.95,3.5,-2.));
#5529=CARTESIAN_POINT('Origin',(7.95,3.5,-2.));
#5530=CARTESIAN_POINT('',(-7.35,2.5,-2.));
#5531=CARTESIAN_POINT('',(-7.35,2.95,-2.));
#5532=CARTESIAN_POINT('',(-7.95,2.5,-2.));
#5533=CARTESIAN_POINT('',(-7.95,2.95,-2.));
#5534=CARTESIAN_POINT('',(7.95,2.5,-2.));
#5535=CARTESIAN_POINT('Origin',(7.95,2.5,-2.));
#5536=CARTESIAN_POINT('',(-7.35,2.5,0.));
#5537=CARTESIAN_POINT('',(-7.35,2.5,-2.5));
#5538=CARTESIAN_POINT('',(-7.95,2.5,-2.40741243048404E-32));
#5539=CARTESIAN_POINT('',(-7.95,2.5,-2.5));
#5540=CARTESIAN_POINT('',(3.975,2.5,0.));
#5541=CARTESIAN_POINT('Origin',(-7.95,2.4,-3.));
#5542=CARTESIAN_POINT('',(-7.95,4.8,0.));
#5543=CARTESIAN_POINT('',(-7.95,0.,0.));
#5544=CARTESIAN_POINT('',(-7.95,4.8,-6.));
#5545=CARTESIAN_POINT('',(-7.95,4.8,-4.62223186652937E-32));
#5546=CARTESIAN_POINT('',(-7.95,3.3,-6.00000000000001));
#5547=CARTESIAN_POINT('',(-7.95,4.8,-6.));
#5548=CARTESIAN_POINT('',(-7.95,2.5,-7.59999999999999));
#5549=CARTESIAN_POINT('',(-7.95,3.3,-6.00000000000001));
#5550=CARTESIAN_POINT('',(-7.95,-1.39609735102798E-15,-7.6));
#5551=CARTESIAN_POINT('',(-7.95,2.5,-7.59999999999999));
#5552=CARTESIAN_POINT('',(-7.95,0.,0.));
#5553=CARTESIAN_POINT('',(-7.95,-1.39609735102798E-15,-7.6));
#5554=CARTESIAN_POINT('',(-7.95,0.,0.));
#5555=CARTESIAN_POINT('Origin',(0.,4.8,-4.62223186652937E-32));
#5556=CARTESIAN_POINT('',(-7.35,4.2,-1.34815096107107E-32));
#5557=CARTESIAN_POINT('',(-7.35,3.6,0.));
#5558=CARTESIAN_POINT('',(-5.15,4.2,-6.72542784167023E-16));
#5559=CARTESIAN_POINT('',(0.,4.2,0.));
#5560=CARTESIAN_POINT('',(-5.15,4.8,-6.72542784167023E-16));
#5561=CARTESIAN_POINT('',(-5.15,4.8,0.));
#5562=CARTESIAN_POINT('',(0.,4.8,-4.62223186652937E-32));
#5563=CARTESIAN_POINT('Origin',(0.,4.8,-4.62223186652937E-32));
#5564=CARTESIAN_POINT('',(7.95,4.8,0.));
#5565=CARTESIAN_POINT('',(7.95,0.,0.));
#5566=CARTESIAN_POINT('',(5.15,4.8,-6.72542784167023E-16));
#5567=CARTESIAN_POINT('',(0.,4.8,-4.62223186652937E-32));
#5568=CARTESIAN_POINT('',(5.15,4.2,-6.72542784167023E-16));
#5569=CARTESIAN_POINT('',(5.15,4.8,0.));
#5570=CARTESIAN_POINT('',(7.35,4.2,-1.34815096107107E-32));
#5571=CARTESIAN_POINT('',(0.,4.2,0.));
#5572=CARTESIAN_POINT('',(7.35,3.6,0.));
#5573=CARTESIAN_POINT('Origin',(7.35,2.4,-3.));
#5574=CARTESIAN_POINT('',(7.35,4.2,-3.57734173766289));
#5575=CARTESIAN_POINT('',(7.35,4.2,-4.5));
#5576=CARTESIAN_POINT('',(7.35,3.8,-3.57734173766289));
#5577=CARTESIAN_POINT('',(7.35,3.6,-3.57734173766289));
#5578=CARTESIAN_POINT('',(7.35,3.8,-5.4));
#5579=CARTESIAN_POINT('',(7.35,3.8,-4.39231598626968));
#5580=CARTESIAN_POINT('',(7.35,0.8,-5.40000000000002));
#5581=CARTESIAN_POINT('',(7.35,1.2,-5.40000000000001));
#5582=CARTESIAN_POINT('',(7.35,0.8,2.69630192214213E-32));
#5583=CARTESIAN_POINT('',(7.35,0.8,-1.5));
#5584=CARTESIAN_POINT('',(7.35,3.6,0.));
#5585=CARTESIAN_POINT('Origin',(-5.15,4.8,-4.));
#5586=CARTESIAN_POINT('',(-5.15,4.2,-4.));
#5587=CARTESIAN_POINT('',(-5.15,4.2,-5.));
#5588=CARTESIAN_POINT('',(-5.15,4.8,-4.));
#5589=CARTESIAN_POINT('',(-5.15,4.8,-4.));
#5590=CARTESIAN_POINT('',(-5.15,4.8,-5.));
#5591=CARTESIAN_POINT('Origin',(-7.45,4.8,-3.57734173766289));
#5592=CARTESIAN_POINT('',(-7.35,3.8,-3.57734173766289));
#5593=CARTESIAN_POINT('',(-7.35,4.2,-3.57734173766289));
#5594=CARTESIAN_POINT('',(-7.35,3.6,-3.57734173766289));
#5595=CARTESIAN_POINT('',(-7.45,3.8,-3.57734173766289));
#5596=CARTESIAN_POINT('',(-6.45,3.8,-3.57734173766289));
#5597=CARTESIAN_POINT('',(-7.45,4.8,-3.57734173766289));
#5598=CARTESIAN_POINT('',(-7.45,4.8,-3.57734173766289));
#5599=CARTESIAN_POINT('',(-6.45,4.8,-3.57734173766289));
#5600=CARTESIAN_POINT('',(-3.725,4.8,-3.57734173766289));
#5601=CARTESIAN_POINT('',(-6.45,4.2,-3.57734173766289));
#5602=CARTESIAN_POINT('',(-6.45,4.8,-3.57734173766289));
#5603=CARTESIAN_POINT('',(-3.725,4.2,-3.57734173766289));
#5604=CARTESIAN_POINT('Origin',(-7.45,4.8,-6.));
#5605=CARTESIAN_POINT('',(-7.45,4.8,-6.));
#5606=CARTESIAN_POINT('',(-7.45,4.8,-6.));
#5607=CARTESIAN_POINT('',(-7.45,3.8,-6.));
#5608=CARTESIAN_POINT('',(-7.45,3.8,-3.57734173766289));
#5609=CARTESIAN_POINT('',(-7.45,2.4,-6.00000000000001));
#5610=CARTESIAN_POINT('Origin',(-6.45,4.8,-3.57734173766289));
#5611=CARTESIAN_POINT('',(-6.45,4.2,-5.4));
#5612=CARTESIAN_POINT('',(-6.45,3.8,-5.4));
#5613=CARTESIAN_POINT('',(-6.45,2.4,-5.40000000000001));
#5614=CARTESIAN_POINT('',(-6.45,4.2,-4.78867086883145));
#5615=CARTESIAN_POINT('',(-6.45,4.8,-5.7999998435378));
#5616=CARTESIAN_POINT('',(-6.45,4.8,-4.78867086883145));
#5617=CARTESIAN_POINT('',(-6.45,3.8,-5.7999998435378));
#5618=CARTESIAN_POINT('',(-6.45,4.8,-5.7999998435378));
#5619=CARTESIAN_POINT('',(-6.45,3.8,-7.99192220741581));
#5620=CARTESIAN_POINT('Origin',(-6.95,3.8,-5.78463197253935));
#5621=CARTESIAN_POINT('',(-7.35,3.8,-5.4));
#5622=CARTESIAN_POINT('',(-7.35,3.8,-4.39231598626968));
#5623=CARTESIAN_POINT('',(-3.475,3.8,-5.4));
#5624=CARTESIAN_POINT('',(-6.6,3.8,-5.7999998435378));
#5625=CARTESIAN_POINT('',(-6.175,3.8,-5.7999998435378));
#5626=CARTESIAN_POINT('',(-6.60000000424683,3.8,-6.));
#5627=CARTESIAN_POINT('',(-6.60000000026622,3.8,-5.79231590197567));
#5628=CARTESIAN_POINT('',(-3.475,3.8,-6.));
#5629=CARTESIAN_POINT('Origin',(-5.4,4.8,-5.7999998435378));
#5630=CARTESIAN_POINT('',(-5.4,4.8,-5.7999998435378));
#5631=CARTESIAN_POINT('',(-2.7,4.8,-5.7999998435378));
#5632=CARTESIAN_POINT('',(-5.4,0.2,-5.79999984353781));
#5633=CARTESIAN_POINT('',(-5.4,4.8,-5.7999998435378));
#5634=CARTESIAN_POINT('',(-6.6,0.2,-5.79999984353781));
#5635=CARTESIAN_POINT('',(-6.375,0.2,-5.7999998435378));
#5636=CARTESIAN_POINT('',(-6.6,4.8,-5.7999998435378));
#5637=CARTESIAN_POINT('',(-5.74999999999977,2.85,-5.7999998435378));
#5638=CARTESIAN_POINT('',(-6.25000000000024,2.85,-5.7999998435378));
#5639=CARTESIAN_POINT('',(-5.57499999999989,2.85,-5.79999984353781));
#5640=CARTESIAN_POINT('',(-5.74999999999977,3.35,-5.7999998435378));
#5641=CARTESIAN_POINT('',(-5.74999999999977,4.075,-5.79999984353781));
#5642=CARTESIAN_POINT('',(-6.25000000000024,3.35,-5.7999998435378));
#5643=CARTESIAN_POINT('',(-5.82500000000012,3.35,-5.79999984353781));
#5644=CARTESIAN_POINT('',(-6.25000000000024,3.825,-5.79999984353781));
#5645=CARTESIAN_POINT('Origin',(0.,4.8,-6.));
#5646=CARTESIAN_POINT('',(5.15,4.8,-4.));
#5647=CARTESIAN_POINT('',(0.,4.8,-4.));
#5648=CARTESIAN_POINT('',(5.15,4.8,-5.));
#5649=CARTESIAN_POINT('',(7.95,4.8,-6.));
#5650=CARTESIAN_POINT('',(7.95,4.8,-4.62223186652937E-32));
#5651=CARTESIAN_POINT('',(7.45,4.8,-6.));
#5652=CARTESIAN_POINT('',(0.,4.8,-6.));
#5653=CARTESIAN_POINT('',(7.45,4.8,-3.57734173766289));
#5654=CARTESIAN_POINT('',(7.45,4.8,-6.));
#5655=CARTESIAN_POINT('',(6.45,4.8,-3.57734173766289));
#5656=CARTESIAN_POINT('',(3.725,4.8,-3.57734173766289));
#5657=CARTESIAN_POINT('',(6.45,4.8,-5.7999998435378));
#5658=CARTESIAN_POINT('',(6.45,4.8,-4.78867086883145));
#5659=CARTESIAN_POINT('',(5.4,4.8,-5.7999998435378));
#5660=CARTESIAN_POINT('',(3.3,4.8,-5.7999998435378));
#5661=CARTESIAN_POINT('',(5.40000000692904,4.8,-6.));
#5662=CARTESIAN_POINT('',(5.40000000346452,4.8,-5.89999982822685));
#5663=CARTESIAN_POINT('',(4.60000000424683,4.8,-6.));
#5664=CARTESIAN_POINT('',(0.,4.8,-6.));
#5665=CARTESIAN_POINT('',(4.6,4.8,-5.7999998435378));
#5666=CARTESIAN_POINT('',(4.60000000424683,4.8,-5.99999995116145));
#5667=CARTESIAN_POINT('',(3.4,4.8,-5.7999998435378));
#5668=CARTESIAN_POINT('',(2.3,4.8,-5.7999998435378));
#5669=CARTESIAN_POINT('',(3.40000000692904,4.8,-6.));
#5670=CARTESIAN_POINT('',(3.40000000346452,4.8,-5.89999986287205));
#5671=CARTESIAN_POINT('',(2.60000000424683,4.8,-6.));
#5672=CARTESIAN_POINT('',(0.,4.8,-6.));
#5673=CARTESIAN_POINT('',(2.6,4.8,-5.7999998435378));
#5674=CARTESIAN_POINT('',(2.60000000424683,4.8,-5.9999999723956));
#5675=CARTESIAN_POINT('',(1.4,4.8,-5.7999998435378));
#5676=CARTESIAN_POINT('',(1.3,4.8,-5.7999998435378));
#5677=CARTESIAN_POINT('',(1.40000000692904,4.8,-6.));
#5678=CARTESIAN_POINT('',(1.40000000346452,4.8,-5.89999989751726));
#5679=CARTESIAN_POINT('',(0.600000004246831,4.8,-6.));
#5680=CARTESIAN_POINT('',(0.,4.8,-6.));
#5681=CARTESIAN_POINT('',(0.599999999999997,4.8,-5.7999998435378));
#5682=CARTESIAN_POINT('',(0.600000004246831,4.8,-5.99999999362975));
#5683=CARTESIAN_POINT('',(-0.600000000000004,4.8,-5.7999998435378));
#5684=CARTESIAN_POINT('',(0.299999999999999,4.8,-5.7999998435378));
#5685=CARTESIAN_POINT('',(-0.599999993070958,4.8,-6.));
#5686=CARTESIAN_POINT('',(-0.59999999653548,4.8,-5.89999993216246));
#5687=CARTESIAN_POINT('',(-1.39999999575317,4.8,-6.));
#5688=CARTESIAN_POINT('',(0.,4.8,-6.));
#5689=CARTESIAN_POINT('',(-1.4,4.8,-5.7999998435378));
#5690=CARTESIAN_POINT('',(-1.39999999575317,4.8,-6.00000001486391));
#5691=CARTESIAN_POINT('',(-2.6,4.8,-5.7999998435378));
#5692=CARTESIAN_POINT('',(-0.700000000000002,4.8,-5.7999998435378));
#5693=CARTESIAN_POINT('',(-2.59999999307096,4.8,-6.));
#5694=CARTESIAN_POINT('',(-2.59999999653548,4.8,-5.89999996680767));
#5695=CARTESIAN_POINT('',(-3.39999999575317,4.8,-6.));
#5696=CARTESIAN_POINT('',(0.,4.8,-6.));
#5697=CARTESIAN_POINT('',(-3.4,4.8,-5.7999998435378));
#5698=CARTESIAN_POINT('',(-3.39999999575317,4.8,-6.00000003609806));
#5699=CARTESIAN_POINT('',(-4.6,4.8,-5.7999998435378));
#5700=CARTESIAN_POINT('',(-1.7,4.8,-5.7999998435378));
#5701=CARTESIAN_POINT('',(-4.59999999307096,4.8,-6.));
#5702=CARTESIAN_POINT('',(-4.59999999653548,4.8,-5.90000000145287));
#5703=CARTESIAN_POINT('',(-5.39999999575317,4.8,-6.));
#5704=CARTESIAN_POINT('',(0.,4.8,-6.));
#5705=CARTESIAN_POINT('',(-5.39999999575317,4.8,-6.00000005733221));
#5706=CARTESIAN_POINT('',(0.,4.8,-6.));
#5707=CARTESIAN_POINT('Origin',(-7.35,2.4,-3.));
#5708=CARTESIAN_POINT('',(-7.35,0.8,2.69630192214213E-32));
#5709=CARTESIAN_POINT('',(-7.35,3.6,0.));
#5710=CARTESIAN_POINT('',(-7.35,0.8,-5.40000000000002));
#5711=CARTESIAN_POINT('',(-7.35,0.8,-1.5));
#5712=CARTESIAN_POINT('',(-7.35,1.2,-5.40000000000001));
#5713=CARTESIAN_POINT('',(-7.35,4.2,-4.5));
#5714=CARTESIAN_POINT('Origin',(-7.95,3.3,-6.00000000000001));
#5715=CARTESIAN_POINT('',(-7.15,3.3,-6.00000000000001));
#5716=CARTESIAN_POINT('',(-3.975,3.3,-6.00000000000001));
#5717=CARTESIAN_POINT('',(-7.15,2.5,-7.59999999999999));
#5718=CARTESIAN_POINT('',(-7.15,3.3,-6.00000000000001));
#5719=CARTESIAN_POINT('',(-7.95,2.5,-7.59999999999999));
#5720=CARTESIAN_POINT('Origin',(-7.95,-1.10218211923262E-15,-6.));
#5721=CARTESIAN_POINT('',(-7.35,0.2,-6.00000000000002));
#5722=CARTESIAN_POINT('',(-7.35,-1.66533453693773E-15,-6.));
#5723=CARTESIAN_POINT('',(-7.35,1.02695629777827E-14,-6.00000000000002));
#5724=CARTESIAN_POINT('',(-7.15,-1.11022302462516E-15,-6.));
#5725=CARTESIAN_POINT('',(-7.95,-1.10218211923262E-15,-6.));
#5726=CARTESIAN_POINT('',(-7.15,0.2,-6.));
#5727=CARTESIAN_POINT('',(-7.15,-1.66533453693773E-15,-6.));
#5728=CARTESIAN_POINT('',(-3.675,0.2,-6.00000000000002));
#5729=CARTESIAN_POINT('Origin',(-7.95,2.5,-7.59999999999999));
#5730=CARTESIAN_POINT('',(-7.15,-1.38777878078145E-15,-7.6));
#5731=CARTESIAN_POINT('',(-7.15,2.5,-7.59999999999999));
#5732=CARTESIAN_POINT('',(-7.95,-1.39609735102798E-15,-7.6));
#5733=CARTESIAN_POINT('Origin',(-7.15,1.65,-6.8));
#5734=CARTESIAN_POINT('',(-7.15,0.824999999999997,-6.00000000000001));
#5735=CARTESIAN_POINT('',(-7.15,-1.39609735102798E-15,-7.6));
#5736=CARTESIAN_POINT('Origin',(0.,4.8,-4.));
#5737=CARTESIAN_POINT('',(5.15,4.2,-4.));
#5738=CARTESIAN_POINT('',(0.,4.2,-4.));
#5739=CARTESIAN_POINT('',(5.15,4.8,-4.));
#5740=CARTESIAN_POINT('Origin',(5.15,4.8,-4.));
#5741=CARTESIAN_POINT('',(5.15,4.2,-5.));
#5742=CARTESIAN_POINT('Origin',(6.45,4.8,-3.57734173766289));
#5743=CARTESIAN_POINT('',(6.45,3.8,-5.4));
#5744=CARTESIAN_POINT('',(6.45,4.2,-5.4));
#5745=CARTESIAN_POINT('',(6.45,2.4,-5.40000000000001));
#5746=CARTESIAN_POINT('',(6.45,3.8,-5.7999998435378));
#5747=CARTESIAN_POINT('',(6.45,3.8,-7.99192220741581));
#5748=CARTESIAN_POINT('',(6.45,4.8,-5.7999998435378));
#5749=CARTESIAN_POINT('',(6.45,4.2,-3.57734173766289));
#5750=CARTESIAN_POINT('',(6.45,4.8,-3.57734173766289));
#5751=CARTESIAN_POINT('',(6.45,4.2,-4.78867086883145));
#5752=CARTESIAN_POINT('Origin',(7.45,4.8,-3.57734173766289));
#5753=CARTESIAN_POINT('',(3.725,4.2,-3.57734173766289));
#5754=CARTESIAN_POINT('',(7.45,3.8,-3.57734173766289));
#5755=CARTESIAN_POINT('',(7.45,4.8,-3.57734173766289));
#5756=CARTESIAN_POINT('',(6.45,3.8,-3.57734173766289));
#5757=CARTESIAN_POINT('Origin',(7.45,4.8,-6.));
#5758=CARTESIAN_POINT('',(7.45,3.8,-6.));
#5759=CARTESIAN_POINT('',(7.45,2.4,-6.00000000000001));
#5760=CARTESIAN_POINT('',(7.45,3.8,-3.57734173766289));
#5761=CARTESIAN_POINT('Origin',(6.95,3.8,-5.78463197253935));
#5762=CARTESIAN_POINT('',(3.475,3.8,-5.4));
#5763=CARTESIAN_POINT('',(6.60000000424683,3.8,-6.));
#5764=CARTESIAN_POINT('',(3.475,3.8,-6.));
#5765=CARTESIAN_POINT('',(6.6,3.8,-5.7999998435378));
#5766=CARTESIAN_POINT('',(6.60000000196025,3.8,-5.89231598998565));
#5767=CARTESIAN_POINT('',(6.775,3.8,-5.7999998435378));
#5768=CARTESIAN_POINT('Origin',(6.6,4.8,-5.7999998435378));
#5769=CARTESIAN_POINT('',(6.6,0.2,-5.79999984353781));
#5770=CARTESIAN_POINT('',(6.6,4.8,-5.7999998435378));
#5771=CARTESIAN_POINT('',(5.4,0.2,-5.79999984353781));
#5772=CARTESIAN_POINT('',(-0.375000000000001,0.2,-5.7999998435378));
#5773=CARTESIAN_POINT('',(5.4,4.8,-5.7999998435378));
#5774=CARTESIAN_POINT('',(6.25000000000024,2.85,-5.7999998435378));
#5775=CARTESIAN_POINT('',(5.74999999999976,2.85,-5.7999998435378));
#5776=CARTESIAN_POINT('',(6.42500000000012,2.85,-5.79999984353781));
#5777=CARTESIAN_POINT('',(6.25000000000024,3.35,-5.7999998435378));
#5778=CARTESIAN_POINT('',(6.25000000000024,4.075,-5.79999984353781));
#5779=CARTESIAN_POINT('',(5.74999999999976,3.35,-5.7999998435378));
#5780=CARTESIAN_POINT('',(6.17499999999988,3.35,-5.79999984353781));
#5781=CARTESIAN_POINT('',(5.74999999999976,3.825,-5.79999984353781));
#5782=CARTESIAN_POINT('Origin',(0.,4.2,-6.));
#5783=CARTESIAN_POINT('',(0.,4.2,-5.4));
#5784=CARTESIAN_POINT('Origin',(7.95,-1.10218211923262E-15,-6.));
#5785=CARTESIAN_POINT('',(7.35,-1.66533453693773E-15,-6.));
#5786=CARTESIAN_POINT('',(7.35,0.2,-6.00000000000002));
#5787=CARTESIAN_POINT('',(7.35,0.10000000000001,-6.00000000000002));
#5788=CARTESIAN_POINT('',(7.15,0.2,-6.));
#5789=CARTESIAN_POINT('',(-3.675,0.2,-6.00000000000002));
#5790=CARTESIAN_POINT('',(7.15,-1.11022302462516E-15,-6.));
#5791=CARTESIAN_POINT('',(7.15,-1.66533453693773E-15,-6.));
#5792=CARTESIAN_POINT('',(7.95,-1.10218211923262E-15,-6.));
#5793=CARTESIAN_POINT('Origin',(7.95,3.3,-6.00000000000001));
#5794=CARTESIAN_POINT('',(7.95,3.3,-6.00000000000001));
#5795=CARTESIAN_POINT('',(7.95,2.5,-7.59999999999999));
#5796=CARTESIAN_POINT('',(7.95,3.3,-6.00000000000001));
#5797=CARTESIAN_POINT('',(7.15,2.5,-7.59999999999999));
#5798=CARTESIAN_POINT('',(7.95,2.5,-7.59999999999999));
#5799=CARTESIAN_POINT('',(7.15,3.3,-6.00000000000001));
#5800=CARTESIAN_POINT('',(7.15,3.3,-6.00000000000001));
#5801=CARTESIAN_POINT('',(3.975,3.3,-6.00000000000001));
#5802=CARTESIAN_POINT('Origin',(7.95,2.5,-7.59999999999999));
#5803=CARTESIAN_POINT('',(7.95,-1.39609735102798E-15,-7.6));
#5804=CARTESIAN_POINT('',(7.95,2.5,-7.59999999999999));
#5805=CARTESIAN_POINT('',(7.15,-1.38777878078145E-15,-7.6));
#5806=CARTESIAN_POINT('',(7.95,-1.39609735102798E-15,-7.6));
#5807=CARTESIAN_POINT('',(7.15,2.5,-7.59999999999999));
#5808=CARTESIAN_POINT('Origin',(7.15,1.65,-6.8));
#5809=CARTESIAN_POINT('',(7.15,-1.39609735102798E-15,-7.6));
#5810=CARTESIAN_POINT('',(7.15,0.824999999999997,-6.00000000000001));
#5811=CARTESIAN_POINT('Origin',(0.,-1.66533453693773E-15,-6.00000000000002));
#5812=CARTESIAN_POINT('',(7.95,4.8,-6.));
#5813=CARTESIAN_POINT('',(6.60000000424683,0.2,-6.));
#5814=CARTESIAN_POINT('',(-3.675,0.2,-6.00000000000002));
#5815=CARTESIAN_POINT('',(6.60000000424683,2.4,-6.00000000000001));
#5816=CARTESIAN_POINT('Origin',(5.4,4.8,-5.7999998435378));
#5817=CARTESIAN_POINT('',(5.40000000692904,0.2,-6.));
#5818=CARTESIAN_POINT('',(5.3999998995289,0.2,-2.89999970090573));
#5819=CARTESIAN_POINT('',(5.40000000692904,2.4,-6.00000000000001));
#5820=CARTESIAN_POINT('Origin',(6.60000000424683,4.8,-6.));
#5821=CARTESIAN_POINT('',(6.59999994054437,0.2,-2.99999985189178));
#5822=CARTESIAN_POINT('Origin',(0.,-1.66533453693773E-15,-6.00000000000002));
#5823=CARTESIAN_POINT('',(4.60000000424683,0.2,-6.));
#5824=CARTESIAN_POINT('',(-3.675,0.2,-6.00000000000002));
#5825=CARTESIAN_POINT('',(4.60000000424683,2.4,-6.00000000000001));
#5826=CARTESIAN_POINT('Origin',(5.74999999999976,3.35,-5.40000000000001));
#5827=CARTESIAN_POINT('',(6.25000000000024,3.35,-5.40000000000001));
#5828=CARTESIAN_POINT('',(6.25000000000024,3.35,-5.40000000000001));
#5829=CARTESIAN_POINT('',(5.74999999999976,3.35,-5.40000000000001));
#5830=CARTESIAN_POINT('',(2.87499999999988,3.35,-5.40000000000001));
#5831=CARTESIAN_POINT('',(5.74999999999976,3.35,-5.40000000000001));
#5832=CARTESIAN_POINT('Origin',(6.25000000000024,3.35,-5.40000000000001));
#5833=CARTESIAN_POINT('',(6.25000000000024,2.85,-5.40000000000001));
#5834=CARTESIAN_POINT('',(6.25000000000024,2.85,-5.40000000000001));
#5835=CARTESIAN_POINT('',(6.25000000000024,1.675,-5.40000000000001));
#5836=CARTESIAN_POINT('Origin',(6.25000000000024,2.85,-5.40000000000001));
#5837=CARTESIAN_POINT('',(5.74999999999976,2.85,-5.40000000000001));
#5838=CARTESIAN_POINT('',(5.74999999999976,2.85,-5.40000000000001));
#5839=CARTESIAN_POINT('',(3.12500000000012,2.85,-5.40000000000001));
#5840=CARTESIAN_POINT('Origin',(5.74999999999976,2.85,-5.40000000000001));
#5841=CARTESIAN_POINT('',(5.74999999999976,1.425,-5.40000000000001));
#5842=CARTESIAN_POINT('Origin',(3.4,4.8,-5.7999998435378));
#5843=CARTESIAN_POINT('',(3.40000000692904,0.2,-6.));
#5844=CARTESIAN_POINT('',(3.4,0.2,-5.79999984353781));
#5845=CARTESIAN_POINT('',(3.3999998995289,0.2,-2.89999973555093));
#5846=CARTESIAN_POINT('',(3.40000000692904,2.4,-6.00000000000001));
#5847=CARTESIAN_POINT('',(3.4,4.8,-5.7999998435378));
#5848=CARTESIAN_POINT('Origin',(4.6,4.8,-5.7999998435378));
#5849=CARTESIAN_POINT('',(4.6,0.2,-5.79999984353781));
#5850=CARTESIAN_POINT('',(-1.375,0.2,-5.7999998435378));
#5851=CARTESIAN_POINT('',(4.6,4.8,-5.7999998435378));
#5852=CARTESIAN_POINT('',(4.25000000000023,2.85,-5.7999998435378));
#5853=CARTESIAN_POINT('',(3.74999999999976,2.85,-5.7999998435378));
#5854=CARTESIAN_POINT('',(4.42500000000012,2.85,-5.79999984353781));
#5855=CARTESIAN_POINT('',(4.25000000000023,3.35,-5.7999998435378));
#5856=CARTESIAN_POINT('',(4.25000000000023,4.075,-5.79999984353781));
#5857=CARTESIAN_POINT('',(3.74999999999976,3.35,-5.7999998435378));
#5858=CARTESIAN_POINT('',(4.17499999999988,3.35,-5.79999984353781));
#5859=CARTESIAN_POINT('',(3.74999999999976,3.825,-5.79999984353781));
#5860=CARTESIAN_POINT('Origin',(4.60000000424683,4.8,-6.));
#5861=CARTESIAN_POINT('',(4.59999994054437,0.2,-2.99999987312593));
#5862=CARTESIAN_POINT('Origin',(0.,-1.66533453693773E-15,-6.00000000000002));
#5863=CARTESIAN_POINT('',(2.60000000424683,0.2,-6.));
#5864=CARTESIAN_POINT('',(-3.675,0.2,-6.00000000000002));
#5865=CARTESIAN_POINT('',(2.60000000424683,2.4,-6.00000000000001));
#5866=CARTESIAN_POINT('Origin',(3.74999999999976,3.35,-5.40000000000001));
#5867=CARTESIAN_POINT('',(4.25000000000023,3.35,-5.40000000000001));
#5868=CARTESIAN_POINT('',(4.25000000000023,3.35,-5.40000000000001));
#5869=CARTESIAN_POINT('',(3.74999999999976,3.35,-5.40000000000001));
#5870=CARTESIAN_POINT('',(1.87499999999988,3.35,-5.40000000000001));
#5871=CARTESIAN_POINT('',(3.74999999999976,3.35,-5.40000000000001));
#5872=CARTESIAN_POINT('Origin',(4.25000000000023,3.35,-5.40000000000001));
#5873=CARTESIAN_POINT('',(4.25000000000023,2.85,-5.40000000000001));
#5874=CARTESIAN_POINT('',(4.25000000000023,2.85,-5.40000000000001));
#5875=CARTESIAN_POINT('',(4.25000000000023,1.675,-5.40000000000001));
#5876=CARTESIAN_POINT('Origin',(4.25000000000023,2.85,-5.40000000000001));
#5877=CARTESIAN_POINT('',(3.74999999999976,2.85,-5.40000000000001));
#5878=CARTESIAN_POINT('',(3.74999999999976,2.85,-5.40000000000001));
#5879=CARTESIAN_POINT('',(2.12500000000012,2.85,-5.40000000000001));
#5880=CARTESIAN_POINT('Origin',(3.74999999999976,2.85,-5.40000000000001));
#5881=CARTESIAN_POINT('',(3.74999999999976,1.425,-5.40000000000001));
#5882=CARTESIAN_POINT('Origin',(1.4,4.8,-5.7999998435378));
#5883=CARTESIAN_POINT('',(1.40000000692904,0.2,-6.));
#5884=CARTESIAN_POINT('',(1.4,0.2,-5.79999984353781));
#5885=CARTESIAN_POINT('',(1.3999998995289,0.2,-2.89999977019614));
#5886=CARTESIAN_POINT('',(1.40000000692904,2.4,-6.00000000000001));
#5887=CARTESIAN_POINT('',(1.4,4.8,-5.7999998435378));
#5888=CARTESIAN_POINT('Origin',(2.6,4.8,-5.7999998435378));
#5889=CARTESIAN_POINT('',(2.6,0.2,-5.79999984353781));
#5890=CARTESIAN_POINT('',(-2.375,0.2,-5.7999998435378));
#5891=CARTESIAN_POINT('',(2.6,4.8,-5.7999998435378));
#5892=CARTESIAN_POINT('',(2.25000000000023,2.85,-5.7999998435378));
#5893=CARTESIAN_POINT('',(1.74999999999976,2.85,-5.7999998435378));
#5894=CARTESIAN_POINT('',(2.42500000000012,2.85,-5.79999984353781));
#5895=CARTESIAN_POINT('',(2.25000000000023,3.35,-5.7999998435378));
#5896=CARTESIAN_POINT('',(2.25000000000023,4.075,-5.79999984353781));
#5897=CARTESIAN_POINT('',(1.74999999999976,3.35,-5.7999998435378));
#5898=CARTESIAN_POINT('',(2.17499999999988,3.35,-5.79999984353781));
#5899=CARTESIAN_POINT('',(1.74999999999976,3.825,-5.79999984353781));
#5900=CARTESIAN_POINT('Origin',(2.60000000424683,4.8,-6.));
#5901=CARTESIAN_POINT('',(2.59999994054437,0.2,-2.99999989436009));
#5902=CARTESIAN_POINT('Origin',(0.,-1.66533453693773E-15,-6.00000000000002));
#5903=CARTESIAN_POINT('',(0.600000004246831,0.2,-6.));
#5904=CARTESIAN_POINT('',(-3.675,0.2,-6.00000000000002));
#5905=CARTESIAN_POINT('',(0.600000004246831,2.4,-6.00000000000001));
#5906=CARTESIAN_POINT('Origin',(1.74999999999976,3.35,-5.40000000000001));
#5907=CARTESIAN_POINT('',(2.25000000000023,3.35,-5.40000000000001));
#5908=CARTESIAN_POINT('',(2.25000000000023,3.35,-5.40000000000001));
#5909=CARTESIAN_POINT('',(1.74999999999976,3.35,-5.40000000000001));
#5910=CARTESIAN_POINT('',(0.874999999999879,3.35,-5.40000000000001));
#5911=CARTESIAN_POINT('',(1.74999999999976,3.35,-5.40000000000001));
#5912=CARTESIAN_POINT('Origin',(2.25000000000023,3.35,-5.40000000000001));
#5913=CARTESIAN_POINT('',(2.25000000000023,2.85,-5.40000000000001));
#5914=CARTESIAN_POINT('',(2.25000000000023,2.85,-5.40000000000001));
#5915=CARTESIAN_POINT('',(2.25000000000023,1.675,-5.40000000000001));
#5916=CARTESIAN_POINT('Origin',(2.25000000000023,2.85,-5.40000000000001));
#5917=CARTESIAN_POINT('',(1.74999999999976,2.85,-5.40000000000001));
#5918=CARTESIAN_POINT('',(1.74999999999976,2.85,-5.40000000000001));
#5919=CARTESIAN_POINT('',(1.12500000000012,2.85,-5.40000000000001));
#5920=CARTESIAN_POINT('Origin',(1.74999999999976,2.85,-5.40000000000001));
#5921=CARTESIAN_POINT('',(1.74999999999976,1.425,-5.40000000000001));
#5922=CARTESIAN_POINT('Origin',(-0.600000000000004,4.8,-5.7999998435378));
#5923=CARTESIAN_POINT('',(-0.599999993070958,0.2,-6.));
#5924=CARTESIAN_POINT('',(-0.600000000000004,0.2,-5.79999984353781));
#5925=CARTESIAN_POINT('',(-0.600000100471096,0.2,-2.89999980484134));
#5926=CARTESIAN_POINT('',(-0.599999993070958,2.4,-6.00000000000001));
#5927=CARTESIAN_POINT('',(-0.600000000000004,4.8,-5.7999998435378));
#5928=CARTESIAN_POINT('Origin',(0.599999999999997,4.8,-5.7999998435378));
#5929=CARTESIAN_POINT('',(0.599999999999997,0.2,-5.79999984353781));
#5930=CARTESIAN_POINT('',(-3.375,0.2,-5.7999998435378));
#5931=CARTESIAN_POINT('',(0.599999999999997,4.8,-5.7999998435378));
#5932=CARTESIAN_POINT('',(0.250000000000234,2.85,-5.7999998435378));
#5933=CARTESIAN_POINT('',(-0.250000000000241,2.85,-5.7999998435378));
#5934=CARTESIAN_POINT('',(0.425000000000116,2.85,-5.79999984353781));
#5935=CARTESIAN_POINT('',(0.250000000000234,3.35,-5.7999998435378));
#5936=CARTESIAN_POINT('',(0.250000000000234,4.075,-5.79999984353781));
#5937=CARTESIAN_POINT('',(-0.250000000000241,3.35,-5.7999998435378));
#5938=CARTESIAN_POINT('',(0.174999999999878,3.35,-5.79999984353781));
#5939=CARTESIAN_POINT('',(-0.250000000000241,3.825,-5.79999984353781));
#5940=CARTESIAN_POINT('Origin',(0.600000004246831,4.8,-6.));
#5941=CARTESIAN_POINT('',(0.599999940544369,0.2,-2.99999991559424));
#5942=CARTESIAN_POINT('Origin',(0.,-1.66533453693773E-15,-6.00000000000002));
#5943=CARTESIAN_POINT('',(-1.39999999575317,0.2,-6.));
#5944=CARTESIAN_POINT('',(-3.675,0.2,-6.00000000000002));
#5945=CARTESIAN_POINT('',(-1.39999999575317,2.4,-6.00000000000001));
#5946=CARTESIAN_POINT('Origin',(-0.250000000000241,3.35,-5.40000000000001));
#5947=CARTESIAN_POINT('',(0.250000000000234,3.35,-5.40000000000001));
#5948=CARTESIAN_POINT('',(0.250000000000234,3.35,-5.40000000000001));
#5949=CARTESIAN_POINT('',(-0.250000000000241,3.35,-5.40000000000001));
#5950=CARTESIAN_POINT('',(-0.125000000000121,3.35,-5.40000000000001));
#5951=CARTESIAN_POINT('',(-0.250000000000241,3.35,-5.40000000000001));
#5952=CARTESIAN_POINT('Origin',(0.250000000000234,3.35,-5.40000000000001));
#5953=CARTESIAN_POINT('',(0.250000000000234,2.85,-5.40000000000001));
#5954=CARTESIAN_POINT('',(0.250000000000234,2.85,-5.40000000000001));
#5955=CARTESIAN_POINT('',(0.250000000000234,1.675,-5.40000000000001));
#5956=CARTESIAN_POINT('Origin',(0.250000000000234,2.85,-5.40000000000001));
#5957=CARTESIAN_POINT('',(-0.250000000000241,2.85,-5.40000000000001));
#5958=CARTESIAN_POINT('',(-0.250000000000241,2.85,-5.40000000000001));
#5959=CARTESIAN_POINT('',(0.125000000000117,2.85,-5.40000000000001));
#5960=CARTESIAN_POINT('Origin',(-0.250000000000241,2.85,-5.40000000000001));
#5961=CARTESIAN_POINT('',(-0.250000000000241,1.425,-5.40000000000001));
#5962=CARTESIAN_POINT('Origin',(-2.6,4.8,-5.7999998435378));
#5963=CARTESIAN_POINT('',(-2.59999999307096,0.2,-6.));
#5964=CARTESIAN_POINT('',(-2.6,0.2,-5.79999984353781));
#5965=CARTESIAN_POINT('',(-2.6000001004711,0.2,-2.89999983948655));
#5966=CARTESIAN_POINT('',(-2.59999999307096,2.4,-6.00000000000001));
#5967=CARTESIAN_POINT('',(-2.6,4.8,-5.7999998435378));
#5968=CARTESIAN_POINT('Origin',(-1.4,4.8,-5.7999998435378));
#5969=CARTESIAN_POINT('',(-1.4,0.2,-5.79999984353781));
#5970=CARTESIAN_POINT('',(-4.375,0.2,-5.7999998435378));
#5971=CARTESIAN_POINT('',(-1.4,4.8,-5.7999998435378));
#5972=CARTESIAN_POINT('',(-1.74999999999977,2.85,-5.7999998435378));
#5973=CARTESIAN_POINT('',(-2.25000000000024,2.85,-5.7999998435378));
#5974=CARTESIAN_POINT('',(-1.57499999999988,2.85,-5.79999984353781));
#5975=CARTESIAN_POINT('',(-1.74999999999977,3.35,-5.7999998435378));
#5976=CARTESIAN_POINT('',(-1.74999999999977,4.075,-5.79999984353781));
#5977=CARTESIAN_POINT('',(-2.25000000000024,3.35,-5.7999998435378));
#5978=CARTESIAN_POINT('',(-1.82500000000012,3.35,-5.79999984353781));
#5979=CARTESIAN_POINT('',(-2.25000000000024,3.825,-5.79999984353781));
#5980=CARTESIAN_POINT('Origin',(-1.39999999575317,4.8,-6.));
#5981=CARTESIAN_POINT('',(-1.40000005945563,0.2,-2.99999993682839));
#5982=CARTESIAN_POINT('Origin',(0.,-1.66533453693773E-15,-6.00000000000002));
#5983=CARTESIAN_POINT('',(-3.39999999575317,0.2,-6.));
#5984=CARTESIAN_POINT('',(-3.675,0.2,-6.00000000000002));
#5985=CARTESIAN_POINT('',(-3.39999999575317,2.4,-6.00000000000001));
#5986=CARTESIAN_POINT('Origin',(-2.25000000000024,3.35,-5.40000000000001));
#5987=CARTESIAN_POINT('',(-1.74999999999977,3.35,-5.40000000000001));
#5988=CARTESIAN_POINT('',(-1.74999999999977,3.35,-5.40000000000001));
#5989=CARTESIAN_POINT('',(-2.25000000000024,3.35,-5.40000000000001));
#5990=CARTESIAN_POINT('',(-1.12500000000012,3.35,-5.40000000000001));
#5991=CARTESIAN_POINT('',(-2.25000000000024,3.35,-5.40000000000001));
#5992=CARTESIAN_POINT('Origin',(-1.74999999999977,3.35,-5.40000000000001));
#5993=CARTESIAN_POINT('',(-1.74999999999977,2.85,-5.40000000000001));
#5994=CARTESIAN_POINT('',(-1.74999999999977,2.85,-5.40000000000001));
#5995=CARTESIAN_POINT('',(-1.74999999999977,1.675,-5.40000000000001));
#5996=CARTESIAN_POINT('Origin',(-1.74999999999977,2.85,-5.40000000000001));
#5997=CARTESIAN_POINT('',(-2.25000000000024,2.85,-5.40000000000001));
#5998=CARTESIAN_POINT('',(-2.25000000000024,2.85,-5.40000000000001));
#5999=CARTESIAN_POINT('',(-0.874999999999883,2.85,-5.40000000000001));
#6000=CARTESIAN_POINT('Origin',(-2.25000000000024,2.85,-5.40000000000001));
#6001=CARTESIAN_POINT('',(-2.25000000000024,1.425,-5.40000000000001));
#6002=CARTESIAN_POINT('Origin',(-4.6,4.8,-5.7999998435378));
#6003=CARTESIAN_POINT('',(-4.59999999307096,0.2,-6.));
#6004=CARTESIAN_POINT('',(-4.6,0.2,-5.79999984353781));
#6005=CARTESIAN_POINT('',(-4.6000001004711,0.2,-2.89999987413175));
#6006=CARTESIAN_POINT('',(-4.59999999307096,2.4,-6.00000000000001));
#6007=CARTESIAN_POINT('',(-4.6,4.8,-5.7999998435378));
#6008=CARTESIAN_POINT('Origin',(-3.4,4.8,-5.7999998435378));
#6009=CARTESIAN_POINT('',(-3.4,0.2,-5.79999984353781));
#6010=CARTESIAN_POINT('',(-5.375,0.2,-5.7999998435378));
#6011=CARTESIAN_POINT('',(-3.4,4.8,-5.7999998435378));
#6012=CARTESIAN_POINT('',(-3.74999999999977,2.85,-5.7999998435378));
#6013=CARTESIAN_POINT('',(-4.25000000000024,2.85,-5.7999998435378));
#6014=CARTESIAN_POINT('',(-3.57499999999988,2.85,-5.79999984353781));
#6015=CARTESIAN_POINT('',(-3.74999999999977,3.35,-5.7999998435378));
#6016=CARTESIAN_POINT('',(-3.74999999999977,4.075,-5.79999984353781));
#6017=CARTESIAN_POINT('',(-4.25000000000024,3.35,-5.7999998435378));
#6018=CARTESIAN_POINT('',(-3.82500000000012,3.35,-5.79999984353781));
#6019=CARTESIAN_POINT('',(-4.25000000000024,3.825,-5.79999984353781));
#6020=CARTESIAN_POINT('Origin',(-3.39999999575317,4.8,-6.));
#6021=CARTESIAN_POINT('',(-3.40000005945563,0.2,-2.99999995806255));
#6022=CARTESIAN_POINT('Origin',(0.,-1.66533453693773E-15,-6.00000000000002));
#6023=CARTESIAN_POINT('',(-5.39999999575317,0.2,-6.));
#6024=CARTESIAN_POINT('',(-3.675,0.2,-6.00000000000002));
#6025=CARTESIAN_POINT('',(-5.39999999575317,2.4,-6.00000000000001));
#6026=CARTESIAN_POINT('Origin',(-4.25000000000024,3.35,-5.40000000000001));
#6027=CARTESIAN_POINT('',(-3.74999999999977,3.35,-5.40000000000001));
#6028=CARTESIAN_POINT('',(-3.74999999999977,3.35,-5.40000000000001));
#6029=CARTESIAN_POINT('',(-4.25000000000024,3.35,-5.40000000000001));
#6030=CARTESIAN_POINT('',(-2.12500000000012,3.35,-5.40000000000001));
#6031=CARTESIAN_POINT('',(-4.25000000000024,3.35,-5.40000000000001));
#6032=CARTESIAN_POINT('Origin',(-3.74999999999977,3.35,-5.40000000000001));
#6033=CARTESIAN_POINT('',(-3.74999999999977,2.85,-5.40000000000001));
#6034=CARTESIAN_POINT('',(-3.74999999999977,2.85,-5.40000000000001));
#6035=CARTESIAN_POINT('',(-3.74999999999977,1.675,-5.40000000000001));
#6036=CARTESIAN_POINT('Origin',(-3.74999999999977,2.85,-5.40000000000001));
#6037=CARTESIAN_POINT('',(-4.25000000000024,2.85,-5.40000000000001));
#6038=CARTESIAN_POINT('',(-4.25000000000024,2.85,-5.40000000000001));
#6039=CARTESIAN_POINT('',(-1.87499999999988,2.85,-5.40000000000001));
#6040=CARTESIAN_POINT('Origin',(-4.25000000000024,2.85,-5.40000000000001));
#6041=CARTESIAN_POINT('',(-4.25000000000024,1.425,-5.40000000000001));
#6042=CARTESIAN_POINT('Origin',(-5.39999999575317,4.8,-6.));
#6043=CARTESIAN_POINT('',(-5.40000005945563,0.2,-2.9999999792967));
#6044=CARTESIAN_POINT('Origin',(-6.6,4.8,-5.7999998435378));
#6045=CARTESIAN_POINT('',(-6.59999999307096,0.2,-6.));
#6046=CARTESIAN_POINT('',(-6.60000010047109,0.2,-2.89999990877695));
#6047=CARTESIAN_POINT('',(-6.59999999307096,2.4,-6.00000000000001));
#6048=CARTESIAN_POINT('Origin',(-7.35,0.2,0.));
#6049=CARTESIAN_POINT('',(7.35,0.2,0.));
#6050=CARTESIAN_POINT('',(7.35,0.2,0.));
#6051=CARTESIAN_POINT('',(-7.35,0.2,0.));
#6052=CARTESIAN_POINT('',(-3.675,0.2,-1.92592994438724E-33));
#6053=CARTESIAN_POINT('',(-7.35,0.2,0.));
#6054=CARTESIAN_POINT('',(-3.675,0.2,-6.00000000000002));
#6055=CARTESIAN_POINT('Origin',(-6.25000000000024,3.35,-5.40000000000001));
#6056=CARTESIAN_POINT('',(-5.74999999999977,3.35,-5.40000000000001));
#6057=CARTESIAN_POINT('',(-5.74999999999977,3.35,-5.40000000000001));
#6058=CARTESIAN_POINT('',(-6.25000000000024,3.35,-5.40000000000001));
#6059=CARTESIAN_POINT('',(-3.12500000000012,3.35,-5.40000000000001));
#6060=CARTESIAN_POINT('',(-6.25000000000024,3.35,-5.40000000000001));
#6061=CARTESIAN_POINT('Origin',(-5.74999999999977,3.35,-5.40000000000001));
#6062=CARTESIAN_POINT('',(-5.74999999999977,2.85,-5.40000000000001));
#6063=CARTESIAN_POINT('',(-5.74999999999977,2.85,-5.40000000000001));
#6064=CARTESIAN_POINT('',(-5.74999999999977,1.675,-5.40000000000001));
#6065=CARTESIAN_POINT('Origin',(-5.74999999999977,2.85,-5.40000000000001));
#6066=CARTESIAN_POINT('',(-6.25000000000024,2.85,-5.40000000000001));
#6067=CARTESIAN_POINT('',(-6.25000000000024,2.85,-5.40000000000001));
#6068=CARTESIAN_POINT('',(-2.87499999999988,2.85,-5.40000000000001));
#6069=CARTESIAN_POINT('Origin',(-6.25000000000024,2.85,-5.40000000000001));
#6070=CARTESIAN_POINT('',(-6.25000000000024,1.425,-5.40000000000001));
#6071=CARTESIAN_POINT('Origin',(-7.35,0.8,0.));
#6072=CARTESIAN_POINT('',(-3.675,0.8,-5.40000000000002));
#6073=CARTESIAN_POINT('',(-3.675,0.8,-7.70371977754894E-33));
#6074=CARTESIAN_POINT('Origin',(0.,-3.88578058618805E-15,-5.40000000000002));
#6075=CARTESIAN_POINT('Origin',(-7.35,0.,0.));
#6076=CARTESIAN_POINT('',(-7.35,0.,0.));
#6077=CARTESIAN_POINT('',(-7.35,2.4,-2.31111593326468E-32));
#6078=CARTESIAN_POINT('',(-7.35,0.,0.));
#6079=CARTESIAN_POINT('Origin',(7.35,0.2,0.));
#6080=CARTESIAN_POINT('',(7.35,0.,0.));
#6081=CARTESIAN_POINT('',(7.35,0.,1.83697019872103E-17));
#6082=CARTESIAN_POINT('',(7.35,2.5,-2.40741243048404E-32));
#6083=CARTESIAN_POINT('Origin',(0.,4.8,-4.62223186652937E-32));
#6084=CARTESIAN_POINT('',(0.,0.,0.));
#6085=CARTESIAN_POINT('',(7.95,0.,0.));
#6086=CARTESIAN_POINT('',(0.,0.,0.));
#6087=CARTESIAN_POINT('',(7.95,0.,0.));
#6088=CARTESIAN_POINT('Origin',(0.,0.,0.));
#6089=CARTESIAN_POINT('',(7.95,-1.39609735102798E-15,-7.6));
#6090=CARTESIAN_POINT('Origin',(0.,0.,0.));
#6091=CARTESIAN_POINT('Origin',(0.,-1.66533453693773E-15,-6.00000000000002));
#6092=CARTESIAN_POINT('Origin',(7.95,2.4,-3.));
#6093=CARTESIAN_POINT('Origin',(-6.12500000000001,-3.35,-6.45));
#6094=CARTESIAN_POINT('',(-5.85,-3.4,-6.4));
#6095=CARTESIAN_POINT('',(-6.15,-3.4,-6.4));
#6096=CARTESIAN_POINT('',(-6.12500000000001,-3.4,-6.4));
#6097=CARTESIAN_POINT('',(-6.25,-3.3,-6.5));
#6098=CARTESIAN_POINT('',(-6.15,-3.4,-6.4));
#6099=CARTESIAN_POINT('',(-5.75,-3.3,-6.5));
#6100=CARTESIAN_POINT('',(-6.12500000000001,-3.3,-6.5));
#6101=CARTESIAN_POINT('',(-5.85,-3.4,-6.4));
#6102=CARTESIAN_POINT('Origin',(-6.2,-3.35,-3.125));
#6103=CARTESIAN_POINT('',(-6.15,-3.4,-6.1));
#6104=CARTESIAN_POINT('',(-6.15,-3.4,-3.125));
#6105=CARTESIAN_POINT('',(-6.25,-3.3,-6.));
#6106=CARTESIAN_POINT('',(-6.15,-3.4,-6.1));
#6107=CARTESIAN_POINT('',(-6.25,-3.3,-3.125));
#6108=CARTESIAN_POINT('Origin',(-5.875,-3.35,-6.05));
#6109=CARTESIAN_POINT('',(-5.85,-3.4,-6.1));
#6110=CARTESIAN_POINT('',(-5.875,-3.4,-6.1));
#6111=CARTESIAN_POINT('',(-5.75,-3.3,-6.));
#6112=CARTESIAN_POINT('',(-5.85,-3.4,-6.1));
#6113=CARTESIAN_POINT('',(-5.875,-3.3,-6.));
#6114=CARTESIAN_POINT('Origin',(-5.8,-3.35,-3.125));
#6115=CARTESIAN_POINT('',(-5.75,-3.3,-3.125));
#6116=CARTESIAN_POINT('',(-5.85,-3.4,-3.125));
#6117=CARTESIAN_POINT('Origin',(-5.75,3.35,0.));
#6118=CARTESIAN_POINT('',(-5.75,2.6,-6.5));
#6119=CARTESIAN_POINT('',(-5.75,2.6,-6.5));
#6120=CARTESIAN_POINT('',(-5.75,3.35,-5.75));
#6121=CARTESIAN_POINT('Origin',(-5.75,2.6,-5.75));
#6122=CARTESIAN_POINT('',(-5.75,3.35,-0.1));
#6123=CARTESIAN_POINT('',(-5.75,3.35,0.));
#6124=CARTESIAN_POINT('',(-5.75,2.85,-0.1));
#6125=CARTESIAN_POINT('',(-5.75,3.225,-0.1));
#6126=CARTESIAN_POINT('',(-5.75,2.85,-5.75));
#6127=CARTESIAN_POINT('',(-5.75,2.85,0.));
#6128=CARTESIAN_POINT('',(-5.75,2.6,-6.));
#6129=CARTESIAN_POINT('Origin',(-5.75,2.6,-5.75));
#6130=CARTESIAN_POINT('',(-5.75,2.6,-6.));
#6131=CARTESIAN_POINT('Origin',(-6.25,2.6,-6.5));
#6132=CARTESIAN_POINT('',(-6.25,2.6,-6.5));
#6133=CARTESIAN_POINT('',(-6.25,2.6,-6.5));
#6134=CARTESIAN_POINT('',(-6.25,2.6,-6.5));
#6135=CARTESIAN_POINT('Origin',(-6.,-3.4,-6.25));
#6136=CARTESIAN_POINT('Origin',(-6.2,2.975,-0.05));
#6137=CARTESIAN_POINT('',(-6.25,3.35,-0.1));
#6138=CARTESIAN_POINT('',(-6.25,2.85,-0.1));
#6139=CARTESIAN_POINT('',(-6.25,2.975,-0.1));
#6140=CARTESIAN_POINT('',(-6.15,2.95,0.));
#6141=CARTESIAN_POINT('',(-6.25,2.85,-0.1));
#6142=CARTESIAN_POINT('',(-6.15,3.25,0.));
#6143=CARTESIAN_POINT('',(-6.15,2.975,0.));
#6144=CARTESIAN_POINT('',(-6.25,3.35,-0.1));
#6145=CARTESIAN_POINT('Origin',(-5.875,2.9,-0.05));
#6146=CARTESIAN_POINT('',(-5.875,2.85,-0.1));
#6147=CARTESIAN_POINT('',(-5.85,2.95,0.));
#6148=CARTESIAN_POINT('',(-5.75,2.85,-0.1));
#6149=CARTESIAN_POINT('',(-5.875,2.95,0.));
#6150=CARTESIAN_POINT('Origin',(-6.12500000000001,3.3,-0.05));
#6151=CARTESIAN_POINT('',(-5.85,3.25,0.));
#6152=CARTESIAN_POINT('',(-6.12500000000001,3.25,0.));
#6153=CARTESIAN_POINT('',(-5.85,3.25,0.));
#6154=CARTESIAN_POINT('',(-6.12500000000001,3.35,-0.1));
#6155=CARTESIAN_POINT('Origin',(-5.8,3.225,-0.05));
#6156=CARTESIAN_POINT('',(-5.85,3.225,0.));
#6157=CARTESIAN_POINT('Origin',(-5.75,2.85,0.));
#6158=CARTESIAN_POINT('',(-6.25,2.85,-5.75));
#6159=CARTESIAN_POINT('',(-6.25,2.85,0.));
#6160=CARTESIAN_POINT('',(-5.75,2.85,-5.75));
#6161=CARTESIAN_POINT('Origin',(-6.25,2.85,0.));
#6162=CARTESIAN_POINT('',(-6.25,2.6,-6.));
#6163=CARTESIAN_POINT('',(-6.25,2.6,-6.));
#6164=CARTESIAN_POINT('Origin',(-6.25,2.6,-5.75));
#6165=CARTESIAN_POINT('',(-6.25,3.35,-5.75));
#6166=CARTESIAN_POINT('',(-6.25,3.35,0.));
#6167=CARTESIAN_POINT('Origin',(-6.25,2.6,-5.75));
#6168=CARTESIAN_POINT('Origin',(-6.,3.1,0.));
#6169=CARTESIAN_POINT('Origin',(-5.75,2.6,-6.));
#6170=CARTESIAN_POINT('',(-5.75,2.6,-6.));
#6171=CARTESIAN_POINT('Origin',(-6.,2.6,-5.75));
#6172=CARTESIAN_POINT('Origin',(-6.,2.6,-5.75));
#6173=CARTESIAN_POINT('',(-6.25,3.35,-5.75));
#6174=CARTESIAN_POINT('Origin',(-6.25,3.35,0.));
#6175=CARTESIAN_POINT('Origin',(-4.125,-3.35,-6.45));
#6176=CARTESIAN_POINT('',(-3.85,-3.4,-6.4));
#6177=CARTESIAN_POINT('',(-4.15,-3.4,-6.4));
#6178=CARTESIAN_POINT('',(-4.125,-3.4,-6.4));
#6179=CARTESIAN_POINT('',(-4.25,-3.3,-6.5));
#6180=CARTESIAN_POINT('',(-4.15,-3.4,-6.4));
#6181=CARTESIAN_POINT('',(-3.75,-3.3,-6.5));
#6182=CARTESIAN_POINT('',(-4.125,-3.3,-6.5));
#6183=CARTESIAN_POINT('',(-3.85,-3.4,-6.4));
#6184=CARTESIAN_POINT('Origin',(-4.2,-3.35,-3.125));
#6185=CARTESIAN_POINT('',(-4.15,-3.4,-6.1));
#6186=CARTESIAN_POINT('',(-4.15,-3.4,-3.125));
#6187=CARTESIAN_POINT('',(-4.25,-3.3,-6.));
#6188=CARTESIAN_POINT('',(-4.15,-3.4,-6.1));
#6189=CARTESIAN_POINT('',(-4.25,-3.3,-3.125));
#6190=CARTESIAN_POINT('Origin',(-3.875,-3.35,-6.05));
#6191=CARTESIAN_POINT('',(-3.85,-3.4,-6.1));
#6192=CARTESIAN_POINT('',(-3.875,-3.4,-6.1));
#6193=CARTESIAN_POINT('',(-3.75,-3.3,-6.));
#6194=CARTESIAN_POINT('',(-3.85,-3.4,-6.1));
#6195=CARTESIAN_POINT('',(-3.875,-3.3,-6.));
#6196=CARTESIAN_POINT('Origin',(-3.8,-3.35,-3.125));
#6197=CARTESIAN_POINT('',(-3.75,-3.3,-3.125));
#6198=CARTESIAN_POINT('',(-3.85,-3.4,-3.125));
#6199=CARTESIAN_POINT('Origin',(-3.75,3.35,0.));
#6200=CARTESIAN_POINT('',(-3.75,2.6,-6.5));
#6201=CARTESIAN_POINT('',(-3.75,2.6,-6.5));
#6202=CARTESIAN_POINT('',(-3.75,3.35,-5.75));
#6203=CARTESIAN_POINT('Origin',(-3.75,2.6,-5.75));
#6204=CARTESIAN_POINT('',(-3.75,3.35,-0.1));
#6205=CARTESIAN_POINT('',(-3.75,3.35,0.));
#6206=CARTESIAN_POINT('',(-3.75,2.85,-0.1));
#6207=CARTESIAN_POINT('',(-3.75,3.225,-0.1));
#6208=CARTESIAN_POINT('',(-3.75,2.85,-5.75));
#6209=CARTESIAN_POINT('',(-3.75,2.85,0.));
#6210=CARTESIAN_POINT('',(-3.75,2.6,-6.));
#6211=CARTESIAN_POINT('Origin',(-3.75,2.6,-5.75));
#6212=CARTESIAN_POINT('',(-3.75,2.6,-6.));
#6213=CARTESIAN_POINT('Origin',(-4.25,2.6,-6.5));
#6214=CARTESIAN_POINT('',(-4.25,2.6,-6.5));
#6215=CARTESIAN_POINT('',(-4.25,2.6,-6.5));
#6216=CARTESIAN_POINT('',(-4.25,2.6,-6.5));
#6217=CARTESIAN_POINT('Origin',(-4.,-3.4,-6.25));
#6218=CARTESIAN_POINT('Origin',(-4.2,2.975,-0.05));
#6219=CARTESIAN_POINT('',(-4.25,3.35,-0.1));
#6220=CARTESIAN_POINT('',(-4.25,2.85,-0.1));
#6221=CARTESIAN_POINT('',(-4.25,2.975,-0.1));
#6222=CARTESIAN_POINT('',(-4.15,2.95,0.));
#6223=CARTESIAN_POINT('',(-4.25,2.85,-0.1));
#6224=CARTESIAN_POINT('',(-4.15,3.25,0.));
#6225=CARTESIAN_POINT('',(-4.15,2.975,0.));
#6226=CARTESIAN_POINT('',(-4.25,3.35,-0.1));
#6227=CARTESIAN_POINT('Origin',(-3.875,2.9,-0.05));
#6228=CARTESIAN_POINT('',(-3.875,2.85,-0.1));
#6229=CARTESIAN_POINT('',(-3.85,2.95,0.));
#6230=CARTESIAN_POINT('',(-3.75,2.85,-0.1));
#6231=CARTESIAN_POINT('',(-3.875,2.95,0.));
#6232=CARTESIAN_POINT('Origin',(-4.125,3.3,-0.05));
#6233=CARTESIAN_POINT('',(-3.85,3.25,0.));
#6234=CARTESIAN_POINT('',(-4.125,3.25,0.));
#6235=CARTESIAN_POINT('',(-3.85,3.25,0.));
#6236=CARTESIAN_POINT('',(-4.125,3.35,-0.1));
#6237=CARTESIAN_POINT('Origin',(-3.8,3.225,-0.05));
#6238=CARTESIAN_POINT('',(-3.85,3.225,0.));
#6239=CARTESIAN_POINT('Origin',(-3.75,2.85,0.));
#6240=CARTESIAN_POINT('',(-4.25,2.85,-5.75));
#6241=CARTESIAN_POINT('',(-4.25,2.85,0.));
#6242=CARTESIAN_POINT('',(-3.75,2.85,-5.75));
#6243=CARTESIAN_POINT('Origin',(-4.25,2.85,0.));
#6244=CARTESIAN_POINT('',(-4.25,2.6,-6.));
#6245=CARTESIAN_POINT('',(-4.25,2.6,-6.));
#6246=CARTESIAN_POINT('Origin',(-4.25,2.6,-5.75));
#6247=CARTESIAN_POINT('',(-4.25,3.35,-5.75));
#6248=CARTESIAN_POINT('',(-4.25,3.35,0.));
#6249=CARTESIAN_POINT('Origin',(-4.25,2.6,-5.75));
#6250=CARTESIAN_POINT('Origin',(-4.,3.1,0.));
#6251=CARTESIAN_POINT('Origin',(-3.75,2.6,-6.));
#6252=CARTESIAN_POINT('',(-3.75,2.6,-6.));
#6253=CARTESIAN_POINT('Origin',(-4.,2.6,-5.75));
#6254=CARTESIAN_POINT('Origin',(-4.,2.6,-5.75));
#6255=CARTESIAN_POINT('',(-4.25,3.35,-5.75));
#6256=CARTESIAN_POINT('Origin',(-4.25,3.35,0.));
#6257=CARTESIAN_POINT('Origin',(-2.125,-3.35,-6.45));
#6258=CARTESIAN_POINT('',(-1.85,-3.4,-6.4));
#6259=CARTESIAN_POINT('',(-2.15,-3.4,-6.4));
#6260=CARTESIAN_POINT('',(-2.125,-3.4,-6.4));
#6261=CARTESIAN_POINT('',(-2.25,-3.3,-6.5));
#6262=CARTESIAN_POINT('',(-2.15,-3.4,-6.4));
#6263=CARTESIAN_POINT('',(-1.75,-3.3,-6.5));
#6264=CARTESIAN_POINT('',(-2.125,-3.3,-6.5));
#6265=CARTESIAN_POINT('',(-1.85,-3.4,-6.4));
#6266=CARTESIAN_POINT('Origin',(-2.2,-3.35,-3.125));
#6267=CARTESIAN_POINT('',(-2.15,-3.4,-6.1));
#6268=CARTESIAN_POINT('',(-2.15,-3.4,-3.125));
#6269=CARTESIAN_POINT('',(-2.25,-3.3,-6.));
#6270=CARTESIAN_POINT('',(-2.15,-3.4,-6.1));
#6271=CARTESIAN_POINT('',(-2.25,-3.3,-3.125));
#6272=CARTESIAN_POINT('Origin',(-1.875,-3.35,-6.05));
#6273=CARTESIAN_POINT('',(-1.85,-3.4,-6.1));
#6274=CARTESIAN_POINT('',(-1.875,-3.4,-6.1));
#6275=CARTESIAN_POINT('',(-1.75,-3.3,-6.));
#6276=CARTESIAN_POINT('',(-1.85,-3.4,-6.1));
#6277=CARTESIAN_POINT('',(-1.875,-3.3,-6.));
#6278=CARTESIAN_POINT('Origin',(-1.8,-3.35,-3.125));
#6279=CARTESIAN_POINT('',(-1.75,-3.3,-3.125));
#6280=CARTESIAN_POINT('',(-1.85,-3.4,-3.125));
#6281=CARTESIAN_POINT('Origin',(-1.75,3.35,0.));
#6282=CARTESIAN_POINT('',(-1.75,2.6,-6.5));
#6283=CARTESIAN_POINT('',(-1.75,2.6,-6.5));
#6284=CARTESIAN_POINT('',(-1.75,3.35,-5.75));
#6285=CARTESIAN_POINT('Origin',(-1.75,2.6,-5.75));
#6286=CARTESIAN_POINT('',(-1.75,3.35,-0.1));
#6287=CARTESIAN_POINT('',(-1.75,3.35,0.));
#6288=CARTESIAN_POINT('',(-1.75,2.85,-0.1));
#6289=CARTESIAN_POINT('',(-1.75,3.225,-0.1));
#6290=CARTESIAN_POINT('',(-1.75,2.85,-5.75));
#6291=CARTESIAN_POINT('',(-1.75,2.85,0.));
#6292=CARTESIAN_POINT('',(-1.75,2.6,-6.));
#6293=CARTESIAN_POINT('Origin',(-1.75,2.6,-5.75));
#6294=CARTESIAN_POINT('',(-1.75,2.6,-6.));
#6295=CARTESIAN_POINT('Origin',(-2.25,2.6,-6.5));
#6296=CARTESIAN_POINT('',(-2.25,2.6,-6.5));
#6297=CARTESIAN_POINT('',(-2.25,2.6,-6.5));
#6298=CARTESIAN_POINT('',(-2.25,2.6,-6.5));
#6299=CARTESIAN_POINT('Origin',(-2.,-3.4,-6.25));
#6300=CARTESIAN_POINT('Origin',(-2.2,2.975,-0.05));
#6301=CARTESIAN_POINT('',(-2.25,3.35,-0.1));
#6302=CARTESIAN_POINT('',(-2.25,2.85,-0.1));
#6303=CARTESIAN_POINT('',(-2.25,2.975,-0.1));
#6304=CARTESIAN_POINT('',(-2.15,2.95,0.));
#6305=CARTESIAN_POINT('',(-2.25,2.85,-0.1));
#6306=CARTESIAN_POINT('',(-2.15,3.25,0.));
#6307=CARTESIAN_POINT('',(-2.15,2.975,0.));
#6308=CARTESIAN_POINT('',(-2.25,3.35,-0.1));
#6309=CARTESIAN_POINT('Origin',(-1.875,2.9,-0.05));
#6310=CARTESIAN_POINT('',(-1.875,2.85,-0.1));
#6311=CARTESIAN_POINT('',(-1.85,2.95,0.));
#6312=CARTESIAN_POINT('',(-1.75,2.85,-0.1));
#6313=CARTESIAN_POINT('',(-1.875,2.95,0.));
#6314=CARTESIAN_POINT('Origin',(-2.125,3.3,-0.05));
#6315=CARTESIAN_POINT('',(-1.85,3.25,0.));
#6316=CARTESIAN_POINT('',(-2.125,3.25,0.));
#6317=CARTESIAN_POINT('',(-1.85,3.25,0.));
#6318=CARTESIAN_POINT('',(-2.125,3.35,-0.1));
#6319=CARTESIAN_POINT('Origin',(-1.8,3.225,-0.05));
#6320=CARTESIAN_POINT('',(-1.85,3.225,0.));
#6321=CARTESIAN_POINT('Origin',(-1.75,2.85,0.));
#6322=CARTESIAN_POINT('',(-2.25,2.85,-5.75));
#6323=CARTESIAN_POINT('',(-2.25,2.85,0.));
#6324=CARTESIAN_POINT('',(-1.75,2.85,-5.75));
#6325=CARTESIAN_POINT('Origin',(-2.25,2.85,0.));
#6326=CARTESIAN_POINT('',(-2.25,2.6,-6.));
#6327=CARTESIAN_POINT('',(-2.25,2.6,-6.));
#6328=CARTESIAN_POINT('Origin',(-2.25,2.6,-5.75));
#6329=CARTESIAN_POINT('',(-2.25,3.35,-5.75));
#6330=CARTESIAN_POINT('',(-2.25,3.35,0.));
#6331=CARTESIAN_POINT('Origin',(-2.25,2.6,-5.75));
#6332=CARTESIAN_POINT('Origin',(-2.,3.1,0.));
#6333=CARTESIAN_POINT('Origin',(-1.75,2.6,-6.));
#6334=CARTESIAN_POINT('',(-1.75,2.6,-6.));
#6335=CARTESIAN_POINT('Origin',(-2.,2.6,-5.75));
#6336=CARTESIAN_POINT('Origin',(-2.,2.6,-5.75));
#6337=CARTESIAN_POINT('',(-2.25,3.35,-5.75));
#6338=CARTESIAN_POINT('Origin',(-2.25,3.35,0.));
#6339=CARTESIAN_POINT('Origin',(-0.125000000000004,-3.35,-6.45));
#6340=CARTESIAN_POINT('',(0.149999999999997,-3.4,-6.4));
#6341=CARTESIAN_POINT('',(-0.150000000000003,-3.4,-6.4));
#6342=CARTESIAN_POINT('',(-0.125000000000004,-3.4,-6.4));
#6343=CARTESIAN_POINT('',(-0.250000000000004,-3.3,-6.5));
#6344=CARTESIAN_POINT('',(-0.150000000000003,-3.4,-6.4));
#6345=CARTESIAN_POINT('',(0.249999999999997,-3.3,-6.5));
#6346=CARTESIAN_POINT('',(-0.125000000000004,-3.3,-6.5));
#6347=CARTESIAN_POINT('',(0.149999999999997,-3.4,-6.4));
#6348=CARTESIAN_POINT('Origin',(-0.200000000000004,-3.35,-3.125));
#6349=CARTESIAN_POINT('',(-0.150000000000003,-3.4,-6.1));
#6350=CARTESIAN_POINT('',(-0.150000000000003,-3.4,-3.125));
#6351=CARTESIAN_POINT('',(-0.250000000000004,-3.3,-6.));
#6352=CARTESIAN_POINT('',(-0.150000000000003,-3.4,-6.1));
#6353=CARTESIAN_POINT('',(-0.250000000000004,-3.3,-3.125));
#6354=CARTESIAN_POINT('Origin',(0.124999999999997,-3.35,-6.05));
#6355=CARTESIAN_POINT('',(0.149999999999997,-3.4,-6.1));
#6356=CARTESIAN_POINT('',(0.124999999999997,-3.4,-6.1));
#6357=CARTESIAN_POINT('',(0.249999999999997,-3.3,-6.));
#6358=CARTESIAN_POINT('',(0.149999999999997,-3.4,-6.1));
#6359=CARTESIAN_POINT('',(0.124999999999997,-3.3,-6.));
#6360=CARTESIAN_POINT('Origin',(0.199999999999997,-3.35,-3.125));
#6361=CARTESIAN_POINT('',(0.249999999999997,-3.3,-3.125));
#6362=CARTESIAN_POINT('',(0.149999999999997,-3.4,-3.125));
#6363=CARTESIAN_POINT('Origin',(0.249999999999997,3.35,0.));
#6364=CARTESIAN_POINT('',(0.249999999999997,2.6,-6.5));
#6365=CARTESIAN_POINT('',(0.249999999999997,2.6,-6.5));
#6366=CARTESIAN_POINT('',(0.249999999999997,3.35,-5.75));
#6367=CARTESIAN_POINT('Origin',(0.249999999999997,2.6,-5.75));
#6368=CARTESIAN_POINT('',(0.249999999999997,3.35,-0.1));
#6369=CARTESIAN_POINT('',(0.249999999999997,3.35,0.));
#6370=CARTESIAN_POINT('',(0.249999999999997,2.85,-0.1));
#6371=CARTESIAN_POINT('',(0.249999999999997,3.225,-0.1));
#6372=CARTESIAN_POINT('',(0.249999999999997,2.85,-5.75));
#6373=CARTESIAN_POINT('',(0.249999999999997,2.85,0.));
#6374=CARTESIAN_POINT('',(0.249999999999997,2.6,-6.));
#6375=CARTESIAN_POINT('Origin',(0.249999999999997,2.6,-5.75));
#6376=CARTESIAN_POINT('',(0.249999999999997,2.6,-6.));
#6377=CARTESIAN_POINT('Origin',(-0.250000000000004,2.6,-6.5));
#6378=CARTESIAN_POINT('',(-0.250000000000004,2.6,-6.5));
#6379=CARTESIAN_POINT('',(-0.250000000000004,2.6,-6.5));
#6380=CARTESIAN_POINT('',(-0.250000000000004,2.6,-6.5));
#6381=CARTESIAN_POINT('Origin',(-3.33066907387547E-15,-3.4,-6.25));
#6382=CARTESIAN_POINT('Origin',(-0.200000000000004,2.975,-0.05));
#6383=CARTESIAN_POINT('',(-0.250000000000004,3.35,-0.1));
#6384=CARTESIAN_POINT('',(-0.250000000000004,2.85,-0.1));
#6385=CARTESIAN_POINT('',(-0.250000000000004,2.975,-0.1));
#6386=CARTESIAN_POINT('',(-0.150000000000003,2.95,0.));
#6387=CARTESIAN_POINT('',(-0.250000000000004,2.85,-0.1));
#6388=CARTESIAN_POINT('',(-0.150000000000003,3.25,0.));
#6389=CARTESIAN_POINT('',(-0.150000000000003,2.975,0.));
#6390=CARTESIAN_POINT('',(-0.250000000000004,3.35,-0.1));
#6391=CARTESIAN_POINT('Origin',(0.124999999999997,2.9,-0.05));
#6392=CARTESIAN_POINT('',(0.124999999999997,2.85,-0.1));
#6393=CARTESIAN_POINT('',(0.149999999999997,2.95,0.));
#6394=CARTESIAN_POINT('',(0.249999999999997,2.85,-0.1));
#6395=CARTESIAN_POINT('',(0.124999999999997,2.95,0.));
#6396=CARTESIAN_POINT('Origin',(-0.125000000000004,3.3,-0.05));
#6397=CARTESIAN_POINT('',(0.149999999999997,3.25,0.));
#6398=CARTESIAN_POINT('',(-0.125000000000004,3.25,0.));
#6399=CARTESIAN_POINT('',(0.149999999999997,3.25,0.));
#6400=CARTESIAN_POINT('',(-0.125000000000004,3.35,-0.1));
#6401=CARTESIAN_POINT('Origin',(0.199999999999997,3.225,-0.05));
#6402=CARTESIAN_POINT('',(0.149999999999997,3.225,0.));
#6403=CARTESIAN_POINT('Origin',(0.249999999999997,2.85,0.));
#6404=CARTESIAN_POINT('',(-0.250000000000004,2.85,-5.75));
#6405=CARTESIAN_POINT('',(-0.250000000000004,2.85,0.));
#6406=CARTESIAN_POINT('',(0.249999999999997,2.85,-5.75));
#6407=CARTESIAN_POINT('Origin',(-0.250000000000004,2.85,0.));
#6408=CARTESIAN_POINT('',(-0.250000000000004,2.6,-6.));
#6409=CARTESIAN_POINT('',(-0.250000000000004,2.6,-6.));
#6410=CARTESIAN_POINT('Origin',(-0.250000000000004,2.6,-5.75));
#6411=CARTESIAN_POINT('',(-0.250000000000004,3.35,-5.75));
#6412=CARTESIAN_POINT('',(-0.250000000000004,3.35,0.));
#6413=CARTESIAN_POINT('Origin',(-0.250000000000004,2.6,-5.75));
#6414=CARTESIAN_POINT('Origin',(-3.33066907387547E-15,3.1,0.));
#6415=CARTESIAN_POINT('Origin',(0.249999999999997,2.6,-6.));
#6416=CARTESIAN_POINT('',(0.249999999999997,2.6,-6.));
#6417=CARTESIAN_POINT('Origin',(-3.33066907387547E-15,2.6,-5.75));
#6418=CARTESIAN_POINT('Origin',(-3.33066907387547E-15,2.6,-5.75));
#6419=CARTESIAN_POINT('',(-0.250000000000004,3.35,-5.75));
#6420=CARTESIAN_POINT('Origin',(-0.250000000000004,3.35,0.));
#6421=CARTESIAN_POINT('Origin',(1.875,-3.35,-6.45));
#6422=CARTESIAN_POINT('',(2.15,-3.4,-6.4));
#6423=CARTESIAN_POINT('',(1.85,-3.4,-6.4));
#6424=CARTESIAN_POINT('',(1.875,-3.4,-6.4));
#6425=CARTESIAN_POINT('',(1.75,-3.3,-6.5));
#6426=CARTESIAN_POINT('',(1.85,-3.4,-6.4));
#6427=CARTESIAN_POINT('',(2.25,-3.3,-6.5));
#6428=CARTESIAN_POINT('',(1.875,-3.3,-6.5));
#6429=CARTESIAN_POINT('',(2.15,-3.4,-6.4));
#6430=CARTESIAN_POINT('Origin',(1.8,-3.35,-3.125));
#6431=CARTESIAN_POINT('',(1.85,-3.4,-6.1));
#6432=CARTESIAN_POINT('',(1.85,-3.4,-3.125));
#6433=CARTESIAN_POINT('',(1.75,-3.3,-6.));
#6434=CARTESIAN_POINT('',(1.85,-3.4,-6.1));
#6435=CARTESIAN_POINT('',(1.75,-3.3,-3.125));
#6436=CARTESIAN_POINT('Origin',(2.125,-3.35,-6.05));
#6437=CARTESIAN_POINT('',(2.15,-3.4,-6.1));
#6438=CARTESIAN_POINT('',(2.125,-3.4,-6.1));
#6439=CARTESIAN_POINT('',(2.25,-3.3,-6.));
#6440=CARTESIAN_POINT('',(2.15,-3.4,-6.1));
#6441=CARTESIAN_POINT('',(2.125,-3.3,-6.));
#6442=CARTESIAN_POINT('Origin',(2.2,-3.35,-3.125));
#6443=CARTESIAN_POINT('',(2.25,-3.3,-3.125));
#6444=CARTESIAN_POINT('',(2.15,-3.4,-3.125));
#6445=CARTESIAN_POINT('Origin',(2.25,3.35,0.));
#6446=CARTESIAN_POINT('',(2.25,2.6,-6.5));
#6447=CARTESIAN_POINT('',(2.25,2.6,-6.5));
#6448=CARTESIAN_POINT('',(2.25,3.35,-5.75));
#6449=CARTESIAN_POINT('Origin',(2.25,2.6,-5.75));
#6450=CARTESIAN_POINT('',(2.25,3.35,-0.1));
#6451=CARTESIAN_POINT('',(2.25,3.35,0.));
#6452=CARTESIAN_POINT('',(2.25,2.85,-0.1));
#6453=CARTESIAN_POINT('',(2.25,3.225,-0.1));
#6454=CARTESIAN_POINT('',(2.25,2.85,-5.75));
#6455=CARTESIAN_POINT('',(2.25,2.85,0.));
#6456=CARTESIAN_POINT('',(2.25,2.6,-6.));
#6457=CARTESIAN_POINT('Origin',(2.25,2.6,-5.75));
#6458=CARTESIAN_POINT('',(2.25,2.6,-6.));
#6459=CARTESIAN_POINT('Origin',(1.75,2.6,-6.5));
#6460=CARTESIAN_POINT('',(1.75,2.6,-6.5));
#6461=CARTESIAN_POINT('',(1.75,2.6,-6.5));
#6462=CARTESIAN_POINT('',(1.75,2.6,-6.5));
#6463=CARTESIAN_POINT('Origin',(2.,-3.4,-6.25));
#6464=CARTESIAN_POINT('Origin',(1.8,2.975,-0.05));
#6465=CARTESIAN_POINT('',(1.75,3.35,-0.1));
#6466=CARTESIAN_POINT('',(1.75,2.85,-0.1));
#6467=CARTESIAN_POINT('',(1.75,2.975,-0.1));
#6468=CARTESIAN_POINT('',(1.85,2.95,0.));
#6469=CARTESIAN_POINT('',(1.75,2.85,-0.1));
#6470=CARTESIAN_POINT('',(1.85,3.25,0.));
#6471=CARTESIAN_POINT('',(1.85,2.975,0.));
#6472=CARTESIAN_POINT('',(1.75,3.35,-0.1));
#6473=CARTESIAN_POINT('Origin',(2.125,2.9,-0.05));
#6474=CARTESIAN_POINT('',(2.125,2.85,-0.1));
#6475=CARTESIAN_POINT('',(2.15,2.95,0.));
#6476=CARTESIAN_POINT('',(2.25,2.85,-0.1));
#6477=CARTESIAN_POINT('',(2.125,2.95,0.));
#6478=CARTESIAN_POINT('Origin',(1.875,3.3,-0.05));
#6479=CARTESIAN_POINT('',(2.15,3.25,0.));
#6480=CARTESIAN_POINT('',(1.875,3.25,0.));
#6481=CARTESIAN_POINT('',(2.15,3.25,0.));
#6482=CARTESIAN_POINT('',(1.875,3.35,-0.1));
#6483=CARTESIAN_POINT('Origin',(2.2,3.225,-0.05));
#6484=CARTESIAN_POINT('',(2.15,3.225,0.));
#6485=CARTESIAN_POINT('Origin',(2.25,2.85,0.));
#6486=CARTESIAN_POINT('',(1.75,2.85,-5.75));
#6487=CARTESIAN_POINT('',(1.75,2.85,0.));
#6488=CARTESIAN_POINT('',(2.25,2.85,-5.75));
#6489=CARTESIAN_POINT('Origin',(1.75,2.85,0.));
#6490=CARTESIAN_POINT('',(1.75,2.6,-6.));
#6491=CARTESIAN_POINT('',(1.75,2.6,-6.));
#6492=CARTESIAN_POINT('Origin',(1.75,2.6,-5.75));
#6493=CARTESIAN_POINT('',(1.75,3.35,-5.75));
#6494=CARTESIAN_POINT('',(1.75,3.35,0.));
#6495=CARTESIAN_POINT('Origin',(1.75,2.6,-5.75));
#6496=CARTESIAN_POINT('Origin',(2.,3.1,0.));
#6497=CARTESIAN_POINT('Origin',(2.25,2.6,-6.));
#6498=CARTESIAN_POINT('',(2.25,2.6,-6.));
#6499=CARTESIAN_POINT('Origin',(2.,2.6,-5.75));
#6500=CARTESIAN_POINT('Origin',(2.,2.6,-5.75));
#6501=CARTESIAN_POINT('',(1.75,3.35,-5.75));
#6502=CARTESIAN_POINT('Origin',(1.75,3.35,0.));
#6503=CARTESIAN_POINT('Origin',(3.875,-3.35,-6.45));
#6504=CARTESIAN_POINT('',(4.15,-3.4,-6.4));
#6505=CARTESIAN_POINT('',(3.85,-3.4,-6.4));
#6506=CARTESIAN_POINT('',(3.875,-3.4,-6.4));
#6507=CARTESIAN_POINT('',(3.75,-3.3,-6.5));
#6508=CARTESIAN_POINT('',(3.85,-3.4,-6.4));
#6509=CARTESIAN_POINT('',(4.25,-3.3,-6.5));
#6510=CARTESIAN_POINT('',(3.875,-3.3,-6.5));
#6511=CARTESIAN_POINT('',(4.15,-3.4,-6.4));
#6512=CARTESIAN_POINT('Origin',(3.8,-3.35,-3.125));
#6513=CARTESIAN_POINT('',(3.85,-3.4,-6.1));
#6514=CARTESIAN_POINT('',(3.85,-3.4,-3.125));
#6515=CARTESIAN_POINT('',(3.75,-3.3,-6.));
#6516=CARTESIAN_POINT('',(3.85,-3.4,-6.1));
#6517=CARTESIAN_POINT('',(3.75,-3.3,-3.125));
#6518=CARTESIAN_POINT('Origin',(4.125,-3.35,-6.05));
#6519=CARTESIAN_POINT('',(4.15,-3.4,-6.1));
#6520=CARTESIAN_POINT('',(4.125,-3.4,-6.1));
#6521=CARTESIAN_POINT('',(4.25,-3.3,-6.));
#6522=CARTESIAN_POINT('',(4.15,-3.4,-6.1));
#6523=CARTESIAN_POINT('',(4.125,-3.3,-6.));
#6524=CARTESIAN_POINT('Origin',(4.2,-3.35,-3.125));
#6525=CARTESIAN_POINT('',(4.25,-3.3,-3.125));
#6526=CARTESIAN_POINT('',(4.15,-3.4,-3.125));
#6527=CARTESIAN_POINT('Origin',(4.25,3.35,0.));
#6528=CARTESIAN_POINT('',(4.25,2.6,-6.5));
#6529=CARTESIAN_POINT('',(4.25,2.6,-6.5));
#6530=CARTESIAN_POINT('',(4.25,3.35,-5.75));
#6531=CARTESIAN_POINT('Origin',(4.25,2.6,-5.75));
#6532=CARTESIAN_POINT('',(4.25,3.35,-0.1));
#6533=CARTESIAN_POINT('',(4.25,3.35,0.));
#6534=CARTESIAN_POINT('',(4.25,2.85,-0.1));
#6535=CARTESIAN_POINT('',(4.25,3.225,-0.1));
#6536=CARTESIAN_POINT('',(4.25,2.85,-5.75));
#6537=CARTESIAN_POINT('',(4.25,2.85,0.));
#6538=CARTESIAN_POINT('',(4.25,2.6,-6.));
#6539=CARTESIAN_POINT('Origin',(4.25,2.6,-5.75));
#6540=CARTESIAN_POINT('',(4.25,2.6,-6.));
#6541=CARTESIAN_POINT('Origin',(3.75,2.6,-6.5));
#6542=CARTESIAN_POINT('',(3.75,2.6,-6.5));
#6543=CARTESIAN_POINT('',(3.75,2.6,-6.5));
#6544=CARTESIAN_POINT('',(3.75,2.6,-6.5));
#6545=CARTESIAN_POINT('Origin',(4.,-3.4,-6.25));
#6546=CARTESIAN_POINT('Origin',(3.8,2.975,-0.05));
#6547=CARTESIAN_POINT('',(3.75,3.35,-0.1));
#6548=CARTESIAN_POINT('',(3.75,2.85,-0.1));
#6549=CARTESIAN_POINT('',(3.75,2.975,-0.1));
#6550=CARTESIAN_POINT('',(3.85,2.95,0.));
#6551=CARTESIAN_POINT('',(3.75,2.85,-0.1));
#6552=CARTESIAN_POINT('',(3.85,3.25,0.));
#6553=CARTESIAN_POINT('',(3.85,2.975,0.));
#6554=CARTESIAN_POINT('',(3.75,3.35,-0.1));
#6555=CARTESIAN_POINT('Origin',(4.125,2.9,-0.05));
#6556=CARTESIAN_POINT('',(4.125,2.85,-0.1));
#6557=CARTESIAN_POINT('',(4.15,2.95,0.));
#6558=CARTESIAN_POINT('',(4.25,2.85,-0.1));
#6559=CARTESIAN_POINT('',(4.125,2.95,0.));
#6560=CARTESIAN_POINT('Origin',(3.875,3.3,-0.05));
#6561=CARTESIAN_POINT('',(4.15,3.25,0.));
#6562=CARTESIAN_POINT('',(3.875,3.25,0.));
#6563=CARTESIAN_POINT('',(4.15,3.25,0.));
#6564=CARTESIAN_POINT('',(3.875,3.35,-0.1));
#6565=CARTESIAN_POINT('Origin',(4.2,3.225,-0.05));
#6566=CARTESIAN_POINT('',(4.15,3.225,0.));
#6567=CARTESIAN_POINT('Origin',(4.25,2.85,0.));
#6568=CARTESIAN_POINT('',(3.75,2.85,-5.75));
#6569=CARTESIAN_POINT('',(3.75,2.85,0.));
#6570=CARTESIAN_POINT('',(4.25,2.85,-5.75));
#6571=CARTESIAN_POINT('Origin',(3.75,2.85,0.));
#6572=CARTESIAN_POINT('',(3.75,2.6,-6.));
#6573=CARTESIAN_POINT('',(3.75,2.6,-6.));
#6574=CARTESIAN_POINT('Origin',(3.75,2.6,-5.75));
#6575=CARTESIAN_POINT('',(3.75,3.35,-5.75));
#6576=CARTESIAN_POINT('',(3.75,3.35,0.));
#6577=CARTESIAN_POINT('Origin',(3.75,2.6,-5.75));
#6578=CARTESIAN_POINT('Origin',(4.,3.1,0.));
#6579=CARTESIAN_POINT('Origin',(4.25,2.6,-6.));
#6580=CARTESIAN_POINT('',(4.25,2.6,-6.));
#6581=CARTESIAN_POINT('Origin',(4.,2.6,-5.75));
#6582=CARTESIAN_POINT('Origin',(4.,2.6,-5.75));
#6583=CARTESIAN_POINT('',(3.75,3.35,-5.75));
#6584=CARTESIAN_POINT('Origin',(3.75,3.35,0.));
#6585=CARTESIAN_POINT('Origin',(5.875,-3.35,-6.45));
#6586=CARTESIAN_POINT('',(6.15,-3.4,-6.4));
#6587=CARTESIAN_POINT('',(5.85,-3.4,-6.4));
#6588=CARTESIAN_POINT('',(5.875,-3.4,-6.4));
#6589=CARTESIAN_POINT('',(5.75,-3.3,-6.5));
#6590=CARTESIAN_POINT('',(5.85,-3.4,-6.4));
#6591=CARTESIAN_POINT('',(6.25,-3.3,-6.5));
#6592=CARTESIAN_POINT('',(5.875,-3.3,-6.5));
#6593=CARTESIAN_POINT('',(6.15,-3.4,-6.4));
#6594=CARTESIAN_POINT('Origin',(5.8,-3.35,-3.125));
#6595=CARTESIAN_POINT('',(5.85,-3.4,-6.1));
#6596=CARTESIAN_POINT('',(5.85,-3.4,-3.125));
#6597=CARTESIAN_POINT('',(5.75,-3.3,-6.));
#6598=CARTESIAN_POINT('',(5.85,-3.4,-6.1));
#6599=CARTESIAN_POINT('',(5.75,-3.3,-3.125));
#6600=CARTESIAN_POINT('Origin',(6.125,-3.35,-6.05));
#6601=CARTESIAN_POINT('',(6.15,-3.4,-6.1));
#6602=CARTESIAN_POINT('',(6.125,-3.4,-6.1));
#6603=CARTESIAN_POINT('',(6.25,-3.3,-6.));
#6604=CARTESIAN_POINT('',(6.15,-3.4,-6.1));
#6605=CARTESIAN_POINT('',(6.125,-3.3,-6.));
#6606=CARTESIAN_POINT('Origin',(6.2,-3.35,-3.125));
#6607=CARTESIAN_POINT('',(6.25,-3.3,-3.125));
#6608=CARTESIAN_POINT('',(6.15,-3.4,-3.125));
#6609=CARTESIAN_POINT('Origin',(6.25,3.35,0.));
#6610=CARTESIAN_POINT('',(6.25,2.6,-6.5));
#6611=CARTESIAN_POINT('',(6.25,2.6,-6.5));
#6612=CARTESIAN_POINT('',(6.25,3.35,-5.75));
#6613=CARTESIAN_POINT('Origin',(6.25,2.6,-5.75));
#6614=CARTESIAN_POINT('',(6.25,3.35,-0.1));
#6615=CARTESIAN_POINT('',(6.25,3.35,0.));
#6616=CARTESIAN_POINT('',(6.25,2.85,-0.1));
#6617=CARTESIAN_POINT('',(6.25,3.225,-0.1));
#6618=CARTESIAN_POINT('',(6.25,2.85,-5.75));
#6619=CARTESIAN_POINT('',(6.25,2.85,0.));
#6620=CARTESIAN_POINT('',(6.25,2.6,-6.));
#6621=CARTESIAN_POINT('Origin',(6.25,2.6,-5.75));
#6622=CARTESIAN_POINT('',(6.25,2.6,-6.));
#6623=CARTESIAN_POINT('Origin',(5.75,2.6,-6.5));
#6624=CARTESIAN_POINT('',(5.75,2.6,-6.5));
#6625=CARTESIAN_POINT('',(5.75,2.6,-6.5));
#6626=CARTESIAN_POINT('',(5.75,2.6,-6.5));
#6627=CARTESIAN_POINT('Origin',(6.,-3.4,-6.25));
#6628=CARTESIAN_POINT('Origin',(5.8,2.975,-0.05));
#6629=CARTESIAN_POINT('',(5.75,3.35,-0.1));
#6630=CARTESIAN_POINT('',(5.75,2.85,-0.1));
#6631=CARTESIAN_POINT('',(5.75,2.975,-0.1));
#6632=CARTESIAN_POINT('',(5.85,2.95,0.));
#6633=CARTESIAN_POINT('',(5.75,2.85,-0.1));
#6634=CARTESIAN_POINT('',(5.85,3.25,0.));
#6635=CARTESIAN_POINT('',(5.85,2.975,0.));
#6636=CARTESIAN_POINT('',(5.75,3.35,-0.1));
#6637=CARTESIAN_POINT('Origin',(6.125,2.9,-0.05));
#6638=CARTESIAN_POINT('',(6.125,2.85,-0.1));
#6639=CARTESIAN_POINT('',(6.15,2.95,0.));
#6640=CARTESIAN_POINT('',(6.25,2.85,-0.1));
#6641=CARTESIAN_POINT('',(6.125,2.95,0.));
#6642=CARTESIAN_POINT('Origin',(5.875,3.3,-0.05));
#6643=CARTESIAN_POINT('',(6.15,3.25,0.));
#6644=CARTESIAN_POINT('',(5.875,3.25,0.));
#6645=CARTESIAN_POINT('',(6.15,3.25,0.));
#6646=CARTESIAN_POINT('',(5.875,3.35,-0.1));
#6647=CARTESIAN_POINT('Origin',(6.2,3.225,-0.05));
#6648=CARTESIAN_POINT('',(6.15,3.225,0.));
#6649=CARTESIAN_POINT('Origin',(6.25,2.85,0.));
#6650=CARTESIAN_POINT('',(5.75,2.85,-5.75));
#6651=CARTESIAN_POINT('',(5.75,2.85,0.));
#6652=CARTESIAN_POINT('',(6.25,2.85,-5.75));
#6653=CARTESIAN_POINT('Origin',(5.75,2.85,0.));
#6654=CARTESIAN_POINT('',(5.75,2.6,-6.));
#6655=CARTESIAN_POINT('',(5.75,2.6,-6.));
#6656=CARTESIAN_POINT('Origin',(5.75,2.6,-5.75));
#6657=CARTESIAN_POINT('',(5.75,3.35,-5.75));
#6658=CARTESIAN_POINT('',(5.75,3.35,0.));
#6659=CARTESIAN_POINT('Origin',(5.75,2.6,-5.75));
#6660=CARTESIAN_POINT('Origin',(6.,3.1,0.));
#6661=CARTESIAN_POINT('Origin',(6.25,2.6,-6.));
#6662=CARTESIAN_POINT('',(6.25,2.6,-6.));
#6663=CARTESIAN_POINT('Origin',(6.,2.6,-5.75));
#6664=CARTESIAN_POINT('Origin',(6.,2.6,-5.75));
#6665=CARTESIAN_POINT('',(5.75,3.35,-5.75));
#6666=CARTESIAN_POINT('Origin',(5.75,3.35,0.));
#6667=UNCERTAINTY_MEASURE_WITH_UNIT(LENGTH_MEASURE(0.01),#6673,
'DISTANCE_ACCURACY_VALUE',
'Maximum model space distance between geometric entities at asserted c
onnectivities');
#6668=UNCERTAINTY_MEASURE_WITH_UNIT(LENGTH_MEASURE(0.01),#6673,
'DISTANCE_ACCURACY_VALUE',
'Maximum model space distance between geometric entities at asserted c
onnectivities');
#6669=(
GEOMETRIC_REPRESENTATION_CONTEXT(3)
GLOBAL_UNCERTAINTY_ASSIGNED_CONTEXT((#6667))
GLOBAL_UNIT_ASSIGNED_CONTEXT((#6673,#6672,#6671))
REPRESENTATION_CONTEXT('','3D')
);
#6670=(
GEOMETRIC_REPRESENTATION_CONTEXT(3)
GLOBAL_UNCERTAINTY_ASSIGNED_CONTEXT((#6668))
GLOBAL_UNIT_ASSIGNED_CONTEXT((#6673,#6672,#6671))
REPRESENTATION_CONTEXT('','3D')
);
#6671=(
NAMED_UNIT(*)
SI_UNIT($,.STERADIAN.)
SOLID_ANGLE_UNIT()
);
#6672=(
NAMED_UNIT(*)
PLANE_ANGLE_UNIT()
SI_UNIT($,.RADIAN.)
);
#6673=(
LENGTH_UNIT()
NAMED_UNIT(*)
SI_UNIT(.MILLI.,.METRE.)
);
#6674=SHAPE_DEFINITION_REPRESENTATION(#6675,#6676);
#6675=PRODUCT_DEFINITION_SHAPE('',$,#6678);
#6676=SHAPE_REPRESENTATION('',(#4189),#6669);
#6677=PRODUCT_DEFINITION_CONTEXT('part definition',#6682,'design');
#6678=PRODUCT_DEFINITION('S3B-PH-KL v4','S3B-PH-KL v4',#6679,#6677);
#6679=PRODUCT_DEFINITION_FORMATION('',$,#6684);
#6680=PRODUCT_RELATED_PRODUCT_CATEGORY('S3B-PH-KL v4','S3B-PH-KL v4',(#6684));
#6681=APPLICATION_PROTOCOL_DEFINITION('international standard',
'automotive_design',2009,#6682);
#6682=APPLICATION_CONTEXT(
'Core Data for Automotive Mechanical Design Process');
#6683=PRODUCT_CONTEXT('part definition',#6682,'mechanical');
#6684=PRODUCT('S3B-PH-KL v4','S3B-PH-KL v4',$,(#6683));
#6685=PRESENTATION_STYLE_ASSIGNMENT((#6688));
#6686=PRESENTATION_STYLE_ASSIGNMENT((#6689));
#6687=PRESENTATION_STYLE_ASSIGNMENT((#6690));
#6688=SURFACE_STYLE_USAGE(.BOTH.,#6691);
#6689=SURFACE_STYLE_USAGE(.BOTH.,#6692);
#6690=SURFACE_STYLE_USAGE(.BOTH.,#6693);
#6691=SURFACE_SIDE_STYLE('',(#6694));
#6692=SURFACE_SIDE_STYLE('',(#6695));
#6693=SURFACE_SIDE_STYLE('',(#6696));
#6694=SURFACE_STYLE_FILL_AREA(#6697);
#6695=SURFACE_STYLE_FILL_AREA(#6698);
#6696=SURFACE_STYLE_FILL_AREA(#6699);
#6697=FILL_AREA_STYLE('ABS (White)',(#6700));
#6698=FILL_AREA_STYLE('Nylon 6-6 (White)',(#6701));
#6699=FILL_AREA_STYLE('Brass - Polished',(#6702));
#6700=FILL_AREA_STYLE_COLOUR('ABS (White)',#6703);
#6701=FILL_AREA_STYLE_COLOUR('Nylon 6-6 (White)',#6704);
#6702=FILL_AREA_STYLE_COLOUR('Brass - Polished',#6705);
#6703=COLOUR_RGB('ABS (White)',0.964705882352941,0.964705882352941,0.952941176470588);
#6704=COLOUR_RGB('Nylon 6-6 (White)',0.972549019607843,0.968627450980392,
0.929411764705882);
#6705=COLOUR_RGB('Brass - Polished',0.952941176470588,0.796078431372549,
0.486274509803922);
ENDSEC;
END-ISO-10303-21;
