ISO-10303-21;
HEADER;
/* Generated by software containing ST-Developer
 * from STEP Tools, Inc. (www.steptools.com) 
 */

FILE_DESCRIPTION(
/* description */ (''),
/* implementation_level */ '2;1');

FILE_NAME(
/* name */ '/Users/kubota/GitHub/con-jst/PH/TH-SIDE/S8B-PH-KL.stp',
/* time_stamp */ '2017-04-07T20:51:18+09:00',
/* author */ (''),
/* organization */ (''),
/* preprocessor_version */ 'ST-DEVELOPER v16.5',
/* originating_system */ 'Autodesk Translation Framework v5.2.0.2920',
/* authorisation */ '');

FILE_SCHEMA (('AUTOMOTIVE_DESIGN { 1 0 10303 214 3 1 1 }'));
ENDSEC;

DATA;
#10=MECHANICAL_DESIGN_GEOMETRIC_PRESENTATION_REPRESENTATION('',(#61,#62,
#63,#64,#67,#68,#69,#65,#66),#7417);
#11=SHAPE_REPRESENTATION_RELATIONSHIP('SRR','None',#7423,#12);
#12=ADVANCED_BREP_SHAPE_REPRESENTATION('',(#70,#71,#72,#73,#74,#75,#76,
#77,#78),#7416);
#13=CYLINDRICAL_SURFACE('',#4782,0.25);
#14=CYLINDRICAL_SURFACE('',#4783,0.75);
#15=CYLINDRICAL_SURFACE('',#4804,0.25);
#16=CYLINDRICAL_SURFACE('',#4805,0.75);
#17=CYLINDRICAL_SURFACE('',#4826,0.25);
#18=CYLINDRICAL_SURFACE('',#4827,0.75);
#19=CYLINDRICAL_SURFACE('',#4848,0.25);
#20=CYLINDRICAL_SURFACE('',#4849,0.75);
#21=CYLINDRICAL_SURFACE('',#4870,0.25);
#22=CYLINDRICAL_SURFACE('',#4871,0.75);
#23=CYLINDRICAL_SURFACE('',#4892,0.25);
#24=CYLINDRICAL_SURFACE('',#4893,0.75);
#25=CYLINDRICAL_SURFACE('',#4914,0.25);
#26=CYLINDRICAL_SURFACE('',#4915,0.75);
#27=CYLINDRICAL_SURFACE('',#4936,0.25);
#28=CYLINDRICAL_SURFACE('',#4937,0.75);
#29=CIRCLE('',#4768,0.749999999999998);
#30=CIRCLE('',#4769,0.249999999999999);
#31=CIRCLE('',#4778,0.249999999999999);
#32=CIRCLE('',#4779,0.749999999999999);
#33=CIRCLE('',#4790,0.749999999999998);
#34=CIRCLE('',#4791,0.249999999999999);
#35=CIRCLE('',#4800,0.249999999999999);
#36=CIRCLE('',#4801,0.749999999999999);
#37=CIRCLE('',#4812,0.749999999999998);
#38=CIRCLE('',#4813,0.249999999999999);
#39=CIRCLE('',#4822,0.249999999999999);
#40=CIRCLE('',#4823,0.749999999999999);
#41=CIRCLE('',#4834,0.749999999999998);
#42=CIRCLE('',#4835,0.249999999999999);
#43=CIRCLE('',#4844,0.249999999999999);
#44=CIRCLE('',#4845,0.749999999999999);
#45=CIRCLE('',#4856,0.749999999999998);
#46=CIRCLE('',#4857,0.249999999999999);
#47=CIRCLE('',#4866,0.249999999999999);
#48=CIRCLE('',#4867,0.749999999999999);
#49=CIRCLE('',#4878,0.749999999999998);
#50=CIRCLE('',#4879,0.249999999999999);
#51=CIRCLE('',#4888,0.249999999999999);
#52=CIRCLE('',#4889,0.749999999999999);
#53=CIRCLE('',#4900,0.749999999999998);
#54=CIRCLE('',#4901,0.249999999999999);
#55=CIRCLE('',#4910,0.249999999999999);
#56=CIRCLE('',#4911,0.749999999999999);
#57=CIRCLE('',#4922,0.749999999999998);
#58=CIRCLE('',#4923,0.249999999999999);
#59=CIRCLE('',#4932,0.249999999999999);
#60=CIRCLE('',#4933,0.749999999999999);
#61=STYLED_ITEM('',(#7433),#70);
#62=STYLED_ITEM('',(#7434),#71);
#63=STYLED_ITEM('',(#7434),#72);
#64=STYLED_ITEM('',(#7434),#73);
#65=STYLED_ITEM('',(#7434),#74);
#66=STYLED_ITEM('',(#7434),#75);
#67=STYLED_ITEM('',(#7434),#76);
#68=STYLED_ITEM('',(#7434),#77);
#69=STYLED_ITEM('',(#7434),#78);
#70=MANIFOLD_SOLID_BREP('Body1',#4647);
#71=MANIFOLD_SOLID_BREP('Body2',#4648);
#72=MANIFOLD_SOLID_BREP('Body3',#4649);
#73=MANIFOLD_SOLID_BREP('Body25',#4650);
#74=MANIFOLD_SOLID_BREP('Body26',#4651);
#75=MANIFOLD_SOLID_BREP('Body27',#4652);
#76=MANIFOLD_SOLID_BREP('Body28',#4653);
#77=MANIFOLD_SOLID_BREP('Body29',#4654);
#78=MANIFOLD_SOLID_BREP('Body30',#4655);
#79=FACE_BOUND('',#361,.T.);
#80=FACE_BOUND('',#375,.T.);
#81=FACE_BOUND('',#391,.T.);
#82=FACE_BOUND('',#400,.T.);
#83=FACE_BOUND('',#409,.T.);
#84=FACE_BOUND('',#418,.T.);
#85=FACE_BOUND('',#427,.T.);
#86=FACE_BOUND('',#436,.T.);
#87=FACE_BOUND('',#452,.T.);
#88=FACE_BOUND('',#453,.T.);
#89=FACE_BOUND('',#454,.T.);
#90=FACE_BOUND('',#455,.T.);
#91=FACE_BOUND('',#456,.T.);
#92=FACE_BOUND('',#457,.T.);
#93=FACE_BOUND('',#458,.T.);
#94=FACE_BOUND('',#459,.T.);
#95=FACE_OUTER_BOUND('',#345,.T.);
#96=FACE_OUTER_BOUND('',#346,.T.);
#97=FACE_OUTER_BOUND('',#347,.T.);
#98=FACE_OUTER_BOUND('',#348,.T.);
#99=FACE_OUTER_BOUND('',#349,.T.);
#100=FACE_OUTER_BOUND('',#350,.T.);
#101=FACE_OUTER_BOUND('',#351,.T.);
#102=FACE_OUTER_BOUND('',#352,.T.);
#103=FACE_OUTER_BOUND('',#353,.T.);
#104=FACE_OUTER_BOUND('',#354,.T.);
#105=FACE_OUTER_BOUND('',#355,.T.);
#106=FACE_OUTER_BOUND('',#356,.T.);
#107=FACE_OUTER_BOUND('',#357,.T.);
#108=FACE_OUTER_BOUND('',#358,.T.);
#109=FACE_OUTER_BOUND('',#359,.T.);
#110=FACE_OUTER_BOUND('',#360,.T.);
#111=FACE_OUTER_BOUND('',#362,.T.);
#112=FACE_OUTER_BOUND('',#363,.T.);
#113=FACE_OUTER_BOUND('',#364,.T.);
#114=FACE_OUTER_BOUND('',#365,.T.);
#115=FACE_OUTER_BOUND('',#366,.T.);
#116=FACE_OUTER_BOUND('',#367,.T.);
#117=FACE_OUTER_BOUND('',#368,.T.);
#118=FACE_OUTER_BOUND('',#369,.T.);
#119=FACE_OUTER_BOUND('',#370,.T.);
#120=FACE_OUTER_BOUND('',#371,.T.);
#121=FACE_OUTER_BOUND('',#372,.T.);
#122=FACE_OUTER_BOUND('',#373,.T.);
#123=FACE_OUTER_BOUND('',#374,.T.);
#124=FACE_OUTER_BOUND('',#376,.T.);
#125=FACE_OUTER_BOUND('',#377,.T.);
#126=FACE_OUTER_BOUND('',#378,.T.);
#127=FACE_OUTER_BOUND('',#379,.T.);
#128=FACE_OUTER_BOUND('',#380,.T.);
#129=FACE_OUTER_BOUND('',#381,.T.);
#130=FACE_OUTER_BOUND('',#382,.T.);
#131=FACE_OUTER_BOUND('',#383,.T.);
#132=FACE_OUTER_BOUND('',#384,.T.);
#133=FACE_OUTER_BOUND('',#385,.T.);
#134=FACE_OUTER_BOUND('',#386,.T.);
#135=FACE_OUTER_BOUND('',#387,.T.);
#136=FACE_OUTER_BOUND('',#388,.T.);
#137=FACE_OUTER_BOUND('',#389,.T.);
#138=FACE_OUTER_BOUND('',#390,.T.);
#139=FACE_OUTER_BOUND('',#392,.T.);
#140=FACE_OUTER_BOUND('',#393,.T.);
#141=FACE_OUTER_BOUND('',#394,.T.);
#142=FACE_OUTER_BOUND('',#395,.T.);
#143=FACE_OUTER_BOUND('',#396,.T.);
#144=FACE_OUTER_BOUND('',#397,.T.);
#145=FACE_OUTER_BOUND('',#398,.T.);
#146=FACE_OUTER_BOUND('',#399,.T.);
#147=FACE_OUTER_BOUND('',#401,.T.);
#148=FACE_OUTER_BOUND('',#402,.T.);
#149=FACE_OUTER_BOUND('',#403,.T.);
#150=FACE_OUTER_BOUND('',#404,.T.);
#151=FACE_OUTER_BOUND('',#405,.T.);
#152=FACE_OUTER_BOUND('',#406,.T.);
#153=FACE_OUTER_BOUND('',#407,.T.);
#154=FACE_OUTER_BOUND('',#408,.T.);
#155=FACE_OUTER_BOUND('',#410,.T.);
#156=FACE_OUTER_BOUND('',#411,.T.);
#157=FACE_OUTER_BOUND('',#412,.T.);
#158=FACE_OUTER_BOUND('',#413,.T.);
#159=FACE_OUTER_BOUND('',#414,.T.);
#160=FACE_OUTER_BOUND('',#415,.T.);
#161=FACE_OUTER_BOUND('',#416,.T.);
#162=FACE_OUTER_BOUND('',#417,.T.);
#163=FACE_OUTER_BOUND('',#419,.T.);
#164=FACE_OUTER_BOUND('',#420,.T.);
#165=FACE_OUTER_BOUND('',#421,.T.);
#166=FACE_OUTER_BOUND('',#422,.T.);
#167=FACE_OUTER_BOUND('',#423,.T.);
#168=FACE_OUTER_BOUND('',#424,.T.);
#169=FACE_OUTER_BOUND('',#425,.T.);
#170=FACE_OUTER_BOUND('',#426,.T.);
#171=FACE_OUTER_BOUND('',#428,.T.);
#172=FACE_OUTER_BOUND('',#429,.T.);
#173=FACE_OUTER_BOUND('',#430,.T.);
#174=FACE_OUTER_BOUND('',#431,.T.);
#175=FACE_OUTER_BOUND('',#432,.T.);
#176=FACE_OUTER_BOUND('',#433,.T.);
#177=FACE_OUTER_BOUND('',#434,.T.);
#178=FACE_OUTER_BOUND('',#435,.T.);
#179=FACE_OUTER_BOUND('',#437,.T.);
#180=FACE_OUTER_BOUND('',#438,.T.);
#181=FACE_OUTER_BOUND('',#439,.T.);
#182=FACE_OUTER_BOUND('',#440,.T.);
#183=FACE_OUTER_BOUND('',#441,.T.);
#184=FACE_OUTER_BOUND('',#442,.T.);
#185=FACE_OUTER_BOUND('',#443,.T.);
#186=FACE_OUTER_BOUND('',#444,.T.);
#187=FACE_OUTER_BOUND('',#445,.T.);
#188=FACE_OUTER_BOUND('',#446,.T.);
#189=FACE_OUTER_BOUND('',#447,.T.);
#190=FACE_OUTER_BOUND('',#448,.T.);
#191=FACE_OUTER_BOUND('',#449,.T.);
#192=FACE_OUTER_BOUND('',#450,.T.);
#193=FACE_OUTER_BOUND('',#451,.T.);
#194=FACE_OUTER_BOUND('',#460,.T.);
#195=FACE_OUTER_BOUND('',#461,.T.);
#196=FACE_OUTER_BOUND('',#462,.T.);
#197=FACE_OUTER_BOUND('',#463,.T.);
#198=FACE_OUTER_BOUND('',#464,.T.);
#199=FACE_OUTER_BOUND('',#465,.T.);
#200=FACE_OUTER_BOUND('',#466,.T.);
#201=FACE_OUTER_BOUND('',#467,.T.);
#202=FACE_OUTER_BOUND('',#468,.T.);
#203=FACE_OUTER_BOUND('',#469,.T.);
#204=FACE_OUTER_BOUND('',#470,.T.);
#205=FACE_OUTER_BOUND('',#471,.T.);
#206=FACE_OUTER_BOUND('',#472,.T.);
#207=FACE_OUTER_BOUND('',#473,.T.);
#208=FACE_OUTER_BOUND('',#474,.T.);
#209=FACE_OUTER_BOUND('',#475,.T.);
#210=FACE_OUTER_BOUND('',#476,.T.);
#211=FACE_OUTER_BOUND('',#477,.T.);
#212=FACE_OUTER_BOUND('',#478,.T.);
#213=FACE_OUTER_BOUND('',#479,.T.);
#214=FACE_OUTER_BOUND('',#480,.T.);
#215=FACE_OUTER_BOUND('',#481,.T.);
#216=FACE_OUTER_BOUND('',#482,.T.);
#217=FACE_OUTER_BOUND('',#483,.T.);
#218=FACE_OUTER_BOUND('',#484,.T.);
#219=FACE_OUTER_BOUND('',#485,.T.);
#220=FACE_OUTER_BOUND('',#486,.T.);
#221=FACE_OUTER_BOUND('',#487,.T.);
#222=FACE_OUTER_BOUND('',#488,.T.);
#223=FACE_OUTER_BOUND('',#489,.T.);
#224=FACE_OUTER_BOUND('',#490,.T.);
#225=FACE_OUTER_BOUND('',#491,.T.);
#226=FACE_OUTER_BOUND('',#492,.T.);
#227=FACE_OUTER_BOUND('',#493,.T.);
#228=FACE_OUTER_BOUND('',#494,.T.);
#229=FACE_OUTER_BOUND('',#495,.T.);
#230=FACE_OUTER_BOUND('',#496,.T.);
#231=FACE_OUTER_BOUND('',#497,.T.);
#232=FACE_OUTER_BOUND('',#498,.T.);
#233=FACE_OUTER_BOUND('',#499,.T.);
#234=FACE_OUTER_BOUND('',#500,.T.);
#235=FACE_OUTER_BOUND('',#501,.T.);
#236=FACE_OUTER_BOUND('',#502,.T.);
#237=FACE_OUTER_BOUND('',#503,.T.);
#238=FACE_OUTER_BOUND('',#504,.T.);
#239=FACE_OUTER_BOUND('',#505,.T.);
#240=FACE_OUTER_BOUND('',#506,.T.);
#241=FACE_OUTER_BOUND('',#507,.T.);
#242=FACE_OUTER_BOUND('',#508,.T.);
#243=FACE_OUTER_BOUND('',#509,.T.);
#244=FACE_OUTER_BOUND('',#510,.T.);
#245=FACE_OUTER_BOUND('',#511,.T.);
#246=FACE_OUTER_BOUND('',#512,.T.);
#247=FACE_OUTER_BOUND('',#513,.T.);
#248=FACE_OUTER_BOUND('',#514,.T.);
#249=FACE_OUTER_BOUND('',#515,.T.);
#250=FACE_OUTER_BOUND('',#516,.T.);
#251=FACE_OUTER_BOUND('',#517,.T.);
#252=FACE_OUTER_BOUND('',#518,.T.);
#253=FACE_OUTER_BOUND('',#519,.T.);
#254=FACE_OUTER_BOUND('',#520,.T.);
#255=FACE_OUTER_BOUND('',#521,.T.);
#256=FACE_OUTER_BOUND('',#522,.T.);
#257=FACE_OUTER_BOUND('',#523,.T.);
#258=FACE_OUTER_BOUND('',#524,.T.);
#259=FACE_OUTER_BOUND('',#525,.T.);
#260=FACE_OUTER_BOUND('',#526,.T.);
#261=FACE_OUTER_BOUND('',#527,.T.);
#262=FACE_OUTER_BOUND('',#528,.T.);
#263=FACE_OUTER_BOUND('',#529,.T.);
#264=FACE_OUTER_BOUND('',#530,.T.);
#265=FACE_OUTER_BOUND('',#531,.T.);
#266=FACE_OUTER_BOUND('',#532,.T.);
#267=FACE_OUTER_BOUND('',#533,.T.);
#268=FACE_OUTER_BOUND('',#534,.T.);
#269=FACE_OUTER_BOUND('',#535,.T.);
#270=FACE_OUTER_BOUND('',#536,.T.);
#271=FACE_OUTER_BOUND('',#537,.T.);
#272=FACE_OUTER_BOUND('',#538,.T.);
#273=FACE_OUTER_BOUND('',#539,.T.);
#274=FACE_OUTER_BOUND('',#540,.T.);
#275=FACE_OUTER_BOUND('',#541,.T.);
#276=FACE_OUTER_BOUND('',#542,.T.);
#277=FACE_OUTER_BOUND('',#543,.T.);
#278=FACE_OUTER_BOUND('',#544,.T.);
#279=FACE_OUTER_BOUND('',#545,.T.);
#280=FACE_OUTER_BOUND('',#546,.T.);
#281=FACE_OUTER_BOUND('',#547,.T.);
#282=FACE_OUTER_BOUND('',#548,.T.);
#283=FACE_OUTER_BOUND('',#549,.T.);
#284=FACE_OUTER_BOUND('',#550,.T.);
#285=FACE_OUTER_BOUND('',#551,.T.);
#286=FACE_OUTER_BOUND('',#552,.T.);
#287=FACE_OUTER_BOUND('',#553,.T.);
#288=FACE_OUTER_BOUND('',#554,.T.);
#289=FACE_OUTER_BOUND('',#555,.T.);
#290=FACE_OUTER_BOUND('',#556,.T.);
#291=FACE_OUTER_BOUND('',#557,.T.);
#292=FACE_OUTER_BOUND('',#558,.T.);
#293=FACE_OUTER_BOUND('',#559,.T.);
#294=FACE_OUTER_BOUND('',#560,.T.);
#295=FACE_OUTER_BOUND('',#561,.T.);
#296=FACE_OUTER_BOUND('',#562,.T.);
#297=FACE_OUTER_BOUND('',#563,.T.);
#298=FACE_OUTER_BOUND('',#564,.T.);
#299=FACE_OUTER_BOUND('',#565,.T.);
#300=FACE_OUTER_BOUND('',#566,.T.);
#301=FACE_OUTER_BOUND('',#567,.T.);
#302=FACE_OUTER_BOUND('',#568,.T.);
#303=FACE_OUTER_BOUND('',#569,.T.);
#304=FACE_OUTER_BOUND('',#570,.T.);
#305=FACE_OUTER_BOUND('',#571,.T.);
#306=FACE_OUTER_BOUND('',#572,.T.);
#307=FACE_OUTER_BOUND('',#573,.T.);
#308=FACE_OUTER_BOUND('',#574,.T.);
#309=FACE_OUTER_BOUND('',#575,.T.);
#310=FACE_OUTER_BOUND('',#576,.T.);
#311=FACE_OUTER_BOUND('',#577,.T.);
#312=FACE_OUTER_BOUND('',#578,.T.);
#313=FACE_OUTER_BOUND('',#579,.T.);
#314=FACE_OUTER_BOUND('',#580,.T.);
#315=FACE_OUTER_BOUND('',#581,.T.);
#316=FACE_OUTER_BOUND('',#582,.T.);
#317=FACE_OUTER_BOUND('',#583,.T.);
#318=FACE_OUTER_BOUND('',#584,.T.);
#319=FACE_OUTER_BOUND('',#585,.T.);
#320=FACE_OUTER_BOUND('',#586,.T.);
#321=FACE_OUTER_BOUND('',#587,.T.);
#322=FACE_OUTER_BOUND('',#588,.T.);
#323=FACE_OUTER_BOUND('',#589,.T.);
#324=FACE_OUTER_BOUND('',#590,.T.);
#325=FACE_OUTER_BOUND('',#591,.T.);
#326=FACE_OUTER_BOUND('',#592,.T.);
#327=FACE_OUTER_BOUND('',#593,.T.);
#328=FACE_OUTER_BOUND('',#594,.T.);
#329=FACE_OUTER_BOUND('',#595,.T.);
#330=FACE_OUTER_BOUND('',#596,.T.);
#331=FACE_OUTER_BOUND('',#597,.T.);
#332=FACE_OUTER_BOUND('',#598,.T.);
#333=FACE_OUTER_BOUND('',#599,.T.);
#334=FACE_OUTER_BOUND('',#600,.T.);
#335=FACE_OUTER_BOUND('',#601,.T.);
#336=FACE_OUTER_BOUND('',#602,.T.);
#337=FACE_OUTER_BOUND('',#603,.T.);
#338=FACE_OUTER_BOUND('',#604,.T.);
#339=FACE_OUTER_BOUND('',#605,.T.);
#340=FACE_OUTER_BOUND('',#606,.T.);
#341=FACE_OUTER_BOUND('',#607,.T.);
#342=FACE_OUTER_BOUND('',#608,.T.);
#343=FACE_OUTER_BOUND('',#609,.T.);
#344=FACE_OUTER_BOUND('',#610,.T.);
#345=EDGE_LOOP('',(#2879,#2880,#2881,#2882));
#346=EDGE_LOOP('',(#2883,#2884,#2885,#2886));
#347=EDGE_LOOP('',(#2887,#2888,#2889,#2890));
#348=EDGE_LOOP('',(#2891,#2892,#2893,#2894));
#349=EDGE_LOOP('',(#2895,#2896,#2897,#2898));
#350=EDGE_LOOP('',(#2899,#2900,#2901,#2902));
#351=EDGE_LOOP('',(#2903,#2904,#2905,#2906,#2907,#2908,#2909,#2910,#2911,
#2912));
#352=EDGE_LOOP('',(#2913,#2914,#2915,#2916,#2917,#2918));
#353=EDGE_LOOP('',(#2919,#2920,#2921,#2922,#2923,#2924));
#354=EDGE_LOOP('',(#2925,#2926,#2927,#2928,#2929,#2930,#2931,#2932,#2933,
#2934));
#355=EDGE_LOOP('',(#2935,#2936,#2937,#2938));
#356=EDGE_LOOP('',(#2939,#2940,#2941,#2942,#2943,#2944));
#357=EDGE_LOOP('',(#2945,#2946,#2947,#2948));
#358=EDGE_LOOP('',(#2949,#2950,#2951,#2952,#2953,#2954));
#359=EDGE_LOOP('',(#2955,#2956,#2957,#2958,#2959,#2960,#2961,#2962));
#360=EDGE_LOOP('',(#2963,#2964,#2965,#2966,#2967,#2968));
#361=EDGE_LOOP('',(#2969,#2970,#2971,#2972));
#362=EDGE_LOOP('',(#2973,#2974,#2975,#2976,#2977,#2978,#2979,#2980,#2981,
#2982,#2983,#2984,#2985,#2986,#2987,#2988,#2989,#2990,#2991,#2992,#2993,
#2994,#2995,#2996,#2997,#2998,#2999,#3000,#3001,#3002,#3003,#3004,#3005,
#3006,#3007,#3008,#3009,#3010,#3011,#3012,#3013,#3014,#3015,#3016));
#363=EDGE_LOOP('',(#3017,#3018,#3019,#3020,#3021,#3022,#3023,#3024,#3025,
#3026));
#364=EDGE_LOOP('',(#3027,#3028,#3029,#3030));
#365=EDGE_LOOP('',(#3031,#3032,#3033,#3034));
#366=EDGE_LOOP('',(#3035,#3036,#3037,#3038));
#367=EDGE_LOOP('',(#3039,#3040,#3041,#3042,#3043));
#368=EDGE_LOOP('',(#3044,#3045,#3046,#3047));
#369=EDGE_LOOP('',(#3048,#3049,#3050,#3051));
#370=EDGE_LOOP('',(#3052,#3053,#3054,#3055,#3056,#3057));
#371=EDGE_LOOP('',(#3058,#3059,#3060,#3061,#3062,#3063));
#372=EDGE_LOOP('',(#3064,#3065,#3066,#3067));
#373=EDGE_LOOP('',(#3068,#3069,#3070,#3071,#3072,#3073,#3074,#3075));
#374=EDGE_LOOP('',(#3076,#3077,#3078,#3079,#3080,#3081));
#375=EDGE_LOOP('',(#3082,#3083,#3084,#3085));
#376=EDGE_LOOP('',(#3086,#3087,#3088,#3089,#3090,#3091,#3092,#3093,#3094,
#3095,#3096,#3097));
#377=EDGE_LOOP('',(#3098,#3099,#3100,#3101));
#378=EDGE_LOOP('',(#3102,#3103,#3104,#3105));
#379=EDGE_LOOP('',(#3106,#3107,#3108,#3109));
#380=EDGE_LOOP('',(#3110,#3111,#3112,#3113,#3114));
#381=EDGE_LOOP('',(#3115,#3116,#3117,#3118,#3119,#3120,#3121,#3122));
#382=EDGE_LOOP('',(#3123,#3124,#3125,#3126));
#383=EDGE_LOOP('',(#3127,#3128,#3129,#3130));
#384=EDGE_LOOP('',(#3131,#3132,#3133,#3134));
#385=EDGE_LOOP('',(#3135,#3136,#3137,#3138));
#386=EDGE_LOOP('',(#3139,#3140,#3141,#3142));
#387=EDGE_LOOP('',(#3143,#3144,#3145,#3146));
#388=EDGE_LOOP('',(#3147,#3148,#3149,#3150));
#389=EDGE_LOOP('',(#3151,#3152,#3153,#3154));
#390=EDGE_LOOP('',(#3155,#3156,#3157,#3158));
#391=EDGE_LOOP('',(#3159,#3160,#3161,#3162));
#392=EDGE_LOOP('',(#3163,#3164,#3165,#3166));
#393=EDGE_LOOP('',(#3167,#3168,#3169,#3170));
#394=EDGE_LOOP('',(#3171,#3172,#3173,#3174));
#395=EDGE_LOOP('',(#3175,#3176,#3177,#3178));
#396=EDGE_LOOP('',(#3179,#3180,#3181,#3182));
#397=EDGE_LOOP('',(#3183,#3184,#3185,#3186));
#398=EDGE_LOOP('',(#3187,#3188,#3189,#3190));
#399=EDGE_LOOP('',(#3191,#3192,#3193,#3194));
#400=EDGE_LOOP('',(#3195,#3196,#3197,#3198));
#401=EDGE_LOOP('',(#3199,#3200,#3201,#3202));
#402=EDGE_LOOP('',(#3203,#3204,#3205,#3206));
#403=EDGE_LOOP('',(#3207,#3208,#3209,#3210));
#404=EDGE_LOOP('',(#3211,#3212,#3213,#3214));
#405=EDGE_LOOP('',(#3215,#3216,#3217,#3218));
#406=EDGE_LOOP('',(#3219,#3220,#3221,#3222));
#407=EDGE_LOOP('',(#3223,#3224,#3225,#3226));
#408=EDGE_LOOP('',(#3227,#3228,#3229,#3230));
#409=EDGE_LOOP('',(#3231,#3232,#3233,#3234));
#410=EDGE_LOOP('',(#3235,#3236,#3237,#3238));
#411=EDGE_LOOP('',(#3239,#3240,#3241,#3242));
#412=EDGE_LOOP('',(#3243,#3244,#3245,#3246));
#413=EDGE_LOOP('',(#3247,#3248,#3249,#3250));
#414=EDGE_LOOP('',(#3251,#3252,#3253,#3254));
#415=EDGE_LOOP('',(#3255,#3256,#3257,#3258));
#416=EDGE_LOOP('',(#3259,#3260,#3261,#3262));
#417=EDGE_LOOP('',(#3263,#3264,#3265,#3266));
#418=EDGE_LOOP('',(#3267,#3268,#3269,#3270));
#419=EDGE_LOOP('',(#3271,#3272,#3273,#3274));
#420=EDGE_LOOP('',(#3275,#3276,#3277,#3278));
#421=EDGE_LOOP('',(#3279,#3280,#3281,#3282));
#422=EDGE_LOOP('',(#3283,#3284,#3285,#3286));
#423=EDGE_LOOP('',(#3287,#3288,#3289,#3290));
#424=EDGE_LOOP('',(#3291,#3292,#3293,#3294));
#425=EDGE_LOOP('',(#3295,#3296,#3297,#3298));
#426=EDGE_LOOP('',(#3299,#3300,#3301,#3302));
#427=EDGE_LOOP('',(#3303,#3304,#3305,#3306));
#428=EDGE_LOOP('',(#3307,#3308,#3309,#3310));
#429=EDGE_LOOP('',(#3311,#3312,#3313,#3314));
#430=EDGE_LOOP('',(#3315,#3316,#3317,#3318));
#431=EDGE_LOOP('',(#3319,#3320,#3321,#3322));
#432=EDGE_LOOP('',(#3323,#3324,#3325,#3326));
#433=EDGE_LOOP('',(#3327,#3328,#3329,#3330));
#434=EDGE_LOOP('',(#3331,#3332,#3333,#3334));
#435=EDGE_LOOP('',(#3335,#3336,#3337,#3338));
#436=EDGE_LOOP('',(#3339,#3340,#3341,#3342));
#437=EDGE_LOOP('',(#3343,#3344,#3345,#3346));
#438=EDGE_LOOP('',(#3347,#3348,#3349,#3350));
#439=EDGE_LOOP('',(#3351,#3352,#3353,#3354));
#440=EDGE_LOOP('',(#3355,#3356,#3357,#3358));
#441=EDGE_LOOP('',(#3359,#3360,#3361,#3362));
#442=EDGE_LOOP('',(#3363,#3364,#3365,#3366));
#443=EDGE_LOOP('',(#3367,#3368,#3369,#3370));
#444=EDGE_LOOP('',(#3371,#3372,#3373,#3374));
#445=EDGE_LOOP('',(#3375,#3376,#3377,#3378,#3379,#3380,#3381,#3382,#3383,
#3384,#3385,#3386,#3387,#3388,#3389,#3390,#3391,#3392,#3393,#3394,#3395,
#3396,#3397,#3398,#3399,#3400,#3401,#3402,#3403,#3404,#3405,#3406,#3407,
#3408,#3409,#3410,#3411,#3412));
#446=EDGE_LOOP('',(#3413,#3414,#3415,#3416));
#447=EDGE_LOOP('',(#3417,#3418,#3419,#3420));
#448=EDGE_LOOP('',(#3421,#3422,#3423,#3424));
#449=EDGE_LOOP('',(#3425,#3426,#3427,#3428));
#450=EDGE_LOOP('',(#3429,#3430,#3431,#3432));
#451=EDGE_LOOP('',(#3433,#3434,#3435,#3436,#3437,#3438,#3439,#3440));
#452=EDGE_LOOP('',(#3441,#3442,#3443,#3444));
#453=EDGE_LOOP('',(#3445,#3446,#3447,#3448));
#454=EDGE_LOOP('',(#3449,#3450,#3451,#3452));
#455=EDGE_LOOP('',(#3453,#3454,#3455,#3456));
#456=EDGE_LOOP('',(#3457,#3458,#3459,#3460));
#457=EDGE_LOOP('',(#3461,#3462,#3463,#3464));
#458=EDGE_LOOP('',(#3465,#3466,#3467,#3468));
#459=EDGE_LOOP('',(#3469,#3470,#3471,#3472));
#460=EDGE_LOOP('',(#3473,#3474,#3475,#3476));
#461=EDGE_LOOP('',(#3477,#3478,#3479,#3480));
#462=EDGE_LOOP('',(#3481,#3482,#3483,#3484,#3485,#3486,#3487,#3488,#3489,
#3490,#3491,#3492));
#463=EDGE_LOOP('',(#3493,#3494,#3495,#3496,#3497,#3498));
#464=EDGE_LOOP('',(#3499,#3500,#3501,#3502,#3503,#3504));
#465=EDGE_LOOP('',(#3505,#3506,#3507,#3508,#3509,#3510,#3511,#3512));
#466=EDGE_LOOP('',(#3513,#3514,#3515,#3516,#3517,#3518,#3519,#3520,#3521,
#3522));
#467=EDGE_LOOP('',(#3523,#3524,#3525,#3526));
#468=EDGE_LOOP('',(#3527,#3528,#3529,#3530));
#469=EDGE_LOOP('',(#3531,#3532,#3533,#3534));
#470=EDGE_LOOP('',(#3535,#3536,#3537,#3538));
#471=EDGE_LOOP('',(#3539,#3540,#3541,#3542,#3543,#3544,#3545,#3546));
#472=EDGE_LOOP('',(#3547,#3548,#3549,#3550));
#473=EDGE_LOOP('',(#3551,#3552,#3553,#3554));
#474=EDGE_LOOP('',(#3555,#3556,#3557,#3558));
#475=EDGE_LOOP('',(#3559,#3560,#3561,#3562));
#476=EDGE_LOOP('',(#3563,#3564,#3565,#3566));
#477=EDGE_LOOP('',(#3567,#3568,#3569,#3570));
#478=EDGE_LOOP('',(#3571,#3572,#3573,#3574));
#479=EDGE_LOOP('',(#3575,#3576,#3577,#3578,#3579,#3580,#3581,#3582));
#480=EDGE_LOOP('',(#3583,#3584,#3585,#3586));
#481=EDGE_LOOP('',(#3587,#3588,#3589,#3590));
#482=EDGE_LOOP('',(#3591,#3592,#3593,#3594));
#483=EDGE_LOOP('',(#3595,#3596,#3597,#3598));
#484=EDGE_LOOP('',(#3599,#3600,#3601,#3602));
#485=EDGE_LOOP('',(#3603,#3604,#3605,#3606));
#486=EDGE_LOOP('',(#3607,#3608,#3609,#3610));
#487=EDGE_LOOP('',(#3611,#3612,#3613,#3614));
#488=EDGE_LOOP('',(#3615,#3616,#3617,#3618));
#489=EDGE_LOOP('',(#3619,#3620,#3621,#3622,#3623,#3624,#3625,#3626));
#490=EDGE_LOOP('',(#3627,#3628,#3629,#3630));
#491=EDGE_LOOP('',(#3631,#3632,#3633,#3634));
#492=EDGE_LOOP('',(#3635,#3636,#3637,#3638));
#493=EDGE_LOOP('',(#3639,#3640,#3641,#3642));
#494=EDGE_LOOP('',(#3643,#3644,#3645,#3646));
#495=EDGE_LOOP('',(#3647,#3648,#3649,#3650));
#496=EDGE_LOOP('',(#3651,#3652,#3653,#3654));
#497=EDGE_LOOP('',(#3655,#3656,#3657,#3658,#3659,#3660,#3661,#3662));
#498=EDGE_LOOP('',(#3663,#3664,#3665,#3666));
#499=EDGE_LOOP('',(#3667,#3668,#3669,#3670));
#500=EDGE_LOOP('',(#3671,#3672,#3673,#3674));
#501=EDGE_LOOP('',(#3675,#3676,#3677,#3678));
#502=EDGE_LOOP('',(#3679,#3680,#3681,#3682));
#503=EDGE_LOOP('',(#3683,#3684,#3685,#3686));
#504=EDGE_LOOP('',(#3687,#3688,#3689,#3690));
#505=EDGE_LOOP('',(#3691,#3692,#3693,#3694));
#506=EDGE_LOOP('',(#3695,#3696,#3697,#3698));
#507=EDGE_LOOP('',(#3699,#3700,#3701,#3702,#3703,#3704,#3705,#3706));
#508=EDGE_LOOP('',(#3707,#3708,#3709,#3710));
#509=EDGE_LOOP('',(#3711,#3712,#3713,#3714));
#510=EDGE_LOOP('',(#3715,#3716,#3717,#3718));
#511=EDGE_LOOP('',(#3719,#3720,#3721,#3722));
#512=EDGE_LOOP('',(#3723,#3724,#3725,#3726));
#513=EDGE_LOOP('',(#3727,#3728,#3729,#3730));
#514=EDGE_LOOP('',(#3731,#3732,#3733,#3734));
#515=EDGE_LOOP('',(#3735,#3736,#3737,#3738,#3739,#3740,#3741,#3742));
#516=EDGE_LOOP('',(#3743,#3744,#3745,#3746));
#517=EDGE_LOOP('',(#3747,#3748,#3749,#3750));
#518=EDGE_LOOP('',(#3751,#3752,#3753,#3754));
#519=EDGE_LOOP('',(#3755,#3756,#3757,#3758));
#520=EDGE_LOOP('',(#3759,#3760,#3761,#3762));
#521=EDGE_LOOP('',(#3763,#3764,#3765,#3766));
#522=EDGE_LOOP('',(#3767,#3768,#3769,#3770));
#523=EDGE_LOOP('',(#3771,#3772,#3773,#3774));
#524=EDGE_LOOP('',(#3775,#3776,#3777,#3778));
#525=EDGE_LOOP('',(#3779,#3780,#3781,#3782,#3783,#3784,#3785,#3786));
#526=EDGE_LOOP('',(#3787,#3788,#3789,#3790));
#527=EDGE_LOOP('',(#3791,#3792,#3793,#3794));
#528=EDGE_LOOP('',(#3795,#3796,#3797,#3798));
#529=EDGE_LOOP('',(#3799,#3800,#3801,#3802));
#530=EDGE_LOOP('',(#3803,#3804,#3805,#3806));
#531=EDGE_LOOP('',(#3807,#3808,#3809,#3810));
#532=EDGE_LOOP('',(#3811,#3812,#3813,#3814));
#533=EDGE_LOOP('',(#3815,#3816,#3817,#3818,#3819,#3820,#3821,#3822));
#534=EDGE_LOOP('',(#3823,#3824,#3825,#3826));
#535=EDGE_LOOP('',(#3827,#3828,#3829,#3830));
#536=EDGE_LOOP('',(#3831,#3832,#3833,#3834));
#537=EDGE_LOOP('',(#3835,#3836,#3837,#3838));
#538=EDGE_LOOP('',(#3839,#3840,#3841,#3842));
#539=EDGE_LOOP('',(#3843,#3844,#3845,#3846));
#540=EDGE_LOOP('',(#3847,#3848,#3849,#3850));
#541=EDGE_LOOP('',(#3851,#3852,#3853,#3854));
#542=EDGE_LOOP('',(#3855,#3856,#3857,#3858));
#543=EDGE_LOOP('',(#3859,#3860,#3861,#3862,#3863,#3864,#3865,#3866));
#544=EDGE_LOOP('',(#3867,#3868,#3869,#3870));
#545=EDGE_LOOP('',(#3871,#3872,#3873,#3874));
#546=EDGE_LOOP('',(#3875,#3876,#3877,#3878));
#547=EDGE_LOOP('',(#3879,#3880,#3881,#3882));
#548=EDGE_LOOP('',(#3883,#3884,#3885,#3886));
#549=EDGE_LOOP('',(#3887,#3888,#3889,#3890));
#550=EDGE_LOOP('',(#3891,#3892,#3893,#3894));
#551=EDGE_LOOP('',(#3895,#3896,#3897,#3898,#3899,#3900,#3901,#3902));
#552=EDGE_LOOP('',(#3903,#3904,#3905,#3906));
#553=EDGE_LOOP('',(#3907,#3908,#3909,#3910));
#554=EDGE_LOOP('',(#3911,#3912,#3913,#3914));
#555=EDGE_LOOP('',(#3915,#3916,#3917,#3918));
#556=EDGE_LOOP('',(#3919,#3920,#3921,#3922));
#557=EDGE_LOOP('',(#3923,#3924,#3925,#3926));
#558=EDGE_LOOP('',(#3927,#3928,#3929,#3930));
#559=EDGE_LOOP('',(#3931,#3932,#3933,#3934));
#560=EDGE_LOOP('',(#3935,#3936,#3937,#3938));
#561=EDGE_LOOP('',(#3939,#3940,#3941,#3942,#3943,#3944,#3945,#3946));
#562=EDGE_LOOP('',(#3947,#3948,#3949,#3950));
#563=EDGE_LOOP('',(#3951,#3952,#3953,#3954));
#564=EDGE_LOOP('',(#3955,#3956,#3957,#3958));
#565=EDGE_LOOP('',(#3959,#3960,#3961,#3962));
#566=EDGE_LOOP('',(#3963,#3964,#3965,#3966));
#567=EDGE_LOOP('',(#3967,#3968,#3969,#3970));
#568=EDGE_LOOP('',(#3971,#3972,#3973,#3974));
#569=EDGE_LOOP('',(#3975,#3976,#3977,#3978,#3979,#3980,#3981,#3982));
#570=EDGE_LOOP('',(#3983,#3984,#3985,#3986));
#571=EDGE_LOOP('',(#3987,#3988,#3989,#3990));
#572=EDGE_LOOP('',(#3991,#3992,#3993,#3994));
#573=EDGE_LOOP('',(#3995,#3996,#3997,#3998));
#574=EDGE_LOOP('',(#3999,#4000,#4001,#4002));
#575=EDGE_LOOP('',(#4003,#4004,#4005,#4006));
#576=EDGE_LOOP('',(#4007,#4008,#4009,#4010));
#577=EDGE_LOOP('',(#4011,#4012,#4013,#4014));
#578=EDGE_LOOP('',(#4015,#4016,#4017,#4018));
#579=EDGE_LOOP('',(#4019,#4020,#4021,#4022,#4023,#4024,#4025,#4026));
#580=EDGE_LOOP('',(#4027,#4028,#4029,#4030));
#581=EDGE_LOOP('',(#4031,#4032,#4033,#4034));
#582=EDGE_LOOP('',(#4035,#4036,#4037,#4038));
#583=EDGE_LOOP('',(#4039,#4040,#4041,#4042));
#584=EDGE_LOOP('',(#4043,#4044,#4045,#4046));
#585=EDGE_LOOP('',(#4047,#4048,#4049,#4050));
#586=EDGE_LOOP('',(#4051,#4052,#4053,#4054));
#587=EDGE_LOOP('',(#4055,#4056,#4057,#4058,#4059,#4060,#4061,#4062));
#588=EDGE_LOOP('',(#4063,#4064,#4065,#4066));
#589=EDGE_LOOP('',(#4067,#4068,#4069,#4070));
#590=EDGE_LOOP('',(#4071,#4072,#4073,#4074));
#591=EDGE_LOOP('',(#4075,#4076,#4077,#4078));
#592=EDGE_LOOP('',(#4079,#4080,#4081,#4082));
#593=EDGE_LOOP('',(#4083,#4084,#4085,#4086));
#594=EDGE_LOOP('',(#4087,#4088,#4089,#4090));
#595=EDGE_LOOP('',(#4091,#4092,#4093,#4094));
#596=EDGE_LOOP('',(#4095,#4096,#4097,#4098));
#597=EDGE_LOOP('',(#4099,#4100,#4101,#4102,#4103,#4104,#4105,#4106));
#598=EDGE_LOOP('',(#4107,#4108,#4109,#4110));
#599=EDGE_LOOP('',(#4111,#4112,#4113,#4114));
#600=EDGE_LOOP('',(#4115,#4116,#4117,#4118));
#601=EDGE_LOOP('',(#4119,#4120,#4121,#4122));
#602=EDGE_LOOP('',(#4123,#4124,#4125,#4126));
#603=EDGE_LOOP('',(#4127,#4128,#4129,#4130));
#604=EDGE_LOOP('',(#4131,#4132,#4133,#4134));
#605=EDGE_LOOP('',(#4135,#4136,#4137,#4138,#4139,#4140,#4141,#4142));
#606=EDGE_LOOP('',(#4143,#4144,#4145,#4146));
#607=EDGE_LOOP('',(#4147,#4148,#4149,#4150));
#608=EDGE_LOOP('',(#4151,#4152,#4153,#4154));
#609=EDGE_LOOP('',(#4155,#4156,#4157,#4158));
#610=EDGE_LOOP('',(#4159,#4160,#4161,#4162));
#611=LINE('',#6119,#1221);
#612=LINE('',#6121,#1222);
#613=LINE('',#6123,#1223);
#614=LINE('',#6124,#1224);
#615=LINE('',#6127,#1225);
#616=LINE('',#6129,#1226);
#617=LINE('',#6130,#1227);
#618=LINE('',#6133,#1228);
#619=LINE('',#6135,#1229);
#620=LINE('',#6136,#1230);
#621=LINE('',#6140,#1231);
#622=LINE('',#6142,#1232);
#623=LINE('',#6144,#1233);
#624=LINE('',#6145,#1234);
#625=LINE('',#6148,#1235);
#626=LINE('',#6150,#1236);
#627=LINE('',#6151,#1237);
#628=LINE('',#6154,#1238);
#629=LINE('',#6156,#1239);
#630=LINE('',#6157,#1240);
#631=LINE('',#6160,#1241);
#632=LINE('',#6162,#1242);
#633=LINE('',#6164,#1243);
#634=LINE('',#6166,#1244);
#635=LINE('',#6168,#1245);
#636=LINE('',#6170,#1246);
#637=LINE('',#6171,#1247);
#638=LINE('',#6174,#1248);
#639=LINE('',#6176,#1249);
#640=LINE('',#6178,#1250);
#641=LINE('',#6179,#1251);
#642=LINE('',#6182,#1252);
#643=LINE('',#6184,#1253);
#644=LINE('',#6186,#1254);
#645=LINE('',#6188,#1255);
#646=LINE('',#6189,#1256);
#647=LINE('',#6192,#1257);
#648=LINE('',#6194,#1258);
#649=LINE('',#6196,#1259);
#650=LINE('',#6198,#1260);
#651=LINE('',#6200,#1261);
#652=LINE('',#6201,#1262);
#653=LINE('',#6204,#1263);
#654=LINE('',#6206,#1264);
#655=LINE('',#6207,#1265);
#656=LINE('',#6211,#1266);
#657=LINE('',#6213,#1267);
#658=LINE('',#6215,#1268);
#659=LINE('',#6217,#1269);
#660=LINE('',#6219,#1270);
#661=LINE('',#6220,#1271);
#662=LINE('',#6223,#1272);
#663=LINE('',#6225,#1273);
#664=LINE('',#6226,#1274);
#665=LINE('',#6230,#1275);
#666=LINE('',#6231,#1276);
#667=LINE('',#6233,#1277);
#668=LINE('',#6235,#1278);
#669=LINE('',#6236,#1279);
#670=LINE('',#6239,#1280);
#671=LINE('',#6240,#1281);
#672=LINE('',#6242,#1282);
#673=LINE('',#6244,#1283);
#674=LINE('',#6245,#1284);
#675=LINE('',#6248,#1285);
#676=LINE('',#6250,#1286);
#677=LINE('',#6252,#1287);
#678=LINE('',#6253,#1288);
#679=LINE('',#6256,#1289);
#680=LINE('',#6258,#1290);
#681=LINE('',#6260,#1291);
#682=LINE('',#6261,#1292);
#683=LINE('',#6264,#1293);
#684=LINE('',#6265,#1294);
#685=LINE('',#6267,#1295);
#686=LINE('',#6269,#1296);
#687=LINE('',#6271,#1297);
#688=LINE('',#6273,#1298);
#689=LINE('',#6275,#1299);
#690=LINE('',#6277,#1300);
#691=LINE('',#6279,#1301);
#692=LINE('',#6281,#1302);
#693=LINE('',#6283,#1303);
#694=LINE('',#6285,#1304);
#695=LINE('',#6287,#1305);
#696=LINE('',#6289,#1306);
#697=LINE('',#6291,#1307);
#698=LINE('',#6293,#1308);
#699=LINE('',#6295,#1309);
#700=LINE('',#6297,#1310);
#701=LINE('',#6299,#1311);
#702=LINE('',#6301,#1312);
#703=LINE('',#6303,#1313);
#704=LINE('',#6305,#1314);
#705=LINE('',#6307,#1315);
#706=LINE('',#6309,#1316);
#707=LINE('',#6311,#1317);
#708=LINE('',#6313,#1318);
#709=LINE('',#6315,#1319);
#710=LINE('',#6317,#1320);
#711=LINE('',#6319,#1321);
#712=LINE('',#6321,#1322);
#713=LINE('',#6323,#1323);
#714=LINE('',#6325,#1324);
#715=LINE('',#6327,#1325);
#716=LINE('',#6329,#1326);
#717=LINE('',#6330,#1327);
#718=LINE('',#6331,#1328);
#719=LINE('',#6334,#1329);
#720=LINE('',#6336,#1330);
#721=LINE('',#6337,#1331);
#722=LINE('',#6338,#1332);
#723=LINE('',#6341,#1333);
#724=LINE('',#6343,#1334);
#725=LINE('',#6344,#1335);
#726=LINE('',#6348,#1336);
#727=LINE('',#6350,#1337);
#728=LINE('',#6352,#1338);
#729=LINE('',#6353,#1339);
#730=LINE('',#6356,#1340);
#731=LINE('',#6357,#1341);
#732=LINE('',#6359,#1342);
#733=LINE('',#6360,#1343);
#734=LINE('',#6363,#1344);
#735=LINE('',#6364,#1345);
#736=LINE('',#6366,#1346);
#737=LINE('',#6370,#1347);
#738=LINE('',#6372,#1348);
#739=LINE('',#6373,#1349);
#740=LINE('',#6375,#1350);
#741=LINE('',#6376,#1351);
#742=LINE('',#6378,#1352);
#743=LINE('',#6380,#1353);
#744=LINE('',#6381,#1354);
#745=LINE('',#6384,#1355);
#746=LINE('',#6385,#1356);
#747=LINE('',#6387,#1357);
#748=LINE('',#6389,#1358);
#749=LINE('',#6391,#1359);
#750=LINE('',#6392,#1360);
#751=LINE('',#6395,#1361);
#752=LINE('',#6397,#1362);
#753=LINE('',#6398,#1363);
#754=LINE('',#6401,#1364);
#755=LINE('',#6403,#1365);
#756=LINE('',#6405,#1366);
#757=LINE('',#6406,#1367);
#758=LINE('',#6408,#1368);
#759=LINE('',#6412,#1369);
#760=LINE('',#6414,#1370);
#761=LINE('',#6416,#1371);
#762=LINE('',#6417,#1372);
#763=LINE('',#6421,#1373);
#764=LINE('',#6423,#1374);
#765=LINE('',#6425,#1375);
#766=LINE('',#6426,#1376);
#767=LINE('',#6429,#1377);
#768=LINE('',#6431,#1378);
#769=LINE('',#6432,#1379);
#770=LINE('',#6434,#1380);
#771=LINE('',#6435,#1381);
#772=LINE('',#6437,#1382);
#773=LINE('',#6439,#1383);
#774=LINE('',#6440,#1384);
#775=LINE('',#6443,#1385);
#776=LINE('',#6444,#1386);
#777=LINE('',#6446,#1387);
#778=LINE('',#6449,#1388);
#779=LINE('',#6450,#1389);
#780=LINE('',#6453,#1390);
#781=LINE('',#6455,#1391);
#782=LINE('',#6456,#1392);
#783=LINE('',#6459,#1393);
#784=LINE('',#6460,#1394);
#785=LINE('',#6463,#1395);
#786=LINE('',#6464,#1396);
#787=LINE('',#6466,#1397);
#788=LINE('',#6470,#1398);
#789=LINE('',#6471,#1399);
#790=LINE('',#6472,#1400);
#791=LINE('',#6475,#1401);
#792=LINE('',#6476,#1402);
#793=LINE('',#6479,#1403);
#794=LINE('',#6481,#1404);
#795=LINE('',#6483,#1405);
#796=LINE('',#6484,#1406);
#797=LINE('',#6486,#1407);
#798=LINE('',#6489,#1408);
#799=LINE('',#6490,#1409);
#800=LINE('',#6493,#1410);
#801=LINE('',#6495,#1411);
#802=LINE('',#6496,#1412);
#803=LINE('',#6499,#1413);
#804=LINE('',#6500,#1414);
#805=LINE('',#6503,#1415);
#806=LINE('',#6504,#1416);
#807=LINE('',#6506,#1417);
#808=LINE('',#6510,#1418);
#809=LINE('',#6511,#1419);
#810=LINE('',#6512,#1420);
#811=LINE('',#6515,#1421);
#812=LINE('',#6516,#1422);
#813=LINE('',#6519,#1423);
#814=LINE('',#6521,#1424);
#815=LINE('',#6523,#1425);
#816=LINE('',#6524,#1426);
#817=LINE('',#6526,#1427);
#818=LINE('',#6529,#1428);
#819=LINE('',#6530,#1429);
#820=LINE('',#6533,#1430);
#821=LINE('',#6535,#1431);
#822=LINE('',#6536,#1432);
#823=LINE('',#6539,#1433);
#824=LINE('',#6540,#1434);
#825=LINE('',#6543,#1435);
#826=LINE('',#6544,#1436);
#827=LINE('',#6546,#1437);
#828=LINE('',#6550,#1438);
#829=LINE('',#6551,#1439);
#830=LINE('',#6552,#1440);
#831=LINE('',#6555,#1441);
#832=LINE('',#6556,#1442);
#833=LINE('',#6559,#1443);
#834=LINE('',#6561,#1444);
#835=LINE('',#6563,#1445);
#836=LINE('',#6564,#1446);
#837=LINE('',#6566,#1447);
#838=LINE('',#6569,#1448);
#839=LINE('',#6570,#1449);
#840=LINE('',#6573,#1450);
#841=LINE('',#6575,#1451);
#842=LINE('',#6576,#1452);
#843=LINE('',#6579,#1453);
#844=LINE('',#6580,#1454);
#845=LINE('',#6583,#1455);
#846=LINE('',#6584,#1456);
#847=LINE('',#6586,#1457);
#848=LINE('',#6590,#1458);
#849=LINE('',#6591,#1459);
#850=LINE('',#6592,#1460);
#851=LINE('',#6595,#1461);
#852=LINE('',#6596,#1462);
#853=LINE('',#6599,#1463);
#854=LINE('',#6601,#1464);
#855=LINE('',#6603,#1465);
#856=LINE('',#6604,#1466);
#857=LINE('',#6606,#1467);
#858=LINE('',#6609,#1468);
#859=LINE('',#6610,#1469);
#860=LINE('',#6613,#1470);
#861=LINE('',#6615,#1471);
#862=LINE('',#6616,#1472);
#863=LINE('',#6619,#1473);
#864=LINE('',#6620,#1474);
#865=LINE('',#6623,#1475);
#866=LINE('',#6624,#1476);
#867=LINE('',#6626,#1477);
#868=LINE('',#6630,#1478);
#869=LINE('',#6631,#1479);
#870=LINE('',#6632,#1480);
#871=LINE('',#6635,#1481);
#872=LINE('',#6636,#1482);
#873=LINE('',#6639,#1483);
#874=LINE('',#6641,#1484);
#875=LINE('',#6643,#1485);
#876=LINE('',#6644,#1486);
#877=LINE('',#6646,#1487);
#878=LINE('',#6649,#1488);
#879=LINE('',#6650,#1489);
#880=LINE('',#6653,#1490);
#881=LINE('',#6655,#1491);
#882=LINE('',#6656,#1492);
#883=LINE('',#6659,#1493);
#884=LINE('',#6660,#1494);
#885=LINE('',#6663,#1495);
#886=LINE('',#6664,#1496);
#887=LINE('',#6666,#1497);
#888=LINE('',#6670,#1498);
#889=LINE('',#6671,#1499);
#890=LINE('',#6672,#1500);
#891=LINE('',#6675,#1501);
#892=LINE('',#6676,#1502);
#893=LINE('',#6679,#1503);
#894=LINE('',#6681,#1504);
#895=LINE('',#6683,#1505);
#896=LINE('',#6684,#1506);
#897=LINE('',#6686,#1507);
#898=LINE('',#6689,#1508);
#899=LINE('',#6690,#1509);
#900=LINE('',#6693,#1510);
#901=LINE('',#6695,#1511);
#902=LINE('',#6696,#1512);
#903=LINE('',#6699,#1513);
#904=LINE('',#6700,#1514);
#905=LINE('',#6703,#1515);
#906=LINE('',#6704,#1516);
#907=LINE('',#6706,#1517);
#908=LINE('',#6708,#1518);
#909=LINE('',#6711,#1519);
#910=LINE('',#6712,#1520);
#911=LINE('',#6715,#1521);
#912=LINE('',#6717,#1522);
#913=LINE('',#6718,#1523);
#914=LINE('',#6719,#1524);
#915=LINE('',#6722,#1525);
#916=LINE('',#6724,#1526);
#917=LINE('',#6725,#1527);
#918=LINE('',#6728,#1528);
#919=LINE('',#6729,#1529);
#920=LINE('',#6732,#1530);
#921=LINE('',#6733,#1531);
#922=LINE('',#6735,#1532);
#923=LINE('',#6737,#1533);
#924=LINE('',#6738,#1534);
#925=LINE('',#6742,#1535);
#926=LINE('',#6743,#1536);
#927=LINE('',#6746,#1537);
#928=LINE('',#6747,#1538);
#929=LINE('',#6749,#1539);
#930=LINE('',#6751,#1540);
#931=LINE('',#6752,#1541);
#932=LINE('',#6754,#1542);
#933=LINE('',#6761,#1543);
#934=LINE('',#6763,#1544);
#935=LINE('',#6765,#1545);
#936=LINE('',#6766,#1546);
#937=LINE('',#6769,#1547);
#938=LINE('',#6771,#1548);
#939=LINE('',#6772,#1549);
#940=LINE('',#6775,#1550);
#941=LINE('',#6777,#1551);
#942=LINE('',#6778,#1552);
#943=LINE('',#6780,#1553);
#944=LINE('',#6781,#1554);
#945=LINE('',#6784,#1555);
#946=LINE('',#6788,#1556);
#947=LINE('',#6790,#1557);
#948=LINE('',#6792,#1558);
#949=LINE('',#6795,#1559);
#950=LINE('',#6798,#1560);
#951=LINE('',#6799,#1561);
#952=LINE('',#6804,#1562);
#953=LINE('',#6806,#1563);
#954=LINE('',#6808,#1564);
#955=LINE('',#6809,#1565);
#956=LINE('',#6811,#1566);
#957=LINE('',#6813,#1567);
#958=LINE('',#6814,#1568);
#959=LINE('',#6817,#1569);
#960=LINE('',#6818,#1570);
#961=LINE('',#6819,#1571);
#962=LINE('',#6821,#1572);
#963=LINE('',#6824,#1573);
#964=LINE('',#6825,#1574);
#965=LINE('',#6828,#1575);
#966=LINE('',#6831,#1576);
#967=LINE('',#6835,#1577);
#968=LINE('',#6838,#1578);
#969=LINE('',#6843,#1579);
#970=LINE('',#6845,#1580);
#971=LINE('',#6847,#1581);
#972=LINE('',#6848,#1582);
#973=LINE('',#6851,#1583);
#974=LINE('',#6853,#1584);
#975=LINE('',#6854,#1585);
#976=LINE('',#6857,#1586);
#977=LINE('',#6859,#1587);
#978=LINE('',#6860,#1588);
#979=LINE('',#6862,#1589);
#980=LINE('',#6863,#1590);
#981=LINE('',#6866,#1591);
#982=LINE('',#6870,#1592);
#983=LINE('',#6872,#1593);
#984=LINE('',#6874,#1594);
#985=LINE('',#6877,#1595);
#986=LINE('',#6880,#1596);
#987=LINE('',#6881,#1597);
#988=LINE('',#6886,#1598);
#989=LINE('',#6888,#1599);
#990=LINE('',#6890,#1600);
#991=LINE('',#6891,#1601);
#992=LINE('',#6893,#1602);
#993=LINE('',#6895,#1603);
#994=LINE('',#6896,#1604);
#995=LINE('',#6899,#1605);
#996=LINE('',#6900,#1606);
#997=LINE('',#6901,#1607);
#998=LINE('',#6903,#1608);
#999=LINE('',#6906,#1609);
#1000=LINE('',#6907,#1610);
#1001=LINE('',#6910,#1611);
#1002=LINE('',#6913,#1612);
#1003=LINE('',#6917,#1613);
#1004=LINE('',#6920,#1614);
#1005=LINE('',#6925,#1615);
#1006=LINE('',#6927,#1616);
#1007=LINE('',#6929,#1617);
#1008=LINE('',#6930,#1618);
#1009=LINE('',#6933,#1619);
#1010=LINE('',#6935,#1620);
#1011=LINE('',#6936,#1621);
#1012=LINE('',#6939,#1622);
#1013=LINE('',#6941,#1623);
#1014=LINE('',#6942,#1624);
#1015=LINE('',#6944,#1625);
#1016=LINE('',#6945,#1626);
#1017=LINE('',#6948,#1627);
#1018=LINE('',#6952,#1628);
#1019=LINE('',#6954,#1629);
#1020=LINE('',#6956,#1630);
#1021=LINE('',#6959,#1631);
#1022=LINE('',#6962,#1632);
#1023=LINE('',#6963,#1633);
#1024=LINE('',#6968,#1634);
#1025=LINE('',#6970,#1635);
#1026=LINE('',#6972,#1636);
#1027=LINE('',#6973,#1637);
#1028=LINE('',#6975,#1638);
#1029=LINE('',#6977,#1639);
#1030=LINE('',#6978,#1640);
#1031=LINE('',#6981,#1641);
#1032=LINE('',#6982,#1642);
#1033=LINE('',#6983,#1643);
#1034=LINE('',#6985,#1644);
#1035=LINE('',#6988,#1645);
#1036=LINE('',#6989,#1646);
#1037=LINE('',#6992,#1647);
#1038=LINE('',#6995,#1648);
#1039=LINE('',#6999,#1649);
#1040=LINE('',#7002,#1650);
#1041=LINE('',#7007,#1651);
#1042=LINE('',#7009,#1652);
#1043=LINE('',#7011,#1653);
#1044=LINE('',#7012,#1654);
#1045=LINE('',#7015,#1655);
#1046=LINE('',#7017,#1656);
#1047=LINE('',#7018,#1657);
#1048=LINE('',#7021,#1658);
#1049=LINE('',#7023,#1659);
#1050=LINE('',#7024,#1660);
#1051=LINE('',#7026,#1661);
#1052=LINE('',#7027,#1662);
#1053=LINE('',#7030,#1663);
#1054=LINE('',#7034,#1664);
#1055=LINE('',#7036,#1665);
#1056=LINE('',#7038,#1666);
#1057=LINE('',#7041,#1667);
#1058=LINE('',#7044,#1668);
#1059=LINE('',#7045,#1669);
#1060=LINE('',#7050,#1670);
#1061=LINE('',#7052,#1671);
#1062=LINE('',#7054,#1672);
#1063=LINE('',#7055,#1673);
#1064=LINE('',#7057,#1674);
#1065=LINE('',#7059,#1675);
#1066=LINE('',#7060,#1676);
#1067=LINE('',#7063,#1677);
#1068=LINE('',#7064,#1678);
#1069=LINE('',#7065,#1679);
#1070=LINE('',#7067,#1680);
#1071=LINE('',#7070,#1681);
#1072=LINE('',#7071,#1682);
#1073=LINE('',#7074,#1683);
#1074=LINE('',#7077,#1684);
#1075=LINE('',#7081,#1685);
#1076=LINE('',#7084,#1686);
#1077=LINE('',#7089,#1687);
#1078=LINE('',#7091,#1688);
#1079=LINE('',#7093,#1689);
#1080=LINE('',#7094,#1690);
#1081=LINE('',#7097,#1691);
#1082=LINE('',#7099,#1692);
#1083=LINE('',#7100,#1693);
#1084=LINE('',#7103,#1694);
#1085=LINE('',#7105,#1695);
#1086=LINE('',#7106,#1696);
#1087=LINE('',#7108,#1697);
#1088=LINE('',#7109,#1698);
#1089=LINE('',#7112,#1699);
#1090=LINE('',#7116,#1700);
#1091=LINE('',#7118,#1701);
#1092=LINE('',#7120,#1702);
#1093=LINE('',#7123,#1703);
#1094=LINE('',#7126,#1704);
#1095=LINE('',#7127,#1705);
#1096=LINE('',#7132,#1706);
#1097=LINE('',#7134,#1707);
#1098=LINE('',#7136,#1708);
#1099=LINE('',#7137,#1709);
#1100=LINE('',#7139,#1710);
#1101=LINE('',#7141,#1711);
#1102=LINE('',#7142,#1712);
#1103=LINE('',#7145,#1713);
#1104=LINE('',#7146,#1714);
#1105=LINE('',#7147,#1715);
#1106=LINE('',#7149,#1716);
#1107=LINE('',#7152,#1717);
#1108=LINE('',#7153,#1718);
#1109=LINE('',#7156,#1719);
#1110=LINE('',#7159,#1720);
#1111=LINE('',#7163,#1721);
#1112=LINE('',#7166,#1722);
#1113=LINE('',#7171,#1723);
#1114=LINE('',#7173,#1724);
#1115=LINE('',#7175,#1725);
#1116=LINE('',#7176,#1726);
#1117=LINE('',#7179,#1727);
#1118=LINE('',#7181,#1728);
#1119=LINE('',#7182,#1729);
#1120=LINE('',#7185,#1730);
#1121=LINE('',#7187,#1731);
#1122=LINE('',#7188,#1732);
#1123=LINE('',#7190,#1733);
#1124=LINE('',#7191,#1734);
#1125=LINE('',#7194,#1735);
#1126=LINE('',#7198,#1736);
#1127=LINE('',#7200,#1737);
#1128=LINE('',#7202,#1738);
#1129=LINE('',#7205,#1739);
#1130=LINE('',#7208,#1740);
#1131=LINE('',#7209,#1741);
#1132=LINE('',#7214,#1742);
#1133=LINE('',#7216,#1743);
#1134=LINE('',#7218,#1744);
#1135=LINE('',#7219,#1745);
#1136=LINE('',#7221,#1746);
#1137=LINE('',#7223,#1747);
#1138=LINE('',#7224,#1748);
#1139=LINE('',#7227,#1749);
#1140=LINE('',#7228,#1750);
#1141=LINE('',#7229,#1751);
#1142=LINE('',#7231,#1752);
#1143=LINE('',#7234,#1753);
#1144=LINE('',#7235,#1754);
#1145=LINE('',#7238,#1755);
#1146=LINE('',#7241,#1756);
#1147=LINE('',#7245,#1757);
#1148=LINE('',#7248,#1758);
#1149=LINE('',#7253,#1759);
#1150=LINE('',#7255,#1760);
#1151=LINE('',#7257,#1761);
#1152=LINE('',#7258,#1762);
#1153=LINE('',#7261,#1763);
#1154=LINE('',#7263,#1764);
#1155=LINE('',#7264,#1765);
#1156=LINE('',#7267,#1766);
#1157=LINE('',#7269,#1767);
#1158=LINE('',#7270,#1768);
#1159=LINE('',#7272,#1769);
#1160=LINE('',#7273,#1770);
#1161=LINE('',#7276,#1771);
#1162=LINE('',#7280,#1772);
#1163=LINE('',#7282,#1773);
#1164=LINE('',#7284,#1774);
#1165=LINE('',#7287,#1775);
#1166=LINE('',#7290,#1776);
#1167=LINE('',#7291,#1777);
#1168=LINE('',#7296,#1778);
#1169=LINE('',#7298,#1779);
#1170=LINE('',#7300,#1780);
#1171=LINE('',#7301,#1781);
#1172=LINE('',#7303,#1782);
#1173=LINE('',#7305,#1783);
#1174=LINE('',#7306,#1784);
#1175=LINE('',#7309,#1785);
#1176=LINE('',#7310,#1786);
#1177=LINE('',#7311,#1787);
#1178=LINE('',#7313,#1788);
#1179=LINE('',#7316,#1789);
#1180=LINE('',#7317,#1790);
#1181=LINE('',#7320,#1791);
#1182=LINE('',#7323,#1792);
#1183=LINE('',#7327,#1793);
#1184=LINE('',#7330,#1794);
#1185=LINE('',#7335,#1795);
#1186=LINE('',#7337,#1796);
#1187=LINE('',#7339,#1797);
#1188=LINE('',#7340,#1798);
#1189=LINE('',#7343,#1799);
#1190=LINE('',#7345,#1800);
#1191=LINE('',#7346,#1801);
#1192=LINE('',#7349,#1802);
#1193=LINE('',#7351,#1803);
#1194=LINE('',#7352,#1804);
#1195=LINE('',#7354,#1805);
#1196=LINE('',#7355,#1806);
#1197=LINE('',#7358,#1807);
#1198=LINE('',#7362,#1808);
#1199=LINE('',#7364,#1809);
#1200=LINE('',#7366,#1810);
#1201=LINE('',#7369,#1811);
#1202=LINE('',#7372,#1812);
#1203=LINE('',#7373,#1813);
#1204=LINE('',#7378,#1814);
#1205=LINE('',#7380,#1815);
#1206=LINE('',#7382,#1816);
#1207=LINE('',#7383,#1817);
#1208=LINE('',#7385,#1818);
#1209=LINE('',#7387,#1819);
#1210=LINE('',#7388,#1820);
#1211=LINE('',#7391,#1821);
#1212=LINE('',#7392,#1822);
#1213=LINE('',#7393,#1823);
#1214=LINE('',#7395,#1824);
#1215=LINE('',#7398,#1825);
#1216=LINE('',#7399,#1826);
#1217=LINE('',#7402,#1827);
#1218=LINE('',#7405,#1828);
#1219=LINE('',#7409,#1829);
#1220=LINE('',#7412,#1830);
#1221=VECTOR('',#4943,10.);
#1222=VECTOR('',#4944,10.);
#1223=VECTOR('',#4945,10.);
#1224=VECTOR('',#4946,10.);
#1225=VECTOR('',#4949,10.);
#1226=VECTOR('',#4950,10.);
#1227=VECTOR('',#4951,10.);
#1228=VECTOR('',#4954,10.);
#1229=VECTOR('',#4955,10.);
#1230=VECTOR('',#4956,10.);
#1231=VECTOR('',#4959,10.);
#1232=VECTOR('',#4960,10.);
#1233=VECTOR('',#4961,10.);
#1234=VECTOR('',#4962,10.);
#1235=VECTOR('',#4965,10.);
#1236=VECTOR('',#4966,10.);
#1237=VECTOR('',#4967,10.);
#1238=VECTOR('',#4970,10.);
#1239=VECTOR('',#4971,10.);
#1240=VECTOR('',#4972,10.);
#1241=VECTOR('',#4975,10.);
#1242=VECTOR('',#4976,10.);
#1243=VECTOR('',#4977,10.);
#1244=VECTOR('',#4978,10.);
#1245=VECTOR('',#4979,10.);
#1246=VECTOR('',#4980,10.);
#1247=VECTOR('',#4981,10.);
#1248=VECTOR('',#4984,10.);
#1249=VECTOR('',#4985,10.);
#1250=VECTOR('',#4986,10.);
#1251=VECTOR('',#4987,10.);
#1252=VECTOR('',#4990,10.);
#1253=VECTOR('',#4991,10.);
#1254=VECTOR('',#4992,10.);
#1255=VECTOR('',#4993,10.);
#1256=VECTOR('',#4994,10.);
#1257=VECTOR('',#4997,10.);
#1258=VECTOR('',#4998,10.);
#1259=VECTOR('',#4999,10.);
#1260=VECTOR('',#5000,10.);
#1261=VECTOR('',#5001,10.);
#1262=VECTOR('',#5002,10.);
#1263=VECTOR('',#5005,10.);
#1264=VECTOR('',#5006,10.);
#1265=VECTOR('',#5007,10.);
#1266=VECTOR('',#5010,10.);
#1267=VECTOR('',#5011,10.);
#1268=VECTOR('',#5012,10.);
#1269=VECTOR('',#5013,10.);
#1270=VECTOR('',#5014,10.);
#1271=VECTOR('',#5015,10.);
#1272=VECTOR('',#5018,10.);
#1273=VECTOR('',#5019,10.);
#1274=VECTOR('',#5020,10.);
#1275=VECTOR('',#5023,10.);
#1276=VECTOR('',#5024,10.);
#1277=VECTOR('',#5025,10.);
#1278=VECTOR('',#5026,10.);
#1279=VECTOR('',#5027,10.);
#1280=VECTOR('',#5030,10.);
#1281=VECTOR('',#5031,10.);
#1282=VECTOR('',#5032,10.);
#1283=VECTOR('',#5033,10.);
#1284=VECTOR('',#5034,10.);
#1285=VECTOR('',#5037,10.);
#1286=VECTOR('',#5038,10.);
#1287=VECTOR('',#5039,10.);
#1288=VECTOR('',#5040,10.);
#1289=VECTOR('',#5041,10.);
#1290=VECTOR('',#5042,10.);
#1291=VECTOR('',#5043,10.);
#1292=VECTOR('',#5044,10.);
#1293=VECTOR('',#5047,10.);
#1294=VECTOR('',#5048,10.);
#1295=VECTOR('',#5049,10.);
#1296=VECTOR('',#5050,10.);
#1297=VECTOR('',#5051,10.);
#1298=VECTOR('',#5052,10.);
#1299=VECTOR('',#5053,10.);
#1300=VECTOR('',#5054,10.);
#1301=VECTOR('',#5055,10.);
#1302=VECTOR('',#5056,10.);
#1303=VECTOR('',#5057,10.);
#1304=VECTOR('',#5058,10.);
#1305=VECTOR('',#5059,10.);
#1306=VECTOR('',#5060,10.);
#1307=VECTOR('',#5061,10.);
#1308=VECTOR('',#5062,10.);
#1309=VECTOR('',#5063,10.);
#1310=VECTOR('',#5064,10.);
#1311=VECTOR('',#5065,10.);
#1312=VECTOR('',#5066,10.);
#1313=VECTOR('',#5067,10.);
#1314=VECTOR('',#5068,10.);
#1315=VECTOR('',#5069,10.);
#1316=VECTOR('',#5070,10.);
#1317=VECTOR('',#5071,10.);
#1318=VECTOR('',#5072,10.);
#1319=VECTOR('',#5073,10.);
#1320=VECTOR('',#5074,10.);
#1321=VECTOR('',#5075,10.);
#1322=VECTOR('',#5076,10.);
#1323=VECTOR('',#5077,10.);
#1324=VECTOR('',#5078,10.);
#1325=VECTOR('',#5079,10.);
#1326=VECTOR('',#5080,10.);
#1327=VECTOR('',#5081,10.);
#1328=VECTOR('',#5082,10.);
#1329=VECTOR('',#5085,10.);
#1330=VECTOR('',#5086,10.);
#1331=VECTOR('',#5087,10.);
#1332=VECTOR('',#5088,10.);
#1333=VECTOR('',#5091,10.);
#1334=VECTOR('',#5092,10.);
#1335=VECTOR('',#5093,10.);
#1336=VECTOR('',#5096,10.);
#1337=VECTOR('',#5097,10.);
#1338=VECTOR('',#5098,10.);
#1339=VECTOR('',#5099,10.);
#1340=VECTOR('',#5102,10.);
#1341=VECTOR('',#5103,10.);
#1342=VECTOR('',#5106,10.);
#1343=VECTOR('',#5107,10.);
#1344=VECTOR('',#5110,10.);
#1345=VECTOR('',#5111,10.);
#1346=VECTOR('',#5114,10.);
#1347=VECTOR('',#5117,10.);
#1348=VECTOR('',#5118,10.);
#1349=VECTOR('',#5119,10.);
#1350=VECTOR('',#5120,10.);
#1351=VECTOR('',#5121,10.);
#1352=VECTOR('',#5124,10.);
#1353=VECTOR('',#5125,10.);
#1354=VECTOR('',#5126,10.);
#1355=VECTOR('',#5129,10.);
#1356=VECTOR('',#5130,10.);
#1357=VECTOR('',#5133,10.);
#1358=VECTOR('',#5134,10.);
#1359=VECTOR('',#5135,10.);
#1360=VECTOR('',#5136,10.);
#1361=VECTOR('',#5139,10.);
#1362=VECTOR('',#5140,10.);
#1363=VECTOR('',#5141,10.);
#1364=VECTOR('',#5142,10.);
#1365=VECTOR('',#5143,10.);
#1366=VECTOR('',#5144,10.);
#1367=VECTOR('',#5145,10.);
#1368=VECTOR('',#5148,10.);
#1369=VECTOR('',#5151,10.);
#1370=VECTOR('',#5152,10.);
#1371=VECTOR('',#5153,10.);
#1372=VECTOR('',#5154,10.);
#1373=VECTOR('',#5157,10.);
#1374=VECTOR('',#5158,10.);
#1375=VECTOR('',#5159,10.);
#1376=VECTOR('',#5160,10.);
#1377=VECTOR('',#5163,10.);
#1378=VECTOR('',#5164,10.);
#1379=VECTOR('',#5165,10.);
#1380=VECTOR('',#5168,10.);
#1381=VECTOR('',#5169,10.);
#1382=VECTOR('',#5172,10.);
#1383=VECTOR('',#5173,10.);
#1384=VECTOR('',#5174,10.);
#1385=VECTOR('',#5177,10.);
#1386=VECTOR('',#5178,10.);
#1387=VECTOR('',#5181,10.);
#1388=VECTOR('',#5184,10.);
#1389=VECTOR('',#5185,10.);
#1390=VECTOR('',#5188,10.);
#1391=VECTOR('',#5189,10.);
#1392=VECTOR('',#5190,10.);
#1393=VECTOR('',#5193,10.);
#1394=VECTOR('',#5194,10.);
#1395=VECTOR('',#5197,10.);
#1396=VECTOR('',#5198,10.);
#1397=VECTOR('',#5201,10.);
#1398=VECTOR('',#5204,10.);
#1399=VECTOR('',#5205,10.);
#1400=VECTOR('',#5206,10.);
#1401=VECTOR('',#5209,10.);
#1402=VECTOR('',#5210,10.);
#1403=VECTOR('',#5211,10.);
#1404=VECTOR('',#5212,10.);
#1405=VECTOR('',#5213,10.);
#1406=VECTOR('',#5214,10.);
#1407=VECTOR('',#5217,10.);
#1408=VECTOR('',#5220,10.);
#1409=VECTOR('',#5221,10.);
#1410=VECTOR('',#5224,10.);
#1411=VECTOR('',#5225,10.);
#1412=VECTOR('',#5226,10.);
#1413=VECTOR('',#5229,10.);
#1414=VECTOR('',#5230,10.);
#1415=VECTOR('',#5233,10.);
#1416=VECTOR('',#5234,10.);
#1417=VECTOR('',#5237,10.);
#1418=VECTOR('',#5240,10.);
#1419=VECTOR('',#5241,10.);
#1420=VECTOR('',#5242,10.);
#1421=VECTOR('',#5245,10.);
#1422=VECTOR('',#5246,10.);
#1423=VECTOR('',#5247,10.);
#1424=VECTOR('',#5248,10.);
#1425=VECTOR('',#5249,10.);
#1426=VECTOR('',#5250,10.);
#1427=VECTOR('',#5253,10.);
#1428=VECTOR('',#5256,10.);
#1429=VECTOR('',#5257,10.);
#1430=VECTOR('',#5260,10.);
#1431=VECTOR('',#5261,10.);
#1432=VECTOR('',#5262,10.);
#1433=VECTOR('',#5265,10.);
#1434=VECTOR('',#5266,10.);
#1435=VECTOR('',#5269,10.);
#1436=VECTOR('',#5270,10.);
#1437=VECTOR('',#5273,10.);
#1438=VECTOR('',#5276,10.);
#1439=VECTOR('',#5277,10.);
#1440=VECTOR('',#5278,10.);
#1441=VECTOR('',#5281,10.);
#1442=VECTOR('',#5282,10.);
#1443=VECTOR('',#5283,10.);
#1444=VECTOR('',#5284,10.);
#1445=VECTOR('',#5285,10.);
#1446=VECTOR('',#5286,10.);
#1447=VECTOR('',#5289,10.);
#1448=VECTOR('',#5292,10.);
#1449=VECTOR('',#5293,10.);
#1450=VECTOR('',#5296,10.);
#1451=VECTOR('',#5297,10.);
#1452=VECTOR('',#5298,10.);
#1453=VECTOR('',#5301,10.);
#1454=VECTOR('',#5302,10.);
#1455=VECTOR('',#5305,10.);
#1456=VECTOR('',#5306,10.);
#1457=VECTOR('',#5309,10.);
#1458=VECTOR('',#5312,10.);
#1459=VECTOR('',#5313,10.);
#1460=VECTOR('',#5314,10.);
#1461=VECTOR('',#5317,10.);
#1462=VECTOR('',#5318,10.);
#1463=VECTOR('',#5319,10.);
#1464=VECTOR('',#5320,10.);
#1465=VECTOR('',#5321,10.);
#1466=VECTOR('',#5322,10.);
#1467=VECTOR('',#5325,10.);
#1468=VECTOR('',#5328,10.);
#1469=VECTOR('',#5329,10.);
#1470=VECTOR('',#5332,10.);
#1471=VECTOR('',#5333,10.);
#1472=VECTOR('',#5334,10.);
#1473=VECTOR('',#5337,10.);
#1474=VECTOR('',#5338,10.);
#1475=VECTOR('',#5341,10.);
#1476=VECTOR('',#5342,10.);
#1477=VECTOR('',#5345,10.);
#1478=VECTOR('',#5348,10.);
#1479=VECTOR('',#5349,10.);
#1480=VECTOR('',#5350,10.);
#1481=VECTOR('',#5353,10.);
#1482=VECTOR('',#5354,10.);
#1483=VECTOR('',#5355,10.);
#1484=VECTOR('',#5356,10.);
#1485=VECTOR('',#5357,10.);
#1486=VECTOR('',#5358,10.);
#1487=VECTOR('',#5361,10.);
#1488=VECTOR('',#5364,10.);
#1489=VECTOR('',#5365,10.);
#1490=VECTOR('',#5368,10.);
#1491=VECTOR('',#5369,10.);
#1492=VECTOR('',#5370,10.);
#1493=VECTOR('',#5373,10.);
#1494=VECTOR('',#5374,10.);
#1495=VECTOR('',#5377,10.);
#1496=VECTOR('',#5378,10.);
#1497=VECTOR('',#5381,10.);
#1498=VECTOR('',#5384,10.);
#1499=VECTOR('',#5385,10.);
#1500=VECTOR('',#5386,10.);
#1501=VECTOR('',#5389,10.);
#1502=VECTOR('',#5390,10.);
#1503=VECTOR('',#5391,10.);
#1504=VECTOR('',#5392,10.);
#1505=VECTOR('',#5393,10.);
#1506=VECTOR('',#5394,10.);
#1507=VECTOR('',#5397,10.);
#1508=VECTOR('',#5400,10.);
#1509=VECTOR('',#5401,10.);
#1510=VECTOR('',#5404,10.);
#1511=VECTOR('',#5405,10.);
#1512=VECTOR('',#5406,10.);
#1513=VECTOR('',#5409,10.);
#1514=VECTOR('',#5410,10.);
#1515=VECTOR('',#5413,10.);
#1516=VECTOR('',#5414,10.);
#1517=VECTOR('',#5417,10.);
#1518=VECTOR('',#5420,10.);
#1519=VECTOR('',#5423,10.);
#1520=VECTOR('',#5424,10.);
#1521=VECTOR('',#5427,10.);
#1522=VECTOR('',#5428,10.);
#1523=VECTOR('',#5429,10.);
#1524=VECTOR('',#5430,10.);
#1525=VECTOR('',#5433,10.);
#1526=VECTOR('',#5434,10.);
#1527=VECTOR('',#5435,10.);
#1528=VECTOR('',#5438,10.);
#1529=VECTOR('',#5439,10.);
#1530=VECTOR('',#5442,10.);
#1531=VECTOR('',#5443,10.);
#1532=VECTOR('',#5446,10.);
#1533=VECTOR('',#5449,10.);
#1534=VECTOR('',#5450,10.);
#1535=VECTOR('',#5455,10.);
#1536=VECTOR('',#5456,10.);
#1537=VECTOR('',#5459,10.);
#1538=VECTOR('',#5460,10.);
#1539=VECTOR('',#5463,10.);
#1540=VECTOR('',#5464,10.);
#1541=VECTOR('',#5465,10.);
#1542=VECTOR('',#5468,10.);
#1543=VECTOR('',#5477,10.);
#1544=VECTOR('',#5478,10.);
#1545=VECTOR('',#5479,10.);
#1546=VECTOR('',#5480,10.);
#1547=VECTOR('',#5483,10.);
#1548=VECTOR('',#5484,10.);
#1549=VECTOR('',#5485,10.);
#1550=VECTOR('',#5488,10.);
#1551=VECTOR('',#5489,10.);
#1552=VECTOR('',#5490,10.);
#1553=VECTOR('',#5493,10.);
#1554=VECTOR('',#5494,10.);
#1555=VECTOR('',#5497,10.);
#1556=VECTOR('',#5500,10.);
#1557=VECTOR('',#5501,10.);
#1558=VECTOR('',#5502,10.);
#1559=VECTOR('',#5505,10.);
#1560=VECTOR('',#5508,10.);
#1561=VECTOR('',#5509,10.);
#1562=VECTOR('',#5514,10.);
#1563=VECTOR('',#5515,10.);
#1564=VECTOR('',#5516,10.);
#1565=VECTOR('',#5517,10.);
#1566=VECTOR('',#5520,10.);
#1567=VECTOR('',#5521,10.);
#1568=VECTOR('',#5522,10.);
#1569=VECTOR('',#5525,10.);
#1570=VECTOR('',#5526,10.);
#1571=VECTOR('',#5527,10.);
#1572=VECTOR('',#5530,10.);
#1573=VECTOR('',#5533,10.);
#1574=VECTOR('',#5534,10.);
#1575=VECTOR('',#5537,10.);
#1576=VECTOR('',#5540,10.);
#1577=VECTOR('',#5547,10.);
#1578=VECTOR('',#5552,10.);
#1579=VECTOR('',#5557,10.);
#1580=VECTOR('',#5558,10.);
#1581=VECTOR('',#5559,10.);
#1582=VECTOR('',#5560,10.);
#1583=VECTOR('',#5563,10.);
#1584=VECTOR('',#5564,10.);
#1585=VECTOR('',#5565,10.);
#1586=VECTOR('',#5568,10.);
#1587=VECTOR('',#5569,10.);
#1588=VECTOR('',#5570,10.);
#1589=VECTOR('',#5573,10.);
#1590=VECTOR('',#5574,10.);
#1591=VECTOR('',#5577,10.);
#1592=VECTOR('',#5580,10.);
#1593=VECTOR('',#5581,10.);
#1594=VECTOR('',#5582,10.);
#1595=VECTOR('',#5585,10.);
#1596=VECTOR('',#5588,10.);
#1597=VECTOR('',#5589,10.);
#1598=VECTOR('',#5594,10.);
#1599=VECTOR('',#5595,10.);
#1600=VECTOR('',#5596,10.);
#1601=VECTOR('',#5597,10.);
#1602=VECTOR('',#5600,10.);
#1603=VECTOR('',#5601,10.);
#1604=VECTOR('',#5602,10.);
#1605=VECTOR('',#5605,10.);
#1606=VECTOR('',#5606,10.);
#1607=VECTOR('',#5607,10.);
#1608=VECTOR('',#5610,10.);
#1609=VECTOR('',#5613,10.);
#1610=VECTOR('',#5614,10.);
#1611=VECTOR('',#5617,10.);
#1612=VECTOR('',#5620,10.);
#1613=VECTOR('',#5627,10.);
#1614=VECTOR('',#5632,10.);
#1615=VECTOR('',#5637,10.);
#1616=VECTOR('',#5638,10.);
#1617=VECTOR('',#5639,10.);
#1618=VECTOR('',#5640,10.);
#1619=VECTOR('',#5643,10.);
#1620=VECTOR('',#5644,10.);
#1621=VECTOR('',#5645,10.);
#1622=VECTOR('',#5648,10.);
#1623=VECTOR('',#5649,10.);
#1624=VECTOR('',#5650,10.);
#1625=VECTOR('',#5653,10.);
#1626=VECTOR('',#5654,10.);
#1627=VECTOR('',#5657,10.);
#1628=VECTOR('',#5660,10.);
#1629=VECTOR('',#5661,10.);
#1630=VECTOR('',#5662,10.);
#1631=VECTOR('',#5665,10.);
#1632=VECTOR('',#5668,10.);
#1633=VECTOR('',#5669,10.);
#1634=VECTOR('',#5674,10.);
#1635=VECTOR('',#5675,10.);
#1636=VECTOR('',#5676,10.);
#1637=VECTOR('',#5677,10.);
#1638=VECTOR('',#5680,10.);
#1639=VECTOR('',#5681,10.);
#1640=VECTOR('',#5682,10.);
#1641=VECTOR('',#5685,10.);
#1642=VECTOR('',#5686,10.);
#1643=VECTOR('',#5687,10.);
#1644=VECTOR('',#5690,10.);
#1645=VECTOR('',#5693,10.);
#1646=VECTOR('',#5694,10.);
#1647=VECTOR('',#5697,10.);
#1648=VECTOR('',#5700,10.);
#1649=VECTOR('',#5707,10.);
#1650=VECTOR('',#5712,10.);
#1651=VECTOR('',#5717,10.);
#1652=VECTOR('',#5718,10.);
#1653=VECTOR('',#5719,10.);
#1654=VECTOR('',#5720,10.);
#1655=VECTOR('',#5723,10.);
#1656=VECTOR('',#5724,10.);
#1657=VECTOR('',#5725,10.);
#1658=VECTOR('',#5728,10.);
#1659=VECTOR('',#5729,10.);
#1660=VECTOR('',#5730,10.);
#1661=VECTOR('',#5733,10.);
#1662=VECTOR('',#5734,10.);
#1663=VECTOR('',#5737,10.);
#1664=VECTOR('',#5740,10.);
#1665=VECTOR('',#5741,10.);
#1666=VECTOR('',#5742,10.);
#1667=VECTOR('',#5745,10.);
#1668=VECTOR('',#5748,10.);
#1669=VECTOR('',#5749,10.);
#1670=VECTOR('',#5754,10.);
#1671=VECTOR('',#5755,10.);
#1672=VECTOR('',#5756,10.);
#1673=VECTOR('',#5757,10.);
#1674=VECTOR('',#5760,10.);
#1675=VECTOR('',#5761,10.);
#1676=VECTOR('',#5762,10.);
#1677=VECTOR('',#5765,10.);
#1678=VECTOR('',#5766,10.);
#1679=VECTOR('',#5767,10.);
#1680=VECTOR('',#5770,10.);
#1681=VECTOR('',#5773,10.);
#1682=VECTOR('',#5774,10.);
#1683=VECTOR('',#5777,10.);
#1684=VECTOR('',#5780,10.);
#1685=VECTOR('',#5787,10.);
#1686=VECTOR('',#5792,10.);
#1687=VECTOR('',#5797,10.);
#1688=VECTOR('',#5798,10.);
#1689=VECTOR('',#5799,10.);
#1690=VECTOR('',#5800,10.);
#1691=VECTOR('',#5803,10.);
#1692=VECTOR('',#5804,10.);
#1693=VECTOR('',#5805,10.);
#1694=VECTOR('',#5808,10.);
#1695=VECTOR('',#5809,10.);
#1696=VECTOR('',#5810,10.);
#1697=VECTOR('',#5813,10.);
#1698=VECTOR('',#5814,10.);
#1699=VECTOR('',#5817,10.);
#1700=VECTOR('',#5820,10.);
#1701=VECTOR('',#5821,10.);
#1702=VECTOR('',#5822,10.);
#1703=VECTOR('',#5825,10.);
#1704=VECTOR('',#5828,10.);
#1705=VECTOR('',#5829,10.);
#1706=VECTOR('',#5834,10.);
#1707=VECTOR('',#5835,10.);
#1708=VECTOR('',#5836,10.);
#1709=VECTOR('',#5837,10.);
#1710=VECTOR('',#5840,10.);
#1711=VECTOR('',#5841,10.);
#1712=VECTOR('',#5842,10.);
#1713=VECTOR('',#5845,10.);
#1714=VECTOR('',#5846,10.);
#1715=VECTOR('',#5847,10.);
#1716=VECTOR('',#5850,10.);
#1717=VECTOR('',#5853,10.);
#1718=VECTOR('',#5854,10.);
#1719=VECTOR('',#5857,10.);
#1720=VECTOR('',#5860,10.);
#1721=VECTOR('',#5867,10.);
#1722=VECTOR('',#5872,10.);
#1723=VECTOR('',#5877,10.);
#1724=VECTOR('',#5878,10.);
#1725=VECTOR('',#5879,10.);
#1726=VECTOR('',#5880,10.);
#1727=VECTOR('',#5883,10.);
#1728=VECTOR('',#5884,10.);
#1729=VECTOR('',#5885,10.);
#1730=VECTOR('',#5888,10.);
#1731=VECTOR('',#5889,10.);
#1732=VECTOR('',#5890,10.);
#1733=VECTOR('',#5893,10.);
#1734=VECTOR('',#5894,10.);
#1735=VECTOR('',#5897,10.);
#1736=VECTOR('',#5900,10.);
#1737=VECTOR('',#5901,10.);
#1738=VECTOR('',#5902,10.);
#1739=VECTOR('',#5905,10.);
#1740=VECTOR('',#5908,10.);
#1741=VECTOR('',#5909,10.);
#1742=VECTOR('',#5914,10.);
#1743=VECTOR('',#5915,10.);
#1744=VECTOR('',#5916,10.);
#1745=VECTOR('',#5917,10.);
#1746=VECTOR('',#5920,10.);
#1747=VECTOR('',#5921,10.);
#1748=VECTOR('',#5922,10.);
#1749=VECTOR('',#5925,10.);
#1750=VECTOR('',#5926,10.);
#1751=VECTOR('',#5927,10.);
#1752=VECTOR('',#5930,10.);
#1753=VECTOR('',#5933,10.);
#1754=VECTOR('',#5934,10.);
#1755=VECTOR('',#5937,10.);
#1756=VECTOR('',#5940,10.);
#1757=VECTOR('',#5947,10.);
#1758=VECTOR('',#5952,10.);
#1759=VECTOR('',#5957,10.);
#1760=VECTOR('',#5958,10.);
#1761=VECTOR('',#5959,10.);
#1762=VECTOR('',#5960,10.);
#1763=VECTOR('',#5963,10.);
#1764=VECTOR('',#5964,10.);
#1765=VECTOR('',#5965,10.);
#1766=VECTOR('',#5968,10.);
#1767=VECTOR('',#5969,10.);
#1768=VECTOR('',#5970,10.);
#1769=VECTOR('',#5973,10.);
#1770=VECTOR('',#5974,10.);
#1771=VECTOR('',#5977,10.);
#1772=VECTOR('',#5980,10.);
#1773=VECTOR('',#5981,10.);
#1774=VECTOR('',#5982,10.);
#1775=VECTOR('',#5985,10.);
#1776=VECTOR('',#5988,10.);
#1777=VECTOR('',#5989,10.);
#1778=VECTOR('',#5994,10.);
#1779=VECTOR('',#5995,10.);
#1780=VECTOR('',#5996,10.);
#1781=VECTOR('',#5997,10.);
#1782=VECTOR('',#6000,10.);
#1783=VECTOR('',#6001,10.);
#1784=VECTOR('',#6002,10.);
#1785=VECTOR('',#6005,10.);
#1786=VECTOR('',#6006,10.);
#1787=VECTOR('',#6007,10.);
#1788=VECTOR('',#6010,10.);
#1789=VECTOR('',#6013,10.);
#1790=VECTOR('',#6014,10.);
#1791=VECTOR('',#6017,10.);
#1792=VECTOR('',#6020,10.);
#1793=VECTOR('',#6027,10.);
#1794=VECTOR('',#6032,10.);
#1795=VECTOR('',#6037,10.);
#1796=VECTOR('',#6038,10.);
#1797=VECTOR('',#6039,10.);
#1798=VECTOR('',#6040,10.);
#1799=VECTOR('',#6043,10.);
#1800=VECTOR('',#6044,10.);
#1801=VECTOR('',#6045,10.);
#1802=VECTOR('',#6048,10.);
#1803=VECTOR('',#6049,10.);
#1804=VECTOR('',#6050,10.);
#1805=VECTOR('',#6053,10.);
#1806=VECTOR('',#6054,10.);
#1807=VECTOR('',#6057,10.);
#1808=VECTOR('',#6060,10.);
#1809=VECTOR('',#6061,10.);
#1810=VECTOR('',#6062,10.);
#1811=VECTOR('',#6065,10.);
#1812=VECTOR('',#6068,10.);
#1813=VECTOR('',#6069,10.);
#1814=VECTOR('',#6074,10.);
#1815=VECTOR('',#6075,10.);
#1816=VECTOR('',#6076,10.);
#1817=VECTOR('',#6077,10.);
#1818=VECTOR('',#6080,10.);
#1819=VECTOR('',#6081,10.);
#1820=VECTOR('',#6082,10.);
#1821=VECTOR('',#6085,10.);
#1822=VECTOR('',#6086,10.);
#1823=VECTOR('',#6087,10.);
#1824=VECTOR('',#6090,10.);
#1825=VECTOR('',#6093,10.);
#1826=VECTOR('',#6094,10.);
#1827=VECTOR('',#6097,10.);
#1828=VECTOR('',#6100,10.);
#1829=VECTOR('',#6107,10.);
#1830=VECTOR('',#6112,10.);
#1831=VERTEX_POINT('',#6117);
#1832=VERTEX_POINT('',#6118);
#1833=VERTEX_POINT('',#6120);
#1834=VERTEX_POINT('',#6122);
#1835=VERTEX_POINT('',#6126);
#1836=VERTEX_POINT('',#6128);
#1837=VERTEX_POINT('',#6132);
#1838=VERTEX_POINT('',#6134);
#1839=VERTEX_POINT('',#6138);
#1840=VERTEX_POINT('',#6139);
#1841=VERTEX_POINT('',#6141);
#1842=VERTEX_POINT('',#6143);
#1843=VERTEX_POINT('',#6147);
#1844=VERTEX_POINT('',#6149);
#1845=VERTEX_POINT('',#6153);
#1846=VERTEX_POINT('',#6155);
#1847=VERTEX_POINT('',#6159);
#1848=VERTEX_POINT('',#6161);
#1849=VERTEX_POINT('',#6163);
#1850=VERTEX_POINT('',#6165);
#1851=VERTEX_POINT('',#6167);
#1852=VERTEX_POINT('',#6169);
#1853=VERTEX_POINT('',#6173);
#1854=VERTEX_POINT('',#6175);
#1855=VERTEX_POINT('',#6177);
#1856=VERTEX_POINT('',#6181);
#1857=VERTEX_POINT('',#6183);
#1858=VERTEX_POINT('',#6185);
#1859=VERTEX_POINT('',#6187);
#1860=VERTEX_POINT('',#6191);
#1861=VERTEX_POINT('',#6193);
#1862=VERTEX_POINT('',#6195);
#1863=VERTEX_POINT('',#6197);
#1864=VERTEX_POINT('',#6199);
#1865=VERTEX_POINT('',#6203);
#1866=VERTEX_POINT('',#6205);
#1867=VERTEX_POINT('',#6209);
#1868=VERTEX_POINT('',#6210);
#1869=VERTEX_POINT('',#6212);
#1870=VERTEX_POINT('',#6214);
#1871=VERTEX_POINT('',#6216);
#1872=VERTEX_POINT('',#6218);
#1873=VERTEX_POINT('',#6222);
#1874=VERTEX_POINT('',#6224);
#1875=VERTEX_POINT('',#6228);
#1876=VERTEX_POINT('',#6229);
#1877=VERTEX_POINT('',#6232);
#1878=VERTEX_POINT('',#6234);
#1879=VERTEX_POINT('',#6238);
#1880=VERTEX_POINT('',#6241);
#1881=VERTEX_POINT('',#6243);
#1882=VERTEX_POINT('',#6247);
#1883=VERTEX_POINT('',#6249);
#1884=VERTEX_POINT('',#6251);
#1885=VERTEX_POINT('',#6254);
#1886=VERTEX_POINT('',#6255);
#1887=VERTEX_POINT('',#6257);
#1888=VERTEX_POINT('',#6259);
#1889=VERTEX_POINT('',#6263);
#1890=VERTEX_POINT('',#6266);
#1891=VERTEX_POINT('',#6268);
#1892=VERTEX_POINT('',#6270);
#1893=VERTEX_POINT('',#6272);
#1894=VERTEX_POINT('',#6274);
#1895=VERTEX_POINT('',#6276);
#1896=VERTEX_POINT('',#6278);
#1897=VERTEX_POINT('',#6280);
#1898=VERTEX_POINT('',#6282);
#1899=VERTEX_POINT('',#6284);
#1900=VERTEX_POINT('',#6286);
#1901=VERTEX_POINT('',#6288);
#1902=VERTEX_POINT('',#6290);
#1903=VERTEX_POINT('',#6292);
#1904=VERTEX_POINT('',#6294);
#1905=VERTEX_POINT('',#6296);
#1906=VERTEX_POINT('',#6298);
#1907=VERTEX_POINT('',#6300);
#1908=VERTEX_POINT('',#6302);
#1909=VERTEX_POINT('',#6304);
#1910=VERTEX_POINT('',#6306);
#1911=VERTEX_POINT('',#6308);
#1912=VERTEX_POINT('',#6310);
#1913=VERTEX_POINT('',#6312);
#1914=VERTEX_POINT('',#6314);
#1915=VERTEX_POINT('',#6316);
#1916=VERTEX_POINT('',#6318);
#1917=VERTEX_POINT('',#6320);
#1918=VERTEX_POINT('',#6322);
#1919=VERTEX_POINT('',#6324);
#1920=VERTEX_POINT('',#6326);
#1921=VERTEX_POINT('',#6328);
#1922=VERTEX_POINT('',#6333);
#1923=VERTEX_POINT('',#6335);
#1924=VERTEX_POINT('',#6340);
#1925=VERTEX_POINT('',#6342);
#1926=VERTEX_POINT('',#6346);
#1927=VERTEX_POINT('',#6347);
#1928=VERTEX_POINT('',#6349);
#1929=VERTEX_POINT('',#6351);
#1930=VERTEX_POINT('',#6355);
#1931=VERTEX_POINT('',#6362);
#1932=VERTEX_POINT('',#6368);
#1933=VERTEX_POINT('',#6369);
#1934=VERTEX_POINT('',#6371);
#1935=VERTEX_POINT('',#6374);
#1936=VERTEX_POINT('',#6379);
#1937=VERTEX_POINT('',#6383);
#1938=VERTEX_POINT('',#6388);
#1939=VERTEX_POINT('',#6390);
#1940=VERTEX_POINT('',#6394);
#1941=VERTEX_POINT('',#6396);
#1942=VERTEX_POINT('',#6399);
#1943=VERTEX_POINT('',#6400);
#1944=VERTEX_POINT('',#6402);
#1945=VERTEX_POINT('',#6404);
#1946=VERTEX_POINT('',#6410);
#1947=VERTEX_POINT('',#6411);
#1948=VERTEX_POINT('',#6413);
#1949=VERTEX_POINT('',#6415);
#1950=VERTEX_POINT('',#6419);
#1951=VERTEX_POINT('',#6420);
#1952=VERTEX_POINT('',#6422);
#1953=VERTEX_POINT('',#6424);
#1954=VERTEX_POINT('',#6428);
#1955=VERTEX_POINT('',#6430);
#1956=VERTEX_POINT('',#6438);
#1957=VERTEX_POINT('',#6442);
#1958=VERTEX_POINT('',#6448);
#1959=VERTEX_POINT('',#6452);
#1960=VERTEX_POINT('',#6454);
#1961=VERTEX_POINT('',#6458);
#1962=VERTEX_POINT('',#6462);
#1963=VERTEX_POINT('',#6468);
#1964=VERTEX_POINT('',#6469);
#1965=VERTEX_POINT('',#6474);
#1966=VERTEX_POINT('',#6477);
#1967=VERTEX_POINT('',#6478);
#1968=VERTEX_POINT('',#6480);
#1969=VERTEX_POINT('',#6482);
#1970=VERTEX_POINT('',#6488);
#1971=VERTEX_POINT('',#6492);
#1972=VERTEX_POINT('',#6494);
#1973=VERTEX_POINT('',#6498);
#1974=VERTEX_POINT('',#6502);
#1975=VERTEX_POINT('',#6508);
#1976=VERTEX_POINT('',#6509);
#1977=VERTEX_POINT('',#6514);
#1978=VERTEX_POINT('',#6517);
#1979=VERTEX_POINT('',#6518);
#1980=VERTEX_POINT('',#6520);
#1981=VERTEX_POINT('',#6522);
#1982=VERTEX_POINT('',#6528);
#1983=VERTEX_POINT('',#6532);
#1984=VERTEX_POINT('',#6534);
#1985=VERTEX_POINT('',#6538);
#1986=VERTEX_POINT('',#6542);
#1987=VERTEX_POINT('',#6548);
#1988=VERTEX_POINT('',#6549);
#1989=VERTEX_POINT('',#6554);
#1990=VERTEX_POINT('',#6557);
#1991=VERTEX_POINT('',#6558);
#1992=VERTEX_POINT('',#6560);
#1993=VERTEX_POINT('',#6562);
#1994=VERTEX_POINT('',#6568);
#1995=VERTEX_POINT('',#6572);
#1996=VERTEX_POINT('',#6574);
#1997=VERTEX_POINT('',#6578);
#1998=VERTEX_POINT('',#6582);
#1999=VERTEX_POINT('',#6588);
#2000=VERTEX_POINT('',#6589);
#2001=VERTEX_POINT('',#6594);
#2002=VERTEX_POINT('',#6597);
#2003=VERTEX_POINT('',#6598);
#2004=VERTEX_POINT('',#6600);
#2005=VERTEX_POINT('',#6602);
#2006=VERTEX_POINT('',#6608);
#2007=VERTEX_POINT('',#6612);
#2008=VERTEX_POINT('',#6614);
#2009=VERTEX_POINT('',#6618);
#2010=VERTEX_POINT('',#6622);
#2011=VERTEX_POINT('',#6628);
#2012=VERTEX_POINT('',#6629);
#2013=VERTEX_POINT('',#6634);
#2014=VERTEX_POINT('',#6637);
#2015=VERTEX_POINT('',#6638);
#2016=VERTEX_POINT('',#6640);
#2017=VERTEX_POINT('',#6642);
#2018=VERTEX_POINT('',#6648);
#2019=VERTEX_POINT('',#6652);
#2020=VERTEX_POINT('',#6654);
#2021=VERTEX_POINT('',#6658);
#2022=VERTEX_POINT('',#6662);
#2023=VERTEX_POINT('',#6668);
#2024=VERTEX_POINT('',#6669);
#2025=VERTEX_POINT('',#6674);
#2026=VERTEX_POINT('',#6677);
#2027=VERTEX_POINT('',#6678);
#2028=VERTEX_POINT('',#6680);
#2029=VERTEX_POINT('',#6682);
#2030=VERTEX_POINT('',#6688);
#2031=VERTEX_POINT('',#6692);
#2032=VERTEX_POINT('',#6694);
#2033=VERTEX_POINT('',#6698);
#2034=VERTEX_POINT('',#6702);
#2035=VERTEX_POINT('',#6710);
#2036=VERTEX_POINT('',#6714);
#2037=VERTEX_POINT('',#6716);
#2038=VERTEX_POINT('',#6721);
#2039=VERTEX_POINT('',#6723);
#2040=VERTEX_POINT('',#6727);
#2041=VERTEX_POINT('',#6731);
#2042=VERTEX_POINT('',#6741);
#2043=VERTEX_POINT('',#6745);
#2044=VERTEX_POINT('',#6750);
#2045=VERTEX_POINT('',#6759);
#2046=VERTEX_POINT('',#6760);
#2047=VERTEX_POINT('',#6762);
#2048=VERTEX_POINT('',#6764);
#2049=VERTEX_POINT('',#6768);
#2050=VERTEX_POINT('',#6770);
#2051=VERTEX_POINT('',#6774);
#2052=VERTEX_POINT('',#6776);
#2053=VERTEX_POINT('',#6783);
#2054=VERTEX_POINT('',#6785);
#2055=VERTEX_POINT('',#6787);
#2056=VERTEX_POINT('',#6789);
#2057=VERTEX_POINT('',#6791);
#2058=VERTEX_POINT('',#6793);
#2059=VERTEX_POINT('',#6797);
#2060=VERTEX_POINT('',#6802);
#2061=VERTEX_POINT('',#6803);
#2062=VERTEX_POINT('',#6805);
#2063=VERTEX_POINT('',#6807);
#2064=VERTEX_POINT('',#6812);
#2065=VERTEX_POINT('',#6816);
#2066=VERTEX_POINT('',#6823);
#2067=VERTEX_POINT('',#6827);
#2068=VERTEX_POINT('',#6830);
#2069=VERTEX_POINT('',#6841);
#2070=VERTEX_POINT('',#6842);
#2071=VERTEX_POINT('',#6844);
#2072=VERTEX_POINT('',#6846);
#2073=VERTEX_POINT('',#6850);
#2074=VERTEX_POINT('',#6852);
#2075=VERTEX_POINT('',#6856);
#2076=VERTEX_POINT('',#6858);
#2077=VERTEX_POINT('',#6865);
#2078=VERTEX_POINT('',#6867);
#2079=VERTEX_POINT('',#6869);
#2080=VERTEX_POINT('',#6871);
#2081=VERTEX_POINT('',#6873);
#2082=VERTEX_POINT('',#6875);
#2083=VERTEX_POINT('',#6879);
#2084=VERTEX_POINT('',#6884);
#2085=VERTEX_POINT('',#6885);
#2086=VERTEX_POINT('',#6887);
#2087=VERTEX_POINT('',#6889);
#2088=VERTEX_POINT('',#6894);
#2089=VERTEX_POINT('',#6898);
#2090=VERTEX_POINT('',#6905);
#2091=VERTEX_POINT('',#6909);
#2092=VERTEX_POINT('',#6912);
#2093=VERTEX_POINT('',#6923);
#2094=VERTEX_POINT('',#6924);
#2095=VERTEX_POINT('',#6926);
#2096=VERTEX_POINT('',#6928);
#2097=VERTEX_POINT('',#6932);
#2098=VERTEX_POINT('',#6934);
#2099=VERTEX_POINT('',#6938);
#2100=VERTEX_POINT('',#6940);
#2101=VERTEX_POINT('',#6947);
#2102=VERTEX_POINT('',#6949);
#2103=VERTEX_POINT('',#6951);
#2104=VERTEX_POINT('',#6953);
#2105=VERTEX_POINT('',#6955);
#2106=VERTEX_POINT('',#6957);
#2107=VERTEX_POINT('',#6961);
#2108=VERTEX_POINT('',#6966);
#2109=VERTEX_POINT('',#6967);
#2110=VERTEX_POINT('',#6969);
#2111=VERTEX_POINT('',#6971);
#2112=VERTEX_POINT('',#6976);
#2113=VERTEX_POINT('',#6980);
#2114=VERTEX_POINT('',#6987);
#2115=VERTEX_POINT('',#6991);
#2116=VERTEX_POINT('',#6994);
#2117=VERTEX_POINT('',#7005);
#2118=VERTEX_POINT('',#7006);
#2119=VERTEX_POINT('',#7008);
#2120=VERTEX_POINT('',#7010);
#2121=VERTEX_POINT('',#7014);
#2122=VERTEX_POINT('',#7016);
#2123=VERTEX_POINT('',#7020);
#2124=VERTEX_POINT('',#7022);
#2125=VERTEX_POINT('',#7029);
#2126=VERTEX_POINT('',#7031);
#2127=VERTEX_POINT('',#7033);
#2128=VERTEX_POINT('',#7035);
#2129=VERTEX_POINT('',#7037);
#2130=VERTEX_POINT('',#7039);
#2131=VERTEX_POINT('',#7043);
#2132=VERTEX_POINT('',#7048);
#2133=VERTEX_POINT('',#7049);
#2134=VERTEX_POINT('',#7051);
#2135=VERTEX_POINT('',#7053);
#2136=VERTEX_POINT('',#7058);
#2137=VERTEX_POINT('',#7062);
#2138=VERTEX_POINT('',#7069);
#2139=VERTEX_POINT('',#7073);
#2140=VERTEX_POINT('',#7076);
#2141=VERTEX_POINT('',#7087);
#2142=VERTEX_POINT('',#7088);
#2143=VERTEX_POINT('',#7090);
#2144=VERTEX_POINT('',#7092);
#2145=VERTEX_POINT('',#7096);
#2146=VERTEX_POINT('',#7098);
#2147=VERTEX_POINT('',#7102);
#2148=VERTEX_POINT('',#7104);
#2149=VERTEX_POINT('',#7111);
#2150=VERTEX_POINT('',#7113);
#2151=VERTEX_POINT('',#7115);
#2152=VERTEX_POINT('',#7117);
#2153=VERTEX_POINT('',#7119);
#2154=VERTEX_POINT('',#7121);
#2155=VERTEX_POINT('',#7125);
#2156=VERTEX_POINT('',#7130);
#2157=VERTEX_POINT('',#7131);
#2158=VERTEX_POINT('',#7133);
#2159=VERTEX_POINT('',#7135);
#2160=VERTEX_POINT('',#7140);
#2161=VERTEX_POINT('',#7144);
#2162=VERTEX_POINT('',#7151);
#2163=VERTEX_POINT('',#7155);
#2164=VERTEX_POINT('',#7158);
#2165=VERTEX_POINT('',#7169);
#2166=VERTEX_POINT('',#7170);
#2167=VERTEX_POINT('',#7172);
#2168=VERTEX_POINT('',#7174);
#2169=VERTEX_POINT('',#7178);
#2170=VERTEX_POINT('',#7180);
#2171=VERTEX_POINT('',#7184);
#2172=VERTEX_POINT('',#7186);
#2173=VERTEX_POINT('',#7193);
#2174=VERTEX_POINT('',#7195);
#2175=VERTEX_POINT('',#7197);
#2176=VERTEX_POINT('',#7199);
#2177=VERTEX_POINT('',#7201);
#2178=VERTEX_POINT('',#7203);
#2179=VERTEX_POINT('',#7207);
#2180=VERTEX_POINT('',#7212);
#2181=VERTEX_POINT('',#7213);
#2182=VERTEX_POINT('',#7215);
#2183=VERTEX_POINT('',#7217);
#2184=VERTEX_POINT('',#7222);
#2185=VERTEX_POINT('',#7226);
#2186=VERTEX_POINT('',#7233);
#2187=VERTEX_POINT('',#7237);
#2188=VERTEX_POINT('',#7240);
#2189=VERTEX_POINT('',#7251);
#2190=VERTEX_POINT('',#7252);
#2191=VERTEX_POINT('',#7254);
#2192=VERTEX_POINT('',#7256);
#2193=VERTEX_POINT('',#7260);
#2194=VERTEX_POINT('',#7262);
#2195=VERTEX_POINT('',#7266);
#2196=VERTEX_POINT('',#7268);
#2197=VERTEX_POINT('',#7275);
#2198=VERTEX_POINT('',#7277);
#2199=VERTEX_POINT('',#7279);
#2200=VERTEX_POINT('',#7281);
#2201=VERTEX_POINT('',#7283);
#2202=VERTEX_POINT('',#7285);
#2203=VERTEX_POINT('',#7289);
#2204=VERTEX_POINT('',#7294);
#2205=VERTEX_POINT('',#7295);
#2206=VERTEX_POINT('',#7297);
#2207=VERTEX_POINT('',#7299);
#2208=VERTEX_POINT('',#7304);
#2209=VERTEX_POINT('',#7308);
#2210=VERTEX_POINT('',#7315);
#2211=VERTEX_POINT('',#7319);
#2212=VERTEX_POINT('',#7322);
#2213=VERTEX_POINT('',#7333);
#2214=VERTEX_POINT('',#7334);
#2215=VERTEX_POINT('',#7336);
#2216=VERTEX_POINT('',#7338);
#2217=VERTEX_POINT('',#7342);
#2218=VERTEX_POINT('',#7344);
#2219=VERTEX_POINT('',#7348);
#2220=VERTEX_POINT('',#7350);
#2221=VERTEX_POINT('',#7357);
#2222=VERTEX_POINT('',#7359);
#2223=VERTEX_POINT('',#7361);
#2224=VERTEX_POINT('',#7363);
#2225=VERTEX_POINT('',#7365);
#2226=VERTEX_POINT('',#7367);
#2227=VERTEX_POINT('',#7371);
#2228=VERTEX_POINT('',#7376);
#2229=VERTEX_POINT('',#7377);
#2230=VERTEX_POINT('',#7379);
#2231=VERTEX_POINT('',#7381);
#2232=VERTEX_POINT('',#7386);
#2233=VERTEX_POINT('',#7390);
#2234=VERTEX_POINT('',#7397);
#2235=VERTEX_POINT('',#7401);
#2236=VERTEX_POINT('',#7404);
#2237=EDGE_CURVE('',#1831,#1832,#611,.T.);
#2238=EDGE_CURVE('',#1833,#1831,#612,.T.);
#2239=EDGE_CURVE('',#1834,#1833,#613,.T.);
#2240=EDGE_CURVE('',#1834,#1832,#614,.T.);
#2241=EDGE_CURVE('',#1832,#1835,#615,.T.);
#2242=EDGE_CURVE('',#1836,#1834,#616,.T.);
#2243=EDGE_CURVE('',#1836,#1835,#617,.T.);
#2244=EDGE_CURVE('',#1835,#1837,#618,.T.);
#2245=EDGE_CURVE('',#1838,#1836,#619,.T.);
#2246=EDGE_CURVE('',#1837,#1838,#620,.T.);
#2247=EDGE_CURVE('',#1839,#1840,#621,.T.);
#2248=EDGE_CURVE('',#1841,#1839,#622,.T.);
#2249=EDGE_CURVE('',#1842,#1841,#623,.T.);
#2250=EDGE_CURVE('',#1840,#1842,#624,.T.);
#2251=EDGE_CURVE('',#1840,#1843,#625,.T.);
#2252=EDGE_CURVE('',#1844,#1842,#626,.T.);
#2253=EDGE_CURVE('',#1843,#1844,#627,.T.);
#2254=EDGE_CURVE('',#1843,#1845,#628,.T.);
#2255=EDGE_CURVE('',#1846,#1844,#629,.T.);
#2256=EDGE_CURVE('',#1845,#1846,#630,.T.);
#2257=EDGE_CURVE('',#1841,#1847,#631,.T.);
#2258=EDGE_CURVE('',#1847,#1848,#632,.T.);
#2259=EDGE_CURVE('',#1848,#1849,#633,.T.);
#2260=EDGE_CURVE('',#1849,#1850,#634,.T.);
#2261=EDGE_CURVE('',#1850,#1851,#635,.T.);
#2262=EDGE_CURVE('',#1851,#1852,#636,.T.);
#2263=EDGE_CURVE('',#1852,#1846,#637,.T.);
#2264=EDGE_CURVE('',#1839,#1853,#638,.T.);
#2265=EDGE_CURVE('',#1853,#1854,#639,.T.);
#2266=EDGE_CURVE('',#1854,#1855,#640,.T.);
#2267=EDGE_CURVE('',#1847,#1855,#641,.T.);
#2268=EDGE_CURVE('',#1856,#1838,#642,.T.);
#2269=EDGE_CURVE('',#1857,#1856,#643,.T.);
#2270=EDGE_CURVE('',#1857,#1858,#644,.T.);
#2271=EDGE_CURVE('',#1858,#1859,#645,.T.);
#2272=EDGE_CURVE('',#1859,#1837,#646,.T.);
#2273=EDGE_CURVE('',#1860,#1859,#647,.F.);
#2274=EDGE_CURVE('',#1860,#1861,#648,.T.);
#2275=EDGE_CURVE('',#1861,#1862,#649,.T.);
#2276=EDGE_CURVE('',#1863,#1862,#650,.F.);
#2277=EDGE_CURVE('',#1863,#1864,#651,.T.);
#2278=EDGE_CURVE('',#1831,#1864,#652,.T.);
#2279=EDGE_CURVE('',#1865,#1854,#653,.T.);
#2280=EDGE_CURVE('',#1866,#1865,#654,.T.);
#2281=EDGE_CURVE('',#1855,#1866,#655,.T.);
#2282=EDGE_CURVE('',#1867,#1868,#656,.T.);
#2283=EDGE_CURVE('',#1869,#1867,#657,.T.);
#2284=EDGE_CURVE('',#1870,#1869,#658,.T.);
#2285=EDGE_CURVE('',#1871,#1870,#659,.T.);
#2286=EDGE_CURVE('',#1871,#1872,#660,.T.);
#2287=EDGE_CURVE('',#1868,#1872,#661,.T.);
#2288=EDGE_CURVE('',#1870,#1873,#662,.T.);
#2289=EDGE_CURVE('',#1874,#1869,#663,.T.);
#2290=EDGE_CURVE('',#1873,#1874,#664,.T.);
#2291=EDGE_CURVE('',#1875,#1876,#665,.T.);
#2292=EDGE_CURVE('',#1872,#1875,#666,.T.);
#2293=EDGE_CURVE('',#1877,#1871,#667,.T.);
#2294=EDGE_CURVE('',#1878,#1877,#668,.T.);
#2295=EDGE_CURVE('',#1876,#1878,#669,.T.);
#2296=EDGE_CURVE('',#1879,#1867,#670,.T.);
#2297=EDGE_CURVE('',#1876,#1879,#671,.T.);
#2298=EDGE_CURVE('',#1880,#1878,#672,.T.);
#2299=EDGE_CURVE('',#1881,#1880,#673,.T.);
#2300=EDGE_CURVE('',#1874,#1881,#674,.T.);
#2301=EDGE_CURVE('',#1882,#1877,#675,.T.);
#2302=EDGE_CURVE('',#1882,#1883,#676,.T.);
#2303=EDGE_CURVE('',#1884,#1883,#677,.T.);
#2304=EDGE_CURVE('',#1880,#1884,#678,.T.);
#2305=EDGE_CURVE('',#1885,#1886,#679,.T.);
#2306=EDGE_CURVE('',#1887,#1885,#680,.T.);
#2307=EDGE_CURVE('',#1888,#1887,#681,.T.);
#2308=EDGE_CURVE('',#1886,#1888,#682,.T.);
#2309=EDGE_CURVE('',#1866,#1889,#683,.T.);
#2310=EDGE_CURVE('',#1889,#1857,#684,.T.);
#2311=EDGE_CURVE('',#1890,#1856,#685,.T.);
#2312=EDGE_CURVE('',#1891,#1890,#686,.T.);
#2313=EDGE_CURVE('',#1891,#1892,#687,.T.);
#2314=EDGE_CURVE('',#1892,#1893,#688,.T.);
#2315=EDGE_CURVE('',#1893,#1894,#689,.T.);
#2316=EDGE_CURVE('',#1894,#1895,#690,.T.);
#2317=EDGE_CURVE('',#1895,#1896,#691,.T.);
#2318=EDGE_CURVE('',#1897,#1896,#692,.T.);
#2319=EDGE_CURVE('',#1897,#1898,#693,.T.);
#2320=EDGE_CURVE('',#1898,#1899,#694,.T.);
#2321=EDGE_CURVE('',#1899,#1900,#695,.T.);
#2322=EDGE_CURVE('',#1901,#1900,#696,.T.);
#2323=EDGE_CURVE('',#1901,#1902,#697,.T.);
#2324=EDGE_CURVE('',#1902,#1903,#698,.T.);
#2325=EDGE_CURVE('',#1903,#1904,#699,.T.);
#2326=EDGE_CURVE('',#1905,#1904,#700,.T.);
#2327=EDGE_CURVE('',#1905,#1906,#701,.T.);
#2328=EDGE_CURVE('',#1906,#1907,#702,.T.);
#2329=EDGE_CURVE('',#1907,#1908,#703,.T.);
#2330=EDGE_CURVE('',#1909,#1908,#704,.T.);
#2331=EDGE_CURVE('',#1909,#1910,#705,.T.);
#2332=EDGE_CURVE('',#1910,#1911,#706,.T.);
#2333=EDGE_CURVE('',#1911,#1912,#707,.T.);
#2334=EDGE_CURVE('',#1913,#1912,#708,.T.);
#2335=EDGE_CURVE('',#1913,#1914,#709,.T.);
#2336=EDGE_CURVE('',#1914,#1915,#710,.T.);
#2337=EDGE_CURVE('',#1915,#1916,#711,.T.);
#2338=EDGE_CURVE('',#1917,#1916,#712,.T.);
#2339=EDGE_CURVE('',#1917,#1918,#713,.T.);
#2340=EDGE_CURVE('',#1918,#1919,#714,.T.);
#2341=EDGE_CURVE('',#1919,#1920,#715,.T.);
#2342=EDGE_CURVE('',#1921,#1920,#716,.T.);
#2343=EDGE_CURVE('',#1921,#1882,#717,.T.);
#2344=EDGE_CURVE('',#1848,#1873,#718,.T.);
#2345=EDGE_CURVE('',#1922,#1845,#719,.T.);
#2346=EDGE_CURVE('',#1922,#1923,#720,.T.);
#2347=EDGE_CURVE('',#1879,#1923,#721,.T.);
#2348=EDGE_CURVE('',#1853,#1868,#722,.T.);
#2349=EDGE_CURVE('',#1924,#1849,#723,.T.);
#2350=EDGE_CURVE('',#1924,#1925,#724,.T.);
#2351=EDGE_CURVE('',#1850,#1925,#725,.T.);
#2352=EDGE_CURVE('',#1926,#1927,#726,.T.);
#2353=EDGE_CURVE('',#1927,#1928,#727,.T.);
#2354=EDGE_CURVE('',#1928,#1929,#728,.T.);
#2355=EDGE_CURVE('',#1929,#1926,#729,.T.);
#2356=EDGE_CURVE('',#1925,#1930,#730,.T.);
#2357=EDGE_CURVE('',#1851,#1930,#731,.T.);
#2358=EDGE_CURVE('',#1929,#1924,#732,.T.);
#2359=EDGE_CURVE('',#1930,#1928,#733,.T.);
#2360=EDGE_CURVE('',#1931,#1865,#734,.T.);
#2361=EDGE_CURVE('',#1889,#1931,#735,.T.);
#2362=EDGE_CURVE('',#1858,#1931,#736,.T.);
#2363=EDGE_CURVE('',#1932,#1933,#737,.T.);
#2364=EDGE_CURVE('',#1932,#1934,#738,.T.);
#2365=EDGE_CURVE('',#1894,#1934,#739,.T.);
#2366=EDGE_CURVE('',#1893,#1935,#740,.T.);
#2367=EDGE_CURVE('',#1933,#1935,#741,.T.);
#2368=EDGE_CURVE('',#1935,#1860,#742,.T.);
#2369=EDGE_CURVE('',#1892,#1936,#743,.T.);
#2370=EDGE_CURVE('',#1936,#1861,#744,.T.);
#2371=EDGE_CURVE('',#1937,#1891,#745,.T.);
#2372=EDGE_CURVE('',#1937,#1936,#746,.T.);
#2373=EDGE_CURVE('',#1862,#1932,#747,.T.);
#2374=EDGE_CURVE('',#1938,#1937,#748,.T.);
#2375=EDGE_CURVE('',#1939,#1938,#749,.T.);
#2376=EDGE_CURVE('',#1934,#1939,#750,.T.);
#2377=EDGE_CURVE('',#1939,#1940,#751,.T.);
#2378=EDGE_CURVE('',#1941,#1940,#752,.T.);
#2379=EDGE_CURVE('',#1895,#1941,#753,.T.);
#2380=EDGE_CURVE('',#1942,#1943,#754,.T.);
#2381=EDGE_CURVE('',#1944,#1942,#755,.T.);
#2382=EDGE_CURVE('',#1945,#1944,#756,.T.);
#2383=EDGE_CURVE('',#1943,#1945,#757,.T.);
#2384=EDGE_CURVE('',#1875,#1933,#758,.F.);
#2385=EDGE_CURVE('',#1946,#1947,#759,.T.);
#2386=EDGE_CURVE('',#1947,#1948,#760,.T.);
#2387=EDGE_CURVE('',#1949,#1948,#761,.T.);
#2388=EDGE_CURVE('',#1946,#1949,#762,.T.);
#2389=EDGE_CURVE('',#1950,#1951,#763,.T.);
#2390=EDGE_CURVE('',#1951,#1952,#764,.T.);
#2391=EDGE_CURVE('',#1953,#1952,#765,.T.);
#2392=EDGE_CURVE('',#1950,#1953,#766,.T.);
#2393=EDGE_CURVE('',#1951,#1954,#767,.T.);
#2394=EDGE_CURVE('',#1954,#1955,#768,.T.);
#2395=EDGE_CURVE('',#1952,#1955,#769,.T.);
#2396=EDGE_CURVE('',#1955,#1949,#770,.T.);
#2397=EDGE_CURVE('',#1953,#1948,#771,.T.);
#2398=EDGE_CURVE('',#1950,#1890,#772,.T.);
#2399=EDGE_CURVE('',#1948,#1956,#773,.T.);
#2400=EDGE_CURVE('',#1956,#1938,#774,.T.);
#2401=EDGE_CURVE('',#1957,#1941,#775,.T.);
#2402=EDGE_CURVE('',#1896,#1957,#776,.T.);
#2403=EDGE_CURVE('',#1940,#1956,#777,.T.);
#2404=EDGE_CURVE('',#1957,#1958,#778,.T.);
#2405=EDGE_CURVE('',#1958,#1897,#779,.T.);
#2406=EDGE_CURVE('',#1959,#1944,#780,.T.);
#2407=EDGE_CURVE('',#1960,#1959,#781,.T.);
#2408=EDGE_CURVE('',#1960,#1945,#782,.T.);
#2409=EDGE_CURVE('',#1961,#1942,#783,.T.);
#2410=EDGE_CURVE('',#1959,#1961,#784,.T.);
#2411=EDGE_CURVE('',#1962,#1943,#785,.T.);
#2412=EDGE_CURVE('',#1961,#1962,#786,.T.);
#2413=EDGE_CURVE('',#1962,#1960,#787,.T.);
#2414=EDGE_CURVE('',#1963,#1964,#788,.T.);
#2415=EDGE_CURVE('',#1900,#1963,#789,.T.);
#2416=EDGE_CURVE('',#1899,#1964,#790,.T.);
#2417=EDGE_CURVE('',#1964,#1965,#791,.T.);
#2418=EDGE_CURVE('',#1898,#1965,#792,.T.);
#2419=EDGE_CURVE('',#1966,#1967,#793,.T.);
#2420=EDGE_CURVE('',#1968,#1966,#794,.T.);
#2421=EDGE_CURVE('',#1969,#1968,#795,.T.);
#2422=EDGE_CURVE('',#1967,#1969,#796,.T.);
#2423=EDGE_CURVE('',#1965,#1958,#797,.T.);
#2424=EDGE_CURVE('',#1963,#1970,#798,.T.);
#2425=EDGE_CURVE('',#1970,#1901,#799,.T.);
#2426=EDGE_CURVE('',#1971,#1968,#800,.T.);
#2427=EDGE_CURVE('',#1972,#1971,#801,.T.);
#2428=EDGE_CURVE('',#1972,#1969,#802,.T.);
#2429=EDGE_CURVE('',#1973,#1966,#803,.T.);
#2430=EDGE_CURVE('',#1971,#1973,#804,.T.);
#2431=EDGE_CURVE('',#1974,#1967,#805,.T.);
#2432=EDGE_CURVE('',#1973,#1974,#806,.T.);
#2433=EDGE_CURVE('',#1974,#1972,#807,.T.);
#2434=EDGE_CURVE('',#1975,#1976,#808,.T.);
#2435=EDGE_CURVE('',#1904,#1975,#809,.T.);
#2436=EDGE_CURVE('',#1903,#1976,#810,.T.);
#2437=EDGE_CURVE('',#1976,#1977,#811,.T.);
#2438=EDGE_CURVE('',#1902,#1977,#812,.T.);
#2439=EDGE_CURVE('',#1978,#1979,#813,.T.);
#2440=EDGE_CURVE('',#1980,#1978,#814,.T.);
#2441=EDGE_CURVE('',#1981,#1980,#815,.T.);
#2442=EDGE_CURVE('',#1979,#1981,#816,.T.);
#2443=EDGE_CURVE('',#1977,#1970,#817,.T.);
#2444=EDGE_CURVE('',#1975,#1982,#818,.T.);
#2445=EDGE_CURVE('',#1982,#1905,#819,.T.);
#2446=EDGE_CURVE('',#1983,#1980,#820,.T.);
#2447=EDGE_CURVE('',#1984,#1983,#821,.T.);
#2448=EDGE_CURVE('',#1984,#1981,#822,.T.);
#2449=EDGE_CURVE('',#1985,#1978,#823,.T.);
#2450=EDGE_CURVE('',#1983,#1985,#824,.T.);
#2451=EDGE_CURVE('',#1986,#1979,#825,.T.);
#2452=EDGE_CURVE('',#1985,#1986,#826,.T.);
#2453=EDGE_CURVE('',#1986,#1984,#827,.T.);
#2454=EDGE_CURVE('',#1987,#1988,#828,.T.);
#2455=EDGE_CURVE('',#1908,#1987,#829,.T.);
#2456=EDGE_CURVE('',#1907,#1988,#830,.T.);
#2457=EDGE_CURVE('',#1988,#1989,#831,.T.);
#2458=EDGE_CURVE('',#1906,#1989,#832,.T.);
#2459=EDGE_CURVE('',#1990,#1991,#833,.T.);
#2460=EDGE_CURVE('',#1992,#1990,#834,.T.);
#2461=EDGE_CURVE('',#1993,#1992,#835,.T.);
#2462=EDGE_CURVE('',#1991,#1993,#836,.T.);
#2463=EDGE_CURVE('',#1989,#1982,#837,.T.);
#2464=EDGE_CURVE('',#1987,#1994,#838,.T.);
#2465=EDGE_CURVE('',#1994,#1909,#839,.T.);
#2466=EDGE_CURVE('',#1995,#1992,#840,.T.);
#2467=EDGE_CURVE('',#1996,#1995,#841,.T.);
#2468=EDGE_CURVE('',#1996,#1993,#842,.T.);
#2469=EDGE_CURVE('',#1997,#1990,#843,.T.);
#2470=EDGE_CURVE('',#1995,#1997,#844,.T.);
#2471=EDGE_CURVE('',#1998,#1991,#845,.T.);
#2472=EDGE_CURVE('',#1997,#1998,#846,.T.);
#2473=EDGE_CURVE('',#1998,#1996,#847,.T.);
#2474=EDGE_CURVE('',#1999,#2000,#848,.T.);
#2475=EDGE_CURVE('',#1912,#1999,#849,.T.);
#2476=EDGE_CURVE('',#1911,#2000,#850,.T.);
#2477=EDGE_CURVE('',#2000,#2001,#851,.T.);
#2478=EDGE_CURVE('',#1910,#2001,#852,.T.);
#2479=EDGE_CURVE('',#2002,#2003,#853,.T.);
#2480=EDGE_CURVE('',#2004,#2002,#854,.T.);
#2481=EDGE_CURVE('',#2005,#2004,#855,.T.);
#2482=EDGE_CURVE('',#2003,#2005,#856,.T.);
#2483=EDGE_CURVE('',#2001,#1994,#857,.T.);
#2484=EDGE_CURVE('',#1999,#2006,#858,.T.);
#2485=EDGE_CURVE('',#2006,#1913,#859,.T.);
#2486=EDGE_CURVE('',#2007,#2004,#860,.T.);
#2487=EDGE_CURVE('',#2008,#2007,#861,.T.);
#2488=EDGE_CURVE('',#2008,#2005,#862,.T.);
#2489=EDGE_CURVE('',#2009,#2002,#863,.T.);
#2490=EDGE_CURVE('',#2007,#2009,#864,.T.);
#2491=EDGE_CURVE('',#2010,#2003,#865,.T.);
#2492=EDGE_CURVE('',#2009,#2010,#866,.T.);
#2493=EDGE_CURVE('',#2010,#2008,#867,.T.);
#2494=EDGE_CURVE('',#2011,#2012,#868,.T.);
#2495=EDGE_CURVE('',#1916,#2011,#869,.T.);
#2496=EDGE_CURVE('',#1915,#2012,#870,.T.);
#2497=EDGE_CURVE('',#2012,#2013,#871,.T.);
#2498=EDGE_CURVE('',#1914,#2013,#872,.T.);
#2499=EDGE_CURVE('',#2014,#2015,#873,.T.);
#2500=EDGE_CURVE('',#2016,#2014,#874,.T.);
#2501=EDGE_CURVE('',#2017,#2016,#875,.T.);
#2502=EDGE_CURVE('',#2015,#2017,#876,.T.);
#2503=EDGE_CURVE('',#2013,#2006,#877,.T.);
#2504=EDGE_CURVE('',#2011,#2018,#878,.T.);
#2505=EDGE_CURVE('',#2018,#1917,#879,.T.);
#2506=EDGE_CURVE('',#2019,#2016,#880,.T.);
#2507=EDGE_CURVE('',#2020,#2019,#881,.T.);
#2508=EDGE_CURVE('',#2020,#2017,#882,.T.);
#2509=EDGE_CURVE('',#2021,#2014,#883,.T.);
#2510=EDGE_CURVE('',#2019,#2021,#884,.T.);
#2511=EDGE_CURVE('',#2022,#2015,#885,.T.);
#2512=EDGE_CURVE('',#2021,#2022,#886,.T.);
#2513=EDGE_CURVE('',#2022,#2020,#887,.T.);
#2514=EDGE_CURVE('',#2023,#2024,#888,.T.);
#2515=EDGE_CURVE('',#1920,#2023,#889,.T.);
#2516=EDGE_CURVE('',#1919,#2024,#890,.T.);
#2517=EDGE_CURVE('',#2024,#2025,#891,.T.);
#2518=EDGE_CURVE('',#1918,#2025,#892,.T.);
#2519=EDGE_CURVE('',#2026,#2027,#893,.T.);
#2520=EDGE_CURVE('',#2028,#2026,#894,.T.);
#2521=EDGE_CURVE('',#2029,#2028,#895,.T.);
#2522=EDGE_CURVE('',#2027,#2029,#896,.T.);
#2523=EDGE_CURVE('',#2025,#2018,#897,.T.);
#2524=EDGE_CURVE('',#2023,#2030,#898,.T.);
#2525=EDGE_CURVE('',#2030,#1921,#899,.T.);
#2526=EDGE_CURVE('',#2031,#2028,#900,.T.);
#2527=EDGE_CURVE('',#2032,#2031,#901,.T.);
#2528=EDGE_CURVE('',#2032,#2029,#902,.T.);
#2529=EDGE_CURVE('',#2033,#2026,#903,.T.);
#2530=EDGE_CURVE('',#2031,#2033,#904,.T.);
#2531=EDGE_CURVE('',#2034,#2027,#905,.T.);
#2532=EDGE_CURVE('',#2033,#2034,#906,.T.);
#2533=EDGE_CURVE('',#2034,#2032,#907,.T.);
#2534=EDGE_CURVE('',#1883,#2030,#908,.T.);
#2535=EDGE_CURVE('',#2035,#1884,#909,.T.);
#2536=EDGE_CURVE('',#1881,#2035,#910,.T.);
#2537=EDGE_CURVE('',#2036,#1947,#911,.T.);
#2538=EDGE_CURVE('',#2037,#2036,#912,.T.);
#2539=EDGE_CURVE('',#2037,#1926,#913,.T.);
#2540=EDGE_CURVE('',#2035,#1929,#914,.T.);
#2541=EDGE_CURVE('',#2038,#1887,#915,.T.);
#2542=EDGE_CURVE('',#2039,#2038,#916,.T.);
#2543=EDGE_CURVE('',#2039,#1888,#917,.T.);
#2544=EDGE_CURVE('',#2040,#1885,#918,.T.);
#2545=EDGE_CURVE('',#2038,#2040,#919,.T.);
#2546=EDGE_CURVE('',#2041,#1886,#920,.T.);
#2547=EDGE_CURVE('',#2040,#2041,#921,.T.);
#2548=EDGE_CURVE('',#2041,#2039,#922,.T.);
#2549=EDGE_CURVE('',#1863,#1923,#923,.T.);
#2550=EDGE_CURVE('',#1864,#1922,#924,.T.);
#2551=EDGE_CURVE('',#2042,#2037,#925,.T.);
#2552=EDGE_CURVE('',#1927,#2042,#926,.T.);
#2553=EDGE_CURVE('',#2043,#1946,#927,.T.);
#2554=EDGE_CURVE('',#2036,#2043,#928,.T.);
#2555=EDGE_CURVE('',#1852,#2042,#929,.T.);
#2556=EDGE_CURVE('',#2043,#2044,#930,.T.);
#2557=EDGE_CURVE('',#1833,#2044,#931,.T.);
#2558=EDGE_CURVE('',#2044,#1954,#932,.T.);
#2559=EDGE_CURVE('',#2045,#2046,#933,.T.);
#2560=EDGE_CURVE('',#2046,#2047,#934,.T.);
#2561=EDGE_CURVE('',#2047,#2048,#935,.T.);
#2562=EDGE_CURVE('',#2045,#2048,#936,.T.);
#2563=EDGE_CURVE('',#2046,#2049,#937,.T.);
#2564=EDGE_CURVE('',#2049,#2050,#938,.T.);
#2565=EDGE_CURVE('',#2050,#2047,#939,.T.);
#2566=EDGE_CURVE('',#2049,#2051,#940,.T.);
#2567=EDGE_CURVE('',#2051,#2052,#941,.T.);
#2568=EDGE_CURVE('',#2052,#2050,#942,.T.);
#2569=EDGE_CURVE('',#2048,#2052,#943,.T.);
#2570=EDGE_CURVE('',#2051,#2045,#944,.T.);
#2571=EDGE_CURVE('',#2053,#2048,#945,.T.);
#2572=EDGE_CURVE('',#2054,#2053,#29,.T.);
#2573=EDGE_CURVE('',#2055,#2054,#946,.T.);
#2574=EDGE_CURVE('',#2056,#2055,#947,.T.);
#2575=EDGE_CURVE('',#2056,#2057,#948,.T.);
#2576=EDGE_CURVE('',#2057,#2058,#30,.T.);
#2577=EDGE_CURVE('',#2058,#2052,#949,.T.);
#2578=EDGE_CURVE('',#2059,#2047,#950,.T.);
#2579=EDGE_CURVE('',#2059,#2053,#951,.T.);
#2580=EDGE_CURVE('',#2060,#2061,#952,.T.);
#2581=EDGE_CURVE('',#2061,#2062,#953,.T.);
#2582=EDGE_CURVE('',#2062,#2063,#954,.T.);
#2583=EDGE_CURVE('',#2060,#2063,#955,.T.);
#2584=EDGE_CURVE('',#2061,#2056,#956,.T.);
#2585=EDGE_CURVE('',#2056,#2064,#957,.T.);
#2586=EDGE_CURVE('',#2064,#2062,#958,.T.);
#2587=EDGE_CURVE('',#2063,#2065,#959,.T.);
#2588=EDGE_CURVE('',#2065,#2055,#960,.T.);
#2589=EDGE_CURVE('',#2055,#2060,#961,.T.);
#2590=EDGE_CURVE('',#2065,#2064,#962,.T.);
#2591=EDGE_CURVE('',#2061,#2066,#963,.T.);
#2592=EDGE_CURVE('',#2057,#2066,#964,.T.);
#2593=EDGE_CURVE('',#2067,#2050,#965,.T.);
#2594=EDGE_CURVE('',#2066,#2067,#31,.T.);
#2595=EDGE_CURVE('',#2060,#2068,#966,.T.);
#2596=EDGE_CURVE('',#2068,#2059,#32,.T.);
#2597=EDGE_CURVE('',#2058,#2067,#967,.T.);
#2598=EDGE_CURVE('',#2068,#2054,#968,.T.);
#2599=EDGE_CURVE('',#2069,#2070,#969,.T.);
#2600=EDGE_CURVE('',#2070,#2071,#970,.T.);
#2601=EDGE_CURVE('',#2071,#2072,#971,.T.);
#2602=EDGE_CURVE('',#2069,#2072,#972,.T.);
#2603=EDGE_CURVE('',#2070,#2073,#973,.T.);
#2604=EDGE_CURVE('',#2073,#2074,#974,.T.);
#2605=EDGE_CURVE('',#2074,#2071,#975,.T.);
#2606=EDGE_CURVE('',#2073,#2075,#976,.T.);
#2607=EDGE_CURVE('',#2075,#2076,#977,.T.);
#2608=EDGE_CURVE('',#2076,#2074,#978,.T.);
#2609=EDGE_CURVE('',#2072,#2076,#979,.T.);
#2610=EDGE_CURVE('',#2075,#2069,#980,.T.);
#2611=EDGE_CURVE('',#2077,#2072,#981,.T.);
#2612=EDGE_CURVE('',#2078,#2077,#33,.T.);
#2613=EDGE_CURVE('',#2079,#2078,#982,.T.);
#2614=EDGE_CURVE('',#2080,#2079,#983,.T.);
#2615=EDGE_CURVE('',#2080,#2081,#984,.T.);
#2616=EDGE_CURVE('',#2081,#2082,#34,.T.);
#2617=EDGE_CURVE('',#2082,#2076,#985,.T.);
#2618=EDGE_CURVE('',#2083,#2071,#986,.T.);
#2619=EDGE_CURVE('',#2083,#2077,#987,.T.);
#2620=EDGE_CURVE('',#2084,#2085,#988,.T.);
#2621=EDGE_CURVE('',#2085,#2086,#989,.T.);
#2622=EDGE_CURVE('',#2086,#2087,#990,.T.);
#2623=EDGE_CURVE('',#2084,#2087,#991,.T.);
#2624=EDGE_CURVE('',#2085,#2080,#992,.T.);
#2625=EDGE_CURVE('',#2080,#2088,#993,.T.);
#2626=EDGE_CURVE('',#2088,#2086,#994,.T.);
#2627=EDGE_CURVE('',#2087,#2089,#995,.T.);
#2628=EDGE_CURVE('',#2089,#2079,#996,.T.);
#2629=EDGE_CURVE('',#2079,#2084,#997,.T.);
#2630=EDGE_CURVE('',#2089,#2088,#998,.T.);
#2631=EDGE_CURVE('',#2085,#2090,#999,.T.);
#2632=EDGE_CURVE('',#2081,#2090,#1000,.T.);
#2633=EDGE_CURVE('',#2091,#2074,#1001,.T.);
#2634=EDGE_CURVE('',#2090,#2091,#35,.T.);
#2635=EDGE_CURVE('',#2084,#2092,#1002,.T.);
#2636=EDGE_CURVE('',#2092,#2083,#36,.T.);
#2637=EDGE_CURVE('',#2082,#2091,#1003,.T.);
#2638=EDGE_CURVE('',#2092,#2078,#1004,.T.);
#2639=EDGE_CURVE('',#2093,#2094,#1005,.T.);
#2640=EDGE_CURVE('',#2094,#2095,#1006,.T.);
#2641=EDGE_CURVE('',#2095,#2096,#1007,.T.);
#2642=EDGE_CURVE('',#2093,#2096,#1008,.T.);
#2643=EDGE_CURVE('',#2094,#2097,#1009,.T.);
#2644=EDGE_CURVE('',#2097,#2098,#1010,.T.);
#2645=EDGE_CURVE('',#2098,#2095,#1011,.T.);
#2646=EDGE_CURVE('',#2097,#2099,#1012,.T.);
#2647=EDGE_CURVE('',#2099,#2100,#1013,.T.);
#2648=EDGE_CURVE('',#2100,#2098,#1014,.T.);
#2649=EDGE_CURVE('',#2096,#2100,#1015,.T.);
#2650=EDGE_CURVE('',#2099,#2093,#1016,.T.);
#2651=EDGE_CURVE('',#2101,#2096,#1017,.T.);
#2652=EDGE_CURVE('',#2102,#2101,#37,.T.);
#2653=EDGE_CURVE('',#2103,#2102,#1018,.T.);
#2654=EDGE_CURVE('',#2104,#2103,#1019,.T.);
#2655=EDGE_CURVE('',#2104,#2105,#1020,.T.);
#2656=EDGE_CURVE('',#2105,#2106,#38,.T.);
#2657=EDGE_CURVE('',#2106,#2100,#1021,.T.);
#2658=EDGE_CURVE('',#2107,#2095,#1022,.T.);
#2659=EDGE_CURVE('',#2107,#2101,#1023,.T.);
#2660=EDGE_CURVE('',#2108,#2109,#1024,.T.);
#2661=EDGE_CURVE('',#2109,#2110,#1025,.T.);
#2662=EDGE_CURVE('',#2110,#2111,#1026,.T.);
#2663=EDGE_CURVE('',#2108,#2111,#1027,.T.);
#2664=EDGE_CURVE('',#2109,#2104,#1028,.T.);
#2665=EDGE_CURVE('',#2104,#2112,#1029,.T.);
#2666=EDGE_CURVE('',#2112,#2110,#1030,.T.);
#2667=EDGE_CURVE('',#2111,#2113,#1031,.T.);
#2668=EDGE_CURVE('',#2113,#2103,#1032,.T.);
#2669=EDGE_CURVE('',#2103,#2108,#1033,.T.);
#2670=EDGE_CURVE('',#2113,#2112,#1034,.T.);
#2671=EDGE_CURVE('',#2109,#2114,#1035,.T.);
#2672=EDGE_CURVE('',#2105,#2114,#1036,.T.);
#2673=EDGE_CURVE('',#2115,#2098,#1037,.T.);
#2674=EDGE_CURVE('',#2114,#2115,#39,.T.);
#2675=EDGE_CURVE('',#2108,#2116,#1038,.T.);
#2676=EDGE_CURVE('',#2116,#2107,#40,.T.);
#2677=EDGE_CURVE('',#2106,#2115,#1039,.T.);
#2678=EDGE_CURVE('',#2116,#2102,#1040,.T.);
#2679=EDGE_CURVE('',#2117,#2118,#1041,.T.);
#2680=EDGE_CURVE('',#2118,#2119,#1042,.T.);
#2681=EDGE_CURVE('',#2119,#2120,#1043,.T.);
#2682=EDGE_CURVE('',#2117,#2120,#1044,.T.);
#2683=EDGE_CURVE('',#2118,#2121,#1045,.T.);
#2684=EDGE_CURVE('',#2121,#2122,#1046,.T.);
#2685=EDGE_CURVE('',#2122,#2119,#1047,.T.);
#2686=EDGE_CURVE('',#2121,#2123,#1048,.T.);
#2687=EDGE_CURVE('',#2123,#2124,#1049,.T.);
#2688=EDGE_CURVE('',#2124,#2122,#1050,.T.);
#2689=EDGE_CURVE('',#2120,#2124,#1051,.T.);
#2690=EDGE_CURVE('',#2123,#2117,#1052,.T.);
#2691=EDGE_CURVE('',#2125,#2120,#1053,.T.);
#2692=EDGE_CURVE('',#2126,#2125,#41,.T.);
#2693=EDGE_CURVE('',#2127,#2126,#1054,.T.);
#2694=EDGE_CURVE('',#2128,#2127,#1055,.T.);
#2695=EDGE_CURVE('',#2128,#2129,#1056,.T.);
#2696=EDGE_CURVE('',#2129,#2130,#42,.T.);
#2697=EDGE_CURVE('',#2130,#2124,#1057,.T.);
#2698=EDGE_CURVE('',#2131,#2119,#1058,.T.);
#2699=EDGE_CURVE('',#2131,#2125,#1059,.T.);
#2700=EDGE_CURVE('',#2132,#2133,#1060,.T.);
#2701=EDGE_CURVE('',#2133,#2134,#1061,.T.);
#2702=EDGE_CURVE('',#2134,#2135,#1062,.T.);
#2703=EDGE_CURVE('',#2132,#2135,#1063,.T.);
#2704=EDGE_CURVE('',#2133,#2128,#1064,.T.);
#2705=EDGE_CURVE('',#2128,#2136,#1065,.T.);
#2706=EDGE_CURVE('',#2136,#2134,#1066,.T.);
#2707=EDGE_CURVE('',#2135,#2137,#1067,.T.);
#2708=EDGE_CURVE('',#2137,#2127,#1068,.T.);
#2709=EDGE_CURVE('',#2127,#2132,#1069,.T.);
#2710=EDGE_CURVE('',#2137,#2136,#1070,.T.);
#2711=EDGE_CURVE('',#2133,#2138,#1071,.T.);
#2712=EDGE_CURVE('',#2129,#2138,#1072,.T.);
#2713=EDGE_CURVE('',#2139,#2122,#1073,.T.);
#2714=EDGE_CURVE('',#2138,#2139,#43,.T.);
#2715=EDGE_CURVE('',#2132,#2140,#1074,.T.);
#2716=EDGE_CURVE('',#2140,#2131,#44,.T.);
#2717=EDGE_CURVE('',#2130,#2139,#1075,.T.);
#2718=EDGE_CURVE('',#2140,#2126,#1076,.T.);
#2719=EDGE_CURVE('',#2141,#2142,#1077,.T.);
#2720=EDGE_CURVE('',#2142,#2143,#1078,.T.);
#2721=EDGE_CURVE('',#2143,#2144,#1079,.T.);
#2722=EDGE_CURVE('',#2141,#2144,#1080,.T.);
#2723=EDGE_CURVE('',#2142,#2145,#1081,.T.);
#2724=EDGE_CURVE('',#2145,#2146,#1082,.T.);
#2725=EDGE_CURVE('',#2146,#2143,#1083,.T.);
#2726=EDGE_CURVE('',#2145,#2147,#1084,.T.);
#2727=EDGE_CURVE('',#2147,#2148,#1085,.T.);
#2728=EDGE_CURVE('',#2148,#2146,#1086,.T.);
#2729=EDGE_CURVE('',#2144,#2148,#1087,.T.);
#2730=EDGE_CURVE('',#2147,#2141,#1088,.T.);
#2731=EDGE_CURVE('',#2149,#2144,#1089,.T.);
#2732=EDGE_CURVE('',#2150,#2149,#45,.T.);
#2733=EDGE_CURVE('',#2151,#2150,#1090,.T.);
#2734=EDGE_CURVE('',#2152,#2151,#1091,.T.);
#2735=EDGE_CURVE('',#2152,#2153,#1092,.T.);
#2736=EDGE_CURVE('',#2153,#2154,#46,.T.);
#2737=EDGE_CURVE('',#2154,#2148,#1093,.T.);
#2738=EDGE_CURVE('',#2155,#2143,#1094,.T.);
#2739=EDGE_CURVE('',#2155,#2149,#1095,.T.);
#2740=EDGE_CURVE('',#2156,#2157,#1096,.T.);
#2741=EDGE_CURVE('',#2157,#2158,#1097,.T.);
#2742=EDGE_CURVE('',#2158,#2159,#1098,.T.);
#2743=EDGE_CURVE('',#2156,#2159,#1099,.T.);
#2744=EDGE_CURVE('',#2157,#2152,#1100,.T.);
#2745=EDGE_CURVE('',#2152,#2160,#1101,.T.);
#2746=EDGE_CURVE('',#2160,#2158,#1102,.T.);
#2747=EDGE_CURVE('',#2159,#2161,#1103,.T.);
#2748=EDGE_CURVE('',#2161,#2151,#1104,.T.);
#2749=EDGE_CURVE('',#2151,#2156,#1105,.T.);
#2750=EDGE_CURVE('',#2161,#2160,#1106,.T.);
#2751=EDGE_CURVE('',#2157,#2162,#1107,.T.);
#2752=EDGE_CURVE('',#2153,#2162,#1108,.T.);
#2753=EDGE_CURVE('',#2163,#2146,#1109,.T.);
#2754=EDGE_CURVE('',#2162,#2163,#47,.T.);
#2755=EDGE_CURVE('',#2156,#2164,#1110,.T.);
#2756=EDGE_CURVE('',#2164,#2155,#48,.T.);
#2757=EDGE_CURVE('',#2154,#2163,#1111,.T.);
#2758=EDGE_CURVE('',#2164,#2150,#1112,.T.);
#2759=EDGE_CURVE('',#2165,#2166,#1113,.T.);
#2760=EDGE_CURVE('',#2166,#2167,#1114,.T.);
#2761=EDGE_CURVE('',#2167,#2168,#1115,.T.);
#2762=EDGE_CURVE('',#2165,#2168,#1116,.T.);
#2763=EDGE_CURVE('',#2166,#2169,#1117,.T.);
#2764=EDGE_CURVE('',#2169,#2170,#1118,.T.);
#2765=EDGE_CURVE('',#2170,#2167,#1119,.T.);
#2766=EDGE_CURVE('',#2169,#2171,#1120,.T.);
#2767=EDGE_CURVE('',#2171,#2172,#1121,.T.);
#2768=EDGE_CURVE('',#2172,#2170,#1122,.T.);
#2769=EDGE_CURVE('',#2168,#2172,#1123,.T.);
#2770=EDGE_CURVE('',#2171,#2165,#1124,.T.);
#2771=EDGE_CURVE('',#2173,#2168,#1125,.T.);
#2772=EDGE_CURVE('',#2174,#2173,#49,.T.);
#2773=EDGE_CURVE('',#2175,#2174,#1126,.T.);
#2774=EDGE_CURVE('',#2176,#2175,#1127,.T.);
#2775=EDGE_CURVE('',#2176,#2177,#1128,.T.);
#2776=EDGE_CURVE('',#2177,#2178,#50,.T.);
#2777=EDGE_CURVE('',#2178,#2172,#1129,.T.);
#2778=EDGE_CURVE('',#2179,#2167,#1130,.T.);
#2779=EDGE_CURVE('',#2179,#2173,#1131,.T.);
#2780=EDGE_CURVE('',#2180,#2181,#1132,.T.);
#2781=EDGE_CURVE('',#2181,#2182,#1133,.T.);
#2782=EDGE_CURVE('',#2182,#2183,#1134,.T.);
#2783=EDGE_CURVE('',#2180,#2183,#1135,.T.);
#2784=EDGE_CURVE('',#2181,#2176,#1136,.T.);
#2785=EDGE_CURVE('',#2176,#2184,#1137,.T.);
#2786=EDGE_CURVE('',#2184,#2182,#1138,.T.);
#2787=EDGE_CURVE('',#2183,#2185,#1139,.T.);
#2788=EDGE_CURVE('',#2185,#2175,#1140,.T.);
#2789=EDGE_CURVE('',#2175,#2180,#1141,.T.);
#2790=EDGE_CURVE('',#2185,#2184,#1142,.T.);
#2791=EDGE_CURVE('',#2181,#2186,#1143,.T.);
#2792=EDGE_CURVE('',#2177,#2186,#1144,.T.);
#2793=EDGE_CURVE('',#2187,#2170,#1145,.T.);
#2794=EDGE_CURVE('',#2186,#2187,#51,.T.);
#2795=EDGE_CURVE('',#2180,#2188,#1146,.T.);
#2796=EDGE_CURVE('',#2188,#2179,#52,.T.);
#2797=EDGE_CURVE('',#2178,#2187,#1147,.T.);
#2798=EDGE_CURVE('',#2188,#2174,#1148,.T.);
#2799=EDGE_CURVE('',#2189,#2190,#1149,.T.);
#2800=EDGE_CURVE('',#2190,#2191,#1150,.T.);
#2801=EDGE_CURVE('',#2191,#2192,#1151,.T.);
#2802=EDGE_CURVE('',#2189,#2192,#1152,.T.);
#2803=EDGE_CURVE('',#2190,#2193,#1153,.T.);
#2804=EDGE_CURVE('',#2193,#2194,#1154,.T.);
#2805=EDGE_CURVE('',#2194,#2191,#1155,.T.);
#2806=EDGE_CURVE('',#2193,#2195,#1156,.T.);
#2807=EDGE_CURVE('',#2195,#2196,#1157,.T.);
#2808=EDGE_CURVE('',#2196,#2194,#1158,.T.);
#2809=EDGE_CURVE('',#2192,#2196,#1159,.T.);
#2810=EDGE_CURVE('',#2195,#2189,#1160,.T.);
#2811=EDGE_CURVE('',#2197,#2192,#1161,.T.);
#2812=EDGE_CURVE('',#2198,#2197,#53,.T.);
#2813=EDGE_CURVE('',#2199,#2198,#1162,.T.);
#2814=EDGE_CURVE('',#2200,#2199,#1163,.T.);
#2815=EDGE_CURVE('',#2200,#2201,#1164,.T.);
#2816=EDGE_CURVE('',#2201,#2202,#54,.T.);
#2817=EDGE_CURVE('',#2202,#2196,#1165,.T.);
#2818=EDGE_CURVE('',#2203,#2191,#1166,.T.);
#2819=EDGE_CURVE('',#2203,#2197,#1167,.T.);
#2820=EDGE_CURVE('',#2204,#2205,#1168,.T.);
#2821=EDGE_CURVE('',#2205,#2206,#1169,.T.);
#2822=EDGE_CURVE('',#2206,#2207,#1170,.T.);
#2823=EDGE_CURVE('',#2204,#2207,#1171,.T.);
#2824=EDGE_CURVE('',#2205,#2200,#1172,.T.);
#2825=EDGE_CURVE('',#2200,#2208,#1173,.T.);
#2826=EDGE_CURVE('',#2208,#2206,#1174,.T.);
#2827=EDGE_CURVE('',#2207,#2209,#1175,.T.);
#2828=EDGE_CURVE('',#2209,#2199,#1176,.T.);
#2829=EDGE_CURVE('',#2199,#2204,#1177,.T.);
#2830=EDGE_CURVE('',#2209,#2208,#1178,.T.);
#2831=EDGE_CURVE('',#2205,#2210,#1179,.T.);
#2832=EDGE_CURVE('',#2201,#2210,#1180,.T.);
#2833=EDGE_CURVE('',#2211,#2194,#1181,.T.);
#2834=EDGE_CURVE('',#2210,#2211,#55,.T.);
#2835=EDGE_CURVE('',#2204,#2212,#1182,.T.);
#2836=EDGE_CURVE('',#2212,#2203,#56,.T.);
#2837=EDGE_CURVE('',#2202,#2211,#1183,.T.);
#2838=EDGE_CURVE('',#2212,#2198,#1184,.T.);
#2839=EDGE_CURVE('',#2213,#2214,#1185,.T.);
#2840=EDGE_CURVE('',#2214,#2215,#1186,.T.);
#2841=EDGE_CURVE('',#2215,#2216,#1187,.T.);
#2842=EDGE_CURVE('',#2213,#2216,#1188,.T.);
#2843=EDGE_CURVE('',#2214,#2217,#1189,.T.);
#2844=EDGE_CURVE('',#2217,#2218,#1190,.T.);
#2845=EDGE_CURVE('',#2218,#2215,#1191,.T.);
#2846=EDGE_CURVE('',#2217,#2219,#1192,.T.);
#2847=EDGE_CURVE('',#2219,#2220,#1193,.T.);
#2848=EDGE_CURVE('',#2220,#2218,#1194,.T.);
#2849=EDGE_CURVE('',#2216,#2220,#1195,.T.);
#2850=EDGE_CURVE('',#2219,#2213,#1196,.T.);
#2851=EDGE_CURVE('',#2221,#2216,#1197,.T.);
#2852=EDGE_CURVE('',#2222,#2221,#57,.T.);
#2853=EDGE_CURVE('',#2223,#2222,#1198,.T.);
#2854=EDGE_CURVE('',#2224,#2223,#1199,.T.);
#2855=EDGE_CURVE('',#2224,#2225,#1200,.T.);
#2856=EDGE_CURVE('',#2225,#2226,#58,.T.);
#2857=EDGE_CURVE('',#2226,#2220,#1201,.T.);
#2858=EDGE_CURVE('',#2227,#2215,#1202,.T.);
#2859=EDGE_CURVE('',#2227,#2221,#1203,.T.);
#2860=EDGE_CURVE('',#2228,#2229,#1204,.T.);
#2861=EDGE_CURVE('',#2229,#2230,#1205,.T.);
#2862=EDGE_CURVE('',#2230,#2231,#1206,.T.);
#2863=EDGE_CURVE('',#2228,#2231,#1207,.T.);
#2864=EDGE_CURVE('',#2229,#2224,#1208,.T.);
#2865=EDGE_CURVE('',#2224,#2232,#1209,.T.);
#2866=EDGE_CURVE('',#2232,#2230,#1210,.T.);
#2867=EDGE_CURVE('',#2231,#2233,#1211,.T.);
#2868=EDGE_CURVE('',#2233,#2223,#1212,.T.);
#2869=EDGE_CURVE('',#2223,#2228,#1213,.T.);
#2870=EDGE_CURVE('',#2233,#2232,#1214,.T.);
#2871=EDGE_CURVE('',#2229,#2234,#1215,.T.);
#2872=EDGE_CURVE('',#2225,#2234,#1216,.T.);
#2873=EDGE_CURVE('',#2235,#2218,#1217,.T.);
#2874=EDGE_CURVE('',#2234,#2235,#59,.T.);
#2875=EDGE_CURVE('',#2228,#2236,#1218,.T.);
#2876=EDGE_CURVE('',#2236,#2227,#60,.T.);
#2877=EDGE_CURVE('',#2226,#2235,#1219,.T.);
#2878=EDGE_CURVE('',#2236,#2222,#1220,.T.);
#2879=ORIENTED_EDGE('',*,*,#2237,.F.);
#2880=ORIENTED_EDGE('',*,*,#2238,.F.);
#2881=ORIENTED_EDGE('',*,*,#2239,.F.);
#2882=ORIENTED_EDGE('',*,*,#2240,.T.);
#2883=ORIENTED_EDGE('',*,*,#2241,.F.);
#2884=ORIENTED_EDGE('',*,*,#2240,.F.);
#2885=ORIENTED_EDGE('',*,*,#2242,.F.);
#2886=ORIENTED_EDGE('',*,*,#2243,.T.);
#2887=ORIENTED_EDGE('',*,*,#2244,.F.);
#2888=ORIENTED_EDGE('',*,*,#2243,.F.);
#2889=ORIENTED_EDGE('',*,*,#2245,.F.);
#2890=ORIENTED_EDGE('',*,*,#2246,.F.);
#2891=ORIENTED_EDGE('',*,*,#2247,.F.);
#2892=ORIENTED_EDGE('',*,*,#2248,.F.);
#2893=ORIENTED_EDGE('',*,*,#2249,.F.);
#2894=ORIENTED_EDGE('',*,*,#2250,.F.);
#2895=ORIENTED_EDGE('',*,*,#2251,.F.);
#2896=ORIENTED_EDGE('',*,*,#2250,.T.);
#2897=ORIENTED_EDGE('',*,*,#2252,.F.);
#2898=ORIENTED_EDGE('',*,*,#2253,.F.);
#2899=ORIENTED_EDGE('',*,*,#2254,.F.);
#2900=ORIENTED_EDGE('',*,*,#2253,.T.);
#2901=ORIENTED_EDGE('',*,*,#2255,.F.);
#2902=ORIENTED_EDGE('',*,*,#2256,.F.);
#2903=ORIENTED_EDGE('',*,*,#2255,.T.);
#2904=ORIENTED_EDGE('',*,*,#2252,.T.);
#2905=ORIENTED_EDGE('',*,*,#2249,.T.);
#2906=ORIENTED_EDGE('',*,*,#2257,.T.);
#2907=ORIENTED_EDGE('',*,*,#2258,.T.);
#2908=ORIENTED_EDGE('',*,*,#2259,.T.);
#2909=ORIENTED_EDGE('',*,*,#2260,.T.);
#2910=ORIENTED_EDGE('',*,*,#2261,.T.);
#2911=ORIENTED_EDGE('',*,*,#2262,.T.);
#2912=ORIENTED_EDGE('',*,*,#2263,.T.);
#2913=ORIENTED_EDGE('',*,*,#2248,.T.);
#2914=ORIENTED_EDGE('',*,*,#2264,.T.);
#2915=ORIENTED_EDGE('',*,*,#2265,.T.);
#2916=ORIENTED_EDGE('',*,*,#2266,.T.);
#2917=ORIENTED_EDGE('',*,*,#2267,.F.);
#2918=ORIENTED_EDGE('',*,*,#2257,.F.);
#2919=ORIENTED_EDGE('',*,*,#2246,.T.);
#2920=ORIENTED_EDGE('',*,*,#2268,.F.);
#2921=ORIENTED_EDGE('',*,*,#2269,.F.);
#2922=ORIENTED_EDGE('',*,*,#2270,.T.);
#2923=ORIENTED_EDGE('',*,*,#2271,.T.);
#2924=ORIENTED_EDGE('',*,*,#2272,.T.);
#2925=ORIENTED_EDGE('',*,*,#2237,.T.);
#2926=ORIENTED_EDGE('',*,*,#2241,.T.);
#2927=ORIENTED_EDGE('',*,*,#2244,.T.);
#2928=ORIENTED_EDGE('',*,*,#2272,.F.);
#2929=ORIENTED_EDGE('',*,*,#2273,.F.);
#2930=ORIENTED_EDGE('',*,*,#2274,.T.);
#2931=ORIENTED_EDGE('',*,*,#2275,.T.);
#2932=ORIENTED_EDGE('',*,*,#2276,.F.);
#2933=ORIENTED_EDGE('',*,*,#2277,.T.);
#2934=ORIENTED_EDGE('',*,*,#2278,.F.);
#2935=ORIENTED_EDGE('',*,*,#2279,.F.);
#2936=ORIENTED_EDGE('',*,*,#2280,.F.);
#2937=ORIENTED_EDGE('',*,*,#2281,.F.);
#2938=ORIENTED_EDGE('',*,*,#2266,.F.);
#2939=ORIENTED_EDGE('',*,*,#2282,.F.);
#2940=ORIENTED_EDGE('',*,*,#2283,.F.);
#2941=ORIENTED_EDGE('',*,*,#2284,.F.);
#2942=ORIENTED_EDGE('',*,*,#2285,.F.);
#2943=ORIENTED_EDGE('',*,*,#2286,.T.);
#2944=ORIENTED_EDGE('',*,*,#2287,.F.);
#2945=ORIENTED_EDGE('',*,*,#2288,.F.);
#2946=ORIENTED_EDGE('',*,*,#2284,.T.);
#2947=ORIENTED_EDGE('',*,*,#2289,.F.);
#2948=ORIENTED_EDGE('',*,*,#2290,.F.);
#2949=ORIENTED_EDGE('',*,*,#2291,.F.);
#2950=ORIENTED_EDGE('',*,*,#2292,.F.);
#2951=ORIENTED_EDGE('',*,*,#2286,.F.);
#2952=ORIENTED_EDGE('',*,*,#2293,.F.);
#2953=ORIENTED_EDGE('',*,*,#2294,.F.);
#2954=ORIENTED_EDGE('',*,*,#2295,.F.);
#2955=ORIENTED_EDGE('',*,*,#2296,.F.);
#2956=ORIENTED_EDGE('',*,*,#2297,.F.);
#2957=ORIENTED_EDGE('',*,*,#2295,.T.);
#2958=ORIENTED_EDGE('',*,*,#2298,.F.);
#2959=ORIENTED_EDGE('',*,*,#2299,.F.);
#2960=ORIENTED_EDGE('',*,*,#2300,.F.);
#2961=ORIENTED_EDGE('',*,*,#2289,.T.);
#2962=ORIENTED_EDGE('',*,*,#2283,.T.);
#2963=ORIENTED_EDGE('',*,*,#2298,.T.);
#2964=ORIENTED_EDGE('',*,*,#2294,.T.);
#2965=ORIENTED_EDGE('',*,*,#2301,.F.);
#2966=ORIENTED_EDGE('',*,*,#2302,.T.);
#2967=ORIENTED_EDGE('',*,*,#2303,.F.);
#2968=ORIENTED_EDGE('',*,*,#2304,.F.);
#2969=ORIENTED_EDGE('',*,*,#2305,.F.);
#2970=ORIENTED_EDGE('',*,*,#2306,.F.);
#2971=ORIENTED_EDGE('',*,*,#2307,.F.);
#2972=ORIENTED_EDGE('',*,*,#2308,.F.);
#2973=ORIENTED_EDGE('',*,*,#2281,.T.);
#2974=ORIENTED_EDGE('',*,*,#2309,.T.);
#2975=ORIENTED_EDGE('',*,*,#2310,.T.);
#2976=ORIENTED_EDGE('',*,*,#2269,.T.);
#2977=ORIENTED_EDGE('',*,*,#2311,.F.);
#2978=ORIENTED_EDGE('',*,*,#2312,.F.);
#2979=ORIENTED_EDGE('',*,*,#2313,.T.);
#2980=ORIENTED_EDGE('',*,*,#2314,.T.);
#2981=ORIENTED_EDGE('',*,*,#2315,.T.);
#2982=ORIENTED_EDGE('',*,*,#2316,.T.);
#2983=ORIENTED_EDGE('',*,*,#2317,.T.);
#2984=ORIENTED_EDGE('',*,*,#2318,.F.);
#2985=ORIENTED_EDGE('',*,*,#2319,.T.);
#2986=ORIENTED_EDGE('',*,*,#2320,.T.);
#2987=ORIENTED_EDGE('',*,*,#2321,.T.);
#2988=ORIENTED_EDGE('',*,*,#2322,.F.);
#2989=ORIENTED_EDGE('',*,*,#2323,.T.);
#2990=ORIENTED_EDGE('',*,*,#2324,.T.);
#2991=ORIENTED_EDGE('',*,*,#2325,.T.);
#2992=ORIENTED_EDGE('',*,*,#2326,.F.);
#2993=ORIENTED_EDGE('',*,*,#2327,.T.);
#2994=ORIENTED_EDGE('',*,*,#2328,.T.);
#2995=ORIENTED_EDGE('',*,*,#2329,.T.);
#2996=ORIENTED_EDGE('',*,*,#2330,.F.);
#2997=ORIENTED_EDGE('',*,*,#2331,.T.);
#2998=ORIENTED_EDGE('',*,*,#2332,.T.);
#2999=ORIENTED_EDGE('',*,*,#2333,.T.);
#3000=ORIENTED_EDGE('',*,*,#2334,.F.);
#3001=ORIENTED_EDGE('',*,*,#2335,.T.);
#3002=ORIENTED_EDGE('',*,*,#2336,.T.);
#3003=ORIENTED_EDGE('',*,*,#2337,.T.);
#3004=ORIENTED_EDGE('',*,*,#2338,.F.);
#3005=ORIENTED_EDGE('',*,*,#2339,.T.);
#3006=ORIENTED_EDGE('',*,*,#2340,.T.);
#3007=ORIENTED_EDGE('',*,*,#2341,.T.);
#3008=ORIENTED_EDGE('',*,*,#2342,.F.);
#3009=ORIENTED_EDGE('',*,*,#2343,.T.);
#3010=ORIENTED_EDGE('',*,*,#2301,.T.);
#3011=ORIENTED_EDGE('',*,*,#2293,.T.);
#3012=ORIENTED_EDGE('',*,*,#2285,.T.);
#3013=ORIENTED_EDGE('',*,*,#2288,.T.);
#3014=ORIENTED_EDGE('',*,*,#2344,.F.);
#3015=ORIENTED_EDGE('',*,*,#2258,.F.);
#3016=ORIENTED_EDGE('',*,*,#2267,.T.);
#3017=ORIENTED_EDGE('',*,*,#2254,.T.);
#3018=ORIENTED_EDGE('',*,*,#2345,.F.);
#3019=ORIENTED_EDGE('',*,*,#2346,.T.);
#3020=ORIENTED_EDGE('',*,*,#2347,.F.);
#3021=ORIENTED_EDGE('',*,*,#2296,.T.);
#3022=ORIENTED_EDGE('',*,*,#2282,.T.);
#3023=ORIENTED_EDGE('',*,*,#2348,.F.);
#3024=ORIENTED_EDGE('',*,*,#2264,.F.);
#3025=ORIENTED_EDGE('',*,*,#2247,.T.);
#3026=ORIENTED_EDGE('',*,*,#2251,.T.);
#3027=ORIENTED_EDGE('',*,*,#2260,.F.);
#3028=ORIENTED_EDGE('',*,*,#2349,.F.);
#3029=ORIENTED_EDGE('',*,*,#2350,.T.);
#3030=ORIENTED_EDGE('',*,*,#2351,.F.);
#3031=ORIENTED_EDGE('',*,*,#2352,.T.);
#3032=ORIENTED_EDGE('',*,*,#2353,.T.);
#3033=ORIENTED_EDGE('',*,*,#2354,.T.);
#3034=ORIENTED_EDGE('',*,*,#2355,.T.);
#3035=ORIENTED_EDGE('',*,*,#2261,.F.);
#3036=ORIENTED_EDGE('',*,*,#2351,.T.);
#3037=ORIENTED_EDGE('',*,*,#2356,.T.);
#3038=ORIENTED_EDGE('',*,*,#2357,.F.);
#3039=ORIENTED_EDGE('',*,*,#2356,.F.);
#3040=ORIENTED_EDGE('',*,*,#2350,.F.);
#3041=ORIENTED_EDGE('',*,*,#2358,.F.);
#3042=ORIENTED_EDGE('',*,*,#2354,.F.);
#3043=ORIENTED_EDGE('',*,*,#2359,.F.);
#3044=ORIENTED_EDGE('',*,*,#2360,.F.);
#3045=ORIENTED_EDGE('',*,*,#2361,.F.);
#3046=ORIENTED_EDGE('',*,*,#2309,.F.);
#3047=ORIENTED_EDGE('',*,*,#2280,.T.);
#3048=ORIENTED_EDGE('',*,*,#2362,.F.);
#3049=ORIENTED_EDGE('',*,*,#2270,.F.);
#3050=ORIENTED_EDGE('',*,*,#2310,.F.);
#3051=ORIENTED_EDGE('',*,*,#2361,.T.);
#3052=ORIENTED_EDGE('',*,*,#2363,.F.);
#3053=ORIENTED_EDGE('',*,*,#2364,.T.);
#3054=ORIENTED_EDGE('',*,*,#2365,.F.);
#3055=ORIENTED_EDGE('',*,*,#2315,.F.);
#3056=ORIENTED_EDGE('',*,*,#2366,.T.);
#3057=ORIENTED_EDGE('',*,*,#2367,.F.);
#3058=ORIENTED_EDGE('',*,*,#2368,.F.);
#3059=ORIENTED_EDGE('',*,*,#2366,.F.);
#3060=ORIENTED_EDGE('',*,*,#2314,.F.);
#3061=ORIENTED_EDGE('',*,*,#2369,.T.);
#3062=ORIENTED_EDGE('',*,*,#2370,.T.);
#3063=ORIENTED_EDGE('',*,*,#2274,.F.);
#3064=ORIENTED_EDGE('',*,*,#2313,.F.);
#3065=ORIENTED_EDGE('',*,*,#2371,.F.);
#3066=ORIENTED_EDGE('',*,*,#2372,.T.);
#3067=ORIENTED_EDGE('',*,*,#2369,.F.);
#3068=ORIENTED_EDGE('',*,*,#2373,.F.);
#3069=ORIENTED_EDGE('',*,*,#2275,.F.);
#3070=ORIENTED_EDGE('',*,*,#2370,.F.);
#3071=ORIENTED_EDGE('',*,*,#2372,.F.);
#3072=ORIENTED_EDGE('',*,*,#2374,.F.);
#3073=ORIENTED_EDGE('',*,*,#2375,.F.);
#3074=ORIENTED_EDGE('',*,*,#2376,.F.);
#3075=ORIENTED_EDGE('',*,*,#2364,.F.);
#3076=ORIENTED_EDGE('',*,*,#2365,.T.);
#3077=ORIENTED_EDGE('',*,*,#2376,.T.);
#3078=ORIENTED_EDGE('',*,*,#2377,.T.);
#3079=ORIENTED_EDGE('',*,*,#2378,.F.);
#3080=ORIENTED_EDGE('',*,*,#2379,.F.);
#3081=ORIENTED_EDGE('',*,*,#2316,.F.);
#3082=ORIENTED_EDGE('',*,*,#2380,.F.);
#3083=ORIENTED_EDGE('',*,*,#2381,.F.);
#3084=ORIENTED_EDGE('',*,*,#2382,.F.);
#3085=ORIENTED_EDGE('',*,*,#2383,.F.);
#3086=ORIENTED_EDGE('',*,*,#2279,.T.);
#3087=ORIENTED_EDGE('',*,*,#2265,.F.);
#3088=ORIENTED_EDGE('',*,*,#2348,.T.);
#3089=ORIENTED_EDGE('',*,*,#2287,.T.);
#3090=ORIENTED_EDGE('',*,*,#2292,.T.);
#3091=ORIENTED_EDGE('',*,*,#2384,.T.);
#3092=ORIENTED_EDGE('',*,*,#2367,.T.);
#3093=ORIENTED_EDGE('',*,*,#2368,.T.);
#3094=ORIENTED_EDGE('',*,*,#2273,.T.);
#3095=ORIENTED_EDGE('',*,*,#2271,.F.);
#3096=ORIENTED_EDGE('',*,*,#2362,.T.);
#3097=ORIENTED_EDGE('',*,*,#2360,.T.);
#3098=ORIENTED_EDGE('',*,*,#2385,.T.);
#3099=ORIENTED_EDGE('',*,*,#2386,.T.);
#3100=ORIENTED_EDGE('',*,*,#2387,.F.);
#3101=ORIENTED_EDGE('',*,*,#2388,.F.);
#3102=ORIENTED_EDGE('',*,*,#2389,.T.);
#3103=ORIENTED_EDGE('',*,*,#2390,.T.);
#3104=ORIENTED_EDGE('',*,*,#2391,.F.);
#3105=ORIENTED_EDGE('',*,*,#2392,.F.);
#3106=ORIENTED_EDGE('',*,*,#2393,.T.);
#3107=ORIENTED_EDGE('',*,*,#2394,.T.);
#3108=ORIENTED_EDGE('',*,*,#2395,.F.);
#3109=ORIENTED_EDGE('',*,*,#2390,.F.);
#3110=ORIENTED_EDGE('',*,*,#2395,.T.);
#3111=ORIENTED_EDGE('',*,*,#2396,.T.);
#3112=ORIENTED_EDGE('',*,*,#2387,.T.);
#3113=ORIENTED_EDGE('',*,*,#2397,.F.);
#3114=ORIENTED_EDGE('',*,*,#2391,.T.);
#3115=ORIENTED_EDGE('',*,*,#2371,.T.);
#3116=ORIENTED_EDGE('',*,*,#2312,.T.);
#3117=ORIENTED_EDGE('',*,*,#2398,.F.);
#3118=ORIENTED_EDGE('',*,*,#2392,.T.);
#3119=ORIENTED_EDGE('',*,*,#2397,.T.);
#3120=ORIENTED_EDGE('',*,*,#2399,.T.);
#3121=ORIENTED_EDGE('',*,*,#2400,.T.);
#3122=ORIENTED_EDGE('',*,*,#2374,.T.);
#3123=ORIENTED_EDGE('',*,*,#2401,.F.);
#3124=ORIENTED_EDGE('',*,*,#2402,.F.);
#3125=ORIENTED_EDGE('',*,*,#2317,.F.);
#3126=ORIENTED_EDGE('',*,*,#2379,.T.);
#3127=ORIENTED_EDGE('',*,*,#2375,.T.);
#3128=ORIENTED_EDGE('',*,*,#2400,.F.);
#3129=ORIENTED_EDGE('',*,*,#2403,.F.);
#3130=ORIENTED_EDGE('',*,*,#2377,.F.);
#3131=ORIENTED_EDGE('',*,*,#2402,.T.);
#3132=ORIENTED_EDGE('',*,*,#2404,.T.);
#3133=ORIENTED_EDGE('',*,*,#2405,.T.);
#3134=ORIENTED_EDGE('',*,*,#2318,.T.);
#3135=ORIENTED_EDGE('',*,*,#2382,.T.);
#3136=ORIENTED_EDGE('',*,*,#2406,.F.);
#3137=ORIENTED_EDGE('',*,*,#2407,.F.);
#3138=ORIENTED_EDGE('',*,*,#2408,.T.);
#3139=ORIENTED_EDGE('',*,*,#2381,.T.);
#3140=ORIENTED_EDGE('',*,*,#2409,.F.);
#3141=ORIENTED_EDGE('',*,*,#2410,.F.);
#3142=ORIENTED_EDGE('',*,*,#2406,.T.);
#3143=ORIENTED_EDGE('',*,*,#2380,.T.);
#3144=ORIENTED_EDGE('',*,*,#2411,.F.);
#3145=ORIENTED_EDGE('',*,*,#2412,.F.);
#3146=ORIENTED_EDGE('',*,*,#2409,.T.);
#3147=ORIENTED_EDGE('',*,*,#2383,.T.);
#3148=ORIENTED_EDGE('',*,*,#2408,.F.);
#3149=ORIENTED_EDGE('',*,*,#2413,.F.);
#3150=ORIENTED_EDGE('',*,*,#2411,.T.);
#3151=ORIENTED_EDGE('',*,*,#2414,.F.);
#3152=ORIENTED_EDGE('',*,*,#2415,.F.);
#3153=ORIENTED_EDGE('',*,*,#2321,.F.);
#3154=ORIENTED_EDGE('',*,*,#2416,.T.);
#3155=ORIENTED_EDGE('',*,*,#2417,.F.);
#3156=ORIENTED_EDGE('',*,*,#2416,.F.);
#3157=ORIENTED_EDGE('',*,*,#2320,.F.);
#3158=ORIENTED_EDGE('',*,*,#2418,.T.);
#3159=ORIENTED_EDGE('',*,*,#2419,.F.);
#3160=ORIENTED_EDGE('',*,*,#2420,.F.);
#3161=ORIENTED_EDGE('',*,*,#2421,.F.);
#3162=ORIENTED_EDGE('',*,*,#2422,.F.);
#3163=ORIENTED_EDGE('',*,*,#2423,.F.);
#3164=ORIENTED_EDGE('',*,*,#2418,.F.);
#3165=ORIENTED_EDGE('',*,*,#2319,.F.);
#3166=ORIENTED_EDGE('',*,*,#2405,.F.);
#3167=ORIENTED_EDGE('',*,*,#2415,.T.);
#3168=ORIENTED_EDGE('',*,*,#2424,.T.);
#3169=ORIENTED_EDGE('',*,*,#2425,.T.);
#3170=ORIENTED_EDGE('',*,*,#2322,.T.);
#3171=ORIENTED_EDGE('',*,*,#2421,.T.);
#3172=ORIENTED_EDGE('',*,*,#2426,.F.);
#3173=ORIENTED_EDGE('',*,*,#2427,.F.);
#3174=ORIENTED_EDGE('',*,*,#2428,.T.);
#3175=ORIENTED_EDGE('',*,*,#2420,.T.);
#3176=ORIENTED_EDGE('',*,*,#2429,.F.);
#3177=ORIENTED_EDGE('',*,*,#2430,.F.);
#3178=ORIENTED_EDGE('',*,*,#2426,.T.);
#3179=ORIENTED_EDGE('',*,*,#2419,.T.);
#3180=ORIENTED_EDGE('',*,*,#2431,.F.);
#3181=ORIENTED_EDGE('',*,*,#2432,.F.);
#3182=ORIENTED_EDGE('',*,*,#2429,.T.);
#3183=ORIENTED_EDGE('',*,*,#2422,.T.);
#3184=ORIENTED_EDGE('',*,*,#2428,.F.);
#3185=ORIENTED_EDGE('',*,*,#2433,.F.);
#3186=ORIENTED_EDGE('',*,*,#2431,.T.);
#3187=ORIENTED_EDGE('',*,*,#2434,.F.);
#3188=ORIENTED_EDGE('',*,*,#2435,.F.);
#3189=ORIENTED_EDGE('',*,*,#2325,.F.);
#3190=ORIENTED_EDGE('',*,*,#2436,.T.);
#3191=ORIENTED_EDGE('',*,*,#2437,.F.);
#3192=ORIENTED_EDGE('',*,*,#2436,.F.);
#3193=ORIENTED_EDGE('',*,*,#2324,.F.);
#3194=ORIENTED_EDGE('',*,*,#2438,.T.);
#3195=ORIENTED_EDGE('',*,*,#2439,.F.);
#3196=ORIENTED_EDGE('',*,*,#2440,.F.);
#3197=ORIENTED_EDGE('',*,*,#2441,.F.);
#3198=ORIENTED_EDGE('',*,*,#2442,.F.);
#3199=ORIENTED_EDGE('',*,*,#2443,.F.);
#3200=ORIENTED_EDGE('',*,*,#2438,.F.);
#3201=ORIENTED_EDGE('',*,*,#2323,.F.);
#3202=ORIENTED_EDGE('',*,*,#2425,.F.);
#3203=ORIENTED_EDGE('',*,*,#2435,.T.);
#3204=ORIENTED_EDGE('',*,*,#2444,.T.);
#3205=ORIENTED_EDGE('',*,*,#2445,.T.);
#3206=ORIENTED_EDGE('',*,*,#2326,.T.);
#3207=ORIENTED_EDGE('',*,*,#2441,.T.);
#3208=ORIENTED_EDGE('',*,*,#2446,.F.);
#3209=ORIENTED_EDGE('',*,*,#2447,.F.);
#3210=ORIENTED_EDGE('',*,*,#2448,.T.);
#3211=ORIENTED_EDGE('',*,*,#2440,.T.);
#3212=ORIENTED_EDGE('',*,*,#2449,.F.);
#3213=ORIENTED_EDGE('',*,*,#2450,.F.);
#3214=ORIENTED_EDGE('',*,*,#2446,.T.);
#3215=ORIENTED_EDGE('',*,*,#2439,.T.);
#3216=ORIENTED_EDGE('',*,*,#2451,.F.);
#3217=ORIENTED_EDGE('',*,*,#2452,.F.);
#3218=ORIENTED_EDGE('',*,*,#2449,.T.);
#3219=ORIENTED_EDGE('',*,*,#2442,.T.);
#3220=ORIENTED_EDGE('',*,*,#2448,.F.);
#3221=ORIENTED_EDGE('',*,*,#2453,.F.);
#3222=ORIENTED_EDGE('',*,*,#2451,.T.);
#3223=ORIENTED_EDGE('',*,*,#2454,.F.);
#3224=ORIENTED_EDGE('',*,*,#2455,.F.);
#3225=ORIENTED_EDGE('',*,*,#2329,.F.);
#3226=ORIENTED_EDGE('',*,*,#2456,.T.);
#3227=ORIENTED_EDGE('',*,*,#2457,.F.);
#3228=ORIENTED_EDGE('',*,*,#2456,.F.);
#3229=ORIENTED_EDGE('',*,*,#2328,.F.);
#3230=ORIENTED_EDGE('',*,*,#2458,.T.);
#3231=ORIENTED_EDGE('',*,*,#2459,.F.);
#3232=ORIENTED_EDGE('',*,*,#2460,.F.);
#3233=ORIENTED_EDGE('',*,*,#2461,.F.);
#3234=ORIENTED_EDGE('',*,*,#2462,.F.);
#3235=ORIENTED_EDGE('',*,*,#2463,.F.);
#3236=ORIENTED_EDGE('',*,*,#2458,.F.);
#3237=ORIENTED_EDGE('',*,*,#2327,.F.);
#3238=ORIENTED_EDGE('',*,*,#2445,.F.);
#3239=ORIENTED_EDGE('',*,*,#2455,.T.);
#3240=ORIENTED_EDGE('',*,*,#2464,.T.);
#3241=ORIENTED_EDGE('',*,*,#2465,.T.);
#3242=ORIENTED_EDGE('',*,*,#2330,.T.);
#3243=ORIENTED_EDGE('',*,*,#2461,.T.);
#3244=ORIENTED_EDGE('',*,*,#2466,.F.);
#3245=ORIENTED_EDGE('',*,*,#2467,.F.);
#3246=ORIENTED_EDGE('',*,*,#2468,.T.);
#3247=ORIENTED_EDGE('',*,*,#2460,.T.);
#3248=ORIENTED_EDGE('',*,*,#2469,.F.);
#3249=ORIENTED_EDGE('',*,*,#2470,.F.);
#3250=ORIENTED_EDGE('',*,*,#2466,.T.);
#3251=ORIENTED_EDGE('',*,*,#2459,.T.);
#3252=ORIENTED_EDGE('',*,*,#2471,.F.);
#3253=ORIENTED_EDGE('',*,*,#2472,.F.);
#3254=ORIENTED_EDGE('',*,*,#2469,.T.);
#3255=ORIENTED_EDGE('',*,*,#2462,.T.);
#3256=ORIENTED_EDGE('',*,*,#2468,.F.);
#3257=ORIENTED_EDGE('',*,*,#2473,.F.);
#3258=ORIENTED_EDGE('',*,*,#2471,.T.);
#3259=ORIENTED_EDGE('',*,*,#2474,.F.);
#3260=ORIENTED_EDGE('',*,*,#2475,.F.);
#3261=ORIENTED_EDGE('',*,*,#2333,.F.);
#3262=ORIENTED_EDGE('',*,*,#2476,.T.);
#3263=ORIENTED_EDGE('',*,*,#2477,.F.);
#3264=ORIENTED_EDGE('',*,*,#2476,.F.);
#3265=ORIENTED_EDGE('',*,*,#2332,.F.);
#3266=ORIENTED_EDGE('',*,*,#2478,.T.);
#3267=ORIENTED_EDGE('',*,*,#2479,.F.);
#3268=ORIENTED_EDGE('',*,*,#2480,.F.);
#3269=ORIENTED_EDGE('',*,*,#2481,.F.);
#3270=ORIENTED_EDGE('',*,*,#2482,.F.);
#3271=ORIENTED_EDGE('',*,*,#2483,.F.);
#3272=ORIENTED_EDGE('',*,*,#2478,.F.);
#3273=ORIENTED_EDGE('',*,*,#2331,.F.);
#3274=ORIENTED_EDGE('',*,*,#2465,.F.);
#3275=ORIENTED_EDGE('',*,*,#2475,.T.);
#3276=ORIENTED_EDGE('',*,*,#2484,.T.);
#3277=ORIENTED_EDGE('',*,*,#2485,.T.);
#3278=ORIENTED_EDGE('',*,*,#2334,.T.);
#3279=ORIENTED_EDGE('',*,*,#2481,.T.);
#3280=ORIENTED_EDGE('',*,*,#2486,.F.);
#3281=ORIENTED_EDGE('',*,*,#2487,.F.);
#3282=ORIENTED_EDGE('',*,*,#2488,.T.);
#3283=ORIENTED_EDGE('',*,*,#2480,.T.);
#3284=ORIENTED_EDGE('',*,*,#2489,.F.);
#3285=ORIENTED_EDGE('',*,*,#2490,.F.);
#3286=ORIENTED_EDGE('',*,*,#2486,.T.);
#3287=ORIENTED_EDGE('',*,*,#2479,.T.);
#3288=ORIENTED_EDGE('',*,*,#2491,.F.);
#3289=ORIENTED_EDGE('',*,*,#2492,.F.);
#3290=ORIENTED_EDGE('',*,*,#2489,.T.);
#3291=ORIENTED_EDGE('',*,*,#2482,.T.);
#3292=ORIENTED_EDGE('',*,*,#2488,.F.);
#3293=ORIENTED_EDGE('',*,*,#2493,.F.);
#3294=ORIENTED_EDGE('',*,*,#2491,.T.);
#3295=ORIENTED_EDGE('',*,*,#2494,.F.);
#3296=ORIENTED_EDGE('',*,*,#2495,.F.);
#3297=ORIENTED_EDGE('',*,*,#2337,.F.);
#3298=ORIENTED_EDGE('',*,*,#2496,.T.);
#3299=ORIENTED_EDGE('',*,*,#2497,.F.);
#3300=ORIENTED_EDGE('',*,*,#2496,.F.);
#3301=ORIENTED_EDGE('',*,*,#2336,.F.);
#3302=ORIENTED_EDGE('',*,*,#2498,.T.);
#3303=ORIENTED_EDGE('',*,*,#2499,.F.);
#3304=ORIENTED_EDGE('',*,*,#2500,.F.);
#3305=ORIENTED_EDGE('',*,*,#2501,.F.);
#3306=ORIENTED_EDGE('',*,*,#2502,.F.);
#3307=ORIENTED_EDGE('',*,*,#2503,.F.);
#3308=ORIENTED_EDGE('',*,*,#2498,.F.);
#3309=ORIENTED_EDGE('',*,*,#2335,.F.);
#3310=ORIENTED_EDGE('',*,*,#2485,.F.);
#3311=ORIENTED_EDGE('',*,*,#2495,.T.);
#3312=ORIENTED_EDGE('',*,*,#2504,.T.);
#3313=ORIENTED_EDGE('',*,*,#2505,.T.);
#3314=ORIENTED_EDGE('',*,*,#2338,.T.);
#3315=ORIENTED_EDGE('',*,*,#2501,.T.);
#3316=ORIENTED_EDGE('',*,*,#2506,.F.);
#3317=ORIENTED_EDGE('',*,*,#2507,.F.);
#3318=ORIENTED_EDGE('',*,*,#2508,.T.);
#3319=ORIENTED_EDGE('',*,*,#2500,.T.);
#3320=ORIENTED_EDGE('',*,*,#2509,.F.);
#3321=ORIENTED_EDGE('',*,*,#2510,.F.);
#3322=ORIENTED_EDGE('',*,*,#2506,.T.);
#3323=ORIENTED_EDGE('',*,*,#2499,.T.);
#3324=ORIENTED_EDGE('',*,*,#2511,.F.);
#3325=ORIENTED_EDGE('',*,*,#2512,.F.);
#3326=ORIENTED_EDGE('',*,*,#2509,.T.);
#3327=ORIENTED_EDGE('',*,*,#2502,.T.);
#3328=ORIENTED_EDGE('',*,*,#2508,.F.);
#3329=ORIENTED_EDGE('',*,*,#2513,.F.);
#3330=ORIENTED_EDGE('',*,*,#2511,.T.);
#3331=ORIENTED_EDGE('',*,*,#2514,.F.);
#3332=ORIENTED_EDGE('',*,*,#2515,.F.);
#3333=ORIENTED_EDGE('',*,*,#2341,.F.);
#3334=ORIENTED_EDGE('',*,*,#2516,.T.);
#3335=ORIENTED_EDGE('',*,*,#2517,.F.);
#3336=ORIENTED_EDGE('',*,*,#2516,.F.);
#3337=ORIENTED_EDGE('',*,*,#2340,.F.);
#3338=ORIENTED_EDGE('',*,*,#2518,.T.);
#3339=ORIENTED_EDGE('',*,*,#2519,.F.);
#3340=ORIENTED_EDGE('',*,*,#2520,.F.);
#3341=ORIENTED_EDGE('',*,*,#2521,.F.);
#3342=ORIENTED_EDGE('',*,*,#2522,.F.);
#3343=ORIENTED_EDGE('',*,*,#2523,.F.);
#3344=ORIENTED_EDGE('',*,*,#2518,.F.);
#3345=ORIENTED_EDGE('',*,*,#2339,.F.);
#3346=ORIENTED_EDGE('',*,*,#2505,.F.);
#3347=ORIENTED_EDGE('',*,*,#2515,.T.);
#3348=ORIENTED_EDGE('',*,*,#2524,.T.);
#3349=ORIENTED_EDGE('',*,*,#2525,.T.);
#3350=ORIENTED_EDGE('',*,*,#2342,.T.);
#3351=ORIENTED_EDGE('',*,*,#2521,.T.);
#3352=ORIENTED_EDGE('',*,*,#2526,.F.);
#3353=ORIENTED_EDGE('',*,*,#2527,.F.);
#3354=ORIENTED_EDGE('',*,*,#2528,.T.);
#3355=ORIENTED_EDGE('',*,*,#2520,.T.);
#3356=ORIENTED_EDGE('',*,*,#2529,.F.);
#3357=ORIENTED_EDGE('',*,*,#2530,.F.);
#3358=ORIENTED_EDGE('',*,*,#2526,.T.);
#3359=ORIENTED_EDGE('',*,*,#2519,.T.);
#3360=ORIENTED_EDGE('',*,*,#2531,.F.);
#3361=ORIENTED_EDGE('',*,*,#2532,.F.);
#3362=ORIENTED_EDGE('',*,*,#2529,.T.);
#3363=ORIENTED_EDGE('',*,*,#2522,.T.);
#3364=ORIENTED_EDGE('',*,*,#2528,.F.);
#3365=ORIENTED_EDGE('',*,*,#2533,.F.);
#3366=ORIENTED_EDGE('',*,*,#2531,.T.);
#3367=ORIENTED_EDGE('',*,*,#2534,.F.);
#3368=ORIENTED_EDGE('',*,*,#2302,.F.);
#3369=ORIENTED_EDGE('',*,*,#2343,.F.);
#3370=ORIENTED_EDGE('',*,*,#2525,.F.);
#3371=ORIENTED_EDGE('',*,*,#2299,.T.);
#3372=ORIENTED_EDGE('',*,*,#2304,.T.);
#3373=ORIENTED_EDGE('',*,*,#2535,.F.);
#3374=ORIENTED_EDGE('',*,*,#2536,.F.);
#3375=ORIENTED_EDGE('',*,*,#2403,.T.);
#3376=ORIENTED_EDGE('',*,*,#2399,.F.);
#3377=ORIENTED_EDGE('',*,*,#2386,.F.);
#3378=ORIENTED_EDGE('',*,*,#2537,.F.);
#3379=ORIENTED_EDGE('',*,*,#2538,.F.);
#3380=ORIENTED_EDGE('',*,*,#2539,.T.);
#3381=ORIENTED_EDGE('',*,*,#2355,.F.);
#3382=ORIENTED_EDGE('',*,*,#2540,.F.);
#3383=ORIENTED_EDGE('',*,*,#2535,.T.);
#3384=ORIENTED_EDGE('',*,*,#2303,.T.);
#3385=ORIENTED_EDGE('',*,*,#2534,.T.);
#3386=ORIENTED_EDGE('',*,*,#2524,.F.);
#3387=ORIENTED_EDGE('',*,*,#2514,.T.);
#3388=ORIENTED_EDGE('',*,*,#2517,.T.);
#3389=ORIENTED_EDGE('',*,*,#2523,.T.);
#3390=ORIENTED_EDGE('',*,*,#2504,.F.);
#3391=ORIENTED_EDGE('',*,*,#2494,.T.);
#3392=ORIENTED_EDGE('',*,*,#2497,.T.);
#3393=ORIENTED_EDGE('',*,*,#2503,.T.);
#3394=ORIENTED_EDGE('',*,*,#2484,.F.);
#3395=ORIENTED_EDGE('',*,*,#2474,.T.);
#3396=ORIENTED_EDGE('',*,*,#2477,.T.);
#3397=ORIENTED_EDGE('',*,*,#2483,.T.);
#3398=ORIENTED_EDGE('',*,*,#2464,.F.);
#3399=ORIENTED_EDGE('',*,*,#2454,.T.);
#3400=ORIENTED_EDGE('',*,*,#2457,.T.);
#3401=ORIENTED_EDGE('',*,*,#2463,.T.);
#3402=ORIENTED_EDGE('',*,*,#2444,.F.);
#3403=ORIENTED_EDGE('',*,*,#2434,.T.);
#3404=ORIENTED_EDGE('',*,*,#2437,.T.);
#3405=ORIENTED_EDGE('',*,*,#2443,.T.);
#3406=ORIENTED_EDGE('',*,*,#2424,.F.);
#3407=ORIENTED_EDGE('',*,*,#2414,.T.);
#3408=ORIENTED_EDGE('',*,*,#2417,.T.);
#3409=ORIENTED_EDGE('',*,*,#2423,.T.);
#3410=ORIENTED_EDGE('',*,*,#2404,.F.);
#3411=ORIENTED_EDGE('',*,*,#2401,.T.);
#3412=ORIENTED_EDGE('',*,*,#2378,.T.);
#3413=ORIENTED_EDGE('',*,*,#2307,.T.);
#3414=ORIENTED_EDGE('',*,*,#2541,.F.);
#3415=ORIENTED_EDGE('',*,*,#2542,.F.);
#3416=ORIENTED_EDGE('',*,*,#2543,.T.);
#3417=ORIENTED_EDGE('',*,*,#2306,.T.);
#3418=ORIENTED_EDGE('',*,*,#2544,.F.);
#3419=ORIENTED_EDGE('',*,*,#2545,.F.);
#3420=ORIENTED_EDGE('',*,*,#2541,.T.);
#3421=ORIENTED_EDGE('',*,*,#2305,.T.);
#3422=ORIENTED_EDGE('',*,*,#2546,.F.);
#3423=ORIENTED_EDGE('',*,*,#2547,.F.);
#3424=ORIENTED_EDGE('',*,*,#2544,.T.);
#3425=ORIENTED_EDGE('',*,*,#2308,.T.);
#3426=ORIENTED_EDGE('',*,*,#2543,.F.);
#3427=ORIENTED_EDGE('',*,*,#2548,.F.);
#3428=ORIENTED_EDGE('',*,*,#2546,.T.);
#3429=ORIENTED_EDGE('',*,*,#2277,.F.);
#3430=ORIENTED_EDGE('',*,*,#2549,.T.);
#3431=ORIENTED_EDGE('',*,*,#2346,.F.);
#3432=ORIENTED_EDGE('',*,*,#2550,.F.);
#3433=ORIENTED_EDGE('',*,*,#2297,.T.);
#3434=ORIENTED_EDGE('',*,*,#2347,.T.);
#3435=ORIENTED_EDGE('',*,*,#2549,.F.);
#3436=ORIENTED_EDGE('',*,*,#2276,.T.);
#3437=ORIENTED_EDGE('',*,*,#2373,.T.);
#3438=ORIENTED_EDGE('',*,*,#2363,.T.);
#3439=ORIENTED_EDGE('',*,*,#2384,.F.);
#3440=ORIENTED_EDGE('',*,*,#2291,.T.);
#3441=ORIENTED_EDGE('',*,*,#2407,.T.);
#3442=ORIENTED_EDGE('',*,*,#2410,.T.);
#3443=ORIENTED_EDGE('',*,*,#2412,.T.);
#3444=ORIENTED_EDGE('',*,*,#2413,.T.);
#3445=ORIENTED_EDGE('',*,*,#2427,.T.);
#3446=ORIENTED_EDGE('',*,*,#2430,.T.);
#3447=ORIENTED_EDGE('',*,*,#2432,.T.);
#3448=ORIENTED_EDGE('',*,*,#2433,.T.);
#3449=ORIENTED_EDGE('',*,*,#2447,.T.);
#3450=ORIENTED_EDGE('',*,*,#2450,.T.);
#3451=ORIENTED_EDGE('',*,*,#2452,.T.);
#3452=ORIENTED_EDGE('',*,*,#2453,.T.);
#3453=ORIENTED_EDGE('',*,*,#2467,.T.);
#3454=ORIENTED_EDGE('',*,*,#2470,.T.);
#3455=ORIENTED_EDGE('',*,*,#2472,.T.);
#3456=ORIENTED_EDGE('',*,*,#2473,.T.);
#3457=ORIENTED_EDGE('',*,*,#2487,.T.);
#3458=ORIENTED_EDGE('',*,*,#2490,.T.);
#3459=ORIENTED_EDGE('',*,*,#2492,.T.);
#3460=ORIENTED_EDGE('',*,*,#2493,.T.);
#3461=ORIENTED_EDGE('',*,*,#2507,.T.);
#3462=ORIENTED_EDGE('',*,*,#2510,.T.);
#3463=ORIENTED_EDGE('',*,*,#2512,.T.);
#3464=ORIENTED_EDGE('',*,*,#2513,.T.);
#3465=ORIENTED_EDGE('',*,*,#2527,.T.);
#3466=ORIENTED_EDGE('',*,*,#2530,.T.);
#3467=ORIENTED_EDGE('',*,*,#2532,.T.);
#3468=ORIENTED_EDGE('',*,*,#2533,.T.);
#3469=ORIENTED_EDGE('',*,*,#2542,.T.);
#3470=ORIENTED_EDGE('',*,*,#2545,.T.);
#3471=ORIENTED_EDGE('',*,*,#2547,.T.);
#3472=ORIENTED_EDGE('',*,*,#2548,.T.);
#3473=ORIENTED_EDGE('',*,*,#2352,.F.);
#3474=ORIENTED_EDGE('',*,*,#2539,.F.);
#3475=ORIENTED_EDGE('',*,*,#2551,.F.);
#3476=ORIENTED_EDGE('',*,*,#2552,.F.);
#3477=ORIENTED_EDGE('',*,*,#2385,.F.);
#3478=ORIENTED_EDGE('',*,*,#2553,.F.);
#3479=ORIENTED_EDGE('',*,*,#2554,.F.);
#3480=ORIENTED_EDGE('',*,*,#2537,.T.);
#3481=ORIENTED_EDGE('',*,*,#2256,.T.);
#3482=ORIENTED_EDGE('',*,*,#2263,.F.);
#3483=ORIENTED_EDGE('',*,*,#2555,.T.);
#3484=ORIENTED_EDGE('',*,*,#2551,.T.);
#3485=ORIENTED_EDGE('',*,*,#2538,.T.);
#3486=ORIENTED_EDGE('',*,*,#2554,.T.);
#3487=ORIENTED_EDGE('',*,*,#2556,.T.);
#3488=ORIENTED_EDGE('',*,*,#2557,.F.);
#3489=ORIENTED_EDGE('',*,*,#2238,.T.);
#3490=ORIENTED_EDGE('',*,*,#2278,.T.);
#3491=ORIENTED_EDGE('',*,*,#2550,.T.);
#3492=ORIENTED_EDGE('',*,*,#2345,.T.);
#3493=ORIENTED_EDGE('',*,*,#2553,.T.);
#3494=ORIENTED_EDGE('',*,*,#2388,.T.);
#3495=ORIENTED_EDGE('',*,*,#2396,.F.);
#3496=ORIENTED_EDGE('',*,*,#2394,.F.);
#3497=ORIENTED_EDGE('',*,*,#2558,.F.);
#3498=ORIENTED_EDGE('',*,*,#2556,.F.);
#3499=ORIENTED_EDGE('',*,*,#2552,.T.);
#3500=ORIENTED_EDGE('',*,*,#2555,.F.);
#3501=ORIENTED_EDGE('',*,*,#2262,.F.);
#3502=ORIENTED_EDGE('',*,*,#2357,.T.);
#3503=ORIENTED_EDGE('',*,*,#2359,.T.);
#3504=ORIENTED_EDGE('',*,*,#2353,.F.);
#3505=ORIENTED_EDGE('',*,*,#2300,.T.);
#3506=ORIENTED_EDGE('',*,*,#2536,.T.);
#3507=ORIENTED_EDGE('',*,*,#2540,.T.);
#3508=ORIENTED_EDGE('',*,*,#2358,.T.);
#3509=ORIENTED_EDGE('',*,*,#2349,.T.);
#3510=ORIENTED_EDGE('',*,*,#2259,.F.);
#3511=ORIENTED_EDGE('',*,*,#2344,.T.);
#3512=ORIENTED_EDGE('',*,*,#2290,.T.);
#3513=ORIENTED_EDGE('',*,*,#2239,.T.);
#3514=ORIENTED_EDGE('',*,*,#2557,.T.);
#3515=ORIENTED_EDGE('',*,*,#2558,.T.);
#3516=ORIENTED_EDGE('',*,*,#2393,.F.);
#3517=ORIENTED_EDGE('',*,*,#2389,.F.);
#3518=ORIENTED_EDGE('',*,*,#2398,.T.);
#3519=ORIENTED_EDGE('',*,*,#2311,.T.);
#3520=ORIENTED_EDGE('',*,*,#2268,.T.);
#3521=ORIENTED_EDGE('',*,*,#2245,.T.);
#3522=ORIENTED_EDGE('',*,*,#2242,.T.);
#3523=ORIENTED_EDGE('',*,*,#2559,.T.);
#3524=ORIENTED_EDGE('',*,*,#2560,.T.);
#3525=ORIENTED_EDGE('',*,*,#2561,.T.);
#3526=ORIENTED_EDGE('',*,*,#2562,.F.);
#3527=ORIENTED_EDGE('',*,*,#2563,.T.);
#3528=ORIENTED_EDGE('',*,*,#2564,.T.);
#3529=ORIENTED_EDGE('',*,*,#2565,.T.);
#3530=ORIENTED_EDGE('',*,*,#2560,.F.);
#3531=ORIENTED_EDGE('',*,*,#2566,.T.);
#3532=ORIENTED_EDGE('',*,*,#2567,.T.);
#3533=ORIENTED_EDGE('',*,*,#2568,.T.);
#3534=ORIENTED_EDGE('',*,*,#2564,.F.);
#3535=ORIENTED_EDGE('',*,*,#2569,.T.);
#3536=ORIENTED_EDGE('',*,*,#2567,.F.);
#3537=ORIENTED_EDGE('',*,*,#2570,.T.);
#3538=ORIENTED_EDGE('',*,*,#2562,.T.);
#3539=ORIENTED_EDGE('',*,*,#2569,.F.);
#3540=ORIENTED_EDGE('',*,*,#2571,.F.);
#3541=ORIENTED_EDGE('',*,*,#2572,.F.);
#3542=ORIENTED_EDGE('',*,*,#2573,.F.);
#3543=ORIENTED_EDGE('',*,*,#2574,.F.);
#3544=ORIENTED_EDGE('',*,*,#2575,.T.);
#3545=ORIENTED_EDGE('',*,*,#2576,.T.);
#3546=ORIENTED_EDGE('',*,*,#2577,.T.);
#3547=ORIENTED_EDGE('',*,*,#2561,.F.);
#3548=ORIENTED_EDGE('',*,*,#2578,.F.);
#3549=ORIENTED_EDGE('',*,*,#2579,.T.);
#3550=ORIENTED_EDGE('',*,*,#2571,.T.);
#3551=ORIENTED_EDGE('',*,*,#2559,.F.);
#3552=ORIENTED_EDGE('',*,*,#2570,.F.);
#3553=ORIENTED_EDGE('',*,*,#2566,.F.);
#3554=ORIENTED_EDGE('',*,*,#2563,.F.);
#3555=ORIENTED_EDGE('',*,*,#2580,.T.);
#3556=ORIENTED_EDGE('',*,*,#2581,.T.);
#3557=ORIENTED_EDGE('',*,*,#2582,.T.);
#3558=ORIENTED_EDGE('',*,*,#2583,.F.);
#3559=ORIENTED_EDGE('',*,*,#2584,.T.);
#3560=ORIENTED_EDGE('',*,*,#2585,.T.);
#3561=ORIENTED_EDGE('',*,*,#2586,.T.);
#3562=ORIENTED_EDGE('',*,*,#2581,.F.);
#3563=ORIENTED_EDGE('',*,*,#2587,.T.);
#3564=ORIENTED_EDGE('',*,*,#2588,.T.);
#3565=ORIENTED_EDGE('',*,*,#2589,.T.);
#3566=ORIENTED_EDGE('',*,*,#2583,.T.);
#3567=ORIENTED_EDGE('',*,*,#2574,.T.);
#3568=ORIENTED_EDGE('',*,*,#2588,.F.);
#3569=ORIENTED_EDGE('',*,*,#2590,.T.);
#3570=ORIENTED_EDGE('',*,*,#2585,.F.);
#3571=ORIENTED_EDGE('',*,*,#2584,.F.);
#3572=ORIENTED_EDGE('',*,*,#2591,.T.);
#3573=ORIENTED_EDGE('',*,*,#2592,.F.);
#3574=ORIENTED_EDGE('',*,*,#2575,.F.);
#3575=ORIENTED_EDGE('',*,*,#2565,.F.);
#3576=ORIENTED_EDGE('',*,*,#2593,.F.);
#3577=ORIENTED_EDGE('',*,*,#2594,.F.);
#3578=ORIENTED_EDGE('',*,*,#2591,.F.);
#3579=ORIENTED_EDGE('',*,*,#2580,.F.);
#3580=ORIENTED_EDGE('',*,*,#2595,.T.);
#3581=ORIENTED_EDGE('',*,*,#2596,.T.);
#3582=ORIENTED_EDGE('',*,*,#2578,.T.);
#3583=ORIENTED_EDGE('',*,*,#2582,.F.);
#3584=ORIENTED_EDGE('',*,*,#2586,.F.);
#3585=ORIENTED_EDGE('',*,*,#2590,.F.);
#3586=ORIENTED_EDGE('',*,*,#2587,.F.);
#3587=ORIENTED_EDGE('',*,*,#2568,.F.);
#3588=ORIENTED_EDGE('',*,*,#2577,.F.);
#3589=ORIENTED_EDGE('',*,*,#2597,.T.);
#3590=ORIENTED_EDGE('',*,*,#2593,.T.);
#3591=ORIENTED_EDGE('',*,*,#2592,.T.);
#3592=ORIENTED_EDGE('',*,*,#2594,.T.);
#3593=ORIENTED_EDGE('',*,*,#2597,.F.);
#3594=ORIENTED_EDGE('',*,*,#2576,.F.);
#3595=ORIENTED_EDGE('',*,*,#2598,.T.);
#3596=ORIENTED_EDGE('',*,*,#2572,.T.);
#3597=ORIENTED_EDGE('',*,*,#2579,.F.);
#3598=ORIENTED_EDGE('',*,*,#2596,.F.);
#3599=ORIENTED_EDGE('',*,*,#2589,.F.);
#3600=ORIENTED_EDGE('',*,*,#2573,.T.);
#3601=ORIENTED_EDGE('',*,*,#2598,.F.);
#3602=ORIENTED_EDGE('',*,*,#2595,.F.);
#3603=ORIENTED_EDGE('',*,*,#2599,.T.);
#3604=ORIENTED_EDGE('',*,*,#2600,.T.);
#3605=ORIENTED_EDGE('',*,*,#2601,.T.);
#3606=ORIENTED_EDGE('',*,*,#2602,.F.);
#3607=ORIENTED_EDGE('',*,*,#2603,.T.);
#3608=ORIENTED_EDGE('',*,*,#2604,.T.);
#3609=ORIENTED_EDGE('',*,*,#2605,.T.);
#3610=ORIENTED_EDGE('',*,*,#2600,.F.);
#3611=ORIENTED_EDGE('',*,*,#2606,.T.);
#3612=ORIENTED_EDGE('',*,*,#2607,.T.);
#3613=ORIENTED_EDGE('',*,*,#2608,.T.);
#3614=ORIENTED_EDGE('',*,*,#2604,.F.);
#3615=ORIENTED_EDGE('',*,*,#2609,.T.);
#3616=ORIENTED_EDGE('',*,*,#2607,.F.);
#3617=ORIENTED_EDGE('',*,*,#2610,.T.);
#3618=ORIENTED_EDGE('',*,*,#2602,.T.);
#3619=ORIENTED_EDGE('',*,*,#2609,.F.);
#3620=ORIENTED_EDGE('',*,*,#2611,.F.);
#3621=ORIENTED_EDGE('',*,*,#2612,.F.);
#3622=ORIENTED_EDGE('',*,*,#2613,.F.);
#3623=ORIENTED_EDGE('',*,*,#2614,.F.);
#3624=ORIENTED_EDGE('',*,*,#2615,.T.);
#3625=ORIENTED_EDGE('',*,*,#2616,.T.);
#3626=ORIENTED_EDGE('',*,*,#2617,.T.);
#3627=ORIENTED_EDGE('',*,*,#2601,.F.);
#3628=ORIENTED_EDGE('',*,*,#2618,.F.);
#3629=ORIENTED_EDGE('',*,*,#2619,.T.);
#3630=ORIENTED_EDGE('',*,*,#2611,.T.);
#3631=ORIENTED_EDGE('',*,*,#2599,.F.);
#3632=ORIENTED_EDGE('',*,*,#2610,.F.);
#3633=ORIENTED_EDGE('',*,*,#2606,.F.);
#3634=ORIENTED_EDGE('',*,*,#2603,.F.);
#3635=ORIENTED_EDGE('',*,*,#2620,.T.);
#3636=ORIENTED_EDGE('',*,*,#2621,.T.);
#3637=ORIENTED_EDGE('',*,*,#2622,.T.);
#3638=ORIENTED_EDGE('',*,*,#2623,.F.);
#3639=ORIENTED_EDGE('',*,*,#2624,.T.);
#3640=ORIENTED_EDGE('',*,*,#2625,.T.);
#3641=ORIENTED_EDGE('',*,*,#2626,.T.);
#3642=ORIENTED_EDGE('',*,*,#2621,.F.);
#3643=ORIENTED_EDGE('',*,*,#2627,.T.);
#3644=ORIENTED_EDGE('',*,*,#2628,.T.);
#3645=ORIENTED_EDGE('',*,*,#2629,.T.);
#3646=ORIENTED_EDGE('',*,*,#2623,.T.);
#3647=ORIENTED_EDGE('',*,*,#2614,.T.);
#3648=ORIENTED_EDGE('',*,*,#2628,.F.);
#3649=ORIENTED_EDGE('',*,*,#2630,.T.);
#3650=ORIENTED_EDGE('',*,*,#2625,.F.);
#3651=ORIENTED_EDGE('',*,*,#2624,.F.);
#3652=ORIENTED_EDGE('',*,*,#2631,.T.);
#3653=ORIENTED_EDGE('',*,*,#2632,.F.);
#3654=ORIENTED_EDGE('',*,*,#2615,.F.);
#3655=ORIENTED_EDGE('',*,*,#2605,.F.);
#3656=ORIENTED_EDGE('',*,*,#2633,.F.);
#3657=ORIENTED_EDGE('',*,*,#2634,.F.);
#3658=ORIENTED_EDGE('',*,*,#2631,.F.);
#3659=ORIENTED_EDGE('',*,*,#2620,.F.);
#3660=ORIENTED_EDGE('',*,*,#2635,.T.);
#3661=ORIENTED_EDGE('',*,*,#2636,.T.);
#3662=ORIENTED_EDGE('',*,*,#2618,.T.);
#3663=ORIENTED_EDGE('',*,*,#2622,.F.);
#3664=ORIENTED_EDGE('',*,*,#2626,.F.);
#3665=ORIENTED_EDGE('',*,*,#2630,.F.);
#3666=ORIENTED_EDGE('',*,*,#2627,.F.);
#3667=ORIENTED_EDGE('',*,*,#2608,.F.);
#3668=ORIENTED_EDGE('',*,*,#2617,.F.);
#3669=ORIENTED_EDGE('',*,*,#2637,.T.);
#3670=ORIENTED_EDGE('',*,*,#2633,.T.);
#3671=ORIENTED_EDGE('',*,*,#2632,.T.);
#3672=ORIENTED_EDGE('',*,*,#2634,.T.);
#3673=ORIENTED_EDGE('',*,*,#2637,.F.);
#3674=ORIENTED_EDGE('',*,*,#2616,.F.);
#3675=ORIENTED_EDGE('',*,*,#2638,.T.);
#3676=ORIENTED_EDGE('',*,*,#2612,.T.);
#3677=ORIENTED_EDGE('',*,*,#2619,.F.);
#3678=ORIENTED_EDGE('',*,*,#2636,.F.);
#3679=ORIENTED_EDGE('',*,*,#2629,.F.);
#3680=ORIENTED_EDGE('',*,*,#2613,.T.);
#3681=ORIENTED_EDGE('',*,*,#2638,.F.);
#3682=ORIENTED_EDGE('',*,*,#2635,.F.);
#3683=ORIENTED_EDGE('',*,*,#2639,.T.);
#3684=ORIENTED_EDGE('',*,*,#2640,.T.);
#3685=ORIENTED_EDGE('',*,*,#2641,.T.);
#3686=ORIENTED_EDGE('',*,*,#2642,.F.);
#3687=ORIENTED_EDGE('',*,*,#2643,.T.);
#3688=ORIENTED_EDGE('',*,*,#2644,.T.);
#3689=ORIENTED_EDGE('',*,*,#2645,.T.);
#3690=ORIENTED_EDGE('',*,*,#2640,.F.);
#3691=ORIENTED_EDGE('',*,*,#2646,.T.);
#3692=ORIENTED_EDGE('',*,*,#2647,.T.);
#3693=ORIENTED_EDGE('',*,*,#2648,.T.);
#3694=ORIENTED_EDGE('',*,*,#2644,.F.);
#3695=ORIENTED_EDGE('',*,*,#2649,.T.);
#3696=ORIENTED_EDGE('',*,*,#2647,.F.);
#3697=ORIENTED_EDGE('',*,*,#2650,.T.);
#3698=ORIENTED_EDGE('',*,*,#2642,.T.);
#3699=ORIENTED_EDGE('',*,*,#2649,.F.);
#3700=ORIENTED_EDGE('',*,*,#2651,.F.);
#3701=ORIENTED_EDGE('',*,*,#2652,.F.);
#3702=ORIENTED_EDGE('',*,*,#2653,.F.);
#3703=ORIENTED_EDGE('',*,*,#2654,.F.);
#3704=ORIENTED_EDGE('',*,*,#2655,.T.);
#3705=ORIENTED_EDGE('',*,*,#2656,.T.);
#3706=ORIENTED_EDGE('',*,*,#2657,.T.);
#3707=ORIENTED_EDGE('',*,*,#2641,.F.);
#3708=ORIENTED_EDGE('',*,*,#2658,.F.);
#3709=ORIENTED_EDGE('',*,*,#2659,.T.);
#3710=ORIENTED_EDGE('',*,*,#2651,.T.);
#3711=ORIENTED_EDGE('',*,*,#2639,.F.);
#3712=ORIENTED_EDGE('',*,*,#2650,.F.);
#3713=ORIENTED_EDGE('',*,*,#2646,.F.);
#3714=ORIENTED_EDGE('',*,*,#2643,.F.);
#3715=ORIENTED_EDGE('',*,*,#2660,.T.);
#3716=ORIENTED_EDGE('',*,*,#2661,.T.);
#3717=ORIENTED_EDGE('',*,*,#2662,.T.);
#3718=ORIENTED_EDGE('',*,*,#2663,.F.);
#3719=ORIENTED_EDGE('',*,*,#2664,.T.);
#3720=ORIENTED_EDGE('',*,*,#2665,.T.);
#3721=ORIENTED_EDGE('',*,*,#2666,.T.);
#3722=ORIENTED_EDGE('',*,*,#2661,.F.);
#3723=ORIENTED_EDGE('',*,*,#2667,.T.);
#3724=ORIENTED_EDGE('',*,*,#2668,.T.);
#3725=ORIENTED_EDGE('',*,*,#2669,.T.);
#3726=ORIENTED_EDGE('',*,*,#2663,.T.);
#3727=ORIENTED_EDGE('',*,*,#2654,.T.);
#3728=ORIENTED_EDGE('',*,*,#2668,.F.);
#3729=ORIENTED_EDGE('',*,*,#2670,.T.);
#3730=ORIENTED_EDGE('',*,*,#2665,.F.);
#3731=ORIENTED_EDGE('',*,*,#2664,.F.);
#3732=ORIENTED_EDGE('',*,*,#2671,.T.);
#3733=ORIENTED_EDGE('',*,*,#2672,.F.);
#3734=ORIENTED_EDGE('',*,*,#2655,.F.);
#3735=ORIENTED_EDGE('',*,*,#2645,.F.);
#3736=ORIENTED_EDGE('',*,*,#2673,.F.);
#3737=ORIENTED_EDGE('',*,*,#2674,.F.);
#3738=ORIENTED_EDGE('',*,*,#2671,.F.);
#3739=ORIENTED_EDGE('',*,*,#2660,.F.);
#3740=ORIENTED_EDGE('',*,*,#2675,.T.);
#3741=ORIENTED_EDGE('',*,*,#2676,.T.);
#3742=ORIENTED_EDGE('',*,*,#2658,.T.);
#3743=ORIENTED_EDGE('',*,*,#2662,.F.);
#3744=ORIENTED_EDGE('',*,*,#2666,.F.);
#3745=ORIENTED_EDGE('',*,*,#2670,.F.);
#3746=ORIENTED_EDGE('',*,*,#2667,.F.);
#3747=ORIENTED_EDGE('',*,*,#2648,.F.);
#3748=ORIENTED_EDGE('',*,*,#2657,.F.);
#3749=ORIENTED_EDGE('',*,*,#2677,.T.);
#3750=ORIENTED_EDGE('',*,*,#2673,.T.);
#3751=ORIENTED_EDGE('',*,*,#2672,.T.);
#3752=ORIENTED_EDGE('',*,*,#2674,.T.);
#3753=ORIENTED_EDGE('',*,*,#2677,.F.);
#3754=ORIENTED_EDGE('',*,*,#2656,.F.);
#3755=ORIENTED_EDGE('',*,*,#2678,.T.);
#3756=ORIENTED_EDGE('',*,*,#2652,.T.);
#3757=ORIENTED_EDGE('',*,*,#2659,.F.);
#3758=ORIENTED_EDGE('',*,*,#2676,.F.);
#3759=ORIENTED_EDGE('',*,*,#2669,.F.);
#3760=ORIENTED_EDGE('',*,*,#2653,.T.);
#3761=ORIENTED_EDGE('',*,*,#2678,.F.);
#3762=ORIENTED_EDGE('',*,*,#2675,.F.);
#3763=ORIENTED_EDGE('',*,*,#2679,.T.);
#3764=ORIENTED_EDGE('',*,*,#2680,.T.);
#3765=ORIENTED_EDGE('',*,*,#2681,.T.);
#3766=ORIENTED_EDGE('',*,*,#2682,.F.);
#3767=ORIENTED_EDGE('',*,*,#2683,.T.);
#3768=ORIENTED_EDGE('',*,*,#2684,.T.);
#3769=ORIENTED_EDGE('',*,*,#2685,.T.);
#3770=ORIENTED_EDGE('',*,*,#2680,.F.);
#3771=ORIENTED_EDGE('',*,*,#2686,.T.);
#3772=ORIENTED_EDGE('',*,*,#2687,.T.);
#3773=ORIENTED_EDGE('',*,*,#2688,.T.);
#3774=ORIENTED_EDGE('',*,*,#2684,.F.);
#3775=ORIENTED_EDGE('',*,*,#2689,.T.);
#3776=ORIENTED_EDGE('',*,*,#2687,.F.);
#3777=ORIENTED_EDGE('',*,*,#2690,.T.);
#3778=ORIENTED_EDGE('',*,*,#2682,.T.);
#3779=ORIENTED_EDGE('',*,*,#2689,.F.);
#3780=ORIENTED_EDGE('',*,*,#2691,.F.);
#3781=ORIENTED_EDGE('',*,*,#2692,.F.);
#3782=ORIENTED_EDGE('',*,*,#2693,.F.);
#3783=ORIENTED_EDGE('',*,*,#2694,.F.);
#3784=ORIENTED_EDGE('',*,*,#2695,.T.);
#3785=ORIENTED_EDGE('',*,*,#2696,.T.);
#3786=ORIENTED_EDGE('',*,*,#2697,.T.);
#3787=ORIENTED_EDGE('',*,*,#2681,.F.);
#3788=ORIENTED_EDGE('',*,*,#2698,.F.);
#3789=ORIENTED_EDGE('',*,*,#2699,.T.);
#3790=ORIENTED_EDGE('',*,*,#2691,.T.);
#3791=ORIENTED_EDGE('',*,*,#2679,.F.);
#3792=ORIENTED_EDGE('',*,*,#2690,.F.);
#3793=ORIENTED_EDGE('',*,*,#2686,.F.);
#3794=ORIENTED_EDGE('',*,*,#2683,.F.);
#3795=ORIENTED_EDGE('',*,*,#2700,.T.);
#3796=ORIENTED_EDGE('',*,*,#2701,.T.);
#3797=ORIENTED_EDGE('',*,*,#2702,.T.);
#3798=ORIENTED_EDGE('',*,*,#2703,.F.);
#3799=ORIENTED_EDGE('',*,*,#2704,.T.);
#3800=ORIENTED_EDGE('',*,*,#2705,.T.);
#3801=ORIENTED_EDGE('',*,*,#2706,.T.);
#3802=ORIENTED_EDGE('',*,*,#2701,.F.);
#3803=ORIENTED_EDGE('',*,*,#2707,.T.);
#3804=ORIENTED_EDGE('',*,*,#2708,.T.);
#3805=ORIENTED_EDGE('',*,*,#2709,.T.);
#3806=ORIENTED_EDGE('',*,*,#2703,.T.);
#3807=ORIENTED_EDGE('',*,*,#2694,.T.);
#3808=ORIENTED_EDGE('',*,*,#2708,.F.);
#3809=ORIENTED_EDGE('',*,*,#2710,.T.);
#3810=ORIENTED_EDGE('',*,*,#2705,.F.);
#3811=ORIENTED_EDGE('',*,*,#2704,.F.);
#3812=ORIENTED_EDGE('',*,*,#2711,.T.);
#3813=ORIENTED_EDGE('',*,*,#2712,.F.);
#3814=ORIENTED_EDGE('',*,*,#2695,.F.);
#3815=ORIENTED_EDGE('',*,*,#2685,.F.);
#3816=ORIENTED_EDGE('',*,*,#2713,.F.);
#3817=ORIENTED_EDGE('',*,*,#2714,.F.);
#3818=ORIENTED_EDGE('',*,*,#2711,.F.);
#3819=ORIENTED_EDGE('',*,*,#2700,.F.);
#3820=ORIENTED_EDGE('',*,*,#2715,.T.);
#3821=ORIENTED_EDGE('',*,*,#2716,.T.);
#3822=ORIENTED_EDGE('',*,*,#2698,.T.);
#3823=ORIENTED_EDGE('',*,*,#2702,.F.);
#3824=ORIENTED_EDGE('',*,*,#2706,.F.);
#3825=ORIENTED_EDGE('',*,*,#2710,.F.);
#3826=ORIENTED_EDGE('',*,*,#2707,.F.);
#3827=ORIENTED_EDGE('',*,*,#2688,.F.);
#3828=ORIENTED_EDGE('',*,*,#2697,.F.);
#3829=ORIENTED_EDGE('',*,*,#2717,.T.);
#3830=ORIENTED_EDGE('',*,*,#2713,.T.);
#3831=ORIENTED_EDGE('',*,*,#2712,.T.);
#3832=ORIENTED_EDGE('',*,*,#2714,.T.);
#3833=ORIENTED_EDGE('',*,*,#2717,.F.);
#3834=ORIENTED_EDGE('',*,*,#2696,.F.);
#3835=ORIENTED_EDGE('',*,*,#2718,.T.);
#3836=ORIENTED_EDGE('',*,*,#2692,.T.);
#3837=ORIENTED_EDGE('',*,*,#2699,.F.);
#3838=ORIENTED_EDGE('',*,*,#2716,.F.);
#3839=ORIENTED_EDGE('',*,*,#2709,.F.);
#3840=ORIENTED_EDGE('',*,*,#2693,.T.);
#3841=ORIENTED_EDGE('',*,*,#2718,.F.);
#3842=ORIENTED_EDGE('',*,*,#2715,.F.);
#3843=ORIENTED_EDGE('',*,*,#2719,.T.);
#3844=ORIENTED_EDGE('',*,*,#2720,.T.);
#3845=ORIENTED_EDGE('',*,*,#2721,.T.);
#3846=ORIENTED_EDGE('',*,*,#2722,.F.);
#3847=ORIENTED_EDGE('',*,*,#2723,.T.);
#3848=ORIENTED_EDGE('',*,*,#2724,.T.);
#3849=ORIENTED_EDGE('',*,*,#2725,.T.);
#3850=ORIENTED_EDGE('',*,*,#2720,.F.);
#3851=ORIENTED_EDGE('',*,*,#2726,.T.);
#3852=ORIENTED_EDGE('',*,*,#2727,.T.);
#3853=ORIENTED_EDGE('',*,*,#2728,.T.);
#3854=ORIENTED_EDGE('',*,*,#2724,.F.);
#3855=ORIENTED_EDGE('',*,*,#2729,.T.);
#3856=ORIENTED_EDGE('',*,*,#2727,.F.);
#3857=ORIENTED_EDGE('',*,*,#2730,.T.);
#3858=ORIENTED_EDGE('',*,*,#2722,.T.);
#3859=ORIENTED_EDGE('',*,*,#2729,.F.);
#3860=ORIENTED_EDGE('',*,*,#2731,.F.);
#3861=ORIENTED_EDGE('',*,*,#2732,.F.);
#3862=ORIENTED_EDGE('',*,*,#2733,.F.);
#3863=ORIENTED_EDGE('',*,*,#2734,.F.);
#3864=ORIENTED_EDGE('',*,*,#2735,.T.);
#3865=ORIENTED_EDGE('',*,*,#2736,.T.);
#3866=ORIENTED_EDGE('',*,*,#2737,.T.);
#3867=ORIENTED_EDGE('',*,*,#2721,.F.);
#3868=ORIENTED_EDGE('',*,*,#2738,.F.);
#3869=ORIENTED_EDGE('',*,*,#2739,.T.);
#3870=ORIENTED_EDGE('',*,*,#2731,.T.);
#3871=ORIENTED_EDGE('',*,*,#2719,.F.);
#3872=ORIENTED_EDGE('',*,*,#2730,.F.);
#3873=ORIENTED_EDGE('',*,*,#2726,.F.);
#3874=ORIENTED_EDGE('',*,*,#2723,.F.);
#3875=ORIENTED_EDGE('',*,*,#2740,.T.);
#3876=ORIENTED_EDGE('',*,*,#2741,.T.);
#3877=ORIENTED_EDGE('',*,*,#2742,.T.);
#3878=ORIENTED_EDGE('',*,*,#2743,.F.);
#3879=ORIENTED_EDGE('',*,*,#2744,.T.);
#3880=ORIENTED_EDGE('',*,*,#2745,.T.);
#3881=ORIENTED_EDGE('',*,*,#2746,.T.);
#3882=ORIENTED_EDGE('',*,*,#2741,.F.);
#3883=ORIENTED_EDGE('',*,*,#2747,.T.);
#3884=ORIENTED_EDGE('',*,*,#2748,.T.);
#3885=ORIENTED_EDGE('',*,*,#2749,.T.);
#3886=ORIENTED_EDGE('',*,*,#2743,.T.);
#3887=ORIENTED_EDGE('',*,*,#2734,.T.);
#3888=ORIENTED_EDGE('',*,*,#2748,.F.);
#3889=ORIENTED_EDGE('',*,*,#2750,.T.);
#3890=ORIENTED_EDGE('',*,*,#2745,.F.);
#3891=ORIENTED_EDGE('',*,*,#2744,.F.);
#3892=ORIENTED_EDGE('',*,*,#2751,.T.);
#3893=ORIENTED_EDGE('',*,*,#2752,.F.);
#3894=ORIENTED_EDGE('',*,*,#2735,.F.);
#3895=ORIENTED_EDGE('',*,*,#2725,.F.);
#3896=ORIENTED_EDGE('',*,*,#2753,.F.);
#3897=ORIENTED_EDGE('',*,*,#2754,.F.);
#3898=ORIENTED_EDGE('',*,*,#2751,.F.);
#3899=ORIENTED_EDGE('',*,*,#2740,.F.);
#3900=ORIENTED_EDGE('',*,*,#2755,.T.);
#3901=ORIENTED_EDGE('',*,*,#2756,.T.);
#3902=ORIENTED_EDGE('',*,*,#2738,.T.);
#3903=ORIENTED_EDGE('',*,*,#2742,.F.);
#3904=ORIENTED_EDGE('',*,*,#2746,.F.);
#3905=ORIENTED_EDGE('',*,*,#2750,.F.);
#3906=ORIENTED_EDGE('',*,*,#2747,.F.);
#3907=ORIENTED_EDGE('',*,*,#2728,.F.);
#3908=ORIENTED_EDGE('',*,*,#2737,.F.);
#3909=ORIENTED_EDGE('',*,*,#2757,.T.);
#3910=ORIENTED_EDGE('',*,*,#2753,.T.);
#3911=ORIENTED_EDGE('',*,*,#2752,.T.);
#3912=ORIENTED_EDGE('',*,*,#2754,.T.);
#3913=ORIENTED_EDGE('',*,*,#2757,.F.);
#3914=ORIENTED_EDGE('',*,*,#2736,.F.);
#3915=ORIENTED_EDGE('',*,*,#2758,.T.);
#3916=ORIENTED_EDGE('',*,*,#2732,.T.);
#3917=ORIENTED_EDGE('',*,*,#2739,.F.);
#3918=ORIENTED_EDGE('',*,*,#2756,.F.);
#3919=ORIENTED_EDGE('',*,*,#2749,.F.);
#3920=ORIENTED_EDGE('',*,*,#2733,.T.);
#3921=ORIENTED_EDGE('',*,*,#2758,.F.);
#3922=ORIENTED_EDGE('',*,*,#2755,.F.);
#3923=ORIENTED_EDGE('',*,*,#2759,.T.);
#3924=ORIENTED_EDGE('',*,*,#2760,.T.);
#3925=ORIENTED_EDGE('',*,*,#2761,.T.);
#3926=ORIENTED_EDGE('',*,*,#2762,.F.);
#3927=ORIENTED_EDGE('',*,*,#2763,.T.);
#3928=ORIENTED_EDGE('',*,*,#2764,.T.);
#3929=ORIENTED_EDGE('',*,*,#2765,.T.);
#3930=ORIENTED_EDGE('',*,*,#2760,.F.);
#3931=ORIENTED_EDGE('',*,*,#2766,.T.);
#3932=ORIENTED_EDGE('',*,*,#2767,.T.);
#3933=ORIENTED_EDGE('',*,*,#2768,.T.);
#3934=ORIENTED_EDGE('',*,*,#2764,.F.);
#3935=ORIENTED_EDGE('',*,*,#2769,.T.);
#3936=ORIENTED_EDGE('',*,*,#2767,.F.);
#3937=ORIENTED_EDGE('',*,*,#2770,.T.);
#3938=ORIENTED_EDGE('',*,*,#2762,.T.);
#3939=ORIENTED_EDGE('',*,*,#2769,.F.);
#3940=ORIENTED_EDGE('',*,*,#2771,.F.);
#3941=ORIENTED_EDGE('',*,*,#2772,.F.);
#3942=ORIENTED_EDGE('',*,*,#2773,.F.);
#3943=ORIENTED_EDGE('',*,*,#2774,.F.);
#3944=ORIENTED_EDGE('',*,*,#2775,.T.);
#3945=ORIENTED_EDGE('',*,*,#2776,.T.);
#3946=ORIENTED_EDGE('',*,*,#2777,.T.);
#3947=ORIENTED_EDGE('',*,*,#2761,.F.);
#3948=ORIENTED_EDGE('',*,*,#2778,.F.);
#3949=ORIENTED_EDGE('',*,*,#2779,.T.);
#3950=ORIENTED_EDGE('',*,*,#2771,.T.);
#3951=ORIENTED_EDGE('',*,*,#2759,.F.);
#3952=ORIENTED_EDGE('',*,*,#2770,.F.);
#3953=ORIENTED_EDGE('',*,*,#2766,.F.);
#3954=ORIENTED_EDGE('',*,*,#2763,.F.);
#3955=ORIENTED_EDGE('',*,*,#2780,.T.);
#3956=ORIENTED_EDGE('',*,*,#2781,.T.);
#3957=ORIENTED_EDGE('',*,*,#2782,.T.);
#3958=ORIENTED_EDGE('',*,*,#2783,.F.);
#3959=ORIENTED_EDGE('',*,*,#2784,.T.);
#3960=ORIENTED_EDGE('',*,*,#2785,.T.);
#3961=ORIENTED_EDGE('',*,*,#2786,.T.);
#3962=ORIENTED_EDGE('',*,*,#2781,.F.);
#3963=ORIENTED_EDGE('',*,*,#2787,.T.);
#3964=ORIENTED_EDGE('',*,*,#2788,.T.);
#3965=ORIENTED_EDGE('',*,*,#2789,.T.);
#3966=ORIENTED_EDGE('',*,*,#2783,.T.);
#3967=ORIENTED_EDGE('',*,*,#2774,.T.);
#3968=ORIENTED_EDGE('',*,*,#2788,.F.);
#3969=ORIENTED_EDGE('',*,*,#2790,.T.);
#3970=ORIENTED_EDGE('',*,*,#2785,.F.);
#3971=ORIENTED_EDGE('',*,*,#2784,.F.);
#3972=ORIENTED_EDGE('',*,*,#2791,.T.);
#3973=ORIENTED_EDGE('',*,*,#2792,.F.);
#3974=ORIENTED_EDGE('',*,*,#2775,.F.);
#3975=ORIENTED_EDGE('',*,*,#2765,.F.);
#3976=ORIENTED_EDGE('',*,*,#2793,.F.);
#3977=ORIENTED_EDGE('',*,*,#2794,.F.);
#3978=ORIENTED_EDGE('',*,*,#2791,.F.);
#3979=ORIENTED_EDGE('',*,*,#2780,.F.);
#3980=ORIENTED_EDGE('',*,*,#2795,.T.);
#3981=ORIENTED_EDGE('',*,*,#2796,.T.);
#3982=ORIENTED_EDGE('',*,*,#2778,.T.);
#3983=ORIENTED_EDGE('',*,*,#2782,.F.);
#3984=ORIENTED_EDGE('',*,*,#2786,.F.);
#3985=ORIENTED_EDGE('',*,*,#2790,.F.);
#3986=ORIENTED_EDGE('',*,*,#2787,.F.);
#3987=ORIENTED_EDGE('',*,*,#2768,.F.);
#3988=ORIENTED_EDGE('',*,*,#2777,.F.);
#3989=ORIENTED_EDGE('',*,*,#2797,.T.);
#3990=ORIENTED_EDGE('',*,*,#2793,.T.);
#3991=ORIENTED_EDGE('',*,*,#2792,.T.);
#3992=ORIENTED_EDGE('',*,*,#2794,.T.);
#3993=ORIENTED_EDGE('',*,*,#2797,.F.);
#3994=ORIENTED_EDGE('',*,*,#2776,.F.);
#3995=ORIENTED_EDGE('',*,*,#2798,.T.);
#3996=ORIENTED_EDGE('',*,*,#2772,.T.);
#3997=ORIENTED_EDGE('',*,*,#2779,.F.);
#3998=ORIENTED_EDGE('',*,*,#2796,.F.);
#3999=ORIENTED_EDGE('',*,*,#2789,.F.);
#4000=ORIENTED_EDGE('',*,*,#2773,.T.);
#4001=ORIENTED_EDGE('',*,*,#2798,.F.);
#4002=ORIENTED_EDGE('',*,*,#2795,.F.);
#4003=ORIENTED_EDGE('',*,*,#2799,.T.);
#4004=ORIENTED_EDGE('',*,*,#2800,.T.);
#4005=ORIENTED_EDGE('',*,*,#2801,.T.);
#4006=ORIENTED_EDGE('',*,*,#2802,.F.);
#4007=ORIENTED_EDGE('',*,*,#2803,.T.);
#4008=ORIENTED_EDGE('',*,*,#2804,.T.);
#4009=ORIENTED_EDGE('',*,*,#2805,.T.);
#4010=ORIENTED_EDGE('',*,*,#2800,.F.);
#4011=ORIENTED_EDGE('',*,*,#2806,.T.);
#4012=ORIENTED_EDGE('',*,*,#2807,.T.);
#4013=ORIENTED_EDGE('',*,*,#2808,.T.);
#4014=ORIENTED_EDGE('',*,*,#2804,.F.);
#4015=ORIENTED_EDGE('',*,*,#2809,.T.);
#4016=ORIENTED_EDGE('',*,*,#2807,.F.);
#4017=ORIENTED_EDGE('',*,*,#2810,.T.);
#4018=ORIENTED_EDGE('',*,*,#2802,.T.);
#4019=ORIENTED_EDGE('',*,*,#2809,.F.);
#4020=ORIENTED_EDGE('',*,*,#2811,.F.);
#4021=ORIENTED_EDGE('',*,*,#2812,.F.);
#4022=ORIENTED_EDGE('',*,*,#2813,.F.);
#4023=ORIENTED_EDGE('',*,*,#2814,.F.);
#4024=ORIENTED_EDGE('',*,*,#2815,.T.);
#4025=ORIENTED_EDGE('',*,*,#2816,.T.);
#4026=ORIENTED_EDGE('',*,*,#2817,.T.);
#4027=ORIENTED_EDGE('',*,*,#2801,.F.);
#4028=ORIENTED_EDGE('',*,*,#2818,.F.);
#4029=ORIENTED_EDGE('',*,*,#2819,.T.);
#4030=ORIENTED_EDGE('',*,*,#2811,.T.);
#4031=ORIENTED_EDGE('',*,*,#2799,.F.);
#4032=ORIENTED_EDGE('',*,*,#2810,.F.);
#4033=ORIENTED_EDGE('',*,*,#2806,.F.);
#4034=ORIENTED_EDGE('',*,*,#2803,.F.);
#4035=ORIENTED_EDGE('',*,*,#2820,.T.);
#4036=ORIENTED_EDGE('',*,*,#2821,.T.);
#4037=ORIENTED_EDGE('',*,*,#2822,.T.);
#4038=ORIENTED_EDGE('',*,*,#2823,.F.);
#4039=ORIENTED_EDGE('',*,*,#2824,.T.);
#4040=ORIENTED_EDGE('',*,*,#2825,.T.);
#4041=ORIENTED_EDGE('',*,*,#2826,.T.);
#4042=ORIENTED_EDGE('',*,*,#2821,.F.);
#4043=ORIENTED_EDGE('',*,*,#2827,.T.);
#4044=ORIENTED_EDGE('',*,*,#2828,.T.);
#4045=ORIENTED_EDGE('',*,*,#2829,.T.);
#4046=ORIENTED_EDGE('',*,*,#2823,.T.);
#4047=ORIENTED_EDGE('',*,*,#2814,.T.);
#4048=ORIENTED_EDGE('',*,*,#2828,.F.);
#4049=ORIENTED_EDGE('',*,*,#2830,.T.);
#4050=ORIENTED_EDGE('',*,*,#2825,.F.);
#4051=ORIENTED_EDGE('',*,*,#2824,.F.);
#4052=ORIENTED_EDGE('',*,*,#2831,.T.);
#4053=ORIENTED_EDGE('',*,*,#2832,.F.);
#4054=ORIENTED_EDGE('',*,*,#2815,.F.);
#4055=ORIENTED_EDGE('',*,*,#2805,.F.);
#4056=ORIENTED_EDGE('',*,*,#2833,.F.);
#4057=ORIENTED_EDGE('',*,*,#2834,.F.);
#4058=ORIENTED_EDGE('',*,*,#2831,.F.);
#4059=ORIENTED_EDGE('',*,*,#2820,.F.);
#4060=ORIENTED_EDGE('',*,*,#2835,.T.);
#4061=ORIENTED_EDGE('',*,*,#2836,.T.);
#4062=ORIENTED_EDGE('',*,*,#2818,.T.);
#4063=ORIENTED_EDGE('',*,*,#2822,.F.);
#4064=ORIENTED_EDGE('',*,*,#2826,.F.);
#4065=ORIENTED_EDGE('',*,*,#2830,.F.);
#4066=ORIENTED_EDGE('',*,*,#2827,.F.);
#4067=ORIENTED_EDGE('',*,*,#2808,.F.);
#4068=ORIENTED_EDGE('',*,*,#2817,.F.);
#4069=ORIENTED_EDGE('',*,*,#2837,.T.);
#4070=ORIENTED_EDGE('',*,*,#2833,.T.);
#4071=ORIENTED_EDGE('',*,*,#2832,.T.);
#4072=ORIENTED_EDGE('',*,*,#2834,.T.);
#4073=ORIENTED_EDGE('',*,*,#2837,.F.);
#4074=ORIENTED_EDGE('',*,*,#2816,.F.);
#4075=ORIENTED_EDGE('',*,*,#2838,.T.);
#4076=ORIENTED_EDGE('',*,*,#2812,.T.);
#4077=ORIENTED_EDGE('',*,*,#2819,.F.);
#4078=ORIENTED_EDGE('',*,*,#2836,.F.);
#4079=ORIENTED_EDGE('',*,*,#2829,.F.);
#4080=ORIENTED_EDGE('',*,*,#2813,.T.);
#4081=ORIENTED_EDGE('',*,*,#2838,.F.);
#4082=ORIENTED_EDGE('',*,*,#2835,.F.);
#4083=ORIENTED_EDGE('',*,*,#2839,.T.);
#4084=ORIENTED_EDGE('',*,*,#2840,.T.);
#4085=ORIENTED_EDGE('',*,*,#2841,.T.);
#4086=ORIENTED_EDGE('',*,*,#2842,.F.);
#4087=ORIENTED_EDGE('',*,*,#2843,.T.);
#4088=ORIENTED_EDGE('',*,*,#2844,.T.);
#4089=ORIENTED_EDGE('',*,*,#2845,.T.);
#4090=ORIENTED_EDGE('',*,*,#2840,.F.);
#4091=ORIENTED_EDGE('',*,*,#2846,.T.);
#4092=ORIENTED_EDGE('',*,*,#2847,.T.);
#4093=ORIENTED_EDGE('',*,*,#2848,.T.);
#4094=ORIENTED_EDGE('',*,*,#2844,.F.);
#4095=ORIENTED_EDGE('',*,*,#2849,.T.);
#4096=ORIENTED_EDGE('',*,*,#2847,.F.);
#4097=ORIENTED_EDGE('',*,*,#2850,.T.);
#4098=ORIENTED_EDGE('',*,*,#2842,.T.);
#4099=ORIENTED_EDGE('',*,*,#2849,.F.);
#4100=ORIENTED_EDGE('',*,*,#2851,.F.);
#4101=ORIENTED_EDGE('',*,*,#2852,.F.);
#4102=ORIENTED_EDGE('',*,*,#2853,.F.);
#4103=ORIENTED_EDGE('',*,*,#2854,.F.);
#4104=ORIENTED_EDGE('',*,*,#2855,.T.);
#4105=ORIENTED_EDGE('',*,*,#2856,.T.);
#4106=ORIENTED_EDGE('',*,*,#2857,.T.);
#4107=ORIENTED_EDGE('',*,*,#2841,.F.);
#4108=ORIENTED_EDGE('',*,*,#2858,.F.);
#4109=ORIENTED_EDGE('',*,*,#2859,.T.);
#4110=ORIENTED_EDGE('',*,*,#2851,.T.);
#4111=ORIENTED_EDGE('',*,*,#2839,.F.);
#4112=ORIENTED_EDGE('',*,*,#2850,.F.);
#4113=ORIENTED_EDGE('',*,*,#2846,.F.);
#4114=ORIENTED_EDGE('',*,*,#2843,.F.);
#4115=ORIENTED_EDGE('',*,*,#2860,.T.);
#4116=ORIENTED_EDGE('',*,*,#2861,.T.);
#4117=ORIENTED_EDGE('',*,*,#2862,.T.);
#4118=ORIENTED_EDGE('',*,*,#2863,.F.);
#4119=ORIENTED_EDGE('',*,*,#2864,.T.);
#4120=ORIENTED_EDGE('',*,*,#2865,.T.);
#4121=ORIENTED_EDGE('',*,*,#2866,.T.);
#4122=ORIENTED_EDGE('',*,*,#2861,.F.);
#4123=ORIENTED_EDGE('',*,*,#2867,.T.);
#4124=ORIENTED_EDGE('',*,*,#2868,.T.);
#4125=ORIENTED_EDGE('',*,*,#2869,.T.);
#4126=ORIENTED_EDGE('',*,*,#2863,.T.);
#4127=ORIENTED_EDGE('',*,*,#2854,.T.);
#4128=ORIENTED_EDGE('',*,*,#2868,.F.);
#4129=ORIENTED_EDGE('',*,*,#2870,.T.);
#4130=ORIENTED_EDGE('',*,*,#2865,.F.);
#4131=ORIENTED_EDGE('',*,*,#2864,.F.);
#4132=ORIENTED_EDGE('',*,*,#2871,.T.);
#4133=ORIENTED_EDGE('',*,*,#2872,.F.);
#4134=ORIENTED_EDGE('',*,*,#2855,.F.);
#4135=ORIENTED_EDGE('',*,*,#2845,.F.);
#4136=ORIENTED_EDGE('',*,*,#2873,.F.);
#4137=ORIENTED_EDGE('',*,*,#2874,.F.);
#4138=ORIENTED_EDGE('',*,*,#2871,.F.);
#4139=ORIENTED_EDGE('',*,*,#2860,.F.);
#4140=ORIENTED_EDGE('',*,*,#2875,.T.);
#4141=ORIENTED_EDGE('',*,*,#2876,.T.);
#4142=ORIENTED_EDGE('',*,*,#2858,.T.);
#4143=ORIENTED_EDGE('',*,*,#2862,.F.);
#4144=ORIENTED_EDGE('',*,*,#2866,.F.);
#4145=ORIENTED_EDGE('',*,*,#2870,.F.);
#4146=ORIENTED_EDGE('',*,*,#2867,.F.);
#4147=ORIENTED_EDGE('',*,*,#2848,.F.);
#4148=ORIENTED_EDGE('',*,*,#2857,.F.);
#4149=ORIENTED_EDGE('',*,*,#2877,.T.);
#4150=ORIENTED_EDGE('',*,*,#2873,.T.);
#4151=ORIENTED_EDGE('',*,*,#2872,.T.);
#4152=ORIENTED_EDGE('',*,*,#2874,.T.);
#4153=ORIENTED_EDGE('',*,*,#2877,.F.);
#4154=ORIENTED_EDGE('',*,*,#2856,.F.);
#4155=ORIENTED_EDGE('',*,*,#2878,.T.);
#4156=ORIENTED_EDGE('',*,*,#2852,.T.);
#4157=ORIENTED_EDGE('',*,*,#2859,.F.);
#4158=ORIENTED_EDGE('',*,*,#2876,.F.);
#4159=ORIENTED_EDGE('',*,*,#2869,.F.);
#4160=ORIENTED_EDGE('',*,*,#2853,.T.);
#4161=ORIENTED_EDGE('',*,*,#2878,.F.);
#4162=ORIENTED_EDGE('',*,*,#2875,.F.);
#4163=PLANE('',#4657);
#4164=PLANE('',#4658);
#4165=PLANE('',#4659);
#4166=PLANE('',#4660);
#4167=PLANE('',#4661);
#4168=PLANE('',#4662);
#4169=PLANE('',#4663);
#4170=PLANE('',#4664);
#4171=PLANE('',#4665);
#4172=PLANE('',#4666);
#4173=PLANE('',#4667);
#4174=PLANE('',#4668);
#4175=PLANE('',#4669);
#4176=PLANE('',#4670);
#4177=PLANE('',#4671);
#4178=PLANE('',#4672);
#4179=PLANE('',#4673);
#4180=PLANE('',#4674);
#4181=PLANE('',#4675);
#4182=PLANE('',#4676);
#4183=PLANE('',#4677);
#4184=PLANE('',#4678);
#4185=PLANE('',#4679);
#4186=PLANE('',#4680);
#4187=PLANE('',#4681);
#4188=PLANE('',#4682);
#4189=PLANE('',#4683);
#4190=PLANE('',#4684);
#4191=PLANE('',#4685);
#4192=PLANE('',#4686);
#4193=PLANE('',#4687);
#4194=PLANE('',#4688);
#4195=PLANE('',#4689);
#4196=PLANE('',#4690);
#4197=PLANE('',#4691);
#4198=PLANE('',#4692);
#4199=PLANE('',#4693);
#4200=PLANE('',#4694);
#4201=PLANE('',#4695);
#4202=PLANE('',#4696);
#4203=PLANE('',#4697);
#4204=PLANE('',#4698);
#4205=PLANE('',#4699);
#4206=PLANE('',#4700);
#4207=PLANE('',#4701);
#4208=PLANE('',#4702);
#4209=PLANE('',#4703);
#4210=PLANE('',#4704);
#4211=PLANE('',#4705);
#4212=PLANE('',#4706);
#4213=PLANE('',#4707);
#4214=PLANE('',#4708);
#4215=PLANE('',#4709);
#4216=PLANE('',#4710);
#4217=PLANE('',#4711);
#4218=PLANE('',#4712);
#4219=PLANE('',#4713);
#4220=PLANE('',#4714);
#4221=PLANE('',#4715);
#4222=PLANE('',#4716);
#4223=PLANE('',#4717);
#4224=PLANE('',#4718);
#4225=PLANE('',#4719);
#4226=PLANE('',#4720);
#4227=PLANE('',#4721);
#4228=PLANE('',#4722);
#4229=PLANE('',#4723);
#4230=PLANE('',#4724);
#4231=PLANE('',#4725);
#4232=PLANE('',#4726);
#4233=PLANE('',#4727);
#4234=PLANE('',#4728);
#4235=PLANE('',#4729);
#4236=PLANE('',#4730);
#4237=PLANE('',#4731);
#4238=PLANE('',#4732);
#4239=PLANE('',#4733);
#4240=PLANE('',#4734);
#4241=PLANE('',#4735);
#4242=PLANE('',#4736);
#4243=PLANE('',#4737);
#4244=PLANE('',#4738);
#4245=PLANE('',#4739);
#4246=PLANE('',#4740);
#4247=PLANE('',#4741);
#4248=PLANE('',#4742);
#4249=PLANE('',#4743);
#4250=PLANE('',#4744);
#4251=PLANE('',#4745);
#4252=PLANE('',#4746);
#4253=PLANE('',#4747);
#4254=PLANE('',#4748);
#4255=PLANE('',#4749);
#4256=PLANE('',#4750);
#4257=PLANE('',#4751);
#4258=PLANE('',#4752);
#4259=PLANE('',#4753);
#4260=PLANE('',#4754);
#4261=PLANE('',#4755);
#4262=PLANE('',#4756);
#4263=PLANE('',#4757);
#4264=PLANE('',#4758);
#4265=PLANE('',#4759);
#4266=PLANE('',#4760);
#4267=PLANE('',#4761);
#4268=PLANE('',#4762);
#4269=PLANE('',#4763);
#4270=PLANE('',#4764);
#4271=PLANE('',#4765);
#4272=PLANE('',#4766);
#4273=PLANE('',#4767);
#4274=PLANE('',#4770);
#4275=PLANE('',#4771);
#4276=PLANE('',#4772);
#4277=PLANE('',#4773);
#4278=PLANE('',#4774);
#4279=PLANE('',#4775);
#4280=PLANE('',#4776);
#4281=PLANE('',#4777);
#4282=PLANE('',#4780);
#4283=PLANE('',#4781);
#4284=PLANE('',#4784);
#4285=PLANE('',#4785);
#4286=PLANE('',#4786);
#4287=PLANE('',#4787);
#4288=PLANE('',#4788);
#4289=PLANE('',#4789);
#4290=PLANE('',#4792);
#4291=PLANE('',#4793);
#4292=PLANE('',#4794);
#4293=PLANE('',#4795);
#4294=PLANE('',#4796);
#4295=PLANE('',#4797);
#4296=PLANE('',#4798);
#4297=PLANE('',#4799);
#4298=PLANE('',#4802);
#4299=PLANE('',#4803);
#4300=PLANE('',#4806);
#4301=PLANE('',#4807);
#4302=PLANE('',#4808);
#4303=PLANE('',#4809);
#4304=PLANE('',#4810);
#4305=PLANE('',#4811);
#4306=PLANE('',#4814);
#4307=PLANE('',#4815);
#4308=PLANE('',#4816);
#4309=PLANE('',#4817);
#4310=PLANE('',#4818);
#4311=PLANE('',#4819);
#4312=PLANE('',#4820);
#4313=PLANE('',#4821);
#4314=PLANE('',#4824);
#4315=PLANE('',#4825);
#4316=PLANE('',#4828);
#4317=PLANE('',#4829);
#4318=PLANE('',#4830);
#4319=PLANE('',#4831);
#4320=PLANE('',#4832);
#4321=PLANE('',#4833);
#4322=PLANE('',#4836);
#4323=PLANE('',#4837);
#4324=PLANE('',#4838);
#4325=PLANE('',#4839);
#4326=PLANE('',#4840);
#4327=PLANE('',#4841);
#4328=PLANE('',#4842);
#4329=PLANE('',#4843);
#4330=PLANE('',#4846);
#4331=PLANE('',#4847);
#4332=PLANE('',#4850);
#4333=PLANE('',#4851);
#4334=PLANE('',#4852);
#4335=PLANE('',#4853);
#4336=PLANE('',#4854);
#4337=PLANE('',#4855);
#4338=PLANE('',#4858);
#4339=PLANE('',#4859);
#4340=PLANE('',#4860);
#4341=PLANE('',#4861);
#4342=PLANE('',#4862);
#4343=PLANE('',#4863);
#4344=PLANE('',#4864);
#4345=PLANE('',#4865);
#4346=PLANE('',#4868);
#4347=PLANE('',#4869);
#4348=PLANE('',#4872);
#4349=PLANE('',#4873);
#4350=PLANE('',#4874);
#4351=PLANE('',#4875);
#4352=PLANE('',#4876);
#4353=PLANE('',#4877);
#4354=PLANE('',#4880);
#4355=PLANE('',#4881);
#4356=PLANE('',#4882);
#4357=PLANE('',#4883);
#4358=PLANE('',#4884);
#4359=PLANE('',#4885);
#4360=PLANE('',#4886);
#4361=PLANE('',#4887);
#4362=PLANE('',#4890);
#4363=PLANE('',#4891);
#4364=PLANE('',#4894);
#4365=PLANE('',#4895);
#4366=PLANE('',#4896);
#4367=PLANE('',#4897);
#4368=PLANE('',#4898);
#4369=PLANE('',#4899);
#4370=PLANE('',#4902);
#4371=PLANE('',#4903);
#4372=PLANE('',#4904);
#4373=PLANE('',#4905);
#4374=PLANE('',#4906);
#4375=PLANE('',#4907);
#4376=PLANE('',#4908);
#4377=PLANE('',#4909);
#4378=PLANE('',#4912);
#4379=PLANE('',#4913);
#4380=PLANE('',#4916);
#4381=PLANE('',#4917);
#4382=PLANE('',#4918);
#4383=PLANE('',#4919);
#4384=PLANE('',#4920);
#4385=PLANE('',#4921);
#4386=PLANE('',#4924);
#4387=PLANE('',#4925);
#4388=PLANE('',#4926);
#4389=PLANE('',#4927);
#4390=PLANE('',#4928);
#4391=PLANE('',#4929);
#4392=PLANE('',#4930);
#4393=PLANE('',#4931);
#4394=PLANE('',#4934);
#4395=PLANE('',#4935);
#4396=PLANE('',#4938);
#4397=ADVANCED_FACE('',(#95),#4163,.F.);
#4398=ADVANCED_FACE('',(#96),#4164,.F.);
#4399=ADVANCED_FACE('',(#97),#4165,.F.);
#4400=ADVANCED_FACE('',(#98),#4166,.F.);
#4401=ADVANCED_FACE('',(#99),#4167,.F.);
#4402=ADVANCED_FACE('',(#100),#4168,.F.);
#4403=ADVANCED_FACE('',(#101),#4169,.T.);
#4404=ADVANCED_FACE('',(#102),#4170,.T.);
#4405=ADVANCED_FACE('',(#103),#4171,.T.);
#4406=ADVANCED_FACE('',(#104),#4172,.F.);
#4407=ADVANCED_FACE('',(#105),#4173,.T.);
#4408=ADVANCED_FACE('',(#106),#4174,.T.);
#4409=ADVANCED_FACE('',(#107),#4175,.T.);
#4410=ADVANCED_FACE('',(#108),#4176,.T.);
#4411=ADVANCED_FACE('',(#109),#4177,.T.);
#4412=ADVANCED_FACE('',(#110,#79),#4178,.F.);
#4413=ADVANCED_FACE('',(#111),#4179,.T.);
#4414=ADVANCED_FACE('',(#112),#4180,.F.);
#4415=ADVANCED_FACE('',(#113),#4181,.F.);
#4416=ADVANCED_FACE('',(#114),#4182,.F.);
#4417=ADVANCED_FACE('',(#115),#4183,.F.);
#4418=ADVANCED_FACE('',(#116),#4184,.F.);
#4419=ADVANCED_FACE('',(#117),#4185,.F.);
#4420=ADVANCED_FACE('',(#118),#4186,.F.);
#4421=ADVANCED_FACE('',(#119),#4187,.F.);
#4422=ADVANCED_FACE('',(#120),#4188,.F.);
#4423=ADVANCED_FACE('',(#121),#4189,.F.);
#4424=ADVANCED_FACE('',(#122),#4190,.F.);
#4425=ADVANCED_FACE('',(#123,#80),#4191,.F.);
#4426=ADVANCED_FACE('',(#124),#4192,.F.);
#4427=ADVANCED_FACE('',(#125),#4193,.T.);
#4428=ADVANCED_FACE('',(#126),#4194,.T.);
#4429=ADVANCED_FACE('',(#127),#4195,.T.);
#4430=ADVANCED_FACE('',(#128),#4196,.T.);
#4431=ADVANCED_FACE('',(#129),#4197,.T.);
#4432=ADVANCED_FACE('',(#130),#4198,.F.);
#4433=ADVANCED_FACE('',(#131),#4199,.F.);
#4434=ADVANCED_FACE('',(#132),#4200,.T.);
#4435=ADVANCED_FACE('',(#133),#4201,.F.);
#4436=ADVANCED_FACE('',(#134),#4202,.F.);
#4437=ADVANCED_FACE('',(#135),#4203,.F.);
#4438=ADVANCED_FACE('',(#136),#4204,.F.);
#4439=ADVANCED_FACE('',(#137),#4205,.F.);
#4440=ADVANCED_FACE('',(#138,#81),#4206,.F.);
#4441=ADVANCED_FACE('',(#139),#4207,.F.);
#4442=ADVANCED_FACE('',(#140),#4208,.T.);
#4443=ADVANCED_FACE('',(#141),#4209,.F.);
#4444=ADVANCED_FACE('',(#142),#4210,.F.);
#4445=ADVANCED_FACE('',(#143),#4211,.F.);
#4446=ADVANCED_FACE('',(#144),#4212,.F.);
#4447=ADVANCED_FACE('',(#145),#4213,.F.);
#4448=ADVANCED_FACE('',(#146,#82),#4214,.F.);
#4449=ADVANCED_FACE('',(#147),#4215,.F.);
#4450=ADVANCED_FACE('',(#148),#4216,.T.);
#4451=ADVANCED_FACE('',(#149),#4217,.F.);
#4452=ADVANCED_FACE('',(#150),#4218,.F.);
#4453=ADVANCED_FACE('',(#151),#4219,.F.);
#4454=ADVANCED_FACE('',(#152),#4220,.F.);
#4455=ADVANCED_FACE('',(#153),#4221,.F.);
#4456=ADVANCED_FACE('',(#154,#83),#4222,.F.);
#4457=ADVANCED_FACE('',(#155),#4223,.F.);
#4458=ADVANCED_FACE('',(#156),#4224,.T.);
#4459=ADVANCED_FACE('',(#157),#4225,.F.);
#4460=ADVANCED_FACE('',(#158),#4226,.F.);
#4461=ADVANCED_FACE('',(#159),#4227,.F.);
#4462=ADVANCED_FACE('',(#160),#4228,.F.);
#4463=ADVANCED_FACE('',(#161),#4229,.F.);
#4464=ADVANCED_FACE('',(#162,#84),#4230,.F.);
#4465=ADVANCED_FACE('',(#163),#4231,.F.);
#4466=ADVANCED_FACE('',(#164),#4232,.T.);
#4467=ADVANCED_FACE('',(#165),#4233,.F.);
#4468=ADVANCED_FACE('',(#166),#4234,.F.);
#4469=ADVANCED_FACE('',(#167),#4235,.F.);
#4470=ADVANCED_FACE('',(#168),#4236,.F.);
#4471=ADVANCED_FACE('',(#169),#4237,.F.);
#4472=ADVANCED_FACE('',(#170,#85),#4238,.F.);
#4473=ADVANCED_FACE('',(#171),#4239,.F.);
#4474=ADVANCED_FACE('',(#172),#4240,.T.);
#4475=ADVANCED_FACE('',(#173),#4241,.F.);
#4476=ADVANCED_FACE('',(#174),#4242,.F.);
#4477=ADVANCED_FACE('',(#175),#4243,.F.);
#4478=ADVANCED_FACE('',(#176),#4244,.F.);
#4479=ADVANCED_FACE('',(#177),#4245,.F.);
#4480=ADVANCED_FACE('',(#178,#86),#4246,.F.);
#4481=ADVANCED_FACE('',(#179),#4247,.F.);
#4482=ADVANCED_FACE('',(#180),#4248,.T.);
#4483=ADVANCED_FACE('',(#181),#4249,.F.);
#4484=ADVANCED_FACE('',(#182),#4250,.F.);
#4485=ADVANCED_FACE('',(#183),#4251,.F.);
#4486=ADVANCED_FACE('',(#184),#4252,.F.);
#4487=ADVANCED_FACE('',(#185),#4253,.F.);
#4488=ADVANCED_FACE('',(#186),#4254,.F.);
#4489=ADVANCED_FACE('',(#187),#4255,.F.);
#4490=ADVANCED_FACE('',(#188),#4256,.F.);
#4491=ADVANCED_FACE('',(#189),#4257,.F.);
#4492=ADVANCED_FACE('',(#190),#4258,.F.);
#4493=ADVANCED_FACE('',(#191),#4259,.F.);
#4494=ADVANCED_FACE('',(#192),#4260,.T.);
#4495=ADVANCED_FACE('',(#193,#87,#88,#89,#90,#91,#92,#93,#94),#4261,.F.);
#4496=ADVANCED_FACE('',(#194),#4262,.F.);
#4497=ADVANCED_FACE('',(#195),#4263,.F.);
#4498=ADVANCED_FACE('',(#196),#4264,.T.);
#4499=ADVANCED_FACE('',(#197),#4265,.T.);
#4500=ADVANCED_FACE('',(#198),#4266,.T.);
#4501=ADVANCED_FACE('',(#199),#4267,.T.);
#4502=ADVANCED_FACE('',(#200),#4268,.T.);
#4503=ADVANCED_FACE('',(#201),#4269,.T.);
#4504=ADVANCED_FACE('',(#202),#4270,.T.);
#4505=ADVANCED_FACE('',(#203),#4271,.T.);
#4506=ADVANCED_FACE('',(#204),#4272,.T.);
#4507=ADVANCED_FACE('',(#205),#4273,.T.);
#4508=ADVANCED_FACE('',(#206),#4274,.T.);
#4509=ADVANCED_FACE('',(#207),#4275,.F.);
#4510=ADVANCED_FACE('',(#208),#4276,.T.);
#4511=ADVANCED_FACE('',(#209),#4277,.T.);
#4512=ADVANCED_FACE('',(#210),#4278,.T.);
#4513=ADVANCED_FACE('',(#211),#4279,.T.);
#4514=ADVANCED_FACE('',(#212),#4280,.T.);
#4515=ADVANCED_FACE('',(#213),#4281,.T.);
#4516=ADVANCED_FACE('',(#214),#4282,.T.);
#4517=ADVANCED_FACE('',(#215),#4283,.T.);
#4518=ADVANCED_FACE('',(#216),#13,.F.);
#4519=ADVANCED_FACE('',(#217),#14,.T.);
#4520=ADVANCED_FACE('',(#218),#4284,.T.);
#4521=ADVANCED_FACE('',(#219),#4285,.T.);
#4522=ADVANCED_FACE('',(#220),#4286,.T.);
#4523=ADVANCED_FACE('',(#221),#4287,.T.);
#4524=ADVANCED_FACE('',(#222),#4288,.T.);
#4525=ADVANCED_FACE('',(#223),#4289,.T.);
#4526=ADVANCED_FACE('',(#224),#4290,.T.);
#4527=ADVANCED_FACE('',(#225),#4291,.F.);
#4528=ADVANCED_FACE('',(#226),#4292,.T.);
#4529=ADVANCED_FACE('',(#227),#4293,.T.);
#4530=ADVANCED_FACE('',(#228),#4294,.T.);
#4531=ADVANCED_FACE('',(#229),#4295,.T.);
#4532=ADVANCED_FACE('',(#230),#4296,.T.);
#4533=ADVANCED_FACE('',(#231),#4297,.T.);
#4534=ADVANCED_FACE('',(#232),#4298,.T.);
#4535=ADVANCED_FACE('',(#233),#4299,.T.);
#4536=ADVANCED_FACE('',(#234),#15,.F.);
#4537=ADVANCED_FACE('',(#235),#16,.T.);
#4538=ADVANCED_FACE('',(#236),#4300,.T.);
#4539=ADVANCED_FACE('',(#237),#4301,.T.);
#4540=ADVANCED_FACE('',(#238),#4302,.T.);
#4541=ADVANCED_FACE('',(#239),#4303,.T.);
#4542=ADVANCED_FACE('',(#240),#4304,.T.);
#4543=ADVANCED_FACE('',(#241),#4305,.T.);
#4544=ADVANCED_FACE('',(#242),#4306,.T.);
#4545=ADVANCED_FACE('',(#243),#4307,.F.);
#4546=ADVANCED_FACE('',(#244),#4308,.T.);
#4547=ADVANCED_FACE('',(#245),#4309,.T.);
#4548=ADVANCED_FACE('',(#246),#4310,.T.);
#4549=ADVANCED_FACE('',(#247),#4311,.T.);
#4550=ADVANCED_FACE('',(#248),#4312,.T.);
#4551=ADVANCED_FACE('',(#249),#4313,.T.);
#4552=ADVANCED_FACE('',(#250),#4314,.T.);
#4553=ADVANCED_FACE('',(#251),#4315,.T.);
#4554=ADVANCED_FACE('',(#252),#17,.F.);
#4555=ADVANCED_FACE('',(#253),#18,.T.);
#4556=ADVANCED_FACE('',(#254),#4316,.T.);
#4557=ADVANCED_FACE('',(#255),#4317,.T.);
#4558=ADVANCED_FACE('',(#256),#4318,.T.);
#4559=ADVANCED_FACE('',(#257),#4319,.T.);
#4560=ADVANCED_FACE('',(#258),#4320,.T.);
#4561=ADVANCED_FACE('',(#259),#4321,.T.);
#4562=ADVANCED_FACE('',(#260),#4322,.T.);
#4563=ADVANCED_FACE('',(#261),#4323,.F.);
#4564=ADVANCED_FACE('',(#262),#4324,.T.);
#4565=ADVANCED_FACE('',(#263),#4325,.T.);
#4566=ADVANCED_FACE('',(#264),#4326,.T.);
#4567=ADVANCED_FACE('',(#265),#4327,.T.);
#4568=ADVANCED_FACE('',(#266),#4328,.T.);
#4569=ADVANCED_FACE('',(#267),#4329,.T.);
#4570=ADVANCED_FACE('',(#268),#4330,.T.);
#4571=ADVANCED_FACE('',(#269),#4331,.T.);
#4572=ADVANCED_FACE('',(#270),#19,.F.);
#4573=ADVANCED_FACE('',(#271),#20,.T.);
#4574=ADVANCED_FACE('',(#272),#4332,.T.);
#4575=ADVANCED_FACE('',(#273),#4333,.T.);
#4576=ADVANCED_FACE('',(#274),#4334,.T.);
#4577=ADVANCED_FACE('',(#275),#4335,.T.);
#4578=ADVANCED_FACE('',(#276),#4336,.T.);
#4579=ADVANCED_FACE('',(#277),#4337,.T.);
#4580=ADVANCED_FACE('',(#278),#4338,.T.);
#4581=ADVANCED_FACE('',(#279),#4339,.F.);
#4582=ADVANCED_FACE('',(#280),#4340,.T.);
#4583=ADVANCED_FACE('',(#281),#4341,.T.);
#4584=ADVANCED_FACE('',(#282),#4342,.T.);
#4585=ADVANCED_FACE('',(#283),#4343,.T.);
#4586=ADVANCED_FACE('',(#284),#4344,.T.);
#4587=ADVANCED_FACE('',(#285),#4345,.T.);
#4588=ADVANCED_FACE('',(#286),#4346,.T.);
#4589=ADVANCED_FACE('',(#287),#4347,.T.);
#4590=ADVANCED_FACE('',(#288),#21,.F.);
#4591=ADVANCED_FACE('',(#289),#22,.T.);
#4592=ADVANCED_FACE('',(#290),#4348,.T.);
#4593=ADVANCED_FACE('',(#291),#4349,.T.);
#4594=ADVANCED_FACE('',(#292),#4350,.T.);
#4595=ADVANCED_FACE('',(#293),#4351,.T.);
#4596=ADVANCED_FACE('',(#294),#4352,.T.);
#4597=ADVANCED_FACE('',(#295),#4353,.T.);
#4598=ADVANCED_FACE('',(#296),#4354,.T.);
#4599=ADVANCED_FACE('',(#297),#4355,.F.);
#4600=ADVANCED_FACE('',(#298),#4356,.T.);
#4601=ADVANCED_FACE('',(#299),#4357,.T.);
#4602=ADVANCED_FACE('',(#300),#4358,.T.);
#4603=ADVANCED_FACE('',(#301),#4359,.T.);
#4604=ADVANCED_FACE('',(#302),#4360,.T.);
#4605=ADVANCED_FACE('',(#303),#4361,.T.);
#4606=ADVANCED_FACE('',(#304),#4362,.T.);
#4607=ADVANCED_FACE('',(#305),#4363,.T.);
#4608=ADVANCED_FACE('',(#306),#23,.F.);
#4609=ADVANCED_FACE('',(#307),#24,.T.);
#4610=ADVANCED_FACE('',(#308),#4364,.T.);
#4611=ADVANCED_FACE('',(#309),#4365,.T.);
#4612=ADVANCED_FACE('',(#310),#4366,.T.);
#4613=ADVANCED_FACE('',(#311),#4367,.T.);
#4614=ADVANCED_FACE('',(#312),#4368,.T.);
#4615=ADVANCED_FACE('',(#313),#4369,.T.);
#4616=ADVANCED_FACE('',(#314),#4370,.T.);
#4617=ADVANCED_FACE('',(#315),#4371,.F.);
#4618=ADVANCED_FACE('',(#316),#4372,.T.);
#4619=ADVANCED_FACE('',(#317),#4373,.T.);
#4620=ADVANCED_FACE('',(#318),#4374,.T.);
#4621=ADVANCED_FACE('',(#319),#4375,.T.);
#4622=ADVANCED_FACE('',(#320),#4376,.T.);
#4623=ADVANCED_FACE('',(#321),#4377,.T.);
#4624=ADVANCED_FACE('',(#322),#4378,.T.);
#4625=ADVANCED_FACE('',(#323),#4379,.T.);
#4626=ADVANCED_FACE('',(#324),#25,.F.);
#4627=ADVANCED_FACE('',(#325),#26,.T.);
#4628=ADVANCED_FACE('',(#326),#4380,.T.);
#4629=ADVANCED_FACE('',(#327),#4381,.T.);
#4630=ADVANCED_FACE('',(#328),#4382,.T.);
#4631=ADVANCED_FACE('',(#329),#4383,.T.);
#4632=ADVANCED_FACE('',(#330),#4384,.T.);
#4633=ADVANCED_FACE('',(#331),#4385,.T.);
#4634=ADVANCED_FACE('',(#332),#4386,.T.);
#4635=ADVANCED_FACE('',(#333),#4387,.F.);
#4636=ADVANCED_FACE('',(#334),#4388,.T.);
#4637=ADVANCED_FACE('',(#335),#4389,.T.);
#4638=ADVANCED_FACE('',(#336),#4390,.T.);
#4639=ADVANCED_FACE('',(#337),#4391,.T.);
#4640=ADVANCED_FACE('',(#338),#4392,.T.);
#4641=ADVANCED_FACE('',(#339),#4393,.T.);
#4642=ADVANCED_FACE('',(#340),#4394,.T.);
#4643=ADVANCED_FACE('',(#341),#4395,.T.);
#4644=ADVANCED_FACE('',(#342),#27,.F.);
#4645=ADVANCED_FACE('',(#343),#28,.T.);
#4646=ADVANCED_FACE('',(#344),#4396,.T.);
#4647=CLOSED_SHELL('',(#4397,#4398,#4399,#4400,#4401,#4402,#4403,#4404,
#4405,#4406,#4407,#4408,#4409,#4410,#4411,#4412,#4413,#4414,#4415,#4416,
#4417,#4418,#4419,#4420,#4421,#4422,#4423,#4424,#4425,#4426,#4427,#4428,
#4429,#4430,#4431,#4432,#4433,#4434,#4435,#4436,#4437,#4438,#4439,#4440,
#4441,#4442,#4443,#4444,#4445,#4446,#4447,#4448,#4449,#4450,#4451,#4452,
#4453,#4454,#4455,#4456,#4457,#4458,#4459,#4460,#4461,#4462,#4463,#4464,
#4465,#4466,#4467,#4468,#4469,#4470,#4471,#4472,#4473,#4474,#4475,#4476,
#4477,#4478,#4479,#4480,#4481,#4482,#4483,#4484,#4485,#4486,#4487,#4488,
#4489,#4490,#4491,#4492,#4493,#4494,#4495,#4496,#4497,#4498,#4499,#4500,
#4501,#4502));
#4648=CLOSED_SHELL('',(#4503,#4504,#4505,#4506,#4507,#4508,#4509,#4510,
#4511,#4512,#4513,#4514,#4515,#4516,#4517,#4518,#4519,#4520));
#4649=CLOSED_SHELL('',(#4521,#4522,#4523,#4524,#4525,#4526,#4527,#4528,
#4529,#4530,#4531,#4532,#4533,#4534,#4535,#4536,#4537,#4538));
#4650=CLOSED_SHELL('',(#4539,#4540,#4541,#4542,#4543,#4544,#4545,#4546,
#4547,#4548,#4549,#4550,#4551,#4552,#4553,#4554,#4555,#4556));
#4651=CLOSED_SHELL('',(#4557,#4558,#4559,#4560,#4561,#4562,#4563,#4564,
#4565,#4566,#4567,#4568,#4569,#4570,#4571,#4572,#4573,#4574));
#4652=CLOSED_SHELL('',(#4575,#4576,#4577,#4578,#4579,#4580,#4581,#4582,
#4583,#4584,#4585,#4586,#4587,#4588,#4589,#4590,#4591,#4592));
#4653=CLOSED_SHELL('',(#4593,#4594,#4595,#4596,#4597,#4598,#4599,#4600,
#4601,#4602,#4603,#4604,#4605,#4606,#4607,#4608,#4609,#4610));
#4654=CLOSED_SHELL('',(#4611,#4612,#4613,#4614,#4615,#4616,#4617,#4618,
#4619,#4620,#4621,#4622,#4623,#4624,#4625,#4626,#4627,#4628));
#4655=CLOSED_SHELL('',(#4629,#4630,#4631,#4632,#4633,#4634,#4635,#4636,
#4637,#4638,#4639,#4640,#4641,#4642,#4643,#4644,#4645,#4646));
#4656=AXIS2_PLACEMENT_3D('placement',#6115,#4939,#4940);
#4657=AXIS2_PLACEMENT_3D('',#6116,#4941,#4942);
#4658=AXIS2_PLACEMENT_3D('',#6125,#4947,#4948);
#4659=AXIS2_PLACEMENT_3D('',#6131,#4952,#4953);
#4660=AXIS2_PLACEMENT_3D('',#6137,#4957,#4958);
#4661=AXIS2_PLACEMENT_3D('',#6146,#4963,#4964);
#4662=AXIS2_PLACEMENT_3D('',#6152,#4968,#4969);
#4663=AXIS2_PLACEMENT_3D('',#6158,#4973,#4974);
#4664=AXIS2_PLACEMENT_3D('',#6172,#4982,#4983);
#4665=AXIS2_PLACEMENT_3D('',#6180,#4988,#4989);
#4666=AXIS2_PLACEMENT_3D('',#6190,#4995,#4996);
#4667=AXIS2_PLACEMENT_3D('',#6202,#5003,#5004);
#4668=AXIS2_PLACEMENT_3D('',#6208,#5008,#5009);
#4669=AXIS2_PLACEMENT_3D('',#6221,#5016,#5017);
#4670=AXIS2_PLACEMENT_3D('',#6227,#5021,#5022);
#4671=AXIS2_PLACEMENT_3D('',#6237,#5028,#5029);
#4672=AXIS2_PLACEMENT_3D('',#6246,#5035,#5036);
#4673=AXIS2_PLACEMENT_3D('',#6262,#5045,#5046);
#4674=AXIS2_PLACEMENT_3D('',#6332,#5083,#5084);
#4675=AXIS2_PLACEMENT_3D('',#6339,#5089,#5090);
#4676=AXIS2_PLACEMENT_3D('',#6345,#5094,#5095);
#4677=AXIS2_PLACEMENT_3D('',#6354,#5100,#5101);
#4678=AXIS2_PLACEMENT_3D('',#6358,#5104,#5105);
#4679=AXIS2_PLACEMENT_3D('',#6361,#5108,#5109);
#4680=AXIS2_PLACEMENT_3D('',#6365,#5112,#5113);
#4681=AXIS2_PLACEMENT_3D('',#6367,#5115,#5116);
#4682=AXIS2_PLACEMENT_3D('',#6377,#5122,#5123);
#4683=AXIS2_PLACEMENT_3D('',#6382,#5127,#5128);
#4684=AXIS2_PLACEMENT_3D('',#6386,#5131,#5132);
#4685=AXIS2_PLACEMENT_3D('',#6393,#5137,#5138);
#4686=AXIS2_PLACEMENT_3D('',#6407,#5146,#5147);
#4687=AXIS2_PLACEMENT_3D('',#6409,#5149,#5150);
#4688=AXIS2_PLACEMENT_3D('',#6418,#5155,#5156);
#4689=AXIS2_PLACEMENT_3D('',#6427,#5161,#5162);
#4690=AXIS2_PLACEMENT_3D('',#6433,#5166,#5167);
#4691=AXIS2_PLACEMENT_3D('',#6436,#5170,#5171);
#4692=AXIS2_PLACEMENT_3D('',#6441,#5175,#5176);
#4693=AXIS2_PLACEMENT_3D('',#6445,#5179,#5180);
#4694=AXIS2_PLACEMENT_3D('',#6447,#5182,#5183);
#4695=AXIS2_PLACEMENT_3D('',#6451,#5186,#5187);
#4696=AXIS2_PLACEMENT_3D('',#6457,#5191,#5192);
#4697=AXIS2_PLACEMENT_3D('',#6461,#5195,#5196);
#4698=AXIS2_PLACEMENT_3D('',#6465,#5199,#5200);
#4699=AXIS2_PLACEMENT_3D('',#6467,#5202,#5203);
#4700=AXIS2_PLACEMENT_3D('',#6473,#5207,#5208);
#4701=AXIS2_PLACEMENT_3D('',#6485,#5215,#5216);
#4702=AXIS2_PLACEMENT_3D('',#6487,#5218,#5219);
#4703=AXIS2_PLACEMENT_3D('',#6491,#5222,#5223);
#4704=AXIS2_PLACEMENT_3D('',#6497,#5227,#5228);
#4705=AXIS2_PLACEMENT_3D('',#6501,#5231,#5232);
#4706=AXIS2_PLACEMENT_3D('',#6505,#5235,#5236);
#4707=AXIS2_PLACEMENT_3D('',#6507,#5238,#5239);
#4708=AXIS2_PLACEMENT_3D('',#6513,#5243,#5244);
#4709=AXIS2_PLACEMENT_3D('',#6525,#5251,#5252);
#4710=AXIS2_PLACEMENT_3D('',#6527,#5254,#5255);
#4711=AXIS2_PLACEMENT_3D('',#6531,#5258,#5259);
#4712=AXIS2_PLACEMENT_3D('',#6537,#5263,#5264);
#4713=AXIS2_PLACEMENT_3D('',#6541,#5267,#5268);
#4714=AXIS2_PLACEMENT_3D('',#6545,#5271,#5272);
#4715=AXIS2_PLACEMENT_3D('',#6547,#5274,#5275);
#4716=AXIS2_PLACEMENT_3D('',#6553,#5279,#5280);
#4717=AXIS2_PLACEMENT_3D('',#6565,#5287,#5288);
#4718=AXIS2_PLACEMENT_3D('',#6567,#5290,#5291);
#4719=AXIS2_PLACEMENT_3D('',#6571,#5294,#5295);
#4720=AXIS2_PLACEMENT_3D('',#6577,#5299,#5300);
#4721=AXIS2_PLACEMENT_3D('',#6581,#5303,#5304);
#4722=AXIS2_PLACEMENT_3D('',#6585,#5307,#5308);
#4723=AXIS2_PLACEMENT_3D('',#6587,#5310,#5311);
#4724=AXIS2_PLACEMENT_3D('',#6593,#5315,#5316);
#4725=AXIS2_PLACEMENT_3D('',#6605,#5323,#5324);
#4726=AXIS2_PLACEMENT_3D('',#6607,#5326,#5327);
#4727=AXIS2_PLACEMENT_3D('',#6611,#5330,#5331);
#4728=AXIS2_PLACEMENT_3D('',#6617,#5335,#5336);
#4729=AXIS2_PLACEMENT_3D('',#6621,#5339,#5340);
#4730=AXIS2_PLACEMENT_3D('',#6625,#5343,#5344);
#4731=AXIS2_PLACEMENT_3D('',#6627,#5346,#5347);
#4732=AXIS2_PLACEMENT_3D('',#6633,#5351,#5352);
#4733=AXIS2_PLACEMENT_3D('',#6645,#5359,#5360);
#4734=AXIS2_PLACEMENT_3D('',#6647,#5362,#5363);
#4735=AXIS2_PLACEMENT_3D('',#6651,#5366,#5367);
#4736=AXIS2_PLACEMENT_3D('',#6657,#5371,#5372);
#4737=AXIS2_PLACEMENT_3D('',#6661,#5375,#5376);
#4738=AXIS2_PLACEMENT_3D('',#6665,#5379,#5380);
#4739=AXIS2_PLACEMENT_3D('',#6667,#5382,#5383);
#4740=AXIS2_PLACEMENT_3D('',#6673,#5387,#5388);
#4741=AXIS2_PLACEMENT_3D('',#6685,#5395,#5396);
#4742=AXIS2_PLACEMENT_3D('',#6687,#5398,#5399);
#4743=AXIS2_PLACEMENT_3D('',#6691,#5402,#5403);
#4744=AXIS2_PLACEMENT_3D('',#6697,#5407,#5408);
#4745=AXIS2_PLACEMENT_3D('',#6701,#5411,#5412);
#4746=AXIS2_PLACEMENT_3D('',#6705,#5415,#5416);
#4747=AXIS2_PLACEMENT_3D('',#6707,#5418,#5419);
#4748=AXIS2_PLACEMENT_3D('',#6709,#5421,#5422);
#4749=AXIS2_PLACEMENT_3D('',#6713,#5425,#5426);
#4750=AXIS2_PLACEMENT_3D('',#6720,#5431,#5432);
#4751=AXIS2_PLACEMENT_3D('',#6726,#5436,#5437);
#4752=AXIS2_PLACEMENT_3D('',#6730,#5440,#5441);
#4753=AXIS2_PLACEMENT_3D('',#6734,#5444,#5445);
#4754=AXIS2_PLACEMENT_3D('',#6736,#5447,#5448);
#4755=AXIS2_PLACEMENT_3D('',#6739,#5451,#5452);
#4756=AXIS2_PLACEMENT_3D('',#6740,#5453,#5454);
#4757=AXIS2_PLACEMENT_3D('',#6744,#5457,#5458);
#4758=AXIS2_PLACEMENT_3D('',#6748,#5461,#5462);
#4759=AXIS2_PLACEMENT_3D('',#6753,#5466,#5467);
#4760=AXIS2_PLACEMENT_3D('',#6755,#5469,#5470);
#4761=AXIS2_PLACEMENT_3D('',#6756,#5471,#5472);
#4762=AXIS2_PLACEMENT_3D('',#6757,#5473,#5474);
#4763=AXIS2_PLACEMENT_3D('',#6758,#5475,#5476);
#4764=AXIS2_PLACEMENT_3D('',#6767,#5481,#5482);
#4765=AXIS2_PLACEMENT_3D('',#6773,#5486,#5487);
#4766=AXIS2_PLACEMENT_3D('',#6779,#5491,#5492);
#4767=AXIS2_PLACEMENT_3D('',#6782,#5495,#5496);
#4768=AXIS2_PLACEMENT_3D('',#6786,#5498,#5499);
#4769=AXIS2_PLACEMENT_3D('',#6794,#5503,#5504);
#4770=AXIS2_PLACEMENT_3D('',#6796,#5506,#5507);
#4771=AXIS2_PLACEMENT_3D('',#6800,#5510,#5511);
#4772=AXIS2_PLACEMENT_3D('',#6801,#5512,#5513);
#4773=AXIS2_PLACEMENT_3D('',#6810,#5518,#5519);
#4774=AXIS2_PLACEMENT_3D('',#6815,#5523,#5524);
#4775=AXIS2_PLACEMENT_3D('',#6820,#5528,#5529);
#4776=AXIS2_PLACEMENT_3D('',#6822,#5531,#5532);
#4777=AXIS2_PLACEMENT_3D('',#6826,#5535,#5536);
#4778=AXIS2_PLACEMENT_3D('',#6829,#5538,#5539);
#4779=AXIS2_PLACEMENT_3D('',#6832,#5541,#5542);
#4780=AXIS2_PLACEMENT_3D('',#6833,#5543,#5544);
#4781=AXIS2_PLACEMENT_3D('',#6834,#5545,#5546);
#4782=AXIS2_PLACEMENT_3D('',#6836,#5548,#5549);
#4783=AXIS2_PLACEMENT_3D('',#6837,#5550,#5551);
#4784=AXIS2_PLACEMENT_3D('',#6839,#5553,#5554);
#4785=AXIS2_PLACEMENT_3D('',#6840,#5555,#5556);
#4786=AXIS2_PLACEMENT_3D('',#6849,#5561,#5562);
#4787=AXIS2_PLACEMENT_3D('',#6855,#5566,#5567);
#4788=AXIS2_PLACEMENT_3D('',#6861,#5571,#5572);
#4789=AXIS2_PLACEMENT_3D('',#6864,#5575,#5576);
#4790=AXIS2_PLACEMENT_3D('',#6868,#5578,#5579);
#4791=AXIS2_PLACEMENT_3D('',#6876,#5583,#5584);
#4792=AXIS2_PLACEMENT_3D('',#6878,#5586,#5587);
#4793=AXIS2_PLACEMENT_3D('',#6882,#5590,#5591);
#4794=AXIS2_PLACEMENT_3D('',#6883,#5592,#5593);
#4795=AXIS2_PLACEMENT_3D('',#6892,#5598,#5599);
#4796=AXIS2_PLACEMENT_3D('',#6897,#5603,#5604);
#4797=AXIS2_PLACEMENT_3D('',#6902,#5608,#5609);
#4798=AXIS2_PLACEMENT_3D('',#6904,#5611,#5612);
#4799=AXIS2_PLACEMENT_3D('',#6908,#5615,#5616);
#4800=AXIS2_PLACEMENT_3D('',#6911,#5618,#5619);
#4801=AXIS2_PLACEMENT_3D('',#6914,#5621,#5622);
#4802=AXIS2_PLACEMENT_3D('',#6915,#5623,#5624);
#4803=AXIS2_PLACEMENT_3D('',#6916,#5625,#5626);
#4804=AXIS2_PLACEMENT_3D('',#6918,#5628,#5629);
#4805=AXIS2_PLACEMENT_3D('',#6919,#5630,#5631);
#4806=AXIS2_PLACEMENT_3D('',#6921,#5633,#5634);
#4807=AXIS2_PLACEMENT_3D('',#6922,#5635,#5636);
#4808=AXIS2_PLACEMENT_3D('',#6931,#5641,#5642);
#4809=AXIS2_PLACEMENT_3D('',#6937,#5646,#5647);
#4810=AXIS2_PLACEMENT_3D('',#6943,#5651,#5652);
#4811=AXIS2_PLACEMENT_3D('',#6946,#5655,#5656);
#4812=AXIS2_PLACEMENT_3D('',#6950,#5658,#5659);
#4813=AXIS2_PLACEMENT_3D('',#6958,#5663,#5664);
#4814=AXIS2_PLACEMENT_3D('',#6960,#5666,#5667);
#4815=AXIS2_PLACEMENT_3D('',#6964,#5670,#5671);
#4816=AXIS2_PLACEMENT_3D('',#6965,#5672,#5673);
#4817=AXIS2_PLACEMENT_3D('',#6974,#5678,#5679);
#4818=AXIS2_PLACEMENT_3D('',#6979,#5683,#5684);
#4819=AXIS2_PLACEMENT_3D('',#6984,#5688,#5689);
#4820=AXIS2_PLACEMENT_3D('',#6986,#5691,#5692);
#4821=AXIS2_PLACEMENT_3D('',#6990,#5695,#5696);
#4822=AXIS2_PLACEMENT_3D('',#6993,#5698,#5699);
#4823=AXIS2_PLACEMENT_3D('',#6996,#5701,#5702);
#4824=AXIS2_PLACEMENT_3D('',#6997,#5703,#5704);
#4825=AXIS2_PLACEMENT_3D('',#6998,#5705,#5706);
#4826=AXIS2_PLACEMENT_3D('',#7000,#5708,#5709);
#4827=AXIS2_PLACEMENT_3D('',#7001,#5710,#5711);
#4828=AXIS2_PLACEMENT_3D('',#7003,#5713,#5714);
#4829=AXIS2_PLACEMENT_3D('',#7004,#5715,#5716);
#4830=AXIS2_PLACEMENT_3D('',#7013,#5721,#5722);
#4831=AXIS2_PLACEMENT_3D('',#7019,#5726,#5727);
#4832=AXIS2_PLACEMENT_3D('',#7025,#5731,#5732);
#4833=AXIS2_PLACEMENT_3D('',#7028,#5735,#5736);
#4834=AXIS2_PLACEMENT_3D('',#7032,#5738,#5739);
#4835=AXIS2_PLACEMENT_3D('',#7040,#5743,#5744);
#4836=AXIS2_PLACEMENT_3D('',#7042,#5746,#5747);
#4837=AXIS2_PLACEMENT_3D('',#7046,#5750,#5751);
#4838=AXIS2_PLACEMENT_3D('',#7047,#5752,#5753);
#4839=AXIS2_PLACEMENT_3D('',#7056,#5758,#5759);
#4840=AXIS2_PLACEMENT_3D('',#7061,#5763,#5764);
#4841=AXIS2_PLACEMENT_3D('',#7066,#5768,#5769);
#4842=AXIS2_PLACEMENT_3D('',#7068,#5771,#5772);
#4843=AXIS2_PLACEMENT_3D('',#7072,#5775,#5776);
#4844=AXIS2_PLACEMENT_3D('',#7075,#5778,#5779);
#4845=AXIS2_PLACEMENT_3D('',#7078,#5781,#5782);
#4846=AXIS2_PLACEMENT_3D('',#7079,#5783,#5784);
#4847=AXIS2_PLACEMENT_3D('',#7080,#5785,#5786);
#4848=AXIS2_PLACEMENT_3D('',#7082,#5788,#5789);
#4849=AXIS2_PLACEMENT_3D('',#7083,#5790,#5791);
#4850=AXIS2_PLACEMENT_3D('',#7085,#5793,#5794);
#4851=AXIS2_PLACEMENT_3D('',#7086,#5795,#5796);
#4852=AXIS2_PLACEMENT_3D('',#7095,#5801,#5802);
#4853=AXIS2_PLACEMENT_3D('',#7101,#5806,#5807);
#4854=AXIS2_PLACEMENT_3D('',#7107,#5811,#5812);
#4855=AXIS2_PLACEMENT_3D('',#7110,#5815,#5816);
#4856=AXIS2_PLACEMENT_3D('',#7114,#5818,#5819);
#4857=AXIS2_PLACEMENT_3D('',#7122,#5823,#5824);
#4858=AXIS2_PLACEMENT_3D('',#7124,#5826,#5827);
#4859=AXIS2_PLACEMENT_3D('',#7128,#5830,#5831);
#4860=AXIS2_PLACEMENT_3D('',#7129,#5832,#5833);
#4861=AXIS2_PLACEMENT_3D('',#7138,#5838,#5839);
#4862=AXIS2_PLACEMENT_3D('',#7143,#5843,#5844);
#4863=AXIS2_PLACEMENT_3D('',#7148,#5848,#5849);
#4864=AXIS2_PLACEMENT_3D('',#7150,#5851,#5852);
#4865=AXIS2_PLACEMENT_3D('',#7154,#5855,#5856);
#4866=AXIS2_PLACEMENT_3D('',#7157,#5858,#5859);
#4867=AXIS2_PLACEMENT_3D('',#7160,#5861,#5862);
#4868=AXIS2_PLACEMENT_3D('',#7161,#5863,#5864);
#4869=AXIS2_PLACEMENT_3D('',#7162,#5865,#5866);
#4870=AXIS2_PLACEMENT_3D('',#7164,#5868,#5869);
#4871=AXIS2_PLACEMENT_3D('',#7165,#5870,#5871);
#4872=AXIS2_PLACEMENT_3D('',#7167,#5873,#5874);
#4873=AXIS2_PLACEMENT_3D('',#7168,#5875,#5876);
#4874=AXIS2_PLACEMENT_3D('',#7177,#5881,#5882);
#4875=AXIS2_PLACEMENT_3D('',#7183,#5886,#5887);
#4876=AXIS2_PLACEMENT_3D('',#7189,#5891,#5892);
#4877=AXIS2_PLACEMENT_3D('',#7192,#5895,#5896);
#4878=AXIS2_PLACEMENT_3D('',#7196,#5898,#5899);
#4879=AXIS2_PLACEMENT_3D('',#7204,#5903,#5904);
#4880=AXIS2_PLACEMENT_3D('',#7206,#5906,#5907);
#4881=AXIS2_PLACEMENT_3D('',#7210,#5910,#5911);
#4882=AXIS2_PLACEMENT_3D('',#7211,#5912,#5913);
#4883=AXIS2_PLACEMENT_3D('',#7220,#5918,#5919);
#4884=AXIS2_PLACEMENT_3D('',#7225,#5923,#5924);
#4885=AXIS2_PLACEMENT_3D('',#7230,#5928,#5929);
#4886=AXIS2_PLACEMENT_3D('',#7232,#5931,#5932);
#4887=AXIS2_PLACEMENT_3D('',#7236,#5935,#5936);
#4888=AXIS2_PLACEMENT_3D('',#7239,#5938,#5939);
#4889=AXIS2_PLACEMENT_3D('',#7242,#5941,#5942);
#4890=AXIS2_PLACEMENT_3D('',#7243,#5943,#5944);
#4891=AXIS2_PLACEMENT_3D('',#7244,#5945,#5946);
#4892=AXIS2_PLACEMENT_3D('',#7246,#5948,#5949);
#4893=AXIS2_PLACEMENT_3D('',#7247,#5950,#5951);
#4894=AXIS2_PLACEMENT_3D('',#7249,#5953,#5954);
#4895=AXIS2_PLACEMENT_3D('',#7250,#5955,#5956);
#4896=AXIS2_PLACEMENT_3D('',#7259,#5961,#5962);
#4897=AXIS2_PLACEMENT_3D('',#7265,#5966,#5967);
#4898=AXIS2_PLACEMENT_3D('',#7271,#5971,#5972);
#4899=AXIS2_PLACEMENT_3D('',#7274,#5975,#5976);
#4900=AXIS2_PLACEMENT_3D('',#7278,#5978,#5979);
#4901=AXIS2_PLACEMENT_3D('',#7286,#5983,#5984);
#4902=AXIS2_PLACEMENT_3D('',#7288,#5986,#5987);
#4903=AXIS2_PLACEMENT_3D('',#7292,#5990,#5991);
#4904=AXIS2_PLACEMENT_3D('',#7293,#5992,#5993);
#4905=AXIS2_PLACEMENT_3D('',#7302,#5998,#5999);
#4906=AXIS2_PLACEMENT_3D('',#7307,#6003,#6004);
#4907=AXIS2_PLACEMENT_3D('',#7312,#6008,#6009);
#4908=AXIS2_PLACEMENT_3D('',#7314,#6011,#6012);
#4909=AXIS2_PLACEMENT_3D('',#7318,#6015,#6016);
#4910=AXIS2_PLACEMENT_3D('',#7321,#6018,#6019);
#4911=AXIS2_PLACEMENT_3D('',#7324,#6021,#6022);
#4912=AXIS2_PLACEMENT_3D('',#7325,#6023,#6024);
#4913=AXIS2_PLACEMENT_3D('',#7326,#6025,#6026);
#4914=AXIS2_PLACEMENT_3D('',#7328,#6028,#6029);
#4915=AXIS2_PLACEMENT_3D('',#7329,#6030,#6031);
#4916=AXIS2_PLACEMENT_3D('',#7331,#6033,#6034);
#4917=AXIS2_PLACEMENT_3D('',#7332,#6035,#6036);
#4918=AXIS2_PLACEMENT_3D('',#7341,#6041,#6042);
#4919=AXIS2_PLACEMENT_3D('',#7347,#6046,#6047);
#4920=AXIS2_PLACEMENT_3D('',#7353,#6051,#6052);
#4921=AXIS2_PLACEMENT_3D('',#7356,#6055,#6056);
#4922=AXIS2_PLACEMENT_3D('',#7360,#6058,#6059);
#4923=AXIS2_PLACEMENT_3D('',#7368,#6063,#6064);
#4924=AXIS2_PLACEMENT_3D('',#7370,#6066,#6067);
#4925=AXIS2_PLACEMENT_3D('',#7374,#6070,#6071);
#4926=AXIS2_PLACEMENT_3D('',#7375,#6072,#6073);
#4927=AXIS2_PLACEMENT_3D('',#7384,#6078,#6079);
#4928=AXIS2_PLACEMENT_3D('',#7389,#6083,#6084);
#4929=AXIS2_PLACEMENT_3D('',#7394,#6088,#6089);
#4930=AXIS2_PLACEMENT_3D('',#7396,#6091,#6092);
#4931=AXIS2_PLACEMENT_3D('',#7400,#6095,#6096);
#4932=AXIS2_PLACEMENT_3D('',#7403,#6098,#6099);
#4933=AXIS2_PLACEMENT_3D('',#7406,#6101,#6102);
#4934=AXIS2_PLACEMENT_3D('',#7407,#6103,#6104);
#4935=AXIS2_PLACEMENT_3D('',#7408,#6105,#6106);
#4936=AXIS2_PLACEMENT_3D('',#7410,#6108,#6109);
#4937=AXIS2_PLACEMENT_3D('',#7411,#6110,#6111);
#4938=AXIS2_PLACEMENT_3D('',#7413,#6113,#6114);
#4939=DIRECTION('axis',(0.,0.,1.));
#4940=DIRECTION('refdir',(1.,0.,0.));
#4941=DIRECTION('center_axis',(0.,-1.,1.38777878078145E-16));
#4942=DIRECTION('ref_axis',(0.,1.38777878078145E-16,1.));
#4943=DIRECTION('',(0.,-1.38777878078145E-16,-1.));
#4944=DIRECTION('',(-1.,0.,0.));
#4945=DIRECTION('',(0.,1.38777878078145E-16,1.));
#4946=DIRECTION('',(-1.,0.,0.));
#4947=DIRECTION('center_axis',(0.,0.,-1.));
#4948=DIRECTION('ref_axis',(0.,-1.,0.));
#4949=DIRECTION('',(0.,1.,0.));
#4950=DIRECTION('',(0.,-1.,0.));
#4951=DIRECTION('',(-1.,0.,0.));
#4952=DIRECTION('center_axis',(0.,1.,0.));
#4953=DIRECTION('ref_axis',(0.,0.,-1.));
#4954=DIRECTION('',(0.,0.,1.));
#4955=DIRECTION('',(0.,0.,-1.));
#4956=DIRECTION('',(1.,0.,0.));
#4957=DIRECTION('center_axis',(0.,1.,0.));
#4958=DIRECTION('ref_axis',(0.,0.,-1.));
#4959=DIRECTION('',(0.,0.,-1.));
#4960=DIRECTION('',(1.,0.,0.));
#4961=DIRECTION('',(0.,0.,1.));
#4962=DIRECTION('',(-1.,0.,0.));
#4963=DIRECTION('center_axis',(0.,0.,-1.));
#4964=DIRECTION('ref_axis',(0.,-1.,0.));
#4965=DIRECTION('',(0.,-1.,0.));
#4966=DIRECTION('',(0.,1.,0.));
#4967=DIRECTION('',(-1.,0.,0.));
#4968=DIRECTION('center_axis',(0.,-1.,1.38777878078145E-16));
#4969=DIRECTION('ref_axis',(0.,1.38777878078145E-16,1.));
#4970=DIRECTION('',(0.,1.38777878078145E-16,1.));
#4971=DIRECTION('',(0.,-1.38777878078145E-16,-1.));
#4972=DIRECTION('',(-1.,0.,0.));
#4973=DIRECTION('center_axis',(-1.,0.,0.));
#4974=DIRECTION('ref_axis',(0.,0.,1.));
#4975=DIRECTION('',(0.,1.,-9.62964972193618E-33));
#4976=DIRECTION('',(0.,2.77555756156289E-16,-1.));
#4977=DIRECTION('',(0.,-1.,-3.70074341541719E-15));
#4978=DIRECTION('',(0.,-0.447213595499963,-0.894427190999913));
#4979=DIRECTION('',(0.,-1.,-5.32907051820075E-15));
#4980=DIRECTION('',(0.,1.83697019872103E-16,1.));
#4981=DIRECTION('',(0.,1.,-9.62964972193618E-33));
#4982=DIRECTION('center_axis',(0.,9.62964972193618E-33,1.));
#4983=DIRECTION('ref_axis',(0.,-1.,9.62964972193618E-33));
#4984=DIRECTION('',(0.,1.,-9.62964972193618E-33));
#4985=DIRECTION('',(1.,0.,0.));
#4986=DIRECTION('',(-5.34552942018439E-48,1.,-9.62964972193618E-33));
#4987=DIRECTION('',(1.,0.,0.));
#4988=DIRECTION('center_axis',(0.,9.62964972193618E-33,1.));
#4989=DIRECTION('ref_axis',(0.,-1.,9.62964972193618E-33));
#4990=DIRECTION('',(0.,-1.,9.62964972193618E-33));
#4991=DIRECTION('',(1.,0.,0.));
#4992=DIRECTION('',(-5.34552942018439E-48,-1.,9.62964972193618E-33));
#4993=DIRECTION('',(1.,0.,0.));
#4994=DIRECTION('',(0.,-1.,9.62964972193618E-33));
#4995=DIRECTION('center_axis',(1.,0.,0.));
#4996=DIRECTION('ref_axis',(0.,0.,-1.));
#4997=DIRECTION('',(0.,2.77555756156289E-16,-1.));
#4998=DIRECTION('',(0.,-1.,0.));
#4999=DIRECTION('',(0.,0.,-1.));
#5000=DIRECTION('',(0.,-1.,-3.70074341541719E-15));
#5001=DIRECTION('',(0.,0.,1.));
#5002=DIRECTION('',(0.,-1.,9.62964972193618E-33));
#5003=DIRECTION('center_axis',(1.,0.,-5.55111512312578E-16));
#5004=DIRECTION('ref_axis',(5.55111512312578E-16,-1.58603289232165E-16,
1.));
#5005=DIRECTION('',(5.55111512312578E-16,-2.77555756156289E-16,1.));
#5006=DIRECTION('',(0.,-1.,0.));
#5007=DIRECTION('',(-5.55111512312578E-16,2.77555756156289E-16,-1.));
#5008=DIRECTION('center_axis',(0.,0.,-1.));
#5009=DIRECTION('ref_axis',(1.,0.,0.));
#5010=DIRECTION('',(0.,1.,0.));
#5011=DIRECTION('',(1.,0.,0.));
#5012=DIRECTION('',(0.,-1.,0.));
#5013=DIRECTION('',(-1.,0.,0.));
#5014=DIRECTION('',(0.,-1.,0.));
#5015=DIRECTION('',(1.,0.,0.));
#5016=DIRECTION('center_axis',(1.,0.,0.));
#5017=DIRECTION('ref_axis',(0.,-1.58603289232165E-16,1.));
#5018=DIRECTION('',(0.,2.77555756156289E-16,-1.));
#5019=DIRECTION('',(0.,-1.58603289232165E-16,1.));
#5020=DIRECTION('',(0.,-1.,-3.70074341541719E-15));
#5021=DIRECTION('center_axis',(-1.,0.,0.));
#5022=DIRECTION('ref_axis',(0.,1.58603289232165E-16,-1.));
#5023=DIRECTION('',(0.,-1.,-3.70074341541719E-15));
#5024=DIRECTION('',(0.,2.77555756156289E-16,-1.));
#5025=DIRECTION('',(0.,-2.77555756156289E-16,1.));
#5026=DIRECTION('',(0.,1.,2.10269512239613E-16));
#5027=DIRECTION('',(0.,1.58603289232165E-16,-1.));
#5028=DIRECTION('center_axis',(0.,1.,0.));
#5029=DIRECTION('ref_axis',(0.,0.,-1.));
#5030=DIRECTION('',(0.,0.,1.));
#5031=DIRECTION('',(-1.,0.,0.));
#5032=DIRECTION('',(1.,0.,0.));
#5033=DIRECTION('',(-3.46452040250706E-8,0.,0.999999999999999));
#5034=DIRECTION('',(1.,0.,0.));
#5035=DIRECTION('center_axis',(0.,-2.10269512239613E-16,1.));
#5036=DIRECTION('ref_axis',(-1.,0.,0.));
#5037=DIRECTION('',(-1.,0.,0.));
#5038=DIRECTION('',(0.,-1.,-2.10269512239613E-16));
#5039=DIRECTION('',(1.,0.,0.));
#5040=DIRECTION('',(0.,-1.,-2.10269512239613E-16));
#5041=DIRECTION('',(-1.,0.,0.));
#5042=DIRECTION('',(0.,-1.,-2.10269512239613E-16));
#5043=DIRECTION('',(1.,0.,0.));
#5044=DIRECTION('',(0.,1.,2.10269512239613E-16));
#5045=DIRECTION('center_axis',(0.,1.,2.77555756156289E-16));
#5046=DIRECTION('ref_axis',(0.,-2.77555756156289E-16,1.));
#5047=DIRECTION('',(1.,0.,0.));
#5048=DIRECTION('',(-5.55111512312578E-16,-2.77555756156289E-16,1.));
#5049=DIRECTION('',(0.,-2.77555756156289E-16,1.));
#5050=DIRECTION('',(1.,0.,0.));
#5051=DIRECTION('',(0.,-2.77555756156289E-16,1.));
#5052=DIRECTION('',(-1.,0.,0.));
#5053=DIRECTION('',(0.,2.77555756156289E-16,-1.));
#5054=DIRECTION('',(-1.,0.,0.));
#5055=DIRECTION('',(3.46452040250706E-8,2.77555756156289E-16,-0.999999999999999));
#5056=DIRECTION('',(1.,0.,0.));
#5057=DIRECTION('',(-2.12341533661904E-8,-2.77555756156289E-16,1.));
#5058=DIRECTION('',(-1.,0.,0.));
#5059=DIRECTION('',(3.46452040250706E-8,2.77555756156289E-16,-0.999999999999999));
#5060=DIRECTION('',(1.,0.,0.));
#5061=DIRECTION('',(-2.12341533661904E-8,-2.77555756156289E-16,1.));
#5062=DIRECTION('',(-1.,0.,0.));
#5063=DIRECTION('',(3.46452040250706E-8,2.77555756156289E-16,-0.999999999999999));
#5064=DIRECTION('',(1.,0.,0.));
#5065=DIRECTION('',(-2.12341533661904E-8,-2.77555756156289E-16,1.));
#5066=DIRECTION('',(-1.,0.,0.));
#5067=DIRECTION('',(3.46452040250706E-8,2.77555756156289E-16,-0.999999999999999));
#5068=DIRECTION('',(1.,0.,0.));
#5069=DIRECTION('',(-2.12341533661904E-8,-2.77555756156289E-16,1.));
#5070=DIRECTION('',(-1.,0.,0.));
#5071=DIRECTION('',(3.46452040250706E-8,2.77555756156289E-16,-0.999999999999999));
#5072=DIRECTION('',(1.,0.,0.));
#5073=DIRECTION('',(-2.12341533661904E-8,-2.77555756156289E-16,1.));
#5074=DIRECTION('',(-1.,0.,0.));
#5075=DIRECTION('',(3.46452040250706E-8,2.77555756156289E-16,-0.999999999999999));
#5076=DIRECTION('',(1.,0.,0.));
#5077=DIRECTION('',(-2.12341533661904E-8,-2.77555756156289E-16,1.));
#5078=DIRECTION('',(-1.,0.,0.));
#5079=DIRECTION('',(3.46452040250706E-8,2.77555756156289E-16,-0.999999999999999));
#5080=DIRECTION('',(1.,0.,0.));
#5081=DIRECTION('',(-2.12341533661904E-8,-2.77555756156289E-16,1.));
#5082=DIRECTION('',(1.,0.,0.));
#5083=DIRECTION('center_axis',(-1.,0.,0.));
#5084=DIRECTION('ref_axis',(0.,0.,1.));
#5085=DIRECTION('',(0.,1.,-9.62964972193618E-33));
#5086=DIRECTION('',(0.,0.,-1.));
#5087=DIRECTION('',(0.,-1.,-3.70074341541719E-15));
#5088=DIRECTION('',(0.,2.77555756156289E-16,-1.));
#5089=DIRECTION('center_axis',(0.,-0.894427190999913,0.447213595499963));
#5090=DIRECTION('ref_axis',(0.,-0.447213595499963,-0.894427190999913));
#5091=DIRECTION('',(-1.,0.,0.));
#5092=DIRECTION('',(0.,-0.447213595499963,-0.894427190999913));
#5093=DIRECTION('',(1.,0.,0.));
#5094=DIRECTION('center_axis',(0.,2.31296463463574E-16,-1.));
#5095=DIRECTION('ref_axis',(0.,1.,2.31296463463574E-16));
#5096=DIRECTION('',(0.,-1.,-3.70074341541719E-15));
#5097=DIRECTION('',(1.,0.,0.));
#5098=DIRECTION('',(0.,1.,2.31296463463574E-16));
#5099=DIRECTION('',(-1.,0.,0.));
#5100=DIRECTION('center_axis',(0.,-5.32907051820075E-15,1.));
#5101=DIRECTION('ref_axis',(0.,-1.,-5.32907051820075E-15));
#5102=DIRECTION('',(0.,-1.,-5.32907051820075E-15));
#5103=DIRECTION('',(1.,0.,0.));
#5104=DIRECTION('center_axis',(-1.,0.,0.));
#5105=DIRECTION('ref_axis',(0.,0.,1.));
#5106=DIRECTION('',(0.,1.,3.70074341541719E-15));
#5107=DIRECTION('',(0.,1.83697019872103E-16,1.));
#5108=DIRECTION('center_axis',(0.,0.,-1.));
#5109=DIRECTION('ref_axis',(1.,0.,0.));
#5110=DIRECTION('',(-1.,0.,0.));
#5111=DIRECTION('',(0.,-1.,0.));
#5112=DIRECTION('center_axis',(1.,0.,5.55111512312578E-16));
#5113=DIRECTION('ref_axis',(-5.55111512312578E-16,-1.58603289232165E-16,
1.));
#5114=DIRECTION('',(5.55111512312578E-16,2.77555756156289E-16,-1.));
#5115=DIRECTION('center_axis',(-1.,0.,0.));
#5116=DIRECTION('ref_axis',(0.,1.58603289232165E-16,-1.));
#5117=DIRECTION('',(0.,1.,3.70074341541719E-15));
#5118=DIRECTION('',(0.,1.58603289232165E-16,-1.));
#5119=DIRECTION('',(0.,-1.,-2.10269512239613E-16));
#5120=DIRECTION('',(0.,-1.,0.));
#5121=DIRECTION('',(0.,-2.77555756156289E-16,1.));
#5122=DIRECTION('center_axis',(0.,0.,1.));
#5123=DIRECTION('ref_axis',(-1.,0.,0.));
#5124=DIRECTION('',(1.,0.,0.));
#5125=DIRECTION('',(0.,-1.,0.));
#5126=DIRECTION('',(-1.,0.,0.));
#5127=DIRECTION('center_axis',(1.,0.,0.));
#5128=DIRECTION('ref_axis',(0.,-1.58603289232165E-16,1.));
#5129=DIRECTION('',(0.,1.,3.70074341541719E-15));
#5130=DIRECTION('',(0.,-1.58603289232165E-16,1.));
#5131=DIRECTION('center_axis',(0.,-1.,0.));
#5132=DIRECTION('ref_axis',(0.,0.,-1.));
#5133=DIRECTION('',(-1.,0.,0.));
#5134=DIRECTION('',(1.,0.,0.));
#5135=DIRECTION('',(2.12341533661904E-8,0.,-1.));
#5136=DIRECTION('',(1.,0.,0.));
#5137=DIRECTION('center_axis',(0.,-2.10269512239613E-16,1.));
#5138=DIRECTION('ref_axis',(-1.,0.,0.));
#5139=DIRECTION('',(0.,-1.,-2.10269512239613E-16));
#5140=DIRECTION('',(1.,0.,0.));
#5141=DIRECTION('',(0.,-1.,-2.10269512239613E-16));
#5142=DIRECTION('',(-1.,0.,0.));
#5143=DIRECTION('',(0.,-1.,-2.10269512239613E-16));
#5144=DIRECTION('',(1.,0.,0.));
#5145=DIRECTION('',(0.,1.,2.10269512239613E-16));
#5146=DIRECTION('center_axis',(0.,1.,2.77555756156289E-16));
#5147=DIRECTION('ref_axis',(0.,-2.77555756156289E-16,1.));
#5148=DIRECTION('',(-1.,0.,0.));
#5149=DIRECTION('center_axis',(0.,-2.31296463463574E-16,1.));
#5150=DIRECTION('ref_axis',(0.,1.,2.31296463463574E-16));
#5151=DIRECTION('',(0.,1.,3.70074341541719E-15));
#5152=DIRECTION('',(-1.,0.,0.));
#5153=DIRECTION('',(0.,1.,2.31296463463574E-16));
#5154=DIRECTION('',(-1.,0.,0.));
#5155=DIRECTION('center_axis',(0.,0.894427190999913,-0.447213595499963));
#5156=DIRECTION('ref_axis',(0.,-0.447213595499963,-0.894427190999913));
#5157=DIRECTION('',(0.,-0.447213595499963,-0.894427190999913));
#5158=DIRECTION('',(-1.,0.,0.));
#5159=DIRECTION('',(0.,-0.447213595499963,-0.894427190999913));
#5160=DIRECTION('',(-1.,0.,0.));
#5161=DIRECTION('center_axis',(0.,5.32907051820075E-15,-1.));
#5162=DIRECTION('ref_axis',(0.,-1.,-5.32907051820075E-15));
#5163=DIRECTION('',(0.,-1.,-5.32907051820075E-15));
#5164=DIRECTION('',(-1.,0.,0.));
#5165=DIRECTION('',(0.,-1.,-5.32907051820075E-15));
#5166=DIRECTION('center_axis',(-1.,0.,0.));
#5167=DIRECTION('ref_axis',(0.,0.,1.));
#5168=DIRECTION('',(0.,1.83697019872103E-16,1.));
#5169=DIRECTION('',(0.,-1.,-3.70074341541719E-15));
#5170=DIRECTION('center_axis',(0.,3.70074341541719E-15,-1.));
#5171=DIRECTION('ref_axis',(0.,1.,3.70074341541719E-15));
#5172=DIRECTION('',(0.,1.,3.70074341541719E-15));
#5173=DIRECTION('',(-1.,0.,0.));
#5174=DIRECTION('',(-7.4117258180758E-23,1.,3.70074341541719E-15));
#5175=DIRECTION('center_axis',(-0.999999999999999,7.28483015179346E-24,
-3.46452040250706E-8));
#5176=DIRECTION('ref_axis',(3.46452040250706E-8,1.58603289232165E-16,-0.999999999999999));
#5177=DIRECTION('',(-3.46452040250706E-8,0.,0.999999999999999));
#5178=DIRECTION('',(1.20928180519771E-22,-1.,-3.70074341541719E-15));
#5179=DIRECTION('center_axis',(1.,-4.46489507113E-24,2.12341533661904E-8));
#5180=DIRECTION('ref_axis',(-2.12341533661904E-8,-1.58603289232165E-16,
1.));
#5181=DIRECTION('',(2.12341533661904E-8,0.,-1.));
#5182=DIRECTION('center_axis',(0.,3.70074341541719E-15,-1.));
#5183=DIRECTION('ref_axis',(0.,1.,3.70074341541719E-15));
#5184=DIRECTION('',(-1.,0.,0.));
#5185=DIRECTION('',(-7.4117258180758E-23,1.,3.70074341541719E-15));
#5186=DIRECTION('center_axis',(0.,1.,1.11022302462516E-15));
#5187=DIRECTION('ref_axis',(1.,0.,0.));
#5188=DIRECTION('',(0.,1.11022302462516E-15,-1.));
#5189=DIRECTION('',(1.,0.,0.));
#5190=DIRECTION('',(0.,1.11022302462516E-15,-1.));
#5191=DIRECTION('center_axis',(1.,0.,0.));
#5192=DIRECTION('ref_axis',(0.,-1.,-1.11022302462516E-15));
#5193=DIRECTION('',(0.,1.11022302462516E-15,-1.));
#5194=DIRECTION('',(0.,-1.,-3.70074341541719E-15));
#5195=DIRECTION('center_axis',(0.,-1.,-1.11022302462516E-15));
#5196=DIRECTION('ref_axis',(-1.,0.,0.));
#5197=DIRECTION('',(0.,1.11022302462516E-15,-1.));
#5198=DIRECTION('',(-1.,0.,0.));
#5199=DIRECTION('center_axis',(-1.,0.,0.));
#5200=DIRECTION('ref_axis',(0.,1.,1.11022302462516E-15));
#5201=DIRECTION('',(0.,1.,3.70074341541719E-15));
#5202=DIRECTION('center_axis',(-0.999999999999999,7.28483015179346E-24,
-3.46452040250706E-8));
#5203=DIRECTION('ref_axis',(3.46452040250706E-8,1.58603289232165E-16,-0.999999999999999));
#5204=DIRECTION('',(-3.46452040250706E-8,0.,0.999999999999999));
#5205=DIRECTION('',(1.20928180519771E-22,-1.,-3.70074341541719E-15));
#5206=DIRECTION('',(0.,-1.,-2.10269512239613E-16));
#5207=DIRECTION('center_axis',(0.,-2.10269512239613E-16,1.));
#5208=DIRECTION('ref_axis',(-1.,0.,0.));
#5209=DIRECTION('',(1.,0.,0.));
#5210=DIRECTION('',(0.,-1.,-2.10269512239613E-16));
#5211=DIRECTION('',(-1.,0.,0.));
#5212=DIRECTION('',(0.,-1.,-2.10269512239613E-16));
#5213=DIRECTION('',(1.,0.,0.));
#5214=DIRECTION('',(0.,1.,2.10269512239613E-16));
#5215=DIRECTION('center_axis',(1.,-4.46489507113E-24,2.12341533661904E-8));
#5216=DIRECTION('ref_axis',(-2.12341533661904E-8,-1.58603289232165E-16,
1.));
#5217=DIRECTION('',(2.12341533661904E-8,0.,-1.));
#5218=DIRECTION('center_axis',(0.,3.70074341541719E-15,-1.));
#5219=DIRECTION('ref_axis',(0.,1.,3.70074341541719E-15));
#5220=DIRECTION('',(-1.,0.,0.));
#5221=DIRECTION('',(-7.4117258180758E-23,1.,3.70074341541719E-15));
#5222=DIRECTION('center_axis',(0.,1.,1.11022302462516E-15));
#5223=DIRECTION('ref_axis',(1.,0.,0.));
#5224=DIRECTION('',(0.,1.11022302462516E-15,-1.));
#5225=DIRECTION('',(1.,0.,0.));
#5226=DIRECTION('',(0.,1.11022302462516E-15,-1.));
#5227=DIRECTION('center_axis',(1.,0.,0.));
#5228=DIRECTION('ref_axis',(0.,-1.,-1.11022302462516E-15));
#5229=DIRECTION('',(0.,1.11022302462516E-15,-1.));
#5230=DIRECTION('',(0.,-1.,-3.70074341541719E-15));
#5231=DIRECTION('center_axis',(0.,-1.,-1.11022302462516E-15));
#5232=DIRECTION('ref_axis',(-1.,0.,0.));
#5233=DIRECTION('',(0.,1.11022302462516E-15,-1.));
#5234=DIRECTION('',(-1.,0.,0.));
#5235=DIRECTION('center_axis',(-1.,0.,0.));
#5236=DIRECTION('ref_axis',(0.,1.,1.11022302462516E-15));
#5237=DIRECTION('',(0.,1.,3.70074341541719E-15));
#5238=DIRECTION('center_axis',(-0.999999999999999,7.28483015179346E-24,
-3.46452040250706E-8));
#5239=DIRECTION('ref_axis',(3.46452040250706E-8,1.58603289232165E-16,-0.999999999999999));
#5240=DIRECTION('',(-3.46452040250706E-8,0.,0.999999999999999));
#5241=DIRECTION('',(1.20928180519771E-22,-1.,-3.70074341541719E-15));
#5242=DIRECTION('',(0.,-1.,-2.10269512239613E-16));
#5243=DIRECTION('center_axis',(0.,-2.10269512239613E-16,1.));
#5244=DIRECTION('ref_axis',(-1.,0.,0.));
#5245=DIRECTION('',(1.,0.,0.));
#5246=DIRECTION('',(0.,-1.,-2.10269512239613E-16));
#5247=DIRECTION('',(-1.,0.,0.));
#5248=DIRECTION('',(0.,-1.,-2.10269512239613E-16));
#5249=DIRECTION('',(1.,0.,0.));
#5250=DIRECTION('',(0.,1.,2.10269512239613E-16));
#5251=DIRECTION('center_axis',(1.,-4.46489507113E-24,2.12341533661904E-8));
#5252=DIRECTION('ref_axis',(-2.12341533661904E-8,-1.58603289232165E-16,
1.));
#5253=DIRECTION('',(2.12341533661904E-8,0.,-1.));
#5254=DIRECTION('center_axis',(0.,3.70074341541719E-15,-1.));
#5255=DIRECTION('ref_axis',(0.,1.,3.70074341541719E-15));
#5256=DIRECTION('',(-1.,0.,0.));
#5257=DIRECTION('',(-7.4117258180758E-23,1.,3.70074341541719E-15));
#5258=DIRECTION('center_axis',(0.,1.,1.11022302462516E-15));
#5259=DIRECTION('ref_axis',(1.,0.,0.));
#5260=DIRECTION('',(0.,1.11022302462516E-15,-1.));
#5261=DIRECTION('',(1.,0.,0.));
#5262=DIRECTION('',(0.,1.11022302462516E-15,-1.));
#5263=DIRECTION('center_axis',(1.,0.,0.));
#5264=DIRECTION('ref_axis',(0.,-1.,-1.11022302462516E-15));
#5265=DIRECTION('',(0.,1.11022302462516E-15,-1.));
#5266=DIRECTION('',(0.,-1.,-3.70074341541719E-15));
#5267=DIRECTION('center_axis',(0.,-1.,-1.11022302462516E-15));
#5268=DIRECTION('ref_axis',(-1.,0.,0.));
#5269=DIRECTION('',(0.,1.11022302462516E-15,-1.));
#5270=DIRECTION('',(-1.,0.,0.));
#5271=DIRECTION('center_axis',(-1.,0.,0.));
#5272=DIRECTION('ref_axis',(0.,1.,1.11022302462516E-15));
#5273=DIRECTION('',(0.,1.,3.70074341541719E-15));
#5274=DIRECTION('center_axis',(-0.999999999999999,7.28483015179346E-24,
-3.46452040250706E-8));
#5275=DIRECTION('ref_axis',(3.46452040250706E-8,1.58603289232165E-16,-0.999999999999999));
#5276=DIRECTION('',(-3.46452040250706E-8,0.,0.999999999999999));
#5277=DIRECTION('',(1.20928180519771E-22,-1.,-3.70074341541719E-15));
#5278=DIRECTION('',(0.,-1.,-2.10269512239613E-16));
#5279=DIRECTION('center_axis',(0.,-2.10269512239613E-16,1.));
#5280=DIRECTION('ref_axis',(-1.,0.,0.));
#5281=DIRECTION('',(1.,0.,0.));
#5282=DIRECTION('',(0.,-1.,-2.10269512239613E-16));
#5283=DIRECTION('',(-1.,0.,0.));
#5284=DIRECTION('',(0.,-1.,-2.10269512239613E-16));
#5285=DIRECTION('',(1.,0.,0.));
#5286=DIRECTION('',(0.,1.,2.10269512239613E-16));
#5287=DIRECTION('center_axis',(1.,-4.46489507113E-24,2.12341533661904E-8));
#5288=DIRECTION('ref_axis',(-2.12341533661904E-8,-1.58603289232165E-16,
1.));
#5289=DIRECTION('',(2.12341533661904E-8,0.,-1.));
#5290=DIRECTION('center_axis',(0.,3.70074341541719E-15,-1.));
#5291=DIRECTION('ref_axis',(0.,1.,3.70074341541719E-15));
#5292=DIRECTION('',(-1.,0.,0.));
#5293=DIRECTION('',(-7.4117258180758E-23,1.,3.70074341541719E-15));
#5294=DIRECTION('center_axis',(0.,1.,1.11022302462516E-15));
#5295=DIRECTION('ref_axis',(1.,0.,0.));
#5296=DIRECTION('',(0.,1.11022302462516E-15,-1.));
#5297=DIRECTION('',(1.,0.,0.));
#5298=DIRECTION('',(0.,1.11022302462516E-15,-1.));
#5299=DIRECTION('center_axis',(1.,0.,0.));
#5300=DIRECTION('ref_axis',(0.,-1.,-1.11022302462516E-15));
#5301=DIRECTION('',(0.,1.11022302462516E-15,-1.));
#5302=DIRECTION('',(0.,-1.,-3.70074341541719E-15));
#5303=DIRECTION('center_axis',(0.,-1.,-1.11022302462516E-15));
#5304=DIRECTION('ref_axis',(-1.,0.,0.));
#5305=DIRECTION('',(0.,1.11022302462516E-15,-1.));
#5306=DIRECTION('',(-1.,0.,0.));
#5307=DIRECTION('center_axis',(-1.,0.,0.));
#5308=DIRECTION('ref_axis',(0.,1.,1.11022302462516E-15));
#5309=DIRECTION('',(0.,1.,3.70074341541719E-15));
#5310=DIRECTION('center_axis',(-0.999999999999999,7.28483015179346E-24,
-3.46452040250706E-8));
#5311=DIRECTION('ref_axis',(3.46452040250706E-8,1.58603289232165E-16,-0.999999999999999));
#5312=DIRECTION('',(-3.46452040250706E-8,0.,0.999999999999999));
#5313=DIRECTION('',(1.20928180519771E-22,-1.,-3.70074341541719E-15));
#5314=DIRECTION('',(0.,-1.,-2.10269512239613E-16));
#5315=DIRECTION('center_axis',(0.,-2.10269512239613E-16,1.));
#5316=DIRECTION('ref_axis',(-1.,0.,0.));
#5317=DIRECTION('',(1.,0.,0.));
#5318=DIRECTION('',(0.,-1.,-2.10269512239613E-16));
#5319=DIRECTION('',(-1.,0.,0.));
#5320=DIRECTION('',(0.,-1.,-2.10269512239613E-16));
#5321=DIRECTION('',(1.,0.,0.));
#5322=DIRECTION('',(0.,1.,2.10269512239613E-16));
#5323=DIRECTION('center_axis',(1.,-4.46489507113E-24,2.12341533661904E-8));
#5324=DIRECTION('ref_axis',(-2.12341533661904E-8,-1.58603289232165E-16,
1.));
#5325=DIRECTION('',(2.12341533661904E-8,0.,-1.));
#5326=DIRECTION('center_axis',(0.,3.70074341541719E-15,-1.));
#5327=DIRECTION('ref_axis',(0.,1.,3.70074341541719E-15));
#5328=DIRECTION('',(-1.,0.,0.));
#5329=DIRECTION('',(-7.4117258180758E-23,1.,3.70074341541719E-15));
#5330=DIRECTION('center_axis',(0.,1.,1.11022302462516E-15));
#5331=DIRECTION('ref_axis',(1.,0.,0.));
#5332=DIRECTION('',(0.,1.11022302462516E-15,-1.));
#5333=DIRECTION('',(1.,0.,0.));
#5334=DIRECTION('',(0.,1.11022302462516E-15,-1.));
#5335=DIRECTION('center_axis',(1.,0.,0.));
#5336=DIRECTION('ref_axis',(0.,-1.,-1.11022302462516E-15));
#5337=DIRECTION('',(0.,1.11022302462516E-15,-1.));
#5338=DIRECTION('',(0.,-1.,-3.70074341541719E-15));
#5339=DIRECTION('center_axis',(0.,-1.,-1.11022302462516E-15));
#5340=DIRECTION('ref_axis',(-1.,0.,0.));
#5341=DIRECTION('',(0.,1.11022302462516E-15,-1.));
#5342=DIRECTION('',(-1.,0.,0.));
#5343=DIRECTION('center_axis',(-1.,0.,0.));
#5344=DIRECTION('ref_axis',(0.,1.,1.11022302462516E-15));
#5345=DIRECTION('',(0.,1.,3.70074341541719E-15));
#5346=DIRECTION('center_axis',(-0.999999999999999,7.28483015179346E-24,
-3.46452040250706E-8));
#5347=DIRECTION('ref_axis',(3.46452040250706E-8,1.58603289232165E-16,-0.999999999999999));
#5348=DIRECTION('',(-3.46452040250706E-8,0.,0.999999999999999));
#5349=DIRECTION('',(1.20928180519771E-22,-1.,-3.70074341541719E-15));
#5350=DIRECTION('',(0.,-1.,-2.10269512239613E-16));
#5351=DIRECTION('center_axis',(0.,-2.10269512239613E-16,1.));
#5352=DIRECTION('ref_axis',(-1.,0.,0.));
#5353=DIRECTION('',(1.,0.,0.));
#5354=DIRECTION('',(0.,-1.,-2.10269512239613E-16));
#5355=DIRECTION('',(-1.,0.,0.));
#5356=DIRECTION('',(0.,-1.,-2.10269512239613E-16));
#5357=DIRECTION('',(1.,0.,0.));
#5358=DIRECTION('',(0.,1.,2.10269512239613E-16));
#5359=DIRECTION('center_axis',(1.,-4.46489507113E-24,2.12341533661904E-8));
#5360=DIRECTION('ref_axis',(-2.12341533661904E-8,-1.58603289232165E-16,
1.));
#5361=DIRECTION('',(2.12341533661904E-8,0.,-1.));
#5362=DIRECTION('center_axis',(0.,3.70074341541719E-15,-1.));
#5363=DIRECTION('ref_axis',(0.,1.,3.70074341541719E-15));
#5364=DIRECTION('',(-1.,0.,0.));
#5365=DIRECTION('',(-7.4117258180758E-23,1.,3.70074341541719E-15));
#5366=DIRECTION('center_axis',(0.,1.,1.11022302462516E-15));
#5367=DIRECTION('ref_axis',(1.,0.,0.));
#5368=DIRECTION('',(0.,1.11022302462516E-15,-1.));
#5369=DIRECTION('',(1.,0.,0.));
#5370=DIRECTION('',(0.,1.11022302462516E-15,-1.));
#5371=DIRECTION('center_axis',(1.,0.,0.));
#5372=DIRECTION('ref_axis',(0.,-1.,-1.11022302462516E-15));
#5373=DIRECTION('',(0.,1.11022302462516E-15,-1.));
#5374=DIRECTION('',(0.,-1.,-3.70074341541719E-15));
#5375=DIRECTION('center_axis',(0.,-1.,-1.11022302462516E-15));
#5376=DIRECTION('ref_axis',(-1.,0.,0.));
#5377=DIRECTION('',(0.,1.11022302462516E-15,-1.));
#5378=DIRECTION('',(-1.,0.,0.));
#5379=DIRECTION('center_axis',(-1.,0.,0.));
#5380=DIRECTION('ref_axis',(0.,1.,1.11022302462516E-15));
#5381=DIRECTION('',(0.,1.,3.70074341541719E-15));
#5382=DIRECTION('center_axis',(-0.999999999999999,7.28483015179346E-24,
-3.46452040250706E-8));
#5383=DIRECTION('ref_axis',(3.46452040250706E-8,1.58603289232165E-16,-0.999999999999999));
#5384=DIRECTION('',(-3.46452040250706E-8,0.,0.999999999999999));
#5385=DIRECTION('',(1.20928180519771E-22,-1.,-3.70074341541719E-15));
#5386=DIRECTION('',(0.,-1.,-2.10269512239613E-16));
#5387=DIRECTION('center_axis',(0.,-2.10269512239613E-16,1.));
#5388=DIRECTION('ref_axis',(-1.,0.,0.));
#5389=DIRECTION('',(1.,0.,0.));
#5390=DIRECTION('',(0.,-1.,-2.10269512239613E-16));
#5391=DIRECTION('',(-1.,0.,0.));
#5392=DIRECTION('',(0.,-1.,-2.10269512239613E-16));
#5393=DIRECTION('',(1.,0.,0.));
#5394=DIRECTION('',(0.,1.,2.10269512239613E-16));
#5395=DIRECTION('center_axis',(1.,-4.46489507113E-24,2.12341533661904E-8));
#5396=DIRECTION('ref_axis',(-2.12341533661904E-8,-1.58603289232165E-16,
1.));
#5397=DIRECTION('',(2.12341533661904E-8,0.,-1.));
#5398=DIRECTION('center_axis',(0.,3.70074341541719E-15,-1.));
#5399=DIRECTION('ref_axis',(0.,1.,3.70074341541719E-15));
#5400=DIRECTION('',(-1.,0.,0.));
#5401=DIRECTION('',(-7.4117258180758E-23,1.,3.70074341541719E-15));
#5402=DIRECTION('center_axis',(0.,1.,1.11022302462516E-15));
#5403=DIRECTION('ref_axis',(1.,0.,0.));
#5404=DIRECTION('',(0.,1.11022302462516E-15,-1.));
#5405=DIRECTION('',(1.,0.,0.));
#5406=DIRECTION('',(0.,1.11022302462516E-15,-1.));
#5407=DIRECTION('center_axis',(1.,0.,0.));
#5408=DIRECTION('ref_axis',(0.,-1.,-1.11022302462516E-15));
#5409=DIRECTION('',(0.,1.11022302462516E-15,-1.));
#5410=DIRECTION('',(0.,-1.,-3.70074341541719E-15));
#5411=DIRECTION('center_axis',(0.,-1.,-1.11022302462516E-15));
#5412=DIRECTION('ref_axis',(-1.,0.,0.));
#5413=DIRECTION('',(0.,1.11022302462516E-15,-1.));
#5414=DIRECTION('',(-1.,0.,0.));
#5415=DIRECTION('center_axis',(-1.,0.,0.));
#5416=DIRECTION('ref_axis',(0.,1.,1.11022302462516E-15));
#5417=DIRECTION('',(0.,1.,3.70074341541719E-15));
#5418=DIRECTION('center_axis',(1.,-4.46489507113E-24,2.12341533661904E-8));
#5419=DIRECTION('ref_axis',(-2.12341533661904E-8,-1.58603289232165E-16,
1.));
#5420=DIRECTION('',(2.12341533661904E-8,0.,-1.));
#5421=DIRECTION('center_axis',(-0.999999999999999,7.28483015179346E-24,
-3.46452040250706E-8));
#5422=DIRECTION('ref_axis',(3.46452040250706E-8,1.58603289232165E-16,-0.999999999999999));
#5423=DIRECTION('',(-3.46452040250706E-8,0.,0.999999999999999));
#5424=DIRECTION('',(1.20928180519771E-22,-1.,-3.70074341541719E-15));
#5425=DIRECTION('center_axis',(0.,1.,0.));
#5426=DIRECTION('ref_axis',(1.,0.,0.));
#5427=DIRECTION('',(0.,0.,-1.));
#5428=DIRECTION('',(1.,0.,0.));
#5429=DIRECTION('',(0.,0.,-1.));
#5430=DIRECTION('',(-1.,0.,0.));
#5431=DIRECTION('center_axis',(0.,1.,1.11022302462516E-15));
#5432=DIRECTION('ref_axis',(1.,0.,0.));
#5433=DIRECTION('',(0.,1.11022302462516E-15,-1.));
#5434=DIRECTION('',(1.,0.,0.));
#5435=DIRECTION('',(0.,1.11022302462516E-15,-1.));
#5436=DIRECTION('center_axis',(1.,0.,0.));
#5437=DIRECTION('ref_axis',(0.,-1.,-1.11022302462516E-15));
#5438=DIRECTION('',(0.,1.11022302462516E-15,-1.));
#5439=DIRECTION('',(0.,-1.,-3.70074341541719E-15));
#5440=DIRECTION('center_axis',(0.,-1.,-1.11022302462516E-15));
#5441=DIRECTION('ref_axis',(-1.,0.,0.));
#5442=DIRECTION('',(0.,1.11022302462516E-15,-1.));
#5443=DIRECTION('',(-1.,0.,0.));
#5444=DIRECTION('center_axis',(-1.,0.,0.));
#5445=DIRECTION('ref_axis',(0.,1.,1.11022302462516E-15));
#5446=DIRECTION('',(0.,1.,3.70074341541719E-15));
#5447=DIRECTION('center_axis',(0.,1.,0.));
#5448=DIRECTION('ref_axis',(1.,0.,0.));
#5449=DIRECTION('',(-1.,0.,0.));
#5450=DIRECTION('',(-1.,0.,0.));
#5451=DIRECTION('center_axis',(0.,3.70074341541719E-15,-1.));
#5452=DIRECTION('ref_axis',(0.,1.,3.70074341541719E-15));
#5453=DIRECTION('center_axis',(-1.,0.,0.));
#5454=DIRECTION('ref_axis',(0.,1.,0.));
#5455=DIRECTION('',(0.,1.,-9.62964972193618E-33));
#5456=DIRECTION('',(0.,1.83697019872103E-16,1.));
#5457=DIRECTION('center_axis',(1.,0.,0.));
#5458=DIRECTION('ref_axis',(0.,-1.,0.));
#5459=DIRECTION('',(0.,-1.83697019872103E-16,-1.));
#5460=DIRECTION('',(0.,-1.,9.62964972193618E-33));
#5461=DIRECTION('center_axis',(0.,9.62964972193618E-33,1.));
#5462=DIRECTION('ref_axis',(0.,-1.,9.62964972193618E-33));
#5463=DIRECTION('',(1.,0.,0.));
#5464=DIRECTION('',(1.,0.,0.));
#5465=DIRECTION('',(0.,-1.,9.62964972193618E-33));
#5466=DIRECTION('center_axis',(0.,-1.,1.83697019872103E-16));
#5467=DIRECTION('ref_axis',(0.,-1.83697019872103E-16,-1.));
#5468=DIRECTION('',(0.,-1.83697019872103E-16,-1.));
#5469=DIRECTION('center_axis',(0.,-1.,1.83697019872103E-16));
#5470=DIRECTION('ref_axis',(0.,-1.83697019872103E-16,-1.));
#5471=DIRECTION('center_axis',(0.,3.70074341541719E-15,-1.));
#5472=DIRECTION('ref_axis',(0.,1.,3.70074341541719E-15));
#5473=DIRECTION('center_axis',(1.,0.,0.));
#5474=DIRECTION('ref_axis',(0.,0.,-1.));
#5475=DIRECTION('center_axis',(7.85046229341887E-16,-0.707106781186548,
-0.707106781186548));
#5476=DIRECTION('ref_axis',(-1.,0.,-1.11022302462516E-15));
#5477=DIRECTION('',(-1.,6.79815536723445E-32,-1.11022302462516E-15));
#5478=DIRECTION('',(-0.577350269189626,0.577350269189626,-0.577350269189626));
#5479=DIRECTION('',(1.,-6.79815536723445E-32,1.11022302462516E-15));
#5480=DIRECTION('',(0.577350269189626,0.577350269189626,-0.577350269189626));
#5481=DIRECTION('center_axis',(-0.707106781186548,-0.707106781186548,-4.32978028117747E-17));
#5482=DIRECTION('ref_axis',(-6.12323399573677E-17,0.,1.));
#5483=DIRECTION('',(0.,-6.12323399573677E-17,1.));
#5484=DIRECTION('',(-0.577350269189626,0.577350269189626,0.577350269189626));
#5485=DIRECTION('',(0.,6.12323399573677E-17,-1.));
#5486=DIRECTION('center_axis',(0.,-0.707106781186548,0.707106781186548));
#5487=DIRECTION('ref_axis',(1.,0.,0.));
#5488=DIRECTION('',(1.,0.,0.));
#5489=DIRECTION('',(0.577350269189626,0.577350269189626,0.577350269189626));
#5490=DIRECTION('',(-1.,0.,0.));
#5491=DIRECTION('center_axis',(0.707106781186548,-0.707106781186548,-4.32978028117747E-17));
#5492=DIRECTION('ref_axis',(-6.12323399573677E-17,0.,-1.));
#5493=DIRECTION('',(0.,-6.12323399573677E-17,1.));
#5494=DIRECTION('',(0.,6.12323399573677E-17,-1.));
#5495=DIRECTION('center_axis',(1.,0.,0.));
#5496=DIRECTION('ref_axis',(0.,-1.,0.));
#5497=DIRECTION('',(0.,-1.,0.));
#5498=DIRECTION('center_axis',(-1.,0.,0.));
#5499=DIRECTION('ref_axis',(0.,1.,1.48029736616688E-15));
#5500=DIRECTION('',(0.,0.,-1.));
#5501=DIRECTION('',(0.,1.,0.));
#5502=DIRECTION('',(0.,0.,-1.));
#5503=DIRECTION('center_axis',(-1.,0.,0.));
#5504=DIRECTION('ref_axis',(0.,1.,0.));
#5505=DIRECTION('',(0.,-1.,0.));
#5506=DIRECTION('center_axis',(1.11022302462516E-15,0.,-1.));
#5507=DIRECTION('ref_axis',(1.,-6.79815536723445E-32,1.11022302462516E-15));
#5508=DIRECTION('',(0.,-1.,0.));
#5509=DIRECTION('',(1.,-6.79815536723445E-32,1.11022302462516E-15));
#5510=DIRECTION('center_axis',(0.,1.,6.12323399573677E-17));
#5511=DIRECTION('ref_axis',(1.,0.,0.));
#5512=DIRECTION('center_axis',(-0.707106781186551,0.,0.707106781186544));
#5513=DIRECTION('ref_axis',(0.707106781186544,0.,0.707106781186551));
#5514=DIRECTION('',(0.,-1.,0.));
#5515=DIRECTION('',(0.577350269189622,0.577350269189628,0.577350269189628));
#5516=DIRECTION('',(0.,1.,0.));
#5517=DIRECTION('',(0.577350269189622,-0.577350269189628,0.577350269189628));
#5518=DIRECTION('center_axis',(0.,-0.707106781186547,0.707106781186548));
#5519=DIRECTION('ref_axis',(1.,0.,0.));
#5520=DIRECTION('',(1.,0.,0.));
#5521=DIRECTION('',(-0.577350269189622,0.577350269189628,0.577350269189628));
#5522=DIRECTION('',(-1.,0.,0.));
#5523=DIRECTION('center_axis',(7.85046229341887E-16,0.707106781186547,0.707106781186548));
#5524=DIRECTION('ref_axis',(1.,0.,-1.11022302462515E-15));
#5525=DIRECTION('',(1.,-1.11022302462516E-15,0.));
#5526=DIRECTION('',(0.577350269189622,0.577350269189628,-0.577350269189628));
#5527=DIRECTION('',(-1.,1.11022302462516E-15,0.));
#5528=DIRECTION('center_axis',(0.707106781186551,0.,0.707106781186544));
#5529=DIRECTION('ref_axis',(0.707106781186544,0.,-0.707106781186551));
#5530=DIRECTION('',(0.,-1.,0.));
#5531=DIRECTION('center_axis',(0.,-1.,0.));
#5532=DIRECTION('ref_axis',(-1.,0.,0.));
#5533=DIRECTION('',(0.,0.,-1.));
#5534=DIRECTION('',(-1.,0.,0.));
#5535=DIRECTION('center_axis',(-1.,0.,0.));
#5536=DIRECTION('ref_axis',(0.,1.,0.));
#5537=DIRECTION('',(0.,-1.,0.));
#5538=DIRECTION('center_axis',(-1.,0.,0.));
#5539=DIRECTION('ref_axis',(0.,1.,0.));
#5540=DIRECTION('',(0.,0.,-1.));
#5541=DIRECTION('center_axis',(-1.,0.,0.));
#5542=DIRECTION('ref_axis',(0.,1.,0.));
#5543=DIRECTION('center_axis',(0.,0.,1.));
#5544=DIRECTION('ref_axis',(1.,0.,0.));
#5545=DIRECTION('center_axis',(0.,0.,1.));
#5546=DIRECTION('ref_axis',(-1.,0.,0.));
#5547=DIRECTION('',(-1.,0.,0.));
#5548=DIRECTION('center_axis',(-1.,0.,0.));
#5549=DIRECTION('ref_axis',(0.,1.,0.));
#5550=DIRECTION('center_axis',(-1.,0.,0.));
#5551=DIRECTION('ref_axis',(0.,1.,0.));
#5552=DIRECTION('',(1.,-1.11022302462516E-15,0.));
#5553=DIRECTION('center_axis',(1.11022302462516E-15,1.,0.));
#5554=DIRECTION('ref_axis',(1.,-1.11022302462516E-15,0.));
#5555=DIRECTION('center_axis',(7.85046229341887E-16,-0.707106781186548,
-0.707106781186548));
#5556=DIRECTION('ref_axis',(-1.,0.,-1.11022302462516E-15));
#5557=DIRECTION('',(-1.,6.79815536723445E-32,-1.11022302462516E-15));
#5558=DIRECTION('',(-0.577350269189626,0.577350269189626,-0.577350269189626));
#5559=DIRECTION('',(1.,-6.79815536723445E-32,1.11022302462516E-15));
#5560=DIRECTION('',(0.577350269189626,0.577350269189626,-0.577350269189626));
#5561=DIRECTION('center_axis',(-0.707106781186548,-0.707106781186548,-4.32978028117747E-17));
#5562=DIRECTION('ref_axis',(-6.12323399573677E-17,0.,1.));
#5563=DIRECTION('',(0.,-6.12323399573677E-17,1.));
#5564=DIRECTION('',(-0.577350269189626,0.577350269189626,0.577350269189626));
#5565=DIRECTION('',(0.,6.12323399573677E-17,-1.));
#5566=DIRECTION('center_axis',(0.,-0.707106781186548,0.707106781186548));
#5567=DIRECTION('ref_axis',(1.,0.,0.));
#5568=DIRECTION('',(1.,0.,0.));
#5569=DIRECTION('',(0.577350269189626,0.577350269189626,0.577350269189626));
#5570=DIRECTION('',(-1.,0.,0.));
#5571=DIRECTION('center_axis',(0.707106781186548,-0.707106781186548,-4.32978028117747E-17));
#5572=DIRECTION('ref_axis',(-6.12323399573677E-17,0.,-1.));
#5573=DIRECTION('',(0.,-6.12323399573677E-17,1.));
#5574=DIRECTION('',(0.,6.12323399573677E-17,-1.));
#5575=DIRECTION('center_axis',(1.,0.,0.));
#5576=DIRECTION('ref_axis',(0.,-1.,0.));
#5577=DIRECTION('',(0.,-1.,0.));
#5578=DIRECTION('center_axis',(-1.,0.,0.));
#5579=DIRECTION('ref_axis',(0.,1.,1.48029736616688E-15));
#5580=DIRECTION('',(0.,0.,-1.));
#5581=DIRECTION('',(0.,1.,0.));
#5582=DIRECTION('',(0.,0.,-1.));
#5583=DIRECTION('center_axis',(-1.,0.,0.));
#5584=DIRECTION('ref_axis',(0.,1.,0.));
#5585=DIRECTION('',(0.,-1.,0.));
#5586=DIRECTION('center_axis',(1.11022302462516E-15,0.,-1.));
#5587=DIRECTION('ref_axis',(1.,-6.79815536723445E-32,1.11022302462516E-15));
#5588=DIRECTION('',(0.,-1.,0.));
#5589=DIRECTION('',(1.,-6.79815536723445E-32,1.11022302462516E-15));
#5590=DIRECTION('center_axis',(0.,1.,6.12323399573677E-17));
#5591=DIRECTION('ref_axis',(1.,0.,0.));
#5592=DIRECTION('center_axis',(-0.707106781186551,0.,0.707106781186544));
#5593=DIRECTION('ref_axis',(0.707106781186544,0.,0.707106781186551));
#5594=DIRECTION('',(0.,-1.,0.));
#5595=DIRECTION('',(0.577350269189622,0.577350269189628,0.577350269189628));
#5596=DIRECTION('',(0.,1.,0.));
#5597=DIRECTION('',(0.577350269189622,-0.577350269189628,0.577350269189628));
#5598=DIRECTION('center_axis',(0.,-0.707106781186547,0.707106781186548));
#5599=DIRECTION('ref_axis',(1.,0.,0.));
#5600=DIRECTION('',(1.,0.,0.));
#5601=DIRECTION('',(-0.577350269189622,0.577350269189628,0.577350269189628));
#5602=DIRECTION('',(-1.,0.,0.));
#5603=DIRECTION('center_axis',(7.85046229341887E-16,0.707106781186547,0.707106781186548));
#5604=DIRECTION('ref_axis',(1.,0.,-1.11022302462515E-15));
#5605=DIRECTION('',(1.,-1.11022302462516E-15,0.));
#5606=DIRECTION('',(0.577350269189622,0.577350269189628,-0.577350269189628));
#5607=DIRECTION('',(-1.,1.11022302462516E-15,0.));
#5608=DIRECTION('center_axis',(0.707106781186551,0.,0.707106781186544));
#5609=DIRECTION('ref_axis',(0.707106781186544,0.,-0.707106781186551));
#5610=DIRECTION('',(0.,-1.,0.));
#5611=DIRECTION('center_axis',(0.,-1.,0.));
#5612=DIRECTION('ref_axis',(-1.,0.,0.));
#5613=DIRECTION('',(0.,0.,-1.));
#5614=DIRECTION('',(-1.,0.,0.));
#5615=DIRECTION('center_axis',(-1.,0.,0.));
#5616=DIRECTION('ref_axis',(0.,1.,0.));
#5617=DIRECTION('',(0.,-1.,0.));
#5618=DIRECTION('center_axis',(-1.,0.,0.));
#5619=DIRECTION('ref_axis',(0.,1.,0.));
#5620=DIRECTION('',(0.,0.,-1.));
#5621=DIRECTION('center_axis',(-1.,0.,0.));
#5622=DIRECTION('ref_axis',(0.,1.,0.));
#5623=DIRECTION('center_axis',(0.,0.,1.));
#5624=DIRECTION('ref_axis',(1.,0.,0.));
#5625=DIRECTION('center_axis',(0.,0.,1.));
#5626=DIRECTION('ref_axis',(-1.,0.,0.));
#5627=DIRECTION('',(-1.,0.,0.));
#5628=DIRECTION('center_axis',(-1.,0.,0.));
#5629=DIRECTION('ref_axis',(0.,1.,0.));
#5630=DIRECTION('center_axis',(-1.,0.,0.));
#5631=DIRECTION('ref_axis',(0.,1.,0.));
#5632=DIRECTION('',(1.,-1.11022302462516E-15,0.));
#5633=DIRECTION('center_axis',(1.11022302462516E-15,1.,0.));
#5634=DIRECTION('ref_axis',(1.,-1.11022302462516E-15,0.));
#5635=DIRECTION('center_axis',(7.85046229341887E-16,-0.707106781186548,
-0.707106781186548));
#5636=DIRECTION('ref_axis',(-1.,0.,-1.11022302462516E-15));
#5637=DIRECTION('',(-1.,6.79815536723445E-32,-1.11022302462516E-15));
#5638=DIRECTION('',(-0.577350269189626,0.577350269189626,-0.577350269189626));
#5639=DIRECTION('',(1.,-6.79815536723445E-32,1.11022302462516E-15));
#5640=DIRECTION('',(0.577350269189626,0.577350269189626,-0.577350269189626));
#5641=DIRECTION('center_axis',(-0.707106781186548,-0.707106781186548,-4.32978028117747E-17));
#5642=DIRECTION('ref_axis',(-6.12323399573677E-17,0.,1.));
#5643=DIRECTION('',(0.,-6.12323399573677E-17,1.));
#5644=DIRECTION('',(-0.577350269189626,0.577350269189626,0.577350269189626));
#5645=DIRECTION('',(0.,6.12323399573677E-17,-1.));
#5646=DIRECTION('center_axis',(0.,-0.707106781186548,0.707106781186548));
#5647=DIRECTION('ref_axis',(1.,0.,0.));
#5648=DIRECTION('',(1.,0.,0.));
#5649=DIRECTION('',(0.577350269189626,0.577350269189626,0.577350269189626));
#5650=DIRECTION('',(-1.,0.,0.));
#5651=DIRECTION('center_axis',(0.707106781186548,-0.707106781186548,-4.32978028117747E-17));
#5652=DIRECTION('ref_axis',(-6.12323399573677E-17,0.,-1.));
#5653=DIRECTION('',(0.,-6.12323399573677E-17,1.));
#5654=DIRECTION('',(0.,6.12323399573677E-17,-1.));
#5655=DIRECTION('center_axis',(1.,0.,0.));
#5656=DIRECTION('ref_axis',(0.,-1.,0.));
#5657=DIRECTION('',(0.,-1.,0.));
#5658=DIRECTION('center_axis',(-1.,0.,0.));
#5659=DIRECTION('ref_axis',(0.,1.,1.48029736616688E-15));
#5660=DIRECTION('',(0.,0.,-1.));
#5661=DIRECTION('',(0.,1.,0.));
#5662=DIRECTION('',(0.,0.,-1.));
#5663=DIRECTION('center_axis',(-1.,0.,0.));
#5664=DIRECTION('ref_axis',(0.,1.,0.));
#5665=DIRECTION('',(0.,-1.,0.));
#5666=DIRECTION('center_axis',(1.11022302462516E-15,0.,-1.));
#5667=DIRECTION('ref_axis',(1.,-6.79815536723445E-32,1.11022302462516E-15));
#5668=DIRECTION('',(0.,-1.,0.));
#5669=DIRECTION('',(1.,-6.79815536723445E-32,1.11022302462516E-15));
#5670=DIRECTION('center_axis',(0.,1.,6.12323399573677E-17));
#5671=DIRECTION('ref_axis',(1.,0.,0.));
#5672=DIRECTION('center_axis',(-0.707106781186551,0.,0.707106781186544));
#5673=DIRECTION('ref_axis',(0.707106781186544,0.,0.707106781186551));
#5674=DIRECTION('',(0.,-1.,0.));
#5675=DIRECTION('',(0.577350269189622,0.577350269189628,0.577350269189628));
#5676=DIRECTION('',(0.,1.,0.));
#5677=DIRECTION('',(0.577350269189622,-0.577350269189628,0.577350269189628));
#5678=DIRECTION('center_axis',(0.,-0.707106781186547,0.707106781186548));
#5679=DIRECTION('ref_axis',(1.,0.,0.));
#5680=DIRECTION('',(1.,0.,0.));
#5681=DIRECTION('',(-0.577350269189622,0.577350269189628,0.577350269189628));
#5682=DIRECTION('',(-1.,0.,0.));
#5683=DIRECTION('center_axis',(7.85046229341887E-16,0.707106781186547,0.707106781186548));
#5684=DIRECTION('ref_axis',(1.,0.,-1.11022302462515E-15));
#5685=DIRECTION('',(1.,-1.11022302462516E-15,0.));
#5686=DIRECTION('',(0.577350269189622,0.577350269189628,-0.577350269189628));
#5687=DIRECTION('',(-1.,1.11022302462516E-15,0.));
#5688=DIRECTION('center_axis',(0.707106781186551,0.,0.707106781186544));
#5689=DIRECTION('ref_axis',(0.707106781186544,0.,-0.707106781186551));
#5690=DIRECTION('',(0.,-1.,0.));
#5691=DIRECTION('center_axis',(0.,-1.,0.));
#5692=DIRECTION('ref_axis',(-1.,0.,0.));
#5693=DIRECTION('',(0.,0.,-1.));
#5694=DIRECTION('',(-1.,0.,0.));
#5695=DIRECTION('center_axis',(-1.,0.,0.));
#5696=DIRECTION('ref_axis',(0.,1.,0.));
#5697=DIRECTION('',(0.,-1.,0.));
#5698=DIRECTION('center_axis',(-1.,0.,0.));
#5699=DIRECTION('ref_axis',(0.,1.,0.));
#5700=DIRECTION('',(0.,0.,-1.));
#5701=DIRECTION('center_axis',(-1.,0.,0.));
#5702=DIRECTION('ref_axis',(0.,1.,0.));
#5703=DIRECTION('center_axis',(0.,0.,1.));
#5704=DIRECTION('ref_axis',(1.,0.,0.));
#5705=DIRECTION('center_axis',(0.,0.,1.));
#5706=DIRECTION('ref_axis',(-1.,0.,0.));
#5707=DIRECTION('',(-1.,0.,0.));
#5708=DIRECTION('center_axis',(-1.,0.,0.));
#5709=DIRECTION('ref_axis',(0.,1.,0.));
#5710=DIRECTION('center_axis',(-1.,0.,0.));
#5711=DIRECTION('ref_axis',(0.,1.,0.));
#5712=DIRECTION('',(1.,-1.11022302462516E-15,0.));
#5713=DIRECTION('center_axis',(1.11022302462516E-15,1.,0.));
#5714=DIRECTION('ref_axis',(1.,-1.11022302462516E-15,0.));
#5715=DIRECTION('center_axis',(7.85046229341887E-16,-0.707106781186548,
-0.707106781186548));
#5716=DIRECTION('ref_axis',(-1.,0.,-1.11022302462516E-15));
#5717=DIRECTION('',(-1.,6.79815536723445E-32,-1.11022302462516E-15));
#5718=DIRECTION('',(-0.577350269189626,0.577350269189626,-0.577350269189626));
#5719=DIRECTION('',(1.,-6.79815536723445E-32,1.11022302462516E-15));
#5720=DIRECTION('',(0.577350269189626,0.577350269189626,-0.577350269189626));
#5721=DIRECTION('center_axis',(-0.707106781186548,-0.707106781186548,-4.32978028117747E-17));
#5722=DIRECTION('ref_axis',(-6.12323399573677E-17,0.,1.));
#5723=DIRECTION('',(0.,-6.12323399573677E-17,1.));
#5724=DIRECTION('',(-0.577350269189626,0.577350269189626,0.577350269189626));
#5725=DIRECTION('',(0.,6.12323399573677E-17,-1.));
#5726=DIRECTION('center_axis',(0.,-0.707106781186548,0.707106781186548));
#5727=DIRECTION('ref_axis',(1.,0.,0.));
#5728=DIRECTION('',(1.,0.,0.));
#5729=DIRECTION('',(0.577350269189626,0.577350269189626,0.577350269189626));
#5730=DIRECTION('',(-1.,0.,0.));
#5731=DIRECTION('center_axis',(0.707106781186548,-0.707106781186548,-4.32978028117747E-17));
#5732=DIRECTION('ref_axis',(-6.12323399573677E-17,0.,-1.));
#5733=DIRECTION('',(0.,-6.12323399573677E-17,1.));
#5734=DIRECTION('',(0.,6.12323399573677E-17,-1.));
#5735=DIRECTION('center_axis',(1.,0.,0.));
#5736=DIRECTION('ref_axis',(0.,-1.,0.));
#5737=DIRECTION('',(0.,-1.,0.));
#5738=DIRECTION('center_axis',(-1.,0.,0.));
#5739=DIRECTION('ref_axis',(0.,1.,1.48029736616688E-15));
#5740=DIRECTION('',(0.,0.,-1.));
#5741=DIRECTION('',(0.,1.,0.));
#5742=DIRECTION('',(0.,0.,-1.));
#5743=DIRECTION('center_axis',(-1.,0.,0.));
#5744=DIRECTION('ref_axis',(0.,1.,0.));
#5745=DIRECTION('',(0.,-1.,0.));
#5746=DIRECTION('center_axis',(1.11022302462516E-15,0.,-1.));
#5747=DIRECTION('ref_axis',(1.,-6.79815536723445E-32,1.11022302462516E-15));
#5748=DIRECTION('',(0.,-1.,0.));
#5749=DIRECTION('',(1.,-6.79815536723445E-32,1.11022302462516E-15));
#5750=DIRECTION('center_axis',(0.,1.,6.12323399573677E-17));
#5751=DIRECTION('ref_axis',(1.,0.,0.));
#5752=DIRECTION('center_axis',(-0.707106781186551,0.,0.707106781186544));
#5753=DIRECTION('ref_axis',(0.707106781186544,0.,0.707106781186551));
#5754=DIRECTION('',(0.,-1.,0.));
#5755=DIRECTION('',(0.577350269189622,0.577350269189628,0.577350269189628));
#5756=DIRECTION('',(0.,1.,0.));
#5757=DIRECTION('',(0.577350269189622,-0.577350269189628,0.577350269189628));
#5758=DIRECTION('center_axis',(0.,-0.707106781186547,0.707106781186548));
#5759=DIRECTION('ref_axis',(1.,0.,0.));
#5760=DIRECTION('',(1.,0.,0.));
#5761=DIRECTION('',(-0.577350269189622,0.577350269189628,0.577350269189628));
#5762=DIRECTION('',(-1.,0.,0.));
#5763=DIRECTION('center_axis',(7.85046229341887E-16,0.707106781186547,0.707106781186548));
#5764=DIRECTION('ref_axis',(1.,0.,-1.11022302462515E-15));
#5765=DIRECTION('',(1.,-1.11022302462516E-15,0.));
#5766=DIRECTION('',(0.577350269189622,0.577350269189628,-0.577350269189628));
#5767=DIRECTION('',(-1.,1.11022302462516E-15,0.));
#5768=DIRECTION('center_axis',(0.707106781186551,0.,0.707106781186544));
#5769=DIRECTION('ref_axis',(0.707106781186544,0.,-0.707106781186551));
#5770=DIRECTION('',(0.,-1.,0.));
#5771=DIRECTION('center_axis',(0.,-1.,0.));
#5772=DIRECTION('ref_axis',(-1.,0.,0.));
#5773=DIRECTION('',(0.,0.,-1.));
#5774=DIRECTION('',(-1.,0.,0.));
#5775=DIRECTION('center_axis',(-1.,0.,0.));
#5776=DIRECTION('ref_axis',(0.,1.,0.));
#5777=DIRECTION('',(0.,-1.,0.));
#5778=DIRECTION('center_axis',(-1.,0.,0.));
#5779=DIRECTION('ref_axis',(0.,1.,0.));
#5780=DIRECTION('',(0.,0.,-1.));
#5781=DIRECTION('center_axis',(-1.,0.,0.));
#5782=DIRECTION('ref_axis',(0.,1.,0.));
#5783=DIRECTION('center_axis',(0.,0.,1.));
#5784=DIRECTION('ref_axis',(1.,0.,0.));
#5785=DIRECTION('center_axis',(0.,0.,1.));
#5786=DIRECTION('ref_axis',(-1.,0.,0.));
#5787=DIRECTION('',(-1.,0.,0.));
#5788=DIRECTION('center_axis',(-1.,0.,0.));
#5789=DIRECTION('ref_axis',(0.,1.,0.));
#5790=DIRECTION('center_axis',(-1.,0.,0.));
#5791=DIRECTION('ref_axis',(0.,1.,0.));
#5792=DIRECTION('',(1.,-1.11022302462516E-15,0.));
#5793=DIRECTION('center_axis',(1.11022302462516E-15,1.,0.));
#5794=DIRECTION('ref_axis',(1.,-1.11022302462516E-15,0.));
#5795=DIRECTION('center_axis',(7.85046229341887E-16,-0.707106781186548,
-0.707106781186548));
#5796=DIRECTION('ref_axis',(-1.,0.,-1.11022302462516E-15));
#5797=DIRECTION('',(-1.,6.79815536723445E-32,-1.11022302462516E-15));
#5798=DIRECTION('',(-0.577350269189626,0.577350269189626,-0.577350269189626));
#5799=DIRECTION('',(1.,-6.79815536723445E-32,1.11022302462516E-15));
#5800=DIRECTION('',(0.577350269189626,0.577350269189626,-0.577350269189626));
#5801=DIRECTION('center_axis',(-0.707106781186548,-0.707106781186548,-4.32978028117747E-17));
#5802=DIRECTION('ref_axis',(-6.12323399573677E-17,0.,1.));
#5803=DIRECTION('',(0.,-6.12323399573677E-17,1.));
#5804=DIRECTION('',(-0.577350269189626,0.577350269189626,0.577350269189626));
#5805=DIRECTION('',(0.,6.12323399573677E-17,-1.));
#5806=DIRECTION('center_axis',(0.,-0.707106781186548,0.707106781186548));
#5807=DIRECTION('ref_axis',(1.,0.,0.));
#5808=DIRECTION('',(1.,0.,0.));
#5809=DIRECTION('',(0.577350269189626,0.577350269189626,0.577350269189626));
#5810=DIRECTION('',(-1.,0.,0.));
#5811=DIRECTION('center_axis',(0.707106781186548,-0.707106781186548,-4.32978028117747E-17));
#5812=DIRECTION('ref_axis',(-6.12323399573677E-17,0.,-1.));
#5813=DIRECTION('',(0.,-6.12323399573677E-17,1.));
#5814=DIRECTION('',(0.,6.12323399573677E-17,-1.));
#5815=DIRECTION('center_axis',(1.,0.,0.));
#5816=DIRECTION('ref_axis',(0.,-1.,0.));
#5817=DIRECTION('',(0.,-1.,0.));
#5818=DIRECTION('center_axis',(-1.,0.,0.));
#5819=DIRECTION('ref_axis',(0.,1.,1.48029736616688E-15));
#5820=DIRECTION('',(0.,0.,-1.));
#5821=DIRECTION('',(0.,1.,0.));
#5822=DIRECTION('',(0.,0.,-1.));
#5823=DIRECTION('center_axis',(-1.,0.,0.));
#5824=DIRECTION('ref_axis',(0.,1.,0.));
#5825=DIRECTION('',(0.,-1.,0.));
#5826=DIRECTION('center_axis',(1.11022302462516E-15,0.,-1.));
#5827=DIRECTION('ref_axis',(1.,-6.79815536723445E-32,1.11022302462516E-15));
#5828=DIRECTION('',(0.,-1.,0.));
#5829=DIRECTION('',(1.,-6.79815536723445E-32,1.11022302462516E-15));
#5830=DIRECTION('center_axis',(0.,1.,6.12323399573677E-17));
#5831=DIRECTION('ref_axis',(1.,0.,0.));
#5832=DIRECTION('center_axis',(-0.707106781186551,0.,0.707106781186544));
#5833=DIRECTION('ref_axis',(0.707106781186544,0.,0.707106781186551));
#5834=DIRECTION('',(0.,-1.,0.));
#5835=DIRECTION('',(0.577350269189622,0.577350269189628,0.577350269189628));
#5836=DIRECTION('',(0.,1.,0.));
#5837=DIRECTION('',(0.577350269189622,-0.577350269189628,0.577350269189628));
#5838=DIRECTION('center_axis',(0.,-0.707106781186547,0.707106781186548));
#5839=DIRECTION('ref_axis',(1.,0.,0.));
#5840=DIRECTION('',(1.,0.,0.));
#5841=DIRECTION('',(-0.577350269189622,0.577350269189628,0.577350269189628));
#5842=DIRECTION('',(-1.,0.,0.));
#5843=DIRECTION('center_axis',(7.85046229341887E-16,0.707106781186547,0.707106781186548));
#5844=DIRECTION('ref_axis',(1.,0.,-1.11022302462515E-15));
#5845=DIRECTION('',(1.,-1.11022302462516E-15,0.));
#5846=DIRECTION('',(0.577350269189622,0.577350269189628,-0.577350269189628));
#5847=DIRECTION('',(-1.,1.11022302462516E-15,0.));
#5848=DIRECTION('center_axis',(0.707106781186551,0.,0.707106781186544));
#5849=DIRECTION('ref_axis',(0.707106781186544,0.,-0.707106781186551));
#5850=DIRECTION('',(0.,-1.,0.));
#5851=DIRECTION('center_axis',(0.,-1.,0.));
#5852=DIRECTION('ref_axis',(-1.,0.,0.));
#5853=DIRECTION('',(0.,0.,-1.));
#5854=DIRECTION('',(-1.,0.,0.));
#5855=DIRECTION('center_axis',(-1.,0.,0.));
#5856=DIRECTION('ref_axis',(0.,1.,0.));
#5857=DIRECTION('',(0.,-1.,0.));
#5858=DIRECTION('center_axis',(-1.,0.,0.));
#5859=DIRECTION('ref_axis',(0.,1.,0.));
#5860=DIRECTION('',(0.,0.,-1.));
#5861=DIRECTION('center_axis',(-1.,0.,0.));
#5862=DIRECTION('ref_axis',(0.,1.,0.));
#5863=DIRECTION('center_axis',(0.,0.,1.));
#5864=DIRECTION('ref_axis',(1.,0.,0.));
#5865=DIRECTION('center_axis',(0.,0.,1.));
#5866=DIRECTION('ref_axis',(-1.,0.,0.));
#5867=DIRECTION('',(-1.,0.,0.));
#5868=DIRECTION('center_axis',(-1.,0.,0.));
#5869=DIRECTION('ref_axis',(0.,1.,0.));
#5870=DIRECTION('center_axis',(-1.,0.,0.));
#5871=DIRECTION('ref_axis',(0.,1.,0.));
#5872=DIRECTION('',(1.,-1.11022302462516E-15,0.));
#5873=DIRECTION('center_axis',(1.11022302462516E-15,1.,0.));
#5874=DIRECTION('ref_axis',(1.,-1.11022302462516E-15,0.));
#5875=DIRECTION('center_axis',(7.85046229341887E-16,-0.707106781186548,
-0.707106781186548));
#5876=DIRECTION('ref_axis',(-1.,0.,-1.11022302462516E-15));
#5877=DIRECTION('',(-1.,6.79815536723445E-32,-1.11022302462516E-15));
#5878=DIRECTION('',(-0.577350269189626,0.577350269189626,-0.577350269189626));
#5879=DIRECTION('',(1.,-6.79815536723445E-32,1.11022302462516E-15));
#5880=DIRECTION('',(0.577350269189626,0.577350269189626,-0.577350269189626));
#5881=DIRECTION('center_axis',(-0.707106781186548,-0.707106781186548,-4.32978028117747E-17));
#5882=DIRECTION('ref_axis',(-6.12323399573677E-17,0.,1.));
#5883=DIRECTION('',(0.,-6.12323399573677E-17,1.));
#5884=DIRECTION('',(-0.577350269189626,0.577350269189626,0.577350269189626));
#5885=DIRECTION('',(0.,6.12323399573677E-17,-1.));
#5886=DIRECTION('center_axis',(0.,-0.707106781186548,0.707106781186548));
#5887=DIRECTION('ref_axis',(1.,0.,0.));
#5888=DIRECTION('',(1.,0.,0.));
#5889=DIRECTION('',(0.577350269189626,0.577350269189626,0.577350269189626));
#5890=DIRECTION('',(-1.,0.,0.));
#5891=DIRECTION('center_axis',(0.707106781186548,-0.707106781186548,-4.32978028117747E-17));
#5892=DIRECTION('ref_axis',(-6.12323399573677E-17,0.,-1.));
#5893=DIRECTION('',(0.,-6.12323399573677E-17,1.));
#5894=DIRECTION('',(0.,6.12323399573677E-17,-1.));
#5895=DIRECTION('center_axis',(1.,0.,0.));
#5896=DIRECTION('ref_axis',(0.,-1.,0.));
#5897=DIRECTION('',(0.,-1.,0.));
#5898=DIRECTION('center_axis',(-1.,0.,0.));
#5899=DIRECTION('ref_axis',(0.,1.,1.48029736616688E-15));
#5900=DIRECTION('',(0.,0.,-1.));
#5901=DIRECTION('',(0.,1.,0.));
#5902=DIRECTION('',(0.,0.,-1.));
#5903=DIRECTION('center_axis',(-1.,0.,0.));
#5904=DIRECTION('ref_axis',(0.,1.,0.));
#5905=DIRECTION('',(0.,-1.,0.));
#5906=DIRECTION('center_axis',(1.11022302462516E-15,0.,-1.));
#5907=DIRECTION('ref_axis',(1.,-6.79815536723445E-32,1.11022302462516E-15));
#5908=DIRECTION('',(0.,-1.,0.));
#5909=DIRECTION('',(1.,-6.79815536723445E-32,1.11022302462516E-15));
#5910=DIRECTION('center_axis',(0.,1.,6.12323399573677E-17));
#5911=DIRECTION('ref_axis',(1.,0.,0.));
#5912=DIRECTION('center_axis',(-0.707106781186551,0.,0.707106781186544));
#5913=DIRECTION('ref_axis',(0.707106781186544,0.,0.707106781186551));
#5914=DIRECTION('',(0.,-1.,0.));
#5915=DIRECTION('',(0.577350269189622,0.577350269189628,0.577350269189628));
#5916=DIRECTION('',(0.,1.,0.));
#5917=DIRECTION('',(0.577350269189622,-0.577350269189628,0.577350269189628));
#5918=DIRECTION('center_axis',(0.,-0.707106781186547,0.707106781186548));
#5919=DIRECTION('ref_axis',(1.,0.,0.));
#5920=DIRECTION('',(1.,0.,0.));
#5921=DIRECTION('',(-0.577350269189622,0.577350269189628,0.577350269189628));
#5922=DIRECTION('',(-1.,0.,0.));
#5923=DIRECTION('center_axis',(7.85046229341887E-16,0.707106781186547,0.707106781186548));
#5924=DIRECTION('ref_axis',(1.,0.,-1.11022302462515E-15));
#5925=DIRECTION('',(1.,-1.11022302462516E-15,0.));
#5926=DIRECTION('',(0.577350269189622,0.577350269189628,-0.577350269189628));
#5927=DIRECTION('',(-1.,1.11022302462516E-15,0.));
#5928=DIRECTION('center_axis',(0.707106781186551,0.,0.707106781186544));
#5929=DIRECTION('ref_axis',(0.707106781186544,0.,-0.707106781186551));
#5930=DIRECTION('',(0.,-1.,0.));
#5931=DIRECTION('center_axis',(0.,-1.,0.));
#5932=DIRECTION('ref_axis',(-1.,0.,0.));
#5933=DIRECTION('',(0.,0.,-1.));
#5934=DIRECTION('',(-1.,0.,0.));
#5935=DIRECTION('center_axis',(-1.,0.,0.));
#5936=DIRECTION('ref_axis',(0.,1.,0.));
#5937=DIRECTION('',(0.,-1.,0.));
#5938=DIRECTION('center_axis',(-1.,0.,0.));
#5939=DIRECTION('ref_axis',(0.,1.,0.));
#5940=DIRECTION('',(0.,0.,-1.));
#5941=DIRECTION('center_axis',(-1.,0.,0.));
#5942=DIRECTION('ref_axis',(0.,1.,0.));
#5943=DIRECTION('center_axis',(0.,0.,1.));
#5944=DIRECTION('ref_axis',(1.,0.,0.));
#5945=DIRECTION('center_axis',(0.,0.,1.));
#5946=DIRECTION('ref_axis',(-1.,0.,0.));
#5947=DIRECTION('',(-1.,0.,0.));
#5948=DIRECTION('center_axis',(-1.,0.,0.));
#5949=DIRECTION('ref_axis',(0.,1.,0.));
#5950=DIRECTION('center_axis',(-1.,0.,0.));
#5951=DIRECTION('ref_axis',(0.,1.,0.));
#5952=DIRECTION('',(1.,-1.11022302462516E-15,0.));
#5953=DIRECTION('center_axis',(1.11022302462516E-15,1.,0.));
#5954=DIRECTION('ref_axis',(1.,-1.11022302462516E-15,0.));
#5955=DIRECTION('center_axis',(7.85046229341887E-16,-0.707106781186548,
-0.707106781186548));
#5956=DIRECTION('ref_axis',(-1.,0.,-1.11022302462516E-15));
#5957=DIRECTION('',(-1.,6.79815536723445E-32,-1.11022302462516E-15));
#5958=DIRECTION('',(-0.577350269189626,0.577350269189626,-0.577350269189626));
#5959=DIRECTION('',(1.,-6.79815536723445E-32,1.11022302462516E-15));
#5960=DIRECTION('',(0.577350269189626,0.577350269189626,-0.577350269189626));
#5961=DIRECTION('center_axis',(-0.707106781186548,-0.707106781186548,-4.32978028117747E-17));
#5962=DIRECTION('ref_axis',(-6.12323399573677E-17,0.,1.));
#5963=DIRECTION('',(0.,-6.12323399573677E-17,1.));
#5964=DIRECTION('',(-0.577350269189626,0.577350269189626,0.577350269189626));
#5965=DIRECTION('',(0.,6.12323399573677E-17,-1.));
#5966=DIRECTION('center_axis',(0.,-0.707106781186548,0.707106781186548));
#5967=DIRECTION('ref_axis',(1.,0.,0.));
#5968=DIRECTION('',(1.,0.,0.));
#5969=DIRECTION('',(0.577350269189626,0.577350269189626,0.577350269189626));
#5970=DIRECTION('',(-1.,0.,0.));
#5971=DIRECTION('center_axis',(0.707106781186548,-0.707106781186548,-4.32978028117747E-17));
#5972=DIRECTION('ref_axis',(-6.12323399573677E-17,0.,-1.));
#5973=DIRECTION('',(0.,-6.12323399573677E-17,1.));
#5974=DIRECTION('',(0.,6.12323399573677E-17,-1.));
#5975=DIRECTION('center_axis',(1.,0.,0.));
#5976=DIRECTION('ref_axis',(0.,-1.,0.));
#5977=DIRECTION('',(0.,-1.,0.));
#5978=DIRECTION('center_axis',(-1.,0.,0.));
#5979=DIRECTION('ref_axis',(0.,1.,1.48029736616688E-15));
#5980=DIRECTION('',(0.,0.,-1.));
#5981=DIRECTION('',(0.,1.,0.));
#5982=DIRECTION('',(0.,0.,-1.));
#5983=DIRECTION('center_axis',(-1.,0.,0.));
#5984=DIRECTION('ref_axis',(0.,1.,0.));
#5985=DIRECTION('',(0.,-1.,0.));
#5986=DIRECTION('center_axis',(1.11022302462516E-15,0.,-1.));
#5987=DIRECTION('ref_axis',(1.,-6.79815536723445E-32,1.11022302462516E-15));
#5988=DIRECTION('',(0.,-1.,0.));
#5989=DIRECTION('',(1.,-6.79815536723445E-32,1.11022302462516E-15));
#5990=DIRECTION('center_axis',(0.,1.,6.12323399573677E-17));
#5991=DIRECTION('ref_axis',(1.,0.,0.));
#5992=DIRECTION('center_axis',(-0.707106781186551,0.,0.707106781186544));
#5993=DIRECTION('ref_axis',(0.707106781186544,0.,0.707106781186551));
#5994=DIRECTION('',(0.,-1.,0.));
#5995=DIRECTION('',(0.577350269189622,0.577350269189628,0.577350269189628));
#5996=DIRECTION('',(0.,1.,0.));
#5997=DIRECTION('',(0.577350269189622,-0.577350269189628,0.577350269189628));
#5998=DIRECTION('center_axis',(0.,-0.707106781186547,0.707106781186548));
#5999=DIRECTION('ref_axis',(1.,0.,0.));
#6000=DIRECTION('',(1.,0.,0.));
#6001=DIRECTION('',(-0.577350269189622,0.577350269189628,0.577350269189628));
#6002=DIRECTION('',(-1.,0.,0.));
#6003=DIRECTION('center_axis',(7.85046229341887E-16,0.707106781186547,0.707106781186548));
#6004=DIRECTION('ref_axis',(1.,0.,-1.11022302462515E-15));
#6005=DIRECTION('',(1.,-1.11022302462516E-15,0.));
#6006=DIRECTION('',(0.577350269189622,0.577350269189628,-0.577350269189628));
#6007=DIRECTION('',(-1.,1.11022302462516E-15,0.));
#6008=DIRECTION('center_axis',(0.707106781186551,0.,0.707106781186544));
#6009=DIRECTION('ref_axis',(0.707106781186544,0.,-0.707106781186551));
#6010=DIRECTION('',(0.,-1.,0.));
#6011=DIRECTION('center_axis',(0.,-1.,0.));
#6012=DIRECTION('ref_axis',(-1.,0.,0.));
#6013=DIRECTION('',(0.,0.,-1.));
#6014=DIRECTION('',(-1.,0.,0.));
#6015=DIRECTION('center_axis',(-1.,0.,0.));
#6016=DIRECTION('ref_axis',(0.,1.,0.));
#6017=DIRECTION('',(0.,-1.,0.));
#6018=DIRECTION('center_axis',(-1.,0.,0.));
#6019=DIRECTION('ref_axis',(0.,1.,0.));
#6020=DIRECTION('',(0.,0.,-1.));
#6021=DIRECTION('center_axis',(-1.,0.,0.));
#6022=DIRECTION('ref_axis',(0.,1.,0.));
#6023=DIRECTION('center_axis',(0.,0.,1.));
#6024=DIRECTION('ref_axis',(1.,0.,0.));
#6025=DIRECTION('center_axis',(0.,0.,1.));
#6026=DIRECTION('ref_axis',(-1.,0.,0.));
#6027=DIRECTION('',(-1.,0.,0.));
#6028=DIRECTION('center_axis',(-1.,0.,0.));
#6029=DIRECTION('ref_axis',(0.,1.,0.));
#6030=DIRECTION('center_axis',(-1.,0.,0.));
#6031=DIRECTION('ref_axis',(0.,1.,0.));
#6032=DIRECTION('',(1.,-1.11022302462516E-15,0.));
#6033=DIRECTION('center_axis',(1.11022302462516E-15,1.,0.));
#6034=DIRECTION('ref_axis',(1.,-1.11022302462516E-15,0.));
#6035=DIRECTION('center_axis',(7.85046229341887E-16,-0.707106781186548,
-0.707106781186548));
#6036=DIRECTION('ref_axis',(-1.,0.,-1.11022302462516E-15));
#6037=DIRECTION('',(-1.,6.79815536723445E-32,-1.11022302462516E-15));
#6038=DIRECTION('',(-0.577350269189626,0.577350269189626,-0.577350269189626));
#6039=DIRECTION('',(1.,-6.79815536723445E-32,1.11022302462516E-15));
#6040=DIRECTION('',(0.577350269189626,0.577350269189626,-0.577350269189626));
#6041=DIRECTION('center_axis',(-0.707106781186548,-0.707106781186548,-4.32978028117747E-17));
#6042=DIRECTION('ref_axis',(-6.12323399573677E-17,0.,1.));
#6043=DIRECTION('',(0.,-6.12323399573677E-17,1.));
#6044=DIRECTION('',(-0.577350269189626,0.577350269189626,0.577350269189626));
#6045=DIRECTION('',(0.,6.12323399573677E-17,-1.));
#6046=DIRECTION('center_axis',(0.,-0.707106781186548,0.707106781186548));
#6047=DIRECTION('ref_axis',(1.,0.,0.));
#6048=DIRECTION('',(1.,0.,0.));
#6049=DIRECTION('',(0.577350269189626,0.577350269189626,0.577350269189626));
#6050=DIRECTION('',(-1.,0.,0.));
#6051=DIRECTION('center_axis',(0.707106781186548,-0.707106781186548,-4.32978028117747E-17));
#6052=DIRECTION('ref_axis',(-6.12323399573677E-17,0.,-1.));
#6053=DIRECTION('',(0.,-6.12323399573677E-17,1.));
#6054=DIRECTION('',(0.,6.12323399573677E-17,-1.));
#6055=DIRECTION('center_axis',(1.,0.,0.));
#6056=DIRECTION('ref_axis',(0.,-1.,0.));
#6057=DIRECTION('',(0.,-1.,0.));
#6058=DIRECTION('center_axis',(-1.,0.,0.));
#6059=DIRECTION('ref_axis',(0.,1.,1.48029736616688E-15));
#6060=DIRECTION('',(0.,0.,-1.));
#6061=DIRECTION('',(0.,1.,0.));
#6062=DIRECTION('',(0.,0.,-1.));
#6063=DIRECTION('center_axis',(-1.,0.,0.));
#6064=DIRECTION('ref_axis',(0.,1.,0.));
#6065=DIRECTION('',(0.,-1.,0.));
#6066=DIRECTION('center_axis',(1.11022302462516E-15,0.,-1.));
#6067=DIRECTION('ref_axis',(1.,-6.79815536723445E-32,1.11022302462516E-15));
#6068=DIRECTION('',(0.,-1.,0.));
#6069=DIRECTION('',(1.,-6.79815536723445E-32,1.11022302462516E-15));
#6070=DIRECTION('center_axis',(0.,1.,6.12323399573677E-17));
#6071=DIRECTION('ref_axis',(1.,0.,0.));
#6072=DIRECTION('center_axis',(-0.707106781186551,0.,0.707106781186544));
#6073=DIRECTION('ref_axis',(0.707106781186544,0.,0.707106781186551));
#6074=DIRECTION('',(0.,-1.,0.));
#6075=DIRECTION('',(0.577350269189622,0.577350269189628,0.577350269189628));
#6076=DIRECTION('',(0.,1.,0.));
#6077=DIRECTION('',(0.577350269189622,-0.577350269189628,0.577350269189628));
#6078=DIRECTION('center_axis',(0.,-0.707106781186547,0.707106781186548));
#6079=DIRECTION('ref_axis',(1.,0.,0.));
#6080=DIRECTION('',(1.,0.,0.));
#6081=DIRECTION('',(-0.577350269189622,0.577350269189628,0.577350269189628));
#6082=DIRECTION('',(-1.,0.,0.));
#6083=DIRECTION('center_axis',(7.85046229341887E-16,0.707106781186547,0.707106781186548));
#6084=DIRECTION('ref_axis',(1.,0.,-1.11022302462515E-15));
#6085=DIRECTION('',(1.,-1.11022302462516E-15,0.));
#6086=DIRECTION('',(0.577350269189622,0.577350269189628,-0.577350269189628));
#6087=DIRECTION('',(-1.,1.11022302462516E-15,0.));
#6088=DIRECTION('center_axis',(0.707106781186551,0.,0.707106781186544));
#6089=DIRECTION('ref_axis',(0.707106781186544,0.,-0.707106781186551));
#6090=DIRECTION('',(0.,-1.,0.));
#6091=DIRECTION('center_axis',(0.,-1.,0.));
#6092=DIRECTION('ref_axis',(-1.,0.,0.));
#6093=DIRECTION('',(0.,0.,-1.));
#6094=DIRECTION('',(-1.,0.,0.));
#6095=DIRECTION('center_axis',(-1.,0.,0.));
#6096=DIRECTION('ref_axis',(0.,1.,0.));
#6097=DIRECTION('',(0.,-1.,0.));
#6098=DIRECTION('center_axis',(-1.,0.,0.));
#6099=DIRECTION('ref_axis',(0.,1.,0.));
#6100=DIRECTION('',(0.,0.,-1.));
#6101=DIRECTION('center_axis',(-1.,0.,0.));
#6102=DIRECTION('ref_axis',(0.,1.,0.));
#6103=DIRECTION('center_axis',(0.,0.,1.));
#6104=DIRECTION('ref_axis',(1.,0.,0.));
#6105=DIRECTION('center_axis',(0.,0.,1.));
#6106=DIRECTION('ref_axis',(-1.,0.,0.));
#6107=DIRECTION('',(-1.,0.,0.));
#6108=DIRECTION('center_axis',(-1.,0.,0.));
#6109=DIRECTION('ref_axis',(0.,1.,0.));
#6110=DIRECTION('center_axis',(-1.,0.,0.));
#6111=DIRECTION('ref_axis',(0.,1.,0.));
#6112=DIRECTION('',(1.,-1.11022302462516E-15,0.));
#6113=DIRECTION('center_axis',(1.11022302462516E-15,1.,0.));
#6114=DIRECTION('ref_axis',(1.,-1.11022302462516E-15,0.));
#6115=CARTESIAN_POINT('',(0.,0.,0.));
#6116=CARTESIAN_POINT('Origin',(8.95,2.5,-2.));
#6117=CARTESIAN_POINT('',(8.35,2.5,0.));
#6118=CARTESIAN_POINT('',(8.35,2.5,-2.));
#6119=CARTESIAN_POINT('',(8.35,2.5,-2.5));
#6120=CARTESIAN_POINT('',(8.95,2.5,0.));
#6121=CARTESIAN_POINT('',(4.475,2.5,0.));
#6122=CARTESIAN_POINT('',(8.95,2.5,-2.));
#6123=CARTESIAN_POINT('',(8.95,2.5,-2.5));
#6124=CARTESIAN_POINT('',(8.95,2.5,-2.));
#6125=CARTESIAN_POINT('Origin',(8.95,3.5,-2.));
#6126=CARTESIAN_POINT('',(8.35,3.5,-2.));
#6127=CARTESIAN_POINT('',(8.35,2.95,-2.));
#6128=CARTESIAN_POINT('',(8.95,3.5,-2.));
#6129=CARTESIAN_POINT('',(8.95,2.95,-2.));
#6130=CARTESIAN_POINT('',(8.95,3.5,-2.));
#6131=CARTESIAN_POINT('Origin',(8.95,3.5,0.));
#6132=CARTESIAN_POINT('',(8.35,3.5,-3.37037740267766E-32));
#6133=CARTESIAN_POINT('',(8.35,3.5,-1.5));
#6134=CARTESIAN_POINT('',(8.95,3.5,0.));
#6135=CARTESIAN_POINT('',(8.95,3.5,-1.5));
#6136=CARTESIAN_POINT('',(4.475,3.5,-3.37037740267766E-32));
#6137=CARTESIAN_POINT('Origin',(8.95,3.5,0.));
#6138=CARTESIAN_POINT('',(-8.35,3.5,-3.37037740267766E-32));
#6139=CARTESIAN_POINT('',(-8.35,3.5,-2.));
#6140=CARTESIAN_POINT('',(-8.35,3.5,-1.5));
#6141=CARTESIAN_POINT('',(-8.95,3.5,-3.37037740267766E-32));
#6142=CARTESIAN_POINT('',(4.475,3.5,-3.37037740267766E-32));
#6143=CARTESIAN_POINT('',(-8.95,3.5,-2.));
#6144=CARTESIAN_POINT('',(-8.95,3.5,-1.5));
#6145=CARTESIAN_POINT('',(8.95,3.5,-2.));
#6146=CARTESIAN_POINT('Origin',(8.95,3.5,-2.));
#6147=CARTESIAN_POINT('',(-8.35,2.5,-2.));
#6148=CARTESIAN_POINT('',(-8.35,2.95,-2.));
#6149=CARTESIAN_POINT('',(-8.95,2.5,-2.));
#6150=CARTESIAN_POINT('',(-8.95,2.95,-2.));
#6151=CARTESIAN_POINT('',(8.95,2.5,-2.));
#6152=CARTESIAN_POINT('Origin',(8.95,2.5,-2.));
#6153=CARTESIAN_POINT('',(-8.35,2.5,0.));
#6154=CARTESIAN_POINT('',(-8.35,2.5,-2.5));
#6155=CARTESIAN_POINT('',(-8.95,2.5,-2.40741243048404E-32));
#6156=CARTESIAN_POINT('',(-8.95,2.5,-2.5));
#6157=CARTESIAN_POINT('',(4.475,2.5,0.));
#6158=CARTESIAN_POINT('Origin',(-8.95,2.4,-3.));
#6159=CARTESIAN_POINT('',(-8.95,4.8,0.));
#6160=CARTESIAN_POINT('',(-8.95,0.,0.));
#6161=CARTESIAN_POINT('',(-8.95,4.8,-6.));
#6162=CARTESIAN_POINT('',(-8.95,4.8,-4.62223186652937E-32));
#6163=CARTESIAN_POINT('',(-8.95,3.3,-6.00000000000001));
#6164=CARTESIAN_POINT('',(-8.95,4.8,-6.));
#6165=CARTESIAN_POINT('',(-8.95,2.5,-7.59999999999999));
#6166=CARTESIAN_POINT('',(-8.95,3.3,-6.00000000000001));
#6167=CARTESIAN_POINT('',(-8.95,-1.39609735102798E-15,-7.6));
#6168=CARTESIAN_POINT('',(-8.95,2.5,-7.59999999999999));
#6169=CARTESIAN_POINT('',(-8.95,0.,0.));
#6170=CARTESIAN_POINT('',(-8.95,-1.39609735102798E-15,-7.6));
#6171=CARTESIAN_POINT('',(-8.95,0.,0.));
#6172=CARTESIAN_POINT('Origin',(0.,4.8,-4.62223186652937E-32));
#6173=CARTESIAN_POINT('',(-8.35,4.2,-1.34815096107107E-32));
#6174=CARTESIAN_POINT('',(-8.35,3.6,0.));
#6175=CARTESIAN_POINT('',(-6.15,4.2,-6.78472087415083E-16));
#6176=CARTESIAN_POINT('',(0.,4.2,0.));
#6177=CARTESIAN_POINT('',(-6.15,4.8,-6.78472087415083E-16));
#6178=CARTESIAN_POINT('',(-6.15,4.8,0.));
#6179=CARTESIAN_POINT('',(0.,4.8,-4.62223186652937E-32));
#6180=CARTESIAN_POINT('Origin',(0.,4.8,-4.62223186652937E-32));
#6181=CARTESIAN_POINT('',(8.95,4.8,0.));
#6182=CARTESIAN_POINT('',(8.95,0.,0.));
#6183=CARTESIAN_POINT('',(6.15,4.8,-6.78472087415083E-16));
#6184=CARTESIAN_POINT('',(0.,4.8,-4.62223186652937E-32));
#6185=CARTESIAN_POINT('',(6.15,4.2,-6.78472087415083E-16));
#6186=CARTESIAN_POINT('',(6.15,4.8,0.));
#6187=CARTESIAN_POINT('',(8.35,4.2,-1.34815096107107E-32));
#6188=CARTESIAN_POINT('',(0.,4.2,0.));
#6189=CARTESIAN_POINT('',(8.35,3.6,0.));
#6190=CARTESIAN_POINT('Origin',(8.35,2.4,-3.));
#6191=CARTESIAN_POINT('',(8.35,4.2,-3.57734173766289));
#6192=CARTESIAN_POINT('',(8.35,4.2,-4.5));
#6193=CARTESIAN_POINT('',(8.35,3.8,-3.57734173766289));
#6194=CARTESIAN_POINT('',(8.35,3.6,-3.57734173766289));
#6195=CARTESIAN_POINT('',(8.35,3.8,-5.4));
#6196=CARTESIAN_POINT('',(8.35,3.8,-4.39231598626968));
#6197=CARTESIAN_POINT('',(8.35,0.8,-5.40000000000002));
#6198=CARTESIAN_POINT('',(8.35,1.2,-5.40000000000001));
#6199=CARTESIAN_POINT('',(8.35,0.8,2.69630192214213E-32));
#6200=CARTESIAN_POINT('',(8.35,0.8,-1.5));
#6201=CARTESIAN_POINT('',(8.35,3.6,0.));
#6202=CARTESIAN_POINT('Origin',(-6.15,4.8,-4.));
#6203=CARTESIAN_POINT('',(-6.15,4.2,-4.));
#6204=CARTESIAN_POINT('',(-6.15,4.2,-5.));
#6205=CARTESIAN_POINT('',(-6.15,4.8,-4.));
#6206=CARTESIAN_POINT('',(-6.15,4.8,-4.));
#6207=CARTESIAN_POINT('',(-6.15,4.8,-5.));
#6208=CARTESIAN_POINT('Origin',(-8.45,4.8,-3.57734173766289));
#6209=CARTESIAN_POINT('',(-8.35,3.8,-3.57734173766289));
#6210=CARTESIAN_POINT('',(-8.35,4.2,-3.57734173766289));
#6211=CARTESIAN_POINT('',(-8.35,3.6,-3.57734173766289));
#6212=CARTESIAN_POINT('',(-8.45,3.8,-3.57734173766289));
#6213=CARTESIAN_POINT('',(-7.45,3.8,-3.57734173766289));
#6214=CARTESIAN_POINT('',(-8.45,4.8,-3.57734173766289));
#6215=CARTESIAN_POINT('',(-8.45,4.8,-3.57734173766289));
#6216=CARTESIAN_POINT('',(-7.45,4.8,-3.57734173766289));
#6217=CARTESIAN_POINT('',(-4.225,4.8,-3.57734173766289));
#6218=CARTESIAN_POINT('',(-7.45,4.2,-3.57734173766289));
#6219=CARTESIAN_POINT('',(-7.45,4.8,-3.57734173766289));
#6220=CARTESIAN_POINT('',(-4.225,4.2,-3.57734173766289));
#6221=CARTESIAN_POINT('Origin',(-8.45,4.8,-6.));
#6222=CARTESIAN_POINT('',(-8.45,4.8,-6.));
#6223=CARTESIAN_POINT('',(-8.45,4.8,-6.));
#6224=CARTESIAN_POINT('',(-8.45,3.8,-6.));
#6225=CARTESIAN_POINT('',(-8.45,3.8,-3.57734173766289));
#6226=CARTESIAN_POINT('',(-8.45,2.4,-6.00000000000001));
#6227=CARTESIAN_POINT('Origin',(-7.45,4.8,-3.57734173766289));
#6228=CARTESIAN_POINT('',(-7.45,4.2,-5.4));
#6229=CARTESIAN_POINT('',(-7.45,3.8,-5.4));
#6230=CARTESIAN_POINT('',(-7.45,2.4,-5.40000000000001));
#6231=CARTESIAN_POINT('',(-7.45,4.2,-4.78867086883145));
#6232=CARTESIAN_POINT('',(-7.45,4.8,-5.7999998435378));
#6233=CARTESIAN_POINT('',(-7.45,4.8,-4.78867086883145));
#6234=CARTESIAN_POINT('',(-7.45,3.8,-5.7999998435378));
#6235=CARTESIAN_POINT('',(-7.45,4.8,-5.7999998435378));
#6236=CARTESIAN_POINT('',(-7.45,3.8,-7.99192220741581));
#6237=CARTESIAN_POINT('Origin',(-7.95,3.8,-5.78463197253935));
#6238=CARTESIAN_POINT('',(-8.35,3.8,-5.4));
#6239=CARTESIAN_POINT('',(-8.35,3.8,-4.39231598626968));
#6240=CARTESIAN_POINT('',(-3.975,3.8,-5.4));
#6241=CARTESIAN_POINT('',(-7.6,3.8,-5.7999998435378));
#6242=CARTESIAN_POINT('',(-7.175,3.8,-5.7999998435378));
#6243=CARTESIAN_POINT('',(-7.60000000424683,3.8,-6.));
#6244=CARTESIAN_POINT('',(-7.60000000026622,3.8,-5.79231590197567));
#6245=CARTESIAN_POINT('',(-3.975,3.8,-6.));
#6246=CARTESIAN_POINT('Origin',(-6.4,4.8,-5.7999998435378));
#6247=CARTESIAN_POINT('',(-6.4,4.8,-5.7999998435378));
#6248=CARTESIAN_POINT('',(-3.2,4.8,-5.7999998435378));
#6249=CARTESIAN_POINT('',(-6.4,0.2,-5.79999984353781));
#6250=CARTESIAN_POINT('',(-6.4,4.8,-5.7999998435378));
#6251=CARTESIAN_POINT('',(-7.6,0.2,-5.79999984353781));
#6252=CARTESIAN_POINT('',(-7.375,0.2,-5.7999998435378));
#6253=CARTESIAN_POINT('',(-7.6,4.8,-5.7999998435378));
#6254=CARTESIAN_POINT('',(-6.74999999999977,2.85,-5.7999998435378));
#6255=CARTESIAN_POINT('',(-7.25000000000024,2.85,-5.7999998435378));
#6256=CARTESIAN_POINT('',(-6.57499999999989,2.85,-5.79999984353781));
#6257=CARTESIAN_POINT('',(-6.74999999999977,3.35,-5.7999998435378));
#6258=CARTESIAN_POINT('',(-6.74999999999977,4.075,-5.79999984353781));
#6259=CARTESIAN_POINT('',(-7.25000000000024,3.35,-5.7999998435378));
#6260=CARTESIAN_POINT('',(-6.82500000000012,3.35,-5.79999984353781));
#6261=CARTESIAN_POINT('',(-7.25000000000024,3.825,-5.79999984353781));
#6262=CARTESIAN_POINT('Origin',(0.,4.8,-6.));
#6263=CARTESIAN_POINT('',(6.15,4.8,-4.));
#6264=CARTESIAN_POINT('',(0.,4.8,-4.));
#6265=CARTESIAN_POINT('',(6.15,4.8,-5.));
#6266=CARTESIAN_POINT('',(8.95,4.8,-6.));
#6267=CARTESIAN_POINT('',(8.95,4.8,-4.62223186652937E-32));
#6268=CARTESIAN_POINT('',(8.45,4.8,-6.));
#6269=CARTESIAN_POINT('',(0.,4.8,-6.));
#6270=CARTESIAN_POINT('',(8.45,4.8,-3.57734173766289));
#6271=CARTESIAN_POINT('',(8.45,4.8,-6.));
#6272=CARTESIAN_POINT('',(7.45,4.8,-3.57734173766289));
#6273=CARTESIAN_POINT('',(4.225,4.8,-3.57734173766289));
#6274=CARTESIAN_POINT('',(7.45,4.8,-5.7999998435378));
#6275=CARTESIAN_POINT('',(7.45,4.8,-4.78867086883145));
#6276=CARTESIAN_POINT('',(6.4,4.8,-5.7999998435378));
#6277=CARTESIAN_POINT('',(3.8,4.8,-5.7999998435378));
#6278=CARTESIAN_POINT('',(6.40000000692904,4.8,-6.));
#6279=CARTESIAN_POINT('',(6.40000000346452,4.8,-5.89999981090425));
#6280=CARTESIAN_POINT('',(5.60000000424683,4.8,-6.));
#6281=CARTESIAN_POINT('',(0.,4.8,-6.));
#6282=CARTESIAN_POINT('',(5.6,4.8,-5.7999998435378));
#6283=CARTESIAN_POINT('',(5.60000000424683,4.8,-5.99999994054437));
#6284=CARTESIAN_POINT('',(4.4,4.8,-5.7999998435378));
#6285=CARTESIAN_POINT('',(2.8,4.8,-5.7999998435378));
#6286=CARTESIAN_POINT('',(4.40000000692904,4.8,-6.));
#6287=CARTESIAN_POINT('',(4.40000000346452,4.8,-5.89999984554945));
#6288=CARTESIAN_POINT('',(3.60000000424683,4.8,-6.));
#6289=CARTESIAN_POINT('',(0.,4.8,-6.));
#6290=CARTESIAN_POINT('',(3.6,4.8,-5.7999998435378));
#6291=CARTESIAN_POINT('',(3.60000000424683,4.8,-5.99999996177852));
#6292=CARTESIAN_POINT('',(2.4,4.8,-5.7999998435378));
#6293=CARTESIAN_POINT('',(1.8,4.8,-5.7999998435378));
#6294=CARTESIAN_POINT('',(2.40000000692904,4.8,-6.));
#6295=CARTESIAN_POINT('',(2.40000000346452,4.8,-5.89999988019466));
#6296=CARTESIAN_POINT('',(1.60000000424683,4.8,-6.));
#6297=CARTESIAN_POINT('',(0.,4.8,-6.));
#6298=CARTESIAN_POINT('',(1.6,4.8,-5.7999998435378));
#6299=CARTESIAN_POINT('',(1.60000000424683,4.8,-5.99999998301268));
#6300=CARTESIAN_POINT('',(0.399999999999996,4.8,-5.7999998435378));
#6301=CARTESIAN_POINT('',(0.799999999999998,4.8,-5.7999998435378));
#6302=CARTESIAN_POINT('',(0.400000006929042,4.8,-6.));
#6303=CARTESIAN_POINT('',(0.400000003464519,4.8,-5.89999991483986));
#6304=CARTESIAN_POINT('',(-0.399999995753169,4.8,-6.));
#6305=CARTESIAN_POINT('',(0.,4.8,-6.));
#6306=CARTESIAN_POINT('',(-0.400000000000003,4.8,-5.7999998435378));
#6307=CARTESIAN_POINT('',(-0.399999995753169,4.8,-6.00000000424683));
#6308=CARTESIAN_POINT('',(-1.6,4.8,-5.7999998435378));
#6309=CARTESIAN_POINT('',(-0.200000000000001,4.8,-5.7999998435378));
#6310=CARTESIAN_POINT('',(-1.59999999307096,4.8,-6.));
#6311=CARTESIAN_POINT('',(-1.59999999653548,4.8,-5.89999994948506));
#6312=CARTESIAN_POINT('',(-2.39999999575317,4.8,-6.));
#6313=CARTESIAN_POINT('',(0.,4.8,-6.));
#6314=CARTESIAN_POINT('',(-2.4,4.8,-5.7999998435378));
#6315=CARTESIAN_POINT('',(-2.39999999575317,4.8,-6.00000002548098));
#6316=CARTESIAN_POINT('',(-3.6,4.8,-5.7999998435378));
#6317=CARTESIAN_POINT('',(-1.2,4.8,-5.7999998435378));
#6318=CARTESIAN_POINT('',(-3.59999999307096,4.8,-6.));
#6319=CARTESIAN_POINT('',(-3.59999999653548,4.8,-5.89999998413027));
#6320=CARTESIAN_POINT('',(-4.39999999575317,4.8,-6.));
#6321=CARTESIAN_POINT('',(0.,4.8,-6.));
#6322=CARTESIAN_POINT('',(-4.4,4.8,-5.7999998435378));
#6323=CARTESIAN_POINT('',(-4.39999999575317,4.8,-6.00000004671514));
#6324=CARTESIAN_POINT('',(-5.6,4.8,-5.7999998435378));
#6325=CARTESIAN_POINT('',(-2.2,4.8,-5.7999998435378));
#6326=CARTESIAN_POINT('',(-5.59999999307096,4.8,-6.));
#6327=CARTESIAN_POINT('',(-5.59999999653548,4.8,-5.90000001877547));
#6328=CARTESIAN_POINT('',(-6.39999999575317,4.8,-6.));
#6329=CARTESIAN_POINT('',(0.,4.8,-6.));
#6330=CARTESIAN_POINT('',(-6.39999999575317,4.8,-6.00000006794929));
#6331=CARTESIAN_POINT('',(0.,4.8,-6.));
#6332=CARTESIAN_POINT('Origin',(-8.35,2.4,-3.));
#6333=CARTESIAN_POINT('',(-8.35,0.8,2.69630192214213E-32));
#6334=CARTESIAN_POINT('',(-8.35,3.6,0.));
#6335=CARTESIAN_POINT('',(-8.35,0.8,-5.40000000000002));
#6336=CARTESIAN_POINT('',(-8.35,0.8,-1.5));
#6337=CARTESIAN_POINT('',(-8.35,1.2,-5.40000000000001));
#6338=CARTESIAN_POINT('',(-8.35,4.2,-4.5));
#6339=CARTESIAN_POINT('Origin',(-8.95,3.3,-6.00000000000001));
#6340=CARTESIAN_POINT('',(-8.15,3.3,-6.00000000000001));
#6341=CARTESIAN_POINT('',(-4.475,3.3,-6.00000000000001));
#6342=CARTESIAN_POINT('',(-8.15,2.5,-7.59999999999999));
#6343=CARTESIAN_POINT('',(-8.15,3.3,-6.00000000000001));
#6344=CARTESIAN_POINT('',(-8.95,2.5,-7.59999999999999));
#6345=CARTESIAN_POINT('Origin',(-8.95,-1.10218211923262E-15,-6.));
#6346=CARTESIAN_POINT('',(-8.35,0.2,-6.00000000000002));
#6347=CARTESIAN_POINT('',(-8.35,-1.66533453693773E-15,-6.));
#6348=CARTESIAN_POINT('',(-8.35,1.02695629777827E-14,-6.00000000000002));
#6349=CARTESIAN_POINT('',(-8.15,-1.11022302462516E-15,-6.));
#6350=CARTESIAN_POINT('',(-8.95,-1.10218211923262E-15,-6.));
#6351=CARTESIAN_POINT('',(-8.15,0.2,-6.));
#6352=CARTESIAN_POINT('',(-8.15,-1.66533453693773E-15,-6.));
#6353=CARTESIAN_POINT('',(-4.175,0.2,-6.00000000000002));
#6354=CARTESIAN_POINT('Origin',(-8.95,2.5,-7.59999999999999));
#6355=CARTESIAN_POINT('',(-8.15,-1.38777878078145E-15,-7.6));
#6356=CARTESIAN_POINT('',(-8.15,2.5,-7.59999999999999));
#6357=CARTESIAN_POINT('',(-8.95,-1.39609735102798E-15,-7.6));
#6358=CARTESIAN_POINT('Origin',(-8.15,1.65,-6.8));
#6359=CARTESIAN_POINT('',(-8.15,0.824999999999997,-6.00000000000001));
#6360=CARTESIAN_POINT('',(-8.15,-1.39609735102798E-15,-7.6));
#6361=CARTESIAN_POINT('Origin',(0.,4.8,-4.));
#6362=CARTESIAN_POINT('',(6.15,4.2,-4.));
#6363=CARTESIAN_POINT('',(0.,4.2,-4.));
#6364=CARTESIAN_POINT('',(6.15,4.8,-4.));
#6365=CARTESIAN_POINT('Origin',(6.15,4.8,-4.));
#6366=CARTESIAN_POINT('',(6.15,4.2,-5.));
#6367=CARTESIAN_POINT('Origin',(7.45,4.8,-3.57734173766289));
#6368=CARTESIAN_POINT('',(7.45,3.8,-5.4));
#6369=CARTESIAN_POINT('',(7.45,4.2,-5.4));
#6370=CARTESIAN_POINT('',(7.45,2.4,-5.40000000000001));
#6371=CARTESIAN_POINT('',(7.45,3.8,-5.7999998435378));
#6372=CARTESIAN_POINT('',(7.45,3.8,-7.99192220741581));
#6373=CARTESIAN_POINT('',(7.45,4.8,-5.7999998435378));
#6374=CARTESIAN_POINT('',(7.45,4.2,-3.57734173766289));
#6375=CARTESIAN_POINT('',(7.45,4.8,-3.57734173766289));
#6376=CARTESIAN_POINT('',(7.45,4.2,-4.78867086883145));
#6377=CARTESIAN_POINT('Origin',(8.45,4.8,-3.57734173766289));
#6378=CARTESIAN_POINT('',(4.225,4.2,-3.57734173766289));
#6379=CARTESIAN_POINT('',(8.45,3.8,-3.57734173766289));
#6380=CARTESIAN_POINT('',(8.45,4.8,-3.57734173766289));
#6381=CARTESIAN_POINT('',(7.45,3.8,-3.57734173766289));
#6382=CARTESIAN_POINT('Origin',(8.45,4.8,-6.));
#6383=CARTESIAN_POINT('',(8.45,3.8,-6.));
#6384=CARTESIAN_POINT('',(8.45,2.4,-6.00000000000001));
#6385=CARTESIAN_POINT('',(8.45,3.8,-3.57734173766289));
#6386=CARTESIAN_POINT('Origin',(7.95,3.8,-5.78463197253935));
#6387=CARTESIAN_POINT('',(3.975,3.8,-5.4));
#6388=CARTESIAN_POINT('',(7.60000000424683,3.8,-6.));
#6389=CARTESIAN_POINT('',(3.975,3.8,-6.));
#6390=CARTESIAN_POINT('',(7.6,3.8,-5.7999998435378));
#6391=CARTESIAN_POINT('',(7.60000000196025,3.8,-5.89231598998565));
#6392=CARTESIAN_POINT('',(7.775,3.8,-5.7999998435378));
#6393=CARTESIAN_POINT('Origin',(7.6,4.8,-5.7999998435378));
#6394=CARTESIAN_POINT('',(7.6,0.2,-5.79999984353781));
#6395=CARTESIAN_POINT('',(7.6,4.8,-5.7999998435378));
#6396=CARTESIAN_POINT('',(6.4,0.2,-5.79999984353781));
#6397=CARTESIAN_POINT('',(-0.375000000000001,0.2,-5.7999998435378));
#6398=CARTESIAN_POINT('',(6.4,4.8,-5.7999998435378));
#6399=CARTESIAN_POINT('',(7.25000000000023,2.85,-5.7999998435378));
#6400=CARTESIAN_POINT('',(6.74999999999976,2.85,-5.7999998435378));
#6401=CARTESIAN_POINT('',(7.42500000000012,2.85,-5.79999984353781));
#6402=CARTESIAN_POINT('',(7.25000000000023,3.35,-5.7999998435378));
#6403=CARTESIAN_POINT('',(7.25000000000023,4.075,-5.79999984353781));
#6404=CARTESIAN_POINT('',(6.74999999999976,3.35,-5.7999998435378));
#6405=CARTESIAN_POINT('',(7.17499999999988,3.35,-5.79999984353781));
#6406=CARTESIAN_POINT('',(6.74999999999976,3.825,-5.79999984353781));
#6407=CARTESIAN_POINT('Origin',(0.,4.2,-6.));
#6408=CARTESIAN_POINT('',(0.,4.2,-5.4));
#6409=CARTESIAN_POINT('Origin',(8.95,-1.10218211923262E-15,-6.));
#6410=CARTESIAN_POINT('',(8.35,-1.66533453693773E-15,-6.));
#6411=CARTESIAN_POINT('',(8.35,0.2,-6.00000000000002));
#6412=CARTESIAN_POINT('',(8.35,0.10000000000001,-6.00000000000002));
#6413=CARTESIAN_POINT('',(8.15,0.2,-6.));
#6414=CARTESIAN_POINT('',(-4.175,0.2,-6.00000000000002));
#6415=CARTESIAN_POINT('',(8.15,-1.11022302462516E-15,-6.));
#6416=CARTESIAN_POINT('',(8.15,-1.66533453693773E-15,-6.));
#6417=CARTESIAN_POINT('',(8.95,-1.10218211923262E-15,-6.));
#6418=CARTESIAN_POINT('Origin',(8.95,3.3,-6.00000000000001));
#6419=CARTESIAN_POINT('',(8.95,3.3,-6.00000000000001));
#6420=CARTESIAN_POINT('',(8.95,2.5,-7.59999999999999));
#6421=CARTESIAN_POINT('',(8.95,3.3,-6.00000000000001));
#6422=CARTESIAN_POINT('',(8.15,2.5,-7.59999999999999));
#6423=CARTESIAN_POINT('',(8.95,2.5,-7.59999999999999));
#6424=CARTESIAN_POINT('',(8.15,3.3,-6.00000000000001));
#6425=CARTESIAN_POINT('',(8.15,3.3,-6.00000000000001));
#6426=CARTESIAN_POINT('',(4.475,3.3,-6.00000000000001));
#6427=CARTESIAN_POINT('Origin',(8.95,2.5,-7.59999999999999));
#6428=CARTESIAN_POINT('',(8.95,-1.39609735102798E-15,-7.6));
#6429=CARTESIAN_POINT('',(8.95,2.5,-7.59999999999999));
#6430=CARTESIAN_POINT('',(8.15,-1.38777878078145E-15,-7.6));
#6431=CARTESIAN_POINT('',(8.95,-1.39609735102798E-15,-7.6));
#6432=CARTESIAN_POINT('',(8.15,2.5,-7.59999999999999));
#6433=CARTESIAN_POINT('Origin',(8.15,1.65,-6.8));
#6434=CARTESIAN_POINT('',(8.15,-1.39609735102798E-15,-7.6));
#6435=CARTESIAN_POINT('',(8.15,0.824999999999997,-6.00000000000001));
#6436=CARTESIAN_POINT('Origin',(0.,-1.66533453693773E-15,-6.00000000000002));
#6437=CARTESIAN_POINT('',(8.95,4.8,-6.));
#6438=CARTESIAN_POINT('',(7.60000000424683,0.2,-6.));
#6439=CARTESIAN_POINT('',(-4.175,0.2,-6.00000000000002));
#6440=CARTESIAN_POINT('',(7.60000000424683,2.4,-6.00000000000001));
#6441=CARTESIAN_POINT('Origin',(6.4,4.8,-5.7999998435378));
#6442=CARTESIAN_POINT('',(6.40000000692904,0.2,-6.));
#6443=CARTESIAN_POINT('',(6.3999998995289,0.2,-2.89999966626053));
#6444=CARTESIAN_POINT('',(6.40000000692904,2.4,-6.00000000000001));
#6445=CARTESIAN_POINT('Origin',(7.60000000424683,4.8,-6.));
#6446=CARTESIAN_POINT('',(7.59999994054437,0.2,-2.99999983065763));
#6447=CARTESIAN_POINT('Origin',(0.,-1.66533453693773E-15,-6.00000000000002));
#6448=CARTESIAN_POINT('',(5.60000000424683,0.2,-6.));
#6449=CARTESIAN_POINT('',(-4.175,0.2,-6.00000000000002));
#6450=CARTESIAN_POINT('',(5.60000000424683,2.4,-6.00000000000001));
#6451=CARTESIAN_POINT('Origin',(6.74999999999976,3.35,-5.40000000000001));
#6452=CARTESIAN_POINT('',(7.25000000000023,3.35,-5.40000000000001));
#6453=CARTESIAN_POINT('',(7.25000000000023,3.35,-5.40000000000001));
#6454=CARTESIAN_POINT('',(6.74999999999976,3.35,-5.40000000000001));
#6455=CARTESIAN_POINT('',(3.37499999999988,3.35,-5.40000000000001));
#6456=CARTESIAN_POINT('',(6.74999999999976,3.35,-5.40000000000001));
#6457=CARTESIAN_POINT('Origin',(7.25000000000023,3.35,-5.40000000000001));
#6458=CARTESIAN_POINT('',(7.25000000000023,2.85,-5.40000000000001));
#6459=CARTESIAN_POINT('',(7.25000000000023,2.85,-5.40000000000001));
#6460=CARTESIAN_POINT('',(7.25000000000023,1.675,-5.40000000000001));
#6461=CARTESIAN_POINT('Origin',(7.25000000000023,2.85,-5.40000000000001));
#6462=CARTESIAN_POINT('',(6.74999999999976,2.85,-5.40000000000001));
#6463=CARTESIAN_POINT('',(6.74999999999976,2.85,-5.40000000000001));
#6464=CARTESIAN_POINT('',(3.62500000000012,2.85,-5.40000000000001));
#6465=CARTESIAN_POINT('Origin',(6.74999999999976,2.85,-5.40000000000001));
#6466=CARTESIAN_POINT('',(6.74999999999976,1.425,-5.40000000000001));
#6467=CARTESIAN_POINT('Origin',(4.4,4.8,-5.7999998435378));
#6468=CARTESIAN_POINT('',(4.40000000692904,0.2,-6.));
#6469=CARTESIAN_POINT('',(4.4,0.2,-5.79999984353781));
#6470=CARTESIAN_POINT('',(4.3999998995289,0.2,-2.89999970090573));
#6471=CARTESIAN_POINT('',(4.40000000692904,2.4,-6.00000000000001));
#6472=CARTESIAN_POINT('',(4.4,4.8,-5.7999998435378));
#6473=CARTESIAN_POINT('Origin',(5.6,4.8,-5.7999998435378));
#6474=CARTESIAN_POINT('',(5.6,0.2,-5.79999984353781));
#6475=CARTESIAN_POINT('',(-1.375,0.2,-5.7999998435378));
#6476=CARTESIAN_POINT('',(5.6,4.8,-5.7999998435378));
#6477=CARTESIAN_POINT('',(5.25000000000023,2.85,-5.7999998435378));
#6478=CARTESIAN_POINT('',(4.74999999999976,2.85,-5.7999998435378));
#6479=CARTESIAN_POINT('',(5.42500000000012,2.85,-5.79999984353781));
#6480=CARTESIAN_POINT('',(5.25000000000023,3.35,-5.7999998435378));
#6481=CARTESIAN_POINT('',(5.25000000000023,4.075,-5.79999984353781));
#6482=CARTESIAN_POINT('',(4.74999999999976,3.35,-5.7999998435378));
#6483=CARTESIAN_POINT('',(5.17499999999988,3.35,-5.79999984353781));
#6484=CARTESIAN_POINT('',(4.74999999999976,3.825,-5.79999984353781));
#6485=CARTESIAN_POINT('Origin',(5.60000000424683,4.8,-6.));
#6486=CARTESIAN_POINT('',(5.59999994054437,0.2,-2.99999985189178));
#6487=CARTESIAN_POINT('Origin',(0.,-1.66533453693773E-15,-6.00000000000002));
#6488=CARTESIAN_POINT('',(3.60000000424683,0.2,-6.));
#6489=CARTESIAN_POINT('',(-4.175,0.2,-6.00000000000002));
#6490=CARTESIAN_POINT('',(3.60000000424683,2.4,-6.00000000000001));
#6491=CARTESIAN_POINT('Origin',(4.74999999999976,3.35,-5.40000000000001));
#6492=CARTESIAN_POINT('',(5.25000000000023,3.35,-5.40000000000001));
#6493=CARTESIAN_POINT('',(5.25000000000023,3.35,-5.40000000000001));
#6494=CARTESIAN_POINT('',(4.74999999999976,3.35,-5.40000000000001));
#6495=CARTESIAN_POINT('',(2.37499999999988,3.35,-5.40000000000001));
#6496=CARTESIAN_POINT('',(4.74999999999976,3.35,-5.40000000000001));
#6497=CARTESIAN_POINT('Origin',(5.25000000000023,3.35,-5.40000000000001));
#6498=CARTESIAN_POINT('',(5.25000000000023,2.85,-5.40000000000001));
#6499=CARTESIAN_POINT('',(5.25000000000023,2.85,-5.40000000000001));
#6500=CARTESIAN_POINT('',(5.25000000000023,1.675,-5.40000000000001));
#6501=CARTESIAN_POINT('Origin',(5.25000000000023,2.85,-5.40000000000001));
#6502=CARTESIAN_POINT('',(4.74999999999976,2.85,-5.40000000000001));
#6503=CARTESIAN_POINT('',(4.74999999999976,2.85,-5.40000000000001));
#6504=CARTESIAN_POINT('',(2.62500000000012,2.85,-5.40000000000001));
#6505=CARTESIAN_POINT('Origin',(4.74999999999976,2.85,-5.40000000000001));
#6506=CARTESIAN_POINT('',(4.74999999999976,1.425,-5.40000000000001));
#6507=CARTESIAN_POINT('Origin',(2.4,4.8,-5.7999998435378));
#6508=CARTESIAN_POINT('',(2.40000000692904,0.2,-6.));
#6509=CARTESIAN_POINT('',(2.4,0.2,-5.79999984353781));
#6510=CARTESIAN_POINT('',(2.3999998995289,0.2,-2.89999973555093));
#6511=CARTESIAN_POINT('',(2.40000000692904,2.4,-6.00000000000001));
#6512=CARTESIAN_POINT('',(2.4,4.8,-5.7999998435378));
#6513=CARTESIAN_POINT('Origin',(3.6,4.8,-5.7999998435378));
#6514=CARTESIAN_POINT('',(3.6,0.2,-5.79999984353781));
#6515=CARTESIAN_POINT('',(-2.375,0.2,-5.7999998435378));
#6516=CARTESIAN_POINT('',(3.6,4.8,-5.7999998435378));
#6517=CARTESIAN_POINT('',(3.25000000000023,2.85,-5.7999998435378));
#6518=CARTESIAN_POINT('',(2.74999999999976,2.85,-5.7999998435378));
#6519=CARTESIAN_POINT('',(3.42500000000011,2.85,-5.79999984353781));
#6520=CARTESIAN_POINT('',(3.25000000000023,3.35,-5.7999998435378));
#6521=CARTESIAN_POINT('',(3.25000000000023,4.075,-5.79999984353781));
#6522=CARTESIAN_POINT('',(2.74999999999976,3.35,-5.7999998435378));
#6523=CARTESIAN_POINT('',(3.17499999999988,3.35,-5.79999984353781));
#6524=CARTESIAN_POINT('',(2.74999999999976,3.825,-5.79999984353781));
#6525=CARTESIAN_POINT('Origin',(3.60000000424683,4.8,-6.));
#6526=CARTESIAN_POINT('',(3.59999994054437,0.2,-2.99999987312593));
#6527=CARTESIAN_POINT('Origin',(0.,-1.66533453693773E-15,-6.00000000000002));
#6528=CARTESIAN_POINT('',(1.60000000424683,0.2,-6.));
#6529=CARTESIAN_POINT('',(-4.175,0.2,-6.00000000000002));
#6530=CARTESIAN_POINT('',(1.60000000424683,2.4,-6.00000000000001));
#6531=CARTESIAN_POINT('Origin',(2.74999999999976,3.35,-5.40000000000001));
#6532=CARTESIAN_POINT('',(3.25000000000023,3.35,-5.40000000000001));
#6533=CARTESIAN_POINT('',(3.25000000000023,3.35,-5.40000000000001));
#6534=CARTESIAN_POINT('',(2.74999999999976,3.35,-5.40000000000001));
#6535=CARTESIAN_POINT('',(1.37499999999988,3.35,-5.40000000000001));
#6536=CARTESIAN_POINT('',(2.74999999999976,3.35,-5.40000000000001));
#6537=CARTESIAN_POINT('Origin',(3.25000000000023,3.35,-5.40000000000001));
#6538=CARTESIAN_POINT('',(3.25000000000023,2.85,-5.40000000000001));
#6539=CARTESIAN_POINT('',(3.25000000000023,2.85,-5.40000000000001));
#6540=CARTESIAN_POINT('',(3.25000000000023,1.675,-5.40000000000001));
#6541=CARTESIAN_POINT('Origin',(3.25000000000023,2.85,-5.40000000000001));
#6542=CARTESIAN_POINT('',(2.74999999999976,2.85,-5.40000000000001));
#6543=CARTESIAN_POINT('',(2.74999999999976,2.85,-5.40000000000001));
#6544=CARTESIAN_POINT('',(1.62500000000012,2.85,-5.40000000000001));
#6545=CARTESIAN_POINT('Origin',(2.74999999999976,2.85,-5.40000000000001));
#6546=CARTESIAN_POINT('',(2.74999999999976,1.425,-5.40000000000001));
#6547=CARTESIAN_POINT('Origin',(0.399999999999996,4.8,-5.7999998435378));
#6548=CARTESIAN_POINT('',(0.400000006929042,0.2,-6.));
#6549=CARTESIAN_POINT('',(0.399999999999996,0.2,-5.79999984353781));
#6550=CARTESIAN_POINT('',(0.399999899528902,0.2,-2.89999977019614));
#6551=CARTESIAN_POINT('',(0.400000006929042,2.4,-6.00000000000001));
#6552=CARTESIAN_POINT('',(0.399999999999996,4.8,-5.7999998435378));
#6553=CARTESIAN_POINT('Origin',(1.6,4.8,-5.7999998435378));
#6554=CARTESIAN_POINT('',(1.6,0.2,-5.79999984353781));
#6555=CARTESIAN_POINT('',(-3.375,0.2,-5.7999998435378));
#6556=CARTESIAN_POINT('',(1.6,4.8,-5.7999998435378));
#6557=CARTESIAN_POINT('',(1.25000000000023,2.85,-5.7999998435378));
#6558=CARTESIAN_POINT('',(0.749999999999759,2.85,-5.7999998435378));
#6559=CARTESIAN_POINT('',(1.42500000000012,2.85,-5.79999984353781));
#6560=CARTESIAN_POINT('',(1.25000000000023,3.35,-5.7999998435378));
#6561=CARTESIAN_POINT('',(1.25000000000023,4.075,-5.79999984353781));
#6562=CARTESIAN_POINT('',(0.749999999999759,3.35,-5.7999998435378));
#6563=CARTESIAN_POINT('',(1.17499999999988,3.35,-5.79999984353781));
#6564=CARTESIAN_POINT('',(0.749999999999759,3.825,-5.79999984353781));
#6565=CARTESIAN_POINT('Origin',(1.60000000424683,4.8,-6.));
#6566=CARTESIAN_POINT('',(1.59999994054437,0.2,-2.99999989436009));
#6567=CARTESIAN_POINT('Origin',(0.,-1.66533453693773E-15,-6.00000000000002));
#6568=CARTESIAN_POINT('',(-0.399999995753169,0.2,-6.));
#6569=CARTESIAN_POINT('',(-4.175,0.2,-6.00000000000002));
#6570=CARTESIAN_POINT('',(-0.399999995753169,2.4,-6.00000000000001));
#6571=CARTESIAN_POINT('Origin',(0.749999999999759,3.35,-5.40000000000001));
#6572=CARTESIAN_POINT('',(1.25000000000023,3.35,-5.40000000000001));
#6573=CARTESIAN_POINT('',(1.25000000000023,3.35,-5.40000000000001));
#6574=CARTESIAN_POINT('',(0.749999999999759,3.35,-5.40000000000001));
#6575=CARTESIAN_POINT('',(0.374999999999879,3.35,-5.40000000000001));
#6576=CARTESIAN_POINT('',(0.749999999999759,3.35,-5.40000000000001));
#6577=CARTESIAN_POINT('Origin',(1.25000000000023,3.35,-5.40000000000001));
#6578=CARTESIAN_POINT('',(1.25000000000023,2.85,-5.40000000000001));
#6579=CARTESIAN_POINT('',(1.25000000000023,2.85,-5.40000000000001));
#6580=CARTESIAN_POINT('',(1.25000000000023,1.675,-5.40000000000001));
#6581=CARTESIAN_POINT('Origin',(1.25000000000023,2.85,-5.40000000000001));
#6582=CARTESIAN_POINT('',(0.749999999999759,2.85,-5.40000000000001));
#6583=CARTESIAN_POINT('',(0.749999999999759,2.85,-5.40000000000001));
#6584=CARTESIAN_POINT('',(0.625000000000117,2.85,-5.40000000000001));
#6585=CARTESIAN_POINT('Origin',(0.749999999999759,2.85,-5.40000000000001));
#6586=CARTESIAN_POINT('',(0.749999999999759,1.425,-5.40000000000001));
#6587=CARTESIAN_POINT('Origin',(-1.6,4.8,-5.7999998435378));
#6588=CARTESIAN_POINT('',(-1.59999999307096,0.2,-6.));
#6589=CARTESIAN_POINT('',(-1.6,0.2,-5.79999984353781));
#6590=CARTESIAN_POINT('',(-1.6000001004711,0.2,-2.89999980484134));
#6591=CARTESIAN_POINT('',(-1.59999999307096,2.4,-6.00000000000001));
#6592=CARTESIAN_POINT('',(-1.6,4.8,-5.7999998435378));
#6593=CARTESIAN_POINT('Origin',(-0.400000000000003,4.8,-5.7999998435378));
#6594=CARTESIAN_POINT('',(-0.400000000000003,0.2,-5.79999984353781));
#6595=CARTESIAN_POINT('',(-4.375,0.2,-5.7999998435378));
#6596=CARTESIAN_POINT('',(-0.400000000000003,4.8,-5.7999998435378));
#6597=CARTESIAN_POINT('',(-0.749999999999766,2.85,-5.7999998435378));
#6598=CARTESIAN_POINT('',(-1.25000000000024,2.85,-5.7999998435378));
#6599=CARTESIAN_POINT('',(-0.574999999999884,2.85,-5.79999984353781));
#6600=CARTESIAN_POINT('',(-0.749999999999766,3.35,-5.7999998435378));
#6601=CARTESIAN_POINT('',(-0.749999999999766,4.075,-5.79999984353781));
#6602=CARTESIAN_POINT('',(-1.25000000000024,3.35,-5.7999998435378));
#6603=CARTESIAN_POINT('',(-0.825000000000122,3.35,-5.79999984353781));
#6604=CARTESIAN_POINT('',(-1.25000000000024,3.825,-5.79999984353781));
#6605=CARTESIAN_POINT('Origin',(-0.399999995753169,4.8,-6.));
#6606=CARTESIAN_POINT('',(-0.400000059455631,0.2,-2.99999991559424));
#6607=CARTESIAN_POINT('Origin',(0.,-1.66533453693773E-15,-6.00000000000002));
#6608=CARTESIAN_POINT('',(-2.39999999575317,0.2,-6.));
#6609=CARTESIAN_POINT('',(-4.175,0.2,-6.00000000000002));
#6610=CARTESIAN_POINT('',(-2.39999999575317,2.4,-6.00000000000001));
#6611=CARTESIAN_POINT('Origin',(-1.25000000000024,3.35,-5.40000000000001));
#6612=CARTESIAN_POINT('',(-0.749999999999766,3.35,-5.40000000000001));
#6613=CARTESIAN_POINT('',(-0.749999999999766,3.35,-5.40000000000001));
#6614=CARTESIAN_POINT('',(-1.25000000000024,3.35,-5.40000000000001));
#6615=CARTESIAN_POINT('',(-0.62500000000012,3.35,-5.40000000000001));
#6616=CARTESIAN_POINT('',(-1.25000000000024,3.35,-5.40000000000001));
#6617=CARTESIAN_POINT('Origin',(-0.749999999999766,3.35,-5.40000000000001));
#6618=CARTESIAN_POINT('',(-0.749999999999766,2.85,-5.40000000000001));
#6619=CARTESIAN_POINT('',(-0.749999999999766,2.85,-5.40000000000001));
#6620=CARTESIAN_POINT('',(-0.749999999999766,1.675,-5.40000000000001));
#6621=CARTESIAN_POINT('Origin',(-0.749999999999766,2.85,-5.40000000000001));
#6622=CARTESIAN_POINT('',(-1.25000000000024,2.85,-5.40000000000001));
#6623=CARTESIAN_POINT('',(-1.25000000000024,2.85,-5.40000000000001));
#6624=CARTESIAN_POINT('',(-0.374999999999883,2.85,-5.40000000000001));
#6625=CARTESIAN_POINT('Origin',(-1.25000000000024,2.85,-5.40000000000001));
#6626=CARTESIAN_POINT('',(-1.25000000000024,1.425,-5.40000000000001));
#6627=CARTESIAN_POINT('Origin',(-3.6,4.8,-5.7999998435378));
#6628=CARTESIAN_POINT('',(-3.59999999307096,0.2,-6.));
#6629=CARTESIAN_POINT('',(-3.6,0.2,-5.79999984353781));
#6630=CARTESIAN_POINT('',(-3.6000001004711,0.2,-2.89999983948655));
#6631=CARTESIAN_POINT('',(-3.59999999307096,2.4,-6.00000000000001));
#6632=CARTESIAN_POINT('',(-3.6,4.8,-5.7999998435378));
#6633=CARTESIAN_POINT('Origin',(-2.4,4.8,-5.7999998435378));
#6634=CARTESIAN_POINT('',(-2.4,0.2,-5.79999984353781));
#6635=CARTESIAN_POINT('',(-5.375,0.2,-5.7999998435378));
#6636=CARTESIAN_POINT('',(-2.4,4.8,-5.7999998435378));
#6637=CARTESIAN_POINT('',(-2.74999999999977,2.85,-5.7999998435378));
#6638=CARTESIAN_POINT('',(-3.25000000000024,2.85,-5.7999998435378));
#6639=CARTESIAN_POINT('',(-2.57499999999989,2.85,-5.79999984353781));
#6640=CARTESIAN_POINT('',(-2.74999999999977,3.35,-5.7999998435378));
#6641=CARTESIAN_POINT('',(-2.74999999999977,4.075,-5.79999984353781));
#6642=CARTESIAN_POINT('',(-3.25000000000024,3.35,-5.7999998435378));
#6643=CARTESIAN_POINT('',(-2.82500000000012,3.35,-5.79999984353781));
#6644=CARTESIAN_POINT('',(-3.25000000000024,3.825,-5.79999984353781));
#6645=CARTESIAN_POINT('Origin',(-2.39999999575317,4.8,-6.));
#6646=CARTESIAN_POINT('',(-2.40000005945563,0.2,-2.99999993682839));
#6647=CARTESIAN_POINT('Origin',(0.,-1.66533453693773E-15,-6.00000000000002));
#6648=CARTESIAN_POINT('',(-4.39999999575317,0.2,-6.));
#6649=CARTESIAN_POINT('',(-4.175,0.2,-6.00000000000002));
#6650=CARTESIAN_POINT('',(-4.39999999575317,2.4,-6.00000000000001));
#6651=CARTESIAN_POINT('Origin',(-3.25000000000024,3.35,-5.40000000000001));
#6652=CARTESIAN_POINT('',(-2.74999999999977,3.35,-5.40000000000001));
#6653=CARTESIAN_POINT('',(-2.74999999999977,3.35,-5.40000000000001));
#6654=CARTESIAN_POINT('',(-3.25000000000024,3.35,-5.40000000000001));
#6655=CARTESIAN_POINT('',(-1.62500000000012,3.35,-5.40000000000001));
#6656=CARTESIAN_POINT('',(-3.25000000000024,3.35,-5.40000000000001));
#6657=CARTESIAN_POINT('Origin',(-2.74999999999977,3.35,-5.40000000000001));
#6658=CARTESIAN_POINT('',(-2.74999999999977,2.85,-5.40000000000001));
#6659=CARTESIAN_POINT('',(-2.74999999999977,2.85,-5.40000000000001));
#6660=CARTESIAN_POINT('',(-2.74999999999977,1.675,-5.40000000000001));
#6661=CARTESIAN_POINT('Origin',(-2.74999999999977,2.85,-5.40000000000001));
#6662=CARTESIAN_POINT('',(-3.25000000000024,2.85,-5.40000000000001));
#6663=CARTESIAN_POINT('',(-3.25000000000024,2.85,-5.40000000000001));
#6664=CARTESIAN_POINT('',(-1.37499999999988,2.85,-5.40000000000001));
#6665=CARTESIAN_POINT('Origin',(-3.25000000000024,2.85,-5.40000000000001));
#6666=CARTESIAN_POINT('',(-3.25000000000024,1.425,-5.40000000000001));
#6667=CARTESIAN_POINT('Origin',(-5.6,4.8,-5.7999998435378));
#6668=CARTESIAN_POINT('',(-5.59999999307096,0.2,-6.));
#6669=CARTESIAN_POINT('',(-5.6,0.2,-5.79999984353781));
#6670=CARTESIAN_POINT('',(-5.6000001004711,0.2,-2.89999987413175));
#6671=CARTESIAN_POINT('',(-5.59999999307096,2.4,-6.00000000000001));
#6672=CARTESIAN_POINT('',(-5.6,4.8,-5.7999998435378));
#6673=CARTESIAN_POINT('Origin',(-4.4,4.8,-5.7999998435378));
#6674=CARTESIAN_POINT('',(-4.4,0.2,-5.79999984353781));
#6675=CARTESIAN_POINT('',(-6.375,0.2,-5.7999998435378));
#6676=CARTESIAN_POINT('',(-4.4,4.8,-5.7999998435378));
#6677=CARTESIAN_POINT('',(-4.74999999999977,2.85,-5.7999998435378));
#6678=CARTESIAN_POINT('',(-5.25000000000024,2.85,-5.7999998435378));
#6679=CARTESIAN_POINT('',(-4.57499999999989,2.85,-5.79999984353781));
#6680=CARTESIAN_POINT('',(-4.74999999999977,3.35,-5.7999998435378));
#6681=CARTESIAN_POINT('',(-4.74999999999977,4.075,-5.79999984353781));
#6682=CARTESIAN_POINT('',(-5.25000000000024,3.35,-5.7999998435378));
#6683=CARTESIAN_POINT('',(-4.82500000000012,3.35,-5.79999984353781));
#6684=CARTESIAN_POINT('',(-5.25000000000024,3.825,-5.79999984353781));
#6685=CARTESIAN_POINT('Origin',(-4.39999999575317,4.8,-6.));
#6686=CARTESIAN_POINT('',(-4.40000005945563,0.2,-2.99999995806255));
#6687=CARTESIAN_POINT('Origin',(0.,-1.66533453693773E-15,-6.00000000000002));
#6688=CARTESIAN_POINT('',(-6.39999999575317,0.2,-6.));
#6689=CARTESIAN_POINT('',(-4.175,0.2,-6.00000000000002));
#6690=CARTESIAN_POINT('',(-6.39999999575317,2.4,-6.00000000000001));
#6691=CARTESIAN_POINT('Origin',(-5.25000000000024,3.35,-5.40000000000001));
#6692=CARTESIAN_POINT('',(-4.74999999999977,3.35,-5.40000000000001));
#6693=CARTESIAN_POINT('',(-4.74999999999977,3.35,-5.40000000000001));
#6694=CARTESIAN_POINT('',(-5.25000000000024,3.35,-5.40000000000001));
#6695=CARTESIAN_POINT('',(-2.62500000000012,3.35,-5.40000000000001));
#6696=CARTESIAN_POINT('',(-5.25000000000024,3.35,-5.40000000000001));
#6697=CARTESIAN_POINT('Origin',(-4.74999999999977,3.35,-5.40000000000001));
#6698=CARTESIAN_POINT('',(-4.74999999999977,2.85,-5.40000000000001));
#6699=CARTESIAN_POINT('',(-4.74999999999977,2.85,-5.40000000000001));
#6700=CARTESIAN_POINT('',(-4.74999999999977,1.675,-5.40000000000001));
#6701=CARTESIAN_POINT('Origin',(-4.74999999999977,2.85,-5.40000000000001));
#6702=CARTESIAN_POINT('',(-5.25000000000024,2.85,-5.40000000000001));
#6703=CARTESIAN_POINT('',(-5.25000000000024,2.85,-5.40000000000001));
#6704=CARTESIAN_POINT('',(-2.37499999999988,2.85,-5.40000000000001));
#6705=CARTESIAN_POINT('Origin',(-5.25000000000024,2.85,-5.40000000000001));
#6706=CARTESIAN_POINT('',(-5.25000000000024,1.425,-5.40000000000001));
#6707=CARTESIAN_POINT('Origin',(-6.39999999575317,4.8,-6.));
#6708=CARTESIAN_POINT('',(-6.40000005945563,0.2,-2.9999999792967));
#6709=CARTESIAN_POINT('Origin',(-7.6,4.8,-5.7999998435378));
#6710=CARTESIAN_POINT('',(-7.59999999307096,0.2,-6.));
#6711=CARTESIAN_POINT('',(-7.60000010047109,0.2,-2.89999990877695));
#6712=CARTESIAN_POINT('',(-7.59999999307096,2.4,-6.00000000000001));
#6713=CARTESIAN_POINT('Origin',(-8.35,0.2,0.));
#6714=CARTESIAN_POINT('',(8.35,0.2,0.));
#6715=CARTESIAN_POINT('',(8.35,0.2,0.));
#6716=CARTESIAN_POINT('',(-8.35,0.2,0.));
#6717=CARTESIAN_POINT('',(-4.175,0.2,-1.92592994438724E-33));
#6718=CARTESIAN_POINT('',(-8.35,0.2,0.));
#6719=CARTESIAN_POINT('',(-4.175,0.2,-6.00000000000002));
#6720=CARTESIAN_POINT('Origin',(-7.25000000000024,3.35,-5.40000000000001));
#6721=CARTESIAN_POINT('',(-6.74999999999977,3.35,-5.40000000000001));
#6722=CARTESIAN_POINT('',(-6.74999999999977,3.35,-5.40000000000001));
#6723=CARTESIAN_POINT('',(-7.25000000000024,3.35,-5.40000000000001));
#6724=CARTESIAN_POINT('',(-3.62500000000012,3.35,-5.40000000000001));
#6725=CARTESIAN_POINT('',(-7.25000000000024,3.35,-5.40000000000001));
#6726=CARTESIAN_POINT('Origin',(-6.74999999999977,3.35,-5.40000000000001));
#6727=CARTESIAN_POINT('',(-6.74999999999977,2.85,-5.40000000000001));
#6728=CARTESIAN_POINT('',(-6.74999999999977,2.85,-5.40000000000001));
#6729=CARTESIAN_POINT('',(-6.74999999999977,1.675,-5.40000000000001));
#6730=CARTESIAN_POINT('Origin',(-6.74999999999977,2.85,-5.40000000000001));
#6731=CARTESIAN_POINT('',(-7.25000000000024,2.85,-5.40000000000001));
#6732=CARTESIAN_POINT('',(-7.25000000000024,2.85,-5.40000000000001));
#6733=CARTESIAN_POINT('',(-3.37499999999988,2.85,-5.40000000000001));
#6734=CARTESIAN_POINT('Origin',(-7.25000000000024,2.85,-5.40000000000001));
#6735=CARTESIAN_POINT('',(-7.25000000000024,1.425,-5.40000000000001));
#6736=CARTESIAN_POINT('Origin',(-8.35,0.8,0.));
#6737=CARTESIAN_POINT('',(-4.175,0.8,-5.40000000000002));
#6738=CARTESIAN_POINT('',(-4.175,0.8,-7.70371977754894E-33));
#6739=CARTESIAN_POINT('Origin',(0.,-3.88578058618805E-15,-5.40000000000002));
#6740=CARTESIAN_POINT('Origin',(-8.35,0.,0.));
#6741=CARTESIAN_POINT('',(-8.35,0.,0.));
#6742=CARTESIAN_POINT('',(-8.35,2.4,-2.31111593326468E-32));
#6743=CARTESIAN_POINT('',(-8.35,0.,0.));
#6744=CARTESIAN_POINT('Origin',(8.35,0.2,0.));
#6745=CARTESIAN_POINT('',(8.35,0.,0.));
#6746=CARTESIAN_POINT('',(8.35,0.,1.83697019872103E-17));
#6747=CARTESIAN_POINT('',(8.35,2.5,-2.40741243048404E-32));
#6748=CARTESIAN_POINT('Origin',(0.,4.8,-4.62223186652937E-32));
#6749=CARTESIAN_POINT('',(0.,0.,0.));
#6750=CARTESIAN_POINT('',(8.95,0.,0.));
#6751=CARTESIAN_POINT('',(0.,0.,0.));
#6752=CARTESIAN_POINT('',(8.95,0.,0.));
#6753=CARTESIAN_POINT('Origin',(0.,0.,0.));
#6754=CARTESIAN_POINT('',(8.95,-1.39609735102798E-15,-7.6));
#6755=CARTESIAN_POINT('Origin',(0.,0.,0.));
#6756=CARTESIAN_POINT('Origin',(0.,-1.66533453693773E-15,-6.00000000000002));
#6757=CARTESIAN_POINT('Origin',(8.95,2.4,-3.));
#6758=CARTESIAN_POINT('Origin',(-7.125,-3.35,-6.45));
#6759=CARTESIAN_POINT('',(-6.85,-3.4,-6.4));
#6760=CARTESIAN_POINT('',(-7.15,-3.4,-6.4));
#6761=CARTESIAN_POINT('',(-7.125,-3.4,-6.4));
#6762=CARTESIAN_POINT('',(-7.25,-3.3,-6.5));
#6763=CARTESIAN_POINT('',(-7.15,-3.4,-6.4));
#6764=CARTESIAN_POINT('',(-6.75,-3.3,-6.5));
#6765=CARTESIAN_POINT('',(-7.125,-3.3,-6.5));
#6766=CARTESIAN_POINT('',(-6.85,-3.4,-6.4));
#6767=CARTESIAN_POINT('Origin',(-7.2,-3.35,-3.125));
#6768=CARTESIAN_POINT('',(-7.15,-3.4,-6.1));
#6769=CARTESIAN_POINT('',(-7.15,-3.4,-3.125));
#6770=CARTESIAN_POINT('',(-7.25,-3.3,-6.));
#6771=CARTESIAN_POINT('',(-7.15,-3.4,-6.1));
#6772=CARTESIAN_POINT('',(-7.25,-3.3,-3.125));
#6773=CARTESIAN_POINT('Origin',(-6.875,-3.35,-6.05));
#6774=CARTESIAN_POINT('',(-6.85,-3.4,-6.1));
#6775=CARTESIAN_POINT('',(-6.875,-3.4,-6.1));
#6776=CARTESIAN_POINT('',(-6.75,-3.3,-6.));
#6777=CARTESIAN_POINT('',(-6.85,-3.4,-6.1));
#6778=CARTESIAN_POINT('',(-6.875,-3.3,-6.));
#6779=CARTESIAN_POINT('Origin',(-6.8,-3.35,-3.125));
#6780=CARTESIAN_POINT('',(-6.75,-3.3,-3.125));
#6781=CARTESIAN_POINT('',(-6.85,-3.4,-3.125));
#6782=CARTESIAN_POINT('Origin',(-6.75,3.35,0.));
#6783=CARTESIAN_POINT('',(-6.75,2.6,-6.5));
#6784=CARTESIAN_POINT('',(-6.75,2.6,-6.5));
#6785=CARTESIAN_POINT('',(-6.75,3.35,-5.75));
#6786=CARTESIAN_POINT('Origin',(-6.75,2.6,-5.75));
#6787=CARTESIAN_POINT('',(-6.75,3.35,-0.1));
#6788=CARTESIAN_POINT('',(-6.75,3.35,0.));
#6789=CARTESIAN_POINT('',(-6.75,2.85,-0.1));
#6790=CARTESIAN_POINT('',(-6.75,3.225,-0.1));
#6791=CARTESIAN_POINT('',(-6.75,2.85,-5.75));
#6792=CARTESIAN_POINT('',(-6.75,2.85,0.));
#6793=CARTESIAN_POINT('',(-6.75,2.6,-6.));
#6794=CARTESIAN_POINT('Origin',(-6.75,2.6,-5.75));
#6795=CARTESIAN_POINT('',(-6.75,2.6,-6.));
#6796=CARTESIAN_POINT('Origin',(-7.25,2.6,-6.5));
#6797=CARTESIAN_POINT('',(-7.25,2.6,-6.5));
#6798=CARTESIAN_POINT('',(-7.25,2.6,-6.5));
#6799=CARTESIAN_POINT('',(-7.25,2.6,-6.5));
#6800=CARTESIAN_POINT('Origin',(-7.,-3.4,-6.25));
#6801=CARTESIAN_POINT('Origin',(-7.2,2.975,-0.05));
#6802=CARTESIAN_POINT('',(-7.25,3.35,-0.1));
#6803=CARTESIAN_POINT('',(-7.25,2.85,-0.1));
#6804=CARTESIAN_POINT('',(-7.25,2.975,-0.1));
#6805=CARTESIAN_POINT('',(-7.15000000000001,2.95,0.));
#6806=CARTESIAN_POINT('',(-7.25,2.85,-0.1));
#6807=CARTESIAN_POINT('',(-7.15000000000001,3.25,0.));
#6808=CARTESIAN_POINT('',(-7.15000000000001,2.975,0.));
#6809=CARTESIAN_POINT('',(-7.25,3.35,-0.1));
#6810=CARTESIAN_POINT('Origin',(-6.875,2.9,-0.05));
#6811=CARTESIAN_POINT('',(-6.875,2.85,-0.1));
#6812=CARTESIAN_POINT('',(-6.85,2.95,0.));
#6813=CARTESIAN_POINT('',(-6.75,2.85,-0.1));
#6814=CARTESIAN_POINT('',(-6.875,2.95,0.));
#6815=CARTESIAN_POINT('Origin',(-7.125,3.3,-0.05));
#6816=CARTESIAN_POINT('',(-6.85,3.25,0.));
#6817=CARTESIAN_POINT('',(-7.125,3.25,0.));
#6818=CARTESIAN_POINT('',(-6.85,3.25,0.));
#6819=CARTESIAN_POINT('',(-7.125,3.35,-0.1));
#6820=CARTESIAN_POINT('Origin',(-6.8,3.225,-0.05));
#6821=CARTESIAN_POINT('',(-6.85,3.225,0.));
#6822=CARTESIAN_POINT('Origin',(-6.75,2.85,0.));
#6823=CARTESIAN_POINT('',(-7.25,2.85,-5.75));
#6824=CARTESIAN_POINT('',(-7.25,2.85,0.));
#6825=CARTESIAN_POINT('',(-6.75,2.85,-5.75));
#6826=CARTESIAN_POINT('Origin',(-7.25,2.85,0.));
#6827=CARTESIAN_POINT('',(-7.25,2.6,-6.));
#6828=CARTESIAN_POINT('',(-7.25,2.6,-6.));
#6829=CARTESIAN_POINT('Origin',(-7.25,2.6,-5.75));
#6830=CARTESIAN_POINT('',(-7.25,3.35,-5.75));
#6831=CARTESIAN_POINT('',(-7.25,3.35,0.));
#6832=CARTESIAN_POINT('Origin',(-7.25,2.6,-5.75));
#6833=CARTESIAN_POINT('Origin',(-7.,3.1,0.));
#6834=CARTESIAN_POINT('Origin',(-6.75,2.6,-6.));
#6835=CARTESIAN_POINT('',(-6.75,2.6,-6.));
#6836=CARTESIAN_POINT('Origin',(-7.,2.6,-5.75));
#6837=CARTESIAN_POINT('Origin',(-7.,2.6,-5.75));
#6838=CARTESIAN_POINT('',(-7.25,3.35,-5.75));
#6839=CARTESIAN_POINT('Origin',(-7.25,3.35,0.));
#6840=CARTESIAN_POINT('Origin',(-5.125,-3.35,-6.45));
#6841=CARTESIAN_POINT('',(-4.85,-3.4,-6.4));
#6842=CARTESIAN_POINT('',(-5.15,-3.4,-6.4));
#6843=CARTESIAN_POINT('',(-5.125,-3.4,-6.4));
#6844=CARTESIAN_POINT('',(-5.25,-3.3,-6.5));
#6845=CARTESIAN_POINT('',(-5.15,-3.4,-6.4));
#6846=CARTESIAN_POINT('',(-4.75,-3.3,-6.5));
#6847=CARTESIAN_POINT('',(-5.125,-3.3,-6.5));
#6848=CARTESIAN_POINT('',(-4.85,-3.4,-6.4));
#6849=CARTESIAN_POINT('Origin',(-5.2,-3.35,-3.125));
#6850=CARTESIAN_POINT('',(-5.15,-3.4,-6.1));
#6851=CARTESIAN_POINT('',(-5.15,-3.4,-3.125));
#6852=CARTESIAN_POINT('',(-5.25,-3.3,-6.));
#6853=CARTESIAN_POINT('',(-5.15,-3.4,-6.1));
#6854=CARTESIAN_POINT('',(-5.25,-3.3,-3.125));
#6855=CARTESIAN_POINT('Origin',(-4.875,-3.35,-6.05));
#6856=CARTESIAN_POINT('',(-4.85,-3.4,-6.1));
#6857=CARTESIAN_POINT('',(-4.875,-3.4,-6.1));
#6858=CARTESIAN_POINT('',(-4.75,-3.3,-6.));
#6859=CARTESIAN_POINT('',(-4.85,-3.4,-6.1));
#6860=CARTESIAN_POINT('',(-4.875,-3.3,-6.));
#6861=CARTESIAN_POINT('Origin',(-4.8,-3.35,-3.125));
#6862=CARTESIAN_POINT('',(-4.75,-3.3,-3.125));
#6863=CARTESIAN_POINT('',(-4.85,-3.4,-3.125));
#6864=CARTESIAN_POINT('Origin',(-4.75,3.35,0.));
#6865=CARTESIAN_POINT('',(-4.75,2.6,-6.5));
#6866=CARTESIAN_POINT('',(-4.75,2.6,-6.5));
#6867=CARTESIAN_POINT('',(-4.75,3.35,-5.75));
#6868=CARTESIAN_POINT('Origin',(-4.75,2.6,-5.75));
#6869=CARTESIAN_POINT('',(-4.75,3.35,-0.1));
#6870=CARTESIAN_POINT('',(-4.75,3.35,0.));
#6871=CARTESIAN_POINT('',(-4.75,2.85,-0.1));
#6872=CARTESIAN_POINT('',(-4.75,3.225,-0.1));
#6873=CARTESIAN_POINT('',(-4.75,2.85,-5.75));
#6874=CARTESIAN_POINT('',(-4.75,2.85,0.));
#6875=CARTESIAN_POINT('',(-4.75,2.6,-6.));
#6876=CARTESIAN_POINT('Origin',(-4.75,2.6,-5.75));
#6877=CARTESIAN_POINT('',(-4.75,2.6,-6.));
#6878=CARTESIAN_POINT('Origin',(-5.25,2.6,-6.5));
#6879=CARTESIAN_POINT('',(-5.25,2.6,-6.5));
#6880=CARTESIAN_POINT('',(-5.25,2.6,-6.5));
#6881=CARTESIAN_POINT('',(-5.25,2.6,-6.5));
#6882=CARTESIAN_POINT('Origin',(-5.,-3.4,-6.25));
#6883=CARTESIAN_POINT('Origin',(-5.2,2.975,-0.05));
#6884=CARTESIAN_POINT('',(-5.25,3.35,-0.1));
#6885=CARTESIAN_POINT('',(-5.25,2.85,-0.1));
#6886=CARTESIAN_POINT('',(-5.25,2.975,-0.1));
#6887=CARTESIAN_POINT('',(-5.15000000000001,2.95,0.));
#6888=CARTESIAN_POINT('',(-5.25,2.85,-0.1));
#6889=CARTESIAN_POINT('',(-5.15000000000001,3.25,0.));
#6890=CARTESIAN_POINT('',(-5.15000000000001,2.975,0.));
#6891=CARTESIAN_POINT('',(-5.25,3.35,-0.1));
#6892=CARTESIAN_POINT('Origin',(-4.875,2.9,-0.05));
#6893=CARTESIAN_POINT('',(-4.875,2.85,-0.1));
#6894=CARTESIAN_POINT('',(-4.85,2.95,0.));
#6895=CARTESIAN_POINT('',(-4.75,2.85,-0.1));
#6896=CARTESIAN_POINT('',(-4.875,2.95,0.));
#6897=CARTESIAN_POINT('Origin',(-5.125,3.3,-0.05));
#6898=CARTESIAN_POINT('',(-4.85,3.25,0.));
#6899=CARTESIAN_POINT('',(-5.125,3.25,0.));
#6900=CARTESIAN_POINT('',(-4.85,3.25,0.));
#6901=CARTESIAN_POINT('',(-5.125,3.35,-0.1));
#6902=CARTESIAN_POINT('Origin',(-4.8,3.225,-0.05));
#6903=CARTESIAN_POINT('',(-4.85,3.225,0.));
#6904=CARTESIAN_POINT('Origin',(-4.75,2.85,0.));
#6905=CARTESIAN_POINT('',(-5.25,2.85,-5.75));
#6906=CARTESIAN_POINT('',(-5.25,2.85,0.));
#6907=CARTESIAN_POINT('',(-4.75,2.85,-5.75));
#6908=CARTESIAN_POINT('Origin',(-5.25,2.85,0.));
#6909=CARTESIAN_POINT('',(-5.25,2.6,-6.));
#6910=CARTESIAN_POINT('',(-5.25,2.6,-6.));
#6911=CARTESIAN_POINT('Origin',(-5.25,2.6,-5.75));
#6912=CARTESIAN_POINT('',(-5.25,3.35,-5.75));
#6913=CARTESIAN_POINT('',(-5.25,3.35,0.));
#6914=CARTESIAN_POINT('Origin',(-5.25,2.6,-5.75));
#6915=CARTESIAN_POINT('Origin',(-5.,3.1,0.));
#6916=CARTESIAN_POINT('Origin',(-4.75,2.6,-6.));
#6917=CARTESIAN_POINT('',(-4.75,2.6,-6.));
#6918=CARTESIAN_POINT('Origin',(-5.,2.6,-5.75));
#6919=CARTESIAN_POINT('Origin',(-5.,2.6,-5.75));
#6920=CARTESIAN_POINT('',(-5.25,3.35,-5.75));
#6921=CARTESIAN_POINT('Origin',(-5.25,3.35,0.));
#6922=CARTESIAN_POINT('Origin',(-3.125,-3.35,-6.45));
#6923=CARTESIAN_POINT('',(-2.85,-3.4,-6.4));
#6924=CARTESIAN_POINT('',(-3.15,-3.4,-6.4));
#6925=CARTESIAN_POINT('',(-3.125,-3.4,-6.4));
#6926=CARTESIAN_POINT('',(-3.25,-3.3,-6.5));
#6927=CARTESIAN_POINT('',(-3.15,-3.4,-6.4));
#6928=CARTESIAN_POINT('',(-2.75,-3.3,-6.5));
#6929=CARTESIAN_POINT('',(-3.125,-3.3,-6.5));
#6930=CARTESIAN_POINT('',(-2.85,-3.4,-6.4));
#6931=CARTESIAN_POINT('Origin',(-3.2,-3.35,-3.125));
#6932=CARTESIAN_POINT('',(-3.15,-3.4,-6.1));
#6933=CARTESIAN_POINT('',(-3.15,-3.4,-3.125));
#6934=CARTESIAN_POINT('',(-3.25,-3.3,-6.));
#6935=CARTESIAN_POINT('',(-3.15,-3.4,-6.1));
#6936=CARTESIAN_POINT('',(-3.25,-3.3,-3.125));
#6937=CARTESIAN_POINT('Origin',(-2.875,-3.35,-6.05));
#6938=CARTESIAN_POINT('',(-2.85,-3.4,-6.1));
#6939=CARTESIAN_POINT('',(-2.875,-3.4,-6.1));
#6940=CARTESIAN_POINT('',(-2.75,-3.3,-6.));
#6941=CARTESIAN_POINT('',(-2.85,-3.4,-6.1));
#6942=CARTESIAN_POINT('',(-2.875,-3.3,-6.));
#6943=CARTESIAN_POINT('Origin',(-2.8,-3.35,-3.125));
#6944=CARTESIAN_POINT('',(-2.75,-3.3,-3.125));
#6945=CARTESIAN_POINT('',(-2.85,-3.4,-3.125));
#6946=CARTESIAN_POINT('Origin',(-2.75,3.35,0.));
#6947=CARTESIAN_POINT('',(-2.75,2.6,-6.5));
#6948=CARTESIAN_POINT('',(-2.75,2.6,-6.5));
#6949=CARTESIAN_POINT('',(-2.75,3.35,-5.75));
#6950=CARTESIAN_POINT('Origin',(-2.75,2.6,-5.75));
#6951=CARTESIAN_POINT('',(-2.75,3.35,-0.1));
#6952=CARTESIAN_POINT('',(-2.75,3.35,0.));
#6953=CARTESIAN_POINT('',(-2.75,2.85,-0.1));
#6954=CARTESIAN_POINT('',(-2.75,3.225,-0.1));
#6955=CARTESIAN_POINT('',(-2.75,2.85,-5.75));
#6956=CARTESIAN_POINT('',(-2.75,2.85,0.));
#6957=CARTESIAN_POINT('',(-2.75,2.6,-6.));
#6958=CARTESIAN_POINT('Origin',(-2.75,2.6,-5.75));
#6959=CARTESIAN_POINT('',(-2.75,2.6,-6.));
#6960=CARTESIAN_POINT('Origin',(-3.25,2.6,-6.5));
#6961=CARTESIAN_POINT('',(-3.25,2.6,-6.5));
#6962=CARTESIAN_POINT('',(-3.25,2.6,-6.5));
#6963=CARTESIAN_POINT('',(-3.25,2.6,-6.5));
#6964=CARTESIAN_POINT('Origin',(-3.,-3.4,-6.25));
#6965=CARTESIAN_POINT('Origin',(-3.2,2.975,-0.05));
#6966=CARTESIAN_POINT('',(-3.25,3.35,-0.1));
#6967=CARTESIAN_POINT('',(-3.25,2.85,-0.1));
#6968=CARTESIAN_POINT('',(-3.25,2.975,-0.1));
#6969=CARTESIAN_POINT('',(-3.15,2.95,0.));
#6970=CARTESIAN_POINT('',(-3.25,2.85,-0.1));
#6971=CARTESIAN_POINT('',(-3.15,3.25,0.));
#6972=CARTESIAN_POINT('',(-3.15,2.975,0.));
#6973=CARTESIAN_POINT('',(-3.25,3.35,-0.1));
#6974=CARTESIAN_POINT('Origin',(-2.875,2.9,-0.05));
#6975=CARTESIAN_POINT('',(-2.875,2.85,-0.1));
#6976=CARTESIAN_POINT('',(-2.85,2.95,0.));
#6977=CARTESIAN_POINT('',(-2.75,2.85,-0.1));
#6978=CARTESIAN_POINT('',(-2.875,2.95,0.));
#6979=CARTESIAN_POINT('Origin',(-3.125,3.3,-0.05));
#6980=CARTESIAN_POINT('',(-2.85,3.25,0.));
#6981=CARTESIAN_POINT('',(-3.125,3.25,0.));
#6982=CARTESIAN_POINT('',(-2.85,3.25,0.));
#6983=CARTESIAN_POINT('',(-3.125,3.35,-0.1));
#6984=CARTESIAN_POINT('Origin',(-2.8,3.225,-0.05));
#6985=CARTESIAN_POINT('',(-2.85,3.225,0.));
#6986=CARTESIAN_POINT('Origin',(-2.75,2.85,0.));
#6987=CARTESIAN_POINT('',(-3.25,2.85,-5.75));
#6988=CARTESIAN_POINT('',(-3.25,2.85,0.));
#6989=CARTESIAN_POINT('',(-2.75,2.85,-5.75));
#6990=CARTESIAN_POINT('Origin',(-3.25,2.85,0.));
#6991=CARTESIAN_POINT('',(-3.25,2.6,-6.));
#6992=CARTESIAN_POINT('',(-3.25,2.6,-6.));
#6993=CARTESIAN_POINT('Origin',(-3.25,2.6,-5.75));
#6994=CARTESIAN_POINT('',(-3.25,3.35,-5.75));
#6995=CARTESIAN_POINT('',(-3.25,3.35,0.));
#6996=CARTESIAN_POINT('Origin',(-3.25,2.6,-5.75));
#6997=CARTESIAN_POINT('Origin',(-3.,3.1,0.));
#6998=CARTESIAN_POINT('Origin',(-2.75,2.6,-6.));
#6999=CARTESIAN_POINT('',(-2.75,2.6,-6.));
#7000=CARTESIAN_POINT('Origin',(-3.,2.6,-5.75));
#7001=CARTESIAN_POINT('Origin',(-3.,2.6,-5.75));
#7002=CARTESIAN_POINT('',(-3.25,3.35,-5.75));
#7003=CARTESIAN_POINT('Origin',(-3.25,3.35,0.));
#7004=CARTESIAN_POINT('Origin',(-1.125,-3.35,-6.45));
#7005=CARTESIAN_POINT('',(-0.850000000000003,-3.4,-6.4));
#7006=CARTESIAN_POINT('',(-1.15,-3.4,-6.4));
#7007=CARTESIAN_POINT('',(-1.125,-3.4,-6.4));
#7008=CARTESIAN_POINT('',(-1.25,-3.3,-6.5));
#7009=CARTESIAN_POINT('',(-1.15,-3.4,-6.4));
#7010=CARTESIAN_POINT('',(-0.750000000000003,-3.3,-6.5));
#7011=CARTESIAN_POINT('',(-1.125,-3.3,-6.5));
#7012=CARTESIAN_POINT('',(-0.850000000000003,-3.4,-6.4));
#7013=CARTESIAN_POINT('Origin',(-1.2,-3.35,-3.125));
#7014=CARTESIAN_POINT('',(-1.15,-3.4,-6.1));
#7015=CARTESIAN_POINT('',(-1.15,-3.4,-3.125));
#7016=CARTESIAN_POINT('',(-1.25,-3.3,-6.));
#7017=CARTESIAN_POINT('',(-1.15,-3.4,-6.1));
#7018=CARTESIAN_POINT('',(-1.25,-3.3,-3.125));
#7019=CARTESIAN_POINT('Origin',(-0.875000000000004,-3.35,-6.05));
#7020=CARTESIAN_POINT('',(-0.850000000000003,-3.4,-6.1));
#7021=CARTESIAN_POINT('',(-0.875000000000004,-3.4,-6.1));
#7022=CARTESIAN_POINT('',(-0.750000000000003,-3.3,-6.));
#7023=CARTESIAN_POINT('',(-0.850000000000003,-3.4,-6.1));
#7024=CARTESIAN_POINT('',(-0.875000000000004,-3.3,-6.));
#7025=CARTESIAN_POINT('Origin',(-0.800000000000003,-3.35,-3.125));
#7026=CARTESIAN_POINT('',(-0.750000000000003,-3.3,-3.125));
#7027=CARTESIAN_POINT('',(-0.850000000000003,-3.4,-3.125));
#7028=CARTESIAN_POINT('Origin',(-0.750000000000003,3.35,0.));
#7029=CARTESIAN_POINT('',(-0.750000000000003,2.6,-6.5));
#7030=CARTESIAN_POINT('',(-0.750000000000003,2.6,-6.5));
#7031=CARTESIAN_POINT('',(-0.750000000000003,3.35,-5.75));
#7032=CARTESIAN_POINT('Origin',(-0.750000000000003,2.6,-5.75));
#7033=CARTESIAN_POINT('',(-0.750000000000003,3.35,-0.1));
#7034=CARTESIAN_POINT('',(-0.750000000000003,3.35,0.));
#7035=CARTESIAN_POINT('',(-0.750000000000003,2.85,-0.1));
#7036=CARTESIAN_POINT('',(-0.750000000000003,3.225,-0.1));
#7037=CARTESIAN_POINT('',(-0.750000000000003,2.85,-5.75));
#7038=CARTESIAN_POINT('',(-0.750000000000003,2.85,0.));
#7039=CARTESIAN_POINT('',(-0.750000000000003,2.6,-6.));
#7040=CARTESIAN_POINT('Origin',(-0.750000000000003,2.6,-5.75));
#7041=CARTESIAN_POINT('',(-0.750000000000003,2.6,-6.));
#7042=CARTESIAN_POINT('Origin',(-1.25,2.6,-6.5));
#7043=CARTESIAN_POINT('',(-1.25,2.6,-6.5));
#7044=CARTESIAN_POINT('',(-1.25,2.6,-6.5));
#7045=CARTESIAN_POINT('',(-1.25,2.6,-6.5));
#7046=CARTESIAN_POINT('Origin',(-1.,-3.4,-6.25));
#7047=CARTESIAN_POINT('Origin',(-1.2,2.975,-0.05));
#7048=CARTESIAN_POINT('',(-1.25,3.35,-0.1));
#7049=CARTESIAN_POINT('',(-1.25,2.85,-0.1));
#7050=CARTESIAN_POINT('',(-1.25,2.975,-0.1));
#7051=CARTESIAN_POINT('',(-1.15,2.95,0.));
#7052=CARTESIAN_POINT('',(-1.25,2.85,-0.1));
#7053=CARTESIAN_POINT('',(-1.15,3.25,0.));
#7054=CARTESIAN_POINT('',(-1.15,2.975,0.));
#7055=CARTESIAN_POINT('',(-1.25,3.35,-0.1));
#7056=CARTESIAN_POINT('Origin',(-0.875000000000004,2.9,-0.05));
#7057=CARTESIAN_POINT('',(-0.875000000000004,2.85,-0.1));
#7058=CARTESIAN_POINT('',(-0.850000000000002,2.95,0.));
#7059=CARTESIAN_POINT('',(-0.750000000000003,2.85,-0.1));
#7060=CARTESIAN_POINT('',(-0.875000000000004,2.95,0.));
#7061=CARTESIAN_POINT('Origin',(-1.125,3.3,-0.05));
#7062=CARTESIAN_POINT('',(-0.850000000000002,3.25,0.));
#7063=CARTESIAN_POINT('',(-1.125,3.25,0.));
#7064=CARTESIAN_POINT('',(-0.850000000000002,3.25,0.));
#7065=CARTESIAN_POINT('',(-1.125,3.35,-0.1));
#7066=CARTESIAN_POINT('Origin',(-0.800000000000003,3.225,-0.05));
#7067=CARTESIAN_POINT('',(-0.850000000000002,3.225,0.));
#7068=CARTESIAN_POINT('Origin',(-0.750000000000003,2.85,0.));
#7069=CARTESIAN_POINT('',(-1.25,2.85,-5.75));
#7070=CARTESIAN_POINT('',(-1.25,2.85,0.));
#7071=CARTESIAN_POINT('',(-0.750000000000003,2.85,-5.75));
#7072=CARTESIAN_POINT('Origin',(-1.25,2.85,0.));
#7073=CARTESIAN_POINT('',(-1.25,2.6,-6.));
#7074=CARTESIAN_POINT('',(-1.25,2.6,-6.));
#7075=CARTESIAN_POINT('Origin',(-1.25,2.6,-5.75));
#7076=CARTESIAN_POINT('',(-1.25,3.35,-5.75));
#7077=CARTESIAN_POINT('',(-1.25,3.35,0.));
#7078=CARTESIAN_POINT('Origin',(-1.25,2.6,-5.75));
#7079=CARTESIAN_POINT('Origin',(-1.,3.1,0.));
#7080=CARTESIAN_POINT('Origin',(-0.750000000000003,2.6,-6.));
#7081=CARTESIAN_POINT('',(-0.750000000000003,2.6,-6.));
#7082=CARTESIAN_POINT('Origin',(-1.,2.6,-5.75));
#7083=CARTESIAN_POINT('Origin',(-1.,2.6,-5.75));
#7084=CARTESIAN_POINT('',(-1.25,3.35,-5.75));
#7085=CARTESIAN_POINT('Origin',(-1.25,3.35,0.));
#7086=CARTESIAN_POINT('Origin',(0.874999999999997,-3.35,-6.45));
#7087=CARTESIAN_POINT('',(1.15,-3.4,-6.4));
#7088=CARTESIAN_POINT('',(0.849999999999996,-3.4,-6.4));
#7089=CARTESIAN_POINT('',(0.874999999999997,-3.4,-6.4));
#7090=CARTESIAN_POINT('',(0.749999999999996,-3.3,-6.5));
#7091=CARTESIAN_POINT('',(0.849999999999996,-3.4,-6.4));
#7092=CARTESIAN_POINT('',(1.25,-3.3,-6.5));
#7093=CARTESIAN_POINT('',(0.874999999999997,-3.3,-6.5));
#7094=CARTESIAN_POINT('',(1.15,-3.4,-6.4));
#7095=CARTESIAN_POINT('Origin',(0.799999999999996,-3.35,-3.125));
#7096=CARTESIAN_POINT('',(0.849999999999996,-3.4,-6.1));
#7097=CARTESIAN_POINT('',(0.849999999999996,-3.4,-3.125));
#7098=CARTESIAN_POINT('',(0.749999999999996,-3.3,-6.));
#7099=CARTESIAN_POINT('',(0.849999999999996,-3.4,-6.1));
#7100=CARTESIAN_POINT('',(0.749999999999996,-3.3,-3.125));
#7101=CARTESIAN_POINT('Origin',(1.125,-3.35,-6.05));
#7102=CARTESIAN_POINT('',(1.15,-3.4,-6.1));
#7103=CARTESIAN_POINT('',(1.125,-3.4,-6.1));
#7104=CARTESIAN_POINT('',(1.25,-3.3,-6.));
#7105=CARTESIAN_POINT('',(1.15,-3.4,-6.1));
#7106=CARTESIAN_POINT('',(1.125,-3.3,-6.));
#7107=CARTESIAN_POINT('Origin',(1.2,-3.35,-3.125));
#7108=CARTESIAN_POINT('',(1.25,-3.3,-3.125));
#7109=CARTESIAN_POINT('',(1.15,-3.4,-3.125));
#7110=CARTESIAN_POINT('Origin',(1.25,3.35,0.));
#7111=CARTESIAN_POINT('',(1.25,2.6,-6.5));
#7112=CARTESIAN_POINT('',(1.25,2.6,-6.5));
#7113=CARTESIAN_POINT('',(1.25,3.35,-5.75));
#7114=CARTESIAN_POINT('Origin',(1.25,2.6,-5.75));
#7115=CARTESIAN_POINT('',(1.25,3.35,-0.1));
#7116=CARTESIAN_POINT('',(1.25,3.35,0.));
#7117=CARTESIAN_POINT('',(1.25,2.85,-0.1));
#7118=CARTESIAN_POINT('',(1.25,3.225,-0.1));
#7119=CARTESIAN_POINT('',(1.25,2.85,-5.75));
#7120=CARTESIAN_POINT('',(1.25,2.85,0.));
#7121=CARTESIAN_POINT('',(1.25,2.6,-6.));
#7122=CARTESIAN_POINT('Origin',(1.25,2.6,-5.75));
#7123=CARTESIAN_POINT('',(1.25,2.6,-6.));
#7124=CARTESIAN_POINT('Origin',(0.749999999999996,2.6,-6.5));
#7125=CARTESIAN_POINT('',(0.749999999999996,2.6,-6.5));
#7126=CARTESIAN_POINT('',(0.749999999999996,2.6,-6.5));
#7127=CARTESIAN_POINT('',(0.749999999999996,2.6,-6.5));
#7128=CARTESIAN_POINT('Origin',(0.999999999999996,-3.4,-6.25));
#7129=CARTESIAN_POINT('Origin',(0.799999999999996,2.975,-0.05));
#7130=CARTESIAN_POINT('',(0.749999999999996,3.35,-0.1));
#7131=CARTESIAN_POINT('',(0.749999999999996,2.85,-0.1));
#7132=CARTESIAN_POINT('',(0.749999999999996,2.975,-0.1));
#7133=CARTESIAN_POINT('',(0.849999999999995,2.95,0.));
#7134=CARTESIAN_POINT('',(0.749999999999996,2.85,-0.1));
#7135=CARTESIAN_POINT('',(0.849999999999995,3.25,0.));
#7136=CARTESIAN_POINT('',(0.849999999999995,2.975,0.));
#7137=CARTESIAN_POINT('',(0.749999999999996,3.35,-0.1));
#7138=CARTESIAN_POINT('Origin',(1.125,2.9,-0.05));
#7139=CARTESIAN_POINT('',(1.125,2.85,-0.1));
#7140=CARTESIAN_POINT('',(1.15,2.95,0.));
#7141=CARTESIAN_POINT('',(1.25,2.85,-0.1));
#7142=CARTESIAN_POINT('',(1.125,2.95,0.));
#7143=CARTESIAN_POINT('Origin',(0.874999999999997,3.3,-0.05));
#7144=CARTESIAN_POINT('',(1.15,3.25,0.));
#7145=CARTESIAN_POINT('',(0.874999999999997,3.25,0.));
#7146=CARTESIAN_POINT('',(1.15,3.25,0.));
#7147=CARTESIAN_POINT('',(0.874999999999997,3.35,-0.1));
#7148=CARTESIAN_POINT('Origin',(1.2,3.225,-0.05));
#7149=CARTESIAN_POINT('',(1.15,3.225,0.));
#7150=CARTESIAN_POINT('Origin',(1.25,2.85,0.));
#7151=CARTESIAN_POINT('',(0.749999999999996,2.85,-5.75));
#7152=CARTESIAN_POINT('',(0.749999999999996,2.85,0.));
#7153=CARTESIAN_POINT('',(1.25,2.85,-5.75));
#7154=CARTESIAN_POINT('Origin',(0.749999999999996,2.85,0.));
#7155=CARTESIAN_POINT('',(0.749999999999996,2.6,-6.));
#7156=CARTESIAN_POINT('',(0.749999999999996,2.6,-6.));
#7157=CARTESIAN_POINT('Origin',(0.749999999999996,2.6,-5.75));
#7158=CARTESIAN_POINT('',(0.749999999999996,3.35,-5.75));
#7159=CARTESIAN_POINT('',(0.749999999999996,3.35,0.));
#7160=CARTESIAN_POINT('Origin',(0.749999999999996,2.6,-5.75));
#7161=CARTESIAN_POINT('Origin',(0.999999999999996,3.1,0.));
#7162=CARTESIAN_POINT('Origin',(1.25,2.6,-6.));
#7163=CARTESIAN_POINT('',(1.25,2.6,-6.));
#7164=CARTESIAN_POINT('Origin',(0.999999999999996,2.6,-5.75));
#7165=CARTESIAN_POINT('Origin',(0.999999999999996,2.6,-5.75));
#7166=CARTESIAN_POINT('',(0.749999999999996,3.35,-5.75));
#7167=CARTESIAN_POINT('Origin',(0.749999999999996,3.35,0.));
#7168=CARTESIAN_POINT('Origin',(2.875,-3.35,-6.45));
#7169=CARTESIAN_POINT('',(3.15,-3.4,-6.4));
#7170=CARTESIAN_POINT('',(2.85,-3.4,-6.4));
#7171=CARTESIAN_POINT('',(2.875,-3.4,-6.4));
#7172=CARTESIAN_POINT('',(2.75,-3.3,-6.5));
#7173=CARTESIAN_POINT('',(2.85,-3.4,-6.4));
#7174=CARTESIAN_POINT('',(3.25,-3.3,-6.5));
#7175=CARTESIAN_POINT('',(2.875,-3.3,-6.5));
#7176=CARTESIAN_POINT('',(3.15,-3.4,-6.4));
#7177=CARTESIAN_POINT('Origin',(2.8,-3.35,-3.125));
#7178=CARTESIAN_POINT('',(2.85,-3.4,-6.1));
#7179=CARTESIAN_POINT('',(2.85,-3.4,-3.125));
#7180=CARTESIAN_POINT('',(2.75,-3.3,-6.));
#7181=CARTESIAN_POINT('',(2.85,-3.4,-6.1));
#7182=CARTESIAN_POINT('',(2.75,-3.3,-3.125));
#7183=CARTESIAN_POINT('Origin',(3.125,-3.35,-6.05));
#7184=CARTESIAN_POINT('',(3.15,-3.4,-6.1));
#7185=CARTESIAN_POINT('',(3.125,-3.4,-6.1));
#7186=CARTESIAN_POINT('',(3.25,-3.3,-6.));
#7187=CARTESIAN_POINT('',(3.15,-3.4,-6.1));
#7188=CARTESIAN_POINT('',(3.125,-3.3,-6.));
#7189=CARTESIAN_POINT('Origin',(3.2,-3.35,-3.125));
#7190=CARTESIAN_POINT('',(3.25,-3.3,-3.125));
#7191=CARTESIAN_POINT('',(3.15,-3.4,-3.125));
#7192=CARTESIAN_POINT('Origin',(3.25,3.35,0.));
#7193=CARTESIAN_POINT('',(3.25,2.6,-6.5));
#7194=CARTESIAN_POINT('',(3.25,2.6,-6.5));
#7195=CARTESIAN_POINT('',(3.25,3.35,-5.75));
#7196=CARTESIAN_POINT('Origin',(3.25,2.6,-5.75));
#7197=CARTESIAN_POINT('',(3.25,3.35,-0.1));
#7198=CARTESIAN_POINT('',(3.25,3.35,0.));
#7199=CARTESIAN_POINT('',(3.25,2.85,-0.1));
#7200=CARTESIAN_POINT('',(3.25,3.225,-0.1));
#7201=CARTESIAN_POINT('',(3.25,2.85,-5.75));
#7202=CARTESIAN_POINT('',(3.25,2.85,0.));
#7203=CARTESIAN_POINT('',(3.25,2.6,-6.));
#7204=CARTESIAN_POINT('Origin',(3.25,2.6,-5.75));
#7205=CARTESIAN_POINT('',(3.25,2.6,-6.));
#7206=CARTESIAN_POINT('Origin',(2.75,2.6,-6.5));
#7207=CARTESIAN_POINT('',(2.75,2.6,-6.5));
#7208=CARTESIAN_POINT('',(2.75,2.6,-6.5));
#7209=CARTESIAN_POINT('',(2.75,2.6,-6.5));
#7210=CARTESIAN_POINT('Origin',(3.,-3.4,-6.25));
#7211=CARTESIAN_POINT('Origin',(2.8,2.975,-0.05));
#7212=CARTESIAN_POINT('',(2.75,3.35,-0.1));
#7213=CARTESIAN_POINT('',(2.75,2.85,-0.1));
#7214=CARTESIAN_POINT('',(2.75,2.975,-0.1));
#7215=CARTESIAN_POINT('',(2.84999999999999,2.95,0.));
#7216=CARTESIAN_POINT('',(2.75,2.85,-0.1));
#7217=CARTESIAN_POINT('',(2.84999999999999,3.25,0.));
#7218=CARTESIAN_POINT('',(2.84999999999999,2.975,0.));
#7219=CARTESIAN_POINT('',(2.75,3.35,-0.1));
#7220=CARTESIAN_POINT('Origin',(3.125,2.9,-0.05));
#7221=CARTESIAN_POINT('',(3.125,2.85,-0.1));
#7222=CARTESIAN_POINT('',(3.15,2.95,0.));
#7223=CARTESIAN_POINT('',(3.25,2.85,-0.1));
#7224=CARTESIAN_POINT('',(3.125,2.95,0.));
#7225=CARTESIAN_POINT('Origin',(2.875,3.3,-0.05));
#7226=CARTESIAN_POINT('',(3.15,3.25,0.));
#7227=CARTESIAN_POINT('',(2.875,3.25,0.));
#7228=CARTESIAN_POINT('',(3.15,3.25,0.));
#7229=CARTESIAN_POINT('',(2.875,3.35,-0.1));
#7230=CARTESIAN_POINT('Origin',(3.2,3.225,-0.05));
#7231=CARTESIAN_POINT('',(3.15,3.225,0.));
#7232=CARTESIAN_POINT('Origin',(3.25,2.85,0.));
#7233=CARTESIAN_POINT('',(2.75,2.85,-5.75));
#7234=CARTESIAN_POINT('',(2.75,2.85,0.));
#7235=CARTESIAN_POINT('',(3.25,2.85,-5.75));
#7236=CARTESIAN_POINT('Origin',(2.75,2.85,0.));
#7237=CARTESIAN_POINT('',(2.75,2.6,-6.));
#7238=CARTESIAN_POINT('',(2.75,2.6,-6.));
#7239=CARTESIAN_POINT('Origin',(2.75,2.6,-5.75));
#7240=CARTESIAN_POINT('',(2.75,3.35,-5.75));
#7241=CARTESIAN_POINT('',(2.75,3.35,0.));
#7242=CARTESIAN_POINT('Origin',(2.75,2.6,-5.75));
#7243=CARTESIAN_POINT('Origin',(3.,3.1,0.));
#7244=CARTESIAN_POINT('Origin',(3.25,2.6,-6.));
#7245=CARTESIAN_POINT('',(3.25,2.6,-6.));
#7246=CARTESIAN_POINT('Origin',(3.,2.6,-5.75));
#7247=CARTESIAN_POINT('Origin',(3.,2.6,-5.75));
#7248=CARTESIAN_POINT('',(2.75,3.35,-5.75));
#7249=CARTESIAN_POINT('Origin',(2.75,3.35,0.));
#7250=CARTESIAN_POINT('Origin',(4.875,-3.35,-6.45));
#7251=CARTESIAN_POINT('',(5.15,-3.4,-6.4));
#7252=CARTESIAN_POINT('',(4.85,-3.4,-6.4));
#7253=CARTESIAN_POINT('',(4.875,-3.4,-6.4));
#7254=CARTESIAN_POINT('',(4.75,-3.3,-6.5));
#7255=CARTESIAN_POINT('',(4.85,-3.4,-6.4));
#7256=CARTESIAN_POINT('',(5.25,-3.3,-6.5));
#7257=CARTESIAN_POINT('',(4.875,-3.3,-6.5));
#7258=CARTESIAN_POINT('',(5.15,-3.4,-6.4));
#7259=CARTESIAN_POINT('Origin',(4.8,-3.35,-3.125));
#7260=CARTESIAN_POINT('',(4.85,-3.4,-6.1));
#7261=CARTESIAN_POINT('',(4.85,-3.4,-3.125));
#7262=CARTESIAN_POINT('',(4.75,-3.3,-6.));
#7263=CARTESIAN_POINT('',(4.85,-3.4,-6.1));
#7264=CARTESIAN_POINT('',(4.75,-3.3,-3.125));
#7265=CARTESIAN_POINT('Origin',(5.125,-3.35,-6.05));
#7266=CARTESIAN_POINT('',(5.15,-3.4,-6.1));
#7267=CARTESIAN_POINT('',(5.125,-3.4,-6.1));
#7268=CARTESIAN_POINT('',(5.25,-3.3,-6.));
#7269=CARTESIAN_POINT('',(5.15,-3.4,-6.1));
#7270=CARTESIAN_POINT('',(5.125,-3.3,-6.));
#7271=CARTESIAN_POINT('Origin',(5.2,-3.35,-3.125));
#7272=CARTESIAN_POINT('',(5.25,-3.3,-3.125));
#7273=CARTESIAN_POINT('',(5.15,-3.4,-3.125));
#7274=CARTESIAN_POINT('Origin',(5.25,3.35,0.));
#7275=CARTESIAN_POINT('',(5.25,2.6,-6.5));
#7276=CARTESIAN_POINT('',(5.25,2.6,-6.5));
#7277=CARTESIAN_POINT('',(5.25,3.35,-5.75));
#7278=CARTESIAN_POINT('Origin',(5.25,2.6,-5.75));
#7279=CARTESIAN_POINT('',(5.25,3.35,-0.1));
#7280=CARTESIAN_POINT('',(5.25,3.35,0.));
#7281=CARTESIAN_POINT('',(5.25,2.85,-0.1));
#7282=CARTESIAN_POINT('',(5.25,3.225,-0.1));
#7283=CARTESIAN_POINT('',(5.25,2.85,-5.75));
#7284=CARTESIAN_POINT('',(5.25,2.85,0.));
#7285=CARTESIAN_POINT('',(5.25,2.6,-6.));
#7286=CARTESIAN_POINT('Origin',(5.25,2.6,-5.75));
#7287=CARTESIAN_POINT('',(5.25,2.6,-6.));
#7288=CARTESIAN_POINT('Origin',(4.75,2.6,-6.5));
#7289=CARTESIAN_POINT('',(4.75,2.6,-6.5));
#7290=CARTESIAN_POINT('',(4.75,2.6,-6.5));
#7291=CARTESIAN_POINT('',(4.75,2.6,-6.5));
#7292=CARTESIAN_POINT('Origin',(5.,-3.4,-6.25));
#7293=CARTESIAN_POINT('Origin',(4.8,2.975,-0.05));
#7294=CARTESIAN_POINT('',(4.75,3.35,-0.1));
#7295=CARTESIAN_POINT('',(4.75,2.85,-0.1));
#7296=CARTESIAN_POINT('',(4.75,2.975,-0.1));
#7297=CARTESIAN_POINT('',(4.85,2.95,0.));
#7298=CARTESIAN_POINT('',(4.75,2.85,-0.1));
#7299=CARTESIAN_POINT('',(4.85,3.25,0.));
#7300=CARTESIAN_POINT('',(4.85,2.975,0.));
#7301=CARTESIAN_POINT('',(4.75,3.35,-0.1));
#7302=CARTESIAN_POINT('Origin',(5.125,2.9,-0.05));
#7303=CARTESIAN_POINT('',(5.125,2.85,-0.1));
#7304=CARTESIAN_POINT('',(5.15,2.95,0.));
#7305=CARTESIAN_POINT('',(5.25,2.85,-0.1));
#7306=CARTESIAN_POINT('',(5.125,2.95,0.));
#7307=CARTESIAN_POINT('Origin',(4.875,3.3,-0.05));
#7308=CARTESIAN_POINT('',(5.15,3.25,0.));
#7309=CARTESIAN_POINT('',(4.875,3.25,0.));
#7310=CARTESIAN_POINT('',(5.15,3.25,0.));
#7311=CARTESIAN_POINT('',(4.875,3.35,-0.1));
#7312=CARTESIAN_POINT('Origin',(5.2,3.225,-0.05));
#7313=CARTESIAN_POINT('',(5.15,3.225,0.));
#7314=CARTESIAN_POINT('Origin',(5.25,2.85,0.));
#7315=CARTESIAN_POINT('',(4.75,2.85,-5.75));
#7316=CARTESIAN_POINT('',(4.75,2.85,0.));
#7317=CARTESIAN_POINT('',(5.25,2.85,-5.75));
#7318=CARTESIAN_POINT('Origin',(4.75,2.85,0.));
#7319=CARTESIAN_POINT('',(4.75,2.6,-6.));
#7320=CARTESIAN_POINT('',(4.75,2.6,-6.));
#7321=CARTESIAN_POINT('Origin',(4.75,2.6,-5.75));
#7322=CARTESIAN_POINT('',(4.75,3.35,-5.75));
#7323=CARTESIAN_POINT('',(4.75,3.35,0.));
#7324=CARTESIAN_POINT('Origin',(4.75,2.6,-5.75));
#7325=CARTESIAN_POINT('Origin',(5.,3.1,0.));
#7326=CARTESIAN_POINT('Origin',(5.25,2.6,-6.));
#7327=CARTESIAN_POINT('',(5.25,2.6,-6.));
#7328=CARTESIAN_POINT('Origin',(5.,2.6,-5.75));
#7329=CARTESIAN_POINT('Origin',(5.,2.6,-5.75));
#7330=CARTESIAN_POINT('',(4.75,3.35,-5.75));
#7331=CARTESIAN_POINT('Origin',(4.75,3.35,0.));
#7332=CARTESIAN_POINT('Origin',(6.875,-3.35,-6.45));
#7333=CARTESIAN_POINT('',(7.15,-3.4,-6.4));
#7334=CARTESIAN_POINT('',(6.85,-3.4,-6.4));
#7335=CARTESIAN_POINT('',(6.875,-3.4,-6.4));
#7336=CARTESIAN_POINT('',(6.75,-3.3,-6.5));
#7337=CARTESIAN_POINT('',(6.85,-3.4,-6.4));
#7338=CARTESIAN_POINT('',(7.25,-3.3,-6.5));
#7339=CARTESIAN_POINT('',(6.875,-3.3,-6.5));
#7340=CARTESIAN_POINT('',(7.15,-3.4,-6.4));
#7341=CARTESIAN_POINT('Origin',(6.8,-3.35,-3.125));
#7342=CARTESIAN_POINT('',(6.85,-3.4,-6.1));
#7343=CARTESIAN_POINT('',(6.85,-3.4,-3.125));
#7344=CARTESIAN_POINT('',(6.75,-3.3,-6.));
#7345=CARTESIAN_POINT('',(6.85,-3.4,-6.1));
#7346=CARTESIAN_POINT('',(6.75,-3.3,-3.125));
#7347=CARTESIAN_POINT('Origin',(7.125,-3.35,-6.05));
#7348=CARTESIAN_POINT('',(7.15,-3.4,-6.1));
#7349=CARTESIAN_POINT('',(7.125,-3.4,-6.1));
#7350=CARTESIAN_POINT('',(7.25,-3.3,-6.));
#7351=CARTESIAN_POINT('',(7.15,-3.4,-6.1));
#7352=CARTESIAN_POINT('',(7.125,-3.3,-6.));
#7353=CARTESIAN_POINT('Origin',(7.2,-3.35,-3.125));
#7354=CARTESIAN_POINT('',(7.25,-3.3,-3.125));
#7355=CARTESIAN_POINT('',(7.15,-3.4,-3.125));
#7356=CARTESIAN_POINT('Origin',(7.25,3.35,0.));
#7357=CARTESIAN_POINT('',(7.25,2.6,-6.5));
#7358=CARTESIAN_POINT('',(7.25,2.6,-6.5));
#7359=CARTESIAN_POINT('',(7.25,3.35,-5.75));
#7360=CARTESIAN_POINT('Origin',(7.25,2.6,-5.75));
#7361=CARTESIAN_POINT('',(7.25,3.35,-0.1));
#7362=CARTESIAN_POINT('',(7.25,3.35,0.));
#7363=CARTESIAN_POINT('',(7.25,2.85,-0.1));
#7364=CARTESIAN_POINT('',(7.25,3.225,-0.1));
#7365=CARTESIAN_POINT('',(7.25,2.85,-5.75));
#7366=CARTESIAN_POINT('',(7.25,2.85,0.));
#7367=CARTESIAN_POINT('',(7.25,2.6,-6.));
#7368=CARTESIAN_POINT('Origin',(7.25,2.6,-5.75));
#7369=CARTESIAN_POINT('',(7.25,2.6,-6.));
#7370=CARTESIAN_POINT('Origin',(6.75,2.6,-6.5));
#7371=CARTESIAN_POINT('',(6.75,2.6,-6.5));
#7372=CARTESIAN_POINT('',(6.75,2.6,-6.5));
#7373=CARTESIAN_POINT('',(6.75,2.6,-6.5));
#7374=CARTESIAN_POINT('Origin',(7.,-3.4,-6.25));
#7375=CARTESIAN_POINT('Origin',(6.8,2.975,-0.05));
#7376=CARTESIAN_POINT('',(6.75,3.35,-0.1));
#7377=CARTESIAN_POINT('',(6.75,2.85,-0.1));
#7378=CARTESIAN_POINT('',(6.75,2.975,-0.1));
#7379=CARTESIAN_POINT('',(6.85,2.95,0.));
#7380=CARTESIAN_POINT('',(6.75,2.85,-0.1));
#7381=CARTESIAN_POINT('',(6.85,3.25,0.));
#7382=CARTESIAN_POINT('',(6.85,2.975,0.));
#7383=CARTESIAN_POINT('',(6.75,3.35,-0.1));
#7384=CARTESIAN_POINT('Origin',(7.125,2.9,-0.05));
#7385=CARTESIAN_POINT('',(7.125,2.85,-0.1));
#7386=CARTESIAN_POINT('',(7.15,2.95,0.));
#7387=CARTESIAN_POINT('',(7.25,2.85,-0.1));
#7388=CARTESIAN_POINT('',(7.125,2.95,0.));
#7389=CARTESIAN_POINT('Origin',(6.875,3.3,-0.05));
#7390=CARTESIAN_POINT('',(7.15,3.25,0.));
#7391=CARTESIAN_POINT('',(6.875,3.25,0.));
#7392=CARTESIAN_POINT('',(7.15,3.25,0.));
#7393=CARTESIAN_POINT('',(6.875,3.35,-0.1));
#7394=CARTESIAN_POINT('Origin',(7.2,3.225,-0.05));
#7395=CARTESIAN_POINT('',(7.15,3.225,0.));
#7396=CARTESIAN_POINT('Origin',(7.25,2.85,0.));
#7397=CARTESIAN_POINT('',(6.75,2.85,-5.75));
#7398=CARTESIAN_POINT('',(6.75,2.85,0.));
#7399=CARTESIAN_POINT('',(7.25,2.85,-5.75));
#7400=CARTESIAN_POINT('Origin',(6.75,2.85,0.));
#7401=CARTESIAN_POINT('',(6.75,2.6,-6.));
#7402=CARTESIAN_POINT('',(6.75,2.6,-6.));
#7403=CARTESIAN_POINT('Origin',(6.75,2.6,-5.75));
#7404=CARTESIAN_POINT('',(6.75,3.35,-5.75));
#7405=CARTESIAN_POINT('',(6.75,3.35,0.));
#7406=CARTESIAN_POINT('Origin',(6.75,2.6,-5.75));
#7407=CARTESIAN_POINT('Origin',(7.,3.1,0.));
#7408=CARTESIAN_POINT('Origin',(7.25,2.6,-6.));
#7409=CARTESIAN_POINT('',(7.25,2.6,-6.));
#7410=CARTESIAN_POINT('Origin',(7.,2.6,-5.75));
#7411=CARTESIAN_POINT('Origin',(7.,2.6,-5.75));
#7412=CARTESIAN_POINT('',(6.75,3.35,-5.75));
#7413=CARTESIAN_POINT('Origin',(6.75,3.35,0.));
#7414=UNCERTAINTY_MEASURE_WITH_UNIT(LENGTH_MEASURE(0.01),#7420,
'DISTANCE_ACCURACY_VALUE',
'Maximum model space distance between geometric entities at asserted c
onnectivities');
#7415=UNCERTAINTY_MEASURE_WITH_UNIT(LENGTH_MEASURE(0.01),#7420,
'DISTANCE_ACCURACY_VALUE',
'Maximum model space distance between geometric entities at asserted c
onnectivities');
#7416=(
GEOMETRIC_REPRESENTATION_CONTEXT(3)
GLOBAL_UNCERTAINTY_ASSIGNED_CONTEXT((#7414))
GLOBAL_UNIT_ASSIGNED_CONTEXT((#7420,#7419,#7418))
REPRESENTATION_CONTEXT('','3D')
);
#7417=(
GEOMETRIC_REPRESENTATION_CONTEXT(3)
GLOBAL_UNCERTAINTY_ASSIGNED_CONTEXT((#7415))
GLOBAL_UNIT_ASSIGNED_CONTEXT((#7420,#7419,#7418))
REPRESENTATION_CONTEXT('','3D')
);
#7418=(
NAMED_UNIT(*)
SI_UNIT($,.STERADIAN.)
SOLID_ANGLE_UNIT()
);
#7419=(
NAMED_UNIT(*)
PLANE_ANGLE_UNIT()
SI_UNIT($,.RADIAN.)
);
#7420=(
LENGTH_UNIT()
NAMED_UNIT(*)
SI_UNIT(.MILLI.,.METRE.)
);
#7421=SHAPE_DEFINITION_REPRESENTATION(#7422,#7423);
#7422=PRODUCT_DEFINITION_SHAPE('',$,#7425);
#7423=SHAPE_REPRESENTATION('',(#4656),#7416);
#7424=PRODUCT_DEFINITION_CONTEXT('part definition',#7429,'design');
#7425=PRODUCT_DEFINITION('S3B-PH-KL v4','S3B-PH-KL v4',#7426,#7424);
#7426=PRODUCT_DEFINITION_FORMATION('',$,#7431);
#7427=PRODUCT_RELATED_PRODUCT_CATEGORY('S3B-PH-KL v4','S3B-PH-KL v4',(#7431));
#7428=APPLICATION_PROTOCOL_DEFINITION('international standard',
'automotive_design',2009,#7429);
#7429=APPLICATION_CONTEXT(
'Core Data for Automotive Mechanical Design Process');
#7430=PRODUCT_CONTEXT('part definition',#7429,'mechanical');
#7431=PRODUCT('S3B-PH-KL v4','S3B-PH-KL v4',$,(#7430));
#7432=PRESENTATION_STYLE_ASSIGNMENT((#7435));
#7433=PRESENTATION_STYLE_ASSIGNMENT((#7436));
#7434=PRESENTATION_STYLE_ASSIGNMENT((#7437));
#7435=SURFACE_STYLE_USAGE(.BOTH.,#7438);
#7436=SURFACE_STYLE_USAGE(.BOTH.,#7439);
#7437=SURFACE_STYLE_USAGE(.BOTH.,#7440);
#7438=SURFACE_SIDE_STYLE('',(#7441));
#7439=SURFACE_SIDE_STYLE('',(#7442));
#7440=SURFACE_SIDE_STYLE('',(#7443));
#7441=SURFACE_STYLE_FILL_AREA(#7444);
#7442=SURFACE_STYLE_FILL_AREA(#7445);
#7443=SURFACE_STYLE_FILL_AREA(#7446);
#7444=FILL_AREA_STYLE('ABS (White)',(#7447));
#7445=FILL_AREA_STYLE('Nylon 6-6 (White)',(#7448));
#7446=FILL_AREA_STYLE('Brass - Polished',(#7449));
#7447=FILL_AREA_STYLE_COLOUR('ABS (White)',#7450);
#7448=FILL_AREA_STYLE_COLOUR('Nylon 6-6 (White)',#7451);
#7449=FILL_AREA_STYLE_COLOUR('Brass - Polished',#7452);
#7450=COLOUR_RGB('ABS (White)',0.964705882352941,0.964705882352941,0.952941176470588);
#7451=COLOUR_RGB('Nylon 6-6 (White)',0.972549019607843,0.968627450980392,
0.929411764705882);
#7452=COLOUR_RGB('Brass - Polished',0.952941176470588,0.796078431372549,
0.486274509803922);
ENDSEC;
END-ISO-10303-21;
