SolidWorks IGES file using NURBS representation for surfaces            S      1
1H,,1H;,27HJST-PH 2-Pin Breakout Board,127HE:\My Documents\Shareware ModG      1
els\Electonics\Arduino\JST-PH 2-Pin SMT Right Angle Breakout Board\JST-PG      2
H 2-Pin Breakout Board.IGS,15HSolidWorks 2017,15HSolidWorks 2017,32,    G      3
308,15,308,15,27HJST-PH 2-Pin Breakout Board,1.,2,2HMM,50,0.125,13H17121G      4
3.130548,1E-008,499990.,12HDavid Millar,,11,0,13H171213.130548;         G      5
     124       1       0       0       0                        00000000D      1
     124       0       0       1       0                               0D      2
     110       2       0       0       0               1        00020000D      3
     110       0       0       1       0                               0D      4
     110       3       0       0       0               1        00020000D      5
     110       0       0       1       0                               0D      6
     110       4       0       0       0               1        00020000D      7
     110       0       0       1       0                               0D      8
     110       5       0       0       0               1        00020000D      9
     110       0       0       1       0                               0D     10
     110       6       0       0       0               1        00020000D     11
     110       0       0       1       0                               0D     12
     110       7       0       0       0               1        00020000D     13
     110       0       0       1       0                               0D     14
     100       8       0       0       0               1        00020000D     15
     100       0       0       1       0                               0D     16
     100       9       0       0       0               1        00020000D     17
     100       0       0       1       0                               0D     18
     100      10       0       0       0               1        00020000D     19
     100       0       0       1       0                               0D     20
     100      11       0       0       0               1        00020000D     21
     100       0       0       1       0                               0D     22
     116      12       0       0       0               1        00020000D     23
     116       0       0       1       0                               0D     24
     402      13       0       0       1                        00010000D     25
     402       0       0       1      16                2DSKETCH       1D     26
     314      14       0       0       0                        00000200D     27
     314       0       8       1       0                               0D     28
     128      15       0       0       0                        01010000D     29
     128       0       0       5       0                               0D     30
     126      20       0       0       0                        01010500D     31
     126       0       0       2       0                               0D     32
     100      22       0       0       1                        01010000D     33
     100       0       0       1       0                               0D     34
     126      23       0       0       0                        01010500D     35
     126       0       0       2       0                               0D     36
     110      25       0       0       1                        01010000D     37
     110       0       0       1       0                               0D     38
     126      26       0       0       0                        01010500D     39
     126       0       0       2       0                               0D     40
     124      28       0       0       0                        00000000D     41
     124       0       0       4       0                               0D     42
     100      32       0       0       1              41        01010000D     43
     100       0       0       1       0                               0D     44
     126      33       0       0       0                        01010500D     45
     126       0       0       2       0                               0D     46
     110      35       0       0       1                        01010000D     47
     110       0       0       1       0                               0D     48
     102      36       0       0       0                        01010500D     49
     102       0       0       1       0                               0D     50
     102      37       0       0       1                        01010000D     51
     102       0       0       1       0                               0D     52
     142      38       0       0       0                        00010500D     53
     142       0       0       1       0                               0D     54
     144      39       0       0       1                        00010000D     55
     144       0     -27       1       0                               0D     56
     128      40       0       0       0                        01010000D     57
     128       0       0       2       0                               0D     58
     126      42       0       0       0                        01010500D     59
     126       0       0       2       0                               0D     60
     126      44       0       0       0                        01010500D     61
     126       0       0       2       0                               0D     62
     110      46       0       0       1                        01010000D     63
     110       0       0       1       0                               0D     64
     126      47       0       0       0                        01010500D     65
     126       0       0       2       0                               0D     66
     110      49       0       0       1                        01010000D     67
     110       0       0       1       0                               0D     68
     126      50       0       0       0                        01010500D     69
     126       0       0       2       0                               0D     70
     110      52       0       0       1                        01010000D     71
     110       0       0       1       0                               0D     72
     102      53       0       0       0                        01010500D     73
     102       0       0       1       0                               0D     74
     102      54       0       0       1                        01010000D     75
     102       0       0       1       0                               0D     76
     142      55       0       0       0                        00010500D     77
     142       0       0       1       0                               0D     78
     144      56       0       0       1                        00010000D     79
     144       0     -27       1       0                               0D     80
     128      57       0       0       0                        01010000D     81
     128       0       0       6       0                               0D     82
     126      63       0       0       0                        01010500D     83
     126       0       0       2       0                               0D     84
     100      65       0       0       1                        01010000D     85
     100       0       0       1       0                               0D     86
     126      66       0       0       0                        01010500D     87
     126       0       0       2       0                               0D     88
     110      68       0       0       1                        01010000D     89
     110       0       0       1       0                               0D     90
     126      69       0       0       0                        01010500D     91
     126       0       0       2       0                               0D     92
     124      71       0       0       0                        00000000D     93
     124       0       0       4       0                               0D     94
     100      75       0       0       1              93        01010000D     95
     100       0       0       1       0                               0D     96
     126      76       0       0       0                        01010500D     97
     126       0       0       2       0                               0D     98
     102      78       0       0       0                        01010500D     99
     102       0       0       1       0                               0D    100
     102      79       0       0       1                        01010000D    101
     102       0       0       1       0                               0D    102
     142      80       0       0       0                        00010500D    103
     142       0       0       1       0                               0D    104
     144      81       0       0       1                        00010000D    105
     144       0     -27       1       0                               0D    106
     128      82       0       0       0                        01010000D    107
     128       0       0       2       0                               0D    108
     126      84       0       0       0                        01010500D    109
     126       0       0       2       0                               0D    110
     126      86       0       0       0                        01010500D    111
     126       0       0       2       0                               0D    112
     110      88       0       0       1                        01010000D    113
     110       0       0       1       0                               0D    114
     126      89       0       0       0                        01010500D    115
     126       0       0       2       0                               0D    116
     110      91       0       0       1                        01010000D    117
     110       0       0       1       0                               0D    118
     126      92       0       0       0                        01010500D    119
     126       0       0       2       0                               0D    120
     110      94       0       0       1                        01010000D    121
     110       0       0       1       0                               0D    122
     102      95       0       0       0                        01010500D    123
     102       0       0       1       0                               0D    124
     102      96       0       0       1                        01010000D    125
     102       0       0       1       0                               0D    126
     142      97       0       0       0                        00010500D    127
     142       0       0       1       0                               0D    128
     144      98       0       0       1                        00010000D    129
     144       0     -27       1       0                               0D    130
     128      99       0       0       0                        01010000D    131
     128       0       0       5       0                               0D    132
     126     104       0       0       0                        01010500D    133
     126       0       0       2       0                               0D    134
     100     106       0       0       1                        01010000D    135
     100       0       0       1       0                               0D    136
     126     107       0       0       0                        01010500D    137
     126       0       0       2       0                               0D    138
     110     109       0       0       1                        01010000D    139
     110       0       0       1       0                               0D    140
     126     110       0       0       0                        01010500D    141
     126       0       0       2       0                               0D    142
     124     112       0       0       0                        00000000D    143
     124       0       0       4       0                               0D    144
     100     116       0       0       1             143        01010000D    145
     100       0       0       1       0                               0D    146
     126     117       0       0       0                        01010500D    147
     126       0       0       2       0                               0D    148
     102     119       0       0       0                        01010500D    149
     102       0       0       1       0                               0D    150
     102     120       0       0       1                        01010000D    151
     102       0       0       1       0                               0D    152
     142     121       0       0       0                        00010500D    153
     142       0       0       1       0                               0D    154
     144     122       0       0       1                        00010000D    155
     144       0     -27       1       0                               0D    156
     128     123       0       0       0                        01010000D    157
     128       0       0       2       0                               0D    158
     126     125       0       0       0                        01010500D    159
     126       0       0       2       0                               0D    160
     126     127       0       0       0                        01010500D    161
     126       0       0       2       0                               0D    162
     110     129       0       0       1                        01010000D    163
     110       0       0       1       0                               0D    164
     126     130       0       0       0                        01010500D    165
     126       0       0       2       0                               0D    166
     110     132       0       0       1                        01010000D    167
     110       0       0       1       0                               0D    168
     126     133       0       0       0                        01010500D    169
     126       0       0       2       0                               0D    170
     110     135       0       0       1                        01010000D    171
     110       0       0       1       0                               0D    172
     102     136       0       0       0                        01010500D    173
     102       0       0       1       0                               0D    174
     102     137       0       0       1                        01010000D    175
     102       0       0       1       0                               0D    176
     142     138       0       0       0                        00010500D    177
     142       0       0       1       0                               0D    178
     144     139       0       0       1                        00010000D    179
     144       0     -27       1       0                               0D    180
     128     140       0       0       0                        01010000D    181
     128       0       0       6       0                               0D    182
     126     146       0       0       0                        01010500D    183
     126       0       0       2       0                               0D    184
     100     148       0       0       1                        01010000D    185
     100       0       0       1       0                               0D    186
     126     149       0       0       0                        01010500D    187
     126       0       0       2       0                               0D    188
     110     151       0       0       1                        01010000D    189
     110       0       0       1       0                               0D    190
     126     152       0       0       0                        01010500D    191
     126       0       0       2       0                               0D    192
     124     154       0       0       0                        00000000D    193
     124       0       0       5       0                               0D    194
     100     159       0       0       1             193        01010000D    195
     100       0       0       1       0                               0D    196
     126     160       0       0       0                        01010500D    197
     126       0       0       2       0                               0D    198
     102     162       0       0       0                        01010500D    199
     102       0       0       1       0                               0D    200
     102     163       0       0       1                        01010000D    201
     102       0       0       1       0                               0D    202
     142     164       0       0       0                        00010500D    203
     142       0       0       1       0                               0D    204
     144     165       0       0       1                        00010000D    205
     144       0     -27       1       0                               0D    206
     128     166       0       0       0                        01010000D    207
     128       0       0       2       0                               0D    208
     126     168       0       0       0                        01010500D    209
     126       0       0       2       0                               0D    210
     126     170       0       0       0                        01010500D    211
     126       0       0       2       0                               0D    212
     110     172       0       0       1                        01010000D    213
     110       0       0       1       0                               0D    214
     126     173       0       0       0                        01010500D    215
     126       0       0       2       0                               0D    216
     126     175       0       0       0                        01010500D    217
     126       0       0       2       0                               0D    218
     110     177       0       0       1                        01010000D    219
     110       0       0       1       0                               0D    220
     102     178       0       0       0                        01010500D    221
     102       0       0       1       0                               0D    222
     102     179       0       0       1                        01010000D    223
     102       0       0       1       0                               0D    224
     142     180       0       0       0                        00010500D    225
     142       0       0       1       0                               0D    226
     144     181       0       0       1                        00010000D    227
     144       0     -27       1       0                               0D    228
     314     182       0       0       0                        00000200D    229
     314       0       8       1       0                               0D    230
     128     183       0       0       0                        01010000D    231
     128       0       0       2       0                               0D    232
     126     185       0       0       0                        01010500D    233
     126       0       0       2       0                               0D    234
     126     187       0       0       0                        01010500D    235
     126       0       0       6       0                               0D    236
     126     193       0       0       0                        01010500D    237
     126       0       0       2       0                               0D    238
     126     195       0       0       0                        01010500D    239
     126       0       0       6       0                               0D    240
     126     201       0       0       0                        01010500D    241
     126       0       0       2       0                               0D    242
     126     203       0       0       0                        01010500D    243
     126       0       0       6       0                               0D    244
     126     209       0       0       0                        01010500D    245
     126       0       0       2       0                               0D    246
     126     211       0       0       0                        01010500D    247
     126       0       0       6       0                               0D    248
     102     217       0       0       0                        01010500D    249
     102       0       0       1       0                               0D    250
     102     218       0       0       1                        01010000D    251
     102       0       0       1       0                               0D    252
     142     219       0       0       0                        00010500D    253
     142       0       0       1       0                               0D    254
     144     220       0       0       1                        00010000D    255
     144       0    -229       1       0                               0D    256
     314     221       0       0       0                        00000200D    257
     314       0       8       1       0                               0D    258
     128     222       0       0       0                        01010000D    259
     128       0       0       2       0                               0D    260
     126     224       0       0       0                        01010500D    261
     126       0       0       6       0                               0D    262
     126     230       0       0       0                        01010500D    263
     126       0       0       2       0                               0D    264
     126     232       0       0       0                        01010500D    265
     126       0       0       6       0                               0D    266
     126     238       0       0       0                        01010500D    267
     126       0       0       2       0                               0D    268
     126     240       0       0       0                        01010500D    269
     126       0       0       6       0                               0D    270
     126     246       0       0       0                        01010500D    271
     126       0       0       2       0                               0D    272
     126     248       0       0       0                        01010500D    273
     126       0       0       6       0                               0D    274
     126     254       0       0       0                        01010500D    275
     126       0       0       2       0                               0D    276
     102     256       0       0       0                        01010500D    277
     102       0       0       1       0                               0D    278
     102     257       0       0       1                        01010000D    279
     102       0       0       1       0                               0D    280
     142     258       0       0       0                        00010500D    281
     142       0       0       1       0                               0D    282
     144     259       0       0       1                        00010000D    283
     144       0    -257       1       0                               0D    284
     100     260       0       0       1                        00010000D    285
     100       0       0       1       0                               0D    286
     110     261       0       0       1                        00010000D    287
     110       0       0       1       0                               0D    288
     124     262       0       0       0                        00000000D    289
     124       0       0       4       0                               0D    290
     100     266       0       0       1             289        00010000D    291
     100       0       0       1       0                               0D    292
     110     267       0       0       1                        00010000D    293
     110       0       0       1       0                               0D    294
     110     268       0       0       1                        00010000D    295
     110       0       0       1       0                               0D    296
     110     269       0       0       1                        00010000D    297
     110       0       0       1       0                               0D    298
     110     270       0       0       1                        00010000D    299
     110       0       0       1       0                               0D    300
     100     271       0       0       1                        00010000D    301
     100       0       0       1       0                               0D    302
     110     272       0       0       1                        00010000D    303
     110       0       0       1       0                               0D    304
     124     273       0       0       0                        00000000D    305
     124       0       0       4       0                               0D    306
     100     277       0       0       1             305        00010000D    307
     100       0       0       1       0                               0D    308
     110     278       0       0       1                        00010000D    309
     110       0       0       1       0                               0D    310
     110     279       0       0       1                        00010000D    311
     110       0       0       1       0                               0D    312
     110     280       0       0       1                        00010000D    313
     110       0       0       1       0                               0D    314
     100     281       0       0       1                        00010000D    315
     100       0       0       1       0                               0D    316
     110     282       0       0       1                        00010000D    317
     110       0       0       1       0                               0D    318
     124     283       0       0       0                        00000000D    319
     124       0       0       4       0                               0D    320
     100     287       0       0       1             319        00010000D    321
     100       0       0       1       0                               0D    322
     110     288       0       0       1                        00010000D    323
     110       0       0       1       0                               0D    324
     110     289       0       0       1                        00010000D    325
     110       0       0       1       0                               0D    326
     110     290       0       0       1                        00010000D    327
     110       0       0       1       0                               0D    328
     100     291       0       0       1                        00010000D    329
     100       0       0       1       0                               0D    330
     110     292       0       0       1                        00010000D    331
     110       0       0       1       0                               0D    332
     124     293       0       0       0                        00000000D    333
     124       0       0       5       0                               0D    334
     100     298       0       0       1             333        00010000D    335
     100       0       0       1       0                               0D    336
     110     299       0       0       1                        00010000D    337
     110       0       0       1       0                               0D    338
     110     300       0       0       1                        00010000D    339
     110       0       0       1       0                               0D    340
     308     301       0       0       1                        00010201D    341
     308       0       0       5       0                               0D    342
     124     306       0       0       0                        00000000D    343
     124       0       0       1       0                               0D    344
     408     307       0       0       2             343        00000001D    345
     408       0       0       1       0                               0D    346
     314     308       0       0       0                        00000200D    347
     314       0       5       1       0                               0D    348
     128     309       0       0       0                        01010000D    349
     128       0       0       3       0                               0D    350
     126     312       0       0       0                        01010500D    351
     126       0       0       2       0                               0D    352
     110     314       0       0       3                        01010000D    353
     110       0       0       1       0                               0D    354
     126     315       0       0       0                        01010500D    355
     126       0       0       2       0                               0D    356
     110     317       0       0       3                        01010000D    357
     110       0       0       1       0                               0D    358
     126     318       0       0       0                        01010500D    359
     126       0       0       2       0                               0D    360
     110     320       0       0       3                        01010000D    361
     110       0       0       1       0                               0D    362
     126     321       0       0       0                        01010500D    363
     126       0       0       2       0                               0D    364
     110     323       0       0       3                        01010000D    365
     110       0       0       1       0                               0D    366
     102     324       0       0       0                        01010500D    367
     102       0       0       1       0                               0D    368
     102     325       0       0       3                        01010000D    369
     102       0       0       1       0                               0D    370
     142     326       0       0       0                        00010500D    371
     142       0       0       1       0                               0D    372
     144     327       0       0       3                        00010000D    373
     144       0    -347       1       0                               0D    374
     128     328       0       0       0                        01010000D    375
     128       0       0       3       0                               0D    376
     126     331       0       0       0                        01010500D    377
     126       0       0       2       0                               0D    378
     126     333       0       0       0                        01010500D    379
     126       0       0       2       0                               0D    380
     110     335       0       0       3                        01010000D    381
     110       0       0       1       0                               0D    382
     126     336       0       0       0                        01010500D    383
     126       0       0       2       0                               0D    384
     110     338       0       0       3                        01010000D    385
     110       0       0       1       0                               0D    386
     126     339       0       0       0                        01010500D    387
     126       0       0       2       0                               0D    388
     110     341       0       0       3                        01010000D    389
     110       0       0       1       0                               0D    390
     102     342       0       0       0                        01010500D    391
     102       0       0       1       0                               0D    392
     102     343       0       0       3                        01010000D    393
     102       0       0       1       0                               0D    394
     142     344       0       0       0                        00010500D    395
     142       0       0       1       0                               0D    396
     144     345       0       0       3                        00010000D    397
     144       0    -347       1       0                               0D    398
     128     346       0       0       0                        01010000D    399
     128       0       0       2       0                               0D    400
     126     348       0       0       0                        01010500D    401
     126       0       0       2       0                               0D    402
     126     350       0       0       0                        01010500D    403
     126       0       0       2       0                               0D    404
     126     352       0       0       0                        01010500D    405
     126       0       0       2       0                               0D    406
     110     354       0       0       3                        01010000D    407
     110       0       0       1       0                               0D    408
     126     355       0       0       0                        01010500D    409
     126       0       0       2       0                               0D    410
     110     357       0       0       3                        01010000D    411
     110       0       0       1       0                               0D    412
     102     358       0       0       0                        01010500D    413
     102       0       0       1       0                               0D    414
     102     359       0       0       3                        01010000D    415
     102       0       0       1       0                               0D    416
     142     360       0       0       0                        00010500D    417
     142       0       0       1       0                               0D    418
     144     361       0       0       3                        00010000D    419
     144       0    -347       1       0                               0D    420
     128     362       0       0       0                        01010000D    421
     128       0       0       3       0                               0D    422
     126     365       0       0       0                        01010500D    423
     126       0       0       2       0                               0D    424
     126     367       0       0       0                        01010500D    425
     126       0       0       2       0                               0D    426
     126     369       0       0       0                        01010500D    427
     126       0       0       2       0                               0D    428
     110     371       0       0       3                        01010000D    429
     110       0       0       1       0                               0D    430
     126     372       0       0       0                        01010500D    431
     126       0       0       2       0                               0D    432
     110     374       0       0       3                        01010000D    433
     110       0       0       1       0                               0D    434
     102     375       0       0       0                        01010500D    435
     102       0       0       1       0                               0D    436
     102     376       0       0       3                        01010000D    437
     102       0       0       1       0                               0D    438
     142     377       0       0       0                        00010500D    439
     142       0       0       1       0                               0D    440
     144     378       0       0       3                        00010000D    441
     144       0    -347       1       0                               0D    442
     128     379       0       0       0                        01010000D    443
     128       0       0       3       0                               0D    444
     126     382       0       0       0                        01010500D    445
     126       0       0       2       0                               0D    446
     126     384       0       0       0                        01010500D    447
     126       0       0       2       0                               0D    448
     126     386       0       0       0                        01010500D    449
     126       0       0       2       0                               0D    450
     110     388       0       0       3                        01010000D    451
     110       0       0       1       0                               0D    452
     126     389       0       0       0                        01010500D    453
     126       0       0       2       0                               0D    454
     102     391       0       0       0                        01010500D    455
     102       0       0       1       0                               0D    456
     102     392       0       0       3                        01010000D    457
     102       0       0       1       0                               0D    458
     142     393       0       0       0                        00010500D    459
     142       0       0       1       0                               0D    460
     144     394       0       0       3                        00010000D    461
     144       0    -347       1       0                               0D    462
     128     395       0       0       0                        01010000D    463
     128       0       0       3       0                               0D    464
     126     398       0       0       0                        01010500D    465
     126       0       0       2       0                               0D    466
     126     400       0       0       0                        01010500D    467
     126       0       0       2       0                               0D    468
     126     402       0       0       0                        01010500D    469
     126       0       0       2       0                               0D    470
     126     404       0       0       0                        01010500D    471
     126       0       0       2       0                               0D    472
     102     406       0       0       0                        01010500D    473
     102       0       0       1       0                               0D    474
     102     407       0       0       3                        01010000D    475
     102       0       0       1       0                               0D    476
     142     408       0       0       0                        00010500D    477
     142       0       0       1       0                               0D    478
     144     409       0       0       3                        00010000D    479
     144       0    -347       1       0                               0D    480
     110     410       0       0       3                        00010000D    481
     110       0       0       1       0                               0D    482
     110     411       0       0       3                        00010000D    483
     110       0       0       1       0                               0D    484
     110     412       0       0       3                        00010000D    485
     110       0       0       1       0                               0D    486
     110     413       0       0       3                        00010000D    487
     110       0       0       1       0                               0D    488
     110     414       0       0       3                        00010000D    489
     110       0       0       1       0                               0D    490
     110     415       0       0       3                        00010000D    491
     110       0       0       1       0                               0D    492
     110     416       0       0       3                        00010000D    493
     110       0       0       1       0                               0D    494
     110     417       0       0       3                        00010000D    495
     110       0       0       1       0                               0D    496
     110     418       0       0       3                        00010000D    497
     110       0       0       1       0                               0D    498
     110     419       0       0       3                        00010000D    499
     110       0       0       1       0                               0D    500
     110     420       0       0       3                        00010000D    501
     110       0       0       1       0                               0D    502
     110     421       0       0       3                        00010000D    503
     110       0       0       1       0                               0D    504
     128     422       0       0       0                        01010000D    505
     128       0       0       3       0                               0D    506
     126     425       0       0       0                        01010500D    507
     126       0       0       2       0                               0D    508
     110     427       0       0       4                        01010000D    509
     110       0       0       1       0                               0D    510
     126     428       0       0       0                        01010500D    511
     126       0       0       2       0                               0D    512
     110     430       0       0       4                        01010000D    513
     110       0       0       1       0                               0D    514
     126     431       0       0       0                        01010500D    515
     126       0       0       2       0                               0D    516
     110     433       0       0       4                        01010000D    517
     110       0       0       1       0                               0D    518
     126     434       0       0       0                        01010500D    519
     126       0       0       2       0                               0D    520
     110     436       0       0       4                        01010000D    521
     110       0       0       1       0                               0D    522
     102     437       0       0       0                        01010500D    523
     102       0       0       1       0                               0D    524
     102     438       0       0       4                        01010000D    525
     102       0       0       1       0                               0D    526
     142     439       0       0       0                        00010500D    527
     142       0       0       1       0                               0D    528
     144     440       0       0       4                        00010000D    529
     144       0    -347       1       0                               0D    530
     128     441       0       0       0                        01010000D    531
     128       0       0       3       0                               0D    532
     126     444       0       0       0                        01010500D    533
     126       0       0       2       0                               0D    534
     110     446       0       0       4                        01010000D    535
     110       0       0       1       0                               0D    536
     126     447       0       0       0                        01010500D    537
     126       0       0       2       0                               0D    538
     110     449       0       0       4                        01010000D    539
     110       0       0       1       0                               0D    540
     126     450       0       0       0                        01010500D    541
     126       0       0       2       0                               0D    542
     110     452       0       0       4                        01010000D    543
     110       0       0       1       0                               0D    544
     126     453       0       0       0                        01010500D    545
     126       0       0       2       0                               0D    546
     110     455       0       0       4                        01010000D    547
     110       0       0       1       0                               0D    548
     102     456       0       0       0                        01010500D    549
     102       0       0       1       0                               0D    550
     102     457       0       0       4                        01010000D    551
     102       0       0       1       0                               0D    552
     142     458       0       0       0                        00010500D    553
     142       0       0       1       0                               0D    554
     144     459       0       0       4                        00010000D    555
     144       0    -347       1       0                               0D    556
     128     460       0       0       0                        01010000D    557
     128       0       0       2       0                               0D    558
     126     462       0       0       0                        01010500D    559
     126       0       0       2       0                               0D    560
     126     464       0       0       0                        01010500D    561
     126       0       0       2       0                               0D    562
     110     466       0       0       4                        01010000D    563
     110       0       0       1       0                               0D    564
     126     467       0       0       0                        01010500D    565
     126       0       0       2       0                               0D    566
     110     469       0       0       4                        01010000D    567
     110       0       0       1       0                               0D    568
     126     470       0       0       0                        01010500D    569
     126       0       0       2       0                               0D    570
     110     472       0       0       4                        01010000D    571
     110       0       0       1       0                               0D    572
     102     473       0       0       0                        01010500D    573
     102       0       0       1       0                               0D    574
     102     474       0       0       4                        01010000D    575
     102       0       0       1       0                               0D    576
     142     475       0       0       0                        00010500D    577
     142       0       0       1       0                               0D    578
     144     476       0       0       4                        00010000D    579
     144       0    -347       1       0                               0D    580
     128     477       0       0       0                        01010000D    581
     128       0       0       3       0                               0D    582
     126     480       0       0       0                        01010500D    583
     126       0       0       2       0                               0D    584
     126     482       0       0       0                        01010500D    585
     126       0       0       2       0                               0D    586
     126     484       0       0       0                        01010500D    587
     126       0       0       2       0                               0D    588
     110     486       0       0       4                        01010000D    589
     110       0       0       1       0                               0D    590
     126     487       0       0       0                        01010500D    591
     126       0       0       2       0                               0D    592
     110     489       0       0       4                        01010000D    593
     110       0       0       1       0                               0D    594
     102     490       0       0       0                        01010500D    595
     102       0       0       1       0                               0D    596
     102     491       0       0       4                        01010000D    597
     102       0       0       1       0                               0D    598
     142     492       0       0       0                        00010500D    599
     142       0       0       1       0                               0D    600
     144     493       0       0       4                        00010000D    601
     144       0    -347       1       0                               0D    602
     128     494       0       0       0                        01010000D    603
     128       0       0       3       0                               0D    604
     126     497       0       0       0                        01010500D    605
     126       0       0       2       0                               0D    606
     110     499       0       0       4                        01010000D    607
     110       0       0       1       0                               0D    608
     126     500       0       0       0                        01010500D    609
     126       0       0       2       0                               0D    610
     110     502       0       0       4                        01010000D    611
     110       0       0       1       0                               0D    612
     126     503       0       0       0                        01010500D    613
     126       0       0       2       0                               0D    614
     110     505       0       0       4                        01010000D    615
     110       0       0       1       0                               0D    616
     126     506       0       0       0                        01010500D    617
     126       0       0       2       0                               0D    618
     102     508       0       0       0                        01010500D    619
     102       0       0       1       0                               0D    620
     102     509       0       0       4                        01010000D    621
     102       0       0       1       0                               0D    622
     142     510       0       0       0                        00010500D    623
     142       0       0       1       0                               0D    624
     144     511       0       0       4                        00010000D    625
     144       0    -347       1       0                               0D    626
     128     512       0       0       0                        01010000D    627
     128       0       0       3       0                               0D    628
     126     515       0       0       0                        01010500D    629
     126       0       0       2       0                               0D    630
     126     517       0       0       0                        01010500D    631
     126       0       0       2       0                               0D    632
     110     519       0       0       4                        01010000D    633
     110       0       0       1       0                               0D    634
     126     520       0       0       0                        01010500D    635
     126       0       0       2       0                               0D    636
     110     522       0       0       4                        01010000D    637
     110       0       0       1       0                               0D    638
     126     523       0       0       0                        01010500D    639
     126       0       0       2       0                               0D    640
     102     525       0       0       0                        01010500D    641
     102       0       0       1       0                               0D    642
     102     526       0       0       4                        01010000D    643
     102       0       0       1       0                               0D    644
     142     527       0       0       0                        00010500D    645
     142       0       0       1       0                               0D    646
     144     528       0       0       4                        00010000D    647
     144       0    -347       1       0                               0D    648
     128     529       0       0       0                        01010000D    649
     128       0       0       3       0                               0D    650
     126     532       0       0       0                        01010500D    651
     126       0       0       2       0                               0D    652
     110     534       0       0       4                        01010000D    653
     110       0       0       1       0                               0D    654
     126     535       0       0       0                        01010500D    655
     126       0       0       2       0                               0D    656
     110     537       0       0       4                        01010000D    657
     110       0       0       1       0                               0D    658
     126     538       0       0       0                        01010500D    659
     126       0       0       2       0                               0D    660
     126     540       0       0       0                        01010500D    661
     126       0       0       2       0                               0D    662
     102     542       0       0       0                        01010500D    663
     102       0       0       1       0                               0D    664
     102     543       0       0       4                        01010000D    665
     102       0       0       1       0                               0D    666
     142     544       0       0       0                        00010500D    667
     142       0       0       1       0                               0D    668
     144     545       0       0       4                        00010000D    669
     144       0    -347       1       0                               0D    670
     128     546       0       0       0                        01010000D    671
     128       0       0       3       0                               0D    672
     126     549       0       0       0                        01010500D    673
     126       0       0       2       0                               0D    674
     110     551       0       0       4                        01010000D    675
     110       0       0       1       0                               0D    676
     126     552       0       0       0                        01010500D    677
     126       0       0       2       0                               0D    678
     126     554       0       0       0                        01010500D    679
     126       0       0       2       0                               0D    680
     126     556       0       0       0                        01010500D    681
     126       0       0       2       0                               0D    682
     110     558       0       0       4                        01010000D    683
     110       0       0       1       0                               0D    684
     102     559       0       0       0                        01010500D    685
     102       0       0       1       0                               0D    686
     102     560       0       0       4                        01010000D    687
     102       0       0       1       0                               0D    688
     142     561       0       0       0                        00010500D    689
     142       0       0       1       0                               0D    690
     144     562       0       0       4                        00010000D    691
     144       0    -347       1       0                               0D    692
     128     563       0       0       0                        01010000D    693
     128       0       0       2       0                               0D    694
     126     565       0       0       0                        01010500D    695
     126       0       0       6       0                               0D    696
     124     571       0       0       0                        00000000D    697
     124       0       0       4       0                               0D    698
     100     575       0       0       4             697        01010000D    699
     100       0       0       1       0                               0D    700
     126     576       0       0       0                        01010500D    701
     126       0       0       2       0                               0D    702
     110     578       0       0       4                        01010000D    703
     110       0       0       1       0                               0D    704
     126     579       0       0       0                        01010500D    705
     126       0       0       2       0                               0D    706
     126     581       0       0       0                        01010500D    707
     126       0       0       2       0                               0D    708
     110     583       0       0       4                        01010000D    709
     110       0       0       1       0                               0D    710
     126     584       0       0       0                        01010500D    711
     126       0       0       4       0                               0D    712
     124     588       0       0       0                        00000000D    713
     124       0       0       4       0                               0D    714
     100     592       0       0       4             713        01010000D    715
     100       0       0       1       0                               0D    716
     126     593       0       0       0                        01010500D    717
     126       0       0       2       0                               0D    718
     110     595       0       0       4                        01010000D    719
     110       0       0       1       0                               0D    720
     126     596       0       0       0                        01010500D    721
     126       0       0       6       0                               0D    722
     124     602       0       0       0                        00000000D    723
     124       0       0       2       0                               0D    724
     100     604       0       0       4             723        01010000D    725
     100       0       0       1       0                               0D    726
     126     605       0       0       0                        01010500D    727
     126       0       0       2       0                               0D    728
     110     607       0       0       4                        01010000D    729
     110       0       0       1       0                               0D    730
     126     608       0       0       0                        01010500D    731
     126       0       0       2       0                               0D    732
     126     610       0       0       0                        01010500D    733
     126       0       0       2       0                               0D    734
     110     612       0       0       4                        01010000D    735
     110       0       0       1       0                               0D    736
     126     613       0       0       0                        01010500D    737
     126       0       0       4       0                               0D    738
     124     617       0       0       0                        00000000D    739
     124       0       0       3       0                               0D    740
     100     620       0       0       4             739        01010000D    741
     100       0       0       1       0                               0D    742
     126     621       0       0       0                        01010500D    743
     126       0       0       2       0                               0D    744
     110     623       0       0       4                        01010000D    745
     110       0       0       1       0                               0D    746
     102     624       0       0       0                        01010500D    747
     102       0       0       1       0                               0D    748
     102     625       0       0       4                        01010000D    749
     102       0       0       1       0                               0D    750
     142     626       0       0       0                        00010500D    751
     142       0       0       1       0                               0D    752
     144     627       0       0       4                        00010000D    753
     144       0    -347       1       0                               0D    754
     128     628       0       0       0                        01010000D    755
     128       0       0       3       0                               0D    756
     126     631       0       0       0                        01010500D    757
     126       0       0       2       0                               0D    758
     110     633       0       0       4                        01010000D    759
     110       0       0       1       0                               0D    760
     126     634       0       0       0                        01010500D    761
     126       0       0       2       0                               0D    762
     126     636       0       0       0                        01010500D    763
     126       0       0       2       0                               0D    764
     126     638       0       0       0                        01010500D    765
     126       0       0       2       0                               0D    766
     102     640       0       0       0                        01010500D    767
     102       0       0       1       0                               0D    768
     102     641       0       0       4                        01010000D    769
     102       0       0       1       0                               0D    770
     142     642       0       0       0                        00010500D    771
     142       0       0       1       0                               0D    772
     144     643       0       0       4                        00010000D    773
     144       0    -347       1       0                               0D    774
     128     644       0       0       0                        01010000D    775
     128       0       0       2       0                               0D    776
     126     646       0       0       0                        01010500D    777
     126       0       0       2       0                               0D    778
     110     648       0       0       4                        01010000D    779
     110       0       0       1       0                               0D    780
     126     649       0       0       0                        01010500D    781
     126       0       0       2       0                               0D    782
     110     651       0       0       4                        01010000D    783
     110       0       0       1       0                               0D    784
     126     652       0       0       0                        01010500D    785
     126       0       0       2       0                               0D    786
     126     654       0       0       0                        01010500D    787
     126       0       0       2       0                               0D    788
     102     656       0       0       0                        01010500D    789
     102       0       0       1       0                               0D    790
     102     657       0       0       4                        01010000D    791
     102       0       0       1       0                               0D    792
     142     658       0       0       0                        00010500D    793
     142       0       0       1       0                               0D    794
     144     659       0       0       4                        00010000D    795
     144       0    -347       1       0                               0D    796
     128     660       0       0       0                        01010000D    797
     128       0       0       5       0                               0D    798
     126     665       0       0       0                        01010500D    799
     126       0       0       2       0                               0D    800
     126     667       0       0       0                        01010500D    801
     126       0       0       2       0                               0D    802
     126     669       0       0       0                        01010500D    803
     126       0       0       2       0                               0D    804
     110     671       0       0       4                        01010000D    805
     110       0       0       1       0                               0D    806
     126     672       0       0       0                        01010500D    807
     126       0       0       2       0                               0D    808
     124     674       0       0       0                        00000000D    809
     124       0       0       3       0                               0D    810
     100     677       0       0       4             809        01010000D    811
     100       0       0       1       0                               0D    812
     102     678       0       0       0                        01010500D    813
     102       0       0       1       0                               0D    814
     102     679       0       0       4                        01010000D    815
     102       0       0       1       0                               0D    816
     142     680       0       0       0                        00010500D    817
     142       0       0       1       0                               0D    818
     144     681       0       0       4                        00010000D    819
     144       0    -347       1       0                               0D    820
     128     682       0       0       0                        01010000D    821
     128       0       0       2       0                               0D    822
     126     684       0       0       0                        01010500D    823
     126       0       0       2       0                               0D    824
     126     686       0       0       0                        01010500D    825
     126       0       0       2       0                               0D    826
     126     688       0       0       0                        01010500D    827
     126       0       0       2       0                               0D    828
     110     690       0       0       4                        01010000D    829
     110       0       0       1       0                               0D    830
     126     691       0       0       0                        01010500D    831
     126       0       0       2       0                               0D    832
     110     693       0       0       4                        01010000D    833
     110       0       0       1       0                               0D    834
     102     694       0       0       0                        01010500D    835
     102       0       0       1       0                               0D    836
     102     695       0       0       4                        01010000D    837
     102       0       0       1       0                               0D    838
     142     696       0       0       0                        00010500D    839
     142       0       0       1       0                               0D    840
     144     697       0       0       4                        00010000D    841
     144       0    -347       1       0                               0D    842
     128     698       0       0       0                        01010000D    843
     128       0       0       5       0                               0D    844
     126     703       0       0       0                        01010500D    845
     126       0       0       2       0                               0D    846
     110     705       0       0       4                        01010000D    847
     110       0       0       1       0                               0D    848
     126     706       0       0       0                        01010500D    849
     126       0       0       2       0                               0D    850
     126     708       0       0       0                        01010500D    851
     126       0       0       2       0                               0D    852
     126     710       0       0       0                        01010500D    853
     126       0       0       2       0                               0D    854
     124     712       0       0       0                        00000000D    855
     124       0       0       2       0                               0D    856
     100     714       0       0       4             855        01010000D    857
     100       0       0       1       0                               0D    858
     102     715       0       0       0                        01010500D    859
     102       0       0       1       0                               0D    860
     102     716       0       0       4                        01010000D    861
     102       0       0       1       0                               0D    862
     142     717       0       0       0                        00010500D    863
     142       0       0       1       0                               0D    864
     144     718       0       0       4                        00010000D    865
     144       0    -347       1       0                               0D    866
     128     719       0       0       0                        01010000D    867
     128       0       0       3       0                               0D    868
     126     722       0       0       0                        01010500D    869
     126       0       0       2       0                               0D    870
     126     724       0       0       0                        01010500D    871
     126       0       0       2       0                               0D    872
     126     726       0       0       0                        01010500D    873
     126       0       0       2       0                               0D    874
     126     728       0       0       0                        01010500D    875
     126       0       0       2       0                               0D    876
     110     730       0       0       4                        01010000D    877
     110       0       0       1       0                               0D    878
     102     731       0       0       0                        01010500D    879
     102       0       0       1       0                               0D    880
     102     732       0       0       4                        01010000D    881
     102       0       0       1       0                               0D    882
     142     733       0       0       0                        00010500D    883
     142       0       0       1       0                               0D    884
     144     734       0       0       4                        00010000D    885
     144       0    -347       1       0                               0D    886
     128     735       0       0       0                        01010000D    887
     128       0       0       3       0                               0D    888
     126     738       0       0       0                        01010500D    889
     126       0       0       2       0                               0D    890
     126     740       0       0       0                        01010500D    891
     126       0       0       2       0                               0D    892
     126     742       0       0       0                        01010500D    893
     126       0       0       2       0                               0D    894
     110     744       0       0       4                        01010000D    895
     110       0       0       1       0                               0D    896
     126     745       0       0       0                        01010500D    897
     126       0       0       2       0                               0D    898
     102     747       0       0       0                        01010500D    899
     102       0       0       1       0                               0D    900
     102     748       0       0       4                        01010000D    901
     102       0       0       1       0                               0D    902
     142     749       0       0       0                        00010500D    903
     142       0       0       1       0                               0D    904
     144     750       0       0       4                        00010000D    905
     144       0    -347       1       0                               0D    906
     128     751       0       0       0                        01010000D    907
     128       0       0       3       0                               0D    908
     126     754       0       0       0                        01010500D    909
     126       0       0       2       0                               0D    910
     110     756       0       0       4                        01010000D    911
     110       0       0       1       0                               0D    912
     126     757       0       0       0                        01010500D    913
     126       0       0       2       0                               0D    914
     110     759       0       0       4                        01010000D    915
     110       0       0       1       0                               0D    916
     126     760       0       0       0                        01010500D    917
     126       0       0       2       0                               0D    918
     126     762       0       0       0                        01010500D    919
     126       0       0       2       0                               0D    920
     102     764       0       0       0                        01010500D    921
     102       0       0       1       0                               0D    922
     102     765       0       0       4                        01010000D    923
     102       0       0       1       0                               0D    924
     142     766       0       0       0                        00010500D    925
     142       0       0       1       0                               0D    926
     144     767       0       0       4                        00010000D    927
     144       0    -347       1       0                               0D    928
     128     768       0       0       0                        01010000D    929
     128       0       0       5       0                               0D    930
     126     773       0       0       0                        01010500D    931
     126       0       0       2       0                               0D    932
     110     775       0       0       4                        01010000D    933
     110       0       0       1       0                               0D    934
     126     776       0       0       0                        01010500D    935
     126       0       0       2       0                               0D    936
     124     778       0       0       0                        00000000D    937
     124       0       0       2       0                               0D    938
     100     780       0       0       4             937        01010000D    939
     100       0       0       1       0                               0D    940
     126     781       0       0       0                        01010500D    941
     126       0       0       2       0                               0D    942
     126     783       0       0       0                        01010500D    943
     126       0       0       2       0                               0D    944
     102     785       0       0       0                        01010500D    945
     102       0       0       1       0                               0D    946
     102     786       0       0       4                        01010000D    947
     102       0       0       1       0                               0D    948
     142     787       0       0       0                        00010500D    949
     142       0       0       1       0                               0D    950
     144     788       0       0       4                        00010000D    951
     144       0    -347       1       0                               0D    952
     128     789       0       0       0                        01010000D    953
     128       0       0       3       0                               0D    954
     126     792       0       0       0                        01010500D    955
     126       0       0       2       0                               0D    956
     110     794       0       0       4                        01010000D    957
     110       0       0       1       0                               0D    958
     126     795       0       0       0                        01010500D    959
     126       0       0       2       0                               0D    960
     110     797       0       0       4                        01010000D    961
     110       0       0       1       0                               0D    962
     126     798       0       0       0                        01010500D    963
     126       0       0       2       0                               0D    964
     126     800       0       0       0                        01010500D    965
     126       0       0       2       0                               0D    966
     102     802       0       0       0                        01010500D    967
     102       0       0       1       0                               0D    968
     102     803       0       0       4                        01010000D    969
     102       0       0       1       0                               0D    970
     142     804       0       0       0                        00010500D    971
     142       0       0       1       0                               0D    972
     144     805       0       0       4                        00010000D    973
     144       0    -347       1       0                               0D    974
     128     806       0       0       0                        01010000D    975
     128       0       0       5       0                               0D    976
     126     811       0       0       0                        01010500D    977
     126       0       0       2       0                               0D    978
     126     813       0       0       0                        01010500D    979
     126       0       0       2       0                               0D    980
     124     815       0       0       0                        00000000D    981
     124       0       0       3       0                               0D    982
     100     818       0       0       4             981        01010000D    983
     100       0       0       1       0                               0D    984
     126     819       0       0       0                        01010500D    985
     126       0       0       2       0                               0D    986
     110     821       0       0       4                        01010000D    987
     110       0       0       1       0                               0D    988
     126     822       0       0       0                        01010500D    989
     126       0       0       2       0                               0D    990
     102     824       0       0       0                        01010500D    991
     102       0       0       1       0                               0D    992
     102     825       0       0       4                        01010000D    993
     102       0       0       1       0                               0D    994
     142     826       0       0       0                        00010500D    995
     142       0       0       1       0                               0D    996
     144     827       0       0       4                        00010000D    997
     144       0    -347       1       0                               0D    998
     128     828       0       0       0                        01010000D    999
     128       0       0       3       0                               0D   1000
     126     831       0       0       0                        01010500D   1001
     126       0       0       2       0                               0D   1002
     126     833       0       0       0                        01010500D   1003
     126       0       0       2       0                               0D   1004
     126     835       0       0       0                        01010500D   1005
     126       0       0       2       0                               0D   1006
     126     837       0       0       0                        01010500D   1007
     126       0       0       2       0                               0D   1008
     110     839       0       0       4                        01010000D   1009
     110       0       0       1       0                               0D   1010
     102     840       0       0       0                        01010500D   1011
     102       0       0       1       0                               0D   1012
     102     841       0       0       4                        01010000D   1013
     102       0       0       1       0                               0D   1014
     142     842       0       0       0                        00010500D   1015
     142       0       0       1       0                               0D   1016
     144     843       0       0       4                        00010000D   1017
     144       0    -347       1       0                               0D   1018
     128     844       0       0       0                        01010000D   1019
     128       0       0       2       0                               0D   1020
     126     846       0       0       0                        01010500D   1021
     126       0       0       4       0                               0D   1022
     126     850       0       0       0                        01010500D   1023
     126       0       0       2       0                               0D   1024
     126     852       0       0       0                        01010500D   1025
     126       0       0       2       0                               0D   1026
     126     854       0       0       0                        01010500D   1027
     126       0       0       2       0                               0D   1028
     126     856       0       0       0                        01010500D   1029
     126       0       0       6       0                               0D   1030
     126     862       0       0       0                        01010500D   1031
     126       0       0       2       0                               0D   1032
     126     864       0       0       0                        01010500D   1033
     126       0       0       4       0                               0D   1034
     126     868       0       0       0                        01010500D   1035
     126       0       0       2       0                               0D   1036
     126     870       0       0       0                        01010500D   1037
     126       0       0       2       0                               0D   1038
     126     872       0       0       0                        01010500D   1039
     126       0       0       2       0                               0D   1040
     126     874       0       0       0                        01010500D   1041
     126       0       0       6       0                               0D   1042
     126     880       0       0       0                        01010500D   1043
     126       0       0       2       0                               0D   1044
     102     882       0       0       0                        01010500D   1045
     102       0       0       2       0                               0D   1046
     102     884       0       0       4                        01010000D   1047
     102       0       0       1       0                               0D   1048
     142     885       0       0       0                        00010500D   1049
     142       0       0       1       0                               0D   1050
     144     886       0       0       4                        00010000D   1051
     144       0    -347       1       0                               0D   1052
     110     887       0       0       4                        00010000D   1053
     110       0       0       1       0                               0D   1054
     110     888       0       0       4                        00010000D   1055
     110       0       0       1       0                               0D   1056
     110     889       0       0       4                        00010000D   1057
     110       0       0       1       0                               0D   1058
     110     890       0       0       4                        00010000D   1059
     110       0       0       1       0                               0D   1060
     110     891       0       0       4                        00010000D   1061
     110       0       0       1       0                               0D   1062
     110     892       0       0       4                        00010000D   1063
     110       0       0       1       0                               0D   1064
     110     893       0       0       4                        00010000D   1065
     110       0       0       1       0                               0D   1066
     110     894       0       0       4                        00010000D   1067
     110       0       0       1       0                               0D   1068
     110     895       0       0       4                        00010000D   1069
     110       0       0       1       0                               0D   1070
     110     896       0       0       4                        00010000D   1071
     110       0       0       1       0                               0D   1072
     110     897       0       0       4                        00010000D   1073
     110       0       0       1       0                               0D   1074
     110     898       0       0       4                        00010000D   1075
     110       0       0       1       0                               0D   1076
     110     899       0       0       4                        00010000D   1077
     110       0       0       1       0                               0D   1078
     110     900       0       0       4                        00010000D   1079
     110       0       0       1       0                               0D   1080
     110     901       0       0       4                        00010000D   1081
     110       0       0       1       0                               0D   1082
     110     902       0       0       4                        00010000D   1083
     110       0       0       1       0                               0D   1084
     110     903       0       0       4                        00010000D   1085
     110       0       0       1       0                               0D   1086
     110     904       0       0       4                        00010000D   1087
     110       0       0       1       0                               0D   1088
     110     905       0       0       4                        00010000D   1089
     110       0       0       1       0                               0D   1090
     110     906       0       0       4                        00010000D   1091
     110       0       0       1       0                               0D   1092
     110     907       0       0       4                        00010000D   1093
     110       0       0       1       0                               0D   1094
     110     908       0       0       4                        00010000D   1095
     110       0       0       1       0                               0D   1096
     124     909       0       0       0                        00000000D   1097
     124       0       0       4       0                               0D   1098
     100     913       0       0       4            1097        00010000D   1099
     100       0       0       1       0                               0D   1100
     110     914       0       0       4                        00010000D   1101
     110       0       0       1       0                               0D   1102
     110     915       0       0       4                        00010000D   1103
     110       0       0       1       0                               0D   1104
     124     916       0       0       0                        00000000D   1105
     124       0       0       4       0                               0D   1106
     100     920       0       0       4            1105        00010000D   1107
     100       0       0       1       0                               0D   1108
     110     921       0       0       4                        00010000D   1109
     110       0       0       1       0                               0D   1110
     124     922       0       0       0                        00000000D   1111
     124       0       0       2       0                               0D   1112
     100     924       0       0       4            1111        00010000D   1113
     100       0       0       1       0                               0D   1114
     110     925       0       0       4                        00010000D   1115
     110       0       0       1       0                               0D   1116
     110     926       0       0       4                        00010000D   1117
     110       0       0       1       0                               0D   1118
     124     927       0       0       0                        00000000D   1119
     124       0       0       3       0                               0D   1120
     100     930       0       0       4            1119        00010000D   1121
     100       0       0       1       0                               0D   1122
     110     931       0       0       4                        00010000D   1123
     110       0       0       1       0                               0D   1124
     110     932       0       0       4                        00010000D   1125
     110       0       0       1       0                               0D   1126
     110     933       0       0       4                        00010000D   1127
     110       0       0       1       0                               0D   1128
     110     934       0       0       4                        00010000D   1129
     110       0       0       1       0                               0D   1130
     110     935       0       0       4                        00010000D   1131
     110       0       0       1       0                               0D   1132
     124     936       0       0       0                        00000000D   1133
     124       0       0       3       0                               0D   1134
     100     939       0       0       4            1133        00010000D   1135
     100       0       0       1       0                               0D   1136
     110     940       0       0       4                        00010000D   1137
     110       0       0       1       0                               0D   1138
     110     941       0       0       4                        00010000D   1139
     110       0       0       1       0                               0D   1140
     110     942       0       0       4                        00010000D   1141
     110       0       0       1       0                               0D   1142
     124     943       0       0       0                        00000000D   1143
     124       0       0       2       0                               0D   1144
     100     945       0       0       4            1143        00010000D   1145
     100       0       0       1       0                               0D   1146
     110     946       0       0       4                        00010000D   1147
     110       0       0       1       0                               0D   1148
     110     947       0       0       4                        00010000D   1149
     110       0       0       1       0                               0D   1150
     110     948       0       0       4                        00010000D   1151
     110       0       0       1       0                               0D   1152
     110     949       0       0       4                        00010000D   1153
     110       0       0       1       0                               0D   1154
     110     950       0       0       4                        00010000D   1155
     110       0       0       1       0                               0D   1156
     124     951       0       0       0                        00000000D   1157
     124       0       0       2       0                               0D   1158
     100     953       0       0       4            1157        00010000D   1159
     100       0       0       1       0                               0D   1160
     110     954       0       0       4                        00010000D   1161
     110       0       0       1       0                               0D   1162
     110     955       0       0       4                        00010000D   1163
     110       0       0       1       0                               0D   1164
     124     956       0       0       0                        00000000D   1165
     124       0       0       3       0                               0D   1166
     100     959       0       0       4            1165        00010000D   1167
     100       0       0       1       0                               0D   1168
     110     960       0       0       4                        00010000D   1169
     110       0       0       1       0                               0D   1170
     110     961       0       0       4                        00010000D   1171
     110       0       0       1       0                               0D   1172
     128     962       0       0       0                        01010000D   1173
     128       0       0       3       0                               0D   1174
     126     965       0       0       0                        01010500D   1175
     126       0       0       2       0                               0D   1176
     110     967       0       0       5                        01010000D   1177
     110       0       0       1       0                               0D   1178
     126     968       0       0       0                        01010500D   1179
     126       0       0       2       0                               0D   1180
     110     970       0       0       5                        01010000D   1181
     110       0       0       1       0                               0D   1182
     126     971       0       0       0                        01010500D   1183
     126       0       0       2       0                               0D   1184
     110     973       0       0       5                        01010000D   1185
     110       0       0       1       0                               0D   1186
     126     974       0       0       0                        01010500D   1187
     126       0       0       2       0                               0D   1188
     110     976       0       0       5                        01010000D   1189
     110       0       0       1       0                               0D   1190
     102     977       0       0       0                        01010500D   1191
     102       0       0       1       0                               0D   1192
     102     978       0       0       5                        01010000D   1193
     102       0       0       1       0                               0D   1194
     142     979       0       0       0                        00010500D   1195
     142       0       0       1       0                               0D   1196
     144     980       0       0       5                        00010000D   1197
     144       0    -347       1       0                               0D   1198
     128     981       0       0       0                        01010000D   1199
     128       0       0       3       0                               0D   1200
     126     984       0       0       0                        01010500D   1201
     126       0       0       2       0                               0D   1202
     110     986       0       0       5                        01010000D   1203
     110       0       0       1       0                               0D   1204
     126     987       0       0       0                        01010500D   1205
     126       0       0       2       0                               0D   1206
     110     989       0       0       5                        01010000D   1207
     110       0       0       1       0                               0D   1208
     126     990       0       0       0                        01010500D   1209
     126       0       0       2       0                               0D   1210
     110     992       0       0       5                        01010000D   1211
     110       0       0       1       0                               0D   1212
     126     993       0       0       0                        01010500D   1213
     126       0       0       2       0                               0D   1214
     102     995       0       0       0                        01010500D   1215
     102       0       0       1       0                               0D   1216
     102     996       0       0       5                        01010000D   1217
     102       0       0       1       0                               0D   1218
     142     997       0       0       0                        00010500D   1219
     142       0       0       1       0                               0D   1220
     144     998       0       0       5                        00010000D   1221
     144       0    -347       1       0                               0D   1222
     128     999       0       0       0                        01010000D   1223
     128       0       0       3       0                               0D   1224
     126    1002       0       0       0                        01010500D   1225
     126       0       0       2       0                               0D   1226
     110    1004       0       0       5                        01010000D   1227
     110       0       0       1       0                               0D   1228
     126    1005       0       0       0                        01010500D   1229
     126       0       0       2       0                               0D   1230
     126    1007       0       0       0                        01010500D   1231
     126       0       0       2       0                               0D   1232
     110    1009       0       0       5                        01010000D   1233
     110       0       0       1       0                               0D   1234
     126    1010       0       0       0                        01010500D   1235
     126       0       0       2       0                               0D   1236
     110    1012       0       0       5                        01010000D   1237
     110       0       0       2       0                               0D   1238
     102    1014       0       0       0                        01010500D   1239
     102       0       0       1       0                               0D   1240
     102    1015       0       0       5                        01010000D   1241
     102       0       0       1       0                               0D   1242
     142    1016       0       0       0                        00010500D   1243
     142       0       0       1       0                               0D   1244
     144    1017       0       0       5                        00010000D   1245
     144       0    -347       1       0                               0D   1246
     128    1018       0       0       0                        01010000D   1247
     128       0       0       3       0                               0D   1248
     126    1021       0       0       0                        01010500D   1249
     126       0       0       2       0                               0D   1250
     110    1023       0       0       5                        01010000D   1251
     110       0       0       1       0                               0D   1252
     126    1024       0       0       0                        01010500D   1253
     126       0       0       2       0                               0D   1254
     110    1026       0       0       5                        01010000D   1255
     110       0       0       1       0                               0D   1256
     126    1027       0       0       0                        01010500D   1257
     126       0       0       2       0                               0D   1258
     110    1029       0       0       5                        01010000D   1259
     110       0       0       1       0                               0D   1260
     126    1030       0       0       0                        01010500D   1261
     126       0       0       2       0                               0D   1262
     110    1032       0       0       5                        01010000D   1263
     110       0       0       1       0                               0D   1264
     102    1033       0       0       0                        01010500D   1265
     102       0       0       1       0                               0D   1266
     102    1034       0       0       5                        01010000D   1267
     102       0       0       1       0                               0D   1268
     142    1035       0       0       0                        00010500D   1269
     142       0       0       1       0                               0D   1270
     144    1036       0       0       5                        00010000D   1271
     144       0    -347       1       0                               0D   1272
     128    1037       0       0       0                        01010000D   1273
     128       0       0       3       0                               0D   1274
     126    1040       0       0       0                        01010500D   1275
     126       0       0       2       0                               0D   1276
     110    1042       0       0       5                        01010000D   1277
     110       0       0       1       0                               0D   1278
     126    1043       0       0       0                        01010500D   1279
     126       0       0       2       0                               0D   1280
     110    1045       0       0       5                        01010000D   1281
     110       0       0       1       0                               0D   1282
     126    1046       0       0       0                        01010500D   1283
     126       0       0       2       0                               0D   1284
     110    1048       0       0       5                        01010000D   1285
     110       0       0       1       0                               0D   1286
     126    1049       0       0       0                        01010500D   1287
     126       0       0       2       0                               0D   1288
     110    1051       0       0       5                        01010000D   1289
     110       0       0       1       0                               0D   1290
     102    1052       0       0       0                        01010500D   1291
     102       0       0       1       0                               0D   1292
     102    1053       0       0       5                        01010000D   1293
     102       0       0       1       0                               0D   1294
     142    1054       0       0       0                        00010500D   1295
     142       0       0       1       0                               0D   1296
     144    1055       0       0       5                        00010000D   1297
     144       0    -347       1       0                               0D   1298
     128    1056       0       0       0                        01010000D   1299
     128       0       0       3       0                               0D   1300
     126    1059       0       0       0                        01010500D   1301
     126       0       0       2       0                               0D   1302
     110    1061       0       0       5                        01010000D   1303
     110       0       0       1       0                               0D   1304
     126    1062       0       0       0                        01010500D   1305
     126       0       0       2       0                               0D   1306
     110    1064       0       0       5                        01010000D   1307
     110       0       0       1       0                               0D   1308
     126    1065       0       0       0                        01010500D   1309
     126       0       0       2       0                               0D   1310
     126    1067       0       0       0                        01010500D   1311
     126       0       0       2       0                               0D   1312
     110    1069       0       0       5                        01010000D   1313
     110       0       0       1       0                               0D   1314
     126    1070       0       0       0                        01010500D   1315
     126       0       0       2       0                               0D   1316
     126    1072       0       0       0                        01010500D   1317
     126       0       0       2       0                               0D   1318
     110    1074       0       0       5                        01010000D   1319
     110       0       0       1       0                               0D   1320
     102    1075       0       0       0                        01010500D   1321
     102       0       0       1       0                               0D   1322
     102    1076       0       0       5                        01010000D   1323
     102       0       0       1       0                               0D   1324
     142    1077       0       0       0                        00010500D   1325
     142       0       0       1       0                               0D   1326
     126    1078       0       0       0                        01010500D   1327
     126       0       0       2       0                               0D   1328
     110    1080       0       0       5                        01010000D   1329
     110       0       0       1       0                               0D   1330
     126    1081       0       0       0                        01010500D   1331
     126       0       0       2       0                               0D   1332
     110    1083       0       0       5                        01010000D   1333
     110       0       0       1       0                               0D   1334
     126    1084       0       0       0                        01010500D   1335
     126       0       0       2       0                               0D   1336
     110    1086       0       0       5                        01010000D   1337
     110       0       0       1       0                               0D   1338
     126    1087       0       0       0                        01010500D   1339
     126       0       0       2       0                               0D   1340
     110    1089       0       0       5                        01010000D   1341
     110       0       0       1       0                               0D   1342
     102    1090       0       0       0                        01010500D   1343
     102       0       0       1       0                               0D   1344
     102    1091       0       0       5                        01010000D   1345
     102       0       0       1       0                               0D   1346
     142    1092       0       0       0                        00010500D   1347
     142       0       0       1       0                               0D   1348
     144    1093       0       0       5                        00010000D   1349
     144       0    -347       1       0                               0D   1350
     128    1094       0       0       0                        01010000D   1351
     128       0       0       3       0                               0D   1352
     126    1097       0       0       0                        01010500D   1353
     126       0       0       2       0                               0D   1354
     110    1099       0       0       5                        01010000D   1355
     110       0       0       1       0                               0D   1356
     126    1100       0       0       0                        01010500D   1357
     126       0       0       2       0                               0D   1358
     110    1102       0       0       5                        01010000D   1359
     110       0       0       1       0                               0D   1360
     126    1103       0       0       0                        01010500D   1361
     126       0       0       2       0                               0D   1362
     126    1105       0       0       0                        01010500D   1363
     126       0       0       2       0                               0D   1364
     110    1107       0       0       5                        01010000D   1365
     110       0       0       1       0                               0D   1366
     126    1108       0       0       0                        01010500D   1367
     126       0       0       2       0                               0D   1368
     126    1110       0       0       0                        01010500D   1369
     126       0       0       2       0                               0D   1370
     110    1112       0       0       5                        01010000D   1371
     110       0       0       1       0                               0D   1372
     102    1113       0       0       0                        01010500D   1373
     102       0       0       1       0                               0D   1374
     102    1114       0       0       5                        01010000D   1375
     102       0       0       1       0                               0D   1376
     142    1115       0       0       0                        00010500D   1377
     142       0       0       1       0                               0D   1378
     126    1116       0       0       0                        01010500D   1379
     126       0       0       2       0                               0D   1380
     110    1118       0       0       5                        01010000D   1381
     110       0       0       1       0                               0D   1382
     126    1119       0       0       0                        01010500D   1383
     126       0       0       2       0                               0D   1384
     110    1121       0       0       5                        01010000D   1385
     110       0       0       1       0                               0D   1386
     126    1122       0       0       0                        01010500D   1387
     126       0       0       2       0                               0D   1388
     110    1124       0       0       5                        01010000D   1389
     110       0       0       1       0                               0D   1390
     126    1125       0       0       0                        01010500D   1391
     126       0       0       2       0                               0D   1392
     110    1127       0       0       5                        01010000D   1393
     110       0       0       1       0                               0D   1394
     102    1128       0       0       0                        01010500D   1395
     102       0       0       1       0                               0D   1396
     102    1129       0       0       5                        01010000D   1397
     102       0       0       1       0                               0D   1398
     142    1130       0       0       0                        00010500D   1399
     142       0       0       1       0                               0D   1400
     144    1131       0       0       5                        00010000D   1401
     144       0    -347       1       0                               0D   1402
     128    1132       0       0       0                        01010000D   1403
     128       0       0       3       0                               0D   1404
     126    1135       0       0       0                        01010500D   1405
     126       0       0       2       0                               0D   1406
     110    1137       0       0       5                        01010000D   1407
     110       0       0       1       0                               0D   1408
     126    1138       0       0       0                        01010500D   1409
     126       0       0       2       0                               0D   1410
     110    1140       0       0       5                        01010000D   1411
     110       0       0       1       0                               0D   1412
     126    1141       0       0       0                        01010500D   1413
     126       0       0       2       0                               0D   1414
     110    1143       0       0       5                        01010000D   1415
     110       0       0       1       0                               0D   1416
     126    1144       0       0       0                        01010500D   1417
     126       0       0       2       0                               0D   1418
     126    1146       0       0       0                        01010500D   1419
     126       0       0       2       0                               0D   1420
     110    1148       0       0       5                        01010000D   1421
     110       0       0       1       0                               0D   1422
     126    1149       0       0       0                        01010500D   1423
     126       0       0       2       0                               0D   1424
     110    1151       0       0       5                        01010000D   1425
     110       0       0       1       0                               0D   1426
     126    1152       0       0       0                        01010500D   1427
     126       0       0       2       0                               0D   1428
     110    1154       0       0       5                        01010000D   1429
     110       0       0       1       0                               0D   1430
     126    1155       0       0       0                        01010500D   1431
     126       0       0       2       0                               0D   1432
     110    1157       0       0       5                        01010000D   1433
     110       0       0       1       0                               0D   1434
     126    1158       0       0       0                        01010500D   1435
     126       0       0       2       0                               0D   1436
     110    1160       0       0       5                        01010000D   1437
     110       0       0       1       0                               0D   1438
     126    1161       0       0       0                        01010500D   1439
     126       0       0       2       0                               0D   1440
     110    1163       0       0       5                        01010000D   1441
     110       0       0       1       0                               0D   1442
     102    1164       0       0       0                        01010500D   1443
     102       0       0       1       0                               0D   1444
     102    1165       0       0       5                        01010000D   1445
     102       0       0       1       0                               0D   1446
     142    1166       0       0       0                        00010500D   1447
     142       0       0       1       0                               0D   1448
     144    1167       0       0       5                        00010000D   1449
     144       0    -347       1       0                               0D   1450
     128    1168       0       0       0                        01010000D   1451
     128       0       0       3       0                               0D   1452
     126    1171       0       0       0                        01010500D   1453
     126       0       0       2       0                               0D   1454
     110    1173       0       0       5                        01010000D   1455
     110       0       0       1       0                               0D   1456
     126    1174       0       0       0                        01010500D   1457
     126       0       0       2       0                               0D   1458
     110    1176       0       0       5                        01010000D   1459
     110       0       0       1       0                               0D   1460
     126    1177       0       0       0                        01010500D   1461
     126       0       0       2       0                               0D   1462
     110    1179       0       0       5                        01010000D   1463
     110       0       0       1       0                               0D   1464
     126    1180       0       0       0                        01010500D   1465
     126       0       0       2       0                               0D   1466
     110    1182       0       0       5                        01010000D   1467
     110       0       0       1       0                               0D   1468
     102    1183       0       0       0                        01010500D   1469
     102       0       0       1       0                               0D   1470
     102    1184       0       0       5                        01010000D   1471
     102       0       0       1       0                               0D   1472
     142    1185       0       0       0                        00010500D   1473
     142       0       0       1       0                               0D   1474
     144    1186       0       0       5                        00010000D   1475
     144       0    -347       1       0                               0D   1476
     128    1187       0       0       0                        01010000D   1477
     128       0       0       3       0                               0D   1478
     126    1190       0       0       0                        01010500D   1479
     126       0       0       2       0                               0D   1480
     126    1192       0       0       0                        01010500D   1481
     126       0       0       2       0                               0D   1482
     110    1194       0       0       5                        01010000D   1483
     110       0       0       1       0                               0D   1484
     126    1195       0       0       0                        01010500D   1485
     126       0       0       2       0                               0D   1486
     110    1197       0       0       5                        01010000D   1487
     110       0       0       1       0                               0D   1488
     126    1198       0       0       0                        01010500D   1489
     126       0       0       2       0                               0D   1490
     110    1200       0       0       5                        01010000D   1491
     110       0       0       1       0                               0D   1492
     102    1201       0       0       0                        01010500D   1493
     102       0       0       1       0                               0D   1494
     102    1202       0       0       5                        01010000D   1495
     102       0       0       1       0                               0D   1496
     142    1203       0       0       0                        00010500D   1497
     142       0       0       1       0                               0D   1498
     144    1204       0       0       5                        00010000D   1499
     144       0    -347       1       0                               0D   1500
     128    1205       0       0       0                        01010000D   1501
     128       0       0       2       0                               0D   1502
     126    1207       0       0       0                        01010500D   1503
     126       0       0       2       0                               0D   1504
     110    1209       0       0       5                        01010000D   1505
     110       0       0       1       0                               0D   1506
     126    1210       0       0       0                        01010500D   1507
     126       0       0       2       0                               0D   1508
     110    1212       0       0       5                        01010000D   1509
     110       0       0       1       0                               0D   1510
     126    1213       0       0       0                        01010500D   1511
     126       0       0       2       0                               0D   1512
     110    1215       0       0       5                        01010000D   1513
     110       0       0       1       0                               0D   1514
     126    1216       0       0       0                        01010500D   1515
     126       0       0       2       0                               0D   1516
     110    1218       0       0       5                        01010000D   1517
     110       0       0       1       0                               0D   1518
     102    1219       0       0       0                        01010500D   1519
     102       0       0       1       0                               0D   1520
     102    1220       0       0       5                        01010000D   1521
     102       0       0       1       0                               0D   1522
     142    1221       0       0       0                        00010500D   1523
     142       0       0       1       0                               0D   1524
     144    1222       0       0       5                        00010000D   1525
     144       0    -347       1       0                               0D   1526
     128    1223       0       0       0                        01010000D   1527
     128       0       0       2       0                               0D   1528
     126    1225       0       0       0                        01010500D   1529
     126       0       0       2       0                               0D   1530
     110    1227       0       0       5                        01010000D   1531
     110       0       0       1       0                               0D   1532
     126    1228       0       0       0                        01010500D   1533
     126       0       0       2       0                               0D   1534
     126    1230       0       0       0                        01010500D   1535
     126       0       0       2       0                               0D   1536
     110    1232       0       0       5                        01010000D   1537
     110       0       0       1       0                               0D   1538
     126    1233       0       0       0                        01010500D   1539
     126       0       0       2       0                               0D   1540
     110    1235       0       0       5                        01010000D   1541
     110       0       0       1       0                               0D   1542
     102    1236       0       0       0                        01010500D   1543
     102       0       0       1       0                               0D   1544
     102    1237       0       0       5                        01010000D   1545
     102       0       0       1       0                               0D   1546
     142    1238       0       0       0                        00010500D   1547
     142       0       0       1       0                               0D   1548
     144    1239       0       0       5                        00010000D   1549
     144       0    -347       1       0                               0D   1550
     128    1240       0       0       0                        01010000D   1551
     128       0       0       3       0                               0D   1552
     126    1243       0       0       0                        01010500D   1553
     126       0       0       2       0                               0D   1554
     126    1245       0       0       0                        01010500D   1555
     126       0       0       2       0                               0D   1556
     126    1247       0       0       0                        01010500D   1557
     126       0       0       2       0                               0D   1558
     126    1249       0       0       0                        01010500D   1559
     126       0       0       2       0                               0D   1560
     126    1251       0       0       0                        01010500D   1561
     126       0       0       2       0                               0D   1562
     126    1253       0       0       0                        01010500D   1563
     126       0       0       2       0                               0D   1564
     126    1255       0       0       0                        01010500D   1565
     126       0       0       2       0                               0D   1566
     126    1257       0       0       0                        01010500D   1567
     126       0       0       2       0                               0D   1568
     126    1259       0       0       0                        01010500D   1569
     126       0       0       2       0                               0D   1570
     110    1261       0       0       5                        01010000D   1571
     110       0       0       1       0                               0D   1572
     126    1262       0       0       0                        01010500D   1573
     126       0       0       2       0                               0D   1574
     110    1264       0       0       5                        01010000D   1575
     110       0       0       1       0                               0D   1576
     126    1265       0       0       0                        01010500D   1577
     126       0       0       2       0                               0D   1578
     110    1267       0       0       5                        01010000D   1579
     110       0       0       1       0                               0D   1580
     126    1268       0       0       0                        01010500D   1581
     126       0       0       2       0                               0D   1582
     110    1270       0       0       5                        01010000D   1583
     110       0       0       1       0                               0D   1584
     102    1271       0       0       0                        01010500D   1585
     102       0       0       2       0                               0D   1586
     102    1273       0       0       5                        01010000D   1587
     102       0       0       2       0                               0D   1588
     142    1275       0       0       0                        00010500D   1589
     142       0       0       1       0                               0D   1590
     144    1276       0       0       5                        00010000D   1591
     144       0    -347       1       0                               0D   1592
     128    1277       0       0       0                        01010000D   1593
     128       0       0       3       0                               0D   1594
     126    1280       0       0       0                        01010500D   1595
     126       0       0       2       0                               0D   1596
     126    1282       0       0       0                        01010500D   1597
     126       0       0       2       0                               0D   1598
     110    1284       0       0       5                        01010000D   1599
     110       0       0       1       0                               0D   1600
     126    1285       0       0       0                        01010500D   1601
     126       0       0       2       0                               0D   1602
     110    1287       0       0       5                        01010000D   1603
     110       0       0       1       0                               0D   1604
     126    1288       0       0       0                        01010500D   1605
     126       0       0       2       0                               0D   1606
     110    1290       0       0       5                        01010000D   1607
     110       0       0       1       0                               0D   1608
     126    1291       0       0       0                        01010500D   1609
     126       0       0       2       0                               0D   1610
     110    1293       0       0       5                        01010000D   1611
     110       0       0       1       0                               0D   1612
     126    1294       0       0       0                        01010500D   1613
     126       0       0       2       0                               0D   1614
     110    1296       0       0       5                        01010000D   1615
     110       0       0       1       0                               0D   1616
     126    1297       0       0       0                        01010500D   1617
     126       0       0       2       0                               0D   1618
     110    1299       0       0       5                        01010000D   1619
     110       0       0       1       0                               0D   1620
     126    1300       0       0       0                        01010500D   1621
     126       0       0       2       0                               0D   1622
     110    1302       0       0       5                        01010000D   1623
     110       0       0       1       0                               0D   1624
     126    1303       0       0       0                        01010500D   1625
     126       0       0       2       0                               0D   1626
     110    1305       0       0       5                        01010000D   1627
     110       0       0       1       0                               0D   1628
     126    1306       0       0       0                        01010500D   1629
     126       0       0       2       0                               0D   1630
     102    1308       0       0       0                        01010500D   1631
     102       0       0       1       0                               0D   1632
     102    1309       0       0       5                        01010000D   1633
     102       0       0       1       0                               0D   1634
     142    1310       0       0       0                        00010500D   1635
     142       0       0       1       0                               0D   1636
     144    1311       0       0       5                        00010000D   1637
     144       0    -347       1       0                               0D   1638
     128    1312       0       0       0                        01010000D   1639
     128       0       0       3       0                               0D   1640
     126    1315       0       0       0                        01010500D   1641
     126       0       0       2       0                               0D   1642
     110    1317       0       0       5                        01010000D   1643
     110       0       0       1       0                               0D   1644
     126    1318       0       0       0                        01010500D   1645
     126       0       0       2       0                               0D   1646
     110    1320       0       0       5                        01010000D   1647
     110       0       0       1       0                               0D   1648
     126    1321       0       0       0                        01010500D   1649
     126       0       0       2       0                               0D   1650
     110    1323       0       0       5                        01010000D   1651
     110       0       0       1       0                               0D   1652
     126    1324       0       0       0                        01010500D   1653
     126       0       0       2       0                               0D   1654
     110    1326       0       0       5                        01010000D   1655
     110       0       0       1       0                               0D   1656
     126    1327       0       0       0                        01010500D   1657
     126       0       0       2       0                               0D   1658
     110    1329       0       0       5                        01010000D   1659
     110       0       0       1       0                               0D   1660
     126    1330       0       0       0                        01010500D   1661
     126       0       0       2       0                               0D   1662
     110    1332       0       0       5                        01010000D   1663
     110       0       0       1       0                               0D   1664
     102    1333       0       0       0                        01010500D   1665
     102       0       0       1       0                               0D   1666
     102    1334       0       0       5                        01010000D   1667
     102       0       0       1       0                               0D   1668
     142    1335       0       0       0                        00010500D   1669
     142       0       0       1       0                               0D   1670
     144    1336       0       0       5                        00010000D   1671
     144       0    -347       1       0                               0D   1672
     128    1337       0       0       0                        01010000D   1673
     128       0       0       2       0                               0D   1674
     126    1339       0       0       0                        01010500D   1675
     126       0       0       2       0                               0D   1676
     110    1341       0       0       5                        01010000D   1677
     110       0       0       1       0                               0D   1678
     126    1342       0       0       0                        01010500D   1679
     126       0       0       2       0                               0D   1680
     110    1344       0       0       5                        01010000D   1681
     110       0       0       1       0                               0D   1682
     126    1345       0       0       0                        01010500D   1683
     126       0       0       2       0                               0D   1684
     110    1347       0       0       5                        01010000D   1685
     110       0       0       1       0                               0D   1686
     126    1348       0       0       0                        01010500D   1687
     126       0       0       2       0                               0D   1688
     110    1350       0       0       5                        01010000D   1689
     110       0       0       1       0                               0D   1690
     126    1351       0       0       0                        01010500D   1691
     126       0       0       2       0                               0D   1692
     110    1353       0       0       5                        01010000D   1693
     110       0       0       1       0                               0D   1694
     126    1354       0       0       0                        01010500D   1695
     126       0       0       2       0                               0D   1696
     110    1356       0       0       5                        01010000D   1697
     110       0       0       1       0                               0D   1698
     126    1357       0       0       0                        01010500D   1699
     126       0       0       2       0                               0D   1700
     126    1359       0       0       0                        01010500D   1701
     126       0       0       2       0                               0D   1702
     110    1361       0       0       5                        01010000D   1703
     110       0       0       1       0                               0D   1704
     126    1362       0       0       0                        01010500D   1705
     126       0       0       2       0                               0D   1706
     110    1364       0       0       5                        01010000D   1707
     110       0       0       1       0                               0D   1708
     126    1365       0       0       0                        01010500D   1709
     126       0       0       2       0                               0D   1710
     110    1367       0       0       5                        01010000D   1711
     110       0       0       1       0                               0D   1712
     126    1368       0       0       0                        01010500D   1713
     126       0       0       2       0                               0D   1714
     126    1370       0       0       0                        01010500D   1715
     126       0       0       2       0                               0D   1716
     110    1372       0       0       5                        01010000D   1717
     110       0       0       1       0                               0D   1718
     102    1373       0       0       0                        01010500D   1719
     102       0       0       2       0                               0D   1720
     102    1375       0       0       5                        01010000D   1721
     102       0       0       2       0                               0D   1722
     142    1377       0       0       0                        00010500D   1723
     142       0       0       1       0                               0D   1724
     144    1378       0       0       5                        00010000D   1725
     144       0    -347       1       0                               0D   1726
     128    1379       0       0       0                        01010000D   1727
     128       0       0       2       0                               0D   1728
     126    1381       0       0       0                        01010500D   1729
     126       0       0       2       0                               0D   1730
     110    1383       0       0       5                        01010000D   1731
     110       0       0       1       0                               0D   1732
     126    1384       0       0       0                        01010500D   1733
     126       0       0       2       0                               0D   1734
     110    1386       0       0       5                        01010000D   1735
     110       0       0       1       0                               0D   1736
     126    1387       0       0       0                        01010500D   1737
     126       0       0       2       0                               0D   1738
     126    1389       0       0       0                        01010500D   1739
     126       0       0       2       0                               0D   1740
     110    1391       0       0       5                        01010000D   1741
     110       0       0       1       0                               0D   1742
     126    1392       0       0       0                        01010500D   1743
     126       0       0       2       0                               0D   1744
     110    1394       0       0       5                        01010000D   1745
     110       0       0       1       0                               0D   1746
     126    1395       0       0       0                        01010500D   1747
     126       0       0       2       0                               0D   1748
     110    1397       0       0       5                        01010000D   1749
     110       0       0       1       0                               0D   1750
     102    1398       0       0       0                        01010500D   1751
     102       0       0       1       0                               0D   1752
     102    1399       0       0       5                        01010000D   1753
     102       0       0       1       0                               0D   1754
     142    1400       0       0       0                        00010500D   1755
     142       0       0       1       0                               0D   1756
     144    1401       0       0       5                        00010000D   1757
     144       0    -347       1       0                               0D   1758
     128    1402       0       0       0                        01010000D   1759
     128       0       0       3       0                               0D   1760
     126    1405       0       0       0                        01010500D   1761
     126       0       0       2       0                               0D   1762
     110    1407       0       0       5                        01010000D   1763
     110       0       0       1       0                               0D   1764
     126    1408       0       0       0                        01010500D   1765
     126       0       0       2       0                               0D   1766
     110    1410       0       0       5                        01010000D   1767
     110       0       0       1       0                               0D   1768
     126    1411       0       0       0                        01010500D   1769
     126       0       0       2       0                               0D   1770
     126    1413       0       0       0                        01010500D   1771
     126       0       0       2       0                               0D   1772
     110    1415       0       0       5                        01010000D   1773
     110       0       0       1       0                               0D   1774
     102    1416       0       0       0                        01010500D   1775
     102       0       0       1       0                               0D   1776
     102    1417       0       0       5                        01010000D   1777
     102       0       0       1       0                               0D   1778
     142    1418       0       0       0                        00010500D   1779
     142       0       0       1       0                               0D   1780
     144    1419       0       0       5                        00010000D   1781
     144       0    -347       1       0                               0D   1782
     128    1420       0       0       0                        01010000D   1783
     128       0       0       3       0                               0D   1784
     126    1423       0       0       0                        01010500D   1785
     126       0       0       2       0                               0D   1786
     126    1425       0       0       0                        01010500D   1787
     126       0       0       2       0                               0D   1788
     110    1427       0       0       5                        01010000D   1789
     110       0       0       1       0                               0D   1790
     126    1428       0       0       0                        01010500D   1791
     126       0       0       2       0                               0D   1792
     110    1430       0       0       5                        01010000D   1793
     110       0       0       1       0                               0D   1794
     126    1431       0       0       0                        01010500D   1795
     126       0       0       2       0                               0D   1796
     110    1433       0       0       5                        01010000D   1797
     110       0       0       1       0                               0D   1798
     102    1434       0       0       0                        01010500D   1799
     102       0       0       1       0                               0D   1800
     102    1435       0       0       5                        01010000D   1801
     102       0       0       1       0                               0D   1802
     142    1436       0       0       0                        00010500D   1803
     142       0       0       1       0                               0D   1804
     144    1437       0       0       5                        00010000D   1805
     144       0    -347       1       0                               0D   1806
     128    1438       0       0       0                        01010000D   1807
     128       0       0       3       0                               0D   1808
     126    1441       0       0       0                        01010500D   1809
     126       0       0       2       0                               0D   1810
     126    1443       0       0       0                        01010500D   1811
     126       0       0       2       0                               0D   1812
     110    1445       0       0       5                        01010000D   1813
     110       0       0       1       0                               0D   1814
     126    1446       0       0       0                        01010500D   1815
     126       0       0       2       0                               0D   1816
     110    1448       0       0       5                        01010000D   1817
     110       0       0       1       0                               0D   1818
     126    1449       0       0       0                        01010500D   1819
     126       0       0       2       0                               0D   1820
     102    1451       0       0       0                        01010500D   1821
     102       0       0       1       0                               0D   1822
     102    1452       0       0       5                        01010000D   1823
     102       0       0       1       0                               0D   1824
     142    1453       0       0       0                        00010500D   1825
     142       0       0       1       0                               0D   1826
     144    1454       0       0       5                        00010000D   1827
     144       0    -347       1       0                               0D   1828
     128    1455       0       0       0                        01010000D   1829
     128       0       0       3       0                               0D   1830
     126    1458       0       0       0                        01010500D   1831
     126       0       0       2       0                               0D   1832
     126    1460       0       0       0                        01010500D   1833
     126       0       0       2       0                               0D   1834
     110    1462       0       0       5                        01010000D   1835
     110       0       0       1       0                               0D   1836
     126    1463       0       0       0                        01010500D   1837
     126       0       0       2       0                               0D   1838
     110    1465       0       0       5                        01010000D   1839
     110       0       0       1       0                               0D   1840
     126    1466       0       0       0                        01010500D   1841
     126       0       0       2       0                               0D   1842
     102    1468       0       0       0                        01010500D   1843
     102       0       0       1       0                               0D   1844
     102    1469       0       0       5                        01010000D   1845
     102       0       0       1       0                               0D   1846
     142    1470       0       0       0                        00010500D   1847
     142       0       0       1       0                               0D   1848
     144    1471       0       0       5                        00010000D   1849
     144       0    -347       1       0                               0D   1850
     128    1472       0       0       0                        01010000D   1851
     128       0       0       3       0                               0D   1852
     126    1475       0       0       0                        01010500D   1853
     126       0       0       2       0                               0D   1854
     126    1477       0       0       0                        01010500D   1855
     126       0       0       2       0                               0D   1856
     126    1479       0       0       0                        01010500D   1857
     126       0       0       2       0                               0D   1858
     110    1481       0       0       5                        01010000D   1859
     110       0       0       1       0                               0D   1860
     126    1482       0       0       0                        01010500D   1861
     126       0       0       2       0                               0D   1862
     102    1484       0       0       0                        01010500D   1863
     102       0       0       1       0                               0D   1864
     102    1485       0       0       5                        01010000D   1865
     102       0       0       1       0                               0D   1866
     142    1486       0       0       0                        00010500D   1867
     142       0       0       1       0                               0D   1868
     144    1487       0       0       5                        00010000D   1869
     144       0    -347       1       0                               0D   1870
     128    1488       0       0       0                        01010000D   1871
     128       0       0       3       0                               0D   1872
     126    1491       0       0       0                        01010500D   1873
     126       0       0       2       0                               0D   1874
     126    1493       0       0       0                        01010500D   1875
     126       0       0       2       0                               0D   1876
     110    1495       0       0       5                        01010000D   1877
     110       0       0       1       0                               0D   1878
     126    1496       0       0       0                        01010500D   1879
     126       0       0       2       0                               0D   1880
     110    1498       0       0       5                        01010000D   1881
     110       0       0       1       0                               0D   1882
     126    1499       0       0       0                        01010500D   1883
     126       0       0       2       0                               0D   1884
     110    1501       0       0       5                        01010000D   1885
     110       0       0       1       0                               0D   1886
     102    1502       0       0       0                        01010500D   1887
     102       0       0       1       0                               0D   1888
     102    1503       0       0       5                        01010000D   1889
     102       0       0       1       0                               0D   1890
     142    1504       0       0       0                        00010500D   1891
     142       0       0       1       0                               0D   1892
     144    1505       0       0       5                        00010000D   1893
     144       0    -347       1       0                               0D   1894
     128    1506       0       0       0                        01010000D   1895
     128       0       0       3       0                               0D   1896
     126    1509       0       0       0                        01010500D   1897
     126       0       0       2       0                               0D   1898
     126    1511       0       0       0                        01010500D   1899
     126       0       0       2       0                               0D   1900
     110    1513       0       0       5                        01010000D   1901
     110       0       0       1       0                               0D   1902
     126    1514       0       0       0                        01010500D   1903
     126       0       0       2       0                               0D   1904
     110    1516       0       0       5                        01010000D   1905
     110       0       0       1       0                               0D   1906
     126    1517       0       0       0                        01010500D   1907
     126       0       0       2       0                               0D   1908
     102    1519       0       0       0                        01010500D   1909
     102       0       0       1       0                               0D   1910
     102    1520       0       0       5                        01010000D   1911
     102       0       0       1       0                               0D   1912
     142    1521       0       0       0                        00010500D   1913
     142       0       0       1       0                               0D   1914
     144    1522       0       0       5                        00010000D   1915
     144       0    -347       1       0                               0D   1916
     128    1523       0       0       0                        01010000D   1917
     128       0       0       3       0                               0D   1918
     126    1526       0       0       0                        01010500D   1919
     126       0       0       2       0                               0D   1920
     126    1528       0       0       0                        01010500D   1921
     126       0       0       2       0                               0D   1922
     110    1530       0       0       5                        01010000D   1923
     110       0       0       1       0                               0D   1924
     126    1531       0       0       0                        01010500D   1925
     126       0       0       2       0                               0D   1926
     110    1533       0       0       5                        01010000D   1927
     110       0       0       1       0                               0D   1928
     126    1534       0       0       0                        01010500D   1929
     126       0       0       2       0                               0D   1930
     102    1536       0       0       0                        01010500D   1931
     102       0       0       1       0                               0D   1932
     102    1537       0       0       5                        01010000D   1933
     102       0       0       1       0                               0D   1934
     142    1538       0       0       0                        00010500D   1935
     142       0       0       1       0                               0D   1936
     144    1539       0       0       5                        00010000D   1937
     144       0    -347       1       0                               0D   1938
     128    1540       0       0       0                        01010000D   1939
     128       0       0       3       0                               0D   1940
     126    1543       0       0       0                        01010500D   1941
     126       0       0       2       0                               0D   1942
     126    1545       0       0       0                        01010500D   1943
     126       0       0       2       0                               0D   1944
     126    1547       0       0       0                        01010500D   1945
     126       0       0       2       0                               0D   1946
     110    1549       0       0       5                        01010000D   1947
     110       0       0       1       0                               0D   1948
     126    1550       0       0       0                        01010500D   1949
     126       0       0       2       0                               0D   1950
     102    1552       0       0       0                        01010500D   1951
     102       0       0       1       0                               0D   1952
     102    1553       0       0       5                        01010000D   1953
     102       0       0       1       0                               0D   1954
     142    1554       0       0       0                        00010500D   1955
     142       0       0       1       0                               0D   1956
     144    1555       0       0       5                        00010000D   1957
     144       0    -347       1       0                               0D   1958
     128    1556       0       0       0                        01010000D   1959
     128       0       0       3       0                               0D   1960
     126    1559       0       0       0                        01010500D   1961
     126       0       0       2       0                               0D   1962
     110    1561       0       0       5                        01010000D   1963
     110       0       0       1       0                               0D   1964
     126    1562       0       0       0                        01010500D   1965
     126       0       0       2       0                               0D   1966
     110    1564       0       0       5                        01010000D   1967
     110       0       0       1       0                               0D   1968
     126    1565       0       0       0                        01010500D   1969
     126       0       0       2       0                               0D   1970
     126    1567       0       0       0                        01010500D   1971
     126       0       0       2       0                               0D   1972
     110    1569       0       0       5                        01010000D   1973
     110       0       0       1       0                               0D   1974
     102    1570       0       0       0                        01010500D   1975
     102       0       0       1       0                               0D   1976
     102    1571       0       0       5                        01010000D   1977
     102       0       0       1       0                               0D   1978
     142    1572       0       0       0                        00010500D   1979
     142       0       0       1       0                               0D   1980
     144    1573       0       0       5                        00010000D   1981
     144       0    -347       1       0                               0D   1982
     128    1574       0       0       0                        01010000D   1983
     128       0       0       3       0                               0D   1984
     126    1577       0       0       0                        01010500D   1985
     126       0       0       2       0                               0D   1986
     126    1579       0       0       0                        01010500D   1987
     126       0       0       2       0                               0D   1988
     110    1581       0       0       5                        01010000D   1989
     110       0       0       1       0                               0D   1990
     126    1582       0       0       0                        01010500D   1991
     126       0       0       2       0                               0D   1992
     126    1584       0       0       0                        01010500D   1993
     126       0       0       2       0                               0D   1994
     126    1586       0       0       0                        01010500D   1995
     126       0       0       2       0                               0D   1996
     110    1588       0       0       5                        01010000D   1997
     110       0       0       1       0                               0D   1998
     126    1589       0       0       0                        01010500D   1999
     126       0       0       2       0                               0D   2000
     102    1591       0       0       0                        01010500D   2001
     102       0       0       1       0                               0D   2002
     102    1592       0       0       5                        01010000D   2003
     102       0       0       1       0                               0D   2004
     142    1593       0       0       0                        00010500D   2005
     142       0       0       1       0                               0D   2006
     144    1594       0       0       5                        00010000D   2007
     144       0    -347       1       0                               0D   2008
     128    1595       0       0       0                        01010000D   2009
     128       0       0       3       0                               0D   2010
     126    1598       0       0       0                        01010500D   2011
     126       0       0       2       0                               0D   2012
     126    1600       0       0       0                        01010500D   2013
     126       0       0       2       0                               0D   2014
     110    1602       0       0       5                        01010000D   2015
     110       0       0       1       0                               0D   2016
     126    1603       0       0       0                        01010500D   2017
     126       0       0       2       0                               0D   2018
     126    1605       0       0       0                        01010500D   2019
     126       0       0       2       0                               0D   2020
     102    1607       0       0       0                        01010500D   2021
     102       0       0       1       0                               0D   2022
     102    1608       0       0       5                        01010000D   2023
     102       0       0       1       0                               0D   2024
     142    1609       0       0       0                        00010500D   2025
     142       0       0       1       0                               0D   2026
     144    1610       0       0       5                        00010000D   2027
     144       0    -347       1       0                               0D   2028
     128    1611       0       0       0                        01010000D   2029
     128       0       0       3       0                               0D   2030
     126    1614       0       0       0                        01010500D   2031
     126       0       0       2       0                               0D   2032
     110    1616       0       0       5                        01010000D   2033
     110       0       0       1       0                               0D   2034
     126    1617       0       0       0                        01010500D   2035
     126       0       0       2       0                               0D   2036
     110    1619       0       0       5                        01010000D   2037
     110       0       0       1       0                               0D   2038
     126    1620       0       0       0                        01010500D   2039
     126       0       0       2       0                               0D   2040
     110    1622       0       0       5                        01010000D   2041
     110       0       0       1       0                               0D   2042
     126    1623       0       0       0                        01010500D   2043
     126       0       0       2       0                               0D   2044
     110    1625       0       0       5                        01010000D   2045
     110       0       0       1       0                               0D   2046
     126    1626       0       0       0                        01010500D   2047
     126       0       0       2       0                               0D   2048
     126    1628       0       0       0                        01010500D   2049
     126       0       0       2       0                               0D   2050
     102    1630       0       0       0                        01010500D   2051
     102       0       0       1       0                               0D   2052
     102    1631       0       0       5                        01010000D   2053
     102       0       0       1       0                               0D   2054
     142    1632       0       0       0                        00010500D   2055
     142       0       0       1       0                               0D   2056
     144    1633       0       0       5                        00010000D   2057
     144       0    -347       1       0                               0D   2058
     128    1634       0       0       0                        01010000D   2059
     128       0       0       2       0                               0D   2060
     126    1636       0       0       0                        01010500D   2061
     126       0       0       2       0                               0D   2062
     110    1638       0       0       5                        01010000D   2063
     110       0       0       1       0                               0D   2064
     126    1639       0       0       0                        01010500D   2065
     126       0       0       2       0                               0D   2066
     110    1641       0       0       5                        01010000D   2067
     110       0       0       1       0                               0D   2068
     126    1642       0       0       0                        01010500D   2069
     126       0       0       2       0                               0D   2070
     126    1644       0       0       0                        01010500D   2071
     126       0       0       2       0                               0D   2072
     126    1646       0       0       0                        01010500D   2073
     126       0       0       2       0                               0D   2074
     110    1648       0       0       5                        01010000D   2075
     110       0       0       1       0                               0D   2076
     126    1649       0       0       0                        01010500D   2077
     126       0       0       2       0                               0D   2078
     110    1651       0       0       5                        01010000D   2079
     110       0       0       1       0                               0D   2080
     102    1652       0       0       0                        01010500D   2081
     102       0       0       1       0                               0D   2082
     102    1653       0       0       5                        01010000D   2083
     102       0       0       1       0                               0D   2084
     142    1654       0       0       0                        00010500D   2085
     142       0       0       1       0                               0D   2086
     144    1655       0       0       5                        00010000D   2087
     144       0    -347       1       0                               0D   2088
     128    1656       0       0       0                        01010000D   2089
     128       0       0       2       0                               0D   2090
     126    1658       0       0       0                        01010500D   2091
     126       0       0       2       0                               0D   2092
     110    1660       0       0       5                        01010000D   2093
     110       0       0       1       0                               0D   2094
     126    1661       0       0       0                        01010500D   2095
     126       0       0       2       0                               0D   2096
     126    1663       0       0       0                        01010500D   2097
     126       0       0       2       0                               0D   2098
     126    1665       0       0       0                        01010500D   2099
     126       0       0       2       0                               0D   2100
     110    1667       0       0       5                        01010000D   2101
     110       0       0       1       0                               0D   2102
     126    1668       0       0       0                        01010500D   2103
     126       0       0       2       0                               0D   2104
     126    1670       0       0       0                        01010500D   2105
     126       0       0       2       0                               0D   2106
     102    1672       0       0       0                        01010500D   2107
     102       0       0       1       0                               0D   2108
     102    1673       0       0       5                        01010000D   2109
     102       0       0       1       0                               0D   2110
     142    1674       0       0       0                        00010500D   2111
     142       0       0       1       0                               0D   2112
     144    1675       0       0       5                        00010000D   2113
     144       0    -347       1       0                               0D   2114
     128    1676       0       0       0                        01010000D   2115
     128       0       0       2       0                               0D   2116
     126    1678       0       0       0                        01010500D   2117
     126       0       0       2       0                               0D   2118
     126    1680       0       0       0                        01010500D   2119
     126       0       0       2       0                               0D   2120
     126    1682       0       0       0                        01010500D   2121
     126       0       0       2       0                               0D   2122
     126    1684       0       0       0                        01010500D   2123
     126       0       0       2       0                               0D   2124
     110    1686       0       0       5                        01010000D   2125
     110       0       0       1       0                               0D   2126
     102    1687       0       0       0                        01010500D   2127
     102       0       0       1       0                               0D   2128
     102    1688       0       0       5                        01010000D   2129
     102       0       0       1       0                               0D   2130
     142    1689       0       0       0                        00010500D   2131
     142       0       0       1       0                               0D   2132
     144    1690       0       0       5                        00010000D   2133
     144       0    -347       1       0                               0D   2134
     128    1691       0       0       0                        01010000D   2135
     128       0       0       3       0                               0D   2136
     126    1694       0       0       0                        01010500D   2137
     126       0       0       2       0                               0D   2138
     126    1696       0       0       0                        01010500D   2139
     126       0       0       2       0                               0D   2140
     110    1698       0       0       5                        01010000D   2141
     110       0       0       1       0                               0D   2142
     126    1699       0       0       0                        01010500D   2143
     126       0       0       2       0                               0D   2144
     110    1701       0       0       5                        01010000D   2145
     110       0       0       1       0                               0D   2146
     126    1702       0       0       0                        01010500D   2147
     126       0       0       2       0                               0D   2148
     110    1704       0       0       5                        01010000D   2149
     110       0       0       1       0                               0D   2150
     102    1705       0       0       0                        01010500D   2151
     102       0       0       1       0                               0D   2152
     102    1706       0       0       5                        01010000D   2153
     102       0       0       1       0                               0D   2154
     142    1707       0       0       0                        00010500D   2155
     142       0       0       1       0                               0D   2156
     144    1708       0       0       5                        00010000D   2157
     144       0    -347       1       0                               0D   2158
     128    1709       0       0       0                        01010000D   2159
     128       0       0       3       0                               0D   2160
     126    1712       0       0       0                        01010500D   2161
     126       0       0       2       0                               0D   2162
     110    1714       0       0       5                        01010000D   2163
     110       0       0       1       0                               0D   2164
     126    1715       0       0       0                        01010500D   2165
     126       0       0       2       0                               0D   2166
     110    1717       0       0       5                        01010000D   2167
     110       0       0       1       0                               0D   2168
     126    1718       0       0       0                        01010500D   2169
     126       0       0       2       0                               0D   2170
     110    1720       0       0       5                        01010000D   2171
     110       0       0       1       0                               0D   2172
     126    1721       0       0       0                        01010500D   2173
     126       0       0       2       0                               0D   2174
     110    1723       0       0       5                        01010000D   2175
     110       0       0       1       0                               0D   2176
     126    1724       0       0       0                        01010500D   2177
     126       0       0       2       0                               0D   2178
     126    1726       0       0       0                        01010500D   2179
     126       0       0       2       0                               0D   2180
     126    1728       0       0       0                        01010500D   2181
     126       0       0       2       0                               0D   2182
     126    1730       0       0       0                        01010500D   2183
     126       0       0       2       0                               0D   2184
     110    1732       0       0       5                        01010000D   2185
     110       0       0       1       0                               0D   2186
     102    1733       0       0       0                        01010500D   2187
     102       0       0       1       0                               0D   2188
     102    1734       0       0       5                        01010000D   2189
     102       0       0       1       0                               0D   2190
     142    1735       0       0       0                        00010500D   2191
     142       0       0       1       0                               0D   2192
     144    1736       0       0       5                        00010000D   2193
     144       0    -347       1       0                               0D   2194
     128    1737       0       0       0                        01010000D   2195
     128       0       0       2       0                               0D   2196
     126    1739       0       0       0                        01010500D   2197
     126       0       0       2       0                               0D   2198
     126    1741       0       0       0                        01010500D   2199
     126       0       0       2       0                               0D   2200
     126    1743       0       0       0                        01010500D   2201
     126       0       0       2       0                               0D   2202
     126    1745       0       0       0                        01010500D   2203
     126       0       0       2       0                               0D   2204
     110    1747       0       0       5                        01010000D   2205
     110       0       0       1       0                               0D   2206
     126    1748       0       0       0                        01010500D   2207
     126       0       0       2       0                               0D   2208
     110    1750       0       0       5                        01010000D   2209
     110       0       0       1       0                               0D   2210
     126    1751       0       0       0                        01010500D   2211
     126       0       0       2       0                               0D   2212
     110    1753       0       0       5                        01010000D   2213
     110       0       0       1       0                               0D   2214
     126    1754       0       0       0                        01010500D   2215
     126       0       0       2       0                               0D   2216
     110    1756       0       0       5                        01010000D   2217
     110       0       0       1       0                               0D   2218
     126    1757       0       0       0                        01010500D   2219
     126       0       0       2       0                               0D   2220
     110    1759       0       0       5                        01010000D   2221
     110       0       0       1       0                               0D   2222
     102    1760       0       0       0                        01010500D   2223
     102       0       0       1       0                               0D   2224
     102    1761       0       0       5                        01010000D   2225
     102       0       0       1       0                               0D   2226
     142    1762       0       0       0                        00010500D   2227
     142       0       0       1       0                               0D   2228
     144    1763       0       0       5                        00010000D   2229
     144       0    -347       1       0                               0D   2230
     128    1764       0       0       0                        01010000D   2231
     128       0       0       3       0                               0D   2232
     126    1767       0       0       0                        01010500D   2233
     126       0       0       2       0                               0D   2234
     110    1769       0       0       5                        01010000D   2235
     110       0       0       1       0                               0D   2236
     126    1770       0       0       0                        01010500D   2237
     126       0       0       2       0                               0D   2238
     110    1772       0       0       5                        01010000D   2239
     110       0       0       1       0                               0D   2240
     126    1773       0       0       0                        01010500D   2241
     126       0       0       2       0                               0D   2242
     110    1775       0       0       5                        01010000D   2243
     110       0       0       1       0                               0D   2244
     126    1776       0       0       0                        01010500D   2245
     126       0       0       2       0                               0D   2246
     110    1778       0       0       5                        01010000D   2247
     110       0       0       1       0                               0D   2248
     126    1779       0       0       0                        01010500D   2249
     126       0       0       2       0                               0D   2250
     110    1781       0       0       5                        01010000D   2251
     110       0       0       1       0                               0D   2252
     126    1782       0       0       0                        01010500D   2253
     126       0       0       2       0                               0D   2254
     110    1784       0       0       5                        01010000D   2255
     110       0       0       1       0                               0D   2256
     126    1785       0       0       0                        01010500D   2257
     126       0       0       2       0                               0D   2258
     126    1787       0       0       0                        01010500D   2259
     126       0       0       2       0                               0D   2260
     126    1789       0       0       0                        01010500D   2261
     126       0       0       2       0                               0D   2262
     126    1791       0       0       0                        01010500D   2263
     126       0       0       2       0                               0D   2264
     110    1793       0       0       5                        01010000D   2265
     110       0       0       1       0                               0D   2266
     126    1794       0       0       0                        01010500D   2267
     126       0       0       2       0                               0D   2268
     110    1796       0       0       5                        01010000D   2269
     110       0       0       1       0                               0D   2270
     126    1797       0       0       0                        01010500D   2271
     126       0       0       2       0                               0D   2272
     110    1799       0       0       5                        01010000D   2273
     110       0       0       1       0                               0D   2274
     102    1800       0       0       0                        01010500D   2275
     102       0       0       2       0                               0D   2276
     102    1802       0       0       5                        01010000D   2277
     102       0       0       2       0                               0D   2278
     142    1804       0       0       0                        00010500D   2279
     142       0       0       1       0                               0D   2280
     126    1805       0       0       0                        01010500D   2281
     126       0       0       2       0                               0D   2282
     126    1807       0       0       0                        01010500D   2283
     126       0       0       2       0                               0D   2284
     126    1809       0       0       0                        01010500D   2285
     126       0       0       2       0                               0D   2286
     126    1811       0       0       0                        01010500D   2287
     126       0       0       2       0                               0D   2288
     102    1813       0       0       0                        01010500D   2289
     102       0       0       1       0                               0D   2290
     102    1814       0       0       5                        01010000D   2291
     102       0       0       1       0                               0D   2292
     142    1815       0       0       0                        00010500D   2293
     142       0       0       1       0                               0D   2294
     126    1816       0       0       0                        01010500D   2295
     126       0       0       2       0                               0D   2296
     126    1818       0       0       0                        01010500D   2297
     126       0       0       2       0                               0D   2298
     126    1820       0       0       0                        01010500D   2299
     126       0       0       2       0                               0D   2300
     126    1822       0       0       0                        01010500D   2301
     126       0       0       2       0                               0D   2302
     102    1824       0       0       0                        01010500D   2303
     102       0       0       1       0                               0D   2304
     102    1825       0       0       5                        01010000D   2305
     102       0       0       1       0                               0D   2306
     142    1826       0       0       0                        00010500D   2307
     142       0       0       1       0                               0D   2308
     144    1827       0       0       5                        00010000D   2309
     144       0    -347       1       0                               0D   2310
     128    1828       0       0       0                        01010000D   2311
     128       0       0       3       0                               0D   2312
     126    1831       0       0       0                        01010500D   2313
     126       0       0       2       0                               0D   2314
     126    1833       0       0       0                        01010500D   2315
     126       0       0       2       0                               0D   2316
     110    1835       0       0       5                        01010000D   2317
     110       0       0       1       0                               0D   2318
     126    1836       0       0       0                        01010500D   2319
     126       0       0       2       0                               0D   2320
     126    1838       0       0       0                        01010500D   2321
     126       0       0       2       0                               0D   2322
     110    1840       0       0       5                        01010000D   2323
     110       0       0       1       0                               0D   2324
     126    1841       0       0       0                        01010500D   2325
     126       0       0       2       0                               0D   2326
     126    1843       0       0       0                        01010500D   2327
     126       0       0       2       0                               0D   2328
     102    1845       0       0       0                        01010500D   2329
     102       0       0       1       0                               0D   2330
     102    1846       0       0       5                        01010000D   2331
     102       0       0       1       0                               0D   2332
     142    1847       0       0       0                        00010500D   2333
     142       0       0       1       0                               0D   2334
     144    1848       0       0       5                        00010000D   2335
     144       0    -347       1       0                               0D   2336
     128    1849       0       0       0                        01010000D   2337
     128       0       0       3       0                               0D   2338
     126    1852       0       0       0                        01010500D   2339
     126       0       0       2       0                               0D   2340
     126    1854       0       0       0                        01010500D   2341
     126       0       0       2       0                               0D   2342
     110    1856       0       0       5                        01010000D   2343
     110       0       0       1       0                               0D   2344
     126    1857       0       0       0                        01010500D   2345
     126       0       0       2       0                               0D   2346
     110    1859       0       0       5                        01010000D   2347
     110       0       0       1       0                               0D   2348
     126    1860       0       0       0                        01010500D   2349
     126       0       0       2       0                               0D   2350
     110    1862       0       0       5                        01010000D   2351
     110       0       0       1       0                               0D   2352
     102    1863       0       0       0                        01010500D   2353
     102       0       0       1       0                               0D   2354
     102    1864       0       0       5                        01010000D   2355
     102       0       0       1       0                               0D   2356
     142    1865       0       0       0                        00010500D   2357
     142       0       0       1       0                               0D   2358
     144    1866       0       0       5                        00010000D   2359
     144       0    -347       1       0                               0D   2360
     128    1867       0       0       0                        01010000D   2361
     128       0       0       3       0                               0D   2362
     126    1870       0       0       0                        01010500D   2363
     126       0       0       2       0                               0D   2364
     110    1872       0       0       5                        01010000D   2365
     110       0       0       1       0                               0D   2366
     126    1873       0       0       0                        01010500D   2367
     126       0       0       2       0                               0D   2368
     110    1875       0       0       5                        01010000D   2369
     110       0       0       1       0                               0D   2370
     126    1876       0       0       0                        01010500D   2371
     126       0       0       2       0                               0D   2372
     126    1878       0       0       0                        01010500D   2373
     126       0       0       2       0                               0D   2374
     102    1880       0       0       0                        01010500D   2375
     102       0       0       1       0                               0D   2376
     102    1881       0       0       5                        01010000D   2377
     102       0       0       1       0                               0D   2378
     142    1882       0       0       0                        00010500D   2379
     142       0       0       1       0                               0D   2380
     144    1883       0       0       5                        00010000D   2381
     144       0    -347       1       0                               0D   2382
     128    1884       0       0       0                        01010000D   2383
     128       0       0       3       0                               0D   2384
     126    1887       0       0       0                        01010500D   2385
     126       0       0       2       0                               0D   2386
     110    1889       0       0       5                        01010000D   2387
     110       0       0       1       0                               0D   2388
     126    1890       0       0       0                        01010500D   2389
     126       0       0       2       0                               0D   2390
     110    1892       0       0       5                        01010000D   2391
     110       0       0       1       0                               0D   2392
     126    1893       0       0       0                        01010500D   2393
     126       0       0       2       0                               0D   2394
     126    1895       0       0       0                        01010500D   2395
     126       0       0       2       0                               0D   2396
     102    1897       0       0       0                        01010500D   2397
     102       0       0       1       0                               0D   2398
     102    1898       0       0       5                        01010000D   2399
     102       0       0       1       0                               0D   2400
     142    1899       0       0       0                        00010500D   2401
     142       0       0       1       0                               0D   2402
     144    1900       0       0       5                        00010000D   2403
     144       0    -347       1       0                               0D   2404
     128    1901       0       0       0                        01010000D   2405
     128       0       0       3       0                               0D   2406
     126    1904       0       0       0                        01010500D   2407
     126       0       0       2       0                               0D   2408
     126    1906       0       0       0                        01010500D   2409
     126       0       0       2       0                               0D   2410
     126    1908       0       0       0                        01010500D   2411
     126       0       0       2       0                               0D   2412
     126    1910       0       0       0                        01010500D   2413
     126       0       0       2       0                               0D   2414
     126    1912       0       0       0                        01010500D   2415
     126       0       0       2       0                               0D   2416
     126    1914       0       0       0                        01010500D   2417
     126       0       0       2       0                               0D   2418
     110    1916       0       0       5                        01010000D   2419
     110       0       0       1       0                               0D   2420
     126    1917       0       0       0                        01010500D   2421
     126       0       0       2       0                               0D   2422
     110    1919       0       0       5                        01010000D   2423
     110       0       0       1       0                               0D   2424
     126    1920       0       0       0                        01010500D   2425
     126       0       0       2       0                               0D   2426
     126    1922       0       0       0                        01010500D   2427
     126       0       0       2       0                               0D   2428
     126    1924       0       0       0                        01010500D   2429
     126       0       0       2       0                               0D   2430
     102    1926       0       0       0                        01010500D   2431
     102       0       0       1       0                               0D   2432
     102    1927       0       0       5                        01010000D   2433
     102       0       0       1       0                               0D   2434
     142    1928       0       0       0                        00010500D   2435
     142       0       0       1       0                               0D   2436
     144    1929       0       0       5                        00010000D   2437
     144       0    -347       1       0                               0D   2438
     128    1930       0       0       0                        01010000D   2439
     128       0       0       3       0                               0D   2440
     126    1933       0       0       0                        01010500D   2441
     126       0       0       2       0                               0D   2442
     110    1935       0       0       5                        01010000D   2443
     110       0       0       1       0                               0D   2444
     126    1936       0       0       0                        01010500D   2445
     126       0       0       2       0                               0D   2446
     126    1938       0       0       0                        01010500D   2447
     126       0       0       2       0                               0D   2448
     126    1940       0       0       0                        01010500D   2449
     126       0       0       2       0                               0D   2450
     110    1942       0       0       5                        01010000D   2451
     110       0       0       1       0                               0D   2452
     102    1943       0       0       0                        01010500D   2453
     102       0       0       1       0                               0D   2454
     102    1944       0       0       5                        01010000D   2455
     102       0       0       1       0                               0D   2456
     142    1945       0       0       0                        00010500D   2457
     142       0       0       1       0                               0D   2458
     144    1946       0       0       5                        00010000D   2459
     144       0    -347       1       0                               0D   2460
     128    1947       0       0       0                        01010000D   2461
     128       0       0       3       0                               0D   2462
     126    1950       0       0       0                        01010500D   2463
     126       0       0       2       0                               0D   2464
     110    1952       0       0       5                        01010000D   2465
     110       0       0       1       0                               0D   2466
     126    1953       0       0       0                        01010500D   2467
     126       0       0       2       0                               0D   2468
     126    1955       0       0       0                        01010500D   2469
     126       0       0       2       0                               0D   2470
     126    1957       0       0       0                        01010500D   2471
     126       0       0       2       0                               0D   2472
     110    1959       0       0       5                        01010000D   2473
     110       0       0       1       0                               0D   2474
     102    1960       0       0       0                        01010500D   2475
     102       0       0       1       0                               0D   2476
     102    1961       0       0       5                        01010000D   2477
     102       0       0       1       0                               0D   2478
     142    1962       0       0       0                        00010500D   2479
     142       0       0       1       0                               0D   2480
     144    1963       0       0       5                        00010000D   2481
     144       0    -347       1       0                               0D   2482
     128    1964       0       0       0                        01010000D   2483
     128       0       0       3       0                               0D   2484
     126    1967       0       0       0                        01010500D   2485
     126       0       0       2       0                               0D   2486
     110    1969       0       0       5                        01010000D   2487
     110       0       0       1       0                               0D   2488
     126    1970       0       0       0                        01010500D   2489
     126       0       0       2       0                               0D   2490
     126    1972       0       0       0                        01010500D   2491
     126       0       0       2       0                               0D   2492
     126    1974       0       0       0                        01010500D   2493
     126       0       0       2       0                               0D   2494
     126    1976       0       0       0                        01010500D   2495
     126       0       0       2       0                               0D   2496
     126    1978       0       0       0                        01010500D   2497
     126       0       0       2       0                               0D   2498
     102    1980       0       0       0                        01010500D   2499
     102       0       0       1       0                               0D   2500
     102    1981       0       0       5                        01010000D   2501
     102       0       0       1       0                               0D   2502
     142    1982       0       0       0                        00010500D   2503
     142       0       0       1       0                               0D   2504
     144    1983       0       0       5                        00010000D   2505
     144       0    -347       1       0                               0D   2506
     128    1984       0       0       0                        01010000D   2507
     128       0       0       3       0                               0D   2508
     126    1987       0       0       0                        01010500D   2509
     126       0       0       2       0                               0D   2510
     126    1989       0       0       0                        01010500D   2511
     126       0       0       2       0                               0D   2512
     126    1991       0       0       0                        01010500D   2513
     126       0       0       2       0                               0D   2514
     110    1993       0       0       5                        01010000D   2515
     110       0       0       1       0                               0D   2516
     126    1994       0       0       0                        01010500D   2517
     126       0       0       2       0                               0D   2518
     102    1996       0       0       0                        01010500D   2519
     102       0       0       1       0                               0D   2520
     102    1997       0       0       5                        01010000D   2521
     102       0       0       1       0                               0D   2522
     142    1998       0       0       0                        00010500D   2523
     142       0       0       1       0                               0D   2524
     144    1999       0       0       5                        00010000D   2525
     144       0    -347       1       0                               0D   2526
     128    2000       0       0       0                        01010000D   2527
     128       0       0       2       0                               0D   2528
     126    2002       0       0       0                        01010500D   2529
     126       0       0       2       0                               0D   2530
     126    2004       0       0       0                        01010500D   2531
     126       0       0       2       0                               0D   2532
     126    2006       0       0       0                        01010500D   2533
     126       0       0       2       0                               0D   2534
     126    2008       0       0       0                        01010500D   2535
     126       0       0       2       0                               0D   2536
     126    2010       0       0       0                        01010500D   2537
     126       0       0       2       0                               0D   2538
     110    2012       0       0       5                        01010000D   2539
     110       0       0       1       0                               0D   2540
     126    2013       0       0       0                        01010500D   2541
     126       0       0       2       0                               0D   2542
     110    2015       0       0       5                        01010000D   2543
     110       0       0       1       0                               0D   2544
     102    2016       0       0       0                        01010500D   2545
     102       0       0       1       0                               0D   2546
     102    2017       0       0       5                        01010000D   2547
     102       0       0       1       0                               0D   2548
     142    2018       0       0       0                        00010500D   2549
     142       0       0       1       0                               0D   2550
     144    2019       0       0       5                        00010000D   2551
     144       0    -347       1       0                               0D   2552
     128    2020       0       0       0                        01010000D   2553
     128       0       0       2       0                               0D   2554
     126    2022       0       0       0                        01010500D   2555
     126       0       0       2       0                               0D   2556
     126    2024       0       0       0                        01010500D   2557
     126       0       0       2       0                               0D   2558
     126    2026       0       0       0                        01010500D   2559
     126       0       0       2       0                               0D   2560
     110    2028       0       0       5                        01010000D   2561
     110       0       0       1       0                               0D   2562
     126    2029       0       0       0                        01010500D   2563
     126       0       0       2       0                               0D   2564
     110    2031       0       0       5                        01010000D   2565
     110       0       0       1       0                               0D   2566
     102    2032       0       0       0                        01010500D   2567
     102       0       0       1       0                               0D   2568
     102    2033       0       0       5                        01010000D   2569
     102       0       0       1       0                               0D   2570
     142    2034       0       0       0                        00010500D   2571
     142       0       0       1       0                               0D   2572
     144    2035       0       0       5                        00010000D   2573
     144       0    -347       1       0                               0D   2574
     128    2036       0       0       0                        01010000D   2575
     128       0       0       2       0                               0D   2576
     126    2038       0       0       0                        01010500D   2577
     126       0       0       2       0                               0D   2578
     126    2040       0       0       0                        01010500D   2579
     126       0       0       2       0                               0D   2580
     126    2042       0       0       0                        01010500D   2581
     126       0       0       2       0                               0D   2582
     110    2044       0       0       5                        01010000D   2583
     110       0       0       1       0                               0D   2584
     126    2045       0       0       0                        01010500D   2585
     126       0       0       2       0                               0D   2586
     110    2047       0       0       5                        01010000D   2587
     110       0       0       1       0                               0D   2588
     102    2048       0       0       0                        01010500D   2589
     102       0       0       1       0                               0D   2590
     102    2049       0       0       5                        01010000D   2591
     102       0       0       1       0                               0D   2592
     142    2050       0       0       0                        00010500D   2593
     142       0       0       1       0                               0D   2594
     144    2051       0       0       5                        00010000D   2595
     144       0    -347       1       0                               0D   2596
     128    2052       0       0       0                        01010000D   2597
     128       0       0       2       0                               0D   2598
     126    2054       0       0       0                        01010500D   2599
     126       0       0       2       0                               0D   2600
     110    2056       0       0       5                        01010000D   2601
     110       0       0       1       0                               0D   2602
     126    2057       0       0       0                        01010500D   2603
     126       0       0       2       0                               0D   2604
     126    2059       0       0       0                        01010500D   2605
     126       0       0       2       0                               0D   2606
     126    2061       0       0       0                        01010500D   2607
     126       0       0       2       0                               0D   2608
     126    2063       0       0       0                        01010500D   2609
     126       0       0       2       0                               0D   2610
     126    2065       0       0       0                        01010500D   2611
     126       0       0       2       0                               0D   2612
     126    2067       0       0       0                        01010500D   2613
     126       0       0       2       0                               0D   2614
     126    2069       0       0       0                        01010500D   2615
     126       0       0       2       0                               0D   2616
     126    2071       0       0       0                        01010500D   2617
     126       0       0       2       0                               0D   2618
     126    2073       0       0       0                        01010500D   2619
     126       0       0       2       0                               0D   2620
     110    2075       0       0       5                        01010000D   2621
     110       0       0       1       0                               0D   2622
     102    2076       0       0       0                        01010500D   2623
     102       0       0       1       0                               0D   2624
     102    2077       0       0       5                        01010000D   2625
     102       0       0       1       0                               0D   2626
     142    2078       0       0       0                        00010500D   2627
     142       0       0       1       0                               0D   2628
     144    2079       0       0       5                        00010000D   2629
     144       0    -347       1       0                               0D   2630
     128    2080       0       0       0                        01010000D   2631
     128       0       0       2       0                               0D   2632
     126    2082       0       0       0                        01010500D   2633
     126       0       0       2       0                               0D   2634
     126    2084       0       0       0                        01010500D   2635
     126       0       0       2       0                               0D   2636
     110    2086       0       0       5                        01010000D   2637
     110       0       0       1       0                               0D   2638
     126    2087       0       0       0                        01010500D   2639
     126       0       0       2       0                               0D   2640
     110    2089       0       0       5                        01010000D   2641
     110       0       0       1       0                               0D   2642
     126    2090       0       0       0                        01010500D   2643
     126       0       0       2       0                               0D   2644
     102    2092       0       0       0                        01010500D   2645
     102       0       0       1       0                               0D   2646
     102    2093       0       0       5                        01010000D   2647
     102       0       0       1       0                               0D   2648
     142    2094       0       0       0                        00010500D   2649
     142       0       0       1       0                               0D   2650
     144    2095       0       0       5                        00010000D   2651
     144       0    -347       1       0                               0D   2652
     128    2096       0       0       0                        01010000D   2653
     128       0       0       2       0                               0D   2654
     126    2098       0       0       0                        01010500D   2655
     126       0       0       2       0                               0D   2656
     126    2100       0       0       0                        01010500D   2657
     126       0       0       2       0                               0D   2658
     126    2102       0       0       0                        01010500D   2659
     126       0       0       2       0                               0D   2660
     110    2104       0       0       5                        01010000D   2661
     110       0       0       1       0                               0D   2662
     126    2105       0       0       0                        01010500D   2663
     126       0       0       2       0                               0D   2664
     102    2107       0       0       0                        01010500D   2665
     102       0       0       1       0                               0D   2666
     102    2108       0       0       5                        01010000D   2667
     102       0       0       1       0                               0D   2668
     142    2109       0       0       0                        00010500D   2669
     142       0       0       1       0                               0D   2670
     144    2110       0       0       5                        00010000D   2671
     144       0    -347       1       0                               0D   2672
     128    2111       0       0       0                        01010000D   2673
     128       0       0       2       0                               0D   2674
     126    2113       0       0       0                        01010500D   2675
     126       0       0       2       0                               0D   2676
     126    2115       0       0       0                        01010500D   2677
     126       0       0       2       0                               0D   2678
     110    2117       0       0       5                        01010000D   2679
     110       0       0       1       0                               0D   2680
     126    2118       0       0       0                        01010500D   2681
     126       0       0       2       0                               0D   2682
     110    2120       0       0       5                        01010000D   2683
     110       0       0       1       0                               0D   2684
     126    2121       0       0       0                        01010500D   2685
     126       0       0       2       0                               0D   2686
     110    2123       0       0       5                        01010000D   2687
     110       0       0       1       0                               0D   2688
     102    2124       0       0       0                        01010500D   2689
     102       0       0       1       0                               0D   2690
     102    2125       0       0       5                        01010000D   2691
     102       0       0       1       0                               0D   2692
     142    2126       0       0       0                        00010500D   2693
     142       0       0       1       0                               0D   2694
     144    2127       0       0       5                        00010000D   2695
     144       0    -347       1       0                               0D   2696
     128    2128       0       0       0                        01010000D   2697
     128       0       0       2       0                               0D   2698
     126    2130       0       0       0                        01010500D   2699
     126       0       0       2       0                               0D   2700
     126    2132       0       0       0                        01010500D   2701
     126       0       0       2       0                               0D   2702
     126    2134       0       0       0                        01010500D   2703
     126       0       0       2       0                               0D   2704
     110    2136       0       0       5                        01010000D   2705
     110       0       0       1       0                               0D   2706
     126    2137       0       0       0                        01010500D   2707
     126       0       0       2       0                               0D   2708
     102    2139       0       0       0                        01010500D   2709
     102       0       0       1       0                               0D   2710
     102    2140       0       0       5                        01010000D   2711
     102       0       0       1       0                               0D   2712
     142    2141       0       0       0                        00010500D   2713
     142       0       0       1       0                               0D   2714
     144    2142       0       0       5                        00010000D   2715
     144       0    -347       1       0                               0D   2716
     128    2143       0       0       0                        01010000D   2717
     128       0       0       3       0                               0D   2718
     126    2146       0       0       0                        01010500D   2719
     126       0       0       2       0                               0D   2720
     110    2148       0       0       5                        01010000D   2721
     110       0       0       1       0                               0D   2722
     126    2149       0       0       0                        01010500D   2723
     126       0       0       2       0                               0D   2724
     110    2151       0       0       5                        01010000D   2725
     110       0       0       1       0                               0D   2726
     126    2152       0       0       0                        01010500D   2727
     126       0       0       2       0                               0D   2728
     110    2154       0       0       5                        01010000D   2729
     110       0       0       1       0                               0D   2730
     126    2155       0       0       0                        01010500D   2731
     126       0       0       2       0                               0D   2732
     126    2157       0       0       0                        01010500D   2733
     126       0       0       2       0                               0D   2734
     126    2159       0       0       0                        01010500D   2735
     126       0       0       2       0                               0D   2736
     110    2161       0       0       5                        01010000D   2737
     110       0       0       1       0                               0D   2738
     126    2162       0       0       0                        01010500D   2739
     126       0       0       2       0                               0D   2740
     110    2164       0       0       5                        01010000D   2741
     110       0       0       1       0                               0D   2742
     126    2165       0       0       0                        01010500D   2743
     126       0       0       2       0                               0D   2744
     110    2167       0       0       5                        01010000D   2745
     110       0       0       1       0                               0D   2746
     126    2168       0       0       0                        01010500D   2747
     126       0       0       2       0                               0D   2748
     110    2170       0       0       5                        01010000D   2749
     110       0       0       1       0                               0D   2750
     126    2171       0       0       0                        01010500D   2751
     126       0       0       2       0                               0D   2752
     110    2173       0       0       5                        01010000D   2753
     110       0       0       1       0                               0D   2754
     126    2174       0       0       0                        01010500D   2755
     126       0       0       2       0                               0D   2756
     126    2176       0       0       0                        01010500D   2757
     126       0       0       2       0                               0D   2758
     126    2178       0       0       0                        01010500D   2759
     126       0       0       2       0                               0D   2760
     110    2180       0       0       5                        01010000D   2761
     110       0       0       1       0                               0D   2762
     126    2181       0       0       0                        01010500D   2763
     126       0       0       2       0                               0D   2764
     110    2183       0       0       5                        01010000D   2765
     110       0       0       1       0                               0D   2766
     126    2184       0       0       0                        01010500D   2767
     126       0       0       2       0                               0D   2768
     110    2186       0       0       5                        01010000D   2769
     110       0       0       1       0                               0D   2770
     126    2187       0       0       0                        01010500D   2771
     126       0       0       2       0                               0D   2772
     102    2189       0       0       0                        01010500D   2773
     102       0       0       2       0                               0D   2774
     102    2191       0       0       5                        01010000D   2775
     102       0       0       2       0                               0D   2776
     142    2193       0       0       0                        00010500D   2777
     142       0       0       1       0                               0D   2778
     144    2194       0       0       5                        00010000D   2779
     144       0    -347       1       0                               0D   2780
     128    2195       0       0       0                        01010000D   2781
     128       0       0       2       0                               0D   2782
     126    2197       0       0       0                        01010500D   2783
     126       0       0       2       0                               0D   2784
     126    2199       0       0       0                        01010500D   2785
     126       0       0       2       0                               0D   2786
     110    2201       0       0       5                        01010000D   2787
     110       0       0       1       0                               0D   2788
     126    2202       0       0       0                        01010500D   2789
     126       0       0       2       0                               0D   2790
     126    2204       0       0       0                        01010500D   2791
     126       0       0       2       0                               0D   2792
     126    2206       0       0       0                        01010500D   2793
     126       0       0       2       0                               0D   2794
     126    2208       0       0       0                        01010500D   2795
     126       0       0       2       0                               0D   2796
     110    2210       0       0       5                        01010000D   2797
     110       0       0       1       0                               0D   2798
     102    2211       0       0       0                        01010500D   2799
     102       0       0       1       0                               0D   2800
     102    2212       0       0       5                        01010000D   2801
     102       0       0       1       0                               0D   2802
     142    2213       0       0       0                        00010500D   2803
     142       0       0       1       0                               0D   2804
     144    2214       0       0       5                        00010000D   2805
     144       0    -347       1       0                               0D   2806
     128    2215       0       0       0                        01010000D   2807
     128       0       0       3       0                               0D   2808
     126    2218       0       0       0                        01010500D   2809
     126       0       0       2       0                               0D   2810
     126    2220       0       0       0                        01010500D   2811
     126       0       0       2       0                               0D   2812
     126    2222       0       0       0                        01010500D   2813
     126       0       0       2       0                               0D   2814
     126    2224       0       0       0                        01010500D   2815
     126       0       0       2       0                               0D   2816
     110    2226       0       0       5                        01010000D   2817
     110       0       0       1       0                               0D   2818
     126    2227       0       0       0                        01010500D   2819
     126       0       0       2       0                               0D   2820
     110    2229       0       0       5                        01010000D   2821
     110       0       0       1       0                               0D   2822
     126    2230       0       0       0                        01010500D   2823
     126       0       0       2       0                               0D   2824
     102    2232       0       0       0                        01010500D   2825
     102       0       0       1       0                               0D   2826
     102    2233       0       0       5                        01010000D   2827
     102       0       0       1       0                               0D   2828
     142    2234       0       0       0                        00010500D   2829
     142       0       0       1       0                               0D   2830
     144    2235       0       0       5                        00010000D   2831
     144       0    -347       1       0                               0D   2832
     128    2236       0       0       0                        01010000D   2833
     128       0       0       3       0                               0D   2834
     126    2239       0       0       0                        01010500D   2835
     126       0       0       2       0                               0D   2836
     110    2241       0       0       5                        01010000D   2837
     110       0       0       1       0                               0D   2838
     126    2242       0       0       0                        01010500D   2839
     126       0       0       2       0                               0D   2840
     126    2244       0       0       0                        01010500D   2841
     126       0       0       2       0                               0D   2842
     126    2246       0       0       0                        01010500D   2843
     126       0       0       2       0                               0D   2844
     110    2248       0       0       5                        01010000D   2845
     110       0       0       1       0                               0D   2846
     102    2249       0       0       0                        01010500D   2847
     102       0       0       1       0                               0D   2848
     102    2250       0       0       5                        01010000D   2849
     102       0       0       1       0                               0D   2850
     142    2251       0       0       0                        00010500D   2851
     142       0       0       1       0                               0D   2852
     144    2252       0       0       5                        00010000D   2853
     144       0    -347       1       0                               0D   2854
     128    2253       0       0       0                        01010000D   2855
     128       0       0       3       0                               0D   2856
     126    2256       0       0       0                        01010500D   2857
     126       0       0       2       0                               0D   2858
     110    2258       0       0       5                        01010000D   2859
     110       0       0       1       0                               0D   2860
     126    2259       0       0       0                        01010500D   2861
     126       0       0       2       0                               0D   2862
     126    2261       0       0       0                        01010500D   2863
     126       0       0       2       0                               0D   2864
     126    2263       0       0       0                        01010500D   2865
     126       0       0       2       0                               0D   2866
     126    2265       0       0       0                        01010500D   2867
     126       0       0       2       0                               0D   2868
     126    2267       0       0       0                        01010500D   2869
     126       0       0       2       0                               0D   2870
     102    2269       0       0       0                        01010500D   2871
     102       0       0       1       0                               0D   2872
     102    2270       0       0       5                        01010000D   2873
     102       0       0       1       0                               0D   2874
     142    2271       0       0       0                        00010500D   2875
     142       0       0       1       0                               0D   2876
     144    2272       0       0       5                        00010000D   2877
     144       0    -347       1       0                               0D   2878
     128    2273       0       0       0                        01010000D   2879
     128       0       0       3       0                               0D   2880
     126    2276       0       0       0                        01010500D   2881
     126       0       0       2       0                               0D   2882
     126    2278       0       0       0                        01010500D   2883
     126       0       0       2       0                               0D   2884
     126    2280       0       0       0                        01010500D   2885
     126       0       0       2       0                               0D   2886
     126    2282       0       0       0                        01010500D   2887
     126       0       0       2       0                               0D   2888
     110    2284       0       0       5                        01010000D   2889
     110       0       0       1       0                               0D   2890
     126    2285       0       0       0                        01010500D   2891
     126       0       0       2       0                               0D   2892
     110    2287       0       0       5                        01010000D   2893
     110       0       0       1       0                               0D   2894
     126    2288       0       0       0                        01010500D   2895
     126       0       0       2       0                               0D   2896
     126    2290       0       0       0                        01010500D   2897
     126       0       0       2       0                               0D   2898
     126    2292       0       0       0                        01010500D   2899
     126       0       0       2       0                               0D   2900
     126    2294       0       0       0                        01010500D   2901
     126       0       0       2       0                               0D   2902
     126    2296       0       0       0                        01010500D   2903
     126       0       0       2       0                               0D   2904
     126    2298       0       0       0                        01010500D   2905
     126       0       0       2       0                               0D   2906
     126    2300       0       0       0                        01010500D   2907
     126       0       0       2       0                               0D   2908
     102    2302       0       0       0                        01010500D   2909
     102       0       0       2       0                               0D   2910
     102    2304       0       0       5                        01010000D   2911
     102       0       0       2       0                               0D   2912
     142    2306       0       0       0                        00010500D   2913
     142       0       0       1       0                               0D   2914
     144    2307       0       0       5                        00010000D   2915
     144       0    -347       1       0                               0D   2916
     128    2308       0       0       0                        01010000D   2917
     128       0       0       3       0                               0D   2918
     126    2311       0       0       0                        01010500D   2919
     126       0       0       2       0                               0D   2920
     110    2313       0       0       5                        01010000D   2921
     110       0       0       1       0                               0D   2922
     126    2314       0       0       0                        01010500D   2923
     126       0       0       2       0                               0D   2924
     126    2316       0       0       0                        01010500D   2925
     126       0       0       2       0                               0D   2926
     126    2318       0       0       0                        01010500D   2927
     126       0       0       2       0                               0D   2928
     126    2320       0       0       0                        01010500D   2929
     126       0       0       2       0                               0D   2930
     126    2322       0       0       0                        01010500D   2931
     126       0       0       2       0                               0D   2932
     110    2324       0       0       5                        01010000D   2933
     110       0       0       1       0                               0D   2934
     102    2325       0       0       0                        01010500D   2935
     102       0       0       1       0                               0D   2936
     102    2326       0       0       5                        01010000D   2937
     102       0       0       1       0                               0D   2938
     142    2327       0       0       0                        00010500D   2939
     142       0       0       1       0                               0D   2940
     144    2328       0       0       5                        00010000D   2941
     144       0    -347       1       0                               0D   2942
     128    2329       0       0       0                        01010000D   2943
     128       0       0       3       0                               0D   2944
     126    2332       0       0       0                        01010500D   2945
     126       0       0       2       0                               0D   2946
     110    2334       0       0       5                        01010000D   2947
     110       0       0       1       0                               0D   2948
     126    2335       0       0       0                        01010500D   2949
     126       0       0       2       0                               0D   2950
     126    2337       0       0       0                        01010500D   2951
     126       0       0       2       0                               0D   2952
     126    2339       0       0       0                        01010500D   2953
     126       0       0       2       0                               0D   2954
     110    2341       0       0       5                        01010000D   2955
     110       0       0       1       0                               0D   2956
     102    2342       0       0       0                        01010500D   2957
     102       0       0       1       0                               0D   2958
     102    2343       0       0       5                        01010000D   2959
     102       0       0       1       0                               0D   2960
     142    2344       0       0       0                        00010500D   2961
     142       0       0       1       0                               0D   2962
     144    2345       0       0       5                        00010000D   2963
     144       0    -347       1       0                               0D   2964
     128    2346       0       0       0                        01010000D   2965
     128       0       0       2       0                               0D   2966
     126    2348       0       0       0                        01010500D   2967
     126       0       0       2       0                               0D   2968
     126    2350       0       0       0                        01010500D   2969
     126       0       0       2       0                               0D   2970
     126    2352       0       0       0                        01010500D   2971
     126       0       0       2       0                               0D   2972
     110    2354       0       0       5                        01010000D   2973
     110       0       0       1       0                               0D   2974
     126    2355       0       0       0                        01010500D   2975
     126       0       0       2       0                               0D   2976
     110    2357       0       0       5                        01010000D   2977
     110       0       0       1       0                               0D   2978
     102    2358       0       0       0                        01010500D   2979
     102       0       0       1       0                               0D   2980
     102    2359       0       0       5                        01010000D   2981
     102       0       0       1       0                               0D   2982
     142    2360       0       0       0                        00010500D   2983
     142       0       0       1       0                               0D   2984
     144    2361       0       0       5                        00010000D   2985
     144       0    -347       1       0                               0D   2986
     128    2362       0       0       0                        01010000D   2987
     128       0       0       2       0                               0D   2988
     126    2364       0       0       0                        01010500D   2989
     126       0       0       2       0                               0D   2990
     126    2366       0       0       0                        01010500D   2991
     126       0       0       2       0                               0D   2992
     126    2368       0       0       0                        01010500D   2993
     126       0       0       2       0                               0D   2994
     110    2370       0       0       5                        01010000D   2995
     110       0       0       1       0                               0D   2996
     126    2371       0       0       0                        01010500D   2997
     126       0       0       2       0                               0D   2998
     110    2373       0       0       5                        01010000D   2999
     110       0       0       1       0                               0D   3000
     102    2374       0       0       0                        01010500D   3001
     102       0       0       1       0                               0D   3002
     102    2375       0       0       5                        01010000D   3003
     102       0       0       1       0                               0D   3004
     142    2376       0       0       0                        00010500D   3005
     142       0       0       1       0                               0D   3006
     144    2377       0       0       5                        00010000D   3007
     144       0    -347       1       0                               0D   3008
     128    2378       0       0       0                        01010000D   3009
     128       0       0       2       0                               0D   3010
     126    2380       0       0       0                        01010500D   3011
     126       0       0       2       0                               0D   3012
     126    2382       0       0       0                        01010500D   3013
     126       0       0       2       0                               0D   3014
     126    2384       0       0       0                        01010500D   3015
     126       0       0       2       0                               0D   3016
     126    2386       0       0       0                        01010500D   3017
     126       0       0       2       0                               0D   3018
     110    2388       0       0       5                        01010000D   3019
     110       0       0       1       0                               0D   3020
     126    2389       0       0       0                        01010500D   3021
     126       0       0       2       0                               0D   3022
     110    2391       0       0       5                        01010000D   3023
     110       0       0       1       0                               0D   3024
     126    2392       0       0       0                        01010500D   3025
     126       0       0       2       0                               0D   3026
     102    2394       0       0       0                        01010500D   3027
     102       0       0       1       0                               0D   3028
     102    2395       0       0       5                        01010000D   3029
     102       0       0       1       0                               0D   3030
     142    2396       0       0       0                        00010500D   3031
     142       0       0       1       0                               0D   3032
     144    2397       0       0       5                        00010000D   3033
     144       0    -347       1       0                               0D   3034
     128    2398       0       0       0                        01010000D   3035
     128       0       0       2       0                               0D   3036
     126    2400       0       0       0                        01010500D   3037
     126       0       0       2       0                               0D   3038
     126    2402       0       0       0                        01010500D   3039
     126       0       0       2       0                               0D   3040
     126    2404       0       0       0                        01010500D   3041
     126       0       0       2       0                               0D   3042
     126    2406       0       0       0                        01010500D   3043
     126       0       0       2       0                               0D   3044
     126    2408       0       0       0                        01010500D   3045
     126       0       0       2       0                               0D   3046
     126    2410       0       0       0                        01010500D   3047
     126       0       0       2       0                               0D   3048
     126    2412       0       0       0                        01010500D   3049
     126       0       0       2       0                               0D   3050
     126    2414       0       0       0                        01010500D   3051
     126       0       0       2       0                               0D   3052
     126    2416       0       0       0                        01010500D   3053
     126       0       0       2       0                               0D   3054
     126    2418       0       0       0                        01010500D   3055
     126       0       0       2       0                               0D   3056
     126    2420       0       0       0                        01010500D   3057
     126       0       0       2       0                               0D   3058
     110    2422       0       0       5                        01010000D   3059
     110       0       0       1       0                               0D   3060
     126    2423       0       0       0                        01010500D   3061
     126       0       0       2       0                               0D   3062
     102    2425       0       0       0                        01010500D   3063
     102       0       0       2       0                               0D   3064
     102    2427       0       0       5                        01010000D   3065
     102       0       0       2       0                               0D   3066
     142    2429       0       0       0                        00010500D   3067
     142       0       0       1       0                               0D   3068
     144    2430       0       0       5                        00010000D   3069
     144       0    -347       1       0                               0D   3070
     128    2431       0       0       0                        01010000D   3071
     128       0       0       3       0                               0D   3072
     126    2434       0       0       0                        01010500D   3073
     126       0       0       2       0                               0D   3074
     126    2436       0       0       0                        01010500D   3075
     126       0       0       2       0                               0D   3076
     126    2438       0       0       0                        01010500D   3077
     126       0       0       2       0                               0D   3078
     126    2440       0       0       0                        01010500D   3079
     126       0       0       2       0                               0D   3080
     110    2442       0       0       5                        01010000D   3081
     110       0       0       1       0                               0D   3082
     126    2443       0       0       0                        01010500D   3083
     126       0       0       2       0                               0D   3084
     110    2445       0       0       5                        01010000D   3085
     110       0       0       1       0                               0D   3086
     126    2446       0       0       0                        01010500D   3087
     126       0       0       2       0                               0D   3088
     102    2448       0       0       0                        01010500D   3089
     102       0       0       1       0                               0D   3090
     102    2449       0       0       5                        01010000D   3091
     102       0       0       1       0                               0D   3092
     142    2450       0       0       0                        00010500D   3093
     142       0       0       1       0                               0D   3094
     144    2451       0       0       5                        00010000D   3095
     144       0    -347       1       0                               0D   3096
     128    2452       0       0       0                        01010000D   3097
     128       0       0       3       0                               0D   3098
     126    2455       0       0       0                        01010500D   3099
     126       0       0       2       0                               0D   3100
     126    2457       0       0       0                        01010500D   3101
     126       0       0       2       0                               0D   3102
     126    2459       0       0       0                        01010500D   3103
     126       0       0       2       0                               0D   3104
     110    2461       0       0       5                        01010000D   3105
     110       0       0       1       0                               0D   3106
     126    2462       0       0       0                        01010500D   3107
     126       0       0       2       0                               0D   3108
     110    2464       0       0       5                        01010000D   3109
     110       0       0       1       0                               0D   3110
     102    2465       0       0       0                        01010500D   3111
     102       0       0       1       0                               0D   3112
     102    2466       0       0       5                        01010000D   3113
     102       0       0       1       0                               0D   3114
     142    2467       0       0       0                        00010500D   3115
     142       0       0       1       0                               0D   3116
     144    2468       0       0       5                        00010000D   3117
     144       0    -347       1       0                               0D   3118
     128    2469       0       0       0                        01010000D   3119
     128       0       0       3       0                               0D   3120
     126    2472       0       0       0                        01010500D   3121
     126       0       0       2       0                               0D   3122
     126    2474       0       0       0                        01010500D   3123
     126       0       0       2       0                               0D   3124
     126    2476       0       0       0                        01010500D   3125
     126       0       0       2       0                               0D   3126
     126    2478       0       0       0                        01010500D   3127
     126       0       0       2       0                               0D   3128
     110    2480       0       0       5                        01010000D   3129
     110       0       0       1       0                               0D   3130
     126    2481       0       0       0                        01010500D   3131
     126       0       0       2       0                               0D   3132
     126    2483       0       0       0                        01010500D   3133
     126       0       0       2       0                               0D   3134
     102    2485       0       0       0                        01010500D   3135
     102       0       0       1       0                               0D   3136
     102    2486       0       0       5                        01010000D   3137
     102       0       0       1       0                               0D   3138
     142    2487       0       0       0                        00010500D   3139
     142       0       0       1       0                               0D   3140
     144    2488       0       0       5                        00010000D   3141
     144       0    -347       1       0                               0D   3142
     128    2489       0       0       0                        01010000D   3143
     128       0       0       3       0                               0D   3144
     126    2492       0       0       0                        01010500D   3145
     126       0       0       2       0                               0D   3146
     126    2494       0       0       0                        01010500D   3147
     126       0       0       2       0                               0D   3148
     126    2496       0       0       0                        01010500D   3149
     126       0       0       2       0                               0D   3150
     126    2498       0       0       0                        01010500D   3151
     126       0       0       2       0                               0D   3152
     126    2500       0       0       0                        01010500D   3153
     126       0       0       2       0                               0D   3154
     126    2502       0       0       0                        01010500D   3155
     126       0       0       2       0                               0D   3156
     126    2504       0       0       0                        01010500D   3157
     126       0       0       2       0                               0D   3158
     126    2506       0       0       0                        01010500D   3159
     126       0       0       2       0                               0D   3160
     126    2508       0       0       0                        01010500D   3161
     126       0       0       2       0                               0D   3162
     126    2510       0       0       0                        01010500D   3163
     126       0       0       2       0                               0D   3164
     126    2512       0       0       0                        01010500D   3165
     126       0       0       2       0                               0D   3166
     126    2514       0       0       0                        01010500D   3167
     126       0       0       2       0                               0D   3168
     126    2516       0       0       0                        01010500D   3169
     126       0       0       2       0                               0D   3170
     126    2518       0       0       0                        01010500D   3171
     126       0       0       2       0                               0D   3172
     126    2520       0       0       0                        01010500D   3173
     126       0       0       2       0                               0D   3174
     126    2522       0       0       0                        01010500D   3175
     126       0       0       2       0                               0D   3176
     126    2524       0       0       0                        01010500D   3177
     126       0       0       2       0                               0D   3178
     126    2526       0       0       0                        01010500D   3179
     126       0       0       2       0                               0D   3180
     126    2528       0       0       0                        01010500D   3181
     126       0       0       2       0                               0D   3182
     126    2530       0       0       0                        01010500D   3183
     126       0       0       2       0                               0D   3184
     102    2532       0       0       0                        01010500D   3185
     102       0       0       2       0                               0D   3186
     102    2534       0       0       5                        01010000D   3187
     102       0       0       2       0                               0D   3188
     142    2536       0       0       0                        00010500D   3189
     142       0       0       1       0                               0D   3190
     144    2537       0       0       5                        00010000D   3191
     144       0    -347       1       0                               0D   3192
     110    2538       0       0       5                        00010000D   3193
     110       0       0       1       0                               0D   3194
     110    2539       0       0       5                        00010000D   3195
     110       0       0       1       0                               0D   3196
     110    2540       0       0       5                        00010000D   3197
     110       0       0       1       0                               0D   3198
     110    2541       0       0       5                        00010000D   3199
     110       0       0       1       0                               0D   3200
     110    2542       0       0       5                        00010000D   3201
     110       0       0       1       0                               0D   3202
     110    2543       0       0       5                        00010000D   3203
     110       0       0       1       0                               0D   3204
     110    2544       0       0       5                        00010000D   3205
     110       0       0       1       0                               0D   3206
     110    2545       0       0       5                        00010000D   3207
     110       0       0       1       0                               0D   3208
     110    2546       0       0       5                        00010000D   3209
     110       0       0       1       0                               0D   3210
     110    2547       0       0       5                        00010000D   3211
     110       0       0       2       0                               0D   3212
     110    2549       0       0       5                        00010000D   3213
     110       0       0       1       0                               0D   3214
     110    2550       0       0       5                        00010000D   3215
     110       0       0       1       0                               0D   3216
     110    2551       0       0       5                        00010000D   3217
     110       0       0       1       0                               0D   3218
     110    2552       0       0       5                        00010000D   3219
     110       0       0       1       0                               0D   3220
     110    2553       0       0       5                        00010000D   3221
     110       0       0       1       0                               0D   3222
     110    2554       0       0       5                        00010000D   3223
     110       0       0       1       0                               0D   3224
     110    2555       0       0       5                        00010000D   3225
     110       0       0       1       0                               0D   3226
     110    2556       0       0       5                        00010000D   3227
     110       0       0       1       0                               0D   3228
     110    2557       0       0       5                        00010000D   3229
     110       0       0       1       0                               0D   3230
     110    2558       0       0       5                        00010000D   3231
     110       0       0       1       0                               0D   3232
     110    2559       0       0       5                        00010000D   3233
     110       0       0       1       0                               0D   3234
     110    2560       0       0       5                        00010000D   3235
     110       0       0       1       0                               0D   3236
     110    2561       0       0       5                        00010000D   3237
     110       0       0       1       0                               0D   3238
     110    2562       0       0       5                        00010000D   3239
     110       0       0       1       0                               0D   3240
     110    2563       0       0       5                        00010000D   3241
     110       0       0       1       0                               0D   3242
     110    2564       0       0       5                        00010000D   3243
     110       0       0       1       0                               0D   3244
     110    2565       0       0       5                        00010000D   3245
     110       0       0       1       0                               0D   3246
     110    2566       0       0       5                        00010000D   3247
     110       0       0       1       0                               0D   3248
     110    2567       0       0       5                        00010000D   3249
     110       0       0       1       0                               0D   3250
     110    2568       0       0       5                        00010000D   3251
     110       0       0       1       0                               0D   3252
     110    2569       0       0       5                        00010000D   3253
     110       0       0       1       0                               0D   3254
     110    2570       0       0       5                        00010000D   3255
     110       0       0       1       0                               0D   3256
     110    2571       0       0       5                        00010000D   3257
     110       0       0       1       0                               0D   3258
     110    2572       0       0       5                        00010000D   3259
     110       0       0       1       0                               0D   3260
     110    2573       0       0       5                        00010000D   3261
     110       0       0       1       0                               0D   3262
     110    2574       0       0       5                        00010000D   3263
     110       0       0       1       0                               0D   3264
     110    2575       0       0       5                        00010000D   3265
     110       0       0       1       0                               0D   3266
     110    2576       0       0       5                        00010000D   3267
     110       0       0       1       0                               0D   3268
     110    2577       0       0       5                        00010000D   3269
     110       0       0       1       0                               0D   3270
     110    2578       0       0       5                        00010000D   3271
     110       0       0       1       0                               0D   3272
     110    2579       0       0       5                        00010000D   3273
     110       0       0       1       0                               0D   3274
     110    2580       0       0       5                        00010000D   3275
     110       0       0       1       0                               0D   3276
     110    2581       0       0       5                        00010000D   3277
     110       0       0       1       0                               0D   3278
     110    2582       0       0       5                        00010000D   3279
     110       0       0       1       0                               0D   3280
     110    2583       0       0       5                        00010000D   3281
     110       0       0       1       0                               0D   3282
     110    2584       0       0       5                        00010000D   3283
     110       0       0       1       0                               0D   3284
     110    2585       0       0       5                        00010000D   3285
     110       0       0       1       0                               0D   3286
     110    2586       0       0       5                        00010000D   3287
     110       0       0       1       0                               0D   3288
     110    2587       0       0       5                        00010000D   3289
     110       0       0       1       0                               0D   3290
     110    2588       0       0       5                        00010000D   3291
     110       0       0       1       0                               0D   3292
     110    2589       0       0       5                        00010000D   3293
     110       0       0       1       0                               0D   3294
     110    2590       0       0       5                        00010000D   3295
     110       0       0       1       0                               0D   3296
     110    2591       0       0       5                        00010000D   3297
     110       0       0       1       0                               0D   3298
     110    2592       0       0       5                        00010000D   3299
     110       0       0       1       0                               0D   3300
     110    2593       0       0       5                        00010000D   3301
     110       0       0       1       0                               0D   3302
     110    2594       0       0       5                        00010000D   3303
     110       0       0       1       0                               0D   3304
     110    2595       0       0       5                        00010000D   3305
     110       0       0       1       0                               0D   3306
     110    2596       0       0       5                        00010000D   3307
     110       0       0       1       0                               0D   3308
     110    2597       0       0       5                        00010000D   3309
     110       0       0       1       0                               0D   3310
     110    2598       0       0       5                        00010000D   3311
     110       0       0       1       0                               0D   3312
     110    2599       0       0       5                        00010000D   3313
     110       0       0       1       0                               0D   3314
     110    2600       0       0       5                        00010000D   3315
     110       0       0       1       0                               0D   3316
     110    2601       0       0       5                        00010000D   3317
     110       0       0       1       0                               0D   3318
     110    2602       0       0       5                        00010000D   3319
     110       0       0       1       0                               0D   3320
     110    2603       0       0       5                        00010000D   3321
     110       0       0       1       0                               0D   3322
     110    2604       0       0       5                        00010000D   3323
     110       0       0       1       0                               0D   3324
     110    2605       0       0       5                        00010000D   3325
     110       0       0       1       0                               0D   3326
     110    2606       0       0       5                        00010000D   3327
     110       0       0       1       0                               0D   3328
     110    2607       0       0       5                        00010000D   3329
     110       0       0       1       0                               0D   3330
     110    2608       0       0       5                        00010000D   3331
     110       0       0       1       0                               0D   3332
     110    2609       0       0       5                        00010000D   3333
     110       0       0       1       0                               0D   3334
     110    2610       0       0       5                        00010000D   3335
     110       0       0       1       0                               0D   3336
     110    2611       0       0       5                        00010000D   3337
     110       0       0       1       0                               0D   3338
     110    2612       0       0       5                        00010000D   3339
     110       0       0       1       0                               0D   3340
     110    2613       0       0       5                        00010000D   3341
     110       0       0       1       0                               0D   3342
     110    2614       0       0       5                        00010000D   3343
     110       0       0       1       0                               0D   3344
     110    2615       0       0       5                        00010000D   3345
     110       0       0       1       0                               0D   3346
     110    2616       0       0       5                        00010000D   3347
     110       0       0       1       0                               0D   3348
     110    2617       0       0       5                        00010000D   3349
     110       0       0       1       0                               0D   3350
     110    2618       0       0       5                        00010000D   3351
     110       0       0       1       0                               0D   3352
     110    2619       0       0       5                        00010000D   3353
     110       0       0       1       0                               0D   3354
     110    2620       0       0       5                        00010000D   3355
     110       0       0       1       0                               0D   3356
     110    2621       0       0       5                        00010000D   3357
     110       0       0       1       0                               0D   3358
     110    2622       0       0       5                        00010000D   3359
     110       0       0       1       0                               0D   3360
     110    2623       0       0       5                        00010000D   3361
     110       0       0       1       0                               0D   3362
     110    2624       0       0       5                        00010000D   3363
     110       0       0       1       0                               0D   3364
     110    2625       0       0       5                        00010000D   3365
     110       0       0       1       0                               0D   3366
     110    2626       0       0       5                        00010000D   3367
     110       0       0       1       0                               0D   3368
     110    2627       0       0       5                        00010000D   3369
     110       0       0       1       0                               0D   3370
     110    2628       0       0       5                        00010000D   3371
     110       0       0       1       0                               0D   3372
     110    2629       0       0       5                        00010000D   3373
     110       0       0       1       0                               0D   3374
     110    2630       0       0       5                        00010000D   3375
     110       0       0       1       0                               0D   3376
     110    2631       0       0       5                        00010000D   3377
     110       0       0       1       0                               0D   3378
     110    2632       0       0       5                        00010000D   3379
     110       0       0       1       0                               0D   3380
     110    2633       0       0       5                        00010000D   3381
     110       0       0       1       0                               0D   3382
     110    2634       0       0       5                        00010000D   3383
     110       0       0       1       0                               0D   3384
     110    2635       0       0       5                        00010000D   3385
     110       0       0       1       0                               0D   3386
     110    2636       0       0       5                        00010000D   3387
     110       0       0       1       0                               0D   3388
     110    2637       0       0       5                        00010000D   3389
     110       0       0       1       0                               0D   3390
     110    2638       0       0       5                        00010000D   3391
     110       0       0       1       0                               0D   3392
     110    2639       0       0       5                        00010000D   3393
     110       0       0       1       0                               0D   3394
     110    2640       0       0       5                        00010000D   3395
     110       0       0       1       0                               0D   3396
     110    2641       0       0       5                        00010000D   3397
     110       0       0       1       0                               0D   3398
     110    2642       0       0       5                        00010000D   3399
     110       0       0       1       0                               0D   3400
     110    2643       0       0       5                        00010000D   3401
     110       0       0       1       0                               0D   3402
     110    2644       0       0       5                        00010000D   3403
     110       0       0       1       0                               0D   3404
     110    2645       0       0       5                        00010000D   3405
     110       0       0       1       0                               0D   3406
     110    2646       0       0       5                        00010000D   3407
     110       0       0       1       0                               0D   3408
     110    2647       0       0       5                        00010000D   3409
     110       0       0       1       0                               0D   3410
     110    2648       0       0       5                        00010000D   3411
     110       0       0       1       0                               0D   3412
     110    2649       0       0       5                        00010000D   3413
     110       0       0       1       0                               0D   3414
     110    2650       0       0       5                        00010000D   3415
     110       0       0       1       0                               0D   3416
     110    2651       0       0       5                        00010000D   3417
     110       0       0       1       0                               0D   3418
     110    2652       0       0       5                        00010000D   3419
     110       0       0       1       0                               0D   3420
     110    2653       0       0       5                        00010000D   3421
     110       0       0       1       0                               0D   3422
     110    2654       0       0       5                        00010000D   3423
     110       0       0       1       0                               0D   3424
     110    2655       0       0       5                        00010000D   3425
     110       0       0       1       0                               0D   3426
     110    2656       0       0       5                        00010000D   3427
     110       0       0       1       0                               0D   3428
     110    2657       0       0       5                        00010000D   3429
     110       0       0       1       0                               0D   3430
     110    2658       0       0       5                        00010000D   3431
     110       0       0       1       0                               0D   3432
     110    2659       0       0       5                        00010000D   3433
     110       0       0       1       0                               0D   3434
     110    2660       0       0       5                        00010000D   3435
     110       0       0       1       0                               0D   3436
     110    2661       0       0       5                        00010000D   3437
     110       0       0       1       0                               0D   3438
     110    2662       0       0       5                        00010000D   3439
     110       0       0       1       0                               0D   3440
     110    2663       0       0       5                        00010000D   3441
     110       0       0       1       0                               0D   3442
     110    2664       0       0       5                        00010000D   3443
     110       0       0       1       0                               0D   3444
     110    2665       0       0       5                        00010000D   3445
     110       0       0       1       0                               0D   3446
     110    2666       0       0       5                        00010000D   3447
     110       0       0       1       0                               0D   3448
     110    2667       0       0       5                        00010000D   3449
     110       0       0       1       0                               0D   3450
     110    2668       0       0       5                        00010000D   3451
     110       0       0       1       0                               0D   3452
     110    2669       0       0       5                        00010000D   3453
     110       0       0       1       0                               0D   3454
     110    2670       0       0       5                        00010000D   3455
     110       0       0       1       0                               0D   3456
     110    2671       0       0       5                        00010000D   3457
     110       0       0       1       0                               0D   3458
     110    2672       0       0       5                        00010000D   3459
     110       0       0       1       0                               0D   3460
     110    2673       0       0       5                        00010000D   3461
     110       0       0       1       0                               0D   3462
     110    2674       0       0       5                        00010000D   3463
     110       0       0       1       0                               0D   3464
     110    2675       0       0       5                        00010000D   3465
     110       0       0       1       0                               0D   3466
     110    2676       0       0       5                        00010000D   3467
     110       0       0       1       0                               0D   3468
     110    2677       0       0       5                        00010000D   3469
     110       0       0       1       0                               0D   3470
     110    2678       0       0       5                        00010000D   3471
     110       0       0       1       0                               0D   3472
     110    2679       0       0       5                        00010000D   3473
     110       0       0       1       0                               0D   3474
     110    2680       0       0       5                        00010000D   3475
     110       0       0       1       0                               0D   3476
     110    2681       0       0       5                        00010000D   3477
     110       0       0       1       0                               0D   3478
     110    2682       0       0       5                        00010000D   3479
     110       0       0       1       0                               0D   3480
     110    2683       0       0       5                        00010000D   3481
     110       0       0       1       0                               0D   3482
     110    2684       0       0       5                        00010000D   3483
     110       0       0       1       0                               0D   3484
     110    2685       0       0       5                        00010000D   3485
     110       0       0       1       0                               0D   3486
     110    2686       0       0       5                        00010000D   3487
     110       0       0       1       0                               0D   3488
     110    2687       0       0       5                        00010000D   3489
     110       0       0       1       0                               0D   3490
     110    2688       0       0       5                        00010000D   3491
     110       0       0       1       0                               0D   3492
     110    2689       0       0       5                        00010000D   3493
     110       0       0       1       0                               0D   3494
     110    2690       0       0       5                        00010000D   3495
     110       0       0       1       0                               0D   3496
     110    2691       0       0       5                        00010000D   3497
     110       0       0       1       0                               0D   3498
     110    2692       0       0       5                        00010000D   3499
     110       0       0       1       0                               0D   3500
     110    2693       0       0       5                        00010000D   3501
     110       0       0       1       0                               0D   3502
     110    2694       0       0       5                        00010000D   3503
     110       0       0       1       0                               0D   3504
     110    2695       0       0       5                        00010000D   3505
     110       0       0       1       0                               0D   3506
     110    2696       0       0       5                        00010000D   3507
     110       0       0       1       0                               0D   3508
     110    2697       0       0       5                        00010000D   3509
     110       0       0       1       0                               0D   3510
     110    2698       0       0       5                        00010000D   3511
     110       0       0       1       0                               0D   3512
     110    2699       0       0       5                        00010000D   3513
     110       0       0       1       0                               0D   3514
     110    2700       0       0       5                        00010000D   3515
     110       0       0       1       0                               0D   3516
     110    2701       0       0       5                        00010000D   3517
     110       0       0       1       0                               0D   3518
     110    2702       0       0       5                        00010000D   3519
     110       0       0       1       0                               0D   3520
     110    2703       0       0       5                        00010000D   3521
     110       0       0       1       0                               0D   3522
     110    2704       0       0       5                        00010000D   3523
     110       0       0       1       0                               0D   3524
     110    2705       0       0       5                        00010000D   3525
     110       0       0       1       0                               0D   3526
     110    2706       0       0       5                        00010000D   3527
     110       0       0       1       0                               0D   3528
     110    2707       0       0       5                        00010000D   3529
     110       0       0       1       0                               0D   3530
     110    2708       0       0       5                        00010000D   3531
     110       0       0       1       0                               0D   3532
     110    2709       0       0       5                        00010000D   3533
     110       0       0       1       0                               0D   3534
     110    2710       0       0       5                        00010000D   3535
     110       0       0       1       0                               0D   3536
     110    2711       0       0       5                        00010000D   3537
     110       0       0       1       0                               0D   3538
     110    2712       0       0       5                        00010000D   3539
     110       0       0       1       0                               0D   3540
     110    2713       0       0       5                        00010000D   3541
     110       0       0       1       0                               0D   3542
     110    2714       0       0       5                        00010000D   3543
     110       0       0       1       0                               0D   3544
     110    2715       0       0       5                        00010000D   3545
     110       0       0       1       0                               0D   3546
     110    2716       0       0       5                        00010000D   3547
     110       0       0       1       0                               0D   3548
     110    2717       0       0       5                        00010000D   3549
     110       0       0       1       0                               0D   3550
     110    2718       0       0       5                        00010000D   3551
     110       0       0       1       0                               0D   3552
     110    2719       0       0       5                        00010000D   3553
     110       0       0       1       0                               0D   3554
     110    2720       0       0       5                        00010000D   3555
     110       0       0       1       0                               0D   3556
     110    2721       0       0       5                        00010000D   3557
     110       0       0       1       0                               0D   3558
     110    2722       0       0       5                        00010000D   3559
     110       0       0       1       0                               0D   3560
     110    2723       0       0       5                        00010000D   3561
     110       0       0       1       0                               0D   3562
     110    2724       0       0       5                        00010000D   3563
     110       0       0       1       0                               0D   3564
     110    2725       0       0       5                        00010000D   3565
     110       0       0       1       0                               0D   3566
     110    2726       0       0       5                        00010000D   3567
     110       0       0       1       0                               0D   3568
     110    2727       0       0       5                        00010000D   3569
     110       0       0       1       0                               0D   3570
     110    2728       0       0       5                        00010000D   3571
     110       0       0       1       0                               0D   3572
     110    2729       0       0       5                        00010000D   3573
     110       0       0       1       0                               0D   3574
     110    2730       0       0       5                        00010000D   3575
     110       0       0       1       0                               0D   3576
     110    2731       0       0       5                        00010000D   3577
     110       0       0       1       0                               0D   3578
     110    2732       0       0       5                        00010000D   3579
     110       0       0       1       0                               0D   3580
     110    2733       0       0       5                        00010000D   3581
     110       0       0       1       0                               0D   3582
     110    2734       0       0       5                        00010000D   3583
     110       0       0       1       0                               0D   3584
     110    2735       0       0       5                        00010000D   3585
     110       0       0       1       0                               0D   3586
     110    2736       0       0       5                        00010000D   3587
     110       0       0       1       0                               0D   3588
     110    2737       0       0       5                        00010000D   3589
     110       0       0       1       0                               0D   3590
     110    2738       0       0       5                        00010000D   3591
     110       0       0       1       0                               0D   3592
     110    2739       0       0       5                        00010000D   3593
     110       0       0       1       0                               0D   3594
     110    2740       0       0       5                        00010000D   3595
     110       0       0       1       0                               0D   3596
     110    2741       0       0       5                        00010000D   3597
     110       0       0       1       0                               0D   3598
     110    2742       0       0       5                        00010000D   3599
     110       0       0       1       0                               0D   3600
     110    2743       0       0       5                        00010000D   3601
     110       0       0       1       0                               0D   3602
     110    2744       0       0       5                        00010000D   3603
     110       0       0       1       0                               0D   3604
     110    2745       0       0       5                        00010000D   3605
     110       0       0       1       0                               0D   3606
     110    2746       0       0       5                        00010000D   3607
     110       0       0       1       0                               0D   3608
     110    2747       0       0       5                        00010000D   3609
     110       0       0       1       0                               0D   3610
     110    2748       0       0       5                        00010000D   3611
     110       0       0       1       0                               0D   3612
     110    2749       0       0       5                        00010000D   3613
     110       0       0       1       0                               0D   3614
     110    2750       0       0       5                        00010000D   3615
     110       0       0       1       0                               0D   3616
     110    2751       0       0       5                        00010000D   3617
     110       0       0       1       0                               0D   3618
     110    2752       0       0       5                        00010000D   3619
     110       0       0       1       0                               0D   3620
     110    2753       0       0       5                        00010000D   3621
     110       0       0       1       0                               0D   3622
     110    2754       0       0       5                        00010000D   3623
     110       0       0       1       0                               0D   3624
     128    2755       0       0       0                        01010000D   3625
     128       0       0       3       0                               0D   3626
     126    2758       0       0       0                        01010500D   3627
     126       0       0       2       0                               0D   3628
     110    2760       0       0       6                        01010000D   3629
     110       0       0       1       0                               0D   3630
     126    2761       0       0       0                        01010500D   3631
     126       0       0       2       0                               0D   3632
     110    2763       0       0       6                        01010000D   3633
     110       0       0       1       0                               0D   3634
     126    2764       0       0       0                        01010500D   3635
     126       0       0       2       0                               0D   3636
     110    2766       0       0       6                        01010000D   3637
     110       0       0       1       0                               0D   3638
     126    2767       0       0       0                        01010500D   3639
     126       0       0       2       0                               0D   3640
     110    2769       0       0       6                        01010000D   3641
     110       0       0       1       0                               0D   3642
     102    2770       0       0       0                        01010500D   3643
     102       0       0       1       0                               0D   3644
     102    2771       0       0       6                        01010000D   3645
     102       0       0       1       0                               0D   3646
     142    2772       0       0       0                        00010500D   3647
     142       0       0       1       0                               0D   3648
     144    2773       0       0       6                        00010000D   3649
     144       0    -347       1       0                               0D   3650
     128    2774       0       0       0                        01010000D   3651
     128       0       0       3       0                               0D   3652
     126    2777       0       0       0                        01010500D   3653
     126       0       0       2       0                               0D   3654
     110    2779       0       0       6                        01010000D   3655
     110       0       0       1       0                               0D   3656
     126    2780       0       0       0                        01010500D   3657
     126       0       0       2       0                               0D   3658
     110    2782       0       0       6                        01010000D   3659
     110       0       0       1       0                               0D   3660
     126    2783       0       0       0                        01010500D   3661
     126       0       0       2       0                               0D   3662
     110    2785       0       0       6                        01010000D   3663
     110       0       0       1       0                               0D   3664
     126    2786       0       0       0                        01010500D   3665
     126       0       0       2       0                               0D   3666
     110    2788       0       0       6                        01010000D   3667
     110       0       0       1       0                               0D   3668
     102    2789       0       0       0                        01010500D   3669
     102       0       0       1       0                               0D   3670
     102    2790       0       0       6                        01010000D   3671
     102       0       0       1       0                               0D   3672
     142    2791       0       0       0                        00010500D   3673
     142       0       0       1       0                               0D   3674
     144    2792       0       0       6                        00010000D   3675
     144       0    -347       1       0                               0D   3676
     128    2793       0       0       0                        01010000D   3677
     128       0       0       3       0                               0D   3678
     126    2796       0       0       0                        01010500D   3679
     126       0       0       2       0                               0D   3680
     126    2798       0       0       0                        01010500D   3681
     126       0       0       2       0                               0D   3682
     110    2800       0       0       6                        01010000D   3683
     110       0       0       1       0                               0D   3684
     126    2801       0       0       0                        01010500D   3685
     126       0       0       2       0                               0D   3686
     110    2803       0       0       6                        01010000D   3687
     110       0       0       1       0                               0D   3688
     126    2804       0       0       0                        01010500D   3689
     126       0       0       2       0                               0D   3690
     110    2806       0       0       6                        01010000D   3691
     110       0       0       1       0                               0D   3692
     102    2807       0       0       0                        01010500D   3693
     102       0       0       1       0                               0D   3694
     102    2808       0       0       6                        01010000D   3695
     102       0       0       1       0                               0D   3696
     142    2809       0       0       0                        00010500D   3697
     142       0       0       1       0                               0D   3698
     144    2810       0       0       6                        00010000D   3699
     144       0    -347       1       0                               0D   3700
     128    2811       0       0       0                        01010000D   3701
     128       0       0       3       0                               0D   3702
     126    2814       0       0       0                        01010500D   3703
     126       0       0       2       0                               0D   3704
     126    2816       0       0       0                        01010500D   3705
     126       0       0       2       0                               0D   3706
     126    2818       0       0       0                        01010500D   3707
     126       0       0       2       0                               0D   3708
     110    2820       0       0       6                        01010000D   3709
     110       0       0       1       0                               0D   3710
     126    2821       0       0       0                        01010500D   3711
     126       0       0       2       0                               0D   3712
     110    2823       0       0       6                        01010000D   3713
     110       0       0       1       0                               0D   3714
     102    2824       0       0       0                        01010500D   3715
     102       0       0       1       0                               0D   3716
     102    2825       0       0       6                        01010000D   3717
     102       0       0       1       0                               0D   3718
     142    2826       0       0       0                        00010500D   3719
     142       0       0       1       0                               0D   3720
     144    2827       0       0       6                        00010000D   3721
     144       0    -347       1       0                               0D   3722
     128    2828       0       0       0                        01010000D   3723
     128       0       0       3       0                               0D   3724
     126    2831       0       0       0                        01010500D   3725
     126       0       0       2       0                               0D   3726
     110    2833       0       0       6                        01010000D   3727
     110       0       0       1       0                               0D   3728
     126    2834       0       0       0                        01010500D   3729
     126       0       0       2       0                               0D   3730
     110    2836       0       0       6                        01010000D   3731
     110       0       0       1       0                               0D   3732
     126    2837       0       0       0                        01010500D   3733
     126       0       0       2       0                               0D   3734
     110    2839       0       0       6                        01010000D   3735
     110       0       0       1       0                               0D   3736
     126    2840       0       0       0                        01010500D   3737
     126       0       0       2       0                               0D   3738
     102    2842       0       0       0                        01010500D   3739
     102       0       0       1       0                               0D   3740
     102    2843       0       0       6                        01010000D   3741
     102       0       0       1       0                               0D   3742
     142    2844       0       0       0                        00010500D   3743
     142       0       0       1       0                               0D   3744
     144    2845       0       0       6                        00010000D   3745
     144       0    -347       1       0                               0D   3746
     128    2846       0       0       0                        01010000D   3747
     128       0       0       3       0                               0D   3748
     126    2849       0       0       0                        01010500D   3749
     126       0       0       2       0                               0D   3750
     126    2851       0       0       0                        01010500D   3751
     126       0       0       2       0                               0D   3752
     110    2853       0       0       6                        01010000D   3753
     110       0       0       1       0                               0D   3754
     126    2854       0       0       0                        01010500D   3755
     126       0       0       2       0                               0D   3756
     110    2856       0       0       6                        01010000D   3757
     110       0       0       1       0                               0D   3758
     126    2857       0       0       0                        01010500D   3759
     126       0       0       2       0                               0D   3760
     102    2859       0       0       0                        01010500D   3761
     102       0       0       1       0                               0D   3762
     102    2860       0       0       6                        01010000D   3763
     102       0       0       1       0                               0D   3764
     142    2861       0       0       0                        00010500D   3765
     142       0       0       1       0                               0D   3766
     144    2862       0       0       6                        00010000D   3767
     144       0    -347       1       0                               0D   3768
     128    2863       0       0       0                        01010000D   3769
     128       0       0       3       0                               0D   3770
     126    2866       0       0       0                        01010500D   3771
     126       0       0       2       0                               0D   3772
     110    2868       0       0       6                        01010000D   3773
     110       0       0       1       0                               0D   3774
     126    2869       0       0       0                        01010500D   3775
     126       0       0       2       0                               0D   3776
     110    2871       0       0       6                        01010000D   3777
     110       0       0       1       0                               0D   3778
     126    2872       0       0       0                        01010500D   3779
     126       0       0       2       0                               0D   3780
     126    2874       0       0       0                        01010500D   3781
     126       0       0       2       0                               0D   3782
     102    2876       0       0       0                        01010500D   3783
     102       0       0       1       0                               0D   3784
     102    2877       0       0       6                        01010000D   3785
     102       0       0       1       0                               0D   3786
     142    2878       0       0       0                        00010500D   3787
     142       0       0       1       0                               0D   3788
     144    2879       0       0       6                        00010000D   3789
     144       0    -347       1       0                               0D   3790
     128    2880       0       0       0                        01010000D   3791
     128       0       0       3       0                               0D   3792
     126    2883       0       0       0                        01010500D   3793
     126       0       0       2       0                               0D   3794
     110    2885       0       0       6                        01010000D   3795
     110       0       0       1       0                               0D   3796
     126    2886       0       0       0                        01010500D   3797
     126       0       0       2       0                               0D   3798
     126    2888       0       0       0                        01010500D   3799
     126       0       0       2       0                               0D   3800
     126    2890       0       0       0                        01010500D   3801
     126       0       0       2       0                               0D   3802
     110    2892       0       0       6                        01010000D   3803
     110       0       0       1       0                               0D   3804
     102    2893       0       0       0                        01010500D   3805
     102       0       0       1       0                               0D   3806
     102    2894       0       0       6                        01010000D   3807
     102       0       0       1       0                               0D   3808
     142    2895       0       0       0                        00010500D   3809
     142       0       0       1       0                               0D   3810
     144    2896       0       0       6                        00010000D   3811
     144       0    -347       1       0                               0D   3812
     128    2897       0       0       0                        01010000D   3813
     128       0       0       3       0                               0D   3814
     126    2900       0       0       0                        01010500D   3815
     126       0       0       6       0                               0D   3816
     124    2906       0       0       0                        00000000D   3817
     124       0       0       3       0                               0D   3818
     100    2909       0       0       6            3817        01010000D   3819
     100       0       0       1       0                               0D   3820
     126    2910       0       0       0                        01010500D   3821
     126       0       0       2       0                               0D   3822
     110    2912       0       0       6                        01010000D   3823
     110       0       0       1       0                               0D   3824
     126    2913       0       0       0                        01010500D   3825
     126       0       0       2       0                               0D   3826
     126    2915       0       0       0                        01010500D   3827
     126       0       0       2       0                               0D   3828
     110    2917       0       0       6                        01010000D   3829
     110       0       0       1       0                               0D   3830
     126    2918       0       0       0                        01010500D   3831
     126       0       0       4       0                               0D   3832
     124    2922       0       0       0                        00000000D   3833
     124       0       0       4       0                               0D   3834
     100    2926       0       0       6            3833        01010000D   3835
     100       0       0       1       0                               0D   3836
     126    2927       0       0       0                        01010500D   3837
     126       0       0       2       0                               0D   3838
     110    2929       0       0       6                        01010000D   3839
     110       0       0       1       0                               0D   3840
     126    2930       0       0       0                        01010500D   3841
     126       0       0       6       0                               0D   3842
     124    2936       0       0       0                        00000000D   3843
     124       0       0       2       0                               0D   3844
     100    2938       0       0       6            3843        01010000D   3845
     100       0       0       1       0                               0D   3846
     126    2939       0       0       0                        01010500D   3847
     126       0       0       2       0                               0D   3848
     110    2941       0       0       6                        01010000D   3849
     110       0       0       1       0                               0D   3850
     126    2942       0       0       0                        01010500D   3851
     126       0       0       2       0                               0D   3852
     126    2944       0       0       0                        01010500D   3853
     126       0       0       2       0                               0D   3854
     110    2946       0       0       6                        01010000D   3855
     110       0       0       1       0                               0D   3856
     126    2947       0       0       0                        01010500D   3857
     126       0       0       4       0                               0D   3858
     124    2951       0       0       0                        00000000D   3859
     124       0       0       3       0                               0D   3860
     100    2954       0       0       6            3859        01010000D   3861
     100       0       0       1       0                               0D   3862
     126    2955       0       0       0                        01010500D   3863
     126       0       0       2       0                               0D   3864
     110    2957       0       0       6                        01010000D   3865
     110       0       0       1       0                               0D   3866
     102    2958       0       0       0                        01010500D   3867
     102       0       0       2       0                               0D   3868
     102    2960       0       0       6                        01010000D   3869
     102       0       0       2       0                               0D   3870
     142    2962       0       0       0                        00010500D   3871
     142       0       0       1       0                               0D   3872
     144    2963       0       0       6                        00010000D   3873
     144       0    -347       1       0                               0D   3874
     128    2964       0       0       0                        01010000D   3875
     128       0       0       3       0                               0D   3876
     126    2967       0       0       0                        01010500D   3877
     126       0       0       2       0                               0D   3878
     110    2969       0       0       6                        01010000D   3879
     110       0       0       1       0                               0D   3880
     126    2970       0       0       0                        01010500D   3881
     126       0       0       2       0                               0D   3882
     126    2972       0       0       0                        01010500D   3883
     126       0       0       2       0                               0D   3884
     126    2974       0       0       0                        01010500D   3885
     126       0       0       2       0                               0D   3886
     102    2976       0       0       0                        01010500D   3887
     102       0       0       1       0                               0D   3888
     102    2977       0       0       6                        01010000D   3889
     102       0       0       1       0                               0D   3890
     142    2978       0       0       0                        00010500D   3891
     142       0       0       1       0                               0D   3892
     144    2979       0       0       6                        00010000D   3893
     144       0    -347       1       0                               0D   3894
     128    2980       0       0       0                        01010000D   3895
     128       0       0       3       0                               0D   3896
     126    2983       0       0       0                        01010500D   3897
     126       0       0       2       0                               0D   3898
     110    2985       0       0       6                        01010000D   3899
     110       0       0       1       0                               0D   3900
     126    2986       0       0       0                        01010500D   3901
     126       0       0       2       0                               0D   3902
     110    2988       0       0       6                        01010000D   3903
     110       0       0       1       0                               0D   3904
     126    2989       0       0       0                        01010500D   3905
     126       0       0       2       0                               0D   3906
     126    2991       0       0       0                        01010500D   3907
     126       0       0       2       0                               0D   3908
     102    2993       0       0       0                        01010500D   3909
     102       0       0       1       0                               0D   3910
     102    2994       0       0       6                        01010000D   3911
     102       0       0       1       0                               0D   3912
     142    2995       0       0       0                        00010500D   3913
     142       0       0       1       0                               0D   3914
     144    2996       0       0       6                        00010000D   3915
     144       0    -347       1       0                               0D   3916
     128    2997       0       0       0                        01010000D   3917
     128       0       0       5       0                               0D   3918
     126    3002       0       0       0                        01010500D   3919
     126       0       0       2       0                               0D   3920
     126    3004       0       0       0                        01010500D   3921
     126       0       0       2       0                               0D   3922
     126    3006       0       0       0                        01010500D   3923
     126       0       0       2       0                               0D   3924
     110    3008       0       0       6                        01010000D   3925
     110       0       0       1       0                               0D   3926
     126    3009       0       0       0                        01010500D   3927
     126       0       0       2       0                               0D   3928
     124    3011       0       0       0                        00000000D   3929
     124       0       0       3       0                               0D   3930
     100    3014       0       0       6            3929        01010000D   3931
     100       0       0       1       0                               0D   3932
     102    3015       0       0       0                        01010500D   3933
     102       0       0       1       0                               0D   3934
     102    3016       0       0       6                        01010000D   3935
     102       0       0       1       0                               0D   3936
     142    3017       0       0       0                        00010500D   3937
     142       0       0       1       0                               0D   3938
     144    3018       0       0       6                        00010000D   3939
     144       0    -347       1       0                               0D   3940
     128    3019       0       0       0                        01010000D   3941
     128       0       0       3       0                               0D   3942
     126    3022       0       0       0                        01010500D   3943
     126       0       0       2       0                               0D   3944
     126    3024       0       0       0                        01010500D   3945
     126       0       0       2       0                               0D   3946
     126    3026       0       0       0                        01010500D   3947
     126       0       0       2       0                               0D   3948
     110    3028       0       0       6                        01010000D   3949
     110       0       0       1       0                               0D   3950
     126    3029       0       0       0                        01010500D   3951
     126       0       0       2       0                               0D   3952
     110    3031       0       0       6                        01010000D   3953
     110       0       0       1       0                               0D   3954
     102    3032       0       0       0                        01010500D   3955
     102       0       0       1       0                               0D   3956
     102    3033       0       0       6                        01010000D   3957
     102       0       0       1       0                               0D   3958
     142    3034       0       0       0                        00010500D   3959
     142       0       0       1       0                               0D   3960
     144    3035       0       0       6                        00010000D   3961
     144       0    -347       1       0                               0D   3962
     128    3036       0       0       0                        01010000D   3963
     128       0       0       5       0                               0D   3964
     126    3041       0       0       0                        01010500D   3965
     126       0       0       2       0                               0D   3966
     110    3043       0       0       6                        01010000D   3967
     110       0       0       1       0                               0D   3968
     126    3044       0       0       0                        01010500D   3969
     126       0       0       2       0                               0D   3970
     126    3046       0       0       0                        01010500D   3971
     126       0       0       2       0                               0D   3972
     126    3048       0       0       0                        01010500D   3973
     126       0       0       2       0                               0D   3974
     124    3050       0       0       0                        00000000D   3975
     124       0       0       2       0                               0D   3976
     100    3052       0       0       6            3975        01010000D   3977
     100       0       0       1       0                               0D   3978
     102    3053       0       0       0                        01010500D   3979
     102       0       0       1       0                               0D   3980
     102    3054       0       0       6                        01010000D   3981
     102       0       0       1       0                               0D   3982
     142    3055       0       0       0                        00010500D   3983
     142       0       0       1       0                               0D   3984
     144    3056       0       0       6                        00010000D   3985
     144       0    -347       1       0                               0D   3986
     128    3057       0       0       0                        01010000D   3987
     128       0       0       3       0                               0D   3988
     126    3060       0       0       0                        01010500D   3989
     126       0       0       2       0                               0D   3990
     126    3062       0       0       0                        01010500D   3991
     126       0       0       2       0                               0D   3992
     126    3064       0       0       0                        01010500D   3993
     126       0       0       2       0                               0D   3994
     126    3066       0       0       0                        01010500D   3995
     126       0       0       2       0                               0D   3996
     110    3068       0       0       6                        01010000D   3997
     110       0       0       1       0                               0D   3998
     102    3069       0       0       0                        01010500D   3999
     102       0       0       1       0                               0D   4000
     102    3070       0       0       6                        01010000D   4001
     102       0       0       1       0                               0D   4002
     142    3071       0       0       0                        00010500D   4003
     142       0       0       1       0                               0D   4004
     144    3072       0       0       6                        00010000D   4005
     144       0    -347       1       0                               0D   4006
     128    3073       0       0       0                        01010000D   4007
     128       0       0       3       0                               0D   4008
     126    3076       0       0       0                        01010500D   4009
     126       0       0       2       0                               0D   4010
     126    3078       0       0       0                        01010500D   4011
     126       0       0       2       0                               0D   4012
     126    3080       0       0       0                        01010500D   4013
     126       0       0       2       0                               0D   4014
     110    3082       0       0       6                        01010000D   4015
     110       0       0       1       0                               0D   4016
     126    3083       0       0       0                        01010500D   4017
     126       0       0       2       0                               0D   4018
     102    3085       0       0       0                        01010500D   4019
     102       0       0       1       0                               0D   4020
     102    3086       0       0       6                        01010000D   4021
     102       0       0       1       0                               0D   4022
     142    3087       0       0       0                        00010500D   4023
     142       0       0       1       0                               0D   4024
     144    3088       0       0       6                        00010000D   4025
     144       0    -347       1       0                               0D   4026
     128    3089       0       0       0                        01010000D   4027
     128       0       0       3       0                               0D   4028
     126    3092       0       0       0                        01010500D   4029
     126       0       0       2       0                               0D   4030
     110    3094       0       0       6                        01010000D   4031
     110       0       0       1       0                               0D   4032
     126    3095       0       0       0                        01010500D   4033
     126       0       0       2       0                               0D   4034
     110    3097       0       0       6                        01010000D   4035
     110       0       0       1       0                               0D   4036
     126    3098       0       0       0                        01010500D   4037
     126       0       0       2       0                               0D   4038
     126    3100       0       0       0                        01010500D   4039
     126       0       0       2       0                               0D   4040
     102    3102       0       0       0                        01010500D   4041
     102       0       0       1       0                               0D   4042
     102    3103       0       0       6                        01010000D   4043
     102       0       0       1       0                               0D   4044
     142    3104       0       0       0                        00010500D   4045
     142       0       0       1       0                               0D   4046
     144    3105       0       0       6                        00010000D   4047
     144       0    -347       1       0                               0D   4048
     128    3106       0       0       0                        01010000D   4049
     128       0       0       5       0                               0D   4050
     126    3111       0       0       0                        01010500D   4051
     126       0       0       2       0                               0D   4052
     110    3113       0       0       6                        01010000D   4053
     110       0       0       1       0                               0D   4054
     126    3114       0       0       0                        01010500D   4055
     126       0       0       2       0                               0D   4056
     124    3116       0       0       0                        00000000D   4057
     124       0       0       2       0                               0D   4058
     100    3118       0       0       6            4057        01010000D   4059
     100       0       0       1       0                               0D   4060
     126    3119       0       0       0                        01010500D   4061
     126       0       0       2       0                               0D   4062
     126    3121       0       0       0                        01010500D   4063
     126       0       0       2       0                               0D   4064
     102    3123       0       0       0                        01010500D   4065
     102       0       0       1       0                               0D   4066
     102    3124       0       0       6                        01010000D   4067
     102       0       0       1       0                               0D   4068
     142    3125       0       0       0                        00010500D   4069
     142       0       0       1       0                               0D   4070
     144    3126       0       0       6                        00010000D   4071
     144       0    -347       1       0                               0D   4072
     128    3127       0       0       0                        01010000D   4073
     128       0       0       3       0                               0D   4074
     126    3130       0       0       0                        01010500D   4075
     126       0       0       2       0                               0D   4076
     110    3132       0       0       6                        01010000D   4077
     110       0       0       1       0                               0D   4078
     126    3133       0       0       0                        01010500D   4079
     126       0       0       2       0                               0D   4080
     110    3135       0       0       6                        01010000D   4081
     110       0       0       1       0                               0D   4082
     126    3136       0       0       0                        01010500D   4083
     126       0       0       2       0                               0D   4084
     126    3138       0       0       0                        01010500D   4085
     126       0       0       2       0                               0D   4086
     102    3140       0       0       0                        01010500D   4087
     102       0       0       1       0                               0D   4088
     102    3141       0       0       6                        01010000D   4089
     102       0       0       1       0                               0D   4090
     142    3142       0       0       0                        00010500D   4091
     142       0       0       1       0                               0D   4092
     144    3143       0       0       6                        00010000D   4093
     144       0    -347       1       0                               0D   4094
     128    3144       0       0       0                        01010000D   4095
     128       0       0       6       0                               0D   4096
     126    3150       0       0       0                        01010500D   4097
     126       0       0       2       0                               0D   4098
     126    3152       0       0       0                        01010500D   4099
     126       0       0       2       0                               0D   4100
     124    3154       0       0       0                        00000000D   4101
     124       0       0       3       0                               0D   4102
     100    3157       0       0       6            4101        01010000D   4103
     100       0       0       1       0                               0D   4104
     126    3158       0       0       0                        01010500D   4105
     126       0       0       2       0                               0D   4106
     110    3160       0       0       6                        01010000D   4107
     110       0       0       1       0                               0D   4108
     126    3161       0       0       0                        01010500D   4109
     126       0       0       2       0                               0D   4110
     102    3163       0       0       0                        01010500D   4111
     102       0       0       1       0                               0D   4112
     102    3164       0       0       6                        01010000D   4113
     102       0       0       1       0                               0D   4114
     142    3165       0       0       0                        00010500D   4115
     142       0       0       1       0                               0D   4116
     144    3166       0       0       6                        00010000D   4117
     144       0    -347       1       0                               0D   4118
     128    3167       0       0       0                        01010000D   4119
     128       0       0       3       0                               0D   4120
     126    3170       0       0       0                        01010500D   4121
     126       0       0       2       0                               0D   4122
     126    3172       0       0       0                        01010500D   4123
     126       0       0       2       0                               0D   4124
     126    3174       0       0       0                        01010500D   4125
     126       0       0       2       0                               0D   4126
     126    3176       0       0       0                        01010500D   4127
     126       0       0       2       0                               0D   4128
     110    3178       0       0       6                        01010000D   4129
     110       0       0       1       0                               0D   4130
     102    3179       0       0       0                        01010500D   4131
     102       0       0       1       0                               0D   4132
     102    3180       0       0       6                        01010000D   4133
     102       0       0       1       0                               0D   4134
     142    3181       0       0       0                        00010500D   4135
     142       0       0       1       0                               0D   4136
     144    3182       0       0       6                        00010000D   4137
     144       0    -347       1       0                               0D   4138
     128    3183       0       0       0                        01010000D   4139
     128       0       0       3       0                               0D   4140
     126    3186       0       0       0                        01010500D   4141
     126       0       0       4       0                               0D   4142
     126    3190       0       0       0                        01010500D   4143
     126       0       0       2       0                               0D   4144
     126    3192       0       0       0                        01010500D   4145
     126       0       0       2       0                               0D   4146
     126    3194       0       0       0                        01010500D   4147
     126       0       0       2       0                               0D   4148
     126    3196       0       0       0                        01010500D   4149
     126       0       0       6       0                               0D   4150
     126    3202       0       0       0                        01010500D   4151
     126       0       0       2       0                               0D   4152
     126    3204       0       0       0                        01010500D   4153
     126       0       0       4       0                               0D   4154
     126    3208       0       0       0                        01010500D   4155
     126       0       0       2       0                               0D   4156
     126    3210       0       0       0                        01010500D   4157
     126       0       0       2       0                               0D   4158
     126    3212       0       0       0                        01010500D   4159
     126       0       0       2       0                               0D   4160
     126    3214       0       0       0                        01010500D   4161
     126       0       0       6       0                               0D   4162
     126    3220       0       0       0                        01010500D   4163
     126       0       0       2       0                               0D   4164
     102    3222       0       0       0                        01010500D   4165
     102       0       0       2       0                               0D   4166
     102    3224       0       0       6                        01010000D   4167
     102       0       0       2       0                               0D   4168
     142    3226       0       0       0                        00010500D   4169
     142       0       0       1       0                               0D   4170
     144    3227       0       0       6                        00010000D   4171
     144       0    -347       1       0                               0D   4172
     110    3228       0       0       6                        00010000D   4173
     110       0       0       1       0                               0D   4174
     110    3229       0       0       6                        00010000D   4175
     110       0       0       1       0                               0D   4176
     110    3230       0       0       6                        00010000D   4177
     110       0       0       1       0                               0D   4178
     110    3231       0       0       6                        00010000D   4179
     110       0       0       1       0                               0D   4180
     110    3232       0       0       6                        00010000D   4181
     110       0       0       1       0                               0D   4182
     110    3233       0       0       6                        00010000D   4183
     110       0       0       1       0                               0D   4184
     110    3234       0       0       6                        00010000D   4185
     110       0       0       1       0                               0D   4186
     110    3235       0       0       6                        00010000D   4187
     110       0       0       1       0                               0D   4188
     110    3236       0       0       6                        00010000D   4189
     110       0       0       1       0                               0D   4190
     110    3237       0       0       6                        00010000D   4191
     110       0       0       1       0                               0D   4192
     110    3238       0       0       6                        00010000D   4193
     110       0       0       1       0                               0D   4194
     110    3239       0       0       6                        00010000D   4195
     110       0       0       1       0                               0D   4196
     110    3240       0       0       6                        00010000D   4197
     110       0       0       1       0                               0D   4198
     110    3241       0       0       6                        00010000D   4199
     110       0       0       1       0                               0D   4200
     110    3242       0       0       6                        00010000D   4201
     110       0       0       1       0                               0D   4202
     110    3243       0       0       6                        00010000D   4203
     110       0       0       1       0                               0D   4204
     110    3244       0       0       6                        00010000D   4205
     110       0       0       1       0                               0D   4206
     110    3245       0       0       6                        00010000D   4207
     110       0       0       1       0                               0D   4208
     110    3246       0       0       6                        00010000D   4209
     110       0       0       1       0                               0D   4210
     110    3247       0       0       6                        00010000D   4211
     110       0       0       1       0                               0D   4212
     110    3248       0       0       6                        00010000D   4213
     110       0       0       1       0                               0D   4214
     110    3249       0       0       6                        00010000D   4215
     110       0       0       1       0                               0D   4216
     124    3250       0       0       0                        00000000D   4217
     124       0       0       3       0                               0D   4218
     100    3253       0       0       6            4217        00010000D   4219
     100       0       0       1       0                               0D   4220
     110    3254       0       0       6                        00010000D   4221
     110       0       0       1       0                               0D   4222
     110    3255       0       0       6                        00010000D   4223
     110       0       0       1       0                               0D   4224
     124    3256       0       0       0                        00000000D   4225
     124       0       0       4       0                               0D   4226
     100    3260       0       0       6            4225        00010000D   4227
     100       0       0       1       0                               0D   4228
     110    3261       0       0       6                        00010000D   4229
     110       0       0       1       0                               0D   4230
     124    3262       0       0       0                        00000000D   4231
     124       0       0       2       0                               0D   4232
     100    3264       0       0       6            4231        00010000D   4233
     100       0       0       1       0                               0D   4234
     110    3265       0       0       6                        00010000D   4235
     110       0       0       1       0                               0D   4236
     110    3266       0       0       6                        00010000D   4237
     110       0       0       1       0                               0D   4238
     124    3267       0       0       0                        00000000D   4239
     124       0       0       3       0                               0D   4240
     100    3270       0       0       6            4239        00010000D   4241
     100       0       0       1       0                               0D   4242
     110    3271       0       0       6                        00010000D   4243
     110       0       0       1       0                               0D   4244
     110    3272       0       0       6                        00010000D   4245
     110       0       0       1       0                               0D   4246
     110    3273       0       0       6                        00010000D   4247
     110       0       0       1       0                               0D   4248
     110    3274       0       0       6                        00010000D   4249
     110       0       0       1       0                               0D   4250
     110    3275       0       0       6                        00010000D   4251
     110       0       0       1       0                               0D   4252
     124    3276       0       0       0                        00000000D   4253
     124       0       0       3       0                               0D   4254
     100    3279       0       0       6            4253        00010000D   4255
     100       0       0       1       0                               0D   4256
     110    3280       0       0       6                        00010000D   4257
     110       0       0       1       0                               0D   4258
     110    3281       0       0       6                        00010000D   4259
     110       0       0       1       0                               0D   4260
     110    3282       0       0       6                        00010000D   4261
     110       0       0       1       0                               0D   4262
     124    3283       0       0       0                        00000000D   4263
     124       0       0       2       0                               0D   4264
     100    3285       0       0       6            4263        00010000D   4265
     100       0       0       1       0                               0D   4266
     110    3286       0       0       6                        00010000D   4267
     110       0       0       1       0                               0D   4268
     110    3287       0       0       6                        00010000D   4269
     110       0       0       1       0                               0D   4270
     110    3288       0       0       6                        00010000D   4271
     110       0       0       1       0                               0D   4272
     110    3289       0       0       6                        00010000D   4273
     110       0       0       1       0                               0D   4274
     110    3290       0       0       6                        00010000D   4275
     110       0       0       1       0                               0D   4276
     124    3291       0       0       0                        00000000D   4277
     124       0       0       2       0                               0D   4278
     100    3293       0       0       6            4277        00010000D   4279
     100       0       0       1       0                               0D   4280
     110    3294       0       0       6                        00010000D   4281
     110       0       0       1       0                               0D   4282
     110    3295       0       0       6                        00010000D   4283
     110       0       0       1       0                               0D   4284
     124    3296       0       0       0                        00000000D   4285
     124       0       0       3       0                               0D   4286
     100    3299       0       0       6            4285        00010000D   4287
     100       0       0       1       0                               0D   4288
     110    3300       0       0       6                        00010000D   4289
     110       0       0       1       0                               0D   4290
     110    3301       0       0       6                        00010000D   4291
     110       0       0       1       0                               0D   4292
     128    3302       0       0       0                        01010000D   4293
     128       0       0       2       0                               0D   4294
     126    3304       0       0       0                        01010500D   4295
     126       0       0       2       0                               0D   4296
     110    3306       0       0       7                        01010000D   4297
     110       0       0       1       0                               0D   4298
     126    3307       0       0       0                        01010500D   4299
     126       0       0       2       0                               0D   4300
     110    3309       0       0       7                        01010000D   4301
     110       0       0       1       0                               0D   4302
     126    3310       0       0       0                        01010500D   4303
     126       0       0       2       0                               0D   4304
     110    3312       0       0       7                        01010000D   4305
     110       0       0       1       0                               0D   4306
     126    3313       0       0       0                        01010500D   4307
     126       0       0       2       0                               0D   4308
     110    3315       0       0       7                        01010000D   4309
     110       0       0       1       0                               0D   4310
     102    3316       0       0       0                        01010500D   4311
     102       0       0       1       0                               0D   4312
     102    3317       0       0       7                        01010000D   4313
     102       0       0       1       0                               0D   4314
     142    3318       0       0       0                        00010500D   4315
     142       0       0       1       0                               0D   4316
     144    3319       0       0       7                        00010000D   4317
     144       0    -347       1       0                               0D   4318
     128    3320       0       0       0                        01010000D   4319
     128       0       0       2       0                               0D   4320
     126    3322       0       0       0                        01010500D   4321
     126       0       0       2       0                               0D   4322
     110    3324       0       0       7                        01010000D   4323
     110       0       0       1       0                               0D   4324
     126    3325       0       0       0                        01010500D   4325
     126       0       0       2       0                               0D   4326
     110    3327       0       0       7                        01010000D   4327
     110       0       0       1       0                               0D   4328
     126    3328       0       0       0                        01010500D   4329
     126       0       0       2       0                               0D   4330
     126    3330       0       0       0                        01010500D   4331
     126       0       0       2       0                               0D   4332
     110    3332       0       0       7                        01010000D   4333
     110       0       0       1       0                               0D   4334
     102    3333       0       0       0                        01010500D   4335
     102       0       0       1       0                               0D   4336
     102    3334       0       0       7                        01010000D   4337
     102       0       0       1       0                               0D   4338
     142    3335       0       0       0                        00010500D   4339
     142       0       0       1       0                               0D   4340
     144    3336       0       0       7                        00010000D   4341
     144       0    -347       1       0                               0D   4342
     128    3337       0       0       0                        01010000D   4343
     128       0       0       2       0                               0D   4344
     126    3339       0       0       0                        01010500D   4345
     126       0       0       2       0                               0D   4346
     110    3341       0       0       7                        01010000D   4347
     110       0       0       1       0                               0D   4348
     126    3342       0       0       0                        01010500D   4349
     126       0       0       2       0                               0D   4350
     110    3344       0       0       7                        01010000D   4351
     110       0       0       1       0                               0D   4352
     126    3345       0       0       0                        01010500D   4353
     126       0       0       2       0                               0D   4354
     126    3347       0       0       0                        01010500D   4355
     126       0       0       2       0                               0D   4356
     102    3349       0       0       0                        01010500D   4357
     102       0       0       1       0                               0D   4358
     102    3350       0       0       7                        01010000D   4359
     102       0       0       1       0                               0D   4360
     142    3351       0       0       0                        00010500D   4361
     142       0       0       1       0                               0D   4362
     144    3352       0       0       7                        00010000D   4363
     144       0    -347       1       0                               0D   4364
     128    3353       0       0       0                        01010000D   4365
     128       0       0       2       0                               0D   4366
     126    3355       0       0       0                        01010500D   4367
     126       0       0       2       0                               0D   4368
     110    3357       0       0       7                        01010000D   4369
     110       0       0       1       0                               0D   4370
     126    3358       0       0       0                        01010500D   4371
     126       0       0       2       0                               0D   4372
     110    3360       0       0       7                        01010000D   4373
     110       0       0       1       0                               0D   4374
     126    3361       0       0       0                        01010500D   4375
     126       0       0       2       0                               0D   4376
     126    3363       0       0       0                        01010500D   4377
     126       0       0       2       0                               0D   4378
     102    3365       0       0       0                        01010500D   4379
     102       0       0       1       0                               0D   4380
     102    3366       0       0       7                        01010000D   4381
     102       0       0       1       0                               0D   4382
     142    3367       0       0       0                        00010500D   4383
     142       0       0       1       0                               0D   4384
     144    3368       0       0       7                        00010000D   4385
     144       0    -347       1       0                               0D   4386
     128    3369       0       0       0                        01010000D   4387
     128       0       0       2       0                               0D   4388
     126    3371       0       0       0                        01010500D   4389
     126       0       0       2       0                               0D   4390
     110    3373       0       0       7                        01010000D   4391
     110       0       0       1       0                               0D   4392
     126    3374       0       0       0                        01010500D   4393
     126       0       0       2       0                               0D   4394
     126    3376       0       0       0                        01010500D   4395
     126       0       0       2       0                               0D   4396
     126    3378       0       0       0                        01010500D   4397
     126       0       0       2       0                               0D   4398
     102    3380       0       0       0                        01010500D   4399
     102       0       0       1       0                               0D   4400
     102    3381       0       0       7                        01010000D   4401
     102       0       0       1       0                               0D   4402
     142    3382       0       0       0                        00010500D   4403
     142       0       0       1       0                               0D   4404
     144    3383       0       0       7                        00010000D   4405
     144       0    -347       1       0                               0D   4406
     128    3384       0       0       0                        01010000D   4407
     128       0       0       2       0                               0D   4408
     126    3386       0       0       0                        01010500D   4409
     126       0       0       2       0                               0D   4410
     126    3388       0       0       0                        01010500D   4411
     126       0       0       2       0                               0D   4412
     126    3390       0       0       0                        01010500D   4413
     126       0       0       2       0                               0D   4414
     126    3392       0       0       0                        01010500D   4415
     126       0       0       2       0                               0D   4416
     102    3394       0       0       0                        01010500D   4417
     102       0       0       1       0                               0D   4418
     102    3395       0       0       7                        01010000D   4419
     102       0       0       1       0                               0D   4420
     142    3396       0       0       0                        00010500D   4421
     142       0       0       1       0                               0D   4422
     144    3397       0       0       7                        00010000D   4423
     144       0    -347       1       0                               0D   4424
     110    3398       0       0       7                        00010000D   4425
     110       0       0       1       0                               0D   4426
     110    3399       0       0       7                        00010000D   4427
     110       0       0       1       0                               0D   4428
     110    3400       0       0       7                        00010000D   4429
     110       0       0       1       0                               0D   4430
     110    3401       0       0       7                        00010000D   4431
     110       0       0       1       0                               0D   4432
     110    3402       0       0       7                        00010000D   4433
     110       0       0       1       0                               0D   4434
     110    3403       0       0       7                        00010000D   4435
     110       0       0       1       0                               0D   4436
     110    3404       0       0       7                        00010000D   4437
     110       0       0       1       0                               0D   4438
     110    3405       0       0       7                        00010000D   4439
     110       0       0       1       0                               0D   4440
     110    3406       0       0       7                        00010000D   4441
     110       0       0       1       0                               0D   4442
     110    3407       0       0       7                        00010000D   4443
     110       0       0       1       0                               0D   4444
     110    3408       0       0       7                        00010000D   4445
     110       0       0       1       0                               0D   4446
     110    3409       0       0       7                        00010000D   4447
     110       0       0       1       0                               0D   4448
     308    3410       0       0       3                        00010201D   4449
     308       0       0      77       0                               0D   4450
     124    3487       0       0       0                        00000000D   4451
     124       0       0       2       0                               0D   4452
     408    3489       0       0       8            4451        00000001D   4453
     408       0       0       1       0                               0D   4454
124,1.,0.,0.,0.,0.,1.,0.,0.,0.,0.,1.,0.;                               1P      1
110,4.,-6.5,0.,-4.,-6.5,0.;                                            3P      2
110,5.,-5.5,0.,5.,5.5,0.;                                              5P      3
110,4.,6.5,0.,-4.,6.5,0.;                                              7P      4
110,-5.,-5.5,0.,-5.,5.5,0.;                                            9P      5
110,5.,-6.5,0.,-5.,6.5,0.;                                            11P      6
110,5.,6.5,0.,-5.,-6.5,0.;                                            13P      7
100,0.,-4.,-5.5,-5.,-5.5,-4.,-6.5;                                    15P      8
100,0.,4.,-5.5,4.,-6.5,5.,-5.5;                                       17P      9
100,0.,4.,5.5,5.,5.5,4.,6.5;                                          19P     10
100,0.,-4.,5.5,-4.,6.5,-5.,5.5;                                       21P     11
116,0.,0.,0.,;                                                        23P     12
402,1,11,1,3,5,7,9,11,13,15,17,19,21,23;                              25P     13
314,75.2941176470588,75.2941176470588,75.2941176470588,;              27P     14
128,3,1,3,1,0,0,0,0,0,0.,0.,0.,0.,1.,1.,1.,1.,0.,0.,1.,1.,1.,         29P     15
0.804737854124363,0.804737854124363,1.,1.,0.804737854124363,          29P     16
0.804737854124363,1.,-4.,-6.5,1.65,-4.585786438,-6.5,1.65,-5.,        29P     17
-6.085786438,1.65,-5.,-5.5,1.65,-4.,-6.5,-0.15,-4.585786438,          29P     18
-6.5,-0.15,-5.,-6.085786438,-0.15,-5.,-5.5,-0.15,0.,1.,0.,1.;         29P     19
126,1,1,1,0,1,0,0.,0.,1.,1.,1.,1.,1.,0.916666667,0.,0.,               31P     20
0.916666667,0.,0.,1.,0.,0.,1.;                                        31P     21
100,0.,-4.,-5.5,-5.,-5.5,-4.,-6.5;                                    33P     22
126,1,1,1,0,1,0,0.,0.,1.,1.,1.,1.,0.,0.916666667,0.,0.,               35P     23
0.083333333,0.,0.,1.,0.,0.,1.;                                        35P     24
110,-4.,-6.5,0.,-4.,-6.5,1.5;                                         37P     25
126,1,1,1,0,1,0,0.,0.,1.,1.,1.,1.,0.,0.083333333,0.,1.,               39P     26
0.083333333,0.,0.,1.,0.,0.,1.;                                        39P     27
124,-1.38165554678571E-014,-1.,4.84540371554089E-029,                 41P     28
-9.50000000000006,-1.,1.38165554678571E-014,                          41P     29
6.98296267768627E-015,-9.49999999999994,-6.98296267768627E-015,       41P     30
4.80264540108192E-029,-1.,2.99999999999997;                           41P     31
100,1.5,-4.,-5.5,-3.,-5.5,-4.,-4.5;                                   43P     32
126,1,1,1,0,1,0,0.,0.,1.,1.,1.,1.,1.,0.083333333,0.,1.,               45P     33
0.916666667,0.,0.,1.,0.,0.,1.;                                        45P     34
110,-5.,-5.5,1.5,-5.,-5.5,0.;                                         47P     35
102,4,31,35,39,45;                                                    49P     36
102,4,33,37,43,47;                                                    51P     37
142,1,29,49,51,1;                                                     53P     38
144,29,1,0,53;                                                        55P     39
128,1,1,1,1,0,0,1,0,0,0.,0.,1.,1.,0.,0.,1.,1.,1.,1.,1.,1.,4.,         57P     40
-6.5,0.,-4.,-6.5,0.,4.,-6.5,1.5,-4.,-6.5,1.5,0.,1.,0.,1.;             57P     41
126,1,1,1,0,1,0,0.,0.,1.,1.,1.,1.,1.,0.,0.,1.,1.,0.,0.,1.,0.,         59P     42
0.,1.;                                                                59P     43
126,1,1,1,0,1,0,0.,0.,1.,1.,1.,1.,1.,1.,0.,0.,1.,0.,0.,1.,0.,         61P     44
0.,1.;                                                                61P     45
110,-4.,-6.5,1.5,4.,-6.5,1.5;                                         63P     46
126,1,1,1,0,1,0,0.,0.,1.,1.,1.,1.,0.,1.,0.,0.,0.,0.,0.,1.,0.,         65P     47
0.,1.;                                                                65P     48
110,4.,-6.5,1.5,4.,-6.5,0.;                                           67P     49
126,1,1,1,0,1,0,0.,0.,1.,1.,1.,1.,0.,0.,0.,1.,0.,0.,0.,1.,0.,         69P     50
0.,1.;                                                                69P     51
110,4.,-6.5,0.,-4.,-6.5,0.;                                           71P     52
102,4,59,61,65,69;                                                    73P     53
102,4,37,63,67,71;                                                    75P     54
142,1,57,73,75,1;                                                     77P     55
144,57,1,0,77;                                                        79P     56
128,3,1,3,1,0,0,0,0,0,0.,0.,0.,0.,1.,1.,1.,1.,0.,0.,1.,1.,1.,         81P     57
0.804737854124363,0.804737854124363,1.,1.,0.804737854124363,          81P     58
0.804737854124363,1.,5.,-5.5,1.65,5.,-6.085786438,1.65,               81P     59
4.585786438,-6.5,1.65,4.,-6.5,1.65,5.,-5.5,-0.15,5.,                  81P     60
-6.085786438,-0.15,4.585786438,-6.5,-0.15,4.,-6.5,-0.15,0.,1.,        81P     61
0.,1.;                                                                81P     62
126,1,1,1,0,1,0,0.,0.,1.,1.,1.,1.,1.,0.916666667,0.,0.,               83P     63
0.916666667,0.,0.,1.,0.,0.,1.;                                        83P     64
100,0.,4.,-5.5,4.,-6.5,5.,-5.5;                                       85P     65
126,1,1,1,0,1,0,0.,0.,1.,1.,1.,1.,0.,0.916666667,0.,0.,               87P     66
0.083333333,0.,0.,1.,0.,0.,1.;                                        87P     67
110,5.,-5.5,0.,5.,-5.5,1.5;                                           89P     68
126,1,1,1,0,1,0,0.,0.,1.,1.,1.,1.,0.,0.083333333,0.,1.,               91P     69
0.083333333,0.,0.,1.,0.,0.,1.;                                        91P     70
124,1.,-1.37553231278997E-014,-6.98296267768627E-015,                 93P     71
-6.53075360247069E-014,-1.37553231278997E-014,-1.,                    93P     72
4.84540371554089E-029,-10.9999999999999,-6.98296267768627E-015,       93P     73
4.75988708662295E-029,-1.,3.00000000000003;                           93P     74
100,1.5,4.,-5.5,5.,-5.5,4.,-4.5;                                      95P     75
126,1,1,1,0,1,0,0.,0.,1.,1.,1.,1.,1.,0.083333333,0.,1.,               97P     76
0.916666667,0.,0.,1.,0.,0.,1.;                                        97P     77
102,4,83,87,91,97;                                                    99P     78
102,4,85,89,95,67;                                                   101P     79
142,1,81,99,101,1;                                                   103P     80
144,81,1,0,103;                                                      105P     81
128,1,1,1,1,0,0,1,0,0,0.,0.,1.,1.,0.,0.,1.,1.,1.,1.,1.,1.,5.,        107P     82
-5.5,0.,5.,-5.5,1.5,5.,5.5,0.,5.,5.5,1.5,0.,1.,0.,1.;                107P     83
126,1,1,1,0,1,0,0.,0.,1.,1.,1.,1.,0.,0.,0.,1.,0.,0.,0.,1.,0.,        109P     84
0.,1.;                                                               109P     85
126,1,1,1,0,1,0,0.,0.,1.,1.,1.,1.,1.,0.,0.,1.,1.,0.,0.,1.,0.,        111P     86
0.,1.;                                                               111P     87
110,5.,-5.5,1.5,5.,5.5,1.5;                                          113P     88
126,1,1,1,0,1,0,0.,0.,1.,1.,1.,1.,1.,1.,0.,0.,1.,0.,0.,1.,0.,        115P     89
0.,1.;                                                               115P     90
110,5.,5.5,1.5,5.,5.5,0.;                                            117P     91
126,1,1,1,0,1,0,0.,0.,1.,1.,1.,1.,0.,1.,0.,0.,0.,0.,0.,1.,0.,        119P     92
0.,1.;                                                               119P     93
110,5.,5.5,0.,5.,-5.5,0.;                                            121P     94
102,4,109,111,115,119;                                               123P     95
102,4,89,113,117,121;                                                125P     96
142,1,107,123,125,1;                                                 127P     97
144,107,1,0,127;                                                     129P     98
128,3,1,3,1,0,0,0,0,0,0.,0.,0.,0.,1.,1.,1.,1.,0.,0.,1.,1.,1.,        131P     99
0.804737854124362,0.804737854124362,1.,1.,0.804737854124362,         131P    100
0.804737854124362,1.,4.,6.5,1.65,4.585786438,6.5,1.65,5.,            131P    101
6.085786438,1.65,5.,5.5,1.65,4.,6.5,-0.15,4.585786438,6.5,           131P    102
-0.15,5.,6.085786438,-0.15,5.,5.5,-0.15,0.,1.,0.,1.;                 131P    103
126,1,1,1,0,1,0,0.,0.,1.,1.,1.,1.,1.,0.916666667,0.,0.,              133P    104
0.916666667,0.,0.,1.,0.,0.,1.;                                       133P    105
100,0.,4.,5.5,5.,5.5,4.,6.5;                                         135P    106
126,1,1,1,0,1,0,0.,0.,1.,1.,1.,1.,0.,0.916666667,0.,0.,              137P    107
0.083333333,0.,0.,1.,0.,0.,1.;                                       137P    108
110,4.,6.5,0.,4.,6.5,1.5;                                            139P    109
126,1,1,1,0,1,0,0.,0.,1.,1.,1.,1.,0.,0.083333333,0.,1.,              141P    110
0.083333333,0.,0.,1.,0.,0.,1.;                                       141P    111
124,2.79049455031444E-014,1.,-4.84540371554089E-029,                 143P    112
-1.50000000000011,1.,-2.79049455031444E-014,                         143P    113
-6.98296267768627E-015,1.50000000000017,-6.98296267768627E-015,      143P    114
1.46405155815917E-028,-1.,3.00000000000003;                          143P    115
100,1.5,4.,5.5,5.,5.5,4.,6.5;                                        145P    116
126,1,1,1,0,1,0,0.,0.,1.,1.,1.,1.,1.,0.083333333,0.,1.,              147P    117
0.916666667,0.,0.,1.,0.,0.,1.;                                       147P    118
102,4,133,137,141,147;                                               149P    119
102,4,135,139,145,117;                                               151P    120
142,1,131,149,151,1;                                                 153P    121
144,131,1,0,153;                                                     155P    122
128,1,1,1,1,0,0,1,0,0,0.,0.,1.,1.,0.,0.,1.,1.,1.,1.,1.,1.,-4.,       157P    123
6.5,0.,4.,6.5,0.,-4.,6.5,1.5,4.,6.5,1.5,0.,1.,0.,1.;                 157P    124
126,1,1,1,0,1,0,0.,0.,1.,1.,1.,1.,1.,0.,0.,1.,1.,0.,0.,1.,0.,        159P    125
0.,1.;                                                               159P    126
126,1,1,1,0,1,0,0.,0.,1.,1.,1.,1.,1.,1.,0.,0.,1.,0.,0.,1.,0.,        161P    127
0.,1.;                                                               161P    128
110,4.,6.5,1.5,-4.,6.5,1.5;                                          163P    129
126,1,1,1,0,1,0,0.,0.,1.,1.,1.,1.,0.,1.,0.,0.,0.,0.,0.,1.,0.,        165P    130
0.,1.;                                                               165P    131
110,-4.,6.5,1.5,-4.,6.5,0.;                                          167P    132
126,1,1,1,0,1,0,0.,0.,1.,1.,1.,1.,0.,0.,0.,1.,0.,0.,0.,1.,0.,        169P    133
0.,1.;                                                               169P    134
110,-4.,6.5,0.,4.,6.5,0.;                                            171P    135
102,4,159,161,165,169;                                               173P    136
102,4,139,163,167,171;                                               175P    137
142,1,157,173,175,1;                                                 177P    138
144,157,1,0,177;                                                     179P    139
128,3,1,3,1,0,0,0,0,0,0.,0.,0.,0.,1.,1.,1.,1.,0.,0.,1.,1.,1.,        181P    140
0.804737854124362,0.804737854124362,1.,1.,0.804737854124362,         181P    141
0.804737854124362,1.,-5.,5.5,1.65,-5.,6.085786438,1.65,              181P    142
-4.585786438,6.5,1.65,-4.,6.5,1.65,-5.,5.5,-0.15,-5.,                181P    143
6.085786438,-0.15,-4.585786438,6.5,-0.15,-4.,6.5,-0.15,0.,1.,        181P    144
0.,1.;                                                               181P    145
126,1,1,1,0,1,0,0.,0.,1.,1.,1.,1.,1.,0.916666667,0.,0.,              183P    146
0.916666667,0.,0.,1.,0.,0.,1.;                                       183P    147
100,0.,-4.,5.5,-4.,6.5,-5.,5.5;                                      185P    148
126,1,1,1,0,1,0,0.,0.,1.,1.,1.,1.,0.,0.916666667,0.,0.,              187P    149
0.083333333,0.,0.,1.,0.,0.,1.;                                       187P    150
110,-5.,5.5,0.,-5.,5.5,1.5;                                          189P    151
126,1,1,1,0,1,0,0.,0.,1.,1.,1.,1.,0.,0.083333333,0.,1.,              191P    152
0.083333333,0.,0.,1.,0.,0.,1.;                                       191P    153
124,-1.,-6.77236045021345E-015,6.98296267768627E-015,                193P    154
-7.99999999999998,-6.77236045021345E-015,1.,                         193P    155
-4.84540371554089E-029,-2.72906697240667E-014,                       193P    156
-6.98296267768627E-015,-9.57451774190881E-029,-1.,                   193P    157
2.99999999999997;                                                    193P    158
100,1.5,-4.,5.5,-3.,5.5,-4.,6.5;                                     195P    159
126,1,1,1,0,1,0,0.,0.,1.,1.,1.,1.,1.,0.083333333,0.,1.,              197P    160
0.916666667,0.,0.,1.,0.,0.,1.;                                       197P    161
102,4,183,187,191,197;                                               199P    162
102,4,185,189,195,167;                                               201P    163
142,1,181,199,201,1;                                                 203P    164
144,181,1,0,203;                                                     205P    165
128,1,1,1,1,0,0,1,0,0,0.,0.,1.,1.,0.,0.,1.,1.,1.,1.,1.,1.,-5.,       207P    166
-5.5,1.5,-5.,-5.5,0.,-5.,5.5,1.5,-5.,5.5,0.,0.,1.,0.,1.;             207P    167
126,1,1,1,0,1,0,0.,0.,1.,1.,1.,1.,1.,1.,0.,0.,1.,0.,0.,1.,0.,        209P    168
0.,1.;                                                               209P    169
126,1,1,1,0,1,0,0.,0.,1.,1.,1.,1.,0.,1.,0.,0.,0.,0.,0.,1.,0.,        211P    170
0.,1.;                                                               211P    171
110,-5.,5.5,1.5,-5.,-5.5,1.5;                                        213P    172
126,1,1,1,0,1,0,0.,0.,1.,1.,1.,1.,0.,0.,0.,1.,0.,0.,0.,1.,0.,        215P    173
0.,1.;                                                               215P    174
126,1,1,1,0,1,0,0.,0.,1.,1.,1.,1.,1.,0.,0.,1.,1.,0.,0.,1.,0.,        217P    175
0.,1.;                                                               217P    176
110,-5.,-5.5,0.,-5.,5.5,0.;                                          219P    177
102,4,209,211,215,217;                                               221P    178
102,4,189,213,47,219;                                                223P    179
142,1,207,221,223,1;                                                 225P    180
144,207,1,0,225;                                                     227P    181
314,100.,100.,100.,;                                                 229P    182
128,1,1,1,1,0,0,1,0,0,0.,0.,1.,1.,0.,0.,1.,1.,1.,1.,1.,1.,5.,        231P    183
-6.5,1.5,-5.,-6.5,1.5,5.,6.5,1.5,-5.,6.5,1.5,0.,1.,0.,1.;            231P    184
126,1,1,1,0,1,0,0.,0.,1.,1.,1.,1.,1.,0.076923077,0.,1.,              233P    185
0.923076923,0.,0.,1.,0.,0.,1.;                                       233P    186
126,8,2,1,0,1,0,0.,0.,0.,0.25,0.25,0.5,0.5,0.75,0.75,1.,1.,1.,       235P    187
1.,1.,1.,1.,1.,1.,1.,1.,1.,1.,0.923076923,0.,1.,0.938377874,0.,      235P    188
0.992387953,0.95251411,0.,0.984775907,0.966650346,0.,                235P    189
0.970710678,0.977469752,0.,0.95664545,0.988289159,0.,                235P    190
0.938268343,0.994144579,0.,0.919891237,1.,0.,0.9,1.,0.,0.,1.,        235P    191
0.,0.,-1.;                                                           235P    192
126,1,1,1,0,1,0,0.,0.,1.,1.,1.,1.,0.9,1.,0.,0.1,1.,0.,0.,1.,0.,      237P    193
0.,1.;                                                               237P    194
126,8,2,1,0,1,0,0.,0.,0.,0.25,0.25,0.5,0.5,0.75,0.75,1.,1.,1.,       239P    195
1.,1.,1.,1.,1.,1.,1.,1.,1.,0.1,1.,0.,0.080108763,1.,0.,              239P    196
0.061731657,0.994144579,0.,0.04335455,0.988289159,0.,                239P    197
0.029289322,0.977469752,0.,0.015224093,0.966650346,0.,               239P    198
0.007612047,0.95251411,0.,0.,0.938377874,0.,0.,0.923076923,0.,       239P    199
0.,1.,0.,0.,-1.;                                                     239P    200
126,1,1,1,0,1,0,0.,0.,1.,1.,1.,1.,0.,0.923076923,0.,0.,              241P    201
0.076923077,0.,0.,1.,0.,0.,1.;                                       241P    202
126,8,2,1,0,1,0,0.,0.,0.,0.25,0.25,0.5,0.5,0.75,0.75,1.,1.,1.,       243P    203
1.,1.,1.,1.,1.,1.,1.,1.,1.,0.,0.076923077,0.,0.,0.061622126,0.,      243P    204
0.007612047,0.04748589,0.,0.015224093,0.033349654,0.,                243P    205
0.029289322,0.022530248,0.,0.04335455,0.011710841,0.,                243P    206
0.061731657,0.005855421,0.,0.080108763,0.,0.,0.1,0.,0.,0.,1.,        243P    207
0.,0.,-1.;                                                           243P    208
126,1,1,1,0,1,0,0.,0.,1.,1.,1.,1.,0.1,0.,0.,0.9,0.,0.,0.,1.,0.,      245P    209
0.,1.;                                                               245P    210
126,8,2,1,0,1,0,0.,0.,0.,0.25,0.25,0.5,0.5,0.75,0.75,1.,1.,1.,       247P    211
1.,1.,1.,1.,1.,1.,1.,1.,1.,0.9,0.,0.,0.919891237,0.,0.,              247P    212
0.938268343,0.005855421,0.,0.95664545,0.011710841,0.,                247P    213
0.970710678,0.022530248,0.,0.984775907,0.033349654,0.,               247P    214
0.992387953,0.04748589,0.,1.,0.061622126,0.,1.,0.076923077,0.,       247P    215
0.,1.,0.,0.,-1.;                                                     247P    216
102,8,233,235,237,239,241,243,245,247;                               249P    217
102,8,213,195,163,145,113,95,63,43;                                  251P    218
142,1,231,249,251,1;                                                 253P    219
144,231,1,0,253;                                                     255P    220
314,100.,100.,100.,;                                                 257P    221
128,1,1,1,1,0,0,1,0,0,0.,0.,1.,1.,0.,0.,1.,1.,1.,1.,1.,1.,5.,        259P    222
-6.5,0.,-5.,-6.5,0.,5.,6.5,0.,-5.,6.5,0.,0.,1.,0.,1.;                259P    223
126,8,2,1,0,1,0,0.,0.,0.,0.25,0.25,0.5,0.5,0.75,0.75,1.,1.,1.,       261P    224
1.,1.,1.,1.,1.,1.,1.,1.,1.,0.9,0.,0.,0.919891237,0.,0.,              261P    225
0.938268343,0.005855421,0.,0.95664545,0.011710841,0.,                261P    226
0.970710678,0.022530248,0.,0.984775907,0.033349654,0.,               261P    227
0.992387953,0.04748589,0.,1.,0.061622126,0.,1.,0.076923077,0.,       261P    228
0.,1.,0.,0.,-1.;                                                     261P    229
126,1,1,1,0,1,0,0.,0.,1.,1.,1.,1.,1.,0.076923077,0.,1.,              263P    230
0.923076923,0.,0.,1.,0.,0.,1.;                                       263P    231
126,8,2,1,0,1,0,0.,0.,0.,0.25,0.25,0.5,0.5,0.75,0.75,1.,1.,1.,       265P    232
1.,1.,1.,1.,1.,1.,1.,1.,1.,1.,0.923076923,0.,1.,0.938377874,0.,      265P    233
0.992387953,0.95251411,0.,0.984775907,0.966650346,0.,                265P    234
0.970710678,0.977469752,0.,0.95664545,0.988289159,0.,                265P    235
0.938268343,0.994144579,0.,0.919891237,1.,0.,0.9,1.,0.,0.,1.,        265P    236
0.,0.,-1.;                                                           265P    237
126,1,1,1,0,1,0,0.,0.,1.,1.,1.,1.,0.9,1.,0.,0.1,1.,0.,0.,1.,0.,      267P    238
0.,1.;                                                               267P    239
126,8,2,1,0,1,0,0.,0.,0.,0.25,0.25,0.5,0.5,0.75,0.75,1.,1.,1.,       269P    240
1.,1.,1.,1.,1.,1.,1.,1.,1.,0.1,1.,0.,0.080108763,1.,0.,              269P    241
0.061731657,0.994144579,0.,0.04335455,0.988289159,0.,                269P    242
0.029289322,0.977469752,0.,0.015224093,0.966650346,0.,               269P    243
0.007612047,0.95251411,0.,0.,0.938377874,0.,0.,0.923076923,0.,       269P    244
0.,1.,0.,0.,-1.;                                                     269P    245
126,1,1,1,0,1,0,0.,0.,1.,1.,1.,1.,0.,0.923076923,0.,0.,              271P    246
0.076923077,0.,0.,1.,0.,0.,1.;                                       271P    247
126,8,2,1,0,1,0,0.,0.,0.,0.25,0.25,0.5,0.5,0.75,0.75,1.,1.,1.,       273P    248
1.,1.,1.,1.,1.,1.,1.,1.,1.,0.,0.076923077,0.,0.,0.061622126,0.,      273P    249
0.007612047,0.04748589,0.,0.015224093,0.033349654,0.,                273P    250
0.029289322,0.022530248,0.,0.04335455,0.011710841,0.,                273P    251
0.061731657,0.005855421,0.,0.080108763,0.,0.,0.1,0.,0.,0.,1.,        273P    252
0.,0.,-1.;                                                           273P    253
126,1,1,1,0,1,0,0.,0.,1.,1.,1.,1.,0.1,0.,0.,0.9,0.,0.,0.,1.,0.,      275P    254
0.,1.;                                                               275P    255
102,8,261,263,265,267,269,271,273,275;                               277P    256
102,8,33,219,185,171,135,121,85,71;                                  279P    257
142,1,259,277,279,1;                                                 281P    258
144,259,1,0,281;                                                     283P    259
100,0.,-4.,-5.5,-5.,-5.5,-4.,-6.5;                                   285P    260
110,-4.,-6.5,0.,-4.,-6.5,1.5;                                        287P    261
124,-1.38165554678571E-014,-1.,4.84540371554089E-029,                289P    262
-9.50000000000006,-1.,1.38165554678571E-014,                         289P    263
6.98296267768627E-015,-9.49999999999994,-6.98296267768627E-015,      289P    264
4.80264540108192E-029,-1.,2.99999999999997;                          289P    265
100,1.5,-4.,-5.5,-3.,-5.5,-4.,-4.5;                                  291P    266
110,-5.,-5.5,1.5,-5.,-5.5,0.;                                        293P    267
110,-4.,-6.5,1.5,4.,-6.5,1.5;                                        295P    268
110,4.,-6.5,1.5,4.,-6.5,0.;                                          297P    269
110,4.,-6.5,0.,-4.,-6.5,0.;                                          299P    270
100,0.,4.,-5.5,4.,-6.5,5.,-5.5;                                      301P    271
110,5.,-5.5,0.,5.,-5.5,1.5;                                          303P    272
124,1.,-1.37553231278997E-014,-6.98296267768627E-015,                305P    273
-6.53075360247069E-014,-1.37553231278997E-014,-1.,                   305P    274
4.84540371554089E-029,-10.9999999999999,-6.98296267768627E-015,      305P    275
4.75988708662295E-029,-1.,3.00000000000003;                          305P    276
100,1.5,4.,-5.5,5.,-5.5,4.,-4.5;                                     307P    277
110,5.,-5.5,1.5,5.,5.5,1.5;                                          309P    278
110,5.,5.5,1.5,5.,5.5,0.;                                            311P    279
110,5.,5.5,0.,5.,-5.5,0.;                                            313P    280
100,0.,4.,5.5,5.,5.5,4.,6.5;                                         315P    281
110,4.,6.5,0.,4.,6.5,1.5;                                            317P    282
124,2.79049455031444E-014,1.,-4.84540371554089E-029,                 319P    283
-1.50000000000011,1.,-2.79049455031444E-014,                         319P    284
-6.98296267768627E-015,1.50000000000017,-6.98296267768627E-015,      319P    285
1.46405155815917E-028,-1.,3.00000000000003;                          319P    286
100,1.5,4.,5.5,5.,5.5,4.,6.5;                                        321P    287
110,4.,6.5,1.5,-4.,6.5,1.5;                                          323P    288
110,-4.,6.5,1.5,-4.,6.5,0.;                                          325P    289
110,-4.,6.5,0.,4.,6.5,0.;                                            327P    290
100,0.,-4.,5.5,-4.,6.5,-5.,5.5;                                      329P    291
110,-5.,5.5,0.,-5.,5.5,1.5;                                          331P    292
124,-1.,-6.77236045021345E-015,6.98296267768627E-015,                333P    293
-7.99999999999998,-6.77236045021345E-015,1.,                         333P    294
-4.84540371554089E-029,-2.72906697240667E-014,                       333P    295
-6.98296267768627E-015,-9.57451774190881E-029,-1.,                   333P    296
2.99999999999997;                                                    333P    297
100,1.5,-4.,5.5,-3.,5.5,-4.,6.5;                                     335P    298
110,-5.,5.5,1.5,-5.,-5.5,1.5;                                        337P    299
110,-5.,-5.5,0.,-5.,5.5,0.;                                          339P    300
308,0,27HJST-PH 2-Pin Breakout Board,69,25,33,37,43,47,51,55,        341P    301
63,67,71,75,79,85,89,95,101,105,113,117,121,125,129,135,139,         341P    302
145,151,155,163,167,171,175,179,185,189,195,201,205,213,219,         341P    303
223,227,251,255,279,283,285,287,291,293,295,297,299,301,303,         341P    304
307,309,311,313,315,317,321,323,325,327,329,331,335,337,339;         341P    305
124,1.,0.,0.,0.,0.,1.,0.,0.,0.,0.,1.,0.;                             343P    306
408,341,0.,0.,0.,1.;                                                 345P    307
314,94.9019607843137,79.6078431372549,48.6274509803922,;             347P    308
128,1,1,1,1,0,0,1,0,0,0.,0.,1.,1.,0.,0.,1.,1.,1.,1.,1.,1.,           349P    309
-3.55,0.,-3.3,-3.55,0.,0.,-3.55,2.,-3.3,-3.55,2.,0.,0.,1.,0.,        349P    310
1.;                                                                  349P    311
126,1,1,1,0,1,0,0.,0.,1.,1.,1.,1.,1.,0.,0.,1.,1.,0.,0.,1.,0.,        351P    312
0.,1.;                                                               351P    313
110,-3.55,0.,0.,-3.55,2.,0.;                                         353P    314
126,1,1,1,0,1,0,0.,0.,1.,1.,1.,1.,1.,1.,0.,0.,1.,0.,0.,1.,0.,        355P    315
0.,1.;                                                               355P    316
110,-3.55,2.,0.,-3.55,2.,-3.3;                                       357P    317
126,1,1,1,0,1,0,0.,0.,1.,1.,1.,1.,0.,1.,0.,0.,0.,0.,0.,1.,0.,        359P    318
0.,1.;                                                               359P    319
110,-3.55,2.,-3.3,-3.55,0.,-3.3;                                     361P    320
126,1,1,1,0,1,0,0.,0.,1.,1.,1.,1.,0.,0.,0.,1.,0.,0.,0.,1.,0.,        363P    321
0.,1.;                                                               363P    322
110,-3.55,0.,-3.3,-3.55,0.,0.;                                       365P    323
102,4,351,355,359,363;                                               367P    324
102,4,353,357,361,365;                                               369P    325
142,1,349,367,369,1;                                                 371P    326
144,349,1,0,371;                                                     373P    327
128,1,1,1,1,0,0,1,0,0,0.,0.,1.,1.,0.,0.,1.,1.,1.,1.,1.,1.,           375P    328
-3.55,2.,0.,-3.55,2.,-3.3,-3.05,2.,0.,-3.05,2.,-3.3,0.,1.,0.,        375P    329
1.;                                                                  375P    330
126,1,1,1,0,1,0,0.,0.,1.,1.,1.,1.,0.,0.,0.,1.,0.,0.,0.,1.,0.,        377P    331
0.,1.;                                                               377P    332
126,1,1,1,0,1,0,0.,0.,1.,1.,1.,1.,1.,0.,0.,1.,1.,0.,0.,1.,0.,        379P    333
0.,1.;                                                               379P    334
110,-3.55,2.,-3.3,-3.05,2.,-3.3;                                     381P    335
126,1,1,1,0,1,0,0.,0.,1.,1.,1.,1.,1.,1.,0.,0.,1.,0.,0.,1.,0.,        383P    336
0.,1.;                                                               383P    337
110,-3.05,2.,-3.3,-3.05,2.,0.;                                       385P    338
126,1,1,1,0,1,0,0.,0.,1.,1.,1.,1.,0.,1.,0.,0.,0.,0.,0.,1.,0.,        387P    339
0.,1.;                                                               387P    340
110,-3.05,2.,0.,-3.55,2.,0.;                                         389P    341
102,4,377,379,383,387;                                               391P    342
102,4,357,381,385,389;                                               393P    343
142,1,375,391,393,1;                                                 395P    344
144,375,1,0,395;                                                     397P    345
128,1,1,1,1,0,0,1,0,0,0.,0.,1.,1.,0.,0.,1.,1.,1.,1.,1.,1.,           399P    346
-3.05,0.,0.,-3.55,0.,0.,-3.05,2.,0.,-3.55,2.,0.,0.,1.,0.,1.;         399P    347
126,1,1,1,0,1,0,0.,0.,1.,1.,1.,1.,1.,0.,0.,1.,1.,0.,0.,1.,0.,        401P    348
0.,1.;                                                               401P    349
126,1,1,1,0,1,0,0.,0.,1.,1.,1.,1.,1.,1.,0.,0.,1.,0.,0.,1.,0.,        403P    350
0.,1.;                                                               403P    351
126,1,1,1,0,1,0,0.,0.,1.,1.,1.,1.,0.,1.,0.,0.,0.,0.,0.,1.,0.,        405P    352
0.,1.;                                                               405P    353
110,-3.05,2.,0.,-3.05,0.,0.;                                         407P    354
126,1,1,1,0,1,0,0.,0.,1.,1.,1.,1.,0.,0.,0.,1.,0.,0.,0.,1.,0.,        409P    355
0.,1.;                                                               409P    356
110,-3.05,0.,0.,-3.55,0.,0.;                                         411P    357
102,4,401,403,405,409;                                               413P    358
102,4,353,389,407,411;                                               415P    359
142,1,399,413,415,1;                                                 417P    360
144,399,1,0,417;                                                     419P    361
128,1,1,1,1,0,0,1,0,0,0.,0.,1.,1.,0.,0.,1.,1.,1.,1.,1.,1.,           421P    362
-3.55,0.,-3.3,-3.55,0.,0.,-3.05,0.,-3.3,-3.05,0.,0.,0.,1.,0.,        421P    363
1.;                                                                  421P    364
126,1,1,1,0,1,0,0.,0.,1.,1.,1.,1.,0.,0.,0.,1.,0.,0.,0.,1.,0.,        423P    365
0.,1.;                                                               423P    366
126,1,1,1,0,1,0,0.,0.,1.,1.,1.,1.,1.,0.,0.,1.,1.,0.,0.,1.,0.,        425P    367
0.,1.;                                                               425P    368
126,1,1,1,0,1,0,0.,0.,1.,1.,1.,1.,1.,1.,0.,0.,1.,0.,0.,1.,0.,        427P    369
0.,1.;                                                               427P    370
110,-3.05,0.,0.,-3.05,0.,-3.3;                                       429P    371
126,1,1,1,0,1,0,0.,0.,1.,1.,1.,1.,0.,1.,0.,0.,0.,0.,0.,1.,0.,        431P    372
0.,1.;                                                               431P    373
110,-3.05,0.,-3.3,-3.55,0.,-3.3;                                     433P    374
102,4,423,425,427,431;                                               435P    375
102,4,365,411,429,433;                                               437P    376
142,1,421,435,437,1;                                                 439P    377
144,421,1,0,439;                                                     441P    378
128,1,1,1,1,0,0,1,0,0,0.,0.,1.,1.,0.,0.,1.,1.,1.,1.,1.,1.,           443P    379
-3.55,0.,-3.3,-3.05,0.,-3.3,-3.55,2.,-3.3,-3.05,2.,-3.3,0.,1.,       443P    380
0.,1.;                                                               443P    381
126,1,1,1,0,1,0,0.,0.,1.,1.,1.,1.,0.,1.,0.,0.,0.,0.,0.,1.,0.,        445P    382
0.,1.;                                                               445P    383
126,1,1,1,0,1,0,0.,0.,1.,1.,1.,1.,0.,0.,0.,1.,0.,0.,0.,1.,0.,        447P    384
0.,1.;                                                               447P    385
126,1,1,1,0,1,0,0.,0.,1.,1.,1.,1.,1.,0.,0.,1.,1.,0.,0.,1.,0.,        449P    386
0.,1.;                                                               449P    387
110,-3.05,0.,-3.3,-3.05,2.,-3.3;                                     451P    388
126,1,1,1,0,1,0,0.,0.,1.,1.,1.,1.,1.,1.,0.,0.,1.,0.,0.,1.,0.,        453P    389
0.,1.;                                                               453P    390
102,4,445,447,449,453;                                               455P    391
102,4,361,433,451,381;                                               457P    392
142,1,443,455,457,1;                                                 459P    393
144,443,1,0,459;                                                     461P    394
128,1,1,1,1,0,0,1,0,0,0.,0.,1.,1.,0.,0.,1.,1.,1.,1.,1.,1.,           463P    395
-3.05,0.,0.,-3.05,0.,-3.3,-3.05,2.,0.,-3.05,2.,-3.3,0.,1.,0.,        463P    396
1.;                                                                  463P    397
126,1,1,1,0,1,0,0.,0.,1.,1.,1.,1.,0.,0.,0.,1.,0.,0.,0.,1.,0.,        465P    398
0.,1.;                                                               465P    399
126,1,1,1,0,1,0,0.,0.,1.,1.,1.,1.,1.,0.,0.,1.,1.,0.,0.,1.,0.,        467P    400
0.,1.;                                                               467P    401
126,1,1,1,0,1,0,0.,0.,1.,1.,1.,1.,1.,1.,0.,0.,1.,0.,0.,1.,0.,        469P    402
0.,1.;                                                               469P    403
126,1,1,1,0,1,0,0.,0.,1.,1.,1.,1.,0.,1.,0.,0.,0.,0.,0.,1.,0.,        471P    404
0.,1.;                                                               471P    405
102,4,465,467,469,471;                                               473P    406
102,4,429,451,385,407;                                               475P    407
142,1,463,473,475,1;                                                 477P    408
144,463,1,0,477;                                                     479P    409
110,-3.55,0.,0.,-3.55,2.,0.;                                         481P    410
110,-3.55,2.,0.,-3.55,2.,-3.3;                                       483P    411
110,-3.55,2.,-3.3,-3.55,0.,-3.3;                                     485P    412
110,-3.55,0.,-3.3,-3.55,0.,0.;                                       487P    413
110,-3.55,2.,-3.3,-3.05,2.,-3.3;                                     489P    414
110,-3.05,2.,-3.3,-3.05,2.,0.;                                       491P    415
110,-3.05,2.,0.,-3.55,2.,0.;                                         493P    416
110,-3.05,2.,0.,-3.05,0.,0.;                                         495P    417
110,-3.05,0.,0.,-3.55,0.,0.;                                         497P    418
110,-3.05,0.,0.,-3.05,0.,-3.3;                                       499P    419
110,-3.05,0.,-3.3,-3.55,0.,-3.3;                                     501P    420
110,-3.05,0.,-3.3,-3.05,2.,-3.3;                                     503P    421
128,1,1,1,1,0,0,1,0,0,0.,0.,1.,1.,0.,0.,1.,1.,1.,1.,1.,1.,1.25,      505P    422
-0.003,-8.5,1.15,-0.003,-8.6,1.25,0.503,-8.5,1.15,0.503,-8.6,        505P    423
0.,1.,0.,1.;                                                         505P    424
126,1,1,1,0,1,0,0.,0.,1.,1.,1.,1.,0.,0.994071146,0.,0.,              507P    425
0.005928854,0.,0.,1.,0.,0.,1.;                                       507P    426
110,1.25,0.5,-8.5,1.25,0.,-8.5;                                      509P    427
126,1,1,1,0,1,0,0.,0.,1.,1.,1.,1.,0.,0.005928854,0.,1.,              511P    428
0.203557312,0.,0.,1.,0.,0.,1.;                                       511P    429
110,1.25,0.,-8.5,1.15,0.1,-8.6;                                      513P    430
126,1,1,1,0,1,0,0.,0.,1.,1.,1.,1.,1.,0.203557312,0.,1.,              515P    431
0.796442688,0.,0.,1.,0.,0.,1.;                                       515P    432
110,1.15,0.1,-8.6,1.15,0.4,-8.6;                                     517P    433
126,1,1,1,0,1,0,0.,0.,1.,1.,1.,1.,1.,0.796442688,0.,0.,              519P    434
0.994071146,0.,0.,1.,0.,0.,1.;                                       519P    435
110,1.15,0.4,-8.6,1.25,0.5,-8.5;                                     521P    436
102,4,507,511,515,519;                                               523P    437
102,4,509,513,517,521;                                               525P    438
142,1,505,523,525,1;                                                 527P    439
144,505,1,0,527;                                                     529P    440
128,1,1,1,1,0,0,1,0,0,0.,0.,1.,1.,0.,0.,1.,1.,1.,1.,1.,1.,1.15,      531P    441
2.847,-0.4,1.25,2.847,-0.5,1.15,3.353,-0.4,1.25,3.353,-0.5,0.,       531P    442
1.,0.,1.;                                                            531P    443
126,1,1,1,0,1,0,0.,0.,1.,1.,1.,1.,0.,0.796442688,0.,0.,              533P    444
0.203557312,0.,0.,1.,0.,0.,1.;                                       533P    445
110,1.15,3.25,-0.4,1.15,2.95,-0.4;                                   535P    446
126,1,1,1,0,1,0,0.,0.,1.,1.,1.,1.,0.,0.203557312,0.,1.,              537P    447
0.005928854,0.,0.,1.,0.,0.,1.;                                       537P    448
110,1.15,2.95,-0.4,1.25,2.85,-0.5;                                   539P    449
126,1,1,1,0,1,0,0.,0.,1.,1.,1.,1.,1.,0.005928854,0.,1.,              541P    450
0.994071146,0.,0.,1.,0.,0.,1.;                                       541P    451
110,1.25,2.85,-0.5,1.25,3.35,-0.5;                                   543P    452
126,1,1,1,0,1,0,0.,0.,1.,1.,1.,1.,1.,0.994071146,0.,0.,              545P    453
0.796442688,0.,0.,1.,0.,0.,1.;                                       545P    454
110,1.25,3.35,-0.5,1.15,3.25,-0.4;                                   547P    455
102,4,533,537,541,545;                                               549P    456
102,4,535,539,543,547;                                               551P    457
142,1,531,549,551,1;                                                 553P    458
144,531,1,0,553;                                                     555P    459
128,1,1,1,1,0,0,1,0,0,0.,0.,1.,1.,0.,0.,1.,1.,1.,1.,1.,1.,0.85,      557P    460
0.1,-8.6,1.15,0.1,-8.6,0.85,0.4,-8.6,1.15,0.4,-8.6,0.,1.,0.,1.;      557P    461
126,1,1,1,0,1,0,0.,0.,1.,1.,1.,1.,1.,0.,0.,1.,1.,0.,0.,1.,0.,        559P    462
0.,1.;                                                               559P    463
126,1,1,1,0,1,0,0.,0.,1.,1.,1.,1.,1.,1.,0.,0.,1.,0.,0.,1.,0.,        561P    464
0.,1.;                                                               561P    465
110,1.15,0.4,-8.6,0.85,0.4,-8.6;                                     563P    466
126,1,1,1,0,1,0,0.,0.,1.,1.,1.,1.,0.,1.,0.,0.,0.,0.,0.,1.,0.,        565P    467
0.,1.;                                                               565P    468
110,0.85,0.4,-8.6,0.85,0.1,-8.6;                                     567P    469
126,1,1,1,0,1,0,0.,0.,1.,1.,1.,1.,0.,0.,0.,1.,0.,0.,0.,1.,0.,        569P    470
0.,1.;                                                               569P    471
110,0.85,0.1,-8.6,1.15,0.1,-8.6;                                     571P    472
102,4,559,561,565,569;                                               573P    473
102,4,517,563,567,571;                                               575P    474
142,1,557,573,575,1;                                                 577P    475
144,557,1,0,577;                                                     579P    476
128,1,1,1,1,0,0,1,0,0,0.,0.,1.,1.,0.,0.,1.,1.,1.,1.,1.,1.,           581P    477
0.747,0.,-8.5,0.747,0.1,-8.6,1.253,0.,-8.5,1.253,0.1,-8.6,0.,        581P    478
1.,0.,1.;                                                            581P    479
126,1,1,1,0,1,0,0.,0.,1.,1.,1.,1.,1.,0.203557312,0.,1.,              583P    480
0.796442688,0.,0.,1.,0.,0.,1.;                                       583P    481
126,1,1,1,0,1,0,0.,0.,1.,1.,1.,1.,1.,0.796442688,0.,0.,              585P    482
0.994071146,0.,0.,1.,0.,0.,1.;                                       585P    483
126,1,1,1,0,1,0,0.,0.,1.,1.,1.,1.,0.,0.994071146,0.,0.,              587P    484
0.005928854,0.,0.,1.,0.,0.,1.;                                       587P    485
110,1.25,0.,-8.5,0.75,0.,-8.5;                                       589P    486
126,1,1,1,0,1,0,0.,0.,1.,1.,1.,1.,0.,0.005928854,0.,1.,              591P    487
0.203557312,0.,0.,1.,0.,0.,1.;                                       591P    488
110,0.75,0.,-8.5,0.85,0.1,-8.6;                                      593P    489
102,4,583,585,587,591;                                               595P    490
102,4,571,513,589,593;                                               597P    491
142,1,581,595,597,1;                                                 599P    492
144,581,1,0,599;                                                     601P    493
128,1,1,1,1,0,0,1,0,0,0.,0.,1.,1.,0.,0.,1.,1.,1.,1.,1.,1.,           603P    494
0.747,2.95,-0.4,0.747,2.85,-0.5,1.253,2.95,-0.4,1.253,2.85,          603P    495
-0.5,0.,1.,0.,1.;                                                    603P    496
126,1,1,1,0,1,0,0.,0.,1.,1.,1.,1.,0.,0.796442688,0.,0.,              605P    497
0.203557312,0.,0.,1.,0.,0.,1.;                                       605P    498
110,1.15,2.95,-0.4,0.85,2.95,-0.4;                                   607P    499
126,1,1,1,0,1,0,0.,0.,1.,1.,1.,1.,0.,0.203557312,0.,1.,              609P    500
0.005928854,0.,0.,1.,0.,0.,1.;                                       609P    501
110,0.85,2.95,-0.4,0.75,2.85,-0.5;                                   611P    502
126,1,1,1,0,1,0,0.,0.,1.,1.,1.,1.,1.,0.005928854,0.,1.,              613P    503
0.994071146,0.,0.,1.,0.,0.,1.;                                       613P    504
110,0.75,2.85,-0.5,1.25,2.85,-0.5;                                   615P    505
126,1,1,1,0,1,0,0.,0.,1.,1.,1.,1.,1.,0.994071146,0.,0.,              617P    506
0.796442688,0.,0.,1.,0.,0.,1.;                                       617P    507
102,4,605,609,613,617;                                               619P    508
102,4,607,611,615,539;                                               621P    509
142,1,603,619,621,1;                                                 623P    510
144,603,1,0,623;                                                     625P    511
128,1,1,1,1,0,0,1,0,0,0.,0.,1.,1.,0.,0.,1.,1.,1.,1.,1.,1.,0.85,      627P    512
2.95,-0.4,1.15,2.95,-0.4,0.85,3.25,-0.4,1.15,3.25,-0.4,0.,1.,        627P    513
0.,1.;                                                               627P    514
126,1,1,1,0,1,0,0.,0.,1.,1.,1.,1.,1.,0.,0.,1.,1.,0.,0.,1.,0.,        629P    515
0.,1.;                                                               629P    516
126,1,1,1,0,1,0,0.,0.,1.,1.,1.,1.,1.,1.,0.,0.,1.,0.,0.,1.,0.,        631P    517
0.,1.;                                                               631P    518
110,1.15,3.25,-0.4,0.85,3.25,-0.4;                                   633P    519
126,1,1,1,0,1,0,0.,0.,1.,1.,1.,1.,0.,1.,0.,0.,0.,0.,0.,1.,0.,        635P    520
0.,1.;                                                               635P    521
110,0.85,3.25,-0.4,0.85,2.95,-0.4;                                   637P    522
126,1,1,1,0,1,0,0.,0.,1.,1.,1.,1.,0.,0.,0.,1.,0.,0.,0.,1.,0.,        639P    523
0.,1.;                                                               639P    524
102,4,629,631,635,639;                                               641P    525
102,4,535,633,637,607;                                               643P    526
142,1,627,641,643,1;                                                 645P    527
144,627,1,0,645;                                                     647P    528
128,1,1,1,1,0,0,1,0,0,0.,0.,1.,1.,0.,0.,1.,1.,1.,1.,1.,1.,           649P    529
0.747,3.35,-0.5,0.747,3.25,-0.4,1.253,3.35,-0.5,1.253,3.25,          649P    530
-0.4,0.,1.,0.,1.;                                                    649P    531
126,1,1,1,0,1,0,0.,0.,1.,1.,1.,1.,0.,0.994071146,0.,0.,              651P    532
0.005928854,0.,0.,1.,0.,0.,1.;                                       651P    533
110,1.25,3.35,-0.5,0.75,3.35,-0.5;                                   653P    534
126,1,1,1,0,1,0,0.,0.,1.,1.,1.,1.,0.,0.005928854,0.,1.,              655P    535
0.203557312,0.,0.,1.,0.,0.,1.;                                       655P    536
110,0.75,3.35,-0.5,0.85,3.25,-0.4;                                   657P    537
126,1,1,1,0,1,0,0.,0.,1.,1.,1.,1.,1.,0.203557312,0.,1.,              659P    538
0.796442688,0.,0.,1.,0.,0.,1.;                                       659P    539
126,1,1,1,0,1,0,0.,0.,1.,1.,1.,1.,1.,0.796442688,0.,0.,              661P    540
0.994071146,0.,0.,1.,0.,0.,1.;                                       661P    541
102,4,651,655,659,661;                                               663P    542
102,4,653,657,633,547;                                               665P    543
142,1,649,663,665,1;                                                 667P    544
144,649,1,0,667;                                                     669P    545
128,1,1,1,1,0,0,1,0,0,0.,0.,1.,1.,0.,0.,1.,1.,1.,1.,1.,1.,           671P    546
0.747,0.4,-8.6,0.747,0.5,-8.5,1.253,0.4,-8.6,1.253,0.5,-8.5,0.,      671P    547
1.,0.,1.;                                                            671P    548
126,1,1,1,0,1,0,0.,0.,1.,1.,1.,1.,1.,0.005928854,0.,1.,              673P    549
0.994071146,0.,0.,1.,0.,0.,1.;                                       673P    550
110,0.75,0.5,-8.5,1.25,0.5,-8.5;                                     675P    551
126,1,1,1,0,1,0,0.,0.,1.,1.,1.,1.,1.,0.994071146,0.,0.,              677P    552
0.796442688,0.,0.,1.,0.,0.,1.;                                       677P    553
126,1,1,1,0,1,0,0.,0.,1.,1.,1.,1.,0.,0.796442688,0.,0.,              679P    554
0.203557312,0.,0.,1.,0.,0.,1.;                                       679P    555
126,1,1,1,0,1,0,0.,0.,1.,1.,1.,1.,0.,0.203557312,0.,1.,              681P    556
0.005928854,0.,0.,1.,0.,0.,1.;                                       681P    557
110,0.85,0.4,-8.6,0.75,0.5,-8.5;                                     683P    558
102,4,673,677,679,681;                                               685P    559
102,4,675,521,563,683;                                               687P    560
142,1,671,685,687,1;                                                 689P    561
144,671,1,0,689;                                                     691P    562
128,1,1,1,1,0,0,1,0,0,0.,0.,1.,1.,0.,0.,1.,1.,1.,1.,1.,1.,1.25,      693P    563
0.,-0.5,1.25,0.,-8.5,1.25,3.35,-0.5,1.25,3.35,-8.5,0.,1.,0.,1.;      693P    564
126,8,2,1,0,1,0,0.,0.,0.,0.25,0.25,0.5,0.5,0.75,0.75,1.,1.,1.,       695P    565
1.,1.,1.,1.,1.,1.,1.,1.,1.,0.6875,0.223880597,0.,0.6875,             695P    566
0.179347977,0.,0.694636294,0.138205202,0.,0.701772588,               695P    567
0.097062426,0.,0.714958739,0.065573109,0.,0.728144891,               695P    568
0.034083791,0.,0.745373428,0.017041896,0.,0.762601966,0.,0.,         695P    569
0.78125,0.,0.,0.,1.,0.,0.,-1.;                                       695P    570
124,-6.12323399573677E-017,4.27583144589696E-031,1.,                 697P    571
7.99999999999999,-6.98296267768627E-015,-1.,0.,                      697P    572
1.50000000000001,1.,-6.98296267768627E-015,                          697P    573
6.12323399573677E-017,-7.99999999999998;                             697P    574
100,-6.75,1.25,0.75,2.,0.75,1.25,1.5;                                699P    575
126,1,1,1,0,1,0,0.,0.,1.,1.,1.,1.,0.78125,0.,0.,1.,0.,0.,0.,1.,      701P    576
0.,0.,1.;                                                            701P    577
110,1.25,0.,-6.75,1.25,0.,-8.5;                                      703P    578
126,1,1,1,0,1,0,0.,0.,1.,1.,1.,1.,1.,0.,0.,1.,0.149253731,0.,        705P    579
0.,1.,0.,0.,1.;                                                      705P    580
126,1,1,1,0,1,0,0.,0.,1.,1.,1.,1.,1.,0.149253731,0.,0.78125,         707P    581
0.149253731,0.,0.,1.,0.,0.,1.;                                       707P    582
110,1.25,0.5,-8.5,1.25,0.5,-6.75;                                    709P    583
126,4,2,1,0,1,0,0.,0.,0.,0.5,0.5,1.,1.,1.,1.,1.,1.,1.,1.,            711P    584
0.78125,0.149253731,0.,0.768305826,0.149253731,0.,0.759152913,       711P    585
0.171111434,0.,0.75,0.192969137,0.,0.75,0.223880597,0.,0.,1.,        711P    586
0.,0.,1.;                                                            711P    587
124,8.58915688636046E-031,6.12323399573677E-017,-1.,                 713P    588
-5.50000000000001,-1.,1.40271576953299E-014,0.,                      713P    589
1.99999999999998,1.40271576953299E-014,1.,                           713P    590
6.12323399573677E-017,-7.50000000000002;                             713P    591
100,-6.75,1.25,0.75,1.5,0.75,1.25,1.;                                715P    592
126,1,1,1,0,1,0,0.,0.,1.,1.,1.,1.,0.75,0.223880597,0.,0.75,          717P    593
0.776119403,0.,0.,1.,0.,0.,1.;                                       717P    594
110,1.25,0.75,-6.5,1.25,2.6,-6.5;                                    719P    595
126,8,2,1,0,1,0,0.,0.,0.,0.25,0.25,0.5,0.5,0.75,0.75,1.,1.,1.,       721P    596
1.,1.,1.,1.,1.,1.,1.,1.,1.,0.75,0.776119403,0.,0.75,                 721P    597
0.820652023,0.,0.742863706,0.861794798,0.,0.735727412,               721P    598
0.902937574,0.,0.722541261,0.934426891,0.,0.709355109,               721P    599
0.965916209,0.,0.692126572,0.982958104,0.,0.674898034,1.,0.,         721P    600
0.65625,1.,0.,0.,1.,0.,0.,-1.;                                       721P    601
124,6.12323399573677E-017,0.,1.,6.99999999999999,0.,1.,0.,0.,        723P    602
-1.,0.,6.12323399573677E-017,-4.50000000000001;                      723P    603
100,-5.75,1.25,2.6,2.,2.6,1.25,3.35;                                 725P    604
126,1,1,1,0,1,0,0.,0.,1.,1.,1.,1.,0.65625,1.,0.,0.,1.,0.,0.,1.,      727P    605
0.,0.,1.;                                                            727P    606
110,1.25,3.35,-5.75,1.25,3.35,-0.5;                                  729P    607
126,1,1,1,0,1,0,0.,0.,1.,1.,1.,1.,0.,1.,0.,0.,0.850746269,0.,        731P    608
0.,1.,0.,0.,1.;                                                      731P    609
126,1,1,1,0,1,0,0.,0.,1.,1.,1.,1.,0.,0.850746269,0.,0.65625,         733P    610
0.850746269,0.,0.,1.,0.,0.,1.;                                       733P    611
110,1.25,2.85,-0.5,1.25,2.85,-5.75;                                  735P    612
126,4,2,1,0,1,0,0.,0.,0.,0.5,0.5,1.,1.,1.,1.,1.,1.,1.,1.,            737P    613
0.65625,0.850746269,0.,0.669194174,0.850746269,0.,0.678347087,       737P    614
0.828888566,0.,0.6875,0.807030863,0.,0.6875,0.776119403,0.,0.,       737P    615
1.,0.,0.,1.;                                                         737P    616
124,3.74939945665464E-033,-6.12323399573677E-017,-1.,                739P    617
-4.50000000000001,1.,6.12323399573677E-017,0.,1.35000000000001,      739P    618
6.12323399573677E-017,-1.,6.12323399573677E-017,-3.15;               739P    619
100,-5.75,1.25,2.6,1.5,2.6,1.25,2.85;                                741P    620
126,1,1,1,0,1,0,0.,0.,1.,1.,1.,1.,0.6875,0.776119403,0.,0.6875,      743P    621
0.223880597,0.,0.,1.,0.,0.,1.;                                       743P    622
110,1.25,2.6,-6.,1.25,0.75,-6.;                                      745P    623
102,12,695,701,705,707,711,717,721,727,731,733,737,743;              747P    624
102,12,699,703,509,709,715,719,725,729,543,735,741,745;              749P    625
142,1,693,747,749,1;                                                 751P    626
144,693,1,0,751;                                                     753P    627
128,1,1,1,1,0,0,1,0,0,0.,0.,1.,1.,0.,0.,1.,1.,1.,1.,1.,1.,0.85,      755P    628
-0.003,-8.6,0.75,-0.003,-8.5,0.85,0.503,-8.6,0.75,0.503,-8.5,        755P    629
0.,1.,0.,1.;                                                         755P    630
126,1,1,1,0,1,0,0.,0.,1.,1.,1.,1.,1.,0.005928854,0.,1.,              757P    631
0.994071146,0.,0.,1.,0.,0.,1.;                                       757P    632
110,0.75,0.,-8.5,0.75,0.5,-8.5;                                      759P    633
126,1,1,1,0,1,0,0.,0.,1.,1.,1.,1.,1.,0.994071146,0.,0.,              761P    634
0.796442688,0.,0.,1.,0.,0.,1.;                                       761P    635
126,1,1,1,0,1,0,0.,0.,1.,1.,1.,1.,0.,0.796442688,0.,0.,              763P    636
0.203557312,0.,0.,1.,0.,0.,1.;                                       763P    637
126,1,1,1,0,1,0,0.,0.,1.,1.,1.,1.,0.,0.203557312,0.,1.,              765P    638
0.005928854,0.,0.,1.,0.,0.,1.;                                       765P    639
102,4,757,761,763,765;                                               767P    640
102,4,759,683,567,593;                                               769P    641
142,1,755,767,769,1;                                                 771P    642
144,755,1,0,771;                                                     773P    643
128,1,1,1,1,0,0,1,0,0,0.,0.,1.,1.,0.,0.,1.,1.,1.,1.,1.,1.,0.75,      775P    644
0.,-6.75,0.75,0.,-8.5,1.25,0.,-6.75,1.25,0.,-8.5,0.,1.,0.,1.;        775P    645
126,1,1,1,0,1,0,0.,0.,1.,1.,1.,1.,0.,1.,0.,0.,0.,0.,0.,1.,0.,        777P    646
0.,1.;                                                               777P    647
110,1.25,0.,-6.75,0.75,0.,-6.75;                                     779P    648
126,1,1,1,0,1,0,0.,0.,1.,1.,1.,1.,0.,0.,0.,1.,0.,0.,0.,1.,0.,        781P    649
0.,1.;                                                               781P    650
110,0.75,0.,-6.75,0.75,0.,-8.5;                                      783P    651
126,1,1,1,0,1,0,0.,0.,1.,1.,1.,1.,1.,0.,0.,1.,1.,0.,0.,1.,0.,        785P    652
0.,1.;                                                               785P    653
126,1,1,1,0,1,0,0.,0.,1.,1.,1.,1.,1.,1.,0.,0.,1.,0.,0.,1.,0.,        787P    654
0.,1.;                                                               787P    655
102,4,777,781,785,787;                                               789P    656
102,4,779,783,589,703;                                               791P    657
142,1,775,789,791,1;                                                 793P    658
144,775,1,0,793;                                                     795P    659
128,3,1,3,1,0,0,0,0,0,0.,0.,0.,0.,1.,1.,1.,1.,0.,0.,1.,1.,1.,        797P    660
0.804737854124365,0.804737854124365,1.,1.,0.804737854124365,         797P    661
0.804737854124365,1.,0.7,0.75,-6.,0.7,0.310660172,-6.,0.7,0.,        797P    662
-6.310660172,0.7,0.,-6.75,1.3,0.75,-6.,1.3,0.310660172,-6.,1.3,      797P    663
0.,-6.310660172,1.3,0.,-6.75,0.,1.,0.,1.;                            797P    664
126,1,1,1,0,1,0,0.,0.,1.,1.,1.,1.,1.,0.083333333,0.,1.,              799P    665
0.916666667,0.,0.,1.,0.,0.,1.;                                       799P    666
126,1,1,1,0,1,0,0.,0.,1.,1.,1.,1.,1.,0.916666667,0.,0.,              801P    667
0.916666667,0.,0.,1.,0.,0.,1.;                                       801P    668
126,1,1,1,0,1,0,0.,0.,1.,1.,1.,1.,0.,0.916666667,0.,0.,              803P    669
0.083333333,0.,0.,1.,0.,0.,1.;                                       803P    670
110,1.25,0.75,-6.,0.75,0.75,-6.;                                     805P    671
126,1,1,1,0,1,0,0.,0.,1.,1.,1.,1.,0.,0.083333333,0.,1.,              807P    672
0.083333333,0.,0.,1.,0.,0.,1.;                                       807P    673
124,-6.12323399573677E-017,4.27583144589696E-031,1.,7.5,             809P    674
-6.98296267768627E-015,-1.,0.,1.50000000000001,1.,                   809P    675
-6.98296267768627E-015,6.12323399573677E-017,-7.49999999999999;      809P    676
100,-6.75,0.75,0.75,1.5,0.75,0.75,1.5;                               811P    677
102,4,799,801,803,807;                                               813P    678
102,4,779,699,805,811;                                               815P    679
142,1,797,813,815,1;                                                 817P    680
144,797,1,0,817;                                                     819P    681
128,1,1,1,1,0,0,1,0,0,0.,0.,1.,1.,0.,0.,1.,1.,1.,1.,1.,1.,0.75,      821P    682
0.75,-6.,1.25,0.75,-6.,0.75,2.6,-6.,1.25,2.6,-6.,0.,1.,0.,1.;        821P    683
126,1,1,1,0,1,0,0.,0.,1.,1.,1.,1.,0.,0.,0.,1.,0.,0.,0.,1.,0.,        823P    684
0.,1.;                                                               823P    685
126,1,1,1,0,1,0,0.,0.,1.,1.,1.,1.,1.,0.,0.,1.,1.,0.,0.,1.,0.,        825P    686
0.,1.;                                                               825P    687
126,1,1,1,0,1,0,0.,0.,1.,1.,1.,1.,1.,1.,0.,0.,1.,0.,0.,1.,0.,        827P    688
0.,1.;                                                               827P    689
110,1.25,2.6,-6.,0.75,2.6,-6.;                                       829P    690
126,1,1,1,0,1,0,0.,0.,1.,1.,1.,1.,0.,1.,0.,0.,0.,0.,0.,1.,0.,        831P    691
0.,1.;                                                               831P    692
110,0.75,2.6,-6.,0.75,0.75,-6.;                                      833P    693
102,4,823,825,827,831;                                               835P    694
102,4,805,745,829,833;                                               837P    695
142,1,821,835,837,1;                                                 839P    696
144,821,1,0,839;                                                     841P    697
128,3,1,3,1,0,0,0,0,0,0.,0.,0.,0.,1.,1.,1.,1.,0.,0.,1.,1.,1.,        843P    698
0.804737854124365,0.804737854124365,1.,1.,0.804737854124365,         843P    699
0.804737854124365,1.,1.3,2.85,-5.75,1.3,2.85,-5.896446609,1.3,       843P    700
2.746446609,-6.,1.3,2.6,-6.,0.7,2.85,-5.75,0.7,2.85,                 843P    701
-5.896446609,0.7,2.746446609,-6.,0.7,2.6,-6.,0.,1.,0.,1.;            843P    702
126,1,1,1,0,1,0,0.,0.,1.,1.,1.,1.,0.,0.916666667,0.,0.,              845P    703
0.083333333,0.,0.,1.,0.,0.,1.;                                       845P    704
110,0.75,2.85,-5.75,1.25,2.85,-5.75;                                 847P    705
126,1,1,1,0,1,0,0.,0.,1.,1.,1.,1.,0.,0.083333333,0.,1.,              849P    706
0.083333333,0.,0.,1.,0.,0.,1.;                                       849P    707
126,1,1,1,0,1,0,0.,0.,1.,1.,1.,1.,1.,0.083333333,0.,1.,              851P    708
0.916666667,0.,0.,1.,0.,0.,1.;                                       851P    709
126,1,1,1,0,1,0,0.,0.,1.,1.,1.,1.,1.,0.916666667,0.,0.,              853P    710
0.916666667,0.,0.,1.,0.,0.,1.;                                       853P    711
124,6.12323399573677E-017,0.,1.,6.5,0.,1.,0.,0.,-1.,0.,              855P    712
6.12323399573677E-017,-5.;                                           855P    713
100,-5.75,0.75,2.6,1.,2.6,0.75,2.85;                                 857P    714
102,4,845,849,851,853;                                               859P    715
102,4,847,741,829,857;                                               861P    716
142,1,843,859,861,1;                                                 863P    717
144,843,1,0,863;                                                     865P    718
128,1,1,1,1,0,0,1,0,0,0.,0.,1.,1.,0.,0.,1.,1.,1.,1.,1.,1.,0.75,      867P    719
2.85,-0.5,0.75,2.85,-5.75,1.25,2.85,-0.5,1.25,2.85,-5.75,0.,1.,      867P    720
0.,1.;                                                               867P    721
126,1,1,1,0,1,0,0.,0.,1.,1.,1.,1.,1.,0.,0.,1.,1.,0.,0.,1.,0.,        869P    722
0.,1.;                                                               869P    723
126,1,1,1,0,1,0,0.,0.,1.,1.,1.,1.,1.,1.,0.,0.,1.,0.,0.,1.,0.,        871P    724
0.,1.;                                                               871P    725
126,1,1,1,0,1,0,0.,0.,1.,1.,1.,1.,0.,1.,0.,0.,0.,0.,0.,1.,0.,        873P    726
0.,1.;                                                               873P    727
126,1,1,1,0,1,0,0.,0.,1.,1.,1.,1.,0.,0.,0.,1.,0.,0.,0.,1.,0.,        875P    728
0.,1.;                                                               875P    729
110,0.75,2.85,-0.5,0.75,2.85,-5.75;                                  877P    730
102,4,869,871,873,875;                                               879P    731
102,4,847,735,615,877;                                               881P    732
142,1,867,879,881,1;                                                 883P    733
144,867,1,0,883;                                                     885P    734
128,1,1,1,1,0,0,1,0,0,0.,0.,1.,1.,0.,0.,1.,1.,1.,1.,1.,1.,0.75,      887P    735
2.847,-0.5,0.85,2.847,-0.4,0.75,3.353,-0.5,0.85,3.353,-0.4,0.,       887P    736
1.,0.,1.;                                                            887P    737
126,1,1,1,0,1,0,0.,0.,1.,1.,1.,1.,1.,0.203557312,0.,1.,              889P    738
0.796442688,0.,0.,1.,0.,0.,1.;                                       889P    739
126,1,1,1,0,1,0,0.,0.,1.,1.,1.,1.,1.,0.796442688,0.,0.,              891P    740
0.994071146,0.,0.,1.,0.,0.,1.;                                       891P    741
126,1,1,1,0,1,0,0.,0.,1.,1.,1.,1.,0.,0.994071146,0.,0.,              893P    742
0.005928854,0.,0.,1.,0.,0.,1.;                                       893P    743
110,0.75,3.35,-0.5,0.75,2.85,-0.5;                                   895P    744
126,1,1,1,0,1,0,0.,0.,1.,1.,1.,1.,0.,0.005928854,0.,1.,              897P    745
0.203557312,0.,0.,1.,0.,0.,1.;                                       897P    746
102,4,889,891,893,897;                                               899P    747
102,4,637,657,895,611;                                               901P    748
142,1,887,899,901,1;                                                 903P    749
144,887,1,0,903;                                                     905P    750
128,1,1,1,1,0,0,1,0,0,0.,0.,1.,1.,0.,0.,1.,1.,1.,1.,1.,1.,1.25,      907P    751
3.35,-5.75,0.75,3.35,-5.75,1.25,3.35,-0.5,0.75,3.35,-0.5,0.,1.,      907P    752
0.,1.;                                                               907P    753
126,1,1,1,0,1,0,0.,0.,1.,1.,1.,1.,0.,0.,0.,1.,0.,0.,0.,1.,0.,        909P    754
0.,1.;                                                               909P    755
110,1.25,3.35,-5.75,0.75,3.35,-5.75;                                 911P    756
126,1,1,1,0,1,0,0.,0.,1.,1.,1.,1.,1.,0.,0.,1.,1.,0.,0.,1.,0.,        913P    757
0.,1.;                                                               913P    758
110,0.75,3.35,-5.75,0.75,3.35,-0.5;                                  915P    759
126,1,1,1,0,1,0,0.,0.,1.,1.,1.,1.,1.,1.,0.,0.,1.,0.,0.,1.,0.,        917P    760
0.,1.;                                                               917P    761
126,1,1,1,0,1,0,0.,0.,1.,1.,1.,1.,0.,1.,0.,0.,0.,0.,0.,1.,0.,        919P    762
0.,1.;                                                               919P    763
102,4,909,913,917,919;                                               921P    764
102,4,911,915,653,729;                                               923P    765
142,1,907,921,923,1;                                                 925P    766
144,907,1,0,925;                                                     927P    767
128,3,1,3,1,0,0,0,0,0,0.,0.,0.,0.,1.,1.,1.,1.,0.,0.,1.,1.,1.,        929P    768
0.804737854124365,0.804737854124365,1.,1.,0.804737854124365,         929P    769
0.804737854124365,1.,1.3,3.35,-5.75,1.3,3.35,-6.189339828,1.3,       929P    770
3.039339828,-6.5,1.3,2.6,-6.5,0.7,3.35,-5.75,0.7,3.35,               929P    771
-6.189339828,0.7,3.039339828,-6.5,0.7,2.6,-6.5,0.,1.,0.,1.;          929P    772
126,1,1,1,0,1,0,0.,0.,1.,1.,1.,1.,1.,0.083333333,0.,1.,              931P    773
0.916666667,0.,0.,1.,0.,0.,1.;                                       931P    774
110,1.25,2.6,-6.5,0.75,2.6,-6.5;                                     933P    775
126,1,1,1,0,1,0,0.,0.,1.,1.,1.,1.,1.,0.916666667,0.,0.,              935P    776
0.916666667,0.,0.,1.,0.,0.,1.;                                       935P    777
124,6.12323399573677E-017,0.,1.,6.5,0.,1.,0.,0.,-1.,0.,              937P    778
6.12323399573677E-017,-5.;                                           937P    779
100,-5.75,0.75,2.6,1.5,2.6,0.75,3.35;                                939P    780
126,1,1,1,0,1,0,0.,0.,1.,1.,1.,1.,0.,0.916666667,0.,0.,              941P    781
0.083333333,0.,0.,1.,0.,0.,1.;                                       941P    782
126,1,1,1,0,1,0,0.,0.,1.,1.,1.,1.,0.,0.083333333,0.,1.,              943P    783
0.083333333,0.,0.,1.,0.,0.,1.;                                       943P    784
102,4,931,935,941,943;                                               945P    785
102,4,933,939,911,725;                                               947P    786
142,1,929,945,947,1;                                                 949P    787
144,929,1,0,949;                                                     951P    788
128,1,1,1,1,0,0,1,0,0,0.,0.,1.,1.,0.,0.,1.,1.,1.,1.,1.,1.,1.25,      953P    789
0.75,-6.5,0.75,0.75,-6.5,1.25,2.6,-6.5,0.75,2.6,-6.5,0.,1.,0.,       953P    790
1.;                                                                  953P    791
126,1,1,1,0,1,0,0.,0.,1.,1.,1.,1.,0.,0.,0.,1.,0.,0.,0.,1.,0.,        955P    792
0.,1.;                                                               955P    793
110,1.25,0.75,-6.5,0.75,0.75,-6.5;                                   957P    794
126,1,1,1,0,1,0,0.,0.,1.,1.,1.,1.,1.,0.,0.,1.,1.,0.,0.,1.,0.,        959P    795
0.,1.;                                                               959P    796
110,0.75,0.75,-6.5,0.75,2.6,-6.5;                                    961P    797
126,1,1,1,0,1,0,0.,0.,1.,1.,1.,1.,1.,1.,0.,0.,1.,0.,0.,1.,0.,        963P    798
0.,1.;                                                               963P    799
126,1,1,1,0,1,0,0.,0.,1.,1.,1.,1.,0.,1.,0.,0.,0.,0.,0.,1.,0.,        965P    800
0.,1.;                                                               965P    801
102,4,955,959,963,965;                                               967P    802
102,4,957,961,933,719;                                               969P    803
142,1,953,967,969,1;                                                 971P    804
144,953,1,0,971;                                                     973P    805
128,3,1,3,1,0,0,0,0,0,0.,0.,0.,0.,1.,1.,1.,1.,0.,0.,1.,1.,1.,        975P    806
0.804737854124365,0.804737854124365,1.,1.,0.804737854124365,         975P    807
0.804737854124365,1.,0.7,0.75,-6.5,0.7,0.603553391,-6.5,0.7,         975P    808
0.5,-6.603553391,0.7,0.5,-6.75,1.3,0.75,-6.5,1.3,0.603553391,        975P    809
-6.5,1.3,0.5,-6.603553391,1.3,0.5,-6.75,0.,1.,0.,1.;                 975P    810
126,1,1,1,0,1,0,0.,0.,1.,1.,1.,1.,0.,0.916666667,0.,0.,              977P    811
0.083333333,0.,0.,1.,0.,0.,1.;                                       977P    812
126,1,1,1,0,1,0,0.,0.,1.,1.,1.,1.,0.,0.083333333,0.,1.,              979P    813
0.083333333,0.,0.,1.,0.,0.,1.;                                       979P    814
124,-6.12323399573677E-017,4.27583144589696E-031,1.,7.5,             981P    815
-6.98296267768627E-015,-1.,0.,1.50000000000001,1.,                   981P    816
-6.98296267768627E-015,6.12323399573677E-017,-7.49999999999999;      981P    817
100,-6.75,0.75,0.75,1.,0.75,0.75,1.;                                 983P    818
126,1,1,1,0,1,0,0.,0.,1.,1.,1.,1.,1.,0.083333333,0.,1.,              985P    819
0.916666667,0.,0.,1.,0.,0.,1.;                                       985P    820
110,0.75,0.5,-6.75,1.25,0.5,-6.75;                                   987P    821
126,1,1,1,0,1,0,0.,0.,1.,1.,1.,1.,1.,0.916666667,0.,0.,              989P    822
0.916666667,0.,0.,1.,0.,0.,1.;                                       989P    823
102,4,977,979,985,989;                                               991P    824
102,4,957,983,987,715;                                               993P    825
142,1,975,991,993,1;                                                 995P    826
144,975,1,0,995;                                                     997P    827
128,1,1,1,1,0,0,1,0,0,0.,0.,1.,1.,0.,0.,1.,1.,1.,1.,1.,1.,1.25,      999P    828
0.5,-8.5,0.75,0.5,-8.5,1.25,0.5,-6.75,0.75,0.5,-6.75,0.,1.,0.,       999P    829
1.;                                                                  999P    830
126,1,1,1,0,1,0,0.,0.,1.,1.,1.,1.,1.,1.,0.,0.,1.,0.,0.,1.,0.,       1001P    831
0.,1.;                                                              1001P    832
126,1,1,1,0,1,0,0.,0.,1.,1.,1.,1.,0.,1.,0.,0.,0.,0.,0.,1.,0.,       1003P    833
0.,1.;                                                              1003P    834
126,1,1,1,0,1,0,0.,0.,1.,1.,1.,1.,0.,0.,0.,1.,0.,0.,0.,1.,0.,       1005P    835
0.,1.;                                                              1005P    836
126,1,1,1,0,1,0,0.,0.,1.,1.,1.,1.,1.,0.,0.,1.,1.,0.,0.,1.,0.,       1007P    837
0.,1.;                                                              1007P    838
110,0.75,0.5,-8.5,0.75,0.5,-6.75;                                   1009P    839
102,4,1001,1003,1005,1007;                                          1011P    840
102,4,987,709,675,1009;                                             1013P    841
142,1,999,1011,1013,1;                                              1015P    842
144,999,1,0,1015;                                                   1017P    843
128,1,1,1,1,0,0,1,0,0,0.,0.,1.,1.,0.,0.,1.,1.,1.,1.,1.,1.,0.75,     1019P    844
0.,-8.5,0.75,0.,-0.5,0.75,3.35,-8.5,0.75,3.35,-0.5,0.,1.,0.,1.;     1019P    845
126,4,2,1,0,1,0,0.,0.,0.,0.5,0.5,1.,1.,1.,1.,1.,1.,1.,1.,0.25,      1021P    846
0.223880597,0.,0.25,0.192969137,0.,0.240847087,0.171111434,0.,      1021P    847
0.231694174,0.149253731,0.,0.21875,0.149253731,0.,0.,1.,0.,0.,      1021P    848
1.;                                                                 1021P    849
126,1,1,1,0,1,0,0.,0.,1.,1.,1.,1.,0.21875,0.149253731,0.,0.,        1023P    850
0.149253731,0.,0.,1.,0.,0.,1.;                                      1023P    851
126,1,1,1,0,1,0,0.,0.,1.,1.,1.,1.,0.,0.149253731,0.,0.,0.,0.,       1025P    852
0.,1.,0.,0.,1.;                                                     1025P    853
126,1,1,1,0,1,0,0.,0.,1.,1.,1.,1.,0.,0.,0.,0.21875,0.,0.,0.,1.,     1027P    854
0.,0.,1.;                                                           1027P    855
126,8,2,1,0,1,0,0.,0.,0.,0.25,0.25,0.5,0.5,0.75,0.75,1.,1.,1.,      1029P    856
1.,1.,1.,1.,1.,1.,1.,1.,1.,0.21875,0.,0.,0.237398034,0.,0.,         1029P    857
0.254626572,0.017041896,0.,0.271855109,0.034083791,0.,              1029P    858
0.285041261,0.065573109,0.,0.298227412,0.097062426,0.,              1029P    859
0.305363706,0.138205202,0.,0.3125,0.179347977,0.,0.3125,            1029P    860
0.223880597,0.,0.,1.,0.,0.,-1.;                                     1029P    861
126,1,1,1,0,1,0,0.,0.,1.,1.,1.,1.,0.3125,0.223880597,0.,0.3125,     1031P    862
0.776119403,0.,0.,1.,0.,0.,1.;                                      1031P    863
126,4,2,1,0,1,0,0.,0.,0.,0.5,0.5,1.,1.,1.,1.,1.,1.,1.,1.,           1033P    864
0.3125,0.776119403,0.,0.3125,0.807030863,0.,0.321652913,            1033P    865
0.828888566,0.,0.330805826,0.850746269,0.,0.34375,0.850746269,      1033P    866
0.,0.,1.,0.,0.,1.;                                                  1033P    867
126,1,1,1,0,1,0,0.,0.,1.,1.,1.,1.,0.34375,0.850746269,0.,1.,        1035P    868
0.850746269,0.,0.,1.,0.,0.,1.;                                      1035P    869
126,1,1,1,0,1,0,0.,0.,1.,1.,1.,1.,1.,0.850746269,0.,1.,1.,0.,       1037P    870
0.,1.,0.,0.,1.;                                                     1037P    871
126,1,1,1,0,1,0,0.,0.,1.,1.,1.,1.,1.,1.,0.,0.34375,1.,0.,0.,1.,     1039P    872
0.,0.,1.;                                                           1039P    873
126,8,2,1,0,1,0,0.,0.,0.,0.25,0.25,0.5,0.5,0.75,0.75,1.,1.,1.,      1041P    874
1.,1.,1.,1.,1.,1.,1.,1.,1.,0.34375,1.,0.,0.325101966,1.,0.,         1041P    875
0.307873428,0.982958104,0.,0.290644891,0.965916209,0.,              1041P    876
0.277458739,0.934426891,0.,0.264272588,0.902937574,0.,              1041P    877
0.257136294,0.861794798,0.,0.25,0.820652023,0.,0.25,                1041P    878
0.776119403,0.,0.,1.,0.,0.,-1.;                                     1041P    879
126,1,1,1,0,1,0,0.,0.,1.,1.,1.,1.,0.25,0.776119403,0.,0.25,         1043P    880
0.223880597,0.,0.,1.,0.,0.,1.;                                      1043P    881
102,12,1021,1023,1025,1027,1029,1031,1033,1035,1037,1039,1041,      1045P    882
1043;                                                               1045P    883
102,12,983,1009,759,783,811,833,857,877,895,915,939,961;            1047P    884
142,1,1019,1045,1047,1;                                             1049P    885
144,1019,1,0,1049;                                                  1051P    886
110,1.25,0.5,-8.5,1.25,0.,-8.5;                                     1053P    887
110,1.25,0.,-8.5,1.15,0.1,-8.6;                                     1055P    888
110,1.15,0.1,-8.6,1.15,0.4,-8.6;                                    1057P    889
110,1.15,0.4,-8.6,1.25,0.5,-8.5;                                    1059P    890
110,1.15,3.25,-0.4,1.15,2.95,-0.4;                                  1061P    891
110,1.15,2.95,-0.4,1.25,2.85,-0.5;                                  1063P    892
110,1.25,2.85,-0.5,1.25,3.35,-0.5;                                  1065P    893
110,1.25,3.35,-0.5,1.15,3.25,-0.4;                                  1067P    894
110,1.15,0.4,-8.6,0.85,0.4,-8.6;                                    1069P    895
110,0.85,0.4,-8.6,0.85,0.1,-8.6;                                    1071P    896
110,0.85,0.1,-8.6,1.15,0.1,-8.6;                                    1073P    897
110,1.25,0.,-8.5,0.75,0.,-8.5;                                      1075P    898
110,0.75,0.,-8.5,0.85,0.1,-8.6;                                     1077P    899
110,1.15,2.95,-0.4,0.85,2.95,-0.4;                                  1079P    900
110,0.85,2.95,-0.4,0.75,2.85,-0.5;                                  1081P    901
110,0.75,2.85,-0.5,1.25,2.85,-0.5;                                  1083P    902
110,1.15,3.25,-0.4,0.85,3.25,-0.4;                                  1085P    903
110,0.85,3.25,-0.4,0.85,2.95,-0.4;                                  1087P    904
110,1.25,3.35,-0.5,0.75,3.35,-0.5;                                  1089P    905
110,0.75,3.35,-0.5,0.85,3.25,-0.4;                                  1091P    906
110,0.75,0.5,-8.5,1.25,0.5,-8.5;                                    1093P    907
110,0.85,0.4,-8.6,0.75,0.5,-8.5;                                    1095P    908
124,-6.12323399573677E-017,4.27583144589696E-031,1.,                1097P    909
7.99999999999999,-6.98296267768627E-015,-1.,0.,                     1097P    910
1.50000000000001,1.,-6.98296267768627E-015,                         1097P    911
6.12323399573677E-017,-7.99999999999998;                            1097P    912
100,-6.75,1.25,0.75,2.,0.75,1.25,1.5;                               1099P    913
110,1.25,0.,-6.75,1.25,0.,-8.5;                                     1101P    914
110,1.25,0.5,-8.5,1.25,0.5,-6.75;                                   1103P    915
124,8.58915688636046E-031,6.12323399573677E-017,-1.,                1105P    916
-5.50000000000001,-1.,1.40271576953299E-014,0.,                     1105P    917
1.99999999999998,1.40271576953299E-014,1.,                          1105P    918
6.12323399573677E-017,-7.50000000000002;                            1105P    919
100,-6.75,1.25,0.75,1.5,0.75,1.25,1.;                               1107P    920
110,1.25,0.75,-6.5,1.25,2.6,-6.5;                                   1109P    921
124,6.12323399573677E-017,0.,1.,6.99999999999999,0.,1.,0.,0.,       1111P    922
-1.,0.,6.12323399573677E-017,-4.50000000000001;                     1111P    923
100,-5.75,1.25,2.6,2.,2.6,1.25,3.35;                                1113P    924
110,1.25,3.35,-5.75,1.25,3.35,-0.5;                                 1115P    925
110,1.25,2.85,-0.5,1.25,2.85,-5.75;                                 1117P    926
124,3.74939945665464E-033,-6.12323399573677E-017,-1.,               1119P    927
-4.50000000000001,1.,6.12323399573677E-017,0.,1.35000000000001,     1119P    928
6.12323399573677E-017,-1.,6.12323399573677E-017,-3.15;              1119P    929
100,-5.75,1.25,2.6,1.5,2.6,1.25,2.85;                               1121P    930
110,1.25,2.6,-6.,1.25,0.75,-6.;                                     1123P    931
110,0.75,0.,-8.5,0.75,0.5,-8.5;                                     1125P    932
110,1.25,0.,-6.75,0.75,0.,-6.75;                                    1127P    933
110,0.75,0.,-6.75,0.75,0.,-8.5;                                     1129P    934
110,1.25,0.75,-6.,0.75,0.75,-6.;                                    1131P    935
124,-6.12323399573677E-017,4.27583144589696E-031,1.,7.5,            1133P    936
-6.98296267768627E-015,-1.,0.,1.50000000000001,1.,                  1133P    937
-6.98296267768627E-015,6.12323399573677E-017,-7.49999999999999;     1133P    938
100,-6.75,0.75,0.75,1.5,0.75,0.75,1.5;                              1135P    939
110,1.25,2.6,-6.,0.75,2.6,-6.;                                      1137P    940
110,0.75,2.6,-6.,0.75,0.75,-6.;                                     1139P    941
110,0.75,2.85,-5.75,1.25,2.85,-5.75;                                1141P    942
124,6.12323399573677E-017,0.,1.,6.5,0.,1.,0.,0.,-1.,0.,             1143P    943
6.12323399573677E-017,-5.;                                          1143P    944
100,-5.75,0.75,2.6,1.,2.6,0.75,2.85;                                1145P    945
110,0.75,2.85,-0.5,0.75,2.85,-5.75;                                 1147P    946
110,0.75,3.35,-0.5,0.75,2.85,-0.5;                                  1149P    947
110,1.25,3.35,-5.75,0.75,3.35,-5.75;                                1151P    948
110,0.75,3.35,-5.75,0.75,3.35,-0.5;                                 1153P    949
110,1.25,2.6,-6.5,0.75,2.6,-6.5;                                    1155P    950
124,6.12323399573677E-017,0.,1.,6.5,0.,1.,0.,0.,-1.,0.,             1157P    951
6.12323399573677E-017,-5.;                                          1157P    952
100,-5.75,0.75,2.6,1.5,2.6,0.75,3.35;                               1159P    953
110,1.25,0.75,-6.5,0.75,0.75,-6.5;                                  1161P    954
110,0.75,0.75,-6.5,0.75,2.6,-6.5;                                   1163P    955
124,-6.12323399573677E-017,4.27583144589696E-031,1.,7.5,            1165P    956
-6.98296267768627E-015,-1.,0.,1.50000000000001,1.,                  1165P    957
-6.98296267768627E-015,6.12323399573677E-017,-7.49999999999999;     1165P    958
100,-6.75,0.75,0.75,1.,0.75,0.75,1.;                                1167P    959
110,0.75,0.5,-6.75,1.25,0.5,-6.75;                                  1169P    960
110,0.75,0.5,-8.5,0.75,0.5,-6.75;                                   1171P    961
128,1,1,1,1,0,0,1,0,0,0.,0.,1.,1.,0.,0.,1.,1.,1.,1.,1.,1.,          1173P    962
-0.399999996,0.2,-6.,-0.399999996,4.8,-6.,0.400000005,0.2,-6.,      1173P    963
0.400000005,4.8,-6.,0.,1.,0.,1.;                                    1173P    964
126,1,1,1,0,1,0,0.,0.,1.,1.,1.,1.,0.,0.,0.,1.,0.,0.,0.,1.,0.,       1175P    965
0.,1.;                                                              1175P    966
110,-0.399999996,0.2,-6.,-0.399999996,4.8,-6.;                      1177P    967
126,1,1,1,0,1,0,0.,0.,1.,1.,1.,1.,1.,0.,0.,1.,1.,0.,0.,1.,0.,       1179P    968
0.,1.;                                                              1179P    969
110,-0.399999996,4.8,-6.,0.400000003,4.8,-6.;                       1181P    970
126,1,1,1,0,1,0,0.,0.,1.,1.,1.,1.,1.,1.,0.,0.,1.,0.,0.,1.,0.,       1183P    971
0.,1.;                                                              1183P    972
110,0.400000003,4.8,-6.,0.400000005,0.2,-6.;                        1185P    973
126,1,1,1,0,1,0,0.,0.,1.,1.,1.,1.,0.,1.,0.,0.,0.,0.,0.,1.,0.,       1187P    974
0.,1.;                                                              1187P    975
110,0.400000005,0.2,-6.,-0.399999996,0.2,-6.;                       1189P    976
102,4,1175,1179,1183,1187;                                          1191P    977
102,4,1177,1181,1185,1189;                                          1193P    978
142,1,1173,1191,1193,1;                                             1195P    979
144,1173,1,0,1195;                                                  1197P    980
128,1,1,1,1,0,0,1,0,0,0.,0.,1.,1.,0.,0.,1.,1.,1.,1.,1.,1.,          1199P    981
0.400000007,0.2,-6.,0.4,0.2,-5.799999844,0.400000007,4.8,-6.,       1199P    982
0.4,4.8,-5.799999844,0.,1.,0.,1.;                                   1199P    983
126,1,1,1,0,1,0,0.,0.,1.,1.,1.,1.,0.,0.,0.,1.,0.,0.,0.,1.,0.,       1201P    984
0.,1.;                                                              1201P    985
110,0.400000005,0.2,-6.,0.4,0.2,-5.799999844;                       1203P    986
126,1,1,1,0,1,0,0.,0.,1.,1.,1.,1.,1.,0.,0.,1.,1.,0.,0.,1.,0.,       1205P    987
0.,1.;                                                              1205P    988
110,0.4,0.2,-5.799999844,0.4,4.8,-5.799999844;                      1207P    989
126,1,1,1,0,1,0,0.,0.,1.,1.,1.,1.,1.,1.,0.,0.,1.,0.,0.,1.,0.,       1209P    990
0.,1.;                                                              1209P    991
110,0.4,4.8,-5.799999844,0.400000003,4.8,-6.;                       1211P    992
126,1,1,1,0,1,0,0.,0.,1.,1.,1.,1.,0.,1.,0.,0.,0.,0.,0.,1.,0.,       1213P    993
0.,1.;                                                              1213P    994
102,4,1201,1205,1209,1213;                                          1215P    995
102,4,1203,1207,1211,1185;                                          1217P    996
142,1,1199,1215,1217,1;                                             1219P    997
144,1199,1,0,1219;                                                  1221P    998
128,1,1,1,1,0,0,1,0,0,0.,0.,1.,1.,0.,0.,1.,1.,1.,1.,1.,1.,-0.4,     1223P    999
0.2,-5.799999844,-0.399999996,0.2,-6.,-0.4,4.8,-5.799999844,        1223P   1000
-0.399999996,4.8,-6.,0.,1.,0.,1.;                                   1223P   1001
126,1,1,1,0,1,0,0.,0.,1.,1.,1.,1.,0.,0.,0.,1.,0.,0.,0.,1.,0.,       1225P   1002
0.,1.;                                                              1225P   1003
110,-0.399999999,0.2,-5.799999844,-0.399999996,0.2,-6.;             1227P   1004
126,1,1,1,0,1,0,0.,0.,1.,1.,1.,1.,1.,0.,0.,1.,1.,0.,0.,1.,0.,       1229P   1005
0.,1.;                                                              1229P   1006
126,1,1,1,0,1,0,0.,0.,1.,1.,1.,1.,1.,1.,0.,0.,1.,0.,0.,1.,0.,       1231P   1007
0.,1.;                                                              1231P   1008
110,-0.399999996,4.8,-6.,-0.399999999,4.8,-5.799999844;             1233P   1009
126,1,1,1,0,1,0,0.,0.,1.,1.,1.,1.,0.,1.,0.,0.,0.,0.,0.,1.,0.,       1235P   1010
0.,1.;                                                              1235P   1011
110,-0.399999999,4.8,-5.799999844,-0.399999999,0.2,                 1237P   1012
-5.799999844;                                                       1237P   1013
102,4,1225,1229,1231,1235;                                          1239P   1014
102,4,1227,1177,1233,1237;                                          1241P   1015
142,1,1223,1239,1241,1;                                             1243P   1016
144,1223,1,0,1243;                                                  1245P   1017
128,1,1,1,1,0,0,1,0,0,0.,0.,1.,1.,0.,0.,1.,1.,1.,1.,1.,1.,          1247P   1018
-1.599999993,0.2,-6.,-1.6,0.2,-5.799999844,-1.599999993,3.8,        1247P   1019
-6.,-1.6,3.8,-5.799999844,0.,1.,0.,1.;                              1247P   1020
126,1,1,1,0,1,0,0.,0.,1.,1.,1.,1.,1.,1.,0.,0.,1.,0.,0.,1.,0.,       1249P   1021
0.,1.;                                                              1249P   1022
110,-1.6,3.8,-5.799999844,-1.599999999,3.8,-6.;                     1251P   1023
126,1,1,1,0,1,0,0.,0.,1.,1.,1.,1.,0.,1.,0.,0.,0.,0.,0.,1.,0.,       1253P   1024
0.,1.;                                                              1253P   1025
110,-1.599999999,3.8,-6.,-1.599999998,0.2,-6.;                      1255P   1026
126,1,1,1,0,1,0,0.,0.,1.,1.,1.,1.,0.,0.,0.,1.,0.,0.,0.,1.,0.,       1257P   1027
0.,1.;                                                              1257P   1028
110,-1.599999998,0.2,-6.,-1.6,0.2,-5.799999844;                     1259P   1029
126,1,1,1,0,1,0,0.,0.,1.,1.,1.,1.,1.,0.,0.,1.,1.,0.,0.,1.,0.,       1261P   1030
0.,1.;                                                              1261P   1031
110,-1.6,0.2,-5.799999844,-1.6,3.8,-5.799999844;                    1263P   1032
102,4,1249,1253,1257,1261;                                          1265P   1033
102,4,1251,1255,1259,1263;                                          1267P   1034
142,1,1247,1265,1267,1;                                             1269P   1035
144,1247,1,0,1269;                                                  1271P   1036
128,1,1,1,1,0,0,1,0,0,0.,0.,1.,1.,0.,0.,1.,1.,1.,1.,1.,1.,1.6,      1273P   1037
0.2,-5.799999844,1.600000004,0.2,-6.,1.6,3.8,-5.799999844,          1273P   1038
1.600000004,3.8,-6.,0.,1.,0.,1.;                                    1273P   1039
126,1,1,1,0,1,0,0.,0.,1.,1.,1.,1.,1.,1.,0.,0.,1.,0.,0.,1.,0.,       1275P   1040
0.,1.;                                                              1275P   1041
110,1.600000003,3.8,-6.,1.6,3.8,-5.799999844;                       1277P   1042
126,1,1,1,0,1,0,0.,0.,1.,1.,1.,1.,0.,1.,0.,0.,0.,0.,0.,1.,0.,       1279P   1043
0.,1.;                                                              1279P   1044
110,1.6,3.8,-5.799999844,1.600000001,0.2,-5.799999844;              1281P   1045
126,1,1,1,0,1,0,0.,0.,1.,1.,1.,1.,0.,0.,0.,1.,0.,0.,0.,1.,0.,       1283P   1046
0.,1.;                                                              1283P   1047
110,1.600000001,0.2,-5.799999844,1.600000004,0.2,-6.;               1285P   1048
126,1,1,1,0,1,0,0.,0.,1.,1.,1.,1.,1.,0.,0.,1.,1.,0.,0.,1.,0.,       1287P   1049
0.,1.;                                                              1287P   1050
110,1.600000004,0.2,-6.,1.600000003,3.8,-6.;                        1289P   1051
102,4,1275,1279,1283,1287;                                          1291P   1052
102,4,1277,1281,1285,1289;                                          1293P   1053
142,1,1273,1291,1293,1;                                             1295P   1054
144,1273,1,0,1295;                                                  1297P   1055
128,1,1,1,1,0,0,1,0,0,0.,0.,1.,1.,0.,0.,1.,1.,1.,1.,1.,1.,0.4,      1299P   1056
4.8,-5.799999844,0.4,0.2,-5.799999844,1.600000001,4.8,              1299P   1057
-5.799999844,1.600000001,0.2,-5.799999844,0.,1.,0.,1.;              1299P   1058
126,1,1,1,0,1,0,0.,0.,1.,1.,1.,1.,0.217391304,0.874999999,0.,       1301P   1059
0.,0.874999999,0.,0.,1.,0.,0.,1.;                                   1301P   1060
110,1.45,3.8,-5.799999844,1.45,4.8,-5.799999844;                    1303P   1061
126,1,1,1,0,1,0,0.,0.,1.,1.,1.,1.,0.,0.874999999,0.,0.,0.,0.,       1305P   1062
0.,1.,0.,0.,1.;                                                     1305P   1063
110,1.45,4.8,-5.799999844,0.4,4.8,-5.799999844;                     1307P   1064
126,1,1,1,0,1,0,0.,0.,1.,1.,1.,1.,0.,0.,0.,1.,0.,0.,0.,1.,0.,       1309P   1065
0.,1.;                                                              1309P   1066
126,1,1,1,0,1,0,0.,0.,1.,1.,1.,1.,1.,0.,0.,1.,1.,0.,0.,1.,0.,       1311P   1067
0.,1.;                                                              1311P   1068
110,0.4,0.2,-5.799999844,1.600000001,0.2,-5.799999844;              1313P   1069
126,1,1,1,0,1,0,0.,0.,1.,1.,1.,1.,1.,1.,0.,0.217391304,             1315P   1070
0.999999999,0.,0.,1.,0.,0.,1.;                                      1315P   1071
126,1,1,1,0,1,0,0.,0.,1.,1.,1.,1.,0.217391304,0.999999999,0.,       1317P   1072
0.217391304,0.874999999,0.,0.,1.,0.,0.,1.;                          1317P   1073
110,1.6,3.8,-5.799999844,1.45,3.8,-5.799999844;                     1319P   1074
102,6,1301,1305,1309,1311,1315,1317;                                1321P   1075
102,6,1303,1307,1207,1313,1281,1319;                                1323P   1076
142,1,1299,1321,1323,1;                                             1325P   1077
126,1,1,1,0,1,0,0.,0.,1.,1.,1.,1.,0.423913043,0.708333333,0.,       1327P   1078
0.423913043,0.291666666,0.,0.,1.,0.,0.,1.;                          1327P   1079
110,1.25,2.85,-5.799999844,0.75,2.85,-5.799999844;                  1329P   1080
126,1,1,1,0,1,0,0.,0.,1.,1.,1.,1.,0.423913043,0.291666666,0.,       1331P   1081
0.315217391,0.291666666,0.,0.,1.,0.,0.,1.;                          1331P   1082
110,0.75,2.85,-5.799999844,0.75,3.35,-5.799999844;                  1333P   1083
126,1,1,1,0,1,0,0.,0.,1.,1.,1.,1.,0.315217391,0.291666666,0.,       1335P   1084
0.315217391,0.708333333,0.,0.,1.,0.,0.,1.;                          1335P   1085
110,0.75,3.35,-5.799999844,1.25,3.35,-5.799999844;                  1337P   1086
126,1,1,1,0,1,0,0.,0.,1.,1.,1.,1.,0.315217391,0.708333333,0.,       1339P   1087
0.423913043,0.708333333,0.,0.,1.,0.,0.,1.;                          1339P   1088
110,1.25,3.35,-5.799999844,1.25,2.85,-5.799999844;                  1341P   1089
102,4,1327,1331,1335,1339;                                          1343P   1090
102,4,1329,1333,1337,1341;                                          1345P   1091
142,1,1299,1343,1345,1;                                             1347P   1092
144,1299,1,1,1325,1347;                                             1349P   1093
128,1,1,1,1,0,0,1,0,0,0.,0.,1.,1.,0.,0.,1.,1.,1.,1.,1.,1.,-1.6,     1351P   1094
4.8,-5.799999844,-1.6,0.2,-5.799999844,-0.399999999,4.8,            1351P   1095
-5.799999844,-0.399999999,0.2,-5.799999844,0.,1.,0.,1.;             1351P   1096
126,1,1,1,0,1,0,0.,0.,1.,1.,1.,1.,0.,0.125,0.,0.217391304,          1353P   1097
0.125,0.,0.,1.,0.,0.,1.;                                            1353P   1098
110,-1.45,4.8,-5.799999844,-1.45,3.8,-5.799999844;                  1355P   1099
126,1,1,1,0,1,0,0.,0.,1.,1.,1.,1.,0.217391304,0.125,0.,             1357P   1100
0.217391304,0.,0.,0.,1.,0.,0.,1.;                                   1357P   1101
110,-1.45,3.8,-5.799999844,-1.6,3.8,-5.799999844;                   1359P   1102
126,1,1,1,0,1,0,0.,0.,1.,1.,1.,1.,0.217391304,0.,0.,1.,0.,0.,       1361P   1103
0.,1.,0.,0.,1.;                                                     1361P   1104
126,1,1,1,0,1,0,0.,0.,1.,1.,1.,1.,1.,0.,0.,1.,1.,0.,0.,1.,0.,       1363P   1105
0.,1.;                                                              1363P   1106
110,-1.6,0.2,-5.799999844,-0.399999999,0.2,-5.799999844;            1365P   1107
126,1,1,1,0,1,0,0.,0.,1.,1.,1.,1.,1.,1.,0.,0.,1.,0.,0.,1.,0.,       1367P   1108
0.,1.;                                                              1367P   1109
126,1,1,1,0,1,0,0.,0.,1.,1.,1.,1.,0.,1.,0.,0.,0.125,0.,0.,1.,       1369P   1110
0.,0.,1.;                                                           1369P   1111
110,-0.399999999,4.8,-5.799999844,-1.45,4.8,-5.799999844;           1371P   1112
102,6,1353,1357,1361,1363,1367,1369;                                1373P   1113
102,6,1355,1359,1263,1365,1237,1371;                                1375P   1114
142,1,1351,1373,1375,1;                                             1377P   1115
126,1,1,1,0,1,0,0.,0.,1.,1.,1.,1.,0.423913043,0.708333333,0.,       1379P   1116
0.423913043,0.291666666,0.,0.,1.,0.,0.,1.;                          1379P   1117
110,-0.75,2.85,-5.799999844,-1.25,2.85,-5.799999844;                1381P   1118
126,1,1,1,0,1,0,0.,0.,1.,1.,1.,1.,0.423913043,0.291666666,0.,       1383P   1119
0.315217391,0.291666666,0.,0.,1.,0.,0.,1.;                          1383P   1120
110,-1.25,2.85,-5.799999844,-1.25,3.35,-5.799999844;                1385P   1121
126,1,1,1,0,1,0,0.,0.,1.,1.,1.,1.,0.315217391,0.291666666,0.,       1387P   1122
0.315217391,0.708333333,0.,0.,1.,0.,0.,1.;                          1387P   1123
110,-1.25,3.35,-5.799999844,-0.75,3.35,-5.799999844;                1389P   1124
126,1,1,1,0,1,0,0.,0.,1.,1.,1.,1.,0.315217391,0.708333333,0.,       1391P   1125
0.423913043,0.708333333,0.,0.,1.,0.,0.,1.;                          1391P   1126
110,-0.75,3.35,-5.799999844,-0.75,2.85,-5.799999844;                1393P   1127
102,4,1379,1383,1387,1391;                                          1395P   1128
102,4,1381,1385,1389,1393;                                          1397P   1129
142,1,1351,1395,1397,1;                                             1399P   1130
144,1351,1,1,1377,1399;                                             1401P   1131
128,1,1,1,1,0,0,1,0,0,0.,0.,1.,1.,0.,0.,1.,1.,1.,1.,1.,1.,          1403P   1132
-3.95,0.,-6.,-3.95,4.8,-6.,-1.599999998,0.,-6.,-1.599999998,        1403P   1133
4.8,-6.,0.,1.,0.,1.;                                                1403P   1134
126,1,1,1,0,1,0,0.,0.,1.,1.,1.,1.,1.,0.,0.,1.,0.638297872,0.,       1405P   1135
0.,1.,0.,0.,1.;                                                     1405P   1136
110,-3.95,4.8,-6.,-2.45,4.8,-6.;                                    1407P   1137
126,1,1,1,0,1,0,0.,0.,1.,1.,1.,1.,1.,0.638297872,0.,                1409P   1138
0.791666667,0.638297872,0.,0.,1.,0.,0.,1.;                          1409P   1139
110,-2.45,4.8,-6.,-2.45,3.8,-6.;                                    1411P   1140
126,1,1,1,0,1,0,0.,0.,1.,1.,1.,1.,0.791666667,0.638297872,0.,       1413P   1141
0.791666667,0.999999999,0.,0.,1.,0.,0.,1.;                          1413P   1142
110,-2.45,3.8,-6.,-1.599999999,3.8,-6.;                             1415P   1143
126,1,1,1,0,1,0,0.,0.,1.,1.,1.,1.,0.791666667,0.999999997,0.,       1417P   1144
0.041666667,0.999999997,0.,0.,1.,0.,0.,1.;                          1417P   1145
126,1,1,1,0,1,0,0.,0.,1.,1.,1.,1.,0.041666667,1.,0.,                1419P   1146
0.041666667,0.680851063,0.,0.,1.,0.,0.,1.;                          1419P   1147
110,-1.599999998,0.2,-6.,-2.35,0.2,-6.;                             1421P   1148
126,1,1,1,0,1,0,0.,0.,1.,1.,1.,1.,0.041666667,0.680851063,0.,       1423P   1149
0.,0.680851063,0.,0.,1.,0.,0.,1.;                                   1423P   1150
110,-2.35,0.2,-6.,-2.35,0.,-6.;                                     1425P   1151
126,1,1,1,0,1,0,0.,0.,1.,1.,1.,1.,0.,0.680851063,0.,0.,             1427P   1152
0.340425532,0.,0.,1.,0.,0.,1.;                                      1427P   1153
110,-2.35,0.,-6.,-3.15,0.,-6.;                                      1429P   1154
126,1,1,1,0,1,0,0.,0.,1.,1.,1.,1.,0.,0.340425532,0.,0.6875,         1431P   1155
0.340425532,0.,0.,1.,0.,0.,1.;                                      1431P   1156
110,-3.15,0.,-6.,-3.15,3.3,-6.;                                     1433P   1157
126,1,1,1,0,1,0,0.,0.,1.,1.,1.,1.,0.6875,0.340425532,0.,0.6875,     1435P   1158
0.,0.,0.,1.,0.,0.,1.;                                               1435P   1159
110,-3.15,3.3,-6.,-3.95,3.3,-6.;                                    1437P   1160
126,1,1,1,0,1,0,0.,0.,1.,1.,1.,1.,0.6875,0.,0.,1.,0.,0.,0.,1.,      1439P   1161
0.,0.,1.;                                                           1439P   1162
110,-3.95,3.3,-6.,-3.95,4.8,-6.;                                    1441P   1163
102,10,1405,1409,1413,1417,1419,1423,1427,1431,1435,1439;           1443P   1164
102,10,1407,1411,1415,1255,1421,1425,1429,1433,1437,1441;           1445P   1165
142,1,1403,1443,1445,1;                                             1447P   1166
144,1403,1,0,1447;                                                  1449P   1167
128,1,1,1,1,0,0,1,0,0,0.,0.,1.,1.,0.,0.,1.,1.,1.,1.,1.,1.,          1451P   1168
-3.55,0.,-3.3,-3.05,0.,-3.3,-3.55,2.,-3.3,-3.05,2.,-3.3,0.,1.,      1451P   1169
0.,1.;                                                              1451P   1170
126,1,1,1,0,1,0,0.,0.,1.,1.,1.,1.,0.,1.,0.,0.,0.,0.,0.,1.,0.,       1453P   1171
0.,1.;                                                              1453P   1172
110,-3.55,2.,-3.3,-3.55,0.,-3.3;                                    1455P   1173
126,1,1,1,0,1,0,0.,0.,1.,1.,1.,1.,0.,0.,0.,1.,0.,0.,0.,1.,0.,       1457P   1174
0.,1.;                                                              1457P   1175
110,-3.55,0.,-3.3,-3.05,0.,-3.3;                                    1459P   1176
126,1,1,1,0,1,0,0.,0.,1.,1.,1.,1.,1.,0.,0.,1.,1.,0.,0.,1.,0.,       1461P   1177
0.,1.;                                                              1461P   1178
110,-3.05,0.,-3.3,-3.05,2.,-3.3;                                    1463P   1179
126,1,1,1,0,1,0,0.,0.,1.,1.,1.,1.,1.,1.,0.,0.,1.,0.,0.,1.,0.,       1465P   1180
0.,1.;                                                              1465P   1181
110,-3.05,2.,-3.3,-3.55,2.,-3.3;                                    1467P   1182
102,4,1453,1457,1461,1465;                                          1469P   1183
102,4,1455,1459,1463,1467;                                          1471P   1184
142,1,1451,1469,1471,1;                                             1473P   1185
144,1451,1,0,1473;                                                  1475P   1186
128,1,1,1,1,0,0,1,0,0,0.,0.,1.,1.,0.,0.,1.,1.,1.,1.,1.,1.,          1477P   1187
-3.55,2.,-0.8,-3.55,2.,-3.3,-3.05,2.,-0.8,-3.05,2.,-3.3,0.,1.,      1477P   1188
0.,1.;                                                              1477P   1189
126,1,1,1,0,1,0,0.,0.,1.,1.,1.,1.,1.,0.,0.,1.,1.,0.,0.,1.,0.,       1479P   1190
0.,1.;                                                              1479P   1191
126,1,1,1,0,1,0,0.,0.,1.,1.,1.,1.,1.,1.,0.,0.,1.,0.,0.,1.,0.,       1481P   1192
0.,1.;                                                              1481P   1193
110,-3.05,2.,-3.3,-3.05,2.,-0.8;                                    1483P   1194
126,1,1,1,0,1,0,0.,0.,1.,1.,1.,1.,0.,1.,0.,0.,0.,0.,0.,1.,0.,       1485P   1195
0.,1.;                                                              1485P   1196
110,-3.05,2.,-0.8,-3.55,2.,-0.8;                                    1487P   1197
126,1,1,1,0,1,0,0.,0.,1.,1.,1.,1.,0.,0.,0.,1.,0.,0.,0.,1.,0.,       1489P   1198
0.,1.;                                                              1489P   1199
110,-3.55,2.,-0.8,-3.55,2.,-3.3;                                    1491P   1200
102,4,1479,1481,1485,1489;                                          1493P   1201
102,4,1467,1483,1487,1491;                                          1495P   1202
142,1,1477,1493,1495,1;                                             1497P   1203
144,1477,1,0,1497;                                                  1499P   1204
128,1,1,1,1,0,0,1,0,0,0.,0.,1.,1.,0.,0.,1.,1.,1.,1.,1.,1.,3.05,     1501P   1205
2.,-3.3,3.05,2.,-0.8,3.55,2.,-3.3,3.55,2.,-0.8,0.,1.,0.,1.;         1501P   1206
126,1,1,1,0,1,0,0.,0.,1.,1.,1.,1.,1.,0.,0.,1.,1.,0.,0.,1.,0.,       1503P   1207
0.,1.;                                                              1503P   1208
110,3.05,2.,-0.8,3.55,2.,-0.8;                                      1505P   1209
126,1,1,1,0,1,0,0.,0.,1.,1.,1.,1.,1.,1.,0.,0.,1.,0.,0.,1.,0.,       1507P   1210
0.,1.;                                                              1507P   1211
110,3.55,2.,-0.8,3.55,2.,-3.3;                                      1509P   1212
126,1,1,1,0,1,0,0.,0.,1.,1.,1.,1.,0.,1.,0.,0.,0.,0.,0.,1.,0.,       1511P   1213
0.,1.;                                                              1511P   1214
110,3.55,2.,-3.3,3.05,2.,-3.3;                                      1513P   1215
126,1,1,1,0,1,0,0.,0.,1.,1.,1.,1.,0.,0.,0.,1.,0.,0.,0.,1.,0.,       1515P   1216
0.,1.;                                                              1515P   1217
110,3.05,2.,-3.3,3.05,2.,-0.8;                                      1517P   1218
102,4,1503,1507,1511,1515;                                          1519P   1219
102,4,1505,1509,1513,1517;                                          1521P   1220
142,1,1501,1519,1521,1;                                             1523P   1221
144,1501,1,0,1523;                                                  1525P   1222
128,1,1,1,1,0,0,1,0,0,0.,0.,1.,1.,0.,0.,1.,1.,1.,1.,1.,1.,3.55,     1527P   1223
0.,-3.3,3.05,0.,-3.3,3.55,2.,-3.3,3.05,2.,-3.3,0.,1.,0.,1.;         1527P   1224
126,1,1,1,0,1,0,0.,0.,1.,1.,1.,1.,1.,0.,0.,1.,1.,0.,0.,1.,0.,       1529P   1225
0.,1.;                                                              1529P   1226
110,3.05,0.,-3.3,3.05,2.,-3.3;                                      1531P   1227
126,1,1,1,0,1,0,0.,0.,1.,1.,1.,1.,1.,1.,0.,0.,1.,0.,0.,1.,0.,       1533P   1228
0.,1.;                                                              1533P   1229
126,1,1,1,0,1,0,0.,0.,1.,1.,1.,1.,0.,1.,0.,0.,0.,0.,0.,1.,0.,       1535P   1230
0.,1.;                                                              1535P   1231
110,3.55,2.,-3.3,3.55,0.,-3.3;                                      1537P   1232
126,1,1,1,0,1,0,0.,0.,1.,1.,1.,1.,0.,0.,0.,1.,0.,0.,0.,1.,0.,       1539P   1233
0.,1.;                                                              1539P   1234
110,3.55,0.,-3.3,3.05,0.,-3.3;                                      1541P   1235
102,4,1529,1533,1535,1539;                                          1543P   1236
102,4,1531,1513,1537,1541;                                          1545P   1237
142,1,1527,1543,1545,1;                                             1547P   1238
144,1527,1,0,1547;                                                  1549P   1239
128,1,1,1,1,0,0,1,0,0,0.,0.,1.,1.,0.,0.,1.,1.,1.,1.,1.,1.,          1551P   1240
-2.35,0.2,-6.,-2.35,0.2,0.,2.35,0.2,-6.,2.35,0.2,0.,0.,1.,0.,       1551P   1241
1.;                                                                 1551P   1242
126,1,1,1,0,1,0,0.,0.,1.,1.,1.,1.,0.,0.840425533,0.,                1553P   1243
0.033333359,0.840425533,0.,0.,1.,0.,0.,1.;                          1553P   1244
126,1,1,1,0,1,0,0.,0.,1.,1.,1.,1.,0.033333359,0.840425532,0.,       1555P   1245
0.033333359,0.585106383,0.,0.,1.,0.,0.,1.;                          1555P   1246
126,1,1,1,0,1,0,0.,0.,1.,1.,1.,1.,0.033333359,0.585106383,0.,       1557P   1247
0.,0.585106384,0.,0.,1.,0.,0.,1.;                                   1557P   1248
126,1,1,1,0,1,0,0.,0.,1.,1.,1.,1.,0.,0.585106384,0.,0.,             1559P   1249
0.414893618,0.,0.,1.,0.,0.,1.;                                      1559P   1250
126,1,1,1,0,1,0,0.,0.,1.,1.,1.,1.,0.,0.414893618,0.,                1561P   1251
0.033333359,0.414893617,0.,0.,1.,0.,0.,1.;                          1561P   1252
126,1,1,1,0,1,0,0.,0.,1.,1.,1.,1.,0.033333359,0.414893617,0.,       1563P   1253
0.033333359,0.159574468,0.,0.,1.,0.,0.,1.;                          1563P   1254
126,1,1,1,0,1,0,0.,0.,1.,1.,1.,1.,0.033333359,0.159574468,0.,       1565P   1255
0.,0.15957447,0.,0.,1.,0.,0.,1.;                                    1565P   1256
126,1,1,1,0,1,0,0.,0.,1.,1.,1.,1.,0.,0.159574469,0.,0.,0.,0.,       1567P   1257
0.,1.,0.,0.,1.;                                                     1567P   1258
126,1,1,1,0,1,0,0.,0.,1.,1.,1.,1.,0.,0.,0.,1.,0.,0.,0.,1.,0.,       1569P   1259
0.,1.;                                                              1569P   1260
110,-2.35,0.2,-6.,-2.35,0.2,0.;                                     1571P   1261
126,1,1,1,0,1,0,0.,0.,1.,1.,1.,1.,1.,0.,0.,1.,1.,0.,0.,1.,0.,       1573P   1262
0.,1.;                                                              1573P   1263
110,-2.35,0.2,0.,2.35,0.2,0.;                                       1575P   1264
126,1,1,1,0,1,0,0.,0.,1.,1.,1.,1.,1.,1.,0.,0.,1.,0.,0.,1.,0.,       1577P   1265
0.,1.;                                                              1577P   1266
110,2.35,0.2,0.,2.35,0.2,-6.;                                       1579P   1267
126,1,1,1,0,1,0,0.,0.,1.,1.,1.,1.,0.,1.,0.,0.,0.840425533,0.,       1581P   1268
0.,1.,0.,0.,1.;                                                     1581P   1269
110,2.35,0.2,-6.,1.600000004,0.2,-6.;                               1583P   1270
102,12,1553,1555,1557,1559,1561,1563,1565,1567,1569,1573,1577,      1585P   1271
1581;                                                               1585P   1272
102,12,1285,1313,1203,1189,1227,1365,1259,1421,1571,1575,1579,      1587P   1273
1583;                                                               1587P   1274
142,1,1551,1585,1587,1;                                             1589P   1275
144,1551,1,0,1589;                                                  1591P   1276
128,1,1,1,1,0,0,1,0,0,0.,0.,1.,1.,0.,0.,1.,1.,1.,1.,1.,1.,          1593P   1277
1.600000003,0.,-6.,1.600000003,4.8,-6.,3.95,0.,-6.,3.95,4.8,        1593P   1278
-6.,0.,1.,0.,1.;                                                    1593P   1279
126,1,1,1,0,1,0,0.,0.,1.,1.,1.,1.,0.041666667,0.,0.,                1595P   1280
0.791666667,0.,0.,0.,1.,0.,0.,1.;                                   1595P   1281
126,1,1,1,0,1,0,0.,0.,1.,1.,1.,1.,0.791666667,0.,0.,                1597P   1282
0.791666667,0.361702127,0.,0.,1.,0.,0.,1.;                          1597P   1283
110,1.600000003,3.8,-6.,2.45,3.8,-6.;                               1599P   1284
126,1,1,1,0,1,0,0.,0.,1.,1.,1.,1.,0.791666667,0.361702127,0.,       1601P   1285
1.,0.361702127,0.,0.,1.,0.,0.,1.;                                   1601P   1286
110,2.45,3.8,-6.,2.45,4.8,-6.;                                      1603P   1287
126,1,1,1,0,1,0,0.,0.,1.,1.,1.,1.,1.,0.361702127,0.,1.,1.,0.,       1605P   1288
0.,1.,0.,0.,1.;                                                     1605P   1289
110,2.45,4.8,-6.,3.95,4.8,-6.;                                      1607P   1290
126,1,1,1,0,1,0,0.,0.,1.,1.,1.,1.,1.,1.,0.,0.6875,1.,0.,0.,1.,      1609P   1291
0.,0.,1.;                                                           1609P   1292
110,3.95,4.8,-6.,3.95,3.3,-6.;                                      1611P   1293
126,1,1,1,0,1,0,0.,0.,1.,1.,1.,1.,0.6875,1.,0.,0.6875,              1613P   1294
0.659574468,0.,0.,1.,0.,0.,1.;                                      1613P   1295
110,3.95,3.3,-6.,3.15,3.3,-6.;                                      1615P   1296
126,1,1,1,0,1,0,0.,0.,1.,1.,1.,1.,0.6875,0.659574468,0.,0.,         1617P   1297
0.659574468,0.,0.,1.,0.,0.,1.;                                      1617P   1298
110,3.15,3.3,-6.,3.15,0.,-6.;                                       1619P   1299
126,1,1,1,0,1,0,0.,0.,1.,1.,1.,1.,0.,0.659574468,0.,0.,             1621P   1300
0.319148935,0.,0.,1.,0.,0.,1.;                                      1621P   1301
110,3.15,0.,-6.,2.35,0.,-6.;                                        1623P   1302
126,1,1,1,0,1,0,0.,0.,1.,1.,1.,1.,0.,0.319148935,0.,                1625P   1303
0.041666667,0.319148935,0.,0.,1.,0.,0.,1.;                          1625P   1304
110,2.35,0.,-6.,2.35,0.2,-6.;                                       1627P   1305
126,1,1,1,0,1,0,0.,0.,1.,1.,1.,1.,0.041666667,0.319148935,0.,       1629P   1306
0.041666667,0.,0.,0.,1.,0.,0.,1.;                                   1629P   1307
102,10,1595,1597,1601,1605,1609,1613,1617,1621,1625,1629;           1631P   1308
102,10,1289,1599,1603,1607,1611,1615,1619,1623,1627,1583;           1633P   1309
142,1,1593,1631,1633,1;                                             1635P   1310
144,1593,1,0,1635;                                                  1637P   1311
128,1,1,1,1,0,0,1,0,0,0.,0.,1.,1.,0.,0.,1.,1.,1.,1.,1.,1.,          1639P   1312
-3.95,2.5,0.,-3.95,2.5,-2.,-2.95,2.5,0.,-2.95,2.5,-2.,0.,1.,0.,     1639P   1313
1.;                                                                 1639P   1314
126,1,1,1,0,1,0,0.,0.,1.,1.,1.,1.,1.,1.,0.,0.,1.,0.,0.,1.,0.,       1641P   1315
0.,1.;                                                              1641P   1316
110,-2.95,2.5,-2.,-2.95,2.5,0.;                                     1643P   1317
126,1,1,1,0,1,0,0.,0.,1.,1.,1.,1.,0.,1.,0.,0.,0.9,0.,0.,1.,0.,      1645P   1318
0.,1.;                                                              1645P   1319
110,-2.95,2.5,0.,-3.05,2.5,0.;                                      1647P   1320
126,1,1,1,0,1,0,0.,0.,1.,1.,1.,1.,0.,0.9,0.,0.4,0.9,0.,0.,1.,       1649P   1321
0.,0.,1.;                                                           1649P   1322
110,-3.05,2.5,0.,-3.05,2.5,-0.8;                                    1651P   1323
126,1,1,1,0,1,0,0.,0.,1.,1.,1.,1.,0.4,0.9,0.,0.4,0.,0.,0.,1.,       1653P   1324
0.,0.,1.;                                                           1653P   1325
110,-3.05,2.5,-0.8,-3.95,2.5,-0.8;                                  1655P   1326
126,1,1,1,0,1,0,0.,0.,1.,1.,1.,1.,0.4,0.,0.,1.,0.,0.,0.,1.,0.,      1657P   1327
0.,1.;                                                              1657P   1328
110,-3.95,2.5,-0.8,-3.95,2.5,-2.;                                   1659P   1329
126,1,1,1,0,1,0,0.,0.,1.,1.,1.,1.,1.,0.,0.,1.,1.,0.,0.,1.,0.,       1661P   1330
0.,1.;                                                              1661P   1331
110,-3.95,2.5,-2.,-2.95,2.5,-2.;                                    1663P   1332
102,6,1641,1645,1649,1653,1657,1661;                                1665P   1333
102,6,1643,1647,1651,1655,1659,1663;                                1667P   1334
142,1,1639,1665,1667,1;                                             1669P   1335
144,1639,1,0,1669;                                                  1671P   1336
128,1,1,1,1,0,0,1,0,0,0.,0.,1.,1.,0.,0.,1.,1.,1.,1.,1.,1.,          1673P   1337
-3.05,2.5,0.,-3.05,0.,0.,3.05,2.5,0.,3.05,0.,0.,0.,1.,0.,1.;        1673P   1338
126,1,1,1,0,1,0,0.,0.,1.,1.,1.,1.,1.,0.885245902,0.,1.,1.,0.,       1675P   1339
0.,1.,0.,0.,1.;                                                     1675P   1340
110,2.35,0.,0.,3.05,0.,0.;                                          1677P   1341
126,1,1,1,0,1,0,0.,0.,1.,1.,1.,1.,1.,1.,0.,0.,1.,0.,0.,1.,0.,       1679P   1342
0.,1.;                                                              1679P   1343
110,3.05,0.,0.,3.05,2.5,0.;                                         1681P   1344
126,1,1,1,0,1,0,0.,0.,1.,1.,1.,1.,0.,1.,0.,0.,0.983606557,0.,       1683P   1345
0.,1.,0.,0.,1.;                                                     1683P   1346
110,3.05,2.5,0.,2.95,2.5,0.;                                        1685P   1347
126,1,1,1,0,1,0,0.,0.,1.,1.,1.,1.,0.,0.983606557,0.,0.76,           1687P   1348
0.983606557,0.,0.,1.,0.,0.,1.;                                      1687P   1349
110,2.95,2.5,0.,2.95,0.6,0.;                                        1689P   1350
126,1,1,1,0,1,0,0.,0.,1.,1.,1.,1.,0.76,0.983606557,0.,0.76,         1691P   1351
0.016393443,0.,0.,1.,0.,0.,1.;                                      1691P   1352
110,2.95,0.6,0.,-2.95,0.6,0.;                                       1693P   1353
126,1,1,1,0,1,0,0.,0.,1.,1.,1.,1.,0.76,0.016393443,0.,0.,           1695P   1354
0.016393443,0.,0.,1.,0.,0.,1.;                                      1695P   1355
110,-2.95,0.6,0.,-2.95,2.5,0.;                                      1697P   1356
126,1,1,1,0,1,0,0.,0.,1.,1.,1.,1.,0.,0.016393443,0.,0.,0.,0.,       1699P   1357
0.,1.,0.,0.,1.;                                                     1699P   1358
126,1,1,1,0,1,0,0.,0.,1.,1.,1.,1.,0.,0.,0.,1.,0.,0.,0.,1.,0.,       1701P   1359
0.,1.;                                                              1701P   1360
110,-3.05,2.5,0.,-3.05,0.,0.;                                       1703P   1361
126,1,1,1,0,1,0,0.,0.,1.,1.,1.,1.,1.,0.,0.,1.,0.114754098,0.,       1705P   1362
0.,1.,0.,0.,1.;                                                     1705P   1363
110,-3.05,0.,0.,-2.35,0.,0.;                                        1707P   1364
126,1,1,1,0,1,0,0.,0.,1.,1.,1.,1.,1.,0.114754098,0.,0.92,           1709P   1365
0.114754098,0.,0.,1.,0.,0.,1.;                                      1709P   1366
110,-2.35,0.,0.,-2.35,0.2,0.;                                       1711P   1367
126,1,1,1,0,1,0,0.,0.,1.,1.,1.,1.,0.92,0.114754098,0.,0.92,         1713P   1368
0.885245902,0.,0.,1.,0.,0.,1.;                                      1713P   1369
126,1,1,1,0,1,0,0.,0.,1.,1.,1.,1.,0.92,0.885245902,0.,1.,           1715P   1370
0.885245902,0.,0.,1.,0.,0.,1.;                                      1715P   1371
110,2.35,0.2,0.,2.35,0.,0.;                                         1717P   1372
102,12,1675,1679,1683,1687,1691,1695,1699,1701,1705,1709,1713,      1719P   1373
1715;                                                               1719P   1374
102,12,1677,1681,1685,1689,1693,1697,1647,1703,1707,1711,1575,      1721P   1375
1717;                                                               1721P   1376
142,1,1673,1719,1721,1;                                             1723P   1377
144,1673,1,0,1723;                                                  1725P   1378
128,1,1,1,1,0,0,1,0,0,0.,0.,1.,1.,0.,0.,1.,1.,1.,1.,1.,1.,2.95,     1727P   1379
2.5,0.,2.95,2.5,-2.,3.95,2.5,0.,3.95,2.5,-2.,0.,1.,0.,1.;           1727P   1380
126,1,1,1,0,1,0,0.,0.,1.,1.,1.,1.,0.4,1.,0.,0.4,0.1,0.,0.,1.,       1729P   1381
0.,0.,1.;                                                           1729P   1382
110,3.95,2.5,-0.8,3.05,2.5,-0.8;                                    1731P   1383
126,1,1,1,0,1,0,0.,0.,1.,1.,1.,1.,0.4,0.1,0.,0.,0.1,0.,0.,1.,       1733P   1384
0.,0.,1.;                                                           1733P   1385
110,3.05,2.5,-0.8,3.05,2.5,0.;                                      1735P   1386
126,1,1,1,0,1,0,0.,0.,1.,1.,1.,1.,0.,0.1,0.,0.,0.,0.,0.,1.,0.,      1737P   1387
0.,1.;                                                              1737P   1388
126,1,1,1,0,1,0,0.,0.,1.,1.,1.,1.,0.,0.,0.,1.,0.,0.,0.,1.,0.,       1739P   1389
0.,1.;                                                              1739P   1390
110,2.95,2.5,0.,2.95,2.5,-2.;                                       1741P   1391
126,1,1,1,0,1,0,0.,0.,1.,1.,1.,1.,1.,0.,0.,1.,1.,0.,0.,1.,0.,       1743P   1392
0.,1.;                                                              1743P   1393
110,2.95,2.5,-2.,3.95,2.5,-2.;                                      1745P   1394
126,1,1,1,0,1,0,0.,0.,1.,1.,1.,1.,1.,1.,0.,0.4,1.,0.,0.,1.,0.,      1747P   1395
0.,1.;                                                              1747P   1396
110,3.95,2.5,-2.,3.95,2.5,-0.8;                                     1749P   1397
102,6,1729,1733,1737,1739,1743,1747;                                1751P   1398
102,6,1731,1735,1685,1741,1745,1749;                                1753P   1399
142,1,1727,1751,1753,1;                                             1755P   1400
144,1727,1,0,1755;                                                  1757P   1401
128,1,1,1,1,0,0,1,0,0,0.,0.,1.,1.,0.,0.,1.,1.,1.,1.,1.,1.,          1759P   1402
-2.95,0.6,-5.4,2.95,0.6,-5.4,-2.95,0.6,0.,2.95,0.6,0.,0.,1.,0.,     1759P   1403
1.;                                                                 1759P   1404
126,1,1,1,0,1,0,0.,0.,1.,1.,1.,1.,0.,0.,0.,1.,0.,0.,0.,1.,0.,       1761P   1405
0.,1.;                                                              1761P   1406
110,-2.95,0.6,-5.4,2.95,0.6,-5.4;                                   1763P   1407
126,1,1,1,0,1,0,0.,0.,1.,1.,1.,1.,1.,0.,0.,1.,1.,0.,0.,1.,0.,       1765P   1408
0.,1.;                                                              1765P   1409
110,2.95,0.6,-5.4,2.95,0.6,0.;                                      1767P   1410
126,1,1,1,0,1,0,0.,0.,1.,1.,1.,1.,1.,1.,0.,0.,1.,0.,0.,1.,0.,       1769P   1411
0.,1.;                                                              1769P   1412
126,1,1,1,0,1,0,0.,0.,1.,1.,1.,1.,0.,1.,0.,0.,0.,0.,0.,1.,0.,       1771P   1413
0.,1.;                                                              1771P   1414
110,-2.95,0.6,0.,-2.95,0.6,-5.4;                                    1773P   1415
102,4,1761,1765,1769,1771;                                          1775P   1416
102,4,1763,1767,1693,1773;                                          1777P   1417
142,1,1759,1775,1777,1;                                             1779P   1418
144,1759,1,0,1779;                                                  1781P   1419
128,1,1,1,1,0,0,1,0,0,0.,0.,1.,1.,0.,0.,1.,1.,1.,1.,1.,1.,0.75,     1783P   1420
2.85,-5.799999844,0.75,2.85,-5.4,0.75,3.35,-5.799999844,0.75,       1783P   1421
3.35,-5.4,0.,1.,0.,1.;                                              1783P   1422
126,1,1,1,0,1,0,0.,0.,1.,1.,1.,1.,0.,1.,0.,0.,0.,0.,0.,1.,0.,       1785P   1423
0.,1.;                                                              1785P   1424
126,1,1,1,0,1,0,0.,0.,1.,1.,1.,1.,0.,0.,0.,1.,0.,0.,0.,1.,0.,       1787P   1425
0.,1.;                                                              1787P   1426
110,0.75,2.85,-5.799999844,0.75,2.85,-5.4;                          1789P   1427
126,1,1,1,0,1,0,0.,0.,1.,1.,1.,1.,1.,0.,0.,1.,1.,0.,0.,1.,0.,       1791P   1428
0.,1.;                                                              1791P   1429
110,0.75,2.85,-5.4,0.75,3.35,-5.4;                                  1793P   1430
126,1,1,1,0,1,0,0.,0.,1.,1.,1.,1.,1.,1.,0.,0.,1.,0.,0.,1.,0.,       1795P   1431
0.,1.;                                                              1795P   1432
110,0.75,3.35,-5.4,0.75,3.35,-5.799999844;                          1797P   1433
102,4,1785,1787,1791,1795;                                          1799P   1434
102,4,1333,1789,1793,1797;                                          1801P   1435
142,1,1783,1799,1801,1;                                             1803P   1436
144,1783,1,0,1803;                                                  1805P   1437
128,1,1,1,1,0,0,1,0,0,0.,0.,1.,1.,0.,0.,1.,1.,1.,1.,1.,1.,0.75,     1807P   1438
2.85,-5.4,0.75,2.85,-5.799999844,1.25,2.85,-5.4,1.25,2.85,          1807P   1439
-5.799999844,0.,1.,0.,1.;                                           1807P   1440
126,1,1,1,0,1,0,0.,0.,1.,1.,1.,1.,1.,0.,0.,1.,1.,0.,0.,1.,0.,       1809P   1441
0.,1.;                                                              1809P   1442
126,1,1,1,0,1,0,0.,0.,1.,1.,1.,1.,1.,1.,0.,0.,1.,0.,0.,1.,0.,       1811P   1443
0.,1.;                                                              1811P   1444
110,1.25,2.85,-5.799999844,1.25,2.85,-5.4;                          1813P   1445
126,1,1,1,0,1,0,0.,0.,1.,1.,1.,1.,0.,1.,0.,0.,0.,0.,0.,1.,0.,       1815P   1446
0.,1.;                                                              1815P   1447
110,1.25,2.85,-5.4,0.75,2.85,-5.4;                                  1817P   1448
126,1,1,1,0,1,0,0.,0.,1.,1.,1.,1.,0.,0.,0.,1.,0.,0.,0.,1.,0.,       1819P   1449
0.,1.;                                                              1819P   1450
102,4,1809,1811,1815,1819;                                          1821P   1451
102,4,1329,1813,1817,1789;                                          1823P   1452
142,1,1807,1821,1823,1;                                             1825P   1453
144,1807,1,0,1825;                                                  1827P   1454
128,1,1,1,1,0,0,1,0,0,0.,0.,1.,1.,0.,0.,1.,1.,1.,1.,1.,1.,1.25,     1829P   1455
2.85,-5.4,1.25,2.85,-5.799999844,1.25,3.35,-5.4,1.25,3.35,          1829P   1456
-5.799999844,0.,1.,0.,1.;                                           1829P   1457
126,1,1,1,0,1,0,0.,0.,1.,1.,1.,1.,1.,0.,0.,1.,1.,0.,0.,1.,0.,       1831P   1458
0.,1.;                                                              1831P   1459
126,1,1,1,0,1,0,0.,0.,1.,1.,1.,1.,1.,1.,0.,0.,1.,0.,0.,1.,0.,       1833P   1460
0.,1.;                                                              1833P   1461
110,1.25,3.35,-5.799999844,1.25,3.35,-5.4;                          1835P   1462
126,1,1,1,0,1,0,0.,0.,1.,1.,1.,1.,0.,1.,0.,0.,0.,0.,0.,1.,0.,       1837P   1463
0.,1.;                                                              1837P   1464
110,1.25,3.35,-5.4,1.25,2.85,-5.4;                                  1839P   1465
126,1,1,1,0,1,0,0.,0.,1.,1.,1.,1.,0.,0.,0.,1.,0.,0.,0.,1.,0.,       1841P   1466
0.,1.;                                                              1841P   1467
102,4,1831,1833,1837,1841;                                          1843P   1468
102,4,1341,1835,1839,1813;                                          1845P   1469
142,1,1829,1843,1845,1;                                             1847P   1470
144,1829,1,0,1847;                                                  1849P   1471
128,1,1,1,1,0,0,1,0,0,0.,0.,1.,1.,0.,0.,1.,1.,1.,1.,1.,1.,0.75,     1851P   1472
3.35,-5.799999844,0.75,3.35,-5.4,1.25,3.35,-5.799999844,1.25,       1851P   1473
3.35,-5.4,0.,1.,0.,1.;                                              1851P   1474
126,1,1,1,0,1,0,0.,0.,1.,1.,1.,1.,0.,1.,0.,0.,0.,0.,0.,1.,0.,       1853P   1475
0.,1.;                                                              1853P   1476
126,1,1,1,0,1,0,0.,0.,1.,1.,1.,1.,0.,0.,0.,1.,0.,0.,0.,1.,0.,       1855P   1477
0.,1.;                                                              1855P   1478
126,1,1,1,0,1,0,0.,0.,1.,1.,1.,1.,1.,0.,0.,1.,1.,0.,0.,1.,0.,       1857P   1479
0.,1.;                                                              1857P   1480
110,0.75,3.35,-5.4,1.25,3.35,-5.4;                                  1859P   1481
126,1,1,1,0,1,0,0.,0.,1.,1.,1.,1.,1.,1.,0.,0.,1.,0.,0.,1.,0.,       1861P   1482
0.,1.;                                                              1861P   1483
102,4,1853,1855,1857,1861;                                          1863P   1484
102,4,1337,1797,1859,1835;                                          1865P   1485
142,1,1851,1863,1865,1;                                             1867P   1486
144,1851,1,0,1867;                                                  1869P   1487
128,1,1,1,1,0,0,1,0,0,0.,0.,1.,1.,0.,0.,1.,1.,1.,1.,1.,1.,          1871P   1488
-1.25,2.85,-5.799999844,-1.25,2.85,-5.4,-1.25,3.35,                 1871P   1489
-5.799999844,-1.25,3.35,-5.4,0.,1.,0.,1.;                           1871P   1490
126,1,1,1,0,1,0,0.,0.,1.,1.,1.,1.,0.,1.,0.,0.,0.,0.,0.,1.,0.,       1873P   1491
0.,1.;                                                              1873P   1492
126,1,1,1,0,1,0,0.,0.,1.,1.,1.,1.,0.,0.,0.,1.,0.,0.,0.,1.,0.,       1875P   1493
0.,1.;                                                              1875P   1494
110,-1.25,2.85,-5.799999844,-1.25,2.85,-5.4;                        1877P   1495
126,1,1,1,0,1,0,0.,0.,1.,1.,1.,1.,1.,0.,0.,1.,1.,0.,0.,1.,0.,       1879P   1496
0.,1.;                                                              1879P   1497
110,-1.25,2.85,-5.4,-1.25,3.35,-5.4;                                1881P   1498
126,1,1,1,0,1,0,0.,0.,1.,1.,1.,1.,1.,1.,0.,0.,1.,0.,0.,1.,0.,       1883P   1499
0.,1.;                                                              1883P   1500
110,-1.25,3.35,-5.4,-1.25,3.35,-5.799999844;                        1885P   1501
102,4,1873,1875,1879,1883;                                          1887P   1502
102,4,1385,1877,1881,1885;                                          1889P   1503
142,1,1871,1887,1889,1;                                             1891P   1504
144,1871,1,0,1891;                                                  1893P   1505
128,1,1,1,1,0,0,1,0,0,0.,0.,1.,1.,0.,0.,1.,1.,1.,1.,1.,1.,          1895P   1506
-1.25,2.85,-5.4,-1.25,2.85,-5.799999844,-0.75,2.85,-5.4,-0.75,      1895P   1507
2.85,-5.799999844,0.,1.,0.,1.;                                      1895P   1508
126,1,1,1,0,1,0,0.,0.,1.,1.,1.,1.,1.,0.,0.,1.,1.,0.,0.,1.,0.,       1897P   1509
0.,1.;                                                              1897P   1510
126,1,1,1,0,1,0,0.,0.,1.,1.,1.,1.,1.,1.,0.,0.,1.,0.,0.,1.,0.,       1899P   1511
0.,1.;                                                              1899P   1512
110,-0.75,2.85,-5.799999844,-0.75,2.85,-5.4;                        1901P   1513
126,1,1,1,0,1,0,0.,0.,1.,1.,1.,1.,0.,1.,0.,0.,0.,0.,0.,1.,0.,       1903P   1514
0.,1.;                                                              1903P   1515
110,-0.75,2.85,-5.4,-1.25,2.85,-5.4;                                1905P   1516
126,1,1,1,0,1,0,0.,0.,1.,1.,1.,1.,0.,0.,0.,1.,0.,0.,0.,1.,0.,       1907P   1517
0.,1.;                                                              1907P   1518
102,4,1897,1899,1903,1907;                                          1909P   1519
102,4,1381,1901,1905,1877;                                          1911P   1520
142,1,1895,1909,1911,1;                                             1913P   1521
144,1895,1,0,1913;                                                  1915P   1522
128,1,1,1,1,0,0,1,0,0,0.,0.,1.,1.,0.,0.,1.,1.,1.,1.,1.,1.,          1917P   1523
-0.75,2.85,-5.4,-0.75,2.85,-5.799999844,-0.75,3.35,-5.4,-0.75,      1917P   1524
3.35,-5.799999844,0.,1.,0.,1.;                                      1917P   1525
126,1,1,1,0,1,0,0.,0.,1.,1.,1.,1.,1.,0.,0.,1.,1.,0.,0.,1.,0.,       1919P   1526
0.,1.;                                                              1919P   1527
126,1,1,1,0,1,0,0.,0.,1.,1.,1.,1.,1.,1.,0.,0.,1.,0.,0.,1.,0.,       1921P   1528
0.,1.;                                                              1921P   1529
110,-0.75,3.35,-5.799999844,-0.75,3.35,-5.4;                        1923P   1530
126,1,1,1,0,1,0,0.,0.,1.,1.,1.,1.,0.,1.,0.,0.,0.,0.,0.,1.,0.,       1925P   1531
0.,1.;                                                              1925P   1532
110,-0.75,3.35,-5.4,-0.75,2.85,-5.4;                                1927P   1533
126,1,1,1,0,1,0,0.,0.,1.,1.,1.,1.,0.,0.,0.,1.,0.,0.,0.,1.,0.,       1929P   1534
0.,1.;                                                              1929P   1535
102,4,1919,1921,1925,1929;                                          1931P   1536
102,4,1393,1923,1927,1901;                                          1933P   1537
142,1,1917,1931,1933,1;                                             1935P   1538
144,1917,1,0,1935;                                                  1937P   1539
128,1,1,1,1,0,0,1,0,0,0.,0.,1.,1.,0.,0.,1.,1.,1.,1.,1.,1.,          1939P   1540
-1.25,3.35,-5.799999844,-1.25,3.35,-5.4,-0.75,3.35,                 1939P   1541
-5.799999844,-0.75,3.35,-5.4,0.,1.,0.,1.;                           1939P   1542
126,1,1,1,0,1,0,0.,0.,1.,1.,1.,1.,0.,1.,0.,0.,0.,0.,0.,1.,0.,       1941P   1543
0.,1.;                                                              1941P   1544
126,1,1,1,0,1,0,0.,0.,1.,1.,1.,1.,0.,0.,0.,1.,0.,0.,0.,1.,0.,       1943P   1545
0.,1.;                                                              1943P   1546
126,1,1,1,0,1,0,0.,0.,1.,1.,1.,1.,1.,0.,0.,1.,1.,0.,0.,1.,0.,       1945P   1547
0.,1.;                                                              1945P   1548
110,-1.25,3.35,-5.4,-0.75,3.35,-5.4;                                1947P   1549
126,1,1,1,0,1,0,0.,0.,1.,1.,1.,1.,1.,1.,0.,0.,1.,0.,0.,1.,0.,       1949P   1550
0.,1.;                                                              1949P   1551
102,4,1941,1943,1945,1949;                                          1951P   1552
102,4,1389,1885,1947,1923;                                          1953P   1553
142,1,1939,1951,1953,1;                                             1955P   1554
144,1939,1,0,1955;                                                  1957P   1555
128,1,1,1,1,0,0,1,0,0,0.,0.,1.,1.,0.,0.,1.,1.,1.,1.,1.,1.,          1959P   1556
-3.15,0.,-7.6,-3.15,0.,-6.,-3.15,3.3198,-7.6,-3.15,3.3198,-6.,      1959P   1557
0.,1.,0.,1.;                                                        1959P   1558
126,1,1,1,0,1,0,0.,0.,1.,1.,1.,1.,0.,0.753057413,0.,0.,0.,0.,       1961P   1559
0.,1.,0.,0.,1.;                                                     1961P   1560
110,-3.15,2.5,-7.6,-3.15,0.,-7.6;                                   1963P   1561
126,1,1,1,0,1,0,0.,0.,1.,1.,1.,1.,0.,0.,0.,1.,0.,0.,0.,1.,0.,       1965P   1562
0.,1.;                                                              1965P   1563
110,-3.15,0.,-7.6,-3.15,0.,-6.;                                     1967P   1564
126,1,1,1,0,1,0,0.,0.,1.,1.,1.,1.,1.,0.,0.,1.,0.994035785,0.,       1969P   1565
0.,1.,0.,0.,1.;                                                     1969P   1566
126,1,1,1,0,1,0,0.,0.,1.,1.,1.,1.,1.,0.994035785,0.,0.,             1971P   1567
0.753057413,0.,0.,1.,0.,0.,1.;                                      1971P   1568
110,-3.15,3.3,-6.,-3.15,2.5,-7.6;                                   1973P   1569
102,4,1961,1965,1969,1971;                                          1975P   1570
102,4,1963,1967,1433,1973;                                          1977P   1571
142,1,1959,1975,1977,1;                                             1979P   1572
144,1959,1,0,1979;                                                  1981P   1573
128,1,1,1,1,0,0,1,0,0,0.,0.,1.,1.,0.,0.,1.,1.,1.,1.,1.,1.,          1983P   1574
-3.05,0.,-3.3,-3.05,0.,0.,-3.05,2.5,-3.3,-3.05,2.5,0.,0.,1.,0.,     1983P   1575
1.;                                                                 1983P   1576
126,1,1,1,0,1,0,0.,0.,1.,1.,1.,1.,0.,0.8,0.,0.,0.,0.,0.,1.,0.,      1985P   1577
0.,1.;                                                              1985P   1578
126,1,1,1,0,1,0,0.,0.,1.,1.,1.,1.,0.,0.,0.,1.,0.,0.,0.,1.,0.,       1987P   1579
0.,1.;                                                              1987P   1580
110,-3.05,0.,-3.3,-3.05,0.,0.;                                      1989P   1581
126,1,1,1,0,1,0,0.,0.,1.,1.,1.,1.,1.,0.,0.,1.,1.,0.,0.,1.,0.,       1991P   1582
0.,1.;                                                              1991P   1583
126,1,1,1,0,1,0,0.,0.,1.,1.,1.,1.,1.,1.,0.,0.757575758,1.,0.,       1993P   1584
0.,1.,0.,0.,1.;                                                     1993P   1585
126,1,1,1,0,1,0,0.,0.,1.,1.,1.,1.,0.757575758,1.,0.,                1995P   1586
0.757575758,0.8,0.,0.,1.,0.,0.,1.;                                  1995P   1587
110,-3.05,2.5,-0.8,-3.05,2.,-0.8;                                   1997P   1588
126,1,1,1,0,1,0,0.,0.,1.,1.,1.,1.,0.757575758,0.8,0.,0.,0.8,0.,     1999P   1589
0.,1.,0.,0.,1.;                                                     1999P   1590
102,6,1985,1987,1991,1993,1995,1999;                                2001P   1591
102,6,1463,1989,1703,1651,1997,1483;                                2003P   1592
142,1,1983,2001,2003,1;                                             2005P   1593
144,1983,1,0,2005;                                                  2007P   1594
128,1,1,1,1,0,0,1,0,0,0.,0.,1.,1.,0.,0.,1.,1.,1.,1.,1.,1.,          2009P   1595
-2.35,0.,-6.,-2.35,0.,0.,-2.35,0.2,-6.,-2.35,0.2,0.,0.,1.,0.,       2009P   1596
1.;                                                                 2009P   1597
126,1,1,1,0,1,0,0.,0.,1.,1.,1.,1.,0.,1.,0.,0.,0.,0.,0.,1.,0.,       2011P   1598
0.,1.;                                                              2011P   1599
126,1,1,1,0,1,0,0.,0.,1.,1.,1.,1.,0.,0.,0.,1.,0.,0.,0.,1.,0.,       2013P   1600
0.,1.;                                                              2013P   1601
110,-2.35,0.,-6.,-2.35,0.,0.;                                       2015P   1602
126,1,1,1,0,1,0,0.,0.,1.,1.,1.,1.,1.,0.,0.,1.,1.,0.,0.,1.,0.,       2017P   1603
0.,1.;                                                              2017P   1604
126,1,1,1,0,1,0,0.,0.,1.,1.,1.,1.,1.,1.,0.,0.,1.,0.,0.,1.,0.,       2019P   1605
0.,1.;                                                              2019P   1606
102,4,2011,2013,2017,2019;                                          2021P   1607
102,4,1425,2015,1711,1571;                                          2023P   1608
142,1,2009,2021,2023,1;                                             2025P   1609
144,2009,1,0,2025;                                                  2027P   1610
128,1,1,1,1,0,0,1,0,0,0.,0.,1.,1.,0.,0.,1.,1.,1.,1.,1.,1.,          2029P   1611
-3.55,0.,-0.8,-3.55,0.,-3.3,-3.55,2.,-0.8,-3.55,2.,-3.3,0.,1.,      2029P   1612
0.,1.;                                                              2029P   1613
126,1,1,1,0,1,0,0.,0.,1.,1.,1.,1.,0.,1.,0.,0.,0.65,0.,0.,1.,0.,     2031P   1614
0.,1.;                                                              2031P   1615
110,-3.55,2.,-0.8,-3.55,1.3,-0.8;                                   2033P   1616
126,1,1,1,0,1,0,0.,0.,1.,1.,1.,1.,0.,0.65,0.,0.76,0.65,0.,0.,       2035P   1617
1.,0.,0.,1.;                                                        2035P   1618
110,-3.55,1.3,-0.8,-3.55,1.3,-2.7;                                  2037P   1619
126,1,1,1,0,1,0,0.,0.,1.,1.,1.,1.,0.76,0.65,0.,0.76,0.,0.,0.,       2039P   1620
1.,0.,0.,1.;                                                        2039P   1621
110,-3.55,1.3,-2.7,-3.55,0.,-2.7;                                   2041P   1622
126,1,1,1,0,1,0,0.,0.,1.,1.,1.,1.,0.76,0.,0.,1.,0.,0.,0.,1.,0.,     2043P   1623
0.,1.;                                                              2043P   1624
110,-3.55,0.,-2.7,-3.55,0.,-3.3;                                    2045P   1625
126,1,1,1,0,1,0,0.,0.,1.,1.,1.,1.,1.,0.,0.,1.,1.,0.,0.,1.,0.,       2047P   1626
0.,1.;                                                              2047P   1627
126,1,1,1,0,1,0,0.,0.,1.,1.,1.,1.,1.,1.,0.,0.,1.,0.,0.,1.,0.,       2049P   1628
0.,1.;                                                              2049P   1629
102,6,2031,2035,2039,2043,2047,2049;                                2051P   1630
102,6,2033,2037,2041,2045,1455,1491;                                2053P   1631
142,1,2029,2051,2053,1;                                             2055P   1632
144,2029,1,0,2055;                                                  2057P   1633
128,1,1,1,1,0,0,1,0,0,0.,0.,1.,1.,0.,0.,1.,1.,1.,1.,1.,1.,3.55,     2059P   1634
0.,-0.8,3.55,0.,-3.3,3.55,2.,-0.8,3.55,2.,-3.3,0.,1.,0.,1.;         2059P   1635
126,1,1,1,0,1,0,0.,0.,1.,1.,1.,1.,0.76,0.65,0.,0.76,0.,0.,0.,       2061P   1636
1.,0.,0.,1.;                                                        2061P   1637
110,3.55,1.3,-2.7,3.55,0.,-2.7;                                     2063P   1638
126,1,1,1,0,1,0,0.,0.,1.,1.,1.,1.,0.76,0.,0.,1.,0.,0.,0.,1.,0.,     2065P   1639
0.,1.;                                                              2065P   1640
110,3.55,0.,-2.7,3.55,0.,-3.3;                                      2067P   1641
126,1,1,1,0,1,0,0.,0.,1.,1.,1.,1.,1.,0.,0.,1.,1.,0.,0.,1.,0.,       2069P   1642
0.,1.;                                                              2069P   1643
126,1,1,1,0,1,0,0.,0.,1.,1.,1.,1.,1.,1.,0.,0.,1.,0.,0.,1.,0.,       2071P   1644
0.,1.;                                                              2071P   1645
126,1,1,1,0,1,0,0.,0.,1.,1.,1.,1.,0.,1.,0.,0.,0.65,0.,0.,1.,0.,     2073P   1646
0.,1.;                                                              2073P   1647
110,3.55,2.,-0.8,3.55,1.3,-0.8;                                     2075P   1648
126,1,1,1,0,1,0,0.,0.,1.,1.,1.,1.,0.,0.65,0.,0.76,0.65,0.,0.,       2077P   1649
1.,0.,0.,1.;                                                        2077P   1650
110,3.55,1.3,-0.8,3.55,1.3,-2.7;                                    2079P   1651
102,6,2061,2065,2069,2071,2073,2077;                                2081P   1652
102,6,2063,2067,1537,1509,2075,2079;                                2083P   1653
142,1,2059,2081,2083,1;                                             2085P   1654
144,2059,1,0,2085;                                                  2087P   1655
128,1,1,1,1,0,0,1,0,0,0.,0.,1.,1.,0.,0.,1.,1.,1.,1.,1.,1.,3.05,     2089P   1656
0.,-3.3,3.05,0.,0.,3.05,2.5,-3.3,3.05,2.5,0.,0.,1.,0.,1.;           2089P   1657
126,1,1,1,0,1,0,0.,0.,1.,1.,1.,1.,0.757575758,1.,0.,                2091P   1658
0.757575758,0.8,0.,0.,1.,0.,0.,1.;                                  2091P   1659
110,3.05,2.5,-0.8,3.05,2.,-0.8;                                     2093P   1660
126,1,1,1,0,1,0,0.,0.,1.,1.,1.,1.,0.757575758,0.8,0.,0.,0.8,0.,     2095P   1661
0.,1.,0.,0.,1.;                                                     2095P   1662
126,1,1,1,0,1,0,0.,0.,1.,1.,1.,1.,0.,0.8,0.,0.,0.,0.,0.,1.,0.,      2097P   1663
0.,1.;                                                              2097P   1664
126,1,1,1,0,1,0,0.,0.,1.,1.,1.,1.,0.,0.,0.,1.,0.,0.,0.,1.,0.,       2099P   1665
0.,1.;                                                              2099P   1666
110,3.05,0.,-3.3,3.05,0.,0.;                                        2101P   1667
126,1,1,1,0,1,0,0.,0.,1.,1.,1.,1.,1.,0.,0.,1.,1.,0.,0.,1.,0.,       2103P   1668
0.,1.;                                                              2103P   1669
126,1,1,1,0,1,0,0.,0.,1.,1.,1.,1.,1.,1.,0.,0.757575758,1.,0.,       2105P   1670
0.,1.,0.,0.,1.;                                                     2105P   1671
102,6,2091,2095,2097,2099,2103,2105;                                2107P   1672
102,6,2093,1517,1531,2101,1681,1735;                                2109P   1673
142,1,2089,2107,2109,1;                                             2111P   1674
144,2089,1,0,2111;                                                  2113P   1675
128,1,1,1,1,0,0,1,0,0,0.,0.,1.,1.,0.,0.,1.,1.,1.,1.,1.,1.,2.35,     2115P   1676
0.,0.,2.35,0.,-6.,2.35,0.2,0.,2.35,0.2,-6.,0.,1.,0.,1.;             2115P   1677
126,1,1,1,0,1,0,0.,0.,1.,1.,1.,1.,1.,0.,0.,1.,1.,0.,0.,1.,0.,       2117P   1678
0.,1.;                                                              2117P   1679
126,1,1,1,0,1,0,0.,0.,1.,1.,1.,1.,1.,1.,0.,0.,1.,0.,0.,1.,0.,       2119P   1680
0.,1.;                                                              2119P   1681
126,1,1,1,0,1,0,0.,0.,1.,1.,1.,1.,0.,1.,0.,0.,0.,0.,0.,1.,0.,       2121P   1682
0.,1.;                                                              2121P   1683
126,1,1,1,0,1,0,0.,0.,1.,1.,1.,1.,0.,0.,0.,1.,0.,0.,0.,1.,0.,       2123P   1684
0.,1.;                                                              2123P   1685
110,2.35,0.,0.,2.35,0.,-6.;                                         2125P   1686
102,4,2117,2119,2121,2123;                                          2127P   1687
102,4,1627,1579,1717,2125;                                          2129P   1688
142,1,2115,2127,2129,1;                                             2131P   1689
144,2115,1,0,2131;                                                  2133P   1690
128,1,1,1,1,0,0,1,0,0,0.,0.,1.,1.,0.,0.,1.,1.,1.,1.,1.,1.,3.15,     2135P   1691
0.,-7.6,3.15,0.,-6.,3.15,3.3198,-7.6,3.15,3.3198,-6.,0.,1.,0.,      2135P   1692
1.;                                                                 2135P   1693
126,1,1,1,0,1,0,0.,0.,1.,1.,1.,1.,1.,0.,0.,1.,0.994035785,0.,       2137P   1694
0.,1.,0.,0.,1.;                                                     2137P   1695
126,1,1,1,0,1,0,0.,0.,1.,1.,1.,1.,1.,0.994035785,0.,0.,             2139P   1696
0.753057413,0.,0.,1.,0.,0.,1.;                                      2139P   1697
110,3.15,3.3,-6.,3.15,2.5,-7.6;                                     2141P   1698
126,1,1,1,0,1,0,0.,0.,1.,1.,1.,1.,0.,0.753057413,0.,0.,0.,0.,       2143P   1699
0.,1.,0.,0.,1.;                                                     2143P   1700
110,3.15,2.5,-7.6,3.15,0.,-7.6;                                     2145P   1701
126,1,1,1,0,1,0,0.,0.,1.,1.,1.,1.,0.,0.,0.,1.,0.,0.,0.,1.,0.,       2147P   1702
0.,1.;                                                              2147P   1703
110,3.15,0.,-7.6,3.15,0.,-6.;                                       2149P   1704
102,4,2137,2139,2143,2147;                                          2151P   1705
102,4,1619,2141,2145,2149;                                          2153P   1706
142,1,2135,2151,2153,1;                                             2155P   1707
144,2135,1,0,2155;                                                  2157P   1708
128,1,1,1,1,0,0,1,0,0,0.,0.,1.,1.,0.,0.,1.,1.,1.,1.,1.,1.,          2159P   1709
-2.95,4.2,-5.4,-2.95,0.6,-5.4,-2.95,4.2,0.,-2.95,0.6,0.,0.,1.,      2159P   1710
0.,1.;                                                              2159P   1711
126,1,1,1,0,1,0,0.,0.,1.,1.,1.,1.,0.194444444,0.62962963,0.,        2161P   1712
0.194444444,1.,0.,0.,1.,0.,0.,1.;                                   2161P   1713
110,-2.95,3.5,-2.,-2.95,3.5,0.;                                     2163P   1714
126,1,1,1,0,1,0,0.,0.,1.,1.,1.,1.,0.194444444,1.,0.,0.,1.,0.,       2165P   1715
0.,1.,0.,0.,1.;                                                     2165P   1716
110,-2.95,3.5,0.,-2.95,4.2,0.;                                      2167P   1717
126,1,1,1,0,1,0,0.,0.,1.,1.,1.,1.,0.,1.,0.,0.,0.,0.,0.,1.,0.,       2169P   1718
0.,1.;                                                              2169P   1719
110,-2.95,4.2,0.,-2.95,4.2,-5.4;                                    2171P   1720
126,1,1,1,0,1,0,0.,0.,1.,1.,1.,1.,0.,0.,0.,1.,0.,0.,0.,1.,0.,       2173P   1721
0.,1.;                                                              2173P   1722
110,-2.95,4.2,-5.4,-2.95,0.6,-5.4;                                  2175P   1723
126,1,1,1,0,1,0,0.,0.,1.,1.,1.,1.,1.,0.,0.,1.,1.,0.,0.,1.,0.,       2177P   1724
0.,1.;                                                              2177P   1725
126,1,1,1,0,1,0,0.,0.,1.,1.,1.,1.,1.,1.,0.,0.472222222,1.,0.,       2179P   1726
0.,1.,0.,0.,1.;                                                     2179P   1727
126,1,1,1,0,1,0,0.,0.,1.,1.,1.,1.,0.472222222,1.,0.,                2181P   1728
0.472222222,0.62962963,0.,0.,1.,0.,0.,1.;                           2181P   1729
126,1,1,1,0,1,0,0.,0.,1.,1.,1.,1.,0.472222222,0.62962963,0.,        2183P   1730
0.194444444,0.62962963,0.,0.,1.,0.,0.,1.;                           2183P   1731
110,-2.95,2.5,-2.,-2.95,3.5,-2.;                                    2185P   1732
102,8,2161,2165,2169,2173,2177,2179,2181,2183;                      2187P   1733
102,8,2163,2167,2171,2175,1773,1697,1643,2185;                      2189P   1734
142,1,2159,2187,2189,1;                                             2191P   1735
144,2159,1,0,2191;                                                  2193P   1736
128,1,1,1,1,0,0,1,0,0,0.,0.,1.,1.,0.,0.,1.,1.,1.,1.,1.,1.,2.95,     2195P   1737
0.6,-5.4,2.95,4.2,-5.4,2.95,0.6,0.,2.95,4.2,0.,0.,1.,0.,1.;         2195P   1738
126,1,1,1,0,1,0,0.,0.,1.,1.,1.,1.,0.527777778,0.62962963,0.,        2197P   1739
0.527777778,1.,0.,0.,1.,0.,0.,1.;                                   2197P   1740
126,1,1,1,0,1,0,0.,0.,1.,1.,1.,1.,0.527777778,1.,0.,0.,1.,0.,       2199P   1741
0.,1.,0.,0.,1.;                                                     2199P   1742
126,1,1,1,0,1,0,0.,0.,1.,1.,1.,1.,0.,1.,0.,0.,0.,0.,0.,1.,0.,       2201P   1743
0.,1.;                                                              2201P   1744
126,1,1,1,0,1,0,0.,0.,1.,1.,1.,1.,0.,0.,0.,1.,0.,0.,0.,1.,0.,       2203P   1745
0.,1.;                                                              2203P   1746
110,2.95,0.6,-5.4,2.95,4.2,-5.4;                                    2205P   1747
126,1,1,1,0,1,0,0.,0.,1.,1.,1.,1.,1.,0.,0.,1.,1.,0.,0.,1.,0.,       2207P   1748
0.,1.;                                                              2207P   1749
110,2.95,4.2,-5.4,2.95,4.2,0.;                                      2209P   1750
126,1,1,1,0,1,0,0.,0.,1.,1.,1.,1.,1.,1.,0.,0.805555556,1.,0.,       2211P   1751
0.,1.,0.,0.,1.;                                                     2211P   1752
110,2.95,4.2,0.,2.95,3.5,0.;                                        2213P   1753
126,1,1,1,0,1,0,0.,0.,1.,1.,1.,1.,0.805555556,1.,0.,                2215P   1754
0.805555556,0.62962963,0.,0.,1.,0.,0.,1.;                           2215P   1755
110,2.95,3.5,0.,2.95,3.5,-2.;                                       2217P   1756
126,1,1,1,0,1,0,0.,0.,1.,1.,1.,1.,0.805555556,0.62962963,0.,        2219P   1757
0.527777778,0.62962963,0.,0.,1.,0.,0.,1.;                           2219P   1758
110,2.95,3.5,-2.,2.95,2.5,-2.;                                      2221P   1759
102,8,2197,2199,2201,2203,2207,2211,2215,2219;                      2223P   1760
102,8,1741,1689,1767,2205,2209,2213,2217,2221;                      2225P   1761
142,1,2195,2223,2225,1;                                             2227P   1762
144,2195,1,0,2227;                                                  2229P   1763
128,1,1,1,1,0,0,1,0,0,0.,0.,1.,1.,0.,0.,1.,1.,1.,1.,1.,1.,          2231P   1764
-2.95,0.6,-5.4,-2.95,4.2,-5.4,2.95,0.6,-5.4,2.95,4.2,-5.4,0.,       2231P   1765
1.,0.,1.;                                                           2231P   1766
126,1,1,1,0,1,0,0.,0.,1.,1.,1.,1.,0.888888889,0.254237288,0.,       2233P   1767
1.,0.254237288,0.,0.,1.,0.,0.,1.;                                   2233P   1768
110,-1.45,3.8,-5.4,-1.45,4.2,-5.4;                                  2235P   1769
126,1,1,1,0,1,0,0.,0.,1.,1.,1.,1.,1.,0.254237288,0.,1.,             2237P   1770
0.745762712,0.,0.,1.,0.,0.,1.;                                      2237P   1771
110,-1.45,4.2,-5.4,1.45,4.2,-5.4;                                   2239P   1772
126,1,1,1,0,1,0,0.,0.,1.,1.,1.,1.,1.,0.745762712,0.,                2241P   1773
0.888888889,0.745762712,0.,0.,1.,0.,0.,1.;                          2241P   1774
110,1.45,4.2,-5.4,1.45,3.8,-5.4;                                    2243P   1775
126,1,1,1,0,1,0,0.,0.,1.,1.,1.,1.,0.888888889,0.745762712,0.,       2245P   1776
0.888888889,0.915254237,0.,0.,1.,0.,0.,1.;                          2245P   1777
110,1.45,3.8,-5.4,2.45,3.8,-5.4;                                    2247P   1778
126,1,1,1,0,1,0,0.,0.,1.,1.,1.,1.,0.888888889,0.915254237,0.,       2249P   1779
1.,0.915254237,0.,0.,1.,0.,0.,1.;                                   2249P   1780
110,2.45,3.8,-5.4,2.45,4.2,-5.4;                                    2251P   1781
126,1,1,1,0,1,0,0.,0.,1.,1.,1.,1.,1.,0.915254237,0.,1.,1.,0.,       2253P   1782
0.,1.,0.,0.,1.;                                                     2253P   1783
110,2.45,4.2,-5.4,2.95,4.2,-5.4;                                    2255P   1784
126,1,1,1,0,1,0,0.,0.,1.,1.,1.,1.,1.,1.,0.,0.,1.,0.,0.,1.,0.,       2257P   1785
0.,1.;                                                              2257P   1786
126,1,1,1,0,1,0,0.,0.,1.,1.,1.,1.,0.,1.,0.,0.,0.,0.,0.,1.,0.,       2259P   1787
0.,1.;                                                              2259P   1788
126,1,1,1,0,1,0,0.,0.,1.,1.,1.,1.,0.,0.,0.,1.,0.,0.,0.,1.,0.,       2261P   1789
0.,1.;                                                              2261P   1790
126,1,1,1,0,1,0,0.,0.,1.,1.,1.,1.,1.,0.,0.,1.,0.084745763,0.,       2263P   1791
0.,1.,0.,0.,1.;                                                     2263P   1792
110,-2.95,4.2,-5.4,-2.45,4.2,-5.4;                                  2265P   1793
126,1,1,1,0,1,0,0.,0.,1.,1.,1.,1.,1.,0.084745763,0.,                2267P   1794
0.888888889,0.084745763,0.,0.,1.,0.,0.,1.;                          2267P   1795
110,-2.45,4.2,-5.4,-2.45,3.8,-5.4;                                  2269P   1796
126,1,1,1,0,1,0,0.,0.,1.,1.,1.,1.,0.888888889,0.084745763,0.,       2271P   1797
0.888888889,0.254237288,0.,0.,1.,0.,0.,1.;                          2271P   1798
110,-2.45,3.8,-5.4,-1.45,3.8,-5.4;                                  2273P   1799
102,12,2233,2237,2241,2245,2249,2253,2257,2259,2261,2263,2267,      2275P   1800
2271;                                                               2275P   1801
102,12,2235,2239,2243,2247,2251,2255,2205,1763,2175,2265,2269,      2277P   1802
2273;                                                               2277P   1803
142,1,2231,2275,2277,1;                                             2279P   1804
126,1,1,1,0,1,0,0.,0.,1.,1.,1.,1.,0.763888889,0.372881356,0.,       2281P   1805
0.763888889,0.288135593,0.,0.,1.,0.,0.,1.;                          2281P   1806
126,1,1,1,0,1,0,0.,0.,1.,1.,1.,1.,0.763888889,0.288135593,0.,       2283P   1807
0.625,0.288135593,0.,0.,1.,0.,0.,1.;                                2283P   1808
126,1,1,1,0,1,0,0.,0.,1.,1.,1.,1.,0.625,0.288135593,0.,0.625,       2285P   1809
0.372881356,0.,0.,1.,0.,0.,1.;                                      2285P   1810
126,1,1,1,0,1,0,0.,0.,1.,1.,1.,1.,0.625,0.372881356,0.,             2287P   1811
0.763888889,0.372881356,0.,0.,1.,0.,0.,1.;                          2287P   1812
102,4,2281,2283,2285,2287;                                          2289P   1813
102,4,1947,1881,1905,1927;                                          2291P   1814
142,1,2231,2289,2291,1;                                             2293P   1815
126,1,1,1,0,1,0,0.,0.,1.,1.,1.,1.,0.763888889,0.711864407,0.,       2295P   1816
0.763888889,0.627118644,0.,0.,1.,0.,0.,1.;                          2295P   1817
126,1,1,1,0,1,0,0.,0.,1.,1.,1.,1.,0.763888889,0.627118644,0.,       2297P   1818
0.625,0.627118644,0.,0.,1.,0.,0.,1.;                                2297P   1819
126,1,1,1,0,1,0,0.,0.,1.,1.,1.,1.,0.625,0.627118644,0.,0.625,       2299P   1820
0.711864407,0.,0.,1.,0.,0.,1.;                                      2299P   1821
126,1,1,1,0,1,0,0.,0.,1.,1.,1.,1.,0.625,0.711864407,0.,             2301P   1822
0.763888889,0.711864407,0.,0.,1.,0.,0.,1.;                          2301P   1823
102,4,2295,2297,2299,2301;                                          2303P   1824
102,4,1859,1793,1817,1839;                                          2305P   1825
142,1,2231,2303,2305,1;                                             2307P   1826
144,2231,1,2,2279,2293,2307;                                        2309P   1827
128,1,1,1,1,0,0,1,0,0,0.,0.,1.,1.,0.,0.,1.,1.,1.,1.,1.,1.,          2311P   1828
-2.45,3.8,-6.,-2.45,3.8,-5.4,-1.45,3.8,-6.,-1.45,3.8,-5.4,0.,       2311P   1829
1.,0.,1.;                                                           2311P   1830
126,1,1,1,0,1,0,0.,0.,1.,1.,1.,1.,0.,0.850000001,0.,0.,0.,0.,       2313P   1831
0.,1.,0.,0.,1.;                                                     2313P   1832
126,1,1,1,0,1,0,0.,0.,1.,1.,1.,1.,0.,0.,0.,1.,0.,0.,0.,1.,0.,       2315P   1833
0.,1.;                                                              2315P   1834
110,-2.45,3.8,-6.,-2.45,3.8,-5.4;                                   2317P   1835
126,1,1,1,0,1,0,0.,0.,1.,1.,1.,1.,1.,0.,0.,1.,1.,0.,0.,1.,0.,       2319P   1836
0.,1.;                                                              2319P   1837
126,1,1,1,0,1,0,0.,0.,1.,1.,1.,1.,1.,1.,0.,0.333333594,1.,0.,       2321P   1838
0.,1.,0.,0.,1.;                                                     2321P   1839
110,-1.45,3.8,-5.4,-1.45,3.8,-5.799999844;                          2323P   1840
126,1,1,1,0,1,0,0.,0.,1.,1.,1.,1.,0.333333594,1.,0.,                2325P   1841
0.333333594,0.85,0.,0.,1.,0.,0.,1.;                                 2325P   1842
126,1,1,1,0,1,0,0.,0.,1.,1.,1.,1.,0.333333594,0.85,0.,0.,           2327P   1843
0.850000007,0.,0.,1.,0.,0.,1.;                                      2327P   1844
102,6,2313,2315,2319,2321,2325,2327;                                2329P   1845
102,6,1415,2317,2273,2323,1359,1251;                                2331P   1846
142,1,2311,2329,2331,1;                                             2333P   1847
144,2311,1,0,2333;                                                  2335P   1848
128,1,1,1,1,0,0,1,0,0,0.,0.,1.,1.,0.,0.,1.,1.,1.,1.,1.,1.,          2337P   1849
-3.95,3.5,-2.,-3.95,3.5,0.,-2.95,3.5,-2.,-2.95,3.5,0.,0.,1.,0.,     2337P   1850
1.;                                                                 2337P   1851
126,1,1,1,0,1,0,0.,0.,1.,1.,1.,1.,1.,1.,0.,0.,1.,0.,0.,1.,0.,       2339P   1852
0.,1.;                                                              2339P   1853
126,1,1,1,0,1,0,0.,0.,1.,1.,1.,1.,0.,1.,0.,0.,0.,0.,0.,1.,0.,       2341P   1854
0.,1.;                                                              2341P   1855
110,-2.95,3.5,-2.,-3.95,3.5,-2.;                                    2343P   1856
126,1,1,1,0,1,0,0.,0.,1.,1.,1.,1.,0.,0.,0.,1.,0.,0.,0.,1.,0.,       2345P   1857
0.,1.;                                                              2345P   1858
110,-3.95,3.5,-2.,-3.95,3.5,0.;                                     2347P   1859
126,1,1,1,0,1,0,0.,0.,1.,1.,1.,1.,1.,0.,0.,1.,1.,0.,0.,1.,0.,       2349P   1860
0.,1.;                                                              2349P   1861
110,-3.95,3.5,0.,-2.95,3.5,0.;                                      2351P   1862
102,4,2339,2341,2345,2349;                                          2353P   1863
102,4,2163,2343,2347,2351;                                          2355P   1864
142,1,2337,2353,2355,1;                                             2357P   1865
144,2337,1,0,2357;                                                  2359P   1866
128,1,1,1,1,0,0,1,0,0,0.,0.,1.,1.,0.,0.,1.,1.,1.,1.,1.,1.,          2361P   1867
-3.95,3.3,-6.,-3.95,2.5,-7.6,-3.15,3.3,-6.,-3.15,2.5,-7.6,0.,       2361P   1868
1.,0.,1.;                                                           2361P   1869
126,1,1,1,0,1,0,0.,0.,1.,1.,1.,1.,0.,0.,0.,1.,0.,0.,0.,1.,0.,       2363P   1870
0.,1.;                                                              2363P   1871
110,-3.95,3.3,-6.,-3.95,2.5,-7.6;                                   2365P   1872
126,1,1,1,0,1,0,0.,0.,1.,1.,1.,1.,1.,0.,0.,1.,1.,0.,0.,1.,0.,       2367P   1873
0.,1.;                                                              2367P   1874
110,-3.95,2.5,-7.6,-3.15,2.5,-7.6;                                  2369P   1875
126,1,1,1,0,1,0,0.,0.,1.,1.,1.,1.,1.,1.,0.,0.,1.,0.,0.,1.,0.,       2371P   1876
0.,1.;                                                              2371P   1877
126,1,1,1,0,1,0,0.,0.,1.,1.,1.,1.,0.,1.,0.,0.,0.,0.,0.,1.,0.,       2373P   1878
0.,1.;                                                              2373P   1879
102,4,2363,2367,2371,2373;                                          2375P   1880
102,4,2365,2369,1973,1437;                                          2377P   1881
142,1,2361,2375,2377,1;                                             2379P   1882
144,2361,1,0,2379;                                                  2381P   1883
128,1,1,1,1,0,0,1,0,0,0.,0.,1.,1.,0.,0.,1.,1.,1.,1.,1.,1.,          2383P   1884
-3.95,2.5,-7.6,-3.95,0.,-7.6,-3.15,2.5,-7.6,-3.15,0.,-7.6,0.,       2383P   1885
1.,0.,1.;                                                           2383P   1886
126,1,1,1,0,1,0,0.,0.,1.,1.,1.,1.,0.,0.,0.,1.,0.,0.,0.,1.,0.,       2385P   1887
0.,1.;                                                              2385P   1888
110,-3.95,2.5,-7.6,-3.95,0.,-7.6;                                   2387P   1889
126,1,1,1,0,1,0,0.,0.,1.,1.,1.,1.,1.,0.,0.,1.,1.,0.,0.,1.,0.,       2389P   1890
0.,1.;                                                              2389P   1891
110,-3.95,0.,-7.6,-3.15,0.,-7.6;                                    2391P   1892
126,1,1,1,0,1,0,0.,0.,1.,1.,1.,1.,1.,1.,0.,0.,1.,0.,0.,1.,0.,       2393P   1893
0.,1.;                                                              2393P   1894
126,1,1,1,0,1,0,0.,0.,1.,1.,1.,1.,0.,1.,0.,0.,0.,0.,0.,1.,0.,       2395P   1895
0.,1.;                                                              2395P   1896
102,4,2385,2389,2393,2395;                                          2397P   1897
102,4,2387,2391,1963,2369;                                          2399P   1898
142,1,2383,2397,2399,1;                                             2401P   1899
144,2383,1,0,2401;                                                  2403P   1900
128,1,1,1,1,0,0,1,0,0,0.,0.,1.,1.,0.,0.,1.,1.,1.,1.,1.,1.,          2405P   1901
-3.95,0.,0.,-3.95,0.,-7.6,-2.35,0.,0.,-2.35,0.,-7.6,0.,1.,0.,       2405P   1902
1.;                                                                 2405P   1903
126,1,1,1,0,1,0,0.,0.,1.,1.,1.,1.,0.789473684,1.,0.,0.,1.,0.,       2407P   1904
0.,1.,0.,0.,1.;                                                     2407P   1905
126,1,1,1,0,1,0,0.,0.,1.,1.,1.,1.,0.,1.,0.,0.,0.5625,0.,0.,1.,      2409P   1906
0.,0.,1.;                                                           2409P   1907
126,1,1,1,0,1,0,0.,0.,1.,1.,1.,1.,0.,0.5625,0.,0.434210526,         2411P   1908
0.5625,0.,0.,1.,0.,0.,1.;                                           2411P   1909
126,1,1,1,0,1,0,0.,0.,1.,1.,1.,1.,0.434210526,0.5625,0.,            2413P   1910
0.434210526,0.25,0.,0.,1.,0.,0.,1.;                                 2413P   1911
126,1,1,1,0,1,0,0.,0.,1.,1.,1.,1.,0.434210526,0.25,0.,              2415P   1912
0.355263158,0.25,0.,0.,1.,0.,0.,1.;                                 2415P   1913
126,1,1,1,0,1,0,0.,0.,1.,1.,1.,1.,0.355263158,0.25,0.,              2417P   1914
0.355263158,0.,0.,0.,1.,0.,0.,1.;                                   2417P   1915
110,-3.55,0.,-2.7,-3.95,0.,-2.7;                                    2419P   1916
126,1,1,1,0,1,0,0.,0.,1.,1.,1.,1.,0.355263158,0.,0.,1.,0.,0.,       2421P   1917
0.,1.,0.,0.,1.;                                                     2421P   1918
110,-3.95,0.,-2.7,-3.95,0.,-7.6;                                    2423P   1919
126,1,1,1,0,1,0,0.,0.,1.,1.,1.,1.,1.,0.,0.,1.,0.5,0.,0.,1.,0.,      2425P   1920
0.,1.;                                                              2425P   1921
126,1,1,1,0,1,0,0.,0.,1.,1.,1.,1.,1.,0.5,0.,0.789473684,0.5,0.,     2427P   1922
0.,1.,0.,0.,1.;                                                     2427P   1923
126,1,1,1,0,1,0,0.,0.,1.,1.,1.,1.,0.789473684,0.5,0.,               2429P   1924
0.789473684,1.,0.,0.,1.,0.,0.,1.;                                   2429P   1925
102,10,2407,2409,2411,2413,2415,2417,2421,2425,2427,2429;           2431P   1926
102,10,2015,1707,1989,1459,2045,2419,2423,2391,1967,1429;           2433P   1927
142,1,2405,2431,2433,1;                                             2435P   1928
144,2405,1,0,2435;                                                  2437P   1929
128,1,1,1,1,0,0,1,0,0,0.,0.,1.,1.,0.,0.,1.,1.,1.,1.,1.,1.,          2439P   1930
-3.95,0.,-2.7,-3.55,0.,-2.7,-3.95,1.3,-2.7,-3.55,1.3,-2.7,0.,       2439P   1931
1.,0.,1.;                                                           2439P   1932
126,1,1,1,0,1,0,0.,0.,1.,1.,1.,1.,0.,1.,0.,0.,0.,0.,0.,1.,0.,       2441P   1933
0.,1.;                                                              2441P   1934
110,-3.95,1.3,-2.7,-3.95,0.,-2.7;                                   2443P   1935
126,1,1,1,0,1,0,0.,0.,1.,1.,1.,1.,0.,0.,0.,1.,0.,0.,0.,1.,0.,       2445P   1936
0.,1.;                                                              2445P   1937
126,1,1,1,0,1,0,0.,0.,1.,1.,1.,1.,1.,0.,0.,1.,1.,0.,0.,1.,0.,       2447P   1938
0.,1.;                                                              2447P   1939
126,1,1,1,0,1,0,0.,0.,1.,1.,1.,1.,1.,1.,0.,0.,1.,0.,0.,1.,0.,       2449P   1940
0.,1.;                                                              2449P   1941
110,-3.55,1.3,-2.7,-3.95,1.3,-2.7;                                  2451P   1942
102,4,2441,2445,2447,2449;                                          2453P   1943
102,4,2443,2419,2041,2451;                                          2455P   1944
142,1,2439,2453,2455,1;                                             2457P   1945
144,2439,1,0,2457;                                                  2459P   1946
128,1,1,1,1,0,0,1,0,0,0.,0.,1.,1.,0.,0.,1.,1.,1.,1.,1.,1.,          2461P   1947
-3.95,1.3,-0.8,-3.95,1.3,-2.7,-3.55,1.3,-0.8,-3.55,1.3,-2.7,0.,     2461P   1948
1.,0.,1.;                                                           2461P   1949
126,1,1,1,0,1,0,0.,0.,1.,1.,1.,1.,0.,0.,0.,1.,0.,0.,0.,1.,0.,       2463P   1950
0.,1.;                                                              2463P   1951
110,-3.95,1.3,-0.8,-3.95,1.3,-2.7;                                  2465P   1952
126,1,1,1,0,1,0,0.,0.,1.,1.,1.,1.,1.,0.,0.,1.,1.,0.,0.,1.,0.,       2467P   1953
0.,1.;                                                              2467P   1954
126,1,1,1,0,1,0,0.,0.,1.,1.,1.,1.,1.,1.,0.,0.,1.,0.,0.,1.,0.,       2469P   1955
0.,1.;                                                              2469P   1956
126,1,1,1,0,1,0,0.,0.,1.,1.,1.,1.,0.,1.,0.,0.,0.,0.,0.,1.,0.,       2471P   1957
0.,1.;                                                              2471P   1958
110,-3.55,1.3,-0.8,-3.95,1.3,-0.8;                                  2473P   1959
102,4,2463,2467,2469,2471;                                          2475P   1960
102,4,2465,2451,2037,2473;                                          2477P   1961
142,1,2461,2475,2477,1;                                             2479P   1962
144,2461,1,0,2479;                                                  2481P   1963
128,1,1,1,1,0,0,1,0,0,0.,0.,1.,1.,0.,0.,1.,1.,1.,1.,1.,1.,          2483P   1964
-3.95,2.5,-0.8,-3.95,1.3,-0.8,-3.05,2.5,-0.8,-3.05,1.3,-0.8,0.,     2483P   1965
1.,0.,1.;                                                           2483P   1966
126,1,1,1,0,1,0,0.,0.,1.,1.,1.,1.,0.,0.,0.,1.,0.,0.,0.,1.,0.,       2485P   1967
0.,1.;                                                              2485P   1968
110,-3.95,2.5,-0.8,-3.95,1.3,-0.8;                                  2487P   1969
126,1,1,1,0,1,0,0.,0.,1.,1.,1.,1.,1.,0.,0.,1.,0.444444444,0.,       2489P   1970
0.,1.,0.,0.,1.;                                                     2489P   1971
126,1,1,1,0,1,0,0.,0.,1.,1.,1.,1.,1.,0.444444444,0.,                2491P   1972
0.416666667,0.444444444,0.,0.,1.,0.,0.,1.;                          2491P   1973
126,1,1,1,0,1,0,0.,0.,1.,1.,1.,1.,0.416666667,0.444444444,0.,       2493P   1974
0.416666667,1.,0.,0.,1.,0.,0.,1.;                                   2493P   1975
126,1,1,1,0,1,0,0.,0.,1.,1.,1.,1.,0.416666667,1.,0.,0.,1.,0.,       2495P   1976
0.,1.,0.,0.,1.;                                                     2495P   1977
126,1,1,1,0,1,0,0.,0.,1.,1.,1.,1.,0.,1.,0.,0.,0.,0.,0.,1.,0.,       2497P   1978
0.,1.;                                                              2497P   1979
102,6,2485,2489,2491,2493,2495,2497;                                2499P   1980
102,6,2487,2473,2033,1487,1997,1655;                                2501P   1981
142,1,2483,2499,2501,1;                                             2503P   1982
144,2483,1,0,2503;                                                  2505P   1983
128,1,1,1,1,0,0,1,0,0,0.,0.,1.,1.,0.,0.,1.,1.,1.,1.,1.,1.,          2507P   1984
-3.95,2.5,-2.,-3.95,3.5,-2.,-2.95,2.5,-2.,-2.95,3.5,-2.,0.,1.,      2507P   1985
0.,1.;                                                              2507P   1986
126,1,1,1,0,1,0,0.,0.,1.,1.,1.,1.,1.,1.,0.,0.,1.,0.,0.,1.,0.,       2509P   1987
0.,1.;                                                              2509P   1988
126,1,1,1,0,1,0,0.,0.,1.,1.,1.,1.,0.,1.,0.,0.,0.,0.,0.,1.,0.,       2511P   1989
0.,1.;                                                              2511P   1990
126,1,1,1,0,1,0,0.,0.,1.,1.,1.,1.,0.,0.,0.,1.,0.,0.,0.,1.,0.,       2513P   1991
0.,1.;                                                              2513P   1992
110,-3.95,2.5,-2.,-3.95,3.5,-2.;                                    2515P   1993
126,1,1,1,0,1,0,0.,0.,1.,1.,1.,1.,1.,0.,0.,1.,1.,0.,0.,1.,0.,       2517P   1994
0.,1.;                                                              2517P   1995
102,4,2509,2511,2513,2517;                                          2519P   1996
102,4,2185,1663,2515,2343;                                          2521P   1997
142,1,2507,2519,2521,1;                                             2523P   1998
144,2507,1,0,2523;                                                  2525P   1999
128,1,1,1,1,0,0,1,0,0,0.,0.,1.,1.,0.,0.,1.,1.,1.,1.,1.,1.,3.05,     2527P   2000
1.3,-0.8,3.05,2.5,-0.8,3.95,1.3,-0.8,3.95,2.5,-0.8,0.,1.,0.,1.;     2527P   2001
126,1,1,1,0,1,0,0.,0.,1.,1.,1.,1.,0.,0.555555556,0.,                2529P   2002
0.583333333,0.555555556,0.,0.,1.,0.,0.,1.;                          2529P   2003
126,1,1,1,0,1,0,0.,0.,1.,1.,1.,1.,0.583333333,0.555555556,0.,       2531P   2004
0.583333333,0.,0.,0.,1.,0.,0.,1.;                                   2531P   2005
126,1,1,1,0,1,0,0.,0.,1.,1.,1.,1.,0.583333333,0.,0.,1.,0.,0.,       2533P   2006
0.,1.,0.,0.,1.;                                                     2533P   2007
126,1,1,1,0,1,0,0.,0.,1.,1.,1.,1.,1.,0.,0.,1.,1.,0.,0.,1.,0.,       2535P   2008
0.,1.;                                                              2535P   2009
126,1,1,1,0,1,0,0.,0.,1.,1.,1.,1.,1.,1.,0.,0.,1.,0.,0.,1.,0.,       2537P   2010
0.,1.;                                                              2537P   2011
110,3.95,2.5,-0.8,3.95,1.3,-0.8;                                    2539P   2012
126,1,1,1,0,1,0,0.,0.,1.,1.,1.,1.,0.,1.,0.,0.,0.555555556,0.,       2541P   2013
0.,1.,0.,0.,1.;                                                     2541P   2014
110,3.95,1.3,-0.8,3.55,1.3,-0.8;                                    2543P   2015
102,6,2529,2531,2533,2535,2537,2541;                                2545P   2016
102,6,2075,1505,2093,1731,2539,2543;                                2547P   2017
142,1,2527,2545,2547,1;                                             2549P   2018
144,2527,1,0,2549;                                                  2551P   2019
128,1,1,1,1,0,0,1,0,0,0.,0.,1.,1.,0.,0.,1.,1.,1.,1.,1.,1.,3.55,     2553P   2020
1.3,-2.7,3.55,1.3,-0.8,3.95,1.3,-2.7,3.95,1.3,-0.8,0.,1.,0.,1.;     2553P   2021
126,1,1,1,0,1,0,0.,0.,1.,1.,1.,1.,0.,0.,0.,1.,0.,0.,0.,1.,0.,       2555P   2022
0.,1.;                                                              2555P   2023
126,1,1,1,0,1,0,0.,0.,1.,1.,1.,1.,1.,0.,0.,1.,1.,0.,0.,1.,0.,       2557P   2024
0.,1.;                                                              2557P   2025
126,1,1,1,0,1,0,0.,0.,1.,1.,1.,1.,1.,1.,0.,0.,1.,0.,0.,1.,0.,       2559P   2026
0.,1.;                                                              2559P   2027
110,3.95,1.3,-0.8,3.95,1.3,-2.7;                                    2561P   2028
126,1,1,1,0,1,0,0.,0.,1.,1.,1.,1.,0.,1.,0.,0.,0.,0.,0.,1.,0.,       2563P   2029
0.,1.;                                                              2563P   2030
110,3.95,1.3,-2.7,3.55,1.3,-2.7;                                    2565P   2031
102,4,2555,2557,2559,2563;                                          2567P   2032
102,4,2079,2543,2561,2565;                                          2569P   2033
142,1,2553,2567,2569,1;                                             2571P   2034
144,2553,1,0,2571;                                                  2573P   2035
128,1,1,1,1,0,0,1,0,0,0.,0.,1.,1.,0.,0.,1.,1.,1.,1.,1.,1.,3.95,     2575P   2036
0.,-2.7,3.55,0.,-2.7,3.95,1.3,-2.7,3.55,1.3,-2.7,0.,1.,0.,1.;       2575P   2037
126,1,1,1,0,1,0,0.,0.,1.,1.,1.,1.,1.,0.,0.,1.,1.,0.,0.,1.,0.,       2577P   2038
0.,1.;                                                              2577P   2039
126,1,1,1,0,1,0,0.,0.,1.,1.,1.,1.,1.,1.,0.,0.,1.,0.,0.,1.,0.,       2579P   2040
0.,1.;                                                              2579P   2041
126,1,1,1,0,1,0,0.,0.,1.,1.,1.,1.,0.,1.,0.,0.,0.,0.,0.,1.,0.,       2581P   2042
0.,1.;                                                              2581P   2043
110,3.95,1.3,-2.7,3.95,0.,-2.7;                                     2583P   2044
126,1,1,1,0,1,0,0.,0.,1.,1.,1.,1.,0.,0.,0.,1.,0.,0.,0.,1.,0.,       2585P   2045
0.,1.;                                                              2585P   2046
110,3.95,0.,-2.7,3.55,0.,-2.7;                                      2587P   2047
102,4,2577,2579,2581,2585;                                          2589P   2048
102,4,2063,2565,2583,2587;                                          2591P   2049
142,1,2575,2589,2591,1;                                             2593P   2050
144,2575,1,0,2593;                                                  2595P   2051
128,1,1,1,1,0,0,1,0,0,0.,0.,1.,1.,0.,0.,1.,1.,1.,1.,1.,1.,2.35,     2597P   2052
0.,0.,2.35,0.,-7.6,3.95,0.,0.,3.95,0.,-7.6,0.,1.,0.,1.;             2597P   2053
126,1,1,1,0,1,0,0.,0.,1.,1.,1.,1.,1.,1.,0.,0.355263158,1.,0.,       2599P   2054
0.,1.,0.,0.,1.;                                                     2599P   2055
110,3.95,0.,-7.6,3.95,0.,-2.7;                                      2601P   2056
126,1,1,1,0,1,0,0.,0.,1.,1.,1.,1.,0.355263158,1.,0.,                2603P   2057
0.355263158,0.75,0.,0.,1.,0.,0.,1.;                                 2603P   2058
126,1,1,1,0,1,0,0.,0.,1.,1.,1.,1.,0.355263158,0.75,0.,              2605P   2059
0.434210526,0.75,0.,0.,1.,0.,0.,1.;                                 2605P   2060
126,1,1,1,0,1,0,0.,0.,1.,1.,1.,1.,0.434210526,0.75,0.,              2607P   2061
0.434210526,0.4375,0.,0.,1.,0.,0.,1.;                               2607P   2062
126,1,1,1,0,1,0,0.,0.,1.,1.,1.,1.,0.434210526,0.4375,0.,0.,         2609P   2063
0.4375,0.,0.,1.,0.,0.,1.;                                           2609P   2064
126,1,1,1,0,1,0,0.,0.,1.,1.,1.,1.,0.,0.4375,0.,0.,0.,0.,0.,1.,      2611P   2065
0.,0.,1.;                                                           2611P   2066
126,1,1,1,0,1,0,0.,0.,1.,1.,1.,1.,0.,0.,0.,0.789473684,0.,0.,       2613P   2067
0.,1.,0.,0.,1.;                                                     2613P   2068
126,1,1,1,0,1,0,0.,0.,1.,1.,1.,1.,0.789473684,0.,0.,                2615P   2069
0.789473684,0.5,0.,0.,1.,0.,0.,1.;                                  2615P   2070
126,1,1,1,0,1,0,0.,0.,1.,1.,1.,1.,0.789473684,0.5,0.,1.,0.5,0.,     2617P   2071
0.,1.,0.,0.,1.;                                                     2617P   2072
126,1,1,1,0,1,0,0.,0.,1.,1.,1.,1.,1.,0.5,0.,1.,1.,0.,0.,1.,0.,      2619P   2073
0.,1.;                                                              2619P   2074
110,3.15,0.,-7.6,3.95,0.,-7.6;                                      2621P   2075
102,10,2599,2603,2605,2607,2609,2611,2613,2615,2617,2619;           2623P   2076
102,10,2601,2587,2067,1541,2101,1677,2125,1623,2149,2621;           2625P   2077
142,1,2597,2623,2625,1;                                             2627P   2078
144,2597,1,0,2627;                                                  2629P   2079
128,1,1,1,1,0,0,1,0,0,0.,0.,1.,1.,0.,0.,1.,1.,1.,1.,1.,1.,3.15,     2631P   2080
0.,-7.6,3.15,2.5,-7.6,3.95,0.,-7.6,3.95,2.5,-7.6,0.,1.,0.,1.;       2631P   2081
126,1,1,1,0,1,0,0.,0.,1.,1.,1.,1.,0.,0.,0.,1.,0.,0.,0.,1.,0.,       2633P   2082
0.,1.;                                                              2633P   2083
126,1,1,1,0,1,0,0.,0.,1.,1.,1.,1.,1.,0.,0.,1.,1.,0.,0.,1.,0.,       2635P   2084
0.,1.;                                                              2635P   2085
110,3.15,2.5,-7.6,3.95,2.5,-7.6;                                    2637P   2086
126,1,1,1,0,1,0,0.,0.,1.,1.,1.,1.,1.,1.,0.,0.,1.,0.,0.,1.,0.,       2639P   2087
0.,1.;                                                              2639P   2088
110,3.95,2.5,-7.6,3.95,0.,-7.6;                                     2641P   2089
126,1,1,1,0,1,0,0.,0.,1.,1.,1.,1.,0.,1.,0.,0.,0.,0.,0.,1.,0.,       2643P   2090
0.,1.;                                                              2643P   2091
102,4,2633,2635,2639,2643;                                          2645P   2092
102,4,2145,2637,2641,2621;                                          2647P   2093
142,1,2631,2645,2647,1;                                             2649P   2094
144,2631,1,0,2649;                                                  2651P   2095
128,1,1,1,1,0,0,1,0,0,0.,0.,1.,1.,0.,0.,1.,1.,1.,1.,1.,1.,3.15,     2653P   2096
2.5,-7.6,3.15,3.3,-6.,3.95,2.5,-7.6,3.95,3.3,-6.,0.,1.,0.,1.;       2653P   2097
126,1,1,1,0,1,0,0.,0.,1.,1.,1.,1.,0.,0.,0.,1.,0.,0.,0.,1.,0.,       2655P   2098
0.,1.;                                                              2655P   2099
126,1,1,1,0,1,0,0.,0.,1.,1.,1.,1.,1.,0.,0.,1.,1.,0.,0.,1.,0.,       2657P   2100
0.,1.;                                                              2657P   2101
126,1,1,1,0,1,0,0.,0.,1.,1.,1.,1.,1.,1.,0.,0.,1.,0.,0.,1.,0.,       2659P   2102
0.,1.;                                                              2659P   2103
110,3.95,3.3,-6.,3.95,2.5,-7.6;                                     2661P   2104
126,1,1,1,0,1,0,0.,0.,1.,1.,1.,1.,0.,1.,0.,0.,0.,0.,0.,1.,0.,       2663P   2105
0.,1.;                                                              2663P   2106
102,4,2655,2657,2659,2663;                                          2665P   2107
102,4,2141,1615,2661,2637;                                          2667P   2108
142,1,2653,2665,2667,1;                                             2669P   2109
144,2653,1,0,2669;                                                  2671P   2110
128,1,1,1,1,0,0,1,0,0,0.,0.,1.,1.,0.,0.,1.,1.,1.,1.,1.,1.,2.95,     2673P   2111
3.5,-2.,2.95,3.5,0.,3.95,3.5,-2.,3.95,3.5,0.,0.,1.,0.,1.;           2673P   2112
126,1,1,1,0,1,0,0.,0.,1.,1.,1.,1.,0.,0.,0.,1.,0.,0.,0.,1.,0.,       2675P   2113
0.,1.;                                                              2675P   2114
126,1,1,1,0,1,0,0.,0.,1.,1.,1.,1.,1.,0.,0.,1.,1.,0.,0.,1.,0.,       2677P   2115
0.,1.;                                                              2677P   2116
110,2.95,3.5,0.,3.95,3.5,0.;                                        2679P   2117
126,1,1,1,0,1,0,0.,0.,1.,1.,1.,1.,1.,1.,0.,0.,1.,0.,0.,1.,0.,       2681P   2118
0.,1.;                                                              2681P   2119
110,3.95,3.5,0.,3.95,3.5,-2.;                                       2683P   2120
126,1,1,1,0,1,0,0.,0.,1.,1.,1.,1.,0.,1.,0.,0.,0.,0.,0.,1.,0.,       2685P   2121
0.,1.;                                                              2685P   2122
110,3.95,3.5,-2.,2.95,3.5,-2.;                                      2687P   2123
102,4,2675,2677,2681,2685;                                          2689P   2124
102,4,2217,2679,2683,2687;                                          2691P   2125
142,1,2673,2689,2691,1;                                             2693P   2126
144,2673,1,0,2693;                                                  2695P   2127
128,1,1,1,1,0,0,1,0,0,0.,0.,1.,1.,0.,0.,1.,1.,1.,1.,1.,1.,2.95,     2697P   2128
2.5,-2.,2.95,3.5,-2.,3.95,2.5,-2.,3.95,3.5,-2.,0.,1.,0.,1.;         2697P   2129
126,1,1,1,0,1,0,0.,0.,1.,1.,1.,1.,0.,0.,0.,1.,0.,0.,0.,1.,0.,       2699P   2130
0.,1.;                                                              2699P   2131
126,1,1,1,0,1,0,0.,0.,1.,1.,1.,1.,1.,0.,0.,1.,1.,0.,0.,1.,0.,       2701P   2132
0.,1.;                                                              2701P   2133
126,1,1,1,0,1,0,0.,0.,1.,1.,1.,1.,1.,1.,0.,0.,1.,0.,0.,1.,0.,       2703P   2134
0.,1.;                                                              2703P   2135
110,3.95,3.5,-2.,3.95,2.5,-2.;                                      2705P   2136
126,1,1,1,0,1,0,0.,0.,1.,1.,1.,1.,0.,1.,0.,0.,0.,0.,0.,1.,0.,       2707P   2137
0.,1.;                                                              2707P   2138
102,4,2699,2701,2703,2707;                                          2709P   2139
102,4,2221,2687,2705,1745;                                          2711P   2140
142,1,2697,2709,2711,1;                                             2713P   2141
144,2697,1,0,2713;                                                  2715P   2142
128,1,1,1,1,0,0,1,0,0,0.,0.,1.,1.,0.,0.,1.,1.,1.,1.,1.,1.,          2717P   2143
-2.95,4.2,-5.4,-2.95,4.2,0.,2.95,4.2,-5.4,2.95,4.2,0.,0.,1.,0.,     2717P   2144
1.;                                                                 2717P   2145
126,1,1,1,0,1,0,0.,0.,1.,1.,1.,1.,0.,0.254237288,0.,                2719P   2146
0.337529308,0.254237288,0.,0.,1.,0.,0.,1.;                          2719P   2147
110,-1.45,4.2,-5.4,-1.45,4.2,-3.577341738;                          2721P   2148
126,1,1,1,0,1,0,0.,0.,1.,1.,1.,1.,0.337529308,0.254237288,0.,       2723P   2149
0.337529308,0.084745763,0.,0.,1.,0.,0.,1.;                          2723P   2150
110,-1.45,4.2,-3.577341738,-2.45,4.2,-3.577341738;                  2725P   2151
126,1,1,1,0,1,0,0.,0.,1.,1.,1.,1.,0.337529308,0.084745763,0.,       2727P   2152
0.,0.084745763,0.,0.,1.,0.,0.,1.;                                   2727P   2153
110,-2.45,4.2,-3.577341738,-2.45,4.2,-5.4;                          2729P   2154
126,1,1,1,0,1,0,0.,0.,1.,1.,1.,1.,0.,0.084745763,0.,0.,0.,0.,       2731P   2155
0.,1.,0.,0.,1.;                                                     2731P   2156
126,1,1,1,0,1,0,0.,0.,1.,1.,1.,1.,0.,0.,0.,1.,0.,0.,0.,1.,0.,       2733P   2157
0.,1.;                                                              2733P   2158
126,1,1,1,0,1,0,0.,0.,1.,1.,1.,1.,1.,0.,0.,1.,0.338983051,0.,       2735P   2159
0.,1.,0.,0.,1.;                                                     2735P   2160
110,-2.95,4.2,0.,-0.95,4.2,0.;                                      2737P   2161
126,1,1,1,0,1,0,0.,0.,1.,1.,1.,1.,1.,0.338983051,0.,                2739P   2162
0.259259259,0.338983051,0.,0.,1.,0.,0.,1.;                          2739P   2163
110,-0.95,4.2,0.,-0.95,4.2,-4.;                                     2741P   2164
126,1,1,1,0,1,0,0.,0.,1.,1.,1.,1.,0.259259259,0.338983051,0.,       2743P   2165
0.259259259,0.661016949,0.,0.,1.,0.,0.,1.;                          2743P   2166
110,-0.95,4.2,-4.,0.95,4.2,-4.;                                     2745P   2167
126,1,1,1,0,1,0,0.,0.,1.,1.,1.,1.,0.259259259,0.661016949,0.,       2747P   2168
1.,0.661016949,0.,0.,1.,0.,0.,1.;                                   2747P   2169
110,0.95,4.2,-4.,0.95,4.2,0.;                                       2749P   2170
126,1,1,1,0,1,0,0.,0.,1.,1.,1.,1.,1.,0.661016949,0.,1.,1.,0.,       2751P   2171
0.,1.,0.,0.,1.;                                                     2751P   2172
110,0.95,4.2,0.,2.95,4.2,0.;                                        2753P   2173
126,1,1,1,0,1,0,0.,0.,1.,1.,1.,1.,1.,1.,0.,0.,1.,0.,0.,1.,0.,       2755P   2174
0.,1.;                                                              2755P   2175
126,1,1,1,0,1,0,0.,0.,1.,1.,1.,1.,0.,1.,0.,0.,0.915254237,0.,       2757P   2176
0.,1.,0.,0.,1.;                                                     2757P   2177
126,1,1,1,0,1,0,0.,0.,1.,1.,1.,1.,0.,0.915254237,0.,                2759P   2178
0.337529308,0.915254237,0.,0.,1.,0.,0.,1.;                          2759P   2179
110,2.45,4.2,-5.4,2.45,4.2,-3.577341738;                            2761P   2180
126,1,1,1,0,1,0,0.,0.,1.,1.,1.,1.,0.337529308,0.915254237,0.,       2763P   2181
0.337529308,0.745762712,0.,0.,1.,0.,0.,1.;                          2763P   2182
110,2.45,4.2,-3.577341738,1.45,4.2,-3.577341738;                    2765P   2183
126,1,1,1,0,1,0,0.,0.,1.,1.,1.,1.,0.337529308,0.745762712,0.,       2767P   2184
0.,0.745762712,0.,0.,1.,0.,0.,1.;                                   2767P   2185
110,1.45,4.2,-3.577341738,1.45,4.2,-5.4;                            2769P   2186
126,1,1,1,0,1,0,0.,0.,1.,1.,1.,1.,0.,0.745762712,0.,0.,             2771P   2187
0.254237288,0.,0.,1.,0.,0.,1.;                                      2771P   2188
102,16,2719,2723,2727,2731,2733,2735,2739,2743,2747,2751,2755,      2773P   2189
2757,2759,2763,2767,2771;                                           2773P   2190
102,16,2721,2725,2729,2265,2171,2737,2741,2745,2749,2753,2209,      2775P   2191
2255,2761,2765,2769,2239;                                           2775P   2192
142,1,2717,2773,2775,1;                                             2777P   2193
144,2717,1,0,2777;                                                  2779P   2194
128,1,1,1,1,0,0,1,0,0,0.,0.,1.,1.,0.,0.,1.,1.,1.,1.,1.,1.,1.45,     2781P   2195
3.8,-5.4,1.45,3.8,-6.,2.45,3.8,-5.4,2.45,3.8,-6.,0.,1.,0.,1.;       2781P   2196
126,1,1,1,0,1,0,0.,0.,1.,1.,1.,1.,0.,1.,0.,0.,0.,0.,0.,1.,0.,       2783P   2197
0.,1.;                                                              2783P   2198
126,1,1,1,0,1,0,0.,0.,1.,1.,1.,1.,0.,0.,0.,0.666666406,0.,0.,       2785P   2199
0.,1.,0.,0.,1.;                                                     2785P   2200
110,1.45,3.8,-5.4,1.45,3.8,-5.799999844;                            2787P   2201
126,1,1,1,0,1,0,0.,0.,1.,1.,1.,1.,0.666666406,0.,0.,                2789P   2202
0.666666406,0.15,0.,0.,1.,0.,0.,1.;                                 2789P   2203
126,1,1,1,0,1,0,0.,0.,1.,1.,1.,1.,0.666666406,0.15,0.,1.,           2791P   2204
0.150000004,0.,0.,1.,0.,0.,1.;                                      2791P   2205
126,1,1,1,0,1,0,0.,0.,1.,1.,1.,1.,1.,0.150000003,0.,1.,1.,0.,       2793P   2206
0.,1.,0.,0.,1.;                                                     2793P   2207
126,1,1,1,0,1,0,0.,0.,1.,1.,1.,1.,1.,1.,0.,0.,1.,0.,0.,1.,0.,       2795P   2208
0.,1.;                                                              2795P   2209
110,2.45,3.8,-6.,2.45,3.8,-5.4;                                     2797P   2210
102,6,2783,2785,2789,2791,2793,2795;                                2799P   2211
102,6,2247,2787,1319,1277,1599,2797;                                2801P   2212
142,1,2781,2799,2801,1;                                             2803P   2213
144,2781,1,0,2803;                                                  2805P   2214
128,1,1,1,1,0,0,1,0,0,0.,0.,1.,1.,0.,0.,1.,1.,1.,1.,1.,1.,          2807P   2215
-1.45,3.8,-5.799999844,-1.45,3.8,-3.577341738,-1.45,4.8,            2807P   2216
-5.799999844,-1.45,4.8,-3.577341738,0.,1.,0.,1.;                    2807P   2217
126,1,1,1,0,1,0,0.,0.,1.,1.,1.,1.,0.,0.,0.,0.17996463,0.,0.,0.,     2809P   2218
1.,0.,0.,1.;                                                        2809P   2219
126,1,1,1,0,1,0,0.,0.,1.,1.,1.,1.,0.17996463,0.,0.,0.17996463,      2811P   2220
0.4,0.,0.,1.,0.,0.,1.;                                              2811P   2221
126,1,1,1,0,1,0,0.,0.,1.,1.,1.,1.,0.17996463,0.4,0.,1.,0.4,0.,      2813P   2222
0.,1.,0.,0.,1.;                                                     2813P   2223
126,1,1,1,0,1,0,0.,0.,1.,1.,1.,1.,1.,0.4,0.,1.,1.,0.,0.,1.,0.,      2815P   2224
0.,1.;                                                              2815P   2225
110,-1.45,4.2,-3.577341738,-1.45,4.8,-3.577341738;                  2817P   2226
126,1,1,1,0,1,0,0.,0.,1.,1.,1.,1.,1.,1.,0.,0.,1.,0.,0.,1.,0.,       2819P   2227
0.,1.;                                                              2819P   2228
110,-1.45,4.8,-3.577341738,-1.45,4.8,-5.799999844;                  2821P   2229
126,1,1,1,0,1,0,0.,0.,1.,1.,1.,1.,0.,1.,0.,0.,0.,0.,0.,1.,0.,       2823P   2230
0.,1.;                                                              2823P   2231
102,6,2809,2811,2813,2815,2819,2823;                                2825P   2232
102,6,2323,2235,2721,2817,2821,1355;                                2827P   2233
142,1,2807,2825,2827,1;                                             2829P   2234
144,2807,1,0,2829;                                                  2831P   2235
128,1,1,1,1,0,0,1,0,0,0.,0.,1.,1.,0.,0.,1.,1.,1.,1.,1.,1.,          2833P   2236
-1.45,4.2,-3.577341738,-2.45,4.2,-3.577341738,-1.45,4.8,            2833P   2237
-3.577341738,-2.45,4.8,-3.577341738,0.,1.,0.,1.;                    2833P   2238
126,1,1,1,0,1,0,0.,0.,1.,1.,1.,1.,1.,1.,0.,0.,1.,0.,0.,1.,0.,       2835P   2239
0.,1.;                                                              2835P   2240
110,-2.45,4.8,-3.577341738,-1.45,4.8,-3.577341738;                  2837P   2241
126,1,1,1,0,1,0,0.,0.,1.,1.,1.,1.,0.,1.,0.,0.,0.,0.,0.,1.,0.,       2839P   2242
0.,1.;                                                              2839P   2243
126,1,1,1,0,1,0,0.,0.,1.,1.,1.,1.,0.,0.,0.,1.,0.,0.,0.,1.,0.,       2841P   2244
0.,1.;                                                              2841P   2245
126,1,1,1,0,1,0,0.,0.,1.,1.,1.,1.,1.,0.,0.,1.,1.,0.,0.,1.,0.,       2843P   2246
0.,1.;                                                              2843P   2247
110,-2.45,4.2,-3.577341738,-2.45,4.8,-3.577341738;                  2845P   2248
102,4,2835,2839,2841,2843;                                          2847P   2249
102,4,2837,2817,2725,2845;                                          2849P   2250
142,1,2833,2847,2849,1;                                             2851P   2251
144,2833,1,0,2851;                                                  2853P   2252
128,1,1,1,1,0,0,1,0,0,0.,0.,1.,1.,0.,0.,1.,1.,1.,1.,1.,1.,          2855P   2253
-2.45,3.8,-3.577341738,-2.45,3.8,-6.,-2.45,4.8,-3.577341738,        2855P   2254
-2.45,4.8,-6.,0.,1.,0.,1.;                                          2855P   2255
126,1,1,1,0,1,0,0.,0.,1.,1.,1.,1.,1.,1.,0.,0.,1.,0.,0.,1.,0.,       2857P   2256
0.,1.;                                                              2857P   2257
110,-2.45,4.8,-6.,-2.45,4.8,-3.577341738;                           2859P   2258
126,1,1,1,0,1,0,0.,0.,1.,1.,1.,1.,0.,1.,0.,0.,0.4,0.,0.,1.,0.,      2861P   2259
0.,1.;                                                              2861P   2260
126,1,1,1,0,1,0,0.,0.,1.,1.,1.,1.,0.,0.4,0.,0.752338161,0.4,0.,     2863P   2261
0.,1.,0.,0.,1.;                                                     2863P   2262
126,1,1,1,0,1,0,0.,0.,1.,1.,1.,1.,0.752338161,0.4,0.,               2865P   2263
0.752338161,0.,0.,0.,1.,0.,0.,1.;                                   2865P   2264
126,1,1,1,0,1,0,0.,0.,1.,1.,1.,1.,0.752338161,0.,0.,1.,0.,0.,       2867P   2265
0.,1.,0.,0.,1.;                                                     2867P   2266
126,1,1,1,0,1,0,0.,0.,1.,1.,1.,1.,1.,0.,0.,1.,1.,0.,0.,1.,0.,       2869P   2267
0.,1.;                                                              2869P   2268
102,6,2857,2861,2863,2865,2867,2869;                                2871P   2269
102,6,2859,2845,2729,2269,2317,1411;                                2873P   2270
142,1,2855,2871,2873,1;                                             2875P   2271
144,2855,1,0,2875;                                                  2877P   2272
128,1,1,1,1,0,0,1,0,0,0.,0.,1.,1.,0.,0.,1.,1.,1.,1.,1.,1.,          2879P   2273
-3.95,0.,-7.6,-3.95,0.,0.,-3.95,4.8,-7.6,-3.95,4.8,0.,0.,1.,0.,     2879P   2274
1.;                                                                 2879P   2275
126,1,1,1,0,1,0,0.,0.,1.,1.,1.,1.,0.894736842,0.520833333,0.,       2881P   2276
0.736842105,0.520833333,0.,0.,1.,0.,0.,1.;                          2881P   2277
126,1,1,1,0,1,0,0.,0.,1.,1.,1.,1.,0.736842105,0.520833333,0.,       2883P   2278
0.736842105,0.729166667,0.,0.,1.,0.,0.,1.;                          2883P   2279
126,1,1,1,0,1,0,0.,0.,1.,1.,1.,1.,0.736842105,0.729166667,0.,       2885P   2280
1.,0.729166667,0.,0.,1.,0.,0.,1.;                                   2885P   2281
126,1,1,1,0,1,0,0.,0.,1.,1.,1.,1.,1.,0.729166667,0.,1.,1.,0.,       2887P   2282
0.,1.,0.,0.,1.;                                                     2887P   2283
110,-3.95,3.5,0.,-3.95,4.8,0.;                                      2889P   2284
126,1,1,1,0,1,0,0.,0.,1.,1.,1.,1.,1.,1.,0.,0.210526316,1.,0.,       2891P   2285
0.,1.,0.,0.,1.;                                                     2891P   2286
110,-3.95,4.8,0.,-3.95,4.8,-6.;                                     2893P   2287
126,1,1,1,0,1,0,0.,0.,1.,1.,1.,1.,0.210526316,1.,0.,                2895P   2288
0.210526316,0.6875,0.,0.,1.,0.,0.,1.;                               2895P   2289
126,1,1,1,0,1,0,0.,0.,1.,1.,1.,1.,0.210526316,0.6875,0.,0.,         2897P   2290
0.520833333,0.,0.,1.,0.,0.,1.;                                      2897P   2291
126,1,1,1,0,1,0,0.,0.,1.,1.,1.,1.,0.,0.520833333,0.,0.,0.,0.,       2899P   2292
0.,1.,0.,0.,1.;                                                     2899P   2293
126,1,1,1,0,1,0,0.,0.,1.,1.,1.,1.,0.,0.,0.,0.644736842,0.,0.,       2901P   2294
0.,1.,0.,0.,1.;                                                     2901P   2295
126,1,1,1,0,1,0,0.,0.,1.,1.,1.,1.,0.644736842,0.,0.,                2903P   2296
0.644736842,0.270833333,0.,0.,1.,0.,0.,1.;                          2903P   2297
126,1,1,1,0,1,0,0.,0.,1.,1.,1.,1.,0.644736842,0.270833333,0.,       2905P   2298
0.894736842,0.270833333,0.,0.,1.,0.,0.,1.;                          2905P   2299
126,1,1,1,0,1,0,0.,0.,1.,1.,1.,1.,0.894736842,0.270833333,0.,       2907P   2300
0.894736842,0.520833333,0.,0.,1.,0.,0.,1.;                          2907P   2301
102,12,2881,2883,2885,2887,2891,2895,2897,2899,2901,2903,2905,      2909P   2302
2907;                                                               2909P   2303
102,12,1659,2515,2347,2889,2893,1441,2365,2387,2423,2443,2465,      2911P   2304
2487;                                                               2911P   2305
142,1,2879,2909,2911,1;                                             2913P   2306
144,2879,1,0,2913;                                                  2915P   2307
128,1,1,1,1,0,0,1,0,0,0.,0.,1.,1.,0.,0.,1.,1.,1.,1.,1.,1.,          2917P   2308
-3.95,4.8,0.,-3.95,3.5,0.,-0.95,4.8,0.,-0.95,3.5,0.,0.,1.,0.,       2917P   2309
1.;                                                                 2917P   2310
126,1,1,1,0,1,0,0.,0.,1.,1.,1.,1.,0.,1.,0.,0.,0.,0.,0.,1.,0.,       2919P   2311
0.,1.;                                                              2919P   2312
110,-0.95,4.8,0.,-3.95,4.8,0.;                                      2921P   2313
126,1,1,1,0,1,0,0.,0.,1.,1.,1.,1.,0.,0.,0.,1.,0.,0.,0.,1.,0.,       2923P   2314
0.,1.;                                                              2923P   2315
126,1,1,1,0,1,0,0.,0.,1.,1.,1.,1.,1.,0.,0.,1.,0.333333333,0.,       2925P   2316
0.,1.,0.,0.,1.;                                                     2925P   2317
126,1,1,1,0,1,0,0.,0.,1.,1.,1.,1.,1.,0.333333333,0.,                2927P   2318
0.461538462,0.333333333,0.,0.,1.,0.,0.,1.;                          2927P   2319
126,1,1,1,0,1,0,0.,0.,1.,1.,1.,1.,0.461538462,0.333333333,0.,       2929P   2320
0.461538462,1.,0.,0.,1.,0.,0.,1.;                                   2929P   2321
126,1,1,1,0,1,0,0.,0.,1.,1.,1.,1.,0.461538462,1.,0.,0.,1.,0.,       2931P   2322
0.,1.,0.,0.,1.;                                                     2931P   2323
110,-0.95,4.2,0.,-0.95,4.8,0.;                                      2933P   2324
102,6,2919,2923,2925,2927,2929,2931;                                2935P   2325
102,6,2921,2889,2351,2167,2737,2933;                                2937P   2326
142,1,2917,2935,2937,1;                                             2939P   2327
144,2917,1,0,2939;                                                  2941P   2328
128,1,1,1,1,0,0,1,0,0,0.,0.,1.,1.,0.,0.,1.,1.,1.,1.,1.,1.,          2943P   2329
-0.95,4.2,0.,-0.95,4.2,-4.,-0.95,4.8,0.,-0.95,4.8,-4.,0.,1.,0.,     2943P   2330
1.;                                                                 2943P   2331
126,1,1,1,0,1,0,0.,0.,1.,1.,1.,1.,1.,1.,0.,0.,1.,0.,0.,1.,0.,       2945P   2332
0.,1.;                                                              2945P   2333
110,-0.95,4.8,-4.,-0.95,4.8,0.;                                     2947P   2334
126,1,1,1,0,1,0,0.,0.,1.,1.,1.,1.,0.,1.,0.,0.,0.,0.,0.,1.,0.,       2949P   2335
0.,1.;                                                              2949P   2336
126,1,1,1,0,1,0,0.,0.,1.,1.,1.,1.,0.,0.,0.,1.,0.,0.,0.,1.,0.,       2951P   2337
0.,1.;                                                              2951P   2338
126,1,1,1,0,1,0,0.,0.,1.,1.,1.,1.,1.,0.,0.,1.,1.,0.,0.,1.,0.,       2953P   2339
0.,1.;                                                              2953P   2340
110,-0.95,4.2,-4.,-0.95,4.8,-4.;                                    2955P   2341
102,4,2945,2949,2951,2953;                                          2957P   2342
102,4,2947,2933,2741,2955;                                          2959P   2343
142,1,2943,2957,2959,1;                                             2961P   2344
144,2943,1,0,2961;                                                  2963P   2345
128,1,1,1,1,0,0,1,0,0,0.,0.,1.,1.,0.,0.,1.,1.,1.,1.,1.,1.,0.95,     2965P   2346
4.2,-4.,-0.95,4.2,-4.,0.95,4.8,-4.,-0.95,4.8,-4.,0.,1.,0.,1.;       2965P   2347
126,1,1,1,0,1,0,0.,0.,1.,1.,1.,1.,0.,0.,0.,1.,0.,0.,0.,1.,0.,       2967P   2348
0.,1.;                                                              2967P   2349
126,1,1,1,0,1,0,0.,0.,1.,1.,1.,1.,1.,0.,0.,1.,1.,0.,0.,1.,0.,       2969P   2350
0.,1.;                                                              2969P   2351
126,1,1,1,0,1,0,0.,0.,1.,1.,1.,1.,1.,1.,0.,0.,1.,0.,0.,1.,0.,       2971P   2352
0.,1.;                                                              2971P   2353
110,-0.95,4.8,-4.,0.95,4.8,-4.;                                     2973P   2354
126,1,1,1,0,1,0,0.,0.,1.,1.,1.,1.,0.,1.,0.,0.,0.,0.,0.,1.,0.,       2975P   2355
0.,1.;                                                              2975P   2356
110,0.95,4.8,-4.,0.95,4.2,-4.;                                      2977P   2357
102,4,2967,2969,2971,2975;                                          2979P   2358
102,4,2745,2955,2973,2977;                                          2981P   2359
142,1,2965,2979,2981,1;                                             2983P   2360
144,2965,1,0,2983;                                                  2985P   2361
128,1,1,1,1,0,0,1,0,0,0.,0.,1.,1.,0.,0.,1.,1.,1.,1.,1.,1.,0.95,     2987P   2362
4.2,0.,0.95,4.2,-4.,0.95,4.8,0.,0.95,4.8,-4.,0.,1.,0.,1.;           2987P   2363
126,1,1,1,0,1,0,0.,0.,1.,1.,1.,1.,0.,0.,0.,1.,0.,0.,0.,1.,0.,       2989P   2364
0.,1.;                                                              2989P   2365
126,1,1,1,0,1,0,0.,0.,1.,1.,1.,1.,1.,0.,0.,1.,1.,0.,0.,1.,0.,       2991P   2366
0.,1.;                                                              2991P   2367
126,1,1,1,0,1,0,0.,0.,1.,1.,1.,1.,1.,1.,0.,0.,1.,0.,0.,1.,0.,       2993P   2368
0.,1.;                                                              2993P   2369
110,0.95,4.8,-4.,0.95,4.8,0.;                                       2995P   2370
126,1,1,1,0,1,0,0.,0.,1.,1.,1.,1.,0.,1.,0.,0.,0.,0.,0.,1.,0.,       2997P   2371
0.,1.;                                                              2997P   2372
110,0.95,4.8,0.,0.95,4.2,0.;                                        2999P   2373
102,4,2989,2991,2993,2997;                                          3001P   2374
102,4,2749,2977,2995,2999;                                          3003P   2375
142,1,2987,3001,3003,1;                                             3005P   2376
144,2987,1,0,3005;                                                  3007P   2377
128,1,1,1,1,0,0,1,0,0,0.,0.,1.,1.,0.,0.,1.,1.,1.,1.,1.,1.,0.95,     3009P   2378
4.8,0.,0.95,3.5,0.,3.95,4.8,0.,3.95,3.5,0.,0.,1.,0.,1.;             3009P   2379
126,1,1,1,0,1,0,0.,0.,1.,1.,1.,1.,0.461538462,0.,0.,                3011P   2380
0.461538462,0.666666667,0.,0.,1.,0.,0.,1.;                          3011P   2381
126,1,1,1,0,1,0,0.,0.,1.,1.,1.,1.,0.461538462,0.666666667,0.,       3013P   2382
1.,0.666666667,0.,0.,1.,0.,0.,1.;                                   3013P   2383
126,1,1,1,0,1,0,0.,0.,1.,1.,1.,1.,1.,0.666666667,0.,1.,1.,0.,       3015P   2384
0.,1.,0.,0.,1.;                                                     3015P   2385
126,1,1,1,0,1,0,0.,0.,1.,1.,1.,1.,1.,1.,0.,0.,1.,0.,0.,1.,0.,       3017P   2386
0.,1.;                                                              3017P   2387
110,3.95,3.5,0.,3.95,4.8,0.;                                        3019P   2388
126,1,1,1,0,1,0,0.,0.,1.,1.,1.,1.,0.,1.,0.,0.,0.,0.,0.,1.,0.,       3021P   2389
0.,1.;                                                              3021P   2390
110,3.95,4.8,0.,0.95,4.8,0.;                                        3023P   2391
126,1,1,1,0,1,0,0.,0.,1.,1.,1.,1.,0.,0.,0.,0.461538462,0.,0.,       3025P   2392
0.,1.,0.,0.,1.;                                                     3025P   2393
102,6,3011,3013,3015,3017,3021,3025;                                3027P   2394
102,6,2753,2213,2679,3019,3023,2999;                                3029P   2395
142,1,3009,3027,3029,1;                                             3031P   2396
144,3009,1,0,3031;                                                  3033P   2397
128,1,1,1,1,0,0,1,0,0,0.,0.,1.,1.,0.,0.,1.,1.,1.,1.,1.,1.,3.95,     3035P   2398
0.,0.,3.95,0.,-7.6,3.95,4.8,0.,3.95,4.8,-7.6,0.,1.,0.,1.;           3035P   2399
126,1,1,1,0,1,0,0.,0.,1.,1.,1.,1.,0.,0.729166667,0.,                3037P   2400
0.263157895,0.729166667,0.,0.,1.,0.,0.,1.;                          3037P   2401
126,1,1,1,0,1,0,0.,0.,1.,1.,1.,1.,0.263157895,0.729166667,0.,       3039P   2402
0.263157895,0.520833333,0.,0.,1.,0.,0.,1.;                          3039P   2403
126,1,1,1,0,1,0,0.,0.,1.,1.,1.,1.,0.263157895,0.520833333,0.,       3041P   2404
0.105263158,0.520833333,0.,0.,1.,0.,0.,1.;                          3041P   2405
126,1,1,1,0,1,0,0.,0.,1.,1.,1.,1.,0.105263158,0.520833333,0.,       3043P   2406
0.105263158,0.270833333,0.,0.,1.,0.,0.,1.;                          3043P   2407
126,1,1,1,0,1,0,0.,0.,1.,1.,1.,1.,0.105263158,0.270833333,0.,       3045P   2408
0.355263158,0.270833333,0.,0.,1.,0.,0.,1.;                          3045P   2409
126,1,1,1,0,1,0,0.,0.,1.,1.,1.,1.,0.355263158,0.270833333,0.,       3047P   2410
0.355263158,0.,0.,0.,1.,0.,0.,1.;                                   3047P   2411
126,1,1,1,0,1,0,0.,0.,1.,1.,1.,1.,0.355263158,0.,0.,1.,0.,0.,       3049P   2412
0.,1.,0.,0.,1.;                                                     3049P   2413
126,1,1,1,0,1,0,0.,0.,1.,1.,1.,1.,1.,0.,0.,1.,0.520833333,0.,       3051P   2414
0.,1.,0.,0.,1.;                                                     3051P   2415
126,1,1,1,0,1,0,0.,0.,1.,1.,1.,1.,1.,0.520833333,0.,                3053P   2416
0.789473684,0.6875,0.,0.,1.,0.,0.,1.;                               3053P   2417
126,1,1,1,0,1,0,0.,0.,1.,1.,1.,1.,0.789473684,0.6875,0.,            3055P   2418
0.789473684,1.,0.,0.,1.,0.,0.,1.;                                   3055P   2419
126,1,1,1,0,1,0,0.,0.,1.,1.,1.,1.,0.789473684,1.,0.,0.,1.,0.,       3057P   2420
0.,1.,0.,0.,1.;                                                     3057P   2421
110,3.95,4.8,-6.,3.95,4.8,0.;                                       3059P   2422
126,1,1,1,0,1,0,0.,0.,1.,1.,1.,1.,0.,1.,0.,0.,0.729166667,0.,       3061P   2423
0.,1.,0.,0.,1.;                                                     3061P   2424
102,12,3037,3039,3041,3043,3045,3047,3049,3051,3053,3055,3057,      3063P   2425
3061;                                                               3063P   2426
102,12,2683,2705,1749,2539,2561,2583,2601,2641,2661,1611,3059,      3065P   2427
3019;                                                               3065P   2428
142,1,3035,3063,3065,1;                                             3067P   2429
144,3035,1,0,3067;                                                  3069P   2430
128,1,1,1,1,0,0,1,0,0,0.,0.,1.,1.,0.,0.,1.,1.,1.,1.,1.,1.,2.45,     3071P   2431
3.8,-3.577341738,2.45,3.8,-6.,2.45,4.8,-3.577341738,2.45,4.8,       3071P   2432
-6.,0.,1.,0.,1.;                                                    3071P   2433
126,1,1,1,0,1,0,0.,0.,1.,1.,1.,1.,0.752338161,0.4,0.,               3073P   2434
0.752338161,0.,0.,0.,1.,0.,0.,1.;                                   3073P   2435
126,1,1,1,0,1,0,0.,0.,1.,1.,1.,1.,0.752338161,0.,0.,1.,0.,0.,       3075P   2436
0.,1.,0.,0.,1.;                                                     3075P   2437
126,1,1,1,0,1,0,0.,0.,1.,1.,1.,1.,1.,0.,0.,1.,1.,0.,0.,1.,0.,       3077P   2438
0.,1.;                                                              3077P   2439
126,1,1,1,0,1,0,0.,0.,1.,1.,1.,1.,1.,1.,0.,0.,1.,0.,0.,1.,0.,       3079P   2440
0.,1.;                                                              3079P   2441
110,2.45,4.8,-6.,2.45,4.8,-3.577341738;                             3081P   2442
126,1,1,1,0,1,0,0.,0.,1.,1.,1.,1.,0.,1.,0.,0.,0.4,0.,0.,1.,0.,      3083P   2443
0.,1.;                                                              3083P   2444
110,2.45,4.8,-3.577341738,2.45,4.2,-3.577341738;                    3085P   2445
126,1,1,1,0,1,0,0.,0.,1.,1.,1.,1.,0.,0.4,0.,0.752338161,0.4,0.,     3087P   2446
0.,1.,0.,0.,1.;                                                     3087P   2447
102,6,3073,3075,3077,3079,3083,3087;                                3089P   2448
102,6,2251,2797,1603,3081,3085,2761;                                3091P   2449
142,1,3071,3089,3091,1;                                             3093P   2450
144,3071,1,0,3093;                                                  3095P   2451
128,1,1,1,1,0,0,1,0,0,0.,0.,1.,1.,0.,0.,1.,1.,1.,1.,1.,1.,1.45,     3097P   2452
4.2,-3.577341738,2.45,4.2,-3.577341738,1.45,4.8,-3.577341738,       3097P   2453
2.45,4.8,-3.577341738,0.,1.,0.,1.;                                  3097P   2454
126,1,1,1,0,1,0,0.,0.,1.,1.,1.,1.,0.,0.,0.,1.,0.,0.,0.,1.,0.,       3099P   2455
0.,1.;                                                              3099P   2456
126,1,1,1,0,1,0,0.,0.,1.,1.,1.,1.,1.,0.,0.,1.,1.,0.,0.,1.,0.,       3101P   2457
0.,1.;                                                              3101P   2458
126,1,1,1,0,1,0,0.,0.,1.,1.,1.,1.,1.,1.,0.,0.,1.,0.,0.,1.,0.,       3103P   2459
0.,1.;                                                              3103P   2460
110,2.45,4.8,-3.577341738,1.45,4.8,-3.577341738;                    3105P   2461
126,1,1,1,0,1,0,0.,0.,1.,1.,1.,1.,0.,1.,0.,0.,0.,0.,0.,1.,0.,       3107P   2462
0.,1.;                                                              3107P   2463
110,1.45,4.8,-3.577341738,1.45,4.2,-3.577341738;                    3109P   2464
102,4,3099,3101,3103,3107;                                          3111P   2465
102,4,2765,3085,3105,3109;                                          3113P   2466
142,1,3097,3111,3113,1;                                             3115P   2467
144,3097,1,0,3115;                                                  3117P   2468
128,1,1,1,1,0,0,1,0,0,0.,0.,1.,1.,0.,0.,1.,1.,1.,1.,1.,1.,1.45,     3119P   2469
3.8,-5.799999844,1.45,3.8,-3.577341738,1.45,4.8,-5.799999844,       3119P   2470
1.45,4.8,-3.577341738,0.,1.,0.,1.;                                  3119P   2471
126,1,1,1,0,1,0,0.,0.,1.,1.,1.,1.,0.17996463,0.,0.,0.17996463,      3121P   2472
0.4,0.,0.,1.,0.,0.,1.;                                              3121P   2473
126,1,1,1,0,1,0,0.,0.,1.,1.,1.,1.,0.17996463,0.4,0.,1.,0.4,0.,      3123P   2474
0.,1.,0.,0.,1.;                                                     3123P   2475
126,1,1,1,0,1,0,0.,0.,1.,1.,1.,1.,1.,0.4,0.,1.,1.,0.,0.,1.,0.,      3125P   2476
0.,1.;                                                              3125P   2477
126,1,1,1,0,1,0,0.,0.,1.,1.,1.,1.,1.,1.,0.,0.,1.,0.,0.,1.,0.,       3127P   2478
0.,1.;                                                              3127P   2479
110,1.45,4.8,-3.577341738,1.45,4.8,-5.799999844;                    3129P   2480
126,1,1,1,0,1,0,0.,0.,1.,1.,1.,1.,0.,1.,0.,0.,0.,0.,0.,1.,0.,       3131P   2481
0.,1.;                                                              3131P   2482
126,1,1,1,0,1,0,0.,0.,1.,1.,1.,1.,0.,0.,0.,0.17996463,0.,0.,0.,     3133P   2483
1.,0.,0.,1.;                                                        3133P   2484
102,6,3121,3123,3125,3127,3131,3133;                                3135P   2485
102,6,2243,2769,3109,3129,1303,2787;                                3137P   2486
142,1,3119,3135,3137,1;                                             3139P   2487
144,3119,1,0,3139;                                                  3141P   2488
128,1,1,1,1,0,0,1,0,0,0.,0.,1.,1.,0.,0.,1.,1.,1.,1.,1.,1.,          3143P   2489
-3.95,4.8,-6.,-3.95,4.8,0.,3.95,4.8,-6.,3.95,4.8,0.,0.,1.,0.,       3143P   2490
1.;                                                                 3143P   2491
126,1,1,1,0,1,0,0.,0.,1.,1.,1.,1.,0.,0.449367089,0.,                3145P   2492
0.033333359,0.449367089,0.,0.,1.,0.,0.,1.;                          3145P   2493
126,1,1,1,0,1,0,0.,0.,1.,1.,1.,1.,0.033333359,0.449367089,0.,       3147P   2494
0.033333359,0.316455696,0.,0.,1.,0.,0.,1.;                          3147P   2495
126,1,1,1,0,1,0,0.,0.,1.,1.,1.,1.,0.033333359,0.316455696,0.,       3149P   2496
0.403776377,0.316455696,0.,0.,1.,0.,0.,1.;                          3149P   2497
126,1,1,1,0,1,0,0.,0.,1.,1.,1.,1.,0.403776377,0.316455696,0.,       3151P   2498
0.403776377,0.189873418,0.,0.,1.,0.,0.,1.;                          3151P   2499
126,1,1,1,0,1,0,0.,0.,1.,1.,1.,1.,0.403776377,0.189873418,0.,       3153P   2500
0.,0.189873418,0.,0.,1.,0.,0.,1.;                                   3153P   2501
126,1,1,1,0,1,0,0.,0.,1.,1.,1.,1.,0.,0.189873418,0.,0.,0.,0.,       3155P   2502
0.,1.,0.,0.,1.;                                                     3155P   2503
126,1,1,1,0,1,0,0.,0.,1.,1.,1.,1.,0.,0.,0.,1.,0.,0.,0.,1.,0.,       3157P   2504
0.,1.;                                                              3157P   2505
126,1,1,1,0,1,0,0.,0.,1.,1.,1.,1.,1.,0.,0.,1.,0.379746835,0.,       3159P   2506
0.,1.,0.,0.,1.;                                                     3159P   2507
126,1,1,1,0,1,0,0.,0.,1.,1.,1.,1.,1.,0.379746835,0.,                3161P   2508
0.333333333,0.379746835,0.,0.,1.,0.,0.,1.;                          3161P   2509
126,1,1,1,0,1,0,0.,0.,1.,1.,1.,1.,0.333333333,0.379746835,0.,       3163P   2510
0.333333333,0.620253165,0.,0.,1.,0.,0.,1.;                          3163P   2511
126,1,1,1,0,1,0,0.,0.,1.,1.,1.,1.,0.333333333,0.620253165,0.,       3165P   2512
1.,0.620253165,0.,0.,1.,0.,0.,1.;                                   3165P   2513
126,1,1,1,0,1,0,0.,0.,1.,1.,1.,1.,1.,0.620253165,0.,1.,1.,0.,       3167P   2514
0.,1.,0.,0.,1.;                                                     3167P   2515
126,1,1,1,0,1,0,0.,0.,1.,1.,1.,1.,1.,1.,0.,0.,1.,0.,0.,1.,0.,       3169P   2516
0.,1.;                                                              3169P   2517
126,1,1,1,0,1,0,0.,0.,1.,1.,1.,1.,0.,1.,0.,0.,0.810126582,0.,       3171P   2518
0.,1.,0.,0.,1.;                                                     3171P   2519
126,1,1,1,0,1,0,0.,0.,1.,1.,1.,1.,0.,0.810126582,0.,                3173P   2520
0.403776377,0.810126582,0.,0.,1.,0.,0.,1.;                          3173P   2521
126,1,1,1,0,1,0,0.,0.,1.,1.,1.,1.,0.403776377,0.810126582,0.,       3175P   2522
0.403776377,0.683544304,0.,0.,1.,0.,0.,1.;                          3175P   2523
126,1,1,1,0,1,0,0.,0.,1.,1.,1.,1.,0.403776377,0.683544304,0.,       3177P   2524
0.033333359,0.683544304,0.,0.,1.,0.,0.,1.;                          3177P   2525
126,1,1,1,0,1,0,0.,0.,1.,1.,1.,1.,0.033333359,0.683544304,0.,       3179P   2526
0.033333359,0.550632911,0.,0.,1.,0.,0.,1.;                          3179P   2527
126,1,1,1,0,1,0,0.,0.,1.,1.,1.,1.,0.033333359,0.550632911,0.,       3181P   2528
0.,0.550632912,0.,0.,1.,0.,0.,1.;                                   3181P   2529
126,1,1,1,0,1,0,0.,0.,1.,1.,1.,1.,0.,0.550632912,0.,0.,             3183P   2530
0.449367089,0.,0.,1.,0.,0.,1.;                                      3183P   2531
102,20,3145,3147,3149,3151,3153,3155,3157,3159,3161,3163,3165,      3185P   2532
3167,3169,3171,3173,3175,3177,3179,3181,3183;                       3185P   2533
102,20,1233,1371,2821,2837,2859,1407,2893,2921,2947,2973,2995,      3187P   2534
3023,3059,1607,3081,3105,3129,1307,1211,1181;                       3187P   2535
142,1,3143,3185,3187,1;                                             3189P   2536
144,3143,1,0,3189;                                                  3191P   2537
110,-0.399999996,0.2,-6.,-0.399999996,4.8,-6.;                      3193P   2538
110,-0.399999996,4.8,-6.,0.400000003,4.8,-6.;                       3195P   2539
110,0.400000003,4.8,-6.,0.400000005,0.2,-6.;                        3197P   2540
110,0.400000005,0.2,-6.,-0.399999996,0.2,-6.;                       3199P   2541
110,0.400000005,0.2,-6.,0.4,0.2,-5.799999844;                       3201P   2542
110,0.4,0.2,-5.799999844,0.4,4.8,-5.799999844;                      3203P   2543
110,0.4,4.8,-5.799999844,0.400000003,4.8,-6.;                       3205P   2544
110,-0.399999999,0.2,-5.799999844,-0.399999996,0.2,-6.;             3207P   2545
110,-0.399999996,4.8,-6.,-0.399999999,4.8,-5.799999844;             3209P   2546
110,-0.399999999,4.8,-5.799999844,-0.399999999,0.2,                 3211P   2547
-5.799999844;                                                       3211P   2548
110,-1.6,3.8,-5.799999844,-1.599999999,3.8,-6.;                     3213P   2549
110,-1.599999999,3.8,-6.,-1.599999998,0.2,-6.;                      3215P   2550
110,-1.599999998,0.2,-6.,-1.6,0.2,-5.799999844;                     3217P   2551
110,-1.6,0.2,-5.799999844,-1.6,3.8,-5.799999844;                    3219P   2552
110,1.600000003,3.8,-6.,1.6,3.8,-5.799999844;                       3221P   2553
110,1.6,3.8,-5.799999844,1.600000001,0.2,-5.799999844;              3223P   2554
110,1.600000001,0.2,-5.799999844,1.600000004,0.2,-6.;               3225P   2555
110,1.600000004,0.2,-6.,1.600000003,3.8,-6.;                        3227P   2556
110,1.45,3.8,-5.799999844,1.45,4.8,-5.799999844;                    3229P   2557
110,1.45,4.8,-5.799999844,0.4,4.8,-5.799999844;                     3231P   2558
110,0.4,0.2,-5.799999844,1.600000001,0.2,-5.799999844;              3233P   2559
110,1.6,3.8,-5.799999844,1.45,3.8,-5.799999844;                     3235P   2560
110,1.25,2.85,-5.799999844,0.75,2.85,-5.799999844;                  3237P   2561
110,0.75,2.85,-5.799999844,0.75,3.35,-5.799999844;                  3239P   2562
110,0.75,3.35,-5.799999844,1.25,3.35,-5.799999844;                  3241P   2563
110,1.25,3.35,-5.799999844,1.25,2.85,-5.799999844;                  3243P   2564
110,-1.45,4.8,-5.799999844,-1.45,3.8,-5.799999844;                  3245P   2565
110,-1.45,3.8,-5.799999844,-1.6,3.8,-5.799999844;                   3247P   2566
110,-1.6,0.2,-5.799999844,-0.399999999,0.2,-5.799999844;            3249P   2567
110,-0.399999999,4.8,-5.799999844,-1.45,4.8,-5.799999844;           3251P   2568
110,-0.75,2.85,-5.799999844,-1.25,2.85,-5.799999844;                3253P   2569
110,-1.25,2.85,-5.799999844,-1.25,3.35,-5.799999844;                3255P   2570
110,-1.25,3.35,-5.799999844,-0.75,3.35,-5.799999844;                3257P   2571
110,-0.75,3.35,-5.799999844,-0.75,2.85,-5.799999844;                3259P   2572
110,-3.95,4.8,-6.,-2.45,4.8,-6.;                                    3261P   2573
110,-2.45,4.8,-6.,-2.45,3.8,-6.;                                    3263P   2574
110,-2.45,3.8,-6.,-1.599999999,3.8,-6.;                             3265P   2575
110,-1.599999998,0.2,-6.,-2.35,0.2,-6.;                             3267P   2576
110,-2.35,0.2,-6.,-2.35,0.,-6.;                                     3269P   2577
110,-2.35,0.,-6.,-3.15,0.,-6.;                                      3271P   2578
110,-3.15,0.,-6.,-3.15,3.3,-6.;                                     3273P   2579
110,-3.15,3.3,-6.,-3.95,3.3,-6.;                                    3275P   2580
110,-3.95,3.3,-6.,-3.95,4.8,-6.;                                    3277P   2581
110,-3.55,2.,-3.3,-3.55,0.,-3.3;                                    3279P   2582
110,-3.55,0.,-3.3,-3.05,0.,-3.3;                                    3281P   2583
110,-3.05,0.,-3.3,-3.05,2.,-3.3;                                    3283P   2584
110,-3.05,2.,-3.3,-3.55,2.,-3.3;                                    3285P   2585
110,-3.05,2.,-3.3,-3.05,2.,-0.8;                                    3287P   2586
110,-3.05,2.,-0.8,-3.55,2.,-0.8;                                    3289P   2587
110,-3.55,2.,-0.8,-3.55,2.,-3.3;                                    3291P   2588
110,3.05,2.,-0.8,3.55,2.,-0.8;                                      3293P   2589
110,3.55,2.,-0.8,3.55,2.,-3.3;                                      3295P   2590
110,3.55,2.,-3.3,3.05,2.,-3.3;                                      3297P   2591
110,3.05,2.,-3.3,3.05,2.,-0.8;                                      3299P   2592
110,3.05,0.,-3.3,3.05,2.,-3.3;                                      3301P   2593
110,3.55,2.,-3.3,3.55,0.,-3.3;                                      3303P   2594
110,3.55,0.,-3.3,3.05,0.,-3.3;                                      3305P   2595
110,-2.35,0.2,-6.,-2.35,0.2,0.;                                     3307P   2596
110,-2.35,0.2,0.,2.35,0.2,0.;                                       3309P   2597
110,2.35,0.2,0.,2.35,0.2,-6.;                                       3311P   2598
110,2.35,0.2,-6.,1.600000004,0.2,-6.;                               3313P   2599
110,1.600000003,3.8,-6.,2.45,3.8,-6.;                               3315P   2600
110,2.45,3.8,-6.,2.45,4.8,-6.;                                      3317P   2601
110,2.45,4.8,-6.,3.95,4.8,-6.;                                      3319P   2602
110,3.95,4.8,-6.,3.95,3.3,-6.;                                      3321P   2603
110,3.95,3.3,-6.,3.15,3.3,-6.;                                      3323P   2604
110,3.15,3.3,-6.,3.15,0.,-6.;                                       3325P   2605
110,3.15,0.,-6.,2.35,0.,-6.;                                        3327P   2606
110,2.35,0.,-6.,2.35,0.2,-6.;                                       3329P   2607
110,-2.95,2.5,-2.,-2.95,2.5,0.;                                     3331P   2608
110,-2.95,2.5,0.,-3.05,2.5,0.;                                      3333P   2609
110,-3.05,2.5,0.,-3.05,2.5,-0.8;                                    3335P   2610
110,-3.05,2.5,-0.8,-3.95,2.5,-0.8;                                  3337P   2611
110,-3.95,2.5,-0.8,-3.95,2.5,-2.;                                   3339P   2612
110,-3.95,2.5,-2.,-2.95,2.5,-2.;                                    3341P   2613
110,2.35,0.,0.,3.05,0.,0.;                                          3343P   2614
110,3.05,0.,0.,3.05,2.5,0.;                                         3345P   2615
110,3.05,2.5,0.,2.95,2.5,0.;                                        3347P   2616
110,2.95,2.5,0.,2.95,0.6,0.;                                        3349P   2617
110,2.95,0.6,0.,-2.95,0.6,0.;                                       3351P   2618
110,-2.95,0.6,0.,-2.95,2.5,0.;                                      3353P   2619
110,-3.05,2.5,0.,-3.05,0.,0.;                                       3355P   2620
110,-3.05,0.,0.,-2.35,0.,0.;                                        3357P   2621
110,-2.35,0.,0.,-2.35,0.2,0.;                                       3359P   2622
110,2.35,0.2,0.,2.35,0.,0.;                                         3361P   2623
110,3.95,2.5,-0.8,3.05,2.5,-0.8;                                    3363P   2624
110,3.05,2.5,-0.8,3.05,2.5,0.;                                      3365P   2625
110,2.95,2.5,0.,2.95,2.5,-2.;                                       3367P   2626
110,2.95,2.5,-2.,3.95,2.5,-2.;                                      3369P   2627
110,3.95,2.5,-2.,3.95,2.5,-0.8;                                     3371P   2628
110,-2.95,0.6,-5.4,2.95,0.6,-5.4;                                   3373P   2629
110,2.95,0.6,-5.4,2.95,0.6,0.;                                      3375P   2630
110,-2.95,0.6,0.,-2.95,0.6,-5.4;                                    3377P   2631
110,0.75,2.85,-5.799999844,0.75,2.85,-5.4;                          3379P   2632
110,0.75,2.85,-5.4,0.75,3.35,-5.4;                                  3381P   2633
110,0.75,3.35,-5.4,0.75,3.35,-5.799999844;                          3383P   2634
110,1.25,2.85,-5.799999844,1.25,2.85,-5.4;                          3385P   2635
110,1.25,2.85,-5.4,0.75,2.85,-5.4;                                  3387P   2636
110,1.25,3.35,-5.799999844,1.25,3.35,-5.4;                          3389P   2637
110,1.25,3.35,-5.4,1.25,2.85,-5.4;                                  3391P   2638
110,0.75,3.35,-5.4,1.25,3.35,-5.4;                                  3393P   2639
110,-1.25,2.85,-5.799999844,-1.25,2.85,-5.4;                        3395P   2640
110,-1.25,2.85,-5.4,-1.25,3.35,-5.4;                                3397P   2641
110,-1.25,3.35,-5.4,-1.25,3.35,-5.799999844;                        3399P   2642
110,-0.75,2.85,-5.799999844,-0.75,2.85,-5.4;                        3401P   2643
110,-0.75,2.85,-5.4,-1.25,2.85,-5.4;                                3403P   2644
110,-0.75,3.35,-5.799999844,-0.75,3.35,-5.4;                        3405P   2645
110,-0.75,3.35,-5.4,-0.75,2.85,-5.4;                                3407P   2646
110,-1.25,3.35,-5.4,-0.75,3.35,-5.4;                                3409P   2647
110,-3.15,2.5,-7.6,-3.15,0.,-7.6;                                   3411P   2648
110,-3.15,0.,-7.6,-3.15,0.,-6.;                                     3413P   2649
110,-3.15,3.3,-6.,-3.15,2.5,-7.6;                                   3415P   2650
110,-3.05,0.,-3.3,-3.05,0.,0.;                                      3417P   2651
110,-3.05,2.5,-0.8,-3.05,2.,-0.8;                                   3419P   2652
110,-2.35,0.,-6.,-2.35,0.,0.;                                       3421P   2653
110,-3.55,2.,-0.8,-3.55,1.3,-0.8;                                   3423P   2654
110,-3.55,1.3,-0.8,-3.55,1.3,-2.7;                                  3425P   2655
110,-3.55,1.3,-2.7,-3.55,0.,-2.7;                                   3427P   2656
110,-3.55,0.,-2.7,-3.55,0.,-3.3;                                    3429P   2657
110,3.55,1.3,-2.7,3.55,0.,-2.7;                                     3431P   2658
110,3.55,0.,-2.7,3.55,0.,-3.3;                                      3433P   2659
110,3.55,2.,-0.8,3.55,1.3,-0.8;                                     3435P   2660
110,3.55,1.3,-0.8,3.55,1.3,-2.7;                                    3437P   2661
110,3.05,2.5,-0.8,3.05,2.,-0.8;                                     3439P   2662
110,3.05,0.,-3.3,3.05,0.,0.;                                        3441P   2663
110,2.35,0.,0.,2.35,0.,-6.;                                         3443P   2664
110,3.15,3.3,-6.,3.15,2.5,-7.6;                                     3445P   2665
110,3.15,2.5,-7.6,3.15,0.,-7.6;                                     3447P   2666
110,3.15,0.,-7.6,3.15,0.,-6.;                                       3449P   2667
110,-2.95,3.5,-2.,-2.95,3.5,0.;                                     3451P   2668
110,-2.95,3.5,0.,-2.95,4.2,0.;                                      3453P   2669
110,-2.95,4.2,0.,-2.95,4.2,-5.4;                                    3455P   2670
110,-2.95,4.2,-5.4,-2.95,0.6,-5.4;                                  3457P   2671
110,-2.95,2.5,-2.,-2.95,3.5,-2.;                                    3459P   2672
110,2.95,0.6,-5.4,2.95,4.2,-5.4;                                    3461P   2673
110,2.95,4.2,-5.4,2.95,4.2,0.;                                      3463P   2674
110,2.95,4.2,0.,2.95,3.5,0.;                                        3465P   2675
110,2.95,3.5,0.,2.95,3.5,-2.;                                       3467P   2676
110,2.95,3.5,-2.,2.95,2.5,-2.;                                      3469P   2677
110,-1.45,3.8,-5.4,-1.45,4.2,-5.4;                                  3471P   2678
110,-1.45,4.2,-5.4,1.45,4.2,-5.4;                                   3473P   2679
110,1.45,4.2,-5.4,1.45,3.8,-5.4;                                    3475P   2680
110,1.45,3.8,-5.4,2.45,3.8,-5.4;                                    3477P   2681
110,2.45,3.8,-5.4,2.45,4.2,-5.4;                                    3479P   2682
110,2.45,4.2,-5.4,2.95,4.2,-5.4;                                    3481P   2683
110,-2.95,4.2,-5.4,-2.45,4.2,-5.4;                                  3483P   2684
110,-2.45,4.2,-5.4,-2.45,3.8,-5.4;                                  3485P   2685
110,-2.45,3.8,-5.4,-1.45,3.8,-5.4;                                  3487P   2686
110,-2.45,3.8,-6.,-2.45,3.8,-5.4;                                   3489P   2687
110,-1.45,3.8,-5.4,-1.45,3.8,-5.799999844;                          3491P   2688
110,-2.95,3.5,-2.,-3.95,3.5,-2.;                                    3493P   2689
110,-3.95,3.5,-2.,-3.95,3.5,0.;                                     3495P   2690
110,-3.95,3.5,0.,-2.95,3.5,0.;                                      3497P   2691
110,-3.95,3.3,-6.,-3.95,2.5,-7.6;                                   3499P   2692
110,-3.95,2.5,-7.6,-3.15,2.5,-7.6;                                  3501P   2693
110,-3.95,2.5,-7.6,-3.95,0.,-7.6;                                   3503P   2694
110,-3.95,0.,-7.6,-3.15,0.,-7.6;                                    3505P   2695
110,-3.55,0.,-2.7,-3.95,0.,-2.7;                                    3507P   2696
110,-3.95,0.,-2.7,-3.95,0.,-7.6;                                    3509P   2697
110,-3.95,1.3,-2.7,-3.95,0.,-2.7;                                   3511P   2698
110,-3.55,1.3,-2.7,-3.95,1.3,-2.7;                                  3513P   2699
110,-3.95,1.3,-0.8,-3.95,1.3,-2.7;                                  3515P   2700
110,-3.55,1.3,-0.8,-3.95,1.3,-0.8;                                  3517P   2701
110,-3.95,2.5,-0.8,-3.95,1.3,-0.8;                                  3519P   2702
110,-3.95,2.5,-2.,-3.95,3.5,-2.;                                    3521P   2703
110,3.95,2.5,-0.8,3.95,1.3,-0.8;                                    3523P   2704
110,3.95,1.3,-0.8,3.55,1.3,-0.8;                                    3525P   2705
110,3.95,1.3,-0.8,3.95,1.3,-2.7;                                    3527P   2706
110,3.95,1.3,-2.7,3.55,1.3,-2.7;                                    3529P   2707
110,3.95,1.3,-2.7,3.95,0.,-2.7;                                     3531P   2708
110,3.95,0.,-2.7,3.55,0.,-2.7;                                      3533P   2709
110,3.95,0.,-7.6,3.95,0.,-2.7;                                      3535P   2710
110,3.15,0.,-7.6,3.95,0.,-7.6;                                      3537P   2711
110,3.15,2.5,-7.6,3.95,2.5,-7.6;                                    3539P   2712
110,3.95,2.5,-7.6,3.95,0.,-7.6;                                     3541P   2713
110,3.95,3.3,-6.,3.95,2.5,-7.6;                                     3543P   2714
110,2.95,3.5,0.,3.95,3.5,0.;                                        3545P   2715
110,3.95,3.5,0.,3.95,3.5,-2.;                                       3547P   2716
110,3.95,3.5,-2.,2.95,3.5,-2.;                                      3549P   2717
110,3.95,3.5,-2.,3.95,2.5,-2.;                                      3551P   2718
110,-1.45,4.2,-5.4,-1.45,4.2,-3.577341738;                          3553P   2719
110,-1.45,4.2,-3.577341738,-2.45,4.2,-3.577341738;                  3555P   2720
110,-2.45,4.2,-3.577341738,-2.45,4.2,-5.4;                          3557P   2721
110,-2.95,4.2,0.,-0.95,4.2,0.;                                      3559P   2722
110,-0.95,4.2,0.,-0.95,4.2,-4.;                                     3561P   2723
110,-0.95,4.2,-4.,0.95,4.2,-4.;                                     3563P   2724
110,0.95,4.2,-4.,0.95,4.2,0.;                                       3565P   2725
110,0.95,4.2,0.,2.95,4.2,0.;                                        3567P   2726
110,2.45,4.2,-5.4,2.45,4.2,-3.577341738;                            3569P   2727
110,2.45,4.2,-3.577341738,1.45,4.2,-3.577341738;                    3571P   2728
110,1.45,4.2,-3.577341738,1.45,4.2,-5.4;                            3573P   2729
110,1.45,3.8,-5.4,1.45,3.8,-5.799999844;                            3575P   2730
110,2.45,3.8,-6.,2.45,3.8,-5.4;                                     3577P   2731
110,-1.45,4.2,-3.577341738,-1.45,4.8,-3.577341738;                  3579P   2732
110,-1.45,4.8,-3.577341738,-1.45,4.8,-5.799999844;                  3581P   2733
110,-2.45,4.8,-3.577341738,-1.45,4.8,-3.577341738;                  3583P   2734
110,-2.45,4.2,-3.577341738,-2.45,4.8,-3.577341738;                  3585P   2735
110,-2.45,4.8,-6.,-2.45,4.8,-3.577341738;                           3587P   2736
110,-3.95,3.5,0.,-3.95,4.8,0.;                                      3589P   2737
110,-3.95,4.8,0.,-3.95,4.8,-6.;                                     3591P   2738
110,-0.95,4.8,0.,-3.95,4.8,0.;                                      3593P   2739
110,-0.95,4.2,0.,-0.95,4.8,0.;                                      3595P   2740
110,-0.95,4.8,-4.,-0.95,4.8,0.;                                     3597P   2741
110,-0.95,4.2,-4.,-0.95,4.8,-4.;                                    3599P   2742
110,-0.95,4.8,-4.,0.95,4.8,-4.;                                     3601P   2743
110,0.95,4.8,-4.,0.95,4.2,-4.;                                      3603P   2744
110,0.95,4.8,-4.,0.95,4.8,0.;                                       3605P   2745
110,0.95,4.8,0.,0.95,4.2,0.;                                        3607P   2746
110,3.95,3.5,0.,3.95,4.8,0.;                                        3609P   2747
110,3.95,4.8,0.,0.95,4.8,0.;                                        3611P   2748
110,3.95,4.8,-6.,3.95,4.8,0.;                                       3613P   2749
110,2.45,4.8,-6.,2.45,4.8,-3.577341738;                             3615P   2750
110,2.45,4.8,-3.577341738,2.45,4.2,-3.577341738;                    3617P   2751
110,2.45,4.8,-3.577341738,1.45,4.8,-3.577341738;                    3619P   2752
110,1.45,4.8,-3.577341738,1.45,4.2,-3.577341738;                    3621P   2753
110,1.45,4.8,-3.577341738,1.45,4.8,-5.799999844;                    3623P   2754
128,1,1,1,1,0,0,1,0,0,0.,0.,1.,1.,0.,0.,1.,1.,1.,1.,1.,1.,          3625P   2755
-0.75,-0.003,-8.5,-0.85,-0.003,-8.6,-0.75,0.503,-8.5,-0.85,         3625P   2756
0.503,-8.6,0.,1.,0.,1.;                                             3625P   2757
126,1,1,1,0,1,0,0.,0.,1.,1.,1.,1.,0.,0.994071146,0.,0.,             3627P   2758
0.005928854,0.,0.,1.,0.,0.,1.;                                      3627P   2759
110,-0.75,0.5,-8.5,-0.75,0.,-8.5;                                   3629P   2760
126,1,1,1,0,1,0,0.,0.,1.,1.,1.,1.,0.,0.005928854,0.,1.,             3631P   2761
0.203557312,0.,0.,1.,0.,0.,1.;                                      3631P   2762
110,-0.75,0.,-8.5,-0.85,0.1,-8.6;                                   3633P   2763
126,1,1,1,0,1,0,0.,0.,1.,1.,1.,1.,1.,0.203557312,0.,1.,             3635P   2764
0.796442688,0.,0.,1.,0.,0.,1.;                                      3635P   2765
110,-0.85,0.1,-8.6,-0.85,0.4,-8.6;                                  3637P   2766
126,1,1,1,0,1,0,0.,0.,1.,1.,1.,1.,1.,0.796442688,0.,0.,             3639P   2767
0.994071146,0.,0.,1.,0.,0.,1.;                                      3639P   2768
110,-0.85,0.4,-8.6,-0.75,0.5,-8.5;                                  3641P   2769
102,4,3627,3631,3635,3639;                                          3643P   2770
102,4,3629,3633,3637,3641;                                          3645P   2771
142,1,3625,3643,3645,1;                                             3647P   2772
144,3625,1,0,3647;                                                  3649P   2773
128,1,1,1,1,0,0,1,0,0,0.,0.,1.,1.,0.,0.,1.,1.,1.,1.,1.,1.,          3651P   2774
-0.85,2.847,-0.4,-0.75,2.847,-0.5,-0.85,3.353,-0.4,-0.75,3.353,     3651P   2775
-0.5,0.,1.,0.,1.;                                                   3651P   2776
126,1,1,1,0,1,0,0.,0.,1.,1.,1.,1.,0.,0.796442688,0.,0.,             3653P   2777
0.203557312,0.,0.,1.,0.,0.,1.;                                      3653P   2778
110,-0.85,3.25,-0.4,-0.85,2.95,-0.4;                                3655P   2779
126,1,1,1,0,1,0,0.,0.,1.,1.,1.,1.,0.,0.203557312,0.,1.,             3657P   2780
0.005928854,0.,0.,1.,0.,0.,1.;                                      3657P   2781
110,-0.85,2.95,-0.4,-0.75,2.85,-0.5;                                3659P   2782
126,1,1,1,0,1,0,0.,0.,1.,1.,1.,1.,1.,0.005928854,0.,1.,             3661P   2783
0.994071146,0.,0.,1.,0.,0.,1.;                                      3661P   2784
110,-0.75,2.85,-0.5,-0.75,3.35,-0.5;                                3663P   2785
126,1,1,1,0,1,0,0.,0.,1.,1.,1.,1.,1.,0.994071146,0.,0.,             3665P   2786
0.796442688,0.,0.,1.,0.,0.,1.;                                      3665P   2787
110,-0.75,3.35,-0.5,-0.85,3.25,-0.4;                                3667P   2788
102,4,3653,3657,3661,3665;                                          3669P   2789
102,4,3655,3659,3663,3667;                                          3671P   2790
142,1,3651,3669,3671,1;                                             3673P   2791
144,3651,1,0,3673;                                                  3675P   2792
128,1,1,1,1,0,0,1,0,0,0.,0.,1.,1.,0.,0.,1.,1.,1.,1.,1.,1.,          3677P   2793
-1.15,0.1,-8.6,-0.85,0.1,-8.6,-1.15,0.4,-8.6,-0.85,0.4,-8.6,0.,     3677P   2794
1.,0.,1.;                                                           3677P   2795
126,1,1,1,0,1,0,0.,0.,1.,1.,1.,1.,1.,0.,0.,1.,1.,0.,0.,1.,0.,       3679P   2796
0.,1.;                                                              3679P   2797
126,1,1,1,0,1,0,0.,0.,1.,1.,1.,1.,1.,1.,0.,0.,1.,0.,0.,1.,0.,       3681P   2798
0.,1.;                                                              3681P   2799
110,-0.85,0.4,-8.6,-1.15,0.4,-8.6;                                  3683P   2800
126,1,1,1,0,1,0,0.,0.,1.,1.,1.,1.,0.,1.,0.,0.,0.,0.,0.,1.,0.,       3685P   2801
0.,1.;                                                              3685P   2802
110,-1.15,0.4,-8.6,-1.15,0.1,-8.6;                                  3687P   2803
126,1,1,1,0,1,0,0.,0.,1.,1.,1.,1.,0.,0.,0.,1.,0.,0.,0.,1.,0.,       3689P   2804
0.,1.;                                                              3689P   2805
110,-1.15,0.1,-8.6,-0.85,0.1,-8.6;                                  3691P   2806
102,4,3679,3681,3685,3689;                                          3693P   2807
102,4,3637,3683,3687,3691;                                          3695P   2808
142,1,3677,3693,3695,1;                                             3697P   2809
144,3677,1,0,3697;                                                  3699P   2810
128,1,1,1,1,0,0,1,0,0,0.,0.,1.,1.,0.,0.,1.,1.,1.,1.,1.,1.,          3701P   2811
-1.253,0.,-8.5,-1.253,0.1,-8.6,-0.747,0.,-8.5,-0.747,0.1,-8.6,      3701P   2812
0.,1.,0.,1.;                                                        3701P   2813
126,1,1,1,0,1,0,0.,0.,1.,1.,1.,1.,1.,0.203557312,0.,1.,             3703P   2814
0.796442688,0.,0.,1.,0.,0.,1.;                                      3703P   2815
126,1,1,1,0,1,0,0.,0.,1.,1.,1.,1.,1.,0.796442688,0.,0.,             3705P   2816
0.994071146,0.,0.,1.,0.,0.,1.;                                      3705P   2817
126,1,1,1,0,1,0,0.,0.,1.,1.,1.,1.,0.,0.994071146,0.,0.,             3707P   2818
0.005928854,0.,0.,1.,0.,0.,1.;                                      3707P   2819
110,-0.75,0.,-8.5,-1.25,0.,-8.5;                                    3709P   2820
126,1,1,1,0,1,0,0.,0.,1.,1.,1.,1.,0.,0.005928854,0.,1.,             3711P   2821
0.203557312,0.,0.,1.,0.,0.,1.;                                      3711P   2822
110,-1.25,0.,-8.5,-1.15,0.1,-8.6;                                   3713P   2823
102,4,3703,3705,3707,3711;                                          3715P   2824
102,4,3691,3633,3709,3713;                                          3717P   2825
142,1,3701,3715,3717,1;                                             3719P   2826
144,3701,1,0,3719;                                                  3721P   2827
128,1,1,1,1,0,0,1,0,0,0.,0.,1.,1.,0.,0.,1.,1.,1.,1.,1.,1.,          3723P   2828
-1.253,2.95,-0.4,-1.253,2.85,-0.5,-0.747,2.95,-0.4,-0.747,2.85,     3723P   2829
-0.5,0.,1.,0.,1.;                                                   3723P   2830
126,1,1,1,0,1,0,0.,0.,1.,1.,1.,1.,0.,0.796442688,0.,0.,             3725P   2831
0.203557312,0.,0.,1.,0.,0.,1.;                                      3725P   2832
110,-0.85,2.95,-0.4,-1.15,2.95,-0.4;                                3727P   2833
126,1,1,1,0,1,0,0.,0.,1.,1.,1.,1.,0.,0.203557312,0.,1.,             3729P   2834
0.005928854,0.,0.,1.,0.,0.,1.;                                      3729P   2835
110,-1.15,2.95,-0.4,-1.25,2.85,-0.5;                                3731P   2836
126,1,1,1,0,1,0,0.,0.,1.,1.,1.,1.,1.,0.005928854,0.,1.,             3733P   2837
0.994071146,0.,0.,1.,0.,0.,1.;                                      3733P   2838
110,-1.25,2.85,-0.5,-0.75,2.85,-0.5;                                3735P   2839
126,1,1,1,0,1,0,0.,0.,1.,1.,1.,1.,1.,0.994071146,0.,0.,             3737P   2840
0.796442688,0.,0.,1.,0.,0.,1.;                                      3737P   2841
102,4,3725,3729,3733,3737;                                          3739P   2842
102,4,3727,3731,3735,3659;                                          3741P   2843
142,1,3723,3739,3741,1;                                             3743P   2844
144,3723,1,0,3743;                                                  3745P   2845
128,1,1,1,1,0,0,1,0,0,0.,0.,1.,1.,0.,0.,1.,1.,1.,1.,1.,1.,          3747P   2846
-1.15,2.95,-0.4,-0.85,2.95,-0.4,-1.15,3.25,-0.4,-0.85,3.25,         3747P   2847
-0.4,0.,1.,0.,1.;                                                   3747P   2848
126,1,1,1,0,1,0,0.,0.,1.,1.,1.,1.,1.,0.,0.,1.,1.,0.,0.,1.,0.,       3749P   2849
0.,1.;                                                              3749P   2850
126,1,1,1,0,1,0,0.,0.,1.,1.,1.,1.,1.,1.,0.,0.,1.,0.,0.,1.,0.,       3751P   2851
0.,1.;                                                              3751P   2852
110,-0.85,3.25,-0.4,-1.15,3.25,-0.4;                                3753P   2853
126,1,1,1,0,1,0,0.,0.,1.,1.,1.,1.,0.,1.,0.,0.,0.,0.,0.,1.,0.,       3755P   2854
0.,1.;                                                              3755P   2855
110,-1.15,3.25,-0.4,-1.15,2.95,-0.4;                                3757P   2856
126,1,1,1,0,1,0,0.,0.,1.,1.,1.,1.,0.,0.,0.,1.,0.,0.,0.,1.,0.,       3759P   2857
0.,1.;                                                              3759P   2858
102,4,3749,3751,3755,3759;                                          3761P   2859
102,4,3655,3753,3757,3727;                                          3763P   2860
142,1,3747,3761,3763,1;                                             3765P   2861
144,3747,1,0,3765;                                                  3767P   2862
128,1,1,1,1,0,0,1,0,0,0.,0.,1.,1.,0.,0.,1.,1.,1.,1.,1.,1.,          3769P   2863
-1.253,3.35,-0.5,-1.253,3.25,-0.4,-0.747,3.35,-0.5,-0.747,3.25,     3769P   2864
-0.4,0.,1.,0.,1.;                                                   3769P   2865
126,1,1,1,0,1,0,0.,0.,1.,1.,1.,1.,0.,0.994071146,0.,0.,             3771P   2866
0.005928854,0.,0.,1.,0.,0.,1.;                                      3771P   2867
110,-0.75,3.35,-0.5,-1.25,3.35,-0.5;                                3773P   2868
126,1,1,1,0,1,0,0.,0.,1.,1.,1.,1.,0.,0.005928854,0.,1.,             3775P   2869
0.203557312,0.,0.,1.,0.,0.,1.;                                      3775P   2870
110,-1.25,3.35,-0.5,-1.15,3.25,-0.4;                                3777P   2871
126,1,1,1,0,1,0,0.,0.,1.,1.,1.,1.,1.,0.203557312,0.,1.,             3779P   2872
0.796442688,0.,0.,1.,0.,0.,1.;                                      3779P   2873
126,1,1,1,0,1,0,0.,0.,1.,1.,1.,1.,1.,0.796442688,0.,0.,             3781P   2874
0.994071146,0.,0.,1.,0.,0.,1.;                                      3781P   2875
102,4,3771,3775,3779,3781;                                          3783P   2876
102,4,3773,3777,3753,3667;                                          3785P   2877
142,1,3769,3783,3785,1;                                             3787P   2878
144,3769,1,0,3787;                                                  3789P   2879
128,1,1,1,1,0,0,1,0,0,0.,0.,1.,1.,0.,0.,1.,1.,1.,1.,1.,1.,          3791P   2880
-1.253,0.4,-8.6,-1.253,0.5,-8.5,-0.747,0.4,-8.6,-0.747,0.5,         3791P   2881
-8.5,0.,1.,0.,1.;                                                   3791P   2882
126,1,1,1,0,1,0,0.,0.,1.,1.,1.,1.,1.,0.005928854,0.,1.,             3793P   2883
0.994071146,0.,0.,1.,0.,0.,1.;                                      3793P   2884
110,-1.25,0.5,-8.5,-0.75,0.5,-8.5;                                  3795P   2885
126,1,1,1,0,1,0,0.,0.,1.,1.,1.,1.,1.,0.994071146,0.,0.,             3797P   2886
0.796442688,0.,0.,1.,0.,0.,1.;                                      3797P   2887
126,1,1,1,0,1,0,0.,0.,1.,1.,1.,1.,0.,0.796442688,0.,0.,             3799P   2888
0.203557312,0.,0.,1.,0.,0.,1.;                                      3799P   2889
126,1,1,1,0,1,0,0.,0.,1.,1.,1.,1.,0.,0.203557312,0.,1.,             3801P   2890
0.005928854,0.,0.,1.,0.,0.,1.;                                      3801P   2891
110,-1.15,0.4,-8.6,-1.25,0.5,-8.5;                                  3803P   2892
102,4,3793,3797,3799,3801;                                          3805P   2893
102,4,3795,3641,3683,3803;                                          3807P   2894
142,1,3791,3805,3807,1;                                             3809P   2895
144,3791,1,0,3809;                                                  3811P   2896
128,1,1,1,1,0,0,1,0,0,0.,0.,1.,1.,0.,0.,1.,1.,1.,1.,1.,1.,          3813P   2897
-0.75,0.,-0.5,-0.75,0.,-8.5,-0.75,3.35,-0.5,-0.75,3.35,-8.5,0.,     3813P   2898
1.,0.,1.;                                                           3813P   2899
126,8,2,1,0,1,0,0.,0.,0.,0.25,0.25,0.5,0.5,0.75,0.75,1.,1.,1.,      3815P   2900
1.,1.,1.,1.,1.,1.,1.,1.,1.,0.6875,0.223880597,0.,0.6875,            3815P   2901
0.179347977,0.,0.694636294,0.138205202,0.,0.701772588,              3815P   2902
0.097062426,0.,0.714958739,0.065573109,0.,0.728144891,              3815P   2903
0.034083791,0.,0.745373428,0.017041896,0.,0.762601966,0.,0.,        3815P   2904
0.78125,0.,0.,0.,1.,0.,0.,-1.;                                      3815P   2905
124,-6.12323399573677E-017,4.27583144589696E-031,1.,                3817P   2906
5.99999999999999,-6.98296267768627E-015,-1.,0.,1.5,1.,              3817P   2907
-6.98296267768627E-015,6.12323399573677E-017,-5.99999999999999;     3817P   2908
100,-6.75,-0.75,0.75,0.,0.75,-0.75,1.5;                             3819P   2909
126,1,1,1,0,1,0,0.,0.,1.,1.,1.,1.,0.78125,0.,0.,1.,0.,0.,0.,1.,     3821P   2910
0.,0.,1.;                                                           3821P   2911
110,-0.75,0.,-6.75,-0.75,0.,-8.5;                                   3823P   2912
126,1,1,1,0,1,0,0.,0.,1.,1.,1.,1.,1.,0.,0.,1.,0.149253731,0.,       3825P   2913
0.,1.,0.,0.,1.;                                                     3825P   2914
126,1,1,1,0,1,0,0.,0.,1.,1.,1.,1.,1.,0.149253731,0.,0.78125,        3827P   2915
0.149253731,0.,0.,1.,0.,0.,1.;                                      3827P   2916
110,-0.75,0.5,-8.5,-0.75,0.5,-6.75;                                 3829P   2917
126,4,2,1,0,1,0,0.,0.,0.,0.5,0.5,1.,1.,1.,1.,1.,1.,1.,1.,           3831P   2918
0.78125,0.149253731,0.,0.768305826,0.149253731,0.,0.759152913,      3831P   2919
0.171111434,0.,0.75,0.192969137,0.,0.75,0.223880597,0.,0.,1.,       3831P   2920
0.,0.,1.;                                                           3831P   2921
124,8.58915688636046E-031,6.12323399573677E-017,-1.,                3833P   2922
-7.50000000000001,-1.,1.40271576953299E-014,0.,                     3833P   2923
-1.4564381095186E-014,1.40271576953299E-014,1.,                     3833P   2924
6.12323399573677E-017,-7.49999999999999;                            3833P   2925
100,-6.75,-0.75,0.75,-0.5,0.75,-0.75,1.;                            3835P   2926
126,1,1,1,0,1,0,0.,0.,1.,1.,1.,1.,0.75,0.223880597,0.,0.75,         3837P   2927
0.776119403,0.,0.,1.,0.,0.,1.;                                      3837P   2928
110,-0.75,0.75,-6.5,-0.75,2.6,-6.5;                                 3839P   2929
126,8,2,1,0,1,0,0.,0.,0.,0.25,0.25,0.5,0.5,0.75,0.75,1.,1.,1.,      3841P   2930
1.,1.,1.,1.,1.,1.,1.,1.,1.,0.75,0.776119403,0.,0.75,                3841P   2931
0.820652023,0.,0.742863706,0.861794798,0.,0.735727412,              3841P   2932
0.902937574,0.,0.722541261,0.934426891,0.,0.709355109,              3841P   2933
0.965916209,0.,0.692126572,0.982958104,0.,0.674898034,1.,0.,        3841P   2934
0.65625,1.,0.,0.,1.,0.,0.,-1.;                                      3841P   2935
124,6.12323399573677E-017,0.,1.,4.99999999999999,0.,1.,0.,0.,       3843P   2936
-1.,0.,6.12323399573677E-017,-6.50000000000001;                     3843P   2937
100,-5.75,-0.75,2.6,0.,2.6,-0.75,3.35;                              3845P   2938
126,1,1,1,0,1,0,0.,0.,1.,1.,1.,1.,0.65625,1.,0.,0.,1.,0.,0.,1.,     3847P   2939
0.,0.,1.;                                                           3847P   2940
110,-0.75,3.35,-5.75,-0.75,3.35,-0.5;                               3849P   2941
126,1,1,1,0,1,0,0.,0.,1.,1.,1.,1.,0.,1.,0.,0.,0.850746269,0.,       3851P   2942
0.,1.,0.,0.,1.;                                                     3851P   2943
126,1,1,1,0,1,0,0.,0.,1.,1.,1.,1.,0.,0.850746269,0.,0.65625,        3853P   2944
0.850746269,0.,0.,1.,0.,0.,1.;                                      3853P   2945
110,-0.75,2.85,-0.5,-0.75,2.85,-5.75;                               3855P   2946
126,4,2,1,0,1,0,0.,0.,0.,0.5,0.5,1.,1.,1.,1.,1.,1.,1.,1.,           3857P   2947
0.65625,0.850746269,0.,0.669194174,0.850746269,0.,0.678347087,      3857P   2948
0.828888566,0.,0.6875,0.807030863,0.,0.6875,0.776119403,0.,0.,      3857P   2949
1.,0.,0.,1.;                                                        3857P   2950
124,3.74939945665464E-033,-6.12323399573677E-017,-1.,               3859P   2951
-6.50000000000001,1.,6.12323399573677E-017,0.,3.35000000000001,     3859P   2952
6.12323399573677E-017,-1.,6.12323399573677E-017,-3.15;              3859P   2953
100,-5.75,-0.75,2.6,-0.5,2.6,-0.75,2.85;                            3861P   2954
126,1,1,1,0,1,0,0.,0.,1.,1.,1.,1.,0.6875,0.776119403,0.,0.6875,     3863P   2955
0.223880597,0.,0.,1.,0.,0.,1.;                                      3863P   2956
110,-0.75,2.6,-6.,-0.75,0.75,-6.;                                   3865P   2957
102,12,3815,3821,3825,3827,3831,3837,3841,3847,3851,3853,3857,      3867P   2958
3863;                                                               3867P   2959
102,12,3819,3823,3629,3829,3835,3839,3845,3849,3663,3855,3861,      3869P   2960
3865;                                                               3869P   2961
142,1,3813,3867,3869,1;                                             3871P   2962
144,3813,1,0,3871;                                                  3873P   2963
128,1,1,1,1,0,0,1,0,0,0.,0.,1.,1.,0.,0.,1.,1.,1.,1.,1.,1.,          3875P   2964
-1.15,-0.003,-8.6,-1.25,-0.003,-8.5,-1.15,0.503,-8.6,-1.25,         3875P   2965
0.503,-8.5,0.,1.,0.,1.;                                             3875P   2966
126,1,1,1,0,1,0,0.,0.,1.,1.,1.,1.,1.,0.005928854,0.,1.,             3877P   2967
0.994071146,0.,0.,1.,0.,0.,1.;                                      3877P   2968
110,-1.25,0.,-8.5,-1.25,0.5,-8.5;                                   3879P   2969
126,1,1,1,0,1,0,0.,0.,1.,1.,1.,1.,1.,0.994071146,0.,0.,             3881P   2970
0.796442688,0.,0.,1.,0.,0.,1.;                                      3881P   2971
126,1,1,1,0,1,0,0.,0.,1.,1.,1.,1.,0.,0.796442688,0.,0.,             3883P   2972
0.203557312,0.,0.,1.,0.,0.,1.;                                      3883P   2973
126,1,1,1,0,1,0,0.,0.,1.,1.,1.,1.,0.,0.203557312,0.,1.,             3885P   2974
0.005928854,0.,0.,1.,0.,0.,1.;                                      3885P   2975
102,4,3877,3881,3883,3885;                                          3887P   2976
102,4,3879,3803,3687,3713;                                          3889P   2977
142,1,3875,3887,3889,1;                                             3891P   2978
144,3875,1,0,3891;                                                  3893P   2979
128,1,1,1,1,0,0,1,0,0,0.,0.,1.,1.,0.,0.,1.,1.,1.,1.,1.,1.,          3895P   2980
-1.25,0.,-6.75,-1.25,0.,-8.5,-0.75,0.,-6.75,-0.75,0.,-8.5,0.,       3895P   2981
1.,0.,1.;                                                           3895P   2982
126,1,1,1,0,1,0,0.,0.,1.,1.,1.,1.,0.,1.,0.,0.,0.,0.,0.,1.,0.,       3897P   2983
0.,1.;                                                              3897P   2984
110,-0.75,0.,-6.75,-1.25,0.,-6.75;                                  3899P   2985
126,1,1,1,0,1,0,0.,0.,1.,1.,1.,1.,0.,0.,0.,1.,0.,0.,0.,1.,0.,       3901P   2986
0.,1.;                                                              3901P   2987
110,-1.25,0.,-6.75,-1.25,0.,-8.5;                                   3903P   2988
126,1,1,1,0,1,0,0.,0.,1.,1.,1.,1.,1.,0.,0.,1.,1.,0.,0.,1.,0.,       3905P   2989
0.,1.;                                                              3905P   2990
126,1,1,1,0,1,0,0.,0.,1.,1.,1.,1.,1.,1.,0.,0.,1.,0.,0.,1.,0.,       3907P   2991
0.,1.;                                                              3907P   2992
102,4,3897,3901,3905,3907;                                          3909P   2993
102,4,3899,3903,3709,3823;                                          3911P   2994
142,1,3895,3909,3911,1;                                             3913P   2995
144,3895,1,0,3913;                                                  3915P   2996
128,3,1,3,1,0,0,0,0,0,0.,0.,0.,0.,1.,1.,1.,1.,0.,0.,1.,1.,1.,       3917P   2997
0.804737854124365,0.804737854124365,1.,1.,0.804737854124365,        3917P   2998
0.804737854124365,1.,-1.3,0.75,-6.,-1.3,0.310660172,-6.,-1.3,       3917P   2999
0.,-6.310660172,-1.3,0.,-6.75,-0.7,0.75,-6.,-0.7,0.310660172,       3917P   3000
-6.,-0.7,0.,-6.310660172,-0.7,0.,-6.75,0.,1.,0.,1.;                 3917P   3001
126,1,1,1,0,1,0,0.,0.,1.,1.,1.,1.,1.,0.083333333,0.,1.,             3919P   3002
0.916666667,0.,0.,1.,0.,0.,1.;                                      3919P   3003
126,1,1,1,0,1,0,0.,0.,1.,1.,1.,1.,1.,0.916666667,0.,0.,             3921P   3004
0.916666667,0.,0.,1.,0.,0.,1.;                                      3921P   3005
126,1,1,1,0,1,0,0.,0.,1.,1.,1.,1.,0.,0.916666667,0.,0.,             3923P   3006
0.083333333,0.,0.,1.,0.,0.,1.;                                      3923P   3007
110,-0.75,0.75,-6.,-1.25,0.75,-6.;                                  3925P   3008
126,1,1,1,0,1,0,0.,0.,1.,1.,1.,1.,0.,0.083333333,0.,1.,             3927P   3009
0.083333333,0.,0.,1.,0.,0.,1.;                                      3927P   3010
124,-6.12323399573677E-017,4.27583144589696E-031,1.,5.5,            3929P   3011
-6.98296267768627E-015,-1.,0.,1.5,1.,-6.98296267768627E-015,        3929P   3012
6.12323399573677E-017,-5.49999999999999;                            3929P   3013
100,-6.75,-1.25,0.75,-0.5,0.75,-1.25,1.5;                           3931P   3014
102,4,3919,3921,3923,3927;                                          3933P   3015
102,4,3899,3819,3925,3931;                                          3935P   3016
142,1,3917,3933,3935,1;                                             3937P   3017
144,3917,1,0,3937;                                                  3939P   3018
128,1,1,1,1,0,0,1,0,0,0.,0.,1.,1.,0.,0.,1.,1.,1.,1.,1.,1.,          3941P   3019
-1.25,0.75,-6.,-0.75,0.75,-6.,-1.25,2.6,-6.,-0.75,2.6,-6.,0.,       3941P   3020
1.,0.,1.;                                                           3941P   3021
126,1,1,1,0,1,0,0.,0.,1.,1.,1.,1.,0.,0.,0.,1.,0.,0.,0.,1.,0.,       3943P   3022
0.,1.;                                                              3943P   3023
126,1,1,1,0,1,0,0.,0.,1.,1.,1.,1.,1.,0.,0.,1.,1.,0.,0.,1.,0.,       3945P   3024
0.,1.;                                                              3945P   3025
126,1,1,1,0,1,0,0.,0.,1.,1.,1.,1.,1.,1.,0.,0.,1.,0.,0.,1.,0.,       3947P   3026
0.,1.;                                                              3947P   3027
110,-0.75,2.6,-6.,-1.25,2.6,-6.;                                    3949P   3028
126,1,1,1,0,1,0,0.,0.,1.,1.,1.,1.,0.,1.,0.,0.,0.,0.,0.,1.,0.,       3951P   3029
0.,1.;                                                              3951P   3030
110,-1.25,2.6,-6.,-1.25,0.75,-6.;                                   3953P   3031
102,4,3943,3945,3947,3951;                                          3955P   3032
102,4,3925,3865,3949,3953;                                          3957P   3033
142,1,3941,3955,3957,1;                                             3959P   3034
144,3941,1,0,3959;                                                  3961P   3035
128,3,1,3,1,0,0,0,0,0,0.,0.,0.,0.,1.,1.,1.,1.,0.,0.,1.,1.,1.,       3963P   3036
0.804737854124365,0.804737854124365,1.,1.,0.804737854124365,        3963P   3037
0.804737854124365,1.,-0.7,2.85,-5.75,-0.7,2.85,-5.896446609,        3963P   3038
-0.7,2.746446609,-6.,-0.7,2.6,-6.,-1.3,2.85,-5.75,-1.3,2.85,        3963P   3039
-5.896446609,-1.3,2.746446609,-6.,-1.3,2.6,-6.,0.,1.,0.,1.;         3963P   3040
126,1,1,1,0,1,0,0.,0.,1.,1.,1.,1.,0.,0.916666667,0.,0.,             3965P   3041
0.083333333,0.,0.,1.,0.,0.,1.;                                      3965P   3042
110,-1.25,2.85,-5.75,-0.75,2.85,-5.75;                              3967P   3043
126,1,1,1,0,1,0,0.,0.,1.,1.,1.,1.,0.,0.083333333,0.,1.,             3969P   3044
0.083333333,0.,0.,1.,0.,0.,1.;                                      3969P   3045
126,1,1,1,0,1,0,0.,0.,1.,1.,1.,1.,1.,0.083333333,0.,1.,             3971P   3046
0.916666667,0.,0.,1.,0.,0.,1.;                                      3971P   3047
126,1,1,1,0,1,0,0.,0.,1.,1.,1.,1.,1.,0.916666667,0.,0.,             3973P   3048
0.916666667,0.,0.,1.,0.,0.,1.;                                      3973P   3049
124,6.12323399573677E-017,0.,1.,4.5,0.,1.,0.,0.,-1.,0.,             3975P   3050
6.12323399573677E-017,-7.;                                          3975P   3051
100,-5.75,-1.25,2.6,-1.,2.6,-1.25,2.85;                             3977P   3052
102,4,3965,3969,3971,3973;                                          3979P   3053
102,4,3967,3861,3949,3977;                                          3981P   3054
142,1,3963,3979,3981,1;                                             3983P   3055
144,3963,1,0,3983;                                                  3985P   3056
128,1,1,1,1,0,0,1,0,0,0.,0.,1.,1.,0.,0.,1.,1.,1.,1.,1.,1.,          3987P   3057
-1.25,2.85,-0.5,-1.25,2.85,-5.75,-0.75,2.85,-0.5,-0.75,2.85,        3987P   3058
-5.75,0.,1.,0.,1.;                                                  3987P   3059
126,1,1,1,0,1,0,0.,0.,1.,1.,1.,1.,1.,0.,0.,1.,1.,0.,0.,1.,0.,       3989P   3060
0.,1.;                                                              3989P   3061
126,1,1,1,0,1,0,0.,0.,1.,1.,1.,1.,1.,1.,0.,0.,1.,0.,0.,1.,0.,       3991P   3062
0.,1.;                                                              3991P   3063
126,1,1,1,0,1,0,0.,0.,1.,1.,1.,1.,0.,1.,0.,0.,0.,0.,0.,1.,0.,       3993P   3064
0.,1.;                                                              3993P   3065
126,1,1,1,0,1,0,0.,0.,1.,1.,1.,1.,0.,0.,0.,1.,0.,0.,0.,1.,0.,       3995P   3066
0.,1.;                                                              3995P   3067
110,-1.25,2.85,-0.5,-1.25,2.85,-5.75;                               3997P   3068
102,4,3989,3991,3993,3995;                                          3999P   3069
102,4,3967,3855,3735,3997;                                          4001P   3070
142,1,3987,3999,4001,1;                                             4003P   3071
144,3987,1,0,4003;                                                  4005P   3072
128,1,1,1,1,0,0,1,0,0,0.,0.,1.,1.,0.,0.,1.,1.,1.,1.,1.,1.,          4007P   3073
-1.25,2.847,-0.5,-1.15,2.847,-0.4,-1.25,3.353,-0.5,-1.15,3.353,     4007P   3074
-0.4,0.,1.,0.,1.;                                                   4007P   3075
126,1,1,1,0,1,0,0.,0.,1.,1.,1.,1.,1.,0.203557312,0.,1.,             4009P   3076
0.796442688,0.,0.,1.,0.,0.,1.;                                      4009P   3077
126,1,1,1,0,1,0,0.,0.,1.,1.,1.,1.,1.,0.796442688,0.,0.,             4011P   3078
0.994071146,0.,0.,1.,0.,0.,1.;                                      4011P   3079
126,1,1,1,0,1,0,0.,0.,1.,1.,1.,1.,0.,0.994071146,0.,0.,             4013P   3080
0.005928854,0.,0.,1.,0.,0.,1.;                                      4013P   3081
110,-1.25,3.35,-0.5,-1.25,2.85,-0.5;                                4015P   3082
126,1,1,1,0,1,0,0.,0.,1.,1.,1.,1.,0.,0.005928854,0.,1.,             4017P   3083
0.203557312,0.,0.,1.,0.,0.,1.;                                      4017P   3084
102,4,4009,4011,4013,4017;                                          4019P   3085
102,4,3757,3777,4015,3731;                                          4021P   3086
142,1,4007,4019,4021,1;                                             4023P   3087
144,4007,1,0,4023;                                                  4025P   3088
128,1,1,1,1,0,0,1,0,0,0.,0.,1.,1.,0.,0.,1.,1.,1.,1.,1.,1.,          4027P   3089
-0.75,3.35,-5.75,-1.25,3.35,-5.75,-0.75,3.35,-0.5,-1.25,3.35,       4027P   3090
-0.5,0.,1.,0.,1.;                                                   4027P   3091
126,1,1,1,0,1,0,0.,0.,1.,1.,1.,1.,0.,0.,0.,1.,0.,0.,0.,1.,0.,       4029P   3092
0.,1.;                                                              4029P   3093
110,-0.75,3.35,-5.75,-1.25,3.35,-5.75;                              4031P   3094
126,1,1,1,0,1,0,0.,0.,1.,1.,1.,1.,1.,0.,0.,1.,1.,0.,0.,1.,0.,       4033P   3095
0.,1.;                                                              4033P   3096
110,-1.25,3.35,-5.75,-1.25,3.35,-0.5;                               4035P   3097
126,1,1,1,0,1,0,0.,0.,1.,1.,1.,1.,1.,1.,0.,0.,1.,0.,0.,1.,0.,       4037P   3098
0.,1.;                                                              4037P   3099
126,1,1,1,0,1,0,0.,0.,1.,1.,1.,1.,0.,1.,0.,0.,0.,0.,0.,1.,0.,       4039P   3100
0.,1.;                                                              4039P   3101
102,4,4029,4033,4037,4039;                                          4041P   3102
102,4,4031,4035,3773,3849;                                          4043P   3103
142,1,4027,4041,4043,1;                                             4045P   3104
144,4027,1,0,4045;                                                  4047P   3105
128,3,1,3,1,0,0,0,0,0,0.,0.,0.,0.,1.,1.,1.,1.,0.,0.,1.,1.,1.,       4049P   3106
0.804737854124365,0.804737854124365,1.,1.,0.804737854124365,        4049P   3107
0.804737854124365,1.,-0.7,3.35,-5.75,-0.7,3.35,-6.189339828,        4049P   3108
-0.7,3.039339828,-6.5,-0.7,2.6,-6.5,-1.3,3.35,-5.75,-1.3,3.35,      4049P   3109
-6.189339828,-1.3,3.039339828,-6.5,-1.3,2.6,-6.5,0.,1.,0.,1.;       4049P   3110
126,1,1,1,0,1,0,0.,0.,1.,1.,1.,1.,1.,0.083333333,0.,1.,             4051P   3111
0.916666667,0.,0.,1.,0.,0.,1.;                                      4051P   3112
110,-0.75,2.6,-6.5,-1.25,2.6,-6.5;                                  4053P   3113
126,1,1,1,0,1,0,0.,0.,1.,1.,1.,1.,1.,0.916666667,0.,0.,             4055P   3114
0.916666667,0.,0.,1.,0.,0.,1.;                                      4055P   3115
124,6.12323399573677E-017,0.,1.,4.5,0.,1.,0.,0.,-1.,0.,             4057P   3116
6.12323399573677E-017,-7.;                                          4057P   3117
100,-5.75,-1.25,2.6,-0.5,2.6,-1.25,3.35;                            4059P   3118
126,1,1,1,0,1,0,0.,0.,1.,1.,1.,1.,0.,0.916666667,0.,0.,             4061P   3119
0.083333333,0.,0.,1.,0.,0.,1.;                                      4061P   3120
126,1,1,1,0,1,0,0.,0.,1.,1.,1.,1.,0.,0.083333333,0.,1.,             4063P   3121
0.083333333,0.,0.,1.,0.,0.,1.;                                      4063P   3122
102,4,4051,4055,4061,4063;                                          4065P   3123
102,4,4053,4059,4031,3845;                                          4067P   3124
142,1,4049,4065,4067,1;                                             4069P   3125
144,4049,1,0,4069;                                                  4071P   3126
128,1,1,1,1,0,0,1,0,0,0.,0.,1.,1.,0.,0.,1.,1.,1.,1.,1.,1.,          4073P   3127
-0.75,0.75,-6.5,-1.25,0.75,-6.5,-0.75,2.6,-6.5,-1.25,2.6,-6.5,      4073P   3128
0.,1.,0.,1.;                                                        4073P   3129
126,1,1,1,0,1,0,0.,0.,1.,1.,1.,1.,0.,0.,0.,1.,0.,0.,0.,1.,0.,       4075P   3130
0.,1.;                                                              4075P   3131
110,-0.75,0.75,-6.5,-1.25,0.75,-6.5;                                4077P   3132
126,1,1,1,0,1,0,0.,0.,1.,1.,1.,1.,1.,0.,0.,1.,1.,0.,0.,1.,0.,       4079P   3133
0.,1.;                                                              4079P   3134
110,-1.25,0.75,-6.5,-1.25,2.6,-6.5;                                 4081P   3135
126,1,1,1,0,1,0,0.,0.,1.,1.,1.,1.,1.,1.,0.,0.,1.,0.,0.,1.,0.,       4083P   3136
0.,1.;                                                              4083P   3137
126,1,1,1,0,1,0,0.,0.,1.,1.,1.,1.,0.,1.,0.,0.,0.,0.,0.,1.,0.,       4085P   3138
0.,1.;                                                              4085P   3139
102,4,4075,4079,4083,4085;                                          4087P   3140
102,4,4077,4081,4053,3839;                                          4089P   3141
142,1,4073,4087,4089,1;                                             4091P   3142
144,4073,1,0,4091;                                                  4093P   3143
128,3,1,3,1,0,0,0,0,0,0.,0.,0.,0.,1.,1.,1.,1.,0.,0.,1.,1.,1.,       4095P   3144
0.804737854124365,0.804737854124365,1.,1.,0.804737854124365,        4095P   3145
0.804737854124365,1.,-1.3,0.75,-6.5,-1.3,0.603553391,-6.5,-1.3,     4095P   3146
0.5,-6.603553391,-1.3,0.5,-6.75,-0.7,0.75,-6.5,-0.7,                4095P   3147
0.603553391,-6.5,-0.7,0.5,-6.603553391,-0.7,0.5,-6.75,0.,1.,0.,     4095P   3148
1.;                                                                 4095P   3149
126,1,1,1,0,1,0,0.,0.,1.,1.,1.,1.,0.,0.916666667,0.,0.,             4097P   3150
0.083333333,0.,0.,1.,0.,0.,1.;                                      4097P   3151
126,1,1,1,0,1,0,0.,0.,1.,1.,1.,1.,0.,0.083333333,0.,1.,             4099P   3152
0.083333333,0.,0.,1.,0.,0.,1.;                                      4099P   3153
124,-6.12323399573677E-017,4.27583144589696E-031,1.,5.5,            4101P   3154
-6.98296267768627E-015,-1.,0.,1.5,1.,-6.98296267768627E-015,        4101P   3155
6.12323399573677E-017,-5.49999999999999;                            4101P   3156
100,-6.75,-1.25,0.75,-1.,0.75,-1.25,1.;                             4103P   3157
126,1,1,1,0,1,0,0.,0.,1.,1.,1.,1.,1.,0.083333333,0.,1.,             4105P   3158
0.916666667,0.,0.,1.,0.,0.,1.;                                      4105P   3159
110,-1.25,0.5,-6.75,-0.75,0.5,-6.75;                                4107P   3160
126,1,1,1,0,1,0,0.,0.,1.,1.,1.,1.,1.,0.916666667,0.,0.,             4109P   3161
0.916666667,0.,0.,1.,0.,0.,1.;                                      4109P   3162
102,4,4097,4099,4105,4109;                                          4111P   3163
102,4,4077,4103,4107,3835;                                          4113P   3164
142,1,4095,4111,4113,1;                                             4115P   3165
144,4095,1,0,4115;                                                  4117P   3166
128,1,1,1,1,0,0,1,0,0,0.,0.,1.,1.,0.,0.,1.,1.,1.,1.,1.,1.,          4119P   3167
-0.75,0.5,-8.5,-1.25,0.5,-8.5,-0.75,0.5,-6.75,-1.25,0.5,-6.75,      4119P   3168
0.,1.,0.,1.;                                                        4119P   3169
126,1,1,1,0,1,0,0.,0.,1.,1.,1.,1.,1.,1.,0.,0.,1.,0.,0.,1.,0.,       4121P   3170
0.,1.;                                                              4121P   3171
126,1,1,1,0,1,0,0.,0.,1.,1.,1.,1.,0.,1.,0.,0.,0.,0.,0.,1.,0.,       4123P   3172
0.,1.;                                                              4123P   3173
126,1,1,1,0,1,0,0.,0.,1.,1.,1.,1.,0.,0.,0.,1.,0.,0.,0.,1.,0.,       4125P   3174
0.,1.;                                                              4125P   3175
126,1,1,1,0,1,0,0.,0.,1.,1.,1.,1.,1.,0.,0.,1.,1.,0.,0.,1.,0.,       4127P   3176
0.,1.;                                                              4127P   3177
110,-1.25,0.5,-8.5,-1.25,0.5,-6.75;                                 4129P   3178
102,4,4121,4123,4125,4127;                                          4131P   3179
102,4,4107,3829,3795,4129;                                          4133P   3180
142,1,4119,4131,4133,1;                                             4135P   3181
144,4119,1,0,4135;                                                  4137P   3182
128,1,1,1,1,0,0,1,0,0,0.,0.,1.,1.,0.,0.,1.,1.,1.,1.,1.,1.,          4139P   3183
-1.25,0.,-8.5,-1.25,0.,-0.5,-1.25,3.35,-8.5,-1.25,3.35,-0.5,0.,     4139P   3184
1.,0.,1.;                                                           4139P   3185
126,4,2,1,0,1,0,0.,0.,0.,0.5,0.5,1.,1.,1.,1.,1.,1.,1.,1.,0.25,      4141P   3186
0.223880597,0.,0.25,0.192969137,0.,0.240847087,0.171111434,0.,      4141P   3187
0.231694174,0.149253731,0.,0.21875,0.149253731,0.,0.,1.,0.,0.,      4141P   3188
1.;                                                                 4141P   3189
126,1,1,1,0,1,0,0.,0.,1.,1.,1.,1.,0.21875,0.149253731,0.,0.,        4143P   3190
0.149253731,0.,0.,1.,0.,0.,1.;                                      4143P   3191
126,1,1,1,0,1,0,0.,0.,1.,1.,1.,1.,0.,0.149253731,0.,0.,0.,0.,       4145P   3192
0.,1.,0.,0.,1.;                                                     4145P   3193
126,1,1,1,0,1,0,0.,0.,1.,1.,1.,1.,0.,0.,0.,0.21875,0.,0.,0.,1.,     4147P   3194
0.,0.,1.;                                                           4147P   3195
126,8,2,1,0,1,0,0.,0.,0.,0.25,0.25,0.5,0.5,0.75,0.75,1.,1.,1.,      4149P   3196
1.,1.,1.,1.,1.,1.,1.,1.,1.,0.21875,0.,0.,0.237398034,0.,0.,         4149P   3197
0.254626572,0.017041896,0.,0.271855109,0.034083791,0.,              4149P   3198
0.285041261,0.065573109,0.,0.298227412,0.097062426,0.,              4149P   3199
0.305363706,0.138205202,0.,0.3125,0.179347977,0.,0.3125,            4149P   3200
0.223880597,0.,0.,1.,0.,0.,-1.;                                     4149P   3201
126,1,1,1,0,1,0,0.,0.,1.,1.,1.,1.,0.3125,0.223880597,0.,0.3125,     4151P   3202
0.776119403,0.,0.,1.,0.,0.,1.;                                      4151P   3203
126,4,2,1,0,1,0,0.,0.,0.,0.5,0.5,1.,1.,1.,1.,1.,1.,1.,1.,           4153P   3204
0.3125,0.776119403,0.,0.3125,0.807030863,0.,0.321652913,            4153P   3205
0.828888566,0.,0.330805826,0.850746269,0.,0.34375,0.850746269,      4153P   3206
0.,0.,1.,0.,0.,1.;                                                  4153P   3207
126,1,1,1,0,1,0,0.,0.,1.,1.,1.,1.,0.34375,0.850746269,0.,1.,        4155P   3208
0.850746269,0.,0.,1.,0.,0.,1.;                                      4155P   3209
126,1,1,1,0,1,0,0.,0.,1.,1.,1.,1.,1.,0.850746269,0.,1.,1.,0.,       4157P   3210
0.,1.,0.,0.,1.;                                                     4157P   3211
126,1,1,1,0,1,0,0.,0.,1.,1.,1.,1.,1.,1.,0.,0.34375,1.,0.,0.,1.,     4159P   3212
0.,0.,1.;                                                           4159P   3213
126,8,2,1,0,1,0,0.,0.,0.,0.25,0.25,0.5,0.5,0.75,0.75,1.,1.,1.,      4161P   3214
1.,1.,1.,1.,1.,1.,1.,1.,1.,0.34375,1.,0.,0.325101966,1.,0.,         4161P   3215
0.307873428,0.982958104,0.,0.290644891,0.965916209,0.,              4161P   3216
0.277458739,0.934426891,0.,0.264272588,0.902937574,0.,              4161P   3217
0.257136294,0.861794798,0.,0.25,0.820652023,0.,0.25,                4161P   3218
0.776119403,0.,0.,1.,0.,0.,-1.;                                     4161P   3219
126,1,1,1,0,1,0,0.,0.,1.,1.,1.,1.,0.25,0.776119403,0.,0.25,         4163P   3220
0.223880597,0.,0.,1.,0.,0.,1.;                                      4163P   3221
102,12,4141,4143,4145,4147,4149,4151,4153,4155,4157,4159,4161,      4165P   3222
4163;                                                               4165P   3223
102,12,4103,4129,3879,3903,3931,3953,3977,3997,4015,4035,4059,      4167P   3224
4081;                                                               4167P   3225
142,1,4139,4165,4167,1;                                             4169P   3226
144,4139,1,0,4169;                                                  4171P   3227
110,-0.75,0.5,-8.5,-0.75,0.,-8.5;                                   4173P   3228
110,-0.75,0.,-8.5,-0.85,0.1,-8.6;                                   4175P   3229
110,-0.85,0.1,-8.6,-0.85,0.4,-8.6;                                  4177P   3230
110,-0.85,0.4,-8.6,-0.75,0.5,-8.5;                                  4179P   3231
110,-0.85,3.25,-0.4,-0.85,2.95,-0.4;                                4181P   3232
110,-0.85,2.95,-0.4,-0.75,2.85,-0.5;                                4183P   3233
110,-0.75,2.85,-0.5,-0.75,3.35,-0.5;                                4185P   3234
110,-0.75,3.35,-0.5,-0.85,3.25,-0.4;                                4187P   3235
110,-0.85,0.4,-8.6,-1.15,0.4,-8.6;                                  4189P   3236
110,-1.15,0.4,-8.6,-1.15,0.1,-8.6;                                  4191P   3237
110,-1.15,0.1,-8.6,-0.85,0.1,-8.6;                                  4193P   3238
110,-0.75,0.,-8.5,-1.25,0.,-8.5;                                    4195P   3239
110,-1.25,0.,-8.5,-1.15,0.1,-8.6;                                   4197P   3240
110,-0.85,2.95,-0.4,-1.15,2.95,-0.4;                                4199P   3241
110,-1.15,2.95,-0.4,-1.25,2.85,-0.5;                                4201P   3242
110,-1.25,2.85,-0.5,-0.75,2.85,-0.5;                                4203P   3243
110,-0.85,3.25,-0.4,-1.15,3.25,-0.4;                                4205P   3244
110,-1.15,3.25,-0.4,-1.15,2.95,-0.4;                                4207P   3245
110,-0.75,3.35,-0.5,-1.25,3.35,-0.5;                                4209P   3246
110,-1.25,3.35,-0.5,-1.15,3.25,-0.4;                                4211P   3247
110,-1.25,0.5,-8.5,-0.75,0.5,-8.5;                                  4213P   3248
110,-1.15,0.4,-8.6,-1.25,0.5,-8.5;                                  4215P   3249
124,-6.12323399573677E-017,4.27583144589696E-031,1.,                4217P   3250
5.99999999999999,-6.98296267768627E-015,-1.,0.,1.5,1.,              4217P   3251
-6.98296267768627E-015,6.12323399573677E-017,-5.99999999999999;     4217P   3252
100,-6.75,-0.75,0.75,0.,0.75,-0.75,1.5;                             4219P   3253
110,-0.75,0.,-6.75,-0.75,0.,-8.5;                                   4221P   3254
110,-0.75,0.5,-8.5,-0.75,0.5,-6.75;                                 4223P   3255
124,8.58915688636046E-031,6.12323399573677E-017,-1.,                4225P   3256
-7.50000000000001,-1.,1.40271576953299E-014,0.,                     4225P   3257
-1.4564381095186E-014,1.40271576953299E-014,1.,                     4225P   3258
6.12323399573677E-017,-7.49999999999999;                            4225P   3259
100,-6.75,-0.75,0.75,-0.5,0.75,-0.75,1.;                            4227P   3260
110,-0.75,0.75,-6.5,-0.75,2.6,-6.5;                                 4229P   3261
124,6.12323399573677E-017,0.,1.,4.99999999999999,0.,1.,0.,0.,       4231P   3262
-1.,0.,6.12323399573677E-017,-6.50000000000001;                     4231P   3263
100,-5.75,-0.75,2.6,0.,2.6,-0.75,3.35;                              4233P   3264
110,-0.75,3.35,-5.75,-0.75,3.35,-0.5;                               4235P   3265
110,-0.75,2.85,-0.5,-0.75,2.85,-5.75;                               4237P   3266
124,3.74939945665464E-033,-6.12323399573677E-017,-1.,               4239P   3267
-6.50000000000001,1.,6.12323399573677E-017,0.,3.35000000000001,     4239P   3268
6.12323399573677E-017,-1.,6.12323399573677E-017,-3.15;              4239P   3269
100,-5.75,-0.75,2.6,-0.5,2.6,-0.75,2.85;                            4241P   3270
110,-0.75,2.6,-6.,-0.75,0.75,-6.;                                   4243P   3271
110,-1.25,0.,-8.5,-1.25,0.5,-8.5;                                   4245P   3272
110,-0.75,0.,-6.75,-1.25,0.,-6.75;                                  4247P   3273
110,-1.25,0.,-6.75,-1.25,0.,-8.5;                                   4249P   3274
110,-0.75,0.75,-6.,-1.25,0.75,-6.;                                  4251P   3275
124,-6.12323399573677E-017,4.27583144589696E-031,1.,5.5,            4253P   3276
-6.98296267768627E-015,-1.,0.,1.5,1.,-6.98296267768627E-015,        4253P   3277
6.12323399573677E-017,-5.49999999999999;                            4253P   3278
100,-6.75,-1.25,0.75,-0.5,0.75,-1.25,1.5;                           4255P   3279
110,-0.75,2.6,-6.,-1.25,2.6,-6.;                                    4257P   3280
110,-1.25,2.6,-6.,-1.25,0.75,-6.;                                   4259P   3281
110,-1.25,2.85,-5.75,-0.75,2.85,-5.75;                              4261P   3282
124,6.12323399573677E-017,0.,1.,4.5,0.,1.,0.,0.,-1.,0.,             4263P   3283
6.12323399573677E-017,-7.;                                          4263P   3284
100,-5.75,-1.25,2.6,-1.,2.6,-1.25,2.85;                             4265P   3285
110,-1.25,2.85,-0.5,-1.25,2.85,-5.75;                               4267P   3286
110,-1.25,3.35,-0.5,-1.25,2.85,-0.5;                                4269P   3287
110,-0.75,3.35,-5.75,-1.25,3.35,-5.75;                              4271P   3288
110,-1.25,3.35,-5.75,-1.25,3.35,-0.5;                               4273P   3289
110,-0.75,2.6,-6.5,-1.25,2.6,-6.5;                                  4275P   3290
124,6.12323399573677E-017,0.,1.,4.5,0.,1.,0.,0.,-1.,0.,             4277P   3291
6.12323399573677E-017,-7.;                                          4277P   3292
100,-5.75,-1.25,2.6,-0.5,2.6,-1.25,3.35;                            4279P   3293
110,-0.75,0.75,-6.5,-1.25,0.75,-6.5;                                4281P   3294
110,-1.25,0.75,-6.5,-1.25,2.6,-6.5;                                 4283P   3295
124,-6.12323399573677E-017,4.27583144589696E-031,1.,5.5,            4285P   3296
-6.98296267768627E-015,-1.,0.,1.5,1.,-6.98296267768627E-015,        4285P   3297
6.12323399573677E-017,-5.49999999999999;                            4285P   3298
100,-6.75,-1.25,0.75,-1.,0.75,-1.25,1.;                             4287P   3299
110,-1.25,0.5,-6.75,-0.75,0.5,-6.75;                                4289P   3300
110,-1.25,0.5,-8.5,-1.25,0.5,-6.75;                                 4291P   3301
128,1,1,1,1,0,0,1,0,0,0.,0.,1.,1.,0.,0.,1.,1.,1.,1.,1.,1.,3.55,     4293P   3302
0.,-3.3,3.55,0.,0.,3.55,2.,-3.3,3.55,2.,0.,0.,1.,0.,1.;             4293P   3303
126,1,1,1,0,1,0,0.,0.,1.,1.,1.,1.,0.,1.,0.,0.,0.,0.,0.,1.,0.,       4295P   3304
0.,1.;                                                              4295P   3305
110,3.55,2.,-3.3,3.55,0.,-3.3;                                      4297P   3306
126,1,1,1,0,1,0,0.,0.,1.,1.,1.,1.,0.,0.,0.,1.,0.,0.,0.,1.,0.,       4299P   3307
0.,1.;                                                              4299P   3308
110,3.55,0.,-3.3,3.55,0.,0.;                                        4301P   3309
126,1,1,1,0,1,0,0.,0.,1.,1.,1.,1.,1.,0.,0.,1.,1.,0.,0.,1.,0.,       4303P   3310
0.,1.;                                                              4303P   3311
110,3.55,0.,0.,3.55,2.,0.;                                          4305P   3312
126,1,1,1,0,1,0,0.,0.,1.,1.,1.,1.,1.,1.,0.,0.,1.,0.,0.,1.,0.,       4307P   3313
0.,1.;                                                              4307P   3314
110,3.55,2.,0.,3.55,2.,-3.3;                                        4309P   3315
102,4,4295,4299,4303,4307;                                          4311P   3316
102,4,4297,4301,4305,4309;                                          4313P   3317
142,1,4293,4311,4313,1;                                             4315P   3318
144,4293,1,0,4315;                                                  4317P   3319
128,1,1,1,1,0,0,1,0,0,0.,0.,1.,1.,0.,0.,1.,1.,1.,1.,1.,1.,3.05,     4319P   3320
0.,0.,3.55,0.,0.,3.05,2.,0.,3.55,2.,0.,0.,1.,0.,1.;                 4319P   3321
126,1,1,1,0,1,0,0.,0.,1.,1.,1.,1.,0.,1.,0.,0.,0.,0.,0.,1.,0.,       4321P   3322
0.,1.;                                                              4321P   3323
110,3.05,2.,0.,3.05,0.,0.;                                          4323P   3324
126,1,1,1,0,1,0,0.,0.,1.,1.,1.,1.,0.,0.,0.,1.,0.,0.,0.,1.,0.,       4325P   3325
0.,1.;                                                              4325P   3326
110,3.05,0.,0.,3.55,0.,0.;                                          4327P   3327
126,1,1,1,0,1,0,0.,0.,1.,1.,1.,1.,1.,0.,0.,1.,1.,0.,0.,1.,0.,       4329P   3328
0.,1.;                                                              4329P   3329
126,1,1,1,0,1,0,0.,0.,1.,1.,1.,1.,1.,1.,0.,0.,1.,0.,0.,1.,0.,       4331P   3330
0.,1.;                                                              4331P   3331
110,3.55,2.,0.,3.05,2.,0.;                                          4333P   3332
102,4,4321,4325,4329,4331;                                          4335P   3333
102,4,4323,4327,4305,4333;                                          4337P   3334
142,1,4319,4335,4337,1;                                             4339P   3335
144,4319,1,0,4339;                                                  4341P   3336
128,1,1,1,1,0,0,1,0,0,0.,0.,1.,1.,0.,0.,1.,1.,1.,1.,1.,1.,3.05,     4343P   3337
0.,0.,3.05,0.,-3.3,3.55,0.,0.,3.55,0.,-3.3,0.,1.,0.,1.;             4343P   3338
126,1,1,1,0,1,0,0.,0.,1.,1.,1.,1.,0.,0.,0.,1.,0.,0.,0.,1.,0.,       4345P   3339
0.,1.;                                                              4345P   3340
110,3.05,0.,0.,3.05,0.,-3.3;                                        4347P   3341
126,1,1,1,0,1,0,0.,0.,1.,1.,1.,1.,1.,0.,0.,1.,1.,0.,0.,1.,0.,       4349P   3342
0.,1.;                                                              4349P   3343
110,3.05,0.,-3.3,3.55,0.,-3.3;                                      4351P   3344
126,1,1,1,0,1,0,0.,0.,1.,1.,1.,1.,1.,1.,0.,0.,1.,0.,0.,1.,0.,       4353P   3345
0.,1.;                                                              4353P   3346
126,1,1,1,0,1,0,0.,0.,1.,1.,1.,1.,0.,1.,0.,0.,0.,0.,0.,1.,0.,       4355P   3347
0.,1.;                                                              4355P   3348
102,4,4345,4349,4353,4355;                                          4357P   3349
102,4,4347,4351,4301,4327;                                          4359P   3350
142,1,4343,4357,4359,1;                                             4361P   3351
144,4343,1,0,4361;                                                  4363P   3352
128,1,1,1,1,0,0,1,0,0,0.,0.,1.,1.,0.,0.,1.,1.,1.,1.,1.,1.,3.55,     4365P   3353
0.,-3.3,3.05,0.,-3.3,3.55,2.,-3.3,3.05,2.,-3.3,0.,1.,0.,1.;         4365P   3354
126,1,1,1,0,1,0,0.,0.,1.,1.,1.,1.,1.,0.,0.,1.,1.,0.,0.,1.,0.,       4367P   3355
0.,1.;                                                              4367P   3356
110,3.05,0.,-3.3,3.05,2.,-3.3;                                      4369P   3357
126,1,1,1,0,1,0,0.,0.,1.,1.,1.,1.,1.,1.,0.,0.,1.,0.,0.,1.,0.,       4371P   3358
0.,1.;                                                              4371P   3359
110,3.05,2.,-3.3,3.55,2.,-3.3;                                      4373P   3360
126,1,1,1,0,1,0,0.,0.,1.,1.,1.,1.,0.,1.,0.,0.,0.,0.,0.,1.,0.,       4375P   3361
0.,1.;                                                              4375P   3362
126,1,1,1,0,1,0,0.,0.,1.,1.,1.,1.,0.,0.,0.,1.,0.,0.,0.,1.,0.,       4377P   3363
0.,1.;                                                              4377P   3364
102,4,4367,4371,4375,4377;                                          4379P   3365
102,4,4369,4373,4297,4351;                                          4381P   3366
142,1,4365,4379,4381,1;                                             4383P   3367
144,4365,1,0,4383;                                                  4385P   3368
128,1,1,1,1,0,0,1,0,0,0.,0.,1.,1.,0.,0.,1.,1.,1.,1.,1.,1.,3.05,     4387P   3369
2.,-3.3,3.05,2.,0.,3.55,2.,-3.3,3.55,2.,0.,0.,1.,0.,1.;             4387P   3370
126,1,1,1,0,1,0,0.,0.,1.,1.,1.,1.,0.,0.,0.,1.,0.,0.,0.,1.,0.,       4389P   3371
0.,1.;                                                              4389P   3372
110,3.05,2.,-3.3,3.05,2.,0.;                                        4391P   3373
126,1,1,1,0,1,0,0.,0.,1.,1.,1.,1.,1.,0.,0.,1.,1.,0.,0.,1.,0.,       4393P   3374
0.,1.;                                                              4393P   3375
126,1,1,1,0,1,0,0.,0.,1.,1.,1.,1.,1.,1.,0.,0.,1.,0.,0.,1.,0.,       4395P   3376
0.,1.;                                                              4395P   3377
126,1,1,1,0,1,0,0.,0.,1.,1.,1.,1.,0.,1.,0.,0.,0.,0.,0.,1.,0.,       4397P   3378
0.,1.;                                                              4397P   3379
102,4,4389,4393,4395,4397;                                          4399P   3380
102,4,4391,4333,4309,4373;                                          4401P   3381
142,1,4387,4399,4401,1;                                             4403P   3382
144,4387,1,0,4403;                                                  4405P   3383
128,1,1,1,1,0,0,1,0,0,0.,0.,1.,1.,0.,0.,1.,1.,1.,1.,1.,1.,3.05,     4407P   3384
0.,0.,3.05,0.,-3.3,3.05,2.,0.,3.05,2.,-3.3,0.,1.,0.,1.;             4407P   3385
126,1,1,1,0,1,0,0.,0.,1.,1.,1.,1.,1.,1.,0.,0.,1.,0.,0.,1.,0.,       4409P   3386
0.,1.;                                                              4409P   3387
126,1,1,1,0,1,0,0.,0.,1.,1.,1.,1.,0.,1.,0.,0.,0.,0.,0.,1.,0.,       4411P   3388
0.,1.;                                                              4411P   3389
126,1,1,1,0,1,0,0.,0.,1.,1.,1.,1.,0.,0.,0.,1.,0.,0.,0.,1.,0.,       4413P   3390
0.,1.;                                                              4413P   3391
126,1,1,1,0,1,0,0.,0.,1.,1.,1.,1.,1.,0.,0.,1.,1.,0.,0.,1.,0.,       4415P   3392
0.,1.;                                                              4415P   3393
102,4,4409,4411,4413,4415;                                          4417P   3394
102,4,4391,4323,4347,4369;                                          4419P   3395
142,1,4407,4417,4419,1;                                             4421P   3396
144,4407,1,0,4421;                                                  4423P   3397
110,3.55,2.,-3.3,3.55,0.,-3.3;                                      4425P   3398
110,3.55,0.,-3.3,3.55,0.,0.;                                        4427P   3399
110,3.55,0.,0.,3.55,2.,0.;                                          4429P   3400
110,3.55,2.,0.,3.55,2.,-3.3;                                        4431P   3401
110,3.05,2.,0.,3.05,0.,0.;                                          4433P   3402
110,3.05,0.,0.,3.55,0.,0.;                                          4435P   3403
110,3.55,2.,0.,3.05,2.,0.;                                          4437P   3404
110,3.05,0.,0.,3.05,0.,-3.3;                                        4439P   3405
110,3.05,0.,-3.3,3.55,0.,-3.3;                                      4441P   3406
110,3.05,0.,-3.3,3.05,2.,-3.3;                                      4443P   3407
110,3.05,2.,-3.3,3.55,2.,-3.3;                                      4445P   3408
110,3.05,2.,-3.3,3.05,2.,0.;                                        4447P   3409
308,0,13HS2B-PH-SM4-TB,944,353,357,361,365,369,373,381,385,389,     4449P   3410
393,397,407,411,415,419,429,433,437,441,451,457,461,475,479,        4449P   3411
481,483,485,487,489,491,493,495,497,499,501,503,509,513,517,        4449P   3412
521,525,529,535,539,543,547,551,555,563,567,571,575,579,589,        4449P   3413
593,597,601,607,611,615,621,625,633,637,643,647,653,657,665,        4449P   3414
669,675,683,687,691,699,703,709,715,719,725,729,735,741,745,        4449P   3415
749,753,759,769,773,779,783,791,795,805,811,815,819,829,833,        4449P   3416
837,841,847,857,861,865,877,881,885,895,901,905,911,915,923,        4449P   3417
927,933,939,947,951,957,961,969,973,983,987,993,997,1009,1013,      4449P   3418
1017,1047,1051,1053,1055,1057,1059,1061,1063,1065,1067,1069,        4449P   3419
1071,1073,1075,1077,1079,1081,1083,1085,1087,1089,1091,1093,        4449P   3420
1095,1099,1101,1103,1107,1109,1113,1115,1117,1121,1123,1125,        4449P   3421
1127,1129,1131,1135,1137,1139,1141,1145,1147,1149,1151,1153,        4449P   3422
1155,1159,1161,1163,1167,1169,1171,1177,1181,1185,1189,1193,        4449P   3423
1197,1203,1207,1211,1217,1221,1227,1233,1237,1241,1245,1251,        4449P   3424
1255,1259,1263,1267,1271,1277,1281,1285,1289,1293,1297,1303,        4449P   3425
1307,1313,1319,1323,1329,1333,1337,1341,1345,1349,1355,1359,        4449P   3426
1365,1371,1375,1381,1385,1389,1393,1397,1401,1407,1411,1415,        4449P   3427
1421,1425,1429,1433,1437,1441,1445,1449,1455,1459,1463,1467,        4449P   3428
1471,1475,1483,1487,1491,1495,1499,1505,1509,1513,1517,1521,        4449P   3429
1525,1531,1537,1541,1545,1549,1571,1575,1579,1583,1587,1591,        4449P   3430
1599,1603,1607,1611,1615,1619,1623,1627,1633,1637,1643,1647,        4449P   3431
1651,1655,1659,1663,1667,1671,1677,1681,1685,1689,1693,1697,        4449P   3432
1703,1707,1711,1717,1721,1725,1731,1735,1741,1745,1749,1753,        4449P   3433
1757,1763,1767,1773,1777,1781,1789,1793,1797,1801,1805,1813,        4449P   3434
1817,1823,1827,1835,1839,1845,1849,1859,1865,1869,1877,1881,        4449P   3435
1885,1889,1893,1901,1905,1911,1915,1923,1927,1933,1937,1947,        4449P   3436
1953,1957,1963,1967,1973,1977,1981,1989,1997,2003,2007,2015,        4449P   3437
2023,2027,2033,2037,2041,2045,2053,2057,2063,2067,2075,2079,        4449P   3438
2083,2087,2093,2101,2109,2113,2125,2129,2133,2141,2145,2149,        4449P   3439
2153,2157,2163,2167,2171,2175,2185,2189,2193,2205,2209,2213,        4449P   3440
2217,2221,2225,2229,2235,2239,2243,2247,2251,2255,2265,2269,        4449P   3441
2273,2277,2291,2305,2309,2317,2323,2331,2335,2343,2347,2351,        4449P   3442
2355,2359,2365,2369,2377,2381,2387,2391,2399,2403,2419,2423,        4449P   3443
2433,2437,2443,2451,2455,2459,2465,2473,2477,2481,2487,2501,        4449P   3444
2505,2515,2521,2525,2539,2543,2547,2551,2561,2565,2569,2573,        4449P   3445
2583,2587,2591,2595,2601,2621,2625,2629,2637,2641,2647,2651,        4449P   3446
2661,2667,2671,2679,2683,2687,2691,2695,2705,2711,2715,2721,        4449P   3447
2725,2729,2737,2741,2745,2749,2753,2761,2765,2769,2775,2779,        4449P   3448
2787,2797,2801,2805,2817,2821,2827,2831,2837,2845,2849,2853,        4449P   3449
2859,2873,2877,2889,2893,2911,2915,2921,2933,2937,2941,2947,        4449P   3450
2955,2959,2963,2973,2977,2981,2985,2995,2999,3003,3007,3019,        4449P   3451
3023,3029,3033,3059,3065,3069,3081,3085,3091,3095,3105,3109,        4449P   3452
3113,3117,3129,3137,3141,3187,3191,3193,3195,3197,3199,3201,        4449P   3453
3203,3205,3207,3209,3211,3213,3215,3217,3219,3221,3223,3225,        4449P   3454
3227,3229,3231,3233,3235,3237,3239,3241,3243,3245,3247,3249,        4449P   3455
3251,3253,3255,3257,3259,3261,3263,3265,3267,3269,3271,3273,        4449P   3456
3275,3277,3279,3281,3283,3285,3287,3289,3291,3293,3295,3297,        4449P   3457
3299,3301,3303,3305,3307,3309,3311,3313,3315,3317,3319,3321,        4449P   3458
3323,3325,3327,3329,3331,3333,3335,3337,3339,3341,3343,3345,        4449P   3459
3347,3349,3351,3353,3355,3357,3359,3361,3363,3365,3367,3369,        4449P   3460
3371,3373,3375,3377,3379,3381,3383,3385,3387,3389,3391,3393,        4449P   3461
3395,3397,3399,3401,3403,3405,3407,3409,3411,3413,3415,3417,        4449P   3462
3419,3421,3423,3425,3427,3429,3431,3433,3435,3437,3439,3441,        4449P   3463
3443,3445,3447,3449,3451,3453,3455,3457,3459,3461,3463,3465,        4449P   3464
3467,3469,3471,3473,3475,3477,3479,3481,3483,3485,3487,3489,        4449P   3465
3491,3493,3495,3497,3499,3501,3503,3505,3507,3509,3511,3513,        4449P   3466
3515,3517,3519,3521,3523,3525,3527,3529,3531,3533,3535,3537,        4449P   3467
3539,3541,3543,3545,3547,3549,3551,3553,3555,3557,3559,3561,        4449P   3468
3563,3565,3567,3569,3571,3573,3575,3577,3579,3581,3583,3585,        4449P   3469
3587,3589,3591,3593,3595,3597,3599,3601,3603,3605,3607,3609,        4449P   3470
3611,3613,3615,3617,3619,3621,3623,3629,3633,3637,3641,3645,        4449P   3471
3649,3655,3659,3663,3667,3671,3675,3683,3687,3691,3695,3699,        4449P   3472
3709,3713,3717,3721,3727,3731,3735,3741,3745,3753,3757,3763,        4449P   3473
3767,3773,3777,3785,3789,3795,3803,3807,3811,3819,3823,3829,        4449P   3474
3835,3839,3845,3849,3855,3861,3865,3869,3873,3879,3889,3893,        4449P   3475
3899,3903,3911,3915,3925,3931,3935,3939,3949,3953,3957,3961,        4449P   3476
3967,3977,3981,3985,3997,4001,4005,4015,4021,4025,4031,4035,        4449P   3477
4043,4047,4053,4059,4067,4071,4077,4081,4089,4093,4103,4107,        4449P   3478
4113,4117,4129,4133,4137,4167,4171,4173,4175,4177,4179,4181,        4449P   3479
4183,4185,4187,4189,4191,4193,4195,4197,4199,4201,4203,4205,        4449P   3480
4207,4209,4211,4213,4215,4219,4221,4223,4227,4229,4233,4235,        4449P   3481
4237,4241,4243,4245,4247,4249,4251,4255,4257,4259,4261,4265,        4449P   3482
4267,4269,4271,4273,4275,4279,4281,4283,4287,4289,4291,4297,        4449P   3483
4301,4305,4309,4313,4317,4323,4327,4333,4337,4341,4347,4351,        4449P   3484
4359,4363,4369,4373,4381,4385,4391,4401,4405,4419,4423,4425,        4449P   3485
4427,4429,4431,4433,4435,4437,4439,4441,4443,4445,4447;             4449P   3486
124,-1.,0.,0.,-0.064020997992233,0.,0.,1.,5.97419730158021,0.,      4451P   3487
1.,0.,1.5;                                                          4451P   3488
408,4449,0.,0.,0.,1.;                                               4453P   3489
S      1G      5D   4454P   3489                                        T      1
