ISO-10303-21;
HEADER;
/* Generated by software containing ST-Developer
 * from STEP Tools, Inc. (www.steptools.com) 
 */

FILE_DESCRIPTION(
/* description */ (''),
/* implementation_level */ '2;1');

FILE_NAME(
/* name */ '/Users/kubota/GitHub/con-jst/PH/TH-SIDE/S10B-PH-KL.stp',
/* time_stamp */ '2017-04-07T20:51:22+09:00',
/* author */ (''),
/* organization */ (''),
/* preprocessor_version */ 'ST-DEVELOPER v16.5',
/* originating_system */ 'Autodesk Translation Framework v5.2.0.2920',
/* authorisation */ '');

FILE_SCHEMA (('AUTOMOTIVE_DESIGN { 1 0 10303 214 3 1 1 }'));
ENDSEC;

DATA;
#10=MECHANICAL_DESIGN_GEOMETRIC_PRESENTATION_REPRESENTATION('',(#74,#75,
#76,#77,#83,#78,#73,#79,#80,#81,#82),#8911);
#11=SHAPE_REPRESENTATION_RELATIONSHIP('SRR','None',#8917,#12);
#12=ADVANCED_BREP_SHAPE_REPRESENTATION('',(#84,#85,#86,#87,#88,#89,#90,
#91,#92,#93,#94),#8910);
#13=CYLINDRICAL_SURFACE('',#5732,0.25);
#14=CYLINDRICAL_SURFACE('',#5733,0.75);
#15=CYLINDRICAL_SURFACE('',#5754,0.25);
#16=CYLINDRICAL_SURFACE('',#5755,0.75);
#17=CYLINDRICAL_SURFACE('',#5776,0.25);
#18=CYLINDRICAL_SURFACE('',#5777,0.75);
#19=CYLINDRICAL_SURFACE('',#5798,0.25);
#20=CYLINDRICAL_SURFACE('',#5799,0.75);
#21=CYLINDRICAL_SURFACE('',#5820,0.25);
#22=CYLINDRICAL_SURFACE('',#5821,0.75);
#23=CYLINDRICAL_SURFACE('',#5842,0.25);
#24=CYLINDRICAL_SURFACE('',#5843,0.75);
#25=CYLINDRICAL_SURFACE('',#5864,0.25);
#26=CYLINDRICAL_SURFACE('',#5865,0.75);
#27=CYLINDRICAL_SURFACE('',#5886,0.25);
#28=CYLINDRICAL_SURFACE('',#5887,0.75);
#29=CYLINDRICAL_SURFACE('',#5908,0.25);
#30=CYLINDRICAL_SURFACE('',#5909,0.75);
#31=CYLINDRICAL_SURFACE('',#5930,0.25);
#32=CYLINDRICAL_SURFACE('',#5931,0.75);
#33=CIRCLE('',#5718,0.749999999999998);
#34=CIRCLE('',#5719,0.249999999999999);
#35=CIRCLE('',#5728,0.249999999999999);
#36=CIRCLE('',#5729,0.749999999999999);
#37=CIRCLE('',#5740,0.749999999999998);
#38=CIRCLE('',#5741,0.249999999999999);
#39=CIRCLE('',#5750,0.249999999999999);
#40=CIRCLE('',#5751,0.749999999999999);
#41=CIRCLE('',#5762,0.749999999999998);
#42=CIRCLE('',#5763,0.249999999999999);
#43=CIRCLE('',#5772,0.249999999999999);
#44=CIRCLE('',#5773,0.749999999999999);
#45=CIRCLE('',#5784,0.749999999999998);
#46=CIRCLE('',#5785,0.249999999999999);
#47=CIRCLE('',#5794,0.249999999999999);
#48=CIRCLE('',#5795,0.749999999999999);
#49=CIRCLE('',#5806,0.749999999999998);
#50=CIRCLE('',#5807,0.249999999999999);
#51=CIRCLE('',#5816,0.249999999999999);
#52=CIRCLE('',#5817,0.749999999999999);
#53=CIRCLE('',#5828,0.749999999999998);
#54=CIRCLE('',#5829,0.249999999999999);
#55=CIRCLE('',#5838,0.249999999999999);
#56=CIRCLE('',#5839,0.749999999999999);
#57=CIRCLE('',#5850,0.749999999999998);
#58=CIRCLE('',#5851,0.249999999999999);
#59=CIRCLE('',#5860,0.249999999999999);
#60=CIRCLE('',#5861,0.749999999999999);
#61=CIRCLE('',#5872,0.749999999999998);
#62=CIRCLE('',#5873,0.249999999999999);
#63=CIRCLE('',#5882,0.249999999999999);
#64=CIRCLE('',#5883,0.749999999999999);
#65=CIRCLE('',#5894,0.749999999999998);
#66=CIRCLE('',#5895,0.249999999999999);
#67=CIRCLE('',#5904,0.249999999999999);
#68=CIRCLE('',#5905,0.749999999999999);
#69=CIRCLE('',#5916,0.749999999999998);
#70=CIRCLE('',#5917,0.249999999999999);
#71=CIRCLE('',#5926,0.249999999999999);
#72=CIRCLE('',#5927,0.749999999999999);
#73=STYLED_ITEM('',(#8927),#84);
#74=STYLED_ITEM('',(#8928),#85);
#75=STYLED_ITEM('',(#8928),#86);
#76=STYLED_ITEM('',(#8928),#87);
#77=STYLED_ITEM('',(#8928),#88);
#78=STYLED_ITEM('',(#8928),#89);
#79=STYLED_ITEM('',(#8928),#90);
#80=STYLED_ITEM('',(#8928),#91);
#81=STYLED_ITEM('',(#8928),#92);
#82=STYLED_ITEM('',(#8928),#93);
#83=STYLED_ITEM('',(#8928),#94);
#84=MANIFOLD_SOLID_BREP('Body1',#5579);
#85=MANIFOLD_SOLID_BREP('Body2',#5580);
#86=MANIFOLD_SOLID_BREP('Body3',#5581);
#87=MANIFOLD_SOLID_BREP('Body25',#5582);
#88=MANIFOLD_SOLID_BREP('Body26',#5583);
#89=MANIFOLD_SOLID_BREP('Body27',#5584);
#90=MANIFOLD_SOLID_BREP('Body28',#5585);
#91=MANIFOLD_SOLID_BREP('Body29',#5586);
#92=MANIFOLD_SOLID_BREP('Body30',#5587);
#93=MANIFOLD_SOLID_BREP('Body31',#5588);
#94=MANIFOLD_SOLID_BREP('Body32',#5589);
#95=FACE_BOUND('',#433,.T.);
#96=FACE_BOUND('',#447,.T.);
#97=FACE_BOUND('',#463,.T.);
#98=FACE_BOUND('',#472,.T.);
#99=FACE_BOUND('',#481,.T.);
#100=FACE_BOUND('',#490,.T.);
#101=FACE_BOUND('',#499,.T.);
#102=FACE_BOUND('',#508,.T.);
#103=FACE_BOUND('',#517,.T.);
#104=FACE_BOUND('',#526,.T.);
#105=FACE_BOUND('',#542,.T.);
#106=FACE_BOUND('',#543,.T.);
#107=FACE_BOUND('',#544,.T.);
#108=FACE_BOUND('',#545,.T.);
#109=FACE_BOUND('',#546,.T.);
#110=FACE_BOUND('',#547,.T.);
#111=FACE_BOUND('',#548,.T.);
#112=FACE_BOUND('',#549,.T.);
#113=FACE_BOUND('',#550,.T.);
#114=FACE_BOUND('',#551,.T.);
#115=FACE_OUTER_BOUND('',#417,.T.);
#116=FACE_OUTER_BOUND('',#418,.T.);
#117=FACE_OUTER_BOUND('',#419,.T.);
#118=FACE_OUTER_BOUND('',#420,.T.);
#119=FACE_OUTER_BOUND('',#421,.T.);
#120=FACE_OUTER_BOUND('',#422,.T.);
#121=FACE_OUTER_BOUND('',#423,.T.);
#122=FACE_OUTER_BOUND('',#424,.T.);
#123=FACE_OUTER_BOUND('',#425,.T.);
#124=FACE_OUTER_BOUND('',#426,.T.);
#125=FACE_OUTER_BOUND('',#427,.T.);
#126=FACE_OUTER_BOUND('',#428,.T.);
#127=FACE_OUTER_BOUND('',#429,.T.);
#128=FACE_OUTER_BOUND('',#430,.T.);
#129=FACE_OUTER_BOUND('',#431,.T.);
#130=FACE_OUTER_BOUND('',#432,.T.);
#131=FACE_OUTER_BOUND('',#434,.T.);
#132=FACE_OUTER_BOUND('',#435,.T.);
#133=FACE_OUTER_BOUND('',#436,.T.);
#134=FACE_OUTER_BOUND('',#437,.T.);
#135=FACE_OUTER_BOUND('',#438,.T.);
#136=FACE_OUTER_BOUND('',#439,.T.);
#137=FACE_OUTER_BOUND('',#440,.T.);
#138=FACE_OUTER_BOUND('',#441,.T.);
#139=FACE_OUTER_BOUND('',#442,.T.);
#140=FACE_OUTER_BOUND('',#443,.T.);
#141=FACE_OUTER_BOUND('',#444,.T.);
#142=FACE_OUTER_BOUND('',#445,.T.);
#143=FACE_OUTER_BOUND('',#446,.T.);
#144=FACE_OUTER_BOUND('',#448,.T.);
#145=FACE_OUTER_BOUND('',#449,.T.);
#146=FACE_OUTER_BOUND('',#450,.T.);
#147=FACE_OUTER_BOUND('',#451,.T.);
#148=FACE_OUTER_BOUND('',#452,.T.);
#149=FACE_OUTER_BOUND('',#453,.T.);
#150=FACE_OUTER_BOUND('',#454,.T.);
#151=FACE_OUTER_BOUND('',#455,.T.);
#152=FACE_OUTER_BOUND('',#456,.T.);
#153=FACE_OUTER_BOUND('',#457,.T.);
#154=FACE_OUTER_BOUND('',#458,.T.);
#155=FACE_OUTER_BOUND('',#459,.T.);
#156=FACE_OUTER_BOUND('',#460,.T.);
#157=FACE_OUTER_BOUND('',#461,.T.);
#158=FACE_OUTER_BOUND('',#462,.T.);
#159=FACE_OUTER_BOUND('',#464,.T.);
#160=FACE_OUTER_BOUND('',#465,.T.);
#161=FACE_OUTER_BOUND('',#466,.T.);
#162=FACE_OUTER_BOUND('',#467,.T.);
#163=FACE_OUTER_BOUND('',#468,.T.);
#164=FACE_OUTER_BOUND('',#469,.T.);
#165=FACE_OUTER_BOUND('',#470,.T.);
#166=FACE_OUTER_BOUND('',#471,.T.);
#167=FACE_OUTER_BOUND('',#473,.T.);
#168=FACE_OUTER_BOUND('',#474,.T.);
#169=FACE_OUTER_BOUND('',#475,.T.);
#170=FACE_OUTER_BOUND('',#476,.T.);
#171=FACE_OUTER_BOUND('',#477,.T.);
#172=FACE_OUTER_BOUND('',#478,.T.);
#173=FACE_OUTER_BOUND('',#479,.T.);
#174=FACE_OUTER_BOUND('',#480,.T.);
#175=FACE_OUTER_BOUND('',#482,.T.);
#176=FACE_OUTER_BOUND('',#483,.T.);
#177=FACE_OUTER_BOUND('',#484,.T.);
#178=FACE_OUTER_BOUND('',#485,.T.);
#179=FACE_OUTER_BOUND('',#486,.T.);
#180=FACE_OUTER_BOUND('',#487,.T.);
#181=FACE_OUTER_BOUND('',#488,.T.);
#182=FACE_OUTER_BOUND('',#489,.T.);
#183=FACE_OUTER_BOUND('',#491,.T.);
#184=FACE_OUTER_BOUND('',#492,.T.);
#185=FACE_OUTER_BOUND('',#493,.T.);
#186=FACE_OUTER_BOUND('',#494,.T.);
#187=FACE_OUTER_BOUND('',#495,.T.);
#188=FACE_OUTER_BOUND('',#496,.T.);
#189=FACE_OUTER_BOUND('',#497,.T.);
#190=FACE_OUTER_BOUND('',#498,.T.);
#191=FACE_OUTER_BOUND('',#500,.T.);
#192=FACE_OUTER_BOUND('',#501,.T.);
#193=FACE_OUTER_BOUND('',#502,.T.);
#194=FACE_OUTER_BOUND('',#503,.T.);
#195=FACE_OUTER_BOUND('',#504,.T.);
#196=FACE_OUTER_BOUND('',#505,.T.);
#197=FACE_OUTER_BOUND('',#506,.T.);
#198=FACE_OUTER_BOUND('',#507,.T.);
#199=FACE_OUTER_BOUND('',#509,.T.);
#200=FACE_OUTER_BOUND('',#510,.T.);
#201=FACE_OUTER_BOUND('',#511,.T.);
#202=FACE_OUTER_BOUND('',#512,.T.);
#203=FACE_OUTER_BOUND('',#513,.T.);
#204=FACE_OUTER_BOUND('',#514,.T.);
#205=FACE_OUTER_BOUND('',#515,.T.);
#206=FACE_OUTER_BOUND('',#516,.T.);
#207=FACE_OUTER_BOUND('',#518,.T.);
#208=FACE_OUTER_BOUND('',#519,.T.);
#209=FACE_OUTER_BOUND('',#520,.T.);
#210=FACE_OUTER_BOUND('',#521,.T.);
#211=FACE_OUTER_BOUND('',#522,.T.);
#212=FACE_OUTER_BOUND('',#523,.T.);
#213=FACE_OUTER_BOUND('',#524,.T.);
#214=FACE_OUTER_BOUND('',#525,.T.);
#215=FACE_OUTER_BOUND('',#527,.T.);
#216=FACE_OUTER_BOUND('',#528,.T.);
#217=FACE_OUTER_BOUND('',#529,.T.);
#218=FACE_OUTER_BOUND('',#530,.T.);
#219=FACE_OUTER_BOUND('',#531,.T.);
#220=FACE_OUTER_BOUND('',#532,.T.);
#221=FACE_OUTER_BOUND('',#533,.T.);
#222=FACE_OUTER_BOUND('',#534,.T.);
#223=FACE_OUTER_BOUND('',#535,.T.);
#224=FACE_OUTER_BOUND('',#536,.T.);
#225=FACE_OUTER_BOUND('',#537,.T.);
#226=FACE_OUTER_BOUND('',#538,.T.);
#227=FACE_OUTER_BOUND('',#539,.T.);
#228=FACE_OUTER_BOUND('',#540,.T.);
#229=FACE_OUTER_BOUND('',#541,.T.);
#230=FACE_OUTER_BOUND('',#552,.T.);
#231=FACE_OUTER_BOUND('',#553,.T.);
#232=FACE_OUTER_BOUND('',#554,.T.);
#233=FACE_OUTER_BOUND('',#555,.T.);
#234=FACE_OUTER_BOUND('',#556,.T.);
#235=FACE_OUTER_BOUND('',#557,.T.);
#236=FACE_OUTER_BOUND('',#558,.T.);
#237=FACE_OUTER_BOUND('',#559,.T.);
#238=FACE_OUTER_BOUND('',#560,.T.);
#239=FACE_OUTER_BOUND('',#561,.T.);
#240=FACE_OUTER_BOUND('',#562,.T.);
#241=FACE_OUTER_BOUND('',#563,.T.);
#242=FACE_OUTER_BOUND('',#564,.T.);
#243=FACE_OUTER_BOUND('',#565,.T.);
#244=FACE_OUTER_BOUND('',#566,.T.);
#245=FACE_OUTER_BOUND('',#567,.T.);
#246=FACE_OUTER_BOUND('',#568,.T.);
#247=FACE_OUTER_BOUND('',#569,.T.);
#248=FACE_OUTER_BOUND('',#570,.T.);
#249=FACE_OUTER_BOUND('',#571,.T.);
#250=FACE_OUTER_BOUND('',#572,.T.);
#251=FACE_OUTER_BOUND('',#573,.T.);
#252=FACE_OUTER_BOUND('',#574,.T.);
#253=FACE_OUTER_BOUND('',#575,.T.);
#254=FACE_OUTER_BOUND('',#576,.T.);
#255=FACE_OUTER_BOUND('',#577,.T.);
#256=FACE_OUTER_BOUND('',#578,.T.);
#257=FACE_OUTER_BOUND('',#579,.T.);
#258=FACE_OUTER_BOUND('',#580,.T.);
#259=FACE_OUTER_BOUND('',#581,.T.);
#260=FACE_OUTER_BOUND('',#582,.T.);
#261=FACE_OUTER_BOUND('',#583,.T.);
#262=FACE_OUTER_BOUND('',#584,.T.);
#263=FACE_OUTER_BOUND('',#585,.T.);
#264=FACE_OUTER_BOUND('',#586,.T.);
#265=FACE_OUTER_BOUND('',#587,.T.);
#266=FACE_OUTER_BOUND('',#588,.T.);
#267=FACE_OUTER_BOUND('',#589,.T.);
#268=FACE_OUTER_BOUND('',#590,.T.);
#269=FACE_OUTER_BOUND('',#591,.T.);
#270=FACE_OUTER_BOUND('',#592,.T.);
#271=FACE_OUTER_BOUND('',#593,.T.);
#272=FACE_OUTER_BOUND('',#594,.T.);
#273=FACE_OUTER_BOUND('',#595,.T.);
#274=FACE_OUTER_BOUND('',#596,.T.);
#275=FACE_OUTER_BOUND('',#597,.T.);
#276=FACE_OUTER_BOUND('',#598,.T.);
#277=FACE_OUTER_BOUND('',#599,.T.);
#278=FACE_OUTER_BOUND('',#600,.T.);
#279=FACE_OUTER_BOUND('',#601,.T.);
#280=FACE_OUTER_BOUND('',#602,.T.);
#281=FACE_OUTER_BOUND('',#603,.T.);
#282=FACE_OUTER_BOUND('',#604,.T.);
#283=FACE_OUTER_BOUND('',#605,.T.);
#284=FACE_OUTER_BOUND('',#606,.T.);
#285=FACE_OUTER_BOUND('',#607,.T.);
#286=FACE_OUTER_BOUND('',#608,.T.);
#287=FACE_OUTER_BOUND('',#609,.T.);
#288=FACE_OUTER_BOUND('',#610,.T.);
#289=FACE_OUTER_BOUND('',#611,.T.);
#290=FACE_OUTER_BOUND('',#612,.T.);
#291=FACE_OUTER_BOUND('',#613,.T.);
#292=FACE_OUTER_BOUND('',#614,.T.);
#293=FACE_OUTER_BOUND('',#615,.T.);
#294=FACE_OUTER_BOUND('',#616,.T.);
#295=FACE_OUTER_BOUND('',#617,.T.);
#296=FACE_OUTER_BOUND('',#618,.T.);
#297=FACE_OUTER_BOUND('',#619,.T.);
#298=FACE_OUTER_BOUND('',#620,.T.);
#299=FACE_OUTER_BOUND('',#621,.T.);
#300=FACE_OUTER_BOUND('',#622,.T.);
#301=FACE_OUTER_BOUND('',#623,.T.);
#302=FACE_OUTER_BOUND('',#624,.T.);
#303=FACE_OUTER_BOUND('',#625,.T.);
#304=FACE_OUTER_BOUND('',#626,.T.);
#305=FACE_OUTER_BOUND('',#627,.T.);
#306=FACE_OUTER_BOUND('',#628,.T.);
#307=FACE_OUTER_BOUND('',#629,.T.);
#308=FACE_OUTER_BOUND('',#630,.T.);
#309=FACE_OUTER_BOUND('',#631,.T.);
#310=FACE_OUTER_BOUND('',#632,.T.);
#311=FACE_OUTER_BOUND('',#633,.T.);
#312=FACE_OUTER_BOUND('',#634,.T.);
#313=FACE_OUTER_BOUND('',#635,.T.);
#314=FACE_OUTER_BOUND('',#636,.T.);
#315=FACE_OUTER_BOUND('',#637,.T.);
#316=FACE_OUTER_BOUND('',#638,.T.);
#317=FACE_OUTER_BOUND('',#639,.T.);
#318=FACE_OUTER_BOUND('',#640,.T.);
#319=FACE_OUTER_BOUND('',#641,.T.);
#320=FACE_OUTER_BOUND('',#642,.T.);
#321=FACE_OUTER_BOUND('',#643,.T.);
#322=FACE_OUTER_BOUND('',#644,.T.);
#323=FACE_OUTER_BOUND('',#645,.T.);
#324=FACE_OUTER_BOUND('',#646,.T.);
#325=FACE_OUTER_BOUND('',#647,.T.);
#326=FACE_OUTER_BOUND('',#648,.T.);
#327=FACE_OUTER_BOUND('',#649,.T.);
#328=FACE_OUTER_BOUND('',#650,.T.);
#329=FACE_OUTER_BOUND('',#651,.T.);
#330=FACE_OUTER_BOUND('',#652,.T.);
#331=FACE_OUTER_BOUND('',#653,.T.);
#332=FACE_OUTER_BOUND('',#654,.T.);
#333=FACE_OUTER_BOUND('',#655,.T.);
#334=FACE_OUTER_BOUND('',#656,.T.);
#335=FACE_OUTER_BOUND('',#657,.T.);
#336=FACE_OUTER_BOUND('',#658,.T.);
#337=FACE_OUTER_BOUND('',#659,.T.);
#338=FACE_OUTER_BOUND('',#660,.T.);
#339=FACE_OUTER_BOUND('',#661,.T.);
#340=FACE_OUTER_BOUND('',#662,.T.);
#341=FACE_OUTER_BOUND('',#663,.T.);
#342=FACE_OUTER_BOUND('',#664,.T.);
#343=FACE_OUTER_BOUND('',#665,.T.);
#344=FACE_OUTER_BOUND('',#666,.T.);
#345=FACE_OUTER_BOUND('',#667,.T.);
#346=FACE_OUTER_BOUND('',#668,.T.);
#347=FACE_OUTER_BOUND('',#669,.T.);
#348=FACE_OUTER_BOUND('',#670,.T.);
#349=FACE_OUTER_BOUND('',#671,.T.);
#350=FACE_OUTER_BOUND('',#672,.T.);
#351=FACE_OUTER_BOUND('',#673,.T.);
#352=FACE_OUTER_BOUND('',#674,.T.);
#353=FACE_OUTER_BOUND('',#675,.T.);
#354=FACE_OUTER_BOUND('',#676,.T.);
#355=FACE_OUTER_BOUND('',#677,.T.);
#356=FACE_OUTER_BOUND('',#678,.T.);
#357=FACE_OUTER_BOUND('',#679,.T.);
#358=FACE_OUTER_BOUND('',#680,.T.);
#359=FACE_OUTER_BOUND('',#681,.T.);
#360=FACE_OUTER_BOUND('',#682,.T.);
#361=FACE_OUTER_BOUND('',#683,.T.);
#362=FACE_OUTER_BOUND('',#684,.T.);
#363=FACE_OUTER_BOUND('',#685,.T.);
#364=FACE_OUTER_BOUND('',#686,.T.);
#365=FACE_OUTER_BOUND('',#687,.T.);
#366=FACE_OUTER_BOUND('',#688,.T.);
#367=FACE_OUTER_BOUND('',#689,.T.);
#368=FACE_OUTER_BOUND('',#690,.T.);
#369=FACE_OUTER_BOUND('',#691,.T.);
#370=FACE_OUTER_BOUND('',#692,.T.);
#371=FACE_OUTER_BOUND('',#693,.T.);
#372=FACE_OUTER_BOUND('',#694,.T.);
#373=FACE_OUTER_BOUND('',#695,.T.);
#374=FACE_OUTER_BOUND('',#696,.T.);
#375=FACE_OUTER_BOUND('',#697,.T.);
#376=FACE_OUTER_BOUND('',#698,.T.);
#377=FACE_OUTER_BOUND('',#699,.T.);
#378=FACE_OUTER_BOUND('',#700,.T.);
#379=FACE_OUTER_BOUND('',#701,.T.);
#380=FACE_OUTER_BOUND('',#702,.T.);
#381=FACE_OUTER_BOUND('',#703,.T.);
#382=FACE_OUTER_BOUND('',#704,.T.);
#383=FACE_OUTER_BOUND('',#705,.T.);
#384=FACE_OUTER_BOUND('',#706,.T.);
#385=FACE_OUTER_BOUND('',#707,.T.);
#386=FACE_OUTER_BOUND('',#708,.T.);
#387=FACE_OUTER_BOUND('',#709,.T.);
#388=FACE_OUTER_BOUND('',#710,.T.);
#389=FACE_OUTER_BOUND('',#711,.T.);
#390=FACE_OUTER_BOUND('',#712,.T.);
#391=FACE_OUTER_BOUND('',#713,.T.);
#392=FACE_OUTER_BOUND('',#714,.T.);
#393=FACE_OUTER_BOUND('',#715,.T.);
#394=FACE_OUTER_BOUND('',#716,.T.);
#395=FACE_OUTER_BOUND('',#717,.T.);
#396=FACE_OUTER_BOUND('',#718,.T.);
#397=FACE_OUTER_BOUND('',#719,.T.);
#398=FACE_OUTER_BOUND('',#720,.T.);
#399=FACE_OUTER_BOUND('',#721,.T.);
#400=FACE_OUTER_BOUND('',#722,.T.);
#401=FACE_OUTER_BOUND('',#723,.T.);
#402=FACE_OUTER_BOUND('',#724,.T.);
#403=FACE_OUTER_BOUND('',#725,.T.);
#404=FACE_OUTER_BOUND('',#726,.T.);
#405=FACE_OUTER_BOUND('',#727,.T.);
#406=FACE_OUTER_BOUND('',#728,.T.);
#407=FACE_OUTER_BOUND('',#729,.T.);
#408=FACE_OUTER_BOUND('',#730,.T.);
#409=FACE_OUTER_BOUND('',#731,.T.);
#410=FACE_OUTER_BOUND('',#732,.T.);
#411=FACE_OUTER_BOUND('',#733,.T.);
#412=FACE_OUTER_BOUND('',#734,.T.);
#413=FACE_OUTER_BOUND('',#735,.T.);
#414=FACE_OUTER_BOUND('',#736,.T.);
#415=FACE_OUTER_BOUND('',#737,.T.);
#416=FACE_OUTER_BOUND('',#738,.T.);
#417=EDGE_LOOP('',(#3455,#3456,#3457,#3458));
#418=EDGE_LOOP('',(#3459,#3460,#3461,#3462));
#419=EDGE_LOOP('',(#3463,#3464,#3465,#3466));
#420=EDGE_LOOP('',(#3467,#3468,#3469,#3470));
#421=EDGE_LOOP('',(#3471,#3472,#3473,#3474));
#422=EDGE_LOOP('',(#3475,#3476,#3477,#3478));
#423=EDGE_LOOP('',(#3479,#3480,#3481,#3482,#3483,#3484,#3485,#3486,#3487,
#3488));
#424=EDGE_LOOP('',(#3489,#3490,#3491,#3492,#3493,#3494));
#425=EDGE_LOOP('',(#3495,#3496,#3497,#3498,#3499,#3500));
#426=EDGE_LOOP('',(#3501,#3502,#3503,#3504,#3505,#3506,#3507,#3508,#3509,
#3510));
#427=EDGE_LOOP('',(#3511,#3512,#3513,#3514));
#428=EDGE_LOOP('',(#3515,#3516,#3517,#3518,#3519,#3520));
#429=EDGE_LOOP('',(#3521,#3522,#3523,#3524));
#430=EDGE_LOOP('',(#3525,#3526,#3527,#3528,#3529,#3530));
#431=EDGE_LOOP('',(#3531,#3532,#3533,#3534,#3535,#3536,#3537,#3538));
#432=EDGE_LOOP('',(#3539,#3540,#3541,#3542,#3543,#3544));
#433=EDGE_LOOP('',(#3545,#3546,#3547,#3548));
#434=EDGE_LOOP('',(#3549,#3550,#3551,#3552,#3553,#3554,#3555,#3556,#3557,
#3558,#3559,#3560,#3561,#3562,#3563,#3564,#3565,#3566,#3567,#3568,#3569,
#3570,#3571,#3572,#3573,#3574,#3575,#3576,#3577,#3578,#3579,#3580,#3581,
#3582,#3583,#3584,#3585,#3586,#3587,#3588,#3589,#3590,#3591,#3592,#3593,
#3594,#3595,#3596,#3597,#3598,#3599,#3600));
#435=EDGE_LOOP('',(#3601,#3602,#3603,#3604,#3605,#3606,#3607,#3608,#3609,
#3610));
#436=EDGE_LOOP('',(#3611,#3612,#3613,#3614));
#437=EDGE_LOOP('',(#3615,#3616,#3617,#3618));
#438=EDGE_LOOP('',(#3619,#3620,#3621,#3622));
#439=EDGE_LOOP('',(#3623,#3624,#3625,#3626,#3627));
#440=EDGE_LOOP('',(#3628,#3629,#3630,#3631));
#441=EDGE_LOOP('',(#3632,#3633,#3634,#3635));
#442=EDGE_LOOP('',(#3636,#3637,#3638,#3639,#3640,#3641));
#443=EDGE_LOOP('',(#3642,#3643,#3644,#3645,#3646,#3647));
#444=EDGE_LOOP('',(#3648,#3649,#3650,#3651));
#445=EDGE_LOOP('',(#3652,#3653,#3654,#3655,#3656,#3657,#3658,#3659));
#446=EDGE_LOOP('',(#3660,#3661,#3662,#3663,#3664,#3665));
#447=EDGE_LOOP('',(#3666,#3667,#3668,#3669));
#448=EDGE_LOOP('',(#3670,#3671,#3672,#3673,#3674,#3675,#3676,#3677,#3678,
#3679,#3680,#3681));
#449=EDGE_LOOP('',(#3682,#3683,#3684,#3685));
#450=EDGE_LOOP('',(#3686,#3687,#3688,#3689));
#451=EDGE_LOOP('',(#3690,#3691,#3692,#3693));
#452=EDGE_LOOP('',(#3694,#3695,#3696,#3697,#3698));
#453=EDGE_LOOP('',(#3699,#3700,#3701,#3702,#3703,#3704,#3705,#3706));
#454=EDGE_LOOP('',(#3707,#3708,#3709,#3710));
#455=EDGE_LOOP('',(#3711,#3712,#3713,#3714));
#456=EDGE_LOOP('',(#3715,#3716,#3717,#3718));
#457=EDGE_LOOP('',(#3719,#3720,#3721,#3722));
#458=EDGE_LOOP('',(#3723,#3724,#3725,#3726));
#459=EDGE_LOOP('',(#3727,#3728,#3729,#3730));
#460=EDGE_LOOP('',(#3731,#3732,#3733,#3734));
#461=EDGE_LOOP('',(#3735,#3736,#3737,#3738));
#462=EDGE_LOOP('',(#3739,#3740,#3741,#3742));
#463=EDGE_LOOP('',(#3743,#3744,#3745,#3746));
#464=EDGE_LOOP('',(#3747,#3748,#3749,#3750));
#465=EDGE_LOOP('',(#3751,#3752,#3753,#3754));
#466=EDGE_LOOP('',(#3755,#3756,#3757,#3758));
#467=EDGE_LOOP('',(#3759,#3760,#3761,#3762));
#468=EDGE_LOOP('',(#3763,#3764,#3765,#3766));
#469=EDGE_LOOP('',(#3767,#3768,#3769,#3770));
#470=EDGE_LOOP('',(#3771,#3772,#3773,#3774));
#471=EDGE_LOOP('',(#3775,#3776,#3777,#3778));
#472=EDGE_LOOP('',(#3779,#3780,#3781,#3782));
#473=EDGE_LOOP('',(#3783,#3784,#3785,#3786));
#474=EDGE_LOOP('',(#3787,#3788,#3789,#3790));
#475=EDGE_LOOP('',(#3791,#3792,#3793,#3794));
#476=EDGE_LOOP('',(#3795,#3796,#3797,#3798));
#477=EDGE_LOOP('',(#3799,#3800,#3801,#3802));
#478=EDGE_LOOP('',(#3803,#3804,#3805,#3806));
#479=EDGE_LOOP('',(#3807,#3808,#3809,#3810));
#480=EDGE_LOOP('',(#3811,#3812,#3813,#3814));
#481=EDGE_LOOP('',(#3815,#3816,#3817,#3818));
#482=EDGE_LOOP('',(#3819,#3820,#3821,#3822));
#483=EDGE_LOOP('',(#3823,#3824,#3825,#3826));
#484=EDGE_LOOP('',(#3827,#3828,#3829,#3830));
#485=EDGE_LOOP('',(#3831,#3832,#3833,#3834));
#486=EDGE_LOOP('',(#3835,#3836,#3837,#3838));
#487=EDGE_LOOP('',(#3839,#3840,#3841,#3842));
#488=EDGE_LOOP('',(#3843,#3844,#3845,#3846));
#489=EDGE_LOOP('',(#3847,#3848,#3849,#3850));
#490=EDGE_LOOP('',(#3851,#3852,#3853,#3854));
#491=EDGE_LOOP('',(#3855,#3856,#3857,#3858));
#492=EDGE_LOOP('',(#3859,#3860,#3861,#3862));
#493=EDGE_LOOP('',(#3863,#3864,#3865,#3866));
#494=EDGE_LOOP('',(#3867,#3868,#3869,#3870));
#495=EDGE_LOOP('',(#3871,#3872,#3873,#3874));
#496=EDGE_LOOP('',(#3875,#3876,#3877,#3878));
#497=EDGE_LOOP('',(#3879,#3880,#3881,#3882));
#498=EDGE_LOOP('',(#3883,#3884,#3885,#3886));
#499=EDGE_LOOP('',(#3887,#3888,#3889,#3890));
#500=EDGE_LOOP('',(#3891,#3892,#3893,#3894));
#501=EDGE_LOOP('',(#3895,#3896,#3897,#3898));
#502=EDGE_LOOP('',(#3899,#3900,#3901,#3902));
#503=EDGE_LOOP('',(#3903,#3904,#3905,#3906));
#504=EDGE_LOOP('',(#3907,#3908,#3909,#3910));
#505=EDGE_LOOP('',(#3911,#3912,#3913,#3914));
#506=EDGE_LOOP('',(#3915,#3916,#3917,#3918));
#507=EDGE_LOOP('',(#3919,#3920,#3921,#3922));
#508=EDGE_LOOP('',(#3923,#3924,#3925,#3926));
#509=EDGE_LOOP('',(#3927,#3928,#3929,#3930));
#510=EDGE_LOOP('',(#3931,#3932,#3933,#3934));
#511=EDGE_LOOP('',(#3935,#3936,#3937,#3938));
#512=EDGE_LOOP('',(#3939,#3940,#3941,#3942));
#513=EDGE_LOOP('',(#3943,#3944,#3945,#3946));
#514=EDGE_LOOP('',(#3947,#3948,#3949,#3950));
#515=EDGE_LOOP('',(#3951,#3952,#3953,#3954));
#516=EDGE_LOOP('',(#3955,#3956,#3957,#3958));
#517=EDGE_LOOP('',(#3959,#3960,#3961,#3962));
#518=EDGE_LOOP('',(#3963,#3964,#3965,#3966));
#519=EDGE_LOOP('',(#3967,#3968,#3969,#3970));
#520=EDGE_LOOP('',(#3971,#3972,#3973,#3974));
#521=EDGE_LOOP('',(#3975,#3976,#3977,#3978));
#522=EDGE_LOOP('',(#3979,#3980,#3981,#3982));
#523=EDGE_LOOP('',(#3983,#3984,#3985,#3986));
#524=EDGE_LOOP('',(#3987,#3988,#3989,#3990));
#525=EDGE_LOOP('',(#3991,#3992,#3993,#3994));
#526=EDGE_LOOP('',(#3995,#3996,#3997,#3998));
#527=EDGE_LOOP('',(#3999,#4000,#4001,#4002));
#528=EDGE_LOOP('',(#4003,#4004,#4005,#4006));
#529=EDGE_LOOP('',(#4007,#4008,#4009,#4010));
#530=EDGE_LOOP('',(#4011,#4012,#4013,#4014));
#531=EDGE_LOOP('',(#4015,#4016,#4017,#4018));
#532=EDGE_LOOP('',(#4019,#4020,#4021,#4022));
#533=EDGE_LOOP('',(#4023,#4024,#4025,#4026));
#534=EDGE_LOOP('',(#4027,#4028,#4029,#4030));
#535=EDGE_LOOP('',(#4031,#4032,#4033,#4034,#4035,#4036,#4037,#4038,#4039,
#4040,#4041,#4042,#4043,#4044,#4045,#4046,#4047,#4048,#4049,#4050,#4051,
#4052,#4053,#4054,#4055,#4056,#4057,#4058,#4059,#4060,#4061,#4062,#4063,
#4064,#4065,#4066,#4067,#4068,#4069,#4070,#4071,#4072,#4073,#4074,#4075,
#4076));
#536=EDGE_LOOP('',(#4077,#4078,#4079,#4080));
#537=EDGE_LOOP('',(#4081,#4082,#4083,#4084));
#538=EDGE_LOOP('',(#4085,#4086,#4087,#4088));
#539=EDGE_LOOP('',(#4089,#4090,#4091,#4092));
#540=EDGE_LOOP('',(#4093,#4094,#4095,#4096));
#541=EDGE_LOOP('',(#4097,#4098,#4099,#4100,#4101,#4102,#4103,#4104));
#542=EDGE_LOOP('',(#4105,#4106,#4107,#4108));
#543=EDGE_LOOP('',(#4109,#4110,#4111,#4112));
#544=EDGE_LOOP('',(#4113,#4114,#4115,#4116));
#545=EDGE_LOOP('',(#4117,#4118,#4119,#4120));
#546=EDGE_LOOP('',(#4121,#4122,#4123,#4124));
#547=EDGE_LOOP('',(#4125,#4126,#4127,#4128));
#548=EDGE_LOOP('',(#4129,#4130,#4131,#4132));
#549=EDGE_LOOP('',(#4133,#4134,#4135,#4136));
#550=EDGE_LOOP('',(#4137,#4138,#4139,#4140));
#551=EDGE_LOOP('',(#4141,#4142,#4143,#4144));
#552=EDGE_LOOP('',(#4145,#4146,#4147,#4148));
#553=EDGE_LOOP('',(#4149,#4150,#4151,#4152));
#554=EDGE_LOOP('',(#4153,#4154,#4155,#4156,#4157,#4158,#4159,#4160,#4161,
#4162,#4163,#4164));
#555=EDGE_LOOP('',(#4165,#4166,#4167,#4168,#4169,#4170));
#556=EDGE_LOOP('',(#4171,#4172,#4173,#4174,#4175,#4176));
#557=EDGE_LOOP('',(#4177,#4178,#4179,#4180,#4181,#4182,#4183,#4184));
#558=EDGE_LOOP('',(#4185,#4186,#4187,#4188,#4189,#4190,#4191,#4192,#4193,
#4194));
#559=EDGE_LOOP('',(#4195,#4196,#4197,#4198));
#560=EDGE_LOOP('',(#4199,#4200,#4201,#4202));
#561=EDGE_LOOP('',(#4203,#4204,#4205,#4206));
#562=EDGE_LOOP('',(#4207,#4208,#4209,#4210));
#563=EDGE_LOOP('',(#4211,#4212,#4213,#4214,#4215,#4216,#4217,#4218));
#564=EDGE_LOOP('',(#4219,#4220,#4221,#4222));
#565=EDGE_LOOP('',(#4223,#4224,#4225,#4226));
#566=EDGE_LOOP('',(#4227,#4228,#4229,#4230));
#567=EDGE_LOOP('',(#4231,#4232,#4233,#4234));
#568=EDGE_LOOP('',(#4235,#4236,#4237,#4238));
#569=EDGE_LOOP('',(#4239,#4240,#4241,#4242));
#570=EDGE_LOOP('',(#4243,#4244,#4245,#4246));
#571=EDGE_LOOP('',(#4247,#4248,#4249,#4250,#4251,#4252,#4253,#4254));
#572=EDGE_LOOP('',(#4255,#4256,#4257,#4258));
#573=EDGE_LOOP('',(#4259,#4260,#4261,#4262));
#574=EDGE_LOOP('',(#4263,#4264,#4265,#4266));
#575=EDGE_LOOP('',(#4267,#4268,#4269,#4270));
#576=EDGE_LOOP('',(#4271,#4272,#4273,#4274));
#577=EDGE_LOOP('',(#4275,#4276,#4277,#4278));
#578=EDGE_LOOP('',(#4279,#4280,#4281,#4282));
#579=EDGE_LOOP('',(#4283,#4284,#4285,#4286));
#580=EDGE_LOOP('',(#4287,#4288,#4289,#4290));
#581=EDGE_LOOP('',(#4291,#4292,#4293,#4294,#4295,#4296,#4297,#4298));
#582=EDGE_LOOP('',(#4299,#4300,#4301,#4302));
#583=EDGE_LOOP('',(#4303,#4304,#4305,#4306));
#584=EDGE_LOOP('',(#4307,#4308,#4309,#4310));
#585=EDGE_LOOP('',(#4311,#4312,#4313,#4314));
#586=EDGE_LOOP('',(#4315,#4316,#4317,#4318));
#587=EDGE_LOOP('',(#4319,#4320,#4321,#4322));
#588=EDGE_LOOP('',(#4323,#4324,#4325,#4326));
#589=EDGE_LOOP('',(#4327,#4328,#4329,#4330,#4331,#4332,#4333,#4334));
#590=EDGE_LOOP('',(#4335,#4336,#4337,#4338));
#591=EDGE_LOOP('',(#4339,#4340,#4341,#4342));
#592=EDGE_LOOP('',(#4343,#4344,#4345,#4346));
#593=EDGE_LOOP('',(#4347,#4348,#4349,#4350));
#594=EDGE_LOOP('',(#4351,#4352,#4353,#4354));
#595=EDGE_LOOP('',(#4355,#4356,#4357,#4358));
#596=EDGE_LOOP('',(#4359,#4360,#4361,#4362));
#597=EDGE_LOOP('',(#4363,#4364,#4365,#4366));
#598=EDGE_LOOP('',(#4367,#4368,#4369,#4370));
#599=EDGE_LOOP('',(#4371,#4372,#4373,#4374,#4375,#4376,#4377,#4378));
#600=EDGE_LOOP('',(#4379,#4380,#4381,#4382));
#601=EDGE_LOOP('',(#4383,#4384,#4385,#4386));
#602=EDGE_LOOP('',(#4387,#4388,#4389,#4390));
#603=EDGE_LOOP('',(#4391,#4392,#4393,#4394));
#604=EDGE_LOOP('',(#4395,#4396,#4397,#4398));
#605=EDGE_LOOP('',(#4399,#4400,#4401,#4402));
#606=EDGE_LOOP('',(#4403,#4404,#4405,#4406));
#607=EDGE_LOOP('',(#4407,#4408,#4409,#4410,#4411,#4412,#4413,#4414));
#608=EDGE_LOOP('',(#4415,#4416,#4417,#4418));
#609=EDGE_LOOP('',(#4419,#4420,#4421,#4422));
#610=EDGE_LOOP('',(#4423,#4424,#4425,#4426));
#611=EDGE_LOOP('',(#4427,#4428,#4429,#4430));
#612=EDGE_LOOP('',(#4431,#4432,#4433,#4434));
#613=EDGE_LOOP('',(#4435,#4436,#4437,#4438));
#614=EDGE_LOOP('',(#4439,#4440,#4441,#4442));
#615=EDGE_LOOP('',(#4443,#4444,#4445,#4446));
#616=EDGE_LOOP('',(#4447,#4448,#4449,#4450));
#617=EDGE_LOOP('',(#4451,#4452,#4453,#4454,#4455,#4456,#4457,#4458));
#618=EDGE_LOOP('',(#4459,#4460,#4461,#4462));
#619=EDGE_LOOP('',(#4463,#4464,#4465,#4466));
#620=EDGE_LOOP('',(#4467,#4468,#4469,#4470));
#621=EDGE_LOOP('',(#4471,#4472,#4473,#4474));
#622=EDGE_LOOP('',(#4475,#4476,#4477,#4478));
#623=EDGE_LOOP('',(#4479,#4480,#4481,#4482));
#624=EDGE_LOOP('',(#4483,#4484,#4485,#4486));
#625=EDGE_LOOP('',(#4487,#4488,#4489,#4490,#4491,#4492,#4493,#4494));
#626=EDGE_LOOP('',(#4495,#4496,#4497,#4498));
#627=EDGE_LOOP('',(#4499,#4500,#4501,#4502));
#628=EDGE_LOOP('',(#4503,#4504,#4505,#4506));
#629=EDGE_LOOP('',(#4507,#4508,#4509,#4510));
#630=EDGE_LOOP('',(#4511,#4512,#4513,#4514));
#631=EDGE_LOOP('',(#4515,#4516,#4517,#4518));
#632=EDGE_LOOP('',(#4519,#4520,#4521,#4522));
#633=EDGE_LOOP('',(#4523,#4524,#4525,#4526));
#634=EDGE_LOOP('',(#4527,#4528,#4529,#4530));
#635=EDGE_LOOP('',(#4531,#4532,#4533,#4534,#4535,#4536,#4537,#4538));
#636=EDGE_LOOP('',(#4539,#4540,#4541,#4542));
#637=EDGE_LOOP('',(#4543,#4544,#4545,#4546));
#638=EDGE_LOOP('',(#4547,#4548,#4549,#4550));
#639=EDGE_LOOP('',(#4551,#4552,#4553,#4554));
#640=EDGE_LOOP('',(#4555,#4556,#4557,#4558));
#641=EDGE_LOOP('',(#4559,#4560,#4561,#4562));
#642=EDGE_LOOP('',(#4563,#4564,#4565,#4566));
#643=EDGE_LOOP('',(#4567,#4568,#4569,#4570,#4571,#4572,#4573,#4574));
#644=EDGE_LOOP('',(#4575,#4576,#4577,#4578));
#645=EDGE_LOOP('',(#4579,#4580,#4581,#4582));
#646=EDGE_LOOP('',(#4583,#4584,#4585,#4586));
#647=EDGE_LOOP('',(#4587,#4588,#4589,#4590));
#648=EDGE_LOOP('',(#4591,#4592,#4593,#4594));
#649=EDGE_LOOP('',(#4595,#4596,#4597,#4598));
#650=EDGE_LOOP('',(#4599,#4600,#4601,#4602));
#651=EDGE_LOOP('',(#4603,#4604,#4605,#4606));
#652=EDGE_LOOP('',(#4607,#4608,#4609,#4610));
#653=EDGE_LOOP('',(#4611,#4612,#4613,#4614,#4615,#4616,#4617,#4618));
#654=EDGE_LOOP('',(#4619,#4620,#4621,#4622));
#655=EDGE_LOOP('',(#4623,#4624,#4625,#4626));
#656=EDGE_LOOP('',(#4627,#4628,#4629,#4630));
#657=EDGE_LOOP('',(#4631,#4632,#4633,#4634));
#658=EDGE_LOOP('',(#4635,#4636,#4637,#4638));
#659=EDGE_LOOP('',(#4639,#4640,#4641,#4642));
#660=EDGE_LOOP('',(#4643,#4644,#4645,#4646));
#661=EDGE_LOOP('',(#4647,#4648,#4649,#4650,#4651,#4652,#4653,#4654));
#662=EDGE_LOOP('',(#4655,#4656,#4657,#4658));
#663=EDGE_LOOP('',(#4659,#4660,#4661,#4662));
#664=EDGE_LOOP('',(#4663,#4664,#4665,#4666));
#665=EDGE_LOOP('',(#4667,#4668,#4669,#4670));
#666=EDGE_LOOP('',(#4671,#4672,#4673,#4674));
#667=EDGE_LOOP('',(#4675,#4676,#4677,#4678));
#668=EDGE_LOOP('',(#4679,#4680,#4681,#4682));
#669=EDGE_LOOP('',(#4683,#4684,#4685,#4686));
#670=EDGE_LOOP('',(#4687,#4688,#4689,#4690));
#671=EDGE_LOOP('',(#4691,#4692,#4693,#4694,#4695,#4696,#4697,#4698));
#672=EDGE_LOOP('',(#4699,#4700,#4701,#4702));
#673=EDGE_LOOP('',(#4703,#4704,#4705,#4706));
#674=EDGE_LOOP('',(#4707,#4708,#4709,#4710));
#675=EDGE_LOOP('',(#4711,#4712,#4713,#4714));
#676=EDGE_LOOP('',(#4715,#4716,#4717,#4718));
#677=EDGE_LOOP('',(#4719,#4720,#4721,#4722));
#678=EDGE_LOOP('',(#4723,#4724,#4725,#4726));
#679=EDGE_LOOP('',(#4727,#4728,#4729,#4730,#4731,#4732,#4733,#4734));
#680=EDGE_LOOP('',(#4735,#4736,#4737,#4738));
#681=EDGE_LOOP('',(#4739,#4740,#4741,#4742));
#682=EDGE_LOOP('',(#4743,#4744,#4745,#4746));
#683=EDGE_LOOP('',(#4747,#4748,#4749,#4750));
#684=EDGE_LOOP('',(#4751,#4752,#4753,#4754));
#685=EDGE_LOOP('',(#4755,#4756,#4757,#4758));
#686=EDGE_LOOP('',(#4759,#4760,#4761,#4762));
#687=EDGE_LOOP('',(#4763,#4764,#4765,#4766));
#688=EDGE_LOOP('',(#4767,#4768,#4769,#4770));
#689=EDGE_LOOP('',(#4771,#4772,#4773,#4774,#4775,#4776,#4777,#4778));
#690=EDGE_LOOP('',(#4779,#4780,#4781,#4782));
#691=EDGE_LOOP('',(#4783,#4784,#4785,#4786));
#692=EDGE_LOOP('',(#4787,#4788,#4789,#4790));
#693=EDGE_LOOP('',(#4791,#4792,#4793,#4794));
#694=EDGE_LOOP('',(#4795,#4796,#4797,#4798));
#695=EDGE_LOOP('',(#4799,#4800,#4801,#4802));
#696=EDGE_LOOP('',(#4803,#4804,#4805,#4806));
#697=EDGE_LOOP('',(#4807,#4808,#4809,#4810,#4811,#4812,#4813,#4814));
#698=EDGE_LOOP('',(#4815,#4816,#4817,#4818));
#699=EDGE_LOOP('',(#4819,#4820,#4821,#4822));
#700=EDGE_LOOP('',(#4823,#4824,#4825,#4826));
#701=EDGE_LOOP('',(#4827,#4828,#4829,#4830));
#702=EDGE_LOOP('',(#4831,#4832,#4833,#4834));
#703=EDGE_LOOP('',(#4835,#4836,#4837,#4838));
#704=EDGE_LOOP('',(#4839,#4840,#4841,#4842));
#705=EDGE_LOOP('',(#4843,#4844,#4845,#4846));
#706=EDGE_LOOP('',(#4847,#4848,#4849,#4850));
#707=EDGE_LOOP('',(#4851,#4852,#4853,#4854,#4855,#4856,#4857,#4858));
#708=EDGE_LOOP('',(#4859,#4860,#4861,#4862));
#709=EDGE_LOOP('',(#4863,#4864,#4865,#4866));
#710=EDGE_LOOP('',(#4867,#4868,#4869,#4870));
#711=EDGE_LOOP('',(#4871,#4872,#4873,#4874));
#712=EDGE_LOOP('',(#4875,#4876,#4877,#4878));
#713=EDGE_LOOP('',(#4879,#4880,#4881,#4882));
#714=EDGE_LOOP('',(#4883,#4884,#4885,#4886));
#715=EDGE_LOOP('',(#4887,#4888,#4889,#4890,#4891,#4892,#4893,#4894));
#716=EDGE_LOOP('',(#4895,#4896,#4897,#4898));
#717=EDGE_LOOP('',(#4899,#4900,#4901,#4902));
#718=EDGE_LOOP('',(#4903,#4904,#4905,#4906));
#719=EDGE_LOOP('',(#4907,#4908,#4909,#4910));
#720=EDGE_LOOP('',(#4911,#4912,#4913,#4914));
#721=EDGE_LOOP('',(#4915,#4916,#4917,#4918));
#722=EDGE_LOOP('',(#4919,#4920,#4921,#4922));
#723=EDGE_LOOP('',(#4923,#4924,#4925,#4926));
#724=EDGE_LOOP('',(#4927,#4928,#4929,#4930));
#725=EDGE_LOOP('',(#4931,#4932,#4933,#4934,#4935,#4936,#4937,#4938));
#726=EDGE_LOOP('',(#4939,#4940,#4941,#4942));
#727=EDGE_LOOP('',(#4943,#4944,#4945,#4946));
#728=EDGE_LOOP('',(#4947,#4948,#4949,#4950));
#729=EDGE_LOOP('',(#4951,#4952,#4953,#4954));
#730=EDGE_LOOP('',(#4955,#4956,#4957,#4958));
#731=EDGE_LOOP('',(#4959,#4960,#4961,#4962));
#732=EDGE_LOOP('',(#4963,#4964,#4965,#4966));
#733=EDGE_LOOP('',(#4967,#4968,#4969,#4970,#4971,#4972,#4973,#4974));
#734=EDGE_LOOP('',(#4975,#4976,#4977,#4978));
#735=EDGE_LOOP('',(#4979,#4980,#4981,#4982));
#736=EDGE_LOOP('',(#4983,#4984,#4985,#4986));
#737=EDGE_LOOP('',(#4987,#4988,#4989,#4990));
#738=EDGE_LOOP('',(#4991,#4992,#4993,#4994));
#739=LINE('',#7353,#1469);
#740=LINE('',#7355,#1470);
#741=LINE('',#7357,#1471);
#742=LINE('',#7358,#1472);
#743=LINE('',#7361,#1473);
#744=LINE('',#7363,#1474);
#745=LINE('',#7364,#1475);
#746=LINE('',#7367,#1476);
#747=LINE('',#7369,#1477);
#748=LINE('',#7370,#1478);
#749=LINE('',#7374,#1479);
#750=LINE('',#7376,#1480);
#751=LINE('',#7378,#1481);
#752=LINE('',#7379,#1482);
#753=LINE('',#7382,#1483);
#754=LINE('',#7384,#1484);
#755=LINE('',#7385,#1485);
#756=LINE('',#7388,#1486);
#757=LINE('',#7390,#1487);
#758=LINE('',#7391,#1488);
#759=LINE('',#7394,#1489);
#760=LINE('',#7396,#1490);
#761=LINE('',#7398,#1491);
#762=LINE('',#7400,#1492);
#763=LINE('',#7402,#1493);
#764=LINE('',#7404,#1494);
#765=LINE('',#7405,#1495);
#766=LINE('',#7408,#1496);
#767=LINE('',#7410,#1497);
#768=LINE('',#7412,#1498);
#769=LINE('',#7413,#1499);
#770=LINE('',#7416,#1500);
#771=LINE('',#7418,#1501);
#772=LINE('',#7420,#1502);
#773=LINE('',#7422,#1503);
#774=LINE('',#7423,#1504);
#775=LINE('',#7426,#1505);
#776=LINE('',#7428,#1506);
#777=LINE('',#7430,#1507);
#778=LINE('',#7432,#1508);
#779=LINE('',#7434,#1509);
#780=LINE('',#7435,#1510);
#781=LINE('',#7438,#1511);
#782=LINE('',#7440,#1512);
#783=LINE('',#7441,#1513);
#784=LINE('',#7445,#1514);
#785=LINE('',#7447,#1515);
#786=LINE('',#7449,#1516);
#787=LINE('',#7451,#1517);
#788=LINE('',#7453,#1518);
#789=LINE('',#7454,#1519);
#790=LINE('',#7457,#1520);
#791=LINE('',#7459,#1521);
#792=LINE('',#7460,#1522);
#793=LINE('',#7464,#1523);
#794=LINE('',#7465,#1524);
#795=LINE('',#7467,#1525);
#796=LINE('',#7469,#1526);
#797=LINE('',#7470,#1527);
#798=LINE('',#7473,#1528);
#799=LINE('',#7474,#1529);
#800=LINE('',#7476,#1530);
#801=LINE('',#7478,#1531);
#802=LINE('',#7479,#1532);
#803=LINE('',#7482,#1533);
#804=LINE('',#7484,#1534);
#805=LINE('',#7486,#1535);
#806=LINE('',#7487,#1536);
#807=LINE('',#7490,#1537);
#808=LINE('',#7492,#1538);
#809=LINE('',#7494,#1539);
#810=LINE('',#7495,#1540);
#811=LINE('',#7498,#1541);
#812=LINE('',#7499,#1542);
#813=LINE('',#7501,#1543);
#814=LINE('',#7503,#1544);
#815=LINE('',#7505,#1545);
#816=LINE('',#7507,#1546);
#817=LINE('',#7509,#1547);
#818=LINE('',#7511,#1548);
#819=LINE('',#7513,#1549);
#820=LINE('',#7515,#1550);
#821=LINE('',#7517,#1551);
#822=LINE('',#7519,#1552);
#823=LINE('',#7521,#1553);
#824=LINE('',#7523,#1554);
#825=LINE('',#7525,#1555);
#826=LINE('',#7527,#1556);
#827=LINE('',#7529,#1557);
#828=LINE('',#7531,#1558);
#829=LINE('',#7533,#1559);
#830=LINE('',#7535,#1560);
#831=LINE('',#7537,#1561);
#832=LINE('',#7539,#1562);
#833=LINE('',#7541,#1563);
#834=LINE('',#7543,#1564);
#835=LINE('',#7545,#1565);
#836=LINE('',#7547,#1566);
#837=LINE('',#7549,#1567);
#838=LINE('',#7551,#1568);
#839=LINE('',#7553,#1569);
#840=LINE('',#7555,#1570);
#841=LINE('',#7557,#1571);
#842=LINE('',#7559,#1572);
#843=LINE('',#7561,#1573);
#844=LINE('',#7563,#1574);
#845=LINE('',#7565,#1575);
#846=LINE('',#7567,#1576);
#847=LINE('',#7569,#1577);
#848=LINE('',#7571,#1578);
#849=LINE('',#7573,#1579);
#850=LINE('',#7575,#1580);
#851=LINE('',#7577,#1581);
#852=LINE('',#7579,#1582);
#853=LINE('',#7580,#1583);
#854=LINE('',#7581,#1584);
#855=LINE('',#7584,#1585);
#856=LINE('',#7586,#1586);
#857=LINE('',#7587,#1587);
#858=LINE('',#7588,#1588);
#859=LINE('',#7591,#1589);
#860=LINE('',#7593,#1590);
#861=LINE('',#7594,#1591);
#862=LINE('',#7598,#1592);
#863=LINE('',#7600,#1593);
#864=LINE('',#7602,#1594);
#865=LINE('',#7603,#1595);
#866=LINE('',#7606,#1596);
#867=LINE('',#7607,#1597);
#868=LINE('',#7609,#1598);
#869=LINE('',#7610,#1599);
#870=LINE('',#7613,#1600);
#871=LINE('',#7614,#1601);
#872=LINE('',#7616,#1602);
#873=LINE('',#7620,#1603);
#874=LINE('',#7622,#1604);
#875=LINE('',#7623,#1605);
#876=LINE('',#7625,#1606);
#877=LINE('',#7626,#1607);
#878=LINE('',#7628,#1608);
#879=LINE('',#7630,#1609);
#880=LINE('',#7631,#1610);
#881=LINE('',#7634,#1611);
#882=LINE('',#7635,#1612);
#883=LINE('',#7637,#1613);
#884=LINE('',#7639,#1614);
#885=LINE('',#7641,#1615);
#886=LINE('',#7642,#1616);
#887=LINE('',#7645,#1617);
#888=LINE('',#7647,#1618);
#889=LINE('',#7648,#1619);
#890=LINE('',#7651,#1620);
#891=LINE('',#7653,#1621);
#892=LINE('',#7655,#1622);
#893=LINE('',#7656,#1623);
#894=LINE('',#7658,#1624);
#895=LINE('',#7662,#1625);
#896=LINE('',#7664,#1626);
#897=LINE('',#7666,#1627);
#898=LINE('',#7667,#1628);
#899=LINE('',#7671,#1629);
#900=LINE('',#7673,#1630);
#901=LINE('',#7675,#1631);
#902=LINE('',#7676,#1632);
#903=LINE('',#7679,#1633);
#904=LINE('',#7681,#1634);
#905=LINE('',#7682,#1635);
#906=LINE('',#7684,#1636);
#907=LINE('',#7685,#1637);
#908=LINE('',#7687,#1638);
#909=LINE('',#7689,#1639);
#910=LINE('',#7690,#1640);
#911=LINE('',#7693,#1641);
#912=LINE('',#7694,#1642);
#913=LINE('',#7696,#1643);
#914=LINE('',#7699,#1644);
#915=LINE('',#7700,#1645);
#916=LINE('',#7703,#1646);
#917=LINE('',#7705,#1647);
#918=LINE('',#7706,#1648);
#919=LINE('',#7709,#1649);
#920=LINE('',#7710,#1650);
#921=LINE('',#7713,#1651);
#922=LINE('',#7714,#1652);
#923=LINE('',#7716,#1653);
#924=LINE('',#7720,#1654);
#925=LINE('',#7721,#1655);
#926=LINE('',#7722,#1656);
#927=LINE('',#7725,#1657);
#928=LINE('',#7726,#1658);
#929=LINE('',#7729,#1659);
#930=LINE('',#7731,#1660);
#931=LINE('',#7733,#1661);
#932=LINE('',#7734,#1662);
#933=LINE('',#7736,#1663);
#934=LINE('',#7739,#1664);
#935=LINE('',#7740,#1665);
#936=LINE('',#7743,#1666);
#937=LINE('',#7745,#1667);
#938=LINE('',#7746,#1668);
#939=LINE('',#7749,#1669);
#940=LINE('',#7750,#1670);
#941=LINE('',#7753,#1671);
#942=LINE('',#7754,#1672);
#943=LINE('',#7756,#1673);
#944=LINE('',#7760,#1674);
#945=LINE('',#7761,#1675);
#946=LINE('',#7762,#1676);
#947=LINE('',#7765,#1677);
#948=LINE('',#7766,#1678);
#949=LINE('',#7769,#1679);
#950=LINE('',#7771,#1680);
#951=LINE('',#7773,#1681);
#952=LINE('',#7774,#1682);
#953=LINE('',#7776,#1683);
#954=LINE('',#7779,#1684);
#955=LINE('',#7780,#1685);
#956=LINE('',#7783,#1686);
#957=LINE('',#7785,#1687);
#958=LINE('',#7786,#1688);
#959=LINE('',#7789,#1689);
#960=LINE('',#7790,#1690);
#961=LINE('',#7793,#1691);
#962=LINE('',#7794,#1692);
#963=LINE('',#7796,#1693);
#964=LINE('',#7800,#1694);
#965=LINE('',#7801,#1695);
#966=LINE('',#7802,#1696);
#967=LINE('',#7805,#1697);
#968=LINE('',#7806,#1698);
#969=LINE('',#7809,#1699);
#970=LINE('',#7811,#1700);
#971=LINE('',#7813,#1701);
#972=LINE('',#7814,#1702);
#973=LINE('',#7816,#1703);
#974=LINE('',#7819,#1704);
#975=LINE('',#7820,#1705);
#976=LINE('',#7823,#1706);
#977=LINE('',#7825,#1707);
#978=LINE('',#7826,#1708);
#979=LINE('',#7829,#1709);
#980=LINE('',#7830,#1710);
#981=LINE('',#7833,#1711);
#982=LINE('',#7834,#1712);
#983=LINE('',#7836,#1713);
#984=LINE('',#7840,#1714);
#985=LINE('',#7841,#1715);
#986=LINE('',#7842,#1716);
#987=LINE('',#7845,#1717);
#988=LINE('',#7846,#1718);
#989=LINE('',#7849,#1719);
#990=LINE('',#7851,#1720);
#991=LINE('',#7853,#1721);
#992=LINE('',#7854,#1722);
#993=LINE('',#7856,#1723);
#994=LINE('',#7859,#1724);
#995=LINE('',#7860,#1725);
#996=LINE('',#7863,#1726);
#997=LINE('',#7865,#1727);
#998=LINE('',#7866,#1728);
#999=LINE('',#7869,#1729);
#1000=LINE('',#7870,#1730);
#1001=LINE('',#7873,#1731);
#1002=LINE('',#7874,#1732);
#1003=LINE('',#7876,#1733);
#1004=LINE('',#7880,#1734);
#1005=LINE('',#7881,#1735);
#1006=LINE('',#7882,#1736);
#1007=LINE('',#7885,#1737);
#1008=LINE('',#7886,#1738);
#1009=LINE('',#7889,#1739);
#1010=LINE('',#7891,#1740);
#1011=LINE('',#7893,#1741);
#1012=LINE('',#7894,#1742);
#1013=LINE('',#7896,#1743);
#1014=LINE('',#7899,#1744);
#1015=LINE('',#7900,#1745);
#1016=LINE('',#7903,#1746);
#1017=LINE('',#7905,#1747);
#1018=LINE('',#7906,#1748);
#1019=LINE('',#7909,#1749);
#1020=LINE('',#7910,#1750);
#1021=LINE('',#7913,#1751);
#1022=LINE('',#7914,#1752);
#1023=LINE('',#7916,#1753);
#1024=LINE('',#7920,#1754);
#1025=LINE('',#7921,#1755);
#1026=LINE('',#7922,#1756);
#1027=LINE('',#7925,#1757);
#1028=LINE('',#7926,#1758);
#1029=LINE('',#7929,#1759);
#1030=LINE('',#7931,#1760);
#1031=LINE('',#7933,#1761);
#1032=LINE('',#7934,#1762);
#1033=LINE('',#7936,#1763);
#1034=LINE('',#7939,#1764);
#1035=LINE('',#7940,#1765);
#1036=LINE('',#7943,#1766);
#1037=LINE('',#7945,#1767);
#1038=LINE('',#7946,#1768);
#1039=LINE('',#7949,#1769);
#1040=LINE('',#7950,#1770);
#1041=LINE('',#7953,#1771);
#1042=LINE('',#7954,#1772);
#1043=LINE('',#7956,#1773);
#1044=LINE('',#7960,#1774);
#1045=LINE('',#7961,#1775);
#1046=LINE('',#7962,#1776);
#1047=LINE('',#7965,#1777);
#1048=LINE('',#7966,#1778);
#1049=LINE('',#7969,#1779);
#1050=LINE('',#7971,#1780);
#1051=LINE('',#7973,#1781);
#1052=LINE('',#7974,#1782);
#1053=LINE('',#7976,#1783);
#1054=LINE('',#7979,#1784);
#1055=LINE('',#7980,#1785);
#1056=LINE('',#7983,#1786);
#1057=LINE('',#7985,#1787);
#1058=LINE('',#7986,#1788);
#1059=LINE('',#7989,#1789);
#1060=LINE('',#7990,#1790);
#1061=LINE('',#7993,#1791);
#1062=LINE('',#7994,#1792);
#1063=LINE('',#7996,#1793);
#1064=LINE('',#8000,#1794);
#1065=LINE('',#8001,#1795);
#1066=LINE('',#8002,#1796);
#1067=LINE('',#8005,#1797);
#1068=LINE('',#8006,#1798);
#1069=LINE('',#8009,#1799);
#1070=LINE('',#8011,#1800);
#1071=LINE('',#8013,#1801);
#1072=LINE('',#8014,#1802);
#1073=LINE('',#8016,#1803);
#1074=LINE('',#8019,#1804);
#1075=LINE('',#8020,#1805);
#1076=LINE('',#8023,#1806);
#1077=LINE('',#8025,#1807);
#1078=LINE('',#8026,#1808);
#1079=LINE('',#8029,#1809);
#1080=LINE('',#8030,#1810);
#1081=LINE('',#8033,#1811);
#1082=LINE('',#8034,#1812);
#1083=LINE('',#8036,#1813);
#1084=LINE('',#8038,#1814);
#1085=LINE('',#8041,#1815);
#1086=LINE('',#8042,#1816);
#1087=LINE('',#8045,#1817);
#1088=LINE('',#8047,#1818);
#1089=LINE('',#8048,#1819);
#1090=LINE('',#8049,#1820);
#1091=LINE('',#8052,#1821);
#1092=LINE('',#8054,#1822);
#1093=LINE('',#8055,#1823);
#1094=LINE('',#8058,#1824);
#1095=LINE('',#8059,#1825);
#1096=LINE('',#8062,#1826);
#1097=LINE('',#8063,#1827);
#1098=LINE('',#8065,#1828);
#1099=LINE('',#8067,#1829);
#1100=LINE('',#8068,#1830);
#1101=LINE('',#8072,#1831);
#1102=LINE('',#8073,#1832);
#1103=LINE('',#8076,#1833);
#1104=LINE('',#8077,#1834);
#1105=LINE('',#8079,#1835);
#1106=LINE('',#8081,#1836);
#1107=LINE('',#8082,#1837);
#1108=LINE('',#8084,#1838);
#1109=LINE('',#8091,#1839);
#1110=LINE('',#8093,#1840);
#1111=LINE('',#8095,#1841);
#1112=LINE('',#8096,#1842);
#1113=LINE('',#8099,#1843);
#1114=LINE('',#8101,#1844);
#1115=LINE('',#8102,#1845);
#1116=LINE('',#8105,#1846);
#1117=LINE('',#8107,#1847);
#1118=LINE('',#8108,#1848);
#1119=LINE('',#8110,#1849);
#1120=LINE('',#8111,#1850);
#1121=LINE('',#8114,#1851);
#1122=LINE('',#8118,#1852);
#1123=LINE('',#8120,#1853);
#1124=LINE('',#8122,#1854);
#1125=LINE('',#8125,#1855);
#1126=LINE('',#8128,#1856);
#1127=LINE('',#8129,#1857);
#1128=LINE('',#8134,#1858);
#1129=LINE('',#8136,#1859);
#1130=LINE('',#8138,#1860);
#1131=LINE('',#8139,#1861);
#1132=LINE('',#8141,#1862);
#1133=LINE('',#8143,#1863);
#1134=LINE('',#8144,#1864);
#1135=LINE('',#8147,#1865);
#1136=LINE('',#8148,#1866);
#1137=LINE('',#8149,#1867);
#1138=LINE('',#8151,#1868);
#1139=LINE('',#8154,#1869);
#1140=LINE('',#8155,#1870);
#1141=LINE('',#8158,#1871);
#1142=LINE('',#8161,#1872);
#1143=LINE('',#8165,#1873);
#1144=LINE('',#8168,#1874);
#1145=LINE('',#8173,#1875);
#1146=LINE('',#8175,#1876);
#1147=LINE('',#8177,#1877);
#1148=LINE('',#8178,#1878);
#1149=LINE('',#8181,#1879);
#1150=LINE('',#8183,#1880);
#1151=LINE('',#8184,#1881);
#1152=LINE('',#8187,#1882);
#1153=LINE('',#8189,#1883);
#1154=LINE('',#8190,#1884);
#1155=LINE('',#8192,#1885);
#1156=LINE('',#8193,#1886);
#1157=LINE('',#8196,#1887);
#1158=LINE('',#8200,#1888);
#1159=LINE('',#8202,#1889);
#1160=LINE('',#8204,#1890);
#1161=LINE('',#8207,#1891);
#1162=LINE('',#8210,#1892);
#1163=LINE('',#8211,#1893);
#1164=LINE('',#8216,#1894);
#1165=LINE('',#8218,#1895);
#1166=LINE('',#8220,#1896);
#1167=LINE('',#8221,#1897);
#1168=LINE('',#8223,#1898);
#1169=LINE('',#8225,#1899);
#1170=LINE('',#8226,#1900);
#1171=LINE('',#8229,#1901);
#1172=LINE('',#8230,#1902);
#1173=LINE('',#8231,#1903);
#1174=LINE('',#8233,#1904);
#1175=LINE('',#8236,#1905);
#1176=LINE('',#8237,#1906);
#1177=LINE('',#8240,#1907);
#1178=LINE('',#8243,#1908);
#1179=LINE('',#8247,#1909);
#1180=LINE('',#8250,#1910);
#1181=LINE('',#8255,#1911);
#1182=LINE('',#8257,#1912);
#1183=LINE('',#8259,#1913);
#1184=LINE('',#8260,#1914);
#1185=LINE('',#8263,#1915);
#1186=LINE('',#8265,#1916);
#1187=LINE('',#8266,#1917);
#1188=LINE('',#8269,#1918);
#1189=LINE('',#8271,#1919);
#1190=LINE('',#8272,#1920);
#1191=LINE('',#8274,#1921);
#1192=LINE('',#8275,#1922);
#1193=LINE('',#8278,#1923);
#1194=LINE('',#8282,#1924);
#1195=LINE('',#8284,#1925);
#1196=LINE('',#8286,#1926);
#1197=LINE('',#8289,#1927);
#1198=LINE('',#8292,#1928);
#1199=LINE('',#8293,#1929);
#1200=LINE('',#8298,#1930);
#1201=LINE('',#8300,#1931);
#1202=LINE('',#8302,#1932);
#1203=LINE('',#8303,#1933);
#1204=LINE('',#8305,#1934);
#1205=LINE('',#8307,#1935);
#1206=LINE('',#8308,#1936);
#1207=LINE('',#8311,#1937);
#1208=LINE('',#8312,#1938);
#1209=LINE('',#8313,#1939);
#1210=LINE('',#8315,#1940);
#1211=LINE('',#8318,#1941);
#1212=LINE('',#8319,#1942);
#1213=LINE('',#8322,#1943);
#1214=LINE('',#8325,#1944);
#1215=LINE('',#8329,#1945);
#1216=LINE('',#8332,#1946);
#1217=LINE('',#8337,#1947);
#1218=LINE('',#8339,#1948);
#1219=LINE('',#8341,#1949);
#1220=LINE('',#8342,#1950);
#1221=LINE('',#8345,#1951);
#1222=LINE('',#8347,#1952);
#1223=LINE('',#8348,#1953);
#1224=LINE('',#8351,#1954);
#1225=LINE('',#8353,#1955);
#1226=LINE('',#8354,#1956);
#1227=LINE('',#8356,#1957);
#1228=LINE('',#8357,#1958);
#1229=LINE('',#8360,#1959);
#1230=LINE('',#8364,#1960);
#1231=LINE('',#8366,#1961);
#1232=LINE('',#8368,#1962);
#1233=LINE('',#8371,#1963);
#1234=LINE('',#8374,#1964);
#1235=LINE('',#8375,#1965);
#1236=LINE('',#8380,#1966);
#1237=LINE('',#8382,#1967);
#1238=LINE('',#8384,#1968);
#1239=LINE('',#8385,#1969);
#1240=LINE('',#8387,#1970);
#1241=LINE('',#8389,#1971);
#1242=LINE('',#8390,#1972);
#1243=LINE('',#8393,#1973);
#1244=LINE('',#8394,#1974);
#1245=LINE('',#8395,#1975);
#1246=LINE('',#8397,#1976);
#1247=LINE('',#8400,#1977);
#1248=LINE('',#8401,#1978);
#1249=LINE('',#8404,#1979);
#1250=LINE('',#8407,#1980);
#1251=LINE('',#8411,#1981);
#1252=LINE('',#8414,#1982);
#1253=LINE('',#8419,#1983);
#1254=LINE('',#8421,#1984);
#1255=LINE('',#8423,#1985);
#1256=LINE('',#8424,#1986);
#1257=LINE('',#8427,#1987);
#1258=LINE('',#8429,#1988);
#1259=LINE('',#8430,#1989);
#1260=LINE('',#8433,#1990);
#1261=LINE('',#8435,#1991);
#1262=LINE('',#8436,#1992);
#1263=LINE('',#8438,#1993);
#1264=LINE('',#8439,#1994);
#1265=LINE('',#8442,#1995);
#1266=LINE('',#8446,#1996);
#1267=LINE('',#8448,#1997);
#1268=LINE('',#8450,#1998);
#1269=LINE('',#8453,#1999);
#1270=LINE('',#8456,#2000);
#1271=LINE('',#8457,#2001);
#1272=LINE('',#8462,#2002);
#1273=LINE('',#8464,#2003);
#1274=LINE('',#8466,#2004);
#1275=LINE('',#8467,#2005);
#1276=LINE('',#8469,#2006);
#1277=LINE('',#8471,#2007);
#1278=LINE('',#8472,#2008);
#1279=LINE('',#8475,#2009);
#1280=LINE('',#8476,#2010);
#1281=LINE('',#8477,#2011);
#1282=LINE('',#8479,#2012);
#1283=LINE('',#8482,#2013);
#1284=LINE('',#8483,#2014);
#1285=LINE('',#8486,#2015);
#1286=LINE('',#8489,#2016);
#1287=LINE('',#8493,#2017);
#1288=LINE('',#8496,#2018);
#1289=LINE('',#8501,#2019);
#1290=LINE('',#8503,#2020);
#1291=LINE('',#8505,#2021);
#1292=LINE('',#8506,#2022);
#1293=LINE('',#8509,#2023);
#1294=LINE('',#8511,#2024);
#1295=LINE('',#8512,#2025);
#1296=LINE('',#8515,#2026);
#1297=LINE('',#8517,#2027);
#1298=LINE('',#8518,#2028);
#1299=LINE('',#8520,#2029);
#1300=LINE('',#8521,#2030);
#1301=LINE('',#8524,#2031);
#1302=LINE('',#8528,#2032);
#1303=LINE('',#8530,#2033);
#1304=LINE('',#8532,#2034);
#1305=LINE('',#8535,#2035);
#1306=LINE('',#8538,#2036);
#1307=LINE('',#8539,#2037);
#1308=LINE('',#8544,#2038);
#1309=LINE('',#8546,#2039);
#1310=LINE('',#8548,#2040);
#1311=LINE('',#8549,#2041);
#1312=LINE('',#8551,#2042);
#1313=LINE('',#8553,#2043);
#1314=LINE('',#8554,#2044);
#1315=LINE('',#8557,#2045);
#1316=LINE('',#8558,#2046);
#1317=LINE('',#8559,#2047);
#1318=LINE('',#8561,#2048);
#1319=LINE('',#8564,#2049);
#1320=LINE('',#8565,#2050);
#1321=LINE('',#8568,#2051);
#1322=LINE('',#8571,#2052);
#1323=LINE('',#8575,#2053);
#1324=LINE('',#8578,#2054);
#1325=LINE('',#8583,#2055);
#1326=LINE('',#8585,#2056);
#1327=LINE('',#8587,#2057);
#1328=LINE('',#8588,#2058);
#1329=LINE('',#8591,#2059);
#1330=LINE('',#8593,#2060);
#1331=LINE('',#8594,#2061);
#1332=LINE('',#8597,#2062);
#1333=LINE('',#8599,#2063);
#1334=LINE('',#8600,#2064);
#1335=LINE('',#8602,#2065);
#1336=LINE('',#8603,#2066);
#1337=LINE('',#8606,#2067);
#1338=LINE('',#8610,#2068);
#1339=LINE('',#8612,#2069);
#1340=LINE('',#8614,#2070);
#1341=LINE('',#8617,#2071);
#1342=LINE('',#8620,#2072);
#1343=LINE('',#8621,#2073);
#1344=LINE('',#8626,#2074);
#1345=LINE('',#8628,#2075);
#1346=LINE('',#8630,#2076);
#1347=LINE('',#8631,#2077);
#1348=LINE('',#8633,#2078);
#1349=LINE('',#8635,#2079);
#1350=LINE('',#8636,#2080);
#1351=LINE('',#8639,#2081);
#1352=LINE('',#8640,#2082);
#1353=LINE('',#8641,#2083);
#1354=LINE('',#8643,#2084);
#1355=LINE('',#8646,#2085);
#1356=LINE('',#8647,#2086);
#1357=LINE('',#8650,#2087);
#1358=LINE('',#8653,#2088);
#1359=LINE('',#8657,#2089);
#1360=LINE('',#8660,#2090);
#1361=LINE('',#8665,#2091);
#1362=LINE('',#8667,#2092);
#1363=LINE('',#8669,#2093);
#1364=LINE('',#8670,#2094);
#1365=LINE('',#8673,#2095);
#1366=LINE('',#8675,#2096);
#1367=LINE('',#8676,#2097);
#1368=LINE('',#8679,#2098);
#1369=LINE('',#8681,#2099);
#1370=LINE('',#8682,#2100);
#1371=LINE('',#8684,#2101);
#1372=LINE('',#8685,#2102);
#1373=LINE('',#8688,#2103);
#1374=LINE('',#8692,#2104);
#1375=LINE('',#8694,#2105);
#1376=LINE('',#8696,#2106);
#1377=LINE('',#8699,#2107);
#1378=LINE('',#8702,#2108);
#1379=LINE('',#8703,#2109);
#1380=LINE('',#8708,#2110);
#1381=LINE('',#8710,#2111);
#1382=LINE('',#8712,#2112);
#1383=LINE('',#8713,#2113);
#1384=LINE('',#8715,#2114);
#1385=LINE('',#8717,#2115);
#1386=LINE('',#8718,#2116);
#1387=LINE('',#8721,#2117);
#1388=LINE('',#8722,#2118);
#1389=LINE('',#8723,#2119);
#1390=LINE('',#8725,#2120);
#1391=LINE('',#8728,#2121);
#1392=LINE('',#8729,#2122);
#1393=LINE('',#8732,#2123);
#1394=LINE('',#8735,#2124);
#1395=LINE('',#8739,#2125);
#1396=LINE('',#8742,#2126);
#1397=LINE('',#8747,#2127);
#1398=LINE('',#8749,#2128);
#1399=LINE('',#8751,#2129);
#1400=LINE('',#8752,#2130);
#1401=LINE('',#8755,#2131);
#1402=LINE('',#8757,#2132);
#1403=LINE('',#8758,#2133);
#1404=LINE('',#8761,#2134);
#1405=LINE('',#8763,#2135);
#1406=LINE('',#8764,#2136);
#1407=LINE('',#8766,#2137);
#1408=LINE('',#8767,#2138);
#1409=LINE('',#8770,#2139);
#1410=LINE('',#8774,#2140);
#1411=LINE('',#8776,#2141);
#1412=LINE('',#8778,#2142);
#1413=LINE('',#8781,#2143);
#1414=LINE('',#8784,#2144);
#1415=LINE('',#8785,#2145);
#1416=LINE('',#8790,#2146);
#1417=LINE('',#8792,#2147);
#1418=LINE('',#8794,#2148);
#1419=LINE('',#8795,#2149);
#1420=LINE('',#8797,#2150);
#1421=LINE('',#8799,#2151);
#1422=LINE('',#8800,#2152);
#1423=LINE('',#8803,#2153);
#1424=LINE('',#8804,#2154);
#1425=LINE('',#8805,#2155);
#1426=LINE('',#8807,#2156);
#1427=LINE('',#8810,#2157);
#1428=LINE('',#8811,#2158);
#1429=LINE('',#8814,#2159);
#1430=LINE('',#8817,#2160);
#1431=LINE('',#8821,#2161);
#1432=LINE('',#8824,#2162);
#1433=LINE('',#8829,#2163);
#1434=LINE('',#8831,#2164);
#1435=LINE('',#8833,#2165);
#1436=LINE('',#8834,#2166);
#1437=LINE('',#8837,#2167);
#1438=LINE('',#8839,#2168);
#1439=LINE('',#8840,#2169);
#1440=LINE('',#8843,#2170);
#1441=LINE('',#8845,#2171);
#1442=LINE('',#8846,#2172);
#1443=LINE('',#8848,#2173);
#1444=LINE('',#8849,#2174);
#1445=LINE('',#8852,#2175);
#1446=LINE('',#8856,#2176);
#1447=LINE('',#8858,#2177);
#1448=LINE('',#8860,#2178);
#1449=LINE('',#8863,#2179);
#1450=LINE('',#8866,#2180);
#1451=LINE('',#8867,#2181);
#1452=LINE('',#8872,#2182);
#1453=LINE('',#8874,#2183);
#1454=LINE('',#8876,#2184);
#1455=LINE('',#8877,#2185);
#1456=LINE('',#8879,#2186);
#1457=LINE('',#8881,#2187);
#1458=LINE('',#8882,#2188);
#1459=LINE('',#8885,#2189);
#1460=LINE('',#8886,#2190);
#1461=LINE('',#8887,#2191);
#1462=LINE('',#8889,#2192);
#1463=LINE('',#8892,#2193);
#1464=LINE('',#8893,#2194);
#1465=LINE('',#8896,#2195);
#1466=LINE('',#8899,#2196);
#1467=LINE('',#8903,#2197);
#1468=LINE('',#8906,#2198);
#1469=VECTOR('',#5937,10.);
#1470=VECTOR('',#5938,10.);
#1471=VECTOR('',#5939,10.);
#1472=VECTOR('',#5940,10.);
#1473=VECTOR('',#5943,10.);
#1474=VECTOR('',#5944,10.);
#1475=VECTOR('',#5945,10.);
#1476=VECTOR('',#5948,10.);
#1477=VECTOR('',#5949,10.);
#1478=VECTOR('',#5950,10.);
#1479=VECTOR('',#5953,10.);
#1480=VECTOR('',#5954,10.);
#1481=VECTOR('',#5955,10.);
#1482=VECTOR('',#5956,10.);
#1483=VECTOR('',#5959,10.);
#1484=VECTOR('',#5960,10.);
#1485=VECTOR('',#5961,10.);
#1486=VECTOR('',#5964,10.);
#1487=VECTOR('',#5965,10.);
#1488=VECTOR('',#5966,10.);
#1489=VECTOR('',#5969,10.);
#1490=VECTOR('',#5970,10.);
#1491=VECTOR('',#5971,10.);
#1492=VECTOR('',#5972,10.);
#1493=VECTOR('',#5973,10.);
#1494=VECTOR('',#5974,10.);
#1495=VECTOR('',#5975,10.);
#1496=VECTOR('',#5978,10.);
#1497=VECTOR('',#5979,10.);
#1498=VECTOR('',#5980,10.);
#1499=VECTOR('',#5981,10.);
#1500=VECTOR('',#5984,10.);
#1501=VECTOR('',#5985,10.);
#1502=VECTOR('',#5986,10.);
#1503=VECTOR('',#5987,10.);
#1504=VECTOR('',#5988,10.);
#1505=VECTOR('',#5991,10.);
#1506=VECTOR('',#5992,10.);
#1507=VECTOR('',#5993,10.);
#1508=VECTOR('',#5994,10.);
#1509=VECTOR('',#5995,10.);
#1510=VECTOR('',#5996,10.);
#1511=VECTOR('',#5999,10.);
#1512=VECTOR('',#6000,10.);
#1513=VECTOR('',#6001,10.);
#1514=VECTOR('',#6004,10.);
#1515=VECTOR('',#6005,10.);
#1516=VECTOR('',#6006,10.);
#1517=VECTOR('',#6007,10.);
#1518=VECTOR('',#6008,10.);
#1519=VECTOR('',#6009,10.);
#1520=VECTOR('',#6012,10.);
#1521=VECTOR('',#6013,10.);
#1522=VECTOR('',#6014,10.);
#1523=VECTOR('',#6017,10.);
#1524=VECTOR('',#6018,10.);
#1525=VECTOR('',#6019,10.);
#1526=VECTOR('',#6020,10.);
#1527=VECTOR('',#6021,10.);
#1528=VECTOR('',#6024,10.);
#1529=VECTOR('',#6025,10.);
#1530=VECTOR('',#6026,10.);
#1531=VECTOR('',#6027,10.);
#1532=VECTOR('',#6028,10.);
#1533=VECTOR('',#6031,10.);
#1534=VECTOR('',#6032,10.);
#1535=VECTOR('',#6033,10.);
#1536=VECTOR('',#6034,10.);
#1537=VECTOR('',#6035,10.);
#1538=VECTOR('',#6036,10.);
#1539=VECTOR('',#6037,10.);
#1540=VECTOR('',#6038,10.);
#1541=VECTOR('',#6041,10.);
#1542=VECTOR('',#6042,10.);
#1543=VECTOR('',#6043,10.);
#1544=VECTOR('',#6044,10.);
#1545=VECTOR('',#6045,10.);
#1546=VECTOR('',#6046,10.);
#1547=VECTOR('',#6047,10.);
#1548=VECTOR('',#6048,10.);
#1549=VECTOR('',#6049,10.);
#1550=VECTOR('',#6050,10.);
#1551=VECTOR('',#6051,10.);
#1552=VECTOR('',#6052,10.);
#1553=VECTOR('',#6053,10.);
#1554=VECTOR('',#6054,10.);
#1555=VECTOR('',#6055,10.);
#1556=VECTOR('',#6056,10.);
#1557=VECTOR('',#6057,10.);
#1558=VECTOR('',#6058,10.);
#1559=VECTOR('',#6059,10.);
#1560=VECTOR('',#6060,10.);
#1561=VECTOR('',#6061,10.);
#1562=VECTOR('',#6062,10.);
#1563=VECTOR('',#6063,10.);
#1564=VECTOR('',#6064,10.);
#1565=VECTOR('',#6065,10.);
#1566=VECTOR('',#6066,10.);
#1567=VECTOR('',#6067,10.);
#1568=VECTOR('',#6068,10.);
#1569=VECTOR('',#6069,10.);
#1570=VECTOR('',#6070,10.);
#1571=VECTOR('',#6071,10.);
#1572=VECTOR('',#6072,10.);
#1573=VECTOR('',#6073,10.);
#1574=VECTOR('',#6074,10.);
#1575=VECTOR('',#6075,10.);
#1576=VECTOR('',#6076,10.);
#1577=VECTOR('',#6077,10.);
#1578=VECTOR('',#6078,10.);
#1579=VECTOR('',#6079,10.);
#1580=VECTOR('',#6080,10.);
#1581=VECTOR('',#6081,10.);
#1582=VECTOR('',#6082,10.);
#1583=VECTOR('',#6083,10.);
#1584=VECTOR('',#6084,10.);
#1585=VECTOR('',#6087,10.);
#1586=VECTOR('',#6088,10.);
#1587=VECTOR('',#6089,10.);
#1588=VECTOR('',#6090,10.);
#1589=VECTOR('',#6093,10.);
#1590=VECTOR('',#6094,10.);
#1591=VECTOR('',#6095,10.);
#1592=VECTOR('',#6098,10.);
#1593=VECTOR('',#6099,10.);
#1594=VECTOR('',#6100,10.);
#1595=VECTOR('',#6101,10.);
#1596=VECTOR('',#6104,10.);
#1597=VECTOR('',#6105,10.);
#1598=VECTOR('',#6108,10.);
#1599=VECTOR('',#6109,10.);
#1600=VECTOR('',#6112,10.);
#1601=VECTOR('',#6113,10.);
#1602=VECTOR('',#6116,10.);
#1603=VECTOR('',#6119,10.);
#1604=VECTOR('',#6120,10.);
#1605=VECTOR('',#6121,10.);
#1606=VECTOR('',#6122,10.);
#1607=VECTOR('',#6123,10.);
#1608=VECTOR('',#6126,10.);
#1609=VECTOR('',#6127,10.);
#1610=VECTOR('',#6128,10.);
#1611=VECTOR('',#6131,10.);
#1612=VECTOR('',#6132,10.);
#1613=VECTOR('',#6135,10.);
#1614=VECTOR('',#6136,10.);
#1615=VECTOR('',#6137,10.);
#1616=VECTOR('',#6138,10.);
#1617=VECTOR('',#6141,10.);
#1618=VECTOR('',#6142,10.);
#1619=VECTOR('',#6143,10.);
#1620=VECTOR('',#6144,10.);
#1621=VECTOR('',#6145,10.);
#1622=VECTOR('',#6146,10.);
#1623=VECTOR('',#6147,10.);
#1624=VECTOR('',#6150,10.);
#1625=VECTOR('',#6153,10.);
#1626=VECTOR('',#6154,10.);
#1627=VECTOR('',#6155,10.);
#1628=VECTOR('',#6156,10.);
#1629=VECTOR('',#6159,10.);
#1630=VECTOR('',#6160,10.);
#1631=VECTOR('',#6161,10.);
#1632=VECTOR('',#6162,10.);
#1633=VECTOR('',#6165,10.);
#1634=VECTOR('',#6166,10.);
#1635=VECTOR('',#6167,10.);
#1636=VECTOR('',#6170,10.);
#1637=VECTOR('',#6171,10.);
#1638=VECTOR('',#6174,10.);
#1639=VECTOR('',#6175,10.);
#1640=VECTOR('',#6176,10.);
#1641=VECTOR('',#6179,10.);
#1642=VECTOR('',#6180,10.);
#1643=VECTOR('',#6183,10.);
#1644=VECTOR('',#6186,10.);
#1645=VECTOR('',#6187,10.);
#1646=VECTOR('',#6190,10.);
#1647=VECTOR('',#6191,10.);
#1648=VECTOR('',#6192,10.);
#1649=VECTOR('',#6195,10.);
#1650=VECTOR('',#6196,10.);
#1651=VECTOR('',#6199,10.);
#1652=VECTOR('',#6200,10.);
#1653=VECTOR('',#6203,10.);
#1654=VECTOR('',#6206,10.);
#1655=VECTOR('',#6207,10.);
#1656=VECTOR('',#6208,10.);
#1657=VECTOR('',#6211,10.);
#1658=VECTOR('',#6212,10.);
#1659=VECTOR('',#6213,10.);
#1660=VECTOR('',#6214,10.);
#1661=VECTOR('',#6215,10.);
#1662=VECTOR('',#6216,10.);
#1663=VECTOR('',#6219,10.);
#1664=VECTOR('',#6222,10.);
#1665=VECTOR('',#6223,10.);
#1666=VECTOR('',#6226,10.);
#1667=VECTOR('',#6227,10.);
#1668=VECTOR('',#6228,10.);
#1669=VECTOR('',#6231,10.);
#1670=VECTOR('',#6232,10.);
#1671=VECTOR('',#6235,10.);
#1672=VECTOR('',#6236,10.);
#1673=VECTOR('',#6239,10.);
#1674=VECTOR('',#6242,10.);
#1675=VECTOR('',#6243,10.);
#1676=VECTOR('',#6244,10.);
#1677=VECTOR('',#6247,10.);
#1678=VECTOR('',#6248,10.);
#1679=VECTOR('',#6249,10.);
#1680=VECTOR('',#6250,10.);
#1681=VECTOR('',#6251,10.);
#1682=VECTOR('',#6252,10.);
#1683=VECTOR('',#6255,10.);
#1684=VECTOR('',#6258,10.);
#1685=VECTOR('',#6259,10.);
#1686=VECTOR('',#6262,10.);
#1687=VECTOR('',#6263,10.);
#1688=VECTOR('',#6264,10.);
#1689=VECTOR('',#6267,10.);
#1690=VECTOR('',#6268,10.);
#1691=VECTOR('',#6271,10.);
#1692=VECTOR('',#6272,10.);
#1693=VECTOR('',#6275,10.);
#1694=VECTOR('',#6278,10.);
#1695=VECTOR('',#6279,10.);
#1696=VECTOR('',#6280,10.);
#1697=VECTOR('',#6283,10.);
#1698=VECTOR('',#6284,10.);
#1699=VECTOR('',#6285,10.);
#1700=VECTOR('',#6286,10.);
#1701=VECTOR('',#6287,10.);
#1702=VECTOR('',#6288,10.);
#1703=VECTOR('',#6291,10.);
#1704=VECTOR('',#6294,10.);
#1705=VECTOR('',#6295,10.);
#1706=VECTOR('',#6298,10.);
#1707=VECTOR('',#6299,10.);
#1708=VECTOR('',#6300,10.);
#1709=VECTOR('',#6303,10.);
#1710=VECTOR('',#6304,10.);
#1711=VECTOR('',#6307,10.);
#1712=VECTOR('',#6308,10.);
#1713=VECTOR('',#6311,10.);
#1714=VECTOR('',#6314,10.);
#1715=VECTOR('',#6315,10.);
#1716=VECTOR('',#6316,10.);
#1717=VECTOR('',#6319,10.);
#1718=VECTOR('',#6320,10.);
#1719=VECTOR('',#6321,10.);
#1720=VECTOR('',#6322,10.);
#1721=VECTOR('',#6323,10.);
#1722=VECTOR('',#6324,10.);
#1723=VECTOR('',#6327,10.);
#1724=VECTOR('',#6330,10.);
#1725=VECTOR('',#6331,10.);
#1726=VECTOR('',#6334,10.);
#1727=VECTOR('',#6335,10.);
#1728=VECTOR('',#6336,10.);
#1729=VECTOR('',#6339,10.);
#1730=VECTOR('',#6340,10.);
#1731=VECTOR('',#6343,10.);
#1732=VECTOR('',#6344,10.);
#1733=VECTOR('',#6347,10.);
#1734=VECTOR('',#6350,10.);
#1735=VECTOR('',#6351,10.);
#1736=VECTOR('',#6352,10.);
#1737=VECTOR('',#6355,10.);
#1738=VECTOR('',#6356,10.);
#1739=VECTOR('',#6357,10.);
#1740=VECTOR('',#6358,10.);
#1741=VECTOR('',#6359,10.);
#1742=VECTOR('',#6360,10.);
#1743=VECTOR('',#6363,10.);
#1744=VECTOR('',#6366,10.);
#1745=VECTOR('',#6367,10.);
#1746=VECTOR('',#6370,10.);
#1747=VECTOR('',#6371,10.);
#1748=VECTOR('',#6372,10.);
#1749=VECTOR('',#6375,10.);
#1750=VECTOR('',#6376,10.);
#1751=VECTOR('',#6379,10.);
#1752=VECTOR('',#6380,10.);
#1753=VECTOR('',#6383,10.);
#1754=VECTOR('',#6386,10.);
#1755=VECTOR('',#6387,10.);
#1756=VECTOR('',#6388,10.);
#1757=VECTOR('',#6391,10.);
#1758=VECTOR('',#6392,10.);
#1759=VECTOR('',#6393,10.);
#1760=VECTOR('',#6394,10.);
#1761=VECTOR('',#6395,10.);
#1762=VECTOR('',#6396,10.);
#1763=VECTOR('',#6399,10.);
#1764=VECTOR('',#6402,10.);
#1765=VECTOR('',#6403,10.);
#1766=VECTOR('',#6406,10.);
#1767=VECTOR('',#6407,10.);
#1768=VECTOR('',#6408,10.);
#1769=VECTOR('',#6411,10.);
#1770=VECTOR('',#6412,10.);
#1771=VECTOR('',#6415,10.);
#1772=VECTOR('',#6416,10.);
#1773=VECTOR('',#6419,10.);
#1774=VECTOR('',#6422,10.);
#1775=VECTOR('',#6423,10.);
#1776=VECTOR('',#6424,10.);
#1777=VECTOR('',#6427,10.);
#1778=VECTOR('',#6428,10.);
#1779=VECTOR('',#6429,10.);
#1780=VECTOR('',#6430,10.);
#1781=VECTOR('',#6431,10.);
#1782=VECTOR('',#6432,10.);
#1783=VECTOR('',#6435,10.);
#1784=VECTOR('',#6438,10.);
#1785=VECTOR('',#6439,10.);
#1786=VECTOR('',#6442,10.);
#1787=VECTOR('',#6443,10.);
#1788=VECTOR('',#6444,10.);
#1789=VECTOR('',#6447,10.);
#1790=VECTOR('',#6448,10.);
#1791=VECTOR('',#6451,10.);
#1792=VECTOR('',#6452,10.);
#1793=VECTOR('',#6455,10.);
#1794=VECTOR('',#6458,10.);
#1795=VECTOR('',#6459,10.);
#1796=VECTOR('',#6460,10.);
#1797=VECTOR('',#6463,10.);
#1798=VECTOR('',#6464,10.);
#1799=VECTOR('',#6465,10.);
#1800=VECTOR('',#6466,10.);
#1801=VECTOR('',#6467,10.);
#1802=VECTOR('',#6468,10.);
#1803=VECTOR('',#6471,10.);
#1804=VECTOR('',#6474,10.);
#1805=VECTOR('',#6475,10.);
#1806=VECTOR('',#6478,10.);
#1807=VECTOR('',#6479,10.);
#1808=VECTOR('',#6480,10.);
#1809=VECTOR('',#6483,10.);
#1810=VECTOR('',#6484,10.);
#1811=VECTOR('',#6487,10.);
#1812=VECTOR('',#6488,10.);
#1813=VECTOR('',#6491,10.);
#1814=VECTOR('',#6494,10.);
#1815=VECTOR('',#6497,10.);
#1816=VECTOR('',#6498,10.);
#1817=VECTOR('',#6501,10.);
#1818=VECTOR('',#6502,10.);
#1819=VECTOR('',#6503,10.);
#1820=VECTOR('',#6504,10.);
#1821=VECTOR('',#6507,10.);
#1822=VECTOR('',#6508,10.);
#1823=VECTOR('',#6509,10.);
#1824=VECTOR('',#6512,10.);
#1825=VECTOR('',#6513,10.);
#1826=VECTOR('',#6516,10.);
#1827=VECTOR('',#6517,10.);
#1828=VECTOR('',#6520,10.);
#1829=VECTOR('',#6523,10.);
#1830=VECTOR('',#6524,10.);
#1831=VECTOR('',#6529,10.);
#1832=VECTOR('',#6530,10.);
#1833=VECTOR('',#6533,10.);
#1834=VECTOR('',#6534,10.);
#1835=VECTOR('',#6537,10.);
#1836=VECTOR('',#6538,10.);
#1837=VECTOR('',#6539,10.);
#1838=VECTOR('',#6542,10.);
#1839=VECTOR('',#6551,10.);
#1840=VECTOR('',#6552,10.);
#1841=VECTOR('',#6553,10.);
#1842=VECTOR('',#6554,10.);
#1843=VECTOR('',#6557,10.);
#1844=VECTOR('',#6558,10.);
#1845=VECTOR('',#6559,10.);
#1846=VECTOR('',#6562,10.);
#1847=VECTOR('',#6563,10.);
#1848=VECTOR('',#6564,10.);
#1849=VECTOR('',#6567,10.);
#1850=VECTOR('',#6568,10.);
#1851=VECTOR('',#6571,10.);
#1852=VECTOR('',#6574,10.);
#1853=VECTOR('',#6575,10.);
#1854=VECTOR('',#6576,10.);
#1855=VECTOR('',#6579,10.);
#1856=VECTOR('',#6582,10.);
#1857=VECTOR('',#6583,10.);
#1858=VECTOR('',#6588,10.);
#1859=VECTOR('',#6589,10.);
#1860=VECTOR('',#6590,10.);
#1861=VECTOR('',#6591,10.);
#1862=VECTOR('',#6594,10.);
#1863=VECTOR('',#6595,10.);
#1864=VECTOR('',#6596,10.);
#1865=VECTOR('',#6599,10.);
#1866=VECTOR('',#6600,10.);
#1867=VECTOR('',#6601,10.);
#1868=VECTOR('',#6604,10.);
#1869=VECTOR('',#6607,10.);
#1870=VECTOR('',#6608,10.);
#1871=VECTOR('',#6611,10.);
#1872=VECTOR('',#6614,10.);
#1873=VECTOR('',#6621,10.);
#1874=VECTOR('',#6626,10.);
#1875=VECTOR('',#6631,10.);
#1876=VECTOR('',#6632,10.);
#1877=VECTOR('',#6633,10.);
#1878=VECTOR('',#6634,10.);
#1879=VECTOR('',#6637,10.);
#1880=VECTOR('',#6638,10.);
#1881=VECTOR('',#6639,10.);
#1882=VECTOR('',#6642,10.);
#1883=VECTOR('',#6643,10.);
#1884=VECTOR('',#6644,10.);
#1885=VECTOR('',#6647,10.);
#1886=VECTOR('',#6648,10.);
#1887=VECTOR('',#6651,10.);
#1888=VECTOR('',#6654,10.);
#1889=VECTOR('',#6655,10.);
#1890=VECTOR('',#6656,10.);
#1891=VECTOR('',#6659,10.);
#1892=VECTOR('',#6662,10.);
#1893=VECTOR('',#6663,10.);
#1894=VECTOR('',#6668,10.);
#1895=VECTOR('',#6669,10.);
#1896=VECTOR('',#6670,10.);
#1897=VECTOR('',#6671,10.);
#1898=VECTOR('',#6674,10.);
#1899=VECTOR('',#6675,10.);
#1900=VECTOR('',#6676,10.);
#1901=VECTOR('',#6679,10.);
#1902=VECTOR('',#6680,10.);
#1903=VECTOR('',#6681,10.);
#1904=VECTOR('',#6684,10.);
#1905=VECTOR('',#6687,10.);
#1906=VECTOR('',#6688,10.);
#1907=VECTOR('',#6691,10.);
#1908=VECTOR('',#6694,10.);
#1909=VECTOR('',#6701,10.);
#1910=VECTOR('',#6706,10.);
#1911=VECTOR('',#6711,10.);
#1912=VECTOR('',#6712,10.);
#1913=VECTOR('',#6713,10.);
#1914=VECTOR('',#6714,10.);
#1915=VECTOR('',#6717,10.);
#1916=VECTOR('',#6718,10.);
#1917=VECTOR('',#6719,10.);
#1918=VECTOR('',#6722,10.);
#1919=VECTOR('',#6723,10.);
#1920=VECTOR('',#6724,10.);
#1921=VECTOR('',#6727,10.);
#1922=VECTOR('',#6728,10.);
#1923=VECTOR('',#6731,10.);
#1924=VECTOR('',#6734,10.);
#1925=VECTOR('',#6735,10.);
#1926=VECTOR('',#6736,10.);
#1927=VECTOR('',#6739,10.);
#1928=VECTOR('',#6742,10.);
#1929=VECTOR('',#6743,10.);
#1930=VECTOR('',#6748,10.);
#1931=VECTOR('',#6749,10.);
#1932=VECTOR('',#6750,10.);
#1933=VECTOR('',#6751,10.);
#1934=VECTOR('',#6754,10.);
#1935=VECTOR('',#6755,10.);
#1936=VECTOR('',#6756,10.);
#1937=VECTOR('',#6759,10.);
#1938=VECTOR('',#6760,10.);
#1939=VECTOR('',#6761,10.);
#1940=VECTOR('',#6764,10.);
#1941=VECTOR('',#6767,10.);
#1942=VECTOR('',#6768,10.);
#1943=VECTOR('',#6771,10.);
#1944=VECTOR('',#6774,10.);
#1945=VECTOR('',#6781,10.);
#1946=VECTOR('',#6786,10.);
#1947=VECTOR('',#6791,10.);
#1948=VECTOR('',#6792,10.);
#1949=VECTOR('',#6793,10.);
#1950=VECTOR('',#6794,10.);
#1951=VECTOR('',#6797,10.);
#1952=VECTOR('',#6798,10.);
#1953=VECTOR('',#6799,10.);
#1954=VECTOR('',#6802,10.);
#1955=VECTOR('',#6803,10.);
#1956=VECTOR('',#6804,10.);
#1957=VECTOR('',#6807,10.);
#1958=VECTOR('',#6808,10.);
#1959=VECTOR('',#6811,10.);
#1960=VECTOR('',#6814,10.);
#1961=VECTOR('',#6815,10.);
#1962=VECTOR('',#6816,10.);
#1963=VECTOR('',#6819,10.);
#1964=VECTOR('',#6822,10.);
#1965=VECTOR('',#6823,10.);
#1966=VECTOR('',#6828,10.);
#1967=VECTOR('',#6829,10.);
#1968=VECTOR('',#6830,10.);
#1969=VECTOR('',#6831,10.);
#1970=VECTOR('',#6834,10.);
#1971=VECTOR('',#6835,10.);
#1972=VECTOR('',#6836,10.);
#1973=VECTOR('',#6839,10.);
#1974=VECTOR('',#6840,10.);
#1975=VECTOR('',#6841,10.);
#1976=VECTOR('',#6844,10.);
#1977=VECTOR('',#6847,10.);
#1978=VECTOR('',#6848,10.);
#1979=VECTOR('',#6851,10.);
#1980=VECTOR('',#6854,10.);
#1981=VECTOR('',#6861,10.);
#1982=VECTOR('',#6866,10.);
#1983=VECTOR('',#6871,10.);
#1984=VECTOR('',#6872,10.);
#1985=VECTOR('',#6873,10.);
#1986=VECTOR('',#6874,10.);
#1987=VECTOR('',#6877,10.);
#1988=VECTOR('',#6878,10.);
#1989=VECTOR('',#6879,10.);
#1990=VECTOR('',#6882,10.);
#1991=VECTOR('',#6883,10.);
#1992=VECTOR('',#6884,10.);
#1993=VECTOR('',#6887,10.);
#1994=VECTOR('',#6888,10.);
#1995=VECTOR('',#6891,10.);
#1996=VECTOR('',#6894,10.);
#1997=VECTOR('',#6895,10.);
#1998=VECTOR('',#6896,10.);
#1999=VECTOR('',#6899,10.);
#2000=VECTOR('',#6902,10.);
#2001=VECTOR('',#6903,10.);
#2002=VECTOR('',#6908,10.);
#2003=VECTOR('',#6909,10.);
#2004=VECTOR('',#6910,10.);
#2005=VECTOR('',#6911,10.);
#2006=VECTOR('',#6914,10.);
#2007=VECTOR('',#6915,10.);
#2008=VECTOR('',#6916,10.);
#2009=VECTOR('',#6919,10.);
#2010=VECTOR('',#6920,10.);
#2011=VECTOR('',#6921,10.);
#2012=VECTOR('',#6924,10.);
#2013=VECTOR('',#6927,10.);
#2014=VECTOR('',#6928,10.);
#2015=VECTOR('',#6931,10.);
#2016=VECTOR('',#6934,10.);
#2017=VECTOR('',#6941,10.);
#2018=VECTOR('',#6946,10.);
#2019=VECTOR('',#6951,10.);
#2020=VECTOR('',#6952,10.);
#2021=VECTOR('',#6953,10.);
#2022=VECTOR('',#6954,10.);
#2023=VECTOR('',#6957,10.);
#2024=VECTOR('',#6958,10.);
#2025=VECTOR('',#6959,10.);
#2026=VECTOR('',#6962,10.);
#2027=VECTOR('',#6963,10.);
#2028=VECTOR('',#6964,10.);
#2029=VECTOR('',#6967,10.);
#2030=VECTOR('',#6968,10.);
#2031=VECTOR('',#6971,10.);
#2032=VECTOR('',#6974,10.);
#2033=VECTOR('',#6975,10.);
#2034=VECTOR('',#6976,10.);
#2035=VECTOR('',#6979,10.);
#2036=VECTOR('',#6982,10.);
#2037=VECTOR('',#6983,10.);
#2038=VECTOR('',#6988,10.);
#2039=VECTOR('',#6989,10.);
#2040=VECTOR('',#6990,10.);
#2041=VECTOR('',#6991,10.);
#2042=VECTOR('',#6994,10.);
#2043=VECTOR('',#6995,10.);
#2044=VECTOR('',#6996,10.);
#2045=VECTOR('',#6999,10.);
#2046=VECTOR('',#7000,10.);
#2047=VECTOR('',#7001,10.);
#2048=VECTOR('',#7004,10.);
#2049=VECTOR('',#7007,10.);
#2050=VECTOR('',#7008,10.);
#2051=VECTOR('',#7011,10.);
#2052=VECTOR('',#7014,10.);
#2053=VECTOR('',#7021,10.);
#2054=VECTOR('',#7026,10.);
#2055=VECTOR('',#7031,10.);
#2056=VECTOR('',#7032,10.);
#2057=VECTOR('',#7033,10.);
#2058=VECTOR('',#7034,10.);
#2059=VECTOR('',#7037,10.);
#2060=VECTOR('',#7038,10.);
#2061=VECTOR('',#7039,10.);
#2062=VECTOR('',#7042,10.);
#2063=VECTOR('',#7043,10.);
#2064=VECTOR('',#7044,10.);
#2065=VECTOR('',#7047,10.);
#2066=VECTOR('',#7048,10.);
#2067=VECTOR('',#7051,10.);
#2068=VECTOR('',#7054,10.);
#2069=VECTOR('',#7055,10.);
#2070=VECTOR('',#7056,10.);
#2071=VECTOR('',#7059,10.);
#2072=VECTOR('',#7062,10.);
#2073=VECTOR('',#7063,10.);
#2074=VECTOR('',#7068,10.);
#2075=VECTOR('',#7069,10.);
#2076=VECTOR('',#7070,10.);
#2077=VECTOR('',#7071,10.);
#2078=VECTOR('',#7074,10.);
#2079=VECTOR('',#7075,10.);
#2080=VECTOR('',#7076,10.);
#2081=VECTOR('',#7079,10.);
#2082=VECTOR('',#7080,10.);
#2083=VECTOR('',#7081,10.);
#2084=VECTOR('',#7084,10.);
#2085=VECTOR('',#7087,10.);
#2086=VECTOR('',#7088,10.);
#2087=VECTOR('',#7091,10.);
#2088=VECTOR('',#7094,10.);
#2089=VECTOR('',#7101,10.);
#2090=VECTOR('',#7106,10.);
#2091=VECTOR('',#7111,10.);
#2092=VECTOR('',#7112,10.);
#2093=VECTOR('',#7113,10.);
#2094=VECTOR('',#7114,10.);
#2095=VECTOR('',#7117,10.);
#2096=VECTOR('',#7118,10.);
#2097=VECTOR('',#7119,10.);
#2098=VECTOR('',#7122,10.);
#2099=VECTOR('',#7123,10.);
#2100=VECTOR('',#7124,10.);
#2101=VECTOR('',#7127,10.);
#2102=VECTOR('',#7128,10.);
#2103=VECTOR('',#7131,10.);
#2104=VECTOR('',#7134,10.);
#2105=VECTOR('',#7135,10.);
#2106=VECTOR('',#7136,10.);
#2107=VECTOR('',#7139,10.);
#2108=VECTOR('',#7142,10.);
#2109=VECTOR('',#7143,10.);
#2110=VECTOR('',#7148,10.);
#2111=VECTOR('',#7149,10.);
#2112=VECTOR('',#7150,10.);
#2113=VECTOR('',#7151,10.);
#2114=VECTOR('',#7154,10.);
#2115=VECTOR('',#7155,10.);
#2116=VECTOR('',#7156,10.);
#2117=VECTOR('',#7159,10.);
#2118=VECTOR('',#7160,10.);
#2119=VECTOR('',#7161,10.);
#2120=VECTOR('',#7164,10.);
#2121=VECTOR('',#7167,10.);
#2122=VECTOR('',#7168,10.);
#2123=VECTOR('',#7171,10.);
#2124=VECTOR('',#7174,10.);
#2125=VECTOR('',#7181,10.);
#2126=VECTOR('',#7186,10.);
#2127=VECTOR('',#7191,10.);
#2128=VECTOR('',#7192,10.);
#2129=VECTOR('',#7193,10.);
#2130=VECTOR('',#7194,10.);
#2131=VECTOR('',#7197,10.);
#2132=VECTOR('',#7198,10.);
#2133=VECTOR('',#7199,10.);
#2134=VECTOR('',#7202,10.);
#2135=VECTOR('',#7203,10.);
#2136=VECTOR('',#7204,10.);
#2137=VECTOR('',#7207,10.);
#2138=VECTOR('',#7208,10.);
#2139=VECTOR('',#7211,10.);
#2140=VECTOR('',#7214,10.);
#2141=VECTOR('',#7215,10.);
#2142=VECTOR('',#7216,10.);
#2143=VECTOR('',#7219,10.);
#2144=VECTOR('',#7222,10.);
#2145=VECTOR('',#7223,10.);
#2146=VECTOR('',#7228,10.);
#2147=VECTOR('',#7229,10.);
#2148=VECTOR('',#7230,10.);
#2149=VECTOR('',#7231,10.);
#2150=VECTOR('',#7234,10.);
#2151=VECTOR('',#7235,10.);
#2152=VECTOR('',#7236,10.);
#2153=VECTOR('',#7239,10.);
#2154=VECTOR('',#7240,10.);
#2155=VECTOR('',#7241,10.);
#2156=VECTOR('',#7244,10.);
#2157=VECTOR('',#7247,10.);
#2158=VECTOR('',#7248,10.);
#2159=VECTOR('',#7251,10.);
#2160=VECTOR('',#7254,10.);
#2161=VECTOR('',#7261,10.);
#2162=VECTOR('',#7266,10.);
#2163=VECTOR('',#7271,10.);
#2164=VECTOR('',#7272,10.);
#2165=VECTOR('',#7273,10.);
#2166=VECTOR('',#7274,10.);
#2167=VECTOR('',#7277,10.);
#2168=VECTOR('',#7278,10.);
#2169=VECTOR('',#7279,10.);
#2170=VECTOR('',#7282,10.);
#2171=VECTOR('',#7283,10.);
#2172=VECTOR('',#7284,10.);
#2173=VECTOR('',#7287,10.);
#2174=VECTOR('',#7288,10.);
#2175=VECTOR('',#7291,10.);
#2176=VECTOR('',#7294,10.);
#2177=VECTOR('',#7295,10.);
#2178=VECTOR('',#7296,10.);
#2179=VECTOR('',#7299,10.);
#2180=VECTOR('',#7302,10.);
#2181=VECTOR('',#7303,10.);
#2182=VECTOR('',#7308,10.);
#2183=VECTOR('',#7309,10.);
#2184=VECTOR('',#7310,10.);
#2185=VECTOR('',#7311,10.);
#2186=VECTOR('',#7314,10.);
#2187=VECTOR('',#7315,10.);
#2188=VECTOR('',#7316,10.);
#2189=VECTOR('',#7319,10.);
#2190=VECTOR('',#7320,10.);
#2191=VECTOR('',#7321,10.);
#2192=VECTOR('',#7324,10.);
#2193=VECTOR('',#7327,10.);
#2194=VECTOR('',#7328,10.);
#2195=VECTOR('',#7331,10.);
#2196=VECTOR('',#7334,10.);
#2197=VECTOR('',#7341,10.);
#2198=VECTOR('',#7346,10.);
#2199=VERTEX_POINT('',#7351);
#2200=VERTEX_POINT('',#7352);
#2201=VERTEX_POINT('',#7354);
#2202=VERTEX_POINT('',#7356);
#2203=VERTEX_POINT('',#7360);
#2204=VERTEX_POINT('',#7362);
#2205=VERTEX_POINT('',#7366);
#2206=VERTEX_POINT('',#7368);
#2207=VERTEX_POINT('',#7372);
#2208=VERTEX_POINT('',#7373);
#2209=VERTEX_POINT('',#7375);
#2210=VERTEX_POINT('',#7377);
#2211=VERTEX_POINT('',#7381);
#2212=VERTEX_POINT('',#7383);
#2213=VERTEX_POINT('',#7387);
#2214=VERTEX_POINT('',#7389);
#2215=VERTEX_POINT('',#7393);
#2216=VERTEX_POINT('',#7395);
#2217=VERTEX_POINT('',#7397);
#2218=VERTEX_POINT('',#7399);
#2219=VERTEX_POINT('',#7401);
#2220=VERTEX_POINT('',#7403);
#2221=VERTEX_POINT('',#7407);
#2222=VERTEX_POINT('',#7409);
#2223=VERTEX_POINT('',#7411);
#2224=VERTEX_POINT('',#7415);
#2225=VERTEX_POINT('',#7417);
#2226=VERTEX_POINT('',#7419);
#2227=VERTEX_POINT('',#7421);
#2228=VERTEX_POINT('',#7425);
#2229=VERTEX_POINT('',#7427);
#2230=VERTEX_POINT('',#7429);
#2231=VERTEX_POINT('',#7431);
#2232=VERTEX_POINT('',#7433);
#2233=VERTEX_POINT('',#7437);
#2234=VERTEX_POINT('',#7439);
#2235=VERTEX_POINT('',#7443);
#2236=VERTEX_POINT('',#7444);
#2237=VERTEX_POINT('',#7446);
#2238=VERTEX_POINT('',#7448);
#2239=VERTEX_POINT('',#7450);
#2240=VERTEX_POINT('',#7452);
#2241=VERTEX_POINT('',#7456);
#2242=VERTEX_POINT('',#7458);
#2243=VERTEX_POINT('',#7462);
#2244=VERTEX_POINT('',#7463);
#2245=VERTEX_POINT('',#7466);
#2246=VERTEX_POINT('',#7468);
#2247=VERTEX_POINT('',#7472);
#2248=VERTEX_POINT('',#7475);
#2249=VERTEX_POINT('',#7477);
#2250=VERTEX_POINT('',#7481);
#2251=VERTEX_POINT('',#7483);
#2252=VERTEX_POINT('',#7485);
#2253=VERTEX_POINT('',#7488);
#2254=VERTEX_POINT('',#7489);
#2255=VERTEX_POINT('',#7491);
#2256=VERTEX_POINT('',#7493);
#2257=VERTEX_POINT('',#7497);
#2258=VERTEX_POINT('',#7500);
#2259=VERTEX_POINT('',#7502);
#2260=VERTEX_POINT('',#7504);
#2261=VERTEX_POINT('',#7506);
#2262=VERTEX_POINT('',#7508);
#2263=VERTEX_POINT('',#7510);
#2264=VERTEX_POINT('',#7512);
#2265=VERTEX_POINT('',#7514);
#2266=VERTEX_POINT('',#7516);
#2267=VERTEX_POINT('',#7518);
#2268=VERTEX_POINT('',#7520);
#2269=VERTEX_POINT('',#7522);
#2270=VERTEX_POINT('',#7524);
#2271=VERTEX_POINT('',#7526);
#2272=VERTEX_POINT('',#7528);
#2273=VERTEX_POINT('',#7530);
#2274=VERTEX_POINT('',#7532);
#2275=VERTEX_POINT('',#7534);
#2276=VERTEX_POINT('',#7536);
#2277=VERTEX_POINT('',#7538);
#2278=VERTEX_POINT('',#7540);
#2279=VERTEX_POINT('',#7542);
#2280=VERTEX_POINT('',#7544);
#2281=VERTEX_POINT('',#7546);
#2282=VERTEX_POINT('',#7548);
#2283=VERTEX_POINT('',#7550);
#2284=VERTEX_POINT('',#7552);
#2285=VERTEX_POINT('',#7554);
#2286=VERTEX_POINT('',#7556);
#2287=VERTEX_POINT('',#7558);
#2288=VERTEX_POINT('',#7560);
#2289=VERTEX_POINT('',#7562);
#2290=VERTEX_POINT('',#7564);
#2291=VERTEX_POINT('',#7566);
#2292=VERTEX_POINT('',#7568);
#2293=VERTEX_POINT('',#7570);
#2294=VERTEX_POINT('',#7572);
#2295=VERTEX_POINT('',#7574);
#2296=VERTEX_POINT('',#7576);
#2297=VERTEX_POINT('',#7578);
#2298=VERTEX_POINT('',#7583);
#2299=VERTEX_POINT('',#7585);
#2300=VERTEX_POINT('',#7590);
#2301=VERTEX_POINT('',#7592);
#2302=VERTEX_POINT('',#7596);
#2303=VERTEX_POINT('',#7597);
#2304=VERTEX_POINT('',#7599);
#2305=VERTEX_POINT('',#7601);
#2306=VERTEX_POINT('',#7605);
#2307=VERTEX_POINT('',#7612);
#2308=VERTEX_POINT('',#7618);
#2309=VERTEX_POINT('',#7619);
#2310=VERTEX_POINT('',#7621);
#2311=VERTEX_POINT('',#7624);
#2312=VERTEX_POINT('',#7629);
#2313=VERTEX_POINT('',#7633);
#2314=VERTEX_POINT('',#7638);
#2315=VERTEX_POINT('',#7640);
#2316=VERTEX_POINT('',#7644);
#2317=VERTEX_POINT('',#7646);
#2318=VERTEX_POINT('',#7649);
#2319=VERTEX_POINT('',#7650);
#2320=VERTEX_POINT('',#7652);
#2321=VERTEX_POINT('',#7654);
#2322=VERTEX_POINT('',#7660);
#2323=VERTEX_POINT('',#7661);
#2324=VERTEX_POINT('',#7663);
#2325=VERTEX_POINT('',#7665);
#2326=VERTEX_POINT('',#7669);
#2327=VERTEX_POINT('',#7670);
#2328=VERTEX_POINT('',#7672);
#2329=VERTEX_POINT('',#7674);
#2330=VERTEX_POINT('',#7678);
#2331=VERTEX_POINT('',#7680);
#2332=VERTEX_POINT('',#7688);
#2333=VERTEX_POINT('',#7692);
#2334=VERTEX_POINT('',#7698);
#2335=VERTEX_POINT('',#7702);
#2336=VERTEX_POINT('',#7704);
#2337=VERTEX_POINT('',#7708);
#2338=VERTEX_POINT('',#7712);
#2339=VERTEX_POINT('',#7718);
#2340=VERTEX_POINT('',#7719);
#2341=VERTEX_POINT('',#7724);
#2342=VERTEX_POINT('',#7727);
#2343=VERTEX_POINT('',#7728);
#2344=VERTEX_POINT('',#7730);
#2345=VERTEX_POINT('',#7732);
#2346=VERTEX_POINT('',#7738);
#2347=VERTEX_POINT('',#7742);
#2348=VERTEX_POINT('',#7744);
#2349=VERTEX_POINT('',#7748);
#2350=VERTEX_POINT('',#7752);
#2351=VERTEX_POINT('',#7758);
#2352=VERTEX_POINT('',#7759);
#2353=VERTEX_POINT('',#7764);
#2354=VERTEX_POINT('',#7767);
#2355=VERTEX_POINT('',#7768);
#2356=VERTEX_POINT('',#7770);
#2357=VERTEX_POINT('',#7772);
#2358=VERTEX_POINT('',#7778);
#2359=VERTEX_POINT('',#7782);
#2360=VERTEX_POINT('',#7784);
#2361=VERTEX_POINT('',#7788);
#2362=VERTEX_POINT('',#7792);
#2363=VERTEX_POINT('',#7798);
#2364=VERTEX_POINT('',#7799);
#2365=VERTEX_POINT('',#7804);
#2366=VERTEX_POINT('',#7807);
#2367=VERTEX_POINT('',#7808);
#2368=VERTEX_POINT('',#7810);
#2369=VERTEX_POINT('',#7812);
#2370=VERTEX_POINT('',#7818);
#2371=VERTEX_POINT('',#7822);
#2372=VERTEX_POINT('',#7824);
#2373=VERTEX_POINT('',#7828);
#2374=VERTEX_POINT('',#7832);
#2375=VERTEX_POINT('',#7838);
#2376=VERTEX_POINT('',#7839);
#2377=VERTEX_POINT('',#7844);
#2378=VERTEX_POINT('',#7847);
#2379=VERTEX_POINT('',#7848);
#2380=VERTEX_POINT('',#7850);
#2381=VERTEX_POINT('',#7852);
#2382=VERTEX_POINT('',#7858);
#2383=VERTEX_POINT('',#7862);
#2384=VERTEX_POINT('',#7864);
#2385=VERTEX_POINT('',#7868);
#2386=VERTEX_POINT('',#7872);
#2387=VERTEX_POINT('',#7878);
#2388=VERTEX_POINT('',#7879);
#2389=VERTEX_POINT('',#7884);
#2390=VERTEX_POINT('',#7887);
#2391=VERTEX_POINT('',#7888);
#2392=VERTEX_POINT('',#7890);
#2393=VERTEX_POINT('',#7892);
#2394=VERTEX_POINT('',#7898);
#2395=VERTEX_POINT('',#7902);
#2396=VERTEX_POINT('',#7904);
#2397=VERTEX_POINT('',#7908);
#2398=VERTEX_POINT('',#7912);
#2399=VERTEX_POINT('',#7918);
#2400=VERTEX_POINT('',#7919);
#2401=VERTEX_POINT('',#7924);
#2402=VERTEX_POINT('',#7927);
#2403=VERTEX_POINT('',#7928);
#2404=VERTEX_POINT('',#7930);
#2405=VERTEX_POINT('',#7932);
#2406=VERTEX_POINT('',#7938);
#2407=VERTEX_POINT('',#7942);
#2408=VERTEX_POINT('',#7944);
#2409=VERTEX_POINT('',#7948);
#2410=VERTEX_POINT('',#7952);
#2411=VERTEX_POINT('',#7958);
#2412=VERTEX_POINT('',#7959);
#2413=VERTEX_POINT('',#7964);
#2414=VERTEX_POINT('',#7967);
#2415=VERTEX_POINT('',#7968);
#2416=VERTEX_POINT('',#7970);
#2417=VERTEX_POINT('',#7972);
#2418=VERTEX_POINT('',#7978);
#2419=VERTEX_POINT('',#7982);
#2420=VERTEX_POINT('',#7984);
#2421=VERTEX_POINT('',#7988);
#2422=VERTEX_POINT('',#7992);
#2423=VERTEX_POINT('',#7998);
#2424=VERTEX_POINT('',#7999);
#2425=VERTEX_POINT('',#8004);
#2426=VERTEX_POINT('',#8007);
#2427=VERTEX_POINT('',#8008);
#2428=VERTEX_POINT('',#8010);
#2429=VERTEX_POINT('',#8012);
#2430=VERTEX_POINT('',#8018);
#2431=VERTEX_POINT('',#8022);
#2432=VERTEX_POINT('',#8024);
#2433=VERTEX_POINT('',#8028);
#2434=VERTEX_POINT('',#8032);
#2435=VERTEX_POINT('',#8040);
#2436=VERTEX_POINT('',#8044);
#2437=VERTEX_POINT('',#8046);
#2438=VERTEX_POINT('',#8051);
#2439=VERTEX_POINT('',#8053);
#2440=VERTEX_POINT('',#8057);
#2441=VERTEX_POINT('',#8061);
#2442=VERTEX_POINT('',#8071);
#2443=VERTEX_POINT('',#8075);
#2444=VERTEX_POINT('',#8080);
#2445=VERTEX_POINT('',#8089);
#2446=VERTEX_POINT('',#8090);
#2447=VERTEX_POINT('',#8092);
#2448=VERTEX_POINT('',#8094);
#2449=VERTEX_POINT('',#8098);
#2450=VERTEX_POINT('',#8100);
#2451=VERTEX_POINT('',#8104);
#2452=VERTEX_POINT('',#8106);
#2453=VERTEX_POINT('',#8113);
#2454=VERTEX_POINT('',#8115);
#2455=VERTEX_POINT('',#8117);
#2456=VERTEX_POINT('',#8119);
#2457=VERTEX_POINT('',#8121);
#2458=VERTEX_POINT('',#8123);
#2459=VERTEX_POINT('',#8127);
#2460=VERTEX_POINT('',#8132);
#2461=VERTEX_POINT('',#8133);
#2462=VERTEX_POINT('',#8135);
#2463=VERTEX_POINT('',#8137);
#2464=VERTEX_POINT('',#8142);
#2465=VERTEX_POINT('',#8146);
#2466=VERTEX_POINT('',#8153);
#2467=VERTEX_POINT('',#8157);
#2468=VERTEX_POINT('',#8160);
#2469=VERTEX_POINT('',#8171);
#2470=VERTEX_POINT('',#8172);
#2471=VERTEX_POINT('',#8174);
#2472=VERTEX_POINT('',#8176);
#2473=VERTEX_POINT('',#8180);
#2474=VERTEX_POINT('',#8182);
#2475=VERTEX_POINT('',#8186);
#2476=VERTEX_POINT('',#8188);
#2477=VERTEX_POINT('',#8195);
#2478=VERTEX_POINT('',#8197);
#2479=VERTEX_POINT('',#8199);
#2480=VERTEX_POINT('',#8201);
#2481=VERTEX_POINT('',#8203);
#2482=VERTEX_POINT('',#8205);
#2483=VERTEX_POINT('',#8209);
#2484=VERTEX_POINT('',#8214);
#2485=VERTEX_POINT('',#8215);
#2486=VERTEX_POINT('',#8217);
#2487=VERTEX_POINT('',#8219);
#2488=VERTEX_POINT('',#8224);
#2489=VERTEX_POINT('',#8228);
#2490=VERTEX_POINT('',#8235);
#2491=VERTEX_POINT('',#8239);
#2492=VERTEX_POINT('',#8242);
#2493=VERTEX_POINT('',#8253);
#2494=VERTEX_POINT('',#8254);
#2495=VERTEX_POINT('',#8256);
#2496=VERTEX_POINT('',#8258);
#2497=VERTEX_POINT('',#8262);
#2498=VERTEX_POINT('',#8264);
#2499=VERTEX_POINT('',#8268);
#2500=VERTEX_POINT('',#8270);
#2501=VERTEX_POINT('',#8277);
#2502=VERTEX_POINT('',#8279);
#2503=VERTEX_POINT('',#8281);
#2504=VERTEX_POINT('',#8283);
#2505=VERTEX_POINT('',#8285);
#2506=VERTEX_POINT('',#8287);
#2507=VERTEX_POINT('',#8291);
#2508=VERTEX_POINT('',#8296);
#2509=VERTEX_POINT('',#8297);
#2510=VERTEX_POINT('',#8299);
#2511=VERTEX_POINT('',#8301);
#2512=VERTEX_POINT('',#8306);
#2513=VERTEX_POINT('',#8310);
#2514=VERTEX_POINT('',#8317);
#2515=VERTEX_POINT('',#8321);
#2516=VERTEX_POINT('',#8324);
#2517=VERTEX_POINT('',#8335);
#2518=VERTEX_POINT('',#8336);
#2519=VERTEX_POINT('',#8338);
#2520=VERTEX_POINT('',#8340);
#2521=VERTEX_POINT('',#8344);
#2522=VERTEX_POINT('',#8346);
#2523=VERTEX_POINT('',#8350);
#2524=VERTEX_POINT('',#8352);
#2525=VERTEX_POINT('',#8359);
#2526=VERTEX_POINT('',#8361);
#2527=VERTEX_POINT('',#8363);
#2528=VERTEX_POINT('',#8365);
#2529=VERTEX_POINT('',#8367);
#2530=VERTEX_POINT('',#8369);
#2531=VERTEX_POINT('',#8373);
#2532=VERTEX_POINT('',#8378);
#2533=VERTEX_POINT('',#8379);
#2534=VERTEX_POINT('',#8381);
#2535=VERTEX_POINT('',#8383);
#2536=VERTEX_POINT('',#8388);
#2537=VERTEX_POINT('',#8392);
#2538=VERTEX_POINT('',#8399);
#2539=VERTEX_POINT('',#8403);
#2540=VERTEX_POINT('',#8406);
#2541=VERTEX_POINT('',#8417);
#2542=VERTEX_POINT('',#8418);
#2543=VERTEX_POINT('',#8420);
#2544=VERTEX_POINT('',#8422);
#2545=VERTEX_POINT('',#8426);
#2546=VERTEX_POINT('',#8428);
#2547=VERTEX_POINT('',#8432);
#2548=VERTEX_POINT('',#8434);
#2549=VERTEX_POINT('',#8441);
#2550=VERTEX_POINT('',#8443);
#2551=VERTEX_POINT('',#8445);
#2552=VERTEX_POINT('',#8447);
#2553=VERTEX_POINT('',#8449);
#2554=VERTEX_POINT('',#8451);
#2555=VERTEX_POINT('',#8455);
#2556=VERTEX_POINT('',#8460);
#2557=VERTEX_POINT('',#8461);
#2558=VERTEX_POINT('',#8463);
#2559=VERTEX_POINT('',#8465);
#2560=VERTEX_POINT('',#8470);
#2561=VERTEX_POINT('',#8474);
#2562=VERTEX_POINT('',#8481);
#2563=VERTEX_POINT('',#8485);
#2564=VERTEX_POINT('',#8488);
#2565=VERTEX_POINT('',#8499);
#2566=VERTEX_POINT('',#8500);
#2567=VERTEX_POINT('',#8502);
#2568=VERTEX_POINT('',#8504);
#2569=VERTEX_POINT('',#8508);
#2570=VERTEX_POINT('',#8510);
#2571=VERTEX_POINT('',#8514);
#2572=VERTEX_POINT('',#8516);
#2573=VERTEX_POINT('',#8523);
#2574=VERTEX_POINT('',#8525);
#2575=VERTEX_POINT('',#8527);
#2576=VERTEX_POINT('',#8529);
#2577=VERTEX_POINT('',#8531);
#2578=VERTEX_POINT('',#8533);
#2579=VERTEX_POINT('',#8537);
#2580=VERTEX_POINT('',#8542);
#2581=VERTEX_POINT('',#8543);
#2582=VERTEX_POINT('',#8545);
#2583=VERTEX_POINT('',#8547);
#2584=VERTEX_POINT('',#8552);
#2585=VERTEX_POINT('',#8556);
#2586=VERTEX_POINT('',#8563);
#2587=VERTEX_POINT('',#8567);
#2588=VERTEX_POINT('',#8570);
#2589=VERTEX_POINT('',#8581);
#2590=VERTEX_POINT('',#8582);
#2591=VERTEX_POINT('',#8584);
#2592=VERTEX_POINT('',#8586);
#2593=VERTEX_POINT('',#8590);
#2594=VERTEX_POINT('',#8592);
#2595=VERTEX_POINT('',#8596);
#2596=VERTEX_POINT('',#8598);
#2597=VERTEX_POINT('',#8605);
#2598=VERTEX_POINT('',#8607);
#2599=VERTEX_POINT('',#8609);
#2600=VERTEX_POINT('',#8611);
#2601=VERTEX_POINT('',#8613);
#2602=VERTEX_POINT('',#8615);
#2603=VERTEX_POINT('',#8619);
#2604=VERTEX_POINT('',#8624);
#2605=VERTEX_POINT('',#8625);
#2606=VERTEX_POINT('',#8627);
#2607=VERTEX_POINT('',#8629);
#2608=VERTEX_POINT('',#8634);
#2609=VERTEX_POINT('',#8638);
#2610=VERTEX_POINT('',#8645);
#2611=VERTEX_POINT('',#8649);
#2612=VERTEX_POINT('',#8652);
#2613=VERTEX_POINT('',#8663);
#2614=VERTEX_POINT('',#8664);
#2615=VERTEX_POINT('',#8666);
#2616=VERTEX_POINT('',#8668);
#2617=VERTEX_POINT('',#8672);
#2618=VERTEX_POINT('',#8674);
#2619=VERTEX_POINT('',#8678);
#2620=VERTEX_POINT('',#8680);
#2621=VERTEX_POINT('',#8687);
#2622=VERTEX_POINT('',#8689);
#2623=VERTEX_POINT('',#8691);
#2624=VERTEX_POINT('',#8693);
#2625=VERTEX_POINT('',#8695);
#2626=VERTEX_POINT('',#8697);
#2627=VERTEX_POINT('',#8701);
#2628=VERTEX_POINT('',#8706);
#2629=VERTEX_POINT('',#8707);
#2630=VERTEX_POINT('',#8709);
#2631=VERTEX_POINT('',#8711);
#2632=VERTEX_POINT('',#8716);
#2633=VERTEX_POINT('',#8720);
#2634=VERTEX_POINT('',#8727);
#2635=VERTEX_POINT('',#8731);
#2636=VERTEX_POINT('',#8734);
#2637=VERTEX_POINT('',#8745);
#2638=VERTEX_POINT('',#8746);
#2639=VERTEX_POINT('',#8748);
#2640=VERTEX_POINT('',#8750);
#2641=VERTEX_POINT('',#8754);
#2642=VERTEX_POINT('',#8756);
#2643=VERTEX_POINT('',#8760);
#2644=VERTEX_POINT('',#8762);
#2645=VERTEX_POINT('',#8769);
#2646=VERTEX_POINT('',#8771);
#2647=VERTEX_POINT('',#8773);
#2648=VERTEX_POINT('',#8775);
#2649=VERTEX_POINT('',#8777);
#2650=VERTEX_POINT('',#8779);
#2651=VERTEX_POINT('',#8783);
#2652=VERTEX_POINT('',#8788);
#2653=VERTEX_POINT('',#8789);
#2654=VERTEX_POINT('',#8791);
#2655=VERTEX_POINT('',#8793);
#2656=VERTEX_POINT('',#8798);
#2657=VERTEX_POINT('',#8802);
#2658=VERTEX_POINT('',#8809);
#2659=VERTEX_POINT('',#8813);
#2660=VERTEX_POINT('',#8816);
#2661=VERTEX_POINT('',#8827);
#2662=VERTEX_POINT('',#8828);
#2663=VERTEX_POINT('',#8830);
#2664=VERTEX_POINT('',#8832);
#2665=VERTEX_POINT('',#8836);
#2666=VERTEX_POINT('',#8838);
#2667=VERTEX_POINT('',#8842);
#2668=VERTEX_POINT('',#8844);
#2669=VERTEX_POINT('',#8851);
#2670=VERTEX_POINT('',#8853);
#2671=VERTEX_POINT('',#8855);
#2672=VERTEX_POINT('',#8857);
#2673=VERTEX_POINT('',#8859);
#2674=VERTEX_POINT('',#8861);
#2675=VERTEX_POINT('',#8865);
#2676=VERTEX_POINT('',#8870);
#2677=VERTEX_POINT('',#8871);
#2678=VERTEX_POINT('',#8873);
#2679=VERTEX_POINT('',#8875);
#2680=VERTEX_POINT('',#8880);
#2681=VERTEX_POINT('',#8884);
#2682=VERTEX_POINT('',#8891);
#2683=VERTEX_POINT('',#8895);
#2684=VERTEX_POINT('',#8898);
#2685=EDGE_CURVE('',#2199,#2200,#739,.T.);
#2686=EDGE_CURVE('',#2201,#2199,#740,.T.);
#2687=EDGE_CURVE('',#2202,#2201,#741,.T.);
#2688=EDGE_CURVE('',#2202,#2200,#742,.T.);
#2689=EDGE_CURVE('',#2200,#2203,#743,.T.);
#2690=EDGE_CURVE('',#2204,#2202,#744,.T.);
#2691=EDGE_CURVE('',#2204,#2203,#745,.T.);
#2692=EDGE_CURVE('',#2203,#2205,#746,.T.);
#2693=EDGE_CURVE('',#2206,#2204,#747,.T.);
#2694=EDGE_CURVE('',#2205,#2206,#748,.T.);
#2695=EDGE_CURVE('',#2207,#2208,#749,.T.);
#2696=EDGE_CURVE('',#2209,#2207,#750,.T.);
#2697=EDGE_CURVE('',#2210,#2209,#751,.T.);
#2698=EDGE_CURVE('',#2208,#2210,#752,.T.);
#2699=EDGE_CURVE('',#2208,#2211,#753,.T.);
#2700=EDGE_CURVE('',#2212,#2210,#754,.T.);
#2701=EDGE_CURVE('',#2211,#2212,#755,.T.);
#2702=EDGE_CURVE('',#2211,#2213,#756,.T.);
#2703=EDGE_CURVE('',#2214,#2212,#757,.T.);
#2704=EDGE_CURVE('',#2213,#2214,#758,.T.);
#2705=EDGE_CURVE('',#2209,#2215,#759,.T.);
#2706=EDGE_CURVE('',#2215,#2216,#760,.T.);
#2707=EDGE_CURVE('',#2216,#2217,#761,.T.);
#2708=EDGE_CURVE('',#2217,#2218,#762,.T.);
#2709=EDGE_CURVE('',#2218,#2219,#763,.T.);
#2710=EDGE_CURVE('',#2219,#2220,#764,.T.);
#2711=EDGE_CURVE('',#2220,#2214,#765,.T.);
#2712=EDGE_CURVE('',#2207,#2221,#766,.T.);
#2713=EDGE_CURVE('',#2221,#2222,#767,.T.);
#2714=EDGE_CURVE('',#2222,#2223,#768,.T.);
#2715=EDGE_CURVE('',#2215,#2223,#769,.T.);
#2716=EDGE_CURVE('',#2224,#2206,#770,.T.);
#2717=EDGE_CURVE('',#2225,#2224,#771,.T.);
#2718=EDGE_CURVE('',#2225,#2226,#772,.T.);
#2719=EDGE_CURVE('',#2226,#2227,#773,.T.);
#2720=EDGE_CURVE('',#2227,#2205,#774,.T.);
#2721=EDGE_CURVE('',#2228,#2227,#775,.F.);
#2722=EDGE_CURVE('',#2228,#2229,#776,.T.);
#2723=EDGE_CURVE('',#2229,#2230,#777,.T.);
#2724=EDGE_CURVE('',#2231,#2230,#778,.F.);
#2725=EDGE_CURVE('',#2231,#2232,#779,.T.);
#2726=EDGE_CURVE('',#2199,#2232,#780,.T.);
#2727=EDGE_CURVE('',#2233,#2222,#781,.T.);
#2728=EDGE_CURVE('',#2234,#2233,#782,.T.);
#2729=EDGE_CURVE('',#2223,#2234,#783,.T.);
#2730=EDGE_CURVE('',#2235,#2236,#784,.T.);
#2731=EDGE_CURVE('',#2237,#2235,#785,.T.);
#2732=EDGE_CURVE('',#2238,#2237,#786,.T.);
#2733=EDGE_CURVE('',#2239,#2238,#787,.T.);
#2734=EDGE_CURVE('',#2239,#2240,#788,.T.);
#2735=EDGE_CURVE('',#2236,#2240,#789,.T.);
#2736=EDGE_CURVE('',#2238,#2241,#790,.T.);
#2737=EDGE_CURVE('',#2242,#2237,#791,.T.);
#2738=EDGE_CURVE('',#2241,#2242,#792,.T.);
#2739=EDGE_CURVE('',#2243,#2244,#793,.T.);
#2740=EDGE_CURVE('',#2240,#2243,#794,.T.);
#2741=EDGE_CURVE('',#2245,#2239,#795,.T.);
#2742=EDGE_CURVE('',#2246,#2245,#796,.T.);
#2743=EDGE_CURVE('',#2244,#2246,#797,.T.);
#2744=EDGE_CURVE('',#2247,#2235,#798,.T.);
#2745=EDGE_CURVE('',#2244,#2247,#799,.T.);
#2746=EDGE_CURVE('',#2248,#2246,#800,.T.);
#2747=EDGE_CURVE('',#2249,#2248,#801,.T.);
#2748=EDGE_CURVE('',#2242,#2249,#802,.T.);
#2749=EDGE_CURVE('',#2250,#2245,#803,.T.);
#2750=EDGE_CURVE('',#2250,#2251,#804,.T.);
#2751=EDGE_CURVE('',#2252,#2251,#805,.T.);
#2752=EDGE_CURVE('',#2248,#2252,#806,.T.);
#2753=EDGE_CURVE('',#2253,#2254,#807,.T.);
#2754=EDGE_CURVE('',#2255,#2253,#808,.T.);
#2755=EDGE_CURVE('',#2256,#2255,#809,.T.);
#2756=EDGE_CURVE('',#2254,#2256,#810,.T.);
#2757=EDGE_CURVE('',#2234,#2257,#811,.T.);
#2758=EDGE_CURVE('',#2257,#2225,#812,.T.);
#2759=EDGE_CURVE('',#2258,#2224,#813,.T.);
#2760=EDGE_CURVE('',#2259,#2258,#814,.T.);
#2761=EDGE_CURVE('',#2259,#2260,#815,.T.);
#2762=EDGE_CURVE('',#2260,#2261,#816,.T.);
#2763=EDGE_CURVE('',#2261,#2262,#817,.T.);
#2764=EDGE_CURVE('',#2262,#2263,#818,.T.);
#2765=EDGE_CURVE('',#2263,#2264,#819,.T.);
#2766=EDGE_CURVE('',#2265,#2264,#820,.T.);
#2767=EDGE_CURVE('',#2265,#2266,#821,.T.);
#2768=EDGE_CURVE('',#2266,#2267,#822,.T.);
#2769=EDGE_CURVE('',#2267,#2268,#823,.T.);
#2770=EDGE_CURVE('',#2269,#2268,#824,.T.);
#2771=EDGE_CURVE('',#2269,#2270,#825,.T.);
#2772=EDGE_CURVE('',#2270,#2271,#826,.T.);
#2773=EDGE_CURVE('',#2271,#2272,#827,.T.);
#2774=EDGE_CURVE('',#2273,#2272,#828,.T.);
#2775=EDGE_CURVE('',#2273,#2274,#829,.T.);
#2776=EDGE_CURVE('',#2274,#2275,#830,.T.);
#2777=EDGE_CURVE('',#2275,#2276,#831,.T.);
#2778=EDGE_CURVE('',#2277,#2276,#832,.T.);
#2779=EDGE_CURVE('',#2277,#2278,#833,.T.);
#2780=EDGE_CURVE('',#2278,#2279,#834,.T.);
#2781=EDGE_CURVE('',#2279,#2280,#835,.T.);
#2782=EDGE_CURVE('',#2281,#2280,#836,.T.);
#2783=EDGE_CURVE('',#2281,#2282,#837,.T.);
#2784=EDGE_CURVE('',#2282,#2283,#838,.T.);
#2785=EDGE_CURVE('',#2283,#2284,#839,.T.);
#2786=EDGE_CURVE('',#2285,#2284,#840,.T.);
#2787=EDGE_CURVE('',#2285,#2286,#841,.T.);
#2788=EDGE_CURVE('',#2286,#2287,#842,.T.);
#2789=EDGE_CURVE('',#2287,#2288,#843,.T.);
#2790=EDGE_CURVE('',#2289,#2288,#844,.T.);
#2791=EDGE_CURVE('',#2289,#2290,#845,.T.);
#2792=EDGE_CURVE('',#2290,#2291,#846,.T.);
#2793=EDGE_CURVE('',#2291,#2292,#847,.T.);
#2794=EDGE_CURVE('',#2293,#2292,#848,.T.);
#2795=EDGE_CURVE('',#2293,#2294,#849,.T.);
#2796=EDGE_CURVE('',#2294,#2295,#850,.T.);
#2797=EDGE_CURVE('',#2295,#2296,#851,.T.);
#2798=EDGE_CURVE('',#2297,#2296,#852,.T.);
#2799=EDGE_CURVE('',#2297,#2250,#853,.T.);
#2800=EDGE_CURVE('',#2216,#2241,#854,.T.);
#2801=EDGE_CURVE('',#2298,#2213,#855,.T.);
#2802=EDGE_CURVE('',#2298,#2299,#856,.T.);
#2803=EDGE_CURVE('',#2247,#2299,#857,.T.);
#2804=EDGE_CURVE('',#2221,#2236,#858,.T.);
#2805=EDGE_CURVE('',#2300,#2217,#859,.T.);
#2806=EDGE_CURVE('',#2300,#2301,#860,.T.);
#2807=EDGE_CURVE('',#2218,#2301,#861,.T.);
#2808=EDGE_CURVE('',#2302,#2303,#862,.T.);
#2809=EDGE_CURVE('',#2303,#2304,#863,.T.);
#2810=EDGE_CURVE('',#2304,#2305,#864,.T.);
#2811=EDGE_CURVE('',#2305,#2302,#865,.T.);
#2812=EDGE_CURVE('',#2301,#2306,#866,.T.);
#2813=EDGE_CURVE('',#2219,#2306,#867,.T.);
#2814=EDGE_CURVE('',#2305,#2300,#868,.T.);
#2815=EDGE_CURVE('',#2306,#2304,#869,.T.);
#2816=EDGE_CURVE('',#2307,#2233,#870,.T.);
#2817=EDGE_CURVE('',#2257,#2307,#871,.T.);
#2818=EDGE_CURVE('',#2226,#2307,#872,.T.);
#2819=EDGE_CURVE('',#2308,#2309,#873,.T.);
#2820=EDGE_CURVE('',#2308,#2310,#874,.T.);
#2821=EDGE_CURVE('',#2262,#2310,#875,.T.);
#2822=EDGE_CURVE('',#2261,#2311,#876,.T.);
#2823=EDGE_CURVE('',#2309,#2311,#877,.T.);
#2824=EDGE_CURVE('',#2311,#2228,#878,.T.);
#2825=EDGE_CURVE('',#2260,#2312,#879,.T.);
#2826=EDGE_CURVE('',#2312,#2229,#880,.T.);
#2827=EDGE_CURVE('',#2313,#2259,#881,.T.);
#2828=EDGE_CURVE('',#2313,#2312,#882,.T.);
#2829=EDGE_CURVE('',#2230,#2308,#883,.T.);
#2830=EDGE_CURVE('',#2314,#2313,#884,.T.);
#2831=EDGE_CURVE('',#2315,#2314,#885,.T.);
#2832=EDGE_CURVE('',#2310,#2315,#886,.T.);
#2833=EDGE_CURVE('',#2315,#2316,#887,.T.);
#2834=EDGE_CURVE('',#2317,#2316,#888,.T.);
#2835=EDGE_CURVE('',#2263,#2317,#889,.T.);
#2836=EDGE_CURVE('',#2318,#2319,#890,.T.);
#2837=EDGE_CURVE('',#2320,#2318,#891,.T.);
#2838=EDGE_CURVE('',#2321,#2320,#892,.T.);
#2839=EDGE_CURVE('',#2319,#2321,#893,.T.);
#2840=EDGE_CURVE('',#2243,#2309,#894,.F.);
#2841=EDGE_CURVE('',#2322,#2323,#895,.T.);
#2842=EDGE_CURVE('',#2323,#2324,#896,.T.);
#2843=EDGE_CURVE('',#2325,#2324,#897,.T.);
#2844=EDGE_CURVE('',#2322,#2325,#898,.T.);
#2845=EDGE_CURVE('',#2326,#2327,#899,.T.);
#2846=EDGE_CURVE('',#2327,#2328,#900,.T.);
#2847=EDGE_CURVE('',#2329,#2328,#901,.T.);
#2848=EDGE_CURVE('',#2326,#2329,#902,.T.);
#2849=EDGE_CURVE('',#2327,#2330,#903,.T.);
#2850=EDGE_CURVE('',#2330,#2331,#904,.T.);
#2851=EDGE_CURVE('',#2328,#2331,#905,.T.);
#2852=EDGE_CURVE('',#2331,#2325,#906,.T.);
#2853=EDGE_CURVE('',#2329,#2324,#907,.T.);
#2854=EDGE_CURVE('',#2326,#2258,#908,.T.);
#2855=EDGE_CURVE('',#2324,#2332,#909,.T.);
#2856=EDGE_CURVE('',#2332,#2314,#910,.T.);
#2857=EDGE_CURVE('',#2333,#2317,#911,.T.);
#2858=EDGE_CURVE('',#2264,#2333,#912,.T.);
#2859=EDGE_CURVE('',#2316,#2332,#913,.T.);
#2860=EDGE_CURVE('',#2333,#2334,#914,.T.);
#2861=EDGE_CURVE('',#2334,#2265,#915,.T.);
#2862=EDGE_CURVE('',#2335,#2320,#916,.T.);
#2863=EDGE_CURVE('',#2336,#2335,#917,.T.);
#2864=EDGE_CURVE('',#2336,#2321,#918,.T.);
#2865=EDGE_CURVE('',#2337,#2318,#919,.T.);
#2866=EDGE_CURVE('',#2335,#2337,#920,.T.);
#2867=EDGE_CURVE('',#2338,#2319,#921,.T.);
#2868=EDGE_CURVE('',#2337,#2338,#922,.T.);
#2869=EDGE_CURVE('',#2338,#2336,#923,.T.);
#2870=EDGE_CURVE('',#2339,#2340,#924,.T.);
#2871=EDGE_CURVE('',#2268,#2339,#925,.T.);
#2872=EDGE_CURVE('',#2267,#2340,#926,.T.);
#2873=EDGE_CURVE('',#2340,#2341,#927,.T.);
#2874=EDGE_CURVE('',#2266,#2341,#928,.T.);
#2875=EDGE_CURVE('',#2342,#2343,#929,.T.);
#2876=EDGE_CURVE('',#2344,#2342,#930,.T.);
#2877=EDGE_CURVE('',#2345,#2344,#931,.T.);
#2878=EDGE_CURVE('',#2343,#2345,#932,.T.);
#2879=EDGE_CURVE('',#2341,#2334,#933,.T.);
#2880=EDGE_CURVE('',#2339,#2346,#934,.T.);
#2881=EDGE_CURVE('',#2346,#2269,#935,.T.);
#2882=EDGE_CURVE('',#2347,#2344,#936,.T.);
#2883=EDGE_CURVE('',#2348,#2347,#937,.T.);
#2884=EDGE_CURVE('',#2348,#2345,#938,.T.);
#2885=EDGE_CURVE('',#2349,#2342,#939,.T.);
#2886=EDGE_CURVE('',#2347,#2349,#940,.T.);
#2887=EDGE_CURVE('',#2350,#2343,#941,.T.);
#2888=EDGE_CURVE('',#2349,#2350,#942,.T.);
#2889=EDGE_CURVE('',#2350,#2348,#943,.T.);
#2890=EDGE_CURVE('',#2351,#2352,#944,.T.);
#2891=EDGE_CURVE('',#2272,#2351,#945,.T.);
#2892=EDGE_CURVE('',#2271,#2352,#946,.T.);
#2893=EDGE_CURVE('',#2352,#2353,#947,.T.);
#2894=EDGE_CURVE('',#2270,#2353,#948,.T.);
#2895=EDGE_CURVE('',#2354,#2355,#949,.T.);
#2896=EDGE_CURVE('',#2356,#2354,#950,.T.);
#2897=EDGE_CURVE('',#2357,#2356,#951,.T.);
#2898=EDGE_CURVE('',#2355,#2357,#952,.T.);
#2899=EDGE_CURVE('',#2353,#2346,#953,.T.);
#2900=EDGE_CURVE('',#2351,#2358,#954,.T.);
#2901=EDGE_CURVE('',#2358,#2273,#955,.T.);
#2902=EDGE_CURVE('',#2359,#2356,#956,.T.);
#2903=EDGE_CURVE('',#2360,#2359,#957,.T.);
#2904=EDGE_CURVE('',#2360,#2357,#958,.T.);
#2905=EDGE_CURVE('',#2361,#2354,#959,.T.);
#2906=EDGE_CURVE('',#2359,#2361,#960,.T.);
#2907=EDGE_CURVE('',#2362,#2355,#961,.T.);
#2908=EDGE_CURVE('',#2361,#2362,#962,.T.);
#2909=EDGE_CURVE('',#2362,#2360,#963,.T.);
#2910=EDGE_CURVE('',#2363,#2364,#964,.T.);
#2911=EDGE_CURVE('',#2276,#2363,#965,.T.);
#2912=EDGE_CURVE('',#2275,#2364,#966,.T.);
#2913=EDGE_CURVE('',#2364,#2365,#967,.T.);
#2914=EDGE_CURVE('',#2274,#2365,#968,.T.);
#2915=EDGE_CURVE('',#2366,#2367,#969,.T.);
#2916=EDGE_CURVE('',#2368,#2366,#970,.T.);
#2917=EDGE_CURVE('',#2369,#2368,#971,.T.);
#2918=EDGE_CURVE('',#2367,#2369,#972,.T.);
#2919=EDGE_CURVE('',#2365,#2358,#973,.T.);
#2920=EDGE_CURVE('',#2363,#2370,#974,.T.);
#2921=EDGE_CURVE('',#2370,#2277,#975,.T.);
#2922=EDGE_CURVE('',#2371,#2368,#976,.T.);
#2923=EDGE_CURVE('',#2372,#2371,#977,.T.);
#2924=EDGE_CURVE('',#2372,#2369,#978,.T.);
#2925=EDGE_CURVE('',#2373,#2366,#979,.T.);
#2926=EDGE_CURVE('',#2371,#2373,#980,.T.);
#2927=EDGE_CURVE('',#2374,#2367,#981,.T.);
#2928=EDGE_CURVE('',#2373,#2374,#982,.T.);
#2929=EDGE_CURVE('',#2374,#2372,#983,.T.);
#2930=EDGE_CURVE('',#2375,#2376,#984,.T.);
#2931=EDGE_CURVE('',#2280,#2375,#985,.T.);
#2932=EDGE_CURVE('',#2279,#2376,#986,.T.);
#2933=EDGE_CURVE('',#2376,#2377,#987,.T.);
#2934=EDGE_CURVE('',#2278,#2377,#988,.T.);
#2935=EDGE_CURVE('',#2378,#2379,#989,.T.);
#2936=EDGE_CURVE('',#2380,#2378,#990,.T.);
#2937=EDGE_CURVE('',#2381,#2380,#991,.T.);
#2938=EDGE_CURVE('',#2379,#2381,#992,.T.);
#2939=EDGE_CURVE('',#2377,#2370,#993,.T.);
#2940=EDGE_CURVE('',#2375,#2382,#994,.T.);
#2941=EDGE_CURVE('',#2382,#2281,#995,.T.);
#2942=EDGE_CURVE('',#2383,#2380,#996,.T.);
#2943=EDGE_CURVE('',#2384,#2383,#997,.T.);
#2944=EDGE_CURVE('',#2384,#2381,#998,.T.);
#2945=EDGE_CURVE('',#2385,#2378,#999,.T.);
#2946=EDGE_CURVE('',#2383,#2385,#1000,.T.);
#2947=EDGE_CURVE('',#2386,#2379,#1001,.T.);
#2948=EDGE_CURVE('',#2385,#2386,#1002,.T.);
#2949=EDGE_CURVE('',#2386,#2384,#1003,.T.);
#2950=EDGE_CURVE('',#2387,#2388,#1004,.T.);
#2951=EDGE_CURVE('',#2284,#2387,#1005,.T.);
#2952=EDGE_CURVE('',#2283,#2388,#1006,.T.);
#2953=EDGE_CURVE('',#2388,#2389,#1007,.T.);
#2954=EDGE_CURVE('',#2282,#2389,#1008,.T.);
#2955=EDGE_CURVE('',#2390,#2391,#1009,.T.);
#2956=EDGE_CURVE('',#2392,#2390,#1010,.T.);
#2957=EDGE_CURVE('',#2393,#2392,#1011,.T.);
#2958=EDGE_CURVE('',#2391,#2393,#1012,.T.);
#2959=EDGE_CURVE('',#2389,#2382,#1013,.T.);
#2960=EDGE_CURVE('',#2387,#2394,#1014,.T.);
#2961=EDGE_CURVE('',#2394,#2285,#1015,.T.);
#2962=EDGE_CURVE('',#2395,#2392,#1016,.T.);
#2963=EDGE_CURVE('',#2396,#2395,#1017,.T.);
#2964=EDGE_CURVE('',#2396,#2393,#1018,.T.);
#2965=EDGE_CURVE('',#2397,#2390,#1019,.T.);
#2966=EDGE_CURVE('',#2395,#2397,#1020,.T.);
#2967=EDGE_CURVE('',#2398,#2391,#1021,.T.);
#2968=EDGE_CURVE('',#2397,#2398,#1022,.T.);
#2969=EDGE_CURVE('',#2398,#2396,#1023,.T.);
#2970=EDGE_CURVE('',#2399,#2400,#1024,.T.);
#2971=EDGE_CURVE('',#2288,#2399,#1025,.T.);
#2972=EDGE_CURVE('',#2287,#2400,#1026,.T.);
#2973=EDGE_CURVE('',#2400,#2401,#1027,.T.);
#2974=EDGE_CURVE('',#2286,#2401,#1028,.T.);
#2975=EDGE_CURVE('',#2402,#2403,#1029,.T.);
#2976=EDGE_CURVE('',#2404,#2402,#1030,.T.);
#2977=EDGE_CURVE('',#2405,#2404,#1031,.T.);
#2978=EDGE_CURVE('',#2403,#2405,#1032,.T.);
#2979=EDGE_CURVE('',#2401,#2394,#1033,.T.);
#2980=EDGE_CURVE('',#2399,#2406,#1034,.T.);
#2981=EDGE_CURVE('',#2406,#2289,#1035,.T.);
#2982=EDGE_CURVE('',#2407,#2404,#1036,.T.);
#2983=EDGE_CURVE('',#2408,#2407,#1037,.T.);
#2984=EDGE_CURVE('',#2408,#2405,#1038,.T.);
#2985=EDGE_CURVE('',#2409,#2402,#1039,.T.);
#2986=EDGE_CURVE('',#2407,#2409,#1040,.T.);
#2987=EDGE_CURVE('',#2410,#2403,#1041,.T.);
#2988=EDGE_CURVE('',#2409,#2410,#1042,.T.);
#2989=EDGE_CURVE('',#2410,#2408,#1043,.T.);
#2990=EDGE_CURVE('',#2411,#2412,#1044,.T.);
#2991=EDGE_CURVE('',#2292,#2411,#1045,.T.);
#2992=EDGE_CURVE('',#2291,#2412,#1046,.T.);
#2993=EDGE_CURVE('',#2412,#2413,#1047,.T.);
#2994=EDGE_CURVE('',#2290,#2413,#1048,.T.);
#2995=EDGE_CURVE('',#2414,#2415,#1049,.T.);
#2996=EDGE_CURVE('',#2416,#2414,#1050,.T.);
#2997=EDGE_CURVE('',#2417,#2416,#1051,.T.);
#2998=EDGE_CURVE('',#2415,#2417,#1052,.T.);
#2999=EDGE_CURVE('',#2413,#2406,#1053,.T.);
#3000=EDGE_CURVE('',#2411,#2418,#1054,.T.);
#3001=EDGE_CURVE('',#2418,#2293,#1055,.T.);
#3002=EDGE_CURVE('',#2419,#2416,#1056,.T.);
#3003=EDGE_CURVE('',#2420,#2419,#1057,.T.);
#3004=EDGE_CURVE('',#2420,#2417,#1058,.T.);
#3005=EDGE_CURVE('',#2421,#2414,#1059,.T.);
#3006=EDGE_CURVE('',#2419,#2421,#1060,.T.);
#3007=EDGE_CURVE('',#2422,#2415,#1061,.T.);
#3008=EDGE_CURVE('',#2421,#2422,#1062,.T.);
#3009=EDGE_CURVE('',#2422,#2420,#1063,.T.);
#3010=EDGE_CURVE('',#2423,#2424,#1064,.T.);
#3011=EDGE_CURVE('',#2296,#2423,#1065,.T.);
#3012=EDGE_CURVE('',#2295,#2424,#1066,.T.);
#3013=EDGE_CURVE('',#2424,#2425,#1067,.T.);
#3014=EDGE_CURVE('',#2294,#2425,#1068,.T.);
#3015=EDGE_CURVE('',#2426,#2427,#1069,.T.);
#3016=EDGE_CURVE('',#2428,#2426,#1070,.T.);
#3017=EDGE_CURVE('',#2429,#2428,#1071,.T.);
#3018=EDGE_CURVE('',#2427,#2429,#1072,.T.);
#3019=EDGE_CURVE('',#2425,#2418,#1073,.T.);
#3020=EDGE_CURVE('',#2423,#2430,#1074,.T.);
#3021=EDGE_CURVE('',#2430,#2297,#1075,.T.);
#3022=EDGE_CURVE('',#2431,#2428,#1076,.T.);
#3023=EDGE_CURVE('',#2432,#2431,#1077,.T.);
#3024=EDGE_CURVE('',#2432,#2429,#1078,.T.);
#3025=EDGE_CURVE('',#2433,#2426,#1079,.T.);
#3026=EDGE_CURVE('',#2431,#2433,#1080,.T.);
#3027=EDGE_CURVE('',#2434,#2427,#1081,.T.);
#3028=EDGE_CURVE('',#2433,#2434,#1082,.T.);
#3029=EDGE_CURVE('',#2434,#2432,#1083,.T.);
#3030=EDGE_CURVE('',#2251,#2430,#1084,.T.);
#3031=EDGE_CURVE('',#2435,#2252,#1085,.T.);
#3032=EDGE_CURVE('',#2249,#2435,#1086,.T.);
#3033=EDGE_CURVE('',#2436,#2323,#1087,.T.);
#3034=EDGE_CURVE('',#2437,#2436,#1088,.T.);
#3035=EDGE_CURVE('',#2437,#2302,#1089,.T.);
#3036=EDGE_CURVE('',#2435,#2305,#1090,.T.);
#3037=EDGE_CURVE('',#2438,#2255,#1091,.T.);
#3038=EDGE_CURVE('',#2439,#2438,#1092,.T.);
#3039=EDGE_CURVE('',#2439,#2256,#1093,.T.);
#3040=EDGE_CURVE('',#2440,#2253,#1094,.T.);
#3041=EDGE_CURVE('',#2438,#2440,#1095,.T.);
#3042=EDGE_CURVE('',#2441,#2254,#1096,.T.);
#3043=EDGE_CURVE('',#2440,#2441,#1097,.T.);
#3044=EDGE_CURVE('',#2441,#2439,#1098,.T.);
#3045=EDGE_CURVE('',#2231,#2299,#1099,.T.);
#3046=EDGE_CURVE('',#2232,#2298,#1100,.T.);
#3047=EDGE_CURVE('',#2442,#2437,#1101,.T.);
#3048=EDGE_CURVE('',#2303,#2442,#1102,.T.);
#3049=EDGE_CURVE('',#2443,#2322,#1103,.T.);
#3050=EDGE_CURVE('',#2436,#2443,#1104,.T.);
#3051=EDGE_CURVE('',#2220,#2442,#1105,.T.);
#3052=EDGE_CURVE('',#2443,#2444,#1106,.T.);
#3053=EDGE_CURVE('',#2201,#2444,#1107,.T.);
#3054=EDGE_CURVE('',#2444,#2330,#1108,.T.);
#3055=EDGE_CURVE('',#2445,#2446,#1109,.T.);
#3056=EDGE_CURVE('',#2446,#2447,#1110,.T.);
#3057=EDGE_CURVE('',#2447,#2448,#1111,.T.);
#3058=EDGE_CURVE('',#2445,#2448,#1112,.T.);
#3059=EDGE_CURVE('',#2446,#2449,#1113,.T.);
#3060=EDGE_CURVE('',#2449,#2450,#1114,.T.);
#3061=EDGE_CURVE('',#2450,#2447,#1115,.T.);
#3062=EDGE_CURVE('',#2449,#2451,#1116,.T.);
#3063=EDGE_CURVE('',#2451,#2452,#1117,.T.);
#3064=EDGE_CURVE('',#2452,#2450,#1118,.T.);
#3065=EDGE_CURVE('',#2448,#2452,#1119,.T.);
#3066=EDGE_CURVE('',#2451,#2445,#1120,.T.);
#3067=EDGE_CURVE('',#2453,#2448,#1121,.T.);
#3068=EDGE_CURVE('',#2454,#2453,#33,.T.);
#3069=EDGE_CURVE('',#2455,#2454,#1122,.T.);
#3070=EDGE_CURVE('',#2456,#2455,#1123,.T.);
#3071=EDGE_CURVE('',#2456,#2457,#1124,.T.);
#3072=EDGE_CURVE('',#2457,#2458,#34,.T.);
#3073=EDGE_CURVE('',#2458,#2452,#1125,.T.);
#3074=EDGE_CURVE('',#2459,#2447,#1126,.T.);
#3075=EDGE_CURVE('',#2459,#2453,#1127,.T.);
#3076=EDGE_CURVE('',#2460,#2461,#1128,.T.);
#3077=EDGE_CURVE('',#2461,#2462,#1129,.T.);
#3078=EDGE_CURVE('',#2462,#2463,#1130,.T.);
#3079=EDGE_CURVE('',#2460,#2463,#1131,.T.);
#3080=EDGE_CURVE('',#2461,#2456,#1132,.T.);
#3081=EDGE_CURVE('',#2456,#2464,#1133,.T.);
#3082=EDGE_CURVE('',#2464,#2462,#1134,.T.);
#3083=EDGE_CURVE('',#2463,#2465,#1135,.T.);
#3084=EDGE_CURVE('',#2465,#2455,#1136,.T.);
#3085=EDGE_CURVE('',#2455,#2460,#1137,.T.);
#3086=EDGE_CURVE('',#2465,#2464,#1138,.T.);
#3087=EDGE_CURVE('',#2461,#2466,#1139,.T.);
#3088=EDGE_CURVE('',#2457,#2466,#1140,.T.);
#3089=EDGE_CURVE('',#2467,#2450,#1141,.T.);
#3090=EDGE_CURVE('',#2466,#2467,#35,.T.);
#3091=EDGE_CURVE('',#2460,#2468,#1142,.T.);
#3092=EDGE_CURVE('',#2468,#2459,#36,.T.);
#3093=EDGE_CURVE('',#2458,#2467,#1143,.T.);
#3094=EDGE_CURVE('',#2468,#2454,#1144,.T.);
#3095=EDGE_CURVE('',#2469,#2470,#1145,.T.);
#3096=EDGE_CURVE('',#2470,#2471,#1146,.T.);
#3097=EDGE_CURVE('',#2471,#2472,#1147,.T.);
#3098=EDGE_CURVE('',#2469,#2472,#1148,.T.);
#3099=EDGE_CURVE('',#2470,#2473,#1149,.T.);
#3100=EDGE_CURVE('',#2473,#2474,#1150,.T.);
#3101=EDGE_CURVE('',#2474,#2471,#1151,.T.);
#3102=EDGE_CURVE('',#2473,#2475,#1152,.T.);
#3103=EDGE_CURVE('',#2475,#2476,#1153,.T.);
#3104=EDGE_CURVE('',#2476,#2474,#1154,.T.);
#3105=EDGE_CURVE('',#2472,#2476,#1155,.T.);
#3106=EDGE_CURVE('',#2475,#2469,#1156,.T.);
#3107=EDGE_CURVE('',#2477,#2472,#1157,.T.);
#3108=EDGE_CURVE('',#2478,#2477,#37,.T.);
#3109=EDGE_CURVE('',#2479,#2478,#1158,.T.);
#3110=EDGE_CURVE('',#2480,#2479,#1159,.T.);
#3111=EDGE_CURVE('',#2480,#2481,#1160,.T.);
#3112=EDGE_CURVE('',#2481,#2482,#38,.T.);
#3113=EDGE_CURVE('',#2482,#2476,#1161,.T.);
#3114=EDGE_CURVE('',#2483,#2471,#1162,.T.);
#3115=EDGE_CURVE('',#2483,#2477,#1163,.T.);
#3116=EDGE_CURVE('',#2484,#2485,#1164,.T.);
#3117=EDGE_CURVE('',#2485,#2486,#1165,.T.);
#3118=EDGE_CURVE('',#2486,#2487,#1166,.T.);
#3119=EDGE_CURVE('',#2484,#2487,#1167,.T.);
#3120=EDGE_CURVE('',#2485,#2480,#1168,.T.);
#3121=EDGE_CURVE('',#2480,#2488,#1169,.T.);
#3122=EDGE_CURVE('',#2488,#2486,#1170,.T.);
#3123=EDGE_CURVE('',#2487,#2489,#1171,.T.);
#3124=EDGE_CURVE('',#2489,#2479,#1172,.T.);
#3125=EDGE_CURVE('',#2479,#2484,#1173,.T.);
#3126=EDGE_CURVE('',#2489,#2488,#1174,.T.);
#3127=EDGE_CURVE('',#2485,#2490,#1175,.T.);
#3128=EDGE_CURVE('',#2481,#2490,#1176,.T.);
#3129=EDGE_CURVE('',#2491,#2474,#1177,.T.);
#3130=EDGE_CURVE('',#2490,#2491,#39,.T.);
#3131=EDGE_CURVE('',#2484,#2492,#1178,.T.);
#3132=EDGE_CURVE('',#2492,#2483,#40,.T.);
#3133=EDGE_CURVE('',#2482,#2491,#1179,.T.);
#3134=EDGE_CURVE('',#2492,#2478,#1180,.T.);
#3135=EDGE_CURVE('',#2493,#2494,#1181,.T.);
#3136=EDGE_CURVE('',#2494,#2495,#1182,.T.);
#3137=EDGE_CURVE('',#2495,#2496,#1183,.T.);
#3138=EDGE_CURVE('',#2493,#2496,#1184,.T.);
#3139=EDGE_CURVE('',#2494,#2497,#1185,.T.);
#3140=EDGE_CURVE('',#2497,#2498,#1186,.T.);
#3141=EDGE_CURVE('',#2498,#2495,#1187,.T.);
#3142=EDGE_CURVE('',#2497,#2499,#1188,.T.);
#3143=EDGE_CURVE('',#2499,#2500,#1189,.T.);
#3144=EDGE_CURVE('',#2500,#2498,#1190,.T.);
#3145=EDGE_CURVE('',#2496,#2500,#1191,.T.);
#3146=EDGE_CURVE('',#2499,#2493,#1192,.T.);
#3147=EDGE_CURVE('',#2501,#2496,#1193,.T.);
#3148=EDGE_CURVE('',#2502,#2501,#41,.T.);
#3149=EDGE_CURVE('',#2503,#2502,#1194,.T.);
#3150=EDGE_CURVE('',#2504,#2503,#1195,.T.);
#3151=EDGE_CURVE('',#2504,#2505,#1196,.T.);
#3152=EDGE_CURVE('',#2505,#2506,#42,.T.);
#3153=EDGE_CURVE('',#2506,#2500,#1197,.T.);
#3154=EDGE_CURVE('',#2507,#2495,#1198,.T.);
#3155=EDGE_CURVE('',#2507,#2501,#1199,.T.);
#3156=EDGE_CURVE('',#2508,#2509,#1200,.T.);
#3157=EDGE_CURVE('',#2509,#2510,#1201,.T.);
#3158=EDGE_CURVE('',#2510,#2511,#1202,.T.);
#3159=EDGE_CURVE('',#2508,#2511,#1203,.T.);
#3160=EDGE_CURVE('',#2509,#2504,#1204,.T.);
#3161=EDGE_CURVE('',#2504,#2512,#1205,.T.);
#3162=EDGE_CURVE('',#2512,#2510,#1206,.T.);
#3163=EDGE_CURVE('',#2511,#2513,#1207,.T.);
#3164=EDGE_CURVE('',#2513,#2503,#1208,.T.);
#3165=EDGE_CURVE('',#2503,#2508,#1209,.T.);
#3166=EDGE_CURVE('',#2513,#2512,#1210,.T.);
#3167=EDGE_CURVE('',#2509,#2514,#1211,.T.);
#3168=EDGE_CURVE('',#2505,#2514,#1212,.T.);
#3169=EDGE_CURVE('',#2515,#2498,#1213,.T.);
#3170=EDGE_CURVE('',#2514,#2515,#43,.T.);
#3171=EDGE_CURVE('',#2508,#2516,#1214,.T.);
#3172=EDGE_CURVE('',#2516,#2507,#44,.T.);
#3173=EDGE_CURVE('',#2506,#2515,#1215,.T.);
#3174=EDGE_CURVE('',#2516,#2502,#1216,.T.);
#3175=EDGE_CURVE('',#2517,#2518,#1217,.T.);
#3176=EDGE_CURVE('',#2518,#2519,#1218,.T.);
#3177=EDGE_CURVE('',#2519,#2520,#1219,.T.);
#3178=EDGE_CURVE('',#2517,#2520,#1220,.T.);
#3179=EDGE_CURVE('',#2518,#2521,#1221,.T.);
#3180=EDGE_CURVE('',#2521,#2522,#1222,.T.);
#3181=EDGE_CURVE('',#2522,#2519,#1223,.T.);
#3182=EDGE_CURVE('',#2521,#2523,#1224,.T.);
#3183=EDGE_CURVE('',#2523,#2524,#1225,.T.);
#3184=EDGE_CURVE('',#2524,#2522,#1226,.T.);
#3185=EDGE_CURVE('',#2520,#2524,#1227,.T.);
#3186=EDGE_CURVE('',#2523,#2517,#1228,.T.);
#3187=EDGE_CURVE('',#2525,#2520,#1229,.T.);
#3188=EDGE_CURVE('',#2526,#2525,#45,.T.);
#3189=EDGE_CURVE('',#2527,#2526,#1230,.T.);
#3190=EDGE_CURVE('',#2528,#2527,#1231,.T.);
#3191=EDGE_CURVE('',#2528,#2529,#1232,.T.);
#3192=EDGE_CURVE('',#2529,#2530,#46,.T.);
#3193=EDGE_CURVE('',#2530,#2524,#1233,.T.);
#3194=EDGE_CURVE('',#2531,#2519,#1234,.T.);
#3195=EDGE_CURVE('',#2531,#2525,#1235,.T.);
#3196=EDGE_CURVE('',#2532,#2533,#1236,.T.);
#3197=EDGE_CURVE('',#2533,#2534,#1237,.T.);
#3198=EDGE_CURVE('',#2534,#2535,#1238,.T.);
#3199=EDGE_CURVE('',#2532,#2535,#1239,.T.);
#3200=EDGE_CURVE('',#2533,#2528,#1240,.T.);
#3201=EDGE_CURVE('',#2528,#2536,#1241,.T.);
#3202=EDGE_CURVE('',#2536,#2534,#1242,.T.);
#3203=EDGE_CURVE('',#2535,#2537,#1243,.T.);
#3204=EDGE_CURVE('',#2537,#2527,#1244,.T.);
#3205=EDGE_CURVE('',#2527,#2532,#1245,.T.);
#3206=EDGE_CURVE('',#2537,#2536,#1246,.T.);
#3207=EDGE_CURVE('',#2533,#2538,#1247,.T.);
#3208=EDGE_CURVE('',#2529,#2538,#1248,.T.);
#3209=EDGE_CURVE('',#2539,#2522,#1249,.T.);
#3210=EDGE_CURVE('',#2538,#2539,#47,.T.);
#3211=EDGE_CURVE('',#2532,#2540,#1250,.T.);
#3212=EDGE_CURVE('',#2540,#2531,#48,.T.);
#3213=EDGE_CURVE('',#2530,#2539,#1251,.T.);
#3214=EDGE_CURVE('',#2540,#2526,#1252,.T.);
#3215=EDGE_CURVE('',#2541,#2542,#1253,.T.);
#3216=EDGE_CURVE('',#2542,#2543,#1254,.T.);
#3217=EDGE_CURVE('',#2543,#2544,#1255,.T.);
#3218=EDGE_CURVE('',#2541,#2544,#1256,.T.);
#3219=EDGE_CURVE('',#2542,#2545,#1257,.T.);
#3220=EDGE_CURVE('',#2545,#2546,#1258,.T.);
#3221=EDGE_CURVE('',#2546,#2543,#1259,.T.);
#3222=EDGE_CURVE('',#2545,#2547,#1260,.T.);
#3223=EDGE_CURVE('',#2547,#2548,#1261,.T.);
#3224=EDGE_CURVE('',#2548,#2546,#1262,.T.);
#3225=EDGE_CURVE('',#2544,#2548,#1263,.T.);
#3226=EDGE_CURVE('',#2547,#2541,#1264,.T.);
#3227=EDGE_CURVE('',#2549,#2544,#1265,.T.);
#3228=EDGE_CURVE('',#2550,#2549,#49,.T.);
#3229=EDGE_CURVE('',#2551,#2550,#1266,.T.);
#3230=EDGE_CURVE('',#2552,#2551,#1267,.T.);
#3231=EDGE_CURVE('',#2552,#2553,#1268,.T.);
#3232=EDGE_CURVE('',#2553,#2554,#50,.T.);
#3233=EDGE_CURVE('',#2554,#2548,#1269,.T.);
#3234=EDGE_CURVE('',#2555,#2543,#1270,.T.);
#3235=EDGE_CURVE('',#2555,#2549,#1271,.T.);
#3236=EDGE_CURVE('',#2556,#2557,#1272,.T.);
#3237=EDGE_CURVE('',#2557,#2558,#1273,.T.);
#3238=EDGE_CURVE('',#2558,#2559,#1274,.T.);
#3239=EDGE_CURVE('',#2556,#2559,#1275,.T.);
#3240=EDGE_CURVE('',#2557,#2552,#1276,.T.);
#3241=EDGE_CURVE('',#2552,#2560,#1277,.T.);
#3242=EDGE_CURVE('',#2560,#2558,#1278,.T.);
#3243=EDGE_CURVE('',#2559,#2561,#1279,.T.);
#3244=EDGE_CURVE('',#2561,#2551,#1280,.T.);
#3245=EDGE_CURVE('',#2551,#2556,#1281,.T.);
#3246=EDGE_CURVE('',#2561,#2560,#1282,.T.);
#3247=EDGE_CURVE('',#2557,#2562,#1283,.T.);
#3248=EDGE_CURVE('',#2553,#2562,#1284,.T.);
#3249=EDGE_CURVE('',#2563,#2546,#1285,.T.);
#3250=EDGE_CURVE('',#2562,#2563,#51,.T.);
#3251=EDGE_CURVE('',#2556,#2564,#1286,.T.);
#3252=EDGE_CURVE('',#2564,#2555,#52,.T.);
#3253=EDGE_CURVE('',#2554,#2563,#1287,.T.);
#3254=EDGE_CURVE('',#2564,#2550,#1288,.T.);
#3255=EDGE_CURVE('',#2565,#2566,#1289,.T.);
#3256=EDGE_CURVE('',#2566,#2567,#1290,.T.);
#3257=EDGE_CURVE('',#2567,#2568,#1291,.T.);
#3258=EDGE_CURVE('',#2565,#2568,#1292,.T.);
#3259=EDGE_CURVE('',#2566,#2569,#1293,.T.);
#3260=EDGE_CURVE('',#2569,#2570,#1294,.T.);
#3261=EDGE_CURVE('',#2570,#2567,#1295,.T.);
#3262=EDGE_CURVE('',#2569,#2571,#1296,.T.);
#3263=EDGE_CURVE('',#2571,#2572,#1297,.T.);
#3264=EDGE_CURVE('',#2572,#2570,#1298,.T.);
#3265=EDGE_CURVE('',#2568,#2572,#1299,.T.);
#3266=EDGE_CURVE('',#2571,#2565,#1300,.T.);
#3267=EDGE_CURVE('',#2573,#2568,#1301,.T.);
#3268=EDGE_CURVE('',#2574,#2573,#53,.T.);
#3269=EDGE_CURVE('',#2575,#2574,#1302,.T.);
#3270=EDGE_CURVE('',#2576,#2575,#1303,.T.);
#3271=EDGE_CURVE('',#2576,#2577,#1304,.T.);
#3272=EDGE_CURVE('',#2577,#2578,#54,.T.);
#3273=EDGE_CURVE('',#2578,#2572,#1305,.T.);
#3274=EDGE_CURVE('',#2579,#2567,#1306,.T.);
#3275=EDGE_CURVE('',#2579,#2573,#1307,.T.);
#3276=EDGE_CURVE('',#2580,#2581,#1308,.T.);
#3277=EDGE_CURVE('',#2581,#2582,#1309,.T.);
#3278=EDGE_CURVE('',#2582,#2583,#1310,.T.);
#3279=EDGE_CURVE('',#2580,#2583,#1311,.T.);
#3280=EDGE_CURVE('',#2581,#2576,#1312,.T.);
#3281=EDGE_CURVE('',#2576,#2584,#1313,.T.);
#3282=EDGE_CURVE('',#2584,#2582,#1314,.T.);
#3283=EDGE_CURVE('',#2583,#2585,#1315,.T.);
#3284=EDGE_CURVE('',#2585,#2575,#1316,.T.);
#3285=EDGE_CURVE('',#2575,#2580,#1317,.T.);
#3286=EDGE_CURVE('',#2585,#2584,#1318,.T.);
#3287=EDGE_CURVE('',#2581,#2586,#1319,.T.);
#3288=EDGE_CURVE('',#2577,#2586,#1320,.T.);
#3289=EDGE_CURVE('',#2587,#2570,#1321,.T.);
#3290=EDGE_CURVE('',#2586,#2587,#55,.T.);
#3291=EDGE_CURVE('',#2580,#2588,#1322,.T.);
#3292=EDGE_CURVE('',#2588,#2579,#56,.T.);
#3293=EDGE_CURVE('',#2578,#2587,#1323,.T.);
#3294=EDGE_CURVE('',#2588,#2574,#1324,.T.);
#3295=EDGE_CURVE('',#2589,#2590,#1325,.T.);
#3296=EDGE_CURVE('',#2590,#2591,#1326,.T.);
#3297=EDGE_CURVE('',#2591,#2592,#1327,.T.);
#3298=EDGE_CURVE('',#2589,#2592,#1328,.T.);
#3299=EDGE_CURVE('',#2590,#2593,#1329,.T.);
#3300=EDGE_CURVE('',#2593,#2594,#1330,.T.);
#3301=EDGE_CURVE('',#2594,#2591,#1331,.T.);
#3302=EDGE_CURVE('',#2593,#2595,#1332,.T.);
#3303=EDGE_CURVE('',#2595,#2596,#1333,.T.);
#3304=EDGE_CURVE('',#2596,#2594,#1334,.T.);
#3305=EDGE_CURVE('',#2592,#2596,#1335,.T.);
#3306=EDGE_CURVE('',#2595,#2589,#1336,.T.);
#3307=EDGE_CURVE('',#2597,#2592,#1337,.T.);
#3308=EDGE_CURVE('',#2598,#2597,#57,.T.);
#3309=EDGE_CURVE('',#2599,#2598,#1338,.T.);
#3310=EDGE_CURVE('',#2600,#2599,#1339,.T.);
#3311=EDGE_CURVE('',#2600,#2601,#1340,.T.);
#3312=EDGE_CURVE('',#2601,#2602,#58,.T.);
#3313=EDGE_CURVE('',#2602,#2596,#1341,.T.);
#3314=EDGE_CURVE('',#2603,#2591,#1342,.T.);
#3315=EDGE_CURVE('',#2603,#2597,#1343,.T.);
#3316=EDGE_CURVE('',#2604,#2605,#1344,.T.);
#3317=EDGE_CURVE('',#2605,#2606,#1345,.T.);
#3318=EDGE_CURVE('',#2606,#2607,#1346,.T.);
#3319=EDGE_CURVE('',#2604,#2607,#1347,.T.);
#3320=EDGE_CURVE('',#2605,#2600,#1348,.T.);
#3321=EDGE_CURVE('',#2600,#2608,#1349,.T.);
#3322=EDGE_CURVE('',#2608,#2606,#1350,.T.);
#3323=EDGE_CURVE('',#2607,#2609,#1351,.T.);
#3324=EDGE_CURVE('',#2609,#2599,#1352,.T.);
#3325=EDGE_CURVE('',#2599,#2604,#1353,.T.);
#3326=EDGE_CURVE('',#2609,#2608,#1354,.T.);
#3327=EDGE_CURVE('',#2605,#2610,#1355,.T.);
#3328=EDGE_CURVE('',#2601,#2610,#1356,.T.);
#3329=EDGE_CURVE('',#2611,#2594,#1357,.T.);
#3330=EDGE_CURVE('',#2610,#2611,#59,.T.);
#3331=EDGE_CURVE('',#2604,#2612,#1358,.T.);
#3332=EDGE_CURVE('',#2612,#2603,#60,.T.);
#3333=EDGE_CURVE('',#2602,#2611,#1359,.T.);
#3334=EDGE_CURVE('',#2612,#2598,#1360,.T.);
#3335=EDGE_CURVE('',#2613,#2614,#1361,.T.);
#3336=EDGE_CURVE('',#2614,#2615,#1362,.T.);
#3337=EDGE_CURVE('',#2615,#2616,#1363,.T.);
#3338=EDGE_CURVE('',#2613,#2616,#1364,.T.);
#3339=EDGE_CURVE('',#2614,#2617,#1365,.T.);
#3340=EDGE_CURVE('',#2617,#2618,#1366,.T.);
#3341=EDGE_CURVE('',#2618,#2615,#1367,.T.);
#3342=EDGE_CURVE('',#2617,#2619,#1368,.T.);
#3343=EDGE_CURVE('',#2619,#2620,#1369,.T.);
#3344=EDGE_CURVE('',#2620,#2618,#1370,.T.);
#3345=EDGE_CURVE('',#2616,#2620,#1371,.T.);
#3346=EDGE_CURVE('',#2619,#2613,#1372,.T.);
#3347=EDGE_CURVE('',#2621,#2616,#1373,.T.);
#3348=EDGE_CURVE('',#2622,#2621,#61,.T.);
#3349=EDGE_CURVE('',#2623,#2622,#1374,.T.);
#3350=EDGE_CURVE('',#2624,#2623,#1375,.T.);
#3351=EDGE_CURVE('',#2624,#2625,#1376,.T.);
#3352=EDGE_CURVE('',#2625,#2626,#62,.T.);
#3353=EDGE_CURVE('',#2626,#2620,#1377,.T.);
#3354=EDGE_CURVE('',#2627,#2615,#1378,.T.);
#3355=EDGE_CURVE('',#2627,#2621,#1379,.T.);
#3356=EDGE_CURVE('',#2628,#2629,#1380,.T.);
#3357=EDGE_CURVE('',#2629,#2630,#1381,.T.);
#3358=EDGE_CURVE('',#2630,#2631,#1382,.T.);
#3359=EDGE_CURVE('',#2628,#2631,#1383,.T.);
#3360=EDGE_CURVE('',#2629,#2624,#1384,.T.);
#3361=EDGE_CURVE('',#2624,#2632,#1385,.T.);
#3362=EDGE_CURVE('',#2632,#2630,#1386,.T.);
#3363=EDGE_CURVE('',#2631,#2633,#1387,.T.);
#3364=EDGE_CURVE('',#2633,#2623,#1388,.T.);
#3365=EDGE_CURVE('',#2623,#2628,#1389,.T.);
#3366=EDGE_CURVE('',#2633,#2632,#1390,.T.);
#3367=EDGE_CURVE('',#2629,#2634,#1391,.T.);
#3368=EDGE_CURVE('',#2625,#2634,#1392,.T.);
#3369=EDGE_CURVE('',#2635,#2618,#1393,.T.);
#3370=EDGE_CURVE('',#2634,#2635,#63,.T.);
#3371=EDGE_CURVE('',#2628,#2636,#1394,.T.);
#3372=EDGE_CURVE('',#2636,#2627,#64,.T.);
#3373=EDGE_CURVE('',#2626,#2635,#1395,.T.);
#3374=EDGE_CURVE('',#2636,#2622,#1396,.T.);
#3375=EDGE_CURVE('',#2637,#2638,#1397,.T.);
#3376=EDGE_CURVE('',#2638,#2639,#1398,.T.);
#3377=EDGE_CURVE('',#2639,#2640,#1399,.T.);
#3378=EDGE_CURVE('',#2637,#2640,#1400,.T.);
#3379=EDGE_CURVE('',#2638,#2641,#1401,.T.);
#3380=EDGE_CURVE('',#2641,#2642,#1402,.T.);
#3381=EDGE_CURVE('',#2642,#2639,#1403,.T.);
#3382=EDGE_CURVE('',#2641,#2643,#1404,.T.);
#3383=EDGE_CURVE('',#2643,#2644,#1405,.T.);
#3384=EDGE_CURVE('',#2644,#2642,#1406,.T.);
#3385=EDGE_CURVE('',#2640,#2644,#1407,.T.);
#3386=EDGE_CURVE('',#2643,#2637,#1408,.T.);
#3387=EDGE_CURVE('',#2645,#2640,#1409,.T.);
#3388=EDGE_CURVE('',#2646,#2645,#65,.T.);
#3389=EDGE_CURVE('',#2647,#2646,#1410,.T.);
#3390=EDGE_CURVE('',#2648,#2647,#1411,.T.);
#3391=EDGE_CURVE('',#2648,#2649,#1412,.T.);
#3392=EDGE_CURVE('',#2649,#2650,#66,.T.);
#3393=EDGE_CURVE('',#2650,#2644,#1413,.T.);
#3394=EDGE_CURVE('',#2651,#2639,#1414,.T.);
#3395=EDGE_CURVE('',#2651,#2645,#1415,.T.);
#3396=EDGE_CURVE('',#2652,#2653,#1416,.T.);
#3397=EDGE_CURVE('',#2653,#2654,#1417,.T.);
#3398=EDGE_CURVE('',#2654,#2655,#1418,.T.);
#3399=EDGE_CURVE('',#2652,#2655,#1419,.T.);
#3400=EDGE_CURVE('',#2653,#2648,#1420,.T.);
#3401=EDGE_CURVE('',#2648,#2656,#1421,.T.);
#3402=EDGE_CURVE('',#2656,#2654,#1422,.T.);
#3403=EDGE_CURVE('',#2655,#2657,#1423,.T.);
#3404=EDGE_CURVE('',#2657,#2647,#1424,.T.);
#3405=EDGE_CURVE('',#2647,#2652,#1425,.T.);
#3406=EDGE_CURVE('',#2657,#2656,#1426,.T.);
#3407=EDGE_CURVE('',#2653,#2658,#1427,.T.);
#3408=EDGE_CURVE('',#2649,#2658,#1428,.T.);
#3409=EDGE_CURVE('',#2659,#2642,#1429,.T.);
#3410=EDGE_CURVE('',#2658,#2659,#67,.T.);
#3411=EDGE_CURVE('',#2652,#2660,#1430,.T.);
#3412=EDGE_CURVE('',#2660,#2651,#68,.T.);
#3413=EDGE_CURVE('',#2650,#2659,#1431,.T.);
#3414=EDGE_CURVE('',#2660,#2646,#1432,.T.);
#3415=EDGE_CURVE('',#2661,#2662,#1433,.T.);
#3416=EDGE_CURVE('',#2662,#2663,#1434,.T.);
#3417=EDGE_CURVE('',#2663,#2664,#1435,.T.);
#3418=EDGE_CURVE('',#2661,#2664,#1436,.T.);
#3419=EDGE_CURVE('',#2662,#2665,#1437,.T.);
#3420=EDGE_CURVE('',#2665,#2666,#1438,.T.);
#3421=EDGE_CURVE('',#2666,#2663,#1439,.T.);
#3422=EDGE_CURVE('',#2665,#2667,#1440,.T.);
#3423=EDGE_CURVE('',#2667,#2668,#1441,.T.);
#3424=EDGE_CURVE('',#2668,#2666,#1442,.T.);
#3425=EDGE_CURVE('',#2664,#2668,#1443,.T.);
#3426=EDGE_CURVE('',#2667,#2661,#1444,.T.);
#3427=EDGE_CURVE('',#2669,#2664,#1445,.T.);
#3428=EDGE_CURVE('',#2670,#2669,#69,.T.);
#3429=EDGE_CURVE('',#2671,#2670,#1446,.T.);
#3430=EDGE_CURVE('',#2672,#2671,#1447,.T.);
#3431=EDGE_CURVE('',#2672,#2673,#1448,.T.);
#3432=EDGE_CURVE('',#2673,#2674,#70,.T.);
#3433=EDGE_CURVE('',#2674,#2668,#1449,.T.);
#3434=EDGE_CURVE('',#2675,#2663,#1450,.T.);
#3435=EDGE_CURVE('',#2675,#2669,#1451,.T.);
#3436=EDGE_CURVE('',#2676,#2677,#1452,.T.);
#3437=EDGE_CURVE('',#2677,#2678,#1453,.T.);
#3438=EDGE_CURVE('',#2678,#2679,#1454,.T.);
#3439=EDGE_CURVE('',#2676,#2679,#1455,.T.);
#3440=EDGE_CURVE('',#2677,#2672,#1456,.T.);
#3441=EDGE_CURVE('',#2672,#2680,#1457,.T.);
#3442=EDGE_CURVE('',#2680,#2678,#1458,.T.);
#3443=EDGE_CURVE('',#2679,#2681,#1459,.T.);
#3444=EDGE_CURVE('',#2681,#2671,#1460,.T.);
#3445=EDGE_CURVE('',#2671,#2676,#1461,.T.);
#3446=EDGE_CURVE('',#2681,#2680,#1462,.T.);
#3447=EDGE_CURVE('',#2677,#2682,#1463,.T.);
#3448=EDGE_CURVE('',#2673,#2682,#1464,.T.);
#3449=EDGE_CURVE('',#2683,#2666,#1465,.T.);
#3450=EDGE_CURVE('',#2682,#2683,#71,.T.);
#3451=EDGE_CURVE('',#2676,#2684,#1466,.T.);
#3452=EDGE_CURVE('',#2684,#2675,#72,.T.);
#3453=EDGE_CURVE('',#2674,#2683,#1467,.T.);
#3454=EDGE_CURVE('',#2684,#2670,#1468,.T.);
#3455=ORIENTED_EDGE('',*,*,#2685,.F.);
#3456=ORIENTED_EDGE('',*,*,#2686,.F.);
#3457=ORIENTED_EDGE('',*,*,#2687,.F.);
#3458=ORIENTED_EDGE('',*,*,#2688,.T.);
#3459=ORIENTED_EDGE('',*,*,#2689,.F.);
#3460=ORIENTED_EDGE('',*,*,#2688,.F.);
#3461=ORIENTED_EDGE('',*,*,#2690,.F.);
#3462=ORIENTED_EDGE('',*,*,#2691,.T.);
#3463=ORIENTED_EDGE('',*,*,#2692,.F.);
#3464=ORIENTED_EDGE('',*,*,#2691,.F.);
#3465=ORIENTED_EDGE('',*,*,#2693,.F.);
#3466=ORIENTED_EDGE('',*,*,#2694,.F.);
#3467=ORIENTED_EDGE('',*,*,#2695,.F.);
#3468=ORIENTED_EDGE('',*,*,#2696,.F.);
#3469=ORIENTED_EDGE('',*,*,#2697,.F.);
#3470=ORIENTED_EDGE('',*,*,#2698,.F.);
#3471=ORIENTED_EDGE('',*,*,#2699,.F.);
#3472=ORIENTED_EDGE('',*,*,#2698,.T.);
#3473=ORIENTED_EDGE('',*,*,#2700,.F.);
#3474=ORIENTED_EDGE('',*,*,#2701,.F.);
#3475=ORIENTED_EDGE('',*,*,#2702,.F.);
#3476=ORIENTED_EDGE('',*,*,#2701,.T.);
#3477=ORIENTED_EDGE('',*,*,#2703,.F.);
#3478=ORIENTED_EDGE('',*,*,#2704,.F.);
#3479=ORIENTED_EDGE('',*,*,#2703,.T.);
#3480=ORIENTED_EDGE('',*,*,#2700,.T.);
#3481=ORIENTED_EDGE('',*,*,#2697,.T.);
#3482=ORIENTED_EDGE('',*,*,#2705,.T.);
#3483=ORIENTED_EDGE('',*,*,#2706,.T.);
#3484=ORIENTED_EDGE('',*,*,#2707,.T.);
#3485=ORIENTED_EDGE('',*,*,#2708,.T.);
#3486=ORIENTED_EDGE('',*,*,#2709,.T.);
#3487=ORIENTED_EDGE('',*,*,#2710,.T.);
#3488=ORIENTED_EDGE('',*,*,#2711,.T.);
#3489=ORIENTED_EDGE('',*,*,#2696,.T.);
#3490=ORIENTED_EDGE('',*,*,#2712,.T.);
#3491=ORIENTED_EDGE('',*,*,#2713,.T.);
#3492=ORIENTED_EDGE('',*,*,#2714,.T.);
#3493=ORIENTED_EDGE('',*,*,#2715,.F.);
#3494=ORIENTED_EDGE('',*,*,#2705,.F.);
#3495=ORIENTED_EDGE('',*,*,#2694,.T.);
#3496=ORIENTED_EDGE('',*,*,#2716,.F.);
#3497=ORIENTED_EDGE('',*,*,#2717,.F.);
#3498=ORIENTED_EDGE('',*,*,#2718,.T.);
#3499=ORIENTED_EDGE('',*,*,#2719,.T.);
#3500=ORIENTED_EDGE('',*,*,#2720,.T.);
#3501=ORIENTED_EDGE('',*,*,#2685,.T.);
#3502=ORIENTED_EDGE('',*,*,#2689,.T.);
#3503=ORIENTED_EDGE('',*,*,#2692,.T.);
#3504=ORIENTED_EDGE('',*,*,#2720,.F.);
#3505=ORIENTED_EDGE('',*,*,#2721,.F.);
#3506=ORIENTED_EDGE('',*,*,#2722,.T.);
#3507=ORIENTED_EDGE('',*,*,#2723,.T.);
#3508=ORIENTED_EDGE('',*,*,#2724,.F.);
#3509=ORIENTED_EDGE('',*,*,#2725,.T.);
#3510=ORIENTED_EDGE('',*,*,#2726,.F.);
#3511=ORIENTED_EDGE('',*,*,#2727,.F.);
#3512=ORIENTED_EDGE('',*,*,#2728,.F.);
#3513=ORIENTED_EDGE('',*,*,#2729,.F.);
#3514=ORIENTED_EDGE('',*,*,#2714,.F.);
#3515=ORIENTED_EDGE('',*,*,#2730,.F.);
#3516=ORIENTED_EDGE('',*,*,#2731,.F.);
#3517=ORIENTED_EDGE('',*,*,#2732,.F.);
#3518=ORIENTED_EDGE('',*,*,#2733,.F.);
#3519=ORIENTED_EDGE('',*,*,#2734,.T.);
#3520=ORIENTED_EDGE('',*,*,#2735,.F.);
#3521=ORIENTED_EDGE('',*,*,#2736,.F.);
#3522=ORIENTED_EDGE('',*,*,#2732,.T.);
#3523=ORIENTED_EDGE('',*,*,#2737,.F.);
#3524=ORIENTED_EDGE('',*,*,#2738,.F.);
#3525=ORIENTED_EDGE('',*,*,#2739,.F.);
#3526=ORIENTED_EDGE('',*,*,#2740,.F.);
#3527=ORIENTED_EDGE('',*,*,#2734,.F.);
#3528=ORIENTED_EDGE('',*,*,#2741,.F.);
#3529=ORIENTED_EDGE('',*,*,#2742,.F.);
#3530=ORIENTED_EDGE('',*,*,#2743,.F.);
#3531=ORIENTED_EDGE('',*,*,#2744,.F.);
#3532=ORIENTED_EDGE('',*,*,#2745,.F.);
#3533=ORIENTED_EDGE('',*,*,#2743,.T.);
#3534=ORIENTED_EDGE('',*,*,#2746,.F.);
#3535=ORIENTED_EDGE('',*,*,#2747,.F.);
#3536=ORIENTED_EDGE('',*,*,#2748,.F.);
#3537=ORIENTED_EDGE('',*,*,#2737,.T.);
#3538=ORIENTED_EDGE('',*,*,#2731,.T.);
#3539=ORIENTED_EDGE('',*,*,#2746,.T.);
#3540=ORIENTED_EDGE('',*,*,#2742,.T.);
#3541=ORIENTED_EDGE('',*,*,#2749,.F.);
#3542=ORIENTED_EDGE('',*,*,#2750,.T.);
#3543=ORIENTED_EDGE('',*,*,#2751,.F.);
#3544=ORIENTED_EDGE('',*,*,#2752,.F.);
#3545=ORIENTED_EDGE('',*,*,#2753,.F.);
#3546=ORIENTED_EDGE('',*,*,#2754,.F.);
#3547=ORIENTED_EDGE('',*,*,#2755,.F.);
#3548=ORIENTED_EDGE('',*,*,#2756,.F.);
#3549=ORIENTED_EDGE('',*,*,#2729,.T.);
#3550=ORIENTED_EDGE('',*,*,#2757,.T.);
#3551=ORIENTED_EDGE('',*,*,#2758,.T.);
#3552=ORIENTED_EDGE('',*,*,#2717,.T.);
#3553=ORIENTED_EDGE('',*,*,#2759,.F.);
#3554=ORIENTED_EDGE('',*,*,#2760,.F.);
#3555=ORIENTED_EDGE('',*,*,#2761,.T.);
#3556=ORIENTED_EDGE('',*,*,#2762,.T.);
#3557=ORIENTED_EDGE('',*,*,#2763,.T.);
#3558=ORIENTED_EDGE('',*,*,#2764,.T.);
#3559=ORIENTED_EDGE('',*,*,#2765,.T.);
#3560=ORIENTED_EDGE('',*,*,#2766,.F.);
#3561=ORIENTED_EDGE('',*,*,#2767,.T.);
#3562=ORIENTED_EDGE('',*,*,#2768,.T.);
#3563=ORIENTED_EDGE('',*,*,#2769,.T.);
#3564=ORIENTED_EDGE('',*,*,#2770,.F.);
#3565=ORIENTED_EDGE('',*,*,#2771,.T.);
#3566=ORIENTED_EDGE('',*,*,#2772,.T.);
#3567=ORIENTED_EDGE('',*,*,#2773,.T.);
#3568=ORIENTED_EDGE('',*,*,#2774,.F.);
#3569=ORIENTED_EDGE('',*,*,#2775,.T.);
#3570=ORIENTED_EDGE('',*,*,#2776,.T.);
#3571=ORIENTED_EDGE('',*,*,#2777,.T.);
#3572=ORIENTED_EDGE('',*,*,#2778,.F.);
#3573=ORIENTED_EDGE('',*,*,#2779,.T.);
#3574=ORIENTED_EDGE('',*,*,#2780,.T.);
#3575=ORIENTED_EDGE('',*,*,#2781,.T.);
#3576=ORIENTED_EDGE('',*,*,#2782,.F.);
#3577=ORIENTED_EDGE('',*,*,#2783,.T.);
#3578=ORIENTED_EDGE('',*,*,#2784,.T.);
#3579=ORIENTED_EDGE('',*,*,#2785,.T.);
#3580=ORIENTED_EDGE('',*,*,#2786,.F.);
#3581=ORIENTED_EDGE('',*,*,#2787,.T.);
#3582=ORIENTED_EDGE('',*,*,#2788,.T.);
#3583=ORIENTED_EDGE('',*,*,#2789,.T.);
#3584=ORIENTED_EDGE('',*,*,#2790,.F.);
#3585=ORIENTED_EDGE('',*,*,#2791,.T.);
#3586=ORIENTED_EDGE('',*,*,#2792,.T.);
#3587=ORIENTED_EDGE('',*,*,#2793,.T.);
#3588=ORIENTED_EDGE('',*,*,#2794,.F.);
#3589=ORIENTED_EDGE('',*,*,#2795,.T.);
#3590=ORIENTED_EDGE('',*,*,#2796,.T.);
#3591=ORIENTED_EDGE('',*,*,#2797,.T.);
#3592=ORIENTED_EDGE('',*,*,#2798,.F.);
#3593=ORIENTED_EDGE('',*,*,#2799,.T.);
#3594=ORIENTED_EDGE('',*,*,#2749,.T.);
#3595=ORIENTED_EDGE('',*,*,#2741,.T.);
#3596=ORIENTED_EDGE('',*,*,#2733,.T.);
#3597=ORIENTED_EDGE('',*,*,#2736,.T.);
#3598=ORIENTED_EDGE('',*,*,#2800,.F.);
#3599=ORIENTED_EDGE('',*,*,#2706,.F.);
#3600=ORIENTED_EDGE('',*,*,#2715,.T.);
#3601=ORIENTED_EDGE('',*,*,#2702,.T.);
#3602=ORIENTED_EDGE('',*,*,#2801,.F.);
#3603=ORIENTED_EDGE('',*,*,#2802,.T.);
#3604=ORIENTED_EDGE('',*,*,#2803,.F.);
#3605=ORIENTED_EDGE('',*,*,#2744,.T.);
#3606=ORIENTED_EDGE('',*,*,#2730,.T.);
#3607=ORIENTED_EDGE('',*,*,#2804,.F.);
#3608=ORIENTED_EDGE('',*,*,#2712,.F.);
#3609=ORIENTED_EDGE('',*,*,#2695,.T.);
#3610=ORIENTED_EDGE('',*,*,#2699,.T.);
#3611=ORIENTED_EDGE('',*,*,#2708,.F.);
#3612=ORIENTED_EDGE('',*,*,#2805,.F.);
#3613=ORIENTED_EDGE('',*,*,#2806,.T.);
#3614=ORIENTED_EDGE('',*,*,#2807,.F.);
#3615=ORIENTED_EDGE('',*,*,#2808,.T.);
#3616=ORIENTED_EDGE('',*,*,#2809,.T.);
#3617=ORIENTED_EDGE('',*,*,#2810,.T.);
#3618=ORIENTED_EDGE('',*,*,#2811,.T.);
#3619=ORIENTED_EDGE('',*,*,#2709,.F.);
#3620=ORIENTED_EDGE('',*,*,#2807,.T.);
#3621=ORIENTED_EDGE('',*,*,#2812,.T.);
#3622=ORIENTED_EDGE('',*,*,#2813,.F.);
#3623=ORIENTED_EDGE('',*,*,#2812,.F.);
#3624=ORIENTED_EDGE('',*,*,#2806,.F.);
#3625=ORIENTED_EDGE('',*,*,#2814,.F.);
#3626=ORIENTED_EDGE('',*,*,#2810,.F.);
#3627=ORIENTED_EDGE('',*,*,#2815,.F.);
#3628=ORIENTED_EDGE('',*,*,#2816,.F.);
#3629=ORIENTED_EDGE('',*,*,#2817,.F.);
#3630=ORIENTED_EDGE('',*,*,#2757,.F.);
#3631=ORIENTED_EDGE('',*,*,#2728,.T.);
#3632=ORIENTED_EDGE('',*,*,#2818,.F.);
#3633=ORIENTED_EDGE('',*,*,#2718,.F.);
#3634=ORIENTED_EDGE('',*,*,#2758,.F.);
#3635=ORIENTED_EDGE('',*,*,#2817,.T.);
#3636=ORIENTED_EDGE('',*,*,#2819,.F.);
#3637=ORIENTED_EDGE('',*,*,#2820,.T.);
#3638=ORIENTED_EDGE('',*,*,#2821,.F.);
#3639=ORIENTED_EDGE('',*,*,#2763,.F.);
#3640=ORIENTED_EDGE('',*,*,#2822,.T.);
#3641=ORIENTED_EDGE('',*,*,#2823,.F.);
#3642=ORIENTED_EDGE('',*,*,#2824,.F.);
#3643=ORIENTED_EDGE('',*,*,#2822,.F.);
#3644=ORIENTED_EDGE('',*,*,#2762,.F.);
#3645=ORIENTED_EDGE('',*,*,#2825,.T.);
#3646=ORIENTED_EDGE('',*,*,#2826,.T.);
#3647=ORIENTED_EDGE('',*,*,#2722,.F.);
#3648=ORIENTED_EDGE('',*,*,#2761,.F.);
#3649=ORIENTED_EDGE('',*,*,#2827,.F.);
#3650=ORIENTED_EDGE('',*,*,#2828,.T.);
#3651=ORIENTED_EDGE('',*,*,#2825,.F.);
#3652=ORIENTED_EDGE('',*,*,#2829,.F.);
#3653=ORIENTED_EDGE('',*,*,#2723,.F.);
#3654=ORIENTED_EDGE('',*,*,#2826,.F.);
#3655=ORIENTED_EDGE('',*,*,#2828,.F.);
#3656=ORIENTED_EDGE('',*,*,#2830,.F.);
#3657=ORIENTED_EDGE('',*,*,#2831,.F.);
#3658=ORIENTED_EDGE('',*,*,#2832,.F.);
#3659=ORIENTED_EDGE('',*,*,#2820,.F.);
#3660=ORIENTED_EDGE('',*,*,#2821,.T.);
#3661=ORIENTED_EDGE('',*,*,#2832,.T.);
#3662=ORIENTED_EDGE('',*,*,#2833,.T.);
#3663=ORIENTED_EDGE('',*,*,#2834,.F.);
#3664=ORIENTED_EDGE('',*,*,#2835,.F.);
#3665=ORIENTED_EDGE('',*,*,#2764,.F.);
#3666=ORIENTED_EDGE('',*,*,#2836,.F.);
#3667=ORIENTED_EDGE('',*,*,#2837,.F.);
#3668=ORIENTED_EDGE('',*,*,#2838,.F.);
#3669=ORIENTED_EDGE('',*,*,#2839,.F.);
#3670=ORIENTED_EDGE('',*,*,#2727,.T.);
#3671=ORIENTED_EDGE('',*,*,#2713,.F.);
#3672=ORIENTED_EDGE('',*,*,#2804,.T.);
#3673=ORIENTED_EDGE('',*,*,#2735,.T.);
#3674=ORIENTED_EDGE('',*,*,#2740,.T.);
#3675=ORIENTED_EDGE('',*,*,#2840,.T.);
#3676=ORIENTED_EDGE('',*,*,#2823,.T.);
#3677=ORIENTED_EDGE('',*,*,#2824,.T.);
#3678=ORIENTED_EDGE('',*,*,#2721,.T.);
#3679=ORIENTED_EDGE('',*,*,#2719,.F.);
#3680=ORIENTED_EDGE('',*,*,#2818,.T.);
#3681=ORIENTED_EDGE('',*,*,#2816,.T.);
#3682=ORIENTED_EDGE('',*,*,#2841,.T.);
#3683=ORIENTED_EDGE('',*,*,#2842,.T.);
#3684=ORIENTED_EDGE('',*,*,#2843,.F.);
#3685=ORIENTED_EDGE('',*,*,#2844,.F.);
#3686=ORIENTED_EDGE('',*,*,#2845,.T.);
#3687=ORIENTED_EDGE('',*,*,#2846,.T.);
#3688=ORIENTED_EDGE('',*,*,#2847,.F.);
#3689=ORIENTED_EDGE('',*,*,#2848,.F.);
#3690=ORIENTED_EDGE('',*,*,#2849,.T.);
#3691=ORIENTED_EDGE('',*,*,#2850,.T.);
#3692=ORIENTED_EDGE('',*,*,#2851,.F.);
#3693=ORIENTED_EDGE('',*,*,#2846,.F.);
#3694=ORIENTED_EDGE('',*,*,#2851,.T.);
#3695=ORIENTED_EDGE('',*,*,#2852,.T.);
#3696=ORIENTED_EDGE('',*,*,#2843,.T.);
#3697=ORIENTED_EDGE('',*,*,#2853,.F.);
#3698=ORIENTED_EDGE('',*,*,#2847,.T.);
#3699=ORIENTED_EDGE('',*,*,#2827,.T.);
#3700=ORIENTED_EDGE('',*,*,#2760,.T.);
#3701=ORIENTED_EDGE('',*,*,#2854,.F.);
#3702=ORIENTED_EDGE('',*,*,#2848,.T.);
#3703=ORIENTED_EDGE('',*,*,#2853,.T.);
#3704=ORIENTED_EDGE('',*,*,#2855,.T.);
#3705=ORIENTED_EDGE('',*,*,#2856,.T.);
#3706=ORIENTED_EDGE('',*,*,#2830,.T.);
#3707=ORIENTED_EDGE('',*,*,#2857,.F.);
#3708=ORIENTED_EDGE('',*,*,#2858,.F.);
#3709=ORIENTED_EDGE('',*,*,#2765,.F.);
#3710=ORIENTED_EDGE('',*,*,#2835,.T.);
#3711=ORIENTED_EDGE('',*,*,#2831,.T.);
#3712=ORIENTED_EDGE('',*,*,#2856,.F.);
#3713=ORIENTED_EDGE('',*,*,#2859,.F.);
#3714=ORIENTED_EDGE('',*,*,#2833,.F.);
#3715=ORIENTED_EDGE('',*,*,#2858,.T.);
#3716=ORIENTED_EDGE('',*,*,#2860,.T.);
#3717=ORIENTED_EDGE('',*,*,#2861,.T.);
#3718=ORIENTED_EDGE('',*,*,#2766,.T.);
#3719=ORIENTED_EDGE('',*,*,#2838,.T.);
#3720=ORIENTED_EDGE('',*,*,#2862,.F.);
#3721=ORIENTED_EDGE('',*,*,#2863,.F.);
#3722=ORIENTED_EDGE('',*,*,#2864,.T.);
#3723=ORIENTED_EDGE('',*,*,#2837,.T.);
#3724=ORIENTED_EDGE('',*,*,#2865,.F.);
#3725=ORIENTED_EDGE('',*,*,#2866,.F.);
#3726=ORIENTED_EDGE('',*,*,#2862,.T.);
#3727=ORIENTED_EDGE('',*,*,#2836,.T.);
#3728=ORIENTED_EDGE('',*,*,#2867,.F.);
#3729=ORIENTED_EDGE('',*,*,#2868,.F.);
#3730=ORIENTED_EDGE('',*,*,#2865,.T.);
#3731=ORIENTED_EDGE('',*,*,#2839,.T.);
#3732=ORIENTED_EDGE('',*,*,#2864,.F.);
#3733=ORIENTED_EDGE('',*,*,#2869,.F.);
#3734=ORIENTED_EDGE('',*,*,#2867,.T.);
#3735=ORIENTED_EDGE('',*,*,#2870,.F.);
#3736=ORIENTED_EDGE('',*,*,#2871,.F.);
#3737=ORIENTED_EDGE('',*,*,#2769,.F.);
#3738=ORIENTED_EDGE('',*,*,#2872,.T.);
#3739=ORIENTED_EDGE('',*,*,#2873,.F.);
#3740=ORIENTED_EDGE('',*,*,#2872,.F.);
#3741=ORIENTED_EDGE('',*,*,#2768,.F.);
#3742=ORIENTED_EDGE('',*,*,#2874,.T.);
#3743=ORIENTED_EDGE('',*,*,#2875,.F.);
#3744=ORIENTED_EDGE('',*,*,#2876,.F.);
#3745=ORIENTED_EDGE('',*,*,#2877,.F.);
#3746=ORIENTED_EDGE('',*,*,#2878,.F.);
#3747=ORIENTED_EDGE('',*,*,#2879,.F.);
#3748=ORIENTED_EDGE('',*,*,#2874,.F.);
#3749=ORIENTED_EDGE('',*,*,#2767,.F.);
#3750=ORIENTED_EDGE('',*,*,#2861,.F.);
#3751=ORIENTED_EDGE('',*,*,#2871,.T.);
#3752=ORIENTED_EDGE('',*,*,#2880,.T.);
#3753=ORIENTED_EDGE('',*,*,#2881,.T.);
#3754=ORIENTED_EDGE('',*,*,#2770,.T.);
#3755=ORIENTED_EDGE('',*,*,#2877,.T.);
#3756=ORIENTED_EDGE('',*,*,#2882,.F.);
#3757=ORIENTED_EDGE('',*,*,#2883,.F.);
#3758=ORIENTED_EDGE('',*,*,#2884,.T.);
#3759=ORIENTED_EDGE('',*,*,#2876,.T.);
#3760=ORIENTED_EDGE('',*,*,#2885,.F.);
#3761=ORIENTED_EDGE('',*,*,#2886,.F.);
#3762=ORIENTED_EDGE('',*,*,#2882,.T.);
#3763=ORIENTED_EDGE('',*,*,#2875,.T.);
#3764=ORIENTED_EDGE('',*,*,#2887,.F.);
#3765=ORIENTED_EDGE('',*,*,#2888,.F.);
#3766=ORIENTED_EDGE('',*,*,#2885,.T.);
#3767=ORIENTED_EDGE('',*,*,#2878,.T.);
#3768=ORIENTED_EDGE('',*,*,#2884,.F.);
#3769=ORIENTED_EDGE('',*,*,#2889,.F.);
#3770=ORIENTED_EDGE('',*,*,#2887,.T.);
#3771=ORIENTED_EDGE('',*,*,#2890,.F.);
#3772=ORIENTED_EDGE('',*,*,#2891,.F.);
#3773=ORIENTED_EDGE('',*,*,#2773,.F.);
#3774=ORIENTED_EDGE('',*,*,#2892,.T.);
#3775=ORIENTED_EDGE('',*,*,#2893,.F.);
#3776=ORIENTED_EDGE('',*,*,#2892,.F.);
#3777=ORIENTED_EDGE('',*,*,#2772,.F.);
#3778=ORIENTED_EDGE('',*,*,#2894,.T.);
#3779=ORIENTED_EDGE('',*,*,#2895,.F.);
#3780=ORIENTED_EDGE('',*,*,#2896,.F.);
#3781=ORIENTED_EDGE('',*,*,#2897,.F.);
#3782=ORIENTED_EDGE('',*,*,#2898,.F.);
#3783=ORIENTED_EDGE('',*,*,#2899,.F.);
#3784=ORIENTED_EDGE('',*,*,#2894,.F.);
#3785=ORIENTED_EDGE('',*,*,#2771,.F.);
#3786=ORIENTED_EDGE('',*,*,#2881,.F.);
#3787=ORIENTED_EDGE('',*,*,#2891,.T.);
#3788=ORIENTED_EDGE('',*,*,#2900,.T.);
#3789=ORIENTED_EDGE('',*,*,#2901,.T.);
#3790=ORIENTED_EDGE('',*,*,#2774,.T.);
#3791=ORIENTED_EDGE('',*,*,#2897,.T.);
#3792=ORIENTED_EDGE('',*,*,#2902,.F.);
#3793=ORIENTED_EDGE('',*,*,#2903,.F.);
#3794=ORIENTED_EDGE('',*,*,#2904,.T.);
#3795=ORIENTED_EDGE('',*,*,#2896,.T.);
#3796=ORIENTED_EDGE('',*,*,#2905,.F.);
#3797=ORIENTED_EDGE('',*,*,#2906,.F.);
#3798=ORIENTED_EDGE('',*,*,#2902,.T.);
#3799=ORIENTED_EDGE('',*,*,#2895,.T.);
#3800=ORIENTED_EDGE('',*,*,#2907,.F.);
#3801=ORIENTED_EDGE('',*,*,#2908,.F.);
#3802=ORIENTED_EDGE('',*,*,#2905,.T.);
#3803=ORIENTED_EDGE('',*,*,#2898,.T.);
#3804=ORIENTED_EDGE('',*,*,#2904,.F.);
#3805=ORIENTED_EDGE('',*,*,#2909,.F.);
#3806=ORIENTED_EDGE('',*,*,#2907,.T.);
#3807=ORIENTED_EDGE('',*,*,#2910,.F.);
#3808=ORIENTED_EDGE('',*,*,#2911,.F.);
#3809=ORIENTED_EDGE('',*,*,#2777,.F.);
#3810=ORIENTED_EDGE('',*,*,#2912,.T.);
#3811=ORIENTED_EDGE('',*,*,#2913,.F.);
#3812=ORIENTED_EDGE('',*,*,#2912,.F.);
#3813=ORIENTED_EDGE('',*,*,#2776,.F.);
#3814=ORIENTED_EDGE('',*,*,#2914,.T.);
#3815=ORIENTED_EDGE('',*,*,#2915,.F.);
#3816=ORIENTED_EDGE('',*,*,#2916,.F.);
#3817=ORIENTED_EDGE('',*,*,#2917,.F.);
#3818=ORIENTED_EDGE('',*,*,#2918,.F.);
#3819=ORIENTED_EDGE('',*,*,#2919,.F.);
#3820=ORIENTED_EDGE('',*,*,#2914,.F.);
#3821=ORIENTED_EDGE('',*,*,#2775,.F.);
#3822=ORIENTED_EDGE('',*,*,#2901,.F.);
#3823=ORIENTED_EDGE('',*,*,#2911,.T.);
#3824=ORIENTED_EDGE('',*,*,#2920,.T.);
#3825=ORIENTED_EDGE('',*,*,#2921,.T.);
#3826=ORIENTED_EDGE('',*,*,#2778,.T.);
#3827=ORIENTED_EDGE('',*,*,#2917,.T.);
#3828=ORIENTED_EDGE('',*,*,#2922,.F.);
#3829=ORIENTED_EDGE('',*,*,#2923,.F.);
#3830=ORIENTED_EDGE('',*,*,#2924,.T.);
#3831=ORIENTED_EDGE('',*,*,#2916,.T.);
#3832=ORIENTED_EDGE('',*,*,#2925,.F.);
#3833=ORIENTED_EDGE('',*,*,#2926,.F.);
#3834=ORIENTED_EDGE('',*,*,#2922,.T.);
#3835=ORIENTED_EDGE('',*,*,#2915,.T.);
#3836=ORIENTED_EDGE('',*,*,#2927,.F.);
#3837=ORIENTED_EDGE('',*,*,#2928,.F.);
#3838=ORIENTED_EDGE('',*,*,#2925,.T.);
#3839=ORIENTED_EDGE('',*,*,#2918,.T.);
#3840=ORIENTED_EDGE('',*,*,#2924,.F.);
#3841=ORIENTED_EDGE('',*,*,#2929,.F.);
#3842=ORIENTED_EDGE('',*,*,#2927,.T.);
#3843=ORIENTED_EDGE('',*,*,#2930,.F.);
#3844=ORIENTED_EDGE('',*,*,#2931,.F.);
#3845=ORIENTED_EDGE('',*,*,#2781,.F.);
#3846=ORIENTED_EDGE('',*,*,#2932,.T.);
#3847=ORIENTED_EDGE('',*,*,#2933,.F.);
#3848=ORIENTED_EDGE('',*,*,#2932,.F.);
#3849=ORIENTED_EDGE('',*,*,#2780,.F.);
#3850=ORIENTED_EDGE('',*,*,#2934,.T.);
#3851=ORIENTED_EDGE('',*,*,#2935,.F.);
#3852=ORIENTED_EDGE('',*,*,#2936,.F.);
#3853=ORIENTED_EDGE('',*,*,#2937,.F.);
#3854=ORIENTED_EDGE('',*,*,#2938,.F.);
#3855=ORIENTED_EDGE('',*,*,#2939,.F.);
#3856=ORIENTED_EDGE('',*,*,#2934,.F.);
#3857=ORIENTED_EDGE('',*,*,#2779,.F.);
#3858=ORIENTED_EDGE('',*,*,#2921,.F.);
#3859=ORIENTED_EDGE('',*,*,#2931,.T.);
#3860=ORIENTED_EDGE('',*,*,#2940,.T.);
#3861=ORIENTED_EDGE('',*,*,#2941,.T.);
#3862=ORIENTED_EDGE('',*,*,#2782,.T.);
#3863=ORIENTED_EDGE('',*,*,#2937,.T.);
#3864=ORIENTED_EDGE('',*,*,#2942,.F.);
#3865=ORIENTED_EDGE('',*,*,#2943,.F.);
#3866=ORIENTED_EDGE('',*,*,#2944,.T.);
#3867=ORIENTED_EDGE('',*,*,#2936,.T.);
#3868=ORIENTED_EDGE('',*,*,#2945,.F.);
#3869=ORIENTED_EDGE('',*,*,#2946,.F.);
#3870=ORIENTED_EDGE('',*,*,#2942,.T.);
#3871=ORIENTED_EDGE('',*,*,#2935,.T.);
#3872=ORIENTED_EDGE('',*,*,#2947,.F.);
#3873=ORIENTED_EDGE('',*,*,#2948,.F.);
#3874=ORIENTED_EDGE('',*,*,#2945,.T.);
#3875=ORIENTED_EDGE('',*,*,#2938,.T.);
#3876=ORIENTED_EDGE('',*,*,#2944,.F.);
#3877=ORIENTED_EDGE('',*,*,#2949,.F.);
#3878=ORIENTED_EDGE('',*,*,#2947,.T.);
#3879=ORIENTED_EDGE('',*,*,#2950,.F.);
#3880=ORIENTED_EDGE('',*,*,#2951,.F.);
#3881=ORIENTED_EDGE('',*,*,#2785,.F.);
#3882=ORIENTED_EDGE('',*,*,#2952,.T.);
#3883=ORIENTED_EDGE('',*,*,#2953,.F.);
#3884=ORIENTED_EDGE('',*,*,#2952,.F.);
#3885=ORIENTED_EDGE('',*,*,#2784,.F.);
#3886=ORIENTED_EDGE('',*,*,#2954,.T.);
#3887=ORIENTED_EDGE('',*,*,#2955,.F.);
#3888=ORIENTED_EDGE('',*,*,#2956,.F.);
#3889=ORIENTED_EDGE('',*,*,#2957,.F.);
#3890=ORIENTED_EDGE('',*,*,#2958,.F.);
#3891=ORIENTED_EDGE('',*,*,#2959,.F.);
#3892=ORIENTED_EDGE('',*,*,#2954,.F.);
#3893=ORIENTED_EDGE('',*,*,#2783,.F.);
#3894=ORIENTED_EDGE('',*,*,#2941,.F.);
#3895=ORIENTED_EDGE('',*,*,#2951,.T.);
#3896=ORIENTED_EDGE('',*,*,#2960,.T.);
#3897=ORIENTED_EDGE('',*,*,#2961,.T.);
#3898=ORIENTED_EDGE('',*,*,#2786,.T.);
#3899=ORIENTED_EDGE('',*,*,#2957,.T.);
#3900=ORIENTED_EDGE('',*,*,#2962,.F.);
#3901=ORIENTED_EDGE('',*,*,#2963,.F.);
#3902=ORIENTED_EDGE('',*,*,#2964,.T.);
#3903=ORIENTED_EDGE('',*,*,#2956,.T.);
#3904=ORIENTED_EDGE('',*,*,#2965,.F.);
#3905=ORIENTED_EDGE('',*,*,#2966,.F.);
#3906=ORIENTED_EDGE('',*,*,#2962,.T.);
#3907=ORIENTED_EDGE('',*,*,#2955,.T.);
#3908=ORIENTED_EDGE('',*,*,#2967,.F.);
#3909=ORIENTED_EDGE('',*,*,#2968,.F.);
#3910=ORIENTED_EDGE('',*,*,#2965,.T.);
#3911=ORIENTED_EDGE('',*,*,#2958,.T.);
#3912=ORIENTED_EDGE('',*,*,#2964,.F.);
#3913=ORIENTED_EDGE('',*,*,#2969,.F.);
#3914=ORIENTED_EDGE('',*,*,#2967,.T.);
#3915=ORIENTED_EDGE('',*,*,#2970,.F.);
#3916=ORIENTED_EDGE('',*,*,#2971,.F.);
#3917=ORIENTED_EDGE('',*,*,#2789,.F.);
#3918=ORIENTED_EDGE('',*,*,#2972,.T.);
#3919=ORIENTED_EDGE('',*,*,#2973,.F.);
#3920=ORIENTED_EDGE('',*,*,#2972,.F.);
#3921=ORIENTED_EDGE('',*,*,#2788,.F.);
#3922=ORIENTED_EDGE('',*,*,#2974,.T.);
#3923=ORIENTED_EDGE('',*,*,#2975,.F.);
#3924=ORIENTED_EDGE('',*,*,#2976,.F.);
#3925=ORIENTED_EDGE('',*,*,#2977,.F.);
#3926=ORIENTED_EDGE('',*,*,#2978,.F.);
#3927=ORIENTED_EDGE('',*,*,#2979,.F.);
#3928=ORIENTED_EDGE('',*,*,#2974,.F.);
#3929=ORIENTED_EDGE('',*,*,#2787,.F.);
#3930=ORIENTED_EDGE('',*,*,#2961,.F.);
#3931=ORIENTED_EDGE('',*,*,#2971,.T.);
#3932=ORIENTED_EDGE('',*,*,#2980,.T.);
#3933=ORIENTED_EDGE('',*,*,#2981,.T.);
#3934=ORIENTED_EDGE('',*,*,#2790,.T.);
#3935=ORIENTED_EDGE('',*,*,#2977,.T.);
#3936=ORIENTED_EDGE('',*,*,#2982,.F.);
#3937=ORIENTED_EDGE('',*,*,#2983,.F.);
#3938=ORIENTED_EDGE('',*,*,#2984,.T.);
#3939=ORIENTED_EDGE('',*,*,#2976,.T.);
#3940=ORIENTED_EDGE('',*,*,#2985,.F.);
#3941=ORIENTED_EDGE('',*,*,#2986,.F.);
#3942=ORIENTED_EDGE('',*,*,#2982,.T.);
#3943=ORIENTED_EDGE('',*,*,#2975,.T.);
#3944=ORIENTED_EDGE('',*,*,#2987,.F.);
#3945=ORIENTED_EDGE('',*,*,#2988,.F.);
#3946=ORIENTED_EDGE('',*,*,#2985,.T.);
#3947=ORIENTED_EDGE('',*,*,#2978,.T.);
#3948=ORIENTED_EDGE('',*,*,#2984,.F.);
#3949=ORIENTED_EDGE('',*,*,#2989,.F.);
#3950=ORIENTED_EDGE('',*,*,#2987,.T.);
#3951=ORIENTED_EDGE('',*,*,#2990,.F.);
#3952=ORIENTED_EDGE('',*,*,#2991,.F.);
#3953=ORIENTED_EDGE('',*,*,#2793,.F.);
#3954=ORIENTED_EDGE('',*,*,#2992,.T.);
#3955=ORIENTED_EDGE('',*,*,#2993,.F.);
#3956=ORIENTED_EDGE('',*,*,#2992,.F.);
#3957=ORIENTED_EDGE('',*,*,#2792,.F.);
#3958=ORIENTED_EDGE('',*,*,#2994,.T.);
#3959=ORIENTED_EDGE('',*,*,#2995,.F.);
#3960=ORIENTED_EDGE('',*,*,#2996,.F.);
#3961=ORIENTED_EDGE('',*,*,#2997,.F.);
#3962=ORIENTED_EDGE('',*,*,#2998,.F.);
#3963=ORIENTED_EDGE('',*,*,#2999,.F.);
#3964=ORIENTED_EDGE('',*,*,#2994,.F.);
#3965=ORIENTED_EDGE('',*,*,#2791,.F.);
#3966=ORIENTED_EDGE('',*,*,#2981,.F.);
#3967=ORIENTED_EDGE('',*,*,#2991,.T.);
#3968=ORIENTED_EDGE('',*,*,#3000,.T.);
#3969=ORIENTED_EDGE('',*,*,#3001,.T.);
#3970=ORIENTED_EDGE('',*,*,#2794,.T.);
#3971=ORIENTED_EDGE('',*,*,#2997,.T.);
#3972=ORIENTED_EDGE('',*,*,#3002,.F.);
#3973=ORIENTED_EDGE('',*,*,#3003,.F.);
#3974=ORIENTED_EDGE('',*,*,#3004,.T.);
#3975=ORIENTED_EDGE('',*,*,#2996,.T.);
#3976=ORIENTED_EDGE('',*,*,#3005,.F.);
#3977=ORIENTED_EDGE('',*,*,#3006,.F.);
#3978=ORIENTED_EDGE('',*,*,#3002,.T.);
#3979=ORIENTED_EDGE('',*,*,#2995,.T.);
#3980=ORIENTED_EDGE('',*,*,#3007,.F.);
#3981=ORIENTED_EDGE('',*,*,#3008,.F.);
#3982=ORIENTED_EDGE('',*,*,#3005,.T.);
#3983=ORIENTED_EDGE('',*,*,#2998,.T.);
#3984=ORIENTED_EDGE('',*,*,#3004,.F.);
#3985=ORIENTED_EDGE('',*,*,#3009,.F.);
#3986=ORIENTED_EDGE('',*,*,#3007,.T.);
#3987=ORIENTED_EDGE('',*,*,#3010,.F.);
#3988=ORIENTED_EDGE('',*,*,#3011,.F.);
#3989=ORIENTED_EDGE('',*,*,#2797,.F.);
#3990=ORIENTED_EDGE('',*,*,#3012,.T.);
#3991=ORIENTED_EDGE('',*,*,#3013,.F.);
#3992=ORIENTED_EDGE('',*,*,#3012,.F.);
#3993=ORIENTED_EDGE('',*,*,#2796,.F.);
#3994=ORIENTED_EDGE('',*,*,#3014,.T.);
#3995=ORIENTED_EDGE('',*,*,#3015,.F.);
#3996=ORIENTED_EDGE('',*,*,#3016,.F.);
#3997=ORIENTED_EDGE('',*,*,#3017,.F.);
#3998=ORIENTED_EDGE('',*,*,#3018,.F.);
#3999=ORIENTED_EDGE('',*,*,#3019,.F.);
#4000=ORIENTED_EDGE('',*,*,#3014,.F.);
#4001=ORIENTED_EDGE('',*,*,#2795,.F.);
#4002=ORIENTED_EDGE('',*,*,#3001,.F.);
#4003=ORIENTED_EDGE('',*,*,#3011,.T.);
#4004=ORIENTED_EDGE('',*,*,#3020,.T.);
#4005=ORIENTED_EDGE('',*,*,#3021,.T.);
#4006=ORIENTED_EDGE('',*,*,#2798,.T.);
#4007=ORIENTED_EDGE('',*,*,#3017,.T.);
#4008=ORIENTED_EDGE('',*,*,#3022,.F.);
#4009=ORIENTED_EDGE('',*,*,#3023,.F.);
#4010=ORIENTED_EDGE('',*,*,#3024,.T.);
#4011=ORIENTED_EDGE('',*,*,#3016,.T.);
#4012=ORIENTED_EDGE('',*,*,#3025,.F.);
#4013=ORIENTED_EDGE('',*,*,#3026,.F.);
#4014=ORIENTED_EDGE('',*,*,#3022,.T.);
#4015=ORIENTED_EDGE('',*,*,#3015,.T.);
#4016=ORIENTED_EDGE('',*,*,#3027,.F.);
#4017=ORIENTED_EDGE('',*,*,#3028,.F.);
#4018=ORIENTED_EDGE('',*,*,#3025,.T.);
#4019=ORIENTED_EDGE('',*,*,#3018,.T.);
#4020=ORIENTED_EDGE('',*,*,#3024,.F.);
#4021=ORIENTED_EDGE('',*,*,#3029,.F.);
#4022=ORIENTED_EDGE('',*,*,#3027,.T.);
#4023=ORIENTED_EDGE('',*,*,#3030,.F.);
#4024=ORIENTED_EDGE('',*,*,#2750,.F.);
#4025=ORIENTED_EDGE('',*,*,#2799,.F.);
#4026=ORIENTED_EDGE('',*,*,#3021,.F.);
#4027=ORIENTED_EDGE('',*,*,#2747,.T.);
#4028=ORIENTED_EDGE('',*,*,#2752,.T.);
#4029=ORIENTED_EDGE('',*,*,#3031,.F.);
#4030=ORIENTED_EDGE('',*,*,#3032,.F.);
#4031=ORIENTED_EDGE('',*,*,#2859,.T.);
#4032=ORIENTED_EDGE('',*,*,#2855,.F.);
#4033=ORIENTED_EDGE('',*,*,#2842,.F.);
#4034=ORIENTED_EDGE('',*,*,#3033,.F.);
#4035=ORIENTED_EDGE('',*,*,#3034,.F.);
#4036=ORIENTED_EDGE('',*,*,#3035,.T.);
#4037=ORIENTED_EDGE('',*,*,#2811,.F.);
#4038=ORIENTED_EDGE('',*,*,#3036,.F.);
#4039=ORIENTED_EDGE('',*,*,#3031,.T.);
#4040=ORIENTED_EDGE('',*,*,#2751,.T.);
#4041=ORIENTED_EDGE('',*,*,#3030,.T.);
#4042=ORIENTED_EDGE('',*,*,#3020,.F.);
#4043=ORIENTED_EDGE('',*,*,#3010,.T.);
#4044=ORIENTED_EDGE('',*,*,#3013,.T.);
#4045=ORIENTED_EDGE('',*,*,#3019,.T.);
#4046=ORIENTED_EDGE('',*,*,#3000,.F.);
#4047=ORIENTED_EDGE('',*,*,#2990,.T.);
#4048=ORIENTED_EDGE('',*,*,#2993,.T.);
#4049=ORIENTED_EDGE('',*,*,#2999,.T.);
#4050=ORIENTED_EDGE('',*,*,#2980,.F.);
#4051=ORIENTED_EDGE('',*,*,#2970,.T.);
#4052=ORIENTED_EDGE('',*,*,#2973,.T.);
#4053=ORIENTED_EDGE('',*,*,#2979,.T.);
#4054=ORIENTED_EDGE('',*,*,#2960,.F.);
#4055=ORIENTED_EDGE('',*,*,#2950,.T.);
#4056=ORIENTED_EDGE('',*,*,#2953,.T.);
#4057=ORIENTED_EDGE('',*,*,#2959,.T.);
#4058=ORIENTED_EDGE('',*,*,#2940,.F.);
#4059=ORIENTED_EDGE('',*,*,#2930,.T.);
#4060=ORIENTED_EDGE('',*,*,#2933,.T.);
#4061=ORIENTED_EDGE('',*,*,#2939,.T.);
#4062=ORIENTED_EDGE('',*,*,#2920,.F.);
#4063=ORIENTED_EDGE('',*,*,#2910,.T.);
#4064=ORIENTED_EDGE('',*,*,#2913,.T.);
#4065=ORIENTED_EDGE('',*,*,#2919,.T.);
#4066=ORIENTED_EDGE('',*,*,#2900,.F.);
#4067=ORIENTED_EDGE('',*,*,#2890,.T.);
#4068=ORIENTED_EDGE('',*,*,#2893,.T.);
#4069=ORIENTED_EDGE('',*,*,#2899,.T.);
#4070=ORIENTED_EDGE('',*,*,#2880,.F.);
#4071=ORIENTED_EDGE('',*,*,#2870,.T.);
#4072=ORIENTED_EDGE('',*,*,#2873,.T.);
#4073=ORIENTED_EDGE('',*,*,#2879,.T.);
#4074=ORIENTED_EDGE('',*,*,#2860,.F.);
#4075=ORIENTED_EDGE('',*,*,#2857,.T.);
#4076=ORIENTED_EDGE('',*,*,#2834,.T.);
#4077=ORIENTED_EDGE('',*,*,#2755,.T.);
#4078=ORIENTED_EDGE('',*,*,#3037,.F.);
#4079=ORIENTED_EDGE('',*,*,#3038,.F.);
#4080=ORIENTED_EDGE('',*,*,#3039,.T.);
#4081=ORIENTED_EDGE('',*,*,#2754,.T.);
#4082=ORIENTED_EDGE('',*,*,#3040,.F.);
#4083=ORIENTED_EDGE('',*,*,#3041,.F.);
#4084=ORIENTED_EDGE('',*,*,#3037,.T.);
#4085=ORIENTED_EDGE('',*,*,#2753,.T.);
#4086=ORIENTED_EDGE('',*,*,#3042,.F.);
#4087=ORIENTED_EDGE('',*,*,#3043,.F.);
#4088=ORIENTED_EDGE('',*,*,#3040,.T.);
#4089=ORIENTED_EDGE('',*,*,#2756,.T.);
#4090=ORIENTED_EDGE('',*,*,#3039,.F.);
#4091=ORIENTED_EDGE('',*,*,#3044,.F.);
#4092=ORIENTED_EDGE('',*,*,#3042,.T.);
#4093=ORIENTED_EDGE('',*,*,#2725,.F.);
#4094=ORIENTED_EDGE('',*,*,#3045,.T.);
#4095=ORIENTED_EDGE('',*,*,#2802,.F.);
#4096=ORIENTED_EDGE('',*,*,#3046,.F.);
#4097=ORIENTED_EDGE('',*,*,#2745,.T.);
#4098=ORIENTED_EDGE('',*,*,#2803,.T.);
#4099=ORIENTED_EDGE('',*,*,#3045,.F.);
#4100=ORIENTED_EDGE('',*,*,#2724,.T.);
#4101=ORIENTED_EDGE('',*,*,#2829,.T.);
#4102=ORIENTED_EDGE('',*,*,#2819,.T.);
#4103=ORIENTED_EDGE('',*,*,#2840,.F.);
#4104=ORIENTED_EDGE('',*,*,#2739,.T.);
#4105=ORIENTED_EDGE('',*,*,#2863,.T.);
#4106=ORIENTED_EDGE('',*,*,#2866,.T.);
#4107=ORIENTED_EDGE('',*,*,#2868,.T.);
#4108=ORIENTED_EDGE('',*,*,#2869,.T.);
#4109=ORIENTED_EDGE('',*,*,#2883,.T.);
#4110=ORIENTED_EDGE('',*,*,#2886,.T.);
#4111=ORIENTED_EDGE('',*,*,#2888,.T.);
#4112=ORIENTED_EDGE('',*,*,#2889,.T.);
#4113=ORIENTED_EDGE('',*,*,#2903,.T.);
#4114=ORIENTED_EDGE('',*,*,#2906,.T.);
#4115=ORIENTED_EDGE('',*,*,#2908,.T.);
#4116=ORIENTED_EDGE('',*,*,#2909,.T.);
#4117=ORIENTED_EDGE('',*,*,#2923,.T.);
#4118=ORIENTED_EDGE('',*,*,#2926,.T.);
#4119=ORIENTED_EDGE('',*,*,#2928,.T.);
#4120=ORIENTED_EDGE('',*,*,#2929,.T.);
#4121=ORIENTED_EDGE('',*,*,#2943,.T.);
#4122=ORIENTED_EDGE('',*,*,#2946,.T.);
#4123=ORIENTED_EDGE('',*,*,#2948,.T.);
#4124=ORIENTED_EDGE('',*,*,#2949,.T.);
#4125=ORIENTED_EDGE('',*,*,#2963,.T.);
#4126=ORIENTED_EDGE('',*,*,#2966,.T.);
#4127=ORIENTED_EDGE('',*,*,#2968,.T.);
#4128=ORIENTED_EDGE('',*,*,#2969,.T.);
#4129=ORIENTED_EDGE('',*,*,#2983,.T.);
#4130=ORIENTED_EDGE('',*,*,#2986,.T.);
#4131=ORIENTED_EDGE('',*,*,#2988,.T.);
#4132=ORIENTED_EDGE('',*,*,#2989,.T.);
#4133=ORIENTED_EDGE('',*,*,#3003,.T.);
#4134=ORIENTED_EDGE('',*,*,#3006,.T.);
#4135=ORIENTED_EDGE('',*,*,#3008,.T.);
#4136=ORIENTED_EDGE('',*,*,#3009,.T.);
#4137=ORIENTED_EDGE('',*,*,#3023,.T.);
#4138=ORIENTED_EDGE('',*,*,#3026,.T.);
#4139=ORIENTED_EDGE('',*,*,#3028,.T.);
#4140=ORIENTED_EDGE('',*,*,#3029,.T.);
#4141=ORIENTED_EDGE('',*,*,#3038,.T.);
#4142=ORIENTED_EDGE('',*,*,#3041,.T.);
#4143=ORIENTED_EDGE('',*,*,#3043,.T.);
#4144=ORIENTED_EDGE('',*,*,#3044,.T.);
#4145=ORIENTED_EDGE('',*,*,#2808,.F.);
#4146=ORIENTED_EDGE('',*,*,#3035,.F.);
#4147=ORIENTED_EDGE('',*,*,#3047,.F.);
#4148=ORIENTED_EDGE('',*,*,#3048,.F.);
#4149=ORIENTED_EDGE('',*,*,#2841,.F.);
#4150=ORIENTED_EDGE('',*,*,#3049,.F.);
#4151=ORIENTED_EDGE('',*,*,#3050,.F.);
#4152=ORIENTED_EDGE('',*,*,#3033,.T.);
#4153=ORIENTED_EDGE('',*,*,#2704,.T.);
#4154=ORIENTED_EDGE('',*,*,#2711,.F.);
#4155=ORIENTED_EDGE('',*,*,#3051,.T.);
#4156=ORIENTED_EDGE('',*,*,#3047,.T.);
#4157=ORIENTED_EDGE('',*,*,#3034,.T.);
#4158=ORIENTED_EDGE('',*,*,#3050,.T.);
#4159=ORIENTED_EDGE('',*,*,#3052,.T.);
#4160=ORIENTED_EDGE('',*,*,#3053,.F.);
#4161=ORIENTED_EDGE('',*,*,#2686,.T.);
#4162=ORIENTED_EDGE('',*,*,#2726,.T.);
#4163=ORIENTED_EDGE('',*,*,#3046,.T.);
#4164=ORIENTED_EDGE('',*,*,#2801,.T.);
#4165=ORIENTED_EDGE('',*,*,#3049,.T.);
#4166=ORIENTED_EDGE('',*,*,#2844,.T.);
#4167=ORIENTED_EDGE('',*,*,#2852,.F.);
#4168=ORIENTED_EDGE('',*,*,#2850,.F.);
#4169=ORIENTED_EDGE('',*,*,#3054,.F.);
#4170=ORIENTED_EDGE('',*,*,#3052,.F.);
#4171=ORIENTED_EDGE('',*,*,#3048,.T.);
#4172=ORIENTED_EDGE('',*,*,#3051,.F.);
#4173=ORIENTED_EDGE('',*,*,#2710,.F.);
#4174=ORIENTED_EDGE('',*,*,#2813,.T.);
#4175=ORIENTED_EDGE('',*,*,#2815,.T.);
#4176=ORIENTED_EDGE('',*,*,#2809,.F.);
#4177=ORIENTED_EDGE('',*,*,#2748,.T.);
#4178=ORIENTED_EDGE('',*,*,#3032,.T.);
#4179=ORIENTED_EDGE('',*,*,#3036,.T.);
#4180=ORIENTED_EDGE('',*,*,#2814,.T.);
#4181=ORIENTED_EDGE('',*,*,#2805,.T.);
#4182=ORIENTED_EDGE('',*,*,#2707,.F.);
#4183=ORIENTED_EDGE('',*,*,#2800,.T.);
#4184=ORIENTED_EDGE('',*,*,#2738,.T.);
#4185=ORIENTED_EDGE('',*,*,#2687,.T.);
#4186=ORIENTED_EDGE('',*,*,#3053,.T.);
#4187=ORIENTED_EDGE('',*,*,#3054,.T.);
#4188=ORIENTED_EDGE('',*,*,#2849,.F.);
#4189=ORIENTED_EDGE('',*,*,#2845,.F.);
#4190=ORIENTED_EDGE('',*,*,#2854,.T.);
#4191=ORIENTED_EDGE('',*,*,#2759,.T.);
#4192=ORIENTED_EDGE('',*,*,#2716,.T.);
#4193=ORIENTED_EDGE('',*,*,#2693,.T.);
#4194=ORIENTED_EDGE('',*,*,#2690,.T.);
#4195=ORIENTED_EDGE('',*,*,#3055,.T.);
#4196=ORIENTED_EDGE('',*,*,#3056,.T.);
#4197=ORIENTED_EDGE('',*,*,#3057,.T.);
#4198=ORIENTED_EDGE('',*,*,#3058,.F.);
#4199=ORIENTED_EDGE('',*,*,#3059,.T.);
#4200=ORIENTED_EDGE('',*,*,#3060,.T.);
#4201=ORIENTED_EDGE('',*,*,#3061,.T.);
#4202=ORIENTED_EDGE('',*,*,#3056,.F.);
#4203=ORIENTED_EDGE('',*,*,#3062,.T.);
#4204=ORIENTED_EDGE('',*,*,#3063,.T.);
#4205=ORIENTED_EDGE('',*,*,#3064,.T.);
#4206=ORIENTED_EDGE('',*,*,#3060,.F.);
#4207=ORIENTED_EDGE('',*,*,#3065,.T.);
#4208=ORIENTED_EDGE('',*,*,#3063,.F.);
#4209=ORIENTED_EDGE('',*,*,#3066,.T.);
#4210=ORIENTED_EDGE('',*,*,#3058,.T.);
#4211=ORIENTED_EDGE('',*,*,#3065,.F.);
#4212=ORIENTED_EDGE('',*,*,#3067,.F.);
#4213=ORIENTED_EDGE('',*,*,#3068,.F.);
#4214=ORIENTED_EDGE('',*,*,#3069,.F.);
#4215=ORIENTED_EDGE('',*,*,#3070,.F.);
#4216=ORIENTED_EDGE('',*,*,#3071,.T.);
#4217=ORIENTED_EDGE('',*,*,#3072,.T.);
#4218=ORIENTED_EDGE('',*,*,#3073,.T.);
#4219=ORIENTED_EDGE('',*,*,#3057,.F.);
#4220=ORIENTED_EDGE('',*,*,#3074,.F.);
#4221=ORIENTED_EDGE('',*,*,#3075,.T.);
#4222=ORIENTED_EDGE('',*,*,#3067,.T.);
#4223=ORIENTED_EDGE('',*,*,#3055,.F.);
#4224=ORIENTED_EDGE('',*,*,#3066,.F.);
#4225=ORIENTED_EDGE('',*,*,#3062,.F.);
#4226=ORIENTED_EDGE('',*,*,#3059,.F.);
#4227=ORIENTED_EDGE('',*,*,#3076,.T.);
#4228=ORIENTED_EDGE('',*,*,#3077,.T.);
#4229=ORIENTED_EDGE('',*,*,#3078,.T.);
#4230=ORIENTED_EDGE('',*,*,#3079,.F.);
#4231=ORIENTED_EDGE('',*,*,#3080,.T.);
#4232=ORIENTED_EDGE('',*,*,#3081,.T.);
#4233=ORIENTED_EDGE('',*,*,#3082,.T.);
#4234=ORIENTED_EDGE('',*,*,#3077,.F.);
#4235=ORIENTED_EDGE('',*,*,#3083,.T.);
#4236=ORIENTED_EDGE('',*,*,#3084,.T.);
#4237=ORIENTED_EDGE('',*,*,#3085,.T.);
#4238=ORIENTED_EDGE('',*,*,#3079,.T.);
#4239=ORIENTED_EDGE('',*,*,#3070,.T.);
#4240=ORIENTED_EDGE('',*,*,#3084,.F.);
#4241=ORIENTED_EDGE('',*,*,#3086,.T.);
#4242=ORIENTED_EDGE('',*,*,#3081,.F.);
#4243=ORIENTED_EDGE('',*,*,#3080,.F.);
#4244=ORIENTED_EDGE('',*,*,#3087,.T.);
#4245=ORIENTED_EDGE('',*,*,#3088,.F.);
#4246=ORIENTED_EDGE('',*,*,#3071,.F.);
#4247=ORIENTED_EDGE('',*,*,#3061,.F.);
#4248=ORIENTED_EDGE('',*,*,#3089,.F.);
#4249=ORIENTED_EDGE('',*,*,#3090,.F.);
#4250=ORIENTED_EDGE('',*,*,#3087,.F.);
#4251=ORIENTED_EDGE('',*,*,#3076,.F.);
#4252=ORIENTED_EDGE('',*,*,#3091,.T.);
#4253=ORIENTED_EDGE('',*,*,#3092,.T.);
#4254=ORIENTED_EDGE('',*,*,#3074,.T.);
#4255=ORIENTED_EDGE('',*,*,#3078,.F.);
#4256=ORIENTED_EDGE('',*,*,#3082,.F.);
#4257=ORIENTED_EDGE('',*,*,#3086,.F.);
#4258=ORIENTED_EDGE('',*,*,#3083,.F.);
#4259=ORIENTED_EDGE('',*,*,#3064,.F.);
#4260=ORIENTED_EDGE('',*,*,#3073,.F.);
#4261=ORIENTED_EDGE('',*,*,#3093,.T.);
#4262=ORIENTED_EDGE('',*,*,#3089,.T.);
#4263=ORIENTED_EDGE('',*,*,#3088,.T.);
#4264=ORIENTED_EDGE('',*,*,#3090,.T.);
#4265=ORIENTED_EDGE('',*,*,#3093,.F.);
#4266=ORIENTED_EDGE('',*,*,#3072,.F.);
#4267=ORIENTED_EDGE('',*,*,#3094,.T.);
#4268=ORIENTED_EDGE('',*,*,#3068,.T.);
#4269=ORIENTED_EDGE('',*,*,#3075,.F.);
#4270=ORIENTED_EDGE('',*,*,#3092,.F.);
#4271=ORIENTED_EDGE('',*,*,#3085,.F.);
#4272=ORIENTED_EDGE('',*,*,#3069,.T.);
#4273=ORIENTED_EDGE('',*,*,#3094,.F.);
#4274=ORIENTED_EDGE('',*,*,#3091,.F.);
#4275=ORIENTED_EDGE('',*,*,#3095,.T.);
#4276=ORIENTED_EDGE('',*,*,#3096,.T.);
#4277=ORIENTED_EDGE('',*,*,#3097,.T.);
#4278=ORIENTED_EDGE('',*,*,#3098,.F.);
#4279=ORIENTED_EDGE('',*,*,#3099,.T.);
#4280=ORIENTED_EDGE('',*,*,#3100,.T.);
#4281=ORIENTED_EDGE('',*,*,#3101,.T.);
#4282=ORIENTED_EDGE('',*,*,#3096,.F.);
#4283=ORIENTED_EDGE('',*,*,#3102,.T.);
#4284=ORIENTED_EDGE('',*,*,#3103,.T.);
#4285=ORIENTED_EDGE('',*,*,#3104,.T.);
#4286=ORIENTED_EDGE('',*,*,#3100,.F.);
#4287=ORIENTED_EDGE('',*,*,#3105,.T.);
#4288=ORIENTED_EDGE('',*,*,#3103,.F.);
#4289=ORIENTED_EDGE('',*,*,#3106,.T.);
#4290=ORIENTED_EDGE('',*,*,#3098,.T.);
#4291=ORIENTED_EDGE('',*,*,#3105,.F.);
#4292=ORIENTED_EDGE('',*,*,#3107,.F.);
#4293=ORIENTED_EDGE('',*,*,#3108,.F.);
#4294=ORIENTED_EDGE('',*,*,#3109,.F.);
#4295=ORIENTED_EDGE('',*,*,#3110,.F.);
#4296=ORIENTED_EDGE('',*,*,#3111,.T.);
#4297=ORIENTED_EDGE('',*,*,#3112,.T.);
#4298=ORIENTED_EDGE('',*,*,#3113,.T.);
#4299=ORIENTED_EDGE('',*,*,#3097,.F.);
#4300=ORIENTED_EDGE('',*,*,#3114,.F.);
#4301=ORIENTED_EDGE('',*,*,#3115,.T.);
#4302=ORIENTED_EDGE('',*,*,#3107,.T.);
#4303=ORIENTED_EDGE('',*,*,#3095,.F.);
#4304=ORIENTED_EDGE('',*,*,#3106,.F.);
#4305=ORIENTED_EDGE('',*,*,#3102,.F.);
#4306=ORIENTED_EDGE('',*,*,#3099,.F.);
#4307=ORIENTED_EDGE('',*,*,#3116,.T.);
#4308=ORIENTED_EDGE('',*,*,#3117,.T.);
#4309=ORIENTED_EDGE('',*,*,#3118,.T.);
#4310=ORIENTED_EDGE('',*,*,#3119,.F.);
#4311=ORIENTED_EDGE('',*,*,#3120,.T.);
#4312=ORIENTED_EDGE('',*,*,#3121,.T.);
#4313=ORIENTED_EDGE('',*,*,#3122,.T.);
#4314=ORIENTED_EDGE('',*,*,#3117,.F.);
#4315=ORIENTED_EDGE('',*,*,#3123,.T.);
#4316=ORIENTED_EDGE('',*,*,#3124,.T.);
#4317=ORIENTED_EDGE('',*,*,#3125,.T.);
#4318=ORIENTED_EDGE('',*,*,#3119,.T.);
#4319=ORIENTED_EDGE('',*,*,#3110,.T.);
#4320=ORIENTED_EDGE('',*,*,#3124,.F.);
#4321=ORIENTED_EDGE('',*,*,#3126,.T.);
#4322=ORIENTED_EDGE('',*,*,#3121,.F.);
#4323=ORIENTED_EDGE('',*,*,#3120,.F.);
#4324=ORIENTED_EDGE('',*,*,#3127,.T.);
#4325=ORIENTED_EDGE('',*,*,#3128,.F.);
#4326=ORIENTED_EDGE('',*,*,#3111,.F.);
#4327=ORIENTED_EDGE('',*,*,#3101,.F.);
#4328=ORIENTED_EDGE('',*,*,#3129,.F.);
#4329=ORIENTED_EDGE('',*,*,#3130,.F.);
#4330=ORIENTED_EDGE('',*,*,#3127,.F.);
#4331=ORIENTED_EDGE('',*,*,#3116,.F.);
#4332=ORIENTED_EDGE('',*,*,#3131,.T.);
#4333=ORIENTED_EDGE('',*,*,#3132,.T.);
#4334=ORIENTED_EDGE('',*,*,#3114,.T.);
#4335=ORIENTED_EDGE('',*,*,#3118,.F.);
#4336=ORIENTED_EDGE('',*,*,#3122,.F.);
#4337=ORIENTED_EDGE('',*,*,#3126,.F.);
#4338=ORIENTED_EDGE('',*,*,#3123,.F.);
#4339=ORIENTED_EDGE('',*,*,#3104,.F.);
#4340=ORIENTED_EDGE('',*,*,#3113,.F.);
#4341=ORIENTED_EDGE('',*,*,#3133,.T.);
#4342=ORIENTED_EDGE('',*,*,#3129,.T.);
#4343=ORIENTED_EDGE('',*,*,#3128,.T.);
#4344=ORIENTED_EDGE('',*,*,#3130,.T.);
#4345=ORIENTED_EDGE('',*,*,#3133,.F.);
#4346=ORIENTED_EDGE('',*,*,#3112,.F.);
#4347=ORIENTED_EDGE('',*,*,#3134,.T.);
#4348=ORIENTED_EDGE('',*,*,#3108,.T.);
#4349=ORIENTED_EDGE('',*,*,#3115,.F.);
#4350=ORIENTED_EDGE('',*,*,#3132,.F.);
#4351=ORIENTED_EDGE('',*,*,#3125,.F.);
#4352=ORIENTED_EDGE('',*,*,#3109,.T.);
#4353=ORIENTED_EDGE('',*,*,#3134,.F.);
#4354=ORIENTED_EDGE('',*,*,#3131,.F.);
#4355=ORIENTED_EDGE('',*,*,#3135,.T.);
#4356=ORIENTED_EDGE('',*,*,#3136,.T.);
#4357=ORIENTED_EDGE('',*,*,#3137,.T.);
#4358=ORIENTED_EDGE('',*,*,#3138,.F.);
#4359=ORIENTED_EDGE('',*,*,#3139,.T.);
#4360=ORIENTED_EDGE('',*,*,#3140,.T.);
#4361=ORIENTED_EDGE('',*,*,#3141,.T.);
#4362=ORIENTED_EDGE('',*,*,#3136,.F.);
#4363=ORIENTED_EDGE('',*,*,#3142,.T.);
#4364=ORIENTED_EDGE('',*,*,#3143,.T.);
#4365=ORIENTED_EDGE('',*,*,#3144,.T.);
#4366=ORIENTED_EDGE('',*,*,#3140,.F.);
#4367=ORIENTED_EDGE('',*,*,#3145,.T.);
#4368=ORIENTED_EDGE('',*,*,#3143,.F.);
#4369=ORIENTED_EDGE('',*,*,#3146,.T.);
#4370=ORIENTED_EDGE('',*,*,#3138,.T.);
#4371=ORIENTED_EDGE('',*,*,#3145,.F.);
#4372=ORIENTED_EDGE('',*,*,#3147,.F.);
#4373=ORIENTED_EDGE('',*,*,#3148,.F.);
#4374=ORIENTED_EDGE('',*,*,#3149,.F.);
#4375=ORIENTED_EDGE('',*,*,#3150,.F.);
#4376=ORIENTED_EDGE('',*,*,#3151,.T.);
#4377=ORIENTED_EDGE('',*,*,#3152,.T.);
#4378=ORIENTED_EDGE('',*,*,#3153,.T.);
#4379=ORIENTED_EDGE('',*,*,#3137,.F.);
#4380=ORIENTED_EDGE('',*,*,#3154,.F.);
#4381=ORIENTED_EDGE('',*,*,#3155,.T.);
#4382=ORIENTED_EDGE('',*,*,#3147,.T.);
#4383=ORIENTED_EDGE('',*,*,#3135,.F.);
#4384=ORIENTED_EDGE('',*,*,#3146,.F.);
#4385=ORIENTED_EDGE('',*,*,#3142,.F.);
#4386=ORIENTED_EDGE('',*,*,#3139,.F.);
#4387=ORIENTED_EDGE('',*,*,#3156,.T.);
#4388=ORIENTED_EDGE('',*,*,#3157,.T.);
#4389=ORIENTED_EDGE('',*,*,#3158,.T.);
#4390=ORIENTED_EDGE('',*,*,#3159,.F.);
#4391=ORIENTED_EDGE('',*,*,#3160,.T.);
#4392=ORIENTED_EDGE('',*,*,#3161,.T.);
#4393=ORIENTED_EDGE('',*,*,#3162,.T.);
#4394=ORIENTED_EDGE('',*,*,#3157,.F.);
#4395=ORIENTED_EDGE('',*,*,#3163,.T.);
#4396=ORIENTED_EDGE('',*,*,#3164,.T.);
#4397=ORIENTED_EDGE('',*,*,#3165,.T.);
#4398=ORIENTED_EDGE('',*,*,#3159,.T.);
#4399=ORIENTED_EDGE('',*,*,#3150,.T.);
#4400=ORIENTED_EDGE('',*,*,#3164,.F.);
#4401=ORIENTED_EDGE('',*,*,#3166,.T.);
#4402=ORIENTED_EDGE('',*,*,#3161,.F.);
#4403=ORIENTED_EDGE('',*,*,#3160,.F.);
#4404=ORIENTED_EDGE('',*,*,#3167,.T.);
#4405=ORIENTED_EDGE('',*,*,#3168,.F.);
#4406=ORIENTED_EDGE('',*,*,#3151,.F.);
#4407=ORIENTED_EDGE('',*,*,#3141,.F.);
#4408=ORIENTED_EDGE('',*,*,#3169,.F.);
#4409=ORIENTED_EDGE('',*,*,#3170,.F.);
#4410=ORIENTED_EDGE('',*,*,#3167,.F.);
#4411=ORIENTED_EDGE('',*,*,#3156,.F.);
#4412=ORIENTED_EDGE('',*,*,#3171,.T.);
#4413=ORIENTED_EDGE('',*,*,#3172,.T.);
#4414=ORIENTED_EDGE('',*,*,#3154,.T.);
#4415=ORIENTED_EDGE('',*,*,#3158,.F.);
#4416=ORIENTED_EDGE('',*,*,#3162,.F.);
#4417=ORIENTED_EDGE('',*,*,#3166,.F.);
#4418=ORIENTED_EDGE('',*,*,#3163,.F.);
#4419=ORIENTED_EDGE('',*,*,#3144,.F.);
#4420=ORIENTED_EDGE('',*,*,#3153,.F.);
#4421=ORIENTED_EDGE('',*,*,#3173,.T.);
#4422=ORIENTED_EDGE('',*,*,#3169,.T.);
#4423=ORIENTED_EDGE('',*,*,#3168,.T.);
#4424=ORIENTED_EDGE('',*,*,#3170,.T.);
#4425=ORIENTED_EDGE('',*,*,#3173,.F.);
#4426=ORIENTED_EDGE('',*,*,#3152,.F.);
#4427=ORIENTED_EDGE('',*,*,#3174,.T.);
#4428=ORIENTED_EDGE('',*,*,#3148,.T.);
#4429=ORIENTED_EDGE('',*,*,#3155,.F.);
#4430=ORIENTED_EDGE('',*,*,#3172,.F.);
#4431=ORIENTED_EDGE('',*,*,#3165,.F.);
#4432=ORIENTED_EDGE('',*,*,#3149,.T.);
#4433=ORIENTED_EDGE('',*,*,#3174,.F.);
#4434=ORIENTED_EDGE('',*,*,#3171,.F.);
#4435=ORIENTED_EDGE('',*,*,#3175,.T.);
#4436=ORIENTED_EDGE('',*,*,#3176,.T.);
#4437=ORIENTED_EDGE('',*,*,#3177,.T.);
#4438=ORIENTED_EDGE('',*,*,#3178,.F.);
#4439=ORIENTED_EDGE('',*,*,#3179,.T.);
#4440=ORIENTED_EDGE('',*,*,#3180,.T.);
#4441=ORIENTED_EDGE('',*,*,#3181,.T.);
#4442=ORIENTED_EDGE('',*,*,#3176,.F.);
#4443=ORIENTED_EDGE('',*,*,#3182,.T.);
#4444=ORIENTED_EDGE('',*,*,#3183,.T.);
#4445=ORIENTED_EDGE('',*,*,#3184,.T.);
#4446=ORIENTED_EDGE('',*,*,#3180,.F.);
#4447=ORIENTED_EDGE('',*,*,#3185,.T.);
#4448=ORIENTED_EDGE('',*,*,#3183,.F.);
#4449=ORIENTED_EDGE('',*,*,#3186,.T.);
#4450=ORIENTED_EDGE('',*,*,#3178,.T.);
#4451=ORIENTED_EDGE('',*,*,#3185,.F.);
#4452=ORIENTED_EDGE('',*,*,#3187,.F.);
#4453=ORIENTED_EDGE('',*,*,#3188,.F.);
#4454=ORIENTED_EDGE('',*,*,#3189,.F.);
#4455=ORIENTED_EDGE('',*,*,#3190,.F.);
#4456=ORIENTED_EDGE('',*,*,#3191,.T.);
#4457=ORIENTED_EDGE('',*,*,#3192,.T.);
#4458=ORIENTED_EDGE('',*,*,#3193,.T.);
#4459=ORIENTED_EDGE('',*,*,#3177,.F.);
#4460=ORIENTED_EDGE('',*,*,#3194,.F.);
#4461=ORIENTED_EDGE('',*,*,#3195,.T.);
#4462=ORIENTED_EDGE('',*,*,#3187,.T.);
#4463=ORIENTED_EDGE('',*,*,#3175,.F.);
#4464=ORIENTED_EDGE('',*,*,#3186,.F.);
#4465=ORIENTED_EDGE('',*,*,#3182,.F.);
#4466=ORIENTED_EDGE('',*,*,#3179,.F.);
#4467=ORIENTED_EDGE('',*,*,#3196,.T.);
#4468=ORIENTED_EDGE('',*,*,#3197,.T.);
#4469=ORIENTED_EDGE('',*,*,#3198,.T.);
#4470=ORIENTED_EDGE('',*,*,#3199,.F.);
#4471=ORIENTED_EDGE('',*,*,#3200,.T.);
#4472=ORIENTED_EDGE('',*,*,#3201,.T.);
#4473=ORIENTED_EDGE('',*,*,#3202,.T.);
#4474=ORIENTED_EDGE('',*,*,#3197,.F.);
#4475=ORIENTED_EDGE('',*,*,#3203,.T.);
#4476=ORIENTED_EDGE('',*,*,#3204,.T.);
#4477=ORIENTED_EDGE('',*,*,#3205,.T.);
#4478=ORIENTED_EDGE('',*,*,#3199,.T.);
#4479=ORIENTED_EDGE('',*,*,#3190,.T.);
#4480=ORIENTED_EDGE('',*,*,#3204,.F.);
#4481=ORIENTED_EDGE('',*,*,#3206,.T.);
#4482=ORIENTED_EDGE('',*,*,#3201,.F.);
#4483=ORIENTED_EDGE('',*,*,#3200,.F.);
#4484=ORIENTED_EDGE('',*,*,#3207,.T.);
#4485=ORIENTED_EDGE('',*,*,#3208,.F.);
#4486=ORIENTED_EDGE('',*,*,#3191,.F.);
#4487=ORIENTED_EDGE('',*,*,#3181,.F.);
#4488=ORIENTED_EDGE('',*,*,#3209,.F.);
#4489=ORIENTED_EDGE('',*,*,#3210,.F.);
#4490=ORIENTED_EDGE('',*,*,#3207,.F.);
#4491=ORIENTED_EDGE('',*,*,#3196,.F.);
#4492=ORIENTED_EDGE('',*,*,#3211,.T.);
#4493=ORIENTED_EDGE('',*,*,#3212,.T.);
#4494=ORIENTED_EDGE('',*,*,#3194,.T.);
#4495=ORIENTED_EDGE('',*,*,#3198,.F.);
#4496=ORIENTED_EDGE('',*,*,#3202,.F.);
#4497=ORIENTED_EDGE('',*,*,#3206,.F.);
#4498=ORIENTED_EDGE('',*,*,#3203,.F.);
#4499=ORIENTED_EDGE('',*,*,#3184,.F.);
#4500=ORIENTED_EDGE('',*,*,#3193,.F.);
#4501=ORIENTED_EDGE('',*,*,#3213,.T.);
#4502=ORIENTED_EDGE('',*,*,#3209,.T.);
#4503=ORIENTED_EDGE('',*,*,#3208,.T.);
#4504=ORIENTED_EDGE('',*,*,#3210,.T.);
#4505=ORIENTED_EDGE('',*,*,#3213,.F.);
#4506=ORIENTED_EDGE('',*,*,#3192,.F.);
#4507=ORIENTED_EDGE('',*,*,#3214,.T.);
#4508=ORIENTED_EDGE('',*,*,#3188,.T.);
#4509=ORIENTED_EDGE('',*,*,#3195,.F.);
#4510=ORIENTED_EDGE('',*,*,#3212,.F.);
#4511=ORIENTED_EDGE('',*,*,#3205,.F.);
#4512=ORIENTED_EDGE('',*,*,#3189,.T.);
#4513=ORIENTED_EDGE('',*,*,#3214,.F.);
#4514=ORIENTED_EDGE('',*,*,#3211,.F.);
#4515=ORIENTED_EDGE('',*,*,#3215,.T.);
#4516=ORIENTED_EDGE('',*,*,#3216,.T.);
#4517=ORIENTED_EDGE('',*,*,#3217,.T.);
#4518=ORIENTED_EDGE('',*,*,#3218,.F.);
#4519=ORIENTED_EDGE('',*,*,#3219,.T.);
#4520=ORIENTED_EDGE('',*,*,#3220,.T.);
#4521=ORIENTED_EDGE('',*,*,#3221,.T.);
#4522=ORIENTED_EDGE('',*,*,#3216,.F.);
#4523=ORIENTED_EDGE('',*,*,#3222,.T.);
#4524=ORIENTED_EDGE('',*,*,#3223,.T.);
#4525=ORIENTED_EDGE('',*,*,#3224,.T.);
#4526=ORIENTED_EDGE('',*,*,#3220,.F.);
#4527=ORIENTED_EDGE('',*,*,#3225,.T.);
#4528=ORIENTED_EDGE('',*,*,#3223,.F.);
#4529=ORIENTED_EDGE('',*,*,#3226,.T.);
#4530=ORIENTED_EDGE('',*,*,#3218,.T.);
#4531=ORIENTED_EDGE('',*,*,#3225,.F.);
#4532=ORIENTED_EDGE('',*,*,#3227,.F.);
#4533=ORIENTED_EDGE('',*,*,#3228,.F.);
#4534=ORIENTED_EDGE('',*,*,#3229,.F.);
#4535=ORIENTED_EDGE('',*,*,#3230,.F.);
#4536=ORIENTED_EDGE('',*,*,#3231,.T.);
#4537=ORIENTED_EDGE('',*,*,#3232,.T.);
#4538=ORIENTED_EDGE('',*,*,#3233,.T.);
#4539=ORIENTED_EDGE('',*,*,#3217,.F.);
#4540=ORIENTED_EDGE('',*,*,#3234,.F.);
#4541=ORIENTED_EDGE('',*,*,#3235,.T.);
#4542=ORIENTED_EDGE('',*,*,#3227,.T.);
#4543=ORIENTED_EDGE('',*,*,#3215,.F.);
#4544=ORIENTED_EDGE('',*,*,#3226,.F.);
#4545=ORIENTED_EDGE('',*,*,#3222,.F.);
#4546=ORIENTED_EDGE('',*,*,#3219,.F.);
#4547=ORIENTED_EDGE('',*,*,#3236,.T.);
#4548=ORIENTED_EDGE('',*,*,#3237,.T.);
#4549=ORIENTED_EDGE('',*,*,#3238,.T.);
#4550=ORIENTED_EDGE('',*,*,#3239,.F.);
#4551=ORIENTED_EDGE('',*,*,#3240,.T.);
#4552=ORIENTED_EDGE('',*,*,#3241,.T.);
#4553=ORIENTED_EDGE('',*,*,#3242,.T.);
#4554=ORIENTED_EDGE('',*,*,#3237,.F.);
#4555=ORIENTED_EDGE('',*,*,#3243,.T.);
#4556=ORIENTED_EDGE('',*,*,#3244,.T.);
#4557=ORIENTED_EDGE('',*,*,#3245,.T.);
#4558=ORIENTED_EDGE('',*,*,#3239,.T.);
#4559=ORIENTED_EDGE('',*,*,#3230,.T.);
#4560=ORIENTED_EDGE('',*,*,#3244,.F.);
#4561=ORIENTED_EDGE('',*,*,#3246,.T.);
#4562=ORIENTED_EDGE('',*,*,#3241,.F.);
#4563=ORIENTED_EDGE('',*,*,#3240,.F.);
#4564=ORIENTED_EDGE('',*,*,#3247,.T.);
#4565=ORIENTED_EDGE('',*,*,#3248,.F.);
#4566=ORIENTED_EDGE('',*,*,#3231,.F.);
#4567=ORIENTED_EDGE('',*,*,#3221,.F.);
#4568=ORIENTED_EDGE('',*,*,#3249,.F.);
#4569=ORIENTED_EDGE('',*,*,#3250,.F.);
#4570=ORIENTED_EDGE('',*,*,#3247,.F.);
#4571=ORIENTED_EDGE('',*,*,#3236,.F.);
#4572=ORIENTED_EDGE('',*,*,#3251,.T.);
#4573=ORIENTED_EDGE('',*,*,#3252,.T.);
#4574=ORIENTED_EDGE('',*,*,#3234,.T.);
#4575=ORIENTED_EDGE('',*,*,#3238,.F.);
#4576=ORIENTED_EDGE('',*,*,#3242,.F.);
#4577=ORIENTED_EDGE('',*,*,#3246,.F.);
#4578=ORIENTED_EDGE('',*,*,#3243,.F.);
#4579=ORIENTED_EDGE('',*,*,#3224,.F.);
#4580=ORIENTED_EDGE('',*,*,#3233,.F.);
#4581=ORIENTED_EDGE('',*,*,#3253,.T.);
#4582=ORIENTED_EDGE('',*,*,#3249,.T.);
#4583=ORIENTED_EDGE('',*,*,#3248,.T.);
#4584=ORIENTED_EDGE('',*,*,#3250,.T.);
#4585=ORIENTED_EDGE('',*,*,#3253,.F.);
#4586=ORIENTED_EDGE('',*,*,#3232,.F.);
#4587=ORIENTED_EDGE('',*,*,#3254,.T.);
#4588=ORIENTED_EDGE('',*,*,#3228,.T.);
#4589=ORIENTED_EDGE('',*,*,#3235,.F.);
#4590=ORIENTED_EDGE('',*,*,#3252,.F.);
#4591=ORIENTED_EDGE('',*,*,#3245,.F.);
#4592=ORIENTED_EDGE('',*,*,#3229,.T.);
#4593=ORIENTED_EDGE('',*,*,#3254,.F.);
#4594=ORIENTED_EDGE('',*,*,#3251,.F.);
#4595=ORIENTED_EDGE('',*,*,#3255,.T.);
#4596=ORIENTED_EDGE('',*,*,#3256,.T.);
#4597=ORIENTED_EDGE('',*,*,#3257,.T.);
#4598=ORIENTED_EDGE('',*,*,#3258,.F.);
#4599=ORIENTED_EDGE('',*,*,#3259,.T.);
#4600=ORIENTED_EDGE('',*,*,#3260,.T.);
#4601=ORIENTED_EDGE('',*,*,#3261,.T.);
#4602=ORIENTED_EDGE('',*,*,#3256,.F.);
#4603=ORIENTED_EDGE('',*,*,#3262,.T.);
#4604=ORIENTED_EDGE('',*,*,#3263,.T.);
#4605=ORIENTED_EDGE('',*,*,#3264,.T.);
#4606=ORIENTED_EDGE('',*,*,#3260,.F.);
#4607=ORIENTED_EDGE('',*,*,#3265,.T.);
#4608=ORIENTED_EDGE('',*,*,#3263,.F.);
#4609=ORIENTED_EDGE('',*,*,#3266,.T.);
#4610=ORIENTED_EDGE('',*,*,#3258,.T.);
#4611=ORIENTED_EDGE('',*,*,#3265,.F.);
#4612=ORIENTED_EDGE('',*,*,#3267,.F.);
#4613=ORIENTED_EDGE('',*,*,#3268,.F.);
#4614=ORIENTED_EDGE('',*,*,#3269,.F.);
#4615=ORIENTED_EDGE('',*,*,#3270,.F.);
#4616=ORIENTED_EDGE('',*,*,#3271,.T.);
#4617=ORIENTED_EDGE('',*,*,#3272,.T.);
#4618=ORIENTED_EDGE('',*,*,#3273,.T.);
#4619=ORIENTED_EDGE('',*,*,#3257,.F.);
#4620=ORIENTED_EDGE('',*,*,#3274,.F.);
#4621=ORIENTED_EDGE('',*,*,#3275,.T.);
#4622=ORIENTED_EDGE('',*,*,#3267,.T.);
#4623=ORIENTED_EDGE('',*,*,#3255,.F.);
#4624=ORIENTED_EDGE('',*,*,#3266,.F.);
#4625=ORIENTED_EDGE('',*,*,#3262,.F.);
#4626=ORIENTED_EDGE('',*,*,#3259,.F.);
#4627=ORIENTED_EDGE('',*,*,#3276,.T.);
#4628=ORIENTED_EDGE('',*,*,#3277,.T.);
#4629=ORIENTED_EDGE('',*,*,#3278,.T.);
#4630=ORIENTED_EDGE('',*,*,#3279,.F.);
#4631=ORIENTED_EDGE('',*,*,#3280,.T.);
#4632=ORIENTED_EDGE('',*,*,#3281,.T.);
#4633=ORIENTED_EDGE('',*,*,#3282,.T.);
#4634=ORIENTED_EDGE('',*,*,#3277,.F.);
#4635=ORIENTED_EDGE('',*,*,#3283,.T.);
#4636=ORIENTED_EDGE('',*,*,#3284,.T.);
#4637=ORIENTED_EDGE('',*,*,#3285,.T.);
#4638=ORIENTED_EDGE('',*,*,#3279,.T.);
#4639=ORIENTED_EDGE('',*,*,#3270,.T.);
#4640=ORIENTED_EDGE('',*,*,#3284,.F.);
#4641=ORIENTED_EDGE('',*,*,#3286,.T.);
#4642=ORIENTED_EDGE('',*,*,#3281,.F.);
#4643=ORIENTED_EDGE('',*,*,#3280,.F.);
#4644=ORIENTED_EDGE('',*,*,#3287,.T.);
#4645=ORIENTED_EDGE('',*,*,#3288,.F.);
#4646=ORIENTED_EDGE('',*,*,#3271,.F.);
#4647=ORIENTED_EDGE('',*,*,#3261,.F.);
#4648=ORIENTED_EDGE('',*,*,#3289,.F.);
#4649=ORIENTED_EDGE('',*,*,#3290,.F.);
#4650=ORIENTED_EDGE('',*,*,#3287,.F.);
#4651=ORIENTED_EDGE('',*,*,#3276,.F.);
#4652=ORIENTED_EDGE('',*,*,#3291,.T.);
#4653=ORIENTED_EDGE('',*,*,#3292,.T.);
#4654=ORIENTED_EDGE('',*,*,#3274,.T.);
#4655=ORIENTED_EDGE('',*,*,#3278,.F.);
#4656=ORIENTED_EDGE('',*,*,#3282,.F.);
#4657=ORIENTED_EDGE('',*,*,#3286,.F.);
#4658=ORIENTED_EDGE('',*,*,#3283,.F.);
#4659=ORIENTED_EDGE('',*,*,#3264,.F.);
#4660=ORIENTED_EDGE('',*,*,#3273,.F.);
#4661=ORIENTED_EDGE('',*,*,#3293,.T.);
#4662=ORIENTED_EDGE('',*,*,#3289,.T.);
#4663=ORIENTED_EDGE('',*,*,#3288,.T.);
#4664=ORIENTED_EDGE('',*,*,#3290,.T.);
#4665=ORIENTED_EDGE('',*,*,#3293,.F.);
#4666=ORIENTED_EDGE('',*,*,#3272,.F.);
#4667=ORIENTED_EDGE('',*,*,#3294,.T.);
#4668=ORIENTED_EDGE('',*,*,#3268,.T.);
#4669=ORIENTED_EDGE('',*,*,#3275,.F.);
#4670=ORIENTED_EDGE('',*,*,#3292,.F.);
#4671=ORIENTED_EDGE('',*,*,#3285,.F.);
#4672=ORIENTED_EDGE('',*,*,#3269,.T.);
#4673=ORIENTED_EDGE('',*,*,#3294,.F.);
#4674=ORIENTED_EDGE('',*,*,#3291,.F.);
#4675=ORIENTED_EDGE('',*,*,#3295,.T.);
#4676=ORIENTED_EDGE('',*,*,#3296,.T.);
#4677=ORIENTED_EDGE('',*,*,#3297,.T.);
#4678=ORIENTED_EDGE('',*,*,#3298,.F.);
#4679=ORIENTED_EDGE('',*,*,#3299,.T.);
#4680=ORIENTED_EDGE('',*,*,#3300,.T.);
#4681=ORIENTED_EDGE('',*,*,#3301,.T.);
#4682=ORIENTED_EDGE('',*,*,#3296,.F.);
#4683=ORIENTED_EDGE('',*,*,#3302,.T.);
#4684=ORIENTED_EDGE('',*,*,#3303,.T.);
#4685=ORIENTED_EDGE('',*,*,#3304,.T.);
#4686=ORIENTED_EDGE('',*,*,#3300,.F.);
#4687=ORIENTED_EDGE('',*,*,#3305,.T.);
#4688=ORIENTED_EDGE('',*,*,#3303,.F.);
#4689=ORIENTED_EDGE('',*,*,#3306,.T.);
#4690=ORIENTED_EDGE('',*,*,#3298,.T.);
#4691=ORIENTED_EDGE('',*,*,#3305,.F.);
#4692=ORIENTED_EDGE('',*,*,#3307,.F.);
#4693=ORIENTED_EDGE('',*,*,#3308,.F.);
#4694=ORIENTED_EDGE('',*,*,#3309,.F.);
#4695=ORIENTED_EDGE('',*,*,#3310,.F.);
#4696=ORIENTED_EDGE('',*,*,#3311,.T.);
#4697=ORIENTED_EDGE('',*,*,#3312,.T.);
#4698=ORIENTED_EDGE('',*,*,#3313,.T.);
#4699=ORIENTED_EDGE('',*,*,#3297,.F.);
#4700=ORIENTED_EDGE('',*,*,#3314,.F.);
#4701=ORIENTED_EDGE('',*,*,#3315,.T.);
#4702=ORIENTED_EDGE('',*,*,#3307,.T.);
#4703=ORIENTED_EDGE('',*,*,#3295,.F.);
#4704=ORIENTED_EDGE('',*,*,#3306,.F.);
#4705=ORIENTED_EDGE('',*,*,#3302,.F.);
#4706=ORIENTED_EDGE('',*,*,#3299,.F.);
#4707=ORIENTED_EDGE('',*,*,#3316,.T.);
#4708=ORIENTED_EDGE('',*,*,#3317,.T.);
#4709=ORIENTED_EDGE('',*,*,#3318,.T.);
#4710=ORIENTED_EDGE('',*,*,#3319,.F.);
#4711=ORIENTED_EDGE('',*,*,#3320,.T.);
#4712=ORIENTED_EDGE('',*,*,#3321,.T.);
#4713=ORIENTED_EDGE('',*,*,#3322,.T.);
#4714=ORIENTED_EDGE('',*,*,#3317,.F.);
#4715=ORIENTED_EDGE('',*,*,#3323,.T.);
#4716=ORIENTED_EDGE('',*,*,#3324,.T.);
#4717=ORIENTED_EDGE('',*,*,#3325,.T.);
#4718=ORIENTED_EDGE('',*,*,#3319,.T.);
#4719=ORIENTED_EDGE('',*,*,#3310,.T.);
#4720=ORIENTED_EDGE('',*,*,#3324,.F.);
#4721=ORIENTED_EDGE('',*,*,#3326,.T.);
#4722=ORIENTED_EDGE('',*,*,#3321,.F.);
#4723=ORIENTED_EDGE('',*,*,#3320,.F.);
#4724=ORIENTED_EDGE('',*,*,#3327,.T.);
#4725=ORIENTED_EDGE('',*,*,#3328,.F.);
#4726=ORIENTED_EDGE('',*,*,#3311,.F.);
#4727=ORIENTED_EDGE('',*,*,#3301,.F.);
#4728=ORIENTED_EDGE('',*,*,#3329,.F.);
#4729=ORIENTED_EDGE('',*,*,#3330,.F.);
#4730=ORIENTED_EDGE('',*,*,#3327,.F.);
#4731=ORIENTED_EDGE('',*,*,#3316,.F.);
#4732=ORIENTED_EDGE('',*,*,#3331,.T.);
#4733=ORIENTED_EDGE('',*,*,#3332,.T.);
#4734=ORIENTED_EDGE('',*,*,#3314,.T.);
#4735=ORIENTED_EDGE('',*,*,#3318,.F.);
#4736=ORIENTED_EDGE('',*,*,#3322,.F.);
#4737=ORIENTED_EDGE('',*,*,#3326,.F.);
#4738=ORIENTED_EDGE('',*,*,#3323,.F.);
#4739=ORIENTED_EDGE('',*,*,#3304,.F.);
#4740=ORIENTED_EDGE('',*,*,#3313,.F.);
#4741=ORIENTED_EDGE('',*,*,#3333,.T.);
#4742=ORIENTED_EDGE('',*,*,#3329,.T.);
#4743=ORIENTED_EDGE('',*,*,#3328,.T.);
#4744=ORIENTED_EDGE('',*,*,#3330,.T.);
#4745=ORIENTED_EDGE('',*,*,#3333,.F.);
#4746=ORIENTED_EDGE('',*,*,#3312,.F.);
#4747=ORIENTED_EDGE('',*,*,#3334,.T.);
#4748=ORIENTED_EDGE('',*,*,#3308,.T.);
#4749=ORIENTED_EDGE('',*,*,#3315,.F.);
#4750=ORIENTED_EDGE('',*,*,#3332,.F.);
#4751=ORIENTED_EDGE('',*,*,#3325,.F.);
#4752=ORIENTED_EDGE('',*,*,#3309,.T.);
#4753=ORIENTED_EDGE('',*,*,#3334,.F.);
#4754=ORIENTED_EDGE('',*,*,#3331,.F.);
#4755=ORIENTED_EDGE('',*,*,#3335,.T.);
#4756=ORIENTED_EDGE('',*,*,#3336,.T.);
#4757=ORIENTED_EDGE('',*,*,#3337,.T.);
#4758=ORIENTED_EDGE('',*,*,#3338,.F.);
#4759=ORIENTED_EDGE('',*,*,#3339,.T.);
#4760=ORIENTED_EDGE('',*,*,#3340,.T.);
#4761=ORIENTED_EDGE('',*,*,#3341,.T.);
#4762=ORIENTED_EDGE('',*,*,#3336,.F.);
#4763=ORIENTED_EDGE('',*,*,#3342,.T.);
#4764=ORIENTED_EDGE('',*,*,#3343,.T.);
#4765=ORIENTED_EDGE('',*,*,#3344,.T.);
#4766=ORIENTED_EDGE('',*,*,#3340,.F.);
#4767=ORIENTED_EDGE('',*,*,#3345,.T.);
#4768=ORIENTED_EDGE('',*,*,#3343,.F.);
#4769=ORIENTED_EDGE('',*,*,#3346,.T.);
#4770=ORIENTED_EDGE('',*,*,#3338,.T.);
#4771=ORIENTED_EDGE('',*,*,#3345,.F.);
#4772=ORIENTED_EDGE('',*,*,#3347,.F.);
#4773=ORIENTED_EDGE('',*,*,#3348,.F.);
#4774=ORIENTED_EDGE('',*,*,#3349,.F.);
#4775=ORIENTED_EDGE('',*,*,#3350,.F.);
#4776=ORIENTED_EDGE('',*,*,#3351,.T.);
#4777=ORIENTED_EDGE('',*,*,#3352,.T.);
#4778=ORIENTED_EDGE('',*,*,#3353,.T.);
#4779=ORIENTED_EDGE('',*,*,#3337,.F.);
#4780=ORIENTED_EDGE('',*,*,#3354,.F.);
#4781=ORIENTED_EDGE('',*,*,#3355,.T.);
#4782=ORIENTED_EDGE('',*,*,#3347,.T.);
#4783=ORIENTED_EDGE('',*,*,#3335,.F.);
#4784=ORIENTED_EDGE('',*,*,#3346,.F.);
#4785=ORIENTED_EDGE('',*,*,#3342,.F.);
#4786=ORIENTED_EDGE('',*,*,#3339,.F.);
#4787=ORIENTED_EDGE('',*,*,#3356,.T.);
#4788=ORIENTED_EDGE('',*,*,#3357,.T.);
#4789=ORIENTED_EDGE('',*,*,#3358,.T.);
#4790=ORIENTED_EDGE('',*,*,#3359,.F.);
#4791=ORIENTED_EDGE('',*,*,#3360,.T.);
#4792=ORIENTED_EDGE('',*,*,#3361,.T.);
#4793=ORIENTED_EDGE('',*,*,#3362,.T.);
#4794=ORIENTED_EDGE('',*,*,#3357,.F.);
#4795=ORIENTED_EDGE('',*,*,#3363,.T.);
#4796=ORIENTED_EDGE('',*,*,#3364,.T.);
#4797=ORIENTED_EDGE('',*,*,#3365,.T.);
#4798=ORIENTED_EDGE('',*,*,#3359,.T.);
#4799=ORIENTED_EDGE('',*,*,#3350,.T.);
#4800=ORIENTED_EDGE('',*,*,#3364,.F.);
#4801=ORIENTED_EDGE('',*,*,#3366,.T.);
#4802=ORIENTED_EDGE('',*,*,#3361,.F.);
#4803=ORIENTED_EDGE('',*,*,#3360,.F.);
#4804=ORIENTED_EDGE('',*,*,#3367,.T.);
#4805=ORIENTED_EDGE('',*,*,#3368,.F.);
#4806=ORIENTED_EDGE('',*,*,#3351,.F.);
#4807=ORIENTED_EDGE('',*,*,#3341,.F.);
#4808=ORIENTED_EDGE('',*,*,#3369,.F.);
#4809=ORIENTED_EDGE('',*,*,#3370,.F.);
#4810=ORIENTED_EDGE('',*,*,#3367,.F.);
#4811=ORIENTED_EDGE('',*,*,#3356,.F.);
#4812=ORIENTED_EDGE('',*,*,#3371,.T.);
#4813=ORIENTED_EDGE('',*,*,#3372,.T.);
#4814=ORIENTED_EDGE('',*,*,#3354,.T.);
#4815=ORIENTED_EDGE('',*,*,#3358,.F.);
#4816=ORIENTED_EDGE('',*,*,#3362,.F.);
#4817=ORIENTED_EDGE('',*,*,#3366,.F.);
#4818=ORIENTED_EDGE('',*,*,#3363,.F.);
#4819=ORIENTED_EDGE('',*,*,#3344,.F.);
#4820=ORIENTED_EDGE('',*,*,#3353,.F.);
#4821=ORIENTED_EDGE('',*,*,#3373,.T.);
#4822=ORIENTED_EDGE('',*,*,#3369,.T.);
#4823=ORIENTED_EDGE('',*,*,#3368,.T.);
#4824=ORIENTED_EDGE('',*,*,#3370,.T.);
#4825=ORIENTED_EDGE('',*,*,#3373,.F.);
#4826=ORIENTED_EDGE('',*,*,#3352,.F.);
#4827=ORIENTED_EDGE('',*,*,#3374,.T.);
#4828=ORIENTED_EDGE('',*,*,#3348,.T.);
#4829=ORIENTED_EDGE('',*,*,#3355,.F.);
#4830=ORIENTED_EDGE('',*,*,#3372,.F.);
#4831=ORIENTED_EDGE('',*,*,#3365,.F.);
#4832=ORIENTED_EDGE('',*,*,#3349,.T.);
#4833=ORIENTED_EDGE('',*,*,#3374,.F.);
#4834=ORIENTED_EDGE('',*,*,#3371,.F.);
#4835=ORIENTED_EDGE('',*,*,#3375,.T.);
#4836=ORIENTED_EDGE('',*,*,#3376,.T.);
#4837=ORIENTED_EDGE('',*,*,#3377,.T.);
#4838=ORIENTED_EDGE('',*,*,#3378,.F.);
#4839=ORIENTED_EDGE('',*,*,#3379,.T.);
#4840=ORIENTED_EDGE('',*,*,#3380,.T.);
#4841=ORIENTED_EDGE('',*,*,#3381,.T.);
#4842=ORIENTED_EDGE('',*,*,#3376,.F.);
#4843=ORIENTED_EDGE('',*,*,#3382,.T.);
#4844=ORIENTED_EDGE('',*,*,#3383,.T.);
#4845=ORIENTED_EDGE('',*,*,#3384,.T.);
#4846=ORIENTED_EDGE('',*,*,#3380,.F.);
#4847=ORIENTED_EDGE('',*,*,#3385,.T.);
#4848=ORIENTED_EDGE('',*,*,#3383,.F.);
#4849=ORIENTED_EDGE('',*,*,#3386,.T.);
#4850=ORIENTED_EDGE('',*,*,#3378,.T.);
#4851=ORIENTED_EDGE('',*,*,#3385,.F.);
#4852=ORIENTED_EDGE('',*,*,#3387,.F.);
#4853=ORIENTED_EDGE('',*,*,#3388,.F.);
#4854=ORIENTED_EDGE('',*,*,#3389,.F.);
#4855=ORIENTED_EDGE('',*,*,#3390,.F.);
#4856=ORIENTED_EDGE('',*,*,#3391,.T.);
#4857=ORIENTED_EDGE('',*,*,#3392,.T.);
#4858=ORIENTED_EDGE('',*,*,#3393,.T.);
#4859=ORIENTED_EDGE('',*,*,#3377,.F.);
#4860=ORIENTED_EDGE('',*,*,#3394,.F.);
#4861=ORIENTED_EDGE('',*,*,#3395,.T.);
#4862=ORIENTED_EDGE('',*,*,#3387,.T.);
#4863=ORIENTED_EDGE('',*,*,#3375,.F.);
#4864=ORIENTED_EDGE('',*,*,#3386,.F.);
#4865=ORIENTED_EDGE('',*,*,#3382,.F.);
#4866=ORIENTED_EDGE('',*,*,#3379,.F.);
#4867=ORIENTED_EDGE('',*,*,#3396,.T.);
#4868=ORIENTED_EDGE('',*,*,#3397,.T.);
#4869=ORIENTED_EDGE('',*,*,#3398,.T.);
#4870=ORIENTED_EDGE('',*,*,#3399,.F.);
#4871=ORIENTED_EDGE('',*,*,#3400,.T.);
#4872=ORIENTED_EDGE('',*,*,#3401,.T.);
#4873=ORIENTED_EDGE('',*,*,#3402,.T.);
#4874=ORIENTED_EDGE('',*,*,#3397,.F.);
#4875=ORIENTED_EDGE('',*,*,#3403,.T.);
#4876=ORIENTED_EDGE('',*,*,#3404,.T.);
#4877=ORIENTED_EDGE('',*,*,#3405,.T.);
#4878=ORIENTED_EDGE('',*,*,#3399,.T.);
#4879=ORIENTED_EDGE('',*,*,#3390,.T.);
#4880=ORIENTED_EDGE('',*,*,#3404,.F.);
#4881=ORIENTED_EDGE('',*,*,#3406,.T.);
#4882=ORIENTED_EDGE('',*,*,#3401,.F.);
#4883=ORIENTED_EDGE('',*,*,#3400,.F.);
#4884=ORIENTED_EDGE('',*,*,#3407,.T.);
#4885=ORIENTED_EDGE('',*,*,#3408,.F.);
#4886=ORIENTED_EDGE('',*,*,#3391,.F.);
#4887=ORIENTED_EDGE('',*,*,#3381,.F.);
#4888=ORIENTED_EDGE('',*,*,#3409,.F.);
#4889=ORIENTED_EDGE('',*,*,#3410,.F.);
#4890=ORIENTED_EDGE('',*,*,#3407,.F.);
#4891=ORIENTED_EDGE('',*,*,#3396,.F.);
#4892=ORIENTED_EDGE('',*,*,#3411,.T.);
#4893=ORIENTED_EDGE('',*,*,#3412,.T.);
#4894=ORIENTED_EDGE('',*,*,#3394,.T.);
#4895=ORIENTED_EDGE('',*,*,#3398,.F.);
#4896=ORIENTED_EDGE('',*,*,#3402,.F.);
#4897=ORIENTED_EDGE('',*,*,#3406,.F.);
#4898=ORIENTED_EDGE('',*,*,#3403,.F.);
#4899=ORIENTED_EDGE('',*,*,#3384,.F.);
#4900=ORIENTED_EDGE('',*,*,#3393,.F.);
#4901=ORIENTED_EDGE('',*,*,#3413,.T.);
#4902=ORIENTED_EDGE('',*,*,#3409,.T.);
#4903=ORIENTED_EDGE('',*,*,#3408,.T.);
#4904=ORIENTED_EDGE('',*,*,#3410,.T.);
#4905=ORIENTED_EDGE('',*,*,#3413,.F.);
#4906=ORIENTED_EDGE('',*,*,#3392,.F.);
#4907=ORIENTED_EDGE('',*,*,#3414,.T.);
#4908=ORIENTED_EDGE('',*,*,#3388,.T.);
#4909=ORIENTED_EDGE('',*,*,#3395,.F.);
#4910=ORIENTED_EDGE('',*,*,#3412,.F.);
#4911=ORIENTED_EDGE('',*,*,#3405,.F.);
#4912=ORIENTED_EDGE('',*,*,#3389,.T.);
#4913=ORIENTED_EDGE('',*,*,#3414,.F.);
#4914=ORIENTED_EDGE('',*,*,#3411,.F.);
#4915=ORIENTED_EDGE('',*,*,#3415,.T.);
#4916=ORIENTED_EDGE('',*,*,#3416,.T.);
#4917=ORIENTED_EDGE('',*,*,#3417,.T.);
#4918=ORIENTED_EDGE('',*,*,#3418,.F.);
#4919=ORIENTED_EDGE('',*,*,#3419,.T.);
#4920=ORIENTED_EDGE('',*,*,#3420,.T.);
#4921=ORIENTED_EDGE('',*,*,#3421,.T.);
#4922=ORIENTED_EDGE('',*,*,#3416,.F.);
#4923=ORIENTED_EDGE('',*,*,#3422,.T.);
#4924=ORIENTED_EDGE('',*,*,#3423,.T.);
#4925=ORIENTED_EDGE('',*,*,#3424,.T.);
#4926=ORIENTED_EDGE('',*,*,#3420,.F.);
#4927=ORIENTED_EDGE('',*,*,#3425,.T.);
#4928=ORIENTED_EDGE('',*,*,#3423,.F.);
#4929=ORIENTED_EDGE('',*,*,#3426,.T.);
#4930=ORIENTED_EDGE('',*,*,#3418,.T.);
#4931=ORIENTED_EDGE('',*,*,#3425,.F.);
#4932=ORIENTED_EDGE('',*,*,#3427,.F.);
#4933=ORIENTED_EDGE('',*,*,#3428,.F.);
#4934=ORIENTED_EDGE('',*,*,#3429,.F.);
#4935=ORIENTED_EDGE('',*,*,#3430,.F.);
#4936=ORIENTED_EDGE('',*,*,#3431,.T.);
#4937=ORIENTED_EDGE('',*,*,#3432,.T.);
#4938=ORIENTED_EDGE('',*,*,#3433,.T.);
#4939=ORIENTED_EDGE('',*,*,#3417,.F.);
#4940=ORIENTED_EDGE('',*,*,#3434,.F.);
#4941=ORIENTED_EDGE('',*,*,#3435,.T.);
#4942=ORIENTED_EDGE('',*,*,#3427,.T.);
#4943=ORIENTED_EDGE('',*,*,#3415,.F.);
#4944=ORIENTED_EDGE('',*,*,#3426,.F.);
#4945=ORIENTED_EDGE('',*,*,#3422,.F.);
#4946=ORIENTED_EDGE('',*,*,#3419,.F.);
#4947=ORIENTED_EDGE('',*,*,#3436,.T.);
#4948=ORIENTED_EDGE('',*,*,#3437,.T.);
#4949=ORIENTED_EDGE('',*,*,#3438,.T.);
#4950=ORIENTED_EDGE('',*,*,#3439,.F.);
#4951=ORIENTED_EDGE('',*,*,#3440,.T.);
#4952=ORIENTED_EDGE('',*,*,#3441,.T.);
#4953=ORIENTED_EDGE('',*,*,#3442,.T.);
#4954=ORIENTED_EDGE('',*,*,#3437,.F.);
#4955=ORIENTED_EDGE('',*,*,#3443,.T.);
#4956=ORIENTED_EDGE('',*,*,#3444,.T.);
#4957=ORIENTED_EDGE('',*,*,#3445,.T.);
#4958=ORIENTED_EDGE('',*,*,#3439,.T.);
#4959=ORIENTED_EDGE('',*,*,#3430,.T.);
#4960=ORIENTED_EDGE('',*,*,#3444,.F.);
#4961=ORIENTED_EDGE('',*,*,#3446,.T.);
#4962=ORIENTED_EDGE('',*,*,#3441,.F.);
#4963=ORIENTED_EDGE('',*,*,#3440,.F.);
#4964=ORIENTED_EDGE('',*,*,#3447,.T.);
#4965=ORIENTED_EDGE('',*,*,#3448,.F.);
#4966=ORIENTED_EDGE('',*,*,#3431,.F.);
#4967=ORIENTED_EDGE('',*,*,#3421,.F.);
#4968=ORIENTED_EDGE('',*,*,#3449,.F.);
#4969=ORIENTED_EDGE('',*,*,#3450,.F.);
#4970=ORIENTED_EDGE('',*,*,#3447,.F.);
#4971=ORIENTED_EDGE('',*,*,#3436,.F.);
#4972=ORIENTED_EDGE('',*,*,#3451,.T.);
#4973=ORIENTED_EDGE('',*,*,#3452,.T.);
#4974=ORIENTED_EDGE('',*,*,#3434,.T.);
#4975=ORIENTED_EDGE('',*,*,#3438,.F.);
#4976=ORIENTED_EDGE('',*,*,#3442,.F.);
#4977=ORIENTED_EDGE('',*,*,#3446,.F.);
#4978=ORIENTED_EDGE('',*,*,#3443,.F.);
#4979=ORIENTED_EDGE('',*,*,#3424,.F.);
#4980=ORIENTED_EDGE('',*,*,#3433,.F.);
#4981=ORIENTED_EDGE('',*,*,#3453,.T.);
#4982=ORIENTED_EDGE('',*,*,#3449,.T.);
#4983=ORIENTED_EDGE('',*,*,#3448,.T.);
#4984=ORIENTED_EDGE('',*,*,#3450,.T.);
#4985=ORIENTED_EDGE('',*,*,#3453,.F.);
#4986=ORIENTED_EDGE('',*,*,#3432,.F.);
#4987=ORIENTED_EDGE('',*,*,#3454,.T.);
#4988=ORIENTED_EDGE('',*,*,#3428,.T.);
#4989=ORIENTED_EDGE('',*,*,#3435,.F.);
#4990=ORIENTED_EDGE('',*,*,#3452,.F.);
#4991=ORIENTED_EDGE('',*,*,#3445,.F.);
#4992=ORIENTED_EDGE('',*,*,#3429,.T.);
#4993=ORIENTED_EDGE('',*,*,#3454,.F.);
#4994=ORIENTED_EDGE('',*,*,#3451,.F.);
#4995=PLANE('',#5591);
#4996=PLANE('',#5592);
#4997=PLANE('',#5593);
#4998=PLANE('',#5594);
#4999=PLANE('',#5595);
#5000=PLANE('',#5596);
#5001=PLANE('',#5597);
#5002=PLANE('',#5598);
#5003=PLANE('',#5599);
#5004=PLANE('',#5600);
#5005=PLANE('',#5601);
#5006=PLANE('',#5602);
#5007=PLANE('',#5603);
#5008=PLANE('',#5604);
#5009=PLANE('',#5605);
#5010=PLANE('',#5606);
#5011=PLANE('',#5607);
#5012=PLANE('',#5608);
#5013=PLANE('',#5609);
#5014=PLANE('',#5610);
#5015=PLANE('',#5611);
#5016=PLANE('',#5612);
#5017=PLANE('',#5613);
#5018=PLANE('',#5614);
#5019=PLANE('',#5615);
#5020=PLANE('',#5616);
#5021=PLANE('',#5617);
#5022=PLANE('',#5618);
#5023=PLANE('',#5619);
#5024=PLANE('',#5620);
#5025=PLANE('',#5621);
#5026=PLANE('',#5622);
#5027=PLANE('',#5623);
#5028=PLANE('',#5624);
#5029=PLANE('',#5625);
#5030=PLANE('',#5626);
#5031=PLANE('',#5627);
#5032=PLANE('',#5628);
#5033=PLANE('',#5629);
#5034=PLANE('',#5630);
#5035=PLANE('',#5631);
#5036=PLANE('',#5632);
#5037=PLANE('',#5633);
#5038=PLANE('',#5634);
#5039=PLANE('',#5635);
#5040=PLANE('',#5636);
#5041=PLANE('',#5637);
#5042=PLANE('',#5638);
#5043=PLANE('',#5639);
#5044=PLANE('',#5640);
#5045=PLANE('',#5641);
#5046=PLANE('',#5642);
#5047=PLANE('',#5643);
#5048=PLANE('',#5644);
#5049=PLANE('',#5645);
#5050=PLANE('',#5646);
#5051=PLANE('',#5647);
#5052=PLANE('',#5648);
#5053=PLANE('',#5649);
#5054=PLANE('',#5650);
#5055=PLANE('',#5651);
#5056=PLANE('',#5652);
#5057=PLANE('',#5653);
#5058=PLANE('',#5654);
#5059=PLANE('',#5655);
#5060=PLANE('',#5656);
#5061=PLANE('',#5657);
#5062=PLANE('',#5658);
#5063=PLANE('',#5659);
#5064=PLANE('',#5660);
#5065=PLANE('',#5661);
#5066=PLANE('',#5662);
#5067=PLANE('',#5663);
#5068=PLANE('',#5664);
#5069=PLANE('',#5665);
#5070=PLANE('',#5666);
#5071=PLANE('',#5667);
#5072=PLANE('',#5668);
#5073=PLANE('',#5669);
#5074=PLANE('',#5670);
#5075=PLANE('',#5671);
#5076=PLANE('',#5672);
#5077=PLANE('',#5673);
#5078=PLANE('',#5674);
#5079=PLANE('',#5675);
#5080=PLANE('',#5676);
#5081=PLANE('',#5677);
#5082=PLANE('',#5678);
#5083=PLANE('',#5679);
#5084=PLANE('',#5680);
#5085=PLANE('',#5681);
#5086=PLANE('',#5682);
#5087=PLANE('',#5683);
#5088=PLANE('',#5684);
#5089=PLANE('',#5685);
#5090=PLANE('',#5686);
#5091=PLANE('',#5687);
#5092=PLANE('',#5688);
#5093=PLANE('',#5689);
#5094=PLANE('',#5690);
#5095=PLANE('',#5691);
#5096=PLANE('',#5692);
#5097=PLANE('',#5693);
#5098=PLANE('',#5694);
#5099=PLANE('',#5695);
#5100=PLANE('',#5696);
#5101=PLANE('',#5697);
#5102=PLANE('',#5698);
#5103=PLANE('',#5699);
#5104=PLANE('',#5700);
#5105=PLANE('',#5701);
#5106=PLANE('',#5702);
#5107=PLANE('',#5703);
#5108=PLANE('',#5704);
#5109=PLANE('',#5705);
#5110=PLANE('',#5706);
#5111=PLANE('',#5707);
#5112=PLANE('',#5708);
#5113=PLANE('',#5709);
#5114=PLANE('',#5710);
#5115=PLANE('',#5711);
#5116=PLANE('',#5712);
#5117=PLANE('',#5713);
#5118=PLANE('',#5714);
#5119=PLANE('',#5715);
#5120=PLANE('',#5716);
#5121=PLANE('',#5717);
#5122=PLANE('',#5720);
#5123=PLANE('',#5721);
#5124=PLANE('',#5722);
#5125=PLANE('',#5723);
#5126=PLANE('',#5724);
#5127=PLANE('',#5725);
#5128=PLANE('',#5726);
#5129=PLANE('',#5727);
#5130=PLANE('',#5730);
#5131=PLANE('',#5731);
#5132=PLANE('',#5734);
#5133=PLANE('',#5735);
#5134=PLANE('',#5736);
#5135=PLANE('',#5737);
#5136=PLANE('',#5738);
#5137=PLANE('',#5739);
#5138=PLANE('',#5742);
#5139=PLANE('',#5743);
#5140=PLANE('',#5744);
#5141=PLANE('',#5745);
#5142=PLANE('',#5746);
#5143=PLANE('',#5747);
#5144=PLANE('',#5748);
#5145=PLANE('',#5749);
#5146=PLANE('',#5752);
#5147=PLANE('',#5753);
#5148=PLANE('',#5756);
#5149=PLANE('',#5757);
#5150=PLANE('',#5758);
#5151=PLANE('',#5759);
#5152=PLANE('',#5760);
#5153=PLANE('',#5761);
#5154=PLANE('',#5764);
#5155=PLANE('',#5765);
#5156=PLANE('',#5766);
#5157=PLANE('',#5767);
#5158=PLANE('',#5768);
#5159=PLANE('',#5769);
#5160=PLANE('',#5770);
#5161=PLANE('',#5771);
#5162=PLANE('',#5774);
#5163=PLANE('',#5775);
#5164=PLANE('',#5778);
#5165=PLANE('',#5779);
#5166=PLANE('',#5780);
#5167=PLANE('',#5781);
#5168=PLANE('',#5782);
#5169=PLANE('',#5783);
#5170=PLANE('',#5786);
#5171=PLANE('',#5787);
#5172=PLANE('',#5788);
#5173=PLANE('',#5789);
#5174=PLANE('',#5790);
#5175=PLANE('',#5791);
#5176=PLANE('',#5792);
#5177=PLANE('',#5793);
#5178=PLANE('',#5796);
#5179=PLANE('',#5797);
#5180=PLANE('',#5800);
#5181=PLANE('',#5801);
#5182=PLANE('',#5802);
#5183=PLANE('',#5803);
#5184=PLANE('',#5804);
#5185=PLANE('',#5805);
#5186=PLANE('',#5808);
#5187=PLANE('',#5809);
#5188=PLANE('',#5810);
#5189=PLANE('',#5811);
#5190=PLANE('',#5812);
#5191=PLANE('',#5813);
#5192=PLANE('',#5814);
#5193=PLANE('',#5815);
#5194=PLANE('',#5818);
#5195=PLANE('',#5819);
#5196=PLANE('',#5822);
#5197=PLANE('',#5823);
#5198=PLANE('',#5824);
#5199=PLANE('',#5825);
#5200=PLANE('',#5826);
#5201=PLANE('',#5827);
#5202=PLANE('',#5830);
#5203=PLANE('',#5831);
#5204=PLANE('',#5832);
#5205=PLANE('',#5833);
#5206=PLANE('',#5834);
#5207=PLANE('',#5835);
#5208=PLANE('',#5836);
#5209=PLANE('',#5837);
#5210=PLANE('',#5840);
#5211=PLANE('',#5841);
#5212=PLANE('',#5844);
#5213=PLANE('',#5845);
#5214=PLANE('',#5846);
#5215=PLANE('',#5847);
#5216=PLANE('',#5848);
#5217=PLANE('',#5849);
#5218=PLANE('',#5852);
#5219=PLANE('',#5853);
#5220=PLANE('',#5854);
#5221=PLANE('',#5855);
#5222=PLANE('',#5856);
#5223=PLANE('',#5857);
#5224=PLANE('',#5858);
#5225=PLANE('',#5859);
#5226=PLANE('',#5862);
#5227=PLANE('',#5863);
#5228=PLANE('',#5866);
#5229=PLANE('',#5867);
#5230=PLANE('',#5868);
#5231=PLANE('',#5869);
#5232=PLANE('',#5870);
#5233=PLANE('',#5871);
#5234=PLANE('',#5874);
#5235=PLANE('',#5875);
#5236=PLANE('',#5876);
#5237=PLANE('',#5877);
#5238=PLANE('',#5878);
#5239=PLANE('',#5879);
#5240=PLANE('',#5880);
#5241=PLANE('',#5881);
#5242=PLANE('',#5884);
#5243=PLANE('',#5885);
#5244=PLANE('',#5888);
#5245=PLANE('',#5889);
#5246=PLANE('',#5890);
#5247=PLANE('',#5891);
#5248=PLANE('',#5892);
#5249=PLANE('',#5893);
#5250=PLANE('',#5896);
#5251=PLANE('',#5897);
#5252=PLANE('',#5898);
#5253=PLANE('',#5899);
#5254=PLANE('',#5900);
#5255=PLANE('',#5901);
#5256=PLANE('',#5902);
#5257=PLANE('',#5903);
#5258=PLANE('',#5906);
#5259=PLANE('',#5907);
#5260=PLANE('',#5910);
#5261=PLANE('',#5911);
#5262=PLANE('',#5912);
#5263=PLANE('',#5913);
#5264=PLANE('',#5914);
#5265=PLANE('',#5915);
#5266=PLANE('',#5918);
#5267=PLANE('',#5919);
#5268=PLANE('',#5920);
#5269=PLANE('',#5921);
#5270=PLANE('',#5922);
#5271=PLANE('',#5923);
#5272=PLANE('',#5924);
#5273=PLANE('',#5925);
#5274=PLANE('',#5928);
#5275=PLANE('',#5929);
#5276=PLANE('',#5932);
#5277=ADVANCED_FACE('',(#115),#4995,.F.);
#5278=ADVANCED_FACE('',(#116),#4996,.F.);
#5279=ADVANCED_FACE('',(#117),#4997,.F.);
#5280=ADVANCED_FACE('',(#118),#4998,.F.);
#5281=ADVANCED_FACE('',(#119),#4999,.F.);
#5282=ADVANCED_FACE('',(#120),#5000,.F.);
#5283=ADVANCED_FACE('',(#121),#5001,.T.);
#5284=ADVANCED_FACE('',(#122),#5002,.T.);
#5285=ADVANCED_FACE('',(#123),#5003,.T.);
#5286=ADVANCED_FACE('',(#124),#5004,.F.);
#5287=ADVANCED_FACE('',(#125),#5005,.T.);
#5288=ADVANCED_FACE('',(#126),#5006,.T.);
#5289=ADVANCED_FACE('',(#127),#5007,.T.);
#5290=ADVANCED_FACE('',(#128),#5008,.T.);
#5291=ADVANCED_FACE('',(#129),#5009,.T.);
#5292=ADVANCED_FACE('',(#130,#95),#5010,.F.);
#5293=ADVANCED_FACE('',(#131),#5011,.T.);
#5294=ADVANCED_FACE('',(#132),#5012,.F.);
#5295=ADVANCED_FACE('',(#133),#5013,.F.);
#5296=ADVANCED_FACE('',(#134),#5014,.F.);
#5297=ADVANCED_FACE('',(#135),#5015,.F.);
#5298=ADVANCED_FACE('',(#136),#5016,.F.);
#5299=ADVANCED_FACE('',(#137),#5017,.F.);
#5300=ADVANCED_FACE('',(#138),#5018,.F.);
#5301=ADVANCED_FACE('',(#139),#5019,.F.);
#5302=ADVANCED_FACE('',(#140),#5020,.F.);
#5303=ADVANCED_FACE('',(#141),#5021,.F.);
#5304=ADVANCED_FACE('',(#142),#5022,.F.);
#5305=ADVANCED_FACE('',(#143,#96),#5023,.F.);
#5306=ADVANCED_FACE('',(#144),#5024,.F.);
#5307=ADVANCED_FACE('',(#145),#5025,.T.);
#5308=ADVANCED_FACE('',(#146),#5026,.T.);
#5309=ADVANCED_FACE('',(#147),#5027,.T.);
#5310=ADVANCED_FACE('',(#148),#5028,.T.);
#5311=ADVANCED_FACE('',(#149),#5029,.T.);
#5312=ADVANCED_FACE('',(#150),#5030,.F.);
#5313=ADVANCED_FACE('',(#151),#5031,.F.);
#5314=ADVANCED_FACE('',(#152),#5032,.T.);
#5315=ADVANCED_FACE('',(#153),#5033,.F.);
#5316=ADVANCED_FACE('',(#154),#5034,.F.);
#5317=ADVANCED_FACE('',(#155),#5035,.F.);
#5318=ADVANCED_FACE('',(#156),#5036,.F.);
#5319=ADVANCED_FACE('',(#157),#5037,.F.);
#5320=ADVANCED_FACE('',(#158,#97),#5038,.F.);
#5321=ADVANCED_FACE('',(#159),#5039,.F.);
#5322=ADVANCED_FACE('',(#160),#5040,.T.);
#5323=ADVANCED_FACE('',(#161),#5041,.F.);
#5324=ADVANCED_FACE('',(#162),#5042,.F.);
#5325=ADVANCED_FACE('',(#163),#5043,.F.);
#5326=ADVANCED_FACE('',(#164),#5044,.F.);
#5327=ADVANCED_FACE('',(#165),#5045,.F.);
#5328=ADVANCED_FACE('',(#166,#98),#5046,.F.);
#5329=ADVANCED_FACE('',(#167),#5047,.F.);
#5330=ADVANCED_FACE('',(#168),#5048,.T.);
#5331=ADVANCED_FACE('',(#169),#5049,.F.);
#5332=ADVANCED_FACE('',(#170),#5050,.F.);
#5333=ADVANCED_FACE('',(#171),#5051,.F.);
#5334=ADVANCED_FACE('',(#172),#5052,.F.);
#5335=ADVANCED_FACE('',(#173),#5053,.F.);
#5336=ADVANCED_FACE('',(#174,#99),#5054,.F.);
#5337=ADVANCED_FACE('',(#175),#5055,.F.);
#5338=ADVANCED_FACE('',(#176),#5056,.T.);
#5339=ADVANCED_FACE('',(#177),#5057,.F.);
#5340=ADVANCED_FACE('',(#178),#5058,.F.);
#5341=ADVANCED_FACE('',(#179),#5059,.F.);
#5342=ADVANCED_FACE('',(#180),#5060,.F.);
#5343=ADVANCED_FACE('',(#181),#5061,.F.);
#5344=ADVANCED_FACE('',(#182,#100),#5062,.F.);
#5345=ADVANCED_FACE('',(#183),#5063,.F.);
#5346=ADVANCED_FACE('',(#184),#5064,.T.);
#5347=ADVANCED_FACE('',(#185),#5065,.F.);
#5348=ADVANCED_FACE('',(#186),#5066,.F.);
#5349=ADVANCED_FACE('',(#187),#5067,.F.);
#5350=ADVANCED_FACE('',(#188),#5068,.F.);
#5351=ADVANCED_FACE('',(#189),#5069,.F.);
#5352=ADVANCED_FACE('',(#190,#101),#5070,.F.);
#5353=ADVANCED_FACE('',(#191),#5071,.F.);
#5354=ADVANCED_FACE('',(#192),#5072,.T.);
#5355=ADVANCED_FACE('',(#193),#5073,.F.);
#5356=ADVANCED_FACE('',(#194),#5074,.F.);
#5357=ADVANCED_FACE('',(#195),#5075,.F.);
#5358=ADVANCED_FACE('',(#196),#5076,.F.);
#5359=ADVANCED_FACE('',(#197),#5077,.F.);
#5360=ADVANCED_FACE('',(#198,#102),#5078,.F.);
#5361=ADVANCED_FACE('',(#199),#5079,.F.);
#5362=ADVANCED_FACE('',(#200),#5080,.T.);
#5363=ADVANCED_FACE('',(#201),#5081,.F.);
#5364=ADVANCED_FACE('',(#202),#5082,.F.);
#5365=ADVANCED_FACE('',(#203),#5083,.F.);
#5366=ADVANCED_FACE('',(#204),#5084,.F.);
#5367=ADVANCED_FACE('',(#205),#5085,.F.);
#5368=ADVANCED_FACE('',(#206,#103),#5086,.F.);
#5369=ADVANCED_FACE('',(#207),#5087,.F.);
#5370=ADVANCED_FACE('',(#208),#5088,.T.);
#5371=ADVANCED_FACE('',(#209),#5089,.F.);
#5372=ADVANCED_FACE('',(#210),#5090,.F.);
#5373=ADVANCED_FACE('',(#211),#5091,.F.);
#5374=ADVANCED_FACE('',(#212),#5092,.F.);
#5375=ADVANCED_FACE('',(#213),#5093,.F.);
#5376=ADVANCED_FACE('',(#214,#104),#5094,.F.);
#5377=ADVANCED_FACE('',(#215),#5095,.F.);
#5378=ADVANCED_FACE('',(#216),#5096,.T.);
#5379=ADVANCED_FACE('',(#217),#5097,.F.);
#5380=ADVANCED_FACE('',(#218),#5098,.F.);
#5381=ADVANCED_FACE('',(#219),#5099,.F.);
#5382=ADVANCED_FACE('',(#220),#5100,.F.);
#5383=ADVANCED_FACE('',(#221),#5101,.F.);
#5384=ADVANCED_FACE('',(#222),#5102,.F.);
#5385=ADVANCED_FACE('',(#223),#5103,.F.);
#5386=ADVANCED_FACE('',(#224),#5104,.F.);
#5387=ADVANCED_FACE('',(#225),#5105,.F.);
#5388=ADVANCED_FACE('',(#226),#5106,.F.);
#5389=ADVANCED_FACE('',(#227),#5107,.F.);
#5390=ADVANCED_FACE('',(#228),#5108,.T.);
#5391=ADVANCED_FACE('',(#229,#105,#106,#107,#108,#109,#110,#111,#112,#113,
#114),#5109,.F.);
#5392=ADVANCED_FACE('',(#230),#5110,.F.);
#5393=ADVANCED_FACE('',(#231),#5111,.F.);
#5394=ADVANCED_FACE('',(#232),#5112,.T.);
#5395=ADVANCED_FACE('',(#233),#5113,.T.);
#5396=ADVANCED_FACE('',(#234),#5114,.T.);
#5397=ADVANCED_FACE('',(#235),#5115,.T.);
#5398=ADVANCED_FACE('',(#236),#5116,.T.);
#5399=ADVANCED_FACE('',(#237),#5117,.T.);
#5400=ADVANCED_FACE('',(#238),#5118,.T.);
#5401=ADVANCED_FACE('',(#239),#5119,.T.);
#5402=ADVANCED_FACE('',(#240),#5120,.T.);
#5403=ADVANCED_FACE('',(#241),#5121,.T.);
#5404=ADVANCED_FACE('',(#242),#5122,.T.);
#5405=ADVANCED_FACE('',(#243),#5123,.F.);
#5406=ADVANCED_FACE('',(#244),#5124,.T.);
#5407=ADVANCED_FACE('',(#245),#5125,.T.);
#5408=ADVANCED_FACE('',(#246),#5126,.T.);
#5409=ADVANCED_FACE('',(#247),#5127,.T.);
#5410=ADVANCED_FACE('',(#248),#5128,.T.);
#5411=ADVANCED_FACE('',(#249),#5129,.T.);
#5412=ADVANCED_FACE('',(#250),#5130,.T.);
#5413=ADVANCED_FACE('',(#251),#5131,.T.);
#5414=ADVANCED_FACE('',(#252),#13,.F.);
#5415=ADVANCED_FACE('',(#253),#14,.T.);
#5416=ADVANCED_FACE('',(#254),#5132,.T.);
#5417=ADVANCED_FACE('',(#255),#5133,.T.);
#5418=ADVANCED_FACE('',(#256),#5134,.T.);
#5419=ADVANCED_FACE('',(#257),#5135,.T.);
#5420=ADVANCED_FACE('',(#258),#5136,.T.);
#5421=ADVANCED_FACE('',(#259),#5137,.T.);
#5422=ADVANCED_FACE('',(#260),#5138,.T.);
#5423=ADVANCED_FACE('',(#261),#5139,.F.);
#5424=ADVANCED_FACE('',(#262),#5140,.T.);
#5425=ADVANCED_FACE('',(#263),#5141,.T.);
#5426=ADVANCED_FACE('',(#264),#5142,.T.);
#5427=ADVANCED_FACE('',(#265),#5143,.T.);
#5428=ADVANCED_FACE('',(#266),#5144,.T.);
#5429=ADVANCED_FACE('',(#267),#5145,.T.);
#5430=ADVANCED_FACE('',(#268),#5146,.T.);
#5431=ADVANCED_FACE('',(#269),#5147,.T.);
#5432=ADVANCED_FACE('',(#270),#15,.F.);
#5433=ADVANCED_FACE('',(#271),#16,.T.);
#5434=ADVANCED_FACE('',(#272),#5148,.T.);
#5435=ADVANCED_FACE('',(#273),#5149,.T.);
#5436=ADVANCED_FACE('',(#274),#5150,.T.);
#5437=ADVANCED_FACE('',(#275),#5151,.T.);
#5438=ADVANCED_FACE('',(#276),#5152,.T.);
#5439=ADVANCED_FACE('',(#277),#5153,.T.);
#5440=ADVANCED_FACE('',(#278),#5154,.T.);
#5441=ADVANCED_FACE('',(#279),#5155,.F.);
#5442=ADVANCED_FACE('',(#280),#5156,.T.);
#5443=ADVANCED_FACE('',(#281),#5157,.T.);
#5444=ADVANCED_FACE('',(#282),#5158,.T.);
#5445=ADVANCED_FACE('',(#283),#5159,.T.);
#5446=ADVANCED_FACE('',(#284),#5160,.T.);
#5447=ADVANCED_FACE('',(#285),#5161,.T.);
#5448=ADVANCED_FACE('',(#286),#5162,.T.);
#5449=ADVANCED_FACE('',(#287),#5163,.T.);
#5450=ADVANCED_FACE('',(#288),#17,.F.);
#5451=ADVANCED_FACE('',(#289),#18,.T.);
#5452=ADVANCED_FACE('',(#290),#5164,.T.);
#5453=ADVANCED_FACE('',(#291),#5165,.T.);
#5454=ADVANCED_FACE('',(#292),#5166,.T.);
#5455=ADVANCED_FACE('',(#293),#5167,.T.);
#5456=ADVANCED_FACE('',(#294),#5168,.T.);
#5457=ADVANCED_FACE('',(#295),#5169,.T.);
#5458=ADVANCED_FACE('',(#296),#5170,.T.);
#5459=ADVANCED_FACE('',(#297),#5171,.F.);
#5460=ADVANCED_FACE('',(#298),#5172,.T.);
#5461=ADVANCED_FACE('',(#299),#5173,.T.);
#5462=ADVANCED_FACE('',(#300),#5174,.T.);
#5463=ADVANCED_FACE('',(#301),#5175,.T.);
#5464=ADVANCED_FACE('',(#302),#5176,.T.);
#5465=ADVANCED_FACE('',(#303),#5177,.T.);
#5466=ADVANCED_FACE('',(#304),#5178,.T.);
#5467=ADVANCED_FACE('',(#305),#5179,.T.);
#5468=ADVANCED_FACE('',(#306),#19,.F.);
#5469=ADVANCED_FACE('',(#307),#20,.T.);
#5470=ADVANCED_FACE('',(#308),#5180,.T.);
#5471=ADVANCED_FACE('',(#309),#5181,.T.);
#5472=ADVANCED_FACE('',(#310),#5182,.T.);
#5473=ADVANCED_FACE('',(#311),#5183,.T.);
#5474=ADVANCED_FACE('',(#312),#5184,.T.);
#5475=ADVANCED_FACE('',(#313),#5185,.T.);
#5476=ADVANCED_FACE('',(#314),#5186,.T.);
#5477=ADVANCED_FACE('',(#315),#5187,.F.);
#5478=ADVANCED_FACE('',(#316),#5188,.T.);
#5479=ADVANCED_FACE('',(#317),#5189,.T.);
#5480=ADVANCED_FACE('',(#318),#5190,.T.);
#5481=ADVANCED_FACE('',(#319),#5191,.T.);
#5482=ADVANCED_FACE('',(#320),#5192,.T.);
#5483=ADVANCED_FACE('',(#321),#5193,.T.);
#5484=ADVANCED_FACE('',(#322),#5194,.T.);
#5485=ADVANCED_FACE('',(#323),#5195,.T.);
#5486=ADVANCED_FACE('',(#324),#21,.F.);
#5487=ADVANCED_FACE('',(#325),#22,.T.);
#5488=ADVANCED_FACE('',(#326),#5196,.T.);
#5489=ADVANCED_FACE('',(#327),#5197,.T.);
#5490=ADVANCED_FACE('',(#328),#5198,.T.);
#5491=ADVANCED_FACE('',(#329),#5199,.T.);
#5492=ADVANCED_FACE('',(#330),#5200,.T.);
#5493=ADVANCED_FACE('',(#331),#5201,.T.);
#5494=ADVANCED_FACE('',(#332),#5202,.T.);
#5495=ADVANCED_FACE('',(#333),#5203,.F.);
#5496=ADVANCED_FACE('',(#334),#5204,.T.);
#5497=ADVANCED_FACE('',(#335),#5205,.T.);
#5498=ADVANCED_FACE('',(#336),#5206,.T.);
#5499=ADVANCED_FACE('',(#337),#5207,.T.);
#5500=ADVANCED_FACE('',(#338),#5208,.T.);
#5501=ADVANCED_FACE('',(#339),#5209,.T.);
#5502=ADVANCED_FACE('',(#340),#5210,.T.);
#5503=ADVANCED_FACE('',(#341),#5211,.T.);
#5504=ADVANCED_FACE('',(#342),#23,.F.);
#5505=ADVANCED_FACE('',(#343),#24,.T.);
#5506=ADVANCED_FACE('',(#344),#5212,.T.);
#5507=ADVANCED_FACE('',(#345),#5213,.T.);
#5508=ADVANCED_FACE('',(#346),#5214,.T.);
#5509=ADVANCED_FACE('',(#347),#5215,.T.);
#5510=ADVANCED_FACE('',(#348),#5216,.T.);
#5511=ADVANCED_FACE('',(#349),#5217,.T.);
#5512=ADVANCED_FACE('',(#350),#5218,.T.);
#5513=ADVANCED_FACE('',(#351),#5219,.F.);
#5514=ADVANCED_FACE('',(#352),#5220,.T.);
#5515=ADVANCED_FACE('',(#353),#5221,.T.);
#5516=ADVANCED_FACE('',(#354),#5222,.T.);
#5517=ADVANCED_FACE('',(#355),#5223,.T.);
#5518=ADVANCED_FACE('',(#356),#5224,.T.);
#5519=ADVANCED_FACE('',(#357),#5225,.T.);
#5520=ADVANCED_FACE('',(#358),#5226,.T.);
#5521=ADVANCED_FACE('',(#359),#5227,.T.);
#5522=ADVANCED_FACE('',(#360),#25,.F.);
#5523=ADVANCED_FACE('',(#361),#26,.T.);
#5524=ADVANCED_FACE('',(#362),#5228,.T.);
#5525=ADVANCED_FACE('',(#363),#5229,.T.);
#5526=ADVANCED_FACE('',(#364),#5230,.T.);
#5527=ADVANCED_FACE('',(#365),#5231,.T.);
#5528=ADVANCED_FACE('',(#366),#5232,.T.);
#5529=ADVANCED_FACE('',(#367),#5233,.T.);
#5530=ADVANCED_FACE('',(#368),#5234,.T.);
#5531=ADVANCED_FACE('',(#369),#5235,.F.);
#5532=ADVANCED_FACE('',(#370),#5236,.T.);
#5533=ADVANCED_FACE('',(#371),#5237,.T.);
#5534=ADVANCED_FACE('',(#372),#5238,.T.);
#5535=ADVANCED_FACE('',(#373),#5239,.T.);
#5536=ADVANCED_FACE('',(#374),#5240,.T.);
#5537=ADVANCED_FACE('',(#375),#5241,.T.);
#5538=ADVANCED_FACE('',(#376),#5242,.T.);
#5539=ADVANCED_FACE('',(#377),#5243,.T.);
#5540=ADVANCED_FACE('',(#378),#27,.F.);
#5541=ADVANCED_FACE('',(#379),#28,.T.);
#5542=ADVANCED_FACE('',(#380),#5244,.T.);
#5543=ADVANCED_FACE('',(#381),#5245,.T.);
#5544=ADVANCED_FACE('',(#382),#5246,.T.);
#5545=ADVANCED_FACE('',(#383),#5247,.T.);
#5546=ADVANCED_FACE('',(#384),#5248,.T.);
#5547=ADVANCED_FACE('',(#385),#5249,.T.);
#5548=ADVANCED_FACE('',(#386),#5250,.T.);
#5549=ADVANCED_FACE('',(#387),#5251,.F.);
#5550=ADVANCED_FACE('',(#388),#5252,.T.);
#5551=ADVANCED_FACE('',(#389),#5253,.T.);
#5552=ADVANCED_FACE('',(#390),#5254,.T.);
#5553=ADVANCED_FACE('',(#391),#5255,.T.);
#5554=ADVANCED_FACE('',(#392),#5256,.T.);
#5555=ADVANCED_FACE('',(#393),#5257,.T.);
#5556=ADVANCED_FACE('',(#394),#5258,.T.);
#5557=ADVANCED_FACE('',(#395),#5259,.T.);
#5558=ADVANCED_FACE('',(#396),#29,.F.);
#5559=ADVANCED_FACE('',(#397),#30,.T.);
#5560=ADVANCED_FACE('',(#398),#5260,.T.);
#5561=ADVANCED_FACE('',(#399),#5261,.T.);
#5562=ADVANCED_FACE('',(#400),#5262,.T.);
#5563=ADVANCED_FACE('',(#401),#5263,.T.);
#5564=ADVANCED_FACE('',(#402),#5264,.T.);
#5565=ADVANCED_FACE('',(#403),#5265,.T.);
#5566=ADVANCED_FACE('',(#404),#5266,.T.);
#5567=ADVANCED_FACE('',(#405),#5267,.F.);
#5568=ADVANCED_FACE('',(#406),#5268,.T.);
#5569=ADVANCED_FACE('',(#407),#5269,.T.);
#5570=ADVANCED_FACE('',(#408),#5270,.T.);
#5571=ADVANCED_FACE('',(#409),#5271,.T.);
#5572=ADVANCED_FACE('',(#410),#5272,.T.);
#5573=ADVANCED_FACE('',(#411),#5273,.T.);
#5574=ADVANCED_FACE('',(#412),#5274,.T.);
#5575=ADVANCED_FACE('',(#413),#5275,.T.);
#5576=ADVANCED_FACE('',(#414),#31,.F.);
#5577=ADVANCED_FACE('',(#415),#32,.T.);
#5578=ADVANCED_FACE('',(#416),#5276,.T.);
#5579=CLOSED_SHELL('',(#5277,#5278,#5279,#5280,#5281,#5282,#5283,#5284,
#5285,#5286,#5287,#5288,#5289,#5290,#5291,#5292,#5293,#5294,#5295,#5296,
#5297,#5298,#5299,#5300,#5301,#5302,#5303,#5304,#5305,#5306,#5307,#5308,
#5309,#5310,#5311,#5312,#5313,#5314,#5315,#5316,#5317,#5318,#5319,#5320,
#5321,#5322,#5323,#5324,#5325,#5326,#5327,#5328,#5329,#5330,#5331,#5332,
#5333,#5334,#5335,#5336,#5337,#5338,#5339,#5340,#5341,#5342,#5343,#5344,
#5345,#5346,#5347,#5348,#5349,#5350,#5351,#5352,#5353,#5354,#5355,#5356,
#5357,#5358,#5359,#5360,#5361,#5362,#5363,#5364,#5365,#5366,#5367,#5368,
#5369,#5370,#5371,#5372,#5373,#5374,#5375,#5376,#5377,#5378,#5379,#5380,
#5381,#5382,#5383,#5384,#5385,#5386,#5387,#5388,#5389,#5390,#5391,#5392,
#5393,#5394,#5395,#5396,#5397,#5398));
#5580=CLOSED_SHELL('',(#5399,#5400,#5401,#5402,#5403,#5404,#5405,#5406,
#5407,#5408,#5409,#5410,#5411,#5412,#5413,#5414,#5415,#5416));
#5581=CLOSED_SHELL('',(#5417,#5418,#5419,#5420,#5421,#5422,#5423,#5424,
#5425,#5426,#5427,#5428,#5429,#5430,#5431,#5432,#5433,#5434));
#5582=CLOSED_SHELL('',(#5435,#5436,#5437,#5438,#5439,#5440,#5441,#5442,
#5443,#5444,#5445,#5446,#5447,#5448,#5449,#5450,#5451,#5452));
#5583=CLOSED_SHELL('',(#5453,#5454,#5455,#5456,#5457,#5458,#5459,#5460,
#5461,#5462,#5463,#5464,#5465,#5466,#5467,#5468,#5469,#5470));
#5584=CLOSED_SHELL('',(#5471,#5472,#5473,#5474,#5475,#5476,#5477,#5478,
#5479,#5480,#5481,#5482,#5483,#5484,#5485,#5486,#5487,#5488));
#5585=CLOSED_SHELL('',(#5489,#5490,#5491,#5492,#5493,#5494,#5495,#5496,
#5497,#5498,#5499,#5500,#5501,#5502,#5503,#5504,#5505,#5506));
#5586=CLOSED_SHELL('',(#5507,#5508,#5509,#5510,#5511,#5512,#5513,#5514,
#5515,#5516,#5517,#5518,#5519,#5520,#5521,#5522,#5523,#5524));
#5587=CLOSED_SHELL('',(#5525,#5526,#5527,#5528,#5529,#5530,#5531,#5532,
#5533,#5534,#5535,#5536,#5537,#5538,#5539,#5540,#5541,#5542));
#5588=CLOSED_SHELL('',(#5543,#5544,#5545,#5546,#5547,#5548,#5549,#5550,
#5551,#5552,#5553,#5554,#5555,#5556,#5557,#5558,#5559,#5560));
#5589=CLOSED_SHELL('',(#5561,#5562,#5563,#5564,#5565,#5566,#5567,#5568,
#5569,#5570,#5571,#5572,#5573,#5574,#5575,#5576,#5577,#5578));
#5590=AXIS2_PLACEMENT_3D('placement',#7349,#5933,#5934);
#5591=AXIS2_PLACEMENT_3D('',#7350,#5935,#5936);
#5592=AXIS2_PLACEMENT_3D('',#7359,#5941,#5942);
#5593=AXIS2_PLACEMENT_3D('',#7365,#5946,#5947);
#5594=AXIS2_PLACEMENT_3D('',#7371,#5951,#5952);
#5595=AXIS2_PLACEMENT_3D('',#7380,#5957,#5958);
#5596=AXIS2_PLACEMENT_3D('',#7386,#5962,#5963);
#5597=AXIS2_PLACEMENT_3D('',#7392,#5967,#5968);
#5598=AXIS2_PLACEMENT_3D('',#7406,#5976,#5977);
#5599=AXIS2_PLACEMENT_3D('',#7414,#5982,#5983);
#5600=AXIS2_PLACEMENT_3D('',#7424,#5989,#5990);
#5601=AXIS2_PLACEMENT_3D('',#7436,#5997,#5998);
#5602=AXIS2_PLACEMENT_3D('',#7442,#6002,#6003);
#5603=AXIS2_PLACEMENT_3D('',#7455,#6010,#6011);
#5604=AXIS2_PLACEMENT_3D('',#7461,#6015,#6016);
#5605=AXIS2_PLACEMENT_3D('',#7471,#6022,#6023);
#5606=AXIS2_PLACEMENT_3D('',#7480,#6029,#6030);
#5607=AXIS2_PLACEMENT_3D('',#7496,#6039,#6040);
#5608=AXIS2_PLACEMENT_3D('',#7582,#6085,#6086);
#5609=AXIS2_PLACEMENT_3D('',#7589,#6091,#6092);
#5610=AXIS2_PLACEMENT_3D('',#7595,#6096,#6097);
#5611=AXIS2_PLACEMENT_3D('',#7604,#6102,#6103);
#5612=AXIS2_PLACEMENT_3D('',#7608,#6106,#6107);
#5613=AXIS2_PLACEMENT_3D('',#7611,#6110,#6111);
#5614=AXIS2_PLACEMENT_3D('',#7615,#6114,#6115);
#5615=AXIS2_PLACEMENT_3D('',#7617,#6117,#6118);
#5616=AXIS2_PLACEMENT_3D('',#7627,#6124,#6125);
#5617=AXIS2_PLACEMENT_3D('',#7632,#6129,#6130);
#5618=AXIS2_PLACEMENT_3D('',#7636,#6133,#6134);
#5619=AXIS2_PLACEMENT_3D('',#7643,#6139,#6140);
#5620=AXIS2_PLACEMENT_3D('',#7657,#6148,#6149);
#5621=AXIS2_PLACEMENT_3D('',#7659,#6151,#6152);
#5622=AXIS2_PLACEMENT_3D('',#7668,#6157,#6158);
#5623=AXIS2_PLACEMENT_3D('',#7677,#6163,#6164);
#5624=AXIS2_PLACEMENT_3D('',#7683,#6168,#6169);
#5625=AXIS2_PLACEMENT_3D('',#7686,#6172,#6173);
#5626=AXIS2_PLACEMENT_3D('',#7691,#6177,#6178);
#5627=AXIS2_PLACEMENT_3D('',#7695,#6181,#6182);
#5628=AXIS2_PLACEMENT_3D('',#7697,#6184,#6185);
#5629=AXIS2_PLACEMENT_3D('',#7701,#6188,#6189);
#5630=AXIS2_PLACEMENT_3D('',#7707,#6193,#6194);
#5631=AXIS2_PLACEMENT_3D('',#7711,#6197,#6198);
#5632=AXIS2_PLACEMENT_3D('',#7715,#6201,#6202);
#5633=AXIS2_PLACEMENT_3D('',#7717,#6204,#6205);
#5634=AXIS2_PLACEMENT_3D('',#7723,#6209,#6210);
#5635=AXIS2_PLACEMENT_3D('',#7735,#6217,#6218);
#5636=AXIS2_PLACEMENT_3D('',#7737,#6220,#6221);
#5637=AXIS2_PLACEMENT_3D('',#7741,#6224,#6225);
#5638=AXIS2_PLACEMENT_3D('',#7747,#6229,#6230);
#5639=AXIS2_PLACEMENT_3D('',#7751,#6233,#6234);
#5640=AXIS2_PLACEMENT_3D('',#7755,#6237,#6238);
#5641=AXIS2_PLACEMENT_3D('',#7757,#6240,#6241);
#5642=AXIS2_PLACEMENT_3D('',#7763,#6245,#6246);
#5643=AXIS2_PLACEMENT_3D('',#7775,#6253,#6254);
#5644=AXIS2_PLACEMENT_3D('',#7777,#6256,#6257);
#5645=AXIS2_PLACEMENT_3D('',#7781,#6260,#6261);
#5646=AXIS2_PLACEMENT_3D('',#7787,#6265,#6266);
#5647=AXIS2_PLACEMENT_3D('',#7791,#6269,#6270);
#5648=AXIS2_PLACEMENT_3D('',#7795,#6273,#6274);
#5649=AXIS2_PLACEMENT_3D('',#7797,#6276,#6277);
#5650=AXIS2_PLACEMENT_3D('',#7803,#6281,#6282);
#5651=AXIS2_PLACEMENT_3D('',#7815,#6289,#6290);
#5652=AXIS2_PLACEMENT_3D('',#7817,#6292,#6293);
#5653=AXIS2_PLACEMENT_3D('',#7821,#6296,#6297);
#5654=AXIS2_PLACEMENT_3D('',#7827,#6301,#6302);
#5655=AXIS2_PLACEMENT_3D('',#7831,#6305,#6306);
#5656=AXIS2_PLACEMENT_3D('',#7835,#6309,#6310);
#5657=AXIS2_PLACEMENT_3D('',#7837,#6312,#6313);
#5658=AXIS2_PLACEMENT_3D('',#7843,#6317,#6318);
#5659=AXIS2_PLACEMENT_3D('',#7855,#6325,#6326);
#5660=AXIS2_PLACEMENT_3D('',#7857,#6328,#6329);
#5661=AXIS2_PLACEMENT_3D('',#7861,#6332,#6333);
#5662=AXIS2_PLACEMENT_3D('',#7867,#6337,#6338);
#5663=AXIS2_PLACEMENT_3D('',#7871,#6341,#6342);
#5664=AXIS2_PLACEMENT_3D('',#7875,#6345,#6346);
#5665=AXIS2_PLACEMENT_3D('',#7877,#6348,#6349);
#5666=AXIS2_PLACEMENT_3D('',#7883,#6353,#6354);
#5667=AXIS2_PLACEMENT_3D('',#7895,#6361,#6362);
#5668=AXIS2_PLACEMENT_3D('',#7897,#6364,#6365);
#5669=AXIS2_PLACEMENT_3D('',#7901,#6368,#6369);
#5670=AXIS2_PLACEMENT_3D('',#7907,#6373,#6374);
#5671=AXIS2_PLACEMENT_3D('',#7911,#6377,#6378);
#5672=AXIS2_PLACEMENT_3D('',#7915,#6381,#6382);
#5673=AXIS2_PLACEMENT_3D('',#7917,#6384,#6385);
#5674=AXIS2_PLACEMENT_3D('',#7923,#6389,#6390);
#5675=AXIS2_PLACEMENT_3D('',#7935,#6397,#6398);
#5676=AXIS2_PLACEMENT_3D('',#7937,#6400,#6401);
#5677=AXIS2_PLACEMENT_3D('',#7941,#6404,#6405);
#5678=AXIS2_PLACEMENT_3D('',#7947,#6409,#6410);
#5679=AXIS2_PLACEMENT_3D('',#7951,#6413,#6414);
#5680=AXIS2_PLACEMENT_3D('',#7955,#6417,#6418);
#5681=AXIS2_PLACEMENT_3D('',#7957,#6420,#6421);
#5682=AXIS2_PLACEMENT_3D('',#7963,#6425,#6426);
#5683=AXIS2_PLACEMENT_3D('',#7975,#6433,#6434);
#5684=AXIS2_PLACEMENT_3D('',#7977,#6436,#6437);
#5685=AXIS2_PLACEMENT_3D('',#7981,#6440,#6441);
#5686=AXIS2_PLACEMENT_3D('',#7987,#6445,#6446);
#5687=AXIS2_PLACEMENT_3D('',#7991,#6449,#6450);
#5688=AXIS2_PLACEMENT_3D('',#7995,#6453,#6454);
#5689=AXIS2_PLACEMENT_3D('',#7997,#6456,#6457);
#5690=AXIS2_PLACEMENT_3D('',#8003,#6461,#6462);
#5691=AXIS2_PLACEMENT_3D('',#8015,#6469,#6470);
#5692=AXIS2_PLACEMENT_3D('',#8017,#6472,#6473);
#5693=AXIS2_PLACEMENT_3D('',#8021,#6476,#6477);
#5694=AXIS2_PLACEMENT_3D('',#8027,#6481,#6482);
#5695=AXIS2_PLACEMENT_3D('',#8031,#6485,#6486);
#5696=AXIS2_PLACEMENT_3D('',#8035,#6489,#6490);
#5697=AXIS2_PLACEMENT_3D('',#8037,#6492,#6493);
#5698=AXIS2_PLACEMENT_3D('',#8039,#6495,#6496);
#5699=AXIS2_PLACEMENT_3D('',#8043,#6499,#6500);
#5700=AXIS2_PLACEMENT_3D('',#8050,#6505,#6506);
#5701=AXIS2_PLACEMENT_3D('',#8056,#6510,#6511);
#5702=AXIS2_PLACEMENT_3D('',#8060,#6514,#6515);
#5703=AXIS2_PLACEMENT_3D('',#8064,#6518,#6519);
#5704=AXIS2_PLACEMENT_3D('',#8066,#6521,#6522);
#5705=AXIS2_PLACEMENT_3D('',#8069,#6525,#6526);
#5706=AXIS2_PLACEMENT_3D('',#8070,#6527,#6528);
#5707=AXIS2_PLACEMENT_3D('',#8074,#6531,#6532);
#5708=AXIS2_PLACEMENT_3D('',#8078,#6535,#6536);
#5709=AXIS2_PLACEMENT_3D('',#8083,#6540,#6541);
#5710=AXIS2_PLACEMENT_3D('',#8085,#6543,#6544);
#5711=AXIS2_PLACEMENT_3D('',#8086,#6545,#6546);
#5712=AXIS2_PLACEMENT_3D('',#8087,#6547,#6548);
#5713=AXIS2_PLACEMENT_3D('',#8088,#6549,#6550);
#5714=AXIS2_PLACEMENT_3D('',#8097,#6555,#6556);
#5715=AXIS2_PLACEMENT_3D('',#8103,#6560,#6561);
#5716=AXIS2_PLACEMENT_3D('',#8109,#6565,#6566);
#5717=AXIS2_PLACEMENT_3D('',#8112,#6569,#6570);
#5718=AXIS2_PLACEMENT_3D('',#8116,#6572,#6573);
#5719=AXIS2_PLACEMENT_3D('',#8124,#6577,#6578);
#5720=AXIS2_PLACEMENT_3D('',#8126,#6580,#6581);
#5721=AXIS2_PLACEMENT_3D('',#8130,#6584,#6585);
#5722=AXIS2_PLACEMENT_3D('',#8131,#6586,#6587);
#5723=AXIS2_PLACEMENT_3D('',#8140,#6592,#6593);
#5724=AXIS2_PLACEMENT_3D('',#8145,#6597,#6598);
#5725=AXIS2_PLACEMENT_3D('',#8150,#6602,#6603);
#5726=AXIS2_PLACEMENT_3D('',#8152,#6605,#6606);
#5727=AXIS2_PLACEMENT_3D('',#8156,#6609,#6610);
#5728=AXIS2_PLACEMENT_3D('',#8159,#6612,#6613);
#5729=AXIS2_PLACEMENT_3D('',#8162,#6615,#6616);
#5730=AXIS2_PLACEMENT_3D('',#8163,#6617,#6618);
#5731=AXIS2_PLACEMENT_3D('',#8164,#6619,#6620);
#5732=AXIS2_PLACEMENT_3D('',#8166,#6622,#6623);
#5733=AXIS2_PLACEMENT_3D('',#8167,#6624,#6625);
#5734=AXIS2_PLACEMENT_3D('',#8169,#6627,#6628);
#5735=AXIS2_PLACEMENT_3D('',#8170,#6629,#6630);
#5736=AXIS2_PLACEMENT_3D('',#8179,#6635,#6636);
#5737=AXIS2_PLACEMENT_3D('',#8185,#6640,#6641);
#5738=AXIS2_PLACEMENT_3D('',#8191,#6645,#6646);
#5739=AXIS2_PLACEMENT_3D('',#8194,#6649,#6650);
#5740=AXIS2_PLACEMENT_3D('',#8198,#6652,#6653);
#5741=AXIS2_PLACEMENT_3D('',#8206,#6657,#6658);
#5742=AXIS2_PLACEMENT_3D('',#8208,#6660,#6661);
#5743=AXIS2_PLACEMENT_3D('',#8212,#6664,#6665);
#5744=AXIS2_PLACEMENT_3D('',#8213,#6666,#6667);
#5745=AXIS2_PLACEMENT_3D('',#8222,#6672,#6673);
#5746=AXIS2_PLACEMENT_3D('',#8227,#6677,#6678);
#5747=AXIS2_PLACEMENT_3D('',#8232,#6682,#6683);
#5748=AXIS2_PLACEMENT_3D('',#8234,#6685,#6686);
#5749=AXIS2_PLACEMENT_3D('',#8238,#6689,#6690);
#5750=AXIS2_PLACEMENT_3D('',#8241,#6692,#6693);
#5751=AXIS2_PLACEMENT_3D('',#8244,#6695,#6696);
#5752=AXIS2_PLACEMENT_3D('',#8245,#6697,#6698);
#5753=AXIS2_PLACEMENT_3D('',#8246,#6699,#6700);
#5754=AXIS2_PLACEMENT_3D('',#8248,#6702,#6703);
#5755=AXIS2_PLACEMENT_3D('',#8249,#6704,#6705);
#5756=AXIS2_PLACEMENT_3D('',#8251,#6707,#6708);
#5757=AXIS2_PLACEMENT_3D('',#8252,#6709,#6710);
#5758=AXIS2_PLACEMENT_3D('',#8261,#6715,#6716);
#5759=AXIS2_PLACEMENT_3D('',#8267,#6720,#6721);
#5760=AXIS2_PLACEMENT_3D('',#8273,#6725,#6726);
#5761=AXIS2_PLACEMENT_3D('',#8276,#6729,#6730);
#5762=AXIS2_PLACEMENT_3D('',#8280,#6732,#6733);
#5763=AXIS2_PLACEMENT_3D('',#8288,#6737,#6738);
#5764=AXIS2_PLACEMENT_3D('',#8290,#6740,#6741);
#5765=AXIS2_PLACEMENT_3D('',#8294,#6744,#6745);
#5766=AXIS2_PLACEMENT_3D('',#8295,#6746,#6747);
#5767=AXIS2_PLACEMENT_3D('',#8304,#6752,#6753);
#5768=AXIS2_PLACEMENT_3D('',#8309,#6757,#6758);
#5769=AXIS2_PLACEMENT_3D('',#8314,#6762,#6763);
#5770=AXIS2_PLACEMENT_3D('',#8316,#6765,#6766);
#5771=AXIS2_PLACEMENT_3D('',#8320,#6769,#6770);
#5772=AXIS2_PLACEMENT_3D('',#8323,#6772,#6773);
#5773=AXIS2_PLACEMENT_3D('',#8326,#6775,#6776);
#5774=AXIS2_PLACEMENT_3D('',#8327,#6777,#6778);
#5775=AXIS2_PLACEMENT_3D('',#8328,#6779,#6780);
#5776=AXIS2_PLACEMENT_3D('',#8330,#6782,#6783);
#5777=AXIS2_PLACEMENT_3D('',#8331,#6784,#6785);
#5778=AXIS2_PLACEMENT_3D('',#8333,#6787,#6788);
#5779=AXIS2_PLACEMENT_3D('',#8334,#6789,#6790);
#5780=AXIS2_PLACEMENT_3D('',#8343,#6795,#6796);
#5781=AXIS2_PLACEMENT_3D('',#8349,#6800,#6801);
#5782=AXIS2_PLACEMENT_3D('',#8355,#6805,#6806);
#5783=AXIS2_PLACEMENT_3D('',#8358,#6809,#6810);
#5784=AXIS2_PLACEMENT_3D('',#8362,#6812,#6813);
#5785=AXIS2_PLACEMENT_3D('',#8370,#6817,#6818);
#5786=AXIS2_PLACEMENT_3D('',#8372,#6820,#6821);
#5787=AXIS2_PLACEMENT_3D('',#8376,#6824,#6825);
#5788=AXIS2_PLACEMENT_3D('',#8377,#6826,#6827);
#5789=AXIS2_PLACEMENT_3D('',#8386,#6832,#6833);
#5790=AXIS2_PLACEMENT_3D('',#8391,#6837,#6838);
#5791=AXIS2_PLACEMENT_3D('',#8396,#6842,#6843);
#5792=AXIS2_PLACEMENT_3D('',#8398,#6845,#6846);
#5793=AXIS2_PLACEMENT_3D('',#8402,#6849,#6850);
#5794=AXIS2_PLACEMENT_3D('',#8405,#6852,#6853);
#5795=AXIS2_PLACEMENT_3D('',#8408,#6855,#6856);
#5796=AXIS2_PLACEMENT_3D('',#8409,#6857,#6858);
#5797=AXIS2_PLACEMENT_3D('',#8410,#6859,#6860);
#5798=AXIS2_PLACEMENT_3D('',#8412,#6862,#6863);
#5799=AXIS2_PLACEMENT_3D('',#8413,#6864,#6865);
#5800=AXIS2_PLACEMENT_3D('',#8415,#6867,#6868);
#5801=AXIS2_PLACEMENT_3D('',#8416,#6869,#6870);
#5802=AXIS2_PLACEMENT_3D('',#8425,#6875,#6876);
#5803=AXIS2_PLACEMENT_3D('',#8431,#6880,#6881);
#5804=AXIS2_PLACEMENT_3D('',#8437,#6885,#6886);
#5805=AXIS2_PLACEMENT_3D('',#8440,#6889,#6890);
#5806=AXIS2_PLACEMENT_3D('',#8444,#6892,#6893);
#5807=AXIS2_PLACEMENT_3D('',#8452,#6897,#6898);
#5808=AXIS2_PLACEMENT_3D('',#8454,#6900,#6901);
#5809=AXIS2_PLACEMENT_3D('',#8458,#6904,#6905);
#5810=AXIS2_PLACEMENT_3D('',#8459,#6906,#6907);
#5811=AXIS2_PLACEMENT_3D('',#8468,#6912,#6913);
#5812=AXIS2_PLACEMENT_3D('',#8473,#6917,#6918);
#5813=AXIS2_PLACEMENT_3D('',#8478,#6922,#6923);
#5814=AXIS2_PLACEMENT_3D('',#8480,#6925,#6926);
#5815=AXIS2_PLACEMENT_3D('',#8484,#6929,#6930);
#5816=AXIS2_PLACEMENT_3D('',#8487,#6932,#6933);
#5817=AXIS2_PLACEMENT_3D('',#8490,#6935,#6936);
#5818=AXIS2_PLACEMENT_3D('',#8491,#6937,#6938);
#5819=AXIS2_PLACEMENT_3D('',#8492,#6939,#6940);
#5820=AXIS2_PLACEMENT_3D('',#8494,#6942,#6943);
#5821=AXIS2_PLACEMENT_3D('',#8495,#6944,#6945);
#5822=AXIS2_PLACEMENT_3D('',#8497,#6947,#6948);
#5823=AXIS2_PLACEMENT_3D('',#8498,#6949,#6950);
#5824=AXIS2_PLACEMENT_3D('',#8507,#6955,#6956);
#5825=AXIS2_PLACEMENT_3D('',#8513,#6960,#6961);
#5826=AXIS2_PLACEMENT_3D('',#8519,#6965,#6966);
#5827=AXIS2_PLACEMENT_3D('',#8522,#6969,#6970);
#5828=AXIS2_PLACEMENT_3D('',#8526,#6972,#6973);
#5829=AXIS2_PLACEMENT_3D('',#8534,#6977,#6978);
#5830=AXIS2_PLACEMENT_3D('',#8536,#6980,#6981);
#5831=AXIS2_PLACEMENT_3D('',#8540,#6984,#6985);
#5832=AXIS2_PLACEMENT_3D('',#8541,#6986,#6987);
#5833=AXIS2_PLACEMENT_3D('',#8550,#6992,#6993);
#5834=AXIS2_PLACEMENT_3D('',#8555,#6997,#6998);
#5835=AXIS2_PLACEMENT_3D('',#8560,#7002,#7003);
#5836=AXIS2_PLACEMENT_3D('',#8562,#7005,#7006);
#5837=AXIS2_PLACEMENT_3D('',#8566,#7009,#7010);
#5838=AXIS2_PLACEMENT_3D('',#8569,#7012,#7013);
#5839=AXIS2_PLACEMENT_3D('',#8572,#7015,#7016);
#5840=AXIS2_PLACEMENT_3D('',#8573,#7017,#7018);
#5841=AXIS2_PLACEMENT_3D('',#8574,#7019,#7020);
#5842=AXIS2_PLACEMENT_3D('',#8576,#7022,#7023);
#5843=AXIS2_PLACEMENT_3D('',#8577,#7024,#7025);
#5844=AXIS2_PLACEMENT_3D('',#8579,#7027,#7028);
#5845=AXIS2_PLACEMENT_3D('',#8580,#7029,#7030);
#5846=AXIS2_PLACEMENT_3D('',#8589,#7035,#7036);
#5847=AXIS2_PLACEMENT_3D('',#8595,#7040,#7041);
#5848=AXIS2_PLACEMENT_3D('',#8601,#7045,#7046);
#5849=AXIS2_PLACEMENT_3D('',#8604,#7049,#7050);
#5850=AXIS2_PLACEMENT_3D('',#8608,#7052,#7053);
#5851=AXIS2_PLACEMENT_3D('',#8616,#7057,#7058);
#5852=AXIS2_PLACEMENT_3D('',#8618,#7060,#7061);
#5853=AXIS2_PLACEMENT_3D('',#8622,#7064,#7065);
#5854=AXIS2_PLACEMENT_3D('',#8623,#7066,#7067);
#5855=AXIS2_PLACEMENT_3D('',#8632,#7072,#7073);
#5856=AXIS2_PLACEMENT_3D('',#8637,#7077,#7078);
#5857=AXIS2_PLACEMENT_3D('',#8642,#7082,#7083);
#5858=AXIS2_PLACEMENT_3D('',#8644,#7085,#7086);
#5859=AXIS2_PLACEMENT_3D('',#8648,#7089,#7090);
#5860=AXIS2_PLACEMENT_3D('',#8651,#7092,#7093);
#5861=AXIS2_PLACEMENT_3D('',#8654,#7095,#7096);
#5862=AXIS2_PLACEMENT_3D('',#8655,#7097,#7098);
#5863=AXIS2_PLACEMENT_3D('',#8656,#7099,#7100);
#5864=AXIS2_PLACEMENT_3D('',#8658,#7102,#7103);
#5865=AXIS2_PLACEMENT_3D('',#8659,#7104,#7105);
#5866=AXIS2_PLACEMENT_3D('',#8661,#7107,#7108);
#5867=AXIS2_PLACEMENT_3D('',#8662,#7109,#7110);
#5868=AXIS2_PLACEMENT_3D('',#8671,#7115,#7116);
#5869=AXIS2_PLACEMENT_3D('',#8677,#7120,#7121);
#5870=AXIS2_PLACEMENT_3D('',#8683,#7125,#7126);
#5871=AXIS2_PLACEMENT_3D('',#8686,#7129,#7130);
#5872=AXIS2_PLACEMENT_3D('',#8690,#7132,#7133);
#5873=AXIS2_PLACEMENT_3D('',#8698,#7137,#7138);
#5874=AXIS2_PLACEMENT_3D('',#8700,#7140,#7141);
#5875=AXIS2_PLACEMENT_3D('',#8704,#7144,#7145);
#5876=AXIS2_PLACEMENT_3D('',#8705,#7146,#7147);
#5877=AXIS2_PLACEMENT_3D('',#8714,#7152,#7153);
#5878=AXIS2_PLACEMENT_3D('',#8719,#7157,#7158);
#5879=AXIS2_PLACEMENT_3D('',#8724,#7162,#7163);
#5880=AXIS2_PLACEMENT_3D('',#8726,#7165,#7166);
#5881=AXIS2_PLACEMENT_3D('',#8730,#7169,#7170);
#5882=AXIS2_PLACEMENT_3D('',#8733,#7172,#7173);
#5883=AXIS2_PLACEMENT_3D('',#8736,#7175,#7176);
#5884=AXIS2_PLACEMENT_3D('',#8737,#7177,#7178);
#5885=AXIS2_PLACEMENT_3D('',#8738,#7179,#7180);
#5886=AXIS2_PLACEMENT_3D('',#8740,#7182,#7183);
#5887=AXIS2_PLACEMENT_3D('',#8741,#7184,#7185);
#5888=AXIS2_PLACEMENT_3D('',#8743,#7187,#7188);
#5889=AXIS2_PLACEMENT_3D('',#8744,#7189,#7190);
#5890=AXIS2_PLACEMENT_3D('',#8753,#7195,#7196);
#5891=AXIS2_PLACEMENT_3D('',#8759,#7200,#7201);
#5892=AXIS2_PLACEMENT_3D('',#8765,#7205,#7206);
#5893=AXIS2_PLACEMENT_3D('',#8768,#7209,#7210);
#5894=AXIS2_PLACEMENT_3D('',#8772,#7212,#7213);
#5895=AXIS2_PLACEMENT_3D('',#8780,#7217,#7218);
#5896=AXIS2_PLACEMENT_3D('',#8782,#7220,#7221);
#5897=AXIS2_PLACEMENT_3D('',#8786,#7224,#7225);
#5898=AXIS2_PLACEMENT_3D('',#8787,#7226,#7227);
#5899=AXIS2_PLACEMENT_3D('',#8796,#7232,#7233);
#5900=AXIS2_PLACEMENT_3D('',#8801,#7237,#7238);
#5901=AXIS2_PLACEMENT_3D('',#8806,#7242,#7243);
#5902=AXIS2_PLACEMENT_3D('',#8808,#7245,#7246);
#5903=AXIS2_PLACEMENT_3D('',#8812,#7249,#7250);
#5904=AXIS2_PLACEMENT_3D('',#8815,#7252,#7253);
#5905=AXIS2_PLACEMENT_3D('',#8818,#7255,#7256);
#5906=AXIS2_PLACEMENT_3D('',#8819,#7257,#7258);
#5907=AXIS2_PLACEMENT_3D('',#8820,#7259,#7260);
#5908=AXIS2_PLACEMENT_3D('',#8822,#7262,#7263);
#5909=AXIS2_PLACEMENT_3D('',#8823,#7264,#7265);
#5910=AXIS2_PLACEMENT_3D('',#8825,#7267,#7268);
#5911=AXIS2_PLACEMENT_3D('',#8826,#7269,#7270);
#5912=AXIS2_PLACEMENT_3D('',#8835,#7275,#7276);
#5913=AXIS2_PLACEMENT_3D('',#8841,#7280,#7281);
#5914=AXIS2_PLACEMENT_3D('',#8847,#7285,#7286);
#5915=AXIS2_PLACEMENT_3D('',#8850,#7289,#7290);
#5916=AXIS2_PLACEMENT_3D('',#8854,#7292,#7293);
#5917=AXIS2_PLACEMENT_3D('',#8862,#7297,#7298);
#5918=AXIS2_PLACEMENT_3D('',#8864,#7300,#7301);
#5919=AXIS2_PLACEMENT_3D('',#8868,#7304,#7305);
#5920=AXIS2_PLACEMENT_3D('',#8869,#7306,#7307);
#5921=AXIS2_PLACEMENT_3D('',#8878,#7312,#7313);
#5922=AXIS2_PLACEMENT_3D('',#8883,#7317,#7318);
#5923=AXIS2_PLACEMENT_3D('',#8888,#7322,#7323);
#5924=AXIS2_PLACEMENT_3D('',#8890,#7325,#7326);
#5925=AXIS2_PLACEMENT_3D('',#8894,#7329,#7330);
#5926=AXIS2_PLACEMENT_3D('',#8897,#7332,#7333);
#5927=AXIS2_PLACEMENT_3D('',#8900,#7335,#7336);
#5928=AXIS2_PLACEMENT_3D('',#8901,#7337,#7338);
#5929=AXIS2_PLACEMENT_3D('',#8902,#7339,#7340);
#5930=AXIS2_PLACEMENT_3D('',#8904,#7342,#7343);
#5931=AXIS2_PLACEMENT_3D('',#8905,#7344,#7345);
#5932=AXIS2_PLACEMENT_3D('',#8907,#7347,#7348);
#5933=DIRECTION('axis',(0.,0.,1.));
#5934=DIRECTION('refdir',(1.,0.,0.));
#5935=DIRECTION('center_axis',(0.,-1.,1.38777878078145E-16));
#5936=DIRECTION('ref_axis',(0.,1.38777878078145E-16,1.));
#5937=DIRECTION('',(0.,-1.38777878078145E-16,-1.));
#5938=DIRECTION('',(-1.,0.,0.));
#5939=DIRECTION('',(0.,1.38777878078145E-16,1.));
#5940=DIRECTION('',(-1.,0.,0.));
#5941=DIRECTION('center_axis',(0.,0.,-1.));
#5942=DIRECTION('ref_axis',(0.,-1.,0.));
#5943=DIRECTION('',(0.,1.,0.));
#5944=DIRECTION('',(0.,-1.,0.));
#5945=DIRECTION('',(-1.,0.,0.));
#5946=DIRECTION('center_axis',(0.,1.,0.));
#5947=DIRECTION('ref_axis',(0.,0.,-1.));
#5948=DIRECTION('',(0.,0.,1.));
#5949=DIRECTION('',(0.,0.,-1.));
#5950=DIRECTION('',(1.,0.,0.));
#5951=DIRECTION('center_axis',(0.,1.,0.));
#5952=DIRECTION('ref_axis',(0.,0.,-1.));
#5953=DIRECTION('',(0.,0.,-1.));
#5954=DIRECTION('',(1.,0.,0.));
#5955=DIRECTION('',(0.,0.,1.));
#5956=DIRECTION('',(-1.,0.,0.));
#5957=DIRECTION('center_axis',(0.,0.,-1.));
#5958=DIRECTION('ref_axis',(0.,-1.,0.));
#5959=DIRECTION('',(0.,-1.,0.));
#5960=DIRECTION('',(0.,1.,0.));
#5961=DIRECTION('',(-1.,0.,0.));
#5962=DIRECTION('center_axis',(0.,-1.,1.38777878078145E-16));
#5963=DIRECTION('ref_axis',(0.,1.38777878078145E-16,1.));
#5964=DIRECTION('',(0.,1.38777878078145E-16,1.));
#5965=DIRECTION('',(0.,-1.38777878078145E-16,-1.));
#5966=DIRECTION('',(-1.,0.,0.));
#5967=DIRECTION('center_axis',(-1.,0.,0.));
#5968=DIRECTION('ref_axis',(0.,0.,1.));
#5969=DIRECTION('',(0.,1.,-9.62964972193618E-33));
#5970=DIRECTION('',(0.,2.77555756156289E-16,-1.));
#5971=DIRECTION('',(0.,-1.,-3.70074341541719E-15));
#5972=DIRECTION('',(0.,-0.447213595499963,-0.894427190999913));
#5973=DIRECTION('',(0.,-1.,-5.32907051820075E-15));
#5974=DIRECTION('',(0.,1.83697019872103E-16,1.));
#5975=DIRECTION('',(0.,1.,-9.62964972193618E-33));
#5976=DIRECTION('center_axis',(0.,9.62964972193618E-33,1.));
#5977=DIRECTION('ref_axis',(0.,-1.,9.62964972193618E-33));
#5978=DIRECTION('',(0.,1.,-9.62964972193618E-33));
#5979=DIRECTION('',(1.,0.,0.));
#5980=DIRECTION('',(-5.34552942018439E-48,1.,-9.62964972193618E-33));
#5981=DIRECTION('',(1.,0.,0.));
#5982=DIRECTION('center_axis',(0.,9.62964972193618E-33,1.));
#5983=DIRECTION('ref_axis',(0.,-1.,9.62964972193618E-33));
#5984=DIRECTION('',(0.,-1.,9.62964972193618E-33));
#5985=DIRECTION('',(1.,0.,0.));
#5986=DIRECTION('',(-5.34552942018439E-48,-1.,9.62964972193618E-33));
#5987=DIRECTION('',(1.,0.,0.));
#5988=DIRECTION('',(0.,-1.,9.62964972193618E-33));
#5989=DIRECTION('center_axis',(1.,0.,0.));
#5990=DIRECTION('ref_axis',(0.,0.,-1.));
#5991=DIRECTION('',(0.,2.77555756156289E-16,-1.));
#5992=DIRECTION('',(0.,-1.,0.));
#5993=DIRECTION('',(0.,0.,-1.));
#5994=DIRECTION('',(0.,-1.,-3.70074341541719E-15));
#5995=DIRECTION('',(0.,0.,1.));
#5996=DIRECTION('',(0.,-1.,9.62964972193618E-33));
#5997=DIRECTION('center_axis',(1.,0.,-5.55111512312578E-16));
#5998=DIRECTION('ref_axis',(5.55111512312578E-16,-1.58603289232165E-16,
1.));
#5999=DIRECTION('',(5.55111512312578E-16,-2.77555756156289E-16,1.));
#6000=DIRECTION('',(0.,-1.,0.));
#6001=DIRECTION('',(-5.55111512312578E-16,2.77555756156289E-16,-1.));
#6002=DIRECTION('center_axis',(0.,0.,-1.));
#6003=DIRECTION('ref_axis',(1.,0.,0.));
#6004=DIRECTION('',(0.,1.,0.));
#6005=DIRECTION('',(1.,0.,0.));
#6006=DIRECTION('',(0.,-1.,0.));
#6007=DIRECTION('',(-1.,0.,0.));
#6008=DIRECTION('',(0.,-1.,0.));
#6009=DIRECTION('',(1.,0.,0.));
#6010=DIRECTION('center_axis',(1.,0.,0.));
#6011=DIRECTION('ref_axis',(0.,-1.58603289232165E-16,1.));
#6012=DIRECTION('',(0.,2.77555756156289E-16,-1.));
#6013=DIRECTION('',(0.,-1.58603289232165E-16,1.));
#6014=DIRECTION('',(0.,-1.,-3.70074341541719E-15));
#6015=DIRECTION('center_axis',(-1.,0.,0.));
#6016=DIRECTION('ref_axis',(0.,1.58603289232165E-16,-1.));
#6017=DIRECTION('',(0.,-1.,-3.70074341541719E-15));
#6018=DIRECTION('',(0.,2.77555756156289E-16,-1.));
#6019=DIRECTION('',(0.,-2.77555756156289E-16,1.));
#6020=DIRECTION('',(0.,1.,2.10269512239613E-16));
#6021=DIRECTION('',(0.,1.58603289232165E-16,-1.));
#6022=DIRECTION('center_axis',(0.,1.,0.));
#6023=DIRECTION('ref_axis',(0.,0.,-1.));
#6024=DIRECTION('',(0.,0.,1.));
#6025=DIRECTION('',(-1.,0.,0.));
#6026=DIRECTION('',(1.,0.,0.));
#6027=DIRECTION('',(-3.46452040250706E-8,0.,0.999999999999999));
#6028=DIRECTION('',(1.,0.,0.));
#6029=DIRECTION('center_axis',(0.,-2.10269512239613E-16,1.));
#6030=DIRECTION('ref_axis',(-1.,0.,0.));
#6031=DIRECTION('',(-1.,0.,0.));
#6032=DIRECTION('',(0.,-1.,-2.10269512239613E-16));
#6033=DIRECTION('',(1.,0.,0.));
#6034=DIRECTION('',(0.,-1.,-2.10269512239613E-16));
#6035=DIRECTION('',(-1.,0.,0.));
#6036=DIRECTION('',(0.,-1.,-2.10269512239613E-16));
#6037=DIRECTION('',(1.,0.,0.));
#6038=DIRECTION('',(0.,1.,2.10269512239613E-16));
#6039=DIRECTION('center_axis',(0.,1.,2.77555756156289E-16));
#6040=DIRECTION('ref_axis',(0.,-2.77555756156289E-16,1.));
#6041=DIRECTION('',(1.,0.,0.));
#6042=DIRECTION('',(-5.55111512312578E-16,-2.77555756156289E-16,1.));
#6043=DIRECTION('',(0.,-2.77555756156289E-16,1.));
#6044=DIRECTION('',(1.,0.,0.));
#6045=DIRECTION('',(0.,-2.77555756156289E-16,1.));
#6046=DIRECTION('',(-1.,0.,0.));
#6047=DIRECTION('',(0.,2.77555756156289E-16,-1.));
#6048=DIRECTION('',(-1.,0.,0.));
#6049=DIRECTION('',(3.46452040250706E-8,2.77555756156289E-16,-0.999999999999999));
#6050=DIRECTION('',(1.,0.,0.));
#6051=DIRECTION('',(-2.12341533661904E-8,-2.77555756156289E-16,1.));
#6052=DIRECTION('',(-1.,0.,0.));
#6053=DIRECTION('',(3.46452040250706E-8,2.77555756156289E-16,-0.999999999999999));
#6054=DIRECTION('',(1.,0.,0.));
#6055=DIRECTION('',(-2.12341533661904E-8,-2.77555756156289E-16,1.));
#6056=DIRECTION('',(-1.,0.,0.));
#6057=DIRECTION('',(3.46452040250706E-8,2.77555756156289E-16,-0.999999999999999));
#6058=DIRECTION('',(1.,0.,0.));
#6059=DIRECTION('',(-2.12341533661904E-8,-2.77555756156289E-16,1.));
#6060=DIRECTION('',(-1.,0.,0.));
#6061=DIRECTION('',(3.46452040250706E-8,2.77555756156289E-16,-0.999999999999999));
#6062=DIRECTION('',(1.,0.,0.));
#6063=DIRECTION('',(-2.12341533661904E-8,-2.77555756156289E-16,1.));
#6064=DIRECTION('',(-1.,0.,0.));
#6065=DIRECTION('',(3.46452040250706E-8,2.77555756156289E-16,-0.999999999999999));
#6066=DIRECTION('',(1.,0.,0.));
#6067=DIRECTION('',(-2.12341533661904E-8,-2.77555756156289E-16,1.));
#6068=DIRECTION('',(-1.,0.,0.));
#6069=DIRECTION('',(3.46452040250706E-8,2.77555756156289E-16,-0.999999999999999));
#6070=DIRECTION('',(1.,0.,0.));
#6071=DIRECTION('',(-2.12341533661904E-8,-2.77555756156289E-16,1.));
#6072=DIRECTION('',(-1.,0.,0.));
#6073=DIRECTION('',(3.46452040250706E-8,2.77555756156289E-16,-0.999999999999999));
#6074=DIRECTION('',(1.,0.,0.));
#6075=DIRECTION('',(-2.12341533661904E-8,-2.77555756156289E-16,1.));
#6076=DIRECTION('',(-1.,0.,0.));
#6077=DIRECTION('',(3.46452040250706E-8,2.77555756156289E-16,-0.999999999999999));
#6078=DIRECTION('',(1.,0.,0.));
#6079=DIRECTION('',(-2.12341533661904E-8,-2.77555756156289E-16,1.));
#6080=DIRECTION('',(-1.,0.,0.));
#6081=DIRECTION('',(3.46452040250706E-8,2.77555756156289E-16,-0.999999999999999));
#6082=DIRECTION('',(1.,0.,0.));
#6083=DIRECTION('',(-2.12341533661904E-8,-2.77555756156289E-16,1.));
#6084=DIRECTION('',(1.,0.,0.));
#6085=DIRECTION('center_axis',(-1.,0.,0.));
#6086=DIRECTION('ref_axis',(0.,0.,1.));
#6087=DIRECTION('',(0.,1.,-9.62964972193618E-33));
#6088=DIRECTION('',(0.,0.,-1.));
#6089=DIRECTION('',(0.,-1.,-3.70074341541719E-15));
#6090=DIRECTION('',(0.,2.77555756156289E-16,-1.));
#6091=DIRECTION('center_axis',(0.,-0.894427190999913,0.447213595499963));
#6092=DIRECTION('ref_axis',(0.,-0.447213595499963,-0.894427190999913));
#6093=DIRECTION('',(-1.,0.,0.));
#6094=DIRECTION('',(0.,-0.447213595499963,-0.894427190999913));
#6095=DIRECTION('',(1.,0.,0.));
#6096=DIRECTION('center_axis',(0.,2.31296463463574E-16,-1.));
#6097=DIRECTION('ref_axis',(0.,1.,2.31296463463574E-16));
#6098=DIRECTION('',(0.,-1.,-3.70074341541719E-15));
#6099=DIRECTION('',(1.,0.,0.));
#6100=DIRECTION('',(0.,1.,2.31296463463574E-16));
#6101=DIRECTION('',(-1.,0.,0.));
#6102=DIRECTION('center_axis',(0.,-5.32907051820075E-15,1.));
#6103=DIRECTION('ref_axis',(0.,-1.,-5.32907051820075E-15));
#6104=DIRECTION('',(0.,-1.,-5.32907051820075E-15));
#6105=DIRECTION('',(1.,0.,0.));
#6106=DIRECTION('center_axis',(-1.,0.,0.));
#6107=DIRECTION('ref_axis',(0.,0.,1.));
#6108=DIRECTION('',(0.,1.,3.70074341541719E-15));
#6109=DIRECTION('',(0.,1.83697019872103E-16,1.));
#6110=DIRECTION('center_axis',(0.,0.,-1.));
#6111=DIRECTION('ref_axis',(1.,0.,0.));
#6112=DIRECTION('',(-1.,0.,0.));
#6113=DIRECTION('',(0.,-1.,0.));
#6114=DIRECTION('center_axis',(1.,0.,5.55111512312578E-16));
#6115=DIRECTION('ref_axis',(-5.55111512312578E-16,-1.58603289232165E-16,
1.));
#6116=DIRECTION('',(5.55111512312578E-16,2.77555756156289E-16,-1.));
#6117=DIRECTION('center_axis',(-1.,0.,0.));
#6118=DIRECTION('ref_axis',(0.,1.58603289232165E-16,-1.));
#6119=DIRECTION('',(0.,1.,3.70074341541719E-15));
#6120=DIRECTION('',(0.,1.58603289232165E-16,-1.));
#6121=DIRECTION('',(0.,-1.,-2.10269512239613E-16));
#6122=DIRECTION('',(0.,-1.,0.));
#6123=DIRECTION('',(0.,-2.77555756156289E-16,1.));
#6124=DIRECTION('center_axis',(0.,0.,1.));
#6125=DIRECTION('ref_axis',(-1.,0.,0.));
#6126=DIRECTION('',(1.,0.,0.));
#6127=DIRECTION('',(0.,-1.,0.));
#6128=DIRECTION('',(-1.,0.,0.));
#6129=DIRECTION('center_axis',(1.,0.,0.));
#6130=DIRECTION('ref_axis',(0.,-1.58603289232165E-16,1.));
#6131=DIRECTION('',(0.,1.,3.70074341541719E-15));
#6132=DIRECTION('',(0.,-1.58603289232165E-16,1.));
#6133=DIRECTION('center_axis',(0.,-1.,0.));
#6134=DIRECTION('ref_axis',(0.,0.,-1.));
#6135=DIRECTION('',(-1.,0.,0.));
#6136=DIRECTION('',(1.,0.,0.));
#6137=DIRECTION('',(2.12341533661904E-8,0.,-1.));
#6138=DIRECTION('',(1.,0.,0.));
#6139=DIRECTION('center_axis',(0.,-2.10269512239613E-16,1.));
#6140=DIRECTION('ref_axis',(-1.,0.,0.));
#6141=DIRECTION('',(0.,-1.,-2.10269512239613E-16));
#6142=DIRECTION('',(1.,0.,0.));
#6143=DIRECTION('',(0.,-1.,-2.10269512239613E-16));
#6144=DIRECTION('',(-1.,0.,0.));
#6145=DIRECTION('',(0.,-1.,-2.10269512239613E-16));
#6146=DIRECTION('',(1.,0.,0.));
#6147=DIRECTION('',(0.,1.,2.10269512239613E-16));
#6148=DIRECTION('center_axis',(0.,1.,2.77555756156289E-16));
#6149=DIRECTION('ref_axis',(0.,-2.77555756156289E-16,1.));
#6150=DIRECTION('',(-1.,0.,0.));
#6151=DIRECTION('center_axis',(0.,-2.31296463463574E-16,1.));
#6152=DIRECTION('ref_axis',(0.,1.,2.31296463463574E-16));
#6153=DIRECTION('',(0.,1.,3.70074341541719E-15));
#6154=DIRECTION('',(-1.,0.,0.));
#6155=DIRECTION('',(0.,1.,2.31296463463574E-16));
#6156=DIRECTION('',(-1.,0.,0.));
#6157=DIRECTION('center_axis',(0.,0.894427190999913,-0.447213595499963));
#6158=DIRECTION('ref_axis',(0.,-0.447213595499963,-0.894427190999913));
#6159=DIRECTION('',(0.,-0.447213595499963,-0.894427190999913));
#6160=DIRECTION('',(-1.,0.,0.));
#6161=DIRECTION('',(0.,-0.447213595499963,-0.894427190999913));
#6162=DIRECTION('',(-1.,0.,0.));
#6163=DIRECTION('center_axis',(0.,5.32907051820075E-15,-1.));
#6164=DIRECTION('ref_axis',(0.,-1.,-5.32907051820075E-15));
#6165=DIRECTION('',(0.,-1.,-5.32907051820075E-15));
#6166=DIRECTION('',(-1.,0.,0.));
#6167=DIRECTION('',(0.,-1.,-5.32907051820075E-15));
#6168=DIRECTION('center_axis',(-1.,0.,0.));
#6169=DIRECTION('ref_axis',(0.,0.,1.));
#6170=DIRECTION('',(0.,1.83697019872103E-16,1.));
#6171=DIRECTION('',(0.,-1.,-3.70074341541719E-15));
#6172=DIRECTION('center_axis',(0.,3.70074341541719E-15,-1.));
#6173=DIRECTION('ref_axis',(0.,1.,3.70074341541719E-15));
#6174=DIRECTION('',(0.,1.,3.70074341541719E-15));
#6175=DIRECTION('',(-1.,0.,0.));
#6176=DIRECTION('',(-7.4117258180758E-23,1.,3.70074341541719E-15));
#6177=DIRECTION('center_axis',(-0.999999999999999,7.28483015179346E-24,
-3.46452040250706E-8));
#6178=DIRECTION('ref_axis',(3.46452040250706E-8,1.58603289232165E-16,-0.999999999999999));
#6179=DIRECTION('',(-3.46452040250706E-8,0.,0.999999999999999));
#6180=DIRECTION('',(1.20928180519771E-22,-1.,-3.70074341541719E-15));
#6181=DIRECTION('center_axis',(1.,-4.46489507113E-24,2.12341533661904E-8));
#6182=DIRECTION('ref_axis',(-2.12341533661904E-8,-1.58603289232165E-16,
1.));
#6183=DIRECTION('',(2.12341533661904E-8,0.,-1.));
#6184=DIRECTION('center_axis',(0.,3.70074341541719E-15,-1.));
#6185=DIRECTION('ref_axis',(0.,1.,3.70074341541719E-15));
#6186=DIRECTION('',(-1.,0.,0.));
#6187=DIRECTION('',(-7.4117258180758E-23,1.,3.70074341541719E-15));
#6188=DIRECTION('center_axis',(0.,1.,1.11022302462516E-15));
#6189=DIRECTION('ref_axis',(1.,0.,0.));
#6190=DIRECTION('',(0.,1.11022302462516E-15,-1.));
#6191=DIRECTION('',(1.,0.,0.));
#6192=DIRECTION('',(0.,1.11022302462516E-15,-1.));
#6193=DIRECTION('center_axis',(1.,0.,0.));
#6194=DIRECTION('ref_axis',(0.,-1.,-1.11022302462516E-15));
#6195=DIRECTION('',(0.,1.11022302462516E-15,-1.));
#6196=DIRECTION('',(0.,-1.,-3.70074341541719E-15));
#6197=DIRECTION('center_axis',(0.,-1.,-1.11022302462516E-15));
#6198=DIRECTION('ref_axis',(-1.,0.,0.));
#6199=DIRECTION('',(0.,1.11022302462516E-15,-1.));
#6200=DIRECTION('',(-1.,0.,0.));
#6201=DIRECTION('center_axis',(-1.,0.,0.));
#6202=DIRECTION('ref_axis',(0.,1.,1.11022302462516E-15));
#6203=DIRECTION('',(0.,1.,3.70074341541719E-15));
#6204=DIRECTION('center_axis',(-0.999999999999999,7.28483015179346E-24,
-3.46452040250706E-8));
#6205=DIRECTION('ref_axis',(3.46452040250706E-8,1.58603289232165E-16,-0.999999999999999));
#6206=DIRECTION('',(-3.46452040250706E-8,0.,0.999999999999999));
#6207=DIRECTION('',(1.20928180519771E-22,-1.,-3.70074341541719E-15));
#6208=DIRECTION('',(0.,-1.,-2.10269512239613E-16));
#6209=DIRECTION('center_axis',(0.,-2.10269512239613E-16,1.));
#6210=DIRECTION('ref_axis',(-1.,0.,0.));
#6211=DIRECTION('',(1.,0.,0.));
#6212=DIRECTION('',(0.,-1.,-2.10269512239613E-16));
#6213=DIRECTION('',(-1.,0.,0.));
#6214=DIRECTION('',(0.,-1.,-2.10269512239613E-16));
#6215=DIRECTION('',(1.,0.,0.));
#6216=DIRECTION('',(0.,1.,2.10269512239613E-16));
#6217=DIRECTION('center_axis',(1.,-4.46489507113E-24,2.12341533661904E-8));
#6218=DIRECTION('ref_axis',(-2.12341533661904E-8,-1.58603289232165E-16,
1.));
#6219=DIRECTION('',(2.12341533661904E-8,0.,-1.));
#6220=DIRECTION('center_axis',(0.,3.70074341541719E-15,-1.));
#6221=DIRECTION('ref_axis',(0.,1.,3.70074341541719E-15));
#6222=DIRECTION('',(-1.,0.,0.));
#6223=DIRECTION('',(-7.4117258180758E-23,1.,3.70074341541719E-15));
#6224=DIRECTION('center_axis',(0.,1.,1.11022302462516E-15));
#6225=DIRECTION('ref_axis',(1.,0.,0.));
#6226=DIRECTION('',(0.,1.11022302462516E-15,-1.));
#6227=DIRECTION('',(1.,0.,0.));
#6228=DIRECTION('',(0.,1.11022302462516E-15,-1.));
#6229=DIRECTION('center_axis',(1.,0.,0.));
#6230=DIRECTION('ref_axis',(0.,-1.,-1.11022302462516E-15));
#6231=DIRECTION('',(0.,1.11022302462516E-15,-1.));
#6232=DIRECTION('',(0.,-1.,-3.70074341541719E-15));
#6233=DIRECTION('center_axis',(0.,-1.,-1.11022302462516E-15));
#6234=DIRECTION('ref_axis',(-1.,0.,0.));
#6235=DIRECTION('',(0.,1.11022302462516E-15,-1.));
#6236=DIRECTION('',(-1.,0.,0.));
#6237=DIRECTION('center_axis',(-1.,0.,0.));
#6238=DIRECTION('ref_axis',(0.,1.,1.11022302462516E-15));
#6239=DIRECTION('',(0.,1.,3.70074341541719E-15));
#6240=DIRECTION('center_axis',(-0.999999999999999,7.28483015179346E-24,
-3.46452040250706E-8));
#6241=DIRECTION('ref_axis',(3.46452040250706E-8,1.58603289232165E-16,-0.999999999999999));
#6242=DIRECTION('',(-3.46452040250706E-8,0.,0.999999999999999));
#6243=DIRECTION('',(1.20928180519771E-22,-1.,-3.70074341541719E-15));
#6244=DIRECTION('',(0.,-1.,-2.10269512239613E-16));
#6245=DIRECTION('center_axis',(0.,-2.10269512239613E-16,1.));
#6246=DIRECTION('ref_axis',(-1.,0.,0.));
#6247=DIRECTION('',(1.,0.,0.));
#6248=DIRECTION('',(0.,-1.,-2.10269512239613E-16));
#6249=DIRECTION('',(-1.,0.,0.));
#6250=DIRECTION('',(0.,-1.,-2.10269512239613E-16));
#6251=DIRECTION('',(1.,0.,0.));
#6252=DIRECTION('',(0.,1.,2.10269512239613E-16));
#6253=DIRECTION('center_axis',(1.,-4.46489507113E-24,2.12341533661904E-8));
#6254=DIRECTION('ref_axis',(-2.12341533661904E-8,-1.58603289232165E-16,
1.));
#6255=DIRECTION('',(2.12341533661904E-8,0.,-1.));
#6256=DIRECTION('center_axis',(0.,3.70074341541719E-15,-1.));
#6257=DIRECTION('ref_axis',(0.,1.,3.70074341541719E-15));
#6258=DIRECTION('',(-1.,0.,0.));
#6259=DIRECTION('',(-7.4117258180758E-23,1.,3.70074341541719E-15));
#6260=DIRECTION('center_axis',(0.,1.,1.11022302462516E-15));
#6261=DIRECTION('ref_axis',(1.,0.,0.));
#6262=DIRECTION('',(0.,1.11022302462516E-15,-1.));
#6263=DIRECTION('',(1.,0.,0.));
#6264=DIRECTION('',(0.,1.11022302462516E-15,-1.));
#6265=DIRECTION('center_axis',(1.,0.,0.));
#6266=DIRECTION('ref_axis',(0.,-1.,-1.11022302462516E-15));
#6267=DIRECTION('',(0.,1.11022302462516E-15,-1.));
#6268=DIRECTION('',(0.,-1.,-3.70074341541719E-15));
#6269=DIRECTION('center_axis',(0.,-1.,-1.11022302462516E-15));
#6270=DIRECTION('ref_axis',(-1.,0.,0.));
#6271=DIRECTION('',(0.,1.11022302462516E-15,-1.));
#6272=DIRECTION('',(-1.,0.,0.));
#6273=DIRECTION('center_axis',(-1.,0.,0.));
#6274=DIRECTION('ref_axis',(0.,1.,1.11022302462516E-15));
#6275=DIRECTION('',(0.,1.,3.70074341541719E-15));
#6276=DIRECTION('center_axis',(-0.999999999999999,7.28483015179346E-24,
-3.46452040250706E-8));
#6277=DIRECTION('ref_axis',(3.46452040250706E-8,1.58603289232165E-16,-0.999999999999999));
#6278=DIRECTION('',(-3.46452040250706E-8,0.,0.999999999999999));
#6279=DIRECTION('',(1.20928180519771E-22,-1.,-3.70074341541719E-15));
#6280=DIRECTION('',(0.,-1.,-2.10269512239613E-16));
#6281=DIRECTION('center_axis',(0.,-2.10269512239613E-16,1.));
#6282=DIRECTION('ref_axis',(-1.,0.,0.));
#6283=DIRECTION('',(1.,0.,0.));
#6284=DIRECTION('',(0.,-1.,-2.10269512239613E-16));
#6285=DIRECTION('',(-1.,0.,0.));
#6286=DIRECTION('',(0.,-1.,-2.10269512239613E-16));
#6287=DIRECTION('',(1.,0.,0.));
#6288=DIRECTION('',(0.,1.,2.10269512239613E-16));
#6289=DIRECTION('center_axis',(1.,-4.46489507113E-24,2.12341533661904E-8));
#6290=DIRECTION('ref_axis',(-2.12341533661904E-8,-1.58603289232165E-16,
1.));
#6291=DIRECTION('',(2.12341533661904E-8,0.,-1.));
#6292=DIRECTION('center_axis',(0.,3.70074341541719E-15,-1.));
#6293=DIRECTION('ref_axis',(0.,1.,3.70074341541719E-15));
#6294=DIRECTION('',(-1.,0.,0.));
#6295=DIRECTION('',(-7.4117258180758E-23,1.,3.70074341541719E-15));
#6296=DIRECTION('center_axis',(0.,1.,1.11022302462516E-15));
#6297=DIRECTION('ref_axis',(1.,0.,0.));
#6298=DIRECTION('',(0.,1.11022302462516E-15,-1.));
#6299=DIRECTION('',(1.,0.,0.));
#6300=DIRECTION('',(0.,1.11022302462516E-15,-1.));
#6301=DIRECTION('center_axis',(1.,0.,0.));
#6302=DIRECTION('ref_axis',(0.,-1.,-1.11022302462516E-15));
#6303=DIRECTION('',(0.,1.11022302462516E-15,-1.));
#6304=DIRECTION('',(0.,-1.,-3.70074341541719E-15));
#6305=DIRECTION('center_axis',(0.,-1.,-1.11022302462516E-15));
#6306=DIRECTION('ref_axis',(-1.,0.,0.));
#6307=DIRECTION('',(0.,1.11022302462516E-15,-1.));
#6308=DIRECTION('',(-1.,0.,0.));
#6309=DIRECTION('center_axis',(-1.,0.,0.));
#6310=DIRECTION('ref_axis',(0.,1.,1.11022302462516E-15));
#6311=DIRECTION('',(0.,1.,3.70074341541719E-15));
#6312=DIRECTION('center_axis',(-0.999999999999999,7.28483015179346E-24,
-3.46452040250706E-8));
#6313=DIRECTION('ref_axis',(3.46452040250706E-8,1.58603289232165E-16,-0.999999999999999));
#6314=DIRECTION('',(-3.46452040250706E-8,0.,0.999999999999999));
#6315=DIRECTION('',(1.20928180519771E-22,-1.,-3.70074341541719E-15));
#6316=DIRECTION('',(0.,-1.,-2.10269512239613E-16));
#6317=DIRECTION('center_axis',(0.,-2.10269512239613E-16,1.));
#6318=DIRECTION('ref_axis',(-1.,0.,0.));
#6319=DIRECTION('',(1.,0.,0.));
#6320=DIRECTION('',(0.,-1.,-2.10269512239613E-16));
#6321=DIRECTION('',(-1.,0.,0.));
#6322=DIRECTION('',(0.,-1.,-2.10269512239613E-16));
#6323=DIRECTION('',(1.,0.,0.));
#6324=DIRECTION('',(0.,1.,2.10269512239613E-16));
#6325=DIRECTION('center_axis',(1.,-4.46489507113E-24,2.12341533661904E-8));
#6326=DIRECTION('ref_axis',(-2.12341533661904E-8,-1.58603289232165E-16,
1.));
#6327=DIRECTION('',(2.12341533661904E-8,0.,-1.));
#6328=DIRECTION('center_axis',(0.,3.70074341541719E-15,-1.));
#6329=DIRECTION('ref_axis',(0.,1.,3.70074341541719E-15));
#6330=DIRECTION('',(-1.,0.,0.));
#6331=DIRECTION('',(-7.4117258180758E-23,1.,3.70074341541719E-15));
#6332=DIRECTION('center_axis',(0.,1.,1.11022302462516E-15));
#6333=DIRECTION('ref_axis',(1.,0.,0.));
#6334=DIRECTION('',(0.,1.11022302462516E-15,-1.));
#6335=DIRECTION('',(1.,0.,0.));
#6336=DIRECTION('',(0.,1.11022302462516E-15,-1.));
#6337=DIRECTION('center_axis',(1.,0.,0.));
#6338=DIRECTION('ref_axis',(0.,-1.,-1.11022302462516E-15));
#6339=DIRECTION('',(0.,1.11022302462516E-15,-1.));
#6340=DIRECTION('',(0.,-1.,-3.70074341541719E-15));
#6341=DIRECTION('center_axis',(0.,-1.,-1.11022302462516E-15));
#6342=DIRECTION('ref_axis',(-1.,0.,0.));
#6343=DIRECTION('',(0.,1.11022302462516E-15,-1.));
#6344=DIRECTION('',(-1.,0.,0.));
#6345=DIRECTION('center_axis',(-1.,0.,0.));
#6346=DIRECTION('ref_axis',(0.,1.,1.11022302462516E-15));
#6347=DIRECTION('',(0.,1.,3.70074341541719E-15));
#6348=DIRECTION('center_axis',(-0.999999999999999,7.28483015179346E-24,
-3.46452040250706E-8));
#6349=DIRECTION('ref_axis',(3.46452040250706E-8,1.58603289232165E-16,-0.999999999999999));
#6350=DIRECTION('',(-3.46452040250706E-8,0.,0.999999999999999));
#6351=DIRECTION('',(1.20928180519771E-22,-1.,-3.70074341541719E-15));
#6352=DIRECTION('',(0.,-1.,-2.10269512239613E-16));
#6353=DIRECTION('center_axis',(0.,-2.10269512239613E-16,1.));
#6354=DIRECTION('ref_axis',(-1.,0.,0.));
#6355=DIRECTION('',(1.,0.,0.));
#6356=DIRECTION('',(0.,-1.,-2.10269512239613E-16));
#6357=DIRECTION('',(-1.,0.,0.));
#6358=DIRECTION('',(0.,-1.,-2.10269512239613E-16));
#6359=DIRECTION('',(1.,0.,0.));
#6360=DIRECTION('',(0.,1.,2.10269512239613E-16));
#6361=DIRECTION('center_axis',(1.,-4.46489507113E-24,2.12341533661904E-8));
#6362=DIRECTION('ref_axis',(-2.12341533661904E-8,-1.58603289232165E-16,
1.));
#6363=DIRECTION('',(2.12341533661904E-8,0.,-1.));
#6364=DIRECTION('center_axis',(0.,3.70074341541719E-15,-1.));
#6365=DIRECTION('ref_axis',(0.,1.,3.70074341541719E-15));
#6366=DIRECTION('',(-1.,0.,0.));
#6367=DIRECTION('',(-7.4117258180758E-23,1.,3.70074341541719E-15));
#6368=DIRECTION('center_axis',(0.,1.,1.11022302462516E-15));
#6369=DIRECTION('ref_axis',(1.,0.,0.));
#6370=DIRECTION('',(0.,1.11022302462516E-15,-1.));
#6371=DIRECTION('',(1.,0.,0.));
#6372=DIRECTION('',(0.,1.11022302462516E-15,-1.));
#6373=DIRECTION('center_axis',(1.,0.,0.));
#6374=DIRECTION('ref_axis',(0.,-1.,-1.11022302462516E-15));
#6375=DIRECTION('',(0.,1.11022302462516E-15,-1.));
#6376=DIRECTION('',(0.,-1.,-3.70074341541719E-15));
#6377=DIRECTION('center_axis',(0.,-1.,-1.11022302462516E-15));
#6378=DIRECTION('ref_axis',(-1.,0.,0.));
#6379=DIRECTION('',(0.,1.11022302462516E-15,-1.));
#6380=DIRECTION('',(-1.,0.,0.));
#6381=DIRECTION('center_axis',(-1.,0.,0.));
#6382=DIRECTION('ref_axis',(0.,1.,1.11022302462516E-15));
#6383=DIRECTION('',(0.,1.,3.70074341541719E-15));
#6384=DIRECTION('center_axis',(-0.999999999999999,7.28483015179346E-24,
-3.46452040250706E-8));
#6385=DIRECTION('ref_axis',(3.46452040250706E-8,1.58603289232165E-16,-0.999999999999999));
#6386=DIRECTION('',(-3.46452040250706E-8,0.,0.999999999999999));
#6387=DIRECTION('',(1.20928180519771E-22,-1.,-3.70074341541719E-15));
#6388=DIRECTION('',(0.,-1.,-2.10269512239613E-16));
#6389=DIRECTION('center_axis',(0.,-2.10269512239613E-16,1.));
#6390=DIRECTION('ref_axis',(-1.,0.,0.));
#6391=DIRECTION('',(1.,0.,0.));
#6392=DIRECTION('',(0.,-1.,-2.10269512239613E-16));
#6393=DIRECTION('',(-1.,0.,0.));
#6394=DIRECTION('',(0.,-1.,-2.10269512239613E-16));
#6395=DIRECTION('',(1.,0.,0.));
#6396=DIRECTION('',(0.,1.,2.10269512239613E-16));
#6397=DIRECTION('center_axis',(1.,-4.46489507113E-24,2.12341533661904E-8));
#6398=DIRECTION('ref_axis',(-2.12341533661904E-8,-1.58603289232165E-16,
1.));
#6399=DIRECTION('',(2.12341533661904E-8,0.,-1.));
#6400=DIRECTION('center_axis',(0.,3.70074341541719E-15,-1.));
#6401=DIRECTION('ref_axis',(0.,1.,3.70074341541719E-15));
#6402=DIRECTION('',(-1.,0.,0.));
#6403=DIRECTION('',(-7.4117258180758E-23,1.,3.70074341541719E-15));
#6404=DIRECTION('center_axis',(0.,1.,1.11022302462516E-15));
#6405=DIRECTION('ref_axis',(1.,0.,0.));
#6406=DIRECTION('',(0.,1.11022302462516E-15,-1.));
#6407=DIRECTION('',(1.,0.,0.));
#6408=DIRECTION('',(0.,1.11022302462516E-15,-1.));
#6409=DIRECTION('center_axis',(1.,0.,0.));
#6410=DIRECTION('ref_axis',(0.,-1.,-1.11022302462516E-15));
#6411=DIRECTION('',(0.,1.11022302462516E-15,-1.));
#6412=DIRECTION('',(0.,-1.,-3.70074341541719E-15));
#6413=DIRECTION('center_axis',(0.,-1.,-1.11022302462516E-15));
#6414=DIRECTION('ref_axis',(-1.,0.,0.));
#6415=DIRECTION('',(0.,1.11022302462516E-15,-1.));
#6416=DIRECTION('',(-1.,0.,0.));
#6417=DIRECTION('center_axis',(-1.,0.,0.));
#6418=DIRECTION('ref_axis',(0.,1.,1.11022302462516E-15));
#6419=DIRECTION('',(0.,1.,3.70074341541719E-15));
#6420=DIRECTION('center_axis',(-0.999999999999999,7.28483015179346E-24,
-3.46452040250706E-8));
#6421=DIRECTION('ref_axis',(3.46452040250706E-8,1.58603289232165E-16,-0.999999999999999));
#6422=DIRECTION('',(-3.46452040250706E-8,0.,0.999999999999999));
#6423=DIRECTION('',(1.20928180519771E-22,-1.,-3.70074341541719E-15));
#6424=DIRECTION('',(0.,-1.,-2.10269512239613E-16));
#6425=DIRECTION('center_axis',(0.,-2.10269512239613E-16,1.));
#6426=DIRECTION('ref_axis',(-1.,0.,0.));
#6427=DIRECTION('',(1.,0.,0.));
#6428=DIRECTION('',(0.,-1.,-2.10269512239613E-16));
#6429=DIRECTION('',(-1.,0.,0.));
#6430=DIRECTION('',(0.,-1.,-2.10269512239613E-16));
#6431=DIRECTION('',(1.,0.,0.));
#6432=DIRECTION('',(0.,1.,2.10269512239613E-16));
#6433=DIRECTION('center_axis',(1.,-4.46489507113E-24,2.12341533661904E-8));
#6434=DIRECTION('ref_axis',(-2.12341533661904E-8,-1.58603289232165E-16,
1.));
#6435=DIRECTION('',(2.12341533661904E-8,0.,-1.));
#6436=DIRECTION('center_axis',(0.,3.70074341541719E-15,-1.));
#6437=DIRECTION('ref_axis',(0.,1.,3.70074341541719E-15));
#6438=DIRECTION('',(-1.,0.,0.));
#6439=DIRECTION('',(-7.4117258180758E-23,1.,3.70074341541719E-15));
#6440=DIRECTION('center_axis',(0.,1.,1.11022302462516E-15));
#6441=DIRECTION('ref_axis',(1.,0.,0.));
#6442=DIRECTION('',(0.,1.11022302462516E-15,-1.));
#6443=DIRECTION('',(1.,0.,0.));
#6444=DIRECTION('',(0.,1.11022302462516E-15,-1.));
#6445=DIRECTION('center_axis',(1.,0.,0.));
#6446=DIRECTION('ref_axis',(0.,-1.,-1.11022302462516E-15));
#6447=DIRECTION('',(0.,1.11022302462516E-15,-1.));
#6448=DIRECTION('',(0.,-1.,-3.70074341541719E-15));
#6449=DIRECTION('center_axis',(0.,-1.,-1.11022302462516E-15));
#6450=DIRECTION('ref_axis',(-1.,0.,0.));
#6451=DIRECTION('',(0.,1.11022302462516E-15,-1.));
#6452=DIRECTION('',(-1.,0.,0.));
#6453=DIRECTION('center_axis',(-1.,0.,0.));
#6454=DIRECTION('ref_axis',(0.,1.,1.11022302462516E-15));
#6455=DIRECTION('',(0.,1.,3.70074341541719E-15));
#6456=DIRECTION('center_axis',(-0.999999999999999,7.28483015179346E-24,
-3.46452040250706E-8));
#6457=DIRECTION('ref_axis',(3.46452040250706E-8,1.58603289232165E-16,-0.999999999999999));
#6458=DIRECTION('',(-3.46452040250706E-8,0.,0.999999999999999));
#6459=DIRECTION('',(1.20928180519771E-22,-1.,-3.70074341541719E-15));
#6460=DIRECTION('',(0.,-1.,-2.10269512239613E-16));
#6461=DIRECTION('center_axis',(0.,-2.10269512239613E-16,1.));
#6462=DIRECTION('ref_axis',(-1.,0.,0.));
#6463=DIRECTION('',(1.,0.,0.));
#6464=DIRECTION('',(0.,-1.,-2.10269512239613E-16));
#6465=DIRECTION('',(-1.,0.,0.));
#6466=DIRECTION('',(0.,-1.,-2.10269512239613E-16));
#6467=DIRECTION('',(1.,0.,0.));
#6468=DIRECTION('',(0.,1.,2.10269512239613E-16));
#6469=DIRECTION('center_axis',(1.,-4.46489507113E-24,2.12341533661904E-8));
#6470=DIRECTION('ref_axis',(-2.12341533661904E-8,-1.58603289232165E-16,
1.));
#6471=DIRECTION('',(2.12341533661904E-8,0.,-1.));
#6472=DIRECTION('center_axis',(0.,3.70074341541719E-15,-1.));
#6473=DIRECTION('ref_axis',(0.,1.,3.70074341541719E-15));
#6474=DIRECTION('',(-1.,0.,0.));
#6475=DIRECTION('',(-7.4117258180758E-23,1.,3.70074341541719E-15));
#6476=DIRECTION('center_axis',(0.,1.,1.11022302462516E-15));
#6477=DIRECTION('ref_axis',(1.,0.,0.));
#6478=DIRECTION('',(0.,1.11022302462516E-15,-1.));
#6479=DIRECTION('',(1.,0.,0.));
#6480=DIRECTION('',(0.,1.11022302462516E-15,-1.));
#6481=DIRECTION('center_axis',(1.,0.,0.));
#6482=DIRECTION('ref_axis',(0.,-1.,-1.11022302462516E-15));
#6483=DIRECTION('',(0.,1.11022302462516E-15,-1.));
#6484=DIRECTION('',(0.,-1.,-3.70074341541719E-15));
#6485=DIRECTION('center_axis',(0.,-1.,-1.11022302462516E-15));
#6486=DIRECTION('ref_axis',(-1.,0.,0.));
#6487=DIRECTION('',(0.,1.11022302462516E-15,-1.));
#6488=DIRECTION('',(-1.,0.,0.));
#6489=DIRECTION('center_axis',(-1.,0.,0.));
#6490=DIRECTION('ref_axis',(0.,1.,1.11022302462516E-15));
#6491=DIRECTION('',(0.,1.,3.70074341541719E-15));
#6492=DIRECTION('center_axis',(1.,-4.46489507113E-24,2.12341533661904E-8));
#6493=DIRECTION('ref_axis',(-2.12341533661904E-8,-1.58603289232165E-16,
1.));
#6494=DIRECTION('',(2.12341533661904E-8,0.,-1.));
#6495=DIRECTION('center_axis',(-0.999999999999999,7.28483015179346E-24,
-3.46452040250706E-8));
#6496=DIRECTION('ref_axis',(3.46452040250706E-8,1.58603289232165E-16,-0.999999999999999));
#6497=DIRECTION('',(-3.46452040250706E-8,0.,0.999999999999999));
#6498=DIRECTION('',(1.20928180519771E-22,-1.,-3.70074341541719E-15));
#6499=DIRECTION('center_axis',(0.,1.,0.));
#6500=DIRECTION('ref_axis',(1.,0.,0.));
#6501=DIRECTION('',(0.,0.,-1.));
#6502=DIRECTION('',(1.,0.,0.));
#6503=DIRECTION('',(0.,0.,-1.));
#6504=DIRECTION('',(-1.,0.,0.));
#6505=DIRECTION('center_axis',(0.,1.,1.11022302462516E-15));
#6506=DIRECTION('ref_axis',(1.,0.,0.));
#6507=DIRECTION('',(0.,1.11022302462516E-15,-1.));
#6508=DIRECTION('',(1.,0.,0.));
#6509=DIRECTION('',(0.,1.11022302462516E-15,-1.));
#6510=DIRECTION('center_axis',(1.,0.,0.));
#6511=DIRECTION('ref_axis',(0.,-1.,-1.11022302462516E-15));
#6512=DIRECTION('',(0.,1.11022302462516E-15,-1.));
#6513=DIRECTION('',(0.,-1.,-3.70074341541719E-15));
#6514=DIRECTION('center_axis',(0.,-1.,-1.11022302462516E-15));
#6515=DIRECTION('ref_axis',(-1.,0.,0.));
#6516=DIRECTION('',(0.,1.11022302462516E-15,-1.));
#6517=DIRECTION('',(-1.,0.,0.));
#6518=DIRECTION('center_axis',(-1.,0.,0.));
#6519=DIRECTION('ref_axis',(0.,1.,1.11022302462516E-15));
#6520=DIRECTION('',(0.,1.,3.70074341541719E-15));
#6521=DIRECTION('center_axis',(0.,1.,0.));
#6522=DIRECTION('ref_axis',(1.,0.,0.));
#6523=DIRECTION('',(-1.,0.,0.));
#6524=DIRECTION('',(-1.,0.,0.));
#6525=DIRECTION('center_axis',(0.,3.70074341541719E-15,-1.));
#6526=DIRECTION('ref_axis',(0.,1.,3.70074341541719E-15));
#6527=DIRECTION('center_axis',(-1.,0.,0.));
#6528=DIRECTION('ref_axis',(0.,1.,0.));
#6529=DIRECTION('',(0.,1.,-9.62964972193618E-33));
#6530=DIRECTION('',(0.,1.83697019872103E-16,1.));
#6531=DIRECTION('center_axis',(1.,0.,0.));
#6532=DIRECTION('ref_axis',(0.,-1.,0.));
#6533=DIRECTION('',(0.,-1.83697019872103E-16,-1.));
#6534=DIRECTION('',(0.,-1.,9.62964972193618E-33));
#6535=DIRECTION('center_axis',(0.,9.62964972193618E-33,1.));
#6536=DIRECTION('ref_axis',(0.,-1.,9.62964972193618E-33));
#6537=DIRECTION('',(1.,0.,0.));
#6538=DIRECTION('',(1.,0.,0.));
#6539=DIRECTION('',(0.,-1.,9.62964972193618E-33));
#6540=DIRECTION('center_axis',(0.,-1.,1.83697019872103E-16));
#6541=DIRECTION('ref_axis',(0.,-1.83697019872103E-16,-1.));
#6542=DIRECTION('',(0.,-1.83697019872103E-16,-1.));
#6543=DIRECTION('center_axis',(0.,-1.,1.83697019872103E-16));
#6544=DIRECTION('ref_axis',(0.,-1.83697019872103E-16,-1.));
#6545=DIRECTION('center_axis',(0.,3.70074341541719E-15,-1.));
#6546=DIRECTION('ref_axis',(0.,1.,3.70074341541719E-15));
#6547=DIRECTION('center_axis',(1.,0.,0.));
#6548=DIRECTION('ref_axis',(0.,0.,-1.));
#6549=DIRECTION('center_axis',(7.85046229341887E-16,-0.707106781186548,
-0.707106781186548));
#6550=DIRECTION('ref_axis',(-1.,0.,-1.11022302462516E-15));
#6551=DIRECTION('',(-1.,6.79815536723445E-32,-1.11022302462516E-15));
#6552=DIRECTION('',(-0.577350269189626,0.577350269189626,-0.577350269189626));
#6553=DIRECTION('',(1.,-6.79815536723445E-32,1.11022302462516E-15));
#6554=DIRECTION('',(0.577350269189626,0.577350269189626,-0.577350269189626));
#6555=DIRECTION('center_axis',(-0.707106781186548,-0.707106781186548,-4.32978028117747E-17));
#6556=DIRECTION('ref_axis',(-6.12323399573677E-17,0.,1.));
#6557=DIRECTION('',(0.,-6.12323399573677E-17,1.));
#6558=DIRECTION('',(-0.577350269189626,0.577350269189626,0.577350269189626));
#6559=DIRECTION('',(0.,6.12323399573677E-17,-1.));
#6560=DIRECTION('center_axis',(0.,-0.707106781186548,0.707106781186548));
#6561=DIRECTION('ref_axis',(1.,0.,0.));
#6562=DIRECTION('',(1.,0.,0.));
#6563=DIRECTION('',(0.577350269189626,0.577350269189626,0.577350269189626));
#6564=DIRECTION('',(-1.,0.,0.));
#6565=DIRECTION('center_axis',(0.707106781186548,-0.707106781186548,-4.32978028117747E-17));
#6566=DIRECTION('ref_axis',(-6.12323399573677E-17,0.,-1.));
#6567=DIRECTION('',(0.,-6.12323399573677E-17,1.));
#6568=DIRECTION('',(0.,6.12323399573677E-17,-1.));
#6569=DIRECTION('center_axis',(1.,0.,0.));
#6570=DIRECTION('ref_axis',(0.,-1.,0.));
#6571=DIRECTION('',(0.,-1.,0.));
#6572=DIRECTION('center_axis',(-1.,0.,0.));
#6573=DIRECTION('ref_axis',(0.,1.,1.48029736616688E-15));
#6574=DIRECTION('',(0.,0.,-1.));
#6575=DIRECTION('',(0.,1.,0.));
#6576=DIRECTION('',(0.,0.,-1.));
#6577=DIRECTION('center_axis',(-1.,0.,0.));
#6578=DIRECTION('ref_axis',(0.,1.,0.));
#6579=DIRECTION('',(0.,-1.,0.));
#6580=DIRECTION('center_axis',(1.11022302462516E-15,0.,-1.));
#6581=DIRECTION('ref_axis',(1.,-6.79815536723445E-32,1.11022302462516E-15));
#6582=DIRECTION('',(0.,-1.,0.));
#6583=DIRECTION('',(1.,-6.79815536723445E-32,1.11022302462516E-15));
#6584=DIRECTION('center_axis',(0.,1.,6.12323399573677E-17));
#6585=DIRECTION('ref_axis',(1.,0.,0.));
#6586=DIRECTION('center_axis',(-0.707106781186551,0.,0.707106781186544));
#6587=DIRECTION('ref_axis',(0.707106781186544,0.,0.707106781186551));
#6588=DIRECTION('',(0.,-1.,0.));
#6589=DIRECTION('',(0.577350269189622,0.577350269189628,0.577350269189628));
#6590=DIRECTION('',(0.,1.,0.));
#6591=DIRECTION('',(0.577350269189622,-0.577350269189628,0.577350269189628));
#6592=DIRECTION('center_axis',(0.,-0.707106781186547,0.707106781186548));
#6593=DIRECTION('ref_axis',(1.,0.,0.));
#6594=DIRECTION('',(1.,0.,0.));
#6595=DIRECTION('',(-0.577350269189622,0.577350269189628,0.577350269189628));
#6596=DIRECTION('',(-1.,0.,0.));
#6597=DIRECTION('center_axis',(7.85046229341887E-16,0.707106781186547,0.707106781186548));
#6598=DIRECTION('ref_axis',(1.,0.,-1.11022302462515E-15));
#6599=DIRECTION('',(1.,-1.11022302462516E-15,0.));
#6600=DIRECTION('',(0.577350269189622,0.577350269189628,-0.577350269189628));
#6601=DIRECTION('',(-1.,1.11022302462516E-15,0.));
#6602=DIRECTION('center_axis',(0.707106781186551,0.,0.707106781186544));
#6603=DIRECTION('ref_axis',(0.707106781186544,0.,-0.707106781186551));
#6604=DIRECTION('',(0.,-1.,0.));
#6605=DIRECTION('center_axis',(0.,-1.,0.));
#6606=DIRECTION('ref_axis',(-1.,0.,0.));
#6607=DIRECTION('',(0.,0.,-1.));
#6608=DIRECTION('',(-1.,0.,0.));
#6609=DIRECTION('center_axis',(-1.,0.,0.));
#6610=DIRECTION('ref_axis',(0.,1.,0.));
#6611=DIRECTION('',(0.,-1.,0.));
#6612=DIRECTION('center_axis',(-1.,0.,0.));
#6613=DIRECTION('ref_axis',(0.,1.,0.));
#6614=DIRECTION('',(0.,0.,-1.));
#6615=DIRECTION('center_axis',(-1.,0.,0.));
#6616=DIRECTION('ref_axis',(0.,1.,0.));
#6617=DIRECTION('center_axis',(0.,0.,1.));
#6618=DIRECTION('ref_axis',(1.,0.,0.));
#6619=DIRECTION('center_axis',(0.,0.,1.));
#6620=DIRECTION('ref_axis',(-1.,0.,0.));
#6621=DIRECTION('',(-1.,0.,0.));
#6622=DIRECTION('center_axis',(-1.,0.,0.));
#6623=DIRECTION('ref_axis',(0.,1.,0.));
#6624=DIRECTION('center_axis',(-1.,0.,0.));
#6625=DIRECTION('ref_axis',(0.,1.,0.));
#6626=DIRECTION('',(1.,-1.11022302462516E-15,0.));
#6627=DIRECTION('center_axis',(1.11022302462516E-15,1.,0.));
#6628=DIRECTION('ref_axis',(1.,-1.11022302462516E-15,0.));
#6629=DIRECTION('center_axis',(7.85046229341887E-16,-0.707106781186548,
-0.707106781186548));
#6630=DIRECTION('ref_axis',(-1.,0.,-1.11022302462516E-15));
#6631=DIRECTION('',(-1.,6.79815536723445E-32,-1.11022302462516E-15));
#6632=DIRECTION('',(-0.577350269189626,0.577350269189626,-0.577350269189626));
#6633=DIRECTION('',(1.,-6.79815536723445E-32,1.11022302462516E-15));
#6634=DIRECTION('',(0.577350269189626,0.577350269189626,-0.577350269189626));
#6635=DIRECTION('center_axis',(-0.707106781186548,-0.707106781186548,-4.32978028117747E-17));
#6636=DIRECTION('ref_axis',(-6.12323399573677E-17,0.,1.));
#6637=DIRECTION('',(0.,-6.12323399573677E-17,1.));
#6638=DIRECTION('',(-0.577350269189626,0.577350269189626,0.577350269189626));
#6639=DIRECTION('',(0.,6.12323399573677E-17,-1.));
#6640=DIRECTION('center_axis',(0.,-0.707106781186548,0.707106781186548));
#6641=DIRECTION('ref_axis',(1.,0.,0.));
#6642=DIRECTION('',(1.,0.,0.));
#6643=DIRECTION('',(0.577350269189626,0.577350269189626,0.577350269189626));
#6644=DIRECTION('',(-1.,0.,0.));
#6645=DIRECTION('center_axis',(0.707106781186548,-0.707106781186548,-4.32978028117747E-17));
#6646=DIRECTION('ref_axis',(-6.12323399573677E-17,0.,-1.));
#6647=DIRECTION('',(0.,-6.12323399573677E-17,1.));
#6648=DIRECTION('',(0.,6.12323399573677E-17,-1.));
#6649=DIRECTION('center_axis',(1.,0.,0.));
#6650=DIRECTION('ref_axis',(0.,-1.,0.));
#6651=DIRECTION('',(0.,-1.,0.));
#6652=DIRECTION('center_axis',(-1.,0.,0.));
#6653=DIRECTION('ref_axis',(0.,1.,1.48029736616688E-15));
#6654=DIRECTION('',(0.,0.,-1.));
#6655=DIRECTION('',(0.,1.,0.));
#6656=DIRECTION('',(0.,0.,-1.));
#6657=DIRECTION('center_axis',(-1.,0.,0.));
#6658=DIRECTION('ref_axis',(0.,1.,0.));
#6659=DIRECTION('',(0.,-1.,0.));
#6660=DIRECTION('center_axis',(1.11022302462516E-15,0.,-1.));
#6661=DIRECTION('ref_axis',(1.,-6.79815536723445E-32,1.11022302462516E-15));
#6662=DIRECTION('',(0.,-1.,0.));
#6663=DIRECTION('',(1.,-6.79815536723445E-32,1.11022302462516E-15));
#6664=DIRECTION('center_axis',(0.,1.,6.12323399573677E-17));
#6665=DIRECTION('ref_axis',(1.,0.,0.));
#6666=DIRECTION('center_axis',(-0.707106781186551,0.,0.707106781186544));
#6667=DIRECTION('ref_axis',(0.707106781186544,0.,0.707106781186551));
#6668=DIRECTION('',(0.,-1.,0.));
#6669=DIRECTION('',(0.577350269189622,0.577350269189628,0.577350269189628));
#6670=DIRECTION('',(0.,1.,0.));
#6671=DIRECTION('',(0.577350269189622,-0.577350269189628,0.577350269189628));
#6672=DIRECTION('center_axis',(0.,-0.707106781186547,0.707106781186548));
#6673=DIRECTION('ref_axis',(1.,0.,0.));
#6674=DIRECTION('',(1.,0.,0.));
#6675=DIRECTION('',(-0.577350269189622,0.577350269189628,0.577350269189628));
#6676=DIRECTION('',(-1.,0.,0.));
#6677=DIRECTION('center_axis',(7.85046229341887E-16,0.707106781186547,0.707106781186548));
#6678=DIRECTION('ref_axis',(1.,0.,-1.11022302462515E-15));
#6679=DIRECTION('',(1.,-1.11022302462516E-15,0.));
#6680=DIRECTION('',(0.577350269189622,0.577350269189628,-0.577350269189628));
#6681=DIRECTION('',(-1.,1.11022302462516E-15,0.));
#6682=DIRECTION('center_axis',(0.707106781186551,0.,0.707106781186544));
#6683=DIRECTION('ref_axis',(0.707106781186544,0.,-0.707106781186551));
#6684=DIRECTION('',(0.,-1.,0.));
#6685=DIRECTION('center_axis',(0.,-1.,0.));
#6686=DIRECTION('ref_axis',(-1.,0.,0.));
#6687=DIRECTION('',(0.,0.,-1.));
#6688=DIRECTION('',(-1.,0.,0.));
#6689=DIRECTION('center_axis',(-1.,0.,0.));
#6690=DIRECTION('ref_axis',(0.,1.,0.));
#6691=DIRECTION('',(0.,-1.,0.));
#6692=DIRECTION('center_axis',(-1.,0.,0.));
#6693=DIRECTION('ref_axis',(0.,1.,0.));
#6694=DIRECTION('',(0.,0.,-1.));
#6695=DIRECTION('center_axis',(-1.,0.,0.));
#6696=DIRECTION('ref_axis',(0.,1.,0.));
#6697=DIRECTION('center_axis',(0.,0.,1.));
#6698=DIRECTION('ref_axis',(1.,0.,0.));
#6699=DIRECTION('center_axis',(0.,0.,1.));
#6700=DIRECTION('ref_axis',(-1.,0.,0.));
#6701=DIRECTION('',(-1.,0.,0.));
#6702=DIRECTION('center_axis',(-1.,0.,0.));
#6703=DIRECTION('ref_axis',(0.,1.,0.));
#6704=DIRECTION('center_axis',(-1.,0.,0.));
#6705=DIRECTION('ref_axis',(0.,1.,0.));
#6706=DIRECTION('',(1.,-1.11022302462516E-15,0.));
#6707=DIRECTION('center_axis',(1.11022302462516E-15,1.,0.));
#6708=DIRECTION('ref_axis',(1.,-1.11022302462516E-15,0.));
#6709=DIRECTION('center_axis',(7.85046229341887E-16,-0.707106781186548,
-0.707106781186548));
#6710=DIRECTION('ref_axis',(-1.,0.,-1.11022302462516E-15));
#6711=DIRECTION('',(-1.,6.79815536723445E-32,-1.11022302462516E-15));
#6712=DIRECTION('',(-0.577350269189626,0.577350269189626,-0.577350269189626));
#6713=DIRECTION('',(1.,-6.79815536723445E-32,1.11022302462516E-15));
#6714=DIRECTION('',(0.577350269189626,0.577350269189626,-0.577350269189626));
#6715=DIRECTION('center_axis',(-0.707106781186548,-0.707106781186548,-4.32978028117747E-17));
#6716=DIRECTION('ref_axis',(-6.12323399573677E-17,0.,1.));
#6717=DIRECTION('',(0.,-6.12323399573677E-17,1.));
#6718=DIRECTION('',(-0.577350269189626,0.577350269189626,0.577350269189626));
#6719=DIRECTION('',(0.,6.12323399573677E-17,-1.));
#6720=DIRECTION('center_axis',(0.,-0.707106781186548,0.707106781186548));
#6721=DIRECTION('ref_axis',(1.,0.,0.));
#6722=DIRECTION('',(1.,0.,0.));
#6723=DIRECTION('',(0.577350269189626,0.577350269189626,0.577350269189626));
#6724=DIRECTION('',(-1.,0.,0.));
#6725=DIRECTION('center_axis',(0.707106781186548,-0.707106781186548,-4.32978028117747E-17));
#6726=DIRECTION('ref_axis',(-6.12323399573677E-17,0.,-1.));
#6727=DIRECTION('',(0.,-6.12323399573677E-17,1.));
#6728=DIRECTION('',(0.,6.12323399573677E-17,-1.));
#6729=DIRECTION('center_axis',(1.,0.,0.));
#6730=DIRECTION('ref_axis',(0.,-1.,0.));
#6731=DIRECTION('',(0.,-1.,0.));
#6732=DIRECTION('center_axis',(-1.,0.,0.));
#6733=DIRECTION('ref_axis',(0.,1.,1.48029736616688E-15));
#6734=DIRECTION('',(0.,0.,-1.));
#6735=DIRECTION('',(0.,1.,0.));
#6736=DIRECTION('',(0.,0.,-1.));
#6737=DIRECTION('center_axis',(-1.,0.,0.));
#6738=DIRECTION('ref_axis',(0.,1.,0.));
#6739=DIRECTION('',(0.,-1.,0.));
#6740=DIRECTION('center_axis',(1.11022302462516E-15,0.,-1.));
#6741=DIRECTION('ref_axis',(1.,-6.79815536723445E-32,1.11022302462516E-15));
#6742=DIRECTION('',(0.,-1.,0.));
#6743=DIRECTION('',(1.,-6.79815536723445E-32,1.11022302462516E-15));
#6744=DIRECTION('center_axis',(0.,1.,6.12323399573677E-17));
#6745=DIRECTION('ref_axis',(1.,0.,0.));
#6746=DIRECTION('center_axis',(-0.707106781186551,0.,0.707106781186544));
#6747=DIRECTION('ref_axis',(0.707106781186544,0.,0.707106781186551));
#6748=DIRECTION('',(0.,-1.,0.));
#6749=DIRECTION('',(0.577350269189622,0.577350269189628,0.577350269189628));
#6750=DIRECTION('',(0.,1.,0.));
#6751=DIRECTION('',(0.577350269189622,-0.577350269189628,0.577350269189628));
#6752=DIRECTION('center_axis',(0.,-0.707106781186547,0.707106781186548));
#6753=DIRECTION('ref_axis',(1.,0.,0.));
#6754=DIRECTION('',(1.,0.,0.));
#6755=DIRECTION('',(-0.577350269189622,0.577350269189628,0.577350269189628));
#6756=DIRECTION('',(-1.,0.,0.));
#6757=DIRECTION('center_axis',(7.85046229341887E-16,0.707106781186547,0.707106781186548));
#6758=DIRECTION('ref_axis',(1.,0.,-1.11022302462515E-15));
#6759=DIRECTION('',(1.,-1.11022302462516E-15,0.));
#6760=DIRECTION('',(0.577350269189622,0.577350269189628,-0.577350269189628));
#6761=DIRECTION('',(-1.,1.11022302462516E-15,0.));
#6762=DIRECTION('center_axis',(0.707106781186551,0.,0.707106781186544));
#6763=DIRECTION('ref_axis',(0.707106781186544,0.,-0.707106781186551));
#6764=DIRECTION('',(0.,-1.,0.));
#6765=DIRECTION('center_axis',(0.,-1.,0.));
#6766=DIRECTION('ref_axis',(-1.,0.,0.));
#6767=DIRECTION('',(0.,0.,-1.));
#6768=DIRECTION('',(-1.,0.,0.));
#6769=DIRECTION('center_axis',(-1.,0.,0.));
#6770=DIRECTION('ref_axis',(0.,1.,0.));
#6771=DIRECTION('',(0.,-1.,0.));
#6772=DIRECTION('center_axis',(-1.,0.,0.));
#6773=DIRECTION('ref_axis',(0.,1.,0.));
#6774=DIRECTION('',(0.,0.,-1.));
#6775=DIRECTION('center_axis',(-1.,0.,0.));
#6776=DIRECTION('ref_axis',(0.,1.,0.));
#6777=DIRECTION('center_axis',(0.,0.,1.));
#6778=DIRECTION('ref_axis',(1.,0.,0.));
#6779=DIRECTION('center_axis',(0.,0.,1.));
#6780=DIRECTION('ref_axis',(-1.,0.,0.));
#6781=DIRECTION('',(-1.,0.,0.));
#6782=DIRECTION('center_axis',(-1.,0.,0.));
#6783=DIRECTION('ref_axis',(0.,1.,0.));
#6784=DIRECTION('center_axis',(-1.,0.,0.));
#6785=DIRECTION('ref_axis',(0.,1.,0.));
#6786=DIRECTION('',(1.,-1.11022302462516E-15,0.));
#6787=DIRECTION('center_axis',(1.11022302462516E-15,1.,0.));
#6788=DIRECTION('ref_axis',(1.,-1.11022302462516E-15,0.));
#6789=DIRECTION('center_axis',(7.85046229341887E-16,-0.707106781186548,
-0.707106781186548));
#6790=DIRECTION('ref_axis',(-1.,0.,-1.11022302462516E-15));
#6791=DIRECTION('',(-1.,6.79815536723445E-32,-1.11022302462516E-15));
#6792=DIRECTION('',(-0.577350269189626,0.577350269189626,-0.577350269189626));
#6793=DIRECTION('',(1.,-6.79815536723445E-32,1.11022302462516E-15));
#6794=DIRECTION('',(0.577350269189626,0.577350269189626,-0.577350269189626));
#6795=DIRECTION('center_axis',(-0.707106781186548,-0.707106781186548,-4.32978028117747E-17));
#6796=DIRECTION('ref_axis',(-6.12323399573677E-17,0.,1.));
#6797=DIRECTION('',(0.,-6.12323399573677E-17,1.));
#6798=DIRECTION('',(-0.577350269189626,0.577350269189626,0.577350269189626));
#6799=DIRECTION('',(0.,6.12323399573677E-17,-1.));
#6800=DIRECTION('center_axis',(0.,-0.707106781186548,0.707106781186548));
#6801=DIRECTION('ref_axis',(1.,0.,0.));
#6802=DIRECTION('',(1.,0.,0.));
#6803=DIRECTION('',(0.577350269189626,0.577350269189626,0.577350269189626));
#6804=DIRECTION('',(-1.,0.,0.));
#6805=DIRECTION('center_axis',(0.707106781186548,-0.707106781186548,-4.32978028117747E-17));
#6806=DIRECTION('ref_axis',(-6.12323399573677E-17,0.,-1.));
#6807=DIRECTION('',(0.,-6.12323399573677E-17,1.));
#6808=DIRECTION('',(0.,6.12323399573677E-17,-1.));
#6809=DIRECTION('center_axis',(1.,0.,0.));
#6810=DIRECTION('ref_axis',(0.,-1.,0.));
#6811=DIRECTION('',(0.,-1.,0.));
#6812=DIRECTION('center_axis',(-1.,0.,0.));
#6813=DIRECTION('ref_axis',(0.,1.,1.48029736616688E-15));
#6814=DIRECTION('',(0.,0.,-1.));
#6815=DIRECTION('',(0.,1.,0.));
#6816=DIRECTION('',(0.,0.,-1.));
#6817=DIRECTION('center_axis',(-1.,0.,0.));
#6818=DIRECTION('ref_axis',(0.,1.,0.));
#6819=DIRECTION('',(0.,-1.,0.));
#6820=DIRECTION('center_axis',(1.11022302462516E-15,0.,-1.));
#6821=DIRECTION('ref_axis',(1.,-6.79815536723445E-32,1.11022302462516E-15));
#6822=DIRECTION('',(0.,-1.,0.));
#6823=DIRECTION('',(1.,-6.79815536723445E-32,1.11022302462516E-15));
#6824=DIRECTION('center_axis',(0.,1.,6.12323399573677E-17));
#6825=DIRECTION('ref_axis',(1.,0.,0.));
#6826=DIRECTION('center_axis',(-0.707106781186551,0.,0.707106781186544));
#6827=DIRECTION('ref_axis',(0.707106781186544,0.,0.707106781186551));
#6828=DIRECTION('',(0.,-1.,0.));
#6829=DIRECTION('',(0.577350269189622,0.577350269189628,0.577350269189628));
#6830=DIRECTION('',(0.,1.,0.));
#6831=DIRECTION('',(0.577350269189622,-0.577350269189628,0.577350269189628));
#6832=DIRECTION('center_axis',(0.,-0.707106781186547,0.707106781186548));
#6833=DIRECTION('ref_axis',(1.,0.,0.));
#6834=DIRECTION('',(1.,0.,0.));
#6835=DIRECTION('',(-0.577350269189622,0.577350269189628,0.577350269189628));
#6836=DIRECTION('',(-1.,0.,0.));
#6837=DIRECTION('center_axis',(7.85046229341887E-16,0.707106781186547,0.707106781186548));
#6838=DIRECTION('ref_axis',(1.,0.,-1.11022302462515E-15));
#6839=DIRECTION('',(1.,-1.11022302462516E-15,0.));
#6840=DIRECTION('',(0.577350269189622,0.577350269189628,-0.577350269189628));
#6841=DIRECTION('',(-1.,1.11022302462516E-15,0.));
#6842=DIRECTION('center_axis',(0.707106781186551,0.,0.707106781186544));
#6843=DIRECTION('ref_axis',(0.707106781186544,0.,-0.707106781186551));
#6844=DIRECTION('',(0.,-1.,0.));
#6845=DIRECTION('center_axis',(0.,-1.,0.));
#6846=DIRECTION('ref_axis',(-1.,0.,0.));
#6847=DIRECTION('',(0.,0.,-1.));
#6848=DIRECTION('',(-1.,0.,0.));
#6849=DIRECTION('center_axis',(-1.,0.,0.));
#6850=DIRECTION('ref_axis',(0.,1.,0.));
#6851=DIRECTION('',(0.,-1.,0.));
#6852=DIRECTION('center_axis',(-1.,0.,0.));
#6853=DIRECTION('ref_axis',(0.,1.,0.));
#6854=DIRECTION('',(0.,0.,-1.));
#6855=DIRECTION('center_axis',(-1.,0.,0.));
#6856=DIRECTION('ref_axis',(0.,1.,0.));
#6857=DIRECTION('center_axis',(0.,0.,1.));
#6858=DIRECTION('ref_axis',(1.,0.,0.));
#6859=DIRECTION('center_axis',(0.,0.,1.));
#6860=DIRECTION('ref_axis',(-1.,0.,0.));
#6861=DIRECTION('',(-1.,0.,0.));
#6862=DIRECTION('center_axis',(-1.,0.,0.));
#6863=DIRECTION('ref_axis',(0.,1.,0.));
#6864=DIRECTION('center_axis',(-1.,0.,0.));
#6865=DIRECTION('ref_axis',(0.,1.,0.));
#6866=DIRECTION('',(1.,-1.11022302462516E-15,0.));
#6867=DIRECTION('center_axis',(1.11022302462516E-15,1.,0.));
#6868=DIRECTION('ref_axis',(1.,-1.11022302462516E-15,0.));
#6869=DIRECTION('center_axis',(7.85046229341887E-16,-0.707106781186548,
-0.707106781186548));
#6870=DIRECTION('ref_axis',(-1.,0.,-1.11022302462516E-15));
#6871=DIRECTION('',(-1.,6.79815536723445E-32,-1.11022302462516E-15));
#6872=DIRECTION('',(-0.577350269189626,0.577350269189626,-0.577350269189626));
#6873=DIRECTION('',(1.,-6.79815536723445E-32,1.11022302462516E-15));
#6874=DIRECTION('',(0.577350269189626,0.577350269189626,-0.577350269189626));
#6875=DIRECTION('center_axis',(-0.707106781186548,-0.707106781186548,-4.32978028117747E-17));
#6876=DIRECTION('ref_axis',(-6.12323399573677E-17,0.,1.));
#6877=DIRECTION('',(0.,-6.12323399573677E-17,1.));
#6878=DIRECTION('',(-0.577350269189626,0.577350269189626,0.577350269189626));
#6879=DIRECTION('',(0.,6.12323399573677E-17,-1.));
#6880=DIRECTION('center_axis',(0.,-0.707106781186548,0.707106781186548));
#6881=DIRECTION('ref_axis',(1.,0.,0.));
#6882=DIRECTION('',(1.,0.,0.));
#6883=DIRECTION('',(0.577350269189626,0.577350269189626,0.577350269189626));
#6884=DIRECTION('',(-1.,0.,0.));
#6885=DIRECTION('center_axis',(0.707106781186548,-0.707106781186548,-4.32978028117747E-17));
#6886=DIRECTION('ref_axis',(-6.12323399573677E-17,0.,-1.));
#6887=DIRECTION('',(0.,-6.12323399573677E-17,1.));
#6888=DIRECTION('',(0.,6.12323399573677E-17,-1.));
#6889=DIRECTION('center_axis',(1.,0.,0.));
#6890=DIRECTION('ref_axis',(0.,-1.,0.));
#6891=DIRECTION('',(0.,-1.,0.));
#6892=DIRECTION('center_axis',(-1.,0.,0.));
#6893=DIRECTION('ref_axis',(0.,1.,1.48029736616688E-15));
#6894=DIRECTION('',(0.,0.,-1.));
#6895=DIRECTION('',(0.,1.,0.));
#6896=DIRECTION('',(0.,0.,-1.));
#6897=DIRECTION('center_axis',(-1.,0.,0.));
#6898=DIRECTION('ref_axis',(0.,1.,0.));
#6899=DIRECTION('',(0.,-1.,0.));
#6900=DIRECTION('center_axis',(1.11022302462516E-15,0.,-1.));
#6901=DIRECTION('ref_axis',(1.,-6.79815536723445E-32,1.11022302462516E-15));
#6902=DIRECTION('',(0.,-1.,0.));
#6903=DIRECTION('',(1.,-6.79815536723445E-32,1.11022302462516E-15));
#6904=DIRECTION('center_axis',(0.,1.,6.12323399573677E-17));
#6905=DIRECTION('ref_axis',(1.,0.,0.));
#6906=DIRECTION('center_axis',(-0.707106781186551,0.,0.707106781186544));
#6907=DIRECTION('ref_axis',(0.707106781186544,0.,0.707106781186551));
#6908=DIRECTION('',(0.,-1.,0.));
#6909=DIRECTION('',(0.577350269189622,0.577350269189628,0.577350269189628));
#6910=DIRECTION('',(0.,1.,0.));
#6911=DIRECTION('',(0.577350269189622,-0.577350269189628,0.577350269189628));
#6912=DIRECTION('center_axis',(0.,-0.707106781186547,0.707106781186548));
#6913=DIRECTION('ref_axis',(1.,0.,0.));
#6914=DIRECTION('',(1.,0.,0.));
#6915=DIRECTION('',(-0.577350269189622,0.577350269189628,0.577350269189628));
#6916=DIRECTION('',(-1.,0.,0.));
#6917=DIRECTION('center_axis',(7.85046229341887E-16,0.707106781186547,0.707106781186548));
#6918=DIRECTION('ref_axis',(1.,0.,-1.11022302462515E-15));
#6919=DIRECTION('',(1.,-1.11022302462516E-15,0.));
#6920=DIRECTION('',(0.577350269189622,0.577350269189628,-0.577350269189628));
#6921=DIRECTION('',(-1.,1.11022302462516E-15,0.));
#6922=DIRECTION('center_axis',(0.707106781186551,0.,0.707106781186544));
#6923=DIRECTION('ref_axis',(0.707106781186544,0.,-0.707106781186551));
#6924=DIRECTION('',(0.,-1.,0.));
#6925=DIRECTION('center_axis',(0.,-1.,0.));
#6926=DIRECTION('ref_axis',(-1.,0.,0.));
#6927=DIRECTION('',(0.,0.,-1.));
#6928=DIRECTION('',(-1.,0.,0.));
#6929=DIRECTION('center_axis',(-1.,0.,0.));
#6930=DIRECTION('ref_axis',(0.,1.,0.));
#6931=DIRECTION('',(0.,-1.,0.));
#6932=DIRECTION('center_axis',(-1.,0.,0.));
#6933=DIRECTION('ref_axis',(0.,1.,0.));
#6934=DIRECTION('',(0.,0.,-1.));
#6935=DIRECTION('center_axis',(-1.,0.,0.));
#6936=DIRECTION('ref_axis',(0.,1.,0.));
#6937=DIRECTION('center_axis',(0.,0.,1.));
#6938=DIRECTION('ref_axis',(1.,0.,0.));
#6939=DIRECTION('center_axis',(0.,0.,1.));
#6940=DIRECTION('ref_axis',(-1.,0.,0.));
#6941=DIRECTION('',(-1.,0.,0.));
#6942=DIRECTION('center_axis',(-1.,0.,0.));
#6943=DIRECTION('ref_axis',(0.,1.,0.));
#6944=DIRECTION('center_axis',(-1.,0.,0.));
#6945=DIRECTION('ref_axis',(0.,1.,0.));
#6946=DIRECTION('',(1.,-1.11022302462516E-15,0.));
#6947=DIRECTION('center_axis',(1.11022302462516E-15,1.,0.));
#6948=DIRECTION('ref_axis',(1.,-1.11022302462516E-15,0.));
#6949=DIRECTION('center_axis',(7.85046229341887E-16,-0.707106781186548,
-0.707106781186548));
#6950=DIRECTION('ref_axis',(-1.,0.,-1.11022302462516E-15));
#6951=DIRECTION('',(-1.,6.79815536723445E-32,-1.11022302462516E-15));
#6952=DIRECTION('',(-0.577350269189626,0.577350269189626,-0.577350269189626));
#6953=DIRECTION('',(1.,-6.79815536723445E-32,1.11022302462516E-15));
#6954=DIRECTION('',(0.577350269189626,0.577350269189626,-0.577350269189626));
#6955=DIRECTION('center_axis',(-0.707106781186548,-0.707106781186548,-4.32978028117747E-17));
#6956=DIRECTION('ref_axis',(-6.12323399573677E-17,0.,1.));
#6957=DIRECTION('',(0.,-6.12323399573677E-17,1.));
#6958=DIRECTION('',(-0.577350269189626,0.577350269189626,0.577350269189626));
#6959=DIRECTION('',(0.,6.12323399573677E-17,-1.));
#6960=DIRECTION('center_axis',(0.,-0.707106781186548,0.707106781186548));
#6961=DIRECTION('ref_axis',(1.,0.,0.));
#6962=DIRECTION('',(1.,0.,0.));
#6963=DIRECTION('',(0.577350269189626,0.577350269189626,0.577350269189626));
#6964=DIRECTION('',(-1.,0.,0.));
#6965=DIRECTION('center_axis',(0.707106781186548,-0.707106781186548,-4.32978028117747E-17));
#6966=DIRECTION('ref_axis',(-6.12323399573677E-17,0.,-1.));
#6967=DIRECTION('',(0.,-6.12323399573677E-17,1.));
#6968=DIRECTION('',(0.,6.12323399573677E-17,-1.));
#6969=DIRECTION('center_axis',(1.,0.,0.));
#6970=DIRECTION('ref_axis',(0.,-1.,0.));
#6971=DIRECTION('',(0.,-1.,0.));
#6972=DIRECTION('center_axis',(-1.,0.,0.));
#6973=DIRECTION('ref_axis',(0.,1.,1.48029736616688E-15));
#6974=DIRECTION('',(0.,0.,-1.));
#6975=DIRECTION('',(0.,1.,0.));
#6976=DIRECTION('',(0.,0.,-1.));
#6977=DIRECTION('center_axis',(-1.,0.,0.));
#6978=DIRECTION('ref_axis',(0.,1.,0.));
#6979=DIRECTION('',(0.,-1.,0.));
#6980=DIRECTION('center_axis',(1.11022302462516E-15,0.,-1.));
#6981=DIRECTION('ref_axis',(1.,-6.79815536723445E-32,1.11022302462516E-15));
#6982=DIRECTION('',(0.,-1.,0.));
#6983=DIRECTION('',(1.,-6.79815536723445E-32,1.11022302462516E-15));
#6984=DIRECTION('center_axis',(0.,1.,6.12323399573677E-17));
#6985=DIRECTION('ref_axis',(1.,0.,0.));
#6986=DIRECTION('center_axis',(-0.707106781186551,0.,0.707106781186544));
#6987=DIRECTION('ref_axis',(0.707106781186544,0.,0.707106781186551));
#6988=DIRECTION('',(0.,-1.,0.));
#6989=DIRECTION('',(0.577350269189622,0.577350269189628,0.577350269189628));
#6990=DIRECTION('',(0.,1.,0.));
#6991=DIRECTION('',(0.577350269189622,-0.577350269189628,0.577350269189628));
#6992=DIRECTION('center_axis',(0.,-0.707106781186547,0.707106781186548));
#6993=DIRECTION('ref_axis',(1.,0.,0.));
#6994=DIRECTION('',(1.,0.,0.));
#6995=DIRECTION('',(-0.577350269189622,0.577350269189628,0.577350269189628));
#6996=DIRECTION('',(-1.,0.,0.));
#6997=DIRECTION('center_axis',(7.85046229341887E-16,0.707106781186547,0.707106781186548));
#6998=DIRECTION('ref_axis',(1.,0.,-1.11022302462515E-15));
#6999=DIRECTION('',(1.,-1.11022302462516E-15,0.));
#7000=DIRECTION('',(0.577350269189622,0.577350269189628,-0.577350269189628));
#7001=DIRECTION('',(-1.,1.11022302462516E-15,0.));
#7002=DIRECTION('center_axis',(0.707106781186551,0.,0.707106781186544));
#7003=DIRECTION('ref_axis',(0.707106781186544,0.,-0.707106781186551));
#7004=DIRECTION('',(0.,-1.,0.));
#7005=DIRECTION('center_axis',(0.,-1.,0.));
#7006=DIRECTION('ref_axis',(-1.,0.,0.));
#7007=DIRECTION('',(0.,0.,-1.));
#7008=DIRECTION('',(-1.,0.,0.));
#7009=DIRECTION('center_axis',(-1.,0.,0.));
#7010=DIRECTION('ref_axis',(0.,1.,0.));
#7011=DIRECTION('',(0.,-1.,0.));
#7012=DIRECTION('center_axis',(-1.,0.,0.));
#7013=DIRECTION('ref_axis',(0.,1.,0.));
#7014=DIRECTION('',(0.,0.,-1.));
#7015=DIRECTION('center_axis',(-1.,0.,0.));
#7016=DIRECTION('ref_axis',(0.,1.,0.));
#7017=DIRECTION('center_axis',(0.,0.,1.));
#7018=DIRECTION('ref_axis',(1.,0.,0.));
#7019=DIRECTION('center_axis',(0.,0.,1.));
#7020=DIRECTION('ref_axis',(-1.,0.,0.));
#7021=DIRECTION('',(-1.,0.,0.));
#7022=DIRECTION('center_axis',(-1.,0.,0.));
#7023=DIRECTION('ref_axis',(0.,1.,0.));
#7024=DIRECTION('center_axis',(-1.,0.,0.));
#7025=DIRECTION('ref_axis',(0.,1.,0.));
#7026=DIRECTION('',(1.,-1.11022302462516E-15,0.));
#7027=DIRECTION('center_axis',(1.11022302462516E-15,1.,0.));
#7028=DIRECTION('ref_axis',(1.,-1.11022302462516E-15,0.));
#7029=DIRECTION('center_axis',(7.85046229341887E-16,-0.707106781186548,
-0.707106781186548));
#7030=DIRECTION('ref_axis',(-1.,0.,-1.11022302462516E-15));
#7031=DIRECTION('',(-1.,6.79815536723445E-32,-1.11022302462516E-15));
#7032=DIRECTION('',(-0.577350269189626,0.577350269189626,-0.577350269189626));
#7033=DIRECTION('',(1.,-6.79815536723445E-32,1.11022302462516E-15));
#7034=DIRECTION('',(0.577350269189626,0.577350269189626,-0.577350269189626));
#7035=DIRECTION('center_axis',(-0.707106781186548,-0.707106781186548,-4.32978028117747E-17));
#7036=DIRECTION('ref_axis',(-6.12323399573677E-17,0.,1.));
#7037=DIRECTION('',(0.,-6.12323399573677E-17,1.));
#7038=DIRECTION('',(-0.577350269189626,0.577350269189626,0.577350269189626));
#7039=DIRECTION('',(0.,6.12323399573677E-17,-1.));
#7040=DIRECTION('center_axis',(0.,-0.707106781186548,0.707106781186548));
#7041=DIRECTION('ref_axis',(1.,0.,0.));
#7042=DIRECTION('',(1.,0.,0.));
#7043=DIRECTION('',(0.577350269189626,0.577350269189626,0.577350269189626));
#7044=DIRECTION('',(-1.,0.,0.));
#7045=DIRECTION('center_axis',(0.707106781186548,-0.707106781186548,-4.32978028117747E-17));
#7046=DIRECTION('ref_axis',(-6.12323399573677E-17,0.,-1.));
#7047=DIRECTION('',(0.,-6.12323399573677E-17,1.));
#7048=DIRECTION('',(0.,6.12323399573677E-17,-1.));
#7049=DIRECTION('center_axis',(1.,0.,0.));
#7050=DIRECTION('ref_axis',(0.,-1.,0.));
#7051=DIRECTION('',(0.,-1.,0.));
#7052=DIRECTION('center_axis',(-1.,0.,0.));
#7053=DIRECTION('ref_axis',(0.,1.,1.48029736616688E-15));
#7054=DIRECTION('',(0.,0.,-1.));
#7055=DIRECTION('',(0.,1.,0.));
#7056=DIRECTION('',(0.,0.,-1.));
#7057=DIRECTION('center_axis',(-1.,0.,0.));
#7058=DIRECTION('ref_axis',(0.,1.,0.));
#7059=DIRECTION('',(0.,-1.,0.));
#7060=DIRECTION('center_axis',(1.11022302462516E-15,0.,-1.));
#7061=DIRECTION('ref_axis',(1.,-6.79815536723445E-32,1.11022302462516E-15));
#7062=DIRECTION('',(0.,-1.,0.));
#7063=DIRECTION('',(1.,-6.79815536723445E-32,1.11022302462516E-15));
#7064=DIRECTION('center_axis',(0.,1.,6.12323399573677E-17));
#7065=DIRECTION('ref_axis',(1.,0.,0.));
#7066=DIRECTION('center_axis',(-0.707106781186551,0.,0.707106781186544));
#7067=DIRECTION('ref_axis',(0.707106781186544,0.,0.707106781186551));
#7068=DIRECTION('',(0.,-1.,0.));
#7069=DIRECTION('',(0.577350269189622,0.577350269189628,0.577350269189628));
#7070=DIRECTION('',(0.,1.,0.));
#7071=DIRECTION('',(0.577350269189622,-0.577350269189628,0.577350269189628));
#7072=DIRECTION('center_axis',(0.,-0.707106781186547,0.707106781186548));
#7073=DIRECTION('ref_axis',(1.,0.,0.));
#7074=DIRECTION('',(1.,0.,0.));
#7075=DIRECTION('',(-0.577350269189622,0.577350269189628,0.577350269189628));
#7076=DIRECTION('',(-1.,0.,0.));
#7077=DIRECTION('center_axis',(7.85046229341887E-16,0.707106781186547,0.707106781186548));
#7078=DIRECTION('ref_axis',(1.,0.,-1.11022302462515E-15));
#7079=DIRECTION('',(1.,-1.11022302462516E-15,0.));
#7080=DIRECTION('',(0.577350269189622,0.577350269189628,-0.577350269189628));
#7081=DIRECTION('',(-1.,1.11022302462516E-15,0.));
#7082=DIRECTION('center_axis',(0.707106781186551,0.,0.707106781186544));
#7083=DIRECTION('ref_axis',(0.707106781186544,0.,-0.707106781186551));
#7084=DIRECTION('',(0.,-1.,0.));
#7085=DIRECTION('center_axis',(0.,-1.,0.));
#7086=DIRECTION('ref_axis',(-1.,0.,0.));
#7087=DIRECTION('',(0.,0.,-1.));
#7088=DIRECTION('',(-1.,0.,0.));
#7089=DIRECTION('center_axis',(-1.,0.,0.));
#7090=DIRECTION('ref_axis',(0.,1.,0.));
#7091=DIRECTION('',(0.,-1.,0.));
#7092=DIRECTION('center_axis',(-1.,0.,0.));
#7093=DIRECTION('ref_axis',(0.,1.,0.));
#7094=DIRECTION('',(0.,0.,-1.));
#7095=DIRECTION('center_axis',(-1.,0.,0.));
#7096=DIRECTION('ref_axis',(0.,1.,0.));
#7097=DIRECTION('center_axis',(0.,0.,1.));
#7098=DIRECTION('ref_axis',(1.,0.,0.));
#7099=DIRECTION('center_axis',(0.,0.,1.));
#7100=DIRECTION('ref_axis',(-1.,0.,0.));
#7101=DIRECTION('',(-1.,0.,0.));
#7102=DIRECTION('center_axis',(-1.,0.,0.));
#7103=DIRECTION('ref_axis',(0.,1.,0.));
#7104=DIRECTION('center_axis',(-1.,0.,0.));
#7105=DIRECTION('ref_axis',(0.,1.,0.));
#7106=DIRECTION('',(1.,-1.11022302462516E-15,0.));
#7107=DIRECTION('center_axis',(1.11022302462516E-15,1.,0.));
#7108=DIRECTION('ref_axis',(1.,-1.11022302462516E-15,0.));
#7109=DIRECTION('center_axis',(7.85046229341887E-16,-0.707106781186548,
-0.707106781186548));
#7110=DIRECTION('ref_axis',(-1.,0.,-1.11022302462516E-15));
#7111=DIRECTION('',(-1.,6.79815536723445E-32,-1.11022302462516E-15));
#7112=DIRECTION('',(-0.577350269189626,0.577350269189626,-0.577350269189626));
#7113=DIRECTION('',(1.,-6.79815536723445E-32,1.11022302462516E-15));
#7114=DIRECTION('',(0.577350269189626,0.577350269189626,-0.577350269189626));
#7115=DIRECTION('center_axis',(-0.707106781186548,-0.707106781186548,-4.32978028117747E-17));
#7116=DIRECTION('ref_axis',(-6.12323399573677E-17,0.,1.));
#7117=DIRECTION('',(0.,-6.12323399573677E-17,1.));
#7118=DIRECTION('',(-0.577350269189626,0.577350269189626,0.577350269189626));
#7119=DIRECTION('',(0.,6.12323399573677E-17,-1.));
#7120=DIRECTION('center_axis',(0.,-0.707106781186548,0.707106781186548));
#7121=DIRECTION('ref_axis',(1.,0.,0.));
#7122=DIRECTION('',(1.,0.,0.));
#7123=DIRECTION('',(0.577350269189626,0.577350269189626,0.577350269189626));
#7124=DIRECTION('',(-1.,0.,0.));
#7125=DIRECTION('center_axis',(0.707106781186548,-0.707106781186548,-4.32978028117747E-17));
#7126=DIRECTION('ref_axis',(-6.12323399573677E-17,0.,-1.));
#7127=DIRECTION('',(0.,-6.12323399573677E-17,1.));
#7128=DIRECTION('',(0.,6.12323399573677E-17,-1.));
#7129=DIRECTION('center_axis',(1.,0.,0.));
#7130=DIRECTION('ref_axis',(0.,-1.,0.));
#7131=DIRECTION('',(0.,-1.,0.));
#7132=DIRECTION('center_axis',(-1.,0.,0.));
#7133=DIRECTION('ref_axis',(0.,1.,1.48029736616688E-15));
#7134=DIRECTION('',(0.,0.,-1.));
#7135=DIRECTION('',(0.,1.,0.));
#7136=DIRECTION('',(0.,0.,-1.));
#7137=DIRECTION('center_axis',(-1.,0.,0.));
#7138=DIRECTION('ref_axis',(0.,1.,0.));
#7139=DIRECTION('',(0.,-1.,0.));
#7140=DIRECTION('center_axis',(1.11022302462516E-15,0.,-1.));
#7141=DIRECTION('ref_axis',(1.,-6.79815536723445E-32,1.11022302462516E-15));
#7142=DIRECTION('',(0.,-1.,0.));
#7143=DIRECTION('',(1.,-6.79815536723445E-32,1.11022302462516E-15));
#7144=DIRECTION('center_axis',(0.,1.,6.12323399573677E-17));
#7145=DIRECTION('ref_axis',(1.,0.,0.));
#7146=DIRECTION('center_axis',(-0.707106781186551,0.,0.707106781186544));
#7147=DIRECTION('ref_axis',(0.707106781186544,0.,0.707106781186551));
#7148=DIRECTION('',(0.,-1.,0.));
#7149=DIRECTION('',(0.577350269189622,0.577350269189628,0.577350269189628));
#7150=DIRECTION('',(0.,1.,0.));
#7151=DIRECTION('',(0.577350269189622,-0.577350269189628,0.577350269189628));
#7152=DIRECTION('center_axis',(0.,-0.707106781186547,0.707106781186548));
#7153=DIRECTION('ref_axis',(1.,0.,0.));
#7154=DIRECTION('',(1.,0.,0.));
#7155=DIRECTION('',(-0.577350269189622,0.577350269189628,0.577350269189628));
#7156=DIRECTION('',(-1.,0.,0.));
#7157=DIRECTION('center_axis',(7.85046229341887E-16,0.707106781186547,0.707106781186548));
#7158=DIRECTION('ref_axis',(1.,0.,-1.11022302462515E-15));
#7159=DIRECTION('',(1.,-1.11022302462516E-15,0.));
#7160=DIRECTION('',(0.577350269189622,0.577350269189628,-0.577350269189628));
#7161=DIRECTION('',(-1.,1.11022302462516E-15,0.));
#7162=DIRECTION('center_axis',(0.707106781186551,0.,0.707106781186544));
#7163=DIRECTION('ref_axis',(0.707106781186544,0.,-0.707106781186551));
#7164=DIRECTION('',(0.,-1.,0.));
#7165=DIRECTION('center_axis',(0.,-1.,0.));
#7166=DIRECTION('ref_axis',(-1.,0.,0.));
#7167=DIRECTION('',(0.,0.,-1.));
#7168=DIRECTION('',(-1.,0.,0.));
#7169=DIRECTION('center_axis',(-1.,0.,0.));
#7170=DIRECTION('ref_axis',(0.,1.,0.));
#7171=DIRECTION('',(0.,-1.,0.));
#7172=DIRECTION('center_axis',(-1.,0.,0.));
#7173=DIRECTION('ref_axis',(0.,1.,0.));
#7174=DIRECTION('',(0.,0.,-1.));
#7175=DIRECTION('center_axis',(-1.,0.,0.));
#7176=DIRECTION('ref_axis',(0.,1.,0.));
#7177=DIRECTION('center_axis',(0.,0.,1.));
#7178=DIRECTION('ref_axis',(1.,0.,0.));
#7179=DIRECTION('center_axis',(0.,0.,1.));
#7180=DIRECTION('ref_axis',(-1.,0.,0.));
#7181=DIRECTION('',(-1.,0.,0.));
#7182=DIRECTION('center_axis',(-1.,0.,0.));
#7183=DIRECTION('ref_axis',(0.,1.,0.));
#7184=DIRECTION('center_axis',(-1.,0.,0.));
#7185=DIRECTION('ref_axis',(0.,1.,0.));
#7186=DIRECTION('',(1.,-1.11022302462516E-15,0.));
#7187=DIRECTION('center_axis',(1.11022302462516E-15,1.,0.));
#7188=DIRECTION('ref_axis',(1.,-1.11022302462516E-15,0.));
#7189=DIRECTION('center_axis',(7.85046229341887E-16,-0.707106781186548,
-0.707106781186548));
#7190=DIRECTION('ref_axis',(-1.,0.,-1.11022302462516E-15));
#7191=DIRECTION('',(-1.,6.79815536723445E-32,-1.11022302462516E-15));
#7192=DIRECTION('',(-0.577350269189626,0.577350269189626,-0.577350269189626));
#7193=DIRECTION('',(1.,-6.79815536723445E-32,1.11022302462516E-15));
#7194=DIRECTION('',(0.577350269189626,0.577350269189626,-0.577350269189626));
#7195=DIRECTION('center_axis',(-0.707106781186548,-0.707106781186548,-4.32978028117747E-17));
#7196=DIRECTION('ref_axis',(-6.12323399573677E-17,0.,1.));
#7197=DIRECTION('',(0.,-6.12323399573677E-17,1.));
#7198=DIRECTION('',(-0.577350269189626,0.577350269189626,0.577350269189626));
#7199=DIRECTION('',(0.,6.12323399573677E-17,-1.));
#7200=DIRECTION('center_axis',(0.,-0.707106781186548,0.707106781186548));
#7201=DIRECTION('ref_axis',(1.,0.,0.));
#7202=DIRECTION('',(1.,0.,0.));
#7203=DIRECTION('',(0.577350269189626,0.577350269189626,0.577350269189626));
#7204=DIRECTION('',(-1.,0.,0.));
#7205=DIRECTION('center_axis',(0.707106781186548,-0.707106781186548,-4.32978028117747E-17));
#7206=DIRECTION('ref_axis',(-6.12323399573677E-17,0.,-1.));
#7207=DIRECTION('',(0.,-6.12323399573677E-17,1.));
#7208=DIRECTION('',(0.,6.12323399573677E-17,-1.));
#7209=DIRECTION('center_axis',(1.,0.,0.));
#7210=DIRECTION('ref_axis',(0.,-1.,0.));
#7211=DIRECTION('',(0.,-1.,0.));
#7212=DIRECTION('center_axis',(-1.,0.,0.));
#7213=DIRECTION('ref_axis',(0.,1.,1.48029736616688E-15));
#7214=DIRECTION('',(0.,0.,-1.));
#7215=DIRECTION('',(0.,1.,0.));
#7216=DIRECTION('',(0.,0.,-1.));
#7217=DIRECTION('center_axis',(-1.,0.,0.));
#7218=DIRECTION('ref_axis',(0.,1.,0.));
#7219=DIRECTION('',(0.,-1.,0.));
#7220=DIRECTION('center_axis',(1.11022302462516E-15,0.,-1.));
#7221=DIRECTION('ref_axis',(1.,-6.79815536723445E-32,1.11022302462516E-15));
#7222=DIRECTION('',(0.,-1.,0.));
#7223=DIRECTION('',(1.,-6.79815536723445E-32,1.11022302462516E-15));
#7224=DIRECTION('center_axis',(0.,1.,6.12323399573677E-17));
#7225=DIRECTION('ref_axis',(1.,0.,0.));
#7226=DIRECTION('center_axis',(-0.707106781186551,0.,0.707106781186544));
#7227=DIRECTION('ref_axis',(0.707106781186544,0.,0.707106781186551));
#7228=DIRECTION('',(0.,-1.,0.));
#7229=DIRECTION('',(0.577350269189622,0.577350269189628,0.577350269189628));
#7230=DIRECTION('',(0.,1.,0.));
#7231=DIRECTION('',(0.577350269189622,-0.577350269189628,0.577350269189628));
#7232=DIRECTION('center_axis',(0.,-0.707106781186547,0.707106781186548));
#7233=DIRECTION('ref_axis',(1.,0.,0.));
#7234=DIRECTION('',(1.,0.,0.));
#7235=DIRECTION('',(-0.577350269189622,0.577350269189628,0.577350269189628));
#7236=DIRECTION('',(-1.,0.,0.));
#7237=DIRECTION('center_axis',(7.85046229341887E-16,0.707106781186547,0.707106781186548));
#7238=DIRECTION('ref_axis',(1.,0.,-1.11022302462515E-15));
#7239=DIRECTION('',(1.,-1.11022302462516E-15,0.));
#7240=DIRECTION('',(0.577350269189622,0.577350269189628,-0.577350269189628));
#7241=DIRECTION('',(-1.,1.11022302462516E-15,0.));
#7242=DIRECTION('center_axis',(0.707106781186551,0.,0.707106781186544));
#7243=DIRECTION('ref_axis',(0.707106781186544,0.,-0.707106781186551));
#7244=DIRECTION('',(0.,-1.,0.));
#7245=DIRECTION('center_axis',(0.,-1.,0.));
#7246=DIRECTION('ref_axis',(-1.,0.,0.));
#7247=DIRECTION('',(0.,0.,-1.));
#7248=DIRECTION('',(-1.,0.,0.));
#7249=DIRECTION('center_axis',(-1.,0.,0.));
#7250=DIRECTION('ref_axis',(0.,1.,0.));
#7251=DIRECTION('',(0.,-1.,0.));
#7252=DIRECTION('center_axis',(-1.,0.,0.));
#7253=DIRECTION('ref_axis',(0.,1.,0.));
#7254=DIRECTION('',(0.,0.,-1.));
#7255=DIRECTION('center_axis',(-1.,0.,0.));
#7256=DIRECTION('ref_axis',(0.,1.,0.));
#7257=DIRECTION('center_axis',(0.,0.,1.));
#7258=DIRECTION('ref_axis',(1.,0.,0.));
#7259=DIRECTION('center_axis',(0.,0.,1.));
#7260=DIRECTION('ref_axis',(-1.,0.,0.));
#7261=DIRECTION('',(-1.,0.,0.));
#7262=DIRECTION('center_axis',(-1.,0.,0.));
#7263=DIRECTION('ref_axis',(0.,1.,0.));
#7264=DIRECTION('center_axis',(-1.,0.,0.));
#7265=DIRECTION('ref_axis',(0.,1.,0.));
#7266=DIRECTION('',(1.,-1.11022302462516E-15,0.));
#7267=DIRECTION('center_axis',(1.11022302462516E-15,1.,0.));
#7268=DIRECTION('ref_axis',(1.,-1.11022302462516E-15,0.));
#7269=DIRECTION('center_axis',(7.85046229341887E-16,-0.707106781186548,
-0.707106781186548));
#7270=DIRECTION('ref_axis',(-1.,0.,-1.11022302462516E-15));
#7271=DIRECTION('',(-1.,6.79815536723445E-32,-1.11022302462516E-15));
#7272=DIRECTION('',(-0.577350269189626,0.577350269189626,-0.577350269189626));
#7273=DIRECTION('',(1.,-6.79815536723445E-32,1.11022302462516E-15));
#7274=DIRECTION('',(0.577350269189626,0.577350269189626,-0.577350269189626));
#7275=DIRECTION('center_axis',(-0.707106781186548,-0.707106781186548,-4.32978028117747E-17));
#7276=DIRECTION('ref_axis',(-6.12323399573677E-17,0.,1.));
#7277=DIRECTION('',(0.,-6.12323399573677E-17,1.));
#7278=DIRECTION('',(-0.577350269189626,0.577350269189626,0.577350269189626));
#7279=DIRECTION('',(0.,6.12323399573677E-17,-1.));
#7280=DIRECTION('center_axis',(0.,-0.707106781186548,0.707106781186548));
#7281=DIRECTION('ref_axis',(1.,0.,0.));
#7282=DIRECTION('',(1.,0.,0.));
#7283=DIRECTION('',(0.577350269189626,0.577350269189626,0.577350269189626));
#7284=DIRECTION('',(-1.,0.,0.));
#7285=DIRECTION('center_axis',(0.707106781186548,-0.707106781186548,-4.32978028117747E-17));
#7286=DIRECTION('ref_axis',(-6.12323399573677E-17,0.,-1.));
#7287=DIRECTION('',(0.,-6.12323399573677E-17,1.));
#7288=DIRECTION('',(0.,6.12323399573677E-17,-1.));
#7289=DIRECTION('center_axis',(1.,0.,0.));
#7290=DIRECTION('ref_axis',(0.,-1.,0.));
#7291=DIRECTION('',(0.,-1.,0.));
#7292=DIRECTION('center_axis',(-1.,0.,0.));
#7293=DIRECTION('ref_axis',(0.,1.,1.48029736616688E-15));
#7294=DIRECTION('',(0.,0.,-1.));
#7295=DIRECTION('',(0.,1.,0.));
#7296=DIRECTION('',(0.,0.,-1.));
#7297=DIRECTION('center_axis',(-1.,0.,0.));
#7298=DIRECTION('ref_axis',(0.,1.,0.));
#7299=DIRECTION('',(0.,-1.,0.));
#7300=DIRECTION('center_axis',(1.11022302462516E-15,0.,-1.));
#7301=DIRECTION('ref_axis',(1.,-6.79815536723445E-32,1.11022302462516E-15));
#7302=DIRECTION('',(0.,-1.,0.));
#7303=DIRECTION('',(1.,-6.79815536723445E-32,1.11022302462516E-15));
#7304=DIRECTION('center_axis',(0.,1.,6.12323399573677E-17));
#7305=DIRECTION('ref_axis',(1.,0.,0.));
#7306=DIRECTION('center_axis',(-0.707106781186551,0.,0.707106781186544));
#7307=DIRECTION('ref_axis',(0.707106781186544,0.,0.707106781186551));
#7308=DIRECTION('',(0.,-1.,0.));
#7309=DIRECTION('',(0.577350269189622,0.577350269189628,0.577350269189628));
#7310=DIRECTION('',(0.,1.,0.));
#7311=DIRECTION('',(0.577350269189622,-0.577350269189628,0.577350269189628));
#7312=DIRECTION('center_axis',(0.,-0.707106781186547,0.707106781186548));
#7313=DIRECTION('ref_axis',(1.,0.,0.));
#7314=DIRECTION('',(1.,0.,0.));
#7315=DIRECTION('',(-0.577350269189622,0.577350269189628,0.577350269189628));
#7316=DIRECTION('',(-1.,0.,0.));
#7317=DIRECTION('center_axis',(7.85046229341887E-16,0.707106781186547,0.707106781186548));
#7318=DIRECTION('ref_axis',(1.,0.,-1.11022302462515E-15));
#7319=DIRECTION('',(1.,-1.11022302462516E-15,0.));
#7320=DIRECTION('',(0.577350269189622,0.577350269189628,-0.577350269189628));
#7321=DIRECTION('',(-1.,1.11022302462516E-15,0.));
#7322=DIRECTION('center_axis',(0.707106781186551,0.,0.707106781186544));
#7323=DIRECTION('ref_axis',(0.707106781186544,0.,-0.707106781186551));
#7324=DIRECTION('',(0.,-1.,0.));
#7325=DIRECTION('center_axis',(0.,-1.,0.));
#7326=DIRECTION('ref_axis',(-1.,0.,0.));
#7327=DIRECTION('',(0.,0.,-1.));
#7328=DIRECTION('',(-1.,0.,0.));
#7329=DIRECTION('center_axis',(-1.,0.,0.));
#7330=DIRECTION('ref_axis',(0.,1.,0.));
#7331=DIRECTION('',(0.,-1.,0.));
#7332=DIRECTION('center_axis',(-1.,0.,0.));
#7333=DIRECTION('ref_axis',(0.,1.,0.));
#7334=DIRECTION('',(0.,0.,-1.));
#7335=DIRECTION('center_axis',(-1.,0.,0.));
#7336=DIRECTION('ref_axis',(0.,1.,0.));
#7337=DIRECTION('center_axis',(0.,0.,1.));
#7338=DIRECTION('ref_axis',(1.,0.,0.));
#7339=DIRECTION('center_axis',(0.,0.,1.));
#7340=DIRECTION('ref_axis',(-1.,0.,0.));
#7341=DIRECTION('',(-1.,0.,0.));
#7342=DIRECTION('center_axis',(-1.,0.,0.));
#7343=DIRECTION('ref_axis',(0.,1.,0.));
#7344=DIRECTION('center_axis',(-1.,0.,0.));
#7345=DIRECTION('ref_axis',(0.,1.,0.));
#7346=DIRECTION('',(1.,-1.11022302462516E-15,0.));
#7347=DIRECTION('center_axis',(1.11022302462516E-15,1.,0.));
#7348=DIRECTION('ref_axis',(1.,-1.11022302462516E-15,0.));
#7349=CARTESIAN_POINT('',(0.,0.,0.));
#7350=CARTESIAN_POINT('Origin',(10.95,2.5,-2.));
#7351=CARTESIAN_POINT('',(10.35,2.5,0.));
#7352=CARTESIAN_POINT('',(10.35,2.5,-2.));
#7353=CARTESIAN_POINT('',(10.35,2.5,-2.5));
#7354=CARTESIAN_POINT('',(10.95,2.5,0.));
#7355=CARTESIAN_POINT('',(5.475,2.5,0.));
#7356=CARTESIAN_POINT('',(10.95,2.5,-2.));
#7357=CARTESIAN_POINT('',(10.95,2.5,-2.5));
#7358=CARTESIAN_POINT('',(10.95,2.5,-2.));
#7359=CARTESIAN_POINT('Origin',(10.95,3.5,-2.));
#7360=CARTESIAN_POINT('',(10.35,3.5,-2.));
#7361=CARTESIAN_POINT('',(10.35,2.95,-2.));
#7362=CARTESIAN_POINT('',(10.95,3.5,-2.));
#7363=CARTESIAN_POINT('',(10.95,2.95,-2.));
#7364=CARTESIAN_POINT('',(10.95,3.5,-2.));
#7365=CARTESIAN_POINT('Origin',(10.95,3.5,0.));
#7366=CARTESIAN_POINT('',(10.35,3.5,-3.37037740267766E-32));
#7367=CARTESIAN_POINT('',(10.35,3.5,-1.5));
#7368=CARTESIAN_POINT('',(10.95,3.5,0.));
#7369=CARTESIAN_POINT('',(10.95,3.5,-1.5));
#7370=CARTESIAN_POINT('',(5.475,3.5,-3.37037740267766E-32));
#7371=CARTESIAN_POINT('Origin',(10.95,3.5,0.));
#7372=CARTESIAN_POINT('',(-10.35,3.5,-3.37037740267766E-32));
#7373=CARTESIAN_POINT('',(-10.35,3.5,-2.));
#7374=CARTESIAN_POINT('',(-10.35,3.5,-1.5));
#7375=CARTESIAN_POINT('',(-10.95,3.5,-3.37037740267766E-32));
#7376=CARTESIAN_POINT('',(5.475,3.5,-3.37037740267766E-32));
#7377=CARTESIAN_POINT('',(-10.95,3.5,-2.));
#7378=CARTESIAN_POINT('',(-10.95,3.5,-1.5));
#7379=CARTESIAN_POINT('',(10.95,3.5,-2.));
#7380=CARTESIAN_POINT('Origin',(10.95,3.5,-2.));
#7381=CARTESIAN_POINT('',(-10.35,2.5,-2.));
#7382=CARTESIAN_POINT('',(-10.35,2.95,-2.));
#7383=CARTESIAN_POINT('',(-10.95,2.5,-2.));
#7384=CARTESIAN_POINT('',(-10.95,2.95,-2.));
#7385=CARTESIAN_POINT('',(10.95,2.5,-2.));
#7386=CARTESIAN_POINT('Origin',(10.95,2.5,-2.));
#7387=CARTESIAN_POINT('',(-10.35,2.5,0.));
#7388=CARTESIAN_POINT('',(-10.35,2.5,-2.5));
#7389=CARTESIAN_POINT('',(-10.95,2.5,-2.40741243048404E-32));
#7390=CARTESIAN_POINT('',(-10.95,2.5,-2.5));
#7391=CARTESIAN_POINT('',(5.475,2.5,0.));
#7392=CARTESIAN_POINT('Origin',(-10.95,2.4,-3.));
#7393=CARTESIAN_POINT('',(-10.95,4.8,0.));
#7394=CARTESIAN_POINT('',(-10.95,0.,0.));
#7395=CARTESIAN_POINT('',(-10.95,4.8,-6.));
#7396=CARTESIAN_POINT('',(-10.95,4.8,-4.62223186652937E-32));
#7397=CARTESIAN_POINT('',(-10.95,3.3,-6.00000000000001));
#7398=CARTESIAN_POINT('',(-10.95,4.8,-6.));
#7399=CARTESIAN_POINT('',(-10.95,2.5,-7.59999999999999));
#7400=CARTESIAN_POINT('',(-10.95,3.3,-6.00000000000001));
#7401=CARTESIAN_POINT('',(-10.95,-1.39609735102798E-15,-7.6));
#7402=CARTESIAN_POINT('',(-10.95,2.5,-7.59999999999999));
#7403=CARTESIAN_POINT('',(-10.95,0.,0.));
#7404=CARTESIAN_POINT('',(-10.95,-1.39609735102798E-15,-7.6));
#7405=CARTESIAN_POINT('',(-10.95,0.,0.));
#7406=CARTESIAN_POINT('Origin',(0.,4.8,-4.62223186652937E-32));
#7407=CARTESIAN_POINT('',(-10.35,4.2,-1.34815096107107E-32));
#7408=CARTESIAN_POINT('',(-10.35,3.6,0.));
#7409=CARTESIAN_POINT('',(-8.15,4.2,-6.87081760624594E-16));
#7410=CARTESIAN_POINT('',(0.,4.2,0.));
#7411=CARTESIAN_POINT('',(-8.15,4.8,-6.87081760624594E-16));
#7412=CARTESIAN_POINT('',(-8.15,4.8,0.));
#7413=CARTESIAN_POINT('',(0.,4.8,-4.62223186652937E-32));
#7414=CARTESIAN_POINT('Origin',(0.,4.8,-4.62223186652937E-32));
#7415=CARTESIAN_POINT('',(10.95,4.8,0.));
#7416=CARTESIAN_POINT('',(10.95,0.,0.));
#7417=CARTESIAN_POINT('',(8.15,4.8,-6.87081760624594E-16));
#7418=CARTESIAN_POINT('',(0.,4.8,-4.62223186652937E-32));
#7419=CARTESIAN_POINT('',(8.15,4.2,-6.87081760624594E-16));
#7420=CARTESIAN_POINT('',(8.15,4.8,0.));
#7421=CARTESIAN_POINT('',(10.35,4.2,-1.34815096107107E-32));
#7422=CARTESIAN_POINT('',(0.,4.2,0.));
#7423=CARTESIAN_POINT('',(10.35,3.6,0.));
#7424=CARTESIAN_POINT('Origin',(10.35,2.4,-3.));
#7425=CARTESIAN_POINT('',(10.35,4.2,-3.57734173766289));
#7426=CARTESIAN_POINT('',(10.35,4.2,-4.5));
#7427=CARTESIAN_POINT('',(10.35,3.8,-3.57734173766289));
#7428=CARTESIAN_POINT('',(10.35,3.6,-3.57734173766289));
#7429=CARTESIAN_POINT('',(10.35,3.8,-5.4));
#7430=CARTESIAN_POINT('',(10.35,3.8,-4.39231598626968));
#7431=CARTESIAN_POINT('',(10.35,0.8,-5.40000000000002));
#7432=CARTESIAN_POINT('',(10.35,1.2,-5.40000000000001));
#7433=CARTESIAN_POINT('',(10.35,0.8,2.69630192214213E-32));
#7434=CARTESIAN_POINT('',(10.35,0.8,-1.5));
#7435=CARTESIAN_POINT('',(10.35,3.6,0.));
#7436=CARTESIAN_POINT('Origin',(-8.15,4.8,-4.));
#7437=CARTESIAN_POINT('',(-8.15,4.2,-4.));
#7438=CARTESIAN_POINT('',(-8.15,4.2,-5.));
#7439=CARTESIAN_POINT('',(-8.15,4.8,-4.));
#7440=CARTESIAN_POINT('',(-8.15,4.8,-4.));
#7441=CARTESIAN_POINT('',(-8.15,4.8,-5.));
#7442=CARTESIAN_POINT('Origin',(-10.45,4.8,-3.57734173766289));
#7443=CARTESIAN_POINT('',(-10.35,3.8,-3.57734173766289));
#7444=CARTESIAN_POINT('',(-10.35,4.2,-3.57734173766289));
#7445=CARTESIAN_POINT('',(-10.35,3.6,-3.57734173766289));
#7446=CARTESIAN_POINT('',(-10.45,3.8,-3.57734173766289));
#7447=CARTESIAN_POINT('',(-9.45,3.8,-3.57734173766289));
#7448=CARTESIAN_POINT('',(-10.45,4.8,-3.57734173766289));
#7449=CARTESIAN_POINT('',(-10.45,4.8,-3.57734173766289));
#7450=CARTESIAN_POINT('',(-9.45,4.8,-3.57734173766289));
#7451=CARTESIAN_POINT('',(-5.225,4.8,-3.57734173766289));
#7452=CARTESIAN_POINT('',(-9.45,4.2,-3.57734173766289));
#7453=CARTESIAN_POINT('',(-9.45,4.8,-3.57734173766289));
#7454=CARTESIAN_POINT('',(-5.225,4.2,-3.57734173766289));
#7455=CARTESIAN_POINT('Origin',(-10.45,4.8,-6.));
#7456=CARTESIAN_POINT('',(-10.45,4.8,-6.));
#7457=CARTESIAN_POINT('',(-10.45,4.8,-6.));
#7458=CARTESIAN_POINT('',(-10.45,3.8,-6.));
#7459=CARTESIAN_POINT('',(-10.45,3.8,-3.57734173766289));
#7460=CARTESIAN_POINT('',(-10.45,2.4,-6.00000000000001));
#7461=CARTESIAN_POINT('Origin',(-9.45,4.8,-3.57734173766289));
#7462=CARTESIAN_POINT('',(-9.45,4.2,-5.4));
#7463=CARTESIAN_POINT('',(-9.45,3.8,-5.4));
#7464=CARTESIAN_POINT('',(-9.45,2.4,-5.40000000000001));
#7465=CARTESIAN_POINT('',(-9.45,4.2,-4.78867086883145));
#7466=CARTESIAN_POINT('',(-9.45,4.8,-5.7999998435378));
#7467=CARTESIAN_POINT('',(-9.45,4.8,-4.78867086883145));
#7468=CARTESIAN_POINT('',(-9.45,3.8,-5.7999998435378));
#7469=CARTESIAN_POINT('',(-9.45,4.8,-5.7999998435378));
#7470=CARTESIAN_POINT('',(-9.45,3.8,-7.99192220741581));
#7471=CARTESIAN_POINT('Origin',(-9.95,3.8,-5.78463197253935));
#7472=CARTESIAN_POINT('',(-10.35,3.8,-5.4));
#7473=CARTESIAN_POINT('',(-10.35,3.8,-4.39231598626968));
#7474=CARTESIAN_POINT('',(-4.975,3.8,-5.4));
#7475=CARTESIAN_POINT('',(-9.59999999999999,3.8,-5.7999998435378));
#7476=CARTESIAN_POINT('',(-9.175,3.8,-5.7999998435378));
#7477=CARTESIAN_POINT('',(-9.60000000424683,3.8,-6.));
#7478=CARTESIAN_POINT('',(-9.60000000026622,3.8,-5.79231590197567));
#7479=CARTESIAN_POINT('',(-4.975,3.8,-6.));
#7480=CARTESIAN_POINT('Origin',(-8.40000000000001,4.8,-5.7999998435378));
#7481=CARTESIAN_POINT('',(-8.40000000000001,4.8,-5.7999998435378));
#7482=CARTESIAN_POINT('',(-4.2,4.8,-5.7999998435378));
#7483=CARTESIAN_POINT('',(-8.40000000000001,0.2,-5.79999984353781));
#7484=CARTESIAN_POINT('',(-8.40000000000001,4.8,-5.7999998435378));
#7485=CARTESIAN_POINT('',(-9.60000000000001,0.2,-5.79999984353781));
#7486=CARTESIAN_POINT('',(-9.375,0.2,-5.7999998435378));
#7487=CARTESIAN_POINT('',(-9.60000000000001,4.8,-5.7999998435378));
#7488=CARTESIAN_POINT('',(-8.74999999999977,2.85,-5.7999998435378));
#7489=CARTESIAN_POINT('',(-9.25000000000024,2.85,-5.7999998435378));
#7490=CARTESIAN_POINT('',(-8.57499999999989,2.85,-5.79999984353781));
#7491=CARTESIAN_POINT('',(-8.74999999999977,3.35,-5.7999998435378));
#7492=CARTESIAN_POINT('',(-8.74999999999977,4.075,-5.79999984353781));
#7493=CARTESIAN_POINT('',(-9.25000000000024,3.35,-5.7999998435378));
#7494=CARTESIAN_POINT('',(-8.82500000000013,3.35,-5.79999984353781));
#7495=CARTESIAN_POINT('',(-9.25000000000024,3.825,-5.79999984353781));
#7496=CARTESIAN_POINT('Origin',(0.,4.8,-6.));
#7497=CARTESIAN_POINT('',(8.15,4.8,-4.));
#7498=CARTESIAN_POINT('',(0.,4.8,-4.));
#7499=CARTESIAN_POINT('',(8.15,4.8,-5.));
#7500=CARTESIAN_POINT('',(10.95,4.8,-6.));
#7501=CARTESIAN_POINT('',(10.95,4.8,-4.62223186652937E-32));
#7502=CARTESIAN_POINT('',(10.45,4.8,-6.));
#7503=CARTESIAN_POINT('',(0.,4.8,-6.));
#7504=CARTESIAN_POINT('',(10.45,4.8,-3.57734173766289));
#7505=CARTESIAN_POINT('',(10.45,4.8,-6.));
#7506=CARTESIAN_POINT('',(9.45,4.8,-3.57734173766289));
#7507=CARTESIAN_POINT('',(5.225,4.8,-3.57734173766289));
#7508=CARTESIAN_POINT('',(9.45,4.8,-5.7999998435378));
#7509=CARTESIAN_POINT('',(9.45,4.8,-4.78867086883145));
#7510=CARTESIAN_POINT('',(8.4,4.8,-5.7999998435378));
#7511=CARTESIAN_POINT('',(4.8,4.8,-5.7999998435378));
#7512=CARTESIAN_POINT('',(8.40000000692904,4.8,-6.));
#7513=CARTESIAN_POINT('',(8.40000000346451,4.8,-5.89999977625904));
#7514=CARTESIAN_POINT('',(7.60000000424683,4.8,-6.));
#7515=CARTESIAN_POINT('',(0.,4.8,-6.));
#7516=CARTESIAN_POINT('',(7.6,4.8,-5.7999998435378));
#7517=CARTESIAN_POINT('',(7.60000000424683,4.8,-5.99999991931022));
#7518=CARTESIAN_POINT('',(6.4,4.8,-5.7999998435378));
#7519=CARTESIAN_POINT('',(3.8,4.8,-5.7999998435378));
#7520=CARTESIAN_POINT('',(6.40000000692904,4.8,-6.));
#7521=CARTESIAN_POINT('',(6.40000000346451,4.8,-5.89999981090425));
#7522=CARTESIAN_POINT('',(5.60000000424683,4.8,-6.));
#7523=CARTESIAN_POINT('',(0.,4.8,-6.));
#7524=CARTESIAN_POINT('',(5.6,4.8,-5.7999998435378));
#7525=CARTESIAN_POINT('',(5.60000000424683,4.8,-5.99999994054437));
#7526=CARTESIAN_POINT('',(4.4,4.8,-5.7999998435378));
#7527=CARTESIAN_POINT('',(2.8,4.8,-5.7999998435378));
#7528=CARTESIAN_POINT('',(4.40000000692904,4.8,-6.));
#7529=CARTESIAN_POINT('',(4.40000000346452,4.8,-5.89999984554945));
#7530=CARTESIAN_POINT('',(3.60000000424683,4.8,-6.));
#7531=CARTESIAN_POINT('',(0.,4.8,-6.));
#7532=CARTESIAN_POINT('',(3.6,4.8,-5.7999998435378));
#7533=CARTESIAN_POINT('',(3.60000000424683,4.8,-5.99999996177852));
#7534=CARTESIAN_POINT('',(2.4,4.8,-5.7999998435378));
#7535=CARTESIAN_POINT('',(1.8,4.8,-5.7999998435378));
#7536=CARTESIAN_POINT('',(2.40000000692904,4.8,-6.));
#7537=CARTESIAN_POINT('',(2.40000000346452,4.8,-5.89999988019466));
#7538=CARTESIAN_POINT('',(1.60000000424683,4.8,-6.));
#7539=CARTESIAN_POINT('',(0.,4.8,-6.));
#7540=CARTESIAN_POINT('',(1.59999999999999,4.8,-5.7999998435378));
#7541=CARTESIAN_POINT('',(1.60000000424683,4.8,-5.99999998301268));
#7542=CARTESIAN_POINT('',(0.399999999999994,4.8,-5.7999998435378));
#7543=CARTESIAN_POINT('',(0.799999999999997,4.8,-5.7999998435378));
#7544=CARTESIAN_POINT('',(0.40000000692904,4.8,-6.));
#7545=CARTESIAN_POINT('',(0.400000003464517,4.8,-5.89999991483986));
#7546=CARTESIAN_POINT('',(-0.399999995753171,4.8,-6.));
#7547=CARTESIAN_POINT('',(0.,4.8,-6.));
#7548=CARTESIAN_POINT('',(-0.400000000000005,4.8,-5.7999998435378));
#7549=CARTESIAN_POINT('',(-0.399999995753171,4.8,-6.00000000424683));
#7550=CARTESIAN_POINT('',(-1.60000000000001,4.8,-5.7999998435378));
#7551=CARTESIAN_POINT('',(-0.200000000000002,4.8,-5.7999998435378));
#7552=CARTESIAN_POINT('',(-1.59999999307096,4.8,-6.));
#7553=CARTESIAN_POINT('',(-1.59999999653548,4.8,-5.89999994948506));
#7554=CARTESIAN_POINT('',(-2.39999999575317,4.8,-6.));
#7555=CARTESIAN_POINT('',(0.,4.8,-6.));
#7556=CARTESIAN_POINT('',(-2.4,4.8,-5.7999998435378));
#7557=CARTESIAN_POINT('',(-2.39999999575317,4.8,-6.00000002548098));
#7558=CARTESIAN_POINT('',(-3.60000000000001,4.8,-5.7999998435378));
#7559=CARTESIAN_POINT('',(-1.2,4.8,-5.7999998435378));
#7560=CARTESIAN_POINT('',(-3.59999999307096,4.8,-6.));
#7561=CARTESIAN_POINT('',(-3.59999999653548,4.8,-5.89999998413027));
#7562=CARTESIAN_POINT('',(-4.39999999575317,4.8,-6.));
#7563=CARTESIAN_POINT('',(0.,4.8,-6.));
#7564=CARTESIAN_POINT('',(-4.4,4.8,-5.7999998435378));
#7565=CARTESIAN_POINT('',(-4.39999999575317,4.8,-6.00000004671514));
#7566=CARTESIAN_POINT('',(-5.60000000000001,4.8,-5.7999998435378));
#7567=CARTESIAN_POINT('',(-2.2,4.8,-5.7999998435378));
#7568=CARTESIAN_POINT('',(-5.59999999307096,4.8,-6.));
#7569=CARTESIAN_POINT('',(-5.59999999653548,4.8,-5.90000001877547));
#7570=CARTESIAN_POINT('',(-6.39999999575317,4.8,-6.));
#7571=CARTESIAN_POINT('',(0.,4.8,-6.));
#7572=CARTESIAN_POINT('',(-6.40000000000001,4.8,-5.7999998435378));
#7573=CARTESIAN_POINT('',(-6.39999999575317,4.8,-6.00000006794929));
#7574=CARTESIAN_POINT('',(-7.60000000000001,4.8,-5.7999998435378));
#7575=CARTESIAN_POINT('',(-3.2,4.8,-5.7999998435378));
#7576=CARTESIAN_POINT('',(-7.59999999307096,4.8,-6.));
#7577=CARTESIAN_POINT('',(-7.59999999653548,4.8,-5.90000005342068));
#7578=CARTESIAN_POINT('',(-8.39999999575317,4.8,-6.));
#7579=CARTESIAN_POINT('',(0.,4.8,-6.));
#7580=CARTESIAN_POINT('',(-8.39999999575317,4.8,-6.00000008918344));
#7581=CARTESIAN_POINT('',(0.,4.8,-6.));
#7582=CARTESIAN_POINT('Origin',(-10.35,2.4,-3.));
#7583=CARTESIAN_POINT('',(-10.35,0.8,2.69630192214213E-32));
#7584=CARTESIAN_POINT('',(-10.35,3.6,0.));
#7585=CARTESIAN_POINT('',(-10.35,0.8,-5.40000000000002));
#7586=CARTESIAN_POINT('',(-10.35,0.8,-1.5));
#7587=CARTESIAN_POINT('',(-10.35,1.2,-5.40000000000001));
#7588=CARTESIAN_POINT('',(-10.35,4.2,-4.5));
#7589=CARTESIAN_POINT('Origin',(-10.95,3.3,-6.00000000000001));
#7590=CARTESIAN_POINT('',(-10.15,3.3,-6.00000000000001));
#7591=CARTESIAN_POINT('',(-5.475,3.3,-6.00000000000001));
#7592=CARTESIAN_POINT('',(-10.15,2.5,-7.59999999999999));
#7593=CARTESIAN_POINT('',(-10.15,3.3,-6.00000000000001));
#7594=CARTESIAN_POINT('',(-10.95,2.5,-7.59999999999999));
#7595=CARTESIAN_POINT('Origin',(-10.95,-1.10218211923262E-15,-6.));
#7596=CARTESIAN_POINT('',(-10.35,0.2,-6.00000000000002));
#7597=CARTESIAN_POINT('',(-10.35,-1.66533453693773E-15,-6.));
#7598=CARTESIAN_POINT('',(-10.35,1.02695629777827E-14,-6.00000000000002));
#7599=CARTESIAN_POINT('',(-10.15,-1.11022302462516E-15,-6.));
#7600=CARTESIAN_POINT('',(-10.95,-1.10218211923262E-15,-6.));
#7601=CARTESIAN_POINT('',(-10.15,0.2,-6.));
#7602=CARTESIAN_POINT('',(-10.15,-1.66533453693773E-15,-6.));
#7603=CARTESIAN_POINT('',(-5.175,0.2,-6.00000000000002));
#7604=CARTESIAN_POINT('Origin',(-10.95,2.5,-7.59999999999999));
#7605=CARTESIAN_POINT('',(-10.15,-1.38777878078145E-15,-7.6));
#7606=CARTESIAN_POINT('',(-10.15,2.5,-7.59999999999999));
#7607=CARTESIAN_POINT('',(-10.95,-1.39609735102798E-15,-7.6));
#7608=CARTESIAN_POINT('Origin',(-10.15,1.65,-6.8));
#7609=CARTESIAN_POINT('',(-10.15,0.824999999999997,-6.00000000000001));
#7610=CARTESIAN_POINT('',(-10.15,-1.39609735102798E-15,-7.6));
#7611=CARTESIAN_POINT('Origin',(0.,4.8,-4.));
#7612=CARTESIAN_POINT('',(8.15,4.2,-4.));
#7613=CARTESIAN_POINT('',(0.,4.2,-4.));
#7614=CARTESIAN_POINT('',(8.15,4.8,-4.));
#7615=CARTESIAN_POINT('Origin',(8.15,4.8,-4.));
#7616=CARTESIAN_POINT('',(8.15,4.2,-5.));
#7617=CARTESIAN_POINT('Origin',(9.45,4.8,-3.57734173766289));
#7618=CARTESIAN_POINT('',(9.45,3.8,-5.4));
#7619=CARTESIAN_POINT('',(9.45,4.2,-5.4));
#7620=CARTESIAN_POINT('',(9.45,2.4,-5.40000000000001));
#7621=CARTESIAN_POINT('',(9.45,3.8,-5.7999998435378));
#7622=CARTESIAN_POINT('',(9.45,3.8,-7.99192220741581));
#7623=CARTESIAN_POINT('',(9.45,4.8,-5.7999998435378));
#7624=CARTESIAN_POINT('',(9.45,4.2,-3.57734173766289));
#7625=CARTESIAN_POINT('',(9.45,4.8,-3.57734173766289));
#7626=CARTESIAN_POINT('',(9.45,4.2,-4.78867086883145));
#7627=CARTESIAN_POINT('Origin',(10.45,4.8,-3.57734173766289));
#7628=CARTESIAN_POINT('',(5.225,4.2,-3.57734173766289));
#7629=CARTESIAN_POINT('',(10.45,3.8,-3.57734173766289));
#7630=CARTESIAN_POINT('',(10.45,4.8,-3.57734173766289));
#7631=CARTESIAN_POINT('',(9.45,3.8,-3.57734173766289));
#7632=CARTESIAN_POINT('Origin',(10.45,4.8,-6.));
#7633=CARTESIAN_POINT('',(10.45,3.8,-6.));
#7634=CARTESIAN_POINT('',(10.45,2.4,-6.00000000000001));
#7635=CARTESIAN_POINT('',(10.45,3.8,-3.57734173766289));
#7636=CARTESIAN_POINT('Origin',(9.95,3.8,-5.78463197253935));
#7637=CARTESIAN_POINT('',(4.975,3.8,-5.4));
#7638=CARTESIAN_POINT('',(9.60000000424683,3.8,-6.));
#7639=CARTESIAN_POINT('',(4.975,3.8,-6.));
#7640=CARTESIAN_POINT('',(9.59999999999999,3.8,-5.7999998435378));
#7641=CARTESIAN_POINT('',(9.60000000196025,3.8,-5.89231598998565));
#7642=CARTESIAN_POINT('',(9.775,3.8,-5.7999998435378));
#7643=CARTESIAN_POINT('Origin',(9.59999999999999,4.8,-5.7999998435378));
#7644=CARTESIAN_POINT('',(9.59999999999999,0.2,-5.79999984353781));
#7645=CARTESIAN_POINT('',(9.59999999999999,4.8,-5.7999998435378));
#7646=CARTESIAN_POINT('',(8.4,0.2,-5.79999984353781));
#7647=CARTESIAN_POINT('',(-0.375000000000002,0.2,-5.7999998435378));
#7648=CARTESIAN_POINT('',(8.4,4.8,-5.7999998435378));
#7649=CARTESIAN_POINT('',(9.25000000000023,2.85,-5.7999998435378));
#7650=CARTESIAN_POINT('',(8.74999999999976,2.85,-5.7999998435378));
#7651=CARTESIAN_POINT('',(9.42500000000011,2.85,-5.79999984353781));
#7652=CARTESIAN_POINT('',(9.25000000000023,3.35,-5.7999998435378));
#7653=CARTESIAN_POINT('',(9.25000000000023,4.075,-5.79999984353781));
#7654=CARTESIAN_POINT('',(8.74999999999976,3.35,-5.7999998435378));
#7655=CARTESIAN_POINT('',(9.17499999999988,3.35,-5.79999984353781));
#7656=CARTESIAN_POINT('',(8.74999999999976,3.825,-5.79999984353781));
#7657=CARTESIAN_POINT('Origin',(0.,4.2,-6.));
#7658=CARTESIAN_POINT('',(0.,4.2,-5.4));
#7659=CARTESIAN_POINT('Origin',(10.95,-1.10218211923262E-15,-6.));
#7660=CARTESIAN_POINT('',(10.35,-1.66533453693773E-15,-6.));
#7661=CARTESIAN_POINT('',(10.35,0.2,-6.00000000000002));
#7662=CARTESIAN_POINT('',(10.35,0.10000000000001,-6.00000000000002));
#7663=CARTESIAN_POINT('',(10.15,0.2,-6.));
#7664=CARTESIAN_POINT('',(-5.175,0.2,-6.00000000000002));
#7665=CARTESIAN_POINT('',(10.15,-1.11022302462516E-15,-6.));
#7666=CARTESIAN_POINT('',(10.15,-1.66533453693773E-15,-6.));
#7667=CARTESIAN_POINT('',(10.95,-1.10218211923262E-15,-6.));
#7668=CARTESIAN_POINT('Origin',(10.95,3.3,-6.00000000000001));
#7669=CARTESIAN_POINT('',(10.95,3.3,-6.00000000000001));
#7670=CARTESIAN_POINT('',(10.95,2.5,-7.59999999999999));
#7671=CARTESIAN_POINT('',(10.95,3.3,-6.00000000000001));
#7672=CARTESIAN_POINT('',(10.15,2.5,-7.59999999999999));
#7673=CARTESIAN_POINT('',(10.95,2.5,-7.59999999999999));
#7674=CARTESIAN_POINT('',(10.15,3.3,-6.00000000000001));
#7675=CARTESIAN_POINT('',(10.15,3.3,-6.00000000000001));
#7676=CARTESIAN_POINT('',(5.475,3.3,-6.00000000000001));
#7677=CARTESIAN_POINT('Origin',(10.95,2.5,-7.59999999999999));
#7678=CARTESIAN_POINT('',(10.95,-1.39609735102798E-15,-7.6));
#7679=CARTESIAN_POINT('',(10.95,2.5,-7.59999999999999));
#7680=CARTESIAN_POINT('',(10.15,-1.38777878078145E-15,-7.6));
#7681=CARTESIAN_POINT('',(10.95,-1.39609735102798E-15,-7.6));
#7682=CARTESIAN_POINT('',(10.15,2.5,-7.59999999999999));
#7683=CARTESIAN_POINT('Origin',(10.15,1.65,-6.8));
#7684=CARTESIAN_POINT('',(10.15,-1.39609735102798E-15,-7.6));
#7685=CARTESIAN_POINT('',(10.15,0.824999999999997,-6.00000000000001));
#7686=CARTESIAN_POINT('Origin',(0.,-1.66533453693773E-15,-6.00000000000002));
#7687=CARTESIAN_POINT('',(10.95,4.8,-6.));
#7688=CARTESIAN_POINT('',(9.60000000424683,0.2,-6.));
#7689=CARTESIAN_POINT('',(-5.175,0.2,-6.00000000000002));
#7690=CARTESIAN_POINT('',(9.60000000424683,2.4,-6.00000000000001));
#7691=CARTESIAN_POINT('Origin',(8.4,4.8,-5.7999998435378));
#7692=CARTESIAN_POINT('',(8.40000000692904,0.2,-6.));
#7693=CARTESIAN_POINT('',(8.39999989952889,0.2,-2.89999959697012));
#7694=CARTESIAN_POINT('',(8.40000000692904,2.4,-6.00000000000001));
#7695=CARTESIAN_POINT('Origin',(9.60000000424683,4.8,-6.));
#7696=CARTESIAN_POINT('',(9.59999994054436,0.2,-2.99999978818932));
#7697=CARTESIAN_POINT('Origin',(0.,-1.66533453693773E-15,-6.00000000000002));
#7698=CARTESIAN_POINT('',(7.60000000424683,0.2,-6.));
#7699=CARTESIAN_POINT('',(-5.175,0.2,-6.00000000000002));
#7700=CARTESIAN_POINT('',(7.60000000424683,2.4,-6.00000000000001));
#7701=CARTESIAN_POINT('Origin',(8.74999999999976,3.35,-5.40000000000001));
#7702=CARTESIAN_POINT('',(9.25000000000023,3.35,-5.40000000000001));
#7703=CARTESIAN_POINT('',(9.25000000000023,3.35,-5.40000000000001));
#7704=CARTESIAN_POINT('',(8.74999999999976,3.35,-5.40000000000001));
#7705=CARTESIAN_POINT('',(4.37499999999988,3.35,-5.40000000000001));
#7706=CARTESIAN_POINT('',(8.74999999999976,3.35,-5.40000000000001));
#7707=CARTESIAN_POINT('Origin',(9.25000000000023,3.35,-5.40000000000001));
#7708=CARTESIAN_POINT('',(9.25000000000023,2.85,-5.40000000000001));
#7709=CARTESIAN_POINT('',(9.25000000000023,2.85,-5.40000000000001));
#7710=CARTESIAN_POINT('',(9.25000000000023,1.675,-5.40000000000001));
#7711=CARTESIAN_POINT('Origin',(9.25000000000023,2.85,-5.40000000000001));
#7712=CARTESIAN_POINT('',(8.74999999999976,2.85,-5.40000000000001));
#7713=CARTESIAN_POINT('',(8.74999999999976,2.85,-5.40000000000001));
#7714=CARTESIAN_POINT('',(4.62500000000012,2.85,-5.40000000000001));
#7715=CARTESIAN_POINT('Origin',(8.74999999999976,2.85,-5.40000000000001));
#7716=CARTESIAN_POINT('',(8.74999999999976,1.425,-5.40000000000001));
#7717=CARTESIAN_POINT('Origin',(6.4,4.8,-5.7999998435378));
#7718=CARTESIAN_POINT('',(6.40000000692904,0.2,-6.));
#7719=CARTESIAN_POINT('',(6.4,0.2,-5.79999984353781));
#7720=CARTESIAN_POINT('',(6.3999998995289,0.2,-2.89999963161532));
#7721=CARTESIAN_POINT('',(6.40000000692904,2.4,-6.00000000000001));
#7722=CARTESIAN_POINT('',(6.4,4.8,-5.7999998435378));
#7723=CARTESIAN_POINT('Origin',(7.6,4.8,-5.7999998435378));
#7724=CARTESIAN_POINT('',(7.6,0.2,-5.79999984353781));
#7725=CARTESIAN_POINT('',(-1.375,0.2,-5.7999998435378));
#7726=CARTESIAN_POINT('',(7.6,4.8,-5.7999998435378));
#7727=CARTESIAN_POINT('',(7.25000000000023,2.85,-5.7999998435378));
#7728=CARTESIAN_POINT('',(6.74999999999976,2.85,-5.7999998435378));
#7729=CARTESIAN_POINT('',(7.42500000000011,2.85,-5.79999984353781));
#7730=CARTESIAN_POINT('',(7.25000000000023,3.35,-5.7999998435378));
#7731=CARTESIAN_POINT('',(7.25000000000023,4.075,-5.79999984353781));
#7732=CARTESIAN_POINT('',(6.74999999999976,3.35,-5.7999998435378));
#7733=CARTESIAN_POINT('',(7.17499999999988,3.35,-5.79999984353781));
#7734=CARTESIAN_POINT('',(6.74999999999976,3.825,-5.79999984353781));
#7735=CARTESIAN_POINT('Origin',(7.60000000424683,4.8,-6.));
#7736=CARTESIAN_POINT('',(7.59999994054437,0.2,-2.99999980942347));
#7737=CARTESIAN_POINT('Origin',(0.,-1.66533453693773E-15,-6.00000000000002));
#7738=CARTESIAN_POINT('',(5.60000000424683,0.2,-6.));
#7739=CARTESIAN_POINT('',(-5.175,0.2,-6.00000000000002));
#7740=CARTESIAN_POINT('',(5.60000000424683,2.4,-6.00000000000001));
#7741=CARTESIAN_POINT('Origin',(6.74999999999976,3.35,-5.40000000000001));
#7742=CARTESIAN_POINT('',(7.25000000000023,3.35,-5.40000000000001));
#7743=CARTESIAN_POINT('',(7.25000000000023,3.35,-5.40000000000001));
#7744=CARTESIAN_POINT('',(6.74999999999976,3.35,-5.40000000000001));
#7745=CARTESIAN_POINT('',(3.37499999999988,3.35,-5.40000000000001));
#7746=CARTESIAN_POINT('',(6.74999999999976,3.35,-5.40000000000001));
#7747=CARTESIAN_POINT('Origin',(7.25000000000023,3.35,-5.40000000000001));
#7748=CARTESIAN_POINT('',(7.25000000000023,2.85,-5.40000000000001));
#7749=CARTESIAN_POINT('',(7.25000000000023,2.85,-5.40000000000001));
#7750=CARTESIAN_POINT('',(7.25000000000023,1.675,-5.40000000000001));
#7751=CARTESIAN_POINT('Origin',(7.25000000000023,2.85,-5.40000000000001));
#7752=CARTESIAN_POINT('',(6.74999999999976,2.85,-5.40000000000001));
#7753=CARTESIAN_POINT('',(6.74999999999976,2.85,-5.40000000000001));
#7754=CARTESIAN_POINT('',(3.62500000000012,2.85,-5.40000000000001));
#7755=CARTESIAN_POINT('Origin',(6.74999999999976,2.85,-5.40000000000001));
#7756=CARTESIAN_POINT('',(6.74999999999976,1.425,-5.40000000000001));
#7757=CARTESIAN_POINT('Origin',(4.4,4.8,-5.7999998435378));
#7758=CARTESIAN_POINT('',(4.40000000692904,0.2,-6.));
#7759=CARTESIAN_POINT('',(4.4,0.2,-5.79999984353781));
#7760=CARTESIAN_POINT('',(4.3999998995289,0.2,-2.89999966626053));
#7761=CARTESIAN_POINT('',(4.40000000692904,2.4,-6.00000000000001));
#7762=CARTESIAN_POINT('',(4.4,4.8,-5.7999998435378));
#7763=CARTESIAN_POINT('Origin',(5.6,4.8,-5.7999998435378));
#7764=CARTESIAN_POINT('',(5.6,0.2,-5.79999984353781));
#7765=CARTESIAN_POINT('',(-2.375,0.2,-5.7999998435378));
#7766=CARTESIAN_POINT('',(5.6,4.8,-5.7999998435378));
#7767=CARTESIAN_POINT('',(5.25000000000023,2.85,-5.7999998435378));
#7768=CARTESIAN_POINT('',(4.74999999999976,2.85,-5.7999998435378));
#7769=CARTESIAN_POINT('',(5.42500000000012,2.85,-5.79999984353781));
#7770=CARTESIAN_POINT('',(5.25000000000023,3.35,-5.7999998435378));
#7771=CARTESIAN_POINT('',(5.25000000000023,4.075,-5.79999984353781));
#7772=CARTESIAN_POINT('',(4.74999999999976,3.35,-5.7999998435378));
#7773=CARTESIAN_POINT('',(5.17499999999988,3.35,-5.79999984353781));
#7774=CARTESIAN_POINT('',(4.74999999999976,3.825,-5.79999984353781));
#7775=CARTESIAN_POINT('Origin',(5.60000000424683,4.8,-6.));
#7776=CARTESIAN_POINT('',(5.59999994054437,0.2,-2.99999983065763));
#7777=CARTESIAN_POINT('Origin',(0.,-1.66533453693773E-15,-6.00000000000002));
#7778=CARTESIAN_POINT('',(3.60000000424683,0.2,-6.));
#7779=CARTESIAN_POINT('',(-5.175,0.2,-6.00000000000002));
#7780=CARTESIAN_POINT('',(3.60000000424683,2.4,-6.00000000000001));
#7781=CARTESIAN_POINT('Origin',(4.74999999999976,3.35,-5.40000000000001));
#7782=CARTESIAN_POINT('',(5.25000000000023,3.35,-5.40000000000001));
#7783=CARTESIAN_POINT('',(5.25000000000023,3.35,-5.40000000000001));
#7784=CARTESIAN_POINT('',(4.74999999999976,3.35,-5.40000000000001));
#7785=CARTESIAN_POINT('',(2.37499999999988,3.35,-5.40000000000001));
#7786=CARTESIAN_POINT('',(4.74999999999976,3.35,-5.40000000000001));
#7787=CARTESIAN_POINT('Origin',(5.25000000000023,3.35,-5.40000000000001));
#7788=CARTESIAN_POINT('',(5.25000000000023,2.85,-5.40000000000001));
#7789=CARTESIAN_POINT('',(5.25000000000023,2.85,-5.40000000000001));
#7790=CARTESIAN_POINT('',(5.25000000000023,1.675,-5.40000000000001));
#7791=CARTESIAN_POINT('Origin',(5.25000000000023,2.85,-5.40000000000001));
#7792=CARTESIAN_POINT('',(4.74999999999976,2.85,-5.40000000000001));
#7793=CARTESIAN_POINT('',(4.74999999999976,2.85,-5.40000000000001));
#7794=CARTESIAN_POINT('',(2.62500000000012,2.85,-5.40000000000001));
#7795=CARTESIAN_POINT('Origin',(4.74999999999976,2.85,-5.40000000000001));
#7796=CARTESIAN_POINT('',(4.74999999999976,1.425,-5.40000000000001));
#7797=CARTESIAN_POINT('Origin',(2.4,4.8,-5.7999998435378));
#7798=CARTESIAN_POINT('',(2.40000000692904,0.2,-6.));
#7799=CARTESIAN_POINT('',(2.4,0.2,-5.79999984353781));
#7800=CARTESIAN_POINT('',(2.3999998995289,0.2,-2.89999970090573));
#7801=CARTESIAN_POINT('',(2.40000000692904,2.4,-6.00000000000001));
#7802=CARTESIAN_POINT('',(2.4,4.8,-5.7999998435378));
#7803=CARTESIAN_POINT('Origin',(3.6,4.8,-5.7999998435378));
#7804=CARTESIAN_POINT('',(3.6,0.2,-5.79999984353781));
#7805=CARTESIAN_POINT('',(-3.375,0.2,-5.7999998435378));
#7806=CARTESIAN_POINT('',(3.6,4.8,-5.7999998435378));
#7807=CARTESIAN_POINT('',(3.25000000000023,2.85,-5.7999998435378));
#7808=CARTESIAN_POINT('',(2.74999999999976,2.85,-5.7999998435378));
#7809=CARTESIAN_POINT('',(3.42500000000012,2.85,-5.79999984353781));
#7810=CARTESIAN_POINT('',(3.25000000000023,3.35,-5.7999998435378));
#7811=CARTESIAN_POINT('',(3.25000000000023,4.075,-5.79999984353781));
#7812=CARTESIAN_POINT('',(2.74999999999976,3.35,-5.7999998435378));
#7813=CARTESIAN_POINT('',(3.17499999999988,3.35,-5.79999984353781));
#7814=CARTESIAN_POINT('',(2.74999999999976,3.825,-5.79999984353781));
#7815=CARTESIAN_POINT('Origin',(3.60000000424683,4.8,-6.));
#7816=CARTESIAN_POINT('',(3.59999994054437,0.2,-2.99999985189178));
#7817=CARTESIAN_POINT('Origin',(0.,-1.66533453693773E-15,-6.00000000000002));
#7818=CARTESIAN_POINT('',(1.60000000424683,0.2,-6.));
#7819=CARTESIAN_POINT('',(-5.175,0.2,-6.00000000000002));
#7820=CARTESIAN_POINT('',(1.60000000424683,2.4,-6.00000000000001));
#7821=CARTESIAN_POINT('Origin',(2.74999999999976,3.35,-5.40000000000001));
#7822=CARTESIAN_POINT('',(3.25000000000023,3.35,-5.40000000000001));
#7823=CARTESIAN_POINT('',(3.25000000000023,3.35,-5.40000000000001));
#7824=CARTESIAN_POINT('',(2.74999999999976,3.35,-5.40000000000001));
#7825=CARTESIAN_POINT('',(1.37499999999988,3.35,-5.40000000000001));
#7826=CARTESIAN_POINT('',(2.74999999999976,3.35,-5.40000000000001));
#7827=CARTESIAN_POINT('Origin',(3.25000000000023,3.35,-5.40000000000001));
#7828=CARTESIAN_POINT('',(3.25000000000023,2.85,-5.40000000000001));
#7829=CARTESIAN_POINT('',(3.25000000000023,2.85,-5.40000000000001));
#7830=CARTESIAN_POINT('',(3.25000000000023,1.675,-5.40000000000001));
#7831=CARTESIAN_POINT('Origin',(3.25000000000023,2.85,-5.40000000000001));
#7832=CARTESIAN_POINT('',(2.74999999999976,2.85,-5.40000000000001));
#7833=CARTESIAN_POINT('',(2.74999999999976,2.85,-5.40000000000001));
#7834=CARTESIAN_POINT('',(1.62500000000012,2.85,-5.40000000000001));
#7835=CARTESIAN_POINT('Origin',(2.74999999999976,2.85,-5.40000000000001));
#7836=CARTESIAN_POINT('',(2.74999999999976,1.425,-5.40000000000001));
#7837=CARTESIAN_POINT('Origin',(0.399999999999994,4.8,-5.7999998435378));
#7838=CARTESIAN_POINT('',(0.40000000692904,0.2,-6.));
#7839=CARTESIAN_POINT('',(0.399999999999994,0.2,-5.79999984353781));
#7840=CARTESIAN_POINT('',(0.399999899528898,0.2,-2.89999973555093));
#7841=CARTESIAN_POINT('',(0.40000000692904,2.4,-6.00000000000001));
#7842=CARTESIAN_POINT('',(0.399999999999994,4.8,-5.7999998435378));
#7843=CARTESIAN_POINT('Origin',(1.59999999999999,4.8,-5.7999998435378));
#7844=CARTESIAN_POINT('',(1.59999999999999,0.2,-5.79999984353781));
#7845=CARTESIAN_POINT('',(-4.375,0.2,-5.7999998435378));
#7846=CARTESIAN_POINT('',(1.59999999999999,4.8,-5.7999998435378));
#7847=CARTESIAN_POINT('',(1.25000000000023,2.85,-5.7999998435378));
#7848=CARTESIAN_POINT('',(0.749999999999756,2.85,-5.7999998435378));
#7849=CARTESIAN_POINT('',(1.42500000000011,2.85,-5.79999984353781));
#7850=CARTESIAN_POINT('',(1.25000000000023,3.35,-5.7999998435378));
#7851=CARTESIAN_POINT('',(1.25000000000023,4.075,-5.79999984353781));
#7852=CARTESIAN_POINT('',(0.749999999999756,3.35,-5.7999998435378));
#7853=CARTESIAN_POINT('',(1.17499999999988,3.35,-5.79999984353781));
#7854=CARTESIAN_POINT('',(0.749999999999756,3.825,-5.79999984353781));
#7855=CARTESIAN_POINT('Origin',(1.60000000424683,4.8,-6.));
#7856=CARTESIAN_POINT('',(1.59999994054437,0.2,-2.99999987312593));
#7857=CARTESIAN_POINT('Origin',(0.,-1.66533453693773E-15,-6.00000000000002));
#7858=CARTESIAN_POINT('',(-0.399999995753171,0.2,-6.));
#7859=CARTESIAN_POINT('',(-5.175,0.2,-6.00000000000002));
#7860=CARTESIAN_POINT('',(-0.399999995753171,2.4,-6.00000000000001));
#7861=CARTESIAN_POINT('Origin',(0.749999999999756,3.35,-5.40000000000001));
#7862=CARTESIAN_POINT('',(1.25000000000023,3.35,-5.40000000000001));
#7863=CARTESIAN_POINT('',(1.25000000000023,3.35,-5.40000000000001));
#7864=CARTESIAN_POINT('',(0.749999999999756,3.35,-5.40000000000001));
#7865=CARTESIAN_POINT('',(0.374999999999878,3.35,-5.40000000000001));
#7866=CARTESIAN_POINT('',(0.749999999999756,3.35,-5.40000000000001));
#7867=CARTESIAN_POINT('Origin',(1.25000000000023,3.35,-5.40000000000001));
#7868=CARTESIAN_POINT('',(1.25000000000023,2.85,-5.40000000000001));
#7869=CARTESIAN_POINT('',(1.25000000000023,2.85,-5.40000000000001));
#7870=CARTESIAN_POINT('',(1.25000000000023,1.675,-5.40000000000001));
#7871=CARTESIAN_POINT('Origin',(1.25000000000023,2.85,-5.40000000000001));
#7872=CARTESIAN_POINT('',(0.749999999999756,2.85,-5.40000000000001));
#7873=CARTESIAN_POINT('',(0.749999999999756,2.85,-5.40000000000001));
#7874=CARTESIAN_POINT('',(0.625000000000116,2.85,-5.40000000000001));
#7875=CARTESIAN_POINT('Origin',(0.749999999999756,2.85,-5.40000000000001));
#7876=CARTESIAN_POINT('',(0.749999999999756,1.425,-5.40000000000001));
#7877=CARTESIAN_POINT('Origin',(-1.60000000000001,4.8,-5.7999998435378));
#7878=CARTESIAN_POINT('',(-1.59999999307096,0.2,-6.));
#7879=CARTESIAN_POINT('',(-1.60000000000001,0.2,-5.79999984353781));
#7880=CARTESIAN_POINT('',(-1.6000001004711,0.2,-2.89999977019614));
#7881=CARTESIAN_POINT('',(-1.59999999307096,2.4,-6.00000000000001));
#7882=CARTESIAN_POINT('',(-1.60000000000001,4.8,-5.7999998435378));
#7883=CARTESIAN_POINT('Origin',(-0.400000000000005,4.8,-5.7999998435378));
#7884=CARTESIAN_POINT('',(-0.400000000000005,0.2,-5.79999984353781));
#7885=CARTESIAN_POINT('',(-5.375,0.2,-5.7999998435378));
#7886=CARTESIAN_POINT('',(-0.400000000000005,4.8,-5.7999998435378));
#7887=CARTESIAN_POINT('',(-0.749999999999768,2.85,-5.7999998435378));
#7888=CARTESIAN_POINT('',(-1.25000000000024,2.85,-5.7999998435378));
#7889=CARTESIAN_POINT('',(-0.574999999999886,2.85,-5.79999984353781));
#7890=CARTESIAN_POINT('',(-0.749999999999768,3.35,-5.7999998435378));
#7891=CARTESIAN_POINT('',(-0.749999999999768,4.075,-5.79999984353781));
#7892=CARTESIAN_POINT('',(-1.25000000000024,3.35,-5.7999998435378));
#7893=CARTESIAN_POINT('',(-0.825000000000124,3.35,-5.79999984353781));
#7894=CARTESIAN_POINT('',(-1.25000000000024,3.825,-5.79999984353781));
#7895=CARTESIAN_POINT('Origin',(-0.399999995753171,4.8,-6.));
#7896=CARTESIAN_POINT('',(-0.400000059455633,0.2,-2.99999989436009));
#7897=CARTESIAN_POINT('Origin',(0.,-1.66533453693773E-15,-6.00000000000002));
#7898=CARTESIAN_POINT('',(-2.39999999575317,0.2,-6.));
#7899=CARTESIAN_POINT('',(-5.175,0.2,-6.00000000000002));
#7900=CARTESIAN_POINT('',(-2.39999999575317,2.4,-6.00000000000001));
#7901=CARTESIAN_POINT('Origin',(-1.25000000000024,3.35,-5.40000000000001));
#7902=CARTESIAN_POINT('',(-0.749999999999768,3.35,-5.40000000000001));
#7903=CARTESIAN_POINT('',(-0.749999999999768,3.35,-5.40000000000001));
#7904=CARTESIAN_POINT('',(-1.25000000000024,3.35,-5.40000000000001));
#7905=CARTESIAN_POINT('',(-0.625000000000122,3.35,-5.40000000000001));
#7906=CARTESIAN_POINT('',(-1.25000000000024,3.35,-5.40000000000001));
#7907=CARTESIAN_POINT('Origin',(-0.749999999999768,3.35,-5.40000000000001));
#7908=CARTESIAN_POINT('',(-0.749999999999768,2.85,-5.40000000000001));
#7909=CARTESIAN_POINT('',(-0.749999999999768,2.85,-5.40000000000001));
#7910=CARTESIAN_POINT('',(-0.749999999999768,1.675,-5.40000000000001));
#7911=CARTESIAN_POINT('Origin',(-0.749999999999768,2.85,-5.40000000000001));
#7912=CARTESIAN_POINT('',(-1.25000000000024,2.85,-5.40000000000001));
#7913=CARTESIAN_POINT('',(-1.25000000000024,2.85,-5.40000000000001));
#7914=CARTESIAN_POINT('',(-0.374999999999884,2.85,-5.40000000000001));
#7915=CARTESIAN_POINT('Origin',(-1.25000000000024,2.85,-5.40000000000001));
#7916=CARTESIAN_POINT('',(-1.25000000000024,1.425,-5.40000000000001));
#7917=CARTESIAN_POINT('Origin',(-3.60000000000001,4.8,-5.7999998435378));
#7918=CARTESIAN_POINT('',(-3.59999999307096,0.2,-6.));
#7919=CARTESIAN_POINT('',(-3.60000000000001,0.2,-5.79999984353781));
#7920=CARTESIAN_POINT('',(-3.6000001004711,0.2,-2.89999980484134));
#7921=CARTESIAN_POINT('',(-3.59999999307096,2.4,-6.00000000000001));
#7922=CARTESIAN_POINT('',(-3.60000000000001,4.8,-5.7999998435378));
#7923=CARTESIAN_POINT('Origin',(-2.4,4.8,-5.7999998435378));
#7924=CARTESIAN_POINT('',(-2.4,0.2,-5.79999984353781));
#7925=CARTESIAN_POINT('',(-6.375,0.2,-5.7999998435378));
#7926=CARTESIAN_POINT('',(-2.4,4.8,-5.7999998435378));
#7927=CARTESIAN_POINT('',(-2.74999999999977,2.85,-5.7999998435378));
#7928=CARTESIAN_POINT('',(-3.25000000000024,2.85,-5.7999998435378));
#7929=CARTESIAN_POINT('',(-2.57499999999989,2.85,-5.79999984353781));
#7930=CARTESIAN_POINT('',(-2.74999999999977,3.35,-5.7999998435378));
#7931=CARTESIAN_POINT('',(-2.74999999999977,4.075,-5.79999984353781));
#7932=CARTESIAN_POINT('',(-3.25000000000024,3.35,-5.7999998435378));
#7933=CARTESIAN_POINT('',(-2.82500000000012,3.35,-5.79999984353781));
#7934=CARTESIAN_POINT('',(-3.25000000000024,3.825,-5.79999984353781));
#7935=CARTESIAN_POINT('Origin',(-2.39999999575317,4.8,-6.));
#7936=CARTESIAN_POINT('',(-2.40000005945563,0.2,-2.99999991559424));
#7937=CARTESIAN_POINT('Origin',(0.,-1.66533453693773E-15,-6.00000000000002));
#7938=CARTESIAN_POINT('',(-4.39999999575317,0.2,-6.));
#7939=CARTESIAN_POINT('',(-5.175,0.2,-6.00000000000002));
#7940=CARTESIAN_POINT('',(-4.39999999575317,2.4,-6.00000000000001));
#7941=CARTESIAN_POINT('Origin',(-3.25000000000024,3.35,-5.40000000000001));
#7942=CARTESIAN_POINT('',(-2.74999999999977,3.35,-5.40000000000001));
#7943=CARTESIAN_POINT('',(-2.74999999999977,3.35,-5.40000000000001));
#7944=CARTESIAN_POINT('',(-3.25000000000024,3.35,-5.40000000000001));
#7945=CARTESIAN_POINT('',(-1.62500000000012,3.35,-5.40000000000001));
#7946=CARTESIAN_POINT('',(-3.25000000000024,3.35,-5.40000000000001));
#7947=CARTESIAN_POINT('Origin',(-2.74999999999977,3.35,-5.40000000000001));
#7948=CARTESIAN_POINT('',(-2.74999999999977,2.85,-5.40000000000001));
#7949=CARTESIAN_POINT('',(-2.74999999999977,2.85,-5.40000000000001));
#7950=CARTESIAN_POINT('',(-2.74999999999977,1.675,-5.40000000000001));
#7951=CARTESIAN_POINT('Origin',(-2.74999999999977,2.85,-5.40000000000001));
#7952=CARTESIAN_POINT('',(-3.25000000000024,2.85,-5.40000000000001));
#7953=CARTESIAN_POINT('',(-3.25000000000024,2.85,-5.40000000000001));
#7954=CARTESIAN_POINT('',(-1.37499999999988,2.85,-5.40000000000001));
#7955=CARTESIAN_POINT('Origin',(-3.25000000000024,2.85,-5.40000000000001));
#7956=CARTESIAN_POINT('',(-3.25000000000024,1.425,-5.40000000000001));
#7957=CARTESIAN_POINT('Origin',(-5.60000000000001,4.8,-5.7999998435378));
#7958=CARTESIAN_POINT('',(-5.59999999307096,0.2,-6.));
#7959=CARTESIAN_POINT('',(-5.60000000000001,0.2,-5.79999984353781));
#7960=CARTESIAN_POINT('',(-5.6000001004711,0.2,-2.89999983948655));
#7961=CARTESIAN_POINT('',(-5.59999999307096,2.4,-6.00000000000001));
#7962=CARTESIAN_POINT('',(-5.60000000000001,4.8,-5.7999998435378));
#7963=CARTESIAN_POINT('Origin',(-4.4,4.8,-5.7999998435378));
#7964=CARTESIAN_POINT('',(-4.4,0.2,-5.79999984353781));
#7965=CARTESIAN_POINT('',(-7.375,0.2,-5.7999998435378));
#7966=CARTESIAN_POINT('',(-4.4,4.8,-5.7999998435378));
#7967=CARTESIAN_POINT('',(-4.74999999999977,2.85,-5.7999998435378));
#7968=CARTESIAN_POINT('',(-5.25000000000024,2.85,-5.7999998435378));
#7969=CARTESIAN_POINT('',(-4.57499999999989,2.85,-5.79999984353781));
#7970=CARTESIAN_POINT('',(-4.74999999999977,3.35,-5.7999998435378));
#7971=CARTESIAN_POINT('',(-4.74999999999977,4.075,-5.79999984353781));
#7972=CARTESIAN_POINT('',(-5.25000000000024,3.35,-5.7999998435378));
#7973=CARTESIAN_POINT('',(-4.82500000000012,3.35,-5.79999984353781));
#7974=CARTESIAN_POINT('',(-5.25000000000024,3.825,-5.79999984353781));
#7975=CARTESIAN_POINT('Origin',(-4.39999999575317,4.8,-6.));
#7976=CARTESIAN_POINT('',(-4.40000005945563,0.2,-2.99999993682839));
#7977=CARTESIAN_POINT('Origin',(0.,-1.66533453693773E-15,-6.00000000000002));
#7978=CARTESIAN_POINT('',(-6.39999999575317,0.2,-6.));
#7979=CARTESIAN_POINT('',(-5.175,0.2,-6.00000000000002));
#7980=CARTESIAN_POINT('',(-6.39999999575317,2.4,-6.00000000000001));
#7981=CARTESIAN_POINT('Origin',(-5.25000000000024,3.35,-5.40000000000001));
#7982=CARTESIAN_POINT('',(-4.74999999999977,3.35,-5.40000000000001));
#7983=CARTESIAN_POINT('',(-4.74999999999977,3.35,-5.40000000000001));
#7984=CARTESIAN_POINT('',(-5.25000000000024,3.35,-5.40000000000001));
#7985=CARTESIAN_POINT('',(-2.62500000000012,3.35,-5.40000000000001));
#7986=CARTESIAN_POINT('',(-5.25000000000024,3.35,-5.40000000000001));
#7987=CARTESIAN_POINT('Origin',(-4.74999999999977,3.35,-5.40000000000001));
#7988=CARTESIAN_POINT('',(-4.74999999999977,2.85,-5.40000000000001));
#7989=CARTESIAN_POINT('',(-4.74999999999977,2.85,-5.40000000000001));
#7990=CARTESIAN_POINT('',(-4.74999999999977,1.675,-5.40000000000001));
#7991=CARTESIAN_POINT('Origin',(-4.74999999999977,2.85,-5.40000000000001));
#7992=CARTESIAN_POINT('',(-5.25000000000024,2.85,-5.40000000000001));
#7993=CARTESIAN_POINT('',(-5.25000000000024,2.85,-5.40000000000001));
#7994=CARTESIAN_POINT('',(-2.37499999999988,2.85,-5.40000000000001));
#7995=CARTESIAN_POINT('Origin',(-5.25000000000024,2.85,-5.40000000000001));
#7996=CARTESIAN_POINT('',(-5.25000000000024,1.425,-5.40000000000001));
#7997=CARTESIAN_POINT('Origin',(-7.60000000000001,4.8,-5.7999998435378));
#7998=CARTESIAN_POINT('',(-7.59999999307096,0.2,-6.));
#7999=CARTESIAN_POINT('',(-7.60000000000001,0.2,-5.79999984353781));
#8000=CARTESIAN_POINT('',(-7.6000001004711,0.2,-2.89999987413175));
#8001=CARTESIAN_POINT('',(-7.59999999307096,2.4,-6.00000000000001));
#8002=CARTESIAN_POINT('',(-7.60000000000001,4.8,-5.7999998435378));
#8003=CARTESIAN_POINT('Origin',(-6.40000000000001,4.8,-5.7999998435378));
#8004=CARTESIAN_POINT('',(-6.40000000000001,0.2,-5.79999984353781));
#8005=CARTESIAN_POINT('',(-8.375,0.2,-5.7999998435378));
#8006=CARTESIAN_POINT('',(-6.40000000000001,4.8,-5.7999998435378));
#8007=CARTESIAN_POINT('',(-6.74999999999977,2.85,-5.7999998435378));
#8008=CARTESIAN_POINT('',(-7.25000000000024,2.85,-5.7999998435378));
#8009=CARTESIAN_POINT('',(-6.57499999999989,2.85,-5.79999984353781));
#8010=CARTESIAN_POINT('',(-6.74999999999977,3.35,-5.7999998435378));
#8011=CARTESIAN_POINT('',(-6.74999999999977,4.075,-5.79999984353781));
#8012=CARTESIAN_POINT('',(-7.25000000000024,3.35,-5.7999998435378));
#8013=CARTESIAN_POINT('',(-6.82500000000012,3.35,-5.79999984353781));
#8014=CARTESIAN_POINT('',(-7.25000000000024,3.825,-5.79999984353781));
#8015=CARTESIAN_POINT('Origin',(-6.39999999575317,4.8,-6.));
#8016=CARTESIAN_POINT('',(-6.40000005945563,0.2,-2.99999995806255));
#8017=CARTESIAN_POINT('Origin',(0.,-1.66533453693773E-15,-6.00000000000002));
#8018=CARTESIAN_POINT('',(-8.39999999575317,0.2,-6.));
#8019=CARTESIAN_POINT('',(-5.175,0.2,-6.00000000000002));
#8020=CARTESIAN_POINT('',(-8.39999999575317,2.4,-6.00000000000001));
#8021=CARTESIAN_POINT('Origin',(-7.25000000000024,3.35,-5.40000000000001));
#8022=CARTESIAN_POINT('',(-6.74999999999977,3.35,-5.40000000000001));
#8023=CARTESIAN_POINT('',(-6.74999999999977,3.35,-5.40000000000001));
#8024=CARTESIAN_POINT('',(-7.25000000000024,3.35,-5.40000000000001));
#8025=CARTESIAN_POINT('',(-3.62500000000012,3.35,-5.40000000000001));
#8026=CARTESIAN_POINT('',(-7.25000000000024,3.35,-5.40000000000001));
#8027=CARTESIAN_POINT('Origin',(-6.74999999999977,3.35,-5.40000000000001));
#8028=CARTESIAN_POINT('',(-6.74999999999977,2.85,-5.40000000000001));
#8029=CARTESIAN_POINT('',(-6.74999999999977,2.85,-5.40000000000001));
#8030=CARTESIAN_POINT('',(-6.74999999999977,1.675,-5.40000000000001));
#8031=CARTESIAN_POINT('Origin',(-6.74999999999977,2.85,-5.40000000000001));
#8032=CARTESIAN_POINT('',(-7.25000000000024,2.85,-5.40000000000001));
#8033=CARTESIAN_POINT('',(-7.25000000000024,2.85,-5.40000000000001));
#8034=CARTESIAN_POINT('',(-3.37499999999988,2.85,-5.40000000000001));
#8035=CARTESIAN_POINT('Origin',(-7.25000000000024,2.85,-5.40000000000001));
#8036=CARTESIAN_POINT('',(-7.25000000000024,1.425,-5.40000000000001));
#8037=CARTESIAN_POINT('Origin',(-8.39999999575317,4.8,-6.));
#8038=CARTESIAN_POINT('',(-8.40000005945563,0.2,-2.9999999792967));
#8039=CARTESIAN_POINT('Origin',(-9.60000000000001,4.8,-5.7999998435378));
#8040=CARTESIAN_POINT('',(-9.59999999307096,0.2,-6.));
#8041=CARTESIAN_POINT('',(-9.6000001004711,0.2,-2.89999990877695));
#8042=CARTESIAN_POINT('',(-9.59999999307096,2.4,-6.00000000000001));
#8043=CARTESIAN_POINT('Origin',(-10.35,0.2,0.));
#8044=CARTESIAN_POINT('',(10.35,0.2,0.));
#8045=CARTESIAN_POINT('',(10.35,0.2,0.));
#8046=CARTESIAN_POINT('',(-10.35,0.2,0.));
#8047=CARTESIAN_POINT('',(-5.175,0.2,-1.92592994438724E-33));
#8048=CARTESIAN_POINT('',(-10.35,0.2,0.));
#8049=CARTESIAN_POINT('',(-5.175,0.2,-6.00000000000002));
#8050=CARTESIAN_POINT('Origin',(-9.25000000000024,3.35,-5.40000000000001));
#8051=CARTESIAN_POINT('',(-8.74999999999977,3.35,-5.40000000000001));
#8052=CARTESIAN_POINT('',(-8.74999999999977,3.35,-5.40000000000001));
#8053=CARTESIAN_POINT('',(-9.25000000000024,3.35,-5.40000000000001));
#8054=CARTESIAN_POINT('',(-4.62500000000012,3.35,-5.40000000000001));
#8055=CARTESIAN_POINT('',(-9.25000000000024,3.35,-5.40000000000001));
#8056=CARTESIAN_POINT('Origin',(-8.74999999999977,3.35,-5.40000000000001));
#8057=CARTESIAN_POINT('',(-8.74999999999977,2.85,-5.40000000000001));
#8058=CARTESIAN_POINT('',(-8.74999999999977,2.85,-5.40000000000001));
#8059=CARTESIAN_POINT('',(-8.74999999999977,1.675,-5.40000000000001));
#8060=CARTESIAN_POINT('Origin',(-8.74999999999977,2.85,-5.40000000000001));
#8061=CARTESIAN_POINT('',(-9.25000000000024,2.85,-5.40000000000001));
#8062=CARTESIAN_POINT('',(-9.25000000000024,2.85,-5.40000000000001));
#8063=CARTESIAN_POINT('',(-4.37499999999988,2.85,-5.40000000000001));
#8064=CARTESIAN_POINT('Origin',(-9.25000000000024,2.85,-5.40000000000001));
#8065=CARTESIAN_POINT('',(-9.25000000000024,1.425,-5.40000000000001));
#8066=CARTESIAN_POINT('Origin',(-10.35,0.8,0.));
#8067=CARTESIAN_POINT('',(-5.175,0.8,-5.40000000000002));
#8068=CARTESIAN_POINT('',(-5.175,0.8,-7.70371977754894E-33));
#8069=CARTESIAN_POINT('Origin',(0.,-3.88578058618805E-15,-5.40000000000002));
#8070=CARTESIAN_POINT('Origin',(-10.35,0.,0.));
#8071=CARTESIAN_POINT('',(-10.35,0.,0.));
#8072=CARTESIAN_POINT('',(-10.35,2.4,-2.31111593326468E-32));
#8073=CARTESIAN_POINT('',(-10.35,0.,0.));
#8074=CARTESIAN_POINT('Origin',(10.35,0.2,0.));
#8075=CARTESIAN_POINT('',(10.35,0.,0.));
#8076=CARTESIAN_POINT('',(10.35,0.,1.83697019872103E-17));
#8077=CARTESIAN_POINT('',(10.35,2.5,-2.40741243048404E-32));
#8078=CARTESIAN_POINT('Origin',(0.,4.8,-4.62223186652937E-32));
#8079=CARTESIAN_POINT('',(0.,0.,0.));
#8080=CARTESIAN_POINT('',(10.95,0.,0.));
#8081=CARTESIAN_POINT('',(0.,0.,0.));
#8082=CARTESIAN_POINT('',(10.95,0.,0.));
#8083=CARTESIAN_POINT('Origin',(0.,0.,0.));
#8084=CARTESIAN_POINT('',(10.95,-1.39609735102798E-15,-7.6));
#8085=CARTESIAN_POINT('Origin',(0.,0.,0.));
#8086=CARTESIAN_POINT('Origin',(0.,-1.66533453693773E-15,-6.00000000000002));
#8087=CARTESIAN_POINT('Origin',(10.95,2.4,-3.));
#8088=CARTESIAN_POINT('Origin',(-9.12500000000001,-3.35,-6.45));
#8089=CARTESIAN_POINT('',(-8.85,-3.4,-6.4));
#8090=CARTESIAN_POINT('',(-9.15000000000001,-3.4,-6.4));
#8091=CARTESIAN_POINT('',(-9.12500000000001,-3.4,-6.4));
#8092=CARTESIAN_POINT('',(-9.25000000000001,-3.3,-6.5));
#8093=CARTESIAN_POINT('',(-9.15000000000001,-3.4,-6.4));
#8094=CARTESIAN_POINT('',(-8.75000000000001,-3.3,-6.5));
#8095=CARTESIAN_POINT('',(-9.12500000000001,-3.3,-6.5));
#8096=CARTESIAN_POINT('',(-8.85,-3.4,-6.4));
#8097=CARTESIAN_POINT('Origin',(-9.20000000000001,-3.35,-3.125));
#8098=CARTESIAN_POINT('',(-9.15000000000001,-3.4,-6.1));
#8099=CARTESIAN_POINT('',(-9.15000000000001,-3.4,-3.125));
#8100=CARTESIAN_POINT('',(-9.25000000000001,-3.3,-6.));
#8101=CARTESIAN_POINT('',(-9.15000000000001,-3.4,-6.1));
#8102=CARTESIAN_POINT('',(-9.25000000000001,-3.3,-3.125));
#8103=CARTESIAN_POINT('Origin',(-8.87500000000001,-3.35,-6.05));
#8104=CARTESIAN_POINT('',(-8.85,-3.4,-6.1));
#8105=CARTESIAN_POINT('',(-8.87500000000001,-3.4,-6.1));
#8106=CARTESIAN_POINT('',(-8.75000000000001,-3.3,-6.));
#8107=CARTESIAN_POINT('',(-8.85,-3.4,-6.1));
#8108=CARTESIAN_POINT('',(-8.87500000000001,-3.3,-6.));
#8109=CARTESIAN_POINT('Origin',(-8.80000000000001,-3.35,-3.125));
#8110=CARTESIAN_POINT('',(-8.75000000000001,-3.3,-3.125));
#8111=CARTESIAN_POINT('',(-8.85,-3.4,-3.125));
#8112=CARTESIAN_POINT('Origin',(-8.75000000000001,3.35,0.));
#8113=CARTESIAN_POINT('',(-8.75000000000001,2.6,-6.5));
#8114=CARTESIAN_POINT('',(-8.75000000000001,2.6,-6.5));
#8115=CARTESIAN_POINT('',(-8.75000000000001,3.35,-5.75));
#8116=CARTESIAN_POINT('Origin',(-8.75000000000001,2.6,-5.75));
#8117=CARTESIAN_POINT('',(-8.75000000000001,3.35,-0.1));
#8118=CARTESIAN_POINT('',(-8.75000000000001,3.35,0.));
#8119=CARTESIAN_POINT('',(-8.75000000000001,2.85,-0.1));
#8120=CARTESIAN_POINT('',(-8.75000000000001,3.225,-0.1));
#8121=CARTESIAN_POINT('',(-8.75000000000001,2.85,-5.75));
#8122=CARTESIAN_POINT('',(-8.75000000000001,2.85,0.));
#8123=CARTESIAN_POINT('',(-8.75000000000001,2.6,-6.));
#8124=CARTESIAN_POINT('Origin',(-8.75000000000001,2.6,-5.75));
#8125=CARTESIAN_POINT('',(-8.75000000000001,2.6,-6.));
#8126=CARTESIAN_POINT('Origin',(-9.25000000000001,2.6,-6.5));
#8127=CARTESIAN_POINT('',(-9.25000000000001,2.6,-6.5));
#8128=CARTESIAN_POINT('',(-9.25000000000001,2.6,-6.5));
#8129=CARTESIAN_POINT('',(-9.25000000000001,2.6,-6.5));
#8130=CARTESIAN_POINT('Origin',(-9.00000000000001,-3.4,-6.25));
#8131=CARTESIAN_POINT('Origin',(-9.20000000000001,2.975,-0.05));
#8132=CARTESIAN_POINT('',(-9.25000000000001,3.35,-0.1));
#8133=CARTESIAN_POINT('',(-9.25000000000001,2.85,-0.1));
#8134=CARTESIAN_POINT('',(-9.25000000000001,2.975,-0.1));
#8135=CARTESIAN_POINT('',(-9.15000000000001,2.95,0.));
#8136=CARTESIAN_POINT('',(-9.25000000000001,2.85,-0.1));
#8137=CARTESIAN_POINT('',(-9.15000000000001,3.25,0.));
#8138=CARTESIAN_POINT('',(-9.15000000000001,2.975,0.));
#8139=CARTESIAN_POINT('',(-9.25000000000001,3.35,-0.1));
#8140=CARTESIAN_POINT('Origin',(-8.87500000000001,2.9,-0.05));
#8141=CARTESIAN_POINT('',(-8.87500000000001,2.85,-0.1));
#8142=CARTESIAN_POINT('',(-8.85,2.95,0.));
#8143=CARTESIAN_POINT('',(-8.75000000000001,2.85,-0.1));
#8144=CARTESIAN_POINT('',(-8.87500000000001,2.95,0.));
#8145=CARTESIAN_POINT('Origin',(-9.12500000000001,3.3,-0.05));
#8146=CARTESIAN_POINT('',(-8.85,3.25,0.));
#8147=CARTESIAN_POINT('',(-9.12500000000001,3.25,0.));
#8148=CARTESIAN_POINT('',(-8.85,3.25,0.));
#8149=CARTESIAN_POINT('',(-9.12500000000001,3.35,-0.1));
#8150=CARTESIAN_POINT('Origin',(-8.80000000000001,3.225,-0.05));
#8151=CARTESIAN_POINT('',(-8.85,3.225,0.));
#8152=CARTESIAN_POINT('Origin',(-8.75000000000001,2.85,0.));
#8153=CARTESIAN_POINT('',(-9.25000000000001,2.85,-5.75));
#8154=CARTESIAN_POINT('',(-9.25000000000001,2.85,0.));
#8155=CARTESIAN_POINT('',(-8.75000000000001,2.85,-5.75));
#8156=CARTESIAN_POINT('Origin',(-9.25000000000001,2.85,0.));
#8157=CARTESIAN_POINT('',(-9.25000000000001,2.6,-6.));
#8158=CARTESIAN_POINT('',(-9.25000000000001,2.6,-6.));
#8159=CARTESIAN_POINT('Origin',(-9.25000000000001,2.6,-5.75));
#8160=CARTESIAN_POINT('',(-9.25000000000001,3.35,-5.75));
#8161=CARTESIAN_POINT('',(-9.25000000000001,3.35,0.));
#8162=CARTESIAN_POINT('Origin',(-9.25000000000001,2.6,-5.75));
#8163=CARTESIAN_POINT('Origin',(-9.00000000000001,3.1,0.));
#8164=CARTESIAN_POINT('Origin',(-8.75000000000001,2.6,-6.));
#8165=CARTESIAN_POINT('',(-8.75000000000001,2.6,-6.));
#8166=CARTESIAN_POINT('Origin',(-9.00000000000001,2.6,-5.75));
#8167=CARTESIAN_POINT('Origin',(-9.00000000000001,2.6,-5.75));
#8168=CARTESIAN_POINT('',(-9.25000000000001,3.35,-5.75));
#8169=CARTESIAN_POINT('Origin',(-9.25000000000001,3.35,0.));
#8170=CARTESIAN_POINT('Origin',(-7.12500000000001,-3.35,-6.45));
#8171=CARTESIAN_POINT('',(-6.85,-3.4,-6.4));
#8172=CARTESIAN_POINT('',(-7.15000000000001,-3.4,-6.4));
#8173=CARTESIAN_POINT('',(-7.12500000000001,-3.4,-6.4));
#8174=CARTESIAN_POINT('',(-7.25000000000001,-3.3,-6.5));
#8175=CARTESIAN_POINT('',(-7.15000000000001,-3.4,-6.4));
#8176=CARTESIAN_POINT('',(-6.75000000000001,-3.3,-6.5));
#8177=CARTESIAN_POINT('',(-7.12500000000001,-3.3,-6.5));
#8178=CARTESIAN_POINT('',(-6.85,-3.4,-6.4));
#8179=CARTESIAN_POINT('Origin',(-7.20000000000001,-3.35,-3.125));
#8180=CARTESIAN_POINT('',(-7.15000000000001,-3.4,-6.1));
#8181=CARTESIAN_POINT('',(-7.15000000000001,-3.4,-3.125));
#8182=CARTESIAN_POINT('',(-7.25000000000001,-3.3,-6.));
#8183=CARTESIAN_POINT('',(-7.15000000000001,-3.4,-6.1));
#8184=CARTESIAN_POINT('',(-7.25000000000001,-3.3,-3.125));
#8185=CARTESIAN_POINT('Origin',(-6.87500000000001,-3.35,-6.05));
#8186=CARTESIAN_POINT('',(-6.85,-3.4,-6.1));
#8187=CARTESIAN_POINT('',(-6.87500000000001,-3.4,-6.1));
#8188=CARTESIAN_POINT('',(-6.75000000000001,-3.3,-6.));
#8189=CARTESIAN_POINT('',(-6.85,-3.4,-6.1));
#8190=CARTESIAN_POINT('',(-6.87500000000001,-3.3,-6.));
#8191=CARTESIAN_POINT('Origin',(-6.80000000000001,-3.35,-3.125));
#8192=CARTESIAN_POINT('',(-6.75000000000001,-3.3,-3.125));
#8193=CARTESIAN_POINT('',(-6.85,-3.4,-3.125));
#8194=CARTESIAN_POINT('Origin',(-6.75000000000001,3.35,0.));
#8195=CARTESIAN_POINT('',(-6.75000000000001,2.6,-6.5));
#8196=CARTESIAN_POINT('',(-6.75000000000001,2.6,-6.5));
#8197=CARTESIAN_POINT('',(-6.75000000000001,3.35,-5.75));
#8198=CARTESIAN_POINT('Origin',(-6.75000000000001,2.6,-5.75));
#8199=CARTESIAN_POINT('',(-6.75000000000001,3.35,-0.1));
#8200=CARTESIAN_POINT('',(-6.75000000000001,3.35,0.));
#8201=CARTESIAN_POINT('',(-6.75000000000001,2.85,-0.1));
#8202=CARTESIAN_POINT('',(-6.75000000000001,3.225,-0.1));
#8203=CARTESIAN_POINT('',(-6.75000000000001,2.85,-5.75));
#8204=CARTESIAN_POINT('',(-6.75000000000001,2.85,0.));
#8205=CARTESIAN_POINT('',(-6.75000000000001,2.6,-6.));
#8206=CARTESIAN_POINT('Origin',(-6.75000000000001,2.6,-5.75));
#8207=CARTESIAN_POINT('',(-6.75000000000001,2.6,-6.));
#8208=CARTESIAN_POINT('Origin',(-7.25000000000001,2.6,-6.5));
#8209=CARTESIAN_POINT('',(-7.25000000000001,2.6,-6.5));
#8210=CARTESIAN_POINT('',(-7.25000000000001,2.6,-6.5));
#8211=CARTESIAN_POINT('',(-7.25000000000001,2.6,-6.5));
#8212=CARTESIAN_POINT('Origin',(-7.00000000000001,-3.4,-6.25));
#8213=CARTESIAN_POINT('Origin',(-7.20000000000001,2.975,-0.05));
#8214=CARTESIAN_POINT('',(-7.25000000000001,3.35,-0.1));
#8215=CARTESIAN_POINT('',(-7.25000000000001,2.85,-0.1));
#8216=CARTESIAN_POINT('',(-7.25000000000001,2.975,-0.1));
#8217=CARTESIAN_POINT('',(-7.15000000000001,2.95,0.));
#8218=CARTESIAN_POINT('',(-7.25000000000001,2.85,-0.1));
#8219=CARTESIAN_POINT('',(-7.15000000000001,3.25,0.));
#8220=CARTESIAN_POINT('',(-7.15000000000001,2.975,0.));
#8221=CARTESIAN_POINT('',(-7.25000000000001,3.35,-0.1));
#8222=CARTESIAN_POINT('Origin',(-6.87500000000001,2.9,-0.05));
#8223=CARTESIAN_POINT('',(-6.87500000000001,2.85,-0.1));
#8224=CARTESIAN_POINT('',(-6.85,2.95,0.));
#8225=CARTESIAN_POINT('',(-6.75000000000001,2.85,-0.1));
#8226=CARTESIAN_POINT('',(-6.87500000000001,2.95,0.));
#8227=CARTESIAN_POINT('Origin',(-7.12500000000001,3.3,-0.05));
#8228=CARTESIAN_POINT('',(-6.85,3.25,0.));
#8229=CARTESIAN_POINT('',(-7.12500000000001,3.25,0.));
#8230=CARTESIAN_POINT('',(-6.85,3.25,0.));
#8231=CARTESIAN_POINT('',(-7.12500000000001,3.35,-0.1));
#8232=CARTESIAN_POINT('Origin',(-6.80000000000001,3.225,-0.05));
#8233=CARTESIAN_POINT('',(-6.85,3.225,0.));
#8234=CARTESIAN_POINT('Origin',(-6.75000000000001,2.85,0.));
#8235=CARTESIAN_POINT('',(-7.25000000000001,2.85,-5.75));
#8236=CARTESIAN_POINT('',(-7.25000000000001,2.85,0.));
#8237=CARTESIAN_POINT('',(-6.75000000000001,2.85,-5.75));
#8238=CARTESIAN_POINT('Origin',(-7.25000000000001,2.85,0.));
#8239=CARTESIAN_POINT('',(-7.25000000000001,2.6,-6.));
#8240=CARTESIAN_POINT('',(-7.25000000000001,2.6,-6.));
#8241=CARTESIAN_POINT('Origin',(-7.25000000000001,2.6,-5.75));
#8242=CARTESIAN_POINT('',(-7.25000000000001,3.35,-5.75));
#8243=CARTESIAN_POINT('',(-7.25000000000001,3.35,0.));
#8244=CARTESIAN_POINT('Origin',(-7.25000000000001,2.6,-5.75));
#8245=CARTESIAN_POINT('Origin',(-7.00000000000001,3.1,0.));
#8246=CARTESIAN_POINT('Origin',(-6.75000000000001,2.6,-6.));
#8247=CARTESIAN_POINT('',(-6.75000000000001,2.6,-6.));
#8248=CARTESIAN_POINT('Origin',(-7.00000000000001,2.6,-5.75));
#8249=CARTESIAN_POINT('Origin',(-7.00000000000001,2.6,-5.75));
#8250=CARTESIAN_POINT('',(-7.25000000000001,3.35,-5.75));
#8251=CARTESIAN_POINT('Origin',(-7.25000000000001,3.35,0.));
#8252=CARTESIAN_POINT('Origin',(-5.12500000000001,-3.35,-6.45));
#8253=CARTESIAN_POINT('',(-4.85,-3.4,-6.4));
#8254=CARTESIAN_POINT('',(-5.15000000000001,-3.4,-6.4));
#8255=CARTESIAN_POINT('',(-5.12500000000001,-3.4,-6.4));
#8256=CARTESIAN_POINT('',(-5.25000000000001,-3.3,-6.5));
#8257=CARTESIAN_POINT('',(-5.15000000000001,-3.4,-6.4));
#8258=CARTESIAN_POINT('',(-4.75000000000001,-3.3,-6.5));
#8259=CARTESIAN_POINT('',(-5.12500000000001,-3.3,-6.5));
#8260=CARTESIAN_POINT('',(-4.85,-3.4,-6.4));
#8261=CARTESIAN_POINT('Origin',(-5.20000000000001,-3.35,-3.125));
#8262=CARTESIAN_POINT('',(-5.15000000000001,-3.4,-6.1));
#8263=CARTESIAN_POINT('',(-5.15000000000001,-3.4,-3.125));
#8264=CARTESIAN_POINT('',(-5.25000000000001,-3.3,-6.));
#8265=CARTESIAN_POINT('',(-5.15000000000001,-3.4,-6.1));
#8266=CARTESIAN_POINT('',(-5.25000000000001,-3.3,-3.125));
#8267=CARTESIAN_POINT('Origin',(-4.87500000000001,-3.35,-6.05));
#8268=CARTESIAN_POINT('',(-4.85,-3.4,-6.1));
#8269=CARTESIAN_POINT('',(-4.87500000000001,-3.4,-6.1));
#8270=CARTESIAN_POINT('',(-4.75000000000001,-3.3,-6.));
#8271=CARTESIAN_POINT('',(-4.85,-3.4,-6.1));
#8272=CARTESIAN_POINT('',(-4.87500000000001,-3.3,-6.));
#8273=CARTESIAN_POINT('Origin',(-4.80000000000001,-3.35,-3.125));
#8274=CARTESIAN_POINT('',(-4.75000000000001,-3.3,-3.125));
#8275=CARTESIAN_POINT('',(-4.85,-3.4,-3.125));
#8276=CARTESIAN_POINT('Origin',(-4.75000000000001,3.35,0.));
#8277=CARTESIAN_POINT('',(-4.75000000000001,2.6,-6.5));
#8278=CARTESIAN_POINT('',(-4.75000000000001,2.6,-6.5));
#8279=CARTESIAN_POINT('',(-4.75000000000001,3.35,-5.75));
#8280=CARTESIAN_POINT('Origin',(-4.75000000000001,2.6,-5.75));
#8281=CARTESIAN_POINT('',(-4.75000000000001,3.35,-0.1));
#8282=CARTESIAN_POINT('',(-4.75000000000001,3.35,0.));
#8283=CARTESIAN_POINT('',(-4.75000000000001,2.85,-0.1));
#8284=CARTESIAN_POINT('',(-4.75000000000001,3.225,-0.1));
#8285=CARTESIAN_POINT('',(-4.75000000000001,2.85,-5.75));
#8286=CARTESIAN_POINT('',(-4.75000000000001,2.85,0.));
#8287=CARTESIAN_POINT('',(-4.75000000000001,2.6,-6.));
#8288=CARTESIAN_POINT('Origin',(-4.75000000000001,2.6,-5.75));
#8289=CARTESIAN_POINT('',(-4.75000000000001,2.6,-6.));
#8290=CARTESIAN_POINT('Origin',(-5.25000000000001,2.6,-6.5));
#8291=CARTESIAN_POINT('',(-5.25000000000001,2.6,-6.5));
#8292=CARTESIAN_POINT('',(-5.25000000000001,2.6,-6.5));
#8293=CARTESIAN_POINT('',(-5.25000000000001,2.6,-6.5));
#8294=CARTESIAN_POINT('Origin',(-5.00000000000001,-3.4,-6.25));
#8295=CARTESIAN_POINT('Origin',(-5.20000000000001,2.975,-0.05));
#8296=CARTESIAN_POINT('',(-5.25000000000001,3.35,-0.1));
#8297=CARTESIAN_POINT('',(-5.25000000000001,2.85,-0.1));
#8298=CARTESIAN_POINT('',(-5.25000000000001,2.975,-0.1));
#8299=CARTESIAN_POINT('',(-5.15000000000001,2.95,0.));
#8300=CARTESIAN_POINT('',(-5.25000000000001,2.85,-0.1));
#8301=CARTESIAN_POINT('',(-5.15000000000001,3.25,0.));
#8302=CARTESIAN_POINT('',(-5.15000000000001,2.975,0.));
#8303=CARTESIAN_POINT('',(-5.25000000000001,3.35,-0.1));
#8304=CARTESIAN_POINT('Origin',(-4.87500000000001,2.9,-0.05));
#8305=CARTESIAN_POINT('',(-4.87500000000001,2.85,-0.1));
#8306=CARTESIAN_POINT('',(-4.85,2.95,0.));
#8307=CARTESIAN_POINT('',(-4.75000000000001,2.85,-0.1));
#8308=CARTESIAN_POINT('',(-4.87500000000001,2.95,0.));
#8309=CARTESIAN_POINT('Origin',(-5.12500000000001,3.3,-0.05));
#8310=CARTESIAN_POINT('',(-4.85,3.25,0.));
#8311=CARTESIAN_POINT('',(-5.12500000000001,3.25,0.));
#8312=CARTESIAN_POINT('',(-4.85,3.25,0.));
#8313=CARTESIAN_POINT('',(-5.12500000000001,3.35,-0.1));
#8314=CARTESIAN_POINT('Origin',(-4.80000000000001,3.225,-0.05));
#8315=CARTESIAN_POINT('',(-4.85,3.225,0.));
#8316=CARTESIAN_POINT('Origin',(-4.75000000000001,2.85,0.));
#8317=CARTESIAN_POINT('',(-5.25000000000001,2.85,-5.75));
#8318=CARTESIAN_POINT('',(-5.25000000000001,2.85,0.));
#8319=CARTESIAN_POINT('',(-4.75000000000001,2.85,-5.75));
#8320=CARTESIAN_POINT('Origin',(-5.25000000000001,2.85,0.));
#8321=CARTESIAN_POINT('',(-5.25000000000001,2.6,-6.));
#8322=CARTESIAN_POINT('',(-5.25000000000001,2.6,-6.));
#8323=CARTESIAN_POINT('Origin',(-5.25000000000001,2.6,-5.75));
#8324=CARTESIAN_POINT('',(-5.25000000000001,3.35,-5.75));
#8325=CARTESIAN_POINT('',(-5.25000000000001,3.35,0.));
#8326=CARTESIAN_POINT('Origin',(-5.25000000000001,2.6,-5.75));
#8327=CARTESIAN_POINT('Origin',(-5.00000000000001,3.1,0.));
#8328=CARTESIAN_POINT('Origin',(-4.75000000000001,2.6,-6.));
#8329=CARTESIAN_POINT('',(-4.75000000000001,2.6,-6.));
#8330=CARTESIAN_POINT('Origin',(-5.00000000000001,2.6,-5.75));
#8331=CARTESIAN_POINT('Origin',(-5.00000000000001,2.6,-5.75));
#8332=CARTESIAN_POINT('',(-5.25000000000001,3.35,-5.75));
#8333=CARTESIAN_POINT('Origin',(-5.25000000000001,3.35,0.));
#8334=CARTESIAN_POINT('Origin',(-3.125,-3.35,-6.45));
#8335=CARTESIAN_POINT('',(-2.85,-3.4,-6.4));
#8336=CARTESIAN_POINT('',(-3.15,-3.4,-6.4));
#8337=CARTESIAN_POINT('',(-3.125,-3.4,-6.4));
#8338=CARTESIAN_POINT('',(-3.25000000000001,-3.3,-6.5));
#8339=CARTESIAN_POINT('',(-3.15,-3.4,-6.4));
#8340=CARTESIAN_POINT('',(-2.75,-3.3,-6.5));
#8341=CARTESIAN_POINT('',(-3.125,-3.3,-6.5));
#8342=CARTESIAN_POINT('',(-2.85,-3.4,-6.4));
#8343=CARTESIAN_POINT('Origin',(-3.20000000000001,-3.35,-3.125));
#8344=CARTESIAN_POINT('',(-3.15,-3.4,-6.1));
#8345=CARTESIAN_POINT('',(-3.15,-3.4,-3.125));
#8346=CARTESIAN_POINT('',(-3.25000000000001,-3.3,-6.));
#8347=CARTESIAN_POINT('',(-3.15,-3.4,-6.1));
#8348=CARTESIAN_POINT('',(-3.25000000000001,-3.3,-3.125));
#8349=CARTESIAN_POINT('Origin',(-2.87500000000001,-3.35,-6.05));
#8350=CARTESIAN_POINT('',(-2.85,-3.4,-6.1));
#8351=CARTESIAN_POINT('',(-2.87500000000001,-3.4,-6.1));
#8352=CARTESIAN_POINT('',(-2.75,-3.3,-6.));
#8353=CARTESIAN_POINT('',(-2.85,-3.4,-6.1));
#8354=CARTESIAN_POINT('',(-2.87500000000001,-3.3,-6.));
#8355=CARTESIAN_POINT('Origin',(-2.8,-3.35,-3.125));
#8356=CARTESIAN_POINT('',(-2.75,-3.3,-3.125));
#8357=CARTESIAN_POINT('',(-2.85,-3.4,-3.125));
#8358=CARTESIAN_POINT('Origin',(-2.75,3.35,0.));
#8359=CARTESIAN_POINT('',(-2.75,2.6,-6.5));
#8360=CARTESIAN_POINT('',(-2.75,2.6,-6.5));
#8361=CARTESIAN_POINT('',(-2.75,3.35,-5.75));
#8362=CARTESIAN_POINT('Origin',(-2.75,2.6,-5.75));
#8363=CARTESIAN_POINT('',(-2.75,3.35,-0.1));
#8364=CARTESIAN_POINT('',(-2.75,3.35,0.));
#8365=CARTESIAN_POINT('',(-2.75,2.85,-0.1));
#8366=CARTESIAN_POINT('',(-2.75,3.225,-0.1));
#8367=CARTESIAN_POINT('',(-2.75,2.85,-5.75));
#8368=CARTESIAN_POINT('',(-2.75,2.85,0.));
#8369=CARTESIAN_POINT('',(-2.75,2.6,-6.));
#8370=CARTESIAN_POINT('Origin',(-2.75,2.6,-5.75));
#8371=CARTESIAN_POINT('',(-2.75,2.6,-6.));
#8372=CARTESIAN_POINT('Origin',(-3.25000000000001,2.6,-6.5));
#8373=CARTESIAN_POINT('',(-3.25000000000001,2.6,-6.5));
#8374=CARTESIAN_POINT('',(-3.25000000000001,2.6,-6.5));
#8375=CARTESIAN_POINT('',(-3.25000000000001,2.6,-6.5));
#8376=CARTESIAN_POINT('Origin',(-3.,-3.4,-6.25));
#8377=CARTESIAN_POINT('Origin',(-3.20000000000001,2.975,-0.05));
#8378=CARTESIAN_POINT('',(-3.25000000000001,3.35,-0.1));
#8379=CARTESIAN_POINT('',(-3.25000000000001,2.85,-0.1));
#8380=CARTESIAN_POINT('',(-3.25000000000001,2.975,-0.1));
#8381=CARTESIAN_POINT('',(-3.15000000000001,2.95,0.));
#8382=CARTESIAN_POINT('',(-3.25000000000001,2.85,-0.1));
#8383=CARTESIAN_POINT('',(-3.15000000000001,3.25,0.));
#8384=CARTESIAN_POINT('',(-3.15000000000001,2.975,0.));
#8385=CARTESIAN_POINT('',(-3.25000000000001,3.35,-0.1));
#8386=CARTESIAN_POINT('Origin',(-2.87500000000001,2.9,-0.05));
#8387=CARTESIAN_POINT('',(-2.87500000000001,2.85,-0.1));
#8388=CARTESIAN_POINT('',(-2.85,2.95,0.));
#8389=CARTESIAN_POINT('',(-2.75,2.85,-0.1));
#8390=CARTESIAN_POINT('',(-2.87500000000001,2.95,0.));
#8391=CARTESIAN_POINT('Origin',(-3.125,3.3,-0.05));
#8392=CARTESIAN_POINT('',(-2.85,3.25,0.));
#8393=CARTESIAN_POINT('',(-3.125,3.25,0.));
#8394=CARTESIAN_POINT('',(-2.85,3.25,0.));
#8395=CARTESIAN_POINT('',(-3.125,3.35,-0.1));
#8396=CARTESIAN_POINT('Origin',(-2.8,3.225,-0.05));
#8397=CARTESIAN_POINT('',(-2.85,3.225,0.));
#8398=CARTESIAN_POINT('Origin',(-2.75,2.85,0.));
#8399=CARTESIAN_POINT('',(-3.25000000000001,2.85,-5.75));
#8400=CARTESIAN_POINT('',(-3.25000000000001,2.85,0.));
#8401=CARTESIAN_POINT('',(-2.75,2.85,-5.75));
#8402=CARTESIAN_POINT('Origin',(-3.25000000000001,2.85,0.));
#8403=CARTESIAN_POINT('',(-3.25000000000001,2.6,-6.));
#8404=CARTESIAN_POINT('',(-3.25000000000001,2.6,-6.));
#8405=CARTESIAN_POINT('Origin',(-3.25000000000001,2.6,-5.75));
#8406=CARTESIAN_POINT('',(-3.25000000000001,3.35,-5.75));
#8407=CARTESIAN_POINT('',(-3.25000000000001,3.35,0.));
#8408=CARTESIAN_POINT('Origin',(-3.25000000000001,2.6,-5.75));
#8409=CARTESIAN_POINT('Origin',(-3.,3.1,0.));
#8410=CARTESIAN_POINT('Origin',(-2.75,2.6,-6.));
#8411=CARTESIAN_POINT('',(-2.75,2.6,-6.));
#8412=CARTESIAN_POINT('Origin',(-3.,2.6,-5.75));
#8413=CARTESIAN_POINT('Origin',(-3.,2.6,-5.75));
#8414=CARTESIAN_POINT('',(-3.25000000000001,3.35,-5.75));
#8415=CARTESIAN_POINT('Origin',(-3.25000000000001,3.35,0.));
#8416=CARTESIAN_POINT('Origin',(-1.125,-3.35,-6.45));
#8417=CARTESIAN_POINT('',(-0.850000000000005,-3.4,-6.4));
#8418=CARTESIAN_POINT('',(-1.15000000000001,-3.4,-6.4));
#8419=CARTESIAN_POINT('',(-1.125,-3.4,-6.4));
#8420=CARTESIAN_POINT('',(-1.25000000000001,-3.3,-6.5));
#8421=CARTESIAN_POINT('',(-1.15000000000001,-3.4,-6.4));
#8422=CARTESIAN_POINT('',(-0.750000000000005,-3.3,-6.5));
#8423=CARTESIAN_POINT('',(-1.125,-3.3,-6.5));
#8424=CARTESIAN_POINT('',(-0.850000000000005,-3.4,-6.4));
#8425=CARTESIAN_POINT('Origin',(-1.20000000000001,-3.35,-3.125));
#8426=CARTESIAN_POINT('',(-1.15000000000001,-3.4,-6.1));
#8427=CARTESIAN_POINT('',(-1.15000000000001,-3.4,-3.125));
#8428=CARTESIAN_POINT('',(-1.25000000000001,-3.3,-6.));
#8429=CARTESIAN_POINT('',(-1.15000000000001,-3.4,-6.1));
#8430=CARTESIAN_POINT('',(-1.25000000000001,-3.3,-3.125));
#8431=CARTESIAN_POINT('Origin',(-0.875000000000006,-3.35,-6.05));
#8432=CARTESIAN_POINT('',(-0.850000000000005,-3.4,-6.1));
#8433=CARTESIAN_POINT('',(-0.875000000000006,-3.4,-6.1));
#8434=CARTESIAN_POINT('',(-0.750000000000005,-3.3,-6.));
#8435=CARTESIAN_POINT('',(-0.850000000000005,-3.4,-6.1));
#8436=CARTESIAN_POINT('',(-0.875000000000006,-3.3,-6.));
#8437=CARTESIAN_POINT('Origin',(-0.800000000000005,-3.35,-3.125));
#8438=CARTESIAN_POINT('',(-0.750000000000005,-3.3,-3.125));
#8439=CARTESIAN_POINT('',(-0.850000000000005,-3.4,-3.125));
#8440=CARTESIAN_POINT('Origin',(-0.750000000000005,3.35,0.));
#8441=CARTESIAN_POINT('',(-0.750000000000005,2.6,-6.5));
#8442=CARTESIAN_POINT('',(-0.750000000000005,2.6,-6.5));
#8443=CARTESIAN_POINT('',(-0.750000000000005,3.35,-5.75));
#8444=CARTESIAN_POINT('Origin',(-0.750000000000005,2.6,-5.75));
#8445=CARTESIAN_POINT('',(-0.750000000000005,3.35,-0.1));
#8446=CARTESIAN_POINT('',(-0.750000000000005,3.35,0.));
#8447=CARTESIAN_POINT('',(-0.750000000000005,2.85,-0.1));
#8448=CARTESIAN_POINT('',(-0.750000000000005,3.225,-0.1));
#8449=CARTESIAN_POINT('',(-0.750000000000005,2.85,-5.75));
#8450=CARTESIAN_POINT('',(-0.750000000000005,2.85,0.));
#8451=CARTESIAN_POINT('',(-0.750000000000005,2.6,-6.));
#8452=CARTESIAN_POINT('Origin',(-0.750000000000005,2.6,-5.75));
#8453=CARTESIAN_POINT('',(-0.750000000000005,2.6,-6.));
#8454=CARTESIAN_POINT('Origin',(-1.25000000000001,2.6,-6.5));
#8455=CARTESIAN_POINT('',(-1.25000000000001,2.6,-6.5));
#8456=CARTESIAN_POINT('',(-1.25000000000001,2.6,-6.5));
#8457=CARTESIAN_POINT('',(-1.25000000000001,2.6,-6.5));
#8458=CARTESIAN_POINT('Origin',(-1.00000000000001,-3.4,-6.25));
#8459=CARTESIAN_POINT('Origin',(-1.20000000000001,2.975,-0.05));
#8460=CARTESIAN_POINT('',(-1.25000000000001,3.35,-0.1));
#8461=CARTESIAN_POINT('',(-1.25000000000001,2.85,-0.1));
#8462=CARTESIAN_POINT('',(-1.25000000000001,2.975,-0.1));
#8463=CARTESIAN_POINT('',(-1.15000000000001,2.95,0.));
#8464=CARTESIAN_POINT('',(-1.25000000000001,2.85,-0.1));
#8465=CARTESIAN_POINT('',(-1.15000000000001,3.25,0.));
#8466=CARTESIAN_POINT('',(-1.15000000000001,2.975,0.));
#8467=CARTESIAN_POINT('',(-1.25000000000001,3.35,-0.1));
#8468=CARTESIAN_POINT('Origin',(-0.875000000000006,2.9,-0.05));
#8469=CARTESIAN_POINT('',(-0.875000000000006,2.85,-0.1));
#8470=CARTESIAN_POINT('',(-0.850000000000004,2.95,0.));
#8471=CARTESIAN_POINT('',(-0.750000000000005,2.85,-0.1));
#8472=CARTESIAN_POINT('',(-0.875000000000006,2.95,0.));
#8473=CARTESIAN_POINT('Origin',(-1.125,3.3,-0.05));
#8474=CARTESIAN_POINT('',(-0.850000000000004,3.25,0.));
#8475=CARTESIAN_POINT('',(-1.125,3.25,0.));
#8476=CARTESIAN_POINT('',(-0.850000000000004,3.25,0.));
#8477=CARTESIAN_POINT('',(-1.125,3.35,-0.1));
#8478=CARTESIAN_POINT('Origin',(-0.800000000000005,3.225,-0.05));
#8479=CARTESIAN_POINT('',(-0.850000000000004,3.225,0.));
#8480=CARTESIAN_POINT('Origin',(-0.750000000000005,2.85,0.));
#8481=CARTESIAN_POINT('',(-1.25000000000001,2.85,-5.75));
#8482=CARTESIAN_POINT('',(-1.25000000000001,2.85,0.));
#8483=CARTESIAN_POINT('',(-0.750000000000005,2.85,-5.75));
#8484=CARTESIAN_POINT('Origin',(-1.25000000000001,2.85,0.));
#8485=CARTESIAN_POINT('',(-1.25000000000001,2.6,-6.));
#8486=CARTESIAN_POINT('',(-1.25000000000001,2.6,-6.));
#8487=CARTESIAN_POINT('Origin',(-1.25000000000001,2.6,-5.75));
#8488=CARTESIAN_POINT('',(-1.25000000000001,3.35,-5.75));
#8489=CARTESIAN_POINT('',(-1.25000000000001,3.35,0.));
#8490=CARTESIAN_POINT('Origin',(-1.25000000000001,2.6,-5.75));
#8491=CARTESIAN_POINT('Origin',(-1.00000000000001,3.1,0.));
#8492=CARTESIAN_POINT('Origin',(-0.750000000000005,2.6,-6.));
#8493=CARTESIAN_POINT('',(-0.750000000000005,2.6,-6.));
#8494=CARTESIAN_POINT('Origin',(-1.00000000000001,2.6,-5.75));
#8495=CARTESIAN_POINT('Origin',(-1.00000000000001,2.6,-5.75));
#8496=CARTESIAN_POINT('',(-1.25000000000001,3.35,-5.75));
#8497=CARTESIAN_POINT('Origin',(-1.25000000000001,3.35,0.));
#8498=CARTESIAN_POINT('Origin',(0.874999999999995,-3.35,-6.45));
#8499=CARTESIAN_POINT('',(1.14999999999999,-3.4,-6.4));
#8500=CARTESIAN_POINT('',(0.849999999999994,-3.4,-6.4));
#8501=CARTESIAN_POINT('',(0.874999999999995,-3.4,-6.4));
#8502=CARTESIAN_POINT('',(0.749999999999994,-3.3,-6.5));
#8503=CARTESIAN_POINT('',(0.849999999999994,-3.4,-6.4));
#8504=CARTESIAN_POINT('',(1.24999999999999,-3.3,-6.5));
#8505=CARTESIAN_POINT('',(0.874999999999995,-3.3,-6.5));
#8506=CARTESIAN_POINT('',(1.14999999999999,-3.4,-6.4));
#8507=CARTESIAN_POINT('Origin',(0.799999999999994,-3.35,-3.125));
#8508=CARTESIAN_POINT('',(0.849999999999994,-3.4,-6.1));
#8509=CARTESIAN_POINT('',(0.849999999999994,-3.4,-3.125));
#8510=CARTESIAN_POINT('',(0.749999999999994,-3.3,-6.));
#8511=CARTESIAN_POINT('',(0.849999999999994,-3.4,-6.1));
#8512=CARTESIAN_POINT('',(0.749999999999994,-3.3,-3.125));
#8513=CARTESIAN_POINT('Origin',(1.12499999999999,-3.35,-6.05));
#8514=CARTESIAN_POINT('',(1.14999999999999,-3.4,-6.1));
#8515=CARTESIAN_POINT('',(1.12499999999999,-3.4,-6.1));
#8516=CARTESIAN_POINT('',(1.24999999999999,-3.3,-6.));
#8517=CARTESIAN_POINT('',(1.14999999999999,-3.4,-6.1));
#8518=CARTESIAN_POINT('',(1.12499999999999,-3.3,-6.));
#8519=CARTESIAN_POINT('Origin',(1.19999999999999,-3.35,-3.125));
#8520=CARTESIAN_POINT('',(1.24999999999999,-3.3,-3.125));
#8521=CARTESIAN_POINT('',(1.14999999999999,-3.4,-3.125));
#8522=CARTESIAN_POINT('Origin',(1.24999999999999,3.35,0.));
#8523=CARTESIAN_POINT('',(1.24999999999999,2.6,-6.5));
#8524=CARTESIAN_POINT('',(1.24999999999999,2.6,-6.5));
#8525=CARTESIAN_POINT('',(1.24999999999999,3.35,-5.75));
#8526=CARTESIAN_POINT('Origin',(1.24999999999999,2.6,-5.75));
#8527=CARTESIAN_POINT('',(1.24999999999999,3.35,-0.1));
#8528=CARTESIAN_POINT('',(1.24999999999999,3.35,0.));
#8529=CARTESIAN_POINT('',(1.24999999999999,2.85,-0.1));
#8530=CARTESIAN_POINT('',(1.24999999999999,3.225,-0.1));
#8531=CARTESIAN_POINT('',(1.24999999999999,2.85,-5.75));
#8532=CARTESIAN_POINT('',(1.24999999999999,2.85,0.));
#8533=CARTESIAN_POINT('',(1.24999999999999,2.6,-6.));
#8534=CARTESIAN_POINT('Origin',(1.24999999999999,2.6,-5.75));
#8535=CARTESIAN_POINT('',(1.24999999999999,2.6,-6.));
#8536=CARTESIAN_POINT('Origin',(0.749999999999994,2.6,-6.5));
#8537=CARTESIAN_POINT('',(0.749999999999994,2.6,-6.5));
#8538=CARTESIAN_POINT('',(0.749999999999994,2.6,-6.5));
#8539=CARTESIAN_POINT('',(0.749999999999994,2.6,-6.5));
#8540=CARTESIAN_POINT('Origin',(0.999999999999994,-3.4,-6.25));
#8541=CARTESIAN_POINT('Origin',(0.799999999999994,2.975,-0.05));
#8542=CARTESIAN_POINT('',(0.749999999999994,3.35,-0.1));
#8543=CARTESIAN_POINT('',(0.749999999999994,2.85,-0.1));
#8544=CARTESIAN_POINT('',(0.749999999999994,2.975,-0.1));
#8545=CARTESIAN_POINT('',(0.849999999999993,2.95,0.));
#8546=CARTESIAN_POINT('',(0.749999999999994,2.85,-0.1));
#8547=CARTESIAN_POINT('',(0.849999999999993,3.25,0.));
#8548=CARTESIAN_POINT('',(0.849999999999993,2.975,0.));
#8549=CARTESIAN_POINT('',(0.749999999999994,3.35,-0.1));
#8550=CARTESIAN_POINT('Origin',(1.12499999999999,2.9,-0.05));
#8551=CARTESIAN_POINT('',(1.12499999999999,2.85,-0.1));
#8552=CARTESIAN_POINT('',(1.15,2.95,0.));
#8553=CARTESIAN_POINT('',(1.24999999999999,2.85,-0.1));
#8554=CARTESIAN_POINT('',(1.12499999999999,2.95,0.));
#8555=CARTESIAN_POINT('Origin',(0.874999999999995,3.3,-0.05));
#8556=CARTESIAN_POINT('',(1.15,3.25,0.));
#8557=CARTESIAN_POINT('',(0.874999999999995,3.25,0.));
#8558=CARTESIAN_POINT('',(1.15,3.25,0.));
#8559=CARTESIAN_POINT('',(0.874999999999995,3.35,-0.1));
#8560=CARTESIAN_POINT('Origin',(1.19999999999999,3.225,-0.05));
#8561=CARTESIAN_POINT('',(1.15,3.225,0.));
#8562=CARTESIAN_POINT('Origin',(1.24999999999999,2.85,0.));
#8563=CARTESIAN_POINT('',(0.749999999999994,2.85,-5.75));
#8564=CARTESIAN_POINT('',(0.749999999999994,2.85,0.));
#8565=CARTESIAN_POINT('',(1.24999999999999,2.85,-5.75));
#8566=CARTESIAN_POINT('Origin',(0.749999999999994,2.85,0.));
#8567=CARTESIAN_POINT('',(0.749999999999994,2.6,-6.));
#8568=CARTESIAN_POINT('',(0.749999999999994,2.6,-6.));
#8569=CARTESIAN_POINT('Origin',(0.749999999999994,2.6,-5.75));
#8570=CARTESIAN_POINT('',(0.749999999999994,3.35,-5.75));
#8571=CARTESIAN_POINT('',(0.749999999999994,3.35,0.));
#8572=CARTESIAN_POINT('Origin',(0.749999999999994,2.6,-5.75));
#8573=CARTESIAN_POINT('Origin',(0.999999999999994,3.1,0.));
#8574=CARTESIAN_POINT('Origin',(1.24999999999999,2.6,-6.));
#8575=CARTESIAN_POINT('',(1.24999999999999,2.6,-6.));
#8576=CARTESIAN_POINT('Origin',(0.999999999999994,2.6,-5.75));
#8577=CARTESIAN_POINT('Origin',(0.999999999999994,2.6,-5.75));
#8578=CARTESIAN_POINT('',(0.749999999999994,3.35,-5.75));
#8579=CARTESIAN_POINT('Origin',(0.749999999999994,3.35,0.));
#8580=CARTESIAN_POINT('Origin',(2.875,-3.35,-6.45));
#8581=CARTESIAN_POINT('',(3.15,-3.4,-6.4));
#8582=CARTESIAN_POINT('',(2.85,-3.4,-6.4));
#8583=CARTESIAN_POINT('',(2.875,-3.4,-6.4));
#8584=CARTESIAN_POINT('',(2.75,-3.3,-6.5));
#8585=CARTESIAN_POINT('',(2.85,-3.4,-6.4));
#8586=CARTESIAN_POINT('',(3.25,-3.3,-6.5));
#8587=CARTESIAN_POINT('',(2.875,-3.3,-6.5));
#8588=CARTESIAN_POINT('',(3.15,-3.4,-6.4));
#8589=CARTESIAN_POINT('Origin',(2.8,-3.35,-3.125));
#8590=CARTESIAN_POINT('',(2.85,-3.4,-6.1));
#8591=CARTESIAN_POINT('',(2.85,-3.4,-3.125));
#8592=CARTESIAN_POINT('',(2.75,-3.3,-6.));
#8593=CARTESIAN_POINT('',(2.85,-3.4,-6.1));
#8594=CARTESIAN_POINT('',(2.75,-3.3,-3.125));
#8595=CARTESIAN_POINT('Origin',(3.125,-3.35,-6.05));
#8596=CARTESIAN_POINT('',(3.15,-3.4,-6.1));
#8597=CARTESIAN_POINT('',(3.125,-3.4,-6.1));
#8598=CARTESIAN_POINT('',(3.25,-3.3,-6.));
#8599=CARTESIAN_POINT('',(3.15,-3.4,-6.1));
#8600=CARTESIAN_POINT('',(3.125,-3.3,-6.));
#8601=CARTESIAN_POINT('Origin',(3.2,-3.35,-3.125));
#8602=CARTESIAN_POINT('',(3.25,-3.3,-3.125));
#8603=CARTESIAN_POINT('',(3.15,-3.4,-3.125));
#8604=CARTESIAN_POINT('Origin',(3.25,3.35,0.));
#8605=CARTESIAN_POINT('',(3.25,2.6,-6.5));
#8606=CARTESIAN_POINT('',(3.25,2.6,-6.5));
#8607=CARTESIAN_POINT('',(3.25,3.35,-5.75));
#8608=CARTESIAN_POINT('Origin',(3.25,2.6,-5.75));
#8609=CARTESIAN_POINT('',(3.25,3.35,-0.1));
#8610=CARTESIAN_POINT('',(3.25,3.35,0.));
#8611=CARTESIAN_POINT('',(3.25,2.85,-0.1));
#8612=CARTESIAN_POINT('',(3.25,3.225,-0.1));
#8613=CARTESIAN_POINT('',(3.25,2.85,-5.75));
#8614=CARTESIAN_POINT('',(3.25,2.85,0.));
#8615=CARTESIAN_POINT('',(3.25,2.6,-6.));
#8616=CARTESIAN_POINT('Origin',(3.25,2.6,-5.75));
#8617=CARTESIAN_POINT('',(3.25,2.6,-6.));
#8618=CARTESIAN_POINT('Origin',(2.75,2.6,-6.5));
#8619=CARTESIAN_POINT('',(2.75,2.6,-6.5));
#8620=CARTESIAN_POINT('',(2.75,2.6,-6.5));
#8621=CARTESIAN_POINT('',(2.75,2.6,-6.5));
#8622=CARTESIAN_POINT('Origin',(3.,-3.4,-6.25));
#8623=CARTESIAN_POINT('Origin',(2.8,2.975,-0.05));
#8624=CARTESIAN_POINT('',(2.75,3.35,-0.1));
#8625=CARTESIAN_POINT('',(2.75,2.85,-0.1));
#8626=CARTESIAN_POINT('',(2.75,2.975,-0.1));
#8627=CARTESIAN_POINT('',(2.84999999999999,2.95,0.));
#8628=CARTESIAN_POINT('',(2.75,2.85,-0.1));
#8629=CARTESIAN_POINT('',(2.84999999999999,3.25,0.));
#8630=CARTESIAN_POINT('',(2.84999999999999,2.975,0.));
#8631=CARTESIAN_POINT('',(2.75,3.35,-0.1));
#8632=CARTESIAN_POINT('Origin',(3.125,2.9,-0.05));
#8633=CARTESIAN_POINT('',(3.125,2.85,-0.1));
#8634=CARTESIAN_POINT('',(3.15,2.95,0.));
#8635=CARTESIAN_POINT('',(3.25,2.85,-0.1));
#8636=CARTESIAN_POINT('',(3.125,2.95,0.));
#8637=CARTESIAN_POINT('Origin',(2.875,3.3,-0.05));
#8638=CARTESIAN_POINT('',(3.15,3.25,0.));
#8639=CARTESIAN_POINT('',(2.875,3.25,0.));
#8640=CARTESIAN_POINT('',(3.15,3.25,0.));
#8641=CARTESIAN_POINT('',(2.875,3.35,-0.1));
#8642=CARTESIAN_POINT('Origin',(3.2,3.225,-0.05));
#8643=CARTESIAN_POINT('',(3.15,3.225,0.));
#8644=CARTESIAN_POINT('Origin',(3.25,2.85,0.));
#8645=CARTESIAN_POINT('',(2.75,2.85,-5.75));
#8646=CARTESIAN_POINT('',(2.75,2.85,0.));
#8647=CARTESIAN_POINT('',(3.25,2.85,-5.75));
#8648=CARTESIAN_POINT('Origin',(2.75,2.85,0.));
#8649=CARTESIAN_POINT('',(2.75,2.6,-6.));
#8650=CARTESIAN_POINT('',(2.75,2.6,-6.));
#8651=CARTESIAN_POINT('Origin',(2.75,2.6,-5.75));
#8652=CARTESIAN_POINT('',(2.75,3.35,-5.75));
#8653=CARTESIAN_POINT('',(2.75,3.35,0.));
#8654=CARTESIAN_POINT('Origin',(2.75,2.6,-5.75));
#8655=CARTESIAN_POINT('Origin',(3.,3.1,0.));
#8656=CARTESIAN_POINT('Origin',(3.25,2.6,-6.));
#8657=CARTESIAN_POINT('',(3.25,2.6,-6.));
#8658=CARTESIAN_POINT('Origin',(3.,2.6,-5.75));
#8659=CARTESIAN_POINT('Origin',(3.,2.6,-5.75));
#8660=CARTESIAN_POINT('',(2.75,3.35,-5.75));
#8661=CARTESIAN_POINT('Origin',(2.75,3.35,0.));
#8662=CARTESIAN_POINT('Origin',(4.875,-3.35,-6.45));
#8663=CARTESIAN_POINT('',(5.15,-3.4,-6.4));
#8664=CARTESIAN_POINT('',(4.85,-3.4,-6.4));
#8665=CARTESIAN_POINT('',(4.875,-3.4,-6.4));
#8666=CARTESIAN_POINT('',(4.75,-3.3,-6.5));
#8667=CARTESIAN_POINT('',(4.85,-3.4,-6.4));
#8668=CARTESIAN_POINT('',(5.25,-3.3,-6.5));
#8669=CARTESIAN_POINT('',(4.875,-3.3,-6.5));
#8670=CARTESIAN_POINT('',(5.15,-3.4,-6.4));
#8671=CARTESIAN_POINT('Origin',(4.8,-3.35,-3.125));
#8672=CARTESIAN_POINT('',(4.85,-3.4,-6.1));
#8673=CARTESIAN_POINT('',(4.85,-3.4,-3.125));
#8674=CARTESIAN_POINT('',(4.75,-3.3,-6.));
#8675=CARTESIAN_POINT('',(4.85,-3.4,-6.1));
#8676=CARTESIAN_POINT('',(4.75,-3.3,-3.125));
#8677=CARTESIAN_POINT('Origin',(5.12499999999999,-3.35,-6.05));
#8678=CARTESIAN_POINT('',(5.15,-3.4,-6.1));
#8679=CARTESIAN_POINT('',(5.12499999999999,-3.4,-6.1));
#8680=CARTESIAN_POINT('',(5.25,-3.3,-6.));
#8681=CARTESIAN_POINT('',(5.15,-3.4,-6.1));
#8682=CARTESIAN_POINT('',(5.12499999999999,-3.3,-6.));
#8683=CARTESIAN_POINT('Origin',(5.2,-3.35,-3.125));
#8684=CARTESIAN_POINT('',(5.25,-3.3,-3.125));
#8685=CARTESIAN_POINT('',(5.15,-3.4,-3.125));
#8686=CARTESIAN_POINT('Origin',(5.25,3.35,0.));
#8687=CARTESIAN_POINT('',(5.25,2.6,-6.5));
#8688=CARTESIAN_POINT('',(5.25,2.6,-6.5));
#8689=CARTESIAN_POINT('',(5.25,3.35,-5.75));
#8690=CARTESIAN_POINT('Origin',(5.25,2.6,-5.75));
#8691=CARTESIAN_POINT('',(5.25,3.35,-0.1));
#8692=CARTESIAN_POINT('',(5.25,3.35,0.));
#8693=CARTESIAN_POINT('',(5.25,2.85,-0.1));
#8694=CARTESIAN_POINT('',(5.25,3.225,-0.1));
#8695=CARTESIAN_POINT('',(5.25,2.85,-5.75));
#8696=CARTESIAN_POINT('',(5.25,2.85,0.));
#8697=CARTESIAN_POINT('',(5.25,2.6,-6.));
#8698=CARTESIAN_POINT('Origin',(5.25,2.6,-5.75));
#8699=CARTESIAN_POINT('',(5.25,2.6,-6.));
#8700=CARTESIAN_POINT('Origin',(4.75,2.6,-6.5));
#8701=CARTESIAN_POINT('',(4.75,2.6,-6.5));
#8702=CARTESIAN_POINT('',(4.75,2.6,-6.5));
#8703=CARTESIAN_POINT('',(4.75,2.6,-6.5));
#8704=CARTESIAN_POINT('Origin',(5.,-3.4,-6.25));
#8705=CARTESIAN_POINT('Origin',(4.8,2.975,-0.05));
#8706=CARTESIAN_POINT('',(4.75,3.35,-0.1));
#8707=CARTESIAN_POINT('',(4.75,2.85,-0.1));
#8708=CARTESIAN_POINT('',(4.75,2.975,-0.1));
#8709=CARTESIAN_POINT('',(4.84999999999999,2.95,0.));
#8710=CARTESIAN_POINT('',(4.75,2.85,-0.1));
#8711=CARTESIAN_POINT('',(4.84999999999999,3.25,0.));
#8712=CARTESIAN_POINT('',(4.84999999999999,2.975,0.));
#8713=CARTESIAN_POINT('',(4.75,3.35,-0.1));
#8714=CARTESIAN_POINT('Origin',(5.12499999999999,2.9,-0.05));
#8715=CARTESIAN_POINT('',(5.12499999999999,2.85,-0.1));
#8716=CARTESIAN_POINT('',(5.15,2.95,0.));
#8717=CARTESIAN_POINT('',(5.25,2.85,-0.1));
#8718=CARTESIAN_POINT('',(5.12499999999999,2.95,0.));
#8719=CARTESIAN_POINT('Origin',(4.875,3.3,-0.05));
#8720=CARTESIAN_POINT('',(5.15,3.25,0.));
#8721=CARTESIAN_POINT('',(4.875,3.25,0.));
#8722=CARTESIAN_POINT('',(5.15,3.25,0.));
#8723=CARTESIAN_POINT('',(4.875,3.35,-0.1));
#8724=CARTESIAN_POINT('Origin',(5.2,3.225,-0.05));
#8725=CARTESIAN_POINT('',(5.15,3.225,0.));
#8726=CARTESIAN_POINT('Origin',(5.25,2.85,0.));
#8727=CARTESIAN_POINT('',(4.75,2.85,-5.75));
#8728=CARTESIAN_POINT('',(4.75,2.85,0.));
#8729=CARTESIAN_POINT('',(5.25,2.85,-5.75));
#8730=CARTESIAN_POINT('Origin',(4.75,2.85,0.));
#8731=CARTESIAN_POINT('',(4.75,2.6,-6.));
#8732=CARTESIAN_POINT('',(4.75,2.6,-6.));
#8733=CARTESIAN_POINT('Origin',(4.75,2.6,-5.75));
#8734=CARTESIAN_POINT('',(4.75,3.35,-5.75));
#8735=CARTESIAN_POINT('',(4.75,3.35,0.));
#8736=CARTESIAN_POINT('Origin',(4.75,2.6,-5.75));
#8737=CARTESIAN_POINT('Origin',(5.,3.1,0.));
#8738=CARTESIAN_POINT('Origin',(5.25,2.6,-6.));
#8739=CARTESIAN_POINT('',(5.25,2.6,-6.));
#8740=CARTESIAN_POINT('Origin',(5.,2.6,-5.75));
#8741=CARTESIAN_POINT('Origin',(5.,2.6,-5.75));
#8742=CARTESIAN_POINT('',(4.75,3.35,-5.75));
#8743=CARTESIAN_POINT('Origin',(4.75,3.35,0.));
#8744=CARTESIAN_POINT('Origin',(6.875,-3.35,-6.45));
#8745=CARTESIAN_POINT('',(7.15,-3.4,-6.4));
#8746=CARTESIAN_POINT('',(6.85,-3.4,-6.4));
#8747=CARTESIAN_POINT('',(6.875,-3.4,-6.4));
#8748=CARTESIAN_POINT('',(6.74999999999999,-3.3,-6.5));
#8749=CARTESIAN_POINT('',(6.85,-3.4,-6.4));
#8750=CARTESIAN_POINT('',(7.25,-3.3,-6.5));
#8751=CARTESIAN_POINT('',(6.875,-3.3,-6.5));
#8752=CARTESIAN_POINT('',(7.15,-3.4,-6.4));
#8753=CARTESIAN_POINT('Origin',(6.8,-3.35,-3.125));
#8754=CARTESIAN_POINT('',(6.85,-3.4,-6.1));
#8755=CARTESIAN_POINT('',(6.85,-3.4,-3.125));
#8756=CARTESIAN_POINT('',(6.74999999999999,-3.3,-6.));
#8757=CARTESIAN_POINT('',(6.85,-3.4,-6.1));
#8758=CARTESIAN_POINT('',(6.74999999999999,-3.3,-3.125));
#8759=CARTESIAN_POINT('Origin',(7.12499999999999,-3.35,-6.05));
#8760=CARTESIAN_POINT('',(7.15,-3.4,-6.1));
#8761=CARTESIAN_POINT('',(7.12499999999999,-3.4,-6.1));
#8762=CARTESIAN_POINT('',(7.25,-3.3,-6.));
#8763=CARTESIAN_POINT('',(7.15,-3.4,-6.1));
#8764=CARTESIAN_POINT('',(7.12499999999999,-3.3,-6.));
#8765=CARTESIAN_POINT('Origin',(7.2,-3.35,-3.125));
#8766=CARTESIAN_POINT('',(7.25,-3.3,-3.125));
#8767=CARTESIAN_POINT('',(7.15,-3.4,-3.125));
#8768=CARTESIAN_POINT('Origin',(7.25,3.35,0.));
#8769=CARTESIAN_POINT('',(7.25,2.6,-6.5));
#8770=CARTESIAN_POINT('',(7.25,2.6,-6.5));
#8771=CARTESIAN_POINT('',(7.25,3.35,-5.75));
#8772=CARTESIAN_POINT('Origin',(7.25,2.6,-5.75));
#8773=CARTESIAN_POINT('',(7.25,3.35,-0.1));
#8774=CARTESIAN_POINT('',(7.25,3.35,0.));
#8775=CARTESIAN_POINT('',(7.25,2.85,-0.1));
#8776=CARTESIAN_POINT('',(7.25,3.225,-0.1));
#8777=CARTESIAN_POINT('',(7.25,2.85,-5.75));
#8778=CARTESIAN_POINT('',(7.25,2.85,0.));
#8779=CARTESIAN_POINT('',(7.25,2.6,-6.));
#8780=CARTESIAN_POINT('Origin',(7.25,2.6,-5.75));
#8781=CARTESIAN_POINT('',(7.25,2.6,-6.));
#8782=CARTESIAN_POINT('Origin',(6.74999999999999,2.6,-6.5));
#8783=CARTESIAN_POINT('',(6.74999999999999,2.6,-6.5));
#8784=CARTESIAN_POINT('',(6.74999999999999,2.6,-6.5));
#8785=CARTESIAN_POINT('',(6.74999999999999,2.6,-6.5));
#8786=CARTESIAN_POINT('Origin',(6.99999999999999,-3.4,-6.25));
#8787=CARTESIAN_POINT('Origin',(6.8,2.975,-0.05));
#8788=CARTESIAN_POINT('',(6.74999999999999,3.35,-0.1));
#8789=CARTESIAN_POINT('',(6.74999999999999,2.85,-0.1));
#8790=CARTESIAN_POINT('',(6.74999999999999,2.975,-0.1));
#8791=CARTESIAN_POINT('',(6.84999999999999,2.95,0.));
#8792=CARTESIAN_POINT('',(6.74999999999999,2.85,-0.1));
#8793=CARTESIAN_POINT('',(6.84999999999999,3.25,0.));
#8794=CARTESIAN_POINT('',(6.84999999999999,2.975,0.));
#8795=CARTESIAN_POINT('',(6.74999999999999,3.35,-0.1));
#8796=CARTESIAN_POINT('Origin',(7.12499999999999,2.9,-0.05));
#8797=CARTESIAN_POINT('',(7.12499999999999,2.85,-0.1));
#8798=CARTESIAN_POINT('',(7.15,2.95,0.));
#8799=CARTESIAN_POINT('',(7.25,2.85,-0.1));
#8800=CARTESIAN_POINT('',(7.12499999999999,2.95,0.));
#8801=CARTESIAN_POINT('Origin',(6.875,3.3,-0.05));
#8802=CARTESIAN_POINT('',(7.15,3.25,0.));
#8803=CARTESIAN_POINT('',(6.875,3.25,0.));
#8804=CARTESIAN_POINT('',(7.15,3.25,0.));
#8805=CARTESIAN_POINT('',(6.875,3.35,-0.1));
#8806=CARTESIAN_POINT('Origin',(7.2,3.225,-0.05));
#8807=CARTESIAN_POINT('',(7.15,3.225,0.));
#8808=CARTESIAN_POINT('Origin',(7.25,2.85,0.));
#8809=CARTESIAN_POINT('',(6.74999999999999,2.85,-5.75));
#8810=CARTESIAN_POINT('',(6.74999999999999,2.85,0.));
#8811=CARTESIAN_POINT('',(7.25,2.85,-5.75));
#8812=CARTESIAN_POINT('Origin',(6.74999999999999,2.85,0.));
#8813=CARTESIAN_POINT('',(6.74999999999999,2.6,-6.));
#8814=CARTESIAN_POINT('',(6.74999999999999,2.6,-6.));
#8815=CARTESIAN_POINT('Origin',(6.74999999999999,2.6,-5.75));
#8816=CARTESIAN_POINT('',(6.74999999999999,3.35,-5.75));
#8817=CARTESIAN_POINT('',(6.74999999999999,3.35,0.));
#8818=CARTESIAN_POINT('Origin',(6.74999999999999,2.6,-5.75));
#8819=CARTESIAN_POINT('Origin',(6.99999999999999,3.1,0.));
#8820=CARTESIAN_POINT('Origin',(7.25,2.6,-6.));
#8821=CARTESIAN_POINT('',(7.25,2.6,-6.));
#8822=CARTESIAN_POINT('Origin',(6.99999999999999,2.6,-5.75));
#8823=CARTESIAN_POINT('Origin',(6.99999999999999,2.6,-5.75));
#8824=CARTESIAN_POINT('',(6.74999999999999,3.35,-5.75));
#8825=CARTESIAN_POINT('Origin',(6.74999999999999,3.35,0.));
#8826=CARTESIAN_POINT('Origin',(8.87499999999999,-3.35,-6.45));
#8827=CARTESIAN_POINT('',(9.15,-3.4,-6.4));
#8828=CARTESIAN_POINT('',(8.84999999999999,-3.4,-6.4));
#8829=CARTESIAN_POINT('',(8.87499999999999,-3.4,-6.4));
#8830=CARTESIAN_POINT('',(8.74999999999999,-3.3,-6.5));
#8831=CARTESIAN_POINT('',(8.84999999999999,-3.4,-6.4));
#8832=CARTESIAN_POINT('',(9.24999999999999,-3.3,-6.5));
#8833=CARTESIAN_POINT('',(8.87499999999999,-3.3,-6.5));
#8834=CARTESIAN_POINT('',(9.15,-3.4,-6.4));
#8835=CARTESIAN_POINT('Origin',(8.79999999999999,-3.35,-3.125));
#8836=CARTESIAN_POINT('',(8.84999999999999,-3.4,-6.1));
#8837=CARTESIAN_POINT('',(8.84999999999999,-3.4,-3.125));
#8838=CARTESIAN_POINT('',(8.74999999999999,-3.3,-6.));
#8839=CARTESIAN_POINT('',(8.84999999999999,-3.4,-6.1));
#8840=CARTESIAN_POINT('',(8.74999999999999,-3.3,-3.125));
#8841=CARTESIAN_POINT('Origin',(9.12499999999999,-3.35,-6.05));
#8842=CARTESIAN_POINT('',(9.15,-3.4,-6.1));
#8843=CARTESIAN_POINT('',(9.12499999999999,-3.4,-6.1));
#8844=CARTESIAN_POINT('',(9.24999999999999,-3.3,-6.));
#8845=CARTESIAN_POINT('',(9.15,-3.4,-6.1));
#8846=CARTESIAN_POINT('',(9.12499999999999,-3.3,-6.));
#8847=CARTESIAN_POINT('Origin',(9.2,-3.35,-3.125));
#8848=CARTESIAN_POINT('',(9.24999999999999,-3.3,-3.125));
#8849=CARTESIAN_POINT('',(9.15,-3.4,-3.125));
#8850=CARTESIAN_POINT('Origin',(9.24999999999999,3.35,0.));
#8851=CARTESIAN_POINT('',(9.24999999999999,2.6,-6.5));
#8852=CARTESIAN_POINT('',(9.24999999999999,2.6,-6.5));
#8853=CARTESIAN_POINT('',(9.24999999999999,3.35,-5.75));
#8854=CARTESIAN_POINT('Origin',(9.24999999999999,2.6,-5.75));
#8855=CARTESIAN_POINT('',(9.24999999999999,3.35,-0.1));
#8856=CARTESIAN_POINT('',(9.24999999999999,3.35,0.));
#8857=CARTESIAN_POINT('',(9.24999999999999,2.85,-0.1));
#8858=CARTESIAN_POINT('',(9.24999999999999,3.225,-0.1));
#8859=CARTESIAN_POINT('',(9.24999999999999,2.85,-5.75));
#8860=CARTESIAN_POINT('',(9.24999999999999,2.85,0.));
#8861=CARTESIAN_POINT('',(9.24999999999999,2.6,-6.));
#8862=CARTESIAN_POINT('Origin',(9.24999999999999,2.6,-5.75));
#8863=CARTESIAN_POINT('',(9.24999999999999,2.6,-6.));
#8864=CARTESIAN_POINT('Origin',(8.74999999999999,2.6,-6.5));
#8865=CARTESIAN_POINT('',(8.74999999999999,2.6,-6.5));
#8866=CARTESIAN_POINT('',(8.74999999999999,2.6,-6.5));
#8867=CARTESIAN_POINT('',(8.74999999999999,2.6,-6.5));
#8868=CARTESIAN_POINT('Origin',(8.99999999999999,-3.4,-6.25));
#8869=CARTESIAN_POINT('Origin',(8.79999999999999,2.975,-0.05));
#8870=CARTESIAN_POINT('',(8.74999999999999,3.35,-0.1));
#8871=CARTESIAN_POINT('',(8.74999999999999,2.85,-0.1));
#8872=CARTESIAN_POINT('',(8.74999999999999,2.975,-0.1));
#8873=CARTESIAN_POINT('',(8.84999999999999,2.95,0.));
#8874=CARTESIAN_POINT('',(8.74999999999999,2.85,-0.1));
#8875=CARTESIAN_POINT('',(8.84999999999999,3.25,0.));
#8876=CARTESIAN_POINT('',(8.84999999999999,2.975,0.));
#8877=CARTESIAN_POINT('',(8.74999999999999,3.35,-0.1));
#8878=CARTESIAN_POINT('Origin',(9.12499999999999,2.9,-0.05));
#8879=CARTESIAN_POINT('',(9.12499999999999,2.85,-0.1));
#8880=CARTESIAN_POINT('',(9.15,2.95,0.));
#8881=CARTESIAN_POINT('',(9.24999999999999,2.85,-0.1));
#8882=CARTESIAN_POINT('',(9.12499999999999,2.95,0.));
#8883=CARTESIAN_POINT('Origin',(8.87499999999999,3.3,-0.05));
#8884=CARTESIAN_POINT('',(9.15,3.25,0.));
#8885=CARTESIAN_POINT('',(8.87499999999999,3.25,0.));
#8886=CARTESIAN_POINT('',(9.15,3.25,0.));
#8887=CARTESIAN_POINT('',(8.87499999999999,3.35,-0.1));
#8888=CARTESIAN_POINT('Origin',(9.2,3.225,-0.05));
#8889=CARTESIAN_POINT('',(9.15,3.225,0.));
#8890=CARTESIAN_POINT('Origin',(9.24999999999999,2.85,0.));
#8891=CARTESIAN_POINT('',(8.74999999999999,2.85,-5.75));
#8892=CARTESIAN_POINT('',(8.74999999999999,2.85,0.));
#8893=CARTESIAN_POINT('',(9.24999999999999,2.85,-5.75));
#8894=CARTESIAN_POINT('Origin',(8.74999999999999,2.85,0.));
#8895=CARTESIAN_POINT('',(8.74999999999999,2.6,-6.));
#8896=CARTESIAN_POINT('',(8.74999999999999,2.6,-6.));
#8897=CARTESIAN_POINT('Origin',(8.74999999999999,2.6,-5.75));
#8898=CARTESIAN_POINT('',(8.74999999999999,3.35,-5.75));
#8899=CARTESIAN_POINT('',(8.74999999999999,3.35,0.));
#8900=CARTESIAN_POINT('Origin',(8.74999999999999,2.6,-5.75));
#8901=CARTESIAN_POINT('Origin',(8.99999999999999,3.1,0.));
#8902=CARTESIAN_POINT('Origin',(9.24999999999999,2.6,-6.));
#8903=CARTESIAN_POINT('',(9.24999999999999,2.6,-6.));
#8904=CARTESIAN_POINT('Origin',(8.99999999999999,2.6,-5.75));
#8905=CARTESIAN_POINT('Origin',(8.99999999999999,2.6,-5.75));
#8906=CARTESIAN_POINT('',(8.74999999999999,3.35,-5.75));
#8907=CARTESIAN_POINT('Origin',(8.74999999999999,3.35,0.));
#8908=UNCERTAINTY_MEASURE_WITH_UNIT(LENGTH_MEASURE(0.01),#8914,
'DISTANCE_ACCURACY_VALUE',
'Maximum model space distance between geometric entities at asserted c
onnectivities');
#8909=UNCERTAINTY_MEASURE_WITH_UNIT(LENGTH_MEASURE(0.01),#8914,
'DISTANCE_ACCURACY_VALUE',
'Maximum model space distance between geometric entities at asserted c
onnectivities');
#8910=(
GEOMETRIC_REPRESENTATION_CONTEXT(3)
GLOBAL_UNCERTAINTY_ASSIGNED_CONTEXT((#8908))
GLOBAL_UNIT_ASSIGNED_CONTEXT((#8914,#8913,#8912))
REPRESENTATION_CONTEXT('','3D')
);
#8911=(
GEOMETRIC_REPRESENTATION_CONTEXT(3)
GLOBAL_UNCERTAINTY_ASSIGNED_CONTEXT((#8909))
GLOBAL_UNIT_ASSIGNED_CONTEXT((#8914,#8913,#8912))
REPRESENTATION_CONTEXT('','3D')
);
#8912=(
NAMED_UNIT(*)
SI_UNIT($,.STERADIAN.)
SOLID_ANGLE_UNIT()
);
#8913=(
NAMED_UNIT(*)
PLANE_ANGLE_UNIT()
SI_UNIT($,.RADIAN.)
);
#8914=(
LENGTH_UNIT()
NAMED_UNIT(*)
SI_UNIT(.MILLI.,.METRE.)
);
#8915=SHAPE_DEFINITION_REPRESENTATION(#8916,#8917);
#8916=PRODUCT_DEFINITION_SHAPE('',$,#8919);
#8917=SHAPE_REPRESENTATION('',(#5590),#8910);
#8918=PRODUCT_DEFINITION_CONTEXT('part definition',#8923,'design');
#8919=PRODUCT_DEFINITION('S3B-PH-KL v4','S3B-PH-KL v4',#8920,#8918);
#8920=PRODUCT_DEFINITION_FORMATION('',$,#8925);
#8921=PRODUCT_RELATED_PRODUCT_CATEGORY('S3B-PH-KL v4','S3B-PH-KL v4',(#8925));
#8922=APPLICATION_PROTOCOL_DEFINITION('international standard',
'automotive_design',2009,#8923);
#8923=APPLICATION_CONTEXT(
'Core Data for Automotive Mechanical Design Process');
#8924=PRODUCT_CONTEXT('part definition',#8923,'mechanical');
#8925=PRODUCT('S3B-PH-KL v4','S3B-PH-KL v4',$,(#8924));
#8926=PRESENTATION_STYLE_ASSIGNMENT((#8929));
#8927=PRESENTATION_STYLE_ASSIGNMENT((#8930));
#8928=PRESENTATION_STYLE_ASSIGNMENT((#8931));
#8929=SURFACE_STYLE_USAGE(.BOTH.,#8932);
#8930=SURFACE_STYLE_USAGE(.BOTH.,#8933);
#8931=SURFACE_STYLE_USAGE(.BOTH.,#8934);
#8932=SURFACE_SIDE_STYLE('',(#8935));
#8933=SURFACE_SIDE_STYLE('',(#8936));
#8934=SURFACE_SIDE_STYLE('',(#8937));
#8935=SURFACE_STYLE_FILL_AREA(#8938);
#8936=SURFACE_STYLE_FILL_AREA(#8939);
#8937=SURFACE_STYLE_FILL_AREA(#8940);
#8938=FILL_AREA_STYLE('ABS (White)',(#8941));
#8939=FILL_AREA_STYLE('Nylon 6-6 (White)',(#8942));
#8940=FILL_AREA_STYLE('Brass - Polished',(#8943));
#8941=FILL_AREA_STYLE_COLOUR('ABS (White)',#8944);
#8942=FILL_AREA_STYLE_COLOUR('Nylon 6-6 (White)',#8945);
#8943=FILL_AREA_STYLE_COLOUR('Brass - Polished',#8946);
#8944=COLOUR_RGB('ABS (White)',0.964705882352941,0.964705882352941,0.952941176470588);
#8945=COLOUR_RGB('Nylon 6-6 (White)',0.972549019607843,0.968627450980392,
0.929411764705882);
#8946=COLOUR_RGB('Brass - Polished',0.952941176470588,0.796078431372549,
0.486274509803922);
ENDSEC;
END-ISO-10303-21;
