ISO-10303-21;
HEADER;
/* Generated by software containing ST-Developer
 * from STEP Tools, Inc. (www.steptools.com) 
 */

FILE_DESCRIPTION(
/* description */ (''),
/* implementation_level */ '2;1');

FILE_NAME(
/* name */ '/Users/kubota/GitHub/con-jst/PH/TH-SIDE/S11B-PH-KL.stp',
/* time_stamp */ '2017-04-07T20:51:25+09:00',
/* author */ (''),
/* organization */ (''),
/* preprocessor_version */ 'ST-DEVELOPER v16.5',
/* originating_system */ 'Autodesk Translation Framework v5.2.0.2920',
/* authorisation */ '');

FILE_SCHEMA (('AUTOMOTIVE_DESIGN { 1 0 10303 214 3 1 1 }'));
ENDSEC;

DATA;
#10=MECHANICAL_DESIGN_GEOMETRIC_PRESENTATION_REPRESENTATION('',(#83,#86,
#90,#80,#87,#79,#81,#82,#84,#85,#88,#89),#9658);
#11=SHAPE_REPRESENTATION_RELATIONSHIP('SRR','None',#9664,#12);
#12=ADVANCED_BREP_SHAPE_REPRESENTATION('',(#91,#92,#93,#94,#95,#96,#97,
#98,#99,#100,#101,#102),#9657);
#13=CYLINDRICAL_SURFACE('',#6207,0.25);
#14=CYLINDRICAL_SURFACE('',#6208,0.750000000000001);
#15=CYLINDRICAL_SURFACE('',#6229,0.25);
#16=CYLINDRICAL_SURFACE('',#6230,0.750000000000001);
#17=CYLINDRICAL_SURFACE('',#6251,0.25);
#18=CYLINDRICAL_SURFACE('',#6252,0.750000000000001);
#19=CYLINDRICAL_SURFACE('',#6273,0.25);
#20=CYLINDRICAL_SURFACE('',#6274,0.750000000000001);
#21=CYLINDRICAL_SURFACE('',#6295,0.25);
#22=CYLINDRICAL_SURFACE('',#6296,0.750000000000001);
#23=CYLINDRICAL_SURFACE('',#6317,0.25);
#24=CYLINDRICAL_SURFACE('',#6318,0.750000000000001);
#25=CYLINDRICAL_SURFACE('',#6339,0.25);
#26=CYLINDRICAL_SURFACE('',#6340,0.750000000000001);
#27=CYLINDRICAL_SURFACE('',#6361,0.25);
#28=CYLINDRICAL_SURFACE('',#6362,0.750000000000001);
#29=CYLINDRICAL_SURFACE('',#6383,0.25);
#30=CYLINDRICAL_SURFACE('',#6384,0.750000000000001);
#31=CYLINDRICAL_SURFACE('',#6405,0.25);
#32=CYLINDRICAL_SURFACE('',#6406,0.750000000000001);
#33=CYLINDRICAL_SURFACE('',#6427,0.25);
#34=CYLINDRICAL_SURFACE('',#6428,0.750000000000001);
#35=CIRCLE('',#6193,0.749999999999999);
#36=CIRCLE('',#6194,0.249999999999999);
#37=CIRCLE('',#6203,0.249999999999999);
#38=CIRCLE('',#6204,0.750000000000001);
#39=CIRCLE('',#6215,0.749999999999999);
#40=CIRCLE('',#6216,0.249999999999999);
#41=CIRCLE('',#6225,0.249999999999999);
#42=CIRCLE('',#6226,0.750000000000001);
#43=CIRCLE('',#6237,0.749999999999999);
#44=CIRCLE('',#6238,0.249999999999999);
#45=CIRCLE('',#6247,0.249999999999999);
#46=CIRCLE('',#6248,0.750000000000001);
#47=CIRCLE('',#6259,0.749999999999999);
#48=CIRCLE('',#6260,0.249999999999999);
#49=CIRCLE('',#6269,0.249999999999999);
#50=CIRCLE('',#6270,0.750000000000001);
#51=CIRCLE('',#6281,0.749999999999999);
#52=CIRCLE('',#6282,0.249999999999999);
#53=CIRCLE('',#6291,0.249999999999999);
#54=CIRCLE('',#6292,0.750000000000001);
#55=CIRCLE('',#6303,0.749999999999999);
#56=CIRCLE('',#6304,0.249999999999999);
#57=CIRCLE('',#6313,0.249999999999999);
#58=CIRCLE('',#6314,0.750000000000001);
#59=CIRCLE('',#6325,0.749999999999999);
#60=CIRCLE('',#6326,0.249999999999999);
#61=CIRCLE('',#6335,0.249999999999999);
#62=CIRCLE('',#6336,0.750000000000001);
#63=CIRCLE('',#6347,0.749999999999999);
#64=CIRCLE('',#6348,0.249999999999999);
#65=CIRCLE('',#6357,0.249999999999999);
#66=CIRCLE('',#6358,0.750000000000001);
#67=CIRCLE('',#6369,0.749999999999999);
#68=CIRCLE('',#6370,0.249999999999999);
#69=CIRCLE('',#6379,0.249999999999999);
#70=CIRCLE('',#6380,0.750000000000001);
#71=CIRCLE('',#6391,0.749999999999999);
#72=CIRCLE('',#6392,0.249999999999999);
#73=CIRCLE('',#6401,0.249999999999999);
#74=CIRCLE('',#6402,0.750000000000001);
#75=CIRCLE('',#6413,0.749999999999999);
#76=CIRCLE('',#6414,0.249999999999999);
#77=CIRCLE('',#6423,0.249999999999999);
#78=CIRCLE('',#6424,0.750000000000001);
#79=STYLED_ITEM('',(#9674),#91);
#80=STYLED_ITEM('',(#9675),#92);
#81=STYLED_ITEM('',(#9675),#93);
#82=STYLED_ITEM('',(#9675),#94);
#83=STYLED_ITEM('',(#9675),#95);
#84=STYLED_ITEM('',(#9675),#96);
#85=STYLED_ITEM('',(#9675),#97);
#86=STYLED_ITEM('',(#9675),#98);
#87=STYLED_ITEM('',(#9675),#99);
#88=STYLED_ITEM('',(#9675),#100);
#89=STYLED_ITEM('',(#9675),#101);
#90=STYLED_ITEM('',(#9675),#102);
#91=MANIFOLD_SOLID_BREP('Body1',#6045);
#92=MANIFOLD_SOLID_BREP('Body2',#6046);
#93=MANIFOLD_SOLID_BREP('Body3',#6047);
#94=MANIFOLD_SOLID_BREP('Body25',#6048);
#95=MANIFOLD_SOLID_BREP('Body26',#6049);
#96=MANIFOLD_SOLID_BREP('Body27',#6050);
#97=MANIFOLD_SOLID_BREP('Body28',#6051);
#98=MANIFOLD_SOLID_BREP('Body29',#6052);
#99=MANIFOLD_SOLID_BREP('Body30',#6053);
#100=MANIFOLD_SOLID_BREP('Body31',#6054);
#101=MANIFOLD_SOLID_BREP('Body32',#6055);
#102=MANIFOLD_SOLID_BREP('Body33',#6056);
#103=FACE_BOUND('',#469,.T.);
#104=FACE_BOUND('',#483,.T.);
#105=FACE_BOUND('',#499,.T.);
#106=FACE_BOUND('',#508,.T.);
#107=FACE_BOUND('',#517,.T.);
#108=FACE_BOUND('',#526,.T.);
#109=FACE_BOUND('',#535,.T.);
#110=FACE_BOUND('',#544,.T.);
#111=FACE_BOUND('',#553,.T.);
#112=FACE_BOUND('',#562,.T.);
#113=FACE_BOUND('',#571,.T.);
#114=FACE_BOUND('',#587,.T.);
#115=FACE_BOUND('',#588,.T.);
#116=FACE_BOUND('',#589,.T.);
#117=FACE_BOUND('',#590,.T.);
#118=FACE_BOUND('',#591,.T.);
#119=FACE_BOUND('',#592,.T.);
#120=FACE_BOUND('',#593,.T.);
#121=FACE_BOUND('',#594,.T.);
#122=FACE_BOUND('',#595,.T.);
#123=FACE_BOUND('',#596,.T.);
#124=FACE_BOUND('',#597,.T.);
#125=FACE_OUTER_BOUND('',#453,.T.);
#126=FACE_OUTER_BOUND('',#454,.T.);
#127=FACE_OUTER_BOUND('',#455,.T.);
#128=FACE_OUTER_BOUND('',#456,.T.);
#129=FACE_OUTER_BOUND('',#457,.T.);
#130=FACE_OUTER_BOUND('',#458,.T.);
#131=FACE_OUTER_BOUND('',#459,.T.);
#132=FACE_OUTER_BOUND('',#460,.T.);
#133=FACE_OUTER_BOUND('',#461,.T.);
#134=FACE_OUTER_BOUND('',#462,.T.);
#135=FACE_OUTER_BOUND('',#463,.T.);
#136=FACE_OUTER_BOUND('',#464,.T.);
#137=FACE_OUTER_BOUND('',#465,.T.);
#138=FACE_OUTER_BOUND('',#466,.T.);
#139=FACE_OUTER_BOUND('',#467,.T.);
#140=FACE_OUTER_BOUND('',#468,.T.);
#141=FACE_OUTER_BOUND('',#470,.T.);
#142=FACE_OUTER_BOUND('',#471,.T.);
#143=FACE_OUTER_BOUND('',#472,.T.);
#144=FACE_OUTER_BOUND('',#473,.T.);
#145=FACE_OUTER_BOUND('',#474,.T.);
#146=FACE_OUTER_BOUND('',#475,.T.);
#147=FACE_OUTER_BOUND('',#476,.T.);
#148=FACE_OUTER_BOUND('',#477,.T.);
#149=FACE_OUTER_BOUND('',#478,.T.);
#150=FACE_OUTER_BOUND('',#479,.T.);
#151=FACE_OUTER_BOUND('',#480,.T.);
#152=FACE_OUTER_BOUND('',#481,.T.);
#153=FACE_OUTER_BOUND('',#482,.T.);
#154=FACE_OUTER_BOUND('',#484,.T.);
#155=FACE_OUTER_BOUND('',#485,.T.);
#156=FACE_OUTER_BOUND('',#486,.T.);
#157=FACE_OUTER_BOUND('',#487,.T.);
#158=FACE_OUTER_BOUND('',#488,.T.);
#159=FACE_OUTER_BOUND('',#489,.T.);
#160=FACE_OUTER_BOUND('',#490,.T.);
#161=FACE_OUTER_BOUND('',#491,.T.);
#162=FACE_OUTER_BOUND('',#492,.T.);
#163=FACE_OUTER_BOUND('',#493,.T.);
#164=FACE_OUTER_BOUND('',#494,.T.);
#165=FACE_OUTER_BOUND('',#495,.T.);
#166=FACE_OUTER_BOUND('',#496,.T.);
#167=FACE_OUTER_BOUND('',#497,.T.);
#168=FACE_OUTER_BOUND('',#498,.T.);
#169=FACE_OUTER_BOUND('',#500,.T.);
#170=FACE_OUTER_BOUND('',#501,.T.);
#171=FACE_OUTER_BOUND('',#502,.T.);
#172=FACE_OUTER_BOUND('',#503,.T.);
#173=FACE_OUTER_BOUND('',#504,.T.);
#174=FACE_OUTER_BOUND('',#505,.T.);
#175=FACE_OUTER_BOUND('',#506,.T.);
#176=FACE_OUTER_BOUND('',#507,.T.);
#177=FACE_OUTER_BOUND('',#509,.T.);
#178=FACE_OUTER_BOUND('',#510,.T.);
#179=FACE_OUTER_BOUND('',#511,.T.);
#180=FACE_OUTER_BOUND('',#512,.T.);
#181=FACE_OUTER_BOUND('',#513,.T.);
#182=FACE_OUTER_BOUND('',#514,.T.);
#183=FACE_OUTER_BOUND('',#515,.T.);
#184=FACE_OUTER_BOUND('',#516,.T.);
#185=FACE_OUTER_BOUND('',#518,.T.);
#186=FACE_OUTER_BOUND('',#519,.T.);
#187=FACE_OUTER_BOUND('',#520,.T.);
#188=FACE_OUTER_BOUND('',#521,.T.);
#189=FACE_OUTER_BOUND('',#522,.T.);
#190=FACE_OUTER_BOUND('',#523,.T.);
#191=FACE_OUTER_BOUND('',#524,.T.);
#192=FACE_OUTER_BOUND('',#525,.T.);
#193=FACE_OUTER_BOUND('',#527,.T.);
#194=FACE_OUTER_BOUND('',#528,.T.);
#195=FACE_OUTER_BOUND('',#529,.T.);
#196=FACE_OUTER_BOUND('',#530,.T.);
#197=FACE_OUTER_BOUND('',#531,.T.);
#198=FACE_OUTER_BOUND('',#532,.T.);
#199=FACE_OUTER_BOUND('',#533,.T.);
#200=FACE_OUTER_BOUND('',#534,.T.);
#201=FACE_OUTER_BOUND('',#536,.T.);
#202=FACE_OUTER_BOUND('',#537,.T.);
#203=FACE_OUTER_BOUND('',#538,.T.);
#204=FACE_OUTER_BOUND('',#539,.T.);
#205=FACE_OUTER_BOUND('',#540,.T.);
#206=FACE_OUTER_BOUND('',#541,.T.);
#207=FACE_OUTER_BOUND('',#542,.T.);
#208=FACE_OUTER_BOUND('',#543,.T.);
#209=FACE_OUTER_BOUND('',#545,.T.);
#210=FACE_OUTER_BOUND('',#546,.T.);
#211=FACE_OUTER_BOUND('',#547,.T.);
#212=FACE_OUTER_BOUND('',#548,.T.);
#213=FACE_OUTER_BOUND('',#549,.T.);
#214=FACE_OUTER_BOUND('',#550,.T.);
#215=FACE_OUTER_BOUND('',#551,.T.);
#216=FACE_OUTER_BOUND('',#552,.T.);
#217=FACE_OUTER_BOUND('',#554,.T.);
#218=FACE_OUTER_BOUND('',#555,.T.);
#219=FACE_OUTER_BOUND('',#556,.T.);
#220=FACE_OUTER_BOUND('',#557,.T.);
#221=FACE_OUTER_BOUND('',#558,.T.);
#222=FACE_OUTER_BOUND('',#559,.T.);
#223=FACE_OUTER_BOUND('',#560,.T.);
#224=FACE_OUTER_BOUND('',#561,.T.);
#225=FACE_OUTER_BOUND('',#563,.T.);
#226=FACE_OUTER_BOUND('',#564,.T.);
#227=FACE_OUTER_BOUND('',#565,.T.);
#228=FACE_OUTER_BOUND('',#566,.T.);
#229=FACE_OUTER_BOUND('',#567,.T.);
#230=FACE_OUTER_BOUND('',#568,.T.);
#231=FACE_OUTER_BOUND('',#569,.T.);
#232=FACE_OUTER_BOUND('',#570,.T.);
#233=FACE_OUTER_BOUND('',#572,.T.);
#234=FACE_OUTER_BOUND('',#573,.T.);
#235=FACE_OUTER_BOUND('',#574,.T.);
#236=FACE_OUTER_BOUND('',#575,.T.);
#237=FACE_OUTER_BOUND('',#576,.T.);
#238=FACE_OUTER_BOUND('',#577,.T.);
#239=FACE_OUTER_BOUND('',#578,.T.);
#240=FACE_OUTER_BOUND('',#579,.T.);
#241=FACE_OUTER_BOUND('',#580,.T.);
#242=FACE_OUTER_BOUND('',#581,.T.);
#243=FACE_OUTER_BOUND('',#582,.T.);
#244=FACE_OUTER_BOUND('',#583,.T.);
#245=FACE_OUTER_BOUND('',#584,.T.);
#246=FACE_OUTER_BOUND('',#585,.T.);
#247=FACE_OUTER_BOUND('',#586,.T.);
#248=FACE_OUTER_BOUND('',#598,.T.);
#249=FACE_OUTER_BOUND('',#599,.T.);
#250=FACE_OUTER_BOUND('',#600,.T.);
#251=FACE_OUTER_BOUND('',#601,.T.);
#252=FACE_OUTER_BOUND('',#602,.T.);
#253=FACE_OUTER_BOUND('',#603,.T.);
#254=FACE_OUTER_BOUND('',#604,.T.);
#255=FACE_OUTER_BOUND('',#605,.T.);
#256=FACE_OUTER_BOUND('',#606,.T.);
#257=FACE_OUTER_BOUND('',#607,.T.);
#258=FACE_OUTER_BOUND('',#608,.T.);
#259=FACE_OUTER_BOUND('',#609,.T.);
#260=FACE_OUTER_BOUND('',#610,.T.);
#261=FACE_OUTER_BOUND('',#611,.T.);
#262=FACE_OUTER_BOUND('',#612,.T.);
#263=FACE_OUTER_BOUND('',#613,.T.);
#264=FACE_OUTER_BOUND('',#614,.T.);
#265=FACE_OUTER_BOUND('',#615,.T.);
#266=FACE_OUTER_BOUND('',#616,.T.);
#267=FACE_OUTER_BOUND('',#617,.T.);
#268=FACE_OUTER_BOUND('',#618,.T.);
#269=FACE_OUTER_BOUND('',#619,.T.);
#270=FACE_OUTER_BOUND('',#620,.T.);
#271=FACE_OUTER_BOUND('',#621,.T.);
#272=FACE_OUTER_BOUND('',#622,.T.);
#273=FACE_OUTER_BOUND('',#623,.T.);
#274=FACE_OUTER_BOUND('',#624,.T.);
#275=FACE_OUTER_BOUND('',#625,.T.);
#276=FACE_OUTER_BOUND('',#626,.T.);
#277=FACE_OUTER_BOUND('',#627,.T.);
#278=FACE_OUTER_BOUND('',#628,.T.);
#279=FACE_OUTER_BOUND('',#629,.T.);
#280=FACE_OUTER_BOUND('',#630,.T.);
#281=FACE_OUTER_BOUND('',#631,.T.);
#282=FACE_OUTER_BOUND('',#632,.T.);
#283=FACE_OUTER_BOUND('',#633,.T.);
#284=FACE_OUTER_BOUND('',#634,.T.);
#285=FACE_OUTER_BOUND('',#635,.T.);
#286=FACE_OUTER_BOUND('',#636,.T.);
#287=FACE_OUTER_BOUND('',#637,.T.);
#288=FACE_OUTER_BOUND('',#638,.T.);
#289=FACE_OUTER_BOUND('',#639,.T.);
#290=FACE_OUTER_BOUND('',#640,.T.);
#291=FACE_OUTER_BOUND('',#641,.T.);
#292=FACE_OUTER_BOUND('',#642,.T.);
#293=FACE_OUTER_BOUND('',#643,.T.);
#294=FACE_OUTER_BOUND('',#644,.T.);
#295=FACE_OUTER_BOUND('',#645,.T.);
#296=FACE_OUTER_BOUND('',#646,.T.);
#297=FACE_OUTER_BOUND('',#647,.T.);
#298=FACE_OUTER_BOUND('',#648,.T.);
#299=FACE_OUTER_BOUND('',#649,.T.);
#300=FACE_OUTER_BOUND('',#650,.T.);
#301=FACE_OUTER_BOUND('',#651,.T.);
#302=FACE_OUTER_BOUND('',#652,.T.);
#303=FACE_OUTER_BOUND('',#653,.T.);
#304=FACE_OUTER_BOUND('',#654,.T.);
#305=FACE_OUTER_BOUND('',#655,.T.);
#306=FACE_OUTER_BOUND('',#656,.T.);
#307=FACE_OUTER_BOUND('',#657,.T.);
#308=FACE_OUTER_BOUND('',#658,.T.);
#309=FACE_OUTER_BOUND('',#659,.T.);
#310=FACE_OUTER_BOUND('',#660,.T.);
#311=FACE_OUTER_BOUND('',#661,.T.);
#312=FACE_OUTER_BOUND('',#662,.T.);
#313=FACE_OUTER_BOUND('',#663,.T.);
#314=FACE_OUTER_BOUND('',#664,.T.);
#315=FACE_OUTER_BOUND('',#665,.T.);
#316=FACE_OUTER_BOUND('',#666,.T.);
#317=FACE_OUTER_BOUND('',#667,.T.);
#318=FACE_OUTER_BOUND('',#668,.T.);
#319=FACE_OUTER_BOUND('',#669,.T.);
#320=FACE_OUTER_BOUND('',#670,.T.);
#321=FACE_OUTER_BOUND('',#671,.T.);
#322=FACE_OUTER_BOUND('',#672,.T.);
#323=FACE_OUTER_BOUND('',#673,.T.);
#324=FACE_OUTER_BOUND('',#674,.T.);
#325=FACE_OUTER_BOUND('',#675,.T.);
#326=FACE_OUTER_BOUND('',#676,.T.);
#327=FACE_OUTER_BOUND('',#677,.T.);
#328=FACE_OUTER_BOUND('',#678,.T.);
#329=FACE_OUTER_BOUND('',#679,.T.);
#330=FACE_OUTER_BOUND('',#680,.T.);
#331=FACE_OUTER_BOUND('',#681,.T.);
#332=FACE_OUTER_BOUND('',#682,.T.);
#333=FACE_OUTER_BOUND('',#683,.T.);
#334=FACE_OUTER_BOUND('',#684,.T.);
#335=FACE_OUTER_BOUND('',#685,.T.);
#336=FACE_OUTER_BOUND('',#686,.T.);
#337=FACE_OUTER_BOUND('',#687,.T.);
#338=FACE_OUTER_BOUND('',#688,.T.);
#339=FACE_OUTER_BOUND('',#689,.T.);
#340=FACE_OUTER_BOUND('',#690,.T.);
#341=FACE_OUTER_BOUND('',#691,.T.);
#342=FACE_OUTER_BOUND('',#692,.T.);
#343=FACE_OUTER_BOUND('',#693,.T.);
#344=FACE_OUTER_BOUND('',#694,.T.);
#345=FACE_OUTER_BOUND('',#695,.T.);
#346=FACE_OUTER_BOUND('',#696,.T.);
#347=FACE_OUTER_BOUND('',#697,.T.);
#348=FACE_OUTER_BOUND('',#698,.T.);
#349=FACE_OUTER_BOUND('',#699,.T.);
#350=FACE_OUTER_BOUND('',#700,.T.);
#351=FACE_OUTER_BOUND('',#701,.T.);
#352=FACE_OUTER_BOUND('',#702,.T.);
#353=FACE_OUTER_BOUND('',#703,.T.);
#354=FACE_OUTER_BOUND('',#704,.T.);
#355=FACE_OUTER_BOUND('',#705,.T.);
#356=FACE_OUTER_BOUND('',#706,.T.);
#357=FACE_OUTER_BOUND('',#707,.T.);
#358=FACE_OUTER_BOUND('',#708,.T.);
#359=FACE_OUTER_BOUND('',#709,.T.);
#360=FACE_OUTER_BOUND('',#710,.T.);
#361=FACE_OUTER_BOUND('',#711,.T.);
#362=FACE_OUTER_BOUND('',#712,.T.);
#363=FACE_OUTER_BOUND('',#713,.T.);
#364=FACE_OUTER_BOUND('',#714,.T.);
#365=FACE_OUTER_BOUND('',#715,.T.);
#366=FACE_OUTER_BOUND('',#716,.T.);
#367=FACE_OUTER_BOUND('',#717,.T.);
#368=FACE_OUTER_BOUND('',#718,.T.);
#369=FACE_OUTER_BOUND('',#719,.T.);
#370=FACE_OUTER_BOUND('',#720,.T.);
#371=FACE_OUTER_BOUND('',#721,.T.);
#372=FACE_OUTER_BOUND('',#722,.T.);
#373=FACE_OUTER_BOUND('',#723,.T.);
#374=FACE_OUTER_BOUND('',#724,.T.);
#375=FACE_OUTER_BOUND('',#725,.T.);
#376=FACE_OUTER_BOUND('',#726,.T.);
#377=FACE_OUTER_BOUND('',#727,.T.);
#378=FACE_OUTER_BOUND('',#728,.T.);
#379=FACE_OUTER_BOUND('',#729,.T.);
#380=FACE_OUTER_BOUND('',#730,.T.);
#381=FACE_OUTER_BOUND('',#731,.T.);
#382=FACE_OUTER_BOUND('',#732,.T.);
#383=FACE_OUTER_BOUND('',#733,.T.);
#384=FACE_OUTER_BOUND('',#734,.T.);
#385=FACE_OUTER_BOUND('',#735,.T.);
#386=FACE_OUTER_BOUND('',#736,.T.);
#387=FACE_OUTER_BOUND('',#737,.T.);
#388=FACE_OUTER_BOUND('',#738,.T.);
#389=FACE_OUTER_BOUND('',#739,.T.);
#390=FACE_OUTER_BOUND('',#740,.T.);
#391=FACE_OUTER_BOUND('',#741,.T.);
#392=FACE_OUTER_BOUND('',#742,.T.);
#393=FACE_OUTER_BOUND('',#743,.T.);
#394=FACE_OUTER_BOUND('',#744,.T.);
#395=FACE_OUTER_BOUND('',#745,.T.);
#396=FACE_OUTER_BOUND('',#746,.T.);
#397=FACE_OUTER_BOUND('',#747,.T.);
#398=FACE_OUTER_BOUND('',#748,.T.);
#399=FACE_OUTER_BOUND('',#749,.T.);
#400=FACE_OUTER_BOUND('',#750,.T.);
#401=FACE_OUTER_BOUND('',#751,.T.);
#402=FACE_OUTER_BOUND('',#752,.T.);
#403=FACE_OUTER_BOUND('',#753,.T.);
#404=FACE_OUTER_BOUND('',#754,.T.);
#405=FACE_OUTER_BOUND('',#755,.T.);
#406=FACE_OUTER_BOUND('',#756,.T.);
#407=FACE_OUTER_BOUND('',#757,.T.);
#408=FACE_OUTER_BOUND('',#758,.T.);
#409=FACE_OUTER_BOUND('',#759,.T.);
#410=FACE_OUTER_BOUND('',#760,.T.);
#411=FACE_OUTER_BOUND('',#761,.T.);
#412=FACE_OUTER_BOUND('',#762,.T.);
#413=FACE_OUTER_BOUND('',#763,.T.);
#414=FACE_OUTER_BOUND('',#764,.T.);
#415=FACE_OUTER_BOUND('',#765,.T.);
#416=FACE_OUTER_BOUND('',#766,.T.);
#417=FACE_OUTER_BOUND('',#767,.T.);
#418=FACE_OUTER_BOUND('',#768,.T.);
#419=FACE_OUTER_BOUND('',#769,.T.);
#420=FACE_OUTER_BOUND('',#770,.T.);
#421=FACE_OUTER_BOUND('',#771,.T.);
#422=FACE_OUTER_BOUND('',#772,.T.);
#423=FACE_OUTER_BOUND('',#773,.T.);
#424=FACE_OUTER_BOUND('',#774,.T.);
#425=FACE_OUTER_BOUND('',#775,.T.);
#426=FACE_OUTER_BOUND('',#776,.T.);
#427=FACE_OUTER_BOUND('',#777,.T.);
#428=FACE_OUTER_BOUND('',#778,.T.);
#429=FACE_OUTER_BOUND('',#779,.T.);
#430=FACE_OUTER_BOUND('',#780,.T.);
#431=FACE_OUTER_BOUND('',#781,.T.);
#432=FACE_OUTER_BOUND('',#782,.T.);
#433=FACE_OUTER_BOUND('',#783,.T.);
#434=FACE_OUTER_BOUND('',#784,.T.);
#435=FACE_OUTER_BOUND('',#785,.T.);
#436=FACE_OUTER_BOUND('',#786,.T.);
#437=FACE_OUTER_BOUND('',#787,.T.);
#438=FACE_OUTER_BOUND('',#788,.T.);
#439=FACE_OUTER_BOUND('',#789,.T.);
#440=FACE_OUTER_BOUND('',#790,.T.);
#441=FACE_OUTER_BOUND('',#791,.T.);
#442=FACE_OUTER_BOUND('',#792,.T.);
#443=FACE_OUTER_BOUND('',#793,.T.);
#444=FACE_OUTER_BOUND('',#794,.T.);
#445=FACE_OUTER_BOUND('',#795,.T.);
#446=FACE_OUTER_BOUND('',#796,.T.);
#447=FACE_OUTER_BOUND('',#797,.T.);
#448=FACE_OUTER_BOUND('',#798,.T.);
#449=FACE_OUTER_BOUND('',#799,.T.);
#450=FACE_OUTER_BOUND('',#800,.T.);
#451=FACE_OUTER_BOUND('',#801,.T.);
#452=FACE_OUTER_BOUND('',#802,.T.);
#453=EDGE_LOOP('',(#3743,#3744,#3745,#3746));
#454=EDGE_LOOP('',(#3747,#3748,#3749,#3750));
#455=EDGE_LOOP('',(#3751,#3752,#3753,#3754));
#456=EDGE_LOOP('',(#3755,#3756,#3757,#3758));
#457=EDGE_LOOP('',(#3759,#3760,#3761,#3762));
#458=EDGE_LOOP('',(#3763,#3764,#3765,#3766));
#459=EDGE_LOOP('',(#3767,#3768,#3769,#3770,#3771,#3772,#3773,#3774,#3775,
#3776));
#460=EDGE_LOOP('',(#3777,#3778,#3779,#3780,#3781,#3782));
#461=EDGE_LOOP('',(#3783,#3784,#3785,#3786,#3787,#3788));
#462=EDGE_LOOP('',(#3789,#3790,#3791,#3792,#3793,#3794,#3795,#3796,#3797,
#3798));
#463=EDGE_LOOP('',(#3799,#3800,#3801,#3802));
#464=EDGE_LOOP('',(#3803,#3804,#3805,#3806,#3807,#3808));
#465=EDGE_LOOP('',(#3809,#3810,#3811,#3812));
#466=EDGE_LOOP('',(#3813,#3814,#3815,#3816,#3817,#3818));
#467=EDGE_LOOP('',(#3819,#3820,#3821,#3822,#3823,#3824,#3825,#3826));
#468=EDGE_LOOP('',(#3827,#3828,#3829,#3830,#3831,#3832));
#469=EDGE_LOOP('',(#3833,#3834,#3835,#3836));
#470=EDGE_LOOP('',(#3837,#3838,#3839,#3840,#3841,#3842,#3843,#3844,#3845,
#3846,#3847,#3848,#3849,#3850,#3851,#3852,#3853,#3854,#3855,#3856,#3857,
#3858,#3859,#3860,#3861,#3862,#3863,#3864,#3865,#3866,#3867,#3868,#3869,
#3870,#3871,#3872,#3873,#3874,#3875,#3876,#3877,#3878,#3879,#3880,#3881,
#3882,#3883,#3884,#3885,#3886,#3887,#3888,#3889,#3890,#3891,#3892));
#471=EDGE_LOOP('',(#3893,#3894,#3895,#3896,#3897,#3898,#3899,#3900,#3901,
#3902));
#472=EDGE_LOOP('',(#3903,#3904,#3905,#3906));
#473=EDGE_LOOP('',(#3907,#3908,#3909,#3910));
#474=EDGE_LOOP('',(#3911,#3912,#3913,#3914));
#475=EDGE_LOOP('',(#3915,#3916,#3917,#3918,#3919));
#476=EDGE_LOOP('',(#3920,#3921,#3922,#3923));
#477=EDGE_LOOP('',(#3924,#3925,#3926,#3927));
#478=EDGE_LOOP('',(#3928,#3929,#3930,#3931,#3932,#3933));
#479=EDGE_LOOP('',(#3934,#3935,#3936,#3937,#3938,#3939));
#480=EDGE_LOOP('',(#3940,#3941,#3942,#3943));
#481=EDGE_LOOP('',(#3944,#3945,#3946,#3947,#3948,#3949,#3950,#3951));
#482=EDGE_LOOP('',(#3952,#3953,#3954,#3955,#3956,#3957));
#483=EDGE_LOOP('',(#3958,#3959,#3960,#3961));
#484=EDGE_LOOP('',(#3962,#3963,#3964,#3965,#3966,#3967,#3968,#3969,#3970,
#3971,#3972,#3973));
#485=EDGE_LOOP('',(#3974,#3975,#3976,#3977));
#486=EDGE_LOOP('',(#3978,#3979,#3980,#3981));
#487=EDGE_LOOP('',(#3982,#3983,#3984,#3985));
#488=EDGE_LOOP('',(#3986,#3987,#3988,#3989,#3990));
#489=EDGE_LOOP('',(#3991,#3992,#3993,#3994,#3995,#3996,#3997,#3998));
#490=EDGE_LOOP('',(#3999,#4000,#4001,#4002));
#491=EDGE_LOOP('',(#4003,#4004,#4005,#4006));
#492=EDGE_LOOP('',(#4007,#4008,#4009,#4010));
#493=EDGE_LOOP('',(#4011,#4012,#4013,#4014));
#494=EDGE_LOOP('',(#4015,#4016,#4017,#4018));
#495=EDGE_LOOP('',(#4019,#4020,#4021,#4022));
#496=EDGE_LOOP('',(#4023,#4024,#4025,#4026));
#497=EDGE_LOOP('',(#4027,#4028,#4029,#4030));
#498=EDGE_LOOP('',(#4031,#4032,#4033,#4034));
#499=EDGE_LOOP('',(#4035,#4036,#4037,#4038));
#500=EDGE_LOOP('',(#4039,#4040,#4041,#4042));
#501=EDGE_LOOP('',(#4043,#4044,#4045,#4046));
#502=EDGE_LOOP('',(#4047,#4048,#4049,#4050));
#503=EDGE_LOOP('',(#4051,#4052,#4053,#4054));
#504=EDGE_LOOP('',(#4055,#4056,#4057,#4058));
#505=EDGE_LOOP('',(#4059,#4060,#4061,#4062));
#506=EDGE_LOOP('',(#4063,#4064,#4065,#4066));
#507=EDGE_LOOP('',(#4067,#4068,#4069,#4070));
#508=EDGE_LOOP('',(#4071,#4072,#4073,#4074));
#509=EDGE_LOOP('',(#4075,#4076,#4077,#4078));
#510=EDGE_LOOP('',(#4079,#4080,#4081,#4082));
#511=EDGE_LOOP('',(#4083,#4084,#4085,#4086));
#512=EDGE_LOOP('',(#4087,#4088,#4089,#4090));
#513=EDGE_LOOP('',(#4091,#4092,#4093,#4094));
#514=EDGE_LOOP('',(#4095,#4096,#4097,#4098));
#515=EDGE_LOOP('',(#4099,#4100,#4101,#4102));
#516=EDGE_LOOP('',(#4103,#4104,#4105,#4106));
#517=EDGE_LOOP('',(#4107,#4108,#4109,#4110));
#518=EDGE_LOOP('',(#4111,#4112,#4113,#4114));
#519=EDGE_LOOP('',(#4115,#4116,#4117,#4118));
#520=EDGE_LOOP('',(#4119,#4120,#4121,#4122));
#521=EDGE_LOOP('',(#4123,#4124,#4125,#4126));
#522=EDGE_LOOP('',(#4127,#4128,#4129,#4130));
#523=EDGE_LOOP('',(#4131,#4132,#4133,#4134));
#524=EDGE_LOOP('',(#4135,#4136,#4137,#4138));
#525=EDGE_LOOP('',(#4139,#4140,#4141,#4142));
#526=EDGE_LOOP('',(#4143,#4144,#4145,#4146));
#527=EDGE_LOOP('',(#4147,#4148,#4149,#4150));
#528=EDGE_LOOP('',(#4151,#4152,#4153,#4154));
#529=EDGE_LOOP('',(#4155,#4156,#4157,#4158));
#530=EDGE_LOOP('',(#4159,#4160,#4161,#4162));
#531=EDGE_LOOP('',(#4163,#4164,#4165,#4166));
#532=EDGE_LOOP('',(#4167,#4168,#4169,#4170));
#533=EDGE_LOOP('',(#4171,#4172,#4173,#4174));
#534=EDGE_LOOP('',(#4175,#4176,#4177,#4178));
#535=EDGE_LOOP('',(#4179,#4180,#4181,#4182));
#536=EDGE_LOOP('',(#4183,#4184,#4185,#4186));
#537=EDGE_LOOP('',(#4187,#4188,#4189,#4190));
#538=EDGE_LOOP('',(#4191,#4192,#4193,#4194));
#539=EDGE_LOOP('',(#4195,#4196,#4197,#4198));
#540=EDGE_LOOP('',(#4199,#4200,#4201,#4202));
#541=EDGE_LOOP('',(#4203,#4204,#4205,#4206));
#542=EDGE_LOOP('',(#4207,#4208,#4209,#4210));
#543=EDGE_LOOP('',(#4211,#4212,#4213,#4214));
#544=EDGE_LOOP('',(#4215,#4216,#4217,#4218));
#545=EDGE_LOOP('',(#4219,#4220,#4221,#4222));
#546=EDGE_LOOP('',(#4223,#4224,#4225,#4226));
#547=EDGE_LOOP('',(#4227,#4228,#4229,#4230));
#548=EDGE_LOOP('',(#4231,#4232,#4233,#4234));
#549=EDGE_LOOP('',(#4235,#4236,#4237,#4238));
#550=EDGE_LOOP('',(#4239,#4240,#4241,#4242));
#551=EDGE_LOOP('',(#4243,#4244,#4245,#4246));
#552=EDGE_LOOP('',(#4247,#4248,#4249,#4250));
#553=EDGE_LOOP('',(#4251,#4252,#4253,#4254));
#554=EDGE_LOOP('',(#4255,#4256,#4257,#4258));
#555=EDGE_LOOP('',(#4259,#4260,#4261,#4262));
#556=EDGE_LOOP('',(#4263,#4264,#4265,#4266));
#557=EDGE_LOOP('',(#4267,#4268,#4269,#4270));
#558=EDGE_LOOP('',(#4271,#4272,#4273,#4274));
#559=EDGE_LOOP('',(#4275,#4276,#4277,#4278));
#560=EDGE_LOOP('',(#4279,#4280,#4281,#4282));
#561=EDGE_LOOP('',(#4283,#4284,#4285,#4286));
#562=EDGE_LOOP('',(#4287,#4288,#4289,#4290));
#563=EDGE_LOOP('',(#4291,#4292,#4293,#4294));
#564=EDGE_LOOP('',(#4295,#4296,#4297,#4298));
#565=EDGE_LOOP('',(#4299,#4300,#4301,#4302));
#566=EDGE_LOOP('',(#4303,#4304,#4305,#4306));
#567=EDGE_LOOP('',(#4307,#4308,#4309,#4310));
#568=EDGE_LOOP('',(#4311,#4312,#4313,#4314));
#569=EDGE_LOOP('',(#4315,#4316,#4317,#4318));
#570=EDGE_LOOP('',(#4319,#4320,#4321,#4322));
#571=EDGE_LOOP('',(#4323,#4324,#4325,#4326));
#572=EDGE_LOOP('',(#4327,#4328,#4329,#4330));
#573=EDGE_LOOP('',(#4331,#4332,#4333,#4334));
#574=EDGE_LOOP('',(#4335,#4336,#4337,#4338));
#575=EDGE_LOOP('',(#4339,#4340,#4341,#4342));
#576=EDGE_LOOP('',(#4343,#4344,#4345,#4346));
#577=EDGE_LOOP('',(#4347,#4348,#4349,#4350));
#578=EDGE_LOOP('',(#4351,#4352,#4353,#4354));
#579=EDGE_LOOP('',(#4355,#4356,#4357,#4358));
#580=EDGE_LOOP('',(#4359,#4360,#4361,#4362,#4363,#4364,#4365,#4366,#4367,
#4368,#4369,#4370,#4371,#4372,#4373,#4374,#4375,#4376,#4377,#4378,#4379,
#4380,#4381,#4382,#4383,#4384,#4385,#4386,#4387,#4388,#4389,#4390,#4391,
#4392,#4393,#4394,#4395,#4396,#4397,#4398,#4399,#4400,#4401,#4402,#4403,
#4404,#4405,#4406,#4407,#4408));
#581=EDGE_LOOP('',(#4409,#4410,#4411,#4412));
#582=EDGE_LOOP('',(#4413,#4414,#4415,#4416));
#583=EDGE_LOOP('',(#4417,#4418,#4419,#4420));
#584=EDGE_LOOP('',(#4421,#4422,#4423,#4424));
#585=EDGE_LOOP('',(#4425,#4426,#4427,#4428));
#586=EDGE_LOOP('',(#4429,#4430,#4431,#4432,#4433,#4434,#4435,#4436));
#587=EDGE_LOOP('',(#4437,#4438,#4439,#4440));
#588=EDGE_LOOP('',(#4441,#4442,#4443,#4444));
#589=EDGE_LOOP('',(#4445,#4446,#4447,#4448));
#590=EDGE_LOOP('',(#4449,#4450,#4451,#4452));
#591=EDGE_LOOP('',(#4453,#4454,#4455,#4456));
#592=EDGE_LOOP('',(#4457,#4458,#4459,#4460));
#593=EDGE_LOOP('',(#4461,#4462,#4463,#4464));
#594=EDGE_LOOP('',(#4465,#4466,#4467,#4468));
#595=EDGE_LOOP('',(#4469,#4470,#4471,#4472));
#596=EDGE_LOOP('',(#4473,#4474,#4475,#4476));
#597=EDGE_LOOP('',(#4477,#4478,#4479,#4480));
#598=EDGE_LOOP('',(#4481,#4482,#4483,#4484));
#599=EDGE_LOOP('',(#4485,#4486,#4487,#4488));
#600=EDGE_LOOP('',(#4489,#4490,#4491,#4492,#4493,#4494,#4495,#4496,#4497,
#4498,#4499,#4500));
#601=EDGE_LOOP('',(#4501,#4502,#4503,#4504,#4505,#4506));
#602=EDGE_LOOP('',(#4507,#4508,#4509,#4510,#4511,#4512));
#603=EDGE_LOOP('',(#4513,#4514,#4515,#4516,#4517,#4518,#4519,#4520));
#604=EDGE_LOOP('',(#4521,#4522,#4523,#4524,#4525,#4526,#4527,#4528,#4529,
#4530));
#605=EDGE_LOOP('',(#4531,#4532,#4533,#4534));
#606=EDGE_LOOP('',(#4535,#4536,#4537,#4538));
#607=EDGE_LOOP('',(#4539,#4540,#4541,#4542));
#608=EDGE_LOOP('',(#4543,#4544,#4545,#4546));
#609=EDGE_LOOP('',(#4547,#4548,#4549,#4550,#4551,#4552,#4553,#4554));
#610=EDGE_LOOP('',(#4555,#4556,#4557,#4558));
#611=EDGE_LOOP('',(#4559,#4560,#4561,#4562));
#612=EDGE_LOOP('',(#4563,#4564,#4565,#4566));
#613=EDGE_LOOP('',(#4567,#4568,#4569,#4570));
#614=EDGE_LOOP('',(#4571,#4572,#4573,#4574));
#615=EDGE_LOOP('',(#4575,#4576,#4577,#4578));
#616=EDGE_LOOP('',(#4579,#4580,#4581,#4582));
#617=EDGE_LOOP('',(#4583,#4584,#4585,#4586,#4587,#4588,#4589,#4590));
#618=EDGE_LOOP('',(#4591,#4592,#4593,#4594));
#619=EDGE_LOOP('',(#4595,#4596,#4597,#4598));
#620=EDGE_LOOP('',(#4599,#4600,#4601,#4602));
#621=EDGE_LOOP('',(#4603,#4604,#4605,#4606));
#622=EDGE_LOOP('',(#4607,#4608,#4609,#4610));
#623=EDGE_LOOP('',(#4611,#4612,#4613,#4614));
#624=EDGE_LOOP('',(#4615,#4616,#4617,#4618));
#625=EDGE_LOOP('',(#4619,#4620,#4621,#4622));
#626=EDGE_LOOP('',(#4623,#4624,#4625,#4626));
#627=EDGE_LOOP('',(#4627,#4628,#4629,#4630,#4631,#4632,#4633,#4634));
#628=EDGE_LOOP('',(#4635,#4636,#4637,#4638));
#629=EDGE_LOOP('',(#4639,#4640,#4641,#4642));
#630=EDGE_LOOP('',(#4643,#4644,#4645,#4646));
#631=EDGE_LOOP('',(#4647,#4648,#4649,#4650));
#632=EDGE_LOOP('',(#4651,#4652,#4653,#4654));
#633=EDGE_LOOP('',(#4655,#4656,#4657,#4658));
#634=EDGE_LOOP('',(#4659,#4660,#4661,#4662));
#635=EDGE_LOOP('',(#4663,#4664,#4665,#4666,#4667,#4668,#4669,#4670));
#636=EDGE_LOOP('',(#4671,#4672,#4673,#4674));
#637=EDGE_LOOP('',(#4675,#4676,#4677,#4678));
#638=EDGE_LOOP('',(#4679,#4680,#4681,#4682));
#639=EDGE_LOOP('',(#4683,#4684,#4685,#4686));
#640=EDGE_LOOP('',(#4687,#4688,#4689,#4690));
#641=EDGE_LOOP('',(#4691,#4692,#4693,#4694));
#642=EDGE_LOOP('',(#4695,#4696,#4697,#4698));
#643=EDGE_LOOP('',(#4699,#4700,#4701,#4702));
#644=EDGE_LOOP('',(#4703,#4704,#4705,#4706));
#645=EDGE_LOOP('',(#4707,#4708,#4709,#4710,#4711,#4712,#4713,#4714));
#646=EDGE_LOOP('',(#4715,#4716,#4717,#4718));
#647=EDGE_LOOP('',(#4719,#4720,#4721,#4722));
#648=EDGE_LOOP('',(#4723,#4724,#4725,#4726));
#649=EDGE_LOOP('',(#4727,#4728,#4729,#4730));
#650=EDGE_LOOP('',(#4731,#4732,#4733,#4734));
#651=EDGE_LOOP('',(#4735,#4736,#4737,#4738));
#652=EDGE_LOOP('',(#4739,#4740,#4741,#4742));
#653=EDGE_LOOP('',(#4743,#4744,#4745,#4746,#4747,#4748,#4749,#4750));
#654=EDGE_LOOP('',(#4751,#4752,#4753,#4754));
#655=EDGE_LOOP('',(#4755,#4756,#4757,#4758));
#656=EDGE_LOOP('',(#4759,#4760,#4761,#4762));
#657=EDGE_LOOP('',(#4763,#4764,#4765,#4766));
#658=EDGE_LOOP('',(#4767,#4768,#4769,#4770));
#659=EDGE_LOOP('',(#4771,#4772,#4773,#4774));
#660=EDGE_LOOP('',(#4775,#4776,#4777,#4778));
#661=EDGE_LOOP('',(#4779,#4780,#4781,#4782));
#662=EDGE_LOOP('',(#4783,#4784,#4785,#4786));
#663=EDGE_LOOP('',(#4787,#4788,#4789,#4790,#4791,#4792,#4793,#4794));
#664=EDGE_LOOP('',(#4795,#4796,#4797,#4798));
#665=EDGE_LOOP('',(#4799,#4800,#4801,#4802));
#666=EDGE_LOOP('',(#4803,#4804,#4805,#4806));
#667=EDGE_LOOP('',(#4807,#4808,#4809,#4810));
#668=EDGE_LOOP('',(#4811,#4812,#4813,#4814));
#669=EDGE_LOOP('',(#4815,#4816,#4817,#4818));
#670=EDGE_LOOP('',(#4819,#4820,#4821,#4822));
#671=EDGE_LOOP('',(#4823,#4824,#4825,#4826,#4827,#4828,#4829,#4830));
#672=EDGE_LOOP('',(#4831,#4832,#4833,#4834));
#673=EDGE_LOOP('',(#4835,#4836,#4837,#4838));
#674=EDGE_LOOP('',(#4839,#4840,#4841,#4842));
#675=EDGE_LOOP('',(#4843,#4844,#4845,#4846));
#676=EDGE_LOOP('',(#4847,#4848,#4849,#4850));
#677=EDGE_LOOP('',(#4851,#4852,#4853,#4854));
#678=EDGE_LOOP('',(#4855,#4856,#4857,#4858));
#679=EDGE_LOOP('',(#4859,#4860,#4861,#4862));
#680=EDGE_LOOP('',(#4863,#4864,#4865,#4866));
#681=EDGE_LOOP('',(#4867,#4868,#4869,#4870,#4871,#4872,#4873,#4874));
#682=EDGE_LOOP('',(#4875,#4876,#4877,#4878));
#683=EDGE_LOOP('',(#4879,#4880,#4881,#4882));
#684=EDGE_LOOP('',(#4883,#4884,#4885,#4886));
#685=EDGE_LOOP('',(#4887,#4888,#4889,#4890));
#686=EDGE_LOOP('',(#4891,#4892,#4893,#4894));
#687=EDGE_LOOP('',(#4895,#4896,#4897,#4898));
#688=EDGE_LOOP('',(#4899,#4900,#4901,#4902));
#689=EDGE_LOOP('',(#4903,#4904,#4905,#4906,#4907,#4908,#4909,#4910));
#690=EDGE_LOOP('',(#4911,#4912,#4913,#4914));
#691=EDGE_LOOP('',(#4915,#4916,#4917,#4918));
#692=EDGE_LOOP('',(#4919,#4920,#4921,#4922));
#693=EDGE_LOOP('',(#4923,#4924,#4925,#4926));
#694=EDGE_LOOP('',(#4927,#4928,#4929,#4930));
#695=EDGE_LOOP('',(#4931,#4932,#4933,#4934));
#696=EDGE_LOOP('',(#4935,#4936,#4937,#4938));
#697=EDGE_LOOP('',(#4939,#4940,#4941,#4942));
#698=EDGE_LOOP('',(#4943,#4944,#4945,#4946));
#699=EDGE_LOOP('',(#4947,#4948,#4949,#4950,#4951,#4952,#4953,#4954));
#700=EDGE_LOOP('',(#4955,#4956,#4957,#4958));
#701=EDGE_LOOP('',(#4959,#4960,#4961,#4962));
#702=EDGE_LOOP('',(#4963,#4964,#4965,#4966));
#703=EDGE_LOOP('',(#4967,#4968,#4969,#4970));
#704=EDGE_LOOP('',(#4971,#4972,#4973,#4974));
#705=EDGE_LOOP('',(#4975,#4976,#4977,#4978));
#706=EDGE_LOOP('',(#4979,#4980,#4981,#4982));
#707=EDGE_LOOP('',(#4983,#4984,#4985,#4986,#4987,#4988,#4989,#4990));
#708=EDGE_LOOP('',(#4991,#4992,#4993,#4994));
#709=EDGE_LOOP('',(#4995,#4996,#4997,#4998));
#710=EDGE_LOOP('',(#4999,#5000,#5001,#5002));
#711=EDGE_LOOP('',(#5003,#5004,#5005,#5006));
#712=EDGE_LOOP('',(#5007,#5008,#5009,#5010));
#713=EDGE_LOOP('',(#5011,#5012,#5013,#5014));
#714=EDGE_LOOP('',(#5015,#5016,#5017,#5018));
#715=EDGE_LOOP('',(#5019,#5020,#5021,#5022));
#716=EDGE_LOOP('',(#5023,#5024,#5025,#5026));
#717=EDGE_LOOP('',(#5027,#5028,#5029,#5030,#5031,#5032,#5033,#5034));
#718=EDGE_LOOP('',(#5035,#5036,#5037,#5038));
#719=EDGE_LOOP('',(#5039,#5040,#5041,#5042));
#720=EDGE_LOOP('',(#5043,#5044,#5045,#5046));
#721=EDGE_LOOP('',(#5047,#5048,#5049,#5050));
#722=EDGE_LOOP('',(#5051,#5052,#5053,#5054));
#723=EDGE_LOOP('',(#5055,#5056,#5057,#5058));
#724=EDGE_LOOP('',(#5059,#5060,#5061,#5062));
#725=EDGE_LOOP('',(#5063,#5064,#5065,#5066,#5067,#5068,#5069,#5070));
#726=EDGE_LOOP('',(#5071,#5072,#5073,#5074));
#727=EDGE_LOOP('',(#5075,#5076,#5077,#5078));
#728=EDGE_LOOP('',(#5079,#5080,#5081,#5082));
#729=EDGE_LOOP('',(#5083,#5084,#5085,#5086));
#730=EDGE_LOOP('',(#5087,#5088,#5089,#5090));
#731=EDGE_LOOP('',(#5091,#5092,#5093,#5094));
#732=EDGE_LOOP('',(#5095,#5096,#5097,#5098));
#733=EDGE_LOOP('',(#5099,#5100,#5101,#5102));
#734=EDGE_LOOP('',(#5103,#5104,#5105,#5106));
#735=EDGE_LOOP('',(#5107,#5108,#5109,#5110,#5111,#5112,#5113,#5114));
#736=EDGE_LOOP('',(#5115,#5116,#5117,#5118));
#737=EDGE_LOOP('',(#5119,#5120,#5121,#5122));
#738=EDGE_LOOP('',(#5123,#5124,#5125,#5126));
#739=EDGE_LOOP('',(#5127,#5128,#5129,#5130));
#740=EDGE_LOOP('',(#5131,#5132,#5133,#5134));
#741=EDGE_LOOP('',(#5135,#5136,#5137,#5138));
#742=EDGE_LOOP('',(#5139,#5140,#5141,#5142));
#743=EDGE_LOOP('',(#5143,#5144,#5145,#5146,#5147,#5148,#5149,#5150));
#744=EDGE_LOOP('',(#5151,#5152,#5153,#5154));
#745=EDGE_LOOP('',(#5155,#5156,#5157,#5158));
#746=EDGE_LOOP('',(#5159,#5160,#5161,#5162));
#747=EDGE_LOOP('',(#5163,#5164,#5165,#5166));
#748=EDGE_LOOP('',(#5167,#5168,#5169,#5170));
#749=EDGE_LOOP('',(#5171,#5172,#5173,#5174));
#750=EDGE_LOOP('',(#5175,#5176,#5177,#5178));
#751=EDGE_LOOP('',(#5179,#5180,#5181,#5182));
#752=EDGE_LOOP('',(#5183,#5184,#5185,#5186));
#753=EDGE_LOOP('',(#5187,#5188,#5189,#5190,#5191,#5192,#5193,#5194));
#754=EDGE_LOOP('',(#5195,#5196,#5197,#5198));
#755=EDGE_LOOP('',(#5199,#5200,#5201,#5202));
#756=EDGE_LOOP('',(#5203,#5204,#5205,#5206));
#757=EDGE_LOOP('',(#5207,#5208,#5209,#5210));
#758=EDGE_LOOP('',(#5211,#5212,#5213,#5214));
#759=EDGE_LOOP('',(#5215,#5216,#5217,#5218));
#760=EDGE_LOOP('',(#5219,#5220,#5221,#5222));
#761=EDGE_LOOP('',(#5223,#5224,#5225,#5226,#5227,#5228,#5229,#5230));
#762=EDGE_LOOP('',(#5231,#5232,#5233,#5234));
#763=EDGE_LOOP('',(#5235,#5236,#5237,#5238));
#764=EDGE_LOOP('',(#5239,#5240,#5241,#5242));
#765=EDGE_LOOP('',(#5243,#5244,#5245,#5246));
#766=EDGE_LOOP('',(#5247,#5248,#5249,#5250));
#767=EDGE_LOOP('',(#5251,#5252,#5253,#5254));
#768=EDGE_LOOP('',(#5255,#5256,#5257,#5258));
#769=EDGE_LOOP('',(#5259,#5260,#5261,#5262));
#770=EDGE_LOOP('',(#5263,#5264,#5265,#5266));
#771=EDGE_LOOP('',(#5267,#5268,#5269,#5270,#5271,#5272,#5273,#5274));
#772=EDGE_LOOP('',(#5275,#5276,#5277,#5278));
#773=EDGE_LOOP('',(#5279,#5280,#5281,#5282));
#774=EDGE_LOOP('',(#5283,#5284,#5285,#5286));
#775=EDGE_LOOP('',(#5287,#5288,#5289,#5290));
#776=EDGE_LOOP('',(#5291,#5292,#5293,#5294));
#777=EDGE_LOOP('',(#5295,#5296,#5297,#5298));
#778=EDGE_LOOP('',(#5299,#5300,#5301,#5302));
#779=EDGE_LOOP('',(#5303,#5304,#5305,#5306,#5307,#5308,#5309,#5310));
#780=EDGE_LOOP('',(#5311,#5312,#5313,#5314));
#781=EDGE_LOOP('',(#5315,#5316,#5317,#5318));
#782=EDGE_LOOP('',(#5319,#5320,#5321,#5322));
#783=EDGE_LOOP('',(#5323,#5324,#5325,#5326));
#784=EDGE_LOOP('',(#5327,#5328,#5329,#5330));
#785=EDGE_LOOP('',(#5331,#5332,#5333,#5334));
#786=EDGE_LOOP('',(#5335,#5336,#5337,#5338));
#787=EDGE_LOOP('',(#5339,#5340,#5341,#5342));
#788=EDGE_LOOP('',(#5343,#5344,#5345,#5346));
#789=EDGE_LOOP('',(#5347,#5348,#5349,#5350,#5351,#5352,#5353,#5354));
#790=EDGE_LOOP('',(#5355,#5356,#5357,#5358));
#791=EDGE_LOOP('',(#5359,#5360,#5361,#5362));
#792=EDGE_LOOP('',(#5363,#5364,#5365,#5366));
#793=EDGE_LOOP('',(#5367,#5368,#5369,#5370));
#794=EDGE_LOOP('',(#5371,#5372,#5373,#5374));
#795=EDGE_LOOP('',(#5375,#5376,#5377,#5378));
#796=EDGE_LOOP('',(#5379,#5380,#5381,#5382));
#797=EDGE_LOOP('',(#5383,#5384,#5385,#5386,#5387,#5388,#5389,#5390));
#798=EDGE_LOOP('',(#5391,#5392,#5393,#5394));
#799=EDGE_LOOP('',(#5395,#5396,#5397,#5398));
#800=EDGE_LOOP('',(#5399,#5400,#5401,#5402));
#801=EDGE_LOOP('',(#5403,#5404,#5405,#5406));
#802=EDGE_LOOP('',(#5407,#5408,#5409,#5410));
#803=LINE('',#7970,#1593);
#804=LINE('',#7972,#1594);
#805=LINE('',#7974,#1595);
#806=LINE('',#7975,#1596);
#807=LINE('',#7978,#1597);
#808=LINE('',#7980,#1598);
#809=LINE('',#7981,#1599);
#810=LINE('',#7984,#1600);
#811=LINE('',#7986,#1601);
#812=LINE('',#7987,#1602);
#813=LINE('',#7991,#1603);
#814=LINE('',#7993,#1604);
#815=LINE('',#7995,#1605);
#816=LINE('',#7996,#1606);
#817=LINE('',#7999,#1607);
#818=LINE('',#8001,#1608);
#819=LINE('',#8002,#1609);
#820=LINE('',#8005,#1610);
#821=LINE('',#8007,#1611);
#822=LINE('',#8008,#1612);
#823=LINE('',#8011,#1613);
#824=LINE('',#8013,#1614);
#825=LINE('',#8015,#1615);
#826=LINE('',#8017,#1616);
#827=LINE('',#8019,#1617);
#828=LINE('',#8021,#1618);
#829=LINE('',#8022,#1619);
#830=LINE('',#8025,#1620);
#831=LINE('',#8027,#1621);
#832=LINE('',#8029,#1622);
#833=LINE('',#8030,#1623);
#834=LINE('',#8033,#1624);
#835=LINE('',#8035,#1625);
#836=LINE('',#8037,#1626);
#837=LINE('',#8039,#1627);
#838=LINE('',#8040,#1628);
#839=LINE('',#8043,#1629);
#840=LINE('',#8045,#1630);
#841=LINE('',#8047,#1631);
#842=LINE('',#8049,#1632);
#843=LINE('',#8051,#1633);
#844=LINE('',#8052,#1634);
#845=LINE('',#8055,#1635);
#846=LINE('',#8057,#1636);
#847=LINE('',#8058,#1637);
#848=LINE('',#8062,#1638);
#849=LINE('',#8064,#1639);
#850=LINE('',#8066,#1640);
#851=LINE('',#8068,#1641);
#852=LINE('',#8070,#1642);
#853=LINE('',#8071,#1643);
#854=LINE('',#8074,#1644);
#855=LINE('',#8076,#1645);
#856=LINE('',#8077,#1646);
#857=LINE('',#8081,#1647);
#858=LINE('',#8082,#1648);
#859=LINE('',#8084,#1649);
#860=LINE('',#8086,#1650);
#861=LINE('',#8087,#1651);
#862=LINE('',#8090,#1652);
#863=LINE('',#8091,#1653);
#864=LINE('',#8093,#1654);
#865=LINE('',#8095,#1655);
#866=LINE('',#8096,#1656);
#867=LINE('',#8099,#1657);
#868=LINE('',#8101,#1658);
#869=LINE('',#8103,#1659);
#870=LINE('',#8104,#1660);
#871=LINE('',#8107,#1661);
#872=LINE('',#8109,#1662);
#873=LINE('',#8111,#1663);
#874=LINE('',#8112,#1664);
#875=LINE('',#8115,#1665);
#876=LINE('',#8116,#1666);
#877=LINE('',#8118,#1667);
#878=LINE('',#8120,#1668);
#879=LINE('',#8122,#1669);
#880=LINE('',#8124,#1670);
#881=LINE('',#8126,#1671);
#882=LINE('',#8128,#1672);
#883=LINE('',#8130,#1673);
#884=LINE('',#8132,#1674);
#885=LINE('',#8134,#1675);
#886=LINE('',#8136,#1676);
#887=LINE('',#8138,#1677);
#888=LINE('',#8140,#1678);
#889=LINE('',#8142,#1679);
#890=LINE('',#8144,#1680);
#891=LINE('',#8146,#1681);
#892=LINE('',#8148,#1682);
#893=LINE('',#8150,#1683);
#894=LINE('',#8152,#1684);
#895=LINE('',#8154,#1685);
#896=LINE('',#8156,#1686);
#897=LINE('',#8158,#1687);
#898=LINE('',#8160,#1688);
#899=LINE('',#8162,#1689);
#900=LINE('',#8164,#1690);
#901=LINE('',#8166,#1691);
#902=LINE('',#8168,#1692);
#903=LINE('',#8170,#1693);
#904=LINE('',#8172,#1694);
#905=LINE('',#8174,#1695);
#906=LINE('',#8176,#1696);
#907=LINE('',#8178,#1697);
#908=LINE('',#8180,#1698);
#909=LINE('',#8182,#1699);
#910=LINE('',#8184,#1700);
#911=LINE('',#8186,#1701);
#912=LINE('',#8188,#1702);
#913=LINE('',#8190,#1703);
#914=LINE('',#8192,#1704);
#915=LINE('',#8194,#1705);
#916=LINE('',#8196,#1706);
#917=LINE('',#8198,#1707);
#918=LINE('',#8200,#1708);
#919=LINE('',#8202,#1709);
#920=LINE('',#8204,#1710);
#921=LINE('',#8205,#1711);
#922=LINE('',#8206,#1712);
#923=LINE('',#8209,#1713);
#924=LINE('',#8211,#1714);
#925=LINE('',#8212,#1715);
#926=LINE('',#8213,#1716);
#927=LINE('',#8216,#1717);
#928=LINE('',#8218,#1718);
#929=LINE('',#8219,#1719);
#930=LINE('',#8223,#1720);
#931=LINE('',#8225,#1721);
#932=LINE('',#8227,#1722);
#933=LINE('',#8228,#1723);
#934=LINE('',#8231,#1724);
#935=LINE('',#8232,#1725);
#936=LINE('',#8234,#1726);
#937=LINE('',#8235,#1727);
#938=LINE('',#8238,#1728);
#939=LINE('',#8239,#1729);
#940=LINE('',#8241,#1730);
#941=LINE('',#8245,#1731);
#942=LINE('',#8247,#1732);
#943=LINE('',#8248,#1733);
#944=LINE('',#8250,#1734);
#945=LINE('',#8251,#1735);
#946=LINE('',#8253,#1736);
#947=LINE('',#8255,#1737);
#948=LINE('',#8256,#1738);
#949=LINE('',#8259,#1739);
#950=LINE('',#8260,#1740);
#951=LINE('',#8262,#1741);
#952=LINE('',#8264,#1742);
#953=LINE('',#8266,#1743);
#954=LINE('',#8267,#1744);
#955=LINE('',#8270,#1745);
#956=LINE('',#8272,#1746);
#957=LINE('',#8273,#1747);
#958=LINE('',#8276,#1748);
#959=LINE('',#8278,#1749);
#960=LINE('',#8280,#1750);
#961=LINE('',#8281,#1751);
#962=LINE('',#8283,#1752);
#963=LINE('',#8287,#1753);
#964=LINE('',#8289,#1754);
#965=LINE('',#8291,#1755);
#966=LINE('',#8292,#1756);
#967=LINE('',#8296,#1757);
#968=LINE('',#8298,#1758);
#969=LINE('',#8300,#1759);
#970=LINE('',#8301,#1760);
#971=LINE('',#8304,#1761);
#972=LINE('',#8306,#1762);
#973=LINE('',#8307,#1763);
#974=LINE('',#8309,#1764);
#975=LINE('',#8310,#1765);
#976=LINE('',#8312,#1766);
#977=LINE('',#8314,#1767);
#978=LINE('',#8315,#1768);
#979=LINE('',#8318,#1769);
#980=LINE('',#8319,#1770);
#981=LINE('',#8321,#1771);
#982=LINE('',#8324,#1772);
#983=LINE('',#8325,#1773);
#984=LINE('',#8328,#1774);
#985=LINE('',#8330,#1775);
#986=LINE('',#8331,#1776);
#987=LINE('',#8334,#1777);
#988=LINE('',#8335,#1778);
#989=LINE('',#8338,#1779);
#990=LINE('',#8339,#1780);
#991=LINE('',#8341,#1781);
#992=LINE('',#8345,#1782);
#993=LINE('',#8346,#1783);
#994=LINE('',#8347,#1784);
#995=LINE('',#8350,#1785);
#996=LINE('',#8351,#1786);
#997=LINE('',#8354,#1787);
#998=LINE('',#8356,#1788);
#999=LINE('',#8358,#1789);
#1000=LINE('',#8359,#1790);
#1001=LINE('',#8361,#1791);
#1002=LINE('',#8364,#1792);
#1003=LINE('',#8365,#1793);
#1004=LINE('',#8368,#1794);
#1005=LINE('',#8370,#1795);
#1006=LINE('',#8371,#1796);
#1007=LINE('',#8374,#1797);
#1008=LINE('',#8375,#1798);
#1009=LINE('',#8378,#1799);
#1010=LINE('',#8379,#1800);
#1011=LINE('',#8381,#1801);
#1012=LINE('',#8385,#1802);
#1013=LINE('',#8386,#1803);
#1014=LINE('',#8387,#1804);
#1015=LINE('',#8390,#1805);
#1016=LINE('',#8391,#1806);
#1017=LINE('',#8394,#1807);
#1018=LINE('',#8396,#1808);
#1019=LINE('',#8398,#1809);
#1020=LINE('',#8399,#1810);
#1021=LINE('',#8401,#1811);
#1022=LINE('',#8404,#1812);
#1023=LINE('',#8405,#1813);
#1024=LINE('',#8408,#1814);
#1025=LINE('',#8410,#1815);
#1026=LINE('',#8411,#1816);
#1027=LINE('',#8414,#1817);
#1028=LINE('',#8415,#1818);
#1029=LINE('',#8418,#1819);
#1030=LINE('',#8419,#1820);
#1031=LINE('',#8421,#1821);
#1032=LINE('',#8425,#1822);
#1033=LINE('',#8426,#1823);
#1034=LINE('',#8427,#1824);
#1035=LINE('',#8430,#1825);
#1036=LINE('',#8431,#1826);
#1037=LINE('',#8434,#1827);
#1038=LINE('',#8436,#1828);
#1039=LINE('',#8438,#1829);
#1040=LINE('',#8439,#1830);
#1041=LINE('',#8441,#1831);
#1042=LINE('',#8444,#1832);
#1043=LINE('',#8445,#1833);
#1044=LINE('',#8448,#1834);
#1045=LINE('',#8450,#1835);
#1046=LINE('',#8451,#1836);
#1047=LINE('',#8454,#1837);
#1048=LINE('',#8455,#1838);
#1049=LINE('',#8458,#1839);
#1050=LINE('',#8459,#1840);
#1051=LINE('',#8461,#1841);
#1052=LINE('',#8465,#1842);
#1053=LINE('',#8466,#1843);
#1054=LINE('',#8467,#1844);
#1055=LINE('',#8470,#1845);
#1056=LINE('',#8471,#1846);
#1057=LINE('',#8474,#1847);
#1058=LINE('',#8476,#1848);
#1059=LINE('',#8478,#1849);
#1060=LINE('',#8479,#1850);
#1061=LINE('',#8481,#1851);
#1062=LINE('',#8484,#1852);
#1063=LINE('',#8485,#1853);
#1064=LINE('',#8488,#1854);
#1065=LINE('',#8490,#1855);
#1066=LINE('',#8491,#1856);
#1067=LINE('',#8494,#1857);
#1068=LINE('',#8495,#1858);
#1069=LINE('',#8498,#1859);
#1070=LINE('',#8499,#1860);
#1071=LINE('',#8501,#1861);
#1072=LINE('',#8505,#1862);
#1073=LINE('',#8506,#1863);
#1074=LINE('',#8507,#1864);
#1075=LINE('',#8510,#1865);
#1076=LINE('',#8511,#1866);
#1077=LINE('',#8514,#1867);
#1078=LINE('',#8516,#1868);
#1079=LINE('',#8518,#1869);
#1080=LINE('',#8519,#1870);
#1081=LINE('',#8521,#1871);
#1082=LINE('',#8524,#1872);
#1083=LINE('',#8525,#1873);
#1084=LINE('',#8528,#1874);
#1085=LINE('',#8530,#1875);
#1086=LINE('',#8531,#1876);
#1087=LINE('',#8534,#1877);
#1088=LINE('',#8535,#1878);
#1089=LINE('',#8538,#1879);
#1090=LINE('',#8539,#1880);
#1091=LINE('',#8541,#1881);
#1092=LINE('',#8545,#1882);
#1093=LINE('',#8546,#1883);
#1094=LINE('',#8547,#1884);
#1095=LINE('',#8550,#1885);
#1096=LINE('',#8551,#1886);
#1097=LINE('',#8554,#1887);
#1098=LINE('',#8556,#1888);
#1099=LINE('',#8558,#1889);
#1100=LINE('',#8559,#1890);
#1101=LINE('',#8561,#1891);
#1102=LINE('',#8564,#1892);
#1103=LINE('',#8565,#1893);
#1104=LINE('',#8568,#1894);
#1105=LINE('',#8570,#1895);
#1106=LINE('',#8571,#1896);
#1107=LINE('',#8574,#1897);
#1108=LINE('',#8575,#1898);
#1109=LINE('',#8578,#1899);
#1110=LINE('',#8579,#1900);
#1111=LINE('',#8581,#1901);
#1112=LINE('',#8585,#1902);
#1113=LINE('',#8586,#1903);
#1114=LINE('',#8587,#1904);
#1115=LINE('',#8590,#1905);
#1116=LINE('',#8591,#1906);
#1117=LINE('',#8594,#1907);
#1118=LINE('',#8596,#1908);
#1119=LINE('',#8598,#1909);
#1120=LINE('',#8599,#1910);
#1121=LINE('',#8601,#1911);
#1122=LINE('',#8604,#1912);
#1123=LINE('',#8605,#1913);
#1124=LINE('',#8608,#1914);
#1125=LINE('',#8610,#1915);
#1126=LINE('',#8611,#1916);
#1127=LINE('',#8614,#1917);
#1128=LINE('',#8615,#1918);
#1129=LINE('',#8618,#1919);
#1130=LINE('',#8619,#1920);
#1131=LINE('',#8621,#1921);
#1132=LINE('',#8625,#1922);
#1133=LINE('',#8626,#1923);
#1134=LINE('',#8627,#1924);
#1135=LINE('',#8630,#1925);
#1136=LINE('',#8631,#1926);
#1137=LINE('',#8634,#1927);
#1138=LINE('',#8636,#1928);
#1139=LINE('',#8638,#1929);
#1140=LINE('',#8639,#1930);
#1141=LINE('',#8641,#1931);
#1142=LINE('',#8644,#1932);
#1143=LINE('',#8645,#1933);
#1144=LINE('',#8648,#1934);
#1145=LINE('',#8650,#1935);
#1146=LINE('',#8651,#1936);
#1147=LINE('',#8654,#1937);
#1148=LINE('',#8655,#1938);
#1149=LINE('',#8658,#1939);
#1150=LINE('',#8659,#1940);
#1151=LINE('',#8661,#1941);
#1152=LINE('',#8665,#1942);
#1153=LINE('',#8666,#1943);
#1154=LINE('',#8667,#1944);
#1155=LINE('',#8670,#1945);
#1156=LINE('',#8671,#1946);
#1157=LINE('',#8674,#1947);
#1158=LINE('',#8676,#1948);
#1159=LINE('',#8678,#1949);
#1160=LINE('',#8679,#1950);
#1161=LINE('',#8681,#1951);
#1162=LINE('',#8684,#1952);
#1163=LINE('',#8685,#1953);
#1164=LINE('',#8688,#1954);
#1165=LINE('',#8690,#1955);
#1166=LINE('',#8691,#1956);
#1167=LINE('',#8694,#1957);
#1168=LINE('',#8695,#1958);
#1169=LINE('',#8698,#1959);
#1170=LINE('',#8699,#1960);
#1171=LINE('',#8701,#1961);
#1172=LINE('',#8703,#1962);
#1173=LINE('',#8706,#1963);
#1174=LINE('',#8707,#1964);
#1175=LINE('',#8710,#1965);
#1176=LINE('',#8712,#1966);
#1177=LINE('',#8713,#1967);
#1178=LINE('',#8714,#1968);
#1179=LINE('',#8717,#1969);
#1180=LINE('',#8719,#1970);
#1181=LINE('',#8720,#1971);
#1182=LINE('',#8723,#1972);
#1183=LINE('',#8724,#1973);
#1184=LINE('',#8727,#1974);
#1185=LINE('',#8728,#1975);
#1186=LINE('',#8730,#1976);
#1187=LINE('',#8732,#1977);
#1188=LINE('',#8733,#1978);
#1189=LINE('',#8737,#1979);
#1190=LINE('',#8738,#1980);
#1191=LINE('',#8741,#1981);
#1192=LINE('',#8742,#1982);
#1193=LINE('',#8744,#1983);
#1194=LINE('',#8746,#1984);
#1195=LINE('',#8747,#1985);
#1196=LINE('',#8749,#1986);
#1197=LINE('',#8756,#1987);
#1198=LINE('',#8758,#1988);
#1199=LINE('',#8760,#1989);
#1200=LINE('',#8761,#1990);
#1201=LINE('',#8764,#1991);
#1202=LINE('',#8766,#1992);
#1203=LINE('',#8767,#1993);
#1204=LINE('',#8770,#1994);
#1205=LINE('',#8772,#1995);
#1206=LINE('',#8773,#1996);
#1207=LINE('',#8775,#1997);
#1208=LINE('',#8776,#1998);
#1209=LINE('',#8779,#1999);
#1210=LINE('',#8783,#2000);
#1211=LINE('',#8785,#2001);
#1212=LINE('',#8787,#2002);
#1213=LINE('',#8790,#2003);
#1214=LINE('',#8793,#2004);
#1215=LINE('',#8794,#2005);
#1216=LINE('',#8799,#2006);
#1217=LINE('',#8801,#2007);
#1218=LINE('',#8803,#2008);
#1219=LINE('',#8804,#2009);
#1220=LINE('',#8806,#2010);
#1221=LINE('',#8808,#2011);
#1222=LINE('',#8809,#2012);
#1223=LINE('',#8812,#2013);
#1224=LINE('',#8813,#2014);
#1225=LINE('',#8814,#2015);
#1226=LINE('',#8816,#2016);
#1227=LINE('',#8819,#2017);
#1228=LINE('',#8820,#2018);
#1229=LINE('',#8823,#2019);
#1230=LINE('',#8826,#2020);
#1231=LINE('',#8830,#2021);
#1232=LINE('',#8833,#2022);
#1233=LINE('',#8838,#2023);
#1234=LINE('',#8840,#2024);
#1235=LINE('',#8842,#2025);
#1236=LINE('',#8843,#2026);
#1237=LINE('',#8846,#2027);
#1238=LINE('',#8848,#2028);
#1239=LINE('',#8849,#2029);
#1240=LINE('',#8852,#2030);
#1241=LINE('',#8854,#2031);
#1242=LINE('',#8855,#2032);
#1243=LINE('',#8857,#2033);
#1244=LINE('',#8858,#2034);
#1245=LINE('',#8861,#2035);
#1246=LINE('',#8865,#2036);
#1247=LINE('',#8867,#2037);
#1248=LINE('',#8869,#2038);
#1249=LINE('',#8872,#2039);
#1250=LINE('',#8875,#2040);
#1251=LINE('',#8876,#2041);
#1252=LINE('',#8881,#2042);
#1253=LINE('',#8883,#2043);
#1254=LINE('',#8885,#2044);
#1255=LINE('',#8886,#2045);
#1256=LINE('',#8888,#2046);
#1257=LINE('',#8890,#2047);
#1258=LINE('',#8891,#2048);
#1259=LINE('',#8894,#2049);
#1260=LINE('',#8895,#2050);
#1261=LINE('',#8896,#2051);
#1262=LINE('',#8898,#2052);
#1263=LINE('',#8901,#2053);
#1264=LINE('',#8902,#2054);
#1265=LINE('',#8905,#2055);
#1266=LINE('',#8908,#2056);
#1267=LINE('',#8912,#2057);
#1268=LINE('',#8915,#2058);
#1269=LINE('',#8920,#2059);
#1270=LINE('',#8922,#2060);
#1271=LINE('',#8924,#2061);
#1272=LINE('',#8925,#2062);
#1273=LINE('',#8928,#2063);
#1274=LINE('',#8930,#2064);
#1275=LINE('',#8931,#2065);
#1276=LINE('',#8934,#2066);
#1277=LINE('',#8936,#2067);
#1278=LINE('',#8937,#2068);
#1279=LINE('',#8939,#2069);
#1280=LINE('',#8940,#2070);
#1281=LINE('',#8943,#2071);
#1282=LINE('',#8947,#2072);
#1283=LINE('',#8949,#2073);
#1284=LINE('',#8951,#2074);
#1285=LINE('',#8954,#2075);
#1286=LINE('',#8957,#2076);
#1287=LINE('',#8958,#2077);
#1288=LINE('',#8963,#2078);
#1289=LINE('',#8965,#2079);
#1290=LINE('',#8967,#2080);
#1291=LINE('',#8968,#2081);
#1292=LINE('',#8970,#2082);
#1293=LINE('',#8972,#2083);
#1294=LINE('',#8973,#2084);
#1295=LINE('',#8976,#2085);
#1296=LINE('',#8977,#2086);
#1297=LINE('',#8978,#2087);
#1298=LINE('',#8980,#2088);
#1299=LINE('',#8983,#2089);
#1300=LINE('',#8984,#2090);
#1301=LINE('',#8987,#2091);
#1302=LINE('',#8990,#2092);
#1303=LINE('',#8994,#2093);
#1304=LINE('',#8997,#2094);
#1305=LINE('',#9002,#2095);
#1306=LINE('',#9004,#2096);
#1307=LINE('',#9006,#2097);
#1308=LINE('',#9007,#2098);
#1309=LINE('',#9010,#2099);
#1310=LINE('',#9012,#2100);
#1311=LINE('',#9013,#2101);
#1312=LINE('',#9016,#2102);
#1313=LINE('',#9018,#2103);
#1314=LINE('',#9019,#2104);
#1315=LINE('',#9021,#2105);
#1316=LINE('',#9022,#2106);
#1317=LINE('',#9025,#2107);
#1318=LINE('',#9029,#2108);
#1319=LINE('',#9031,#2109);
#1320=LINE('',#9033,#2110);
#1321=LINE('',#9036,#2111);
#1322=LINE('',#9039,#2112);
#1323=LINE('',#9040,#2113);
#1324=LINE('',#9045,#2114);
#1325=LINE('',#9047,#2115);
#1326=LINE('',#9049,#2116);
#1327=LINE('',#9050,#2117);
#1328=LINE('',#9052,#2118);
#1329=LINE('',#9054,#2119);
#1330=LINE('',#9055,#2120);
#1331=LINE('',#9058,#2121);
#1332=LINE('',#9059,#2122);
#1333=LINE('',#9060,#2123);
#1334=LINE('',#9062,#2124);
#1335=LINE('',#9065,#2125);
#1336=LINE('',#9066,#2126);
#1337=LINE('',#9069,#2127);
#1338=LINE('',#9072,#2128);
#1339=LINE('',#9076,#2129);
#1340=LINE('',#9079,#2130);
#1341=LINE('',#9084,#2131);
#1342=LINE('',#9086,#2132);
#1343=LINE('',#9088,#2133);
#1344=LINE('',#9089,#2134);
#1345=LINE('',#9092,#2135);
#1346=LINE('',#9094,#2136);
#1347=LINE('',#9095,#2137);
#1348=LINE('',#9098,#2138);
#1349=LINE('',#9100,#2139);
#1350=LINE('',#9101,#2140);
#1351=LINE('',#9103,#2141);
#1352=LINE('',#9104,#2142);
#1353=LINE('',#9107,#2143);
#1354=LINE('',#9111,#2144);
#1355=LINE('',#9113,#2145);
#1356=LINE('',#9115,#2146);
#1357=LINE('',#9118,#2147);
#1358=LINE('',#9121,#2148);
#1359=LINE('',#9122,#2149);
#1360=LINE('',#9127,#2150);
#1361=LINE('',#9129,#2151);
#1362=LINE('',#9131,#2152);
#1363=LINE('',#9132,#2153);
#1364=LINE('',#9134,#2154);
#1365=LINE('',#9136,#2155);
#1366=LINE('',#9137,#2156);
#1367=LINE('',#9140,#2157);
#1368=LINE('',#9141,#2158);
#1369=LINE('',#9142,#2159);
#1370=LINE('',#9144,#2160);
#1371=LINE('',#9147,#2161);
#1372=LINE('',#9148,#2162);
#1373=LINE('',#9151,#2163);
#1374=LINE('',#9154,#2164);
#1375=LINE('',#9158,#2165);
#1376=LINE('',#9161,#2166);
#1377=LINE('',#9166,#2167);
#1378=LINE('',#9168,#2168);
#1379=LINE('',#9170,#2169);
#1380=LINE('',#9171,#2170);
#1381=LINE('',#9174,#2171);
#1382=LINE('',#9176,#2172);
#1383=LINE('',#9177,#2173);
#1384=LINE('',#9180,#2174);
#1385=LINE('',#9182,#2175);
#1386=LINE('',#9183,#2176);
#1387=LINE('',#9185,#2177);
#1388=LINE('',#9186,#2178);
#1389=LINE('',#9189,#2179);
#1390=LINE('',#9193,#2180);
#1391=LINE('',#9195,#2181);
#1392=LINE('',#9197,#2182);
#1393=LINE('',#9200,#2183);
#1394=LINE('',#9203,#2184);
#1395=LINE('',#9204,#2185);
#1396=LINE('',#9209,#2186);
#1397=LINE('',#9211,#2187);
#1398=LINE('',#9213,#2188);
#1399=LINE('',#9214,#2189);
#1400=LINE('',#9216,#2190);
#1401=LINE('',#9218,#2191);
#1402=LINE('',#9219,#2192);
#1403=LINE('',#9222,#2193);
#1404=LINE('',#9223,#2194);
#1405=LINE('',#9224,#2195);
#1406=LINE('',#9226,#2196);
#1407=LINE('',#9229,#2197);
#1408=LINE('',#9230,#2198);
#1409=LINE('',#9233,#2199);
#1410=LINE('',#9236,#2200);
#1411=LINE('',#9240,#2201);
#1412=LINE('',#9243,#2202);
#1413=LINE('',#9248,#2203);
#1414=LINE('',#9250,#2204);
#1415=LINE('',#9252,#2205);
#1416=LINE('',#9253,#2206);
#1417=LINE('',#9256,#2207);
#1418=LINE('',#9258,#2208);
#1419=LINE('',#9259,#2209);
#1420=LINE('',#9262,#2210);
#1421=LINE('',#9264,#2211);
#1422=LINE('',#9265,#2212);
#1423=LINE('',#9267,#2213);
#1424=LINE('',#9268,#2214);
#1425=LINE('',#9271,#2215);
#1426=LINE('',#9275,#2216);
#1427=LINE('',#9277,#2217);
#1428=LINE('',#9279,#2218);
#1429=LINE('',#9282,#2219);
#1430=LINE('',#9285,#2220);
#1431=LINE('',#9286,#2221);
#1432=LINE('',#9291,#2222);
#1433=LINE('',#9293,#2223);
#1434=LINE('',#9295,#2224);
#1435=LINE('',#9296,#2225);
#1436=LINE('',#9298,#2226);
#1437=LINE('',#9300,#2227);
#1438=LINE('',#9301,#2228);
#1439=LINE('',#9304,#2229);
#1440=LINE('',#9305,#2230);
#1441=LINE('',#9306,#2231);
#1442=LINE('',#9308,#2232);
#1443=LINE('',#9311,#2233);
#1444=LINE('',#9312,#2234);
#1445=LINE('',#9315,#2235);
#1446=LINE('',#9318,#2236);
#1447=LINE('',#9322,#2237);
#1448=LINE('',#9325,#2238);
#1449=LINE('',#9330,#2239);
#1450=LINE('',#9332,#2240);
#1451=LINE('',#9334,#2241);
#1452=LINE('',#9335,#2242);
#1453=LINE('',#9338,#2243);
#1454=LINE('',#9340,#2244);
#1455=LINE('',#9341,#2245);
#1456=LINE('',#9344,#2246);
#1457=LINE('',#9346,#2247);
#1458=LINE('',#9347,#2248);
#1459=LINE('',#9349,#2249);
#1460=LINE('',#9350,#2250);
#1461=LINE('',#9353,#2251);
#1462=LINE('',#9357,#2252);
#1463=LINE('',#9359,#2253);
#1464=LINE('',#9361,#2254);
#1465=LINE('',#9364,#2255);
#1466=LINE('',#9367,#2256);
#1467=LINE('',#9368,#2257);
#1468=LINE('',#9373,#2258);
#1469=LINE('',#9375,#2259);
#1470=LINE('',#9377,#2260);
#1471=LINE('',#9378,#2261);
#1472=LINE('',#9380,#2262);
#1473=LINE('',#9382,#2263);
#1474=LINE('',#9383,#2264);
#1475=LINE('',#9386,#2265);
#1476=LINE('',#9387,#2266);
#1477=LINE('',#9388,#2267);
#1478=LINE('',#9390,#2268);
#1479=LINE('',#9393,#2269);
#1480=LINE('',#9394,#2270);
#1481=LINE('',#9397,#2271);
#1482=LINE('',#9400,#2272);
#1483=LINE('',#9404,#2273);
#1484=LINE('',#9407,#2274);
#1485=LINE('',#9412,#2275);
#1486=LINE('',#9414,#2276);
#1487=LINE('',#9416,#2277);
#1488=LINE('',#9417,#2278);
#1489=LINE('',#9420,#2279);
#1490=LINE('',#9422,#2280);
#1491=LINE('',#9423,#2281);
#1492=LINE('',#9426,#2282);
#1493=LINE('',#9428,#2283);
#1494=LINE('',#9429,#2284);
#1495=LINE('',#9431,#2285);
#1496=LINE('',#9432,#2286);
#1497=LINE('',#9435,#2287);
#1498=LINE('',#9439,#2288);
#1499=LINE('',#9441,#2289);
#1500=LINE('',#9443,#2290);
#1501=LINE('',#9446,#2291);
#1502=LINE('',#9449,#2292);
#1503=LINE('',#9450,#2293);
#1504=LINE('',#9455,#2294);
#1505=LINE('',#9457,#2295);
#1506=LINE('',#9459,#2296);
#1507=LINE('',#9460,#2297);
#1508=LINE('',#9462,#2298);
#1509=LINE('',#9464,#2299);
#1510=LINE('',#9465,#2300);
#1511=LINE('',#9468,#2301);
#1512=LINE('',#9469,#2302);
#1513=LINE('',#9470,#2303);
#1514=LINE('',#9472,#2304);
#1515=LINE('',#9475,#2305);
#1516=LINE('',#9476,#2306);
#1517=LINE('',#9479,#2307);
#1518=LINE('',#9482,#2308);
#1519=LINE('',#9486,#2309);
#1520=LINE('',#9489,#2310);
#1521=LINE('',#9494,#2311);
#1522=LINE('',#9496,#2312);
#1523=LINE('',#9498,#2313);
#1524=LINE('',#9499,#2314);
#1525=LINE('',#9502,#2315);
#1526=LINE('',#9504,#2316);
#1527=LINE('',#9505,#2317);
#1528=LINE('',#9508,#2318);
#1529=LINE('',#9510,#2319);
#1530=LINE('',#9511,#2320);
#1531=LINE('',#9513,#2321);
#1532=LINE('',#9514,#2322);
#1533=LINE('',#9517,#2323);
#1534=LINE('',#9521,#2324);
#1535=LINE('',#9523,#2325);
#1536=LINE('',#9525,#2326);
#1537=LINE('',#9528,#2327);
#1538=LINE('',#9531,#2328);
#1539=LINE('',#9532,#2329);
#1540=LINE('',#9537,#2330);
#1541=LINE('',#9539,#2331);
#1542=LINE('',#9541,#2332);
#1543=LINE('',#9542,#2333);
#1544=LINE('',#9544,#2334);
#1545=LINE('',#9546,#2335);
#1546=LINE('',#9547,#2336);
#1547=LINE('',#9550,#2337);
#1548=LINE('',#9551,#2338);
#1549=LINE('',#9552,#2339);
#1550=LINE('',#9554,#2340);
#1551=LINE('',#9557,#2341);
#1552=LINE('',#9558,#2342);
#1553=LINE('',#9561,#2343);
#1554=LINE('',#9564,#2344);
#1555=LINE('',#9568,#2345);
#1556=LINE('',#9571,#2346);
#1557=LINE('',#9576,#2347);
#1558=LINE('',#9578,#2348);
#1559=LINE('',#9580,#2349);
#1560=LINE('',#9581,#2350);
#1561=LINE('',#9584,#2351);
#1562=LINE('',#9586,#2352);
#1563=LINE('',#9587,#2353);
#1564=LINE('',#9590,#2354);
#1565=LINE('',#9592,#2355);
#1566=LINE('',#9593,#2356);
#1567=LINE('',#9595,#2357);
#1568=LINE('',#9596,#2358);
#1569=LINE('',#9599,#2359);
#1570=LINE('',#9603,#2360);
#1571=LINE('',#9605,#2361);
#1572=LINE('',#9607,#2362);
#1573=LINE('',#9610,#2363);
#1574=LINE('',#9613,#2364);
#1575=LINE('',#9614,#2365);
#1576=LINE('',#9619,#2366);
#1577=LINE('',#9621,#2367);
#1578=LINE('',#9623,#2368);
#1579=LINE('',#9624,#2369);
#1580=LINE('',#9626,#2370);
#1581=LINE('',#9628,#2371);
#1582=LINE('',#9629,#2372);
#1583=LINE('',#9632,#2373);
#1584=LINE('',#9633,#2374);
#1585=LINE('',#9634,#2375);
#1586=LINE('',#9636,#2376);
#1587=LINE('',#9639,#2377);
#1588=LINE('',#9640,#2378);
#1589=LINE('',#9643,#2379);
#1590=LINE('',#9646,#2380);
#1591=LINE('',#9650,#2381);
#1592=LINE('',#9653,#2382);
#1593=VECTOR('',#6434,10.);
#1594=VECTOR('',#6435,10.);
#1595=VECTOR('',#6436,10.);
#1596=VECTOR('',#6437,10.);
#1597=VECTOR('',#6440,10.);
#1598=VECTOR('',#6441,10.);
#1599=VECTOR('',#6442,10.);
#1600=VECTOR('',#6445,10.);
#1601=VECTOR('',#6446,10.);
#1602=VECTOR('',#6447,10.);
#1603=VECTOR('',#6450,10.);
#1604=VECTOR('',#6451,10.);
#1605=VECTOR('',#6452,10.);
#1606=VECTOR('',#6453,10.);
#1607=VECTOR('',#6456,10.);
#1608=VECTOR('',#6457,10.);
#1609=VECTOR('',#6458,10.);
#1610=VECTOR('',#6461,10.);
#1611=VECTOR('',#6462,10.);
#1612=VECTOR('',#6463,10.);
#1613=VECTOR('',#6466,10.);
#1614=VECTOR('',#6467,10.);
#1615=VECTOR('',#6468,10.);
#1616=VECTOR('',#6469,10.);
#1617=VECTOR('',#6470,10.);
#1618=VECTOR('',#6471,10.);
#1619=VECTOR('',#6472,10.);
#1620=VECTOR('',#6475,10.);
#1621=VECTOR('',#6476,10.);
#1622=VECTOR('',#6477,10.);
#1623=VECTOR('',#6478,10.);
#1624=VECTOR('',#6481,10.);
#1625=VECTOR('',#6482,10.);
#1626=VECTOR('',#6483,10.);
#1627=VECTOR('',#6484,10.);
#1628=VECTOR('',#6485,10.);
#1629=VECTOR('',#6488,10.);
#1630=VECTOR('',#6489,10.);
#1631=VECTOR('',#6490,10.);
#1632=VECTOR('',#6491,10.);
#1633=VECTOR('',#6492,10.);
#1634=VECTOR('',#6493,10.);
#1635=VECTOR('',#6496,10.);
#1636=VECTOR('',#6497,10.);
#1637=VECTOR('',#6498,10.);
#1638=VECTOR('',#6501,10.);
#1639=VECTOR('',#6502,10.);
#1640=VECTOR('',#6503,10.);
#1641=VECTOR('',#6504,10.);
#1642=VECTOR('',#6505,10.);
#1643=VECTOR('',#6506,10.);
#1644=VECTOR('',#6509,10.);
#1645=VECTOR('',#6510,10.);
#1646=VECTOR('',#6511,10.);
#1647=VECTOR('',#6514,10.);
#1648=VECTOR('',#6515,10.);
#1649=VECTOR('',#6516,10.);
#1650=VECTOR('',#6517,10.);
#1651=VECTOR('',#6518,10.);
#1652=VECTOR('',#6521,10.);
#1653=VECTOR('',#6522,10.);
#1654=VECTOR('',#6523,10.);
#1655=VECTOR('',#6524,10.);
#1656=VECTOR('',#6525,10.);
#1657=VECTOR('',#6528,10.);
#1658=VECTOR('',#6529,10.);
#1659=VECTOR('',#6530,10.);
#1660=VECTOR('',#6531,10.);
#1661=VECTOR('',#6532,10.);
#1662=VECTOR('',#6533,10.);
#1663=VECTOR('',#6534,10.);
#1664=VECTOR('',#6535,10.);
#1665=VECTOR('',#6538,10.);
#1666=VECTOR('',#6539,10.);
#1667=VECTOR('',#6540,10.);
#1668=VECTOR('',#6541,10.);
#1669=VECTOR('',#6542,10.);
#1670=VECTOR('',#6543,10.);
#1671=VECTOR('',#6544,10.);
#1672=VECTOR('',#6545,10.);
#1673=VECTOR('',#6546,10.);
#1674=VECTOR('',#6547,10.);
#1675=VECTOR('',#6548,10.);
#1676=VECTOR('',#6549,10.);
#1677=VECTOR('',#6550,10.);
#1678=VECTOR('',#6551,10.);
#1679=VECTOR('',#6552,10.);
#1680=VECTOR('',#6553,10.);
#1681=VECTOR('',#6554,10.);
#1682=VECTOR('',#6555,10.);
#1683=VECTOR('',#6556,10.);
#1684=VECTOR('',#6557,10.);
#1685=VECTOR('',#6558,10.);
#1686=VECTOR('',#6559,10.);
#1687=VECTOR('',#6560,10.);
#1688=VECTOR('',#6561,10.);
#1689=VECTOR('',#6562,10.);
#1690=VECTOR('',#6563,10.);
#1691=VECTOR('',#6564,10.);
#1692=VECTOR('',#6565,10.);
#1693=VECTOR('',#6566,10.);
#1694=VECTOR('',#6567,10.);
#1695=VECTOR('',#6568,10.);
#1696=VECTOR('',#6569,10.);
#1697=VECTOR('',#6570,10.);
#1698=VECTOR('',#6571,10.);
#1699=VECTOR('',#6572,10.);
#1700=VECTOR('',#6573,10.);
#1701=VECTOR('',#6574,10.);
#1702=VECTOR('',#6575,10.);
#1703=VECTOR('',#6576,10.);
#1704=VECTOR('',#6577,10.);
#1705=VECTOR('',#6578,10.);
#1706=VECTOR('',#6579,10.);
#1707=VECTOR('',#6580,10.);
#1708=VECTOR('',#6581,10.);
#1709=VECTOR('',#6582,10.);
#1710=VECTOR('',#6583,10.);
#1711=VECTOR('',#6584,10.);
#1712=VECTOR('',#6585,10.);
#1713=VECTOR('',#6588,10.);
#1714=VECTOR('',#6589,10.);
#1715=VECTOR('',#6590,10.);
#1716=VECTOR('',#6591,10.);
#1717=VECTOR('',#6594,10.);
#1718=VECTOR('',#6595,10.);
#1719=VECTOR('',#6596,10.);
#1720=VECTOR('',#6599,10.);
#1721=VECTOR('',#6600,10.);
#1722=VECTOR('',#6601,10.);
#1723=VECTOR('',#6602,10.);
#1724=VECTOR('',#6605,10.);
#1725=VECTOR('',#6606,10.);
#1726=VECTOR('',#6609,10.);
#1727=VECTOR('',#6610,10.);
#1728=VECTOR('',#6613,10.);
#1729=VECTOR('',#6614,10.);
#1730=VECTOR('',#6617,10.);
#1731=VECTOR('',#6620,10.);
#1732=VECTOR('',#6621,10.);
#1733=VECTOR('',#6622,10.);
#1734=VECTOR('',#6623,10.);
#1735=VECTOR('',#6624,10.);
#1736=VECTOR('',#6627,10.);
#1737=VECTOR('',#6628,10.);
#1738=VECTOR('',#6629,10.);
#1739=VECTOR('',#6632,10.);
#1740=VECTOR('',#6633,10.);
#1741=VECTOR('',#6636,10.);
#1742=VECTOR('',#6637,10.);
#1743=VECTOR('',#6638,10.);
#1744=VECTOR('',#6639,10.);
#1745=VECTOR('',#6642,10.);
#1746=VECTOR('',#6643,10.);
#1747=VECTOR('',#6644,10.);
#1748=VECTOR('',#6645,10.);
#1749=VECTOR('',#6646,10.);
#1750=VECTOR('',#6647,10.);
#1751=VECTOR('',#6648,10.);
#1752=VECTOR('',#6651,10.);
#1753=VECTOR('',#6654,10.);
#1754=VECTOR('',#6655,10.);
#1755=VECTOR('',#6656,10.);
#1756=VECTOR('',#6657,10.);
#1757=VECTOR('',#6660,10.);
#1758=VECTOR('',#6661,10.);
#1759=VECTOR('',#6662,10.);
#1760=VECTOR('',#6663,10.);
#1761=VECTOR('',#6666,10.);
#1762=VECTOR('',#6667,10.);
#1763=VECTOR('',#6668,10.);
#1764=VECTOR('',#6671,10.);
#1765=VECTOR('',#6672,10.);
#1766=VECTOR('',#6675,10.);
#1767=VECTOR('',#6676,10.);
#1768=VECTOR('',#6677,10.);
#1769=VECTOR('',#6680,10.);
#1770=VECTOR('',#6681,10.);
#1771=VECTOR('',#6684,10.);
#1772=VECTOR('',#6687,10.);
#1773=VECTOR('',#6688,10.);
#1774=VECTOR('',#6691,10.);
#1775=VECTOR('',#6692,10.);
#1776=VECTOR('',#6693,10.);
#1777=VECTOR('',#6696,10.);
#1778=VECTOR('',#6697,10.);
#1779=VECTOR('',#6700,10.);
#1780=VECTOR('',#6701,10.);
#1781=VECTOR('',#6704,10.);
#1782=VECTOR('',#6707,10.);
#1783=VECTOR('',#6708,10.);
#1784=VECTOR('',#6709,10.);
#1785=VECTOR('',#6712,10.);
#1786=VECTOR('',#6713,10.);
#1787=VECTOR('',#6714,10.);
#1788=VECTOR('',#6715,10.);
#1789=VECTOR('',#6716,10.);
#1790=VECTOR('',#6717,10.);
#1791=VECTOR('',#6720,10.);
#1792=VECTOR('',#6723,10.);
#1793=VECTOR('',#6724,10.);
#1794=VECTOR('',#6727,10.);
#1795=VECTOR('',#6728,10.);
#1796=VECTOR('',#6729,10.);
#1797=VECTOR('',#6732,10.);
#1798=VECTOR('',#6733,10.);
#1799=VECTOR('',#6736,10.);
#1800=VECTOR('',#6737,10.);
#1801=VECTOR('',#6740,10.);
#1802=VECTOR('',#6743,10.);
#1803=VECTOR('',#6744,10.);
#1804=VECTOR('',#6745,10.);
#1805=VECTOR('',#6748,10.);
#1806=VECTOR('',#6749,10.);
#1807=VECTOR('',#6750,10.);
#1808=VECTOR('',#6751,10.);
#1809=VECTOR('',#6752,10.);
#1810=VECTOR('',#6753,10.);
#1811=VECTOR('',#6756,10.);
#1812=VECTOR('',#6759,10.);
#1813=VECTOR('',#6760,10.);
#1814=VECTOR('',#6763,10.);
#1815=VECTOR('',#6764,10.);
#1816=VECTOR('',#6765,10.);
#1817=VECTOR('',#6768,10.);
#1818=VECTOR('',#6769,10.);
#1819=VECTOR('',#6772,10.);
#1820=VECTOR('',#6773,10.);
#1821=VECTOR('',#6776,10.);
#1822=VECTOR('',#6779,10.);
#1823=VECTOR('',#6780,10.);
#1824=VECTOR('',#6781,10.);
#1825=VECTOR('',#6784,10.);
#1826=VECTOR('',#6785,10.);
#1827=VECTOR('',#6786,10.);
#1828=VECTOR('',#6787,10.);
#1829=VECTOR('',#6788,10.);
#1830=VECTOR('',#6789,10.);
#1831=VECTOR('',#6792,10.);
#1832=VECTOR('',#6795,10.);
#1833=VECTOR('',#6796,10.);
#1834=VECTOR('',#6799,10.);
#1835=VECTOR('',#6800,10.);
#1836=VECTOR('',#6801,10.);
#1837=VECTOR('',#6804,10.);
#1838=VECTOR('',#6805,10.);
#1839=VECTOR('',#6808,10.);
#1840=VECTOR('',#6809,10.);
#1841=VECTOR('',#6812,10.);
#1842=VECTOR('',#6815,10.);
#1843=VECTOR('',#6816,10.);
#1844=VECTOR('',#6817,10.);
#1845=VECTOR('',#6820,10.);
#1846=VECTOR('',#6821,10.);
#1847=VECTOR('',#6822,10.);
#1848=VECTOR('',#6823,10.);
#1849=VECTOR('',#6824,10.);
#1850=VECTOR('',#6825,10.);
#1851=VECTOR('',#6828,10.);
#1852=VECTOR('',#6831,10.);
#1853=VECTOR('',#6832,10.);
#1854=VECTOR('',#6835,10.);
#1855=VECTOR('',#6836,10.);
#1856=VECTOR('',#6837,10.);
#1857=VECTOR('',#6840,10.);
#1858=VECTOR('',#6841,10.);
#1859=VECTOR('',#6844,10.);
#1860=VECTOR('',#6845,10.);
#1861=VECTOR('',#6848,10.);
#1862=VECTOR('',#6851,10.);
#1863=VECTOR('',#6852,10.);
#1864=VECTOR('',#6853,10.);
#1865=VECTOR('',#6856,10.);
#1866=VECTOR('',#6857,10.);
#1867=VECTOR('',#6858,10.);
#1868=VECTOR('',#6859,10.);
#1869=VECTOR('',#6860,10.);
#1870=VECTOR('',#6861,10.);
#1871=VECTOR('',#6864,10.);
#1872=VECTOR('',#6867,10.);
#1873=VECTOR('',#6868,10.);
#1874=VECTOR('',#6871,10.);
#1875=VECTOR('',#6872,10.);
#1876=VECTOR('',#6873,10.);
#1877=VECTOR('',#6876,10.);
#1878=VECTOR('',#6877,10.);
#1879=VECTOR('',#6880,10.);
#1880=VECTOR('',#6881,10.);
#1881=VECTOR('',#6884,10.);
#1882=VECTOR('',#6887,10.);
#1883=VECTOR('',#6888,10.);
#1884=VECTOR('',#6889,10.);
#1885=VECTOR('',#6892,10.);
#1886=VECTOR('',#6893,10.);
#1887=VECTOR('',#6894,10.);
#1888=VECTOR('',#6895,10.);
#1889=VECTOR('',#6896,10.);
#1890=VECTOR('',#6897,10.);
#1891=VECTOR('',#6900,10.);
#1892=VECTOR('',#6903,10.);
#1893=VECTOR('',#6904,10.);
#1894=VECTOR('',#6907,10.);
#1895=VECTOR('',#6908,10.);
#1896=VECTOR('',#6909,10.);
#1897=VECTOR('',#6912,10.);
#1898=VECTOR('',#6913,10.);
#1899=VECTOR('',#6916,10.);
#1900=VECTOR('',#6917,10.);
#1901=VECTOR('',#6920,10.);
#1902=VECTOR('',#6923,10.);
#1903=VECTOR('',#6924,10.);
#1904=VECTOR('',#6925,10.);
#1905=VECTOR('',#6928,10.);
#1906=VECTOR('',#6929,10.);
#1907=VECTOR('',#6930,10.);
#1908=VECTOR('',#6931,10.);
#1909=VECTOR('',#6932,10.);
#1910=VECTOR('',#6933,10.);
#1911=VECTOR('',#6936,10.);
#1912=VECTOR('',#6939,10.);
#1913=VECTOR('',#6940,10.);
#1914=VECTOR('',#6943,10.);
#1915=VECTOR('',#6944,10.);
#1916=VECTOR('',#6945,10.);
#1917=VECTOR('',#6948,10.);
#1918=VECTOR('',#6949,10.);
#1919=VECTOR('',#6952,10.);
#1920=VECTOR('',#6953,10.);
#1921=VECTOR('',#6956,10.);
#1922=VECTOR('',#6959,10.);
#1923=VECTOR('',#6960,10.);
#1924=VECTOR('',#6961,10.);
#1925=VECTOR('',#6964,10.);
#1926=VECTOR('',#6965,10.);
#1927=VECTOR('',#6966,10.);
#1928=VECTOR('',#6967,10.);
#1929=VECTOR('',#6968,10.);
#1930=VECTOR('',#6969,10.);
#1931=VECTOR('',#6972,10.);
#1932=VECTOR('',#6975,10.);
#1933=VECTOR('',#6976,10.);
#1934=VECTOR('',#6979,10.);
#1935=VECTOR('',#6980,10.);
#1936=VECTOR('',#6981,10.);
#1937=VECTOR('',#6984,10.);
#1938=VECTOR('',#6985,10.);
#1939=VECTOR('',#6988,10.);
#1940=VECTOR('',#6989,10.);
#1941=VECTOR('',#6992,10.);
#1942=VECTOR('',#6995,10.);
#1943=VECTOR('',#6996,10.);
#1944=VECTOR('',#6997,10.);
#1945=VECTOR('',#7000,10.);
#1946=VECTOR('',#7001,10.);
#1947=VECTOR('',#7002,10.);
#1948=VECTOR('',#7003,10.);
#1949=VECTOR('',#7004,10.);
#1950=VECTOR('',#7005,10.);
#1951=VECTOR('',#7008,10.);
#1952=VECTOR('',#7011,10.);
#1953=VECTOR('',#7012,10.);
#1954=VECTOR('',#7015,10.);
#1955=VECTOR('',#7016,10.);
#1956=VECTOR('',#7017,10.);
#1957=VECTOR('',#7020,10.);
#1958=VECTOR('',#7021,10.);
#1959=VECTOR('',#7024,10.);
#1960=VECTOR('',#7025,10.);
#1961=VECTOR('',#7028,10.);
#1962=VECTOR('',#7031,10.);
#1963=VECTOR('',#7034,10.);
#1964=VECTOR('',#7035,10.);
#1965=VECTOR('',#7038,10.);
#1966=VECTOR('',#7039,10.);
#1967=VECTOR('',#7040,10.);
#1968=VECTOR('',#7041,10.);
#1969=VECTOR('',#7044,10.);
#1970=VECTOR('',#7045,10.);
#1971=VECTOR('',#7046,10.);
#1972=VECTOR('',#7049,10.);
#1973=VECTOR('',#7050,10.);
#1974=VECTOR('',#7053,10.);
#1975=VECTOR('',#7054,10.);
#1976=VECTOR('',#7057,10.);
#1977=VECTOR('',#7060,10.);
#1978=VECTOR('',#7061,10.);
#1979=VECTOR('',#7066,10.);
#1980=VECTOR('',#7067,10.);
#1981=VECTOR('',#7070,10.);
#1982=VECTOR('',#7071,10.);
#1983=VECTOR('',#7074,10.);
#1984=VECTOR('',#7075,10.);
#1985=VECTOR('',#7076,10.);
#1986=VECTOR('',#7079,10.);
#1987=VECTOR('',#7088,10.);
#1988=VECTOR('',#7089,10.);
#1989=VECTOR('',#7090,10.);
#1990=VECTOR('',#7091,10.);
#1991=VECTOR('',#7094,10.);
#1992=VECTOR('',#7095,10.);
#1993=VECTOR('',#7096,10.);
#1994=VECTOR('',#7099,10.);
#1995=VECTOR('',#7100,10.);
#1996=VECTOR('',#7101,10.);
#1997=VECTOR('',#7104,10.);
#1998=VECTOR('',#7105,10.);
#1999=VECTOR('',#7108,10.);
#2000=VECTOR('',#7111,10.);
#2001=VECTOR('',#7112,10.);
#2002=VECTOR('',#7113,10.);
#2003=VECTOR('',#7116,10.);
#2004=VECTOR('',#7119,10.);
#2005=VECTOR('',#7120,10.);
#2006=VECTOR('',#7125,10.);
#2007=VECTOR('',#7126,10.);
#2008=VECTOR('',#7127,10.);
#2009=VECTOR('',#7128,10.);
#2010=VECTOR('',#7131,10.);
#2011=VECTOR('',#7132,10.);
#2012=VECTOR('',#7133,10.);
#2013=VECTOR('',#7136,10.);
#2014=VECTOR('',#7137,10.);
#2015=VECTOR('',#7138,10.);
#2016=VECTOR('',#7141,10.);
#2017=VECTOR('',#7144,10.);
#2018=VECTOR('',#7145,10.);
#2019=VECTOR('',#7148,10.);
#2020=VECTOR('',#7151,10.);
#2021=VECTOR('',#7158,10.);
#2022=VECTOR('',#7163,10.);
#2023=VECTOR('',#7168,10.);
#2024=VECTOR('',#7169,10.);
#2025=VECTOR('',#7170,10.);
#2026=VECTOR('',#7171,10.);
#2027=VECTOR('',#7174,10.);
#2028=VECTOR('',#7175,10.);
#2029=VECTOR('',#7176,10.);
#2030=VECTOR('',#7179,10.);
#2031=VECTOR('',#7180,10.);
#2032=VECTOR('',#7181,10.);
#2033=VECTOR('',#7184,10.);
#2034=VECTOR('',#7185,10.);
#2035=VECTOR('',#7188,10.);
#2036=VECTOR('',#7191,10.);
#2037=VECTOR('',#7192,10.);
#2038=VECTOR('',#7193,10.);
#2039=VECTOR('',#7196,10.);
#2040=VECTOR('',#7199,10.);
#2041=VECTOR('',#7200,10.);
#2042=VECTOR('',#7205,10.);
#2043=VECTOR('',#7206,10.);
#2044=VECTOR('',#7207,10.);
#2045=VECTOR('',#7208,10.);
#2046=VECTOR('',#7211,10.);
#2047=VECTOR('',#7212,10.);
#2048=VECTOR('',#7213,10.);
#2049=VECTOR('',#7216,10.);
#2050=VECTOR('',#7217,10.);
#2051=VECTOR('',#7218,10.);
#2052=VECTOR('',#7221,10.);
#2053=VECTOR('',#7224,10.);
#2054=VECTOR('',#7225,10.);
#2055=VECTOR('',#7228,10.);
#2056=VECTOR('',#7231,10.);
#2057=VECTOR('',#7238,10.);
#2058=VECTOR('',#7243,10.);
#2059=VECTOR('',#7248,10.);
#2060=VECTOR('',#7249,10.);
#2061=VECTOR('',#7250,10.);
#2062=VECTOR('',#7251,10.);
#2063=VECTOR('',#7254,10.);
#2064=VECTOR('',#7255,10.);
#2065=VECTOR('',#7256,10.);
#2066=VECTOR('',#7259,10.);
#2067=VECTOR('',#7260,10.);
#2068=VECTOR('',#7261,10.);
#2069=VECTOR('',#7264,10.);
#2070=VECTOR('',#7265,10.);
#2071=VECTOR('',#7268,10.);
#2072=VECTOR('',#7271,10.);
#2073=VECTOR('',#7272,10.);
#2074=VECTOR('',#7273,10.);
#2075=VECTOR('',#7276,10.);
#2076=VECTOR('',#7279,10.);
#2077=VECTOR('',#7280,10.);
#2078=VECTOR('',#7285,10.);
#2079=VECTOR('',#7286,10.);
#2080=VECTOR('',#7287,10.);
#2081=VECTOR('',#7288,10.);
#2082=VECTOR('',#7291,10.);
#2083=VECTOR('',#7292,10.);
#2084=VECTOR('',#7293,10.);
#2085=VECTOR('',#7296,10.);
#2086=VECTOR('',#7297,10.);
#2087=VECTOR('',#7298,10.);
#2088=VECTOR('',#7301,10.);
#2089=VECTOR('',#7304,10.);
#2090=VECTOR('',#7305,10.);
#2091=VECTOR('',#7308,10.);
#2092=VECTOR('',#7311,10.);
#2093=VECTOR('',#7318,10.);
#2094=VECTOR('',#7323,10.);
#2095=VECTOR('',#7328,10.);
#2096=VECTOR('',#7329,10.);
#2097=VECTOR('',#7330,10.);
#2098=VECTOR('',#7331,10.);
#2099=VECTOR('',#7334,10.);
#2100=VECTOR('',#7335,10.);
#2101=VECTOR('',#7336,10.);
#2102=VECTOR('',#7339,10.);
#2103=VECTOR('',#7340,10.);
#2104=VECTOR('',#7341,10.);
#2105=VECTOR('',#7344,10.);
#2106=VECTOR('',#7345,10.);
#2107=VECTOR('',#7348,10.);
#2108=VECTOR('',#7351,10.);
#2109=VECTOR('',#7352,10.);
#2110=VECTOR('',#7353,10.);
#2111=VECTOR('',#7356,10.);
#2112=VECTOR('',#7359,10.);
#2113=VECTOR('',#7360,10.);
#2114=VECTOR('',#7365,10.);
#2115=VECTOR('',#7366,10.);
#2116=VECTOR('',#7367,10.);
#2117=VECTOR('',#7368,10.);
#2118=VECTOR('',#7371,10.);
#2119=VECTOR('',#7372,10.);
#2120=VECTOR('',#7373,10.);
#2121=VECTOR('',#7376,10.);
#2122=VECTOR('',#7377,10.);
#2123=VECTOR('',#7378,10.);
#2124=VECTOR('',#7381,10.);
#2125=VECTOR('',#7384,10.);
#2126=VECTOR('',#7385,10.);
#2127=VECTOR('',#7388,10.);
#2128=VECTOR('',#7391,10.);
#2129=VECTOR('',#7398,10.);
#2130=VECTOR('',#7403,10.);
#2131=VECTOR('',#7408,10.);
#2132=VECTOR('',#7409,10.);
#2133=VECTOR('',#7410,10.);
#2134=VECTOR('',#7411,10.);
#2135=VECTOR('',#7414,10.);
#2136=VECTOR('',#7415,10.);
#2137=VECTOR('',#7416,10.);
#2138=VECTOR('',#7419,10.);
#2139=VECTOR('',#7420,10.);
#2140=VECTOR('',#7421,10.);
#2141=VECTOR('',#7424,10.);
#2142=VECTOR('',#7425,10.);
#2143=VECTOR('',#7428,10.);
#2144=VECTOR('',#7431,10.);
#2145=VECTOR('',#7432,10.);
#2146=VECTOR('',#7433,10.);
#2147=VECTOR('',#7436,10.);
#2148=VECTOR('',#7439,10.);
#2149=VECTOR('',#7440,10.);
#2150=VECTOR('',#7445,10.);
#2151=VECTOR('',#7446,10.);
#2152=VECTOR('',#7447,10.);
#2153=VECTOR('',#7448,10.);
#2154=VECTOR('',#7451,10.);
#2155=VECTOR('',#7452,10.);
#2156=VECTOR('',#7453,10.);
#2157=VECTOR('',#7456,10.);
#2158=VECTOR('',#7457,10.);
#2159=VECTOR('',#7458,10.);
#2160=VECTOR('',#7461,10.);
#2161=VECTOR('',#7464,10.);
#2162=VECTOR('',#7465,10.);
#2163=VECTOR('',#7468,10.);
#2164=VECTOR('',#7471,10.);
#2165=VECTOR('',#7478,10.);
#2166=VECTOR('',#7483,10.);
#2167=VECTOR('',#7488,10.);
#2168=VECTOR('',#7489,10.);
#2169=VECTOR('',#7490,10.);
#2170=VECTOR('',#7491,10.);
#2171=VECTOR('',#7494,10.);
#2172=VECTOR('',#7495,10.);
#2173=VECTOR('',#7496,10.);
#2174=VECTOR('',#7499,10.);
#2175=VECTOR('',#7500,10.);
#2176=VECTOR('',#7501,10.);
#2177=VECTOR('',#7504,10.);
#2178=VECTOR('',#7505,10.);
#2179=VECTOR('',#7508,10.);
#2180=VECTOR('',#7511,10.);
#2181=VECTOR('',#7512,10.);
#2182=VECTOR('',#7513,10.);
#2183=VECTOR('',#7516,10.);
#2184=VECTOR('',#7519,10.);
#2185=VECTOR('',#7520,10.);
#2186=VECTOR('',#7525,10.);
#2187=VECTOR('',#7526,10.);
#2188=VECTOR('',#7527,10.);
#2189=VECTOR('',#7528,10.);
#2190=VECTOR('',#7531,10.);
#2191=VECTOR('',#7532,10.);
#2192=VECTOR('',#7533,10.);
#2193=VECTOR('',#7536,10.);
#2194=VECTOR('',#7537,10.);
#2195=VECTOR('',#7538,10.);
#2196=VECTOR('',#7541,10.);
#2197=VECTOR('',#7544,10.);
#2198=VECTOR('',#7545,10.);
#2199=VECTOR('',#7548,10.);
#2200=VECTOR('',#7551,10.);
#2201=VECTOR('',#7558,10.);
#2202=VECTOR('',#7563,10.);
#2203=VECTOR('',#7568,10.);
#2204=VECTOR('',#7569,10.);
#2205=VECTOR('',#7570,10.);
#2206=VECTOR('',#7571,10.);
#2207=VECTOR('',#7574,10.);
#2208=VECTOR('',#7575,10.);
#2209=VECTOR('',#7576,10.);
#2210=VECTOR('',#7579,10.);
#2211=VECTOR('',#7580,10.);
#2212=VECTOR('',#7581,10.);
#2213=VECTOR('',#7584,10.);
#2214=VECTOR('',#7585,10.);
#2215=VECTOR('',#7588,10.);
#2216=VECTOR('',#7591,10.);
#2217=VECTOR('',#7592,10.);
#2218=VECTOR('',#7593,10.);
#2219=VECTOR('',#7596,10.);
#2220=VECTOR('',#7599,10.);
#2221=VECTOR('',#7600,10.);
#2222=VECTOR('',#7605,10.);
#2223=VECTOR('',#7606,10.);
#2224=VECTOR('',#7607,10.);
#2225=VECTOR('',#7608,10.);
#2226=VECTOR('',#7611,10.);
#2227=VECTOR('',#7612,10.);
#2228=VECTOR('',#7613,10.);
#2229=VECTOR('',#7616,10.);
#2230=VECTOR('',#7617,10.);
#2231=VECTOR('',#7618,10.);
#2232=VECTOR('',#7621,10.);
#2233=VECTOR('',#7624,10.);
#2234=VECTOR('',#7625,10.);
#2235=VECTOR('',#7628,10.);
#2236=VECTOR('',#7631,10.);
#2237=VECTOR('',#7638,10.);
#2238=VECTOR('',#7643,10.);
#2239=VECTOR('',#7648,10.);
#2240=VECTOR('',#7649,10.);
#2241=VECTOR('',#7650,10.);
#2242=VECTOR('',#7651,10.);
#2243=VECTOR('',#7654,10.);
#2244=VECTOR('',#7655,10.);
#2245=VECTOR('',#7656,10.);
#2246=VECTOR('',#7659,10.);
#2247=VECTOR('',#7660,10.);
#2248=VECTOR('',#7661,10.);
#2249=VECTOR('',#7664,10.);
#2250=VECTOR('',#7665,10.);
#2251=VECTOR('',#7668,10.);
#2252=VECTOR('',#7671,10.);
#2253=VECTOR('',#7672,10.);
#2254=VECTOR('',#7673,10.);
#2255=VECTOR('',#7676,10.);
#2256=VECTOR('',#7679,10.);
#2257=VECTOR('',#7680,10.);
#2258=VECTOR('',#7685,10.);
#2259=VECTOR('',#7686,10.);
#2260=VECTOR('',#7687,10.);
#2261=VECTOR('',#7688,10.);
#2262=VECTOR('',#7691,10.);
#2263=VECTOR('',#7692,10.);
#2264=VECTOR('',#7693,10.);
#2265=VECTOR('',#7696,10.);
#2266=VECTOR('',#7697,10.);
#2267=VECTOR('',#7698,10.);
#2268=VECTOR('',#7701,10.);
#2269=VECTOR('',#7704,10.);
#2270=VECTOR('',#7705,10.);
#2271=VECTOR('',#7708,10.);
#2272=VECTOR('',#7711,10.);
#2273=VECTOR('',#7718,10.);
#2274=VECTOR('',#7723,10.);
#2275=VECTOR('',#7728,10.);
#2276=VECTOR('',#7729,10.);
#2277=VECTOR('',#7730,10.);
#2278=VECTOR('',#7731,10.);
#2279=VECTOR('',#7734,10.);
#2280=VECTOR('',#7735,10.);
#2281=VECTOR('',#7736,10.);
#2282=VECTOR('',#7739,10.);
#2283=VECTOR('',#7740,10.);
#2284=VECTOR('',#7741,10.);
#2285=VECTOR('',#7744,10.);
#2286=VECTOR('',#7745,10.);
#2287=VECTOR('',#7748,10.);
#2288=VECTOR('',#7751,10.);
#2289=VECTOR('',#7752,10.);
#2290=VECTOR('',#7753,10.);
#2291=VECTOR('',#7756,10.);
#2292=VECTOR('',#7759,10.);
#2293=VECTOR('',#7760,10.);
#2294=VECTOR('',#7765,10.);
#2295=VECTOR('',#7766,10.);
#2296=VECTOR('',#7767,10.);
#2297=VECTOR('',#7768,10.);
#2298=VECTOR('',#7771,10.);
#2299=VECTOR('',#7772,10.);
#2300=VECTOR('',#7773,10.);
#2301=VECTOR('',#7776,10.);
#2302=VECTOR('',#7777,10.);
#2303=VECTOR('',#7778,10.);
#2304=VECTOR('',#7781,10.);
#2305=VECTOR('',#7784,10.);
#2306=VECTOR('',#7785,10.);
#2307=VECTOR('',#7788,10.);
#2308=VECTOR('',#7791,10.);
#2309=VECTOR('',#7798,10.);
#2310=VECTOR('',#7803,10.);
#2311=VECTOR('',#7808,10.);
#2312=VECTOR('',#7809,10.);
#2313=VECTOR('',#7810,10.);
#2314=VECTOR('',#7811,10.);
#2315=VECTOR('',#7814,10.);
#2316=VECTOR('',#7815,10.);
#2317=VECTOR('',#7816,10.);
#2318=VECTOR('',#7819,10.);
#2319=VECTOR('',#7820,10.);
#2320=VECTOR('',#7821,10.);
#2321=VECTOR('',#7824,10.);
#2322=VECTOR('',#7825,10.);
#2323=VECTOR('',#7828,10.);
#2324=VECTOR('',#7831,10.);
#2325=VECTOR('',#7832,10.);
#2326=VECTOR('',#7833,10.);
#2327=VECTOR('',#7836,10.);
#2328=VECTOR('',#7839,10.);
#2329=VECTOR('',#7840,10.);
#2330=VECTOR('',#7845,10.);
#2331=VECTOR('',#7846,10.);
#2332=VECTOR('',#7847,10.);
#2333=VECTOR('',#7848,10.);
#2334=VECTOR('',#7851,10.);
#2335=VECTOR('',#7852,10.);
#2336=VECTOR('',#7853,10.);
#2337=VECTOR('',#7856,10.);
#2338=VECTOR('',#7857,10.);
#2339=VECTOR('',#7858,10.);
#2340=VECTOR('',#7861,10.);
#2341=VECTOR('',#7864,10.);
#2342=VECTOR('',#7865,10.);
#2343=VECTOR('',#7868,10.);
#2344=VECTOR('',#7871,10.);
#2345=VECTOR('',#7878,10.);
#2346=VECTOR('',#7883,10.);
#2347=VECTOR('',#7888,10.);
#2348=VECTOR('',#7889,10.);
#2349=VECTOR('',#7890,10.);
#2350=VECTOR('',#7891,10.);
#2351=VECTOR('',#7894,10.);
#2352=VECTOR('',#7895,10.);
#2353=VECTOR('',#7896,10.);
#2354=VECTOR('',#7899,10.);
#2355=VECTOR('',#7900,10.);
#2356=VECTOR('',#7901,10.);
#2357=VECTOR('',#7904,10.);
#2358=VECTOR('',#7905,10.);
#2359=VECTOR('',#7908,10.);
#2360=VECTOR('',#7911,10.);
#2361=VECTOR('',#7912,10.);
#2362=VECTOR('',#7913,10.);
#2363=VECTOR('',#7916,10.);
#2364=VECTOR('',#7919,10.);
#2365=VECTOR('',#7920,10.);
#2366=VECTOR('',#7925,10.);
#2367=VECTOR('',#7926,10.);
#2368=VECTOR('',#7927,10.);
#2369=VECTOR('',#7928,10.);
#2370=VECTOR('',#7931,10.);
#2371=VECTOR('',#7932,10.);
#2372=VECTOR('',#7933,10.);
#2373=VECTOR('',#7936,10.);
#2374=VECTOR('',#7937,10.);
#2375=VECTOR('',#7938,10.);
#2376=VECTOR('',#7941,10.);
#2377=VECTOR('',#7944,10.);
#2378=VECTOR('',#7945,10.);
#2379=VECTOR('',#7948,10.);
#2380=VECTOR('',#7951,10.);
#2381=VECTOR('',#7958,10.);
#2382=VECTOR('',#7963,10.);
#2383=VERTEX_POINT('',#7968);
#2384=VERTEX_POINT('',#7969);
#2385=VERTEX_POINT('',#7971);
#2386=VERTEX_POINT('',#7973);
#2387=VERTEX_POINT('',#7977);
#2388=VERTEX_POINT('',#7979);
#2389=VERTEX_POINT('',#7983);
#2390=VERTEX_POINT('',#7985);
#2391=VERTEX_POINT('',#7989);
#2392=VERTEX_POINT('',#7990);
#2393=VERTEX_POINT('',#7992);
#2394=VERTEX_POINT('',#7994);
#2395=VERTEX_POINT('',#7998);
#2396=VERTEX_POINT('',#8000);
#2397=VERTEX_POINT('',#8004);
#2398=VERTEX_POINT('',#8006);
#2399=VERTEX_POINT('',#8010);
#2400=VERTEX_POINT('',#8012);
#2401=VERTEX_POINT('',#8014);
#2402=VERTEX_POINT('',#8016);
#2403=VERTEX_POINT('',#8018);
#2404=VERTEX_POINT('',#8020);
#2405=VERTEX_POINT('',#8024);
#2406=VERTEX_POINT('',#8026);
#2407=VERTEX_POINT('',#8028);
#2408=VERTEX_POINT('',#8032);
#2409=VERTEX_POINT('',#8034);
#2410=VERTEX_POINT('',#8036);
#2411=VERTEX_POINT('',#8038);
#2412=VERTEX_POINT('',#8042);
#2413=VERTEX_POINT('',#8044);
#2414=VERTEX_POINT('',#8046);
#2415=VERTEX_POINT('',#8048);
#2416=VERTEX_POINT('',#8050);
#2417=VERTEX_POINT('',#8054);
#2418=VERTEX_POINT('',#8056);
#2419=VERTEX_POINT('',#8060);
#2420=VERTEX_POINT('',#8061);
#2421=VERTEX_POINT('',#8063);
#2422=VERTEX_POINT('',#8065);
#2423=VERTEX_POINT('',#8067);
#2424=VERTEX_POINT('',#8069);
#2425=VERTEX_POINT('',#8073);
#2426=VERTEX_POINT('',#8075);
#2427=VERTEX_POINT('',#8079);
#2428=VERTEX_POINT('',#8080);
#2429=VERTEX_POINT('',#8083);
#2430=VERTEX_POINT('',#8085);
#2431=VERTEX_POINT('',#8089);
#2432=VERTEX_POINT('',#8092);
#2433=VERTEX_POINT('',#8094);
#2434=VERTEX_POINT('',#8098);
#2435=VERTEX_POINT('',#8100);
#2436=VERTEX_POINT('',#8102);
#2437=VERTEX_POINT('',#8105);
#2438=VERTEX_POINT('',#8106);
#2439=VERTEX_POINT('',#8108);
#2440=VERTEX_POINT('',#8110);
#2441=VERTEX_POINT('',#8114);
#2442=VERTEX_POINT('',#8117);
#2443=VERTEX_POINT('',#8119);
#2444=VERTEX_POINT('',#8121);
#2445=VERTEX_POINT('',#8123);
#2446=VERTEX_POINT('',#8125);
#2447=VERTEX_POINT('',#8127);
#2448=VERTEX_POINT('',#8129);
#2449=VERTEX_POINT('',#8131);
#2450=VERTEX_POINT('',#8133);
#2451=VERTEX_POINT('',#8135);
#2452=VERTEX_POINT('',#8137);
#2453=VERTEX_POINT('',#8139);
#2454=VERTEX_POINT('',#8141);
#2455=VERTEX_POINT('',#8143);
#2456=VERTEX_POINT('',#8145);
#2457=VERTEX_POINT('',#8147);
#2458=VERTEX_POINT('',#8149);
#2459=VERTEX_POINT('',#8151);
#2460=VERTEX_POINT('',#8153);
#2461=VERTEX_POINT('',#8155);
#2462=VERTEX_POINT('',#8157);
#2463=VERTEX_POINT('',#8159);
#2464=VERTEX_POINT('',#8161);
#2465=VERTEX_POINT('',#8163);
#2466=VERTEX_POINT('',#8165);
#2467=VERTEX_POINT('',#8167);
#2468=VERTEX_POINT('',#8169);
#2469=VERTEX_POINT('',#8171);
#2470=VERTEX_POINT('',#8173);
#2471=VERTEX_POINT('',#8175);
#2472=VERTEX_POINT('',#8177);
#2473=VERTEX_POINT('',#8179);
#2474=VERTEX_POINT('',#8181);
#2475=VERTEX_POINT('',#8183);
#2476=VERTEX_POINT('',#8185);
#2477=VERTEX_POINT('',#8187);
#2478=VERTEX_POINT('',#8189);
#2479=VERTEX_POINT('',#8191);
#2480=VERTEX_POINT('',#8193);
#2481=VERTEX_POINT('',#8195);
#2482=VERTEX_POINT('',#8197);
#2483=VERTEX_POINT('',#8199);
#2484=VERTEX_POINT('',#8201);
#2485=VERTEX_POINT('',#8203);
#2486=VERTEX_POINT('',#8208);
#2487=VERTEX_POINT('',#8210);
#2488=VERTEX_POINT('',#8215);
#2489=VERTEX_POINT('',#8217);
#2490=VERTEX_POINT('',#8221);
#2491=VERTEX_POINT('',#8222);
#2492=VERTEX_POINT('',#8224);
#2493=VERTEX_POINT('',#8226);
#2494=VERTEX_POINT('',#8230);
#2495=VERTEX_POINT('',#8237);
#2496=VERTEX_POINT('',#8243);
#2497=VERTEX_POINT('',#8244);
#2498=VERTEX_POINT('',#8246);
#2499=VERTEX_POINT('',#8249);
#2500=VERTEX_POINT('',#8254);
#2501=VERTEX_POINT('',#8258);
#2502=VERTEX_POINT('',#8263);
#2503=VERTEX_POINT('',#8265);
#2504=VERTEX_POINT('',#8269);
#2505=VERTEX_POINT('',#8271);
#2506=VERTEX_POINT('',#8274);
#2507=VERTEX_POINT('',#8275);
#2508=VERTEX_POINT('',#8277);
#2509=VERTEX_POINT('',#8279);
#2510=VERTEX_POINT('',#8285);
#2511=VERTEX_POINT('',#8286);
#2512=VERTEX_POINT('',#8288);
#2513=VERTEX_POINT('',#8290);
#2514=VERTEX_POINT('',#8294);
#2515=VERTEX_POINT('',#8295);
#2516=VERTEX_POINT('',#8297);
#2517=VERTEX_POINT('',#8299);
#2518=VERTEX_POINT('',#8303);
#2519=VERTEX_POINT('',#8305);
#2520=VERTEX_POINT('',#8313);
#2521=VERTEX_POINT('',#8317);
#2522=VERTEX_POINT('',#8323);
#2523=VERTEX_POINT('',#8327);
#2524=VERTEX_POINT('',#8329);
#2525=VERTEX_POINT('',#8333);
#2526=VERTEX_POINT('',#8337);
#2527=VERTEX_POINT('',#8343);
#2528=VERTEX_POINT('',#8344);
#2529=VERTEX_POINT('',#8349);
#2530=VERTEX_POINT('',#8352);
#2531=VERTEX_POINT('',#8353);
#2532=VERTEX_POINT('',#8355);
#2533=VERTEX_POINT('',#8357);
#2534=VERTEX_POINT('',#8363);
#2535=VERTEX_POINT('',#8367);
#2536=VERTEX_POINT('',#8369);
#2537=VERTEX_POINT('',#8373);
#2538=VERTEX_POINT('',#8377);
#2539=VERTEX_POINT('',#8383);
#2540=VERTEX_POINT('',#8384);
#2541=VERTEX_POINT('',#8389);
#2542=VERTEX_POINT('',#8392);
#2543=VERTEX_POINT('',#8393);
#2544=VERTEX_POINT('',#8395);
#2545=VERTEX_POINT('',#8397);
#2546=VERTEX_POINT('',#8403);
#2547=VERTEX_POINT('',#8407);
#2548=VERTEX_POINT('',#8409);
#2549=VERTEX_POINT('',#8413);
#2550=VERTEX_POINT('',#8417);
#2551=VERTEX_POINT('',#8423);
#2552=VERTEX_POINT('',#8424);
#2553=VERTEX_POINT('',#8429);
#2554=VERTEX_POINT('',#8432);
#2555=VERTEX_POINT('',#8433);
#2556=VERTEX_POINT('',#8435);
#2557=VERTEX_POINT('',#8437);
#2558=VERTEX_POINT('',#8443);
#2559=VERTEX_POINT('',#8447);
#2560=VERTEX_POINT('',#8449);
#2561=VERTEX_POINT('',#8453);
#2562=VERTEX_POINT('',#8457);
#2563=VERTEX_POINT('',#8463);
#2564=VERTEX_POINT('',#8464);
#2565=VERTEX_POINT('',#8469);
#2566=VERTEX_POINT('',#8472);
#2567=VERTEX_POINT('',#8473);
#2568=VERTEX_POINT('',#8475);
#2569=VERTEX_POINT('',#8477);
#2570=VERTEX_POINT('',#8483);
#2571=VERTEX_POINT('',#8487);
#2572=VERTEX_POINT('',#8489);
#2573=VERTEX_POINT('',#8493);
#2574=VERTEX_POINT('',#8497);
#2575=VERTEX_POINT('',#8503);
#2576=VERTEX_POINT('',#8504);
#2577=VERTEX_POINT('',#8509);
#2578=VERTEX_POINT('',#8512);
#2579=VERTEX_POINT('',#8513);
#2580=VERTEX_POINT('',#8515);
#2581=VERTEX_POINT('',#8517);
#2582=VERTEX_POINT('',#8523);
#2583=VERTEX_POINT('',#8527);
#2584=VERTEX_POINT('',#8529);
#2585=VERTEX_POINT('',#8533);
#2586=VERTEX_POINT('',#8537);
#2587=VERTEX_POINT('',#8543);
#2588=VERTEX_POINT('',#8544);
#2589=VERTEX_POINT('',#8549);
#2590=VERTEX_POINT('',#8552);
#2591=VERTEX_POINT('',#8553);
#2592=VERTEX_POINT('',#8555);
#2593=VERTEX_POINT('',#8557);
#2594=VERTEX_POINT('',#8563);
#2595=VERTEX_POINT('',#8567);
#2596=VERTEX_POINT('',#8569);
#2597=VERTEX_POINT('',#8573);
#2598=VERTEX_POINT('',#8577);
#2599=VERTEX_POINT('',#8583);
#2600=VERTEX_POINT('',#8584);
#2601=VERTEX_POINT('',#8589);
#2602=VERTEX_POINT('',#8592);
#2603=VERTEX_POINT('',#8593);
#2604=VERTEX_POINT('',#8595);
#2605=VERTEX_POINT('',#8597);
#2606=VERTEX_POINT('',#8603);
#2607=VERTEX_POINT('',#8607);
#2608=VERTEX_POINT('',#8609);
#2609=VERTEX_POINT('',#8613);
#2610=VERTEX_POINT('',#8617);
#2611=VERTEX_POINT('',#8623);
#2612=VERTEX_POINT('',#8624);
#2613=VERTEX_POINT('',#8629);
#2614=VERTEX_POINT('',#8632);
#2615=VERTEX_POINT('',#8633);
#2616=VERTEX_POINT('',#8635);
#2617=VERTEX_POINT('',#8637);
#2618=VERTEX_POINT('',#8643);
#2619=VERTEX_POINT('',#8647);
#2620=VERTEX_POINT('',#8649);
#2621=VERTEX_POINT('',#8653);
#2622=VERTEX_POINT('',#8657);
#2623=VERTEX_POINT('',#8663);
#2624=VERTEX_POINT('',#8664);
#2625=VERTEX_POINT('',#8669);
#2626=VERTEX_POINT('',#8672);
#2627=VERTEX_POINT('',#8673);
#2628=VERTEX_POINT('',#8675);
#2629=VERTEX_POINT('',#8677);
#2630=VERTEX_POINT('',#8683);
#2631=VERTEX_POINT('',#8687);
#2632=VERTEX_POINT('',#8689);
#2633=VERTEX_POINT('',#8693);
#2634=VERTEX_POINT('',#8697);
#2635=VERTEX_POINT('',#8705);
#2636=VERTEX_POINT('',#8709);
#2637=VERTEX_POINT('',#8711);
#2638=VERTEX_POINT('',#8716);
#2639=VERTEX_POINT('',#8718);
#2640=VERTEX_POINT('',#8722);
#2641=VERTEX_POINT('',#8726);
#2642=VERTEX_POINT('',#8736);
#2643=VERTEX_POINT('',#8740);
#2644=VERTEX_POINT('',#8745);
#2645=VERTEX_POINT('',#8754);
#2646=VERTEX_POINT('',#8755);
#2647=VERTEX_POINT('',#8757);
#2648=VERTEX_POINT('',#8759);
#2649=VERTEX_POINT('',#8763);
#2650=VERTEX_POINT('',#8765);
#2651=VERTEX_POINT('',#8769);
#2652=VERTEX_POINT('',#8771);
#2653=VERTEX_POINT('',#8778);
#2654=VERTEX_POINT('',#8780);
#2655=VERTEX_POINT('',#8782);
#2656=VERTEX_POINT('',#8784);
#2657=VERTEX_POINT('',#8786);
#2658=VERTEX_POINT('',#8788);
#2659=VERTEX_POINT('',#8792);
#2660=VERTEX_POINT('',#8797);
#2661=VERTEX_POINT('',#8798);
#2662=VERTEX_POINT('',#8800);
#2663=VERTEX_POINT('',#8802);
#2664=VERTEX_POINT('',#8807);
#2665=VERTEX_POINT('',#8811);
#2666=VERTEX_POINT('',#8818);
#2667=VERTEX_POINT('',#8822);
#2668=VERTEX_POINT('',#8825);
#2669=VERTEX_POINT('',#8836);
#2670=VERTEX_POINT('',#8837);
#2671=VERTEX_POINT('',#8839);
#2672=VERTEX_POINT('',#8841);
#2673=VERTEX_POINT('',#8845);
#2674=VERTEX_POINT('',#8847);
#2675=VERTEX_POINT('',#8851);
#2676=VERTEX_POINT('',#8853);
#2677=VERTEX_POINT('',#8860);
#2678=VERTEX_POINT('',#8862);
#2679=VERTEX_POINT('',#8864);
#2680=VERTEX_POINT('',#8866);
#2681=VERTEX_POINT('',#8868);
#2682=VERTEX_POINT('',#8870);
#2683=VERTEX_POINT('',#8874);
#2684=VERTEX_POINT('',#8879);
#2685=VERTEX_POINT('',#8880);
#2686=VERTEX_POINT('',#8882);
#2687=VERTEX_POINT('',#8884);
#2688=VERTEX_POINT('',#8889);
#2689=VERTEX_POINT('',#8893);
#2690=VERTEX_POINT('',#8900);
#2691=VERTEX_POINT('',#8904);
#2692=VERTEX_POINT('',#8907);
#2693=VERTEX_POINT('',#8918);
#2694=VERTEX_POINT('',#8919);
#2695=VERTEX_POINT('',#8921);
#2696=VERTEX_POINT('',#8923);
#2697=VERTEX_POINT('',#8927);
#2698=VERTEX_POINT('',#8929);
#2699=VERTEX_POINT('',#8933);
#2700=VERTEX_POINT('',#8935);
#2701=VERTEX_POINT('',#8942);
#2702=VERTEX_POINT('',#8944);
#2703=VERTEX_POINT('',#8946);
#2704=VERTEX_POINT('',#8948);
#2705=VERTEX_POINT('',#8950);
#2706=VERTEX_POINT('',#8952);
#2707=VERTEX_POINT('',#8956);
#2708=VERTEX_POINT('',#8961);
#2709=VERTEX_POINT('',#8962);
#2710=VERTEX_POINT('',#8964);
#2711=VERTEX_POINT('',#8966);
#2712=VERTEX_POINT('',#8971);
#2713=VERTEX_POINT('',#8975);
#2714=VERTEX_POINT('',#8982);
#2715=VERTEX_POINT('',#8986);
#2716=VERTEX_POINT('',#8989);
#2717=VERTEX_POINT('',#9000);
#2718=VERTEX_POINT('',#9001);
#2719=VERTEX_POINT('',#9003);
#2720=VERTEX_POINT('',#9005);
#2721=VERTEX_POINT('',#9009);
#2722=VERTEX_POINT('',#9011);
#2723=VERTEX_POINT('',#9015);
#2724=VERTEX_POINT('',#9017);
#2725=VERTEX_POINT('',#9024);
#2726=VERTEX_POINT('',#9026);
#2727=VERTEX_POINT('',#9028);
#2728=VERTEX_POINT('',#9030);
#2729=VERTEX_POINT('',#9032);
#2730=VERTEX_POINT('',#9034);
#2731=VERTEX_POINT('',#9038);
#2732=VERTEX_POINT('',#9043);
#2733=VERTEX_POINT('',#9044);
#2734=VERTEX_POINT('',#9046);
#2735=VERTEX_POINT('',#9048);
#2736=VERTEX_POINT('',#9053);
#2737=VERTEX_POINT('',#9057);
#2738=VERTEX_POINT('',#9064);
#2739=VERTEX_POINT('',#9068);
#2740=VERTEX_POINT('',#9071);
#2741=VERTEX_POINT('',#9082);
#2742=VERTEX_POINT('',#9083);
#2743=VERTEX_POINT('',#9085);
#2744=VERTEX_POINT('',#9087);
#2745=VERTEX_POINT('',#9091);
#2746=VERTEX_POINT('',#9093);
#2747=VERTEX_POINT('',#9097);
#2748=VERTEX_POINT('',#9099);
#2749=VERTEX_POINT('',#9106);
#2750=VERTEX_POINT('',#9108);
#2751=VERTEX_POINT('',#9110);
#2752=VERTEX_POINT('',#9112);
#2753=VERTEX_POINT('',#9114);
#2754=VERTEX_POINT('',#9116);
#2755=VERTEX_POINT('',#9120);
#2756=VERTEX_POINT('',#9125);
#2757=VERTEX_POINT('',#9126);
#2758=VERTEX_POINT('',#9128);
#2759=VERTEX_POINT('',#9130);
#2760=VERTEX_POINT('',#9135);
#2761=VERTEX_POINT('',#9139);
#2762=VERTEX_POINT('',#9146);
#2763=VERTEX_POINT('',#9150);
#2764=VERTEX_POINT('',#9153);
#2765=VERTEX_POINT('',#9164);
#2766=VERTEX_POINT('',#9165);
#2767=VERTEX_POINT('',#9167);
#2768=VERTEX_POINT('',#9169);
#2769=VERTEX_POINT('',#9173);
#2770=VERTEX_POINT('',#9175);
#2771=VERTEX_POINT('',#9179);
#2772=VERTEX_POINT('',#9181);
#2773=VERTEX_POINT('',#9188);
#2774=VERTEX_POINT('',#9190);
#2775=VERTEX_POINT('',#9192);
#2776=VERTEX_POINT('',#9194);
#2777=VERTEX_POINT('',#9196);
#2778=VERTEX_POINT('',#9198);
#2779=VERTEX_POINT('',#9202);
#2780=VERTEX_POINT('',#9207);
#2781=VERTEX_POINT('',#9208);
#2782=VERTEX_POINT('',#9210);
#2783=VERTEX_POINT('',#9212);
#2784=VERTEX_POINT('',#9217);
#2785=VERTEX_POINT('',#9221);
#2786=VERTEX_POINT('',#9228);
#2787=VERTEX_POINT('',#9232);
#2788=VERTEX_POINT('',#9235);
#2789=VERTEX_POINT('',#9246);
#2790=VERTEX_POINT('',#9247);
#2791=VERTEX_POINT('',#9249);
#2792=VERTEX_POINT('',#9251);
#2793=VERTEX_POINT('',#9255);
#2794=VERTEX_POINT('',#9257);
#2795=VERTEX_POINT('',#9261);
#2796=VERTEX_POINT('',#9263);
#2797=VERTEX_POINT('',#9270);
#2798=VERTEX_POINT('',#9272);
#2799=VERTEX_POINT('',#9274);
#2800=VERTEX_POINT('',#9276);
#2801=VERTEX_POINT('',#9278);
#2802=VERTEX_POINT('',#9280);
#2803=VERTEX_POINT('',#9284);
#2804=VERTEX_POINT('',#9289);
#2805=VERTEX_POINT('',#9290);
#2806=VERTEX_POINT('',#9292);
#2807=VERTEX_POINT('',#9294);
#2808=VERTEX_POINT('',#9299);
#2809=VERTEX_POINT('',#9303);
#2810=VERTEX_POINT('',#9310);
#2811=VERTEX_POINT('',#9314);
#2812=VERTEX_POINT('',#9317);
#2813=VERTEX_POINT('',#9328);
#2814=VERTEX_POINT('',#9329);
#2815=VERTEX_POINT('',#9331);
#2816=VERTEX_POINT('',#9333);
#2817=VERTEX_POINT('',#9337);
#2818=VERTEX_POINT('',#9339);
#2819=VERTEX_POINT('',#9343);
#2820=VERTEX_POINT('',#9345);
#2821=VERTEX_POINT('',#9352);
#2822=VERTEX_POINT('',#9354);
#2823=VERTEX_POINT('',#9356);
#2824=VERTEX_POINT('',#9358);
#2825=VERTEX_POINT('',#9360);
#2826=VERTEX_POINT('',#9362);
#2827=VERTEX_POINT('',#9366);
#2828=VERTEX_POINT('',#9371);
#2829=VERTEX_POINT('',#9372);
#2830=VERTEX_POINT('',#9374);
#2831=VERTEX_POINT('',#9376);
#2832=VERTEX_POINT('',#9381);
#2833=VERTEX_POINT('',#9385);
#2834=VERTEX_POINT('',#9392);
#2835=VERTEX_POINT('',#9396);
#2836=VERTEX_POINT('',#9399);
#2837=VERTEX_POINT('',#9410);
#2838=VERTEX_POINT('',#9411);
#2839=VERTEX_POINT('',#9413);
#2840=VERTEX_POINT('',#9415);
#2841=VERTEX_POINT('',#9419);
#2842=VERTEX_POINT('',#9421);
#2843=VERTEX_POINT('',#9425);
#2844=VERTEX_POINT('',#9427);
#2845=VERTEX_POINT('',#9434);
#2846=VERTEX_POINT('',#9436);
#2847=VERTEX_POINT('',#9438);
#2848=VERTEX_POINT('',#9440);
#2849=VERTEX_POINT('',#9442);
#2850=VERTEX_POINT('',#9444);
#2851=VERTEX_POINT('',#9448);
#2852=VERTEX_POINT('',#9453);
#2853=VERTEX_POINT('',#9454);
#2854=VERTEX_POINT('',#9456);
#2855=VERTEX_POINT('',#9458);
#2856=VERTEX_POINT('',#9463);
#2857=VERTEX_POINT('',#9467);
#2858=VERTEX_POINT('',#9474);
#2859=VERTEX_POINT('',#9478);
#2860=VERTEX_POINT('',#9481);
#2861=VERTEX_POINT('',#9492);
#2862=VERTEX_POINT('',#9493);
#2863=VERTEX_POINT('',#9495);
#2864=VERTEX_POINT('',#9497);
#2865=VERTEX_POINT('',#9501);
#2866=VERTEX_POINT('',#9503);
#2867=VERTEX_POINT('',#9507);
#2868=VERTEX_POINT('',#9509);
#2869=VERTEX_POINT('',#9516);
#2870=VERTEX_POINT('',#9518);
#2871=VERTEX_POINT('',#9520);
#2872=VERTEX_POINT('',#9522);
#2873=VERTEX_POINT('',#9524);
#2874=VERTEX_POINT('',#9526);
#2875=VERTEX_POINT('',#9530);
#2876=VERTEX_POINT('',#9535);
#2877=VERTEX_POINT('',#9536);
#2878=VERTEX_POINT('',#9538);
#2879=VERTEX_POINT('',#9540);
#2880=VERTEX_POINT('',#9545);
#2881=VERTEX_POINT('',#9549);
#2882=VERTEX_POINT('',#9556);
#2883=VERTEX_POINT('',#9560);
#2884=VERTEX_POINT('',#9563);
#2885=VERTEX_POINT('',#9574);
#2886=VERTEX_POINT('',#9575);
#2887=VERTEX_POINT('',#9577);
#2888=VERTEX_POINT('',#9579);
#2889=VERTEX_POINT('',#9583);
#2890=VERTEX_POINT('',#9585);
#2891=VERTEX_POINT('',#9589);
#2892=VERTEX_POINT('',#9591);
#2893=VERTEX_POINT('',#9598);
#2894=VERTEX_POINT('',#9600);
#2895=VERTEX_POINT('',#9602);
#2896=VERTEX_POINT('',#9604);
#2897=VERTEX_POINT('',#9606);
#2898=VERTEX_POINT('',#9608);
#2899=VERTEX_POINT('',#9612);
#2900=VERTEX_POINT('',#9617);
#2901=VERTEX_POINT('',#9618);
#2902=VERTEX_POINT('',#9620);
#2903=VERTEX_POINT('',#9622);
#2904=VERTEX_POINT('',#9627);
#2905=VERTEX_POINT('',#9631);
#2906=VERTEX_POINT('',#9638);
#2907=VERTEX_POINT('',#9642);
#2908=VERTEX_POINT('',#9645);
#2909=EDGE_CURVE('',#2383,#2384,#803,.T.);
#2910=EDGE_CURVE('',#2385,#2383,#804,.T.);
#2911=EDGE_CURVE('',#2386,#2385,#805,.T.);
#2912=EDGE_CURVE('',#2386,#2384,#806,.T.);
#2913=EDGE_CURVE('',#2384,#2387,#807,.T.);
#2914=EDGE_CURVE('',#2388,#2386,#808,.T.);
#2915=EDGE_CURVE('',#2388,#2387,#809,.T.);
#2916=EDGE_CURVE('',#2387,#2389,#810,.T.);
#2917=EDGE_CURVE('',#2390,#2388,#811,.T.);
#2918=EDGE_CURVE('',#2389,#2390,#812,.T.);
#2919=EDGE_CURVE('',#2391,#2392,#813,.T.);
#2920=EDGE_CURVE('',#2393,#2391,#814,.T.);
#2921=EDGE_CURVE('',#2394,#2393,#815,.T.);
#2922=EDGE_CURVE('',#2392,#2394,#816,.T.);
#2923=EDGE_CURVE('',#2392,#2395,#817,.T.);
#2924=EDGE_CURVE('',#2396,#2394,#818,.T.);
#2925=EDGE_CURVE('',#2395,#2396,#819,.T.);
#2926=EDGE_CURVE('',#2395,#2397,#820,.T.);
#2927=EDGE_CURVE('',#2398,#2396,#821,.T.);
#2928=EDGE_CURVE('',#2397,#2398,#822,.T.);
#2929=EDGE_CURVE('',#2393,#2399,#823,.T.);
#2930=EDGE_CURVE('',#2399,#2400,#824,.T.);
#2931=EDGE_CURVE('',#2400,#2401,#825,.T.);
#2932=EDGE_CURVE('',#2401,#2402,#826,.T.);
#2933=EDGE_CURVE('',#2402,#2403,#827,.T.);
#2934=EDGE_CURVE('',#2403,#2404,#828,.T.);
#2935=EDGE_CURVE('',#2404,#2398,#829,.T.);
#2936=EDGE_CURVE('',#2391,#2405,#830,.T.);
#2937=EDGE_CURVE('',#2405,#2406,#831,.T.);
#2938=EDGE_CURVE('',#2406,#2407,#832,.T.);
#2939=EDGE_CURVE('',#2399,#2407,#833,.T.);
#2940=EDGE_CURVE('',#2408,#2390,#834,.T.);
#2941=EDGE_CURVE('',#2409,#2408,#835,.T.);
#2942=EDGE_CURVE('',#2409,#2410,#836,.T.);
#2943=EDGE_CURVE('',#2410,#2411,#837,.T.);
#2944=EDGE_CURVE('',#2411,#2389,#838,.T.);
#2945=EDGE_CURVE('',#2412,#2411,#839,.F.);
#2946=EDGE_CURVE('',#2412,#2413,#840,.T.);
#2947=EDGE_CURVE('',#2413,#2414,#841,.T.);
#2948=EDGE_CURVE('',#2415,#2414,#842,.F.);
#2949=EDGE_CURVE('',#2415,#2416,#843,.T.);
#2950=EDGE_CURVE('',#2383,#2416,#844,.T.);
#2951=EDGE_CURVE('',#2417,#2406,#845,.T.);
#2952=EDGE_CURVE('',#2418,#2417,#846,.T.);
#2953=EDGE_CURVE('',#2407,#2418,#847,.T.);
#2954=EDGE_CURVE('',#2419,#2420,#848,.T.);
#2955=EDGE_CURVE('',#2421,#2419,#849,.T.);
#2956=EDGE_CURVE('',#2422,#2421,#850,.T.);
#2957=EDGE_CURVE('',#2423,#2422,#851,.T.);
#2958=EDGE_CURVE('',#2423,#2424,#852,.T.);
#2959=EDGE_CURVE('',#2420,#2424,#853,.T.);
#2960=EDGE_CURVE('',#2422,#2425,#854,.T.);
#2961=EDGE_CURVE('',#2426,#2421,#855,.T.);
#2962=EDGE_CURVE('',#2425,#2426,#856,.T.);
#2963=EDGE_CURVE('',#2427,#2428,#857,.T.);
#2964=EDGE_CURVE('',#2424,#2427,#858,.T.);
#2965=EDGE_CURVE('',#2429,#2423,#859,.T.);
#2966=EDGE_CURVE('',#2430,#2429,#860,.T.);
#2967=EDGE_CURVE('',#2428,#2430,#861,.T.);
#2968=EDGE_CURVE('',#2431,#2419,#862,.T.);
#2969=EDGE_CURVE('',#2428,#2431,#863,.T.);
#2970=EDGE_CURVE('',#2432,#2430,#864,.T.);
#2971=EDGE_CURVE('',#2433,#2432,#865,.T.);
#2972=EDGE_CURVE('',#2426,#2433,#866,.T.);
#2973=EDGE_CURVE('',#2434,#2429,#867,.T.);
#2974=EDGE_CURVE('',#2434,#2435,#868,.T.);
#2975=EDGE_CURVE('',#2436,#2435,#869,.T.);
#2976=EDGE_CURVE('',#2432,#2436,#870,.T.);
#2977=EDGE_CURVE('',#2437,#2438,#871,.T.);
#2978=EDGE_CURVE('',#2439,#2437,#872,.T.);
#2979=EDGE_CURVE('',#2440,#2439,#873,.T.);
#2980=EDGE_CURVE('',#2438,#2440,#874,.T.);
#2981=EDGE_CURVE('',#2418,#2441,#875,.T.);
#2982=EDGE_CURVE('',#2441,#2409,#876,.T.);
#2983=EDGE_CURVE('',#2442,#2408,#877,.T.);
#2984=EDGE_CURVE('',#2443,#2442,#878,.T.);
#2985=EDGE_CURVE('',#2443,#2444,#879,.T.);
#2986=EDGE_CURVE('',#2444,#2445,#880,.T.);
#2987=EDGE_CURVE('',#2445,#2446,#881,.T.);
#2988=EDGE_CURVE('',#2446,#2447,#882,.T.);
#2989=EDGE_CURVE('',#2447,#2448,#883,.T.);
#2990=EDGE_CURVE('',#2449,#2448,#884,.T.);
#2991=EDGE_CURVE('',#2449,#2450,#885,.T.);
#2992=EDGE_CURVE('',#2450,#2451,#886,.T.);
#2993=EDGE_CURVE('',#2451,#2452,#887,.T.);
#2994=EDGE_CURVE('',#2453,#2452,#888,.T.);
#2995=EDGE_CURVE('',#2453,#2454,#889,.T.);
#2996=EDGE_CURVE('',#2454,#2455,#890,.T.);
#2997=EDGE_CURVE('',#2455,#2456,#891,.T.);
#2998=EDGE_CURVE('',#2457,#2456,#892,.T.);
#2999=EDGE_CURVE('',#2457,#2458,#893,.T.);
#3000=EDGE_CURVE('',#2458,#2459,#894,.T.);
#3001=EDGE_CURVE('',#2459,#2460,#895,.T.);
#3002=EDGE_CURVE('',#2461,#2460,#896,.T.);
#3003=EDGE_CURVE('',#2461,#2462,#897,.T.);
#3004=EDGE_CURVE('',#2462,#2463,#898,.T.);
#3005=EDGE_CURVE('',#2463,#2464,#899,.T.);
#3006=EDGE_CURVE('',#2465,#2464,#900,.T.);
#3007=EDGE_CURVE('',#2465,#2466,#901,.T.);
#3008=EDGE_CURVE('',#2466,#2467,#902,.T.);
#3009=EDGE_CURVE('',#2467,#2468,#903,.T.);
#3010=EDGE_CURVE('',#2469,#2468,#904,.T.);
#3011=EDGE_CURVE('',#2469,#2470,#905,.T.);
#3012=EDGE_CURVE('',#2470,#2471,#906,.T.);
#3013=EDGE_CURVE('',#2471,#2472,#907,.T.);
#3014=EDGE_CURVE('',#2473,#2472,#908,.T.);
#3015=EDGE_CURVE('',#2473,#2474,#909,.T.);
#3016=EDGE_CURVE('',#2474,#2475,#910,.T.);
#3017=EDGE_CURVE('',#2475,#2476,#911,.T.);
#3018=EDGE_CURVE('',#2477,#2476,#912,.T.);
#3019=EDGE_CURVE('',#2477,#2478,#913,.T.);
#3020=EDGE_CURVE('',#2478,#2479,#914,.T.);
#3021=EDGE_CURVE('',#2479,#2480,#915,.T.);
#3022=EDGE_CURVE('',#2481,#2480,#916,.T.);
#3023=EDGE_CURVE('',#2481,#2482,#917,.T.);
#3024=EDGE_CURVE('',#2482,#2483,#918,.T.);
#3025=EDGE_CURVE('',#2483,#2484,#919,.T.);
#3026=EDGE_CURVE('',#2485,#2484,#920,.T.);
#3027=EDGE_CURVE('',#2485,#2434,#921,.T.);
#3028=EDGE_CURVE('',#2400,#2425,#922,.T.);
#3029=EDGE_CURVE('',#2486,#2397,#923,.T.);
#3030=EDGE_CURVE('',#2486,#2487,#924,.T.);
#3031=EDGE_CURVE('',#2431,#2487,#925,.T.);
#3032=EDGE_CURVE('',#2405,#2420,#926,.T.);
#3033=EDGE_CURVE('',#2488,#2401,#927,.T.);
#3034=EDGE_CURVE('',#2488,#2489,#928,.T.);
#3035=EDGE_CURVE('',#2402,#2489,#929,.T.);
#3036=EDGE_CURVE('',#2490,#2491,#930,.T.);
#3037=EDGE_CURVE('',#2491,#2492,#931,.T.);
#3038=EDGE_CURVE('',#2492,#2493,#932,.T.);
#3039=EDGE_CURVE('',#2493,#2490,#933,.T.);
#3040=EDGE_CURVE('',#2489,#2494,#934,.T.);
#3041=EDGE_CURVE('',#2403,#2494,#935,.T.);
#3042=EDGE_CURVE('',#2493,#2488,#936,.T.);
#3043=EDGE_CURVE('',#2494,#2492,#937,.T.);
#3044=EDGE_CURVE('',#2495,#2417,#938,.T.);
#3045=EDGE_CURVE('',#2441,#2495,#939,.T.);
#3046=EDGE_CURVE('',#2410,#2495,#940,.T.);
#3047=EDGE_CURVE('',#2496,#2497,#941,.T.);
#3048=EDGE_CURVE('',#2496,#2498,#942,.T.);
#3049=EDGE_CURVE('',#2446,#2498,#943,.T.);
#3050=EDGE_CURVE('',#2445,#2499,#944,.T.);
#3051=EDGE_CURVE('',#2497,#2499,#945,.T.);
#3052=EDGE_CURVE('',#2499,#2412,#946,.T.);
#3053=EDGE_CURVE('',#2444,#2500,#947,.T.);
#3054=EDGE_CURVE('',#2500,#2413,#948,.T.);
#3055=EDGE_CURVE('',#2501,#2443,#949,.T.);
#3056=EDGE_CURVE('',#2501,#2500,#950,.T.);
#3057=EDGE_CURVE('',#2414,#2496,#951,.T.);
#3058=EDGE_CURVE('',#2502,#2501,#952,.T.);
#3059=EDGE_CURVE('',#2503,#2502,#953,.T.);
#3060=EDGE_CURVE('',#2498,#2503,#954,.T.);
#3061=EDGE_CURVE('',#2503,#2504,#955,.T.);
#3062=EDGE_CURVE('',#2505,#2504,#956,.T.);
#3063=EDGE_CURVE('',#2447,#2505,#957,.T.);
#3064=EDGE_CURVE('',#2506,#2507,#958,.T.);
#3065=EDGE_CURVE('',#2508,#2506,#959,.T.);
#3066=EDGE_CURVE('',#2509,#2508,#960,.T.);
#3067=EDGE_CURVE('',#2507,#2509,#961,.T.);
#3068=EDGE_CURVE('',#2427,#2497,#962,.F.);
#3069=EDGE_CURVE('',#2510,#2511,#963,.T.);
#3070=EDGE_CURVE('',#2511,#2512,#964,.T.);
#3071=EDGE_CURVE('',#2513,#2512,#965,.T.);
#3072=EDGE_CURVE('',#2510,#2513,#966,.T.);
#3073=EDGE_CURVE('',#2514,#2515,#967,.T.);
#3074=EDGE_CURVE('',#2515,#2516,#968,.T.);
#3075=EDGE_CURVE('',#2517,#2516,#969,.T.);
#3076=EDGE_CURVE('',#2514,#2517,#970,.T.);
#3077=EDGE_CURVE('',#2515,#2518,#971,.T.);
#3078=EDGE_CURVE('',#2518,#2519,#972,.T.);
#3079=EDGE_CURVE('',#2516,#2519,#973,.T.);
#3080=EDGE_CURVE('',#2519,#2513,#974,.T.);
#3081=EDGE_CURVE('',#2517,#2512,#975,.T.);
#3082=EDGE_CURVE('',#2514,#2442,#976,.T.);
#3083=EDGE_CURVE('',#2512,#2520,#977,.T.);
#3084=EDGE_CURVE('',#2520,#2502,#978,.T.);
#3085=EDGE_CURVE('',#2521,#2505,#979,.T.);
#3086=EDGE_CURVE('',#2448,#2521,#980,.T.);
#3087=EDGE_CURVE('',#2504,#2520,#981,.T.);
#3088=EDGE_CURVE('',#2521,#2522,#982,.T.);
#3089=EDGE_CURVE('',#2522,#2449,#983,.T.);
#3090=EDGE_CURVE('',#2523,#2508,#984,.T.);
#3091=EDGE_CURVE('',#2524,#2523,#985,.T.);
#3092=EDGE_CURVE('',#2524,#2509,#986,.T.);
#3093=EDGE_CURVE('',#2525,#2506,#987,.T.);
#3094=EDGE_CURVE('',#2523,#2525,#988,.T.);
#3095=EDGE_CURVE('',#2526,#2507,#989,.T.);
#3096=EDGE_CURVE('',#2525,#2526,#990,.T.);
#3097=EDGE_CURVE('',#2526,#2524,#991,.T.);
#3098=EDGE_CURVE('',#2527,#2528,#992,.T.);
#3099=EDGE_CURVE('',#2452,#2527,#993,.T.);
#3100=EDGE_CURVE('',#2451,#2528,#994,.T.);
#3101=EDGE_CURVE('',#2528,#2529,#995,.T.);
#3102=EDGE_CURVE('',#2450,#2529,#996,.T.);
#3103=EDGE_CURVE('',#2530,#2531,#997,.T.);
#3104=EDGE_CURVE('',#2532,#2530,#998,.T.);
#3105=EDGE_CURVE('',#2533,#2532,#999,.T.);
#3106=EDGE_CURVE('',#2531,#2533,#1000,.T.);
#3107=EDGE_CURVE('',#2529,#2522,#1001,.T.);
#3108=EDGE_CURVE('',#2527,#2534,#1002,.T.);
#3109=EDGE_CURVE('',#2534,#2453,#1003,.T.);
#3110=EDGE_CURVE('',#2535,#2532,#1004,.T.);
#3111=EDGE_CURVE('',#2536,#2535,#1005,.T.);
#3112=EDGE_CURVE('',#2536,#2533,#1006,.T.);
#3113=EDGE_CURVE('',#2537,#2530,#1007,.T.);
#3114=EDGE_CURVE('',#2535,#2537,#1008,.T.);
#3115=EDGE_CURVE('',#2538,#2531,#1009,.T.);
#3116=EDGE_CURVE('',#2537,#2538,#1010,.T.);
#3117=EDGE_CURVE('',#2538,#2536,#1011,.T.);
#3118=EDGE_CURVE('',#2539,#2540,#1012,.T.);
#3119=EDGE_CURVE('',#2456,#2539,#1013,.T.);
#3120=EDGE_CURVE('',#2455,#2540,#1014,.T.);
#3121=EDGE_CURVE('',#2540,#2541,#1015,.T.);
#3122=EDGE_CURVE('',#2454,#2541,#1016,.T.);
#3123=EDGE_CURVE('',#2542,#2543,#1017,.T.);
#3124=EDGE_CURVE('',#2544,#2542,#1018,.T.);
#3125=EDGE_CURVE('',#2545,#2544,#1019,.T.);
#3126=EDGE_CURVE('',#2543,#2545,#1020,.T.);
#3127=EDGE_CURVE('',#2541,#2534,#1021,.T.);
#3128=EDGE_CURVE('',#2539,#2546,#1022,.T.);
#3129=EDGE_CURVE('',#2546,#2457,#1023,.T.);
#3130=EDGE_CURVE('',#2547,#2544,#1024,.T.);
#3131=EDGE_CURVE('',#2548,#2547,#1025,.T.);
#3132=EDGE_CURVE('',#2548,#2545,#1026,.T.);
#3133=EDGE_CURVE('',#2549,#2542,#1027,.T.);
#3134=EDGE_CURVE('',#2547,#2549,#1028,.T.);
#3135=EDGE_CURVE('',#2550,#2543,#1029,.T.);
#3136=EDGE_CURVE('',#2549,#2550,#1030,.T.);
#3137=EDGE_CURVE('',#2550,#2548,#1031,.T.);
#3138=EDGE_CURVE('',#2551,#2552,#1032,.T.);
#3139=EDGE_CURVE('',#2460,#2551,#1033,.T.);
#3140=EDGE_CURVE('',#2459,#2552,#1034,.T.);
#3141=EDGE_CURVE('',#2552,#2553,#1035,.T.);
#3142=EDGE_CURVE('',#2458,#2553,#1036,.T.);
#3143=EDGE_CURVE('',#2554,#2555,#1037,.T.);
#3144=EDGE_CURVE('',#2556,#2554,#1038,.T.);
#3145=EDGE_CURVE('',#2557,#2556,#1039,.T.);
#3146=EDGE_CURVE('',#2555,#2557,#1040,.T.);
#3147=EDGE_CURVE('',#2553,#2546,#1041,.T.);
#3148=EDGE_CURVE('',#2551,#2558,#1042,.T.);
#3149=EDGE_CURVE('',#2558,#2461,#1043,.T.);
#3150=EDGE_CURVE('',#2559,#2556,#1044,.T.);
#3151=EDGE_CURVE('',#2560,#2559,#1045,.T.);
#3152=EDGE_CURVE('',#2560,#2557,#1046,.T.);
#3153=EDGE_CURVE('',#2561,#2554,#1047,.T.);
#3154=EDGE_CURVE('',#2559,#2561,#1048,.T.);
#3155=EDGE_CURVE('',#2562,#2555,#1049,.T.);
#3156=EDGE_CURVE('',#2561,#2562,#1050,.T.);
#3157=EDGE_CURVE('',#2562,#2560,#1051,.T.);
#3158=EDGE_CURVE('',#2563,#2564,#1052,.T.);
#3159=EDGE_CURVE('',#2464,#2563,#1053,.T.);
#3160=EDGE_CURVE('',#2463,#2564,#1054,.T.);
#3161=EDGE_CURVE('',#2564,#2565,#1055,.T.);
#3162=EDGE_CURVE('',#2462,#2565,#1056,.T.);
#3163=EDGE_CURVE('',#2566,#2567,#1057,.T.);
#3164=EDGE_CURVE('',#2568,#2566,#1058,.T.);
#3165=EDGE_CURVE('',#2569,#2568,#1059,.T.);
#3166=EDGE_CURVE('',#2567,#2569,#1060,.T.);
#3167=EDGE_CURVE('',#2565,#2558,#1061,.T.);
#3168=EDGE_CURVE('',#2563,#2570,#1062,.T.);
#3169=EDGE_CURVE('',#2570,#2465,#1063,.T.);
#3170=EDGE_CURVE('',#2571,#2568,#1064,.T.);
#3171=EDGE_CURVE('',#2572,#2571,#1065,.T.);
#3172=EDGE_CURVE('',#2572,#2569,#1066,.T.);
#3173=EDGE_CURVE('',#2573,#2566,#1067,.T.);
#3174=EDGE_CURVE('',#2571,#2573,#1068,.T.);
#3175=EDGE_CURVE('',#2574,#2567,#1069,.T.);
#3176=EDGE_CURVE('',#2573,#2574,#1070,.T.);
#3177=EDGE_CURVE('',#2574,#2572,#1071,.T.);
#3178=EDGE_CURVE('',#2575,#2576,#1072,.T.);
#3179=EDGE_CURVE('',#2468,#2575,#1073,.T.);
#3180=EDGE_CURVE('',#2467,#2576,#1074,.T.);
#3181=EDGE_CURVE('',#2576,#2577,#1075,.T.);
#3182=EDGE_CURVE('',#2466,#2577,#1076,.T.);
#3183=EDGE_CURVE('',#2578,#2579,#1077,.T.);
#3184=EDGE_CURVE('',#2580,#2578,#1078,.T.);
#3185=EDGE_CURVE('',#2581,#2580,#1079,.T.);
#3186=EDGE_CURVE('',#2579,#2581,#1080,.T.);
#3187=EDGE_CURVE('',#2577,#2570,#1081,.T.);
#3188=EDGE_CURVE('',#2575,#2582,#1082,.T.);
#3189=EDGE_CURVE('',#2582,#2469,#1083,.T.);
#3190=EDGE_CURVE('',#2583,#2580,#1084,.T.);
#3191=EDGE_CURVE('',#2584,#2583,#1085,.T.);
#3192=EDGE_CURVE('',#2584,#2581,#1086,.T.);
#3193=EDGE_CURVE('',#2585,#2578,#1087,.T.);
#3194=EDGE_CURVE('',#2583,#2585,#1088,.T.);
#3195=EDGE_CURVE('',#2586,#2579,#1089,.T.);
#3196=EDGE_CURVE('',#2585,#2586,#1090,.T.);
#3197=EDGE_CURVE('',#2586,#2584,#1091,.T.);
#3198=EDGE_CURVE('',#2587,#2588,#1092,.T.);
#3199=EDGE_CURVE('',#2472,#2587,#1093,.T.);
#3200=EDGE_CURVE('',#2471,#2588,#1094,.T.);
#3201=EDGE_CURVE('',#2588,#2589,#1095,.T.);
#3202=EDGE_CURVE('',#2470,#2589,#1096,.T.);
#3203=EDGE_CURVE('',#2590,#2591,#1097,.T.);
#3204=EDGE_CURVE('',#2592,#2590,#1098,.T.);
#3205=EDGE_CURVE('',#2593,#2592,#1099,.T.);
#3206=EDGE_CURVE('',#2591,#2593,#1100,.T.);
#3207=EDGE_CURVE('',#2589,#2582,#1101,.T.);
#3208=EDGE_CURVE('',#2587,#2594,#1102,.T.);
#3209=EDGE_CURVE('',#2594,#2473,#1103,.T.);
#3210=EDGE_CURVE('',#2595,#2592,#1104,.T.);
#3211=EDGE_CURVE('',#2596,#2595,#1105,.T.);
#3212=EDGE_CURVE('',#2596,#2593,#1106,.T.);
#3213=EDGE_CURVE('',#2597,#2590,#1107,.T.);
#3214=EDGE_CURVE('',#2595,#2597,#1108,.T.);
#3215=EDGE_CURVE('',#2598,#2591,#1109,.T.);
#3216=EDGE_CURVE('',#2597,#2598,#1110,.T.);
#3217=EDGE_CURVE('',#2598,#2596,#1111,.T.);
#3218=EDGE_CURVE('',#2599,#2600,#1112,.T.);
#3219=EDGE_CURVE('',#2476,#2599,#1113,.T.);
#3220=EDGE_CURVE('',#2475,#2600,#1114,.T.);
#3221=EDGE_CURVE('',#2600,#2601,#1115,.T.);
#3222=EDGE_CURVE('',#2474,#2601,#1116,.T.);
#3223=EDGE_CURVE('',#2602,#2603,#1117,.T.);
#3224=EDGE_CURVE('',#2604,#2602,#1118,.T.);
#3225=EDGE_CURVE('',#2605,#2604,#1119,.T.);
#3226=EDGE_CURVE('',#2603,#2605,#1120,.T.);
#3227=EDGE_CURVE('',#2601,#2594,#1121,.T.);
#3228=EDGE_CURVE('',#2599,#2606,#1122,.T.);
#3229=EDGE_CURVE('',#2606,#2477,#1123,.T.);
#3230=EDGE_CURVE('',#2607,#2604,#1124,.T.);
#3231=EDGE_CURVE('',#2608,#2607,#1125,.T.);
#3232=EDGE_CURVE('',#2608,#2605,#1126,.T.);
#3233=EDGE_CURVE('',#2609,#2602,#1127,.T.);
#3234=EDGE_CURVE('',#2607,#2609,#1128,.T.);
#3235=EDGE_CURVE('',#2610,#2603,#1129,.T.);
#3236=EDGE_CURVE('',#2609,#2610,#1130,.T.);
#3237=EDGE_CURVE('',#2610,#2608,#1131,.T.);
#3238=EDGE_CURVE('',#2611,#2612,#1132,.T.);
#3239=EDGE_CURVE('',#2480,#2611,#1133,.T.);
#3240=EDGE_CURVE('',#2479,#2612,#1134,.T.);
#3241=EDGE_CURVE('',#2612,#2613,#1135,.T.);
#3242=EDGE_CURVE('',#2478,#2613,#1136,.T.);
#3243=EDGE_CURVE('',#2614,#2615,#1137,.T.);
#3244=EDGE_CURVE('',#2616,#2614,#1138,.T.);
#3245=EDGE_CURVE('',#2617,#2616,#1139,.T.);
#3246=EDGE_CURVE('',#2615,#2617,#1140,.T.);
#3247=EDGE_CURVE('',#2613,#2606,#1141,.T.);
#3248=EDGE_CURVE('',#2611,#2618,#1142,.T.);
#3249=EDGE_CURVE('',#2618,#2481,#1143,.T.);
#3250=EDGE_CURVE('',#2619,#2616,#1144,.T.);
#3251=EDGE_CURVE('',#2620,#2619,#1145,.T.);
#3252=EDGE_CURVE('',#2620,#2617,#1146,.T.);
#3253=EDGE_CURVE('',#2621,#2614,#1147,.T.);
#3254=EDGE_CURVE('',#2619,#2621,#1148,.T.);
#3255=EDGE_CURVE('',#2622,#2615,#1149,.T.);
#3256=EDGE_CURVE('',#2621,#2622,#1150,.T.);
#3257=EDGE_CURVE('',#2622,#2620,#1151,.T.);
#3258=EDGE_CURVE('',#2623,#2624,#1152,.T.);
#3259=EDGE_CURVE('',#2484,#2623,#1153,.T.);
#3260=EDGE_CURVE('',#2483,#2624,#1154,.T.);
#3261=EDGE_CURVE('',#2624,#2625,#1155,.T.);
#3262=EDGE_CURVE('',#2482,#2625,#1156,.T.);
#3263=EDGE_CURVE('',#2626,#2627,#1157,.T.);
#3264=EDGE_CURVE('',#2628,#2626,#1158,.T.);
#3265=EDGE_CURVE('',#2629,#2628,#1159,.T.);
#3266=EDGE_CURVE('',#2627,#2629,#1160,.T.);
#3267=EDGE_CURVE('',#2625,#2618,#1161,.T.);
#3268=EDGE_CURVE('',#2623,#2630,#1162,.T.);
#3269=EDGE_CURVE('',#2630,#2485,#1163,.T.);
#3270=EDGE_CURVE('',#2631,#2628,#1164,.T.);
#3271=EDGE_CURVE('',#2632,#2631,#1165,.T.);
#3272=EDGE_CURVE('',#2632,#2629,#1166,.T.);
#3273=EDGE_CURVE('',#2633,#2626,#1167,.T.);
#3274=EDGE_CURVE('',#2631,#2633,#1168,.T.);
#3275=EDGE_CURVE('',#2634,#2627,#1169,.T.);
#3276=EDGE_CURVE('',#2633,#2634,#1170,.T.);
#3277=EDGE_CURVE('',#2634,#2632,#1171,.T.);
#3278=EDGE_CURVE('',#2435,#2630,#1172,.T.);
#3279=EDGE_CURVE('',#2635,#2436,#1173,.T.);
#3280=EDGE_CURVE('',#2433,#2635,#1174,.T.);
#3281=EDGE_CURVE('',#2636,#2511,#1175,.T.);
#3282=EDGE_CURVE('',#2637,#2636,#1176,.T.);
#3283=EDGE_CURVE('',#2637,#2490,#1177,.T.);
#3284=EDGE_CURVE('',#2635,#2493,#1178,.T.);
#3285=EDGE_CURVE('',#2638,#2439,#1179,.T.);
#3286=EDGE_CURVE('',#2639,#2638,#1180,.T.);
#3287=EDGE_CURVE('',#2639,#2440,#1181,.T.);
#3288=EDGE_CURVE('',#2640,#2437,#1182,.T.);
#3289=EDGE_CURVE('',#2638,#2640,#1183,.T.);
#3290=EDGE_CURVE('',#2641,#2438,#1184,.T.);
#3291=EDGE_CURVE('',#2640,#2641,#1185,.T.);
#3292=EDGE_CURVE('',#2641,#2639,#1186,.T.);
#3293=EDGE_CURVE('',#2415,#2487,#1187,.T.);
#3294=EDGE_CURVE('',#2416,#2486,#1188,.T.);
#3295=EDGE_CURVE('',#2642,#2637,#1189,.T.);
#3296=EDGE_CURVE('',#2491,#2642,#1190,.T.);
#3297=EDGE_CURVE('',#2643,#2510,#1191,.T.);
#3298=EDGE_CURVE('',#2636,#2643,#1192,.T.);
#3299=EDGE_CURVE('',#2404,#2642,#1193,.T.);
#3300=EDGE_CURVE('',#2643,#2644,#1194,.T.);
#3301=EDGE_CURVE('',#2385,#2644,#1195,.T.);
#3302=EDGE_CURVE('',#2644,#2518,#1196,.T.);
#3303=EDGE_CURVE('',#2645,#2646,#1197,.T.);
#3304=EDGE_CURVE('',#2646,#2647,#1198,.T.);
#3305=EDGE_CURVE('',#2647,#2648,#1199,.T.);
#3306=EDGE_CURVE('',#2645,#2648,#1200,.T.);
#3307=EDGE_CURVE('',#2646,#2649,#1201,.T.);
#3308=EDGE_CURVE('',#2649,#2650,#1202,.T.);
#3309=EDGE_CURVE('',#2650,#2647,#1203,.T.);
#3310=EDGE_CURVE('',#2649,#2651,#1204,.T.);
#3311=EDGE_CURVE('',#2651,#2652,#1205,.T.);
#3312=EDGE_CURVE('',#2652,#2650,#1206,.T.);
#3313=EDGE_CURVE('',#2648,#2652,#1207,.T.);
#3314=EDGE_CURVE('',#2651,#2645,#1208,.T.);
#3315=EDGE_CURVE('',#2653,#2648,#1209,.T.);
#3316=EDGE_CURVE('',#2654,#2653,#35,.T.);
#3317=EDGE_CURVE('',#2655,#2654,#1210,.T.);
#3318=EDGE_CURVE('',#2656,#2655,#1211,.T.);
#3319=EDGE_CURVE('',#2656,#2657,#1212,.T.);
#3320=EDGE_CURVE('',#2657,#2658,#36,.T.);
#3321=EDGE_CURVE('',#2658,#2652,#1213,.T.);
#3322=EDGE_CURVE('',#2659,#2647,#1214,.T.);
#3323=EDGE_CURVE('',#2659,#2653,#1215,.T.);
#3324=EDGE_CURVE('',#2660,#2661,#1216,.T.);
#3325=EDGE_CURVE('',#2661,#2662,#1217,.T.);
#3326=EDGE_CURVE('',#2662,#2663,#1218,.T.);
#3327=EDGE_CURVE('',#2660,#2663,#1219,.T.);
#3328=EDGE_CURVE('',#2661,#2656,#1220,.T.);
#3329=EDGE_CURVE('',#2656,#2664,#1221,.T.);
#3330=EDGE_CURVE('',#2664,#2662,#1222,.T.);
#3331=EDGE_CURVE('',#2663,#2665,#1223,.T.);
#3332=EDGE_CURVE('',#2665,#2655,#1224,.T.);
#3333=EDGE_CURVE('',#2655,#2660,#1225,.T.);
#3334=EDGE_CURVE('',#2665,#2664,#1226,.T.);
#3335=EDGE_CURVE('',#2661,#2666,#1227,.T.);
#3336=EDGE_CURVE('',#2657,#2666,#1228,.T.);
#3337=EDGE_CURVE('',#2667,#2650,#1229,.T.);
#3338=EDGE_CURVE('',#2666,#2667,#37,.T.);
#3339=EDGE_CURVE('',#2660,#2668,#1230,.T.);
#3340=EDGE_CURVE('',#2668,#2659,#38,.T.);
#3341=EDGE_CURVE('',#2658,#2667,#1231,.T.);
#3342=EDGE_CURVE('',#2668,#2654,#1232,.T.);
#3343=EDGE_CURVE('',#2669,#2670,#1233,.T.);
#3344=EDGE_CURVE('',#2670,#2671,#1234,.T.);
#3345=EDGE_CURVE('',#2671,#2672,#1235,.T.);
#3346=EDGE_CURVE('',#2669,#2672,#1236,.T.);
#3347=EDGE_CURVE('',#2670,#2673,#1237,.T.);
#3348=EDGE_CURVE('',#2673,#2674,#1238,.T.);
#3349=EDGE_CURVE('',#2674,#2671,#1239,.T.);
#3350=EDGE_CURVE('',#2673,#2675,#1240,.T.);
#3351=EDGE_CURVE('',#2675,#2676,#1241,.T.);
#3352=EDGE_CURVE('',#2676,#2674,#1242,.T.);
#3353=EDGE_CURVE('',#2672,#2676,#1243,.T.);
#3354=EDGE_CURVE('',#2675,#2669,#1244,.T.);
#3355=EDGE_CURVE('',#2677,#2672,#1245,.T.);
#3356=EDGE_CURVE('',#2678,#2677,#39,.T.);
#3357=EDGE_CURVE('',#2679,#2678,#1246,.T.);
#3358=EDGE_CURVE('',#2680,#2679,#1247,.T.);
#3359=EDGE_CURVE('',#2680,#2681,#1248,.T.);
#3360=EDGE_CURVE('',#2681,#2682,#40,.T.);
#3361=EDGE_CURVE('',#2682,#2676,#1249,.T.);
#3362=EDGE_CURVE('',#2683,#2671,#1250,.T.);
#3363=EDGE_CURVE('',#2683,#2677,#1251,.T.);
#3364=EDGE_CURVE('',#2684,#2685,#1252,.T.);
#3365=EDGE_CURVE('',#2685,#2686,#1253,.T.);
#3366=EDGE_CURVE('',#2686,#2687,#1254,.T.);
#3367=EDGE_CURVE('',#2684,#2687,#1255,.T.);
#3368=EDGE_CURVE('',#2685,#2680,#1256,.T.);
#3369=EDGE_CURVE('',#2680,#2688,#1257,.T.);
#3370=EDGE_CURVE('',#2688,#2686,#1258,.T.);
#3371=EDGE_CURVE('',#2687,#2689,#1259,.T.);
#3372=EDGE_CURVE('',#2689,#2679,#1260,.T.);
#3373=EDGE_CURVE('',#2679,#2684,#1261,.T.);
#3374=EDGE_CURVE('',#2689,#2688,#1262,.T.);
#3375=EDGE_CURVE('',#2685,#2690,#1263,.T.);
#3376=EDGE_CURVE('',#2681,#2690,#1264,.T.);
#3377=EDGE_CURVE('',#2691,#2674,#1265,.T.);
#3378=EDGE_CURVE('',#2690,#2691,#41,.T.);
#3379=EDGE_CURVE('',#2684,#2692,#1266,.T.);
#3380=EDGE_CURVE('',#2692,#2683,#42,.T.);
#3381=EDGE_CURVE('',#2682,#2691,#1267,.T.);
#3382=EDGE_CURVE('',#2692,#2678,#1268,.T.);
#3383=EDGE_CURVE('',#2693,#2694,#1269,.T.);
#3384=EDGE_CURVE('',#2694,#2695,#1270,.T.);
#3385=EDGE_CURVE('',#2695,#2696,#1271,.T.);
#3386=EDGE_CURVE('',#2693,#2696,#1272,.T.);
#3387=EDGE_CURVE('',#2694,#2697,#1273,.T.);
#3388=EDGE_CURVE('',#2697,#2698,#1274,.T.);
#3389=EDGE_CURVE('',#2698,#2695,#1275,.T.);
#3390=EDGE_CURVE('',#2697,#2699,#1276,.T.);
#3391=EDGE_CURVE('',#2699,#2700,#1277,.T.);
#3392=EDGE_CURVE('',#2700,#2698,#1278,.T.);
#3393=EDGE_CURVE('',#2696,#2700,#1279,.T.);
#3394=EDGE_CURVE('',#2699,#2693,#1280,.T.);
#3395=EDGE_CURVE('',#2701,#2696,#1281,.T.);
#3396=EDGE_CURVE('',#2702,#2701,#43,.T.);
#3397=EDGE_CURVE('',#2703,#2702,#1282,.T.);
#3398=EDGE_CURVE('',#2704,#2703,#1283,.T.);
#3399=EDGE_CURVE('',#2704,#2705,#1284,.T.);
#3400=EDGE_CURVE('',#2705,#2706,#44,.T.);
#3401=EDGE_CURVE('',#2706,#2700,#1285,.T.);
#3402=EDGE_CURVE('',#2707,#2695,#1286,.T.);
#3403=EDGE_CURVE('',#2707,#2701,#1287,.T.);
#3404=EDGE_CURVE('',#2708,#2709,#1288,.T.);
#3405=EDGE_CURVE('',#2709,#2710,#1289,.T.);
#3406=EDGE_CURVE('',#2710,#2711,#1290,.T.);
#3407=EDGE_CURVE('',#2708,#2711,#1291,.T.);
#3408=EDGE_CURVE('',#2709,#2704,#1292,.T.);
#3409=EDGE_CURVE('',#2704,#2712,#1293,.T.);
#3410=EDGE_CURVE('',#2712,#2710,#1294,.T.);
#3411=EDGE_CURVE('',#2711,#2713,#1295,.T.);
#3412=EDGE_CURVE('',#2713,#2703,#1296,.T.);
#3413=EDGE_CURVE('',#2703,#2708,#1297,.T.);
#3414=EDGE_CURVE('',#2713,#2712,#1298,.T.);
#3415=EDGE_CURVE('',#2709,#2714,#1299,.T.);
#3416=EDGE_CURVE('',#2705,#2714,#1300,.T.);
#3417=EDGE_CURVE('',#2715,#2698,#1301,.T.);
#3418=EDGE_CURVE('',#2714,#2715,#45,.T.);
#3419=EDGE_CURVE('',#2708,#2716,#1302,.T.);
#3420=EDGE_CURVE('',#2716,#2707,#46,.T.);
#3421=EDGE_CURVE('',#2706,#2715,#1303,.T.);
#3422=EDGE_CURVE('',#2716,#2702,#1304,.T.);
#3423=EDGE_CURVE('',#2717,#2718,#1305,.T.);
#3424=EDGE_CURVE('',#2718,#2719,#1306,.T.);
#3425=EDGE_CURVE('',#2719,#2720,#1307,.T.);
#3426=EDGE_CURVE('',#2717,#2720,#1308,.T.);
#3427=EDGE_CURVE('',#2718,#2721,#1309,.T.);
#3428=EDGE_CURVE('',#2721,#2722,#1310,.T.);
#3429=EDGE_CURVE('',#2722,#2719,#1311,.T.);
#3430=EDGE_CURVE('',#2721,#2723,#1312,.T.);
#3431=EDGE_CURVE('',#2723,#2724,#1313,.T.);
#3432=EDGE_CURVE('',#2724,#2722,#1314,.T.);
#3433=EDGE_CURVE('',#2720,#2724,#1315,.T.);
#3434=EDGE_CURVE('',#2723,#2717,#1316,.T.);
#3435=EDGE_CURVE('',#2725,#2720,#1317,.T.);
#3436=EDGE_CURVE('',#2726,#2725,#47,.T.);
#3437=EDGE_CURVE('',#2727,#2726,#1318,.T.);
#3438=EDGE_CURVE('',#2728,#2727,#1319,.T.);
#3439=EDGE_CURVE('',#2728,#2729,#1320,.T.);
#3440=EDGE_CURVE('',#2729,#2730,#48,.T.);
#3441=EDGE_CURVE('',#2730,#2724,#1321,.T.);
#3442=EDGE_CURVE('',#2731,#2719,#1322,.T.);
#3443=EDGE_CURVE('',#2731,#2725,#1323,.T.);
#3444=EDGE_CURVE('',#2732,#2733,#1324,.T.);
#3445=EDGE_CURVE('',#2733,#2734,#1325,.T.);
#3446=EDGE_CURVE('',#2734,#2735,#1326,.T.);
#3447=EDGE_CURVE('',#2732,#2735,#1327,.T.);
#3448=EDGE_CURVE('',#2733,#2728,#1328,.T.);
#3449=EDGE_CURVE('',#2728,#2736,#1329,.T.);
#3450=EDGE_CURVE('',#2736,#2734,#1330,.T.);
#3451=EDGE_CURVE('',#2735,#2737,#1331,.T.);
#3452=EDGE_CURVE('',#2737,#2727,#1332,.T.);
#3453=EDGE_CURVE('',#2727,#2732,#1333,.T.);
#3454=EDGE_CURVE('',#2737,#2736,#1334,.T.);
#3455=EDGE_CURVE('',#2733,#2738,#1335,.T.);
#3456=EDGE_CURVE('',#2729,#2738,#1336,.T.);
#3457=EDGE_CURVE('',#2739,#2722,#1337,.T.);
#3458=EDGE_CURVE('',#2738,#2739,#49,.T.);
#3459=EDGE_CURVE('',#2732,#2740,#1338,.T.);
#3460=EDGE_CURVE('',#2740,#2731,#50,.T.);
#3461=EDGE_CURVE('',#2730,#2739,#1339,.T.);
#3462=EDGE_CURVE('',#2740,#2726,#1340,.T.);
#3463=EDGE_CURVE('',#2741,#2742,#1341,.T.);
#3464=EDGE_CURVE('',#2742,#2743,#1342,.T.);
#3465=EDGE_CURVE('',#2743,#2744,#1343,.T.);
#3466=EDGE_CURVE('',#2741,#2744,#1344,.T.);
#3467=EDGE_CURVE('',#2742,#2745,#1345,.T.);
#3468=EDGE_CURVE('',#2745,#2746,#1346,.T.);
#3469=EDGE_CURVE('',#2746,#2743,#1347,.T.);
#3470=EDGE_CURVE('',#2745,#2747,#1348,.T.);
#3471=EDGE_CURVE('',#2747,#2748,#1349,.T.);
#3472=EDGE_CURVE('',#2748,#2746,#1350,.T.);
#3473=EDGE_CURVE('',#2744,#2748,#1351,.T.);
#3474=EDGE_CURVE('',#2747,#2741,#1352,.T.);
#3475=EDGE_CURVE('',#2749,#2744,#1353,.T.);
#3476=EDGE_CURVE('',#2750,#2749,#51,.T.);
#3477=EDGE_CURVE('',#2751,#2750,#1354,.T.);
#3478=EDGE_CURVE('',#2752,#2751,#1355,.T.);
#3479=EDGE_CURVE('',#2752,#2753,#1356,.T.);
#3480=EDGE_CURVE('',#2753,#2754,#52,.T.);
#3481=EDGE_CURVE('',#2754,#2748,#1357,.T.);
#3482=EDGE_CURVE('',#2755,#2743,#1358,.T.);
#3483=EDGE_CURVE('',#2755,#2749,#1359,.T.);
#3484=EDGE_CURVE('',#2756,#2757,#1360,.T.);
#3485=EDGE_CURVE('',#2757,#2758,#1361,.T.);
#3486=EDGE_CURVE('',#2758,#2759,#1362,.T.);
#3487=EDGE_CURVE('',#2756,#2759,#1363,.T.);
#3488=EDGE_CURVE('',#2757,#2752,#1364,.T.);
#3489=EDGE_CURVE('',#2752,#2760,#1365,.T.);
#3490=EDGE_CURVE('',#2760,#2758,#1366,.T.);
#3491=EDGE_CURVE('',#2759,#2761,#1367,.T.);
#3492=EDGE_CURVE('',#2761,#2751,#1368,.T.);
#3493=EDGE_CURVE('',#2751,#2756,#1369,.T.);
#3494=EDGE_CURVE('',#2761,#2760,#1370,.T.);
#3495=EDGE_CURVE('',#2757,#2762,#1371,.T.);
#3496=EDGE_CURVE('',#2753,#2762,#1372,.T.);
#3497=EDGE_CURVE('',#2763,#2746,#1373,.T.);
#3498=EDGE_CURVE('',#2762,#2763,#53,.T.);
#3499=EDGE_CURVE('',#2756,#2764,#1374,.T.);
#3500=EDGE_CURVE('',#2764,#2755,#54,.T.);
#3501=EDGE_CURVE('',#2754,#2763,#1375,.T.);
#3502=EDGE_CURVE('',#2764,#2750,#1376,.T.);
#3503=EDGE_CURVE('',#2765,#2766,#1377,.T.);
#3504=EDGE_CURVE('',#2766,#2767,#1378,.T.);
#3505=EDGE_CURVE('',#2767,#2768,#1379,.T.);
#3506=EDGE_CURVE('',#2765,#2768,#1380,.T.);
#3507=EDGE_CURVE('',#2766,#2769,#1381,.T.);
#3508=EDGE_CURVE('',#2769,#2770,#1382,.T.);
#3509=EDGE_CURVE('',#2770,#2767,#1383,.T.);
#3510=EDGE_CURVE('',#2769,#2771,#1384,.T.);
#3511=EDGE_CURVE('',#2771,#2772,#1385,.T.);
#3512=EDGE_CURVE('',#2772,#2770,#1386,.T.);
#3513=EDGE_CURVE('',#2768,#2772,#1387,.T.);
#3514=EDGE_CURVE('',#2771,#2765,#1388,.T.);
#3515=EDGE_CURVE('',#2773,#2768,#1389,.T.);
#3516=EDGE_CURVE('',#2774,#2773,#55,.T.);
#3517=EDGE_CURVE('',#2775,#2774,#1390,.T.);
#3518=EDGE_CURVE('',#2776,#2775,#1391,.T.);
#3519=EDGE_CURVE('',#2776,#2777,#1392,.T.);
#3520=EDGE_CURVE('',#2777,#2778,#56,.T.);
#3521=EDGE_CURVE('',#2778,#2772,#1393,.T.);
#3522=EDGE_CURVE('',#2779,#2767,#1394,.T.);
#3523=EDGE_CURVE('',#2779,#2773,#1395,.T.);
#3524=EDGE_CURVE('',#2780,#2781,#1396,.T.);
#3525=EDGE_CURVE('',#2781,#2782,#1397,.T.);
#3526=EDGE_CURVE('',#2782,#2783,#1398,.T.);
#3527=EDGE_CURVE('',#2780,#2783,#1399,.T.);
#3528=EDGE_CURVE('',#2781,#2776,#1400,.T.);
#3529=EDGE_CURVE('',#2776,#2784,#1401,.T.);
#3530=EDGE_CURVE('',#2784,#2782,#1402,.T.);
#3531=EDGE_CURVE('',#2783,#2785,#1403,.T.);
#3532=EDGE_CURVE('',#2785,#2775,#1404,.T.);
#3533=EDGE_CURVE('',#2775,#2780,#1405,.T.);
#3534=EDGE_CURVE('',#2785,#2784,#1406,.T.);
#3535=EDGE_CURVE('',#2781,#2786,#1407,.T.);
#3536=EDGE_CURVE('',#2777,#2786,#1408,.T.);
#3537=EDGE_CURVE('',#2787,#2770,#1409,.T.);
#3538=EDGE_CURVE('',#2786,#2787,#57,.T.);
#3539=EDGE_CURVE('',#2780,#2788,#1410,.T.);
#3540=EDGE_CURVE('',#2788,#2779,#58,.T.);
#3541=EDGE_CURVE('',#2778,#2787,#1411,.T.);
#3542=EDGE_CURVE('',#2788,#2774,#1412,.T.);
#3543=EDGE_CURVE('',#2789,#2790,#1413,.T.);
#3544=EDGE_CURVE('',#2790,#2791,#1414,.T.);
#3545=EDGE_CURVE('',#2791,#2792,#1415,.T.);
#3546=EDGE_CURVE('',#2789,#2792,#1416,.T.);
#3547=EDGE_CURVE('',#2790,#2793,#1417,.T.);
#3548=EDGE_CURVE('',#2793,#2794,#1418,.T.);
#3549=EDGE_CURVE('',#2794,#2791,#1419,.T.);
#3550=EDGE_CURVE('',#2793,#2795,#1420,.T.);
#3551=EDGE_CURVE('',#2795,#2796,#1421,.T.);
#3552=EDGE_CURVE('',#2796,#2794,#1422,.T.);
#3553=EDGE_CURVE('',#2792,#2796,#1423,.T.);
#3554=EDGE_CURVE('',#2795,#2789,#1424,.T.);
#3555=EDGE_CURVE('',#2797,#2792,#1425,.T.);
#3556=EDGE_CURVE('',#2798,#2797,#59,.T.);
#3557=EDGE_CURVE('',#2799,#2798,#1426,.T.);
#3558=EDGE_CURVE('',#2800,#2799,#1427,.T.);
#3559=EDGE_CURVE('',#2800,#2801,#1428,.T.);
#3560=EDGE_CURVE('',#2801,#2802,#60,.T.);
#3561=EDGE_CURVE('',#2802,#2796,#1429,.T.);
#3562=EDGE_CURVE('',#2803,#2791,#1430,.T.);
#3563=EDGE_CURVE('',#2803,#2797,#1431,.T.);
#3564=EDGE_CURVE('',#2804,#2805,#1432,.T.);
#3565=EDGE_CURVE('',#2805,#2806,#1433,.T.);
#3566=EDGE_CURVE('',#2806,#2807,#1434,.T.);
#3567=EDGE_CURVE('',#2804,#2807,#1435,.T.);
#3568=EDGE_CURVE('',#2805,#2800,#1436,.T.);
#3569=EDGE_CURVE('',#2800,#2808,#1437,.T.);
#3570=EDGE_CURVE('',#2808,#2806,#1438,.T.);
#3571=EDGE_CURVE('',#2807,#2809,#1439,.T.);
#3572=EDGE_CURVE('',#2809,#2799,#1440,.T.);
#3573=EDGE_CURVE('',#2799,#2804,#1441,.T.);
#3574=EDGE_CURVE('',#2809,#2808,#1442,.T.);
#3575=EDGE_CURVE('',#2805,#2810,#1443,.T.);
#3576=EDGE_CURVE('',#2801,#2810,#1444,.T.);
#3577=EDGE_CURVE('',#2811,#2794,#1445,.T.);
#3578=EDGE_CURVE('',#2810,#2811,#61,.T.);
#3579=EDGE_CURVE('',#2804,#2812,#1446,.T.);
#3580=EDGE_CURVE('',#2812,#2803,#62,.T.);
#3581=EDGE_CURVE('',#2802,#2811,#1447,.T.);
#3582=EDGE_CURVE('',#2812,#2798,#1448,.T.);
#3583=EDGE_CURVE('',#2813,#2814,#1449,.T.);
#3584=EDGE_CURVE('',#2814,#2815,#1450,.T.);
#3585=EDGE_CURVE('',#2815,#2816,#1451,.T.);
#3586=EDGE_CURVE('',#2813,#2816,#1452,.T.);
#3587=EDGE_CURVE('',#2814,#2817,#1453,.T.);
#3588=EDGE_CURVE('',#2817,#2818,#1454,.T.);
#3589=EDGE_CURVE('',#2818,#2815,#1455,.T.);
#3590=EDGE_CURVE('',#2817,#2819,#1456,.T.);
#3591=EDGE_CURVE('',#2819,#2820,#1457,.T.);
#3592=EDGE_CURVE('',#2820,#2818,#1458,.T.);
#3593=EDGE_CURVE('',#2816,#2820,#1459,.T.);
#3594=EDGE_CURVE('',#2819,#2813,#1460,.T.);
#3595=EDGE_CURVE('',#2821,#2816,#1461,.T.);
#3596=EDGE_CURVE('',#2822,#2821,#63,.T.);
#3597=EDGE_CURVE('',#2823,#2822,#1462,.T.);
#3598=EDGE_CURVE('',#2824,#2823,#1463,.T.);
#3599=EDGE_CURVE('',#2824,#2825,#1464,.T.);
#3600=EDGE_CURVE('',#2825,#2826,#64,.T.);
#3601=EDGE_CURVE('',#2826,#2820,#1465,.T.);
#3602=EDGE_CURVE('',#2827,#2815,#1466,.T.);
#3603=EDGE_CURVE('',#2827,#2821,#1467,.T.);
#3604=EDGE_CURVE('',#2828,#2829,#1468,.T.);
#3605=EDGE_CURVE('',#2829,#2830,#1469,.T.);
#3606=EDGE_CURVE('',#2830,#2831,#1470,.T.);
#3607=EDGE_CURVE('',#2828,#2831,#1471,.T.);
#3608=EDGE_CURVE('',#2829,#2824,#1472,.T.);
#3609=EDGE_CURVE('',#2824,#2832,#1473,.T.);
#3610=EDGE_CURVE('',#2832,#2830,#1474,.T.);
#3611=EDGE_CURVE('',#2831,#2833,#1475,.T.);
#3612=EDGE_CURVE('',#2833,#2823,#1476,.T.);
#3613=EDGE_CURVE('',#2823,#2828,#1477,.T.);
#3614=EDGE_CURVE('',#2833,#2832,#1478,.T.);
#3615=EDGE_CURVE('',#2829,#2834,#1479,.T.);
#3616=EDGE_CURVE('',#2825,#2834,#1480,.T.);
#3617=EDGE_CURVE('',#2835,#2818,#1481,.T.);
#3618=EDGE_CURVE('',#2834,#2835,#65,.T.);
#3619=EDGE_CURVE('',#2828,#2836,#1482,.T.);
#3620=EDGE_CURVE('',#2836,#2827,#66,.T.);
#3621=EDGE_CURVE('',#2826,#2835,#1483,.T.);
#3622=EDGE_CURVE('',#2836,#2822,#1484,.T.);
#3623=EDGE_CURVE('',#2837,#2838,#1485,.T.);
#3624=EDGE_CURVE('',#2838,#2839,#1486,.T.);
#3625=EDGE_CURVE('',#2839,#2840,#1487,.T.);
#3626=EDGE_CURVE('',#2837,#2840,#1488,.T.);
#3627=EDGE_CURVE('',#2838,#2841,#1489,.T.);
#3628=EDGE_CURVE('',#2841,#2842,#1490,.T.);
#3629=EDGE_CURVE('',#2842,#2839,#1491,.T.);
#3630=EDGE_CURVE('',#2841,#2843,#1492,.T.);
#3631=EDGE_CURVE('',#2843,#2844,#1493,.T.);
#3632=EDGE_CURVE('',#2844,#2842,#1494,.T.);
#3633=EDGE_CURVE('',#2840,#2844,#1495,.T.);
#3634=EDGE_CURVE('',#2843,#2837,#1496,.T.);
#3635=EDGE_CURVE('',#2845,#2840,#1497,.T.);
#3636=EDGE_CURVE('',#2846,#2845,#67,.T.);
#3637=EDGE_CURVE('',#2847,#2846,#1498,.T.);
#3638=EDGE_CURVE('',#2848,#2847,#1499,.T.);
#3639=EDGE_CURVE('',#2848,#2849,#1500,.T.);
#3640=EDGE_CURVE('',#2849,#2850,#68,.T.);
#3641=EDGE_CURVE('',#2850,#2844,#1501,.T.);
#3642=EDGE_CURVE('',#2851,#2839,#1502,.T.);
#3643=EDGE_CURVE('',#2851,#2845,#1503,.T.);
#3644=EDGE_CURVE('',#2852,#2853,#1504,.T.);
#3645=EDGE_CURVE('',#2853,#2854,#1505,.T.);
#3646=EDGE_CURVE('',#2854,#2855,#1506,.T.);
#3647=EDGE_CURVE('',#2852,#2855,#1507,.T.);
#3648=EDGE_CURVE('',#2853,#2848,#1508,.T.);
#3649=EDGE_CURVE('',#2848,#2856,#1509,.T.);
#3650=EDGE_CURVE('',#2856,#2854,#1510,.T.);
#3651=EDGE_CURVE('',#2855,#2857,#1511,.T.);
#3652=EDGE_CURVE('',#2857,#2847,#1512,.T.);
#3653=EDGE_CURVE('',#2847,#2852,#1513,.T.);
#3654=EDGE_CURVE('',#2857,#2856,#1514,.T.);
#3655=EDGE_CURVE('',#2853,#2858,#1515,.T.);
#3656=EDGE_CURVE('',#2849,#2858,#1516,.T.);
#3657=EDGE_CURVE('',#2859,#2842,#1517,.T.);
#3658=EDGE_CURVE('',#2858,#2859,#69,.T.);
#3659=EDGE_CURVE('',#2852,#2860,#1518,.T.);
#3660=EDGE_CURVE('',#2860,#2851,#70,.T.);
#3661=EDGE_CURVE('',#2850,#2859,#1519,.T.);
#3662=EDGE_CURVE('',#2860,#2846,#1520,.T.);
#3663=EDGE_CURVE('',#2861,#2862,#1521,.T.);
#3664=EDGE_CURVE('',#2862,#2863,#1522,.T.);
#3665=EDGE_CURVE('',#2863,#2864,#1523,.T.);
#3666=EDGE_CURVE('',#2861,#2864,#1524,.T.);
#3667=EDGE_CURVE('',#2862,#2865,#1525,.T.);
#3668=EDGE_CURVE('',#2865,#2866,#1526,.T.);
#3669=EDGE_CURVE('',#2866,#2863,#1527,.T.);
#3670=EDGE_CURVE('',#2865,#2867,#1528,.T.);
#3671=EDGE_CURVE('',#2867,#2868,#1529,.T.);
#3672=EDGE_CURVE('',#2868,#2866,#1530,.T.);
#3673=EDGE_CURVE('',#2864,#2868,#1531,.T.);
#3674=EDGE_CURVE('',#2867,#2861,#1532,.T.);
#3675=EDGE_CURVE('',#2869,#2864,#1533,.T.);
#3676=EDGE_CURVE('',#2870,#2869,#71,.T.);
#3677=EDGE_CURVE('',#2871,#2870,#1534,.T.);
#3678=EDGE_CURVE('',#2872,#2871,#1535,.T.);
#3679=EDGE_CURVE('',#2872,#2873,#1536,.T.);
#3680=EDGE_CURVE('',#2873,#2874,#72,.T.);
#3681=EDGE_CURVE('',#2874,#2868,#1537,.T.);
#3682=EDGE_CURVE('',#2875,#2863,#1538,.T.);
#3683=EDGE_CURVE('',#2875,#2869,#1539,.T.);
#3684=EDGE_CURVE('',#2876,#2877,#1540,.T.);
#3685=EDGE_CURVE('',#2877,#2878,#1541,.T.);
#3686=EDGE_CURVE('',#2878,#2879,#1542,.T.);
#3687=EDGE_CURVE('',#2876,#2879,#1543,.T.);
#3688=EDGE_CURVE('',#2877,#2872,#1544,.T.);
#3689=EDGE_CURVE('',#2872,#2880,#1545,.T.);
#3690=EDGE_CURVE('',#2880,#2878,#1546,.T.);
#3691=EDGE_CURVE('',#2879,#2881,#1547,.T.);
#3692=EDGE_CURVE('',#2881,#2871,#1548,.T.);
#3693=EDGE_CURVE('',#2871,#2876,#1549,.T.);
#3694=EDGE_CURVE('',#2881,#2880,#1550,.T.);
#3695=EDGE_CURVE('',#2877,#2882,#1551,.T.);
#3696=EDGE_CURVE('',#2873,#2882,#1552,.T.);
#3697=EDGE_CURVE('',#2883,#2866,#1553,.T.);
#3698=EDGE_CURVE('',#2882,#2883,#73,.T.);
#3699=EDGE_CURVE('',#2876,#2884,#1554,.T.);
#3700=EDGE_CURVE('',#2884,#2875,#74,.T.);
#3701=EDGE_CURVE('',#2874,#2883,#1555,.T.);
#3702=EDGE_CURVE('',#2884,#2870,#1556,.T.);
#3703=EDGE_CURVE('',#2885,#2886,#1557,.T.);
#3704=EDGE_CURVE('',#2886,#2887,#1558,.T.);
#3705=EDGE_CURVE('',#2887,#2888,#1559,.T.);
#3706=EDGE_CURVE('',#2885,#2888,#1560,.T.);
#3707=EDGE_CURVE('',#2886,#2889,#1561,.T.);
#3708=EDGE_CURVE('',#2889,#2890,#1562,.T.);
#3709=EDGE_CURVE('',#2890,#2887,#1563,.T.);
#3710=EDGE_CURVE('',#2889,#2891,#1564,.T.);
#3711=EDGE_CURVE('',#2891,#2892,#1565,.T.);
#3712=EDGE_CURVE('',#2892,#2890,#1566,.T.);
#3713=EDGE_CURVE('',#2888,#2892,#1567,.T.);
#3714=EDGE_CURVE('',#2891,#2885,#1568,.T.);
#3715=EDGE_CURVE('',#2893,#2888,#1569,.T.);
#3716=EDGE_CURVE('',#2894,#2893,#75,.T.);
#3717=EDGE_CURVE('',#2895,#2894,#1570,.T.);
#3718=EDGE_CURVE('',#2896,#2895,#1571,.T.);
#3719=EDGE_CURVE('',#2896,#2897,#1572,.T.);
#3720=EDGE_CURVE('',#2897,#2898,#76,.T.);
#3721=EDGE_CURVE('',#2898,#2892,#1573,.T.);
#3722=EDGE_CURVE('',#2899,#2887,#1574,.T.);
#3723=EDGE_CURVE('',#2899,#2893,#1575,.T.);
#3724=EDGE_CURVE('',#2900,#2901,#1576,.T.);
#3725=EDGE_CURVE('',#2901,#2902,#1577,.T.);
#3726=EDGE_CURVE('',#2902,#2903,#1578,.T.);
#3727=EDGE_CURVE('',#2900,#2903,#1579,.T.);
#3728=EDGE_CURVE('',#2901,#2896,#1580,.T.);
#3729=EDGE_CURVE('',#2896,#2904,#1581,.T.);
#3730=EDGE_CURVE('',#2904,#2902,#1582,.T.);
#3731=EDGE_CURVE('',#2903,#2905,#1583,.T.);
#3732=EDGE_CURVE('',#2905,#2895,#1584,.T.);
#3733=EDGE_CURVE('',#2895,#2900,#1585,.T.);
#3734=EDGE_CURVE('',#2905,#2904,#1586,.T.);
#3735=EDGE_CURVE('',#2901,#2906,#1587,.T.);
#3736=EDGE_CURVE('',#2897,#2906,#1588,.T.);
#3737=EDGE_CURVE('',#2907,#2890,#1589,.T.);
#3738=EDGE_CURVE('',#2906,#2907,#77,.T.);
#3739=EDGE_CURVE('',#2900,#2908,#1590,.T.);
#3740=EDGE_CURVE('',#2908,#2899,#78,.T.);
#3741=EDGE_CURVE('',#2898,#2907,#1591,.T.);
#3742=EDGE_CURVE('',#2908,#2894,#1592,.T.);
#3743=ORIENTED_EDGE('',*,*,#2909,.F.);
#3744=ORIENTED_EDGE('',*,*,#2910,.F.);
#3745=ORIENTED_EDGE('',*,*,#2911,.F.);
#3746=ORIENTED_EDGE('',*,*,#2912,.T.);
#3747=ORIENTED_EDGE('',*,*,#2913,.F.);
#3748=ORIENTED_EDGE('',*,*,#2912,.F.);
#3749=ORIENTED_EDGE('',*,*,#2914,.F.);
#3750=ORIENTED_EDGE('',*,*,#2915,.T.);
#3751=ORIENTED_EDGE('',*,*,#2916,.F.);
#3752=ORIENTED_EDGE('',*,*,#2915,.F.);
#3753=ORIENTED_EDGE('',*,*,#2917,.F.);
#3754=ORIENTED_EDGE('',*,*,#2918,.F.);
#3755=ORIENTED_EDGE('',*,*,#2919,.F.);
#3756=ORIENTED_EDGE('',*,*,#2920,.F.);
#3757=ORIENTED_EDGE('',*,*,#2921,.F.);
#3758=ORIENTED_EDGE('',*,*,#2922,.F.);
#3759=ORIENTED_EDGE('',*,*,#2923,.F.);
#3760=ORIENTED_EDGE('',*,*,#2922,.T.);
#3761=ORIENTED_EDGE('',*,*,#2924,.F.);
#3762=ORIENTED_EDGE('',*,*,#2925,.F.);
#3763=ORIENTED_EDGE('',*,*,#2926,.F.);
#3764=ORIENTED_EDGE('',*,*,#2925,.T.);
#3765=ORIENTED_EDGE('',*,*,#2927,.F.);
#3766=ORIENTED_EDGE('',*,*,#2928,.F.);
#3767=ORIENTED_EDGE('',*,*,#2927,.T.);
#3768=ORIENTED_EDGE('',*,*,#2924,.T.);
#3769=ORIENTED_EDGE('',*,*,#2921,.T.);
#3770=ORIENTED_EDGE('',*,*,#2929,.T.);
#3771=ORIENTED_EDGE('',*,*,#2930,.T.);
#3772=ORIENTED_EDGE('',*,*,#2931,.T.);
#3773=ORIENTED_EDGE('',*,*,#2932,.T.);
#3774=ORIENTED_EDGE('',*,*,#2933,.T.);
#3775=ORIENTED_EDGE('',*,*,#2934,.T.);
#3776=ORIENTED_EDGE('',*,*,#2935,.T.);
#3777=ORIENTED_EDGE('',*,*,#2920,.T.);
#3778=ORIENTED_EDGE('',*,*,#2936,.T.);
#3779=ORIENTED_EDGE('',*,*,#2937,.T.);
#3780=ORIENTED_EDGE('',*,*,#2938,.T.);
#3781=ORIENTED_EDGE('',*,*,#2939,.F.);
#3782=ORIENTED_EDGE('',*,*,#2929,.F.);
#3783=ORIENTED_EDGE('',*,*,#2918,.T.);
#3784=ORIENTED_EDGE('',*,*,#2940,.F.);
#3785=ORIENTED_EDGE('',*,*,#2941,.F.);
#3786=ORIENTED_EDGE('',*,*,#2942,.T.);
#3787=ORIENTED_EDGE('',*,*,#2943,.T.);
#3788=ORIENTED_EDGE('',*,*,#2944,.T.);
#3789=ORIENTED_EDGE('',*,*,#2909,.T.);
#3790=ORIENTED_EDGE('',*,*,#2913,.T.);
#3791=ORIENTED_EDGE('',*,*,#2916,.T.);
#3792=ORIENTED_EDGE('',*,*,#2944,.F.);
#3793=ORIENTED_EDGE('',*,*,#2945,.F.);
#3794=ORIENTED_EDGE('',*,*,#2946,.T.);
#3795=ORIENTED_EDGE('',*,*,#2947,.T.);
#3796=ORIENTED_EDGE('',*,*,#2948,.F.);
#3797=ORIENTED_EDGE('',*,*,#2949,.T.);
#3798=ORIENTED_EDGE('',*,*,#2950,.F.);
#3799=ORIENTED_EDGE('',*,*,#2951,.F.);
#3800=ORIENTED_EDGE('',*,*,#2952,.F.);
#3801=ORIENTED_EDGE('',*,*,#2953,.F.);
#3802=ORIENTED_EDGE('',*,*,#2938,.F.);
#3803=ORIENTED_EDGE('',*,*,#2954,.F.);
#3804=ORIENTED_EDGE('',*,*,#2955,.F.);
#3805=ORIENTED_EDGE('',*,*,#2956,.F.);
#3806=ORIENTED_EDGE('',*,*,#2957,.F.);
#3807=ORIENTED_EDGE('',*,*,#2958,.T.);
#3808=ORIENTED_EDGE('',*,*,#2959,.F.);
#3809=ORIENTED_EDGE('',*,*,#2960,.F.);
#3810=ORIENTED_EDGE('',*,*,#2956,.T.);
#3811=ORIENTED_EDGE('',*,*,#2961,.F.);
#3812=ORIENTED_EDGE('',*,*,#2962,.F.);
#3813=ORIENTED_EDGE('',*,*,#2963,.F.);
#3814=ORIENTED_EDGE('',*,*,#2964,.F.);
#3815=ORIENTED_EDGE('',*,*,#2958,.F.);
#3816=ORIENTED_EDGE('',*,*,#2965,.F.);
#3817=ORIENTED_EDGE('',*,*,#2966,.F.);
#3818=ORIENTED_EDGE('',*,*,#2967,.F.);
#3819=ORIENTED_EDGE('',*,*,#2968,.F.);
#3820=ORIENTED_EDGE('',*,*,#2969,.F.);
#3821=ORIENTED_EDGE('',*,*,#2967,.T.);
#3822=ORIENTED_EDGE('',*,*,#2970,.F.);
#3823=ORIENTED_EDGE('',*,*,#2971,.F.);
#3824=ORIENTED_EDGE('',*,*,#2972,.F.);
#3825=ORIENTED_EDGE('',*,*,#2961,.T.);
#3826=ORIENTED_EDGE('',*,*,#2955,.T.);
#3827=ORIENTED_EDGE('',*,*,#2970,.T.);
#3828=ORIENTED_EDGE('',*,*,#2966,.T.);
#3829=ORIENTED_EDGE('',*,*,#2973,.F.);
#3830=ORIENTED_EDGE('',*,*,#2974,.T.);
#3831=ORIENTED_EDGE('',*,*,#2975,.F.);
#3832=ORIENTED_EDGE('',*,*,#2976,.F.);
#3833=ORIENTED_EDGE('',*,*,#2977,.F.);
#3834=ORIENTED_EDGE('',*,*,#2978,.F.);
#3835=ORIENTED_EDGE('',*,*,#2979,.F.);
#3836=ORIENTED_EDGE('',*,*,#2980,.F.);
#3837=ORIENTED_EDGE('',*,*,#2953,.T.);
#3838=ORIENTED_EDGE('',*,*,#2981,.T.);
#3839=ORIENTED_EDGE('',*,*,#2982,.T.);
#3840=ORIENTED_EDGE('',*,*,#2941,.T.);
#3841=ORIENTED_EDGE('',*,*,#2983,.F.);
#3842=ORIENTED_EDGE('',*,*,#2984,.F.);
#3843=ORIENTED_EDGE('',*,*,#2985,.T.);
#3844=ORIENTED_EDGE('',*,*,#2986,.T.);
#3845=ORIENTED_EDGE('',*,*,#2987,.T.);
#3846=ORIENTED_EDGE('',*,*,#2988,.T.);
#3847=ORIENTED_EDGE('',*,*,#2989,.T.);
#3848=ORIENTED_EDGE('',*,*,#2990,.F.);
#3849=ORIENTED_EDGE('',*,*,#2991,.T.);
#3850=ORIENTED_EDGE('',*,*,#2992,.T.);
#3851=ORIENTED_EDGE('',*,*,#2993,.T.);
#3852=ORIENTED_EDGE('',*,*,#2994,.F.);
#3853=ORIENTED_EDGE('',*,*,#2995,.T.);
#3854=ORIENTED_EDGE('',*,*,#2996,.T.);
#3855=ORIENTED_EDGE('',*,*,#2997,.T.);
#3856=ORIENTED_EDGE('',*,*,#2998,.F.);
#3857=ORIENTED_EDGE('',*,*,#2999,.T.);
#3858=ORIENTED_EDGE('',*,*,#3000,.T.);
#3859=ORIENTED_EDGE('',*,*,#3001,.T.);
#3860=ORIENTED_EDGE('',*,*,#3002,.F.);
#3861=ORIENTED_EDGE('',*,*,#3003,.T.);
#3862=ORIENTED_EDGE('',*,*,#3004,.T.);
#3863=ORIENTED_EDGE('',*,*,#3005,.T.);
#3864=ORIENTED_EDGE('',*,*,#3006,.F.);
#3865=ORIENTED_EDGE('',*,*,#3007,.T.);
#3866=ORIENTED_EDGE('',*,*,#3008,.T.);
#3867=ORIENTED_EDGE('',*,*,#3009,.T.);
#3868=ORIENTED_EDGE('',*,*,#3010,.F.);
#3869=ORIENTED_EDGE('',*,*,#3011,.T.);
#3870=ORIENTED_EDGE('',*,*,#3012,.T.);
#3871=ORIENTED_EDGE('',*,*,#3013,.T.);
#3872=ORIENTED_EDGE('',*,*,#3014,.F.);
#3873=ORIENTED_EDGE('',*,*,#3015,.T.);
#3874=ORIENTED_EDGE('',*,*,#3016,.T.);
#3875=ORIENTED_EDGE('',*,*,#3017,.T.);
#3876=ORIENTED_EDGE('',*,*,#3018,.F.);
#3877=ORIENTED_EDGE('',*,*,#3019,.T.);
#3878=ORIENTED_EDGE('',*,*,#3020,.T.);
#3879=ORIENTED_EDGE('',*,*,#3021,.T.);
#3880=ORIENTED_EDGE('',*,*,#3022,.F.);
#3881=ORIENTED_EDGE('',*,*,#3023,.T.);
#3882=ORIENTED_EDGE('',*,*,#3024,.T.);
#3883=ORIENTED_EDGE('',*,*,#3025,.T.);
#3884=ORIENTED_EDGE('',*,*,#3026,.F.);
#3885=ORIENTED_EDGE('',*,*,#3027,.T.);
#3886=ORIENTED_EDGE('',*,*,#2973,.T.);
#3887=ORIENTED_EDGE('',*,*,#2965,.T.);
#3888=ORIENTED_EDGE('',*,*,#2957,.T.);
#3889=ORIENTED_EDGE('',*,*,#2960,.T.);
#3890=ORIENTED_EDGE('',*,*,#3028,.F.);
#3891=ORIENTED_EDGE('',*,*,#2930,.F.);
#3892=ORIENTED_EDGE('',*,*,#2939,.T.);
#3893=ORIENTED_EDGE('',*,*,#2926,.T.);
#3894=ORIENTED_EDGE('',*,*,#3029,.F.);
#3895=ORIENTED_EDGE('',*,*,#3030,.T.);
#3896=ORIENTED_EDGE('',*,*,#3031,.F.);
#3897=ORIENTED_EDGE('',*,*,#2968,.T.);
#3898=ORIENTED_EDGE('',*,*,#2954,.T.);
#3899=ORIENTED_EDGE('',*,*,#3032,.F.);
#3900=ORIENTED_EDGE('',*,*,#2936,.F.);
#3901=ORIENTED_EDGE('',*,*,#2919,.T.);
#3902=ORIENTED_EDGE('',*,*,#2923,.T.);
#3903=ORIENTED_EDGE('',*,*,#2932,.F.);
#3904=ORIENTED_EDGE('',*,*,#3033,.F.);
#3905=ORIENTED_EDGE('',*,*,#3034,.T.);
#3906=ORIENTED_EDGE('',*,*,#3035,.F.);
#3907=ORIENTED_EDGE('',*,*,#3036,.T.);
#3908=ORIENTED_EDGE('',*,*,#3037,.T.);
#3909=ORIENTED_EDGE('',*,*,#3038,.T.);
#3910=ORIENTED_EDGE('',*,*,#3039,.T.);
#3911=ORIENTED_EDGE('',*,*,#2933,.F.);
#3912=ORIENTED_EDGE('',*,*,#3035,.T.);
#3913=ORIENTED_EDGE('',*,*,#3040,.T.);
#3914=ORIENTED_EDGE('',*,*,#3041,.F.);
#3915=ORIENTED_EDGE('',*,*,#3040,.F.);
#3916=ORIENTED_EDGE('',*,*,#3034,.F.);
#3917=ORIENTED_EDGE('',*,*,#3042,.F.);
#3918=ORIENTED_EDGE('',*,*,#3038,.F.);
#3919=ORIENTED_EDGE('',*,*,#3043,.F.);
#3920=ORIENTED_EDGE('',*,*,#3044,.F.);
#3921=ORIENTED_EDGE('',*,*,#3045,.F.);
#3922=ORIENTED_EDGE('',*,*,#2981,.F.);
#3923=ORIENTED_EDGE('',*,*,#2952,.T.);
#3924=ORIENTED_EDGE('',*,*,#3046,.F.);
#3925=ORIENTED_EDGE('',*,*,#2942,.F.);
#3926=ORIENTED_EDGE('',*,*,#2982,.F.);
#3927=ORIENTED_EDGE('',*,*,#3045,.T.);
#3928=ORIENTED_EDGE('',*,*,#3047,.F.);
#3929=ORIENTED_EDGE('',*,*,#3048,.T.);
#3930=ORIENTED_EDGE('',*,*,#3049,.F.);
#3931=ORIENTED_EDGE('',*,*,#2987,.F.);
#3932=ORIENTED_EDGE('',*,*,#3050,.T.);
#3933=ORIENTED_EDGE('',*,*,#3051,.F.);
#3934=ORIENTED_EDGE('',*,*,#3052,.F.);
#3935=ORIENTED_EDGE('',*,*,#3050,.F.);
#3936=ORIENTED_EDGE('',*,*,#2986,.F.);
#3937=ORIENTED_EDGE('',*,*,#3053,.T.);
#3938=ORIENTED_EDGE('',*,*,#3054,.T.);
#3939=ORIENTED_EDGE('',*,*,#2946,.F.);
#3940=ORIENTED_EDGE('',*,*,#2985,.F.);
#3941=ORIENTED_EDGE('',*,*,#3055,.F.);
#3942=ORIENTED_EDGE('',*,*,#3056,.T.);
#3943=ORIENTED_EDGE('',*,*,#3053,.F.);
#3944=ORIENTED_EDGE('',*,*,#3057,.F.);
#3945=ORIENTED_EDGE('',*,*,#2947,.F.);
#3946=ORIENTED_EDGE('',*,*,#3054,.F.);
#3947=ORIENTED_EDGE('',*,*,#3056,.F.);
#3948=ORIENTED_EDGE('',*,*,#3058,.F.);
#3949=ORIENTED_EDGE('',*,*,#3059,.F.);
#3950=ORIENTED_EDGE('',*,*,#3060,.F.);
#3951=ORIENTED_EDGE('',*,*,#3048,.F.);
#3952=ORIENTED_EDGE('',*,*,#3049,.T.);
#3953=ORIENTED_EDGE('',*,*,#3060,.T.);
#3954=ORIENTED_EDGE('',*,*,#3061,.T.);
#3955=ORIENTED_EDGE('',*,*,#3062,.F.);
#3956=ORIENTED_EDGE('',*,*,#3063,.F.);
#3957=ORIENTED_EDGE('',*,*,#2988,.F.);
#3958=ORIENTED_EDGE('',*,*,#3064,.F.);
#3959=ORIENTED_EDGE('',*,*,#3065,.F.);
#3960=ORIENTED_EDGE('',*,*,#3066,.F.);
#3961=ORIENTED_EDGE('',*,*,#3067,.F.);
#3962=ORIENTED_EDGE('',*,*,#2951,.T.);
#3963=ORIENTED_EDGE('',*,*,#2937,.F.);
#3964=ORIENTED_EDGE('',*,*,#3032,.T.);
#3965=ORIENTED_EDGE('',*,*,#2959,.T.);
#3966=ORIENTED_EDGE('',*,*,#2964,.T.);
#3967=ORIENTED_EDGE('',*,*,#3068,.T.);
#3968=ORIENTED_EDGE('',*,*,#3051,.T.);
#3969=ORIENTED_EDGE('',*,*,#3052,.T.);
#3970=ORIENTED_EDGE('',*,*,#2945,.T.);
#3971=ORIENTED_EDGE('',*,*,#2943,.F.);
#3972=ORIENTED_EDGE('',*,*,#3046,.T.);
#3973=ORIENTED_EDGE('',*,*,#3044,.T.);
#3974=ORIENTED_EDGE('',*,*,#3069,.T.);
#3975=ORIENTED_EDGE('',*,*,#3070,.T.);
#3976=ORIENTED_EDGE('',*,*,#3071,.F.);
#3977=ORIENTED_EDGE('',*,*,#3072,.F.);
#3978=ORIENTED_EDGE('',*,*,#3073,.T.);
#3979=ORIENTED_EDGE('',*,*,#3074,.T.);
#3980=ORIENTED_EDGE('',*,*,#3075,.F.);
#3981=ORIENTED_EDGE('',*,*,#3076,.F.);
#3982=ORIENTED_EDGE('',*,*,#3077,.T.);
#3983=ORIENTED_EDGE('',*,*,#3078,.T.);
#3984=ORIENTED_EDGE('',*,*,#3079,.F.);
#3985=ORIENTED_EDGE('',*,*,#3074,.F.);
#3986=ORIENTED_EDGE('',*,*,#3079,.T.);
#3987=ORIENTED_EDGE('',*,*,#3080,.T.);
#3988=ORIENTED_EDGE('',*,*,#3071,.T.);
#3989=ORIENTED_EDGE('',*,*,#3081,.F.);
#3990=ORIENTED_EDGE('',*,*,#3075,.T.);
#3991=ORIENTED_EDGE('',*,*,#3055,.T.);
#3992=ORIENTED_EDGE('',*,*,#2984,.T.);
#3993=ORIENTED_EDGE('',*,*,#3082,.F.);
#3994=ORIENTED_EDGE('',*,*,#3076,.T.);
#3995=ORIENTED_EDGE('',*,*,#3081,.T.);
#3996=ORIENTED_EDGE('',*,*,#3083,.T.);
#3997=ORIENTED_EDGE('',*,*,#3084,.T.);
#3998=ORIENTED_EDGE('',*,*,#3058,.T.);
#3999=ORIENTED_EDGE('',*,*,#3085,.F.);
#4000=ORIENTED_EDGE('',*,*,#3086,.F.);
#4001=ORIENTED_EDGE('',*,*,#2989,.F.);
#4002=ORIENTED_EDGE('',*,*,#3063,.T.);
#4003=ORIENTED_EDGE('',*,*,#3059,.T.);
#4004=ORIENTED_EDGE('',*,*,#3084,.F.);
#4005=ORIENTED_EDGE('',*,*,#3087,.F.);
#4006=ORIENTED_EDGE('',*,*,#3061,.F.);
#4007=ORIENTED_EDGE('',*,*,#3086,.T.);
#4008=ORIENTED_EDGE('',*,*,#3088,.T.);
#4009=ORIENTED_EDGE('',*,*,#3089,.T.);
#4010=ORIENTED_EDGE('',*,*,#2990,.T.);
#4011=ORIENTED_EDGE('',*,*,#3066,.T.);
#4012=ORIENTED_EDGE('',*,*,#3090,.F.);
#4013=ORIENTED_EDGE('',*,*,#3091,.F.);
#4014=ORIENTED_EDGE('',*,*,#3092,.T.);
#4015=ORIENTED_EDGE('',*,*,#3065,.T.);
#4016=ORIENTED_EDGE('',*,*,#3093,.F.);
#4017=ORIENTED_EDGE('',*,*,#3094,.F.);
#4018=ORIENTED_EDGE('',*,*,#3090,.T.);
#4019=ORIENTED_EDGE('',*,*,#3064,.T.);
#4020=ORIENTED_EDGE('',*,*,#3095,.F.);
#4021=ORIENTED_EDGE('',*,*,#3096,.F.);
#4022=ORIENTED_EDGE('',*,*,#3093,.T.);
#4023=ORIENTED_EDGE('',*,*,#3067,.T.);
#4024=ORIENTED_EDGE('',*,*,#3092,.F.);
#4025=ORIENTED_EDGE('',*,*,#3097,.F.);
#4026=ORIENTED_EDGE('',*,*,#3095,.T.);
#4027=ORIENTED_EDGE('',*,*,#3098,.F.);
#4028=ORIENTED_EDGE('',*,*,#3099,.F.);
#4029=ORIENTED_EDGE('',*,*,#2993,.F.);
#4030=ORIENTED_EDGE('',*,*,#3100,.T.);
#4031=ORIENTED_EDGE('',*,*,#3101,.F.);
#4032=ORIENTED_EDGE('',*,*,#3100,.F.);
#4033=ORIENTED_EDGE('',*,*,#2992,.F.);
#4034=ORIENTED_EDGE('',*,*,#3102,.T.);
#4035=ORIENTED_EDGE('',*,*,#3103,.F.);
#4036=ORIENTED_EDGE('',*,*,#3104,.F.);
#4037=ORIENTED_EDGE('',*,*,#3105,.F.);
#4038=ORIENTED_EDGE('',*,*,#3106,.F.);
#4039=ORIENTED_EDGE('',*,*,#3107,.F.);
#4040=ORIENTED_EDGE('',*,*,#3102,.F.);
#4041=ORIENTED_EDGE('',*,*,#2991,.F.);
#4042=ORIENTED_EDGE('',*,*,#3089,.F.);
#4043=ORIENTED_EDGE('',*,*,#3099,.T.);
#4044=ORIENTED_EDGE('',*,*,#3108,.T.);
#4045=ORIENTED_EDGE('',*,*,#3109,.T.);
#4046=ORIENTED_EDGE('',*,*,#2994,.T.);
#4047=ORIENTED_EDGE('',*,*,#3105,.T.);
#4048=ORIENTED_EDGE('',*,*,#3110,.F.);
#4049=ORIENTED_EDGE('',*,*,#3111,.F.);
#4050=ORIENTED_EDGE('',*,*,#3112,.T.);
#4051=ORIENTED_EDGE('',*,*,#3104,.T.);
#4052=ORIENTED_EDGE('',*,*,#3113,.F.);
#4053=ORIENTED_EDGE('',*,*,#3114,.F.);
#4054=ORIENTED_EDGE('',*,*,#3110,.T.);
#4055=ORIENTED_EDGE('',*,*,#3103,.T.);
#4056=ORIENTED_EDGE('',*,*,#3115,.F.);
#4057=ORIENTED_EDGE('',*,*,#3116,.F.);
#4058=ORIENTED_EDGE('',*,*,#3113,.T.);
#4059=ORIENTED_EDGE('',*,*,#3106,.T.);
#4060=ORIENTED_EDGE('',*,*,#3112,.F.);
#4061=ORIENTED_EDGE('',*,*,#3117,.F.);
#4062=ORIENTED_EDGE('',*,*,#3115,.T.);
#4063=ORIENTED_EDGE('',*,*,#3118,.F.);
#4064=ORIENTED_EDGE('',*,*,#3119,.F.);
#4065=ORIENTED_EDGE('',*,*,#2997,.F.);
#4066=ORIENTED_EDGE('',*,*,#3120,.T.);
#4067=ORIENTED_EDGE('',*,*,#3121,.F.);
#4068=ORIENTED_EDGE('',*,*,#3120,.F.);
#4069=ORIENTED_EDGE('',*,*,#2996,.F.);
#4070=ORIENTED_EDGE('',*,*,#3122,.T.);
#4071=ORIENTED_EDGE('',*,*,#3123,.F.);
#4072=ORIENTED_EDGE('',*,*,#3124,.F.);
#4073=ORIENTED_EDGE('',*,*,#3125,.F.);
#4074=ORIENTED_EDGE('',*,*,#3126,.F.);
#4075=ORIENTED_EDGE('',*,*,#3127,.F.);
#4076=ORIENTED_EDGE('',*,*,#3122,.F.);
#4077=ORIENTED_EDGE('',*,*,#2995,.F.);
#4078=ORIENTED_EDGE('',*,*,#3109,.F.);
#4079=ORIENTED_EDGE('',*,*,#3119,.T.);
#4080=ORIENTED_EDGE('',*,*,#3128,.T.);
#4081=ORIENTED_EDGE('',*,*,#3129,.T.);
#4082=ORIENTED_EDGE('',*,*,#2998,.T.);
#4083=ORIENTED_EDGE('',*,*,#3125,.T.);
#4084=ORIENTED_EDGE('',*,*,#3130,.F.);
#4085=ORIENTED_EDGE('',*,*,#3131,.F.);
#4086=ORIENTED_EDGE('',*,*,#3132,.T.);
#4087=ORIENTED_EDGE('',*,*,#3124,.T.);
#4088=ORIENTED_EDGE('',*,*,#3133,.F.);
#4089=ORIENTED_EDGE('',*,*,#3134,.F.);
#4090=ORIENTED_EDGE('',*,*,#3130,.T.);
#4091=ORIENTED_EDGE('',*,*,#3123,.T.);
#4092=ORIENTED_EDGE('',*,*,#3135,.F.);
#4093=ORIENTED_EDGE('',*,*,#3136,.F.);
#4094=ORIENTED_EDGE('',*,*,#3133,.T.);
#4095=ORIENTED_EDGE('',*,*,#3126,.T.);
#4096=ORIENTED_EDGE('',*,*,#3132,.F.);
#4097=ORIENTED_EDGE('',*,*,#3137,.F.);
#4098=ORIENTED_EDGE('',*,*,#3135,.T.);
#4099=ORIENTED_EDGE('',*,*,#3138,.F.);
#4100=ORIENTED_EDGE('',*,*,#3139,.F.);
#4101=ORIENTED_EDGE('',*,*,#3001,.F.);
#4102=ORIENTED_EDGE('',*,*,#3140,.T.);
#4103=ORIENTED_EDGE('',*,*,#3141,.F.);
#4104=ORIENTED_EDGE('',*,*,#3140,.F.);
#4105=ORIENTED_EDGE('',*,*,#3000,.F.);
#4106=ORIENTED_EDGE('',*,*,#3142,.T.);
#4107=ORIENTED_EDGE('',*,*,#3143,.F.);
#4108=ORIENTED_EDGE('',*,*,#3144,.F.);
#4109=ORIENTED_EDGE('',*,*,#3145,.F.);
#4110=ORIENTED_EDGE('',*,*,#3146,.F.);
#4111=ORIENTED_EDGE('',*,*,#3147,.F.);
#4112=ORIENTED_EDGE('',*,*,#3142,.F.);
#4113=ORIENTED_EDGE('',*,*,#2999,.F.);
#4114=ORIENTED_EDGE('',*,*,#3129,.F.);
#4115=ORIENTED_EDGE('',*,*,#3139,.T.);
#4116=ORIENTED_EDGE('',*,*,#3148,.T.);
#4117=ORIENTED_EDGE('',*,*,#3149,.T.);
#4118=ORIENTED_EDGE('',*,*,#3002,.T.);
#4119=ORIENTED_EDGE('',*,*,#3145,.T.);
#4120=ORIENTED_EDGE('',*,*,#3150,.F.);
#4121=ORIENTED_EDGE('',*,*,#3151,.F.);
#4122=ORIENTED_EDGE('',*,*,#3152,.T.);
#4123=ORIENTED_EDGE('',*,*,#3144,.T.);
#4124=ORIENTED_EDGE('',*,*,#3153,.F.);
#4125=ORIENTED_EDGE('',*,*,#3154,.F.);
#4126=ORIENTED_EDGE('',*,*,#3150,.T.);
#4127=ORIENTED_EDGE('',*,*,#3143,.T.);
#4128=ORIENTED_EDGE('',*,*,#3155,.F.);
#4129=ORIENTED_EDGE('',*,*,#3156,.F.);
#4130=ORIENTED_EDGE('',*,*,#3153,.T.);
#4131=ORIENTED_EDGE('',*,*,#3146,.T.);
#4132=ORIENTED_EDGE('',*,*,#3152,.F.);
#4133=ORIENTED_EDGE('',*,*,#3157,.F.);
#4134=ORIENTED_EDGE('',*,*,#3155,.T.);
#4135=ORIENTED_EDGE('',*,*,#3158,.F.);
#4136=ORIENTED_EDGE('',*,*,#3159,.F.);
#4137=ORIENTED_EDGE('',*,*,#3005,.F.);
#4138=ORIENTED_EDGE('',*,*,#3160,.T.);
#4139=ORIENTED_EDGE('',*,*,#3161,.F.);
#4140=ORIENTED_EDGE('',*,*,#3160,.F.);
#4141=ORIENTED_EDGE('',*,*,#3004,.F.);
#4142=ORIENTED_EDGE('',*,*,#3162,.T.);
#4143=ORIENTED_EDGE('',*,*,#3163,.F.);
#4144=ORIENTED_EDGE('',*,*,#3164,.F.);
#4145=ORIENTED_EDGE('',*,*,#3165,.F.);
#4146=ORIENTED_EDGE('',*,*,#3166,.F.);
#4147=ORIENTED_EDGE('',*,*,#3167,.F.);
#4148=ORIENTED_EDGE('',*,*,#3162,.F.);
#4149=ORIENTED_EDGE('',*,*,#3003,.F.);
#4150=ORIENTED_EDGE('',*,*,#3149,.F.);
#4151=ORIENTED_EDGE('',*,*,#3159,.T.);
#4152=ORIENTED_EDGE('',*,*,#3168,.T.);
#4153=ORIENTED_EDGE('',*,*,#3169,.T.);
#4154=ORIENTED_EDGE('',*,*,#3006,.T.);
#4155=ORIENTED_EDGE('',*,*,#3165,.T.);
#4156=ORIENTED_EDGE('',*,*,#3170,.F.);
#4157=ORIENTED_EDGE('',*,*,#3171,.F.);
#4158=ORIENTED_EDGE('',*,*,#3172,.T.);
#4159=ORIENTED_EDGE('',*,*,#3164,.T.);
#4160=ORIENTED_EDGE('',*,*,#3173,.F.);
#4161=ORIENTED_EDGE('',*,*,#3174,.F.);
#4162=ORIENTED_EDGE('',*,*,#3170,.T.);
#4163=ORIENTED_EDGE('',*,*,#3163,.T.);
#4164=ORIENTED_EDGE('',*,*,#3175,.F.);
#4165=ORIENTED_EDGE('',*,*,#3176,.F.);
#4166=ORIENTED_EDGE('',*,*,#3173,.T.);
#4167=ORIENTED_EDGE('',*,*,#3166,.T.);
#4168=ORIENTED_EDGE('',*,*,#3172,.F.);
#4169=ORIENTED_EDGE('',*,*,#3177,.F.);
#4170=ORIENTED_EDGE('',*,*,#3175,.T.);
#4171=ORIENTED_EDGE('',*,*,#3178,.F.);
#4172=ORIENTED_EDGE('',*,*,#3179,.F.);
#4173=ORIENTED_EDGE('',*,*,#3009,.F.);
#4174=ORIENTED_EDGE('',*,*,#3180,.T.);
#4175=ORIENTED_EDGE('',*,*,#3181,.F.);
#4176=ORIENTED_EDGE('',*,*,#3180,.F.);
#4177=ORIENTED_EDGE('',*,*,#3008,.F.);
#4178=ORIENTED_EDGE('',*,*,#3182,.T.);
#4179=ORIENTED_EDGE('',*,*,#3183,.F.);
#4180=ORIENTED_EDGE('',*,*,#3184,.F.);
#4181=ORIENTED_EDGE('',*,*,#3185,.F.);
#4182=ORIENTED_EDGE('',*,*,#3186,.F.);
#4183=ORIENTED_EDGE('',*,*,#3187,.F.);
#4184=ORIENTED_EDGE('',*,*,#3182,.F.);
#4185=ORIENTED_EDGE('',*,*,#3007,.F.);
#4186=ORIENTED_EDGE('',*,*,#3169,.F.);
#4187=ORIENTED_EDGE('',*,*,#3179,.T.);
#4188=ORIENTED_EDGE('',*,*,#3188,.T.);
#4189=ORIENTED_EDGE('',*,*,#3189,.T.);
#4190=ORIENTED_EDGE('',*,*,#3010,.T.);
#4191=ORIENTED_EDGE('',*,*,#3185,.T.);
#4192=ORIENTED_EDGE('',*,*,#3190,.F.);
#4193=ORIENTED_EDGE('',*,*,#3191,.F.);
#4194=ORIENTED_EDGE('',*,*,#3192,.T.);
#4195=ORIENTED_EDGE('',*,*,#3184,.T.);
#4196=ORIENTED_EDGE('',*,*,#3193,.F.);
#4197=ORIENTED_EDGE('',*,*,#3194,.F.);
#4198=ORIENTED_EDGE('',*,*,#3190,.T.);
#4199=ORIENTED_EDGE('',*,*,#3183,.T.);
#4200=ORIENTED_EDGE('',*,*,#3195,.F.);
#4201=ORIENTED_EDGE('',*,*,#3196,.F.);
#4202=ORIENTED_EDGE('',*,*,#3193,.T.);
#4203=ORIENTED_EDGE('',*,*,#3186,.T.);
#4204=ORIENTED_EDGE('',*,*,#3192,.F.);
#4205=ORIENTED_EDGE('',*,*,#3197,.F.);
#4206=ORIENTED_EDGE('',*,*,#3195,.T.);
#4207=ORIENTED_EDGE('',*,*,#3198,.F.);
#4208=ORIENTED_EDGE('',*,*,#3199,.F.);
#4209=ORIENTED_EDGE('',*,*,#3013,.F.);
#4210=ORIENTED_EDGE('',*,*,#3200,.T.);
#4211=ORIENTED_EDGE('',*,*,#3201,.F.);
#4212=ORIENTED_EDGE('',*,*,#3200,.F.);
#4213=ORIENTED_EDGE('',*,*,#3012,.F.);
#4214=ORIENTED_EDGE('',*,*,#3202,.T.);
#4215=ORIENTED_EDGE('',*,*,#3203,.F.);
#4216=ORIENTED_EDGE('',*,*,#3204,.F.);
#4217=ORIENTED_EDGE('',*,*,#3205,.F.);
#4218=ORIENTED_EDGE('',*,*,#3206,.F.);
#4219=ORIENTED_EDGE('',*,*,#3207,.F.);
#4220=ORIENTED_EDGE('',*,*,#3202,.F.);
#4221=ORIENTED_EDGE('',*,*,#3011,.F.);
#4222=ORIENTED_EDGE('',*,*,#3189,.F.);
#4223=ORIENTED_EDGE('',*,*,#3199,.T.);
#4224=ORIENTED_EDGE('',*,*,#3208,.T.);
#4225=ORIENTED_EDGE('',*,*,#3209,.T.);
#4226=ORIENTED_EDGE('',*,*,#3014,.T.);
#4227=ORIENTED_EDGE('',*,*,#3205,.T.);
#4228=ORIENTED_EDGE('',*,*,#3210,.F.);
#4229=ORIENTED_EDGE('',*,*,#3211,.F.);
#4230=ORIENTED_EDGE('',*,*,#3212,.T.);
#4231=ORIENTED_EDGE('',*,*,#3204,.T.);
#4232=ORIENTED_EDGE('',*,*,#3213,.F.);
#4233=ORIENTED_EDGE('',*,*,#3214,.F.);
#4234=ORIENTED_EDGE('',*,*,#3210,.T.);
#4235=ORIENTED_EDGE('',*,*,#3203,.T.);
#4236=ORIENTED_EDGE('',*,*,#3215,.F.);
#4237=ORIENTED_EDGE('',*,*,#3216,.F.);
#4238=ORIENTED_EDGE('',*,*,#3213,.T.);
#4239=ORIENTED_EDGE('',*,*,#3206,.T.);
#4240=ORIENTED_EDGE('',*,*,#3212,.F.);
#4241=ORIENTED_EDGE('',*,*,#3217,.F.);
#4242=ORIENTED_EDGE('',*,*,#3215,.T.);
#4243=ORIENTED_EDGE('',*,*,#3218,.F.);
#4244=ORIENTED_EDGE('',*,*,#3219,.F.);
#4245=ORIENTED_EDGE('',*,*,#3017,.F.);
#4246=ORIENTED_EDGE('',*,*,#3220,.T.);
#4247=ORIENTED_EDGE('',*,*,#3221,.F.);
#4248=ORIENTED_EDGE('',*,*,#3220,.F.);
#4249=ORIENTED_EDGE('',*,*,#3016,.F.);
#4250=ORIENTED_EDGE('',*,*,#3222,.T.);
#4251=ORIENTED_EDGE('',*,*,#3223,.F.);
#4252=ORIENTED_EDGE('',*,*,#3224,.F.);
#4253=ORIENTED_EDGE('',*,*,#3225,.F.);
#4254=ORIENTED_EDGE('',*,*,#3226,.F.);
#4255=ORIENTED_EDGE('',*,*,#3227,.F.);
#4256=ORIENTED_EDGE('',*,*,#3222,.F.);
#4257=ORIENTED_EDGE('',*,*,#3015,.F.);
#4258=ORIENTED_EDGE('',*,*,#3209,.F.);
#4259=ORIENTED_EDGE('',*,*,#3219,.T.);
#4260=ORIENTED_EDGE('',*,*,#3228,.T.);
#4261=ORIENTED_EDGE('',*,*,#3229,.T.);
#4262=ORIENTED_EDGE('',*,*,#3018,.T.);
#4263=ORIENTED_EDGE('',*,*,#3225,.T.);
#4264=ORIENTED_EDGE('',*,*,#3230,.F.);
#4265=ORIENTED_EDGE('',*,*,#3231,.F.);
#4266=ORIENTED_EDGE('',*,*,#3232,.T.);
#4267=ORIENTED_EDGE('',*,*,#3224,.T.);
#4268=ORIENTED_EDGE('',*,*,#3233,.F.);
#4269=ORIENTED_EDGE('',*,*,#3234,.F.);
#4270=ORIENTED_EDGE('',*,*,#3230,.T.);
#4271=ORIENTED_EDGE('',*,*,#3223,.T.);
#4272=ORIENTED_EDGE('',*,*,#3235,.F.);
#4273=ORIENTED_EDGE('',*,*,#3236,.F.);
#4274=ORIENTED_EDGE('',*,*,#3233,.T.);
#4275=ORIENTED_EDGE('',*,*,#3226,.T.);
#4276=ORIENTED_EDGE('',*,*,#3232,.F.);
#4277=ORIENTED_EDGE('',*,*,#3237,.F.);
#4278=ORIENTED_EDGE('',*,*,#3235,.T.);
#4279=ORIENTED_EDGE('',*,*,#3238,.F.);
#4280=ORIENTED_EDGE('',*,*,#3239,.F.);
#4281=ORIENTED_EDGE('',*,*,#3021,.F.);
#4282=ORIENTED_EDGE('',*,*,#3240,.T.);
#4283=ORIENTED_EDGE('',*,*,#3241,.F.);
#4284=ORIENTED_EDGE('',*,*,#3240,.F.);
#4285=ORIENTED_EDGE('',*,*,#3020,.F.);
#4286=ORIENTED_EDGE('',*,*,#3242,.T.);
#4287=ORIENTED_EDGE('',*,*,#3243,.F.);
#4288=ORIENTED_EDGE('',*,*,#3244,.F.);
#4289=ORIENTED_EDGE('',*,*,#3245,.F.);
#4290=ORIENTED_EDGE('',*,*,#3246,.F.);
#4291=ORIENTED_EDGE('',*,*,#3247,.F.);
#4292=ORIENTED_EDGE('',*,*,#3242,.F.);
#4293=ORIENTED_EDGE('',*,*,#3019,.F.);
#4294=ORIENTED_EDGE('',*,*,#3229,.F.);
#4295=ORIENTED_EDGE('',*,*,#3239,.T.);
#4296=ORIENTED_EDGE('',*,*,#3248,.T.);
#4297=ORIENTED_EDGE('',*,*,#3249,.T.);
#4298=ORIENTED_EDGE('',*,*,#3022,.T.);
#4299=ORIENTED_EDGE('',*,*,#3245,.T.);
#4300=ORIENTED_EDGE('',*,*,#3250,.F.);
#4301=ORIENTED_EDGE('',*,*,#3251,.F.);
#4302=ORIENTED_EDGE('',*,*,#3252,.T.);
#4303=ORIENTED_EDGE('',*,*,#3244,.T.);
#4304=ORIENTED_EDGE('',*,*,#3253,.F.);
#4305=ORIENTED_EDGE('',*,*,#3254,.F.);
#4306=ORIENTED_EDGE('',*,*,#3250,.T.);
#4307=ORIENTED_EDGE('',*,*,#3243,.T.);
#4308=ORIENTED_EDGE('',*,*,#3255,.F.);
#4309=ORIENTED_EDGE('',*,*,#3256,.F.);
#4310=ORIENTED_EDGE('',*,*,#3253,.T.);
#4311=ORIENTED_EDGE('',*,*,#3246,.T.);
#4312=ORIENTED_EDGE('',*,*,#3252,.F.);
#4313=ORIENTED_EDGE('',*,*,#3257,.F.);
#4314=ORIENTED_EDGE('',*,*,#3255,.T.);
#4315=ORIENTED_EDGE('',*,*,#3258,.F.);
#4316=ORIENTED_EDGE('',*,*,#3259,.F.);
#4317=ORIENTED_EDGE('',*,*,#3025,.F.);
#4318=ORIENTED_EDGE('',*,*,#3260,.T.);
#4319=ORIENTED_EDGE('',*,*,#3261,.F.);
#4320=ORIENTED_EDGE('',*,*,#3260,.F.);
#4321=ORIENTED_EDGE('',*,*,#3024,.F.);
#4322=ORIENTED_EDGE('',*,*,#3262,.T.);
#4323=ORIENTED_EDGE('',*,*,#3263,.F.);
#4324=ORIENTED_EDGE('',*,*,#3264,.F.);
#4325=ORIENTED_EDGE('',*,*,#3265,.F.);
#4326=ORIENTED_EDGE('',*,*,#3266,.F.);
#4327=ORIENTED_EDGE('',*,*,#3267,.F.);
#4328=ORIENTED_EDGE('',*,*,#3262,.F.);
#4329=ORIENTED_EDGE('',*,*,#3023,.F.);
#4330=ORIENTED_EDGE('',*,*,#3249,.F.);
#4331=ORIENTED_EDGE('',*,*,#3259,.T.);
#4332=ORIENTED_EDGE('',*,*,#3268,.T.);
#4333=ORIENTED_EDGE('',*,*,#3269,.T.);
#4334=ORIENTED_EDGE('',*,*,#3026,.T.);
#4335=ORIENTED_EDGE('',*,*,#3265,.T.);
#4336=ORIENTED_EDGE('',*,*,#3270,.F.);
#4337=ORIENTED_EDGE('',*,*,#3271,.F.);
#4338=ORIENTED_EDGE('',*,*,#3272,.T.);
#4339=ORIENTED_EDGE('',*,*,#3264,.T.);
#4340=ORIENTED_EDGE('',*,*,#3273,.F.);
#4341=ORIENTED_EDGE('',*,*,#3274,.F.);
#4342=ORIENTED_EDGE('',*,*,#3270,.T.);
#4343=ORIENTED_EDGE('',*,*,#3263,.T.);
#4344=ORIENTED_EDGE('',*,*,#3275,.F.);
#4345=ORIENTED_EDGE('',*,*,#3276,.F.);
#4346=ORIENTED_EDGE('',*,*,#3273,.T.);
#4347=ORIENTED_EDGE('',*,*,#3266,.T.);
#4348=ORIENTED_EDGE('',*,*,#3272,.F.);
#4349=ORIENTED_EDGE('',*,*,#3277,.F.);
#4350=ORIENTED_EDGE('',*,*,#3275,.T.);
#4351=ORIENTED_EDGE('',*,*,#3278,.F.);
#4352=ORIENTED_EDGE('',*,*,#2974,.F.);
#4353=ORIENTED_EDGE('',*,*,#3027,.F.);
#4354=ORIENTED_EDGE('',*,*,#3269,.F.);
#4355=ORIENTED_EDGE('',*,*,#2971,.T.);
#4356=ORIENTED_EDGE('',*,*,#2976,.T.);
#4357=ORIENTED_EDGE('',*,*,#3279,.F.);
#4358=ORIENTED_EDGE('',*,*,#3280,.F.);
#4359=ORIENTED_EDGE('',*,*,#3087,.T.);
#4360=ORIENTED_EDGE('',*,*,#3083,.F.);
#4361=ORIENTED_EDGE('',*,*,#3070,.F.);
#4362=ORIENTED_EDGE('',*,*,#3281,.F.);
#4363=ORIENTED_EDGE('',*,*,#3282,.F.);
#4364=ORIENTED_EDGE('',*,*,#3283,.T.);
#4365=ORIENTED_EDGE('',*,*,#3039,.F.);
#4366=ORIENTED_EDGE('',*,*,#3284,.F.);
#4367=ORIENTED_EDGE('',*,*,#3279,.T.);
#4368=ORIENTED_EDGE('',*,*,#2975,.T.);
#4369=ORIENTED_EDGE('',*,*,#3278,.T.);
#4370=ORIENTED_EDGE('',*,*,#3268,.F.);
#4371=ORIENTED_EDGE('',*,*,#3258,.T.);
#4372=ORIENTED_EDGE('',*,*,#3261,.T.);
#4373=ORIENTED_EDGE('',*,*,#3267,.T.);
#4374=ORIENTED_EDGE('',*,*,#3248,.F.);
#4375=ORIENTED_EDGE('',*,*,#3238,.T.);
#4376=ORIENTED_EDGE('',*,*,#3241,.T.);
#4377=ORIENTED_EDGE('',*,*,#3247,.T.);
#4378=ORIENTED_EDGE('',*,*,#3228,.F.);
#4379=ORIENTED_EDGE('',*,*,#3218,.T.);
#4380=ORIENTED_EDGE('',*,*,#3221,.T.);
#4381=ORIENTED_EDGE('',*,*,#3227,.T.);
#4382=ORIENTED_EDGE('',*,*,#3208,.F.);
#4383=ORIENTED_EDGE('',*,*,#3198,.T.);
#4384=ORIENTED_EDGE('',*,*,#3201,.T.);
#4385=ORIENTED_EDGE('',*,*,#3207,.T.);
#4386=ORIENTED_EDGE('',*,*,#3188,.F.);
#4387=ORIENTED_EDGE('',*,*,#3178,.T.);
#4388=ORIENTED_EDGE('',*,*,#3181,.T.);
#4389=ORIENTED_EDGE('',*,*,#3187,.T.);
#4390=ORIENTED_EDGE('',*,*,#3168,.F.);
#4391=ORIENTED_EDGE('',*,*,#3158,.T.);
#4392=ORIENTED_EDGE('',*,*,#3161,.T.);
#4393=ORIENTED_EDGE('',*,*,#3167,.T.);
#4394=ORIENTED_EDGE('',*,*,#3148,.F.);
#4395=ORIENTED_EDGE('',*,*,#3138,.T.);
#4396=ORIENTED_EDGE('',*,*,#3141,.T.);
#4397=ORIENTED_EDGE('',*,*,#3147,.T.);
#4398=ORIENTED_EDGE('',*,*,#3128,.F.);
#4399=ORIENTED_EDGE('',*,*,#3118,.T.);
#4400=ORIENTED_EDGE('',*,*,#3121,.T.);
#4401=ORIENTED_EDGE('',*,*,#3127,.T.);
#4402=ORIENTED_EDGE('',*,*,#3108,.F.);
#4403=ORIENTED_EDGE('',*,*,#3098,.T.);
#4404=ORIENTED_EDGE('',*,*,#3101,.T.);
#4405=ORIENTED_EDGE('',*,*,#3107,.T.);
#4406=ORIENTED_EDGE('',*,*,#3088,.F.);
#4407=ORIENTED_EDGE('',*,*,#3085,.T.);
#4408=ORIENTED_EDGE('',*,*,#3062,.T.);
#4409=ORIENTED_EDGE('',*,*,#2979,.T.);
#4410=ORIENTED_EDGE('',*,*,#3285,.F.);
#4411=ORIENTED_EDGE('',*,*,#3286,.F.);
#4412=ORIENTED_EDGE('',*,*,#3287,.T.);
#4413=ORIENTED_EDGE('',*,*,#2978,.T.);
#4414=ORIENTED_EDGE('',*,*,#3288,.F.);
#4415=ORIENTED_EDGE('',*,*,#3289,.F.);
#4416=ORIENTED_EDGE('',*,*,#3285,.T.);
#4417=ORIENTED_EDGE('',*,*,#2977,.T.);
#4418=ORIENTED_EDGE('',*,*,#3290,.F.);
#4419=ORIENTED_EDGE('',*,*,#3291,.F.);
#4420=ORIENTED_EDGE('',*,*,#3288,.T.);
#4421=ORIENTED_EDGE('',*,*,#2980,.T.);
#4422=ORIENTED_EDGE('',*,*,#3287,.F.);
#4423=ORIENTED_EDGE('',*,*,#3292,.F.);
#4424=ORIENTED_EDGE('',*,*,#3290,.T.);
#4425=ORIENTED_EDGE('',*,*,#2949,.F.);
#4426=ORIENTED_EDGE('',*,*,#3293,.T.);
#4427=ORIENTED_EDGE('',*,*,#3030,.F.);
#4428=ORIENTED_EDGE('',*,*,#3294,.F.);
#4429=ORIENTED_EDGE('',*,*,#2969,.T.);
#4430=ORIENTED_EDGE('',*,*,#3031,.T.);
#4431=ORIENTED_EDGE('',*,*,#3293,.F.);
#4432=ORIENTED_EDGE('',*,*,#2948,.T.);
#4433=ORIENTED_EDGE('',*,*,#3057,.T.);
#4434=ORIENTED_EDGE('',*,*,#3047,.T.);
#4435=ORIENTED_EDGE('',*,*,#3068,.F.);
#4436=ORIENTED_EDGE('',*,*,#2963,.T.);
#4437=ORIENTED_EDGE('',*,*,#3091,.T.);
#4438=ORIENTED_EDGE('',*,*,#3094,.T.);
#4439=ORIENTED_EDGE('',*,*,#3096,.T.);
#4440=ORIENTED_EDGE('',*,*,#3097,.T.);
#4441=ORIENTED_EDGE('',*,*,#3111,.T.);
#4442=ORIENTED_EDGE('',*,*,#3114,.T.);
#4443=ORIENTED_EDGE('',*,*,#3116,.T.);
#4444=ORIENTED_EDGE('',*,*,#3117,.T.);
#4445=ORIENTED_EDGE('',*,*,#3131,.T.);
#4446=ORIENTED_EDGE('',*,*,#3134,.T.);
#4447=ORIENTED_EDGE('',*,*,#3136,.T.);
#4448=ORIENTED_EDGE('',*,*,#3137,.T.);
#4449=ORIENTED_EDGE('',*,*,#3151,.T.);
#4450=ORIENTED_EDGE('',*,*,#3154,.T.);
#4451=ORIENTED_EDGE('',*,*,#3156,.T.);
#4452=ORIENTED_EDGE('',*,*,#3157,.T.);
#4453=ORIENTED_EDGE('',*,*,#3171,.T.);
#4454=ORIENTED_EDGE('',*,*,#3174,.T.);
#4455=ORIENTED_EDGE('',*,*,#3176,.T.);
#4456=ORIENTED_EDGE('',*,*,#3177,.T.);
#4457=ORIENTED_EDGE('',*,*,#3191,.T.);
#4458=ORIENTED_EDGE('',*,*,#3194,.T.);
#4459=ORIENTED_EDGE('',*,*,#3196,.T.);
#4460=ORIENTED_EDGE('',*,*,#3197,.T.);
#4461=ORIENTED_EDGE('',*,*,#3211,.T.);
#4462=ORIENTED_EDGE('',*,*,#3214,.T.);
#4463=ORIENTED_EDGE('',*,*,#3216,.T.);
#4464=ORIENTED_EDGE('',*,*,#3217,.T.);
#4465=ORIENTED_EDGE('',*,*,#3231,.T.);
#4466=ORIENTED_EDGE('',*,*,#3234,.T.);
#4467=ORIENTED_EDGE('',*,*,#3236,.T.);
#4468=ORIENTED_EDGE('',*,*,#3237,.T.);
#4469=ORIENTED_EDGE('',*,*,#3251,.T.);
#4470=ORIENTED_EDGE('',*,*,#3254,.T.);
#4471=ORIENTED_EDGE('',*,*,#3256,.T.);
#4472=ORIENTED_EDGE('',*,*,#3257,.T.);
#4473=ORIENTED_EDGE('',*,*,#3271,.T.);
#4474=ORIENTED_EDGE('',*,*,#3274,.T.);
#4475=ORIENTED_EDGE('',*,*,#3276,.T.);
#4476=ORIENTED_EDGE('',*,*,#3277,.T.);
#4477=ORIENTED_EDGE('',*,*,#3286,.T.);
#4478=ORIENTED_EDGE('',*,*,#3289,.T.);
#4479=ORIENTED_EDGE('',*,*,#3291,.T.);
#4480=ORIENTED_EDGE('',*,*,#3292,.T.);
#4481=ORIENTED_EDGE('',*,*,#3036,.F.);
#4482=ORIENTED_EDGE('',*,*,#3283,.F.);
#4483=ORIENTED_EDGE('',*,*,#3295,.F.);
#4484=ORIENTED_EDGE('',*,*,#3296,.F.);
#4485=ORIENTED_EDGE('',*,*,#3069,.F.);
#4486=ORIENTED_EDGE('',*,*,#3297,.F.);
#4487=ORIENTED_EDGE('',*,*,#3298,.F.);
#4488=ORIENTED_EDGE('',*,*,#3281,.T.);
#4489=ORIENTED_EDGE('',*,*,#2928,.T.);
#4490=ORIENTED_EDGE('',*,*,#2935,.F.);
#4491=ORIENTED_EDGE('',*,*,#3299,.T.);
#4492=ORIENTED_EDGE('',*,*,#3295,.T.);
#4493=ORIENTED_EDGE('',*,*,#3282,.T.);
#4494=ORIENTED_EDGE('',*,*,#3298,.T.);
#4495=ORIENTED_EDGE('',*,*,#3300,.T.);
#4496=ORIENTED_EDGE('',*,*,#3301,.F.);
#4497=ORIENTED_EDGE('',*,*,#2910,.T.);
#4498=ORIENTED_EDGE('',*,*,#2950,.T.);
#4499=ORIENTED_EDGE('',*,*,#3294,.T.);
#4500=ORIENTED_EDGE('',*,*,#3029,.T.);
#4501=ORIENTED_EDGE('',*,*,#3297,.T.);
#4502=ORIENTED_EDGE('',*,*,#3072,.T.);
#4503=ORIENTED_EDGE('',*,*,#3080,.F.);
#4504=ORIENTED_EDGE('',*,*,#3078,.F.);
#4505=ORIENTED_EDGE('',*,*,#3302,.F.);
#4506=ORIENTED_EDGE('',*,*,#3300,.F.);
#4507=ORIENTED_EDGE('',*,*,#3296,.T.);
#4508=ORIENTED_EDGE('',*,*,#3299,.F.);
#4509=ORIENTED_EDGE('',*,*,#2934,.F.);
#4510=ORIENTED_EDGE('',*,*,#3041,.T.);
#4511=ORIENTED_EDGE('',*,*,#3043,.T.);
#4512=ORIENTED_EDGE('',*,*,#3037,.F.);
#4513=ORIENTED_EDGE('',*,*,#2972,.T.);
#4514=ORIENTED_EDGE('',*,*,#3280,.T.);
#4515=ORIENTED_EDGE('',*,*,#3284,.T.);
#4516=ORIENTED_EDGE('',*,*,#3042,.T.);
#4517=ORIENTED_EDGE('',*,*,#3033,.T.);
#4518=ORIENTED_EDGE('',*,*,#2931,.F.);
#4519=ORIENTED_EDGE('',*,*,#3028,.T.);
#4520=ORIENTED_EDGE('',*,*,#2962,.T.);
#4521=ORIENTED_EDGE('',*,*,#2911,.T.);
#4522=ORIENTED_EDGE('',*,*,#3301,.T.);
#4523=ORIENTED_EDGE('',*,*,#3302,.T.);
#4524=ORIENTED_EDGE('',*,*,#3077,.F.);
#4525=ORIENTED_EDGE('',*,*,#3073,.F.);
#4526=ORIENTED_EDGE('',*,*,#3082,.T.);
#4527=ORIENTED_EDGE('',*,*,#2983,.T.);
#4528=ORIENTED_EDGE('',*,*,#2940,.T.);
#4529=ORIENTED_EDGE('',*,*,#2917,.T.);
#4530=ORIENTED_EDGE('',*,*,#2914,.T.);
#4531=ORIENTED_EDGE('',*,*,#3303,.T.);
#4532=ORIENTED_EDGE('',*,*,#3304,.T.);
#4533=ORIENTED_EDGE('',*,*,#3305,.T.);
#4534=ORIENTED_EDGE('',*,*,#3306,.F.);
#4535=ORIENTED_EDGE('',*,*,#3307,.T.);
#4536=ORIENTED_EDGE('',*,*,#3308,.T.);
#4537=ORIENTED_EDGE('',*,*,#3309,.T.);
#4538=ORIENTED_EDGE('',*,*,#3304,.F.);
#4539=ORIENTED_EDGE('',*,*,#3310,.T.);
#4540=ORIENTED_EDGE('',*,*,#3311,.T.);
#4541=ORIENTED_EDGE('',*,*,#3312,.T.);
#4542=ORIENTED_EDGE('',*,*,#3308,.F.);
#4543=ORIENTED_EDGE('',*,*,#3313,.T.);
#4544=ORIENTED_EDGE('',*,*,#3311,.F.);
#4545=ORIENTED_EDGE('',*,*,#3314,.T.);
#4546=ORIENTED_EDGE('',*,*,#3306,.T.);
#4547=ORIENTED_EDGE('',*,*,#3313,.F.);
#4548=ORIENTED_EDGE('',*,*,#3315,.F.);
#4549=ORIENTED_EDGE('',*,*,#3316,.F.);
#4550=ORIENTED_EDGE('',*,*,#3317,.F.);
#4551=ORIENTED_EDGE('',*,*,#3318,.F.);
#4552=ORIENTED_EDGE('',*,*,#3319,.T.);
#4553=ORIENTED_EDGE('',*,*,#3320,.T.);
#4554=ORIENTED_EDGE('',*,*,#3321,.T.);
#4555=ORIENTED_EDGE('',*,*,#3305,.F.);
#4556=ORIENTED_EDGE('',*,*,#3322,.F.);
#4557=ORIENTED_EDGE('',*,*,#3323,.T.);
#4558=ORIENTED_EDGE('',*,*,#3315,.T.);
#4559=ORIENTED_EDGE('',*,*,#3303,.F.);
#4560=ORIENTED_EDGE('',*,*,#3314,.F.);
#4561=ORIENTED_EDGE('',*,*,#3310,.F.);
#4562=ORIENTED_EDGE('',*,*,#3307,.F.);
#4563=ORIENTED_EDGE('',*,*,#3324,.T.);
#4564=ORIENTED_EDGE('',*,*,#3325,.T.);
#4565=ORIENTED_EDGE('',*,*,#3326,.T.);
#4566=ORIENTED_EDGE('',*,*,#3327,.F.);
#4567=ORIENTED_EDGE('',*,*,#3328,.T.);
#4568=ORIENTED_EDGE('',*,*,#3329,.T.);
#4569=ORIENTED_EDGE('',*,*,#3330,.T.);
#4570=ORIENTED_EDGE('',*,*,#3325,.F.);
#4571=ORIENTED_EDGE('',*,*,#3331,.T.);
#4572=ORIENTED_EDGE('',*,*,#3332,.T.);
#4573=ORIENTED_EDGE('',*,*,#3333,.T.);
#4574=ORIENTED_EDGE('',*,*,#3327,.T.);
#4575=ORIENTED_EDGE('',*,*,#3318,.T.);
#4576=ORIENTED_EDGE('',*,*,#3332,.F.);
#4577=ORIENTED_EDGE('',*,*,#3334,.T.);
#4578=ORIENTED_EDGE('',*,*,#3329,.F.);
#4579=ORIENTED_EDGE('',*,*,#3328,.F.);
#4580=ORIENTED_EDGE('',*,*,#3335,.T.);
#4581=ORIENTED_EDGE('',*,*,#3336,.F.);
#4582=ORIENTED_EDGE('',*,*,#3319,.F.);
#4583=ORIENTED_EDGE('',*,*,#3309,.F.);
#4584=ORIENTED_EDGE('',*,*,#3337,.F.);
#4585=ORIENTED_EDGE('',*,*,#3338,.F.);
#4586=ORIENTED_EDGE('',*,*,#3335,.F.);
#4587=ORIENTED_EDGE('',*,*,#3324,.F.);
#4588=ORIENTED_EDGE('',*,*,#3339,.T.);
#4589=ORIENTED_EDGE('',*,*,#3340,.T.);
#4590=ORIENTED_EDGE('',*,*,#3322,.T.);
#4591=ORIENTED_EDGE('',*,*,#3326,.F.);
#4592=ORIENTED_EDGE('',*,*,#3330,.F.);
#4593=ORIENTED_EDGE('',*,*,#3334,.F.);
#4594=ORIENTED_EDGE('',*,*,#3331,.F.);
#4595=ORIENTED_EDGE('',*,*,#3312,.F.);
#4596=ORIENTED_EDGE('',*,*,#3321,.F.);
#4597=ORIENTED_EDGE('',*,*,#3341,.T.);
#4598=ORIENTED_EDGE('',*,*,#3337,.T.);
#4599=ORIENTED_EDGE('',*,*,#3336,.T.);
#4600=ORIENTED_EDGE('',*,*,#3338,.T.);
#4601=ORIENTED_EDGE('',*,*,#3341,.F.);
#4602=ORIENTED_EDGE('',*,*,#3320,.F.);
#4603=ORIENTED_EDGE('',*,*,#3342,.T.);
#4604=ORIENTED_EDGE('',*,*,#3316,.T.);
#4605=ORIENTED_EDGE('',*,*,#3323,.F.);
#4606=ORIENTED_EDGE('',*,*,#3340,.F.);
#4607=ORIENTED_EDGE('',*,*,#3333,.F.);
#4608=ORIENTED_EDGE('',*,*,#3317,.T.);
#4609=ORIENTED_EDGE('',*,*,#3342,.F.);
#4610=ORIENTED_EDGE('',*,*,#3339,.F.);
#4611=ORIENTED_EDGE('',*,*,#3343,.T.);
#4612=ORIENTED_EDGE('',*,*,#3344,.T.);
#4613=ORIENTED_EDGE('',*,*,#3345,.T.);
#4614=ORIENTED_EDGE('',*,*,#3346,.F.);
#4615=ORIENTED_EDGE('',*,*,#3347,.T.);
#4616=ORIENTED_EDGE('',*,*,#3348,.T.);
#4617=ORIENTED_EDGE('',*,*,#3349,.T.);
#4618=ORIENTED_EDGE('',*,*,#3344,.F.);
#4619=ORIENTED_EDGE('',*,*,#3350,.T.);
#4620=ORIENTED_EDGE('',*,*,#3351,.T.);
#4621=ORIENTED_EDGE('',*,*,#3352,.T.);
#4622=ORIENTED_EDGE('',*,*,#3348,.F.);
#4623=ORIENTED_EDGE('',*,*,#3353,.T.);
#4624=ORIENTED_EDGE('',*,*,#3351,.F.);
#4625=ORIENTED_EDGE('',*,*,#3354,.T.);
#4626=ORIENTED_EDGE('',*,*,#3346,.T.);
#4627=ORIENTED_EDGE('',*,*,#3353,.F.);
#4628=ORIENTED_EDGE('',*,*,#3355,.F.);
#4629=ORIENTED_EDGE('',*,*,#3356,.F.);
#4630=ORIENTED_EDGE('',*,*,#3357,.F.);
#4631=ORIENTED_EDGE('',*,*,#3358,.F.);
#4632=ORIENTED_EDGE('',*,*,#3359,.T.);
#4633=ORIENTED_EDGE('',*,*,#3360,.T.);
#4634=ORIENTED_EDGE('',*,*,#3361,.T.);
#4635=ORIENTED_EDGE('',*,*,#3345,.F.);
#4636=ORIENTED_EDGE('',*,*,#3362,.F.);
#4637=ORIENTED_EDGE('',*,*,#3363,.T.);
#4638=ORIENTED_EDGE('',*,*,#3355,.T.);
#4639=ORIENTED_EDGE('',*,*,#3343,.F.);
#4640=ORIENTED_EDGE('',*,*,#3354,.F.);
#4641=ORIENTED_EDGE('',*,*,#3350,.F.);
#4642=ORIENTED_EDGE('',*,*,#3347,.F.);
#4643=ORIENTED_EDGE('',*,*,#3364,.T.);
#4644=ORIENTED_EDGE('',*,*,#3365,.T.);
#4645=ORIENTED_EDGE('',*,*,#3366,.T.);
#4646=ORIENTED_EDGE('',*,*,#3367,.F.);
#4647=ORIENTED_EDGE('',*,*,#3368,.T.);
#4648=ORIENTED_EDGE('',*,*,#3369,.T.);
#4649=ORIENTED_EDGE('',*,*,#3370,.T.);
#4650=ORIENTED_EDGE('',*,*,#3365,.F.);
#4651=ORIENTED_EDGE('',*,*,#3371,.T.);
#4652=ORIENTED_EDGE('',*,*,#3372,.T.);
#4653=ORIENTED_EDGE('',*,*,#3373,.T.);
#4654=ORIENTED_EDGE('',*,*,#3367,.T.);
#4655=ORIENTED_EDGE('',*,*,#3358,.T.);
#4656=ORIENTED_EDGE('',*,*,#3372,.F.);
#4657=ORIENTED_EDGE('',*,*,#3374,.T.);
#4658=ORIENTED_EDGE('',*,*,#3369,.F.);
#4659=ORIENTED_EDGE('',*,*,#3368,.F.);
#4660=ORIENTED_EDGE('',*,*,#3375,.T.);
#4661=ORIENTED_EDGE('',*,*,#3376,.F.);
#4662=ORIENTED_EDGE('',*,*,#3359,.F.);
#4663=ORIENTED_EDGE('',*,*,#3349,.F.);
#4664=ORIENTED_EDGE('',*,*,#3377,.F.);
#4665=ORIENTED_EDGE('',*,*,#3378,.F.);
#4666=ORIENTED_EDGE('',*,*,#3375,.F.);
#4667=ORIENTED_EDGE('',*,*,#3364,.F.);
#4668=ORIENTED_EDGE('',*,*,#3379,.T.);
#4669=ORIENTED_EDGE('',*,*,#3380,.T.);
#4670=ORIENTED_EDGE('',*,*,#3362,.T.);
#4671=ORIENTED_EDGE('',*,*,#3366,.F.);
#4672=ORIENTED_EDGE('',*,*,#3370,.F.);
#4673=ORIENTED_EDGE('',*,*,#3374,.F.);
#4674=ORIENTED_EDGE('',*,*,#3371,.F.);
#4675=ORIENTED_EDGE('',*,*,#3352,.F.);
#4676=ORIENTED_EDGE('',*,*,#3361,.F.);
#4677=ORIENTED_EDGE('',*,*,#3381,.T.);
#4678=ORIENTED_EDGE('',*,*,#3377,.T.);
#4679=ORIENTED_EDGE('',*,*,#3376,.T.);
#4680=ORIENTED_EDGE('',*,*,#3378,.T.);
#4681=ORIENTED_EDGE('',*,*,#3381,.F.);
#4682=ORIENTED_EDGE('',*,*,#3360,.F.);
#4683=ORIENTED_EDGE('',*,*,#3382,.T.);
#4684=ORIENTED_EDGE('',*,*,#3356,.T.);
#4685=ORIENTED_EDGE('',*,*,#3363,.F.);
#4686=ORIENTED_EDGE('',*,*,#3380,.F.);
#4687=ORIENTED_EDGE('',*,*,#3373,.F.);
#4688=ORIENTED_EDGE('',*,*,#3357,.T.);
#4689=ORIENTED_EDGE('',*,*,#3382,.F.);
#4690=ORIENTED_EDGE('',*,*,#3379,.F.);
#4691=ORIENTED_EDGE('',*,*,#3383,.T.);
#4692=ORIENTED_EDGE('',*,*,#3384,.T.);
#4693=ORIENTED_EDGE('',*,*,#3385,.T.);
#4694=ORIENTED_EDGE('',*,*,#3386,.F.);
#4695=ORIENTED_EDGE('',*,*,#3387,.T.);
#4696=ORIENTED_EDGE('',*,*,#3388,.T.);
#4697=ORIENTED_EDGE('',*,*,#3389,.T.);
#4698=ORIENTED_EDGE('',*,*,#3384,.F.);
#4699=ORIENTED_EDGE('',*,*,#3390,.T.);
#4700=ORIENTED_EDGE('',*,*,#3391,.T.);
#4701=ORIENTED_EDGE('',*,*,#3392,.T.);
#4702=ORIENTED_EDGE('',*,*,#3388,.F.);
#4703=ORIENTED_EDGE('',*,*,#3393,.T.);
#4704=ORIENTED_EDGE('',*,*,#3391,.F.);
#4705=ORIENTED_EDGE('',*,*,#3394,.T.);
#4706=ORIENTED_EDGE('',*,*,#3386,.T.);
#4707=ORIENTED_EDGE('',*,*,#3393,.F.);
#4708=ORIENTED_EDGE('',*,*,#3395,.F.);
#4709=ORIENTED_EDGE('',*,*,#3396,.F.);
#4710=ORIENTED_EDGE('',*,*,#3397,.F.);
#4711=ORIENTED_EDGE('',*,*,#3398,.F.);
#4712=ORIENTED_EDGE('',*,*,#3399,.T.);
#4713=ORIENTED_EDGE('',*,*,#3400,.T.);
#4714=ORIENTED_EDGE('',*,*,#3401,.T.);
#4715=ORIENTED_EDGE('',*,*,#3385,.F.);
#4716=ORIENTED_EDGE('',*,*,#3402,.F.);
#4717=ORIENTED_EDGE('',*,*,#3403,.T.);
#4718=ORIENTED_EDGE('',*,*,#3395,.T.);
#4719=ORIENTED_EDGE('',*,*,#3383,.F.);
#4720=ORIENTED_EDGE('',*,*,#3394,.F.);
#4721=ORIENTED_EDGE('',*,*,#3390,.F.);
#4722=ORIENTED_EDGE('',*,*,#3387,.F.);
#4723=ORIENTED_EDGE('',*,*,#3404,.T.);
#4724=ORIENTED_EDGE('',*,*,#3405,.T.);
#4725=ORIENTED_EDGE('',*,*,#3406,.T.);
#4726=ORIENTED_EDGE('',*,*,#3407,.F.);
#4727=ORIENTED_EDGE('',*,*,#3408,.T.);
#4728=ORIENTED_EDGE('',*,*,#3409,.T.);
#4729=ORIENTED_EDGE('',*,*,#3410,.T.);
#4730=ORIENTED_EDGE('',*,*,#3405,.F.);
#4731=ORIENTED_EDGE('',*,*,#3411,.T.);
#4732=ORIENTED_EDGE('',*,*,#3412,.T.);
#4733=ORIENTED_EDGE('',*,*,#3413,.T.);
#4734=ORIENTED_EDGE('',*,*,#3407,.T.);
#4735=ORIENTED_EDGE('',*,*,#3398,.T.);
#4736=ORIENTED_EDGE('',*,*,#3412,.F.);
#4737=ORIENTED_EDGE('',*,*,#3414,.T.);
#4738=ORIENTED_EDGE('',*,*,#3409,.F.);
#4739=ORIENTED_EDGE('',*,*,#3408,.F.);
#4740=ORIENTED_EDGE('',*,*,#3415,.T.);
#4741=ORIENTED_EDGE('',*,*,#3416,.F.);
#4742=ORIENTED_EDGE('',*,*,#3399,.F.);
#4743=ORIENTED_EDGE('',*,*,#3389,.F.);
#4744=ORIENTED_EDGE('',*,*,#3417,.F.);
#4745=ORIENTED_EDGE('',*,*,#3418,.F.);
#4746=ORIENTED_EDGE('',*,*,#3415,.F.);
#4747=ORIENTED_EDGE('',*,*,#3404,.F.);
#4748=ORIENTED_EDGE('',*,*,#3419,.T.);
#4749=ORIENTED_EDGE('',*,*,#3420,.T.);
#4750=ORIENTED_EDGE('',*,*,#3402,.T.);
#4751=ORIENTED_EDGE('',*,*,#3406,.F.);
#4752=ORIENTED_EDGE('',*,*,#3410,.F.);
#4753=ORIENTED_EDGE('',*,*,#3414,.F.);
#4754=ORIENTED_EDGE('',*,*,#3411,.F.);
#4755=ORIENTED_EDGE('',*,*,#3392,.F.);
#4756=ORIENTED_EDGE('',*,*,#3401,.F.);
#4757=ORIENTED_EDGE('',*,*,#3421,.T.);
#4758=ORIENTED_EDGE('',*,*,#3417,.T.);
#4759=ORIENTED_EDGE('',*,*,#3416,.T.);
#4760=ORIENTED_EDGE('',*,*,#3418,.T.);
#4761=ORIENTED_EDGE('',*,*,#3421,.F.);
#4762=ORIENTED_EDGE('',*,*,#3400,.F.);
#4763=ORIENTED_EDGE('',*,*,#3422,.T.);
#4764=ORIENTED_EDGE('',*,*,#3396,.T.);
#4765=ORIENTED_EDGE('',*,*,#3403,.F.);
#4766=ORIENTED_EDGE('',*,*,#3420,.F.);
#4767=ORIENTED_EDGE('',*,*,#3413,.F.);
#4768=ORIENTED_EDGE('',*,*,#3397,.T.);
#4769=ORIENTED_EDGE('',*,*,#3422,.F.);
#4770=ORIENTED_EDGE('',*,*,#3419,.F.);
#4771=ORIENTED_EDGE('',*,*,#3423,.T.);
#4772=ORIENTED_EDGE('',*,*,#3424,.T.);
#4773=ORIENTED_EDGE('',*,*,#3425,.T.);
#4774=ORIENTED_EDGE('',*,*,#3426,.F.);
#4775=ORIENTED_EDGE('',*,*,#3427,.T.);
#4776=ORIENTED_EDGE('',*,*,#3428,.T.);
#4777=ORIENTED_EDGE('',*,*,#3429,.T.);
#4778=ORIENTED_EDGE('',*,*,#3424,.F.);
#4779=ORIENTED_EDGE('',*,*,#3430,.T.);
#4780=ORIENTED_EDGE('',*,*,#3431,.T.);
#4781=ORIENTED_EDGE('',*,*,#3432,.T.);
#4782=ORIENTED_EDGE('',*,*,#3428,.F.);
#4783=ORIENTED_EDGE('',*,*,#3433,.T.);
#4784=ORIENTED_EDGE('',*,*,#3431,.F.);
#4785=ORIENTED_EDGE('',*,*,#3434,.T.);
#4786=ORIENTED_EDGE('',*,*,#3426,.T.);
#4787=ORIENTED_EDGE('',*,*,#3433,.F.);
#4788=ORIENTED_EDGE('',*,*,#3435,.F.);
#4789=ORIENTED_EDGE('',*,*,#3436,.F.);
#4790=ORIENTED_EDGE('',*,*,#3437,.F.);
#4791=ORIENTED_EDGE('',*,*,#3438,.F.);
#4792=ORIENTED_EDGE('',*,*,#3439,.T.);
#4793=ORIENTED_EDGE('',*,*,#3440,.T.);
#4794=ORIENTED_EDGE('',*,*,#3441,.T.);
#4795=ORIENTED_EDGE('',*,*,#3425,.F.);
#4796=ORIENTED_EDGE('',*,*,#3442,.F.);
#4797=ORIENTED_EDGE('',*,*,#3443,.T.);
#4798=ORIENTED_EDGE('',*,*,#3435,.T.);
#4799=ORIENTED_EDGE('',*,*,#3423,.F.);
#4800=ORIENTED_EDGE('',*,*,#3434,.F.);
#4801=ORIENTED_EDGE('',*,*,#3430,.F.);
#4802=ORIENTED_EDGE('',*,*,#3427,.F.);
#4803=ORIENTED_EDGE('',*,*,#3444,.T.);
#4804=ORIENTED_EDGE('',*,*,#3445,.T.);
#4805=ORIENTED_EDGE('',*,*,#3446,.T.);
#4806=ORIENTED_EDGE('',*,*,#3447,.F.);
#4807=ORIENTED_EDGE('',*,*,#3448,.T.);
#4808=ORIENTED_EDGE('',*,*,#3449,.T.);
#4809=ORIENTED_EDGE('',*,*,#3450,.T.);
#4810=ORIENTED_EDGE('',*,*,#3445,.F.);
#4811=ORIENTED_EDGE('',*,*,#3451,.T.);
#4812=ORIENTED_EDGE('',*,*,#3452,.T.);
#4813=ORIENTED_EDGE('',*,*,#3453,.T.);
#4814=ORIENTED_EDGE('',*,*,#3447,.T.);
#4815=ORIENTED_EDGE('',*,*,#3438,.T.);
#4816=ORIENTED_EDGE('',*,*,#3452,.F.);
#4817=ORIENTED_EDGE('',*,*,#3454,.T.);
#4818=ORIENTED_EDGE('',*,*,#3449,.F.);
#4819=ORIENTED_EDGE('',*,*,#3448,.F.);
#4820=ORIENTED_EDGE('',*,*,#3455,.T.);
#4821=ORIENTED_EDGE('',*,*,#3456,.F.);
#4822=ORIENTED_EDGE('',*,*,#3439,.F.);
#4823=ORIENTED_EDGE('',*,*,#3429,.F.);
#4824=ORIENTED_EDGE('',*,*,#3457,.F.);
#4825=ORIENTED_EDGE('',*,*,#3458,.F.);
#4826=ORIENTED_EDGE('',*,*,#3455,.F.);
#4827=ORIENTED_EDGE('',*,*,#3444,.F.);
#4828=ORIENTED_EDGE('',*,*,#3459,.T.);
#4829=ORIENTED_EDGE('',*,*,#3460,.T.);
#4830=ORIENTED_EDGE('',*,*,#3442,.T.);
#4831=ORIENTED_EDGE('',*,*,#3446,.F.);
#4832=ORIENTED_EDGE('',*,*,#3450,.F.);
#4833=ORIENTED_EDGE('',*,*,#3454,.F.);
#4834=ORIENTED_EDGE('',*,*,#3451,.F.);
#4835=ORIENTED_EDGE('',*,*,#3432,.F.);
#4836=ORIENTED_EDGE('',*,*,#3441,.F.);
#4837=ORIENTED_EDGE('',*,*,#3461,.T.);
#4838=ORIENTED_EDGE('',*,*,#3457,.T.);
#4839=ORIENTED_EDGE('',*,*,#3456,.T.);
#4840=ORIENTED_EDGE('',*,*,#3458,.T.);
#4841=ORIENTED_EDGE('',*,*,#3461,.F.);
#4842=ORIENTED_EDGE('',*,*,#3440,.F.);
#4843=ORIENTED_EDGE('',*,*,#3462,.T.);
#4844=ORIENTED_EDGE('',*,*,#3436,.T.);
#4845=ORIENTED_EDGE('',*,*,#3443,.F.);
#4846=ORIENTED_EDGE('',*,*,#3460,.F.);
#4847=ORIENTED_EDGE('',*,*,#3453,.F.);
#4848=ORIENTED_EDGE('',*,*,#3437,.T.);
#4849=ORIENTED_EDGE('',*,*,#3462,.F.);
#4850=ORIENTED_EDGE('',*,*,#3459,.F.);
#4851=ORIENTED_EDGE('',*,*,#3463,.T.);
#4852=ORIENTED_EDGE('',*,*,#3464,.T.);
#4853=ORIENTED_EDGE('',*,*,#3465,.T.);
#4854=ORIENTED_EDGE('',*,*,#3466,.F.);
#4855=ORIENTED_EDGE('',*,*,#3467,.T.);
#4856=ORIENTED_EDGE('',*,*,#3468,.T.);
#4857=ORIENTED_EDGE('',*,*,#3469,.T.);
#4858=ORIENTED_EDGE('',*,*,#3464,.F.);
#4859=ORIENTED_EDGE('',*,*,#3470,.T.);
#4860=ORIENTED_EDGE('',*,*,#3471,.T.);
#4861=ORIENTED_EDGE('',*,*,#3472,.T.);
#4862=ORIENTED_EDGE('',*,*,#3468,.F.);
#4863=ORIENTED_EDGE('',*,*,#3473,.T.);
#4864=ORIENTED_EDGE('',*,*,#3471,.F.);
#4865=ORIENTED_EDGE('',*,*,#3474,.T.);
#4866=ORIENTED_EDGE('',*,*,#3466,.T.);
#4867=ORIENTED_EDGE('',*,*,#3473,.F.);
#4868=ORIENTED_EDGE('',*,*,#3475,.F.);
#4869=ORIENTED_EDGE('',*,*,#3476,.F.);
#4870=ORIENTED_EDGE('',*,*,#3477,.F.);
#4871=ORIENTED_EDGE('',*,*,#3478,.F.);
#4872=ORIENTED_EDGE('',*,*,#3479,.T.);
#4873=ORIENTED_EDGE('',*,*,#3480,.T.);
#4874=ORIENTED_EDGE('',*,*,#3481,.T.);
#4875=ORIENTED_EDGE('',*,*,#3465,.F.);
#4876=ORIENTED_EDGE('',*,*,#3482,.F.);
#4877=ORIENTED_EDGE('',*,*,#3483,.T.);
#4878=ORIENTED_EDGE('',*,*,#3475,.T.);
#4879=ORIENTED_EDGE('',*,*,#3463,.F.);
#4880=ORIENTED_EDGE('',*,*,#3474,.F.);
#4881=ORIENTED_EDGE('',*,*,#3470,.F.);
#4882=ORIENTED_EDGE('',*,*,#3467,.F.);
#4883=ORIENTED_EDGE('',*,*,#3484,.T.);
#4884=ORIENTED_EDGE('',*,*,#3485,.T.);
#4885=ORIENTED_EDGE('',*,*,#3486,.T.);
#4886=ORIENTED_EDGE('',*,*,#3487,.F.);
#4887=ORIENTED_EDGE('',*,*,#3488,.T.);
#4888=ORIENTED_EDGE('',*,*,#3489,.T.);
#4889=ORIENTED_EDGE('',*,*,#3490,.T.);
#4890=ORIENTED_EDGE('',*,*,#3485,.F.);
#4891=ORIENTED_EDGE('',*,*,#3491,.T.);
#4892=ORIENTED_EDGE('',*,*,#3492,.T.);
#4893=ORIENTED_EDGE('',*,*,#3493,.T.);
#4894=ORIENTED_EDGE('',*,*,#3487,.T.);
#4895=ORIENTED_EDGE('',*,*,#3478,.T.);
#4896=ORIENTED_EDGE('',*,*,#3492,.F.);
#4897=ORIENTED_EDGE('',*,*,#3494,.T.);
#4898=ORIENTED_EDGE('',*,*,#3489,.F.);
#4899=ORIENTED_EDGE('',*,*,#3488,.F.);
#4900=ORIENTED_EDGE('',*,*,#3495,.T.);
#4901=ORIENTED_EDGE('',*,*,#3496,.F.);
#4902=ORIENTED_EDGE('',*,*,#3479,.F.);
#4903=ORIENTED_EDGE('',*,*,#3469,.F.);
#4904=ORIENTED_EDGE('',*,*,#3497,.F.);
#4905=ORIENTED_EDGE('',*,*,#3498,.F.);
#4906=ORIENTED_EDGE('',*,*,#3495,.F.);
#4907=ORIENTED_EDGE('',*,*,#3484,.F.);
#4908=ORIENTED_EDGE('',*,*,#3499,.T.);
#4909=ORIENTED_EDGE('',*,*,#3500,.T.);
#4910=ORIENTED_EDGE('',*,*,#3482,.T.);
#4911=ORIENTED_EDGE('',*,*,#3486,.F.);
#4912=ORIENTED_EDGE('',*,*,#3490,.F.);
#4913=ORIENTED_EDGE('',*,*,#3494,.F.);
#4914=ORIENTED_EDGE('',*,*,#3491,.F.);
#4915=ORIENTED_EDGE('',*,*,#3472,.F.);
#4916=ORIENTED_EDGE('',*,*,#3481,.F.);
#4917=ORIENTED_EDGE('',*,*,#3501,.T.);
#4918=ORIENTED_EDGE('',*,*,#3497,.T.);
#4919=ORIENTED_EDGE('',*,*,#3496,.T.);
#4920=ORIENTED_EDGE('',*,*,#3498,.T.);
#4921=ORIENTED_EDGE('',*,*,#3501,.F.);
#4922=ORIENTED_EDGE('',*,*,#3480,.F.);
#4923=ORIENTED_EDGE('',*,*,#3502,.T.);
#4924=ORIENTED_EDGE('',*,*,#3476,.T.);
#4925=ORIENTED_EDGE('',*,*,#3483,.F.);
#4926=ORIENTED_EDGE('',*,*,#3500,.F.);
#4927=ORIENTED_EDGE('',*,*,#3493,.F.);
#4928=ORIENTED_EDGE('',*,*,#3477,.T.);
#4929=ORIENTED_EDGE('',*,*,#3502,.F.);
#4930=ORIENTED_EDGE('',*,*,#3499,.F.);
#4931=ORIENTED_EDGE('',*,*,#3503,.T.);
#4932=ORIENTED_EDGE('',*,*,#3504,.T.);
#4933=ORIENTED_EDGE('',*,*,#3505,.T.);
#4934=ORIENTED_EDGE('',*,*,#3506,.F.);
#4935=ORIENTED_EDGE('',*,*,#3507,.T.);
#4936=ORIENTED_EDGE('',*,*,#3508,.T.);
#4937=ORIENTED_EDGE('',*,*,#3509,.T.);
#4938=ORIENTED_EDGE('',*,*,#3504,.F.);
#4939=ORIENTED_EDGE('',*,*,#3510,.T.);
#4940=ORIENTED_EDGE('',*,*,#3511,.T.);
#4941=ORIENTED_EDGE('',*,*,#3512,.T.);
#4942=ORIENTED_EDGE('',*,*,#3508,.F.);
#4943=ORIENTED_EDGE('',*,*,#3513,.T.);
#4944=ORIENTED_EDGE('',*,*,#3511,.F.);
#4945=ORIENTED_EDGE('',*,*,#3514,.T.);
#4946=ORIENTED_EDGE('',*,*,#3506,.T.);
#4947=ORIENTED_EDGE('',*,*,#3513,.F.);
#4948=ORIENTED_EDGE('',*,*,#3515,.F.);
#4949=ORIENTED_EDGE('',*,*,#3516,.F.);
#4950=ORIENTED_EDGE('',*,*,#3517,.F.);
#4951=ORIENTED_EDGE('',*,*,#3518,.F.);
#4952=ORIENTED_EDGE('',*,*,#3519,.T.);
#4953=ORIENTED_EDGE('',*,*,#3520,.T.);
#4954=ORIENTED_EDGE('',*,*,#3521,.T.);
#4955=ORIENTED_EDGE('',*,*,#3505,.F.);
#4956=ORIENTED_EDGE('',*,*,#3522,.F.);
#4957=ORIENTED_EDGE('',*,*,#3523,.T.);
#4958=ORIENTED_EDGE('',*,*,#3515,.T.);
#4959=ORIENTED_EDGE('',*,*,#3503,.F.);
#4960=ORIENTED_EDGE('',*,*,#3514,.F.);
#4961=ORIENTED_EDGE('',*,*,#3510,.F.);
#4962=ORIENTED_EDGE('',*,*,#3507,.F.);
#4963=ORIENTED_EDGE('',*,*,#3524,.T.);
#4964=ORIENTED_EDGE('',*,*,#3525,.T.);
#4965=ORIENTED_EDGE('',*,*,#3526,.T.);
#4966=ORIENTED_EDGE('',*,*,#3527,.F.);
#4967=ORIENTED_EDGE('',*,*,#3528,.T.);
#4968=ORIENTED_EDGE('',*,*,#3529,.T.);
#4969=ORIENTED_EDGE('',*,*,#3530,.T.);
#4970=ORIENTED_EDGE('',*,*,#3525,.F.);
#4971=ORIENTED_EDGE('',*,*,#3531,.T.);
#4972=ORIENTED_EDGE('',*,*,#3532,.T.);
#4973=ORIENTED_EDGE('',*,*,#3533,.T.);
#4974=ORIENTED_EDGE('',*,*,#3527,.T.);
#4975=ORIENTED_EDGE('',*,*,#3518,.T.);
#4976=ORIENTED_EDGE('',*,*,#3532,.F.);
#4977=ORIENTED_EDGE('',*,*,#3534,.T.);
#4978=ORIENTED_EDGE('',*,*,#3529,.F.);
#4979=ORIENTED_EDGE('',*,*,#3528,.F.);
#4980=ORIENTED_EDGE('',*,*,#3535,.T.);
#4981=ORIENTED_EDGE('',*,*,#3536,.F.);
#4982=ORIENTED_EDGE('',*,*,#3519,.F.);
#4983=ORIENTED_EDGE('',*,*,#3509,.F.);
#4984=ORIENTED_EDGE('',*,*,#3537,.F.);
#4985=ORIENTED_EDGE('',*,*,#3538,.F.);
#4986=ORIENTED_EDGE('',*,*,#3535,.F.);
#4987=ORIENTED_EDGE('',*,*,#3524,.F.);
#4988=ORIENTED_EDGE('',*,*,#3539,.T.);
#4989=ORIENTED_EDGE('',*,*,#3540,.T.);
#4990=ORIENTED_EDGE('',*,*,#3522,.T.);
#4991=ORIENTED_EDGE('',*,*,#3526,.F.);
#4992=ORIENTED_EDGE('',*,*,#3530,.F.);
#4993=ORIENTED_EDGE('',*,*,#3534,.F.);
#4994=ORIENTED_EDGE('',*,*,#3531,.F.);
#4995=ORIENTED_EDGE('',*,*,#3512,.F.);
#4996=ORIENTED_EDGE('',*,*,#3521,.F.);
#4997=ORIENTED_EDGE('',*,*,#3541,.T.);
#4998=ORIENTED_EDGE('',*,*,#3537,.T.);
#4999=ORIENTED_EDGE('',*,*,#3536,.T.);
#5000=ORIENTED_EDGE('',*,*,#3538,.T.);
#5001=ORIENTED_EDGE('',*,*,#3541,.F.);
#5002=ORIENTED_EDGE('',*,*,#3520,.F.);
#5003=ORIENTED_EDGE('',*,*,#3542,.T.);
#5004=ORIENTED_EDGE('',*,*,#3516,.T.);
#5005=ORIENTED_EDGE('',*,*,#3523,.F.);
#5006=ORIENTED_EDGE('',*,*,#3540,.F.);
#5007=ORIENTED_EDGE('',*,*,#3533,.F.);
#5008=ORIENTED_EDGE('',*,*,#3517,.T.);
#5009=ORIENTED_EDGE('',*,*,#3542,.F.);
#5010=ORIENTED_EDGE('',*,*,#3539,.F.);
#5011=ORIENTED_EDGE('',*,*,#3543,.T.);
#5012=ORIENTED_EDGE('',*,*,#3544,.T.);
#5013=ORIENTED_EDGE('',*,*,#3545,.T.);
#5014=ORIENTED_EDGE('',*,*,#3546,.F.);
#5015=ORIENTED_EDGE('',*,*,#3547,.T.);
#5016=ORIENTED_EDGE('',*,*,#3548,.T.);
#5017=ORIENTED_EDGE('',*,*,#3549,.T.);
#5018=ORIENTED_EDGE('',*,*,#3544,.F.);
#5019=ORIENTED_EDGE('',*,*,#3550,.T.);
#5020=ORIENTED_EDGE('',*,*,#3551,.T.);
#5021=ORIENTED_EDGE('',*,*,#3552,.T.);
#5022=ORIENTED_EDGE('',*,*,#3548,.F.);
#5023=ORIENTED_EDGE('',*,*,#3553,.T.);
#5024=ORIENTED_EDGE('',*,*,#3551,.F.);
#5025=ORIENTED_EDGE('',*,*,#3554,.T.);
#5026=ORIENTED_EDGE('',*,*,#3546,.T.);
#5027=ORIENTED_EDGE('',*,*,#3553,.F.);
#5028=ORIENTED_EDGE('',*,*,#3555,.F.);
#5029=ORIENTED_EDGE('',*,*,#3556,.F.);
#5030=ORIENTED_EDGE('',*,*,#3557,.F.);
#5031=ORIENTED_EDGE('',*,*,#3558,.F.);
#5032=ORIENTED_EDGE('',*,*,#3559,.T.);
#5033=ORIENTED_EDGE('',*,*,#3560,.T.);
#5034=ORIENTED_EDGE('',*,*,#3561,.T.);
#5035=ORIENTED_EDGE('',*,*,#3545,.F.);
#5036=ORIENTED_EDGE('',*,*,#3562,.F.);
#5037=ORIENTED_EDGE('',*,*,#3563,.T.);
#5038=ORIENTED_EDGE('',*,*,#3555,.T.);
#5039=ORIENTED_EDGE('',*,*,#3543,.F.);
#5040=ORIENTED_EDGE('',*,*,#3554,.F.);
#5041=ORIENTED_EDGE('',*,*,#3550,.F.);
#5042=ORIENTED_EDGE('',*,*,#3547,.F.);
#5043=ORIENTED_EDGE('',*,*,#3564,.T.);
#5044=ORIENTED_EDGE('',*,*,#3565,.T.);
#5045=ORIENTED_EDGE('',*,*,#3566,.T.);
#5046=ORIENTED_EDGE('',*,*,#3567,.F.);
#5047=ORIENTED_EDGE('',*,*,#3568,.T.);
#5048=ORIENTED_EDGE('',*,*,#3569,.T.);
#5049=ORIENTED_EDGE('',*,*,#3570,.T.);
#5050=ORIENTED_EDGE('',*,*,#3565,.F.);
#5051=ORIENTED_EDGE('',*,*,#3571,.T.);
#5052=ORIENTED_EDGE('',*,*,#3572,.T.);
#5053=ORIENTED_EDGE('',*,*,#3573,.T.);
#5054=ORIENTED_EDGE('',*,*,#3567,.T.);
#5055=ORIENTED_EDGE('',*,*,#3558,.T.);
#5056=ORIENTED_EDGE('',*,*,#3572,.F.);
#5057=ORIENTED_EDGE('',*,*,#3574,.T.);
#5058=ORIENTED_EDGE('',*,*,#3569,.F.);
#5059=ORIENTED_EDGE('',*,*,#3568,.F.);
#5060=ORIENTED_EDGE('',*,*,#3575,.T.);
#5061=ORIENTED_EDGE('',*,*,#3576,.F.);
#5062=ORIENTED_EDGE('',*,*,#3559,.F.);
#5063=ORIENTED_EDGE('',*,*,#3549,.F.);
#5064=ORIENTED_EDGE('',*,*,#3577,.F.);
#5065=ORIENTED_EDGE('',*,*,#3578,.F.);
#5066=ORIENTED_EDGE('',*,*,#3575,.F.);
#5067=ORIENTED_EDGE('',*,*,#3564,.F.);
#5068=ORIENTED_EDGE('',*,*,#3579,.T.);
#5069=ORIENTED_EDGE('',*,*,#3580,.T.);
#5070=ORIENTED_EDGE('',*,*,#3562,.T.);
#5071=ORIENTED_EDGE('',*,*,#3566,.F.);
#5072=ORIENTED_EDGE('',*,*,#3570,.F.);
#5073=ORIENTED_EDGE('',*,*,#3574,.F.);
#5074=ORIENTED_EDGE('',*,*,#3571,.F.);
#5075=ORIENTED_EDGE('',*,*,#3552,.F.);
#5076=ORIENTED_EDGE('',*,*,#3561,.F.);
#5077=ORIENTED_EDGE('',*,*,#3581,.T.);
#5078=ORIENTED_EDGE('',*,*,#3577,.T.);
#5079=ORIENTED_EDGE('',*,*,#3576,.T.);
#5080=ORIENTED_EDGE('',*,*,#3578,.T.);
#5081=ORIENTED_EDGE('',*,*,#3581,.F.);
#5082=ORIENTED_EDGE('',*,*,#3560,.F.);
#5083=ORIENTED_EDGE('',*,*,#3582,.T.);
#5084=ORIENTED_EDGE('',*,*,#3556,.T.);
#5085=ORIENTED_EDGE('',*,*,#3563,.F.);
#5086=ORIENTED_EDGE('',*,*,#3580,.F.);
#5087=ORIENTED_EDGE('',*,*,#3573,.F.);
#5088=ORIENTED_EDGE('',*,*,#3557,.T.);
#5089=ORIENTED_EDGE('',*,*,#3582,.F.);
#5090=ORIENTED_EDGE('',*,*,#3579,.F.);
#5091=ORIENTED_EDGE('',*,*,#3583,.T.);
#5092=ORIENTED_EDGE('',*,*,#3584,.T.);
#5093=ORIENTED_EDGE('',*,*,#3585,.T.);
#5094=ORIENTED_EDGE('',*,*,#3586,.F.);
#5095=ORIENTED_EDGE('',*,*,#3587,.T.);
#5096=ORIENTED_EDGE('',*,*,#3588,.T.);
#5097=ORIENTED_EDGE('',*,*,#3589,.T.);
#5098=ORIENTED_EDGE('',*,*,#3584,.F.);
#5099=ORIENTED_EDGE('',*,*,#3590,.T.);
#5100=ORIENTED_EDGE('',*,*,#3591,.T.);
#5101=ORIENTED_EDGE('',*,*,#3592,.T.);
#5102=ORIENTED_EDGE('',*,*,#3588,.F.);
#5103=ORIENTED_EDGE('',*,*,#3593,.T.);
#5104=ORIENTED_EDGE('',*,*,#3591,.F.);
#5105=ORIENTED_EDGE('',*,*,#3594,.T.);
#5106=ORIENTED_EDGE('',*,*,#3586,.T.);
#5107=ORIENTED_EDGE('',*,*,#3593,.F.);
#5108=ORIENTED_EDGE('',*,*,#3595,.F.);
#5109=ORIENTED_EDGE('',*,*,#3596,.F.);
#5110=ORIENTED_EDGE('',*,*,#3597,.F.);
#5111=ORIENTED_EDGE('',*,*,#3598,.F.);
#5112=ORIENTED_EDGE('',*,*,#3599,.T.);
#5113=ORIENTED_EDGE('',*,*,#3600,.T.);
#5114=ORIENTED_EDGE('',*,*,#3601,.T.);
#5115=ORIENTED_EDGE('',*,*,#3585,.F.);
#5116=ORIENTED_EDGE('',*,*,#3602,.F.);
#5117=ORIENTED_EDGE('',*,*,#3603,.T.);
#5118=ORIENTED_EDGE('',*,*,#3595,.T.);
#5119=ORIENTED_EDGE('',*,*,#3583,.F.);
#5120=ORIENTED_EDGE('',*,*,#3594,.F.);
#5121=ORIENTED_EDGE('',*,*,#3590,.F.);
#5122=ORIENTED_EDGE('',*,*,#3587,.F.);
#5123=ORIENTED_EDGE('',*,*,#3604,.T.);
#5124=ORIENTED_EDGE('',*,*,#3605,.T.);
#5125=ORIENTED_EDGE('',*,*,#3606,.T.);
#5126=ORIENTED_EDGE('',*,*,#3607,.F.);
#5127=ORIENTED_EDGE('',*,*,#3608,.T.);
#5128=ORIENTED_EDGE('',*,*,#3609,.T.);
#5129=ORIENTED_EDGE('',*,*,#3610,.T.);
#5130=ORIENTED_EDGE('',*,*,#3605,.F.);
#5131=ORIENTED_EDGE('',*,*,#3611,.T.);
#5132=ORIENTED_EDGE('',*,*,#3612,.T.);
#5133=ORIENTED_EDGE('',*,*,#3613,.T.);
#5134=ORIENTED_EDGE('',*,*,#3607,.T.);
#5135=ORIENTED_EDGE('',*,*,#3598,.T.);
#5136=ORIENTED_EDGE('',*,*,#3612,.F.);
#5137=ORIENTED_EDGE('',*,*,#3614,.T.);
#5138=ORIENTED_EDGE('',*,*,#3609,.F.);
#5139=ORIENTED_EDGE('',*,*,#3608,.F.);
#5140=ORIENTED_EDGE('',*,*,#3615,.T.);
#5141=ORIENTED_EDGE('',*,*,#3616,.F.);
#5142=ORIENTED_EDGE('',*,*,#3599,.F.);
#5143=ORIENTED_EDGE('',*,*,#3589,.F.);
#5144=ORIENTED_EDGE('',*,*,#3617,.F.);
#5145=ORIENTED_EDGE('',*,*,#3618,.F.);
#5146=ORIENTED_EDGE('',*,*,#3615,.F.);
#5147=ORIENTED_EDGE('',*,*,#3604,.F.);
#5148=ORIENTED_EDGE('',*,*,#3619,.T.);
#5149=ORIENTED_EDGE('',*,*,#3620,.T.);
#5150=ORIENTED_EDGE('',*,*,#3602,.T.);
#5151=ORIENTED_EDGE('',*,*,#3606,.F.);
#5152=ORIENTED_EDGE('',*,*,#3610,.F.);
#5153=ORIENTED_EDGE('',*,*,#3614,.F.);
#5154=ORIENTED_EDGE('',*,*,#3611,.F.);
#5155=ORIENTED_EDGE('',*,*,#3592,.F.);
#5156=ORIENTED_EDGE('',*,*,#3601,.F.);
#5157=ORIENTED_EDGE('',*,*,#3621,.T.);
#5158=ORIENTED_EDGE('',*,*,#3617,.T.);
#5159=ORIENTED_EDGE('',*,*,#3616,.T.);
#5160=ORIENTED_EDGE('',*,*,#3618,.T.);
#5161=ORIENTED_EDGE('',*,*,#3621,.F.);
#5162=ORIENTED_EDGE('',*,*,#3600,.F.);
#5163=ORIENTED_EDGE('',*,*,#3622,.T.);
#5164=ORIENTED_EDGE('',*,*,#3596,.T.);
#5165=ORIENTED_EDGE('',*,*,#3603,.F.);
#5166=ORIENTED_EDGE('',*,*,#3620,.F.);
#5167=ORIENTED_EDGE('',*,*,#3613,.F.);
#5168=ORIENTED_EDGE('',*,*,#3597,.T.);
#5169=ORIENTED_EDGE('',*,*,#3622,.F.);
#5170=ORIENTED_EDGE('',*,*,#3619,.F.);
#5171=ORIENTED_EDGE('',*,*,#3623,.T.);
#5172=ORIENTED_EDGE('',*,*,#3624,.T.);
#5173=ORIENTED_EDGE('',*,*,#3625,.T.);
#5174=ORIENTED_EDGE('',*,*,#3626,.F.);
#5175=ORIENTED_EDGE('',*,*,#3627,.T.);
#5176=ORIENTED_EDGE('',*,*,#3628,.T.);
#5177=ORIENTED_EDGE('',*,*,#3629,.T.);
#5178=ORIENTED_EDGE('',*,*,#3624,.F.);
#5179=ORIENTED_EDGE('',*,*,#3630,.T.);
#5180=ORIENTED_EDGE('',*,*,#3631,.T.);
#5181=ORIENTED_EDGE('',*,*,#3632,.T.);
#5182=ORIENTED_EDGE('',*,*,#3628,.F.);
#5183=ORIENTED_EDGE('',*,*,#3633,.T.);
#5184=ORIENTED_EDGE('',*,*,#3631,.F.);
#5185=ORIENTED_EDGE('',*,*,#3634,.T.);
#5186=ORIENTED_EDGE('',*,*,#3626,.T.);
#5187=ORIENTED_EDGE('',*,*,#3633,.F.);
#5188=ORIENTED_EDGE('',*,*,#3635,.F.);
#5189=ORIENTED_EDGE('',*,*,#3636,.F.);
#5190=ORIENTED_EDGE('',*,*,#3637,.F.);
#5191=ORIENTED_EDGE('',*,*,#3638,.F.);
#5192=ORIENTED_EDGE('',*,*,#3639,.T.);
#5193=ORIENTED_EDGE('',*,*,#3640,.T.);
#5194=ORIENTED_EDGE('',*,*,#3641,.T.);
#5195=ORIENTED_EDGE('',*,*,#3625,.F.);
#5196=ORIENTED_EDGE('',*,*,#3642,.F.);
#5197=ORIENTED_EDGE('',*,*,#3643,.T.);
#5198=ORIENTED_EDGE('',*,*,#3635,.T.);
#5199=ORIENTED_EDGE('',*,*,#3623,.F.);
#5200=ORIENTED_EDGE('',*,*,#3634,.F.);
#5201=ORIENTED_EDGE('',*,*,#3630,.F.);
#5202=ORIENTED_EDGE('',*,*,#3627,.F.);
#5203=ORIENTED_EDGE('',*,*,#3644,.T.);
#5204=ORIENTED_EDGE('',*,*,#3645,.T.);
#5205=ORIENTED_EDGE('',*,*,#3646,.T.);
#5206=ORIENTED_EDGE('',*,*,#3647,.F.);
#5207=ORIENTED_EDGE('',*,*,#3648,.T.);
#5208=ORIENTED_EDGE('',*,*,#3649,.T.);
#5209=ORIENTED_EDGE('',*,*,#3650,.T.);
#5210=ORIENTED_EDGE('',*,*,#3645,.F.);
#5211=ORIENTED_EDGE('',*,*,#3651,.T.);
#5212=ORIENTED_EDGE('',*,*,#3652,.T.);
#5213=ORIENTED_EDGE('',*,*,#3653,.T.);
#5214=ORIENTED_EDGE('',*,*,#3647,.T.);
#5215=ORIENTED_EDGE('',*,*,#3638,.T.);
#5216=ORIENTED_EDGE('',*,*,#3652,.F.);
#5217=ORIENTED_EDGE('',*,*,#3654,.T.);
#5218=ORIENTED_EDGE('',*,*,#3649,.F.);
#5219=ORIENTED_EDGE('',*,*,#3648,.F.);
#5220=ORIENTED_EDGE('',*,*,#3655,.T.);
#5221=ORIENTED_EDGE('',*,*,#3656,.F.);
#5222=ORIENTED_EDGE('',*,*,#3639,.F.);
#5223=ORIENTED_EDGE('',*,*,#3629,.F.);
#5224=ORIENTED_EDGE('',*,*,#3657,.F.);
#5225=ORIENTED_EDGE('',*,*,#3658,.F.);
#5226=ORIENTED_EDGE('',*,*,#3655,.F.);
#5227=ORIENTED_EDGE('',*,*,#3644,.F.);
#5228=ORIENTED_EDGE('',*,*,#3659,.T.);
#5229=ORIENTED_EDGE('',*,*,#3660,.T.);
#5230=ORIENTED_EDGE('',*,*,#3642,.T.);
#5231=ORIENTED_EDGE('',*,*,#3646,.F.);
#5232=ORIENTED_EDGE('',*,*,#3650,.F.);
#5233=ORIENTED_EDGE('',*,*,#3654,.F.);
#5234=ORIENTED_EDGE('',*,*,#3651,.F.);
#5235=ORIENTED_EDGE('',*,*,#3632,.F.);
#5236=ORIENTED_EDGE('',*,*,#3641,.F.);
#5237=ORIENTED_EDGE('',*,*,#3661,.T.);
#5238=ORIENTED_EDGE('',*,*,#3657,.T.);
#5239=ORIENTED_EDGE('',*,*,#3656,.T.);
#5240=ORIENTED_EDGE('',*,*,#3658,.T.);
#5241=ORIENTED_EDGE('',*,*,#3661,.F.);
#5242=ORIENTED_EDGE('',*,*,#3640,.F.);
#5243=ORIENTED_EDGE('',*,*,#3662,.T.);
#5244=ORIENTED_EDGE('',*,*,#3636,.T.);
#5245=ORIENTED_EDGE('',*,*,#3643,.F.);
#5246=ORIENTED_EDGE('',*,*,#3660,.F.);
#5247=ORIENTED_EDGE('',*,*,#3653,.F.);
#5248=ORIENTED_EDGE('',*,*,#3637,.T.);
#5249=ORIENTED_EDGE('',*,*,#3662,.F.);
#5250=ORIENTED_EDGE('',*,*,#3659,.F.);
#5251=ORIENTED_EDGE('',*,*,#3663,.T.);
#5252=ORIENTED_EDGE('',*,*,#3664,.T.);
#5253=ORIENTED_EDGE('',*,*,#3665,.T.);
#5254=ORIENTED_EDGE('',*,*,#3666,.F.);
#5255=ORIENTED_EDGE('',*,*,#3667,.T.);
#5256=ORIENTED_EDGE('',*,*,#3668,.T.);
#5257=ORIENTED_EDGE('',*,*,#3669,.T.);
#5258=ORIENTED_EDGE('',*,*,#3664,.F.);
#5259=ORIENTED_EDGE('',*,*,#3670,.T.);
#5260=ORIENTED_EDGE('',*,*,#3671,.T.);
#5261=ORIENTED_EDGE('',*,*,#3672,.T.);
#5262=ORIENTED_EDGE('',*,*,#3668,.F.);
#5263=ORIENTED_EDGE('',*,*,#3673,.T.);
#5264=ORIENTED_EDGE('',*,*,#3671,.F.);
#5265=ORIENTED_EDGE('',*,*,#3674,.T.);
#5266=ORIENTED_EDGE('',*,*,#3666,.T.);
#5267=ORIENTED_EDGE('',*,*,#3673,.F.);
#5268=ORIENTED_EDGE('',*,*,#3675,.F.);
#5269=ORIENTED_EDGE('',*,*,#3676,.F.);
#5270=ORIENTED_EDGE('',*,*,#3677,.F.);
#5271=ORIENTED_EDGE('',*,*,#3678,.F.);
#5272=ORIENTED_EDGE('',*,*,#3679,.T.);
#5273=ORIENTED_EDGE('',*,*,#3680,.T.);
#5274=ORIENTED_EDGE('',*,*,#3681,.T.);
#5275=ORIENTED_EDGE('',*,*,#3665,.F.);
#5276=ORIENTED_EDGE('',*,*,#3682,.F.);
#5277=ORIENTED_EDGE('',*,*,#3683,.T.);
#5278=ORIENTED_EDGE('',*,*,#3675,.T.);
#5279=ORIENTED_EDGE('',*,*,#3663,.F.);
#5280=ORIENTED_EDGE('',*,*,#3674,.F.);
#5281=ORIENTED_EDGE('',*,*,#3670,.F.);
#5282=ORIENTED_EDGE('',*,*,#3667,.F.);
#5283=ORIENTED_EDGE('',*,*,#3684,.T.);
#5284=ORIENTED_EDGE('',*,*,#3685,.T.);
#5285=ORIENTED_EDGE('',*,*,#3686,.T.);
#5286=ORIENTED_EDGE('',*,*,#3687,.F.);
#5287=ORIENTED_EDGE('',*,*,#3688,.T.);
#5288=ORIENTED_EDGE('',*,*,#3689,.T.);
#5289=ORIENTED_EDGE('',*,*,#3690,.T.);
#5290=ORIENTED_EDGE('',*,*,#3685,.F.);
#5291=ORIENTED_EDGE('',*,*,#3691,.T.);
#5292=ORIENTED_EDGE('',*,*,#3692,.T.);
#5293=ORIENTED_EDGE('',*,*,#3693,.T.);
#5294=ORIENTED_EDGE('',*,*,#3687,.T.);
#5295=ORIENTED_EDGE('',*,*,#3678,.T.);
#5296=ORIENTED_EDGE('',*,*,#3692,.F.);
#5297=ORIENTED_EDGE('',*,*,#3694,.T.);
#5298=ORIENTED_EDGE('',*,*,#3689,.F.);
#5299=ORIENTED_EDGE('',*,*,#3688,.F.);
#5300=ORIENTED_EDGE('',*,*,#3695,.T.);
#5301=ORIENTED_EDGE('',*,*,#3696,.F.);
#5302=ORIENTED_EDGE('',*,*,#3679,.F.);
#5303=ORIENTED_EDGE('',*,*,#3669,.F.);
#5304=ORIENTED_EDGE('',*,*,#3697,.F.);
#5305=ORIENTED_EDGE('',*,*,#3698,.F.);
#5306=ORIENTED_EDGE('',*,*,#3695,.F.);
#5307=ORIENTED_EDGE('',*,*,#3684,.F.);
#5308=ORIENTED_EDGE('',*,*,#3699,.T.);
#5309=ORIENTED_EDGE('',*,*,#3700,.T.);
#5310=ORIENTED_EDGE('',*,*,#3682,.T.);
#5311=ORIENTED_EDGE('',*,*,#3686,.F.);
#5312=ORIENTED_EDGE('',*,*,#3690,.F.);
#5313=ORIENTED_EDGE('',*,*,#3694,.F.);
#5314=ORIENTED_EDGE('',*,*,#3691,.F.);
#5315=ORIENTED_EDGE('',*,*,#3672,.F.);
#5316=ORIENTED_EDGE('',*,*,#3681,.F.);
#5317=ORIENTED_EDGE('',*,*,#3701,.T.);
#5318=ORIENTED_EDGE('',*,*,#3697,.T.);
#5319=ORIENTED_EDGE('',*,*,#3696,.T.);
#5320=ORIENTED_EDGE('',*,*,#3698,.T.);
#5321=ORIENTED_EDGE('',*,*,#3701,.F.);
#5322=ORIENTED_EDGE('',*,*,#3680,.F.);
#5323=ORIENTED_EDGE('',*,*,#3702,.T.);
#5324=ORIENTED_EDGE('',*,*,#3676,.T.);
#5325=ORIENTED_EDGE('',*,*,#3683,.F.);
#5326=ORIENTED_EDGE('',*,*,#3700,.F.);
#5327=ORIENTED_EDGE('',*,*,#3693,.F.);
#5328=ORIENTED_EDGE('',*,*,#3677,.T.);
#5329=ORIENTED_EDGE('',*,*,#3702,.F.);
#5330=ORIENTED_EDGE('',*,*,#3699,.F.);
#5331=ORIENTED_EDGE('',*,*,#3703,.T.);
#5332=ORIENTED_EDGE('',*,*,#3704,.T.);
#5333=ORIENTED_EDGE('',*,*,#3705,.T.);
#5334=ORIENTED_EDGE('',*,*,#3706,.F.);
#5335=ORIENTED_EDGE('',*,*,#3707,.T.);
#5336=ORIENTED_EDGE('',*,*,#3708,.T.);
#5337=ORIENTED_EDGE('',*,*,#3709,.T.);
#5338=ORIENTED_EDGE('',*,*,#3704,.F.);
#5339=ORIENTED_EDGE('',*,*,#3710,.T.);
#5340=ORIENTED_EDGE('',*,*,#3711,.T.);
#5341=ORIENTED_EDGE('',*,*,#3712,.T.);
#5342=ORIENTED_EDGE('',*,*,#3708,.F.);
#5343=ORIENTED_EDGE('',*,*,#3713,.T.);
#5344=ORIENTED_EDGE('',*,*,#3711,.F.);
#5345=ORIENTED_EDGE('',*,*,#3714,.T.);
#5346=ORIENTED_EDGE('',*,*,#3706,.T.);
#5347=ORIENTED_EDGE('',*,*,#3713,.F.);
#5348=ORIENTED_EDGE('',*,*,#3715,.F.);
#5349=ORIENTED_EDGE('',*,*,#3716,.F.);
#5350=ORIENTED_EDGE('',*,*,#3717,.F.);
#5351=ORIENTED_EDGE('',*,*,#3718,.F.);
#5352=ORIENTED_EDGE('',*,*,#3719,.T.);
#5353=ORIENTED_EDGE('',*,*,#3720,.T.);
#5354=ORIENTED_EDGE('',*,*,#3721,.T.);
#5355=ORIENTED_EDGE('',*,*,#3705,.F.);
#5356=ORIENTED_EDGE('',*,*,#3722,.F.);
#5357=ORIENTED_EDGE('',*,*,#3723,.T.);
#5358=ORIENTED_EDGE('',*,*,#3715,.T.);
#5359=ORIENTED_EDGE('',*,*,#3703,.F.);
#5360=ORIENTED_EDGE('',*,*,#3714,.F.);
#5361=ORIENTED_EDGE('',*,*,#3710,.F.);
#5362=ORIENTED_EDGE('',*,*,#3707,.F.);
#5363=ORIENTED_EDGE('',*,*,#3724,.T.);
#5364=ORIENTED_EDGE('',*,*,#3725,.T.);
#5365=ORIENTED_EDGE('',*,*,#3726,.T.);
#5366=ORIENTED_EDGE('',*,*,#3727,.F.);
#5367=ORIENTED_EDGE('',*,*,#3728,.T.);
#5368=ORIENTED_EDGE('',*,*,#3729,.T.);
#5369=ORIENTED_EDGE('',*,*,#3730,.T.);
#5370=ORIENTED_EDGE('',*,*,#3725,.F.);
#5371=ORIENTED_EDGE('',*,*,#3731,.T.);
#5372=ORIENTED_EDGE('',*,*,#3732,.T.);
#5373=ORIENTED_EDGE('',*,*,#3733,.T.);
#5374=ORIENTED_EDGE('',*,*,#3727,.T.);
#5375=ORIENTED_EDGE('',*,*,#3718,.T.);
#5376=ORIENTED_EDGE('',*,*,#3732,.F.);
#5377=ORIENTED_EDGE('',*,*,#3734,.T.);
#5378=ORIENTED_EDGE('',*,*,#3729,.F.);
#5379=ORIENTED_EDGE('',*,*,#3728,.F.);
#5380=ORIENTED_EDGE('',*,*,#3735,.T.);
#5381=ORIENTED_EDGE('',*,*,#3736,.F.);
#5382=ORIENTED_EDGE('',*,*,#3719,.F.);
#5383=ORIENTED_EDGE('',*,*,#3709,.F.);
#5384=ORIENTED_EDGE('',*,*,#3737,.F.);
#5385=ORIENTED_EDGE('',*,*,#3738,.F.);
#5386=ORIENTED_EDGE('',*,*,#3735,.F.);
#5387=ORIENTED_EDGE('',*,*,#3724,.F.);
#5388=ORIENTED_EDGE('',*,*,#3739,.T.);
#5389=ORIENTED_EDGE('',*,*,#3740,.T.);
#5390=ORIENTED_EDGE('',*,*,#3722,.T.);
#5391=ORIENTED_EDGE('',*,*,#3726,.F.);
#5392=ORIENTED_EDGE('',*,*,#3730,.F.);
#5393=ORIENTED_EDGE('',*,*,#3734,.F.);
#5394=ORIENTED_EDGE('',*,*,#3731,.F.);
#5395=ORIENTED_EDGE('',*,*,#3712,.F.);
#5396=ORIENTED_EDGE('',*,*,#3721,.F.);
#5397=ORIENTED_EDGE('',*,*,#3741,.T.);
#5398=ORIENTED_EDGE('',*,*,#3737,.T.);
#5399=ORIENTED_EDGE('',*,*,#3736,.T.);
#5400=ORIENTED_EDGE('',*,*,#3738,.T.);
#5401=ORIENTED_EDGE('',*,*,#3741,.F.);
#5402=ORIENTED_EDGE('',*,*,#3720,.F.);
#5403=ORIENTED_EDGE('',*,*,#3742,.T.);
#5404=ORIENTED_EDGE('',*,*,#3716,.T.);
#5405=ORIENTED_EDGE('',*,*,#3723,.F.);
#5406=ORIENTED_EDGE('',*,*,#3740,.F.);
#5407=ORIENTED_EDGE('',*,*,#3733,.F.);
#5408=ORIENTED_EDGE('',*,*,#3717,.T.);
#5409=ORIENTED_EDGE('',*,*,#3742,.F.);
#5410=ORIENTED_EDGE('',*,*,#3739,.F.);
#5411=PLANE('',#6058);
#5412=PLANE('',#6059);
#5413=PLANE('',#6060);
#5414=PLANE('',#6061);
#5415=PLANE('',#6062);
#5416=PLANE('',#6063);
#5417=PLANE('',#6064);
#5418=PLANE('',#6065);
#5419=PLANE('',#6066);
#5420=PLANE('',#6067);
#5421=PLANE('',#6068);
#5422=PLANE('',#6069);
#5423=PLANE('',#6070);
#5424=PLANE('',#6071);
#5425=PLANE('',#6072);
#5426=PLANE('',#6073);
#5427=PLANE('',#6074);
#5428=PLANE('',#6075);
#5429=PLANE('',#6076);
#5430=PLANE('',#6077);
#5431=PLANE('',#6078);
#5432=PLANE('',#6079);
#5433=PLANE('',#6080);
#5434=PLANE('',#6081);
#5435=PLANE('',#6082);
#5436=PLANE('',#6083);
#5437=PLANE('',#6084);
#5438=PLANE('',#6085);
#5439=PLANE('',#6086);
#5440=PLANE('',#6087);
#5441=PLANE('',#6088);
#5442=PLANE('',#6089);
#5443=PLANE('',#6090);
#5444=PLANE('',#6091);
#5445=PLANE('',#6092);
#5446=PLANE('',#6093);
#5447=PLANE('',#6094);
#5448=PLANE('',#6095);
#5449=PLANE('',#6096);
#5450=PLANE('',#6097);
#5451=PLANE('',#6098);
#5452=PLANE('',#6099);
#5453=PLANE('',#6100);
#5454=PLANE('',#6101);
#5455=PLANE('',#6102);
#5456=PLANE('',#6103);
#5457=PLANE('',#6104);
#5458=PLANE('',#6105);
#5459=PLANE('',#6106);
#5460=PLANE('',#6107);
#5461=PLANE('',#6108);
#5462=PLANE('',#6109);
#5463=PLANE('',#6110);
#5464=PLANE('',#6111);
#5465=PLANE('',#6112);
#5466=PLANE('',#6113);
#5467=PLANE('',#6114);
#5468=PLANE('',#6115);
#5469=PLANE('',#6116);
#5470=PLANE('',#6117);
#5471=PLANE('',#6118);
#5472=PLANE('',#6119);
#5473=PLANE('',#6120);
#5474=PLANE('',#6121);
#5475=PLANE('',#6122);
#5476=PLANE('',#6123);
#5477=PLANE('',#6124);
#5478=PLANE('',#6125);
#5479=PLANE('',#6126);
#5480=PLANE('',#6127);
#5481=PLANE('',#6128);
#5482=PLANE('',#6129);
#5483=PLANE('',#6130);
#5484=PLANE('',#6131);
#5485=PLANE('',#6132);
#5486=PLANE('',#6133);
#5487=PLANE('',#6134);
#5488=PLANE('',#6135);
#5489=PLANE('',#6136);
#5490=PLANE('',#6137);
#5491=PLANE('',#6138);
#5492=PLANE('',#6139);
#5493=PLANE('',#6140);
#5494=PLANE('',#6141);
#5495=PLANE('',#6142);
#5496=PLANE('',#6143);
#5497=PLANE('',#6144);
#5498=PLANE('',#6145);
#5499=PLANE('',#6146);
#5500=PLANE('',#6147);
#5501=PLANE('',#6148);
#5502=PLANE('',#6149);
#5503=PLANE('',#6150);
#5504=PLANE('',#6151);
#5505=PLANE('',#6152);
#5506=PLANE('',#6153);
#5507=PLANE('',#6154);
#5508=PLANE('',#6155);
#5509=PLANE('',#6156);
#5510=PLANE('',#6157);
#5511=PLANE('',#6158);
#5512=PLANE('',#6159);
#5513=PLANE('',#6160);
#5514=PLANE('',#6161);
#5515=PLANE('',#6162);
#5516=PLANE('',#6163);
#5517=PLANE('',#6164);
#5518=PLANE('',#6165);
#5519=PLANE('',#6166);
#5520=PLANE('',#6167);
#5521=PLANE('',#6168);
#5522=PLANE('',#6169);
#5523=PLANE('',#6170);
#5524=PLANE('',#6171);
#5525=PLANE('',#6172);
#5526=PLANE('',#6173);
#5527=PLANE('',#6174);
#5528=PLANE('',#6175);
#5529=PLANE('',#6176);
#5530=PLANE('',#6177);
#5531=PLANE('',#6178);
#5532=PLANE('',#6179);
#5533=PLANE('',#6180);
#5534=PLANE('',#6181);
#5535=PLANE('',#6182);
#5536=PLANE('',#6183);
#5537=PLANE('',#6184);
#5538=PLANE('',#6185);
#5539=PLANE('',#6186);
#5540=PLANE('',#6187);
#5541=PLANE('',#6188);
#5542=PLANE('',#6189);
#5543=PLANE('',#6190);
#5544=PLANE('',#6191);
#5545=PLANE('',#6192);
#5546=PLANE('',#6195);
#5547=PLANE('',#6196);
#5548=PLANE('',#6197);
#5549=PLANE('',#6198);
#5550=PLANE('',#6199);
#5551=PLANE('',#6200);
#5552=PLANE('',#6201);
#5553=PLANE('',#6202);
#5554=PLANE('',#6205);
#5555=PLANE('',#6206);
#5556=PLANE('',#6209);
#5557=PLANE('',#6210);
#5558=PLANE('',#6211);
#5559=PLANE('',#6212);
#5560=PLANE('',#6213);
#5561=PLANE('',#6214);
#5562=PLANE('',#6217);
#5563=PLANE('',#6218);
#5564=PLANE('',#6219);
#5565=PLANE('',#6220);
#5566=PLANE('',#6221);
#5567=PLANE('',#6222);
#5568=PLANE('',#6223);
#5569=PLANE('',#6224);
#5570=PLANE('',#6227);
#5571=PLANE('',#6228);
#5572=PLANE('',#6231);
#5573=PLANE('',#6232);
#5574=PLANE('',#6233);
#5575=PLANE('',#6234);
#5576=PLANE('',#6235);
#5577=PLANE('',#6236);
#5578=PLANE('',#6239);
#5579=PLANE('',#6240);
#5580=PLANE('',#6241);
#5581=PLANE('',#6242);
#5582=PLANE('',#6243);
#5583=PLANE('',#6244);
#5584=PLANE('',#6245);
#5585=PLANE('',#6246);
#5586=PLANE('',#6249);
#5587=PLANE('',#6250);
#5588=PLANE('',#6253);
#5589=PLANE('',#6254);
#5590=PLANE('',#6255);
#5591=PLANE('',#6256);
#5592=PLANE('',#6257);
#5593=PLANE('',#6258);
#5594=PLANE('',#6261);
#5595=PLANE('',#6262);
#5596=PLANE('',#6263);
#5597=PLANE('',#6264);
#5598=PLANE('',#6265);
#5599=PLANE('',#6266);
#5600=PLANE('',#6267);
#5601=PLANE('',#6268);
#5602=PLANE('',#6271);
#5603=PLANE('',#6272);
#5604=PLANE('',#6275);
#5605=PLANE('',#6276);
#5606=PLANE('',#6277);
#5607=PLANE('',#6278);
#5608=PLANE('',#6279);
#5609=PLANE('',#6280);
#5610=PLANE('',#6283);
#5611=PLANE('',#6284);
#5612=PLANE('',#6285);
#5613=PLANE('',#6286);
#5614=PLANE('',#6287);
#5615=PLANE('',#6288);
#5616=PLANE('',#6289);
#5617=PLANE('',#6290);
#5618=PLANE('',#6293);
#5619=PLANE('',#6294);
#5620=PLANE('',#6297);
#5621=PLANE('',#6298);
#5622=PLANE('',#6299);
#5623=PLANE('',#6300);
#5624=PLANE('',#6301);
#5625=PLANE('',#6302);
#5626=PLANE('',#6305);
#5627=PLANE('',#6306);
#5628=PLANE('',#6307);
#5629=PLANE('',#6308);
#5630=PLANE('',#6309);
#5631=PLANE('',#6310);
#5632=PLANE('',#6311);
#5633=PLANE('',#6312);
#5634=PLANE('',#6315);
#5635=PLANE('',#6316);
#5636=PLANE('',#6319);
#5637=PLANE('',#6320);
#5638=PLANE('',#6321);
#5639=PLANE('',#6322);
#5640=PLANE('',#6323);
#5641=PLANE('',#6324);
#5642=PLANE('',#6327);
#5643=PLANE('',#6328);
#5644=PLANE('',#6329);
#5645=PLANE('',#6330);
#5646=PLANE('',#6331);
#5647=PLANE('',#6332);
#5648=PLANE('',#6333);
#5649=PLANE('',#6334);
#5650=PLANE('',#6337);
#5651=PLANE('',#6338);
#5652=PLANE('',#6341);
#5653=PLANE('',#6342);
#5654=PLANE('',#6343);
#5655=PLANE('',#6344);
#5656=PLANE('',#6345);
#5657=PLANE('',#6346);
#5658=PLANE('',#6349);
#5659=PLANE('',#6350);
#5660=PLANE('',#6351);
#5661=PLANE('',#6352);
#5662=PLANE('',#6353);
#5663=PLANE('',#6354);
#5664=PLANE('',#6355);
#5665=PLANE('',#6356);
#5666=PLANE('',#6359);
#5667=PLANE('',#6360);
#5668=PLANE('',#6363);
#5669=PLANE('',#6364);
#5670=PLANE('',#6365);
#5671=PLANE('',#6366);
#5672=PLANE('',#6367);
#5673=PLANE('',#6368);
#5674=PLANE('',#6371);
#5675=PLANE('',#6372);
#5676=PLANE('',#6373);
#5677=PLANE('',#6374);
#5678=PLANE('',#6375);
#5679=PLANE('',#6376);
#5680=PLANE('',#6377);
#5681=PLANE('',#6378);
#5682=PLANE('',#6381);
#5683=PLANE('',#6382);
#5684=PLANE('',#6385);
#5685=PLANE('',#6386);
#5686=PLANE('',#6387);
#5687=PLANE('',#6388);
#5688=PLANE('',#6389);
#5689=PLANE('',#6390);
#5690=PLANE('',#6393);
#5691=PLANE('',#6394);
#5692=PLANE('',#6395);
#5693=PLANE('',#6396);
#5694=PLANE('',#6397);
#5695=PLANE('',#6398);
#5696=PLANE('',#6399);
#5697=PLANE('',#6400);
#5698=PLANE('',#6403);
#5699=PLANE('',#6404);
#5700=PLANE('',#6407);
#5701=PLANE('',#6408);
#5702=PLANE('',#6409);
#5703=PLANE('',#6410);
#5704=PLANE('',#6411);
#5705=PLANE('',#6412);
#5706=PLANE('',#6415);
#5707=PLANE('',#6416);
#5708=PLANE('',#6417);
#5709=PLANE('',#6418);
#5710=PLANE('',#6419);
#5711=PLANE('',#6420);
#5712=PLANE('',#6421);
#5713=PLANE('',#6422);
#5714=PLANE('',#6425);
#5715=PLANE('',#6426);
#5716=PLANE('',#6429);
#5717=ADVANCED_FACE('',(#125),#5411,.F.);
#5718=ADVANCED_FACE('',(#126),#5412,.F.);
#5719=ADVANCED_FACE('',(#127),#5413,.F.);
#5720=ADVANCED_FACE('',(#128),#5414,.F.);
#5721=ADVANCED_FACE('',(#129),#5415,.F.);
#5722=ADVANCED_FACE('',(#130),#5416,.F.);
#5723=ADVANCED_FACE('',(#131),#5417,.T.);
#5724=ADVANCED_FACE('',(#132),#5418,.T.);
#5725=ADVANCED_FACE('',(#133),#5419,.T.);
#5726=ADVANCED_FACE('',(#134),#5420,.F.);
#5727=ADVANCED_FACE('',(#135),#5421,.T.);
#5728=ADVANCED_FACE('',(#136),#5422,.T.);
#5729=ADVANCED_FACE('',(#137),#5423,.T.);
#5730=ADVANCED_FACE('',(#138),#5424,.T.);
#5731=ADVANCED_FACE('',(#139),#5425,.T.);
#5732=ADVANCED_FACE('',(#140,#103),#5426,.F.);
#5733=ADVANCED_FACE('',(#141),#5427,.T.);
#5734=ADVANCED_FACE('',(#142),#5428,.F.);
#5735=ADVANCED_FACE('',(#143),#5429,.F.);
#5736=ADVANCED_FACE('',(#144),#5430,.F.);
#5737=ADVANCED_FACE('',(#145),#5431,.F.);
#5738=ADVANCED_FACE('',(#146),#5432,.F.);
#5739=ADVANCED_FACE('',(#147),#5433,.F.);
#5740=ADVANCED_FACE('',(#148),#5434,.F.);
#5741=ADVANCED_FACE('',(#149),#5435,.F.);
#5742=ADVANCED_FACE('',(#150),#5436,.F.);
#5743=ADVANCED_FACE('',(#151),#5437,.F.);
#5744=ADVANCED_FACE('',(#152),#5438,.F.);
#5745=ADVANCED_FACE('',(#153,#104),#5439,.F.);
#5746=ADVANCED_FACE('',(#154),#5440,.F.);
#5747=ADVANCED_FACE('',(#155),#5441,.T.);
#5748=ADVANCED_FACE('',(#156),#5442,.T.);
#5749=ADVANCED_FACE('',(#157),#5443,.T.);
#5750=ADVANCED_FACE('',(#158),#5444,.T.);
#5751=ADVANCED_FACE('',(#159),#5445,.T.);
#5752=ADVANCED_FACE('',(#160),#5446,.F.);
#5753=ADVANCED_FACE('',(#161),#5447,.F.);
#5754=ADVANCED_FACE('',(#162),#5448,.T.);
#5755=ADVANCED_FACE('',(#163),#5449,.F.);
#5756=ADVANCED_FACE('',(#164),#5450,.F.);
#5757=ADVANCED_FACE('',(#165),#5451,.F.);
#5758=ADVANCED_FACE('',(#166),#5452,.F.);
#5759=ADVANCED_FACE('',(#167),#5453,.F.);
#5760=ADVANCED_FACE('',(#168,#105),#5454,.F.);
#5761=ADVANCED_FACE('',(#169),#5455,.F.);
#5762=ADVANCED_FACE('',(#170),#5456,.T.);
#5763=ADVANCED_FACE('',(#171),#5457,.F.);
#5764=ADVANCED_FACE('',(#172),#5458,.F.);
#5765=ADVANCED_FACE('',(#173),#5459,.F.);
#5766=ADVANCED_FACE('',(#174),#5460,.F.);
#5767=ADVANCED_FACE('',(#175),#5461,.F.);
#5768=ADVANCED_FACE('',(#176,#106),#5462,.F.);
#5769=ADVANCED_FACE('',(#177),#5463,.F.);
#5770=ADVANCED_FACE('',(#178),#5464,.T.);
#5771=ADVANCED_FACE('',(#179),#5465,.F.);
#5772=ADVANCED_FACE('',(#180),#5466,.F.);
#5773=ADVANCED_FACE('',(#181),#5467,.F.);
#5774=ADVANCED_FACE('',(#182),#5468,.F.);
#5775=ADVANCED_FACE('',(#183),#5469,.F.);
#5776=ADVANCED_FACE('',(#184,#107),#5470,.F.);
#5777=ADVANCED_FACE('',(#185),#5471,.F.);
#5778=ADVANCED_FACE('',(#186),#5472,.T.);
#5779=ADVANCED_FACE('',(#187),#5473,.F.);
#5780=ADVANCED_FACE('',(#188),#5474,.F.);
#5781=ADVANCED_FACE('',(#189),#5475,.F.);
#5782=ADVANCED_FACE('',(#190),#5476,.F.);
#5783=ADVANCED_FACE('',(#191),#5477,.F.);
#5784=ADVANCED_FACE('',(#192,#108),#5478,.F.);
#5785=ADVANCED_FACE('',(#193),#5479,.F.);
#5786=ADVANCED_FACE('',(#194),#5480,.T.);
#5787=ADVANCED_FACE('',(#195),#5481,.F.);
#5788=ADVANCED_FACE('',(#196),#5482,.F.);
#5789=ADVANCED_FACE('',(#197),#5483,.F.);
#5790=ADVANCED_FACE('',(#198),#5484,.F.);
#5791=ADVANCED_FACE('',(#199),#5485,.F.);
#5792=ADVANCED_FACE('',(#200,#109),#5486,.F.);
#5793=ADVANCED_FACE('',(#201),#5487,.F.);
#5794=ADVANCED_FACE('',(#202),#5488,.T.);
#5795=ADVANCED_FACE('',(#203),#5489,.F.);
#5796=ADVANCED_FACE('',(#204),#5490,.F.);
#5797=ADVANCED_FACE('',(#205),#5491,.F.);
#5798=ADVANCED_FACE('',(#206),#5492,.F.);
#5799=ADVANCED_FACE('',(#207),#5493,.F.);
#5800=ADVANCED_FACE('',(#208,#110),#5494,.F.);
#5801=ADVANCED_FACE('',(#209),#5495,.F.);
#5802=ADVANCED_FACE('',(#210),#5496,.T.);
#5803=ADVANCED_FACE('',(#211),#5497,.F.);
#5804=ADVANCED_FACE('',(#212),#5498,.F.);
#5805=ADVANCED_FACE('',(#213),#5499,.F.);
#5806=ADVANCED_FACE('',(#214),#5500,.F.);
#5807=ADVANCED_FACE('',(#215),#5501,.F.);
#5808=ADVANCED_FACE('',(#216,#111),#5502,.F.);
#5809=ADVANCED_FACE('',(#217),#5503,.F.);
#5810=ADVANCED_FACE('',(#218),#5504,.T.);
#5811=ADVANCED_FACE('',(#219),#5505,.F.);
#5812=ADVANCED_FACE('',(#220),#5506,.F.);
#5813=ADVANCED_FACE('',(#221),#5507,.F.);
#5814=ADVANCED_FACE('',(#222),#5508,.F.);
#5815=ADVANCED_FACE('',(#223),#5509,.F.);
#5816=ADVANCED_FACE('',(#224,#112),#5510,.F.);
#5817=ADVANCED_FACE('',(#225),#5511,.F.);
#5818=ADVANCED_FACE('',(#226),#5512,.T.);
#5819=ADVANCED_FACE('',(#227),#5513,.F.);
#5820=ADVANCED_FACE('',(#228),#5514,.F.);
#5821=ADVANCED_FACE('',(#229),#5515,.F.);
#5822=ADVANCED_FACE('',(#230),#5516,.F.);
#5823=ADVANCED_FACE('',(#231),#5517,.F.);
#5824=ADVANCED_FACE('',(#232,#113),#5518,.F.);
#5825=ADVANCED_FACE('',(#233),#5519,.F.);
#5826=ADVANCED_FACE('',(#234),#5520,.T.);
#5827=ADVANCED_FACE('',(#235),#5521,.F.);
#5828=ADVANCED_FACE('',(#236),#5522,.F.);
#5829=ADVANCED_FACE('',(#237),#5523,.F.);
#5830=ADVANCED_FACE('',(#238),#5524,.F.);
#5831=ADVANCED_FACE('',(#239),#5525,.F.);
#5832=ADVANCED_FACE('',(#240),#5526,.F.);
#5833=ADVANCED_FACE('',(#241),#5527,.F.);
#5834=ADVANCED_FACE('',(#242),#5528,.F.);
#5835=ADVANCED_FACE('',(#243),#5529,.F.);
#5836=ADVANCED_FACE('',(#244),#5530,.F.);
#5837=ADVANCED_FACE('',(#245),#5531,.F.);
#5838=ADVANCED_FACE('',(#246),#5532,.T.);
#5839=ADVANCED_FACE('',(#247,#114,#115,#116,#117,#118,#119,#120,#121,#122,
#123,#124),#5533,.F.);
#5840=ADVANCED_FACE('',(#248),#5534,.F.);
#5841=ADVANCED_FACE('',(#249),#5535,.F.);
#5842=ADVANCED_FACE('',(#250),#5536,.T.);
#5843=ADVANCED_FACE('',(#251),#5537,.T.);
#5844=ADVANCED_FACE('',(#252),#5538,.T.);
#5845=ADVANCED_FACE('',(#253),#5539,.T.);
#5846=ADVANCED_FACE('',(#254),#5540,.T.);
#5847=ADVANCED_FACE('',(#255),#5541,.T.);
#5848=ADVANCED_FACE('',(#256),#5542,.T.);
#5849=ADVANCED_FACE('',(#257),#5543,.T.);
#5850=ADVANCED_FACE('',(#258),#5544,.T.);
#5851=ADVANCED_FACE('',(#259),#5545,.T.);
#5852=ADVANCED_FACE('',(#260),#5546,.T.);
#5853=ADVANCED_FACE('',(#261),#5547,.F.);
#5854=ADVANCED_FACE('',(#262),#5548,.T.);
#5855=ADVANCED_FACE('',(#263),#5549,.T.);
#5856=ADVANCED_FACE('',(#264),#5550,.T.);
#5857=ADVANCED_FACE('',(#265),#5551,.T.);
#5858=ADVANCED_FACE('',(#266),#5552,.T.);
#5859=ADVANCED_FACE('',(#267),#5553,.T.);
#5860=ADVANCED_FACE('',(#268),#5554,.T.);
#5861=ADVANCED_FACE('',(#269),#5555,.T.);
#5862=ADVANCED_FACE('',(#270),#13,.F.);
#5863=ADVANCED_FACE('',(#271),#14,.T.);
#5864=ADVANCED_FACE('',(#272),#5556,.T.);
#5865=ADVANCED_FACE('',(#273),#5557,.T.);
#5866=ADVANCED_FACE('',(#274),#5558,.T.);
#5867=ADVANCED_FACE('',(#275),#5559,.T.);
#5868=ADVANCED_FACE('',(#276),#5560,.T.);
#5869=ADVANCED_FACE('',(#277),#5561,.T.);
#5870=ADVANCED_FACE('',(#278),#5562,.T.);
#5871=ADVANCED_FACE('',(#279),#5563,.F.);
#5872=ADVANCED_FACE('',(#280),#5564,.T.);
#5873=ADVANCED_FACE('',(#281),#5565,.T.);
#5874=ADVANCED_FACE('',(#282),#5566,.T.);
#5875=ADVANCED_FACE('',(#283),#5567,.T.);
#5876=ADVANCED_FACE('',(#284),#5568,.T.);
#5877=ADVANCED_FACE('',(#285),#5569,.T.);
#5878=ADVANCED_FACE('',(#286),#5570,.T.);
#5879=ADVANCED_FACE('',(#287),#5571,.T.);
#5880=ADVANCED_FACE('',(#288),#15,.F.);
#5881=ADVANCED_FACE('',(#289),#16,.T.);
#5882=ADVANCED_FACE('',(#290),#5572,.T.);
#5883=ADVANCED_FACE('',(#291),#5573,.T.);
#5884=ADVANCED_FACE('',(#292),#5574,.T.);
#5885=ADVANCED_FACE('',(#293),#5575,.T.);
#5886=ADVANCED_FACE('',(#294),#5576,.T.);
#5887=ADVANCED_FACE('',(#295),#5577,.T.);
#5888=ADVANCED_FACE('',(#296),#5578,.T.);
#5889=ADVANCED_FACE('',(#297),#5579,.F.);
#5890=ADVANCED_FACE('',(#298),#5580,.T.);
#5891=ADVANCED_FACE('',(#299),#5581,.T.);
#5892=ADVANCED_FACE('',(#300),#5582,.T.);
#5893=ADVANCED_FACE('',(#301),#5583,.T.);
#5894=ADVANCED_FACE('',(#302),#5584,.T.);
#5895=ADVANCED_FACE('',(#303),#5585,.T.);
#5896=ADVANCED_FACE('',(#304),#5586,.T.);
#5897=ADVANCED_FACE('',(#305),#5587,.T.);
#5898=ADVANCED_FACE('',(#306),#17,.F.);
#5899=ADVANCED_FACE('',(#307),#18,.T.);
#5900=ADVANCED_FACE('',(#308),#5588,.T.);
#5901=ADVANCED_FACE('',(#309),#5589,.T.);
#5902=ADVANCED_FACE('',(#310),#5590,.T.);
#5903=ADVANCED_FACE('',(#311),#5591,.T.);
#5904=ADVANCED_FACE('',(#312),#5592,.T.);
#5905=ADVANCED_FACE('',(#313),#5593,.T.);
#5906=ADVANCED_FACE('',(#314),#5594,.T.);
#5907=ADVANCED_FACE('',(#315),#5595,.F.);
#5908=ADVANCED_FACE('',(#316),#5596,.T.);
#5909=ADVANCED_FACE('',(#317),#5597,.T.);
#5910=ADVANCED_FACE('',(#318),#5598,.T.);
#5911=ADVANCED_FACE('',(#319),#5599,.T.);
#5912=ADVANCED_FACE('',(#320),#5600,.T.);
#5913=ADVANCED_FACE('',(#321),#5601,.T.);
#5914=ADVANCED_FACE('',(#322),#5602,.T.);
#5915=ADVANCED_FACE('',(#323),#5603,.T.);
#5916=ADVANCED_FACE('',(#324),#19,.F.);
#5917=ADVANCED_FACE('',(#325),#20,.T.);
#5918=ADVANCED_FACE('',(#326),#5604,.T.);
#5919=ADVANCED_FACE('',(#327),#5605,.T.);
#5920=ADVANCED_FACE('',(#328),#5606,.T.);
#5921=ADVANCED_FACE('',(#329),#5607,.T.);
#5922=ADVANCED_FACE('',(#330),#5608,.T.);
#5923=ADVANCED_FACE('',(#331),#5609,.T.);
#5924=ADVANCED_FACE('',(#332),#5610,.T.);
#5925=ADVANCED_FACE('',(#333),#5611,.F.);
#5926=ADVANCED_FACE('',(#334),#5612,.T.);
#5927=ADVANCED_FACE('',(#335),#5613,.T.);
#5928=ADVANCED_FACE('',(#336),#5614,.T.);
#5929=ADVANCED_FACE('',(#337),#5615,.T.);
#5930=ADVANCED_FACE('',(#338),#5616,.T.);
#5931=ADVANCED_FACE('',(#339),#5617,.T.);
#5932=ADVANCED_FACE('',(#340),#5618,.T.);
#5933=ADVANCED_FACE('',(#341),#5619,.T.);
#5934=ADVANCED_FACE('',(#342),#21,.F.);
#5935=ADVANCED_FACE('',(#343),#22,.T.);
#5936=ADVANCED_FACE('',(#344),#5620,.T.);
#5937=ADVANCED_FACE('',(#345),#5621,.T.);
#5938=ADVANCED_FACE('',(#346),#5622,.T.);
#5939=ADVANCED_FACE('',(#347),#5623,.T.);
#5940=ADVANCED_FACE('',(#348),#5624,.T.);
#5941=ADVANCED_FACE('',(#349),#5625,.T.);
#5942=ADVANCED_FACE('',(#350),#5626,.T.);
#5943=ADVANCED_FACE('',(#351),#5627,.F.);
#5944=ADVANCED_FACE('',(#352),#5628,.T.);
#5945=ADVANCED_FACE('',(#353),#5629,.T.);
#5946=ADVANCED_FACE('',(#354),#5630,.T.);
#5947=ADVANCED_FACE('',(#355),#5631,.T.);
#5948=ADVANCED_FACE('',(#356),#5632,.T.);
#5949=ADVANCED_FACE('',(#357),#5633,.T.);
#5950=ADVANCED_FACE('',(#358),#5634,.T.);
#5951=ADVANCED_FACE('',(#359),#5635,.T.);
#5952=ADVANCED_FACE('',(#360),#23,.F.);
#5953=ADVANCED_FACE('',(#361),#24,.T.);
#5954=ADVANCED_FACE('',(#362),#5636,.T.);
#5955=ADVANCED_FACE('',(#363),#5637,.T.);
#5956=ADVANCED_FACE('',(#364),#5638,.T.);
#5957=ADVANCED_FACE('',(#365),#5639,.T.);
#5958=ADVANCED_FACE('',(#366),#5640,.T.);
#5959=ADVANCED_FACE('',(#367),#5641,.T.);
#5960=ADVANCED_FACE('',(#368),#5642,.T.);
#5961=ADVANCED_FACE('',(#369),#5643,.F.);
#5962=ADVANCED_FACE('',(#370),#5644,.T.);
#5963=ADVANCED_FACE('',(#371),#5645,.T.);
#5964=ADVANCED_FACE('',(#372),#5646,.T.);
#5965=ADVANCED_FACE('',(#373),#5647,.T.);
#5966=ADVANCED_FACE('',(#374),#5648,.T.);
#5967=ADVANCED_FACE('',(#375),#5649,.T.);
#5968=ADVANCED_FACE('',(#376),#5650,.T.);
#5969=ADVANCED_FACE('',(#377),#5651,.T.);
#5970=ADVANCED_FACE('',(#378),#25,.F.);
#5971=ADVANCED_FACE('',(#379),#26,.T.);
#5972=ADVANCED_FACE('',(#380),#5652,.T.);
#5973=ADVANCED_FACE('',(#381),#5653,.T.);
#5974=ADVANCED_FACE('',(#382),#5654,.T.);
#5975=ADVANCED_FACE('',(#383),#5655,.T.);
#5976=ADVANCED_FACE('',(#384),#5656,.T.);
#5977=ADVANCED_FACE('',(#385),#5657,.T.);
#5978=ADVANCED_FACE('',(#386),#5658,.T.);
#5979=ADVANCED_FACE('',(#387),#5659,.F.);
#5980=ADVANCED_FACE('',(#388),#5660,.T.);
#5981=ADVANCED_FACE('',(#389),#5661,.T.);
#5982=ADVANCED_FACE('',(#390),#5662,.T.);
#5983=ADVANCED_FACE('',(#391),#5663,.T.);
#5984=ADVANCED_FACE('',(#392),#5664,.T.);
#5985=ADVANCED_FACE('',(#393),#5665,.T.);
#5986=ADVANCED_FACE('',(#394),#5666,.T.);
#5987=ADVANCED_FACE('',(#395),#5667,.T.);
#5988=ADVANCED_FACE('',(#396),#27,.F.);
#5989=ADVANCED_FACE('',(#397),#28,.T.);
#5990=ADVANCED_FACE('',(#398),#5668,.T.);
#5991=ADVANCED_FACE('',(#399),#5669,.T.);
#5992=ADVANCED_FACE('',(#400),#5670,.T.);
#5993=ADVANCED_FACE('',(#401),#5671,.T.);
#5994=ADVANCED_FACE('',(#402),#5672,.T.);
#5995=ADVANCED_FACE('',(#403),#5673,.T.);
#5996=ADVANCED_FACE('',(#404),#5674,.T.);
#5997=ADVANCED_FACE('',(#405),#5675,.F.);
#5998=ADVANCED_FACE('',(#406),#5676,.T.);
#5999=ADVANCED_FACE('',(#407),#5677,.T.);
#6000=ADVANCED_FACE('',(#408),#5678,.T.);
#6001=ADVANCED_FACE('',(#409),#5679,.T.);
#6002=ADVANCED_FACE('',(#410),#5680,.T.);
#6003=ADVANCED_FACE('',(#411),#5681,.T.);
#6004=ADVANCED_FACE('',(#412),#5682,.T.);
#6005=ADVANCED_FACE('',(#413),#5683,.T.);
#6006=ADVANCED_FACE('',(#414),#29,.F.);
#6007=ADVANCED_FACE('',(#415),#30,.T.);
#6008=ADVANCED_FACE('',(#416),#5684,.T.);
#6009=ADVANCED_FACE('',(#417),#5685,.T.);
#6010=ADVANCED_FACE('',(#418),#5686,.T.);
#6011=ADVANCED_FACE('',(#419),#5687,.T.);
#6012=ADVANCED_FACE('',(#420),#5688,.T.);
#6013=ADVANCED_FACE('',(#421),#5689,.T.);
#6014=ADVANCED_FACE('',(#422),#5690,.T.);
#6015=ADVANCED_FACE('',(#423),#5691,.F.);
#6016=ADVANCED_FACE('',(#424),#5692,.T.);
#6017=ADVANCED_FACE('',(#425),#5693,.T.);
#6018=ADVANCED_FACE('',(#426),#5694,.T.);
#6019=ADVANCED_FACE('',(#427),#5695,.T.);
#6020=ADVANCED_FACE('',(#428),#5696,.T.);
#6021=ADVANCED_FACE('',(#429),#5697,.T.);
#6022=ADVANCED_FACE('',(#430),#5698,.T.);
#6023=ADVANCED_FACE('',(#431),#5699,.T.);
#6024=ADVANCED_FACE('',(#432),#31,.F.);
#6025=ADVANCED_FACE('',(#433),#32,.T.);
#6026=ADVANCED_FACE('',(#434),#5700,.T.);
#6027=ADVANCED_FACE('',(#435),#5701,.T.);
#6028=ADVANCED_FACE('',(#436),#5702,.T.);
#6029=ADVANCED_FACE('',(#437),#5703,.T.);
#6030=ADVANCED_FACE('',(#438),#5704,.T.);
#6031=ADVANCED_FACE('',(#439),#5705,.T.);
#6032=ADVANCED_FACE('',(#440),#5706,.T.);
#6033=ADVANCED_FACE('',(#441),#5707,.F.);
#6034=ADVANCED_FACE('',(#442),#5708,.T.);
#6035=ADVANCED_FACE('',(#443),#5709,.T.);
#6036=ADVANCED_FACE('',(#444),#5710,.T.);
#6037=ADVANCED_FACE('',(#445),#5711,.T.);
#6038=ADVANCED_FACE('',(#446),#5712,.T.);
#6039=ADVANCED_FACE('',(#447),#5713,.T.);
#6040=ADVANCED_FACE('',(#448),#5714,.T.);
#6041=ADVANCED_FACE('',(#449),#5715,.T.);
#6042=ADVANCED_FACE('',(#450),#33,.F.);
#6043=ADVANCED_FACE('',(#451),#34,.T.);
#6044=ADVANCED_FACE('',(#452),#5716,.T.);
#6045=CLOSED_SHELL('',(#5717,#5718,#5719,#5720,#5721,#5722,#5723,#5724,
#5725,#5726,#5727,#5728,#5729,#5730,#5731,#5732,#5733,#5734,#5735,#5736,
#5737,#5738,#5739,#5740,#5741,#5742,#5743,#5744,#5745,#5746,#5747,#5748,
#5749,#5750,#5751,#5752,#5753,#5754,#5755,#5756,#5757,#5758,#5759,#5760,
#5761,#5762,#5763,#5764,#5765,#5766,#5767,#5768,#5769,#5770,#5771,#5772,
#5773,#5774,#5775,#5776,#5777,#5778,#5779,#5780,#5781,#5782,#5783,#5784,
#5785,#5786,#5787,#5788,#5789,#5790,#5791,#5792,#5793,#5794,#5795,#5796,
#5797,#5798,#5799,#5800,#5801,#5802,#5803,#5804,#5805,#5806,#5807,#5808,
#5809,#5810,#5811,#5812,#5813,#5814,#5815,#5816,#5817,#5818,#5819,#5820,
#5821,#5822,#5823,#5824,#5825,#5826,#5827,#5828,#5829,#5830,#5831,#5832,
#5833,#5834,#5835,#5836,#5837,#5838,#5839,#5840,#5841,#5842,#5843,#5844,
#5845,#5846));
#6046=CLOSED_SHELL('',(#5847,#5848,#5849,#5850,#5851,#5852,#5853,#5854,
#5855,#5856,#5857,#5858,#5859,#5860,#5861,#5862,#5863,#5864));
#6047=CLOSED_SHELL('',(#5865,#5866,#5867,#5868,#5869,#5870,#5871,#5872,
#5873,#5874,#5875,#5876,#5877,#5878,#5879,#5880,#5881,#5882));
#6048=CLOSED_SHELL('',(#5883,#5884,#5885,#5886,#5887,#5888,#5889,#5890,
#5891,#5892,#5893,#5894,#5895,#5896,#5897,#5898,#5899,#5900));
#6049=CLOSED_SHELL('',(#5901,#5902,#5903,#5904,#5905,#5906,#5907,#5908,
#5909,#5910,#5911,#5912,#5913,#5914,#5915,#5916,#5917,#5918));
#6050=CLOSED_SHELL('',(#5919,#5920,#5921,#5922,#5923,#5924,#5925,#5926,
#5927,#5928,#5929,#5930,#5931,#5932,#5933,#5934,#5935,#5936));
#6051=CLOSED_SHELL('',(#5937,#5938,#5939,#5940,#5941,#5942,#5943,#5944,
#5945,#5946,#5947,#5948,#5949,#5950,#5951,#5952,#5953,#5954));
#6052=CLOSED_SHELL('',(#5955,#5956,#5957,#5958,#5959,#5960,#5961,#5962,
#5963,#5964,#5965,#5966,#5967,#5968,#5969,#5970,#5971,#5972));
#6053=CLOSED_SHELL('',(#5973,#5974,#5975,#5976,#5977,#5978,#5979,#5980,
#5981,#5982,#5983,#5984,#5985,#5986,#5987,#5988,#5989,#5990));
#6054=CLOSED_SHELL('',(#5991,#5992,#5993,#5994,#5995,#5996,#5997,#5998,
#5999,#6000,#6001,#6002,#6003,#6004,#6005,#6006,#6007,#6008));
#6055=CLOSED_SHELL('',(#6009,#6010,#6011,#6012,#6013,#6014,#6015,#6016,
#6017,#6018,#6019,#6020,#6021,#6022,#6023,#6024,#6025,#6026));
#6056=CLOSED_SHELL('',(#6027,#6028,#6029,#6030,#6031,#6032,#6033,#6034,
#6035,#6036,#6037,#6038,#6039,#6040,#6041,#6042,#6043,#6044));
#6057=AXIS2_PLACEMENT_3D('placement',#7966,#6430,#6431);
#6058=AXIS2_PLACEMENT_3D('',#7967,#6432,#6433);
#6059=AXIS2_PLACEMENT_3D('',#7976,#6438,#6439);
#6060=AXIS2_PLACEMENT_3D('',#7982,#6443,#6444);
#6061=AXIS2_PLACEMENT_3D('',#7988,#6448,#6449);
#6062=AXIS2_PLACEMENT_3D('',#7997,#6454,#6455);
#6063=AXIS2_PLACEMENT_3D('',#8003,#6459,#6460);
#6064=AXIS2_PLACEMENT_3D('',#8009,#6464,#6465);
#6065=AXIS2_PLACEMENT_3D('',#8023,#6473,#6474);
#6066=AXIS2_PLACEMENT_3D('',#8031,#6479,#6480);
#6067=AXIS2_PLACEMENT_3D('',#8041,#6486,#6487);
#6068=AXIS2_PLACEMENT_3D('',#8053,#6494,#6495);
#6069=AXIS2_PLACEMENT_3D('',#8059,#6499,#6500);
#6070=AXIS2_PLACEMENT_3D('',#8072,#6507,#6508);
#6071=AXIS2_PLACEMENT_3D('',#8078,#6512,#6513);
#6072=AXIS2_PLACEMENT_3D('',#8088,#6519,#6520);
#6073=AXIS2_PLACEMENT_3D('',#8097,#6526,#6527);
#6074=AXIS2_PLACEMENT_3D('',#8113,#6536,#6537);
#6075=AXIS2_PLACEMENT_3D('',#8207,#6586,#6587);
#6076=AXIS2_PLACEMENT_3D('',#8214,#6592,#6593);
#6077=AXIS2_PLACEMENT_3D('',#8220,#6597,#6598);
#6078=AXIS2_PLACEMENT_3D('',#8229,#6603,#6604);
#6079=AXIS2_PLACEMENT_3D('',#8233,#6607,#6608);
#6080=AXIS2_PLACEMENT_3D('',#8236,#6611,#6612);
#6081=AXIS2_PLACEMENT_3D('',#8240,#6615,#6616);
#6082=AXIS2_PLACEMENT_3D('',#8242,#6618,#6619);
#6083=AXIS2_PLACEMENT_3D('',#8252,#6625,#6626);
#6084=AXIS2_PLACEMENT_3D('',#8257,#6630,#6631);
#6085=AXIS2_PLACEMENT_3D('',#8261,#6634,#6635);
#6086=AXIS2_PLACEMENT_3D('',#8268,#6640,#6641);
#6087=AXIS2_PLACEMENT_3D('',#8282,#6649,#6650);
#6088=AXIS2_PLACEMENT_3D('',#8284,#6652,#6653);
#6089=AXIS2_PLACEMENT_3D('',#8293,#6658,#6659);
#6090=AXIS2_PLACEMENT_3D('',#8302,#6664,#6665);
#6091=AXIS2_PLACEMENT_3D('',#8308,#6669,#6670);
#6092=AXIS2_PLACEMENT_3D('',#8311,#6673,#6674);
#6093=AXIS2_PLACEMENT_3D('',#8316,#6678,#6679);
#6094=AXIS2_PLACEMENT_3D('',#8320,#6682,#6683);
#6095=AXIS2_PLACEMENT_3D('',#8322,#6685,#6686);
#6096=AXIS2_PLACEMENT_3D('',#8326,#6689,#6690);
#6097=AXIS2_PLACEMENT_3D('',#8332,#6694,#6695);
#6098=AXIS2_PLACEMENT_3D('',#8336,#6698,#6699);
#6099=AXIS2_PLACEMENT_3D('',#8340,#6702,#6703);
#6100=AXIS2_PLACEMENT_3D('',#8342,#6705,#6706);
#6101=AXIS2_PLACEMENT_3D('',#8348,#6710,#6711);
#6102=AXIS2_PLACEMENT_3D('',#8360,#6718,#6719);
#6103=AXIS2_PLACEMENT_3D('',#8362,#6721,#6722);
#6104=AXIS2_PLACEMENT_3D('',#8366,#6725,#6726);
#6105=AXIS2_PLACEMENT_3D('',#8372,#6730,#6731);
#6106=AXIS2_PLACEMENT_3D('',#8376,#6734,#6735);
#6107=AXIS2_PLACEMENT_3D('',#8380,#6738,#6739);
#6108=AXIS2_PLACEMENT_3D('',#8382,#6741,#6742);
#6109=AXIS2_PLACEMENT_3D('',#8388,#6746,#6747);
#6110=AXIS2_PLACEMENT_3D('',#8400,#6754,#6755);
#6111=AXIS2_PLACEMENT_3D('',#8402,#6757,#6758);
#6112=AXIS2_PLACEMENT_3D('',#8406,#6761,#6762);
#6113=AXIS2_PLACEMENT_3D('',#8412,#6766,#6767);
#6114=AXIS2_PLACEMENT_3D('',#8416,#6770,#6771);
#6115=AXIS2_PLACEMENT_3D('',#8420,#6774,#6775);
#6116=AXIS2_PLACEMENT_3D('',#8422,#6777,#6778);
#6117=AXIS2_PLACEMENT_3D('',#8428,#6782,#6783);
#6118=AXIS2_PLACEMENT_3D('',#8440,#6790,#6791);
#6119=AXIS2_PLACEMENT_3D('',#8442,#6793,#6794);
#6120=AXIS2_PLACEMENT_3D('',#8446,#6797,#6798);
#6121=AXIS2_PLACEMENT_3D('',#8452,#6802,#6803);
#6122=AXIS2_PLACEMENT_3D('',#8456,#6806,#6807);
#6123=AXIS2_PLACEMENT_3D('',#8460,#6810,#6811);
#6124=AXIS2_PLACEMENT_3D('',#8462,#6813,#6814);
#6125=AXIS2_PLACEMENT_3D('',#8468,#6818,#6819);
#6126=AXIS2_PLACEMENT_3D('',#8480,#6826,#6827);
#6127=AXIS2_PLACEMENT_3D('',#8482,#6829,#6830);
#6128=AXIS2_PLACEMENT_3D('',#8486,#6833,#6834);
#6129=AXIS2_PLACEMENT_3D('',#8492,#6838,#6839);
#6130=AXIS2_PLACEMENT_3D('',#8496,#6842,#6843);
#6131=AXIS2_PLACEMENT_3D('',#8500,#6846,#6847);
#6132=AXIS2_PLACEMENT_3D('',#8502,#6849,#6850);
#6133=AXIS2_PLACEMENT_3D('',#8508,#6854,#6855);
#6134=AXIS2_PLACEMENT_3D('',#8520,#6862,#6863);
#6135=AXIS2_PLACEMENT_3D('',#8522,#6865,#6866);
#6136=AXIS2_PLACEMENT_3D('',#8526,#6869,#6870);
#6137=AXIS2_PLACEMENT_3D('',#8532,#6874,#6875);
#6138=AXIS2_PLACEMENT_3D('',#8536,#6878,#6879);
#6139=AXIS2_PLACEMENT_3D('',#8540,#6882,#6883);
#6140=AXIS2_PLACEMENT_3D('',#8542,#6885,#6886);
#6141=AXIS2_PLACEMENT_3D('',#8548,#6890,#6891);
#6142=AXIS2_PLACEMENT_3D('',#8560,#6898,#6899);
#6143=AXIS2_PLACEMENT_3D('',#8562,#6901,#6902);
#6144=AXIS2_PLACEMENT_3D('',#8566,#6905,#6906);
#6145=AXIS2_PLACEMENT_3D('',#8572,#6910,#6911);
#6146=AXIS2_PLACEMENT_3D('',#8576,#6914,#6915);
#6147=AXIS2_PLACEMENT_3D('',#8580,#6918,#6919);
#6148=AXIS2_PLACEMENT_3D('',#8582,#6921,#6922);
#6149=AXIS2_PLACEMENT_3D('',#8588,#6926,#6927);
#6150=AXIS2_PLACEMENT_3D('',#8600,#6934,#6935);
#6151=AXIS2_PLACEMENT_3D('',#8602,#6937,#6938);
#6152=AXIS2_PLACEMENT_3D('',#8606,#6941,#6942);
#6153=AXIS2_PLACEMENT_3D('',#8612,#6946,#6947);
#6154=AXIS2_PLACEMENT_3D('',#8616,#6950,#6951);
#6155=AXIS2_PLACEMENT_3D('',#8620,#6954,#6955);
#6156=AXIS2_PLACEMENT_3D('',#8622,#6957,#6958);
#6157=AXIS2_PLACEMENT_3D('',#8628,#6962,#6963);
#6158=AXIS2_PLACEMENT_3D('',#8640,#6970,#6971);
#6159=AXIS2_PLACEMENT_3D('',#8642,#6973,#6974);
#6160=AXIS2_PLACEMENT_3D('',#8646,#6977,#6978);
#6161=AXIS2_PLACEMENT_3D('',#8652,#6982,#6983);
#6162=AXIS2_PLACEMENT_3D('',#8656,#6986,#6987);
#6163=AXIS2_PLACEMENT_3D('',#8660,#6990,#6991);
#6164=AXIS2_PLACEMENT_3D('',#8662,#6993,#6994);
#6165=AXIS2_PLACEMENT_3D('',#8668,#6998,#6999);
#6166=AXIS2_PLACEMENT_3D('',#8680,#7006,#7007);
#6167=AXIS2_PLACEMENT_3D('',#8682,#7009,#7010);
#6168=AXIS2_PLACEMENT_3D('',#8686,#7013,#7014);
#6169=AXIS2_PLACEMENT_3D('',#8692,#7018,#7019);
#6170=AXIS2_PLACEMENT_3D('',#8696,#7022,#7023);
#6171=AXIS2_PLACEMENT_3D('',#8700,#7026,#7027);
#6172=AXIS2_PLACEMENT_3D('',#8702,#7029,#7030);
#6173=AXIS2_PLACEMENT_3D('',#8704,#7032,#7033);
#6174=AXIS2_PLACEMENT_3D('',#8708,#7036,#7037);
#6175=AXIS2_PLACEMENT_3D('',#8715,#7042,#7043);
#6176=AXIS2_PLACEMENT_3D('',#8721,#7047,#7048);
#6177=AXIS2_PLACEMENT_3D('',#8725,#7051,#7052);
#6178=AXIS2_PLACEMENT_3D('',#8729,#7055,#7056);
#6179=AXIS2_PLACEMENT_3D('',#8731,#7058,#7059);
#6180=AXIS2_PLACEMENT_3D('',#8734,#7062,#7063);
#6181=AXIS2_PLACEMENT_3D('',#8735,#7064,#7065);
#6182=AXIS2_PLACEMENT_3D('',#8739,#7068,#7069);
#6183=AXIS2_PLACEMENT_3D('',#8743,#7072,#7073);
#6184=AXIS2_PLACEMENT_3D('',#8748,#7077,#7078);
#6185=AXIS2_PLACEMENT_3D('',#8750,#7080,#7081);
#6186=AXIS2_PLACEMENT_3D('',#8751,#7082,#7083);
#6187=AXIS2_PLACEMENT_3D('',#8752,#7084,#7085);
#6188=AXIS2_PLACEMENT_3D('',#8753,#7086,#7087);
#6189=AXIS2_PLACEMENT_3D('',#8762,#7092,#7093);
#6190=AXIS2_PLACEMENT_3D('',#8768,#7097,#7098);
#6191=AXIS2_PLACEMENT_3D('',#8774,#7102,#7103);
#6192=AXIS2_PLACEMENT_3D('',#8777,#7106,#7107);
#6193=AXIS2_PLACEMENT_3D('',#8781,#7109,#7110);
#6194=AXIS2_PLACEMENT_3D('',#8789,#7114,#7115);
#6195=AXIS2_PLACEMENT_3D('',#8791,#7117,#7118);
#6196=AXIS2_PLACEMENT_3D('',#8795,#7121,#7122);
#6197=AXIS2_PLACEMENT_3D('',#8796,#7123,#7124);
#6198=AXIS2_PLACEMENT_3D('',#8805,#7129,#7130);
#6199=AXIS2_PLACEMENT_3D('',#8810,#7134,#7135);
#6200=AXIS2_PLACEMENT_3D('',#8815,#7139,#7140);
#6201=AXIS2_PLACEMENT_3D('',#8817,#7142,#7143);
#6202=AXIS2_PLACEMENT_3D('',#8821,#7146,#7147);
#6203=AXIS2_PLACEMENT_3D('',#8824,#7149,#7150);
#6204=AXIS2_PLACEMENT_3D('',#8827,#7152,#7153);
#6205=AXIS2_PLACEMENT_3D('',#8828,#7154,#7155);
#6206=AXIS2_PLACEMENT_3D('',#8829,#7156,#7157);
#6207=AXIS2_PLACEMENT_3D('',#8831,#7159,#7160);
#6208=AXIS2_PLACEMENT_3D('',#8832,#7161,#7162);
#6209=AXIS2_PLACEMENT_3D('',#8834,#7164,#7165);
#6210=AXIS2_PLACEMENT_3D('',#8835,#7166,#7167);
#6211=AXIS2_PLACEMENT_3D('',#8844,#7172,#7173);
#6212=AXIS2_PLACEMENT_3D('',#8850,#7177,#7178);
#6213=AXIS2_PLACEMENT_3D('',#8856,#7182,#7183);
#6214=AXIS2_PLACEMENT_3D('',#8859,#7186,#7187);
#6215=AXIS2_PLACEMENT_3D('',#8863,#7189,#7190);
#6216=AXIS2_PLACEMENT_3D('',#8871,#7194,#7195);
#6217=AXIS2_PLACEMENT_3D('',#8873,#7197,#7198);
#6218=AXIS2_PLACEMENT_3D('',#8877,#7201,#7202);
#6219=AXIS2_PLACEMENT_3D('',#8878,#7203,#7204);
#6220=AXIS2_PLACEMENT_3D('',#8887,#7209,#7210);
#6221=AXIS2_PLACEMENT_3D('',#8892,#7214,#7215);
#6222=AXIS2_PLACEMENT_3D('',#8897,#7219,#7220);
#6223=AXIS2_PLACEMENT_3D('',#8899,#7222,#7223);
#6224=AXIS2_PLACEMENT_3D('',#8903,#7226,#7227);
#6225=AXIS2_PLACEMENT_3D('',#8906,#7229,#7230);
#6226=AXIS2_PLACEMENT_3D('',#8909,#7232,#7233);
#6227=AXIS2_PLACEMENT_3D('',#8910,#7234,#7235);
#6228=AXIS2_PLACEMENT_3D('',#8911,#7236,#7237);
#6229=AXIS2_PLACEMENT_3D('',#8913,#7239,#7240);
#6230=AXIS2_PLACEMENT_3D('',#8914,#7241,#7242);
#6231=AXIS2_PLACEMENT_3D('',#8916,#7244,#7245);
#6232=AXIS2_PLACEMENT_3D('',#8917,#7246,#7247);
#6233=AXIS2_PLACEMENT_3D('',#8926,#7252,#7253);
#6234=AXIS2_PLACEMENT_3D('',#8932,#7257,#7258);
#6235=AXIS2_PLACEMENT_3D('',#8938,#7262,#7263);
#6236=AXIS2_PLACEMENT_3D('',#8941,#7266,#7267);
#6237=AXIS2_PLACEMENT_3D('',#8945,#7269,#7270);
#6238=AXIS2_PLACEMENT_3D('',#8953,#7274,#7275);
#6239=AXIS2_PLACEMENT_3D('',#8955,#7277,#7278);
#6240=AXIS2_PLACEMENT_3D('',#8959,#7281,#7282);
#6241=AXIS2_PLACEMENT_3D('',#8960,#7283,#7284);
#6242=AXIS2_PLACEMENT_3D('',#8969,#7289,#7290);
#6243=AXIS2_PLACEMENT_3D('',#8974,#7294,#7295);
#6244=AXIS2_PLACEMENT_3D('',#8979,#7299,#7300);
#6245=AXIS2_PLACEMENT_3D('',#8981,#7302,#7303);
#6246=AXIS2_PLACEMENT_3D('',#8985,#7306,#7307);
#6247=AXIS2_PLACEMENT_3D('',#8988,#7309,#7310);
#6248=AXIS2_PLACEMENT_3D('',#8991,#7312,#7313);
#6249=AXIS2_PLACEMENT_3D('',#8992,#7314,#7315);
#6250=AXIS2_PLACEMENT_3D('',#8993,#7316,#7317);
#6251=AXIS2_PLACEMENT_3D('',#8995,#7319,#7320);
#6252=AXIS2_PLACEMENT_3D('',#8996,#7321,#7322);
#6253=AXIS2_PLACEMENT_3D('',#8998,#7324,#7325);
#6254=AXIS2_PLACEMENT_3D('',#8999,#7326,#7327);
#6255=AXIS2_PLACEMENT_3D('',#9008,#7332,#7333);
#6256=AXIS2_PLACEMENT_3D('',#9014,#7337,#7338);
#6257=AXIS2_PLACEMENT_3D('',#9020,#7342,#7343);
#6258=AXIS2_PLACEMENT_3D('',#9023,#7346,#7347);
#6259=AXIS2_PLACEMENT_3D('',#9027,#7349,#7350);
#6260=AXIS2_PLACEMENT_3D('',#9035,#7354,#7355);
#6261=AXIS2_PLACEMENT_3D('',#9037,#7357,#7358);
#6262=AXIS2_PLACEMENT_3D('',#9041,#7361,#7362);
#6263=AXIS2_PLACEMENT_3D('',#9042,#7363,#7364);
#6264=AXIS2_PLACEMENT_3D('',#9051,#7369,#7370);
#6265=AXIS2_PLACEMENT_3D('',#9056,#7374,#7375);
#6266=AXIS2_PLACEMENT_3D('',#9061,#7379,#7380);
#6267=AXIS2_PLACEMENT_3D('',#9063,#7382,#7383);
#6268=AXIS2_PLACEMENT_3D('',#9067,#7386,#7387);
#6269=AXIS2_PLACEMENT_3D('',#9070,#7389,#7390);
#6270=AXIS2_PLACEMENT_3D('',#9073,#7392,#7393);
#6271=AXIS2_PLACEMENT_3D('',#9074,#7394,#7395);
#6272=AXIS2_PLACEMENT_3D('',#9075,#7396,#7397);
#6273=AXIS2_PLACEMENT_3D('',#9077,#7399,#7400);
#6274=AXIS2_PLACEMENT_3D('',#9078,#7401,#7402);
#6275=AXIS2_PLACEMENT_3D('',#9080,#7404,#7405);
#6276=AXIS2_PLACEMENT_3D('',#9081,#7406,#7407);
#6277=AXIS2_PLACEMENT_3D('',#9090,#7412,#7413);
#6278=AXIS2_PLACEMENT_3D('',#9096,#7417,#7418);
#6279=AXIS2_PLACEMENT_3D('',#9102,#7422,#7423);
#6280=AXIS2_PLACEMENT_3D('',#9105,#7426,#7427);
#6281=AXIS2_PLACEMENT_3D('',#9109,#7429,#7430);
#6282=AXIS2_PLACEMENT_3D('',#9117,#7434,#7435);
#6283=AXIS2_PLACEMENT_3D('',#9119,#7437,#7438);
#6284=AXIS2_PLACEMENT_3D('',#9123,#7441,#7442);
#6285=AXIS2_PLACEMENT_3D('',#9124,#7443,#7444);
#6286=AXIS2_PLACEMENT_3D('',#9133,#7449,#7450);
#6287=AXIS2_PLACEMENT_3D('',#9138,#7454,#7455);
#6288=AXIS2_PLACEMENT_3D('',#9143,#7459,#7460);
#6289=AXIS2_PLACEMENT_3D('',#9145,#7462,#7463);
#6290=AXIS2_PLACEMENT_3D('',#9149,#7466,#7467);
#6291=AXIS2_PLACEMENT_3D('',#9152,#7469,#7470);
#6292=AXIS2_PLACEMENT_3D('',#9155,#7472,#7473);
#6293=AXIS2_PLACEMENT_3D('',#9156,#7474,#7475);
#6294=AXIS2_PLACEMENT_3D('',#9157,#7476,#7477);
#6295=AXIS2_PLACEMENT_3D('',#9159,#7479,#7480);
#6296=AXIS2_PLACEMENT_3D('',#9160,#7481,#7482);
#6297=AXIS2_PLACEMENT_3D('',#9162,#7484,#7485);
#6298=AXIS2_PLACEMENT_3D('',#9163,#7486,#7487);
#6299=AXIS2_PLACEMENT_3D('',#9172,#7492,#7493);
#6300=AXIS2_PLACEMENT_3D('',#9178,#7497,#7498);
#6301=AXIS2_PLACEMENT_3D('',#9184,#7502,#7503);
#6302=AXIS2_PLACEMENT_3D('',#9187,#7506,#7507);
#6303=AXIS2_PLACEMENT_3D('',#9191,#7509,#7510);
#6304=AXIS2_PLACEMENT_3D('',#9199,#7514,#7515);
#6305=AXIS2_PLACEMENT_3D('',#9201,#7517,#7518);
#6306=AXIS2_PLACEMENT_3D('',#9205,#7521,#7522);
#6307=AXIS2_PLACEMENT_3D('',#9206,#7523,#7524);
#6308=AXIS2_PLACEMENT_3D('',#9215,#7529,#7530);
#6309=AXIS2_PLACEMENT_3D('',#9220,#7534,#7535);
#6310=AXIS2_PLACEMENT_3D('',#9225,#7539,#7540);
#6311=AXIS2_PLACEMENT_3D('',#9227,#7542,#7543);
#6312=AXIS2_PLACEMENT_3D('',#9231,#7546,#7547);
#6313=AXIS2_PLACEMENT_3D('',#9234,#7549,#7550);
#6314=AXIS2_PLACEMENT_3D('',#9237,#7552,#7553);
#6315=AXIS2_PLACEMENT_3D('',#9238,#7554,#7555);
#6316=AXIS2_PLACEMENT_3D('',#9239,#7556,#7557);
#6317=AXIS2_PLACEMENT_3D('',#9241,#7559,#7560);
#6318=AXIS2_PLACEMENT_3D('',#9242,#7561,#7562);
#6319=AXIS2_PLACEMENT_3D('',#9244,#7564,#7565);
#6320=AXIS2_PLACEMENT_3D('',#9245,#7566,#7567);
#6321=AXIS2_PLACEMENT_3D('',#9254,#7572,#7573);
#6322=AXIS2_PLACEMENT_3D('',#9260,#7577,#7578);
#6323=AXIS2_PLACEMENT_3D('',#9266,#7582,#7583);
#6324=AXIS2_PLACEMENT_3D('',#9269,#7586,#7587);
#6325=AXIS2_PLACEMENT_3D('',#9273,#7589,#7590);
#6326=AXIS2_PLACEMENT_3D('',#9281,#7594,#7595);
#6327=AXIS2_PLACEMENT_3D('',#9283,#7597,#7598);
#6328=AXIS2_PLACEMENT_3D('',#9287,#7601,#7602);
#6329=AXIS2_PLACEMENT_3D('',#9288,#7603,#7604);
#6330=AXIS2_PLACEMENT_3D('',#9297,#7609,#7610);
#6331=AXIS2_PLACEMENT_3D('',#9302,#7614,#7615);
#6332=AXIS2_PLACEMENT_3D('',#9307,#7619,#7620);
#6333=AXIS2_PLACEMENT_3D('',#9309,#7622,#7623);
#6334=AXIS2_PLACEMENT_3D('',#9313,#7626,#7627);
#6335=AXIS2_PLACEMENT_3D('',#9316,#7629,#7630);
#6336=AXIS2_PLACEMENT_3D('',#9319,#7632,#7633);
#6337=AXIS2_PLACEMENT_3D('',#9320,#7634,#7635);
#6338=AXIS2_PLACEMENT_3D('',#9321,#7636,#7637);
#6339=AXIS2_PLACEMENT_3D('',#9323,#7639,#7640);
#6340=AXIS2_PLACEMENT_3D('',#9324,#7641,#7642);
#6341=AXIS2_PLACEMENT_3D('',#9326,#7644,#7645);
#6342=AXIS2_PLACEMENT_3D('',#9327,#7646,#7647);
#6343=AXIS2_PLACEMENT_3D('',#9336,#7652,#7653);
#6344=AXIS2_PLACEMENT_3D('',#9342,#7657,#7658);
#6345=AXIS2_PLACEMENT_3D('',#9348,#7662,#7663);
#6346=AXIS2_PLACEMENT_3D('',#9351,#7666,#7667);
#6347=AXIS2_PLACEMENT_3D('',#9355,#7669,#7670);
#6348=AXIS2_PLACEMENT_3D('',#9363,#7674,#7675);
#6349=AXIS2_PLACEMENT_3D('',#9365,#7677,#7678);
#6350=AXIS2_PLACEMENT_3D('',#9369,#7681,#7682);
#6351=AXIS2_PLACEMENT_3D('',#9370,#7683,#7684);
#6352=AXIS2_PLACEMENT_3D('',#9379,#7689,#7690);
#6353=AXIS2_PLACEMENT_3D('',#9384,#7694,#7695);
#6354=AXIS2_PLACEMENT_3D('',#9389,#7699,#7700);
#6355=AXIS2_PLACEMENT_3D('',#9391,#7702,#7703);
#6356=AXIS2_PLACEMENT_3D('',#9395,#7706,#7707);
#6357=AXIS2_PLACEMENT_3D('',#9398,#7709,#7710);
#6358=AXIS2_PLACEMENT_3D('',#9401,#7712,#7713);
#6359=AXIS2_PLACEMENT_3D('',#9402,#7714,#7715);
#6360=AXIS2_PLACEMENT_3D('',#9403,#7716,#7717);
#6361=AXIS2_PLACEMENT_3D('',#9405,#7719,#7720);
#6362=AXIS2_PLACEMENT_3D('',#9406,#7721,#7722);
#6363=AXIS2_PLACEMENT_3D('',#9408,#7724,#7725);
#6364=AXIS2_PLACEMENT_3D('',#9409,#7726,#7727);
#6365=AXIS2_PLACEMENT_3D('',#9418,#7732,#7733);
#6366=AXIS2_PLACEMENT_3D('',#9424,#7737,#7738);
#6367=AXIS2_PLACEMENT_3D('',#9430,#7742,#7743);
#6368=AXIS2_PLACEMENT_3D('',#9433,#7746,#7747);
#6369=AXIS2_PLACEMENT_3D('',#9437,#7749,#7750);
#6370=AXIS2_PLACEMENT_3D('',#9445,#7754,#7755);
#6371=AXIS2_PLACEMENT_3D('',#9447,#7757,#7758);
#6372=AXIS2_PLACEMENT_3D('',#9451,#7761,#7762);
#6373=AXIS2_PLACEMENT_3D('',#9452,#7763,#7764);
#6374=AXIS2_PLACEMENT_3D('',#9461,#7769,#7770);
#6375=AXIS2_PLACEMENT_3D('',#9466,#7774,#7775);
#6376=AXIS2_PLACEMENT_3D('',#9471,#7779,#7780);
#6377=AXIS2_PLACEMENT_3D('',#9473,#7782,#7783);
#6378=AXIS2_PLACEMENT_3D('',#9477,#7786,#7787);
#6379=AXIS2_PLACEMENT_3D('',#9480,#7789,#7790);
#6380=AXIS2_PLACEMENT_3D('',#9483,#7792,#7793);
#6381=AXIS2_PLACEMENT_3D('',#9484,#7794,#7795);
#6382=AXIS2_PLACEMENT_3D('',#9485,#7796,#7797);
#6383=AXIS2_PLACEMENT_3D('',#9487,#7799,#7800);
#6384=AXIS2_PLACEMENT_3D('',#9488,#7801,#7802);
#6385=AXIS2_PLACEMENT_3D('',#9490,#7804,#7805);
#6386=AXIS2_PLACEMENT_3D('',#9491,#7806,#7807);
#6387=AXIS2_PLACEMENT_3D('',#9500,#7812,#7813);
#6388=AXIS2_PLACEMENT_3D('',#9506,#7817,#7818);
#6389=AXIS2_PLACEMENT_3D('',#9512,#7822,#7823);
#6390=AXIS2_PLACEMENT_3D('',#9515,#7826,#7827);
#6391=AXIS2_PLACEMENT_3D('',#9519,#7829,#7830);
#6392=AXIS2_PLACEMENT_3D('',#9527,#7834,#7835);
#6393=AXIS2_PLACEMENT_3D('',#9529,#7837,#7838);
#6394=AXIS2_PLACEMENT_3D('',#9533,#7841,#7842);
#6395=AXIS2_PLACEMENT_3D('',#9534,#7843,#7844);
#6396=AXIS2_PLACEMENT_3D('',#9543,#7849,#7850);
#6397=AXIS2_PLACEMENT_3D('',#9548,#7854,#7855);
#6398=AXIS2_PLACEMENT_3D('',#9553,#7859,#7860);
#6399=AXIS2_PLACEMENT_3D('',#9555,#7862,#7863);
#6400=AXIS2_PLACEMENT_3D('',#9559,#7866,#7867);
#6401=AXIS2_PLACEMENT_3D('',#9562,#7869,#7870);
#6402=AXIS2_PLACEMENT_3D('',#9565,#7872,#7873);
#6403=AXIS2_PLACEMENT_3D('',#9566,#7874,#7875);
#6404=AXIS2_PLACEMENT_3D('',#9567,#7876,#7877);
#6405=AXIS2_PLACEMENT_3D('',#9569,#7879,#7880);
#6406=AXIS2_PLACEMENT_3D('',#9570,#7881,#7882);
#6407=AXIS2_PLACEMENT_3D('',#9572,#7884,#7885);
#6408=AXIS2_PLACEMENT_3D('',#9573,#7886,#7887);
#6409=AXIS2_PLACEMENT_3D('',#9582,#7892,#7893);
#6410=AXIS2_PLACEMENT_3D('',#9588,#7897,#7898);
#6411=AXIS2_PLACEMENT_3D('',#9594,#7902,#7903);
#6412=AXIS2_PLACEMENT_3D('',#9597,#7906,#7907);
#6413=AXIS2_PLACEMENT_3D('',#9601,#7909,#7910);
#6414=AXIS2_PLACEMENT_3D('',#9609,#7914,#7915);
#6415=AXIS2_PLACEMENT_3D('',#9611,#7917,#7918);
#6416=AXIS2_PLACEMENT_3D('',#9615,#7921,#7922);
#6417=AXIS2_PLACEMENT_3D('',#9616,#7923,#7924);
#6418=AXIS2_PLACEMENT_3D('',#9625,#7929,#7930);
#6419=AXIS2_PLACEMENT_3D('',#9630,#7934,#7935);
#6420=AXIS2_PLACEMENT_3D('',#9635,#7939,#7940);
#6421=AXIS2_PLACEMENT_3D('',#9637,#7942,#7943);
#6422=AXIS2_PLACEMENT_3D('',#9641,#7946,#7947);
#6423=AXIS2_PLACEMENT_3D('',#9644,#7949,#7950);
#6424=AXIS2_PLACEMENT_3D('',#9647,#7952,#7953);
#6425=AXIS2_PLACEMENT_3D('',#9648,#7954,#7955);
#6426=AXIS2_PLACEMENT_3D('',#9649,#7956,#7957);
#6427=AXIS2_PLACEMENT_3D('',#9651,#7959,#7960);
#6428=AXIS2_PLACEMENT_3D('',#9652,#7961,#7962);
#6429=AXIS2_PLACEMENT_3D('',#9654,#7964,#7965);
#6430=DIRECTION('axis',(0.,0.,1.));
#6431=DIRECTION('refdir',(1.,0.,0.));
#6432=DIRECTION('center_axis',(0.,-1.,1.38777878078145E-16));
#6433=DIRECTION('ref_axis',(0.,1.38777878078145E-16,1.));
#6434=DIRECTION('',(0.,-1.38777878078145E-16,-1.));
#6435=DIRECTION('',(-1.,0.,0.));
#6436=DIRECTION('',(0.,1.38777878078145E-16,1.));
#6437=DIRECTION('',(-1.,0.,0.));
#6438=DIRECTION('center_axis',(0.,0.,-1.));
#6439=DIRECTION('ref_axis',(0.,-1.,0.));
#6440=DIRECTION('',(0.,1.,0.));
#6441=DIRECTION('',(0.,-1.,0.));
#6442=DIRECTION('',(-1.,0.,0.));
#6443=DIRECTION('center_axis',(0.,1.,0.));
#6444=DIRECTION('ref_axis',(0.,0.,-1.));
#6445=DIRECTION('',(0.,0.,1.));
#6446=DIRECTION('',(0.,0.,-1.));
#6447=DIRECTION('',(1.,0.,0.));
#6448=DIRECTION('center_axis',(0.,1.,0.));
#6449=DIRECTION('ref_axis',(0.,0.,-1.));
#6450=DIRECTION('',(0.,0.,-1.));
#6451=DIRECTION('',(1.,0.,0.));
#6452=DIRECTION('',(0.,0.,1.));
#6453=DIRECTION('',(-1.,0.,0.));
#6454=DIRECTION('center_axis',(0.,0.,-1.));
#6455=DIRECTION('ref_axis',(0.,-1.,0.));
#6456=DIRECTION('',(0.,-1.,0.));
#6457=DIRECTION('',(0.,1.,0.));
#6458=DIRECTION('',(-1.,0.,0.));
#6459=DIRECTION('center_axis',(0.,-1.,1.38777878078145E-16));
#6460=DIRECTION('ref_axis',(0.,1.38777878078145E-16,1.));
#6461=DIRECTION('',(0.,1.38777878078145E-16,1.));
#6462=DIRECTION('',(0.,-1.38777878078145E-16,-1.));
#6463=DIRECTION('',(-1.,0.,0.));
#6464=DIRECTION('center_axis',(-1.,0.,0.));
#6465=DIRECTION('ref_axis',(0.,0.,1.));
#6466=DIRECTION('',(0.,1.,-9.62964972193618E-33));
#6467=DIRECTION('',(0.,2.77555756156289E-16,-1.));
#6468=DIRECTION('',(0.,-1.,-3.70074341541719E-15));
#6469=DIRECTION('',(0.,-0.447213595499963,-0.894427190999913));
#6470=DIRECTION('',(0.,-1.,-5.32907051820075E-15));
#6471=DIRECTION('',(0.,1.83697019872103E-16,1.));
#6472=DIRECTION('',(0.,1.,-9.62964972193618E-33));
#6473=DIRECTION('center_axis',(0.,9.62964972193618E-33,1.));
#6474=DIRECTION('ref_axis',(0.,-1.,9.62964972193618E-33));
#6475=DIRECTION('',(0.,1.,-9.62964972193618E-33));
#6476=DIRECTION('',(1.,0.,0.));
#6477=DIRECTION('',(-5.34552942018439E-48,1.,-9.62964972193618E-33));
#6478=DIRECTION('',(1.,0.,0.));
#6479=DIRECTION('center_axis',(0.,9.62964972193618E-33,1.));
#6480=DIRECTION('ref_axis',(0.,-1.,9.62964972193618E-33));
#6481=DIRECTION('',(0.,-1.,9.62964972193618E-33));
#6482=DIRECTION('',(1.,0.,0.));
#6483=DIRECTION('',(-5.34552942018439E-48,-1.,9.62964972193618E-33));
#6484=DIRECTION('',(1.,0.,0.));
#6485=DIRECTION('',(0.,-1.,9.62964972193618E-33));
#6486=DIRECTION('center_axis',(1.,0.,0.));
#6487=DIRECTION('ref_axis',(0.,0.,-1.));
#6488=DIRECTION('',(0.,2.77555756156289E-16,-1.));
#6489=DIRECTION('',(0.,-1.,0.));
#6490=DIRECTION('',(0.,0.,-1.));
#6491=DIRECTION('',(0.,-1.,-3.70074341541719E-15));
#6492=DIRECTION('',(0.,0.,1.));
#6493=DIRECTION('',(0.,-1.,9.62964972193618E-33));
#6494=DIRECTION('center_axis',(1.,0.,-5.55111512312578E-16));
#6495=DIRECTION('ref_axis',(5.55111512312578E-16,-1.58603289232165E-16,
1.));
#6496=DIRECTION('',(5.55111512312578E-16,-2.77555756156289E-16,1.));
#6497=DIRECTION('',(0.,-1.,0.));
#6498=DIRECTION('',(-5.55111512312578E-16,2.77555756156289E-16,-1.));
#6499=DIRECTION('center_axis',(0.,0.,-1.));
#6500=DIRECTION('ref_axis',(1.,0.,0.));
#6501=DIRECTION('',(0.,1.,0.));
#6502=DIRECTION('',(1.,0.,0.));
#6503=DIRECTION('',(0.,-1.,0.));
#6504=DIRECTION('',(-1.,0.,0.));
#6505=DIRECTION('',(0.,-1.,0.));
#6506=DIRECTION('',(1.,0.,0.));
#6507=DIRECTION('center_axis',(1.,0.,0.));
#6508=DIRECTION('ref_axis',(0.,-1.58603289232165E-16,1.));
#6509=DIRECTION('',(0.,2.77555756156289E-16,-1.));
#6510=DIRECTION('',(0.,-1.58603289232165E-16,1.));
#6511=DIRECTION('',(0.,-1.,-3.70074341541719E-15));
#6512=DIRECTION('center_axis',(-1.,0.,0.));
#6513=DIRECTION('ref_axis',(0.,1.58603289232165E-16,-1.));
#6514=DIRECTION('',(0.,-1.,-3.70074341541719E-15));
#6515=DIRECTION('',(0.,2.77555756156289E-16,-1.));
#6516=DIRECTION('',(0.,-2.77555756156289E-16,1.));
#6517=DIRECTION('',(0.,1.,2.10269512239613E-16));
#6518=DIRECTION('',(0.,1.58603289232165E-16,-1.));
#6519=DIRECTION('center_axis',(0.,1.,0.));
#6520=DIRECTION('ref_axis',(0.,0.,-1.));
#6521=DIRECTION('',(0.,0.,1.));
#6522=DIRECTION('',(-1.,0.,0.));
#6523=DIRECTION('',(1.,0.,0.));
#6524=DIRECTION('',(-3.46452040250706E-8,0.,0.999999999999999));
#6525=DIRECTION('',(1.,0.,0.));
#6526=DIRECTION('center_axis',(0.,-2.10269512239613E-16,1.));
#6527=DIRECTION('ref_axis',(-1.,0.,0.));
#6528=DIRECTION('',(-1.,0.,0.));
#6529=DIRECTION('',(0.,-1.,-2.10269512239613E-16));
#6530=DIRECTION('',(1.,0.,0.));
#6531=DIRECTION('',(0.,-1.,-2.10269512239613E-16));
#6532=DIRECTION('',(-1.,0.,0.));
#6533=DIRECTION('',(0.,-1.,-2.10269512239613E-16));
#6534=DIRECTION('',(1.,0.,0.));
#6535=DIRECTION('',(0.,1.,2.10269512239613E-16));
#6536=DIRECTION('center_axis',(0.,1.,2.77555756156289E-16));
#6537=DIRECTION('ref_axis',(0.,-2.77555756156289E-16,1.));
#6538=DIRECTION('',(1.,0.,0.));
#6539=DIRECTION('',(-5.55111512312578E-16,-2.77555756156289E-16,1.));
#6540=DIRECTION('',(0.,-2.77555756156289E-16,1.));
#6541=DIRECTION('',(1.,0.,0.));
#6542=DIRECTION('',(0.,-2.77555756156289E-16,1.));
#6543=DIRECTION('',(-1.,0.,0.));
#6544=DIRECTION('',(0.,2.77555756156289E-16,-1.));
#6545=DIRECTION('',(-1.,0.,0.));
#6546=DIRECTION('',(3.46452040250706E-8,2.77555756156289E-16,-0.999999999999999));
#6547=DIRECTION('',(1.,0.,0.));
#6548=DIRECTION('',(-2.12341533661904E-8,-2.77555756156289E-16,1.));
#6549=DIRECTION('',(-1.,0.,0.));
#6550=DIRECTION('',(3.46452040250706E-8,2.77555756156289E-16,-0.999999999999999));
#6551=DIRECTION('',(1.,0.,0.));
#6552=DIRECTION('',(-2.12341533661904E-8,-2.77555756156289E-16,1.));
#6553=DIRECTION('',(-1.,0.,0.));
#6554=DIRECTION('',(3.46452040250706E-8,2.77555756156289E-16,-0.999999999999999));
#6555=DIRECTION('',(1.,0.,0.));
#6556=DIRECTION('',(-2.12341533661904E-8,-2.77555756156289E-16,1.));
#6557=DIRECTION('',(-1.,0.,0.));
#6558=DIRECTION('',(3.46452040250706E-8,2.77555756156289E-16,-0.999999999999999));
#6559=DIRECTION('',(1.,0.,0.));
#6560=DIRECTION('',(-2.12341533661904E-8,-2.77555756156289E-16,1.));
#6561=DIRECTION('',(-1.,0.,0.));
#6562=DIRECTION('',(3.46452040250706E-8,2.77555756156289E-16,-0.999999999999999));
#6563=DIRECTION('',(1.,0.,0.));
#6564=DIRECTION('',(-2.12341533661904E-8,-2.77555756156289E-16,1.));
#6565=DIRECTION('',(-1.,0.,0.));
#6566=DIRECTION('',(3.46452040250706E-8,2.77555756156289E-16,-0.999999999999999));
#6567=DIRECTION('',(1.,0.,0.));
#6568=DIRECTION('',(-2.12341533661904E-8,-2.77555756156289E-16,1.));
#6569=DIRECTION('',(-1.,0.,0.));
#6570=DIRECTION('',(3.46452040250706E-8,2.77555756156289E-16,-0.999999999999999));
#6571=DIRECTION('',(1.,0.,0.));
#6572=DIRECTION('',(-2.12341533661904E-8,-2.77555756156289E-16,1.));
#6573=DIRECTION('',(-1.,0.,0.));
#6574=DIRECTION('',(3.46452040250706E-8,2.77555756156289E-16,-0.999999999999999));
#6575=DIRECTION('',(1.,0.,0.));
#6576=DIRECTION('',(-2.12341533661904E-8,-2.77555756156289E-16,1.));
#6577=DIRECTION('',(-1.,0.,0.));
#6578=DIRECTION('',(3.46452040250706E-8,2.77555756156289E-16,-0.999999999999999));
#6579=DIRECTION('',(1.,0.,0.));
#6580=DIRECTION('',(-2.12341533661904E-8,-2.77555756156289E-16,1.));
#6581=DIRECTION('',(-1.,0.,0.));
#6582=DIRECTION('',(3.46452040250706E-8,2.77555756156289E-16,-0.999999999999999));
#6583=DIRECTION('',(1.,0.,0.));
#6584=DIRECTION('',(-2.12341533661904E-8,-2.77555756156289E-16,1.));
#6585=DIRECTION('',(1.,0.,0.));
#6586=DIRECTION('center_axis',(-1.,0.,0.));
#6587=DIRECTION('ref_axis',(0.,0.,1.));
#6588=DIRECTION('',(0.,1.,-9.62964972193618E-33));
#6589=DIRECTION('',(0.,0.,-1.));
#6590=DIRECTION('',(0.,-1.,-3.70074341541719E-15));
#6591=DIRECTION('',(0.,2.77555756156289E-16,-1.));
#6592=DIRECTION('center_axis',(0.,-0.894427190999913,0.447213595499963));
#6593=DIRECTION('ref_axis',(0.,-0.447213595499963,-0.894427190999913));
#6594=DIRECTION('',(-1.,0.,0.));
#6595=DIRECTION('',(0.,-0.447213595499963,-0.894427190999913));
#6596=DIRECTION('',(1.,0.,0.));
#6597=DIRECTION('center_axis',(0.,2.31296463463574E-16,-1.));
#6598=DIRECTION('ref_axis',(0.,1.,2.31296463463574E-16));
#6599=DIRECTION('',(0.,-1.,-3.70074341541719E-15));
#6600=DIRECTION('',(1.,0.,0.));
#6601=DIRECTION('',(0.,1.,2.31296463463574E-16));
#6602=DIRECTION('',(-1.,0.,0.));
#6603=DIRECTION('center_axis',(0.,-5.32907051820075E-15,1.));
#6604=DIRECTION('ref_axis',(0.,-1.,-5.32907051820075E-15));
#6605=DIRECTION('',(0.,-1.,-5.32907051820075E-15));
#6606=DIRECTION('',(1.,0.,0.));
#6607=DIRECTION('center_axis',(-1.,0.,0.));
#6608=DIRECTION('ref_axis',(0.,0.,1.));
#6609=DIRECTION('',(0.,1.,3.70074341541719E-15));
#6610=DIRECTION('',(0.,1.83697019872103E-16,1.));
#6611=DIRECTION('center_axis',(0.,0.,-1.));
#6612=DIRECTION('ref_axis',(1.,0.,0.));
#6613=DIRECTION('',(-1.,0.,0.));
#6614=DIRECTION('',(0.,-1.,0.));
#6615=DIRECTION('center_axis',(1.,0.,5.55111512312578E-16));
#6616=DIRECTION('ref_axis',(-5.55111512312578E-16,-1.58603289232165E-16,
1.));
#6617=DIRECTION('',(5.55111512312578E-16,2.77555756156289E-16,-1.));
#6618=DIRECTION('center_axis',(-1.,0.,0.));
#6619=DIRECTION('ref_axis',(0.,1.58603289232165E-16,-1.));
#6620=DIRECTION('',(0.,1.,3.70074341541719E-15));
#6621=DIRECTION('',(0.,1.58603289232165E-16,-1.));
#6622=DIRECTION('',(0.,-1.,-2.10269512239613E-16));
#6623=DIRECTION('',(0.,-1.,0.));
#6624=DIRECTION('',(0.,-2.77555756156289E-16,1.));
#6625=DIRECTION('center_axis',(0.,0.,1.));
#6626=DIRECTION('ref_axis',(-1.,0.,0.));
#6627=DIRECTION('',(1.,0.,0.));
#6628=DIRECTION('',(0.,-1.,0.));
#6629=DIRECTION('',(-1.,0.,0.));
#6630=DIRECTION('center_axis',(1.,0.,0.));
#6631=DIRECTION('ref_axis',(0.,-1.58603289232165E-16,1.));
#6632=DIRECTION('',(0.,1.,3.70074341541719E-15));
#6633=DIRECTION('',(0.,-1.58603289232165E-16,1.));
#6634=DIRECTION('center_axis',(0.,-1.,0.));
#6635=DIRECTION('ref_axis',(0.,0.,-1.));
#6636=DIRECTION('',(-1.,0.,0.));
#6637=DIRECTION('',(1.,0.,0.));
#6638=DIRECTION('',(2.12341533661904E-8,0.,-1.));
#6639=DIRECTION('',(1.,0.,0.));
#6640=DIRECTION('center_axis',(0.,-2.10269512239613E-16,1.));
#6641=DIRECTION('ref_axis',(-1.,0.,0.));
#6642=DIRECTION('',(0.,-1.,-2.10269512239613E-16));
#6643=DIRECTION('',(1.,0.,0.));
#6644=DIRECTION('',(0.,-1.,-2.10269512239613E-16));
#6645=DIRECTION('',(-1.,0.,0.));
#6646=DIRECTION('',(0.,-1.,-2.10269512239613E-16));
#6647=DIRECTION('',(1.,0.,0.));
#6648=DIRECTION('',(0.,1.,2.10269512239613E-16));
#6649=DIRECTION('center_axis',(0.,1.,2.77555756156289E-16));
#6650=DIRECTION('ref_axis',(0.,-2.77555756156289E-16,1.));
#6651=DIRECTION('',(-1.,0.,0.));
#6652=DIRECTION('center_axis',(0.,-2.31296463463574E-16,1.));
#6653=DIRECTION('ref_axis',(0.,1.,2.31296463463574E-16));
#6654=DIRECTION('',(0.,1.,3.70074341541719E-15));
#6655=DIRECTION('',(-1.,0.,0.));
#6656=DIRECTION('',(0.,1.,2.31296463463574E-16));
#6657=DIRECTION('',(-1.,0.,0.));
#6658=DIRECTION('center_axis',(0.,0.894427190999913,-0.447213595499963));
#6659=DIRECTION('ref_axis',(0.,-0.447213595499963,-0.894427190999913));
#6660=DIRECTION('',(0.,-0.447213595499963,-0.894427190999913));
#6661=DIRECTION('',(-1.,0.,0.));
#6662=DIRECTION('',(0.,-0.447213595499963,-0.894427190999913));
#6663=DIRECTION('',(-1.,0.,0.));
#6664=DIRECTION('center_axis',(0.,5.32907051820075E-15,-1.));
#6665=DIRECTION('ref_axis',(0.,-1.,-5.32907051820075E-15));
#6666=DIRECTION('',(0.,-1.,-5.32907051820075E-15));
#6667=DIRECTION('',(-1.,0.,0.));
#6668=DIRECTION('',(0.,-1.,-5.32907051820075E-15));
#6669=DIRECTION('center_axis',(-1.,0.,0.));
#6670=DIRECTION('ref_axis',(0.,0.,1.));
#6671=DIRECTION('',(0.,1.83697019872103E-16,1.));
#6672=DIRECTION('',(0.,-1.,-3.70074341541719E-15));
#6673=DIRECTION('center_axis',(0.,3.70074341541719E-15,-1.));
#6674=DIRECTION('ref_axis',(0.,1.,3.70074341541719E-15));
#6675=DIRECTION('',(0.,1.,3.70074341541719E-15));
#6676=DIRECTION('',(-1.,0.,0.));
#6677=DIRECTION('',(-7.4117258180758E-23,1.,3.70074341541719E-15));
#6678=DIRECTION('center_axis',(-0.999999999999999,7.28483015179346E-24,
-3.46452040250706E-8));
#6679=DIRECTION('ref_axis',(3.46452040250706E-8,1.58603289232165E-16,-0.999999999999999));
#6680=DIRECTION('',(-3.46452040250706E-8,0.,0.999999999999999));
#6681=DIRECTION('',(1.20928180519771E-22,-1.,-3.70074341541719E-15));
#6682=DIRECTION('center_axis',(1.,-4.46489507113E-24,2.12341533661904E-8));
#6683=DIRECTION('ref_axis',(-2.12341533661904E-8,-1.58603289232165E-16,
1.));
#6684=DIRECTION('',(2.12341533661904E-8,0.,-1.));
#6685=DIRECTION('center_axis',(0.,3.70074341541719E-15,-1.));
#6686=DIRECTION('ref_axis',(0.,1.,3.70074341541719E-15));
#6687=DIRECTION('',(-1.,0.,0.));
#6688=DIRECTION('',(-7.4117258180758E-23,1.,3.70074341541719E-15));
#6689=DIRECTION('center_axis',(0.,1.,1.11022302462516E-15));
#6690=DIRECTION('ref_axis',(1.,0.,0.));
#6691=DIRECTION('',(0.,1.11022302462516E-15,-1.));
#6692=DIRECTION('',(1.,0.,0.));
#6693=DIRECTION('',(0.,1.11022302462516E-15,-1.));
#6694=DIRECTION('center_axis',(1.,0.,0.));
#6695=DIRECTION('ref_axis',(0.,-1.,-1.11022302462516E-15));
#6696=DIRECTION('',(0.,1.11022302462516E-15,-1.));
#6697=DIRECTION('',(0.,-1.,-3.70074341541719E-15));
#6698=DIRECTION('center_axis',(0.,-1.,-1.11022302462516E-15));
#6699=DIRECTION('ref_axis',(-1.,0.,0.));
#6700=DIRECTION('',(0.,1.11022302462516E-15,-1.));
#6701=DIRECTION('',(-1.,0.,0.));
#6702=DIRECTION('center_axis',(-1.,0.,0.));
#6703=DIRECTION('ref_axis',(0.,1.,1.11022302462516E-15));
#6704=DIRECTION('',(0.,1.,3.70074341541719E-15));
#6705=DIRECTION('center_axis',(-0.999999999999999,7.28483015179346E-24,
-3.46452040250706E-8));
#6706=DIRECTION('ref_axis',(3.46452040250706E-8,1.58603289232165E-16,-0.999999999999999));
#6707=DIRECTION('',(-3.46452040250706E-8,0.,0.999999999999999));
#6708=DIRECTION('',(1.20928180519771E-22,-1.,-3.70074341541719E-15));
#6709=DIRECTION('',(0.,-1.,-2.10269512239613E-16));
#6710=DIRECTION('center_axis',(0.,-2.10269512239613E-16,1.));
#6711=DIRECTION('ref_axis',(-1.,0.,0.));
#6712=DIRECTION('',(1.,0.,0.));
#6713=DIRECTION('',(0.,-1.,-2.10269512239613E-16));
#6714=DIRECTION('',(-1.,0.,0.));
#6715=DIRECTION('',(0.,-1.,-2.10269512239613E-16));
#6716=DIRECTION('',(1.,0.,0.));
#6717=DIRECTION('',(0.,1.,2.10269512239613E-16));
#6718=DIRECTION('center_axis',(1.,-4.46489507113E-24,2.12341533661904E-8));
#6719=DIRECTION('ref_axis',(-2.12341533661904E-8,-1.58603289232165E-16,
1.));
#6720=DIRECTION('',(2.12341533661904E-8,0.,-1.));
#6721=DIRECTION('center_axis',(0.,3.70074341541719E-15,-1.));
#6722=DIRECTION('ref_axis',(0.,1.,3.70074341541719E-15));
#6723=DIRECTION('',(-1.,0.,0.));
#6724=DIRECTION('',(-7.4117258180758E-23,1.,3.70074341541719E-15));
#6725=DIRECTION('center_axis',(0.,1.,1.11022302462516E-15));
#6726=DIRECTION('ref_axis',(1.,0.,0.));
#6727=DIRECTION('',(0.,1.11022302462516E-15,-1.));
#6728=DIRECTION('',(1.,0.,0.));
#6729=DIRECTION('',(0.,1.11022302462516E-15,-1.));
#6730=DIRECTION('center_axis',(1.,0.,0.));
#6731=DIRECTION('ref_axis',(0.,-1.,-1.11022302462516E-15));
#6732=DIRECTION('',(0.,1.11022302462516E-15,-1.));
#6733=DIRECTION('',(0.,-1.,-3.70074341541719E-15));
#6734=DIRECTION('center_axis',(0.,-1.,-1.11022302462516E-15));
#6735=DIRECTION('ref_axis',(-1.,0.,0.));
#6736=DIRECTION('',(0.,1.11022302462516E-15,-1.));
#6737=DIRECTION('',(-1.,0.,0.));
#6738=DIRECTION('center_axis',(-1.,0.,0.));
#6739=DIRECTION('ref_axis',(0.,1.,1.11022302462516E-15));
#6740=DIRECTION('',(0.,1.,3.70074341541719E-15));
#6741=DIRECTION('center_axis',(-0.999999999999999,7.28483015179346E-24,
-3.46452040250706E-8));
#6742=DIRECTION('ref_axis',(3.46452040250706E-8,1.58603289232165E-16,-0.999999999999999));
#6743=DIRECTION('',(-3.46452040250706E-8,0.,0.999999999999999));
#6744=DIRECTION('',(1.20928180519771E-22,-1.,-3.70074341541719E-15));
#6745=DIRECTION('',(0.,-1.,-2.10269512239613E-16));
#6746=DIRECTION('center_axis',(0.,-2.10269512239613E-16,1.));
#6747=DIRECTION('ref_axis',(-1.,0.,0.));
#6748=DIRECTION('',(1.,0.,0.));
#6749=DIRECTION('',(0.,-1.,-2.10269512239613E-16));
#6750=DIRECTION('',(-1.,0.,0.));
#6751=DIRECTION('',(0.,-1.,-2.10269512239613E-16));
#6752=DIRECTION('',(1.,0.,0.));
#6753=DIRECTION('',(0.,1.,2.10269512239613E-16));
#6754=DIRECTION('center_axis',(1.,-4.46489507113E-24,2.12341533661904E-8));
#6755=DIRECTION('ref_axis',(-2.12341533661904E-8,-1.58603289232165E-16,
1.));
#6756=DIRECTION('',(2.12341533661904E-8,0.,-1.));
#6757=DIRECTION('center_axis',(0.,3.70074341541719E-15,-1.));
#6758=DIRECTION('ref_axis',(0.,1.,3.70074341541719E-15));
#6759=DIRECTION('',(-1.,0.,0.));
#6760=DIRECTION('',(-7.4117258180758E-23,1.,3.70074341541719E-15));
#6761=DIRECTION('center_axis',(0.,1.,1.11022302462516E-15));
#6762=DIRECTION('ref_axis',(1.,0.,0.));
#6763=DIRECTION('',(0.,1.11022302462516E-15,-1.));
#6764=DIRECTION('',(1.,0.,0.));
#6765=DIRECTION('',(0.,1.11022302462516E-15,-1.));
#6766=DIRECTION('center_axis',(1.,0.,0.));
#6767=DIRECTION('ref_axis',(0.,-1.,-1.11022302462516E-15));
#6768=DIRECTION('',(0.,1.11022302462516E-15,-1.));
#6769=DIRECTION('',(0.,-1.,-3.70074341541719E-15));
#6770=DIRECTION('center_axis',(0.,-1.,-1.11022302462516E-15));
#6771=DIRECTION('ref_axis',(-1.,0.,0.));
#6772=DIRECTION('',(0.,1.11022302462516E-15,-1.));
#6773=DIRECTION('',(-1.,0.,0.));
#6774=DIRECTION('center_axis',(-1.,0.,0.));
#6775=DIRECTION('ref_axis',(0.,1.,1.11022302462516E-15));
#6776=DIRECTION('',(0.,1.,3.70074341541719E-15));
#6777=DIRECTION('center_axis',(-0.999999999999999,7.28483015179346E-24,
-3.46452040250706E-8));
#6778=DIRECTION('ref_axis',(3.46452040250706E-8,1.58603289232165E-16,-0.999999999999999));
#6779=DIRECTION('',(-3.46452040250706E-8,0.,0.999999999999999));
#6780=DIRECTION('',(1.20928180519771E-22,-1.,-3.70074341541719E-15));
#6781=DIRECTION('',(0.,-1.,-2.10269512239613E-16));
#6782=DIRECTION('center_axis',(0.,-2.10269512239613E-16,1.));
#6783=DIRECTION('ref_axis',(-1.,0.,0.));
#6784=DIRECTION('',(1.,0.,0.));
#6785=DIRECTION('',(0.,-1.,-2.10269512239613E-16));
#6786=DIRECTION('',(-1.,0.,0.));
#6787=DIRECTION('',(0.,-1.,-2.10269512239613E-16));
#6788=DIRECTION('',(1.,0.,0.));
#6789=DIRECTION('',(0.,1.,2.10269512239613E-16));
#6790=DIRECTION('center_axis',(1.,-4.46489507113E-24,2.12341533661904E-8));
#6791=DIRECTION('ref_axis',(-2.12341533661904E-8,-1.58603289232165E-16,
1.));
#6792=DIRECTION('',(2.12341533661904E-8,0.,-1.));
#6793=DIRECTION('center_axis',(0.,3.70074341541719E-15,-1.));
#6794=DIRECTION('ref_axis',(0.,1.,3.70074341541719E-15));
#6795=DIRECTION('',(-1.,0.,0.));
#6796=DIRECTION('',(-7.4117258180758E-23,1.,3.70074341541719E-15));
#6797=DIRECTION('center_axis',(0.,1.,1.11022302462516E-15));
#6798=DIRECTION('ref_axis',(1.,0.,0.));
#6799=DIRECTION('',(0.,1.11022302462516E-15,-1.));
#6800=DIRECTION('',(1.,0.,0.));
#6801=DIRECTION('',(0.,1.11022302462516E-15,-1.));
#6802=DIRECTION('center_axis',(1.,0.,0.));
#6803=DIRECTION('ref_axis',(0.,-1.,-1.11022302462516E-15));
#6804=DIRECTION('',(0.,1.11022302462516E-15,-1.));
#6805=DIRECTION('',(0.,-1.,-3.70074341541719E-15));
#6806=DIRECTION('center_axis',(0.,-1.,-1.11022302462516E-15));
#6807=DIRECTION('ref_axis',(-1.,0.,0.));
#6808=DIRECTION('',(0.,1.11022302462516E-15,-1.));
#6809=DIRECTION('',(-1.,0.,0.));
#6810=DIRECTION('center_axis',(-1.,0.,0.));
#6811=DIRECTION('ref_axis',(0.,1.,1.11022302462516E-15));
#6812=DIRECTION('',(0.,1.,3.70074341541719E-15));
#6813=DIRECTION('center_axis',(-0.999999999999999,7.28483015179346E-24,
-3.46452040250706E-8));
#6814=DIRECTION('ref_axis',(3.46452040250706E-8,1.58603289232165E-16,-0.999999999999999));
#6815=DIRECTION('',(-3.46452040250706E-8,0.,0.999999999999999));
#6816=DIRECTION('',(1.20928180519771E-22,-1.,-3.70074341541719E-15));
#6817=DIRECTION('',(0.,-1.,-2.10269512239613E-16));
#6818=DIRECTION('center_axis',(0.,-2.10269512239613E-16,1.));
#6819=DIRECTION('ref_axis',(-1.,0.,0.));
#6820=DIRECTION('',(1.,0.,0.));
#6821=DIRECTION('',(0.,-1.,-2.10269512239613E-16));
#6822=DIRECTION('',(-1.,0.,0.));
#6823=DIRECTION('',(0.,-1.,-2.10269512239613E-16));
#6824=DIRECTION('',(1.,0.,0.));
#6825=DIRECTION('',(0.,1.,2.10269512239613E-16));
#6826=DIRECTION('center_axis',(1.,-4.46489507113E-24,2.12341533661904E-8));
#6827=DIRECTION('ref_axis',(-2.12341533661904E-8,-1.58603289232165E-16,
1.));
#6828=DIRECTION('',(2.12341533661904E-8,0.,-1.));
#6829=DIRECTION('center_axis',(0.,3.70074341541719E-15,-1.));
#6830=DIRECTION('ref_axis',(0.,1.,3.70074341541719E-15));
#6831=DIRECTION('',(-1.,0.,0.));
#6832=DIRECTION('',(-7.4117258180758E-23,1.,3.70074341541719E-15));
#6833=DIRECTION('center_axis',(0.,1.,1.11022302462516E-15));
#6834=DIRECTION('ref_axis',(1.,0.,0.));
#6835=DIRECTION('',(0.,1.11022302462516E-15,-1.));
#6836=DIRECTION('',(1.,0.,0.));
#6837=DIRECTION('',(0.,1.11022302462516E-15,-1.));
#6838=DIRECTION('center_axis',(1.,0.,0.));
#6839=DIRECTION('ref_axis',(0.,-1.,-1.11022302462516E-15));
#6840=DIRECTION('',(0.,1.11022302462516E-15,-1.));
#6841=DIRECTION('',(0.,-1.,-3.70074341541719E-15));
#6842=DIRECTION('center_axis',(0.,-1.,-1.11022302462516E-15));
#6843=DIRECTION('ref_axis',(-1.,0.,0.));
#6844=DIRECTION('',(0.,1.11022302462516E-15,-1.));
#6845=DIRECTION('',(-1.,0.,0.));
#6846=DIRECTION('center_axis',(-1.,0.,0.));
#6847=DIRECTION('ref_axis',(0.,1.,1.11022302462516E-15));
#6848=DIRECTION('',(0.,1.,3.70074341541719E-15));
#6849=DIRECTION('center_axis',(-0.999999999999999,7.28483015179346E-24,
-3.46452040250706E-8));
#6850=DIRECTION('ref_axis',(3.46452040250706E-8,1.58603289232165E-16,-0.999999999999999));
#6851=DIRECTION('',(-3.46452040250706E-8,0.,0.999999999999999));
#6852=DIRECTION('',(1.20928180519771E-22,-1.,-3.70074341541719E-15));
#6853=DIRECTION('',(0.,-1.,-2.10269512239613E-16));
#6854=DIRECTION('center_axis',(0.,-2.10269512239613E-16,1.));
#6855=DIRECTION('ref_axis',(-1.,0.,0.));
#6856=DIRECTION('',(1.,0.,0.));
#6857=DIRECTION('',(0.,-1.,-2.10269512239613E-16));
#6858=DIRECTION('',(-1.,0.,0.));
#6859=DIRECTION('',(0.,-1.,-2.10269512239613E-16));
#6860=DIRECTION('',(1.,0.,0.));
#6861=DIRECTION('',(0.,1.,2.10269512239613E-16));
#6862=DIRECTION('center_axis',(1.,-4.46489507113E-24,2.12341533661904E-8));
#6863=DIRECTION('ref_axis',(-2.12341533661904E-8,-1.58603289232165E-16,
1.));
#6864=DIRECTION('',(2.12341533661904E-8,0.,-1.));
#6865=DIRECTION('center_axis',(0.,3.70074341541719E-15,-1.));
#6866=DIRECTION('ref_axis',(0.,1.,3.70074341541719E-15));
#6867=DIRECTION('',(-1.,0.,0.));
#6868=DIRECTION('',(-7.4117258180758E-23,1.,3.70074341541719E-15));
#6869=DIRECTION('center_axis',(0.,1.,1.11022302462516E-15));
#6870=DIRECTION('ref_axis',(1.,0.,0.));
#6871=DIRECTION('',(0.,1.11022302462516E-15,-1.));
#6872=DIRECTION('',(1.,0.,0.));
#6873=DIRECTION('',(0.,1.11022302462516E-15,-1.));
#6874=DIRECTION('center_axis',(1.,0.,0.));
#6875=DIRECTION('ref_axis',(0.,-1.,-1.11022302462516E-15));
#6876=DIRECTION('',(0.,1.11022302462516E-15,-1.));
#6877=DIRECTION('',(0.,-1.,-3.70074341541719E-15));
#6878=DIRECTION('center_axis',(0.,-1.,-1.11022302462516E-15));
#6879=DIRECTION('ref_axis',(-1.,0.,0.));
#6880=DIRECTION('',(0.,1.11022302462516E-15,-1.));
#6881=DIRECTION('',(-1.,0.,0.));
#6882=DIRECTION('center_axis',(-1.,0.,0.));
#6883=DIRECTION('ref_axis',(0.,1.,1.11022302462516E-15));
#6884=DIRECTION('',(0.,1.,3.70074341541719E-15));
#6885=DIRECTION('center_axis',(-0.999999999999999,7.28483015179346E-24,
-3.46452040250706E-8));
#6886=DIRECTION('ref_axis',(3.46452040250706E-8,1.58603289232165E-16,-0.999999999999999));
#6887=DIRECTION('',(-3.46452040250706E-8,0.,0.999999999999999));
#6888=DIRECTION('',(1.20928180519771E-22,-1.,-3.70074341541719E-15));
#6889=DIRECTION('',(0.,-1.,-2.10269512239613E-16));
#6890=DIRECTION('center_axis',(0.,-2.10269512239613E-16,1.));
#6891=DIRECTION('ref_axis',(-1.,0.,0.));
#6892=DIRECTION('',(1.,0.,0.));
#6893=DIRECTION('',(0.,-1.,-2.10269512239613E-16));
#6894=DIRECTION('',(-1.,0.,0.));
#6895=DIRECTION('',(0.,-1.,-2.10269512239613E-16));
#6896=DIRECTION('',(1.,0.,0.));
#6897=DIRECTION('',(0.,1.,2.10269512239613E-16));
#6898=DIRECTION('center_axis',(1.,-4.46489507113E-24,2.12341533661904E-8));
#6899=DIRECTION('ref_axis',(-2.12341533661904E-8,-1.58603289232165E-16,
1.));
#6900=DIRECTION('',(2.12341533661904E-8,0.,-1.));
#6901=DIRECTION('center_axis',(0.,3.70074341541719E-15,-1.));
#6902=DIRECTION('ref_axis',(0.,1.,3.70074341541719E-15));
#6903=DIRECTION('',(-1.,0.,0.));
#6904=DIRECTION('',(-7.4117258180758E-23,1.,3.70074341541719E-15));
#6905=DIRECTION('center_axis',(0.,1.,1.11022302462516E-15));
#6906=DIRECTION('ref_axis',(1.,0.,0.));
#6907=DIRECTION('',(0.,1.11022302462516E-15,-1.));
#6908=DIRECTION('',(1.,0.,0.));
#6909=DIRECTION('',(0.,1.11022302462516E-15,-1.));
#6910=DIRECTION('center_axis',(1.,0.,0.));
#6911=DIRECTION('ref_axis',(0.,-1.,-1.11022302462516E-15));
#6912=DIRECTION('',(0.,1.11022302462516E-15,-1.));
#6913=DIRECTION('',(0.,-1.,-3.70074341541719E-15));
#6914=DIRECTION('center_axis',(0.,-1.,-1.11022302462516E-15));
#6915=DIRECTION('ref_axis',(-1.,0.,0.));
#6916=DIRECTION('',(0.,1.11022302462516E-15,-1.));
#6917=DIRECTION('',(-1.,0.,0.));
#6918=DIRECTION('center_axis',(-1.,0.,0.));
#6919=DIRECTION('ref_axis',(0.,1.,1.11022302462516E-15));
#6920=DIRECTION('',(0.,1.,3.70074341541719E-15));
#6921=DIRECTION('center_axis',(-0.999999999999999,7.28483015179346E-24,
-3.46452040250706E-8));
#6922=DIRECTION('ref_axis',(3.46452040250706E-8,1.58603289232165E-16,-0.999999999999999));
#6923=DIRECTION('',(-3.46452040250706E-8,0.,0.999999999999999));
#6924=DIRECTION('',(1.20928180519771E-22,-1.,-3.70074341541719E-15));
#6925=DIRECTION('',(0.,-1.,-2.10269512239613E-16));
#6926=DIRECTION('center_axis',(0.,-2.10269512239613E-16,1.));
#6927=DIRECTION('ref_axis',(-1.,0.,0.));
#6928=DIRECTION('',(1.,0.,0.));
#6929=DIRECTION('',(0.,-1.,-2.10269512239613E-16));
#6930=DIRECTION('',(-1.,0.,0.));
#6931=DIRECTION('',(0.,-1.,-2.10269512239613E-16));
#6932=DIRECTION('',(1.,0.,0.));
#6933=DIRECTION('',(0.,1.,2.10269512239613E-16));
#6934=DIRECTION('center_axis',(1.,-4.46489507113E-24,2.12341533661904E-8));
#6935=DIRECTION('ref_axis',(-2.12341533661904E-8,-1.58603289232165E-16,
1.));
#6936=DIRECTION('',(2.12341533661904E-8,0.,-1.));
#6937=DIRECTION('center_axis',(0.,3.70074341541719E-15,-1.));
#6938=DIRECTION('ref_axis',(0.,1.,3.70074341541719E-15));
#6939=DIRECTION('',(-1.,0.,0.));
#6940=DIRECTION('',(-7.4117258180758E-23,1.,3.70074341541719E-15));
#6941=DIRECTION('center_axis',(0.,1.,1.11022302462516E-15));
#6942=DIRECTION('ref_axis',(1.,0.,0.));
#6943=DIRECTION('',(0.,1.11022302462516E-15,-1.));
#6944=DIRECTION('',(1.,0.,0.));
#6945=DIRECTION('',(0.,1.11022302462516E-15,-1.));
#6946=DIRECTION('center_axis',(1.,0.,0.));
#6947=DIRECTION('ref_axis',(0.,-1.,-1.11022302462516E-15));
#6948=DIRECTION('',(0.,1.11022302462516E-15,-1.));
#6949=DIRECTION('',(0.,-1.,-3.70074341541719E-15));
#6950=DIRECTION('center_axis',(0.,-1.,-1.11022302462516E-15));
#6951=DIRECTION('ref_axis',(-1.,0.,0.));
#6952=DIRECTION('',(0.,1.11022302462516E-15,-1.));
#6953=DIRECTION('',(-1.,0.,0.));
#6954=DIRECTION('center_axis',(-1.,0.,0.));
#6955=DIRECTION('ref_axis',(0.,1.,1.11022302462516E-15));
#6956=DIRECTION('',(0.,1.,3.70074341541719E-15));
#6957=DIRECTION('center_axis',(-0.999999999999999,7.28483015179346E-24,
-3.46452040250706E-8));
#6958=DIRECTION('ref_axis',(3.46452040250706E-8,1.58603289232165E-16,-0.999999999999999));
#6959=DIRECTION('',(-3.46452040250706E-8,0.,0.999999999999999));
#6960=DIRECTION('',(1.20928180519771E-22,-1.,-3.70074341541719E-15));
#6961=DIRECTION('',(0.,-1.,-2.10269512239613E-16));
#6962=DIRECTION('center_axis',(0.,-2.10269512239613E-16,1.));
#6963=DIRECTION('ref_axis',(-1.,0.,0.));
#6964=DIRECTION('',(1.,0.,0.));
#6965=DIRECTION('',(0.,-1.,-2.10269512239613E-16));
#6966=DIRECTION('',(-1.,0.,0.));
#6967=DIRECTION('',(0.,-1.,-2.10269512239613E-16));
#6968=DIRECTION('',(1.,0.,0.));
#6969=DIRECTION('',(0.,1.,2.10269512239613E-16));
#6970=DIRECTION('center_axis',(1.,-4.46489507113E-24,2.12341533661904E-8));
#6971=DIRECTION('ref_axis',(-2.12341533661904E-8,-1.58603289232165E-16,
1.));
#6972=DIRECTION('',(2.12341533661904E-8,0.,-1.));
#6973=DIRECTION('center_axis',(0.,3.70074341541719E-15,-1.));
#6974=DIRECTION('ref_axis',(0.,1.,3.70074341541719E-15));
#6975=DIRECTION('',(-1.,0.,0.));
#6976=DIRECTION('',(-7.4117258180758E-23,1.,3.70074341541719E-15));
#6977=DIRECTION('center_axis',(0.,1.,1.11022302462516E-15));
#6978=DIRECTION('ref_axis',(1.,0.,0.));
#6979=DIRECTION('',(0.,1.11022302462516E-15,-1.));
#6980=DIRECTION('',(1.,0.,0.));
#6981=DIRECTION('',(0.,1.11022302462516E-15,-1.));
#6982=DIRECTION('center_axis',(1.,0.,0.));
#6983=DIRECTION('ref_axis',(0.,-1.,-1.11022302462516E-15));
#6984=DIRECTION('',(0.,1.11022302462516E-15,-1.));
#6985=DIRECTION('',(0.,-1.,-3.70074341541719E-15));
#6986=DIRECTION('center_axis',(0.,-1.,-1.11022302462516E-15));
#6987=DIRECTION('ref_axis',(-1.,0.,0.));
#6988=DIRECTION('',(0.,1.11022302462516E-15,-1.));
#6989=DIRECTION('',(-1.,0.,0.));
#6990=DIRECTION('center_axis',(-1.,0.,0.));
#6991=DIRECTION('ref_axis',(0.,1.,1.11022302462516E-15));
#6992=DIRECTION('',(0.,1.,3.70074341541719E-15));
#6993=DIRECTION('center_axis',(-0.999999999999999,7.28483015179346E-24,
-3.46452040250706E-8));
#6994=DIRECTION('ref_axis',(3.46452040250706E-8,1.58603289232165E-16,-0.999999999999999));
#6995=DIRECTION('',(-3.46452040250706E-8,0.,0.999999999999999));
#6996=DIRECTION('',(1.20928180519771E-22,-1.,-3.70074341541719E-15));
#6997=DIRECTION('',(0.,-1.,-2.10269512239613E-16));
#6998=DIRECTION('center_axis',(0.,-2.10269512239613E-16,1.));
#6999=DIRECTION('ref_axis',(-1.,0.,0.));
#7000=DIRECTION('',(1.,0.,0.));
#7001=DIRECTION('',(0.,-1.,-2.10269512239613E-16));
#7002=DIRECTION('',(-1.,0.,0.));
#7003=DIRECTION('',(0.,-1.,-2.10269512239613E-16));
#7004=DIRECTION('',(1.,0.,0.));
#7005=DIRECTION('',(0.,1.,2.10269512239613E-16));
#7006=DIRECTION('center_axis',(1.,-4.46489507113E-24,2.12341533661904E-8));
#7007=DIRECTION('ref_axis',(-2.12341533661904E-8,-1.58603289232165E-16,
1.));
#7008=DIRECTION('',(2.12341533661904E-8,0.,-1.));
#7009=DIRECTION('center_axis',(0.,3.70074341541719E-15,-1.));
#7010=DIRECTION('ref_axis',(0.,1.,3.70074341541719E-15));
#7011=DIRECTION('',(-1.,0.,0.));
#7012=DIRECTION('',(-7.4117258180758E-23,1.,3.70074341541719E-15));
#7013=DIRECTION('center_axis',(0.,1.,1.11022302462516E-15));
#7014=DIRECTION('ref_axis',(1.,0.,0.));
#7015=DIRECTION('',(0.,1.11022302462516E-15,-1.));
#7016=DIRECTION('',(1.,0.,0.));
#7017=DIRECTION('',(0.,1.11022302462516E-15,-1.));
#7018=DIRECTION('center_axis',(1.,0.,0.));
#7019=DIRECTION('ref_axis',(0.,-1.,-1.11022302462516E-15));
#7020=DIRECTION('',(0.,1.11022302462516E-15,-1.));
#7021=DIRECTION('',(0.,-1.,-3.70074341541719E-15));
#7022=DIRECTION('center_axis',(0.,-1.,-1.11022302462516E-15));
#7023=DIRECTION('ref_axis',(-1.,0.,0.));
#7024=DIRECTION('',(0.,1.11022302462516E-15,-1.));
#7025=DIRECTION('',(-1.,0.,0.));
#7026=DIRECTION('center_axis',(-1.,0.,0.));
#7027=DIRECTION('ref_axis',(0.,1.,1.11022302462516E-15));
#7028=DIRECTION('',(0.,1.,3.70074341541719E-15));
#7029=DIRECTION('center_axis',(1.,-4.46489507113E-24,2.12341533661904E-8));
#7030=DIRECTION('ref_axis',(-2.12341533661904E-8,-1.58603289232165E-16,
1.));
#7031=DIRECTION('',(2.12341533661904E-8,0.,-1.));
#7032=DIRECTION('center_axis',(-0.999999999999999,7.28483015179346E-24,
-3.46452040250706E-8));
#7033=DIRECTION('ref_axis',(3.46452040250706E-8,1.58603289232165E-16,-0.999999999999999));
#7034=DIRECTION('',(-3.46452040250706E-8,0.,0.999999999999999));
#7035=DIRECTION('',(1.20928180519771E-22,-1.,-3.70074341541719E-15));
#7036=DIRECTION('center_axis',(0.,1.,0.));
#7037=DIRECTION('ref_axis',(1.,0.,0.));
#7038=DIRECTION('',(0.,0.,-1.));
#7039=DIRECTION('',(1.,0.,0.));
#7040=DIRECTION('',(0.,0.,-1.));
#7041=DIRECTION('',(-1.,0.,0.));
#7042=DIRECTION('center_axis',(0.,1.,1.11022302462516E-15));
#7043=DIRECTION('ref_axis',(1.,0.,0.));
#7044=DIRECTION('',(0.,1.11022302462516E-15,-1.));
#7045=DIRECTION('',(1.,0.,0.));
#7046=DIRECTION('',(0.,1.11022302462516E-15,-1.));
#7047=DIRECTION('center_axis',(1.,0.,0.));
#7048=DIRECTION('ref_axis',(0.,-1.,-1.11022302462516E-15));
#7049=DIRECTION('',(0.,1.11022302462516E-15,-1.));
#7050=DIRECTION('',(0.,-1.,-3.70074341541719E-15));
#7051=DIRECTION('center_axis',(0.,-1.,-1.11022302462516E-15));
#7052=DIRECTION('ref_axis',(-1.,0.,0.));
#7053=DIRECTION('',(0.,1.11022302462516E-15,-1.));
#7054=DIRECTION('',(-1.,0.,0.));
#7055=DIRECTION('center_axis',(-1.,0.,0.));
#7056=DIRECTION('ref_axis',(0.,1.,1.11022302462516E-15));
#7057=DIRECTION('',(0.,1.,3.70074341541719E-15));
#7058=DIRECTION('center_axis',(0.,1.,0.));
#7059=DIRECTION('ref_axis',(1.,0.,0.));
#7060=DIRECTION('',(-1.,0.,0.));
#7061=DIRECTION('',(-1.,0.,0.));
#7062=DIRECTION('center_axis',(0.,3.70074341541719E-15,-1.));
#7063=DIRECTION('ref_axis',(0.,1.,3.70074341541719E-15));
#7064=DIRECTION('center_axis',(-1.,0.,0.));
#7065=DIRECTION('ref_axis',(0.,1.,0.));
#7066=DIRECTION('',(0.,1.,-9.62964972193618E-33));
#7067=DIRECTION('',(0.,1.83697019872103E-16,1.));
#7068=DIRECTION('center_axis',(1.,0.,0.));
#7069=DIRECTION('ref_axis',(0.,-1.,0.));
#7070=DIRECTION('',(0.,-1.83697019872103E-16,-1.));
#7071=DIRECTION('',(0.,-1.,9.62964972193618E-33));
#7072=DIRECTION('center_axis',(0.,9.62964972193618E-33,1.));
#7073=DIRECTION('ref_axis',(0.,-1.,9.62964972193618E-33));
#7074=DIRECTION('',(1.,0.,0.));
#7075=DIRECTION('',(1.,0.,0.));
#7076=DIRECTION('',(0.,-1.,9.62964972193618E-33));
#7077=DIRECTION('center_axis',(0.,-1.,1.83697019872103E-16));
#7078=DIRECTION('ref_axis',(0.,-1.83697019872103E-16,-1.));
#7079=DIRECTION('',(0.,-1.83697019872103E-16,-1.));
#7080=DIRECTION('center_axis',(0.,-1.,1.83697019872103E-16));
#7081=DIRECTION('ref_axis',(0.,-1.83697019872103E-16,-1.));
#7082=DIRECTION('center_axis',(0.,3.70074341541719E-15,-1.));
#7083=DIRECTION('ref_axis',(0.,1.,3.70074341541719E-15));
#7084=DIRECTION('center_axis',(1.,0.,0.));
#7085=DIRECTION('ref_axis',(0.,0.,-1.));
#7086=DIRECTION('center_axis',(7.85046229341889E-16,-0.707106781186548,
-0.707106781186548));
#7087=DIRECTION('ref_axis',(-1.,0.,-1.11022302462516E-15));
#7088=DIRECTION('',(-1.,6.79815536723447E-32,-1.11022302462516E-15));
#7089=DIRECTION('',(-0.577350269189626,0.577350269189626,-0.577350269189626));
#7090=DIRECTION('',(1.,-6.79815536723447E-32,1.11022302462516E-15));
#7091=DIRECTION('',(0.577350269189628,0.577350269189628,-0.577350269189622));
#7092=DIRECTION('center_axis',(-0.707106781186548,-0.707106781186548,-4.32978028117747E-17));
#7093=DIRECTION('ref_axis',(-6.12323399573677E-17,0.,1.));
#7094=DIRECTION('',(0.,-6.12323399573677E-17,1.));
#7095=DIRECTION('',(-0.577350269189626,0.577350269189626,0.577350269189626));
#7096=DIRECTION('',(0.,6.12323399573677E-17,-1.));
#7097=DIRECTION('center_axis',(0.,-0.707106781186548,0.707106781186548));
#7098=DIRECTION('ref_axis',(1.,0.,0.));
#7099=DIRECTION('',(1.,0.,0.));
#7100=DIRECTION('',(0.577350269189626,0.577350269189626,0.577350269189626));
#7101=DIRECTION('',(-1.,0.,0.));
#7102=DIRECTION('center_axis',(0.707106781186548,-0.707106781186548,-4.32978028117747E-17));
#7103=DIRECTION('ref_axis',(-6.12323399573677E-17,0.,-1.));
#7104=DIRECTION('',(0.,-6.12323399573677E-17,1.));
#7105=DIRECTION('',(0.,6.12323399573677E-17,-1.));
#7106=DIRECTION('center_axis',(1.,0.,0.));
#7107=DIRECTION('ref_axis',(0.,-1.,0.));
#7108=DIRECTION('',(0.,-1.,0.));
#7109=DIRECTION('center_axis',(-1.,0.,0.));
#7110=DIRECTION('ref_axis',(0.,1.,0.));
#7111=DIRECTION('',(0.,0.,-1.));
#7112=DIRECTION('',(0.,1.,0.));
#7113=DIRECTION('',(0.,0.,-1.));
#7114=DIRECTION('center_axis',(-1.,0.,0.));
#7115=DIRECTION('ref_axis',(0.,1.,4.44089209850064E-15));
#7116=DIRECTION('',(0.,-1.,0.));
#7117=DIRECTION('center_axis',(1.11022302462516E-15,0.,-1.));
#7118=DIRECTION('ref_axis',(1.,-6.79815536723447E-32,1.11022302462516E-15));
#7119=DIRECTION('',(0.,-1.,0.));
#7120=DIRECTION('',(1.,-6.79815536723447E-32,1.11022302462516E-15));
#7121=DIRECTION('center_axis',(0.,1.,6.12323399573677E-17));
#7122=DIRECTION('ref_axis',(1.,0.,0.));
#7123=DIRECTION('center_axis',(-0.707106781186539,0.,0.707106781186556));
#7124=DIRECTION('ref_axis',(0.707106781186556,0.,0.707106781186539));
#7125=DIRECTION('',(0.,-1.,0.));
#7126=DIRECTION('',(0.577350269189635,0.577350269189622,0.577350269189621));
#7127=DIRECTION('',(0.,1.,0.));
#7128=DIRECTION('',(0.577350269189635,-0.577350269189622,0.577350269189621));
#7129=DIRECTION('center_axis',(0.,-0.707106781186547,0.707106781186548));
#7130=DIRECTION('ref_axis',(1.,0.,0.));
#7131=DIRECTION('',(1.,0.,0.));
#7132=DIRECTION('',(-0.577350269189622,0.577350269189628,0.577350269189628));
#7133=DIRECTION('',(-1.,0.,0.));
#7134=DIRECTION('center_axis',(7.85046229341888E-16,0.707106781186547,0.707106781186548));
#7135=DIRECTION('ref_axis',(1.,0.,-1.11022302462516E-15));
#7136=DIRECTION('',(1.,-1.11022302462516E-15,0.));
#7137=DIRECTION('',(0.577350269189622,0.577350269189628,-0.577350269189628));
#7138=DIRECTION('',(-1.,1.11022302462516E-15,0.));
#7139=DIRECTION('center_axis',(0.707106781186551,0.,0.707106781186544));
#7140=DIRECTION('ref_axis',(0.707106781186544,0.,-0.707106781186551));
#7141=DIRECTION('',(0.,-1.,0.));
#7142=DIRECTION('center_axis',(0.,-1.,0.));
#7143=DIRECTION('ref_axis',(-1.,0.,0.));
#7144=DIRECTION('',(0.,0.,-1.));
#7145=DIRECTION('',(-1.,0.,0.));
#7146=DIRECTION('center_axis',(-1.,0.,0.));
#7147=DIRECTION('ref_axis',(0.,1.,0.));
#7148=DIRECTION('',(0.,-1.,0.));
#7149=DIRECTION('center_axis',(-1.,0.,0.));
#7150=DIRECTION('ref_axis',(0.,1.,4.44089209850064E-15));
#7151=DIRECTION('',(0.,0.,-1.));
#7152=DIRECTION('center_axis',(-1.,0.,0.));
#7153=DIRECTION('ref_axis',(0.,1.,0.));
#7154=DIRECTION('center_axis',(0.,0.,1.));
#7155=DIRECTION('ref_axis',(1.,0.,0.));
#7156=DIRECTION('center_axis',(0.,0.,1.));
#7157=DIRECTION('ref_axis',(-1.,0.,0.));
#7158=DIRECTION('',(-1.,0.,0.));
#7159=DIRECTION('center_axis',(-1.,0.,0.));
#7160=DIRECTION('ref_axis',(0.,1.,0.));
#7161=DIRECTION('center_axis',(-1.,0.,0.));
#7162=DIRECTION('ref_axis',(0.,1.,0.));
#7163=DIRECTION('',(1.,-1.11022302462516E-15,0.));
#7164=DIRECTION('center_axis',(1.11022302462516E-15,1.,0.));
#7165=DIRECTION('ref_axis',(1.,-1.11022302462516E-15,0.));
#7166=DIRECTION('center_axis',(7.85046229341889E-16,-0.707106781186548,
-0.707106781186548));
#7167=DIRECTION('ref_axis',(-1.,0.,-1.11022302462516E-15));
#7168=DIRECTION('',(-1.,6.79815536723447E-32,-1.11022302462516E-15));
#7169=DIRECTION('',(-0.577350269189626,0.577350269189626,-0.577350269189626));
#7170=DIRECTION('',(1.,-6.79815536723447E-32,1.11022302462516E-15));
#7171=DIRECTION('',(0.577350269189628,0.577350269189628,-0.577350269189622));
#7172=DIRECTION('center_axis',(-0.707106781186548,-0.707106781186548,-4.32978028117747E-17));
#7173=DIRECTION('ref_axis',(-6.12323399573677E-17,0.,1.));
#7174=DIRECTION('',(0.,-6.12323399573677E-17,1.));
#7175=DIRECTION('',(-0.577350269189626,0.577350269189626,0.577350269189626));
#7176=DIRECTION('',(0.,6.12323399573677E-17,-1.));
#7177=DIRECTION('center_axis',(0.,-0.707106781186548,0.707106781186548));
#7178=DIRECTION('ref_axis',(1.,0.,0.));
#7179=DIRECTION('',(1.,0.,0.));
#7180=DIRECTION('',(0.577350269189626,0.577350269189626,0.577350269189626));
#7181=DIRECTION('',(-1.,0.,0.));
#7182=DIRECTION('center_axis',(0.707106781186548,-0.707106781186548,-4.32978028117747E-17));
#7183=DIRECTION('ref_axis',(-6.12323399573677E-17,0.,-1.));
#7184=DIRECTION('',(0.,-6.12323399573677E-17,1.));
#7185=DIRECTION('',(0.,6.12323399573677E-17,-1.));
#7186=DIRECTION('center_axis',(1.,0.,0.));
#7187=DIRECTION('ref_axis',(0.,-1.,0.));
#7188=DIRECTION('',(0.,-1.,0.));
#7189=DIRECTION('center_axis',(-1.,0.,0.));
#7190=DIRECTION('ref_axis',(0.,1.,0.));
#7191=DIRECTION('',(0.,0.,-1.));
#7192=DIRECTION('',(0.,1.,0.));
#7193=DIRECTION('',(0.,0.,-1.));
#7194=DIRECTION('center_axis',(-1.,0.,0.));
#7195=DIRECTION('ref_axis',(0.,1.,4.44089209850064E-15));
#7196=DIRECTION('',(0.,-1.,0.));
#7197=DIRECTION('center_axis',(1.11022302462516E-15,0.,-1.));
#7198=DIRECTION('ref_axis',(1.,-6.79815536723447E-32,1.11022302462516E-15));
#7199=DIRECTION('',(0.,-1.,0.));
#7200=DIRECTION('',(1.,-6.79815536723447E-32,1.11022302462516E-15));
#7201=DIRECTION('center_axis',(0.,1.,6.12323399573677E-17));
#7202=DIRECTION('ref_axis',(1.,0.,0.));
#7203=DIRECTION('center_axis',(-0.707106781186539,0.,0.707106781186556));
#7204=DIRECTION('ref_axis',(0.707106781186556,0.,0.707106781186539));
#7205=DIRECTION('',(0.,-1.,0.));
#7206=DIRECTION('',(0.577350269189635,0.577350269189622,0.577350269189621));
#7207=DIRECTION('',(0.,1.,0.));
#7208=DIRECTION('',(0.577350269189635,-0.577350269189622,0.577350269189621));
#7209=DIRECTION('center_axis',(0.,-0.707106781186547,0.707106781186548));
#7210=DIRECTION('ref_axis',(1.,0.,0.));
#7211=DIRECTION('',(1.,0.,0.));
#7212=DIRECTION('',(-0.577350269189622,0.577350269189628,0.577350269189628));
#7213=DIRECTION('',(-1.,0.,0.));
#7214=DIRECTION('center_axis',(7.85046229341888E-16,0.707106781186547,0.707106781186548));
#7215=DIRECTION('ref_axis',(1.,0.,-1.11022302462516E-15));
#7216=DIRECTION('',(1.,-1.11022302462516E-15,0.));
#7217=DIRECTION('',(0.577350269189622,0.577350269189628,-0.577350269189628));
#7218=DIRECTION('',(-1.,1.11022302462516E-15,0.));
#7219=DIRECTION('center_axis',(0.707106781186551,0.,0.707106781186544));
#7220=DIRECTION('ref_axis',(0.707106781186544,0.,-0.707106781186551));
#7221=DIRECTION('',(0.,-1.,0.));
#7222=DIRECTION('center_axis',(0.,-1.,0.));
#7223=DIRECTION('ref_axis',(-1.,0.,0.));
#7224=DIRECTION('',(0.,0.,-1.));
#7225=DIRECTION('',(-1.,0.,0.));
#7226=DIRECTION('center_axis',(-1.,0.,0.));
#7227=DIRECTION('ref_axis',(0.,1.,0.));
#7228=DIRECTION('',(0.,-1.,0.));
#7229=DIRECTION('center_axis',(-1.,0.,0.));
#7230=DIRECTION('ref_axis',(0.,1.,4.44089209850064E-15));
#7231=DIRECTION('',(0.,0.,-1.));
#7232=DIRECTION('center_axis',(-1.,0.,0.));
#7233=DIRECTION('ref_axis',(0.,1.,0.));
#7234=DIRECTION('center_axis',(0.,0.,1.));
#7235=DIRECTION('ref_axis',(1.,0.,0.));
#7236=DIRECTION('center_axis',(0.,0.,1.));
#7237=DIRECTION('ref_axis',(-1.,0.,0.));
#7238=DIRECTION('',(-1.,0.,0.));
#7239=DIRECTION('center_axis',(-1.,0.,0.));
#7240=DIRECTION('ref_axis',(0.,1.,0.));
#7241=DIRECTION('center_axis',(-1.,0.,0.));
#7242=DIRECTION('ref_axis',(0.,1.,0.));
#7243=DIRECTION('',(1.,-1.11022302462516E-15,0.));
#7244=DIRECTION('center_axis',(1.11022302462516E-15,1.,0.));
#7245=DIRECTION('ref_axis',(1.,-1.11022302462516E-15,0.));
#7246=DIRECTION('center_axis',(7.85046229341889E-16,-0.707106781186548,
-0.707106781186548));
#7247=DIRECTION('ref_axis',(-1.,0.,-1.11022302462516E-15));
#7248=DIRECTION('',(-1.,6.79815536723447E-32,-1.11022302462516E-15));
#7249=DIRECTION('',(-0.577350269189626,0.577350269189626,-0.577350269189626));
#7250=DIRECTION('',(1.,-6.79815536723447E-32,1.11022302462516E-15));
#7251=DIRECTION('',(0.577350269189628,0.577350269189628,-0.577350269189622));
#7252=DIRECTION('center_axis',(-0.707106781186548,-0.707106781186548,-4.32978028117747E-17));
#7253=DIRECTION('ref_axis',(-6.12323399573677E-17,0.,1.));
#7254=DIRECTION('',(0.,-6.12323399573677E-17,1.));
#7255=DIRECTION('',(-0.577350269189626,0.577350269189626,0.577350269189626));
#7256=DIRECTION('',(0.,6.12323399573677E-17,-1.));
#7257=DIRECTION('center_axis',(0.,-0.707106781186548,0.707106781186548));
#7258=DIRECTION('ref_axis',(1.,0.,0.));
#7259=DIRECTION('',(1.,0.,0.));
#7260=DIRECTION('',(0.577350269189626,0.577350269189626,0.577350269189626));
#7261=DIRECTION('',(-1.,0.,0.));
#7262=DIRECTION('center_axis',(0.707106781186548,-0.707106781186548,-4.32978028117747E-17));
#7263=DIRECTION('ref_axis',(-6.12323399573677E-17,0.,-1.));
#7264=DIRECTION('',(0.,-6.12323399573677E-17,1.));
#7265=DIRECTION('',(0.,6.12323399573677E-17,-1.));
#7266=DIRECTION('center_axis',(1.,0.,0.));
#7267=DIRECTION('ref_axis',(0.,-1.,0.));
#7268=DIRECTION('',(0.,-1.,0.));
#7269=DIRECTION('center_axis',(-1.,0.,0.));
#7270=DIRECTION('ref_axis',(0.,1.,0.));
#7271=DIRECTION('',(0.,0.,-1.));
#7272=DIRECTION('',(0.,1.,0.));
#7273=DIRECTION('',(0.,0.,-1.));
#7274=DIRECTION('center_axis',(-1.,0.,0.));
#7275=DIRECTION('ref_axis',(0.,1.,4.44089209850064E-15));
#7276=DIRECTION('',(0.,-1.,0.));
#7277=DIRECTION('center_axis',(1.11022302462516E-15,0.,-1.));
#7278=DIRECTION('ref_axis',(1.,-6.79815536723447E-32,1.11022302462516E-15));
#7279=DIRECTION('',(0.,-1.,0.));
#7280=DIRECTION('',(1.,-6.79815536723447E-32,1.11022302462516E-15));
#7281=DIRECTION('center_axis',(0.,1.,6.12323399573677E-17));
#7282=DIRECTION('ref_axis',(1.,0.,0.));
#7283=DIRECTION('center_axis',(-0.707106781186539,0.,0.707106781186556));
#7284=DIRECTION('ref_axis',(0.707106781186556,0.,0.707106781186539));
#7285=DIRECTION('',(0.,-1.,0.));
#7286=DIRECTION('',(0.577350269189635,0.577350269189622,0.577350269189621));
#7287=DIRECTION('',(0.,1.,0.));
#7288=DIRECTION('',(0.577350269189635,-0.577350269189622,0.577350269189621));
#7289=DIRECTION('center_axis',(0.,-0.707106781186547,0.707106781186548));
#7290=DIRECTION('ref_axis',(1.,0.,0.));
#7291=DIRECTION('',(1.,0.,0.));
#7292=DIRECTION('',(-0.577350269189622,0.577350269189628,0.577350269189628));
#7293=DIRECTION('',(-1.,0.,0.));
#7294=DIRECTION('center_axis',(7.85046229341888E-16,0.707106781186547,0.707106781186548));
#7295=DIRECTION('ref_axis',(1.,0.,-1.11022302462516E-15));
#7296=DIRECTION('',(1.,-1.11022302462516E-15,0.));
#7297=DIRECTION('',(0.577350269189622,0.577350269189628,-0.577350269189628));
#7298=DIRECTION('',(-1.,1.11022302462516E-15,0.));
#7299=DIRECTION('center_axis',(0.707106781186551,0.,0.707106781186544));
#7300=DIRECTION('ref_axis',(0.707106781186544,0.,-0.707106781186551));
#7301=DIRECTION('',(0.,-1.,0.));
#7302=DIRECTION('center_axis',(0.,-1.,0.));
#7303=DIRECTION('ref_axis',(-1.,0.,0.));
#7304=DIRECTION('',(0.,0.,-1.));
#7305=DIRECTION('',(-1.,0.,0.));
#7306=DIRECTION('center_axis',(-1.,0.,0.));
#7307=DIRECTION('ref_axis',(0.,1.,0.));
#7308=DIRECTION('',(0.,-1.,0.));
#7309=DIRECTION('center_axis',(-1.,0.,0.));
#7310=DIRECTION('ref_axis',(0.,1.,4.44089209850064E-15));
#7311=DIRECTION('',(0.,0.,-1.));
#7312=DIRECTION('center_axis',(-1.,0.,0.));
#7313=DIRECTION('ref_axis',(0.,1.,0.));
#7314=DIRECTION('center_axis',(0.,0.,1.));
#7315=DIRECTION('ref_axis',(1.,0.,0.));
#7316=DIRECTION('center_axis',(0.,0.,1.));
#7317=DIRECTION('ref_axis',(-1.,0.,0.));
#7318=DIRECTION('',(-1.,0.,0.));
#7319=DIRECTION('center_axis',(-1.,0.,0.));
#7320=DIRECTION('ref_axis',(0.,1.,0.));
#7321=DIRECTION('center_axis',(-1.,0.,0.));
#7322=DIRECTION('ref_axis',(0.,1.,0.));
#7323=DIRECTION('',(1.,-1.11022302462516E-15,0.));
#7324=DIRECTION('center_axis',(1.11022302462516E-15,1.,0.));
#7325=DIRECTION('ref_axis',(1.,-1.11022302462516E-15,0.));
#7326=DIRECTION('center_axis',(7.85046229341889E-16,-0.707106781186548,
-0.707106781186548));
#7327=DIRECTION('ref_axis',(-1.,0.,-1.11022302462516E-15));
#7328=DIRECTION('',(-1.,6.79815536723447E-32,-1.11022302462516E-15));
#7329=DIRECTION('',(-0.577350269189626,0.577350269189626,-0.577350269189626));
#7330=DIRECTION('',(1.,-6.79815536723447E-32,1.11022302462516E-15));
#7331=DIRECTION('',(0.577350269189628,0.577350269189628,-0.577350269189622));
#7332=DIRECTION('center_axis',(-0.707106781186548,-0.707106781186548,-4.32978028117747E-17));
#7333=DIRECTION('ref_axis',(-6.12323399573677E-17,0.,1.));
#7334=DIRECTION('',(0.,-6.12323399573677E-17,1.));
#7335=DIRECTION('',(-0.577350269189626,0.577350269189626,0.577350269189626));
#7336=DIRECTION('',(0.,6.12323399573677E-17,-1.));
#7337=DIRECTION('center_axis',(0.,-0.707106781186548,0.707106781186548));
#7338=DIRECTION('ref_axis',(1.,0.,0.));
#7339=DIRECTION('',(1.,0.,0.));
#7340=DIRECTION('',(0.577350269189626,0.577350269189626,0.577350269189626));
#7341=DIRECTION('',(-1.,0.,0.));
#7342=DIRECTION('center_axis',(0.707106781186548,-0.707106781186548,-4.32978028117747E-17));
#7343=DIRECTION('ref_axis',(-6.12323399573677E-17,0.,-1.));
#7344=DIRECTION('',(0.,-6.12323399573677E-17,1.));
#7345=DIRECTION('',(0.,6.12323399573677E-17,-1.));
#7346=DIRECTION('center_axis',(1.,0.,0.));
#7347=DIRECTION('ref_axis',(0.,-1.,0.));
#7348=DIRECTION('',(0.,-1.,0.));
#7349=DIRECTION('center_axis',(-1.,0.,0.));
#7350=DIRECTION('ref_axis',(0.,1.,0.));
#7351=DIRECTION('',(0.,0.,-1.));
#7352=DIRECTION('',(0.,1.,0.));
#7353=DIRECTION('',(0.,0.,-1.));
#7354=DIRECTION('center_axis',(-1.,0.,0.));
#7355=DIRECTION('ref_axis',(0.,1.,4.44089209850064E-15));
#7356=DIRECTION('',(0.,-1.,0.));
#7357=DIRECTION('center_axis',(1.11022302462516E-15,0.,-1.));
#7358=DIRECTION('ref_axis',(1.,-6.79815536723447E-32,1.11022302462516E-15));
#7359=DIRECTION('',(0.,-1.,0.));
#7360=DIRECTION('',(1.,-6.79815536723447E-32,1.11022302462516E-15));
#7361=DIRECTION('center_axis',(0.,1.,6.12323399573677E-17));
#7362=DIRECTION('ref_axis',(1.,0.,0.));
#7363=DIRECTION('center_axis',(-0.707106781186539,0.,0.707106781186556));
#7364=DIRECTION('ref_axis',(0.707106781186556,0.,0.707106781186539));
#7365=DIRECTION('',(0.,-1.,0.));
#7366=DIRECTION('',(0.577350269189635,0.577350269189622,0.577350269189621));
#7367=DIRECTION('',(0.,1.,0.));
#7368=DIRECTION('',(0.577350269189635,-0.577350269189622,0.577350269189621));
#7369=DIRECTION('center_axis',(0.,-0.707106781186547,0.707106781186548));
#7370=DIRECTION('ref_axis',(1.,0.,0.));
#7371=DIRECTION('',(1.,0.,0.));
#7372=DIRECTION('',(-0.577350269189622,0.577350269189628,0.577350269189628));
#7373=DIRECTION('',(-1.,0.,0.));
#7374=DIRECTION('center_axis',(7.85046229341888E-16,0.707106781186547,0.707106781186548));
#7375=DIRECTION('ref_axis',(1.,0.,-1.11022302462516E-15));
#7376=DIRECTION('',(1.,-1.11022302462516E-15,0.));
#7377=DIRECTION('',(0.577350269189622,0.577350269189628,-0.577350269189628));
#7378=DIRECTION('',(-1.,1.11022302462516E-15,0.));
#7379=DIRECTION('center_axis',(0.707106781186551,0.,0.707106781186544));
#7380=DIRECTION('ref_axis',(0.707106781186544,0.,-0.707106781186551));
#7381=DIRECTION('',(0.,-1.,0.));
#7382=DIRECTION('center_axis',(0.,-1.,0.));
#7383=DIRECTION('ref_axis',(-1.,0.,0.));
#7384=DIRECTION('',(0.,0.,-1.));
#7385=DIRECTION('',(-1.,0.,0.));
#7386=DIRECTION('center_axis',(-1.,0.,0.));
#7387=DIRECTION('ref_axis',(0.,1.,0.));
#7388=DIRECTION('',(0.,-1.,0.));
#7389=DIRECTION('center_axis',(-1.,0.,0.));
#7390=DIRECTION('ref_axis',(0.,1.,4.44089209850064E-15));
#7391=DIRECTION('',(0.,0.,-1.));
#7392=DIRECTION('center_axis',(-1.,0.,0.));
#7393=DIRECTION('ref_axis',(0.,1.,0.));
#7394=DIRECTION('center_axis',(0.,0.,1.));
#7395=DIRECTION('ref_axis',(1.,0.,0.));
#7396=DIRECTION('center_axis',(0.,0.,1.));
#7397=DIRECTION('ref_axis',(-1.,0.,0.));
#7398=DIRECTION('',(-1.,0.,0.));
#7399=DIRECTION('center_axis',(-1.,0.,0.));
#7400=DIRECTION('ref_axis',(0.,1.,0.));
#7401=DIRECTION('center_axis',(-1.,0.,0.));
#7402=DIRECTION('ref_axis',(0.,1.,0.));
#7403=DIRECTION('',(1.,-1.11022302462516E-15,0.));
#7404=DIRECTION('center_axis',(1.11022302462516E-15,1.,0.));
#7405=DIRECTION('ref_axis',(1.,-1.11022302462516E-15,0.));
#7406=DIRECTION('center_axis',(7.85046229341889E-16,-0.707106781186548,
-0.707106781186548));
#7407=DIRECTION('ref_axis',(-1.,0.,-1.11022302462516E-15));
#7408=DIRECTION('',(-1.,6.79815536723447E-32,-1.11022302462516E-15));
#7409=DIRECTION('',(-0.577350269189626,0.577350269189626,-0.577350269189626));
#7410=DIRECTION('',(1.,-6.79815536723447E-32,1.11022302462516E-15));
#7411=DIRECTION('',(0.577350269189628,0.577350269189628,-0.577350269189622));
#7412=DIRECTION('center_axis',(-0.707106781186548,-0.707106781186548,-4.32978028117747E-17));
#7413=DIRECTION('ref_axis',(-6.12323399573677E-17,0.,1.));
#7414=DIRECTION('',(0.,-6.12323399573677E-17,1.));
#7415=DIRECTION('',(-0.577350269189626,0.577350269189626,0.577350269189626));
#7416=DIRECTION('',(0.,6.12323399573677E-17,-1.));
#7417=DIRECTION('center_axis',(0.,-0.707106781186548,0.707106781186548));
#7418=DIRECTION('ref_axis',(1.,0.,0.));
#7419=DIRECTION('',(1.,0.,0.));
#7420=DIRECTION('',(0.577350269189626,0.577350269189626,0.577350269189626));
#7421=DIRECTION('',(-1.,0.,0.));
#7422=DIRECTION('center_axis',(0.707106781186548,-0.707106781186548,-4.32978028117747E-17));
#7423=DIRECTION('ref_axis',(-6.12323399573677E-17,0.,-1.));
#7424=DIRECTION('',(0.,-6.12323399573677E-17,1.));
#7425=DIRECTION('',(0.,6.12323399573677E-17,-1.));
#7426=DIRECTION('center_axis',(1.,0.,0.));
#7427=DIRECTION('ref_axis',(0.,-1.,0.));
#7428=DIRECTION('',(0.,-1.,0.));
#7429=DIRECTION('center_axis',(-1.,0.,0.));
#7430=DIRECTION('ref_axis',(0.,1.,0.));
#7431=DIRECTION('',(0.,0.,-1.));
#7432=DIRECTION('',(0.,1.,0.));
#7433=DIRECTION('',(0.,0.,-1.));
#7434=DIRECTION('center_axis',(-1.,0.,0.));
#7435=DIRECTION('ref_axis',(0.,1.,4.44089209850064E-15));
#7436=DIRECTION('',(0.,-1.,0.));
#7437=DIRECTION('center_axis',(1.11022302462516E-15,0.,-1.));
#7438=DIRECTION('ref_axis',(1.,-6.79815536723447E-32,1.11022302462516E-15));
#7439=DIRECTION('',(0.,-1.,0.));
#7440=DIRECTION('',(1.,-6.79815536723447E-32,1.11022302462516E-15));
#7441=DIRECTION('center_axis',(0.,1.,6.12323399573677E-17));
#7442=DIRECTION('ref_axis',(1.,0.,0.));
#7443=DIRECTION('center_axis',(-0.707106781186539,0.,0.707106781186556));
#7444=DIRECTION('ref_axis',(0.707106781186556,0.,0.707106781186539));
#7445=DIRECTION('',(0.,-1.,0.));
#7446=DIRECTION('',(0.577350269189635,0.577350269189622,0.577350269189621));
#7447=DIRECTION('',(0.,1.,0.));
#7448=DIRECTION('',(0.577350269189635,-0.577350269189622,0.577350269189621));
#7449=DIRECTION('center_axis',(0.,-0.707106781186547,0.707106781186548));
#7450=DIRECTION('ref_axis',(1.,0.,0.));
#7451=DIRECTION('',(1.,0.,0.));
#7452=DIRECTION('',(-0.577350269189622,0.577350269189628,0.577350269189628));
#7453=DIRECTION('',(-1.,0.,0.));
#7454=DIRECTION('center_axis',(7.85046229341888E-16,0.707106781186547,0.707106781186548));
#7455=DIRECTION('ref_axis',(1.,0.,-1.11022302462516E-15));
#7456=DIRECTION('',(1.,-1.11022302462516E-15,0.));
#7457=DIRECTION('',(0.577350269189622,0.577350269189628,-0.577350269189628));
#7458=DIRECTION('',(-1.,1.11022302462516E-15,0.));
#7459=DIRECTION('center_axis',(0.707106781186551,0.,0.707106781186544));
#7460=DIRECTION('ref_axis',(0.707106781186544,0.,-0.707106781186551));
#7461=DIRECTION('',(0.,-1.,0.));
#7462=DIRECTION('center_axis',(0.,-1.,0.));
#7463=DIRECTION('ref_axis',(-1.,0.,0.));
#7464=DIRECTION('',(0.,0.,-1.));
#7465=DIRECTION('',(-1.,0.,0.));
#7466=DIRECTION('center_axis',(-1.,0.,0.));
#7467=DIRECTION('ref_axis',(0.,1.,0.));
#7468=DIRECTION('',(0.,-1.,0.));
#7469=DIRECTION('center_axis',(-1.,0.,0.));
#7470=DIRECTION('ref_axis',(0.,1.,4.44089209850064E-15));
#7471=DIRECTION('',(0.,0.,-1.));
#7472=DIRECTION('center_axis',(-1.,0.,0.));
#7473=DIRECTION('ref_axis',(0.,1.,0.));
#7474=DIRECTION('center_axis',(0.,0.,1.));
#7475=DIRECTION('ref_axis',(1.,0.,0.));
#7476=DIRECTION('center_axis',(0.,0.,1.));
#7477=DIRECTION('ref_axis',(-1.,0.,0.));
#7478=DIRECTION('',(-1.,0.,0.));
#7479=DIRECTION('center_axis',(-1.,0.,0.));
#7480=DIRECTION('ref_axis',(0.,1.,0.));
#7481=DIRECTION('center_axis',(-1.,0.,0.));
#7482=DIRECTION('ref_axis',(0.,1.,0.));
#7483=DIRECTION('',(1.,-1.11022302462516E-15,0.));
#7484=DIRECTION('center_axis',(1.11022302462516E-15,1.,0.));
#7485=DIRECTION('ref_axis',(1.,-1.11022302462516E-15,0.));
#7486=DIRECTION('center_axis',(7.85046229341889E-16,-0.707106781186548,
-0.707106781186548));
#7487=DIRECTION('ref_axis',(-1.,0.,-1.11022302462516E-15));
#7488=DIRECTION('',(-1.,6.79815536723447E-32,-1.11022302462516E-15));
#7489=DIRECTION('',(-0.577350269189626,0.577350269189626,-0.577350269189626));
#7490=DIRECTION('',(1.,-6.79815536723447E-32,1.11022302462516E-15));
#7491=DIRECTION('',(0.577350269189628,0.577350269189628,-0.577350269189622));
#7492=DIRECTION('center_axis',(-0.707106781186548,-0.707106781186548,-4.32978028117747E-17));
#7493=DIRECTION('ref_axis',(-6.12323399573677E-17,0.,1.));
#7494=DIRECTION('',(0.,-6.12323399573677E-17,1.));
#7495=DIRECTION('',(-0.577350269189626,0.577350269189626,0.577350269189626));
#7496=DIRECTION('',(0.,6.12323399573677E-17,-1.));
#7497=DIRECTION('center_axis',(0.,-0.707106781186548,0.707106781186548));
#7498=DIRECTION('ref_axis',(1.,0.,0.));
#7499=DIRECTION('',(1.,0.,0.));
#7500=DIRECTION('',(0.577350269189626,0.577350269189626,0.577350269189626));
#7501=DIRECTION('',(-1.,0.,0.));
#7502=DIRECTION('center_axis',(0.707106781186548,-0.707106781186548,-4.32978028117747E-17));
#7503=DIRECTION('ref_axis',(-6.12323399573677E-17,0.,-1.));
#7504=DIRECTION('',(0.,-6.12323399573677E-17,1.));
#7505=DIRECTION('',(0.,6.12323399573677E-17,-1.));
#7506=DIRECTION('center_axis',(1.,0.,0.));
#7507=DIRECTION('ref_axis',(0.,-1.,0.));
#7508=DIRECTION('',(0.,-1.,0.));
#7509=DIRECTION('center_axis',(-1.,0.,0.));
#7510=DIRECTION('ref_axis',(0.,1.,0.));
#7511=DIRECTION('',(0.,0.,-1.));
#7512=DIRECTION('',(0.,1.,0.));
#7513=DIRECTION('',(0.,0.,-1.));
#7514=DIRECTION('center_axis',(-1.,0.,0.));
#7515=DIRECTION('ref_axis',(0.,1.,4.44089209850064E-15));
#7516=DIRECTION('',(0.,-1.,0.));
#7517=DIRECTION('center_axis',(1.11022302462516E-15,0.,-1.));
#7518=DIRECTION('ref_axis',(1.,-6.79815536723447E-32,1.11022302462516E-15));
#7519=DIRECTION('',(0.,-1.,0.));
#7520=DIRECTION('',(1.,-6.79815536723447E-32,1.11022302462516E-15));
#7521=DIRECTION('center_axis',(0.,1.,6.12323399573677E-17));
#7522=DIRECTION('ref_axis',(1.,0.,0.));
#7523=DIRECTION('center_axis',(-0.707106781186539,0.,0.707106781186556));
#7524=DIRECTION('ref_axis',(0.707106781186556,0.,0.707106781186539));
#7525=DIRECTION('',(0.,-1.,0.));
#7526=DIRECTION('',(0.577350269189635,0.577350269189622,0.577350269189621));
#7527=DIRECTION('',(0.,1.,0.));
#7528=DIRECTION('',(0.577350269189635,-0.577350269189622,0.577350269189621));
#7529=DIRECTION('center_axis',(0.,-0.707106781186547,0.707106781186548));
#7530=DIRECTION('ref_axis',(1.,0.,0.));
#7531=DIRECTION('',(1.,0.,0.));
#7532=DIRECTION('',(-0.577350269189622,0.577350269189628,0.577350269189628));
#7533=DIRECTION('',(-1.,0.,0.));
#7534=DIRECTION('center_axis',(7.85046229341888E-16,0.707106781186547,0.707106781186548));
#7535=DIRECTION('ref_axis',(1.,0.,-1.11022302462516E-15));
#7536=DIRECTION('',(1.,-1.11022302462516E-15,0.));
#7537=DIRECTION('',(0.577350269189622,0.577350269189628,-0.577350269189628));
#7538=DIRECTION('',(-1.,1.11022302462516E-15,0.));
#7539=DIRECTION('center_axis',(0.707106781186551,0.,0.707106781186544));
#7540=DIRECTION('ref_axis',(0.707106781186544,0.,-0.707106781186551));
#7541=DIRECTION('',(0.,-1.,0.));
#7542=DIRECTION('center_axis',(0.,-1.,0.));
#7543=DIRECTION('ref_axis',(-1.,0.,0.));
#7544=DIRECTION('',(0.,0.,-1.));
#7545=DIRECTION('',(-1.,0.,0.));
#7546=DIRECTION('center_axis',(-1.,0.,0.));
#7547=DIRECTION('ref_axis',(0.,1.,0.));
#7548=DIRECTION('',(0.,-1.,0.));
#7549=DIRECTION('center_axis',(-1.,0.,0.));
#7550=DIRECTION('ref_axis',(0.,1.,4.44089209850064E-15));
#7551=DIRECTION('',(0.,0.,-1.));
#7552=DIRECTION('center_axis',(-1.,0.,0.));
#7553=DIRECTION('ref_axis',(0.,1.,0.));
#7554=DIRECTION('center_axis',(0.,0.,1.));
#7555=DIRECTION('ref_axis',(1.,0.,0.));
#7556=DIRECTION('center_axis',(0.,0.,1.));
#7557=DIRECTION('ref_axis',(-1.,0.,0.));
#7558=DIRECTION('',(-1.,0.,0.));
#7559=DIRECTION('center_axis',(-1.,0.,0.));
#7560=DIRECTION('ref_axis',(0.,1.,0.));
#7561=DIRECTION('center_axis',(-1.,0.,0.));
#7562=DIRECTION('ref_axis',(0.,1.,0.));
#7563=DIRECTION('',(1.,-1.11022302462516E-15,0.));
#7564=DIRECTION('center_axis',(1.11022302462516E-15,1.,0.));
#7565=DIRECTION('ref_axis',(1.,-1.11022302462516E-15,0.));
#7566=DIRECTION('center_axis',(7.85046229341889E-16,-0.707106781186548,
-0.707106781186548));
#7567=DIRECTION('ref_axis',(-1.,0.,-1.11022302462516E-15));
#7568=DIRECTION('',(-1.,6.79815536723447E-32,-1.11022302462516E-15));
#7569=DIRECTION('',(-0.577350269189626,0.577350269189626,-0.577350269189626));
#7570=DIRECTION('',(1.,-6.79815536723447E-32,1.11022302462516E-15));
#7571=DIRECTION('',(0.577350269189628,0.577350269189628,-0.577350269189622));
#7572=DIRECTION('center_axis',(-0.707106781186548,-0.707106781186548,-4.32978028117747E-17));
#7573=DIRECTION('ref_axis',(-6.12323399573677E-17,0.,1.));
#7574=DIRECTION('',(0.,-6.12323399573677E-17,1.));
#7575=DIRECTION('',(-0.577350269189626,0.577350269189626,0.577350269189626));
#7576=DIRECTION('',(0.,6.12323399573677E-17,-1.));
#7577=DIRECTION('center_axis',(0.,-0.707106781186548,0.707106781186548));
#7578=DIRECTION('ref_axis',(1.,0.,0.));
#7579=DIRECTION('',(1.,0.,0.));
#7580=DIRECTION('',(0.577350269189626,0.577350269189626,0.577350269189626));
#7581=DIRECTION('',(-1.,0.,0.));
#7582=DIRECTION('center_axis',(0.707106781186548,-0.707106781186548,-4.32978028117747E-17));
#7583=DIRECTION('ref_axis',(-6.12323399573677E-17,0.,-1.));
#7584=DIRECTION('',(0.,-6.12323399573677E-17,1.));
#7585=DIRECTION('',(0.,6.12323399573677E-17,-1.));
#7586=DIRECTION('center_axis',(1.,0.,0.));
#7587=DIRECTION('ref_axis',(0.,-1.,0.));
#7588=DIRECTION('',(0.,-1.,0.));
#7589=DIRECTION('center_axis',(-1.,0.,0.));
#7590=DIRECTION('ref_axis',(0.,1.,0.));
#7591=DIRECTION('',(0.,0.,-1.));
#7592=DIRECTION('',(0.,1.,0.));
#7593=DIRECTION('',(0.,0.,-1.));
#7594=DIRECTION('center_axis',(-1.,0.,0.));
#7595=DIRECTION('ref_axis',(0.,1.,4.44089209850064E-15));
#7596=DIRECTION('',(0.,-1.,0.));
#7597=DIRECTION('center_axis',(1.11022302462516E-15,0.,-1.));
#7598=DIRECTION('ref_axis',(1.,-6.79815536723447E-32,1.11022302462516E-15));
#7599=DIRECTION('',(0.,-1.,0.));
#7600=DIRECTION('',(1.,-6.79815536723447E-32,1.11022302462516E-15));
#7601=DIRECTION('center_axis',(0.,1.,6.12323399573677E-17));
#7602=DIRECTION('ref_axis',(1.,0.,0.));
#7603=DIRECTION('center_axis',(-0.707106781186539,0.,0.707106781186556));
#7604=DIRECTION('ref_axis',(0.707106781186556,0.,0.707106781186539));
#7605=DIRECTION('',(0.,-1.,0.));
#7606=DIRECTION('',(0.577350269189635,0.577350269189622,0.577350269189621));
#7607=DIRECTION('',(0.,1.,0.));
#7608=DIRECTION('',(0.577350269189635,-0.577350269189622,0.577350269189621));
#7609=DIRECTION('center_axis',(0.,-0.707106781186547,0.707106781186548));
#7610=DIRECTION('ref_axis',(1.,0.,0.));
#7611=DIRECTION('',(1.,0.,0.));
#7612=DIRECTION('',(-0.577350269189622,0.577350269189628,0.577350269189628));
#7613=DIRECTION('',(-1.,0.,0.));
#7614=DIRECTION('center_axis',(7.85046229341888E-16,0.707106781186547,0.707106781186548));
#7615=DIRECTION('ref_axis',(1.,0.,-1.11022302462516E-15));
#7616=DIRECTION('',(1.,-1.11022302462516E-15,0.));
#7617=DIRECTION('',(0.577350269189622,0.577350269189628,-0.577350269189628));
#7618=DIRECTION('',(-1.,1.11022302462516E-15,0.));
#7619=DIRECTION('center_axis',(0.707106781186551,0.,0.707106781186544));
#7620=DIRECTION('ref_axis',(0.707106781186544,0.,-0.707106781186551));
#7621=DIRECTION('',(0.,-1.,0.));
#7622=DIRECTION('center_axis',(0.,-1.,0.));
#7623=DIRECTION('ref_axis',(-1.,0.,0.));
#7624=DIRECTION('',(0.,0.,-1.));
#7625=DIRECTION('',(-1.,0.,0.));
#7626=DIRECTION('center_axis',(-1.,0.,0.));
#7627=DIRECTION('ref_axis',(0.,1.,0.));
#7628=DIRECTION('',(0.,-1.,0.));
#7629=DIRECTION('center_axis',(-1.,0.,0.));
#7630=DIRECTION('ref_axis',(0.,1.,4.44089209850064E-15));
#7631=DIRECTION('',(0.,0.,-1.));
#7632=DIRECTION('center_axis',(-1.,0.,0.));
#7633=DIRECTION('ref_axis',(0.,1.,0.));
#7634=DIRECTION('center_axis',(0.,0.,1.));
#7635=DIRECTION('ref_axis',(1.,0.,0.));
#7636=DIRECTION('center_axis',(0.,0.,1.));
#7637=DIRECTION('ref_axis',(-1.,0.,0.));
#7638=DIRECTION('',(-1.,0.,0.));
#7639=DIRECTION('center_axis',(-1.,0.,0.));
#7640=DIRECTION('ref_axis',(0.,1.,0.));
#7641=DIRECTION('center_axis',(-1.,0.,0.));
#7642=DIRECTION('ref_axis',(0.,1.,0.));
#7643=DIRECTION('',(1.,-1.11022302462516E-15,0.));
#7644=DIRECTION('center_axis',(1.11022302462516E-15,1.,0.));
#7645=DIRECTION('ref_axis',(1.,-1.11022302462516E-15,0.));
#7646=DIRECTION('center_axis',(7.85046229341889E-16,-0.707106781186548,
-0.707106781186548));
#7647=DIRECTION('ref_axis',(-1.,0.,-1.11022302462516E-15));
#7648=DIRECTION('',(-1.,6.79815536723447E-32,-1.11022302462516E-15));
#7649=DIRECTION('',(-0.577350269189626,0.577350269189626,-0.577350269189626));
#7650=DIRECTION('',(1.,-6.79815536723447E-32,1.11022302462516E-15));
#7651=DIRECTION('',(0.577350269189628,0.577350269189628,-0.577350269189622));
#7652=DIRECTION('center_axis',(-0.707106781186548,-0.707106781186548,-4.32978028117747E-17));
#7653=DIRECTION('ref_axis',(-6.12323399573677E-17,0.,1.));
#7654=DIRECTION('',(0.,-6.12323399573677E-17,1.));
#7655=DIRECTION('',(-0.577350269189626,0.577350269189626,0.577350269189626));
#7656=DIRECTION('',(0.,6.12323399573677E-17,-1.));
#7657=DIRECTION('center_axis',(0.,-0.707106781186548,0.707106781186548));
#7658=DIRECTION('ref_axis',(1.,0.,0.));
#7659=DIRECTION('',(1.,0.,0.));
#7660=DIRECTION('',(0.577350269189626,0.577350269189626,0.577350269189626));
#7661=DIRECTION('',(-1.,0.,0.));
#7662=DIRECTION('center_axis',(0.707106781186548,-0.707106781186548,-4.32978028117747E-17));
#7663=DIRECTION('ref_axis',(-6.12323399573677E-17,0.,-1.));
#7664=DIRECTION('',(0.,-6.12323399573677E-17,1.));
#7665=DIRECTION('',(0.,6.12323399573677E-17,-1.));
#7666=DIRECTION('center_axis',(1.,0.,0.));
#7667=DIRECTION('ref_axis',(0.,-1.,0.));
#7668=DIRECTION('',(0.,-1.,0.));
#7669=DIRECTION('center_axis',(-1.,0.,0.));
#7670=DIRECTION('ref_axis',(0.,1.,0.));
#7671=DIRECTION('',(0.,0.,-1.));
#7672=DIRECTION('',(0.,1.,0.));
#7673=DIRECTION('',(0.,0.,-1.));
#7674=DIRECTION('center_axis',(-1.,0.,0.));
#7675=DIRECTION('ref_axis',(0.,1.,4.44089209850064E-15));
#7676=DIRECTION('',(0.,-1.,0.));
#7677=DIRECTION('center_axis',(1.11022302462516E-15,0.,-1.));
#7678=DIRECTION('ref_axis',(1.,-6.79815536723447E-32,1.11022302462516E-15));
#7679=DIRECTION('',(0.,-1.,0.));
#7680=DIRECTION('',(1.,-6.79815536723447E-32,1.11022302462516E-15));
#7681=DIRECTION('center_axis',(0.,1.,6.12323399573677E-17));
#7682=DIRECTION('ref_axis',(1.,0.,0.));
#7683=DIRECTION('center_axis',(-0.707106781186539,0.,0.707106781186556));
#7684=DIRECTION('ref_axis',(0.707106781186556,0.,0.707106781186539));
#7685=DIRECTION('',(0.,-1.,0.));
#7686=DIRECTION('',(0.577350269189635,0.577350269189622,0.577350269189621));
#7687=DIRECTION('',(0.,1.,0.));
#7688=DIRECTION('',(0.577350269189635,-0.577350269189622,0.577350269189621));
#7689=DIRECTION('center_axis',(0.,-0.707106781186547,0.707106781186548));
#7690=DIRECTION('ref_axis',(1.,0.,0.));
#7691=DIRECTION('',(1.,0.,0.));
#7692=DIRECTION('',(-0.577350269189622,0.577350269189628,0.577350269189628));
#7693=DIRECTION('',(-1.,0.,0.));
#7694=DIRECTION('center_axis',(7.85046229341888E-16,0.707106781186547,0.707106781186548));
#7695=DIRECTION('ref_axis',(1.,0.,-1.11022302462516E-15));
#7696=DIRECTION('',(1.,-1.11022302462516E-15,0.));
#7697=DIRECTION('',(0.577350269189622,0.577350269189628,-0.577350269189628));
#7698=DIRECTION('',(-1.,1.11022302462516E-15,0.));
#7699=DIRECTION('center_axis',(0.707106781186551,0.,0.707106781186544));
#7700=DIRECTION('ref_axis',(0.707106781186544,0.,-0.707106781186551));
#7701=DIRECTION('',(0.,-1.,0.));
#7702=DIRECTION('center_axis',(0.,-1.,0.));
#7703=DIRECTION('ref_axis',(-1.,0.,0.));
#7704=DIRECTION('',(0.,0.,-1.));
#7705=DIRECTION('',(-1.,0.,0.));
#7706=DIRECTION('center_axis',(-1.,0.,0.));
#7707=DIRECTION('ref_axis',(0.,1.,0.));
#7708=DIRECTION('',(0.,-1.,0.));
#7709=DIRECTION('center_axis',(-1.,0.,0.));
#7710=DIRECTION('ref_axis',(0.,1.,4.44089209850064E-15));
#7711=DIRECTION('',(0.,0.,-1.));
#7712=DIRECTION('center_axis',(-1.,0.,0.));
#7713=DIRECTION('ref_axis',(0.,1.,0.));
#7714=DIRECTION('center_axis',(0.,0.,1.));
#7715=DIRECTION('ref_axis',(1.,0.,0.));
#7716=DIRECTION('center_axis',(0.,0.,1.));
#7717=DIRECTION('ref_axis',(-1.,0.,0.));
#7718=DIRECTION('',(-1.,0.,0.));
#7719=DIRECTION('center_axis',(-1.,0.,0.));
#7720=DIRECTION('ref_axis',(0.,1.,0.));
#7721=DIRECTION('center_axis',(-1.,0.,0.));
#7722=DIRECTION('ref_axis',(0.,1.,0.));
#7723=DIRECTION('',(1.,-1.11022302462516E-15,0.));
#7724=DIRECTION('center_axis',(1.11022302462516E-15,1.,0.));
#7725=DIRECTION('ref_axis',(1.,-1.11022302462516E-15,0.));
#7726=DIRECTION('center_axis',(7.85046229341889E-16,-0.707106781186548,
-0.707106781186548));
#7727=DIRECTION('ref_axis',(-1.,0.,-1.11022302462516E-15));
#7728=DIRECTION('',(-1.,6.79815536723447E-32,-1.11022302462516E-15));
#7729=DIRECTION('',(-0.577350269189626,0.577350269189626,-0.577350269189626));
#7730=DIRECTION('',(1.,-6.79815536723447E-32,1.11022302462516E-15));
#7731=DIRECTION('',(0.577350269189628,0.577350269189628,-0.577350269189622));
#7732=DIRECTION('center_axis',(-0.707106781186548,-0.707106781186548,-4.32978028117747E-17));
#7733=DIRECTION('ref_axis',(-6.12323399573677E-17,0.,1.));
#7734=DIRECTION('',(0.,-6.12323399573677E-17,1.));
#7735=DIRECTION('',(-0.577350269189626,0.577350269189626,0.577350269189626));
#7736=DIRECTION('',(0.,6.12323399573677E-17,-1.));
#7737=DIRECTION('center_axis',(0.,-0.707106781186548,0.707106781186548));
#7738=DIRECTION('ref_axis',(1.,0.,0.));
#7739=DIRECTION('',(1.,0.,0.));
#7740=DIRECTION('',(0.577350269189626,0.577350269189626,0.577350269189626));
#7741=DIRECTION('',(-1.,0.,0.));
#7742=DIRECTION('center_axis',(0.707106781186548,-0.707106781186548,-4.32978028117747E-17));
#7743=DIRECTION('ref_axis',(-6.12323399573677E-17,0.,-1.));
#7744=DIRECTION('',(0.,-6.12323399573677E-17,1.));
#7745=DIRECTION('',(0.,6.12323399573677E-17,-1.));
#7746=DIRECTION('center_axis',(1.,0.,0.));
#7747=DIRECTION('ref_axis',(0.,-1.,0.));
#7748=DIRECTION('',(0.,-1.,0.));
#7749=DIRECTION('center_axis',(-1.,0.,0.));
#7750=DIRECTION('ref_axis',(0.,1.,0.));
#7751=DIRECTION('',(0.,0.,-1.));
#7752=DIRECTION('',(0.,1.,0.));
#7753=DIRECTION('',(0.,0.,-1.));
#7754=DIRECTION('center_axis',(-1.,0.,0.));
#7755=DIRECTION('ref_axis',(0.,1.,4.44089209850064E-15));
#7756=DIRECTION('',(0.,-1.,0.));
#7757=DIRECTION('center_axis',(1.11022302462516E-15,0.,-1.));
#7758=DIRECTION('ref_axis',(1.,-6.79815536723447E-32,1.11022302462516E-15));
#7759=DIRECTION('',(0.,-1.,0.));
#7760=DIRECTION('',(1.,-6.79815536723447E-32,1.11022302462516E-15));
#7761=DIRECTION('center_axis',(0.,1.,6.12323399573677E-17));
#7762=DIRECTION('ref_axis',(1.,0.,0.));
#7763=DIRECTION('center_axis',(-0.707106781186539,0.,0.707106781186556));
#7764=DIRECTION('ref_axis',(0.707106781186556,0.,0.707106781186539));
#7765=DIRECTION('',(0.,-1.,0.));
#7766=DIRECTION('',(0.577350269189635,0.577350269189622,0.577350269189621));
#7767=DIRECTION('',(0.,1.,0.));
#7768=DIRECTION('',(0.577350269189635,-0.577350269189622,0.577350269189621));
#7769=DIRECTION('center_axis',(0.,-0.707106781186547,0.707106781186548));
#7770=DIRECTION('ref_axis',(1.,0.,0.));
#7771=DIRECTION('',(1.,0.,0.));
#7772=DIRECTION('',(-0.577350269189622,0.577350269189628,0.577350269189628));
#7773=DIRECTION('',(-1.,0.,0.));
#7774=DIRECTION('center_axis',(7.85046229341888E-16,0.707106781186547,0.707106781186548));
#7775=DIRECTION('ref_axis',(1.,0.,-1.11022302462516E-15));
#7776=DIRECTION('',(1.,-1.11022302462516E-15,0.));
#7777=DIRECTION('',(0.577350269189622,0.577350269189628,-0.577350269189628));
#7778=DIRECTION('',(-1.,1.11022302462516E-15,0.));
#7779=DIRECTION('center_axis',(0.707106781186551,0.,0.707106781186544));
#7780=DIRECTION('ref_axis',(0.707106781186544,0.,-0.707106781186551));
#7781=DIRECTION('',(0.,-1.,0.));
#7782=DIRECTION('center_axis',(0.,-1.,0.));
#7783=DIRECTION('ref_axis',(-1.,0.,0.));
#7784=DIRECTION('',(0.,0.,-1.));
#7785=DIRECTION('',(-1.,0.,0.));
#7786=DIRECTION('center_axis',(-1.,0.,0.));
#7787=DIRECTION('ref_axis',(0.,1.,0.));
#7788=DIRECTION('',(0.,-1.,0.));
#7789=DIRECTION('center_axis',(-1.,0.,0.));
#7790=DIRECTION('ref_axis',(0.,1.,4.44089209850064E-15));
#7791=DIRECTION('',(0.,0.,-1.));
#7792=DIRECTION('center_axis',(-1.,0.,0.));
#7793=DIRECTION('ref_axis',(0.,1.,0.));
#7794=DIRECTION('center_axis',(0.,0.,1.));
#7795=DIRECTION('ref_axis',(1.,0.,0.));
#7796=DIRECTION('center_axis',(0.,0.,1.));
#7797=DIRECTION('ref_axis',(-1.,0.,0.));
#7798=DIRECTION('',(-1.,0.,0.));
#7799=DIRECTION('center_axis',(-1.,0.,0.));
#7800=DIRECTION('ref_axis',(0.,1.,0.));
#7801=DIRECTION('center_axis',(-1.,0.,0.));
#7802=DIRECTION('ref_axis',(0.,1.,0.));
#7803=DIRECTION('',(1.,-1.11022302462516E-15,0.));
#7804=DIRECTION('center_axis',(1.11022302462516E-15,1.,0.));
#7805=DIRECTION('ref_axis',(1.,-1.11022302462516E-15,0.));
#7806=DIRECTION('center_axis',(7.85046229341889E-16,-0.707106781186548,
-0.707106781186548));
#7807=DIRECTION('ref_axis',(-1.,0.,-1.11022302462516E-15));
#7808=DIRECTION('',(-1.,6.79815536723447E-32,-1.11022302462516E-15));
#7809=DIRECTION('',(-0.577350269189626,0.577350269189626,-0.577350269189626));
#7810=DIRECTION('',(1.,-6.79815536723447E-32,1.11022302462516E-15));
#7811=DIRECTION('',(0.577350269189628,0.577350269189628,-0.577350269189622));
#7812=DIRECTION('center_axis',(-0.707106781186548,-0.707106781186548,-4.32978028117747E-17));
#7813=DIRECTION('ref_axis',(-6.12323399573677E-17,0.,1.));
#7814=DIRECTION('',(0.,-6.12323399573677E-17,1.));
#7815=DIRECTION('',(-0.577350269189626,0.577350269189626,0.577350269189626));
#7816=DIRECTION('',(0.,6.12323399573677E-17,-1.));
#7817=DIRECTION('center_axis',(0.,-0.707106781186548,0.707106781186548));
#7818=DIRECTION('ref_axis',(1.,0.,0.));
#7819=DIRECTION('',(1.,0.,0.));
#7820=DIRECTION('',(0.577350269189626,0.577350269189626,0.577350269189626));
#7821=DIRECTION('',(-1.,0.,0.));
#7822=DIRECTION('center_axis',(0.707106781186548,-0.707106781186548,-4.32978028117747E-17));
#7823=DIRECTION('ref_axis',(-6.12323399573677E-17,0.,-1.));
#7824=DIRECTION('',(0.,-6.12323399573677E-17,1.));
#7825=DIRECTION('',(0.,6.12323399573677E-17,-1.));
#7826=DIRECTION('center_axis',(1.,0.,0.));
#7827=DIRECTION('ref_axis',(0.,-1.,0.));
#7828=DIRECTION('',(0.,-1.,0.));
#7829=DIRECTION('center_axis',(-1.,0.,0.));
#7830=DIRECTION('ref_axis',(0.,1.,0.));
#7831=DIRECTION('',(0.,0.,-1.));
#7832=DIRECTION('',(0.,1.,0.));
#7833=DIRECTION('',(0.,0.,-1.));
#7834=DIRECTION('center_axis',(-1.,0.,0.));
#7835=DIRECTION('ref_axis',(0.,1.,4.44089209850064E-15));
#7836=DIRECTION('',(0.,-1.,0.));
#7837=DIRECTION('center_axis',(1.11022302462516E-15,0.,-1.));
#7838=DIRECTION('ref_axis',(1.,-6.79815536723447E-32,1.11022302462516E-15));
#7839=DIRECTION('',(0.,-1.,0.));
#7840=DIRECTION('',(1.,-6.79815536723447E-32,1.11022302462516E-15));
#7841=DIRECTION('center_axis',(0.,1.,6.12323399573677E-17));
#7842=DIRECTION('ref_axis',(1.,0.,0.));
#7843=DIRECTION('center_axis',(-0.707106781186539,0.,0.707106781186556));
#7844=DIRECTION('ref_axis',(0.707106781186556,0.,0.707106781186539));
#7845=DIRECTION('',(0.,-1.,0.));
#7846=DIRECTION('',(0.577350269189635,0.577350269189622,0.577350269189621));
#7847=DIRECTION('',(0.,1.,0.));
#7848=DIRECTION('',(0.577350269189635,-0.577350269189622,0.577350269189621));
#7849=DIRECTION('center_axis',(0.,-0.707106781186547,0.707106781186548));
#7850=DIRECTION('ref_axis',(1.,0.,0.));
#7851=DIRECTION('',(1.,0.,0.));
#7852=DIRECTION('',(-0.577350269189622,0.577350269189628,0.577350269189628));
#7853=DIRECTION('',(-1.,0.,0.));
#7854=DIRECTION('center_axis',(7.85046229341888E-16,0.707106781186547,0.707106781186548));
#7855=DIRECTION('ref_axis',(1.,0.,-1.11022302462516E-15));
#7856=DIRECTION('',(1.,-1.11022302462516E-15,0.));
#7857=DIRECTION('',(0.577350269189622,0.577350269189628,-0.577350269189628));
#7858=DIRECTION('',(-1.,1.11022302462516E-15,0.));
#7859=DIRECTION('center_axis',(0.707106781186551,0.,0.707106781186544));
#7860=DIRECTION('ref_axis',(0.707106781186544,0.,-0.707106781186551));
#7861=DIRECTION('',(0.,-1.,0.));
#7862=DIRECTION('center_axis',(0.,-1.,0.));
#7863=DIRECTION('ref_axis',(-1.,0.,0.));
#7864=DIRECTION('',(0.,0.,-1.));
#7865=DIRECTION('',(-1.,0.,0.));
#7866=DIRECTION('center_axis',(-1.,0.,0.));
#7867=DIRECTION('ref_axis',(0.,1.,0.));
#7868=DIRECTION('',(0.,-1.,0.));
#7869=DIRECTION('center_axis',(-1.,0.,0.));
#7870=DIRECTION('ref_axis',(0.,1.,4.44089209850064E-15));
#7871=DIRECTION('',(0.,0.,-1.));
#7872=DIRECTION('center_axis',(-1.,0.,0.));
#7873=DIRECTION('ref_axis',(0.,1.,0.));
#7874=DIRECTION('center_axis',(0.,0.,1.));
#7875=DIRECTION('ref_axis',(1.,0.,0.));
#7876=DIRECTION('center_axis',(0.,0.,1.));
#7877=DIRECTION('ref_axis',(-1.,0.,0.));
#7878=DIRECTION('',(-1.,0.,0.));
#7879=DIRECTION('center_axis',(-1.,0.,0.));
#7880=DIRECTION('ref_axis',(0.,1.,0.));
#7881=DIRECTION('center_axis',(-1.,0.,0.));
#7882=DIRECTION('ref_axis',(0.,1.,0.));
#7883=DIRECTION('',(1.,-1.11022302462516E-15,0.));
#7884=DIRECTION('center_axis',(1.11022302462516E-15,1.,0.));
#7885=DIRECTION('ref_axis',(1.,-1.11022302462516E-15,0.));
#7886=DIRECTION('center_axis',(7.85046229341889E-16,-0.707106781186548,
-0.707106781186548));
#7887=DIRECTION('ref_axis',(-1.,0.,-1.11022302462516E-15));
#7888=DIRECTION('',(-1.,6.79815536723447E-32,-1.11022302462516E-15));
#7889=DIRECTION('',(-0.577350269189626,0.577350269189626,-0.577350269189626));
#7890=DIRECTION('',(1.,-6.79815536723447E-32,1.11022302462516E-15));
#7891=DIRECTION('',(0.577350269189628,0.577350269189628,-0.577350269189622));
#7892=DIRECTION('center_axis',(-0.707106781186548,-0.707106781186548,-4.32978028117747E-17));
#7893=DIRECTION('ref_axis',(-6.12323399573677E-17,0.,1.));
#7894=DIRECTION('',(0.,-6.12323399573677E-17,1.));
#7895=DIRECTION('',(-0.577350269189626,0.577350269189626,0.577350269189626));
#7896=DIRECTION('',(0.,6.12323399573677E-17,-1.));
#7897=DIRECTION('center_axis',(0.,-0.707106781186548,0.707106781186548));
#7898=DIRECTION('ref_axis',(1.,0.,0.));
#7899=DIRECTION('',(1.,0.,0.));
#7900=DIRECTION('',(0.577350269189626,0.577350269189626,0.577350269189626));
#7901=DIRECTION('',(-1.,0.,0.));
#7902=DIRECTION('center_axis',(0.707106781186548,-0.707106781186548,-4.32978028117747E-17));
#7903=DIRECTION('ref_axis',(-6.12323399573677E-17,0.,-1.));
#7904=DIRECTION('',(0.,-6.12323399573677E-17,1.));
#7905=DIRECTION('',(0.,6.12323399573677E-17,-1.));
#7906=DIRECTION('center_axis',(1.,0.,0.));
#7907=DIRECTION('ref_axis',(0.,-1.,0.));
#7908=DIRECTION('',(0.,-1.,0.));
#7909=DIRECTION('center_axis',(-1.,0.,0.));
#7910=DIRECTION('ref_axis',(0.,1.,0.));
#7911=DIRECTION('',(0.,0.,-1.));
#7912=DIRECTION('',(0.,1.,0.));
#7913=DIRECTION('',(0.,0.,-1.));
#7914=DIRECTION('center_axis',(-1.,0.,0.));
#7915=DIRECTION('ref_axis',(0.,1.,4.44089209850064E-15));
#7916=DIRECTION('',(0.,-1.,0.));
#7917=DIRECTION('center_axis',(1.11022302462516E-15,0.,-1.));
#7918=DIRECTION('ref_axis',(1.,-6.79815536723447E-32,1.11022302462516E-15));
#7919=DIRECTION('',(0.,-1.,0.));
#7920=DIRECTION('',(1.,-6.79815536723447E-32,1.11022302462516E-15));
#7921=DIRECTION('center_axis',(0.,1.,6.12323399573677E-17));
#7922=DIRECTION('ref_axis',(1.,0.,0.));
#7923=DIRECTION('center_axis',(-0.707106781186539,0.,0.707106781186556));
#7924=DIRECTION('ref_axis',(0.707106781186556,0.,0.707106781186539));
#7925=DIRECTION('',(0.,-1.,0.));
#7926=DIRECTION('',(0.577350269189635,0.577350269189622,0.577350269189621));
#7927=DIRECTION('',(0.,1.,0.));
#7928=DIRECTION('',(0.577350269189635,-0.577350269189622,0.577350269189621));
#7929=DIRECTION('center_axis',(0.,-0.707106781186547,0.707106781186548));
#7930=DIRECTION('ref_axis',(1.,0.,0.));
#7931=DIRECTION('',(1.,0.,0.));
#7932=DIRECTION('',(-0.577350269189622,0.577350269189628,0.577350269189628));
#7933=DIRECTION('',(-1.,0.,0.));
#7934=DIRECTION('center_axis',(7.85046229341888E-16,0.707106781186547,0.707106781186548));
#7935=DIRECTION('ref_axis',(1.,0.,-1.11022302462516E-15));
#7936=DIRECTION('',(1.,-1.11022302462516E-15,0.));
#7937=DIRECTION('',(0.577350269189622,0.577350269189628,-0.577350269189628));
#7938=DIRECTION('',(-1.,1.11022302462516E-15,0.));
#7939=DIRECTION('center_axis',(0.707106781186551,0.,0.707106781186544));
#7940=DIRECTION('ref_axis',(0.707106781186544,0.,-0.707106781186551));
#7941=DIRECTION('',(0.,-1.,0.));
#7942=DIRECTION('center_axis',(0.,-1.,0.));
#7943=DIRECTION('ref_axis',(-1.,0.,0.));
#7944=DIRECTION('',(0.,0.,-1.));
#7945=DIRECTION('',(-1.,0.,0.));
#7946=DIRECTION('center_axis',(-1.,0.,0.));
#7947=DIRECTION('ref_axis',(0.,1.,0.));
#7948=DIRECTION('',(0.,-1.,0.));
#7949=DIRECTION('center_axis',(-1.,0.,0.));
#7950=DIRECTION('ref_axis',(0.,1.,4.44089209850064E-15));
#7951=DIRECTION('',(0.,0.,-1.));
#7952=DIRECTION('center_axis',(-1.,0.,0.));
#7953=DIRECTION('ref_axis',(0.,1.,0.));
#7954=DIRECTION('center_axis',(0.,0.,1.));
#7955=DIRECTION('ref_axis',(1.,0.,0.));
#7956=DIRECTION('center_axis',(0.,0.,1.));
#7957=DIRECTION('ref_axis',(-1.,0.,0.));
#7958=DIRECTION('',(-1.,0.,0.));
#7959=DIRECTION('center_axis',(-1.,0.,0.));
#7960=DIRECTION('ref_axis',(0.,1.,0.));
#7961=DIRECTION('center_axis',(-1.,0.,0.));
#7962=DIRECTION('ref_axis',(0.,1.,0.));
#7963=DIRECTION('',(1.,-1.11022302462516E-15,0.));
#7964=DIRECTION('center_axis',(1.11022302462516E-15,1.,0.));
#7965=DIRECTION('ref_axis',(1.,-1.11022302462516E-15,0.));
#7966=CARTESIAN_POINT('',(0.,0.,0.));
#7967=CARTESIAN_POINT('Origin',(11.95,2.5,-2.));
#7968=CARTESIAN_POINT('',(11.35,2.5,0.));
#7969=CARTESIAN_POINT('',(11.35,2.5,-2.));
#7970=CARTESIAN_POINT('',(11.35,2.5,-2.5));
#7971=CARTESIAN_POINT('',(11.95,2.5,0.));
#7972=CARTESIAN_POINT('',(5.975,2.5,0.));
#7973=CARTESIAN_POINT('',(11.95,2.5,-2.));
#7974=CARTESIAN_POINT('',(11.95,2.5,-2.5));
#7975=CARTESIAN_POINT('',(11.95,2.5,-2.));
#7976=CARTESIAN_POINT('Origin',(11.95,3.5,-2.));
#7977=CARTESIAN_POINT('',(11.35,3.5,-2.));
#7978=CARTESIAN_POINT('',(11.35,2.95,-2.));
#7979=CARTESIAN_POINT('',(11.95,3.5,-2.));
#7980=CARTESIAN_POINT('',(11.95,2.95,-2.));
#7981=CARTESIAN_POINT('',(11.95,3.5,-2.));
#7982=CARTESIAN_POINT('Origin',(11.95,3.5,0.));
#7983=CARTESIAN_POINT('',(11.35,3.5,-3.37037740267766E-32));
#7984=CARTESIAN_POINT('',(11.35,3.5,-1.5));
#7985=CARTESIAN_POINT('',(11.95,3.5,0.));
#7986=CARTESIAN_POINT('',(11.95,3.5,-1.5));
#7987=CARTESIAN_POINT('',(5.975,3.5,-3.37037740267766E-32));
#7988=CARTESIAN_POINT('Origin',(11.95,3.5,0.));
#7989=CARTESIAN_POINT('',(-11.35,3.5,-3.37037740267766E-32));
#7990=CARTESIAN_POINT('',(-11.35,3.5,-2.));
#7991=CARTESIAN_POINT('',(-11.35,3.5,-1.5));
#7992=CARTESIAN_POINT('',(-11.95,3.5,-3.37037740267766E-32));
#7993=CARTESIAN_POINT('',(5.975,3.5,-3.37037740267766E-32));
#7994=CARTESIAN_POINT('',(-11.95,3.5,-2.));
#7995=CARTESIAN_POINT('',(-11.95,3.5,-1.5));
#7996=CARTESIAN_POINT('',(11.95,3.5,-2.));
#7997=CARTESIAN_POINT('Origin',(11.95,3.5,-2.));
#7998=CARTESIAN_POINT('',(-11.35,2.5,-2.));
#7999=CARTESIAN_POINT('',(-11.35,2.95,-2.));
#8000=CARTESIAN_POINT('',(-11.95,2.5,-2.));
#8001=CARTESIAN_POINT('',(-11.95,2.95,-2.));
#8002=CARTESIAN_POINT('',(11.95,2.5,-2.));
#8003=CARTESIAN_POINT('Origin',(11.95,2.5,-2.));
#8004=CARTESIAN_POINT('',(-11.35,2.5,0.));
#8005=CARTESIAN_POINT('',(-11.35,2.5,-2.5));
#8006=CARTESIAN_POINT('',(-11.95,2.5,-2.40741243048404E-32));
#8007=CARTESIAN_POINT('',(-11.95,2.5,-2.5));
#8008=CARTESIAN_POINT('',(5.975,2.5,0.));
#8009=CARTESIAN_POINT('Origin',(-11.95,2.4,-3.));
#8010=CARTESIAN_POINT('',(-11.95,4.8,0.));
#8011=CARTESIAN_POINT('',(-11.95,0.,0.));
#8012=CARTESIAN_POINT('',(-11.95,4.8,-6.));
#8013=CARTESIAN_POINT('',(-11.95,4.8,-4.62223186652937E-32));
#8014=CARTESIAN_POINT('',(-11.95,3.3,-6.00000000000001));
#8015=CARTESIAN_POINT('',(-11.95,4.8,-6.));
#8016=CARTESIAN_POINT('',(-11.95,2.5,-7.59999999999999));
#8017=CARTESIAN_POINT('',(-11.95,3.3,-6.00000000000001));
#8018=CARTESIAN_POINT('',(-11.95,-1.39609735102798E-15,-7.6));
#8019=CARTESIAN_POINT('',(-11.95,2.5,-7.59999999999999));
#8020=CARTESIAN_POINT('',(-11.95,0.,0.));
#8021=CARTESIAN_POINT('',(-11.95,-1.39609735102798E-15,-7.6));
#8022=CARTESIAN_POINT('',(-11.95,0.,0.));
#8023=CARTESIAN_POINT('Origin',(0.,4.8,-4.62223186652937E-32));
#8024=CARTESIAN_POINT('',(-11.35,4.2,-1.34815096107107E-32));
#8025=CARTESIAN_POINT('',(-11.35,3.6,0.));
#8026=CARTESIAN_POINT('',(-9.15,4.2,-6.90305885111001E-16));
#8027=CARTESIAN_POINT('',(0.,4.2,0.));
#8028=CARTESIAN_POINT('',(-9.15,4.8,-6.90305885111001E-16));
#8029=CARTESIAN_POINT('',(-9.15,4.8,0.));
#8030=CARTESIAN_POINT('',(0.,4.8,-4.62223186652937E-32));
#8031=CARTESIAN_POINT('Origin',(0.,4.8,-4.62223186652937E-32));
#8032=CARTESIAN_POINT('',(11.95,4.8,0.));
#8033=CARTESIAN_POINT('',(11.95,0.,0.));
#8034=CARTESIAN_POINT('',(9.15,4.8,-6.90305885111001E-16));
#8035=CARTESIAN_POINT('',(0.,4.8,-4.62223186652937E-32));
#8036=CARTESIAN_POINT('',(9.15,4.2,-6.90305885111001E-16));
#8037=CARTESIAN_POINT('',(9.15,4.8,0.));
#8038=CARTESIAN_POINT('',(11.35,4.2,-1.34815096107107E-32));
#8039=CARTESIAN_POINT('',(0.,4.2,0.));
#8040=CARTESIAN_POINT('',(11.35,3.6,0.));
#8041=CARTESIAN_POINT('Origin',(11.35,2.4,-3.));
#8042=CARTESIAN_POINT('',(11.35,4.2,-3.57734173766289));
#8043=CARTESIAN_POINT('',(11.35,4.2,-4.5));
#8044=CARTESIAN_POINT('',(11.35,3.8,-3.57734173766289));
#8045=CARTESIAN_POINT('',(11.35,3.6,-3.57734173766289));
#8046=CARTESIAN_POINT('',(11.35,3.8,-5.4));
#8047=CARTESIAN_POINT('',(11.35,3.8,-4.39231598626968));
#8048=CARTESIAN_POINT('',(11.35,0.8,-5.40000000000002));
#8049=CARTESIAN_POINT('',(11.35,1.2,-5.40000000000001));
#8050=CARTESIAN_POINT('',(11.35,0.8,2.69630192214213E-32));
#8051=CARTESIAN_POINT('',(11.35,0.8,-1.5));
#8052=CARTESIAN_POINT('',(11.35,3.6,0.));
#8053=CARTESIAN_POINT('Origin',(-9.15,4.8,-4.));
#8054=CARTESIAN_POINT('',(-9.15,4.2,-4.));
#8055=CARTESIAN_POINT('',(-9.15,4.2,-5.));
#8056=CARTESIAN_POINT('',(-9.15,4.8,-4.));
#8057=CARTESIAN_POINT('',(-9.15,4.8,-4.));
#8058=CARTESIAN_POINT('',(-9.15,4.8,-5.));
#8059=CARTESIAN_POINT('Origin',(-11.45,4.8,-3.57734173766289));
#8060=CARTESIAN_POINT('',(-11.35,3.8,-3.57734173766289));
#8061=CARTESIAN_POINT('',(-11.35,4.2,-3.57734173766289));
#8062=CARTESIAN_POINT('',(-11.35,3.6,-3.57734173766289));
#8063=CARTESIAN_POINT('',(-11.45,3.8,-3.57734173766289));
#8064=CARTESIAN_POINT('',(-10.45,3.8,-3.57734173766289));
#8065=CARTESIAN_POINT('',(-11.45,4.8,-3.57734173766289));
#8066=CARTESIAN_POINT('',(-11.45,4.8,-3.57734173766289));
#8067=CARTESIAN_POINT('',(-10.45,4.8,-3.57734173766289));
#8068=CARTESIAN_POINT('',(-5.725,4.8,-3.57734173766289));
#8069=CARTESIAN_POINT('',(-10.45,4.2,-3.57734173766289));
#8070=CARTESIAN_POINT('',(-10.45,4.8,-3.57734173766289));
#8071=CARTESIAN_POINT('',(-5.725,4.2,-3.57734173766289));
#8072=CARTESIAN_POINT('Origin',(-11.45,4.8,-6.));
#8073=CARTESIAN_POINT('',(-11.45,4.8,-6.));
#8074=CARTESIAN_POINT('',(-11.45,4.8,-6.));
#8075=CARTESIAN_POINT('',(-11.45,3.8,-6.));
#8076=CARTESIAN_POINT('',(-11.45,3.8,-3.57734173766289));
#8077=CARTESIAN_POINT('',(-11.45,2.4,-6.00000000000001));
#8078=CARTESIAN_POINT('Origin',(-10.45,4.8,-3.57734173766289));
#8079=CARTESIAN_POINT('',(-10.45,4.2,-5.4));
#8080=CARTESIAN_POINT('',(-10.45,3.8,-5.4));
#8081=CARTESIAN_POINT('',(-10.45,2.4,-5.40000000000001));
#8082=CARTESIAN_POINT('',(-10.45,4.2,-4.78867086883145));
#8083=CARTESIAN_POINT('',(-10.45,4.8,-5.7999998435378));
#8084=CARTESIAN_POINT('',(-10.45,4.8,-4.78867086883145));
#8085=CARTESIAN_POINT('',(-10.45,3.8,-5.7999998435378));
#8086=CARTESIAN_POINT('',(-10.45,4.8,-5.7999998435378));
#8087=CARTESIAN_POINT('',(-10.45,3.8,-7.99192220741581));
#8088=CARTESIAN_POINT('Origin',(-10.95,3.8,-5.78463197253935));
#8089=CARTESIAN_POINT('',(-11.35,3.8,-5.4));
#8090=CARTESIAN_POINT('',(-11.35,3.8,-4.39231598626968));
#8091=CARTESIAN_POINT('',(-5.475,3.8,-5.4));
#8092=CARTESIAN_POINT('',(-10.6,3.8,-5.7999998435378));
#8093=CARTESIAN_POINT('',(-10.175,3.8,-5.7999998435378));
#8094=CARTESIAN_POINT('',(-10.6000000042468,3.8,-6.));
#8095=CARTESIAN_POINT('',(-10.6000000002662,3.8,-5.79231590197567));
#8096=CARTESIAN_POINT('',(-5.475,3.8,-6.));
#8097=CARTESIAN_POINT('Origin',(-9.4,4.8,-5.7999998435378));
#8098=CARTESIAN_POINT('',(-9.4,4.8,-5.7999998435378));
#8099=CARTESIAN_POINT('',(-4.7,4.8,-5.7999998435378));
#8100=CARTESIAN_POINT('',(-9.4,0.2,-5.79999984353781));
#8101=CARTESIAN_POINT('',(-9.4,4.8,-5.7999998435378));
#8102=CARTESIAN_POINT('',(-10.6,0.2,-5.79999984353781));
#8103=CARTESIAN_POINT('',(-10.375,0.2,-5.7999998435378));
#8104=CARTESIAN_POINT('',(-10.6,4.8,-5.7999998435378));
#8105=CARTESIAN_POINT('',(-9.74999999999977,2.85,-5.7999998435378));
#8106=CARTESIAN_POINT('',(-10.2500000000002,2.85,-5.7999998435378));
#8107=CARTESIAN_POINT('',(-9.57499999999989,2.85,-5.79999984353781));
#8108=CARTESIAN_POINT('',(-9.74999999999977,3.35,-5.7999998435378));
#8109=CARTESIAN_POINT('',(-9.74999999999977,4.075,-5.79999984353781));
#8110=CARTESIAN_POINT('',(-10.2500000000002,3.35,-5.7999998435378));
#8111=CARTESIAN_POINT('',(-9.82500000000012,3.35,-5.79999984353781));
#8112=CARTESIAN_POINT('',(-10.2500000000002,3.825,-5.79999984353781));
#8113=CARTESIAN_POINT('Origin',(0.,4.8,-6.));
#8114=CARTESIAN_POINT('',(9.15,4.8,-4.));
#8115=CARTESIAN_POINT('',(0.,4.8,-4.));
#8116=CARTESIAN_POINT('',(9.15,4.8,-5.));
#8117=CARTESIAN_POINT('',(11.95,4.8,-6.));
#8118=CARTESIAN_POINT('',(11.95,4.8,-4.62223186652937E-32));
#8119=CARTESIAN_POINT('',(11.45,4.8,-6.));
#8120=CARTESIAN_POINT('',(0.,4.8,-6.));
#8121=CARTESIAN_POINT('',(11.45,4.8,-3.57734173766289));
#8122=CARTESIAN_POINT('',(11.45,4.8,-6.));
#8123=CARTESIAN_POINT('',(10.45,4.8,-3.57734173766289));
#8124=CARTESIAN_POINT('',(5.725,4.8,-3.57734173766289));
#8125=CARTESIAN_POINT('',(10.45,4.8,-5.7999998435378));
#8126=CARTESIAN_POINT('',(10.45,4.8,-4.78867086883145));
#8127=CARTESIAN_POINT('',(9.4,4.8,-5.7999998435378));
#8128=CARTESIAN_POINT('',(5.3,4.8,-5.7999998435378));
#8129=CARTESIAN_POINT('',(9.40000000692904,4.8,-6.));
#8130=CARTESIAN_POINT('',(9.40000000346451,4.8,-5.89999975893644));
#8131=CARTESIAN_POINT('',(8.60000000424683,4.8,-6.));
#8132=CARTESIAN_POINT('',(0.,4.8,-6.));
#8133=CARTESIAN_POINT('',(8.6,4.8,-5.7999998435378));
#8134=CARTESIAN_POINT('',(8.60000000424683,4.8,-5.99999990869314));
#8135=CARTESIAN_POINT('',(7.4,4.8,-5.7999998435378));
#8136=CARTESIAN_POINT('',(4.3,4.8,-5.7999998435378));
#8137=CARTESIAN_POINT('',(7.40000000692904,4.8,-6.));
#8138=CARTESIAN_POINT('',(7.40000000346451,4.8,-5.89999979358165));
#8139=CARTESIAN_POINT('',(6.60000000424683,4.8,-6.));
#8140=CARTESIAN_POINT('',(0.,4.8,-6.));
#8141=CARTESIAN_POINT('',(6.6,4.8,-5.7999998435378));
#8142=CARTESIAN_POINT('',(6.60000000424683,4.8,-5.99999992992729));
#8143=CARTESIAN_POINT('',(5.4,4.8,-5.7999998435378));
#8144=CARTESIAN_POINT('',(3.3,4.8,-5.7999998435378));
#8145=CARTESIAN_POINT('',(5.40000000692904,4.8,-6.));
#8146=CARTESIAN_POINT('',(5.40000000346452,4.8,-5.89999982822685));
#8147=CARTESIAN_POINT('',(4.60000000424683,4.8,-6.));
#8148=CARTESIAN_POINT('',(0.,4.8,-6.));
#8149=CARTESIAN_POINT('',(4.6,4.8,-5.7999998435378));
#8150=CARTESIAN_POINT('',(4.60000000424683,4.8,-5.99999995116145));
#8151=CARTESIAN_POINT('',(3.4,4.8,-5.7999998435378));
#8152=CARTESIAN_POINT('',(2.3,4.8,-5.7999998435378));
#8153=CARTESIAN_POINT('',(3.40000000692904,4.8,-6.));
#8154=CARTESIAN_POINT('',(3.40000000346452,4.8,-5.89999986287205));
#8155=CARTESIAN_POINT('',(2.60000000424683,4.8,-6.));
#8156=CARTESIAN_POINT('',(0.,4.8,-6.));
#8157=CARTESIAN_POINT('',(2.6,4.8,-5.7999998435378));
#8158=CARTESIAN_POINT('',(2.60000000424683,4.8,-5.9999999723956));
#8159=CARTESIAN_POINT('',(1.4,4.8,-5.7999998435378));
#8160=CARTESIAN_POINT('',(1.3,4.8,-5.7999998435378));
#8161=CARTESIAN_POINT('',(1.40000000692904,4.8,-6.));
#8162=CARTESIAN_POINT('',(1.40000000346452,4.8,-5.89999989751726));
#8163=CARTESIAN_POINT('',(0.60000000424683,4.8,-6.));
#8164=CARTESIAN_POINT('',(0.,4.8,-6.));
#8165=CARTESIAN_POINT('',(0.599999999999996,4.8,-5.7999998435378));
#8166=CARTESIAN_POINT('',(0.60000000424683,4.8,-5.99999999362975));
#8167=CARTESIAN_POINT('',(-0.600000000000005,4.8,-5.7999998435378));
#8168=CARTESIAN_POINT('',(0.299999999999998,4.8,-5.7999998435378));
#8169=CARTESIAN_POINT('',(-0.599999993070959,4.8,-6.));
#8170=CARTESIAN_POINT('',(-0.599999996535482,4.8,-5.89999993216246));
#8171=CARTESIAN_POINT('',(-1.39999999575317,4.8,-6.));
#8172=CARTESIAN_POINT('',(0.,4.8,-6.));
#8173=CARTESIAN_POINT('',(-1.4,4.8,-5.7999998435378));
#8174=CARTESIAN_POINT('',(-1.39999999575317,4.8,-6.00000001486391));
#8175=CARTESIAN_POINT('',(-2.6,4.8,-5.7999998435378));
#8176=CARTESIAN_POINT('',(-0.700000000000002,4.8,-5.7999998435378));
#8177=CARTESIAN_POINT('',(-2.59999999307096,4.8,-6.));
#8178=CARTESIAN_POINT('',(-2.59999999653548,4.8,-5.89999996680767));
#8179=CARTESIAN_POINT('',(-3.39999999575317,4.8,-6.));
#8180=CARTESIAN_POINT('',(0.,4.8,-6.));
#8181=CARTESIAN_POINT('',(-3.4,4.8,-5.7999998435378));
#8182=CARTESIAN_POINT('',(-3.39999999575317,4.8,-6.00000003609806));
#8183=CARTESIAN_POINT('',(-4.6,4.8,-5.7999998435378));
#8184=CARTESIAN_POINT('',(-1.7,4.8,-5.7999998435378));
#8185=CARTESIAN_POINT('',(-4.59999999307096,4.8,-6.));
#8186=CARTESIAN_POINT('',(-4.59999999653548,4.8,-5.90000000145287));
#8187=CARTESIAN_POINT('',(-5.39999999575317,4.8,-6.));
#8188=CARTESIAN_POINT('',(0.,4.8,-6.));
#8189=CARTESIAN_POINT('',(-5.4,4.8,-5.7999998435378));
#8190=CARTESIAN_POINT('',(-5.39999999575317,4.8,-6.00000005733221));
#8191=CARTESIAN_POINT('',(-6.6,4.8,-5.7999998435378));
#8192=CARTESIAN_POINT('',(-2.7,4.8,-5.7999998435378));
#8193=CARTESIAN_POINT('',(-6.59999999307096,4.8,-6.));
#8194=CARTESIAN_POINT('',(-6.59999999653548,4.8,-5.90000003609807));
#8195=CARTESIAN_POINT('',(-7.39999999575317,4.8,-6.));
#8196=CARTESIAN_POINT('',(0.,4.8,-6.));
#8197=CARTESIAN_POINT('',(-7.4,4.8,-5.7999998435378));
#8198=CARTESIAN_POINT('',(-7.39999999575317,4.8,-6.00000007856637));
#8199=CARTESIAN_POINT('',(-8.6,4.8,-5.7999998435378));
#8200=CARTESIAN_POINT('',(-3.7,4.8,-5.7999998435378));
#8201=CARTESIAN_POINT('',(-8.59999999307096,4.8,-6.));
#8202=CARTESIAN_POINT('',(-8.59999999653548,4.8,-5.90000007074328));
#8203=CARTESIAN_POINT('',(-9.39999999575317,4.8,-6.));
#8204=CARTESIAN_POINT('',(0.,4.8,-6.));
#8205=CARTESIAN_POINT('',(-9.39999999575317,4.8,-6.00000009980052));
#8206=CARTESIAN_POINT('',(0.,4.8,-6.));
#8207=CARTESIAN_POINT('Origin',(-11.35,2.4,-3.));
#8208=CARTESIAN_POINT('',(-11.35,0.8,2.69630192214213E-32));
#8209=CARTESIAN_POINT('',(-11.35,3.6,0.));
#8210=CARTESIAN_POINT('',(-11.35,0.8,-5.40000000000002));
#8211=CARTESIAN_POINT('',(-11.35,0.8,-1.5));
#8212=CARTESIAN_POINT('',(-11.35,1.2,-5.40000000000001));
#8213=CARTESIAN_POINT('',(-11.35,4.2,-4.5));
#8214=CARTESIAN_POINT('Origin',(-11.95,3.3,-6.00000000000001));
#8215=CARTESIAN_POINT('',(-11.15,3.3,-6.00000000000001));
#8216=CARTESIAN_POINT('',(-5.975,3.3,-6.00000000000001));
#8217=CARTESIAN_POINT('',(-11.15,2.5,-7.59999999999999));
#8218=CARTESIAN_POINT('',(-11.15,3.3,-6.00000000000001));
#8219=CARTESIAN_POINT('',(-11.95,2.5,-7.59999999999999));
#8220=CARTESIAN_POINT('Origin',(-11.95,-1.10218211923262E-15,-6.));
#8221=CARTESIAN_POINT('',(-11.35,0.2,-6.00000000000002));
#8222=CARTESIAN_POINT('',(-11.35,-1.66533453693773E-15,-6.));
#8223=CARTESIAN_POINT('',(-11.35,1.02695629777827E-14,-6.00000000000002));
#8224=CARTESIAN_POINT('',(-11.15,-1.11022302462516E-15,-6.));
#8225=CARTESIAN_POINT('',(-11.95,-1.10218211923262E-15,-6.));
#8226=CARTESIAN_POINT('',(-11.15,0.2,-6.));
#8227=CARTESIAN_POINT('',(-11.15,-1.66533453693773E-15,-6.));
#8228=CARTESIAN_POINT('',(-5.675,0.2,-6.00000000000002));
#8229=CARTESIAN_POINT('Origin',(-11.95,2.5,-7.59999999999999));
#8230=CARTESIAN_POINT('',(-11.15,-1.38777878078145E-15,-7.6));
#8231=CARTESIAN_POINT('',(-11.15,2.5,-7.59999999999999));
#8232=CARTESIAN_POINT('',(-11.95,-1.39609735102798E-15,-7.6));
#8233=CARTESIAN_POINT('Origin',(-11.15,1.65,-6.8));
#8234=CARTESIAN_POINT('',(-11.15,0.824999999999997,-6.00000000000001));
#8235=CARTESIAN_POINT('',(-11.15,-1.39609735102798E-15,-7.6));
#8236=CARTESIAN_POINT('Origin',(0.,4.8,-4.));
#8237=CARTESIAN_POINT('',(9.15,4.2,-4.));
#8238=CARTESIAN_POINT('',(0.,4.2,-4.));
#8239=CARTESIAN_POINT('',(9.15,4.8,-4.));
#8240=CARTESIAN_POINT('Origin',(9.15,4.8,-4.));
#8241=CARTESIAN_POINT('',(9.15,4.2,-5.));
#8242=CARTESIAN_POINT('Origin',(10.45,4.8,-3.57734173766289));
#8243=CARTESIAN_POINT('',(10.45,3.8,-5.4));
#8244=CARTESIAN_POINT('',(10.45,4.2,-5.4));
#8245=CARTESIAN_POINT('',(10.45,2.4,-5.40000000000001));
#8246=CARTESIAN_POINT('',(10.45,3.8,-5.7999998435378));
#8247=CARTESIAN_POINT('',(10.45,3.8,-7.99192220741581));
#8248=CARTESIAN_POINT('',(10.45,4.8,-5.7999998435378));
#8249=CARTESIAN_POINT('',(10.45,4.2,-3.57734173766289));
#8250=CARTESIAN_POINT('',(10.45,4.8,-3.57734173766289));
#8251=CARTESIAN_POINT('',(10.45,4.2,-4.78867086883145));
#8252=CARTESIAN_POINT('Origin',(11.45,4.8,-3.57734173766289));
#8253=CARTESIAN_POINT('',(5.725,4.2,-3.57734173766289));
#8254=CARTESIAN_POINT('',(11.45,3.8,-3.57734173766289));
#8255=CARTESIAN_POINT('',(11.45,4.8,-3.57734173766289));
#8256=CARTESIAN_POINT('',(10.45,3.8,-3.57734173766289));
#8257=CARTESIAN_POINT('Origin',(11.45,4.8,-6.));
#8258=CARTESIAN_POINT('',(11.45,3.8,-6.));
#8259=CARTESIAN_POINT('',(11.45,2.4,-6.00000000000001));
#8260=CARTESIAN_POINT('',(11.45,3.8,-3.57734173766289));
#8261=CARTESIAN_POINT('Origin',(10.95,3.8,-5.78463197253935));
#8262=CARTESIAN_POINT('',(5.475,3.8,-5.4));
#8263=CARTESIAN_POINT('',(10.6000000042468,3.8,-6.));
#8264=CARTESIAN_POINT('',(5.475,3.8,-6.));
#8265=CARTESIAN_POINT('',(10.6,3.8,-5.7999998435378));
#8266=CARTESIAN_POINT('',(10.6000000019603,3.8,-5.89231598998565));
#8267=CARTESIAN_POINT('',(10.775,3.8,-5.7999998435378));
#8268=CARTESIAN_POINT('Origin',(10.6,4.8,-5.7999998435378));
#8269=CARTESIAN_POINT('',(10.6,0.2,-5.79999984353781));
#8270=CARTESIAN_POINT('',(10.6,4.8,-5.7999998435378));
#8271=CARTESIAN_POINT('',(9.4,0.2,-5.79999984353781));
#8272=CARTESIAN_POINT('',(-0.375000000000002,0.2,-5.7999998435378));
#8273=CARTESIAN_POINT('',(9.4,4.8,-5.7999998435378));
#8274=CARTESIAN_POINT('',(10.2500000000002,2.85,-5.7999998435378));
#8275=CARTESIAN_POINT('',(9.74999999999976,2.85,-5.7999998435378));
#8276=CARTESIAN_POINT('',(10.4250000000001,2.85,-5.79999984353781));
#8277=CARTESIAN_POINT('',(10.2500000000002,3.35,-5.7999998435378));
#8278=CARTESIAN_POINT('',(10.2500000000002,4.075,-5.79999984353781));
#8279=CARTESIAN_POINT('',(9.74999999999976,3.35,-5.7999998435378));
#8280=CARTESIAN_POINT('',(10.1749999999999,3.35,-5.79999984353781));
#8281=CARTESIAN_POINT('',(9.74999999999976,3.825,-5.79999984353781));
#8282=CARTESIAN_POINT('Origin',(0.,4.2,-6.));
#8283=CARTESIAN_POINT('',(0.,4.2,-5.4));
#8284=CARTESIAN_POINT('Origin',(11.95,-1.10218211923262E-15,-6.));
#8285=CARTESIAN_POINT('',(11.35,-1.66533453693773E-15,-6.));
#8286=CARTESIAN_POINT('',(11.35,0.2,-6.00000000000002));
#8287=CARTESIAN_POINT('',(11.35,0.10000000000001,-6.00000000000002));
#8288=CARTESIAN_POINT('',(11.15,0.2,-6.));
#8289=CARTESIAN_POINT('',(-5.675,0.2,-6.00000000000002));
#8290=CARTESIAN_POINT('',(11.15,-1.11022302462516E-15,-6.));
#8291=CARTESIAN_POINT('',(11.15,-1.66533453693773E-15,-6.));
#8292=CARTESIAN_POINT('',(11.95,-1.10218211923262E-15,-6.));
#8293=CARTESIAN_POINT('Origin',(11.95,3.3,-6.00000000000001));
#8294=CARTESIAN_POINT('',(11.95,3.3,-6.00000000000001));
#8295=CARTESIAN_POINT('',(11.95,2.5,-7.59999999999999));
#8296=CARTESIAN_POINT('',(11.95,3.3,-6.00000000000001));
#8297=CARTESIAN_POINT('',(11.15,2.5,-7.59999999999999));
#8298=CARTESIAN_POINT('',(11.95,2.5,-7.59999999999999));
#8299=CARTESIAN_POINT('',(11.15,3.3,-6.00000000000001));
#8300=CARTESIAN_POINT('',(11.15,3.3,-6.00000000000001));
#8301=CARTESIAN_POINT('',(5.975,3.3,-6.00000000000001));
#8302=CARTESIAN_POINT('Origin',(11.95,2.5,-7.59999999999999));
#8303=CARTESIAN_POINT('',(11.95,-1.39609735102798E-15,-7.6));
#8304=CARTESIAN_POINT('',(11.95,2.5,-7.59999999999999));
#8305=CARTESIAN_POINT('',(11.15,-1.38777878078145E-15,-7.6));
#8306=CARTESIAN_POINT('',(11.95,-1.39609735102798E-15,-7.6));
#8307=CARTESIAN_POINT('',(11.15,2.5,-7.59999999999999));
#8308=CARTESIAN_POINT('Origin',(11.15,1.65,-6.8));
#8309=CARTESIAN_POINT('',(11.15,-1.39609735102798E-15,-7.6));
#8310=CARTESIAN_POINT('',(11.15,0.824999999999997,-6.00000000000001));
#8311=CARTESIAN_POINT('Origin',(0.,-1.66533453693773E-15,-6.00000000000002));
#8312=CARTESIAN_POINT('',(11.95,4.8,-6.));
#8313=CARTESIAN_POINT('',(10.6000000042468,0.2,-6.));
#8314=CARTESIAN_POINT('',(-5.675,0.2,-6.00000000000002));
#8315=CARTESIAN_POINT('',(10.6000000042468,2.4,-6.00000000000001));
#8316=CARTESIAN_POINT('Origin',(9.4,4.8,-5.7999998435378));
#8317=CARTESIAN_POINT('',(9.40000000692904,0.2,-6.));
#8318=CARTESIAN_POINT('',(9.39999989952889,0.2,-2.89999956232491));
#8319=CARTESIAN_POINT('',(9.40000000692904,2.4,-6.00000000000001));
#8320=CARTESIAN_POINT('Origin',(10.6000000042468,4.8,-6.));
#8321=CARTESIAN_POINT('',(10.5999999405444,0.2,-2.99999976695517));
#8322=CARTESIAN_POINT('Origin',(0.,-1.66533453693773E-15,-6.00000000000002));
#8323=CARTESIAN_POINT('',(8.60000000424683,0.2,-6.));
#8324=CARTESIAN_POINT('',(-5.675,0.2,-6.00000000000002));
#8325=CARTESIAN_POINT('',(8.60000000424683,2.4,-6.00000000000001));
#8326=CARTESIAN_POINT('Origin',(9.74999999999976,3.35,-5.40000000000001));
#8327=CARTESIAN_POINT('',(10.2500000000002,3.35,-5.40000000000001));
#8328=CARTESIAN_POINT('',(10.2500000000002,3.35,-5.40000000000001));
#8329=CARTESIAN_POINT('',(9.74999999999976,3.35,-5.40000000000001));
#8330=CARTESIAN_POINT('',(4.87499999999988,3.35,-5.40000000000001));
#8331=CARTESIAN_POINT('',(9.74999999999976,3.35,-5.40000000000001));
#8332=CARTESIAN_POINT('Origin',(10.2500000000002,3.35,-5.40000000000001));
#8333=CARTESIAN_POINT('',(10.2500000000002,2.85,-5.40000000000001));
#8334=CARTESIAN_POINT('',(10.2500000000002,2.85,-5.40000000000001));
#8335=CARTESIAN_POINT('',(10.2500000000002,1.675,-5.40000000000001));
#8336=CARTESIAN_POINT('Origin',(10.2500000000002,2.85,-5.40000000000001));
#8337=CARTESIAN_POINT('',(9.74999999999976,2.85,-5.40000000000001));
#8338=CARTESIAN_POINT('',(9.74999999999976,2.85,-5.40000000000001));
#8339=CARTESIAN_POINT('',(5.12500000000012,2.85,-5.40000000000001));
#8340=CARTESIAN_POINT('Origin',(9.74999999999976,2.85,-5.40000000000001));
#8341=CARTESIAN_POINT('',(9.74999999999976,1.425,-5.40000000000001));
#8342=CARTESIAN_POINT('Origin',(7.4,4.8,-5.7999998435378));
#8343=CARTESIAN_POINT('',(7.40000000692904,0.2,-6.));
#8344=CARTESIAN_POINT('',(7.4,0.2,-5.79999984353781));
#8345=CARTESIAN_POINT('',(7.3999998995289,0.2,-2.89999959697012));
#8346=CARTESIAN_POINT('',(7.40000000692904,2.4,-6.00000000000001));
#8347=CARTESIAN_POINT('',(7.4,4.8,-5.7999998435378));
#8348=CARTESIAN_POINT('Origin',(8.6,4.8,-5.7999998435378));
#8349=CARTESIAN_POINT('',(8.6,0.2,-5.79999984353781));
#8350=CARTESIAN_POINT('',(-1.375,0.2,-5.7999998435378));
#8351=CARTESIAN_POINT('',(8.6,4.8,-5.7999998435378));
#8352=CARTESIAN_POINT('',(8.25000000000023,2.85,-5.7999998435378));
#8353=CARTESIAN_POINT('',(7.74999999999976,2.85,-5.7999998435378));
#8354=CARTESIAN_POINT('',(8.42500000000012,2.85,-5.79999984353781));
#8355=CARTESIAN_POINT('',(8.25000000000023,3.35,-5.7999998435378));
#8356=CARTESIAN_POINT('',(8.25000000000023,4.075,-5.79999984353781));
#8357=CARTESIAN_POINT('',(7.74999999999976,3.35,-5.7999998435378));
#8358=CARTESIAN_POINT('',(8.17499999999988,3.35,-5.79999984353781));
#8359=CARTESIAN_POINT('',(7.74999999999976,3.825,-5.79999984353781));
#8360=CARTESIAN_POINT('Origin',(8.60000000424683,4.8,-6.));
#8361=CARTESIAN_POINT('',(8.59999994054437,0.2,-2.99999978818932));
#8362=CARTESIAN_POINT('Origin',(0.,-1.66533453693773E-15,-6.00000000000002));
#8363=CARTESIAN_POINT('',(6.60000000424683,0.2,-6.));
#8364=CARTESIAN_POINT('',(-5.675,0.2,-6.00000000000002));
#8365=CARTESIAN_POINT('',(6.60000000424683,2.4,-6.00000000000001));
#8366=CARTESIAN_POINT('Origin',(7.74999999999976,3.35,-5.40000000000001));
#8367=CARTESIAN_POINT('',(8.25000000000023,3.35,-5.40000000000001));
#8368=CARTESIAN_POINT('',(8.25000000000023,3.35,-5.40000000000001));
#8369=CARTESIAN_POINT('',(7.74999999999976,3.35,-5.40000000000001));
#8370=CARTESIAN_POINT('',(3.87499999999988,3.35,-5.40000000000001));
#8371=CARTESIAN_POINT('',(7.74999999999976,3.35,-5.40000000000001));
#8372=CARTESIAN_POINT('Origin',(8.25000000000023,3.35,-5.40000000000001));
#8373=CARTESIAN_POINT('',(8.25000000000023,2.85,-5.40000000000001));
#8374=CARTESIAN_POINT('',(8.25000000000023,2.85,-5.40000000000001));
#8375=CARTESIAN_POINT('',(8.25000000000023,1.675,-5.40000000000001));
#8376=CARTESIAN_POINT('Origin',(8.25000000000023,2.85,-5.40000000000001));
#8377=CARTESIAN_POINT('',(7.74999999999976,2.85,-5.40000000000001));
#8378=CARTESIAN_POINT('',(7.74999999999976,2.85,-5.40000000000001));
#8379=CARTESIAN_POINT('',(4.12500000000012,2.85,-5.40000000000001));
#8380=CARTESIAN_POINT('Origin',(7.74999999999976,2.85,-5.40000000000001));
#8381=CARTESIAN_POINT('',(7.74999999999976,1.425,-5.40000000000001));
#8382=CARTESIAN_POINT('Origin',(5.4,4.8,-5.7999998435378));
#8383=CARTESIAN_POINT('',(5.40000000692904,0.2,-6.));
#8384=CARTESIAN_POINT('',(5.4,0.2,-5.79999984353781));
#8385=CARTESIAN_POINT('',(5.3999998995289,0.2,-2.89999963161532));
#8386=CARTESIAN_POINT('',(5.40000000692904,2.4,-6.00000000000001));
#8387=CARTESIAN_POINT('',(5.4,4.8,-5.7999998435378));
#8388=CARTESIAN_POINT('Origin',(6.6,4.8,-5.7999998435378));
#8389=CARTESIAN_POINT('',(6.6,0.2,-5.79999984353781));
#8390=CARTESIAN_POINT('',(-2.375,0.2,-5.7999998435378));
#8391=CARTESIAN_POINT('',(6.6,4.8,-5.7999998435378));
#8392=CARTESIAN_POINT('',(6.25000000000023,2.85,-5.7999998435378));
#8393=CARTESIAN_POINT('',(5.74999999999976,2.85,-5.7999998435378));
#8394=CARTESIAN_POINT('',(6.42500000000012,2.85,-5.79999984353781));
#8395=CARTESIAN_POINT('',(6.25000000000023,3.35,-5.7999998435378));
#8396=CARTESIAN_POINT('',(6.25000000000023,4.075,-5.79999984353781));
#8397=CARTESIAN_POINT('',(5.74999999999976,3.35,-5.7999998435378));
#8398=CARTESIAN_POINT('',(6.17499999999988,3.35,-5.79999984353781));
#8399=CARTESIAN_POINT('',(5.74999999999976,3.825,-5.79999984353781));
#8400=CARTESIAN_POINT('Origin',(6.60000000424683,4.8,-6.));
#8401=CARTESIAN_POINT('',(6.59999994054437,0.2,-2.99999980942347));
#8402=CARTESIAN_POINT('Origin',(0.,-1.66533453693773E-15,-6.00000000000002));
#8403=CARTESIAN_POINT('',(4.60000000424683,0.2,-6.));
#8404=CARTESIAN_POINT('',(-5.675,0.2,-6.00000000000002));
#8405=CARTESIAN_POINT('',(4.60000000424683,2.4,-6.00000000000001));
#8406=CARTESIAN_POINT('Origin',(5.74999999999976,3.35,-5.40000000000001));
#8407=CARTESIAN_POINT('',(6.25000000000023,3.35,-5.40000000000001));
#8408=CARTESIAN_POINT('',(6.25000000000023,3.35,-5.40000000000001));
#8409=CARTESIAN_POINT('',(5.74999999999976,3.35,-5.40000000000001));
#8410=CARTESIAN_POINT('',(2.87499999999988,3.35,-5.40000000000001));
#8411=CARTESIAN_POINT('',(5.74999999999976,3.35,-5.40000000000001));
#8412=CARTESIAN_POINT('Origin',(6.25000000000023,3.35,-5.40000000000001));
#8413=CARTESIAN_POINT('',(6.25000000000023,2.85,-5.40000000000001));
#8414=CARTESIAN_POINT('',(6.25000000000023,2.85,-5.40000000000001));
#8415=CARTESIAN_POINT('',(6.25000000000023,1.675,-5.40000000000001));
#8416=CARTESIAN_POINT('Origin',(6.25000000000023,2.85,-5.40000000000001));
#8417=CARTESIAN_POINT('',(5.74999999999976,2.85,-5.40000000000001));
#8418=CARTESIAN_POINT('',(5.74999999999976,2.85,-5.40000000000001));
#8419=CARTESIAN_POINT('',(3.12500000000012,2.85,-5.40000000000001));
#8420=CARTESIAN_POINT('Origin',(5.74999999999976,2.85,-5.40000000000001));
#8421=CARTESIAN_POINT('',(5.74999999999976,1.425,-5.40000000000001));
#8422=CARTESIAN_POINT('Origin',(3.4,4.8,-5.7999998435378));
#8423=CARTESIAN_POINT('',(3.40000000692904,0.2,-6.));
#8424=CARTESIAN_POINT('',(3.4,0.2,-5.79999984353781));
#8425=CARTESIAN_POINT('',(3.3999998995289,0.2,-2.89999966626053));
#8426=CARTESIAN_POINT('',(3.40000000692904,2.4,-6.00000000000001));
#8427=CARTESIAN_POINT('',(3.4,4.8,-5.7999998435378));
#8428=CARTESIAN_POINT('Origin',(4.6,4.8,-5.7999998435378));
#8429=CARTESIAN_POINT('',(4.6,0.2,-5.79999984353781));
#8430=CARTESIAN_POINT('',(-3.375,0.2,-5.7999998435378));
#8431=CARTESIAN_POINT('',(4.6,4.8,-5.7999998435378));
#8432=CARTESIAN_POINT('',(4.25000000000023,2.85,-5.7999998435378));
#8433=CARTESIAN_POINT('',(3.74999999999976,2.85,-5.7999998435378));
#8434=CARTESIAN_POINT('',(4.42500000000012,2.85,-5.79999984353781));
#8435=CARTESIAN_POINT('',(4.25000000000023,3.35,-5.7999998435378));
#8436=CARTESIAN_POINT('',(4.25000000000023,4.075,-5.79999984353781));
#8437=CARTESIAN_POINT('',(3.74999999999976,3.35,-5.7999998435378));
#8438=CARTESIAN_POINT('',(4.17499999999988,3.35,-5.79999984353781));
#8439=CARTESIAN_POINT('',(3.74999999999976,3.825,-5.79999984353781));
#8440=CARTESIAN_POINT('Origin',(4.60000000424683,4.8,-6.));
#8441=CARTESIAN_POINT('',(4.59999994054437,0.2,-2.99999983065763));
#8442=CARTESIAN_POINT('Origin',(0.,-1.66533453693773E-15,-6.00000000000002));
#8443=CARTESIAN_POINT('',(2.60000000424683,0.2,-6.));
#8444=CARTESIAN_POINT('',(-5.675,0.2,-6.00000000000002));
#8445=CARTESIAN_POINT('',(2.60000000424683,2.4,-6.00000000000001));
#8446=CARTESIAN_POINT('Origin',(3.74999999999976,3.35,-5.40000000000001));
#8447=CARTESIAN_POINT('',(4.25000000000023,3.35,-5.40000000000001));
#8448=CARTESIAN_POINT('',(4.25000000000023,3.35,-5.40000000000001));
#8449=CARTESIAN_POINT('',(3.74999999999976,3.35,-5.40000000000001));
#8450=CARTESIAN_POINT('',(1.87499999999988,3.35,-5.40000000000001));
#8451=CARTESIAN_POINT('',(3.74999999999976,3.35,-5.40000000000001));
#8452=CARTESIAN_POINT('Origin',(4.25000000000023,3.35,-5.40000000000001));
#8453=CARTESIAN_POINT('',(4.25000000000023,2.85,-5.40000000000001));
#8454=CARTESIAN_POINT('',(4.25000000000023,2.85,-5.40000000000001));
#8455=CARTESIAN_POINT('',(4.25000000000023,1.675,-5.40000000000001));
#8456=CARTESIAN_POINT('Origin',(4.25000000000023,2.85,-5.40000000000001));
#8457=CARTESIAN_POINT('',(3.74999999999976,2.85,-5.40000000000001));
#8458=CARTESIAN_POINT('',(3.74999999999976,2.85,-5.40000000000001));
#8459=CARTESIAN_POINT('',(2.12500000000012,2.85,-5.40000000000001));
#8460=CARTESIAN_POINT('Origin',(3.74999999999976,2.85,-5.40000000000001));
#8461=CARTESIAN_POINT('',(3.74999999999976,1.425,-5.40000000000001));
#8462=CARTESIAN_POINT('Origin',(1.4,4.8,-5.7999998435378));
#8463=CARTESIAN_POINT('',(1.40000000692904,0.2,-6.));
#8464=CARTESIAN_POINT('',(1.4,0.2,-5.79999984353781));
#8465=CARTESIAN_POINT('',(1.3999998995289,0.2,-2.89999970090573));
#8466=CARTESIAN_POINT('',(1.40000000692904,2.4,-6.00000000000001));
#8467=CARTESIAN_POINT('',(1.4,4.8,-5.7999998435378));
#8468=CARTESIAN_POINT('Origin',(2.6,4.8,-5.7999998435378));
#8469=CARTESIAN_POINT('',(2.6,0.2,-5.79999984353781));
#8470=CARTESIAN_POINT('',(-4.375,0.2,-5.7999998435378));
#8471=CARTESIAN_POINT('',(2.6,4.8,-5.7999998435378));
#8472=CARTESIAN_POINT('',(2.25000000000024,2.85,-5.7999998435378));
#8473=CARTESIAN_POINT('',(1.74999999999976,2.85,-5.7999998435378));
#8474=CARTESIAN_POINT('',(2.42500000000012,2.85,-5.79999984353781));
#8475=CARTESIAN_POINT('',(2.25000000000024,3.35,-5.7999998435378));
#8476=CARTESIAN_POINT('',(2.25000000000024,4.075,-5.79999984353781));
#8477=CARTESIAN_POINT('',(1.74999999999976,3.35,-5.7999998435378));
#8478=CARTESIAN_POINT('',(2.17499999999988,3.35,-5.79999984353781));
#8479=CARTESIAN_POINT('',(1.74999999999976,3.825,-5.79999984353781));
#8480=CARTESIAN_POINT('Origin',(2.60000000424683,4.8,-6.));
#8481=CARTESIAN_POINT('',(2.59999994054437,0.2,-2.99999985189178));
#8482=CARTESIAN_POINT('Origin',(0.,-1.66533453693773E-15,-6.00000000000002));
#8483=CARTESIAN_POINT('',(0.60000000424683,0.2,-6.));
#8484=CARTESIAN_POINT('',(-5.675,0.2,-6.00000000000002));
#8485=CARTESIAN_POINT('',(0.60000000424683,2.4,-6.00000000000001));
#8486=CARTESIAN_POINT('Origin',(1.74999999999976,3.35,-5.40000000000001));
#8487=CARTESIAN_POINT('',(2.25000000000024,3.35,-5.40000000000001));
#8488=CARTESIAN_POINT('',(2.25000000000024,3.35,-5.40000000000001));
#8489=CARTESIAN_POINT('',(1.74999999999976,3.35,-5.40000000000001));
#8490=CARTESIAN_POINT('',(0.874999999999879,3.35,-5.40000000000001));
#8491=CARTESIAN_POINT('',(1.74999999999976,3.35,-5.40000000000001));
#8492=CARTESIAN_POINT('Origin',(2.25000000000024,3.35,-5.40000000000001));
#8493=CARTESIAN_POINT('',(2.25000000000024,2.85,-5.40000000000001));
#8494=CARTESIAN_POINT('',(2.25000000000024,2.85,-5.40000000000001));
#8495=CARTESIAN_POINT('',(2.25000000000024,1.675,-5.40000000000001));
#8496=CARTESIAN_POINT('Origin',(2.25000000000024,2.85,-5.40000000000001));
#8497=CARTESIAN_POINT('',(1.74999999999976,2.85,-5.40000000000001));
#8498=CARTESIAN_POINT('',(1.74999999999976,2.85,-5.40000000000001));
#8499=CARTESIAN_POINT('',(1.12500000000012,2.85,-5.40000000000001));
#8500=CARTESIAN_POINT('Origin',(1.74999999999976,2.85,-5.40000000000001));
#8501=CARTESIAN_POINT('',(1.74999999999976,1.425,-5.40000000000001));
#8502=CARTESIAN_POINT('Origin',(-0.600000000000005,4.8,-5.7999998435378));
#8503=CARTESIAN_POINT('',(-0.599999993070959,0.2,-6.));
#8504=CARTESIAN_POINT('',(-0.600000000000005,0.2,-5.79999984353781));
#8505=CARTESIAN_POINT('',(-0.600000100471101,0.2,-2.89999973555093));
#8506=CARTESIAN_POINT('',(-0.599999993070959,2.4,-6.00000000000001));
#8507=CARTESIAN_POINT('',(-0.600000000000005,4.8,-5.7999998435378));
#8508=CARTESIAN_POINT('Origin',(0.599999999999996,4.8,-5.7999998435378));
#8509=CARTESIAN_POINT('',(0.599999999999996,0.2,-5.79999984353781));
#8510=CARTESIAN_POINT('',(-5.375,0.2,-5.7999998435378));
#8511=CARTESIAN_POINT('',(0.599999999999996,4.8,-5.7999998435378));
#8512=CARTESIAN_POINT('',(0.250000000000233,2.85,-5.7999998435378));
#8513=CARTESIAN_POINT('',(-0.250000000000243,2.85,-5.7999998435378));
#8514=CARTESIAN_POINT('',(0.425000000000115,2.85,-5.79999984353781));
#8515=CARTESIAN_POINT('',(0.250000000000233,3.35,-5.7999998435378));
#8516=CARTESIAN_POINT('',(0.250000000000233,4.075,-5.79999984353781));
#8517=CARTESIAN_POINT('',(-0.250000000000243,3.35,-5.7999998435378));
#8518=CARTESIAN_POINT('',(0.174999999999876,3.35,-5.79999984353781));
#8519=CARTESIAN_POINT('',(-0.250000000000243,3.825,-5.79999984353781));
#8520=CARTESIAN_POINT('Origin',(0.60000000424683,4.8,-6.));
#8521=CARTESIAN_POINT('',(0.599999940544368,0.2,-2.99999987312593));
#8522=CARTESIAN_POINT('Origin',(0.,-1.66533453693773E-15,-6.00000000000002));
#8523=CARTESIAN_POINT('',(-1.39999999575317,0.2,-6.));
#8524=CARTESIAN_POINT('',(-5.675,0.2,-6.00000000000002));
#8525=CARTESIAN_POINT('',(-1.39999999575317,2.4,-6.00000000000001));
#8526=CARTESIAN_POINT('Origin',(-0.250000000000243,3.35,-5.40000000000001));
#8527=CARTESIAN_POINT('',(0.250000000000233,3.35,-5.40000000000001));
#8528=CARTESIAN_POINT('',(0.250000000000233,3.35,-5.40000000000001));
#8529=CARTESIAN_POINT('',(-0.250000000000243,3.35,-5.40000000000001));
#8530=CARTESIAN_POINT('',(-0.125000000000122,3.35,-5.40000000000001));
#8531=CARTESIAN_POINT('',(-0.250000000000243,3.35,-5.40000000000001));
#8532=CARTESIAN_POINT('Origin',(0.250000000000233,3.35,-5.40000000000001));
#8533=CARTESIAN_POINT('',(0.250000000000233,2.85,-5.40000000000001));
#8534=CARTESIAN_POINT('',(0.250000000000233,2.85,-5.40000000000001));
#8535=CARTESIAN_POINT('',(0.250000000000233,1.675,-5.40000000000001));
#8536=CARTESIAN_POINT('Origin',(0.250000000000233,2.85,-5.40000000000001));
#8537=CARTESIAN_POINT('',(-0.250000000000243,2.85,-5.40000000000001));
#8538=CARTESIAN_POINT('',(-0.250000000000243,2.85,-5.40000000000001));
#8539=CARTESIAN_POINT('',(0.125000000000117,2.85,-5.40000000000001));
#8540=CARTESIAN_POINT('Origin',(-0.250000000000243,2.85,-5.40000000000001));
#8541=CARTESIAN_POINT('',(-0.250000000000243,1.425,-5.40000000000001));
#8542=CARTESIAN_POINT('Origin',(-2.6,4.8,-5.7999998435378));
#8543=CARTESIAN_POINT('',(-2.59999999307096,0.2,-6.));
#8544=CARTESIAN_POINT('',(-2.6,0.2,-5.79999984353781));
#8545=CARTESIAN_POINT('',(-2.6000001004711,0.2,-2.89999977019614));
#8546=CARTESIAN_POINT('',(-2.59999999307096,2.4,-6.00000000000001));
#8547=CARTESIAN_POINT('',(-2.6,4.8,-5.7999998435378));
#8548=CARTESIAN_POINT('Origin',(-1.4,4.8,-5.7999998435378));
#8549=CARTESIAN_POINT('',(-1.4,0.2,-5.79999984353781));
#8550=CARTESIAN_POINT('',(-6.375,0.2,-5.7999998435378));
#8551=CARTESIAN_POINT('',(-1.4,4.8,-5.7999998435378));
#8552=CARTESIAN_POINT('',(-1.74999999999977,2.85,-5.7999998435378));
#8553=CARTESIAN_POINT('',(-2.25000000000024,2.85,-5.7999998435378));
#8554=CARTESIAN_POINT('',(-1.57499999999988,2.85,-5.79999984353781));
#8555=CARTESIAN_POINT('',(-1.74999999999977,3.35,-5.7999998435378));
#8556=CARTESIAN_POINT('',(-1.74999999999977,4.075,-5.79999984353781));
#8557=CARTESIAN_POINT('',(-2.25000000000024,3.35,-5.7999998435378));
#8558=CARTESIAN_POINT('',(-1.82500000000012,3.35,-5.79999984353781));
#8559=CARTESIAN_POINT('',(-2.25000000000024,3.825,-5.79999984353781));
#8560=CARTESIAN_POINT('Origin',(-1.39999999575317,4.8,-6.));
#8561=CARTESIAN_POINT('',(-1.40000005945563,0.2,-2.99999989436009));
#8562=CARTESIAN_POINT('Origin',(0.,-1.66533453693773E-15,-6.00000000000002));
#8563=CARTESIAN_POINT('',(-3.39999999575317,0.2,-6.));
#8564=CARTESIAN_POINT('',(-5.675,0.2,-6.00000000000002));
#8565=CARTESIAN_POINT('',(-3.39999999575317,2.4,-6.00000000000001));
#8566=CARTESIAN_POINT('Origin',(-2.25000000000024,3.35,-5.40000000000001));
#8567=CARTESIAN_POINT('',(-1.74999999999977,3.35,-5.40000000000001));
#8568=CARTESIAN_POINT('',(-1.74999999999977,3.35,-5.40000000000001));
#8569=CARTESIAN_POINT('',(-2.25000000000024,3.35,-5.40000000000001));
#8570=CARTESIAN_POINT('',(-1.12500000000012,3.35,-5.40000000000001));
#8571=CARTESIAN_POINT('',(-2.25000000000024,3.35,-5.40000000000001));
#8572=CARTESIAN_POINT('Origin',(-1.74999999999977,3.35,-5.40000000000001));
#8573=CARTESIAN_POINT('',(-1.74999999999977,2.85,-5.40000000000001));
#8574=CARTESIAN_POINT('',(-1.74999999999977,2.85,-5.40000000000001));
#8575=CARTESIAN_POINT('',(-1.74999999999977,1.675,-5.40000000000001));
#8576=CARTESIAN_POINT('Origin',(-1.74999999999977,2.85,-5.40000000000001));
#8577=CARTESIAN_POINT('',(-2.25000000000024,2.85,-5.40000000000001));
#8578=CARTESIAN_POINT('',(-2.25000000000024,2.85,-5.40000000000001));
#8579=CARTESIAN_POINT('',(-0.874999999999883,2.85,-5.40000000000001));
#8580=CARTESIAN_POINT('Origin',(-2.25000000000024,2.85,-5.40000000000001));
#8581=CARTESIAN_POINT('',(-2.25000000000024,1.425,-5.40000000000001));
#8582=CARTESIAN_POINT('Origin',(-4.6,4.8,-5.7999998435378));
#8583=CARTESIAN_POINT('',(-4.59999999307096,0.2,-6.));
#8584=CARTESIAN_POINT('',(-4.6,0.2,-5.79999984353781));
#8585=CARTESIAN_POINT('',(-4.6000001004711,0.2,-2.89999980484134));
#8586=CARTESIAN_POINT('',(-4.59999999307096,2.4,-6.00000000000001));
#8587=CARTESIAN_POINT('',(-4.6,4.8,-5.7999998435378));
#8588=CARTESIAN_POINT('Origin',(-3.4,4.8,-5.7999998435378));
#8589=CARTESIAN_POINT('',(-3.4,0.2,-5.79999984353781));
#8590=CARTESIAN_POINT('',(-7.375,0.2,-5.7999998435378));
#8591=CARTESIAN_POINT('',(-3.4,4.8,-5.7999998435378));
#8592=CARTESIAN_POINT('',(-3.74999999999977,2.85,-5.7999998435378));
#8593=CARTESIAN_POINT('',(-4.25000000000024,2.85,-5.7999998435378));
#8594=CARTESIAN_POINT('',(-3.57499999999988,2.85,-5.79999984353781));
#8595=CARTESIAN_POINT('',(-3.74999999999977,3.35,-5.7999998435378));
#8596=CARTESIAN_POINT('',(-3.74999999999977,4.075,-5.79999984353781));
#8597=CARTESIAN_POINT('',(-4.25000000000024,3.35,-5.7999998435378));
#8598=CARTESIAN_POINT('',(-3.82500000000012,3.35,-5.79999984353781));
#8599=CARTESIAN_POINT('',(-4.25000000000024,3.825,-5.79999984353781));
#8600=CARTESIAN_POINT('Origin',(-3.39999999575317,4.8,-6.));
#8601=CARTESIAN_POINT('',(-3.40000005945563,0.2,-2.99999991559424));
#8602=CARTESIAN_POINT('Origin',(0.,-1.66533453693773E-15,-6.00000000000002));
#8603=CARTESIAN_POINT('',(-5.39999999575317,0.2,-6.));
#8604=CARTESIAN_POINT('',(-5.675,0.2,-6.00000000000002));
#8605=CARTESIAN_POINT('',(-5.39999999575317,2.4,-6.00000000000001));
#8606=CARTESIAN_POINT('Origin',(-4.25000000000024,3.35,-5.40000000000001));
#8607=CARTESIAN_POINT('',(-3.74999999999977,3.35,-5.40000000000001));
#8608=CARTESIAN_POINT('',(-3.74999999999977,3.35,-5.40000000000001));
#8609=CARTESIAN_POINT('',(-4.25000000000024,3.35,-5.40000000000001));
#8610=CARTESIAN_POINT('',(-2.12500000000012,3.35,-5.40000000000001));
#8611=CARTESIAN_POINT('',(-4.25000000000024,3.35,-5.40000000000001));
#8612=CARTESIAN_POINT('Origin',(-3.74999999999977,3.35,-5.40000000000001));
#8613=CARTESIAN_POINT('',(-3.74999999999977,2.85,-5.40000000000001));
#8614=CARTESIAN_POINT('',(-3.74999999999977,2.85,-5.40000000000001));
#8615=CARTESIAN_POINT('',(-3.74999999999977,1.675,-5.40000000000001));
#8616=CARTESIAN_POINT('Origin',(-3.74999999999977,2.85,-5.40000000000001));
#8617=CARTESIAN_POINT('',(-4.25000000000024,2.85,-5.40000000000001));
#8618=CARTESIAN_POINT('',(-4.25000000000024,2.85,-5.40000000000001));
#8619=CARTESIAN_POINT('',(-1.87499999999988,2.85,-5.40000000000001));
#8620=CARTESIAN_POINT('Origin',(-4.25000000000024,2.85,-5.40000000000001));
#8621=CARTESIAN_POINT('',(-4.25000000000024,1.425,-5.40000000000001));
#8622=CARTESIAN_POINT('Origin',(-6.6,4.8,-5.7999998435378));
#8623=CARTESIAN_POINT('',(-6.59999999307096,0.2,-6.));
#8624=CARTESIAN_POINT('',(-6.6,0.2,-5.79999984353781));
#8625=CARTESIAN_POINT('',(-6.6000001004711,0.2,-2.89999983948655));
#8626=CARTESIAN_POINT('',(-6.59999999307096,2.4,-6.00000000000001));
#8627=CARTESIAN_POINT('',(-6.6,4.8,-5.7999998435378));
#8628=CARTESIAN_POINT('Origin',(-5.4,4.8,-5.7999998435378));
#8629=CARTESIAN_POINT('',(-5.4,0.2,-5.79999984353781));
#8630=CARTESIAN_POINT('',(-8.375,0.2,-5.7999998435378));
#8631=CARTESIAN_POINT('',(-5.4,4.8,-5.7999998435378));
#8632=CARTESIAN_POINT('',(-5.74999999999977,2.85,-5.7999998435378));
#8633=CARTESIAN_POINT('',(-6.25000000000024,2.85,-5.7999998435378));
#8634=CARTESIAN_POINT('',(-5.57499999999989,2.85,-5.79999984353781));
#8635=CARTESIAN_POINT('',(-5.74999999999977,3.35,-5.7999998435378));
#8636=CARTESIAN_POINT('',(-5.74999999999977,4.075,-5.79999984353781));
#8637=CARTESIAN_POINT('',(-6.25000000000024,3.35,-5.7999998435378));
#8638=CARTESIAN_POINT('',(-5.82500000000012,3.35,-5.79999984353781));
#8639=CARTESIAN_POINT('',(-6.25000000000024,3.825,-5.79999984353781));
#8640=CARTESIAN_POINT('Origin',(-5.39999999575317,4.8,-6.));
#8641=CARTESIAN_POINT('',(-5.40000005945563,0.2,-2.99999993682839));
#8642=CARTESIAN_POINT('Origin',(0.,-1.66533453693773E-15,-6.00000000000002));
#8643=CARTESIAN_POINT('',(-7.39999999575317,0.2,-6.));
#8644=CARTESIAN_POINT('',(-5.675,0.2,-6.00000000000002));
#8645=CARTESIAN_POINT('',(-7.39999999575317,2.4,-6.00000000000001));
#8646=CARTESIAN_POINT('Origin',(-6.25000000000024,3.35,-5.40000000000001));
#8647=CARTESIAN_POINT('',(-5.74999999999977,3.35,-5.40000000000001));
#8648=CARTESIAN_POINT('',(-5.74999999999977,3.35,-5.40000000000001));
#8649=CARTESIAN_POINT('',(-6.25000000000024,3.35,-5.40000000000001));
#8650=CARTESIAN_POINT('',(-3.12500000000012,3.35,-5.40000000000001));
#8651=CARTESIAN_POINT('',(-6.25000000000024,3.35,-5.40000000000001));
#8652=CARTESIAN_POINT('Origin',(-5.74999999999977,3.35,-5.40000000000001));
#8653=CARTESIAN_POINT('',(-5.74999999999977,2.85,-5.40000000000001));
#8654=CARTESIAN_POINT('',(-5.74999999999977,2.85,-5.40000000000001));
#8655=CARTESIAN_POINT('',(-5.74999999999977,1.675,-5.40000000000001));
#8656=CARTESIAN_POINT('Origin',(-5.74999999999977,2.85,-5.40000000000001));
#8657=CARTESIAN_POINT('',(-6.25000000000024,2.85,-5.40000000000001));
#8658=CARTESIAN_POINT('',(-6.25000000000024,2.85,-5.40000000000001));
#8659=CARTESIAN_POINT('',(-2.87499999999988,2.85,-5.40000000000001));
#8660=CARTESIAN_POINT('Origin',(-6.25000000000024,2.85,-5.40000000000001));
#8661=CARTESIAN_POINT('',(-6.25000000000024,1.425,-5.40000000000001));
#8662=CARTESIAN_POINT('Origin',(-8.6,4.8,-5.7999998435378));
#8663=CARTESIAN_POINT('',(-8.59999999307096,0.2,-6.));
#8664=CARTESIAN_POINT('',(-8.6,0.2,-5.79999984353781));
#8665=CARTESIAN_POINT('',(-8.6000001004711,0.2,-2.89999987413175));
#8666=CARTESIAN_POINT('',(-8.59999999307096,2.4,-6.00000000000001));
#8667=CARTESIAN_POINT('',(-8.6,4.8,-5.7999998435378));
#8668=CARTESIAN_POINT('Origin',(-7.4,4.8,-5.7999998435378));
#8669=CARTESIAN_POINT('',(-7.4,0.2,-5.79999984353781));
#8670=CARTESIAN_POINT('',(-9.375,0.2,-5.7999998435378));
#8671=CARTESIAN_POINT('',(-7.4,4.8,-5.7999998435378));
#8672=CARTESIAN_POINT('',(-7.74999999999977,2.85,-5.7999998435378));
#8673=CARTESIAN_POINT('',(-8.25000000000024,2.85,-5.7999998435378));
#8674=CARTESIAN_POINT('',(-7.57499999999989,2.85,-5.79999984353781));
#8675=CARTESIAN_POINT('',(-7.74999999999977,3.35,-5.7999998435378));
#8676=CARTESIAN_POINT('',(-7.74999999999977,4.075,-5.79999984353781));
#8677=CARTESIAN_POINT('',(-8.25000000000024,3.35,-5.7999998435378));
#8678=CARTESIAN_POINT('',(-7.82500000000012,3.35,-5.79999984353781));
#8679=CARTESIAN_POINT('',(-8.25000000000024,3.825,-5.79999984353781));
#8680=CARTESIAN_POINT('Origin',(-7.39999999575317,4.8,-6.));
#8681=CARTESIAN_POINT('',(-7.40000005945563,0.2,-2.99999995806255));
#8682=CARTESIAN_POINT('Origin',(0.,-1.66533453693773E-15,-6.00000000000002));
#8683=CARTESIAN_POINT('',(-9.39999999575317,0.2,-6.));
#8684=CARTESIAN_POINT('',(-5.675,0.2,-6.00000000000002));
#8685=CARTESIAN_POINT('',(-9.39999999575317,2.4,-6.00000000000001));
#8686=CARTESIAN_POINT('Origin',(-8.25000000000024,3.35,-5.40000000000001));
#8687=CARTESIAN_POINT('',(-7.74999999999977,3.35,-5.40000000000001));
#8688=CARTESIAN_POINT('',(-7.74999999999977,3.35,-5.40000000000001));
#8689=CARTESIAN_POINT('',(-8.25000000000024,3.35,-5.40000000000001));
#8690=CARTESIAN_POINT('',(-4.12500000000012,3.35,-5.40000000000001));
#8691=CARTESIAN_POINT('',(-8.25000000000024,3.35,-5.40000000000001));
#8692=CARTESIAN_POINT('Origin',(-7.74999999999977,3.35,-5.40000000000001));
#8693=CARTESIAN_POINT('',(-7.74999999999977,2.85,-5.40000000000001));
#8694=CARTESIAN_POINT('',(-7.74999999999977,2.85,-5.40000000000001));
#8695=CARTESIAN_POINT('',(-7.74999999999977,1.675,-5.40000000000001));
#8696=CARTESIAN_POINT('Origin',(-7.74999999999977,2.85,-5.40000000000001));
#8697=CARTESIAN_POINT('',(-8.25000000000024,2.85,-5.40000000000001));
#8698=CARTESIAN_POINT('',(-8.25000000000024,2.85,-5.40000000000001));
#8699=CARTESIAN_POINT('',(-3.87499999999988,2.85,-5.40000000000001));
#8700=CARTESIAN_POINT('Origin',(-8.25000000000024,2.85,-5.40000000000001));
#8701=CARTESIAN_POINT('',(-8.25000000000024,1.425,-5.40000000000001));
#8702=CARTESIAN_POINT('Origin',(-9.39999999575317,4.8,-6.));
#8703=CARTESIAN_POINT('',(-9.40000005945563,0.2,-2.9999999792967));
#8704=CARTESIAN_POINT('Origin',(-10.6,4.8,-5.7999998435378));
#8705=CARTESIAN_POINT('',(-10.599999993071,0.2,-6.));
#8706=CARTESIAN_POINT('',(-10.6000001004711,0.2,-2.89999990877695));
#8707=CARTESIAN_POINT('',(-10.599999993071,2.4,-6.00000000000001));
#8708=CARTESIAN_POINT('Origin',(-11.35,0.2,0.));
#8709=CARTESIAN_POINT('',(11.35,0.2,0.));
#8710=CARTESIAN_POINT('',(11.35,0.2,0.));
#8711=CARTESIAN_POINT('',(-11.35,0.2,0.));
#8712=CARTESIAN_POINT('',(-5.675,0.2,-1.92592994438724E-33));
#8713=CARTESIAN_POINT('',(-11.35,0.2,0.));
#8714=CARTESIAN_POINT('',(-5.675,0.2,-6.00000000000002));
#8715=CARTESIAN_POINT('Origin',(-10.2500000000002,3.35,-5.40000000000001));
#8716=CARTESIAN_POINT('',(-9.74999999999977,3.35,-5.40000000000001));
#8717=CARTESIAN_POINT('',(-9.74999999999977,3.35,-5.40000000000001));
#8718=CARTESIAN_POINT('',(-10.2500000000002,3.35,-5.40000000000001));
#8719=CARTESIAN_POINT('',(-5.12500000000012,3.35,-5.40000000000001));
#8720=CARTESIAN_POINT('',(-10.2500000000002,3.35,-5.40000000000001));
#8721=CARTESIAN_POINT('Origin',(-9.74999999999977,3.35,-5.40000000000001));
#8722=CARTESIAN_POINT('',(-9.74999999999977,2.85,-5.40000000000001));
#8723=CARTESIAN_POINT('',(-9.74999999999977,2.85,-5.40000000000001));
#8724=CARTESIAN_POINT('',(-9.74999999999977,1.675,-5.40000000000001));
#8725=CARTESIAN_POINT('Origin',(-9.74999999999977,2.85,-5.40000000000001));
#8726=CARTESIAN_POINT('',(-10.2500000000002,2.85,-5.40000000000001));
#8727=CARTESIAN_POINT('',(-10.2500000000002,2.85,-5.40000000000001));
#8728=CARTESIAN_POINT('',(-4.87499999999988,2.85,-5.40000000000001));
#8729=CARTESIAN_POINT('Origin',(-10.2500000000002,2.85,-5.40000000000001));
#8730=CARTESIAN_POINT('',(-10.2500000000002,1.425,-5.40000000000001));
#8731=CARTESIAN_POINT('Origin',(-11.35,0.8,0.));
#8732=CARTESIAN_POINT('',(-5.675,0.8,-5.40000000000002));
#8733=CARTESIAN_POINT('',(-5.675,0.8,-7.70371977754894E-33));
#8734=CARTESIAN_POINT('Origin',(0.,-3.88578058618805E-15,-5.40000000000002));
#8735=CARTESIAN_POINT('Origin',(-11.35,0.,0.));
#8736=CARTESIAN_POINT('',(-11.35,0.,0.));
#8737=CARTESIAN_POINT('',(-11.35,2.4,-2.31111593326468E-32));
#8738=CARTESIAN_POINT('',(-11.35,0.,0.));
#8739=CARTESIAN_POINT('Origin',(11.35,0.2,0.));
#8740=CARTESIAN_POINT('',(11.35,0.,0.));
#8741=CARTESIAN_POINT('',(11.35,0.,1.83697019872103E-17));
#8742=CARTESIAN_POINT('',(11.35,2.5,-2.40741243048404E-32));
#8743=CARTESIAN_POINT('Origin',(0.,4.8,-4.62223186652937E-32));
#8744=CARTESIAN_POINT('',(0.,0.,0.));
#8745=CARTESIAN_POINT('',(11.95,0.,0.));
#8746=CARTESIAN_POINT('',(0.,0.,0.));
#8747=CARTESIAN_POINT('',(11.95,0.,0.));
#8748=CARTESIAN_POINT('Origin',(0.,0.,0.));
#8749=CARTESIAN_POINT('',(11.95,-1.39609735102798E-15,-7.6));
#8750=CARTESIAN_POINT('Origin',(0.,0.,0.));
#8751=CARTESIAN_POINT('Origin',(0.,-1.66533453693773E-15,-6.00000000000002));
#8752=CARTESIAN_POINT('Origin',(11.95,2.4,-3.));
#8753=CARTESIAN_POINT('Origin',(-10.125,-3.35,-6.45));
#8754=CARTESIAN_POINT('',(-9.85,-3.4,-6.4));
#8755=CARTESIAN_POINT('',(-10.15,-3.4,-6.4));
#8756=CARTESIAN_POINT('',(-10.125,-3.4,-6.4));
#8757=CARTESIAN_POINT('',(-10.25,-3.3,-6.5));
#8758=CARTESIAN_POINT('',(-10.15,-3.4,-6.4));
#8759=CARTESIAN_POINT('',(-9.75,-3.3,-6.5));
#8760=CARTESIAN_POINT('',(-10.125,-3.3,-6.5));
#8761=CARTESIAN_POINT('',(-9.85,-3.4,-6.4));
#8762=CARTESIAN_POINT('Origin',(-10.2,-3.35,-3.125));
#8763=CARTESIAN_POINT('',(-10.15,-3.4,-6.1));
#8764=CARTESIAN_POINT('',(-10.15,-3.4,-3.125));
#8765=CARTESIAN_POINT('',(-10.25,-3.3,-6.));
#8766=CARTESIAN_POINT('',(-10.15,-3.4,-6.1));
#8767=CARTESIAN_POINT('',(-10.25,-3.3,-3.125));
#8768=CARTESIAN_POINT('Origin',(-9.87500000000001,-3.35,-6.05));
#8769=CARTESIAN_POINT('',(-9.85,-3.4,-6.1));
#8770=CARTESIAN_POINT('',(-9.87500000000001,-3.4,-6.1));
#8771=CARTESIAN_POINT('',(-9.75,-3.3,-6.));
#8772=CARTESIAN_POINT('',(-9.85,-3.4,-6.1));
#8773=CARTESIAN_POINT('',(-9.87500000000001,-3.3,-6.));
#8774=CARTESIAN_POINT('Origin',(-9.8,-3.35,-3.125));
#8775=CARTESIAN_POINT('',(-9.75,-3.3,-3.125));
#8776=CARTESIAN_POINT('',(-9.85,-3.4,-3.125));
#8777=CARTESIAN_POINT('Origin',(-9.75,3.35,0.));
#8778=CARTESIAN_POINT('',(-9.75,2.6,-6.5));
#8779=CARTESIAN_POINT('',(-9.75,2.6,-6.5));
#8780=CARTESIAN_POINT('',(-9.75,3.35,-5.75));
#8781=CARTESIAN_POINT('Origin',(-9.75,2.6,-5.75));
#8782=CARTESIAN_POINT('',(-9.75,3.35,-0.1));
#8783=CARTESIAN_POINT('',(-9.75,3.35,0.));
#8784=CARTESIAN_POINT('',(-9.75,2.85,-0.1));
#8785=CARTESIAN_POINT('',(-9.75,3.225,-0.1));
#8786=CARTESIAN_POINT('',(-9.75,2.85,-5.75));
#8787=CARTESIAN_POINT('',(-9.75,2.85,0.));
#8788=CARTESIAN_POINT('',(-9.75,2.6,-6.));
#8789=CARTESIAN_POINT('Origin',(-9.75,2.6,-5.75));
#8790=CARTESIAN_POINT('',(-9.75,2.6,-6.));
#8791=CARTESIAN_POINT('Origin',(-10.25,2.6,-6.5));
#8792=CARTESIAN_POINT('',(-10.25,2.6,-6.5));
#8793=CARTESIAN_POINT('',(-10.25,2.6,-6.5));
#8794=CARTESIAN_POINT('',(-10.25,2.6,-6.5));
#8795=CARTESIAN_POINT('Origin',(-10.,-3.4,-6.25));
#8796=CARTESIAN_POINT('Origin',(-10.2,2.975,-0.05));
#8797=CARTESIAN_POINT('',(-10.25,3.35,-0.1));
#8798=CARTESIAN_POINT('',(-10.25,2.85,-0.1));
#8799=CARTESIAN_POINT('',(-10.25,2.975,-0.1));
#8800=CARTESIAN_POINT('',(-10.15,2.95,0.));
#8801=CARTESIAN_POINT('',(-10.25,2.85,-0.1));
#8802=CARTESIAN_POINT('',(-10.15,3.25,0.));
#8803=CARTESIAN_POINT('',(-10.15,2.975,0.));
#8804=CARTESIAN_POINT('',(-10.25,3.35,-0.1));
#8805=CARTESIAN_POINT('Origin',(-9.87500000000001,2.9,-0.05));
#8806=CARTESIAN_POINT('',(-9.87500000000001,2.85,-0.1));
#8807=CARTESIAN_POINT('',(-9.85,2.95,0.));
#8808=CARTESIAN_POINT('',(-9.75,2.85,-0.1));
#8809=CARTESIAN_POINT('',(-9.87500000000001,2.95,0.));
#8810=CARTESIAN_POINT('Origin',(-10.125,3.3,-0.05));
#8811=CARTESIAN_POINT('',(-9.85,3.25,0.));
#8812=CARTESIAN_POINT('',(-10.125,3.25,0.));
#8813=CARTESIAN_POINT('',(-9.85,3.25,0.));
#8814=CARTESIAN_POINT('',(-10.125,3.35,-0.1));
#8815=CARTESIAN_POINT('Origin',(-9.8,3.225,-0.05));
#8816=CARTESIAN_POINT('',(-9.85,3.225,0.));
#8817=CARTESIAN_POINT('Origin',(-9.75,2.85,0.));
#8818=CARTESIAN_POINT('',(-10.25,2.85,-5.75));
#8819=CARTESIAN_POINT('',(-10.25,2.85,0.));
#8820=CARTESIAN_POINT('',(-9.75,2.85,-5.75));
#8821=CARTESIAN_POINT('Origin',(-10.25,2.85,0.));
#8822=CARTESIAN_POINT('',(-10.25,2.6,-6.));
#8823=CARTESIAN_POINT('',(-10.25,2.6,-6.));
#8824=CARTESIAN_POINT('Origin',(-10.25,2.6,-5.75));
#8825=CARTESIAN_POINT('',(-10.25,3.35,-5.75));
#8826=CARTESIAN_POINT('',(-10.25,3.35,0.));
#8827=CARTESIAN_POINT('Origin',(-10.25,2.6,-5.75));
#8828=CARTESIAN_POINT('Origin',(-10.,3.1,0.));
#8829=CARTESIAN_POINT('Origin',(-9.75,2.6,-6.));
#8830=CARTESIAN_POINT('',(-9.75,2.6,-6.));
#8831=CARTESIAN_POINT('Origin',(-10.,2.6,-5.75));
#8832=CARTESIAN_POINT('Origin',(-10.,2.6,-5.75));
#8833=CARTESIAN_POINT('',(-10.25,3.35,-5.75));
#8834=CARTESIAN_POINT('Origin',(-10.25,3.35,0.));
#8835=CARTESIAN_POINT('Origin',(-8.125,-3.35,-6.45));
#8836=CARTESIAN_POINT('',(-7.85,-3.4,-6.4));
#8837=CARTESIAN_POINT('',(-8.15,-3.4,-6.4));
#8838=CARTESIAN_POINT('',(-8.125,-3.4,-6.4));
#8839=CARTESIAN_POINT('',(-8.25,-3.3,-6.5));
#8840=CARTESIAN_POINT('',(-8.15,-3.4,-6.4));
#8841=CARTESIAN_POINT('',(-7.75,-3.3,-6.5));
#8842=CARTESIAN_POINT('',(-8.125,-3.3,-6.5));
#8843=CARTESIAN_POINT('',(-7.85,-3.4,-6.4));
#8844=CARTESIAN_POINT('Origin',(-8.2,-3.35,-3.125));
#8845=CARTESIAN_POINT('',(-8.15,-3.4,-6.1));
#8846=CARTESIAN_POINT('',(-8.15,-3.4,-3.125));
#8847=CARTESIAN_POINT('',(-8.25,-3.3,-6.));
#8848=CARTESIAN_POINT('',(-8.15,-3.4,-6.1));
#8849=CARTESIAN_POINT('',(-8.25,-3.3,-3.125));
#8850=CARTESIAN_POINT('Origin',(-7.87500000000001,-3.35,-6.05));
#8851=CARTESIAN_POINT('',(-7.85,-3.4,-6.1));
#8852=CARTESIAN_POINT('',(-7.87500000000001,-3.4,-6.1));
#8853=CARTESIAN_POINT('',(-7.75,-3.3,-6.));
#8854=CARTESIAN_POINT('',(-7.85,-3.4,-6.1));
#8855=CARTESIAN_POINT('',(-7.87500000000001,-3.3,-6.));
#8856=CARTESIAN_POINT('Origin',(-7.8,-3.35,-3.125));
#8857=CARTESIAN_POINT('',(-7.75,-3.3,-3.125));
#8858=CARTESIAN_POINT('',(-7.85,-3.4,-3.125));
#8859=CARTESIAN_POINT('Origin',(-7.75,3.35,0.));
#8860=CARTESIAN_POINT('',(-7.75,2.6,-6.5));
#8861=CARTESIAN_POINT('',(-7.75,2.6,-6.5));
#8862=CARTESIAN_POINT('',(-7.75,3.35,-5.75));
#8863=CARTESIAN_POINT('Origin',(-7.75,2.6,-5.75));
#8864=CARTESIAN_POINT('',(-7.75,3.35,-0.1));
#8865=CARTESIAN_POINT('',(-7.75,3.35,0.));
#8866=CARTESIAN_POINT('',(-7.75,2.85,-0.1));
#8867=CARTESIAN_POINT('',(-7.75,3.225,-0.1));
#8868=CARTESIAN_POINT('',(-7.75,2.85,-5.75));
#8869=CARTESIAN_POINT('',(-7.75,2.85,0.));
#8870=CARTESIAN_POINT('',(-7.75,2.6,-6.));
#8871=CARTESIAN_POINT('Origin',(-7.75,2.6,-5.75));
#8872=CARTESIAN_POINT('',(-7.75,2.6,-6.));
#8873=CARTESIAN_POINT('Origin',(-8.25,2.6,-6.5));
#8874=CARTESIAN_POINT('',(-8.25,2.6,-6.5));
#8875=CARTESIAN_POINT('',(-8.25,2.6,-6.5));
#8876=CARTESIAN_POINT('',(-8.25,2.6,-6.5));
#8877=CARTESIAN_POINT('Origin',(-8.00000000000001,-3.4,-6.25));
#8878=CARTESIAN_POINT('Origin',(-8.2,2.975,-0.05));
#8879=CARTESIAN_POINT('',(-8.25,3.35,-0.1));
#8880=CARTESIAN_POINT('',(-8.25,2.85,-0.1));
#8881=CARTESIAN_POINT('',(-8.25,2.975,-0.1));
#8882=CARTESIAN_POINT('',(-8.15,2.95,0.));
#8883=CARTESIAN_POINT('',(-8.25,2.85,-0.1));
#8884=CARTESIAN_POINT('',(-8.15,3.25,0.));
#8885=CARTESIAN_POINT('',(-8.15,2.975,0.));
#8886=CARTESIAN_POINT('',(-8.25,3.35,-0.1));
#8887=CARTESIAN_POINT('Origin',(-7.87500000000001,2.9,-0.05));
#8888=CARTESIAN_POINT('',(-7.87500000000001,2.85,-0.1));
#8889=CARTESIAN_POINT('',(-7.85,2.95,0.));
#8890=CARTESIAN_POINT('',(-7.75,2.85,-0.1));
#8891=CARTESIAN_POINT('',(-7.87500000000001,2.95,0.));
#8892=CARTESIAN_POINT('Origin',(-8.125,3.3,-0.05));
#8893=CARTESIAN_POINT('',(-7.85,3.25,0.));
#8894=CARTESIAN_POINT('',(-8.125,3.25,0.));
#8895=CARTESIAN_POINT('',(-7.85,3.25,0.));
#8896=CARTESIAN_POINT('',(-8.125,3.35,-0.1));
#8897=CARTESIAN_POINT('Origin',(-7.8,3.225,-0.05));
#8898=CARTESIAN_POINT('',(-7.85,3.225,0.));
#8899=CARTESIAN_POINT('Origin',(-7.75,2.85,0.));
#8900=CARTESIAN_POINT('',(-8.25,2.85,-5.75));
#8901=CARTESIAN_POINT('',(-8.25,2.85,0.));
#8902=CARTESIAN_POINT('',(-7.75,2.85,-5.75));
#8903=CARTESIAN_POINT('Origin',(-8.25,2.85,0.));
#8904=CARTESIAN_POINT('',(-8.25,2.6,-6.));
#8905=CARTESIAN_POINT('',(-8.25,2.6,-6.));
#8906=CARTESIAN_POINT('Origin',(-8.25,2.6,-5.75));
#8907=CARTESIAN_POINT('',(-8.25,3.35,-5.75));
#8908=CARTESIAN_POINT('',(-8.25,3.35,0.));
#8909=CARTESIAN_POINT('Origin',(-8.25,2.6,-5.75));
#8910=CARTESIAN_POINT('Origin',(-8.00000000000001,3.1,0.));
#8911=CARTESIAN_POINT('Origin',(-7.75,2.6,-6.));
#8912=CARTESIAN_POINT('',(-7.75,2.6,-6.));
#8913=CARTESIAN_POINT('Origin',(-8.00000000000001,2.6,-5.75));
#8914=CARTESIAN_POINT('Origin',(-8.00000000000001,2.6,-5.75));
#8915=CARTESIAN_POINT('',(-8.25,3.35,-5.75));
#8916=CARTESIAN_POINT('Origin',(-8.25,3.35,0.));
#8917=CARTESIAN_POINT('Origin',(-6.125,-3.35,-6.45));
#8918=CARTESIAN_POINT('',(-5.85,-3.4,-6.4));
#8919=CARTESIAN_POINT('',(-6.15,-3.4,-6.4));
#8920=CARTESIAN_POINT('',(-6.125,-3.4,-6.4));
#8921=CARTESIAN_POINT('',(-6.25,-3.3,-6.5));
#8922=CARTESIAN_POINT('',(-6.15,-3.4,-6.4));
#8923=CARTESIAN_POINT('',(-5.75,-3.3,-6.5));
#8924=CARTESIAN_POINT('',(-6.125,-3.3,-6.5));
#8925=CARTESIAN_POINT('',(-5.85,-3.4,-6.4));
#8926=CARTESIAN_POINT('Origin',(-6.2,-3.35,-3.125));
#8927=CARTESIAN_POINT('',(-6.15,-3.4,-6.1));
#8928=CARTESIAN_POINT('',(-6.15,-3.4,-3.125));
#8929=CARTESIAN_POINT('',(-6.25,-3.3,-6.));
#8930=CARTESIAN_POINT('',(-6.15,-3.4,-6.1));
#8931=CARTESIAN_POINT('',(-6.25,-3.3,-3.125));
#8932=CARTESIAN_POINT('Origin',(-5.875,-3.35,-6.05));
#8933=CARTESIAN_POINT('',(-5.85,-3.4,-6.1));
#8934=CARTESIAN_POINT('',(-5.875,-3.4,-6.1));
#8935=CARTESIAN_POINT('',(-5.75,-3.3,-6.));
#8936=CARTESIAN_POINT('',(-5.85,-3.4,-6.1));
#8937=CARTESIAN_POINT('',(-5.875,-3.3,-6.));
#8938=CARTESIAN_POINT('Origin',(-5.8,-3.35,-3.125));
#8939=CARTESIAN_POINT('',(-5.75,-3.3,-3.125));
#8940=CARTESIAN_POINT('',(-5.85,-3.4,-3.125));
#8941=CARTESIAN_POINT('Origin',(-5.75,3.35,0.));
#8942=CARTESIAN_POINT('',(-5.75,2.6,-6.5));
#8943=CARTESIAN_POINT('',(-5.75,2.6,-6.5));
#8944=CARTESIAN_POINT('',(-5.75,3.35,-5.75));
#8945=CARTESIAN_POINT('Origin',(-5.75,2.6,-5.75));
#8946=CARTESIAN_POINT('',(-5.75,3.35,-0.1));
#8947=CARTESIAN_POINT('',(-5.75,3.35,0.));
#8948=CARTESIAN_POINT('',(-5.75,2.85,-0.1));
#8949=CARTESIAN_POINT('',(-5.75,3.225,-0.1));
#8950=CARTESIAN_POINT('',(-5.75,2.85,-5.75));
#8951=CARTESIAN_POINT('',(-5.75,2.85,0.));
#8952=CARTESIAN_POINT('',(-5.75,2.6,-6.));
#8953=CARTESIAN_POINT('Origin',(-5.75,2.6,-5.75));
#8954=CARTESIAN_POINT('',(-5.75,2.6,-6.));
#8955=CARTESIAN_POINT('Origin',(-6.25,2.6,-6.5));
#8956=CARTESIAN_POINT('',(-6.25,2.6,-6.5));
#8957=CARTESIAN_POINT('',(-6.25,2.6,-6.5));
#8958=CARTESIAN_POINT('',(-6.25,2.6,-6.5));
#8959=CARTESIAN_POINT('Origin',(-6.,-3.4,-6.25));
#8960=CARTESIAN_POINT('Origin',(-6.2,2.975,-0.05));
#8961=CARTESIAN_POINT('',(-6.25,3.35,-0.1));
#8962=CARTESIAN_POINT('',(-6.25,2.85,-0.1));
#8963=CARTESIAN_POINT('',(-6.25,2.975,-0.1));
#8964=CARTESIAN_POINT('',(-6.15,2.95,0.));
#8965=CARTESIAN_POINT('',(-6.25,2.85,-0.1));
#8966=CARTESIAN_POINT('',(-6.15,3.25,0.));
#8967=CARTESIAN_POINT('',(-6.15,2.975,0.));
#8968=CARTESIAN_POINT('',(-6.25,3.35,-0.1));
#8969=CARTESIAN_POINT('Origin',(-5.875,2.9,-0.05));
#8970=CARTESIAN_POINT('',(-5.875,2.85,-0.1));
#8971=CARTESIAN_POINT('',(-5.85,2.95,0.));
#8972=CARTESIAN_POINT('',(-5.75,2.85,-0.1));
#8973=CARTESIAN_POINT('',(-5.875,2.95,0.));
#8974=CARTESIAN_POINT('Origin',(-6.125,3.3,-0.05));
#8975=CARTESIAN_POINT('',(-5.85,3.25,0.));
#8976=CARTESIAN_POINT('',(-6.125,3.25,0.));
#8977=CARTESIAN_POINT('',(-5.85,3.25,0.));
#8978=CARTESIAN_POINT('',(-6.125,3.35,-0.1));
#8979=CARTESIAN_POINT('Origin',(-5.8,3.225,-0.05));
#8980=CARTESIAN_POINT('',(-5.85,3.225,0.));
#8981=CARTESIAN_POINT('Origin',(-5.75,2.85,0.));
#8982=CARTESIAN_POINT('',(-6.25,2.85,-5.75));
#8983=CARTESIAN_POINT('',(-6.25,2.85,0.));
#8984=CARTESIAN_POINT('',(-5.75,2.85,-5.75));
#8985=CARTESIAN_POINT('Origin',(-6.25,2.85,0.));
#8986=CARTESIAN_POINT('',(-6.25,2.6,-6.));
#8987=CARTESIAN_POINT('',(-6.25,2.6,-6.));
#8988=CARTESIAN_POINT('Origin',(-6.25,2.6,-5.75));
#8989=CARTESIAN_POINT('',(-6.25,3.35,-5.75));
#8990=CARTESIAN_POINT('',(-6.25,3.35,0.));
#8991=CARTESIAN_POINT('Origin',(-6.25,2.6,-5.75));
#8992=CARTESIAN_POINT('Origin',(-6.,3.1,0.));
#8993=CARTESIAN_POINT('Origin',(-5.75,2.6,-6.));
#8994=CARTESIAN_POINT('',(-5.75,2.6,-6.));
#8995=CARTESIAN_POINT('Origin',(-6.,2.6,-5.75));
#8996=CARTESIAN_POINT('Origin',(-6.,2.6,-5.75));
#8997=CARTESIAN_POINT('',(-6.25,3.35,-5.75));
#8998=CARTESIAN_POINT('Origin',(-6.25,3.35,0.));
#8999=CARTESIAN_POINT('Origin',(-4.125,-3.35,-6.45));
#9000=CARTESIAN_POINT('',(-3.85,-3.4,-6.4));
#9001=CARTESIAN_POINT('',(-4.15,-3.4,-6.4));
#9002=CARTESIAN_POINT('',(-4.125,-3.4,-6.4));
#9003=CARTESIAN_POINT('',(-4.25,-3.3,-6.5));
#9004=CARTESIAN_POINT('',(-4.15,-3.4,-6.4));
#9005=CARTESIAN_POINT('',(-3.75,-3.3,-6.5));
#9006=CARTESIAN_POINT('',(-4.125,-3.3,-6.5));
#9007=CARTESIAN_POINT('',(-3.85,-3.4,-6.4));
#9008=CARTESIAN_POINT('Origin',(-4.2,-3.35,-3.125));
#9009=CARTESIAN_POINT('',(-4.15,-3.4,-6.1));
#9010=CARTESIAN_POINT('',(-4.15,-3.4,-3.125));
#9011=CARTESIAN_POINT('',(-4.25,-3.3,-6.));
#9012=CARTESIAN_POINT('',(-4.15,-3.4,-6.1));
#9013=CARTESIAN_POINT('',(-4.25,-3.3,-3.125));
#9014=CARTESIAN_POINT('Origin',(-3.875,-3.35,-6.05));
#9015=CARTESIAN_POINT('',(-3.85,-3.4,-6.1));
#9016=CARTESIAN_POINT('',(-3.875,-3.4,-6.1));
#9017=CARTESIAN_POINT('',(-3.75,-3.3,-6.));
#9018=CARTESIAN_POINT('',(-3.85,-3.4,-6.1));
#9019=CARTESIAN_POINT('',(-3.875,-3.3,-6.));
#9020=CARTESIAN_POINT('Origin',(-3.8,-3.35,-3.125));
#9021=CARTESIAN_POINT('',(-3.75,-3.3,-3.125));
#9022=CARTESIAN_POINT('',(-3.85,-3.4,-3.125));
#9023=CARTESIAN_POINT('Origin',(-3.75,3.35,0.));
#9024=CARTESIAN_POINT('',(-3.75,2.6,-6.5));
#9025=CARTESIAN_POINT('',(-3.75,2.6,-6.5));
#9026=CARTESIAN_POINT('',(-3.75,3.35,-5.75));
#9027=CARTESIAN_POINT('Origin',(-3.75,2.6,-5.75));
#9028=CARTESIAN_POINT('',(-3.75,3.35,-0.1));
#9029=CARTESIAN_POINT('',(-3.75,3.35,0.));
#9030=CARTESIAN_POINT('',(-3.75,2.85,-0.1));
#9031=CARTESIAN_POINT('',(-3.75,3.225,-0.1));
#9032=CARTESIAN_POINT('',(-3.75,2.85,-5.75));
#9033=CARTESIAN_POINT('',(-3.75,2.85,0.));
#9034=CARTESIAN_POINT('',(-3.75,2.6,-6.));
#9035=CARTESIAN_POINT('Origin',(-3.75,2.6,-5.75));
#9036=CARTESIAN_POINT('',(-3.75,2.6,-6.));
#9037=CARTESIAN_POINT('Origin',(-4.25,2.6,-6.5));
#9038=CARTESIAN_POINT('',(-4.25,2.6,-6.5));
#9039=CARTESIAN_POINT('',(-4.25,2.6,-6.5));
#9040=CARTESIAN_POINT('',(-4.25,2.6,-6.5));
#9041=CARTESIAN_POINT('Origin',(-4.,-3.4,-6.25));
#9042=CARTESIAN_POINT('Origin',(-4.2,2.975,-0.05));
#9043=CARTESIAN_POINT('',(-4.25,3.35,-0.1));
#9044=CARTESIAN_POINT('',(-4.25,2.85,-0.1));
#9045=CARTESIAN_POINT('',(-4.25,2.975,-0.1));
#9046=CARTESIAN_POINT('',(-4.15,2.95,0.));
#9047=CARTESIAN_POINT('',(-4.25,2.85,-0.1));
#9048=CARTESIAN_POINT('',(-4.15,3.25,0.));
#9049=CARTESIAN_POINT('',(-4.15,2.975,0.));
#9050=CARTESIAN_POINT('',(-4.25,3.35,-0.1));
#9051=CARTESIAN_POINT('Origin',(-3.875,2.9,-0.05));
#9052=CARTESIAN_POINT('',(-3.875,2.85,-0.1));
#9053=CARTESIAN_POINT('',(-3.85,2.95,0.));
#9054=CARTESIAN_POINT('',(-3.75,2.85,-0.1));
#9055=CARTESIAN_POINT('',(-3.875,2.95,0.));
#9056=CARTESIAN_POINT('Origin',(-4.125,3.3,-0.05));
#9057=CARTESIAN_POINT('',(-3.85,3.25,0.));
#9058=CARTESIAN_POINT('',(-4.125,3.25,0.));
#9059=CARTESIAN_POINT('',(-3.85,3.25,0.));
#9060=CARTESIAN_POINT('',(-4.125,3.35,-0.1));
#9061=CARTESIAN_POINT('Origin',(-3.8,3.225,-0.05));
#9062=CARTESIAN_POINT('',(-3.85,3.225,0.));
#9063=CARTESIAN_POINT('Origin',(-3.75,2.85,0.));
#9064=CARTESIAN_POINT('',(-4.25,2.85,-5.75));
#9065=CARTESIAN_POINT('',(-4.25,2.85,0.));
#9066=CARTESIAN_POINT('',(-3.75,2.85,-5.75));
#9067=CARTESIAN_POINT('Origin',(-4.25,2.85,0.));
#9068=CARTESIAN_POINT('',(-4.25,2.6,-6.));
#9069=CARTESIAN_POINT('',(-4.25,2.6,-6.));
#9070=CARTESIAN_POINT('Origin',(-4.25,2.6,-5.75));
#9071=CARTESIAN_POINT('',(-4.25,3.35,-5.75));
#9072=CARTESIAN_POINT('',(-4.25,3.35,0.));
#9073=CARTESIAN_POINT('Origin',(-4.25,2.6,-5.75));
#9074=CARTESIAN_POINT('Origin',(-4.,3.1,0.));
#9075=CARTESIAN_POINT('Origin',(-3.75,2.6,-6.));
#9076=CARTESIAN_POINT('',(-3.75,2.6,-6.));
#9077=CARTESIAN_POINT('Origin',(-4.,2.6,-5.75));
#9078=CARTESIAN_POINT('Origin',(-4.,2.6,-5.75));
#9079=CARTESIAN_POINT('',(-4.25,3.35,-5.75));
#9080=CARTESIAN_POINT('Origin',(-4.25,3.35,0.));
#9081=CARTESIAN_POINT('Origin',(-2.125,-3.35,-6.45));
#9082=CARTESIAN_POINT('',(-1.85,-3.4,-6.4));
#9083=CARTESIAN_POINT('',(-2.15,-3.4,-6.4));
#9084=CARTESIAN_POINT('',(-2.125,-3.4,-6.4));
#9085=CARTESIAN_POINT('',(-2.25,-3.3,-6.5));
#9086=CARTESIAN_POINT('',(-2.15,-3.4,-6.4));
#9087=CARTESIAN_POINT('',(-1.75,-3.3,-6.5));
#9088=CARTESIAN_POINT('',(-2.125,-3.3,-6.5));
#9089=CARTESIAN_POINT('',(-1.85,-3.4,-6.4));
#9090=CARTESIAN_POINT('Origin',(-2.2,-3.35,-3.125));
#9091=CARTESIAN_POINT('',(-2.15,-3.4,-6.1));
#9092=CARTESIAN_POINT('',(-2.15,-3.4,-3.125));
#9093=CARTESIAN_POINT('',(-2.25,-3.3,-6.));
#9094=CARTESIAN_POINT('',(-2.15,-3.4,-6.1));
#9095=CARTESIAN_POINT('',(-2.25,-3.3,-3.125));
#9096=CARTESIAN_POINT('Origin',(-1.875,-3.35,-6.05));
#9097=CARTESIAN_POINT('',(-1.85,-3.4,-6.1));
#9098=CARTESIAN_POINT('',(-1.875,-3.4,-6.1));
#9099=CARTESIAN_POINT('',(-1.75,-3.3,-6.));
#9100=CARTESIAN_POINT('',(-1.85,-3.4,-6.1));
#9101=CARTESIAN_POINT('',(-1.875,-3.3,-6.));
#9102=CARTESIAN_POINT('Origin',(-1.8,-3.35,-3.125));
#9103=CARTESIAN_POINT('',(-1.75,-3.3,-3.125));
#9104=CARTESIAN_POINT('',(-1.85,-3.4,-3.125));
#9105=CARTESIAN_POINT('Origin',(-1.75,3.35,0.));
#9106=CARTESIAN_POINT('',(-1.75,2.6,-6.5));
#9107=CARTESIAN_POINT('',(-1.75,2.6,-6.5));
#9108=CARTESIAN_POINT('',(-1.75,3.35,-5.75));
#9109=CARTESIAN_POINT('Origin',(-1.75,2.6,-5.75));
#9110=CARTESIAN_POINT('',(-1.75,3.35,-0.1));
#9111=CARTESIAN_POINT('',(-1.75,3.35,0.));
#9112=CARTESIAN_POINT('',(-1.75,2.85,-0.1));
#9113=CARTESIAN_POINT('',(-1.75,3.225,-0.1));
#9114=CARTESIAN_POINT('',(-1.75,2.85,-5.75));
#9115=CARTESIAN_POINT('',(-1.75,2.85,0.));
#9116=CARTESIAN_POINT('',(-1.75,2.6,-6.));
#9117=CARTESIAN_POINT('Origin',(-1.75,2.6,-5.75));
#9118=CARTESIAN_POINT('',(-1.75,2.6,-6.));
#9119=CARTESIAN_POINT('Origin',(-2.25,2.6,-6.5));
#9120=CARTESIAN_POINT('',(-2.25,2.6,-6.5));
#9121=CARTESIAN_POINT('',(-2.25,2.6,-6.5));
#9122=CARTESIAN_POINT('',(-2.25,2.6,-6.5));
#9123=CARTESIAN_POINT('Origin',(-2.,-3.4,-6.25));
#9124=CARTESIAN_POINT('Origin',(-2.2,2.975,-0.05));
#9125=CARTESIAN_POINT('',(-2.25,3.35,-0.1));
#9126=CARTESIAN_POINT('',(-2.25,2.85,-0.1));
#9127=CARTESIAN_POINT('',(-2.25,2.975,-0.1));
#9128=CARTESIAN_POINT('',(-2.15,2.95,0.));
#9129=CARTESIAN_POINT('',(-2.25,2.85,-0.1));
#9130=CARTESIAN_POINT('',(-2.15,3.25,0.));
#9131=CARTESIAN_POINT('',(-2.15,2.975,0.));
#9132=CARTESIAN_POINT('',(-2.25,3.35,-0.1));
#9133=CARTESIAN_POINT('Origin',(-1.875,2.9,-0.05));
#9134=CARTESIAN_POINT('',(-1.875,2.85,-0.1));
#9135=CARTESIAN_POINT('',(-1.85,2.95,0.));
#9136=CARTESIAN_POINT('',(-1.75,2.85,-0.1));
#9137=CARTESIAN_POINT('',(-1.875,2.95,0.));
#9138=CARTESIAN_POINT('Origin',(-2.125,3.3,-0.05));
#9139=CARTESIAN_POINT('',(-1.85,3.25,0.));
#9140=CARTESIAN_POINT('',(-2.125,3.25,0.));
#9141=CARTESIAN_POINT('',(-1.85,3.25,0.));
#9142=CARTESIAN_POINT('',(-2.125,3.35,-0.1));
#9143=CARTESIAN_POINT('Origin',(-1.8,3.225,-0.05));
#9144=CARTESIAN_POINT('',(-1.85,3.225,0.));
#9145=CARTESIAN_POINT('Origin',(-1.75,2.85,0.));
#9146=CARTESIAN_POINT('',(-2.25,2.85,-5.75));
#9147=CARTESIAN_POINT('',(-2.25,2.85,0.));
#9148=CARTESIAN_POINT('',(-1.75,2.85,-5.75));
#9149=CARTESIAN_POINT('Origin',(-2.25,2.85,0.));
#9150=CARTESIAN_POINT('',(-2.25,2.6,-6.));
#9151=CARTESIAN_POINT('',(-2.25,2.6,-6.));
#9152=CARTESIAN_POINT('Origin',(-2.25,2.6,-5.75));
#9153=CARTESIAN_POINT('',(-2.25,3.35,-5.75));
#9154=CARTESIAN_POINT('',(-2.25,3.35,0.));
#9155=CARTESIAN_POINT('Origin',(-2.25,2.6,-5.75));
#9156=CARTESIAN_POINT('Origin',(-2.,3.1,0.));
#9157=CARTESIAN_POINT('Origin',(-1.75,2.6,-6.));
#9158=CARTESIAN_POINT('',(-1.75,2.6,-6.));
#9159=CARTESIAN_POINT('Origin',(-2.,2.6,-5.75));
#9160=CARTESIAN_POINT('Origin',(-2.,2.6,-5.75));
#9161=CARTESIAN_POINT('',(-2.25,3.35,-5.75));
#9162=CARTESIAN_POINT('Origin',(-2.25,3.35,0.));
#9163=CARTESIAN_POINT('Origin',(-0.125000000000004,-3.35,-6.45));
#9164=CARTESIAN_POINT('',(0.149999999999996,-3.4,-6.4));
#9165=CARTESIAN_POINT('',(-0.150000000000003,-3.4,-6.4));
#9166=CARTESIAN_POINT('',(-0.125000000000004,-3.4,-6.4));
#9167=CARTESIAN_POINT('',(-0.250000000000004,-3.3,-6.5));
#9168=CARTESIAN_POINT('',(-0.150000000000003,-3.4,-6.4));
#9169=CARTESIAN_POINT('',(0.249999999999996,-3.3,-6.5));
#9170=CARTESIAN_POINT('',(-0.125000000000004,-3.3,-6.5));
#9171=CARTESIAN_POINT('',(0.149999999999996,-3.4,-6.4));
#9172=CARTESIAN_POINT('Origin',(-0.200000000000005,-3.35,-3.125));
#9173=CARTESIAN_POINT('',(-0.150000000000003,-3.4,-6.1));
#9174=CARTESIAN_POINT('',(-0.150000000000003,-3.4,-3.125));
#9175=CARTESIAN_POINT('',(-0.250000000000004,-3.3,-6.));
#9176=CARTESIAN_POINT('',(-0.150000000000003,-3.4,-6.1));
#9177=CARTESIAN_POINT('',(-0.250000000000004,-3.3,-3.125));
#9178=CARTESIAN_POINT('Origin',(0.124999999999995,-3.35,-6.05));
#9179=CARTESIAN_POINT('',(0.149999999999996,-3.4,-6.1));
#9180=CARTESIAN_POINT('',(0.124999999999995,-3.4,-6.1));
#9181=CARTESIAN_POINT('',(0.249999999999996,-3.3,-6.));
#9182=CARTESIAN_POINT('',(0.149999999999996,-3.4,-6.1));
#9183=CARTESIAN_POINT('',(0.124999999999995,-3.3,-6.));
#9184=CARTESIAN_POINT('Origin',(0.199999999999996,-3.35,-3.125));
#9185=CARTESIAN_POINT('',(0.249999999999996,-3.3,-3.125));
#9186=CARTESIAN_POINT('',(0.149999999999996,-3.4,-3.125));
#9187=CARTESIAN_POINT('Origin',(0.249999999999996,3.35,0.));
#9188=CARTESIAN_POINT('',(0.249999999999996,2.6,-6.5));
#9189=CARTESIAN_POINT('',(0.249999999999996,2.6,-6.5));
#9190=CARTESIAN_POINT('',(0.249999999999996,3.35,-5.75));
#9191=CARTESIAN_POINT('Origin',(0.249999999999996,2.6,-5.75));
#9192=CARTESIAN_POINT('',(0.249999999999996,3.35,-0.1));
#9193=CARTESIAN_POINT('',(0.249999999999996,3.35,0.));
#9194=CARTESIAN_POINT('',(0.249999999999996,2.85,-0.1));
#9195=CARTESIAN_POINT('',(0.249999999999996,3.225,-0.1));
#9196=CARTESIAN_POINT('',(0.249999999999996,2.85,-5.75));
#9197=CARTESIAN_POINT('',(0.249999999999996,2.85,0.));
#9198=CARTESIAN_POINT('',(0.249999999999996,2.6,-6.));
#9199=CARTESIAN_POINT('Origin',(0.249999999999996,2.6,-5.75));
#9200=CARTESIAN_POINT('',(0.249999999999996,2.6,-6.));
#9201=CARTESIAN_POINT('Origin',(-0.250000000000004,2.6,-6.5));
#9202=CARTESIAN_POINT('',(-0.250000000000004,2.6,-6.5));
#9203=CARTESIAN_POINT('',(-0.250000000000004,2.6,-6.5));
#9204=CARTESIAN_POINT('',(-0.250000000000004,2.6,-6.5));
#9205=CARTESIAN_POINT('Origin',(-4.44089209850063E-15,-3.4,-6.25));
#9206=CARTESIAN_POINT('Origin',(-0.200000000000002,2.975,-0.05));
#9207=CARTESIAN_POINT('',(-0.250000000000004,3.35,-0.1));
#9208=CARTESIAN_POINT('',(-0.250000000000004,2.85,-0.1));
#9209=CARTESIAN_POINT('',(-0.250000000000004,2.975,-0.1));
#9210=CARTESIAN_POINT('',(-0.150000000000001,2.95,0.));
#9211=CARTESIAN_POINT('',(-0.250000000000004,2.85,-0.1));
#9212=CARTESIAN_POINT('',(-0.150000000000001,3.25,0.));
#9213=CARTESIAN_POINT('',(-0.150000000000001,2.975,0.));
#9214=CARTESIAN_POINT('',(-0.250000000000004,3.35,-0.1));
#9215=CARTESIAN_POINT('Origin',(0.124999999999995,2.9,-0.05));
#9216=CARTESIAN_POINT('',(0.124999999999995,2.85,-0.1));
#9217=CARTESIAN_POINT('',(0.149999999999997,2.95,0.));
#9218=CARTESIAN_POINT('',(0.249999999999996,2.85,-0.1));
#9219=CARTESIAN_POINT('',(0.124999999999995,2.95,0.));
#9220=CARTESIAN_POINT('Origin',(-0.125000000000004,3.3,-0.05));
#9221=CARTESIAN_POINT('',(0.149999999999997,3.25,0.));
#9222=CARTESIAN_POINT('',(-0.125000000000004,3.25,0.));
#9223=CARTESIAN_POINT('',(0.149999999999997,3.25,0.));
#9224=CARTESIAN_POINT('',(-0.125000000000004,3.35,-0.1));
#9225=CARTESIAN_POINT('Origin',(0.199999999999996,3.225,-0.05));
#9226=CARTESIAN_POINT('',(0.149999999999997,3.225,0.));
#9227=CARTESIAN_POINT('Origin',(0.249999999999996,2.85,0.));
#9228=CARTESIAN_POINT('',(-0.250000000000004,2.85,-5.75));
#9229=CARTESIAN_POINT('',(-0.250000000000004,2.85,0.));
#9230=CARTESIAN_POINT('',(0.249999999999996,2.85,-5.75));
#9231=CARTESIAN_POINT('Origin',(-0.250000000000004,2.85,0.));
#9232=CARTESIAN_POINT('',(-0.250000000000004,2.6,-6.));
#9233=CARTESIAN_POINT('',(-0.250000000000004,2.6,-6.));
#9234=CARTESIAN_POINT('Origin',(-0.250000000000004,2.6,-5.75));
#9235=CARTESIAN_POINT('',(-0.250000000000004,3.35,-5.75));
#9236=CARTESIAN_POINT('',(-0.250000000000004,3.35,0.));
#9237=CARTESIAN_POINT('Origin',(-0.250000000000004,2.6,-5.75));
#9238=CARTESIAN_POINT('Origin',(-4.44089209850063E-15,3.1,0.));
#9239=CARTESIAN_POINT('Origin',(0.249999999999996,2.6,-6.));
#9240=CARTESIAN_POINT('',(0.249999999999996,2.6,-6.));
#9241=CARTESIAN_POINT('Origin',(-4.44089209850063E-15,2.6,-5.75));
#9242=CARTESIAN_POINT('Origin',(-4.44089209850063E-15,2.6,-5.75));
#9243=CARTESIAN_POINT('',(-0.250000000000004,3.35,-5.75));
#9244=CARTESIAN_POINT('Origin',(-0.250000000000004,3.35,0.));
#9245=CARTESIAN_POINT('Origin',(1.875,-3.35,-6.45));
#9246=CARTESIAN_POINT('',(2.15,-3.4,-6.4));
#9247=CARTESIAN_POINT('',(1.85,-3.4,-6.4));
#9248=CARTESIAN_POINT('',(1.875,-3.4,-6.4));
#9249=CARTESIAN_POINT('',(1.75,-3.3,-6.5));
#9250=CARTESIAN_POINT('',(1.85,-3.4,-6.4));
#9251=CARTESIAN_POINT('',(2.25,-3.3,-6.5));
#9252=CARTESIAN_POINT('',(1.875,-3.3,-6.5));
#9253=CARTESIAN_POINT('',(2.15,-3.4,-6.4));
#9254=CARTESIAN_POINT('Origin',(1.8,-3.35,-3.125));
#9255=CARTESIAN_POINT('',(1.85,-3.4,-6.1));
#9256=CARTESIAN_POINT('',(1.85,-3.4,-3.125));
#9257=CARTESIAN_POINT('',(1.75,-3.3,-6.));
#9258=CARTESIAN_POINT('',(1.85,-3.4,-6.1));
#9259=CARTESIAN_POINT('',(1.75,-3.3,-3.125));
#9260=CARTESIAN_POINT('Origin',(2.125,-3.35,-6.05));
#9261=CARTESIAN_POINT('',(2.15,-3.4,-6.1));
#9262=CARTESIAN_POINT('',(2.125,-3.4,-6.1));
#9263=CARTESIAN_POINT('',(2.25,-3.3,-6.));
#9264=CARTESIAN_POINT('',(2.15,-3.4,-6.1));
#9265=CARTESIAN_POINT('',(2.125,-3.3,-6.));
#9266=CARTESIAN_POINT('Origin',(2.2,-3.35,-3.125));
#9267=CARTESIAN_POINT('',(2.25,-3.3,-3.125));
#9268=CARTESIAN_POINT('',(2.15,-3.4,-3.125));
#9269=CARTESIAN_POINT('Origin',(2.25,3.35,0.));
#9270=CARTESIAN_POINT('',(2.25,2.6,-6.5));
#9271=CARTESIAN_POINT('',(2.25,2.6,-6.5));
#9272=CARTESIAN_POINT('',(2.25,3.35,-5.75));
#9273=CARTESIAN_POINT('Origin',(2.25,2.6,-5.75));
#9274=CARTESIAN_POINT('',(2.25,3.35,-0.1));
#9275=CARTESIAN_POINT('',(2.25,3.35,0.));
#9276=CARTESIAN_POINT('',(2.25,2.85,-0.1));
#9277=CARTESIAN_POINT('',(2.25,3.225,-0.1));
#9278=CARTESIAN_POINT('',(2.25,2.85,-5.75));
#9279=CARTESIAN_POINT('',(2.25,2.85,0.));
#9280=CARTESIAN_POINT('',(2.25,2.6,-6.));
#9281=CARTESIAN_POINT('Origin',(2.25,2.6,-5.75));
#9282=CARTESIAN_POINT('',(2.25,2.6,-6.));
#9283=CARTESIAN_POINT('Origin',(1.75,2.6,-6.5));
#9284=CARTESIAN_POINT('',(1.75,2.6,-6.5));
#9285=CARTESIAN_POINT('',(1.75,2.6,-6.5));
#9286=CARTESIAN_POINT('',(1.75,2.6,-6.5));
#9287=CARTESIAN_POINT('Origin',(2.,-3.4,-6.25));
#9288=CARTESIAN_POINT('Origin',(1.8,2.975,-0.05));
#9289=CARTESIAN_POINT('',(1.75,3.35,-0.1));
#9290=CARTESIAN_POINT('',(1.75,2.85,-0.1));
#9291=CARTESIAN_POINT('',(1.75,2.975,-0.1));
#9292=CARTESIAN_POINT('',(1.85,2.95,0.));
#9293=CARTESIAN_POINT('',(1.75,2.85,-0.1));
#9294=CARTESIAN_POINT('',(1.85,3.25,0.));
#9295=CARTESIAN_POINT('',(1.85,2.975,0.));
#9296=CARTESIAN_POINT('',(1.75,3.35,-0.1));
#9297=CARTESIAN_POINT('Origin',(2.125,2.9,-0.05));
#9298=CARTESIAN_POINT('',(2.125,2.85,-0.1));
#9299=CARTESIAN_POINT('',(2.15,2.95,0.));
#9300=CARTESIAN_POINT('',(2.25,2.85,-0.1));
#9301=CARTESIAN_POINT('',(2.125,2.95,0.));
#9302=CARTESIAN_POINT('Origin',(1.875,3.3,-0.05));
#9303=CARTESIAN_POINT('',(2.15,3.25,0.));
#9304=CARTESIAN_POINT('',(1.875,3.25,0.));
#9305=CARTESIAN_POINT('',(2.15,3.25,0.));
#9306=CARTESIAN_POINT('',(1.875,3.35,-0.1));
#9307=CARTESIAN_POINT('Origin',(2.2,3.225,-0.05));
#9308=CARTESIAN_POINT('',(2.15,3.225,0.));
#9309=CARTESIAN_POINT('Origin',(2.25,2.85,0.));
#9310=CARTESIAN_POINT('',(1.75,2.85,-5.75));
#9311=CARTESIAN_POINT('',(1.75,2.85,0.));
#9312=CARTESIAN_POINT('',(2.25,2.85,-5.75));
#9313=CARTESIAN_POINT('Origin',(1.75,2.85,0.));
#9314=CARTESIAN_POINT('',(1.75,2.6,-6.));
#9315=CARTESIAN_POINT('',(1.75,2.6,-6.));
#9316=CARTESIAN_POINT('Origin',(1.75,2.6,-5.75));
#9317=CARTESIAN_POINT('',(1.75,3.35,-5.75));
#9318=CARTESIAN_POINT('',(1.75,3.35,0.));
#9319=CARTESIAN_POINT('Origin',(1.75,2.6,-5.75));
#9320=CARTESIAN_POINT('Origin',(2.,3.1,0.));
#9321=CARTESIAN_POINT('Origin',(2.25,2.6,-6.));
#9322=CARTESIAN_POINT('',(2.25,2.6,-6.));
#9323=CARTESIAN_POINT('Origin',(2.,2.6,-5.75));
#9324=CARTESIAN_POINT('Origin',(2.,2.6,-5.75));
#9325=CARTESIAN_POINT('',(1.75,3.35,-5.75));
#9326=CARTESIAN_POINT('Origin',(1.75,3.35,0.));
#9327=CARTESIAN_POINT('Origin',(3.875,-3.35,-6.45));
#9328=CARTESIAN_POINT('',(4.15,-3.4,-6.4));
#9329=CARTESIAN_POINT('',(3.85,-3.4,-6.4));
#9330=CARTESIAN_POINT('',(3.875,-3.4,-6.4));
#9331=CARTESIAN_POINT('',(3.75,-3.3,-6.5));
#9332=CARTESIAN_POINT('',(3.85,-3.4,-6.4));
#9333=CARTESIAN_POINT('',(4.25,-3.3,-6.5));
#9334=CARTESIAN_POINT('',(3.875,-3.3,-6.5));
#9335=CARTESIAN_POINT('',(4.15,-3.4,-6.4));
#9336=CARTESIAN_POINT('Origin',(3.8,-3.35,-3.125));
#9337=CARTESIAN_POINT('',(3.85,-3.4,-6.1));
#9338=CARTESIAN_POINT('',(3.85,-3.4,-3.125));
#9339=CARTESIAN_POINT('',(3.75,-3.3,-6.));
#9340=CARTESIAN_POINT('',(3.85,-3.4,-6.1));
#9341=CARTESIAN_POINT('',(3.75,-3.3,-3.125));
#9342=CARTESIAN_POINT('Origin',(4.125,-3.35,-6.05));
#9343=CARTESIAN_POINT('',(4.15,-3.4,-6.1));
#9344=CARTESIAN_POINT('',(4.125,-3.4,-6.1));
#9345=CARTESIAN_POINT('',(4.25,-3.3,-6.));
#9346=CARTESIAN_POINT('',(4.15,-3.4,-6.1));
#9347=CARTESIAN_POINT('',(4.125,-3.3,-6.));
#9348=CARTESIAN_POINT('Origin',(4.2,-3.35,-3.125));
#9349=CARTESIAN_POINT('',(4.25,-3.3,-3.125));
#9350=CARTESIAN_POINT('',(4.15,-3.4,-3.125));
#9351=CARTESIAN_POINT('Origin',(4.25,3.35,0.));
#9352=CARTESIAN_POINT('',(4.25,2.6,-6.5));
#9353=CARTESIAN_POINT('',(4.25,2.6,-6.5));
#9354=CARTESIAN_POINT('',(4.25,3.35,-5.75));
#9355=CARTESIAN_POINT('Origin',(4.25,2.6,-5.75));
#9356=CARTESIAN_POINT('',(4.25,3.35,-0.1));
#9357=CARTESIAN_POINT('',(4.25,3.35,0.));
#9358=CARTESIAN_POINT('',(4.25,2.85,-0.1));
#9359=CARTESIAN_POINT('',(4.25,3.225,-0.1));
#9360=CARTESIAN_POINT('',(4.25,2.85,-5.75));
#9361=CARTESIAN_POINT('',(4.25,2.85,0.));
#9362=CARTESIAN_POINT('',(4.25,2.6,-6.));
#9363=CARTESIAN_POINT('Origin',(4.25,2.6,-5.75));
#9364=CARTESIAN_POINT('',(4.25,2.6,-6.));
#9365=CARTESIAN_POINT('Origin',(3.75,2.6,-6.5));
#9366=CARTESIAN_POINT('',(3.75,2.6,-6.5));
#9367=CARTESIAN_POINT('',(3.75,2.6,-6.5));
#9368=CARTESIAN_POINT('',(3.75,2.6,-6.5));
#9369=CARTESIAN_POINT('Origin',(4.,-3.4,-6.25));
#9370=CARTESIAN_POINT('Origin',(3.8,2.975,-0.05));
#9371=CARTESIAN_POINT('',(3.75,3.35,-0.1));
#9372=CARTESIAN_POINT('',(3.75,2.85,-0.1));
#9373=CARTESIAN_POINT('',(3.75,2.975,-0.1));
#9374=CARTESIAN_POINT('',(3.85,2.95,0.));
#9375=CARTESIAN_POINT('',(3.75,2.85,-0.1));
#9376=CARTESIAN_POINT('',(3.85,3.25,0.));
#9377=CARTESIAN_POINT('',(3.85,2.975,0.));
#9378=CARTESIAN_POINT('',(3.75,3.35,-0.1));
#9379=CARTESIAN_POINT('Origin',(4.125,2.9,-0.05));
#9380=CARTESIAN_POINT('',(4.125,2.85,-0.1));
#9381=CARTESIAN_POINT('',(4.15,2.95,0.));
#9382=CARTESIAN_POINT('',(4.25,2.85,-0.1));
#9383=CARTESIAN_POINT('',(4.125,2.95,0.));
#9384=CARTESIAN_POINT('Origin',(3.875,3.3,-0.05));
#9385=CARTESIAN_POINT('',(4.15,3.25,0.));
#9386=CARTESIAN_POINT('',(3.875,3.25,0.));
#9387=CARTESIAN_POINT('',(4.15,3.25,0.));
#9388=CARTESIAN_POINT('',(3.875,3.35,-0.1));
#9389=CARTESIAN_POINT('Origin',(4.2,3.225,-0.05));
#9390=CARTESIAN_POINT('',(4.15,3.225,0.));
#9391=CARTESIAN_POINT('Origin',(4.25,2.85,0.));
#9392=CARTESIAN_POINT('',(3.75,2.85,-5.75));
#9393=CARTESIAN_POINT('',(3.75,2.85,0.));
#9394=CARTESIAN_POINT('',(4.25,2.85,-5.75));
#9395=CARTESIAN_POINT('Origin',(3.75,2.85,0.));
#9396=CARTESIAN_POINT('',(3.75,2.6,-6.));
#9397=CARTESIAN_POINT('',(3.75,2.6,-6.));
#9398=CARTESIAN_POINT('Origin',(3.75,2.6,-5.75));
#9399=CARTESIAN_POINT('',(3.75,3.35,-5.75));
#9400=CARTESIAN_POINT('',(3.75,3.35,0.));
#9401=CARTESIAN_POINT('Origin',(3.75,2.6,-5.75));
#9402=CARTESIAN_POINT('Origin',(4.,3.1,0.));
#9403=CARTESIAN_POINT('Origin',(4.25,2.6,-6.));
#9404=CARTESIAN_POINT('',(4.25,2.6,-6.));
#9405=CARTESIAN_POINT('Origin',(4.,2.6,-5.75));
#9406=CARTESIAN_POINT('Origin',(4.,2.6,-5.75));
#9407=CARTESIAN_POINT('',(3.75,3.35,-5.75));
#9408=CARTESIAN_POINT('Origin',(3.75,3.35,0.));
#9409=CARTESIAN_POINT('Origin',(5.875,-3.35,-6.45));
#9410=CARTESIAN_POINT('',(6.15,-3.4,-6.4));
#9411=CARTESIAN_POINT('',(5.85,-3.4,-6.4));
#9412=CARTESIAN_POINT('',(5.875,-3.4,-6.4));
#9413=CARTESIAN_POINT('',(5.75,-3.3,-6.5));
#9414=CARTESIAN_POINT('',(5.85,-3.4,-6.4));
#9415=CARTESIAN_POINT('',(6.25,-3.3,-6.5));
#9416=CARTESIAN_POINT('',(5.875,-3.3,-6.5));
#9417=CARTESIAN_POINT('',(6.15,-3.4,-6.4));
#9418=CARTESIAN_POINT('Origin',(5.8,-3.35,-3.125));
#9419=CARTESIAN_POINT('',(5.85,-3.4,-6.1));
#9420=CARTESIAN_POINT('',(5.85,-3.4,-3.125));
#9421=CARTESIAN_POINT('',(5.75,-3.3,-6.));
#9422=CARTESIAN_POINT('',(5.85,-3.4,-6.1));
#9423=CARTESIAN_POINT('',(5.75,-3.3,-3.125));
#9424=CARTESIAN_POINT('Origin',(6.125,-3.35,-6.05));
#9425=CARTESIAN_POINT('',(6.15,-3.4,-6.1));
#9426=CARTESIAN_POINT('',(6.125,-3.4,-6.1));
#9427=CARTESIAN_POINT('',(6.25,-3.3,-6.));
#9428=CARTESIAN_POINT('',(6.15,-3.4,-6.1));
#9429=CARTESIAN_POINT('',(6.125,-3.3,-6.));
#9430=CARTESIAN_POINT('Origin',(6.2,-3.35,-3.125));
#9431=CARTESIAN_POINT('',(6.25,-3.3,-3.125));
#9432=CARTESIAN_POINT('',(6.15,-3.4,-3.125));
#9433=CARTESIAN_POINT('Origin',(6.25,3.35,0.));
#9434=CARTESIAN_POINT('',(6.25,2.6,-6.5));
#9435=CARTESIAN_POINT('',(6.25,2.6,-6.5));
#9436=CARTESIAN_POINT('',(6.25,3.35,-5.75));
#9437=CARTESIAN_POINT('Origin',(6.25,2.6,-5.75));
#9438=CARTESIAN_POINT('',(6.25,3.35,-0.1));
#9439=CARTESIAN_POINT('',(6.25,3.35,0.));
#9440=CARTESIAN_POINT('',(6.25,2.85,-0.1));
#9441=CARTESIAN_POINT('',(6.25,3.225,-0.1));
#9442=CARTESIAN_POINT('',(6.25,2.85,-5.75));
#9443=CARTESIAN_POINT('',(6.25,2.85,0.));
#9444=CARTESIAN_POINT('',(6.25,2.6,-6.));
#9445=CARTESIAN_POINT('Origin',(6.25,2.6,-5.75));
#9446=CARTESIAN_POINT('',(6.25,2.6,-6.));
#9447=CARTESIAN_POINT('Origin',(5.75,2.6,-6.5));
#9448=CARTESIAN_POINT('',(5.75,2.6,-6.5));
#9449=CARTESIAN_POINT('',(5.75,2.6,-6.5));
#9450=CARTESIAN_POINT('',(5.75,2.6,-6.5));
#9451=CARTESIAN_POINT('Origin',(6.,-3.4,-6.25));
#9452=CARTESIAN_POINT('Origin',(5.8,2.975,-0.05));
#9453=CARTESIAN_POINT('',(5.75,3.35,-0.1));
#9454=CARTESIAN_POINT('',(5.75,2.85,-0.1));
#9455=CARTESIAN_POINT('',(5.75,2.975,-0.1));
#9456=CARTESIAN_POINT('',(5.85,2.95,0.));
#9457=CARTESIAN_POINT('',(5.75,2.85,-0.1));
#9458=CARTESIAN_POINT('',(5.85,3.25,0.));
#9459=CARTESIAN_POINT('',(5.85,2.975,0.));
#9460=CARTESIAN_POINT('',(5.75,3.35,-0.1));
#9461=CARTESIAN_POINT('Origin',(6.125,2.9,-0.05));
#9462=CARTESIAN_POINT('',(6.125,2.85,-0.1));
#9463=CARTESIAN_POINT('',(6.15,2.95,0.));
#9464=CARTESIAN_POINT('',(6.25,2.85,-0.1));
#9465=CARTESIAN_POINT('',(6.125,2.95,0.));
#9466=CARTESIAN_POINT('Origin',(5.875,3.3,-0.05));
#9467=CARTESIAN_POINT('',(6.15,3.25,0.));
#9468=CARTESIAN_POINT('',(5.875,3.25,0.));
#9469=CARTESIAN_POINT('',(6.15,3.25,0.));
#9470=CARTESIAN_POINT('',(5.875,3.35,-0.1));
#9471=CARTESIAN_POINT('Origin',(6.2,3.225,-0.05));
#9472=CARTESIAN_POINT('',(6.15,3.225,0.));
#9473=CARTESIAN_POINT('Origin',(6.25,2.85,0.));
#9474=CARTESIAN_POINT('',(5.75,2.85,-5.75));
#9475=CARTESIAN_POINT('',(5.75,2.85,0.));
#9476=CARTESIAN_POINT('',(6.25,2.85,-5.75));
#9477=CARTESIAN_POINT('Origin',(5.75,2.85,0.));
#9478=CARTESIAN_POINT('',(5.75,2.6,-6.));
#9479=CARTESIAN_POINT('',(5.75,2.6,-6.));
#9480=CARTESIAN_POINT('Origin',(5.75,2.6,-5.75));
#9481=CARTESIAN_POINT('',(5.75,3.35,-5.75));
#9482=CARTESIAN_POINT('',(5.75,3.35,0.));
#9483=CARTESIAN_POINT('Origin',(5.75,2.6,-5.75));
#9484=CARTESIAN_POINT('Origin',(6.,3.1,0.));
#9485=CARTESIAN_POINT('Origin',(6.25,2.6,-6.));
#9486=CARTESIAN_POINT('',(6.25,2.6,-6.));
#9487=CARTESIAN_POINT('Origin',(6.,2.6,-5.75));
#9488=CARTESIAN_POINT('Origin',(6.,2.6,-5.75));
#9489=CARTESIAN_POINT('',(5.75,3.35,-5.75));
#9490=CARTESIAN_POINT('Origin',(5.75,3.35,0.));
#9491=CARTESIAN_POINT('Origin',(7.875,-3.35,-6.45));
#9492=CARTESIAN_POINT('',(8.15,-3.4,-6.4));
#9493=CARTESIAN_POINT('',(7.85,-3.4,-6.4));
#9494=CARTESIAN_POINT('',(7.875,-3.4,-6.4));
#9495=CARTESIAN_POINT('',(7.75,-3.3,-6.5));
#9496=CARTESIAN_POINT('',(7.85,-3.4,-6.4));
#9497=CARTESIAN_POINT('',(8.25,-3.3,-6.5));
#9498=CARTESIAN_POINT('',(7.875,-3.3,-6.5));
#9499=CARTESIAN_POINT('',(8.15,-3.4,-6.4));
#9500=CARTESIAN_POINT('Origin',(7.8,-3.35,-3.125));
#9501=CARTESIAN_POINT('',(7.85,-3.4,-6.1));
#9502=CARTESIAN_POINT('',(7.85,-3.4,-3.125));
#9503=CARTESIAN_POINT('',(7.75,-3.3,-6.));
#9504=CARTESIAN_POINT('',(7.85,-3.4,-6.1));
#9505=CARTESIAN_POINT('',(7.75,-3.3,-3.125));
#9506=CARTESIAN_POINT('Origin',(8.125,-3.35,-6.05));
#9507=CARTESIAN_POINT('',(8.15,-3.4,-6.1));
#9508=CARTESIAN_POINT('',(8.125,-3.4,-6.1));
#9509=CARTESIAN_POINT('',(8.25,-3.3,-6.));
#9510=CARTESIAN_POINT('',(8.15,-3.4,-6.1));
#9511=CARTESIAN_POINT('',(8.125,-3.3,-6.));
#9512=CARTESIAN_POINT('Origin',(8.2,-3.35,-3.125));
#9513=CARTESIAN_POINT('',(8.25,-3.3,-3.125));
#9514=CARTESIAN_POINT('',(8.15,-3.4,-3.125));
#9515=CARTESIAN_POINT('Origin',(8.25,3.35,0.));
#9516=CARTESIAN_POINT('',(8.25,2.6,-6.5));
#9517=CARTESIAN_POINT('',(8.25,2.6,-6.5));
#9518=CARTESIAN_POINT('',(8.25,3.35,-5.75));
#9519=CARTESIAN_POINT('Origin',(8.25,2.6,-5.75));
#9520=CARTESIAN_POINT('',(8.25,3.35,-0.1));
#9521=CARTESIAN_POINT('',(8.25,3.35,0.));
#9522=CARTESIAN_POINT('',(8.25,2.85,-0.1));
#9523=CARTESIAN_POINT('',(8.25,3.225,-0.1));
#9524=CARTESIAN_POINT('',(8.25,2.85,-5.75));
#9525=CARTESIAN_POINT('',(8.25,2.85,0.));
#9526=CARTESIAN_POINT('',(8.25,2.6,-6.));
#9527=CARTESIAN_POINT('Origin',(8.25,2.6,-5.75));
#9528=CARTESIAN_POINT('',(8.25,2.6,-6.));
#9529=CARTESIAN_POINT('Origin',(7.75,2.6,-6.5));
#9530=CARTESIAN_POINT('',(7.75,2.6,-6.5));
#9531=CARTESIAN_POINT('',(7.75,2.6,-6.5));
#9532=CARTESIAN_POINT('',(7.75,2.6,-6.5));
#9533=CARTESIAN_POINT('Origin',(8.,-3.4,-6.25));
#9534=CARTESIAN_POINT('Origin',(7.8,2.975,-0.05));
#9535=CARTESIAN_POINT('',(7.75,3.35,-0.1));
#9536=CARTESIAN_POINT('',(7.75,2.85,-0.1));
#9537=CARTESIAN_POINT('',(7.75,2.975,-0.1));
#9538=CARTESIAN_POINT('',(7.85,2.95,0.));
#9539=CARTESIAN_POINT('',(7.75,2.85,-0.1));
#9540=CARTESIAN_POINT('',(7.85,3.25,0.));
#9541=CARTESIAN_POINT('',(7.85,2.975,0.));
#9542=CARTESIAN_POINT('',(7.75,3.35,-0.1));
#9543=CARTESIAN_POINT('Origin',(8.125,2.9,-0.05));
#9544=CARTESIAN_POINT('',(8.125,2.85,-0.1));
#9545=CARTESIAN_POINT('',(8.15,2.95,0.));
#9546=CARTESIAN_POINT('',(8.25,2.85,-0.1));
#9547=CARTESIAN_POINT('',(8.125,2.95,0.));
#9548=CARTESIAN_POINT('Origin',(7.875,3.3,-0.05));
#9549=CARTESIAN_POINT('',(8.15,3.25,0.));
#9550=CARTESIAN_POINT('',(7.875,3.25,0.));
#9551=CARTESIAN_POINT('',(8.15,3.25,0.));
#9552=CARTESIAN_POINT('',(7.875,3.35,-0.1));
#9553=CARTESIAN_POINT('Origin',(8.2,3.225,-0.05));
#9554=CARTESIAN_POINT('',(8.15,3.225,0.));
#9555=CARTESIAN_POINT('Origin',(8.25,2.85,0.));
#9556=CARTESIAN_POINT('',(7.75,2.85,-5.75));
#9557=CARTESIAN_POINT('',(7.75,2.85,0.));
#9558=CARTESIAN_POINT('',(8.25,2.85,-5.75));
#9559=CARTESIAN_POINT('Origin',(7.75,2.85,0.));
#9560=CARTESIAN_POINT('',(7.75,2.6,-6.));
#9561=CARTESIAN_POINT('',(7.75,2.6,-6.));
#9562=CARTESIAN_POINT('Origin',(7.75,2.6,-5.75));
#9563=CARTESIAN_POINT('',(7.75,3.35,-5.75));
#9564=CARTESIAN_POINT('',(7.75,3.35,0.));
#9565=CARTESIAN_POINT('Origin',(7.75,2.6,-5.75));
#9566=CARTESIAN_POINT('Origin',(8.,3.1,0.));
#9567=CARTESIAN_POINT('Origin',(8.25,2.6,-6.));
#9568=CARTESIAN_POINT('',(8.25,2.6,-6.));
#9569=CARTESIAN_POINT('Origin',(8.,2.6,-5.75));
#9570=CARTESIAN_POINT('Origin',(8.,2.6,-5.75));
#9571=CARTESIAN_POINT('',(7.75,3.35,-5.75));
#9572=CARTESIAN_POINT('Origin',(7.75,3.35,0.));
#9573=CARTESIAN_POINT('Origin',(9.875,-3.35,-6.45));
#9574=CARTESIAN_POINT('',(10.15,-3.4,-6.4));
#9575=CARTESIAN_POINT('',(9.85,-3.4,-6.4));
#9576=CARTESIAN_POINT('',(9.875,-3.4,-6.4));
#9577=CARTESIAN_POINT('',(9.75,-3.3,-6.5));
#9578=CARTESIAN_POINT('',(9.85,-3.4,-6.4));
#9579=CARTESIAN_POINT('',(10.25,-3.3,-6.5));
#9580=CARTESIAN_POINT('',(9.875,-3.3,-6.5));
#9581=CARTESIAN_POINT('',(10.15,-3.4,-6.4));
#9582=CARTESIAN_POINT('Origin',(9.8,-3.35,-3.125));
#9583=CARTESIAN_POINT('',(9.85,-3.4,-6.1));
#9584=CARTESIAN_POINT('',(9.85,-3.4,-3.125));
#9585=CARTESIAN_POINT('',(9.75,-3.3,-6.));
#9586=CARTESIAN_POINT('',(9.85,-3.4,-6.1));
#9587=CARTESIAN_POINT('',(9.75,-3.3,-3.125));
#9588=CARTESIAN_POINT('Origin',(10.125,-3.35,-6.05));
#9589=CARTESIAN_POINT('',(10.15,-3.4,-6.1));
#9590=CARTESIAN_POINT('',(10.125,-3.4,-6.1));
#9591=CARTESIAN_POINT('',(10.25,-3.3,-6.));
#9592=CARTESIAN_POINT('',(10.15,-3.4,-6.1));
#9593=CARTESIAN_POINT('',(10.125,-3.3,-6.));
#9594=CARTESIAN_POINT('Origin',(10.2,-3.35,-3.125));
#9595=CARTESIAN_POINT('',(10.25,-3.3,-3.125));
#9596=CARTESIAN_POINT('',(10.15,-3.4,-3.125));
#9597=CARTESIAN_POINT('Origin',(10.25,3.35,0.));
#9598=CARTESIAN_POINT('',(10.25,2.6,-6.5));
#9599=CARTESIAN_POINT('',(10.25,2.6,-6.5));
#9600=CARTESIAN_POINT('',(10.25,3.35,-5.75));
#9601=CARTESIAN_POINT('Origin',(10.25,2.6,-5.75));
#9602=CARTESIAN_POINT('',(10.25,3.35,-0.1));
#9603=CARTESIAN_POINT('',(10.25,3.35,0.));
#9604=CARTESIAN_POINT('',(10.25,2.85,-0.1));
#9605=CARTESIAN_POINT('',(10.25,3.225,-0.1));
#9606=CARTESIAN_POINT('',(10.25,2.85,-5.75));
#9607=CARTESIAN_POINT('',(10.25,2.85,0.));
#9608=CARTESIAN_POINT('',(10.25,2.6,-6.));
#9609=CARTESIAN_POINT('Origin',(10.25,2.6,-5.75));
#9610=CARTESIAN_POINT('',(10.25,2.6,-6.));
#9611=CARTESIAN_POINT('Origin',(9.75,2.6,-6.5));
#9612=CARTESIAN_POINT('',(9.75,2.6,-6.5));
#9613=CARTESIAN_POINT('',(9.75,2.6,-6.5));
#9614=CARTESIAN_POINT('',(9.75,2.6,-6.5));
#9615=CARTESIAN_POINT('Origin',(10.,-3.4,-6.25));
#9616=CARTESIAN_POINT('Origin',(9.8,2.975,-0.05));
#9617=CARTESIAN_POINT('',(9.75,3.35,-0.1));
#9618=CARTESIAN_POINT('',(9.75,2.85,-0.1));
#9619=CARTESIAN_POINT('',(9.75,2.975,-0.1));
#9620=CARTESIAN_POINT('',(9.85,2.95,0.));
#9621=CARTESIAN_POINT('',(9.75,2.85,-0.1));
#9622=CARTESIAN_POINT('',(9.85,3.25,0.));
#9623=CARTESIAN_POINT('',(9.85,2.975,0.));
#9624=CARTESIAN_POINT('',(9.75,3.35,-0.1));
#9625=CARTESIAN_POINT('Origin',(10.125,2.9,-0.05));
#9626=CARTESIAN_POINT('',(10.125,2.85,-0.1));
#9627=CARTESIAN_POINT('',(10.15,2.95,0.));
#9628=CARTESIAN_POINT('',(10.25,2.85,-0.1));
#9629=CARTESIAN_POINT('',(10.125,2.95,0.));
#9630=CARTESIAN_POINT('Origin',(9.875,3.3,-0.05));
#9631=CARTESIAN_POINT('',(10.15,3.25,0.));
#9632=CARTESIAN_POINT('',(9.875,3.25,0.));
#9633=CARTESIAN_POINT('',(10.15,3.25,0.));
#9634=CARTESIAN_POINT('',(9.875,3.35,-0.1));
#9635=CARTESIAN_POINT('Origin',(10.2,3.225,-0.05));
#9636=CARTESIAN_POINT('',(10.15,3.225,0.));
#9637=CARTESIAN_POINT('Origin',(10.25,2.85,0.));
#9638=CARTESIAN_POINT('',(9.75,2.85,-5.75));
#9639=CARTESIAN_POINT('',(9.75,2.85,0.));
#9640=CARTESIAN_POINT('',(10.25,2.85,-5.75));
#9641=CARTESIAN_POINT('Origin',(9.75,2.85,0.));
#9642=CARTESIAN_POINT('',(9.75,2.6,-6.));
#9643=CARTESIAN_POINT('',(9.75,2.6,-6.));
#9644=CARTESIAN_POINT('Origin',(9.75,2.6,-5.75));
#9645=CARTESIAN_POINT('',(9.75,3.35,-5.75));
#9646=CARTESIAN_POINT('',(9.75,3.35,0.));
#9647=CARTESIAN_POINT('Origin',(9.75,2.6,-5.75));
#9648=CARTESIAN_POINT('Origin',(10.,3.1,0.));
#9649=CARTESIAN_POINT('Origin',(10.25,2.6,-6.));
#9650=CARTESIAN_POINT('',(10.25,2.6,-6.));
#9651=CARTESIAN_POINT('Origin',(10.,2.6,-5.75));
#9652=CARTESIAN_POINT('Origin',(10.,2.6,-5.75));
#9653=CARTESIAN_POINT('',(9.75,3.35,-5.75));
#9654=CARTESIAN_POINT('Origin',(9.75,3.35,0.));
#9655=UNCERTAINTY_MEASURE_WITH_UNIT(LENGTH_MEASURE(0.01),#9661,
'DISTANCE_ACCURACY_VALUE',
'Maximum model space distance between geometric entities at asserted c
onnectivities');
#9656=UNCERTAINTY_MEASURE_WITH_UNIT(LENGTH_MEASURE(0.01),#9661,
'DISTANCE_ACCURACY_VALUE',
'Maximum model space distance between geometric entities at asserted c
onnectivities');
#9657=(
GEOMETRIC_REPRESENTATION_CONTEXT(3)
GLOBAL_UNCERTAINTY_ASSIGNED_CONTEXT((#9655))
GLOBAL_UNIT_ASSIGNED_CONTEXT((#9661,#9660,#9659))
REPRESENTATION_CONTEXT('','3D')
);
#9658=(
GEOMETRIC_REPRESENTATION_CONTEXT(3)
GLOBAL_UNCERTAINTY_ASSIGNED_CONTEXT((#9656))
GLOBAL_UNIT_ASSIGNED_CONTEXT((#9661,#9660,#9659))
REPRESENTATION_CONTEXT('','3D')
);
#9659=(
NAMED_UNIT(*)
SI_UNIT($,.STERADIAN.)
SOLID_ANGLE_UNIT()
);
#9660=(
NAMED_UNIT(*)
PLANE_ANGLE_UNIT()
SI_UNIT($,.RADIAN.)
);
#9661=(
LENGTH_UNIT()
NAMED_UNIT(*)
SI_UNIT(.MILLI.,.METRE.)
);
#9662=SHAPE_DEFINITION_REPRESENTATION(#9663,#9664);
#9663=PRODUCT_DEFINITION_SHAPE('',$,#9666);
#9664=SHAPE_REPRESENTATION('',(#6057),#9657);
#9665=PRODUCT_DEFINITION_CONTEXT('part definition',#9670,'design');
#9666=PRODUCT_DEFINITION('S3B-PH-KL v4','S3B-PH-KL v4',#9667,#9665);
#9667=PRODUCT_DEFINITION_FORMATION('',$,#9672);
#9668=PRODUCT_RELATED_PRODUCT_CATEGORY('S3B-PH-KL v4','S3B-PH-KL v4',(#9672));
#9669=APPLICATION_PROTOCOL_DEFINITION('international standard',
'automotive_design',2009,#9670);
#9670=APPLICATION_CONTEXT(
'Core Data for Automotive Mechanical Design Process');
#9671=PRODUCT_CONTEXT('part definition',#9670,'mechanical');
#9672=PRODUCT('S3B-PH-KL v4','S3B-PH-KL v4',$,(#9671));
#9673=PRESENTATION_STYLE_ASSIGNMENT((#9676));
#9674=PRESENTATION_STYLE_ASSIGNMENT((#9677));
#9675=PRESENTATION_STYLE_ASSIGNMENT((#9678));
#9676=SURFACE_STYLE_USAGE(.BOTH.,#9679);
#9677=SURFACE_STYLE_USAGE(.BOTH.,#9680);
#9678=SURFACE_STYLE_USAGE(.BOTH.,#9681);
#9679=SURFACE_SIDE_STYLE('',(#9682));
#9680=SURFACE_SIDE_STYLE('',(#9683));
#9681=SURFACE_SIDE_STYLE('',(#9684));
#9682=SURFACE_STYLE_FILL_AREA(#9685);
#9683=SURFACE_STYLE_FILL_AREA(#9686);
#9684=SURFACE_STYLE_FILL_AREA(#9687);
#9685=FILL_AREA_STYLE('ABS (White)',(#9688));
#9686=FILL_AREA_STYLE('Nylon 6-6 (White)',(#9689));
#9687=FILL_AREA_STYLE('Brass - Polished',(#9690));
#9688=FILL_AREA_STYLE_COLOUR('ABS (White)',#9691);
#9689=FILL_AREA_STYLE_COLOUR('Nylon 6-6 (White)',#9692);
#9690=FILL_AREA_STYLE_COLOUR('Brass - Polished',#9693);
#9691=COLOUR_RGB('ABS (White)',0.964705882352941,0.964705882352941,0.952941176470588);
#9692=COLOUR_RGB('Nylon 6-6 (White)',0.972549019607843,0.968627450980392,
0.929411764705882);
#9693=COLOUR_RGB('Brass - Polished',0.952941176470588,0.796078431372549,
0.486274509803922);
ENDSEC;
END-ISO-10303-21;
