ISO-10303-21;
HEADER;
/* Generated by software containing ST-Developer
 * from STEP Tools, Inc. (www.steptools.com) 
 */

FILE_DESCRIPTION(
/* description */ (''),
/* implementation_level */ '2;1');

FILE_NAME(
/* name */ '/Users/kubota/GitHub/con-jst/PH/TH-SIDE/S4B-PH-KL.stp',
/* time_stamp */ '2017-04-07T20:51:12+09:00',
/* author */ (''),
/* organization */ (''),
/* preprocessor_version */ 'ST-DEVELOPER v16.5',
/* originating_system */ 'Autodesk Translation Framework v5.2.0.2920',
/* authorisation */ '');

FILE_SCHEMA (('AUTOMOTIVE_DESIGN { 1 0 10303 214 3 1 1 }'));
ENDSEC;

DATA;
#10=MECHANICAL_DESIGN_GEOMETRIC_PRESENTATION_REPRESENTATION('',(#39,#38,
#41,#40,#37),#4429);
#11=SHAPE_REPRESENTATION_RELATIONSHIP('SRR','None',#4435,#12);
#12=ADVANCED_BREP_SHAPE_REPRESENTATION('',(#42,#43,#44,#45,#46),#4428);
#13=CYLINDRICAL_SURFACE('',#2882,0.25);
#14=CYLINDRICAL_SURFACE('',#2883,0.75);
#15=CYLINDRICAL_SURFACE('',#2904,0.25);
#16=CYLINDRICAL_SURFACE('',#2905,0.75);
#17=CYLINDRICAL_SURFACE('',#2926,0.25);
#18=CYLINDRICAL_SURFACE('',#2927,0.75);
#19=CYLINDRICAL_SURFACE('',#2948,0.25);
#20=CYLINDRICAL_SURFACE('',#2949,0.75);
#21=CIRCLE('',#2868,0.749999999999998);
#22=CIRCLE('',#2869,0.249999999999999);
#23=CIRCLE('',#2878,0.249999999999999);
#24=CIRCLE('',#2879,0.749999999999999);
#25=CIRCLE('',#2890,0.749999999999998);
#26=CIRCLE('',#2891,0.249999999999999);
#27=CIRCLE('',#2900,0.249999999999999);
#28=CIRCLE('',#2901,0.749999999999999);
#29=CIRCLE('',#2912,0.749999999999998);
#30=CIRCLE('',#2913,0.249999999999999);
#31=CIRCLE('',#2922,0.249999999999999);
#32=CIRCLE('',#2923,0.749999999999999);
#33=CIRCLE('',#2934,0.749999999999998);
#34=CIRCLE('',#2935,0.249999999999999);
#35=CIRCLE('',#2944,0.249999999999999);
#36=CIRCLE('',#2945,0.749999999999999);
#37=STYLED_ITEM('',(#4445),#42);
#38=STYLED_ITEM('',(#4446),#43);
#39=STYLED_ITEM('',(#4446),#44);
#40=STYLED_ITEM('',(#4446),#45);
#41=STYLED_ITEM('',(#4446),#46);
#42=MANIFOLD_SOLID_BREP('Body1',#2783);
#43=MANIFOLD_SOLID_BREP('Body2',#2784);
#44=MANIFOLD_SOLID_BREP('Body3',#2785);
#45=MANIFOLD_SOLID_BREP('Body25',#2786);
#46=MANIFOLD_SOLID_BREP('Body26',#2787);
#47=FACE_BOUND('',#217,.T.);
#48=FACE_BOUND('',#231,.T.);
#49=FACE_BOUND('',#247,.T.);
#50=FACE_BOUND('',#256,.T.);
#51=FACE_BOUND('',#272,.T.);
#52=FACE_BOUND('',#273,.T.);
#53=FACE_BOUND('',#274,.T.);
#54=FACE_BOUND('',#275,.T.);
#55=FACE_OUTER_BOUND('',#201,.T.);
#56=FACE_OUTER_BOUND('',#202,.T.);
#57=FACE_OUTER_BOUND('',#203,.T.);
#58=FACE_OUTER_BOUND('',#204,.T.);
#59=FACE_OUTER_BOUND('',#205,.T.);
#60=FACE_OUTER_BOUND('',#206,.T.);
#61=FACE_OUTER_BOUND('',#207,.T.);
#62=FACE_OUTER_BOUND('',#208,.T.);
#63=FACE_OUTER_BOUND('',#209,.T.);
#64=FACE_OUTER_BOUND('',#210,.T.);
#65=FACE_OUTER_BOUND('',#211,.T.);
#66=FACE_OUTER_BOUND('',#212,.T.);
#67=FACE_OUTER_BOUND('',#213,.T.);
#68=FACE_OUTER_BOUND('',#214,.T.);
#69=FACE_OUTER_BOUND('',#215,.T.);
#70=FACE_OUTER_BOUND('',#216,.T.);
#71=FACE_OUTER_BOUND('',#218,.T.);
#72=FACE_OUTER_BOUND('',#219,.T.);
#73=FACE_OUTER_BOUND('',#220,.T.);
#74=FACE_OUTER_BOUND('',#221,.T.);
#75=FACE_OUTER_BOUND('',#222,.T.);
#76=FACE_OUTER_BOUND('',#223,.T.);
#77=FACE_OUTER_BOUND('',#224,.T.);
#78=FACE_OUTER_BOUND('',#225,.T.);
#79=FACE_OUTER_BOUND('',#226,.T.);
#80=FACE_OUTER_BOUND('',#227,.T.);
#81=FACE_OUTER_BOUND('',#228,.T.);
#82=FACE_OUTER_BOUND('',#229,.T.);
#83=FACE_OUTER_BOUND('',#230,.T.);
#84=FACE_OUTER_BOUND('',#232,.T.);
#85=FACE_OUTER_BOUND('',#233,.T.);
#86=FACE_OUTER_BOUND('',#234,.T.);
#87=FACE_OUTER_BOUND('',#235,.T.);
#88=FACE_OUTER_BOUND('',#236,.T.);
#89=FACE_OUTER_BOUND('',#237,.T.);
#90=FACE_OUTER_BOUND('',#238,.T.);
#91=FACE_OUTER_BOUND('',#239,.T.);
#92=FACE_OUTER_BOUND('',#240,.T.);
#93=FACE_OUTER_BOUND('',#241,.T.);
#94=FACE_OUTER_BOUND('',#242,.T.);
#95=FACE_OUTER_BOUND('',#243,.T.);
#96=FACE_OUTER_BOUND('',#244,.T.);
#97=FACE_OUTER_BOUND('',#245,.T.);
#98=FACE_OUTER_BOUND('',#246,.T.);
#99=FACE_OUTER_BOUND('',#248,.T.);
#100=FACE_OUTER_BOUND('',#249,.T.);
#101=FACE_OUTER_BOUND('',#250,.T.);
#102=FACE_OUTER_BOUND('',#251,.T.);
#103=FACE_OUTER_BOUND('',#252,.T.);
#104=FACE_OUTER_BOUND('',#253,.T.);
#105=FACE_OUTER_BOUND('',#254,.T.);
#106=FACE_OUTER_BOUND('',#255,.T.);
#107=FACE_OUTER_BOUND('',#257,.T.);
#108=FACE_OUTER_BOUND('',#258,.T.);
#109=FACE_OUTER_BOUND('',#259,.T.);
#110=FACE_OUTER_BOUND('',#260,.T.);
#111=FACE_OUTER_BOUND('',#261,.T.);
#112=FACE_OUTER_BOUND('',#262,.T.);
#113=FACE_OUTER_BOUND('',#263,.T.);
#114=FACE_OUTER_BOUND('',#264,.T.);
#115=FACE_OUTER_BOUND('',#265,.T.);
#116=FACE_OUTER_BOUND('',#266,.T.);
#117=FACE_OUTER_BOUND('',#267,.T.);
#118=FACE_OUTER_BOUND('',#268,.T.);
#119=FACE_OUTER_BOUND('',#269,.T.);
#120=FACE_OUTER_BOUND('',#270,.T.);
#121=FACE_OUTER_BOUND('',#271,.T.);
#122=FACE_OUTER_BOUND('',#276,.T.);
#123=FACE_OUTER_BOUND('',#277,.T.);
#124=FACE_OUTER_BOUND('',#278,.T.);
#125=FACE_OUTER_BOUND('',#279,.T.);
#126=FACE_OUTER_BOUND('',#280,.T.);
#127=FACE_OUTER_BOUND('',#281,.T.);
#128=FACE_OUTER_BOUND('',#282,.T.);
#129=FACE_OUTER_BOUND('',#283,.T.);
#130=FACE_OUTER_BOUND('',#284,.T.);
#131=FACE_OUTER_BOUND('',#285,.T.);
#132=FACE_OUTER_BOUND('',#286,.T.);
#133=FACE_OUTER_BOUND('',#287,.T.);
#134=FACE_OUTER_BOUND('',#288,.T.);
#135=FACE_OUTER_BOUND('',#289,.T.);
#136=FACE_OUTER_BOUND('',#290,.T.);
#137=FACE_OUTER_BOUND('',#291,.T.);
#138=FACE_OUTER_BOUND('',#292,.T.);
#139=FACE_OUTER_BOUND('',#293,.T.);
#140=FACE_OUTER_BOUND('',#294,.T.);
#141=FACE_OUTER_BOUND('',#295,.T.);
#142=FACE_OUTER_BOUND('',#296,.T.);
#143=FACE_OUTER_BOUND('',#297,.T.);
#144=FACE_OUTER_BOUND('',#298,.T.);
#145=FACE_OUTER_BOUND('',#299,.T.);
#146=FACE_OUTER_BOUND('',#300,.T.);
#147=FACE_OUTER_BOUND('',#301,.T.);
#148=FACE_OUTER_BOUND('',#302,.T.);
#149=FACE_OUTER_BOUND('',#303,.T.);
#150=FACE_OUTER_BOUND('',#304,.T.);
#151=FACE_OUTER_BOUND('',#305,.T.);
#152=FACE_OUTER_BOUND('',#306,.T.);
#153=FACE_OUTER_BOUND('',#307,.T.);
#154=FACE_OUTER_BOUND('',#308,.T.);
#155=FACE_OUTER_BOUND('',#309,.T.);
#156=FACE_OUTER_BOUND('',#310,.T.);
#157=FACE_OUTER_BOUND('',#311,.T.);
#158=FACE_OUTER_BOUND('',#312,.T.);
#159=FACE_OUTER_BOUND('',#313,.T.);
#160=FACE_OUTER_BOUND('',#314,.T.);
#161=FACE_OUTER_BOUND('',#315,.T.);
#162=FACE_OUTER_BOUND('',#316,.T.);
#163=FACE_OUTER_BOUND('',#317,.T.);
#164=FACE_OUTER_BOUND('',#318,.T.);
#165=FACE_OUTER_BOUND('',#319,.T.);
#166=FACE_OUTER_BOUND('',#320,.T.);
#167=FACE_OUTER_BOUND('',#321,.T.);
#168=FACE_OUTER_BOUND('',#322,.T.);
#169=FACE_OUTER_BOUND('',#323,.T.);
#170=FACE_OUTER_BOUND('',#324,.T.);
#171=FACE_OUTER_BOUND('',#325,.T.);
#172=FACE_OUTER_BOUND('',#326,.T.);
#173=FACE_OUTER_BOUND('',#327,.T.);
#174=FACE_OUTER_BOUND('',#328,.T.);
#175=FACE_OUTER_BOUND('',#329,.T.);
#176=FACE_OUTER_BOUND('',#330,.T.);
#177=FACE_OUTER_BOUND('',#331,.T.);
#178=FACE_OUTER_BOUND('',#332,.T.);
#179=FACE_OUTER_BOUND('',#333,.T.);
#180=FACE_OUTER_BOUND('',#334,.T.);
#181=FACE_OUTER_BOUND('',#335,.T.);
#182=FACE_OUTER_BOUND('',#336,.T.);
#183=FACE_OUTER_BOUND('',#337,.T.);
#184=FACE_OUTER_BOUND('',#338,.T.);
#185=FACE_OUTER_BOUND('',#339,.T.);
#186=FACE_OUTER_BOUND('',#340,.T.);
#187=FACE_OUTER_BOUND('',#341,.T.);
#188=FACE_OUTER_BOUND('',#342,.T.);
#189=FACE_OUTER_BOUND('',#343,.T.);
#190=FACE_OUTER_BOUND('',#344,.T.);
#191=FACE_OUTER_BOUND('',#345,.T.);
#192=FACE_OUTER_BOUND('',#346,.T.);
#193=FACE_OUTER_BOUND('',#347,.T.);
#194=FACE_OUTER_BOUND('',#348,.T.);
#195=FACE_OUTER_BOUND('',#349,.T.);
#196=FACE_OUTER_BOUND('',#350,.T.);
#197=FACE_OUTER_BOUND('',#351,.T.);
#198=FACE_OUTER_BOUND('',#352,.T.);
#199=FACE_OUTER_BOUND('',#353,.T.);
#200=FACE_OUTER_BOUND('',#354,.T.);
#201=EDGE_LOOP('',(#1727,#1728,#1729,#1730));
#202=EDGE_LOOP('',(#1731,#1732,#1733,#1734));
#203=EDGE_LOOP('',(#1735,#1736,#1737,#1738));
#204=EDGE_LOOP('',(#1739,#1740,#1741,#1742));
#205=EDGE_LOOP('',(#1743,#1744,#1745,#1746));
#206=EDGE_LOOP('',(#1747,#1748,#1749,#1750));
#207=EDGE_LOOP('',(#1751,#1752,#1753,#1754,#1755,#1756,#1757,#1758,#1759,
#1760));
#208=EDGE_LOOP('',(#1761,#1762,#1763,#1764,#1765,#1766));
#209=EDGE_LOOP('',(#1767,#1768,#1769,#1770,#1771,#1772));
#210=EDGE_LOOP('',(#1773,#1774,#1775,#1776,#1777,#1778,#1779,#1780,#1781,
#1782));
#211=EDGE_LOOP('',(#1783,#1784,#1785,#1786));
#212=EDGE_LOOP('',(#1787,#1788,#1789,#1790,#1791,#1792));
#213=EDGE_LOOP('',(#1793,#1794,#1795,#1796));
#214=EDGE_LOOP('',(#1797,#1798,#1799,#1800,#1801,#1802));
#215=EDGE_LOOP('',(#1803,#1804,#1805,#1806,#1807,#1808,#1809,#1810));
#216=EDGE_LOOP('',(#1811,#1812,#1813,#1814,#1815,#1816));
#217=EDGE_LOOP('',(#1817,#1818,#1819,#1820));
#218=EDGE_LOOP('',(#1821,#1822,#1823,#1824,#1825,#1826,#1827,#1828,#1829,
#1830,#1831,#1832,#1833,#1834,#1835,#1836,#1837,#1838,#1839,#1840,#1841,
#1842,#1843,#1844,#1845,#1846,#1847,#1848));
#219=EDGE_LOOP('',(#1849,#1850,#1851,#1852,#1853,#1854,#1855,#1856,#1857,
#1858));
#220=EDGE_LOOP('',(#1859,#1860,#1861,#1862));
#221=EDGE_LOOP('',(#1863,#1864,#1865,#1866));
#222=EDGE_LOOP('',(#1867,#1868,#1869,#1870));
#223=EDGE_LOOP('',(#1871,#1872,#1873,#1874,#1875));
#224=EDGE_LOOP('',(#1876,#1877,#1878,#1879));
#225=EDGE_LOOP('',(#1880,#1881,#1882,#1883));
#226=EDGE_LOOP('',(#1884,#1885,#1886,#1887,#1888,#1889));
#227=EDGE_LOOP('',(#1890,#1891,#1892,#1893,#1894,#1895));
#228=EDGE_LOOP('',(#1896,#1897,#1898,#1899));
#229=EDGE_LOOP('',(#1900,#1901,#1902,#1903,#1904,#1905,#1906,#1907));
#230=EDGE_LOOP('',(#1908,#1909,#1910,#1911,#1912,#1913));
#231=EDGE_LOOP('',(#1914,#1915,#1916,#1917));
#232=EDGE_LOOP('',(#1918,#1919,#1920,#1921,#1922,#1923,#1924,#1925,#1926,
#1927,#1928,#1929));
#233=EDGE_LOOP('',(#1930,#1931,#1932,#1933));
#234=EDGE_LOOP('',(#1934,#1935,#1936,#1937));
#235=EDGE_LOOP('',(#1938,#1939,#1940,#1941));
#236=EDGE_LOOP('',(#1942,#1943,#1944,#1945,#1946));
#237=EDGE_LOOP('',(#1947,#1948,#1949,#1950,#1951,#1952,#1953,#1954));
#238=EDGE_LOOP('',(#1955,#1956,#1957,#1958));
#239=EDGE_LOOP('',(#1959,#1960,#1961,#1962));
#240=EDGE_LOOP('',(#1963,#1964,#1965,#1966));
#241=EDGE_LOOP('',(#1967,#1968,#1969,#1970));
#242=EDGE_LOOP('',(#1971,#1972,#1973,#1974));
#243=EDGE_LOOP('',(#1975,#1976,#1977,#1978));
#244=EDGE_LOOP('',(#1979,#1980,#1981,#1982));
#245=EDGE_LOOP('',(#1983,#1984,#1985,#1986));
#246=EDGE_LOOP('',(#1987,#1988,#1989,#1990));
#247=EDGE_LOOP('',(#1991,#1992,#1993,#1994));
#248=EDGE_LOOP('',(#1995,#1996,#1997,#1998));
#249=EDGE_LOOP('',(#1999,#2000,#2001,#2002));
#250=EDGE_LOOP('',(#2003,#2004,#2005,#2006));
#251=EDGE_LOOP('',(#2007,#2008,#2009,#2010));
#252=EDGE_LOOP('',(#2011,#2012,#2013,#2014));
#253=EDGE_LOOP('',(#2015,#2016,#2017,#2018));
#254=EDGE_LOOP('',(#2019,#2020,#2021,#2022));
#255=EDGE_LOOP('',(#2023,#2024,#2025,#2026));
#256=EDGE_LOOP('',(#2027,#2028,#2029,#2030));
#257=EDGE_LOOP('',(#2031,#2032,#2033,#2034));
#258=EDGE_LOOP('',(#2035,#2036,#2037,#2038));
#259=EDGE_LOOP('',(#2039,#2040,#2041,#2042));
#260=EDGE_LOOP('',(#2043,#2044,#2045,#2046));
#261=EDGE_LOOP('',(#2047,#2048,#2049,#2050));
#262=EDGE_LOOP('',(#2051,#2052,#2053,#2054));
#263=EDGE_LOOP('',(#2055,#2056,#2057,#2058));
#264=EDGE_LOOP('',(#2059,#2060,#2061,#2062));
#265=EDGE_LOOP('',(#2063,#2064,#2065,#2066,#2067,#2068,#2069,#2070,#2071,
#2072,#2073,#2074,#2075,#2076,#2077,#2078,#2079,#2080,#2081,#2082,#2083,
#2084));
#266=EDGE_LOOP('',(#2085,#2086,#2087,#2088));
#267=EDGE_LOOP('',(#2089,#2090,#2091,#2092));
#268=EDGE_LOOP('',(#2093,#2094,#2095,#2096));
#269=EDGE_LOOP('',(#2097,#2098,#2099,#2100));
#270=EDGE_LOOP('',(#2101,#2102,#2103,#2104));
#271=EDGE_LOOP('',(#2105,#2106,#2107,#2108,#2109,#2110,#2111,#2112));
#272=EDGE_LOOP('',(#2113,#2114,#2115,#2116));
#273=EDGE_LOOP('',(#2117,#2118,#2119,#2120));
#274=EDGE_LOOP('',(#2121,#2122,#2123,#2124));
#275=EDGE_LOOP('',(#2125,#2126,#2127,#2128));
#276=EDGE_LOOP('',(#2129,#2130,#2131,#2132));
#277=EDGE_LOOP('',(#2133,#2134,#2135,#2136));
#278=EDGE_LOOP('',(#2137,#2138,#2139,#2140,#2141,#2142,#2143,#2144,#2145,
#2146,#2147,#2148));
#279=EDGE_LOOP('',(#2149,#2150,#2151,#2152,#2153,#2154));
#280=EDGE_LOOP('',(#2155,#2156,#2157,#2158,#2159,#2160));
#281=EDGE_LOOP('',(#2161,#2162,#2163,#2164,#2165,#2166,#2167,#2168));
#282=EDGE_LOOP('',(#2169,#2170,#2171,#2172,#2173,#2174,#2175,#2176,#2177,
#2178));
#283=EDGE_LOOP('',(#2179,#2180,#2181,#2182));
#284=EDGE_LOOP('',(#2183,#2184,#2185,#2186));
#285=EDGE_LOOP('',(#2187,#2188,#2189,#2190));
#286=EDGE_LOOP('',(#2191,#2192,#2193,#2194));
#287=EDGE_LOOP('',(#2195,#2196,#2197,#2198,#2199,#2200,#2201,#2202));
#288=EDGE_LOOP('',(#2203,#2204,#2205,#2206));
#289=EDGE_LOOP('',(#2207,#2208,#2209,#2210));
#290=EDGE_LOOP('',(#2211,#2212,#2213,#2214));
#291=EDGE_LOOP('',(#2215,#2216,#2217,#2218));
#292=EDGE_LOOP('',(#2219,#2220,#2221,#2222));
#293=EDGE_LOOP('',(#2223,#2224,#2225,#2226));
#294=EDGE_LOOP('',(#2227,#2228,#2229,#2230));
#295=EDGE_LOOP('',(#2231,#2232,#2233,#2234,#2235,#2236,#2237,#2238));
#296=EDGE_LOOP('',(#2239,#2240,#2241,#2242));
#297=EDGE_LOOP('',(#2243,#2244,#2245,#2246));
#298=EDGE_LOOP('',(#2247,#2248,#2249,#2250));
#299=EDGE_LOOP('',(#2251,#2252,#2253,#2254));
#300=EDGE_LOOP('',(#2255,#2256,#2257,#2258));
#301=EDGE_LOOP('',(#2259,#2260,#2261,#2262));
#302=EDGE_LOOP('',(#2263,#2264,#2265,#2266));
#303=EDGE_LOOP('',(#2267,#2268,#2269,#2270));
#304=EDGE_LOOP('',(#2271,#2272,#2273,#2274));
#305=EDGE_LOOP('',(#2275,#2276,#2277,#2278,#2279,#2280,#2281,#2282));
#306=EDGE_LOOP('',(#2283,#2284,#2285,#2286));
#307=EDGE_LOOP('',(#2287,#2288,#2289,#2290));
#308=EDGE_LOOP('',(#2291,#2292,#2293,#2294));
#309=EDGE_LOOP('',(#2295,#2296,#2297,#2298));
#310=EDGE_LOOP('',(#2299,#2300,#2301,#2302));
#311=EDGE_LOOP('',(#2303,#2304,#2305,#2306));
#312=EDGE_LOOP('',(#2307,#2308,#2309,#2310));
#313=EDGE_LOOP('',(#2311,#2312,#2313,#2314,#2315,#2316,#2317,#2318));
#314=EDGE_LOOP('',(#2319,#2320,#2321,#2322));
#315=EDGE_LOOP('',(#2323,#2324,#2325,#2326));
#316=EDGE_LOOP('',(#2327,#2328,#2329,#2330));
#317=EDGE_LOOP('',(#2331,#2332,#2333,#2334));
#318=EDGE_LOOP('',(#2335,#2336,#2337,#2338));
#319=EDGE_LOOP('',(#2339,#2340,#2341,#2342));
#320=EDGE_LOOP('',(#2343,#2344,#2345,#2346));
#321=EDGE_LOOP('',(#2347,#2348,#2349,#2350));
#322=EDGE_LOOP('',(#2351,#2352,#2353,#2354));
#323=EDGE_LOOP('',(#2355,#2356,#2357,#2358,#2359,#2360,#2361,#2362));
#324=EDGE_LOOP('',(#2363,#2364,#2365,#2366));
#325=EDGE_LOOP('',(#2367,#2368,#2369,#2370));
#326=EDGE_LOOP('',(#2371,#2372,#2373,#2374));
#327=EDGE_LOOP('',(#2375,#2376,#2377,#2378));
#328=EDGE_LOOP('',(#2379,#2380,#2381,#2382));
#329=EDGE_LOOP('',(#2383,#2384,#2385,#2386));
#330=EDGE_LOOP('',(#2387,#2388,#2389,#2390));
#331=EDGE_LOOP('',(#2391,#2392,#2393,#2394,#2395,#2396,#2397,#2398));
#332=EDGE_LOOP('',(#2399,#2400,#2401,#2402));
#333=EDGE_LOOP('',(#2403,#2404,#2405,#2406));
#334=EDGE_LOOP('',(#2407,#2408,#2409,#2410));
#335=EDGE_LOOP('',(#2411,#2412,#2413,#2414));
#336=EDGE_LOOP('',(#2415,#2416,#2417,#2418));
#337=EDGE_LOOP('',(#2419,#2420,#2421,#2422));
#338=EDGE_LOOP('',(#2423,#2424,#2425,#2426));
#339=EDGE_LOOP('',(#2427,#2428,#2429,#2430));
#340=EDGE_LOOP('',(#2431,#2432,#2433,#2434));
#341=EDGE_LOOP('',(#2435,#2436,#2437,#2438,#2439,#2440,#2441,#2442));
#342=EDGE_LOOP('',(#2443,#2444,#2445,#2446));
#343=EDGE_LOOP('',(#2447,#2448,#2449,#2450));
#344=EDGE_LOOP('',(#2451,#2452,#2453,#2454));
#345=EDGE_LOOP('',(#2455,#2456,#2457,#2458));
#346=EDGE_LOOP('',(#2459,#2460,#2461,#2462));
#347=EDGE_LOOP('',(#2463,#2464,#2465,#2466));
#348=EDGE_LOOP('',(#2467,#2468,#2469,#2470));
#349=EDGE_LOOP('',(#2471,#2472,#2473,#2474,#2475,#2476,#2477,#2478));
#350=EDGE_LOOP('',(#2479,#2480,#2481,#2482));
#351=EDGE_LOOP('',(#2483,#2484,#2485,#2486));
#352=EDGE_LOOP('',(#2487,#2488,#2489,#2490));
#353=EDGE_LOOP('',(#2491,#2492,#2493,#2494));
#354=EDGE_LOOP('',(#2495,#2496,#2497,#2498));
#355=LINE('',#3651,#725);
#356=LINE('',#3653,#726);
#357=LINE('',#3655,#727);
#358=LINE('',#3656,#728);
#359=LINE('',#3659,#729);
#360=LINE('',#3661,#730);
#361=LINE('',#3662,#731);
#362=LINE('',#3665,#732);
#363=LINE('',#3667,#733);
#364=LINE('',#3668,#734);
#365=LINE('',#3672,#735);
#366=LINE('',#3674,#736);
#367=LINE('',#3676,#737);
#368=LINE('',#3677,#738);
#369=LINE('',#3680,#739);
#370=LINE('',#3682,#740);
#371=LINE('',#3683,#741);
#372=LINE('',#3686,#742);
#373=LINE('',#3688,#743);
#374=LINE('',#3689,#744);
#375=LINE('',#3692,#745);
#376=LINE('',#3694,#746);
#377=LINE('',#3696,#747);
#378=LINE('',#3698,#748);
#379=LINE('',#3700,#749);
#380=LINE('',#3702,#750);
#381=LINE('',#3703,#751);
#382=LINE('',#3706,#752);
#383=LINE('',#3708,#753);
#384=LINE('',#3710,#754);
#385=LINE('',#3711,#755);
#386=LINE('',#3714,#756);
#387=LINE('',#3716,#757);
#388=LINE('',#3718,#758);
#389=LINE('',#3720,#759);
#390=LINE('',#3721,#760);
#391=LINE('',#3724,#761);
#392=LINE('',#3726,#762);
#393=LINE('',#3728,#763);
#394=LINE('',#3730,#764);
#395=LINE('',#3732,#765);
#396=LINE('',#3733,#766);
#397=LINE('',#3736,#767);
#398=LINE('',#3738,#768);
#399=LINE('',#3739,#769);
#400=LINE('',#3743,#770);
#401=LINE('',#3745,#771);
#402=LINE('',#3747,#772);
#403=LINE('',#3749,#773);
#404=LINE('',#3751,#774);
#405=LINE('',#3752,#775);
#406=LINE('',#3755,#776);
#407=LINE('',#3757,#777);
#408=LINE('',#3758,#778);
#409=LINE('',#3762,#779);
#410=LINE('',#3763,#780);
#411=LINE('',#3765,#781);
#412=LINE('',#3767,#782);
#413=LINE('',#3768,#783);
#414=LINE('',#3771,#784);
#415=LINE('',#3772,#785);
#416=LINE('',#3774,#786);
#417=LINE('',#3776,#787);
#418=LINE('',#3777,#788);
#419=LINE('',#3780,#789);
#420=LINE('',#3782,#790);
#421=LINE('',#3784,#791);
#422=LINE('',#3785,#792);
#423=LINE('',#3788,#793);
#424=LINE('',#3790,#794);
#425=LINE('',#3792,#795);
#426=LINE('',#3793,#796);
#427=LINE('',#3796,#797);
#428=LINE('',#3797,#798);
#429=LINE('',#3799,#799);
#430=LINE('',#3801,#800);
#431=LINE('',#3803,#801);
#432=LINE('',#3805,#802);
#433=LINE('',#3807,#803);
#434=LINE('',#3809,#804);
#435=LINE('',#3811,#805);
#436=LINE('',#3813,#806);
#437=LINE('',#3815,#807);
#438=LINE('',#3817,#808);
#439=LINE('',#3819,#809);
#440=LINE('',#3821,#810);
#441=LINE('',#3823,#811);
#442=LINE('',#3825,#812);
#443=LINE('',#3827,#813);
#444=LINE('',#3829,#814);
#445=LINE('',#3830,#815);
#446=LINE('',#3831,#816);
#447=LINE('',#3834,#817);
#448=LINE('',#3836,#818);
#449=LINE('',#3837,#819);
#450=LINE('',#3838,#820);
#451=LINE('',#3841,#821);
#452=LINE('',#3843,#822);
#453=LINE('',#3844,#823);
#454=LINE('',#3848,#824);
#455=LINE('',#3850,#825);
#456=LINE('',#3852,#826);
#457=LINE('',#3853,#827);
#458=LINE('',#3856,#828);
#459=LINE('',#3857,#829);
#460=LINE('',#3859,#830);
#461=LINE('',#3860,#831);
#462=LINE('',#3863,#832);
#463=LINE('',#3864,#833);
#464=LINE('',#3866,#834);
#465=LINE('',#3870,#835);
#466=LINE('',#3872,#836);
#467=LINE('',#3873,#837);
#468=LINE('',#3875,#838);
#469=LINE('',#3876,#839);
#470=LINE('',#3878,#840);
#471=LINE('',#3880,#841);
#472=LINE('',#3881,#842);
#473=LINE('',#3884,#843);
#474=LINE('',#3885,#844);
#475=LINE('',#3887,#845);
#476=LINE('',#3889,#846);
#477=LINE('',#3891,#847);
#478=LINE('',#3892,#848);
#479=LINE('',#3895,#849);
#480=LINE('',#3897,#850);
#481=LINE('',#3898,#851);
#482=LINE('',#3901,#852);
#483=LINE('',#3903,#853);
#484=LINE('',#3905,#854);
#485=LINE('',#3906,#855);
#486=LINE('',#3908,#856);
#487=LINE('',#3912,#857);
#488=LINE('',#3914,#858);
#489=LINE('',#3916,#859);
#490=LINE('',#3917,#860);
#491=LINE('',#3921,#861);
#492=LINE('',#3923,#862);
#493=LINE('',#3925,#863);
#494=LINE('',#3926,#864);
#495=LINE('',#3929,#865);
#496=LINE('',#3931,#866);
#497=LINE('',#3932,#867);
#498=LINE('',#3934,#868);
#499=LINE('',#3935,#869);
#500=LINE('',#3937,#870);
#501=LINE('',#3939,#871);
#502=LINE('',#3940,#872);
#503=LINE('',#3943,#873);
#504=LINE('',#3944,#874);
#505=LINE('',#3946,#875);
#506=LINE('',#3949,#876);
#507=LINE('',#3950,#877);
#508=LINE('',#3953,#878);
#509=LINE('',#3955,#879);
#510=LINE('',#3956,#880);
#511=LINE('',#3959,#881);
#512=LINE('',#3960,#882);
#513=LINE('',#3963,#883);
#514=LINE('',#3964,#884);
#515=LINE('',#3966,#885);
#516=LINE('',#3970,#886);
#517=LINE('',#3971,#887);
#518=LINE('',#3972,#888);
#519=LINE('',#3975,#889);
#520=LINE('',#3976,#890);
#521=LINE('',#3979,#891);
#522=LINE('',#3981,#892);
#523=LINE('',#3983,#893);
#524=LINE('',#3984,#894);
#525=LINE('',#3986,#895);
#526=LINE('',#3989,#896);
#527=LINE('',#3990,#897);
#528=LINE('',#3993,#898);
#529=LINE('',#3995,#899);
#530=LINE('',#3996,#900);
#531=LINE('',#3999,#901);
#532=LINE('',#4000,#902);
#533=LINE('',#4003,#903);
#534=LINE('',#4004,#904);
#535=LINE('',#4006,#905);
#536=LINE('',#4010,#906);
#537=LINE('',#4011,#907);
#538=LINE('',#4012,#908);
#539=LINE('',#4015,#909);
#540=LINE('',#4016,#910);
#541=LINE('',#4019,#911);
#542=LINE('',#4021,#912);
#543=LINE('',#4023,#913);
#544=LINE('',#4024,#914);
#545=LINE('',#4026,#915);
#546=LINE('',#4029,#916);
#547=LINE('',#4030,#917);
#548=LINE('',#4033,#918);
#549=LINE('',#4035,#919);
#550=LINE('',#4036,#920);
#551=LINE('',#4039,#921);
#552=LINE('',#4040,#922);
#553=LINE('',#4043,#923);
#554=LINE('',#4044,#924);
#555=LINE('',#4046,#925);
#556=LINE('',#4048,#926);
#557=LINE('',#4051,#927);
#558=LINE('',#4052,#928);
#559=LINE('',#4055,#929);
#560=LINE('',#4057,#930);
#561=LINE('',#4058,#931);
#562=LINE('',#4059,#932);
#563=LINE('',#4062,#933);
#564=LINE('',#4064,#934);
#565=LINE('',#4065,#935);
#566=LINE('',#4068,#936);
#567=LINE('',#4069,#937);
#568=LINE('',#4072,#938);
#569=LINE('',#4073,#939);
#570=LINE('',#4075,#940);
#571=LINE('',#4077,#941);
#572=LINE('',#4078,#942);
#573=LINE('',#4082,#943);
#574=LINE('',#4083,#944);
#575=LINE('',#4086,#945);
#576=LINE('',#4087,#946);
#577=LINE('',#4089,#947);
#578=LINE('',#4091,#948);
#579=LINE('',#4092,#949);
#580=LINE('',#4094,#950);
#581=LINE('',#4101,#951);
#582=LINE('',#4103,#952);
#583=LINE('',#4105,#953);
#584=LINE('',#4106,#954);
#585=LINE('',#4109,#955);
#586=LINE('',#4111,#956);
#587=LINE('',#4112,#957);
#588=LINE('',#4115,#958);
#589=LINE('',#4117,#959);
#590=LINE('',#4118,#960);
#591=LINE('',#4120,#961);
#592=LINE('',#4121,#962);
#593=LINE('',#4124,#963);
#594=LINE('',#4128,#964);
#595=LINE('',#4130,#965);
#596=LINE('',#4132,#966);
#597=LINE('',#4135,#967);
#598=LINE('',#4138,#968);
#599=LINE('',#4139,#969);
#600=LINE('',#4144,#970);
#601=LINE('',#4146,#971);
#602=LINE('',#4148,#972);
#603=LINE('',#4149,#973);
#604=LINE('',#4151,#974);
#605=LINE('',#4153,#975);
#606=LINE('',#4154,#976);
#607=LINE('',#4157,#977);
#608=LINE('',#4158,#978);
#609=LINE('',#4159,#979);
#610=LINE('',#4161,#980);
#611=LINE('',#4164,#981);
#612=LINE('',#4165,#982);
#613=LINE('',#4168,#983);
#614=LINE('',#4171,#984);
#615=LINE('',#4175,#985);
#616=LINE('',#4178,#986);
#617=LINE('',#4183,#987);
#618=LINE('',#4185,#988);
#619=LINE('',#4187,#989);
#620=LINE('',#4188,#990);
#621=LINE('',#4191,#991);
#622=LINE('',#4193,#992);
#623=LINE('',#4194,#993);
#624=LINE('',#4197,#994);
#625=LINE('',#4199,#995);
#626=LINE('',#4200,#996);
#627=LINE('',#4202,#997);
#628=LINE('',#4203,#998);
#629=LINE('',#4206,#999);
#630=LINE('',#4210,#1000);
#631=LINE('',#4212,#1001);
#632=LINE('',#4214,#1002);
#633=LINE('',#4217,#1003);
#634=LINE('',#4220,#1004);
#635=LINE('',#4221,#1005);
#636=LINE('',#4226,#1006);
#637=LINE('',#4228,#1007);
#638=LINE('',#4230,#1008);
#639=LINE('',#4231,#1009);
#640=LINE('',#4233,#1010);
#641=LINE('',#4235,#1011);
#642=LINE('',#4236,#1012);
#643=LINE('',#4239,#1013);
#644=LINE('',#4240,#1014);
#645=LINE('',#4241,#1015);
#646=LINE('',#4243,#1016);
#647=LINE('',#4246,#1017);
#648=LINE('',#4247,#1018);
#649=LINE('',#4250,#1019);
#650=LINE('',#4253,#1020);
#651=LINE('',#4257,#1021);
#652=LINE('',#4260,#1022);
#653=LINE('',#4265,#1023);
#654=LINE('',#4267,#1024);
#655=LINE('',#4269,#1025);
#656=LINE('',#4270,#1026);
#657=LINE('',#4273,#1027);
#658=LINE('',#4275,#1028);
#659=LINE('',#4276,#1029);
#660=LINE('',#4279,#1030);
#661=LINE('',#4281,#1031);
#662=LINE('',#4282,#1032);
#663=LINE('',#4284,#1033);
#664=LINE('',#4285,#1034);
#665=LINE('',#4288,#1035);
#666=LINE('',#4292,#1036);
#667=LINE('',#4294,#1037);
#668=LINE('',#4296,#1038);
#669=LINE('',#4299,#1039);
#670=LINE('',#4302,#1040);
#671=LINE('',#4303,#1041);
#672=LINE('',#4308,#1042);
#673=LINE('',#4310,#1043);
#674=LINE('',#4312,#1044);
#675=LINE('',#4313,#1045);
#676=LINE('',#4315,#1046);
#677=LINE('',#4317,#1047);
#678=LINE('',#4318,#1048);
#679=LINE('',#4321,#1049);
#680=LINE('',#4322,#1050);
#681=LINE('',#4323,#1051);
#682=LINE('',#4325,#1052);
#683=LINE('',#4328,#1053);
#684=LINE('',#4329,#1054);
#685=LINE('',#4332,#1055);
#686=LINE('',#4335,#1056);
#687=LINE('',#4339,#1057);
#688=LINE('',#4342,#1058);
#689=LINE('',#4347,#1059);
#690=LINE('',#4349,#1060);
#691=LINE('',#4351,#1061);
#692=LINE('',#4352,#1062);
#693=LINE('',#4355,#1063);
#694=LINE('',#4357,#1064);
#695=LINE('',#4358,#1065);
#696=LINE('',#4361,#1066);
#697=LINE('',#4363,#1067);
#698=LINE('',#4364,#1068);
#699=LINE('',#4366,#1069);
#700=LINE('',#4367,#1070);
#701=LINE('',#4370,#1071);
#702=LINE('',#4374,#1072);
#703=LINE('',#4376,#1073);
#704=LINE('',#4378,#1074);
#705=LINE('',#4381,#1075);
#706=LINE('',#4384,#1076);
#707=LINE('',#4385,#1077);
#708=LINE('',#4390,#1078);
#709=LINE('',#4392,#1079);
#710=LINE('',#4394,#1080);
#711=LINE('',#4395,#1081);
#712=LINE('',#4397,#1082);
#713=LINE('',#4399,#1083);
#714=LINE('',#4400,#1084);
#715=LINE('',#4403,#1085);
#716=LINE('',#4404,#1086);
#717=LINE('',#4405,#1087);
#718=LINE('',#4407,#1088);
#719=LINE('',#4410,#1089);
#720=LINE('',#4411,#1090);
#721=LINE('',#4414,#1091);
#722=LINE('',#4417,#1092);
#723=LINE('',#4421,#1093);
#724=LINE('',#4424,#1094);
#725=VECTOR('',#2955,10.);
#726=VECTOR('',#2956,10.);
#727=VECTOR('',#2957,10.);
#728=VECTOR('',#2958,10.);
#729=VECTOR('',#2961,10.);
#730=VECTOR('',#2962,10.);
#731=VECTOR('',#2963,10.);
#732=VECTOR('',#2966,10.);
#733=VECTOR('',#2967,10.);
#734=VECTOR('',#2968,10.);
#735=VECTOR('',#2971,10.);
#736=VECTOR('',#2972,10.);
#737=VECTOR('',#2973,10.);
#738=VECTOR('',#2974,10.);
#739=VECTOR('',#2977,10.);
#740=VECTOR('',#2978,10.);
#741=VECTOR('',#2979,10.);
#742=VECTOR('',#2982,10.);
#743=VECTOR('',#2983,10.);
#744=VECTOR('',#2984,10.);
#745=VECTOR('',#2987,10.);
#746=VECTOR('',#2988,10.);
#747=VECTOR('',#2989,10.);
#748=VECTOR('',#2990,10.);
#749=VECTOR('',#2991,10.);
#750=VECTOR('',#2992,10.);
#751=VECTOR('',#2993,10.);
#752=VECTOR('',#2996,10.);
#753=VECTOR('',#2997,10.);
#754=VECTOR('',#2998,10.);
#755=VECTOR('',#2999,10.);
#756=VECTOR('',#3002,10.);
#757=VECTOR('',#3003,10.);
#758=VECTOR('',#3004,10.);
#759=VECTOR('',#3005,10.);
#760=VECTOR('',#3006,10.);
#761=VECTOR('',#3009,10.);
#762=VECTOR('',#3010,10.);
#763=VECTOR('',#3011,10.);
#764=VECTOR('',#3012,10.);
#765=VECTOR('',#3013,10.);
#766=VECTOR('',#3014,10.);
#767=VECTOR('',#3017,10.);
#768=VECTOR('',#3018,10.);
#769=VECTOR('',#3019,10.);
#770=VECTOR('',#3022,10.);
#771=VECTOR('',#3023,10.);
#772=VECTOR('',#3024,10.);
#773=VECTOR('',#3025,10.);
#774=VECTOR('',#3026,10.);
#775=VECTOR('',#3027,10.);
#776=VECTOR('',#3030,10.);
#777=VECTOR('',#3031,10.);
#778=VECTOR('',#3032,10.);
#779=VECTOR('',#3035,10.);
#780=VECTOR('',#3036,10.);
#781=VECTOR('',#3037,10.);
#782=VECTOR('',#3038,10.);
#783=VECTOR('',#3039,10.);
#784=VECTOR('',#3042,10.);
#785=VECTOR('',#3043,10.);
#786=VECTOR('',#3044,10.);
#787=VECTOR('',#3045,10.);
#788=VECTOR('',#3046,10.);
#789=VECTOR('',#3049,10.);
#790=VECTOR('',#3050,10.);
#791=VECTOR('',#3051,10.);
#792=VECTOR('',#3052,10.);
#793=VECTOR('',#3053,10.);
#794=VECTOR('',#3054,10.);
#795=VECTOR('',#3055,10.);
#796=VECTOR('',#3056,10.);
#797=VECTOR('',#3059,10.);
#798=VECTOR('',#3060,10.);
#799=VECTOR('',#3061,10.);
#800=VECTOR('',#3062,10.);
#801=VECTOR('',#3063,10.);
#802=VECTOR('',#3064,10.);
#803=VECTOR('',#3065,10.);
#804=VECTOR('',#3066,10.);
#805=VECTOR('',#3067,10.);
#806=VECTOR('',#3068,10.);
#807=VECTOR('',#3069,10.);
#808=VECTOR('',#3070,10.);
#809=VECTOR('',#3071,10.);
#810=VECTOR('',#3072,10.);
#811=VECTOR('',#3073,10.);
#812=VECTOR('',#3074,10.);
#813=VECTOR('',#3075,10.);
#814=VECTOR('',#3076,10.);
#815=VECTOR('',#3077,10.);
#816=VECTOR('',#3078,10.);
#817=VECTOR('',#3081,10.);
#818=VECTOR('',#3082,10.);
#819=VECTOR('',#3083,10.);
#820=VECTOR('',#3084,10.);
#821=VECTOR('',#3087,10.);
#822=VECTOR('',#3088,10.);
#823=VECTOR('',#3089,10.);
#824=VECTOR('',#3092,10.);
#825=VECTOR('',#3093,10.);
#826=VECTOR('',#3094,10.);
#827=VECTOR('',#3095,10.);
#828=VECTOR('',#3098,10.);
#829=VECTOR('',#3099,10.);
#830=VECTOR('',#3102,10.);
#831=VECTOR('',#3103,10.);
#832=VECTOR('',#3106,10.);
#833=VECTOR('',#3107,10.);
#834=VECTOR('',#3110,10.);
#835=VECTOR('',#3113,10.);
#836=VECTOR('',#3114,10.);
#837=VECTOR('',#3115,10.);
#838=VECTOR('',#3116,10.);
#839=VECTOR('',#3117,10.);
#840=VECTOR('',#3120,10.);
#841=VECTOR('',#3121,10.);
#842=VECTOR('',#3122,10.);
#843=VECTOR('',#3125,10.);
#844=VECTOR('',#3126,10.);
#845=VECTOR('',#3129,10.);
#846=VECTOR('',#3130,10.);
#847=VECTOR('',#3131,10.);
#848=VECTOR('',#3132,10.);
#849=VECTOR('',#3135,10.);
#850=VECTOR('',#3136,10.);
#851=VECTOR('',#3137,10.);
#852=VECTOR('',#3138,10.);
#853=VECTOR('',#3139,10.);
#854=VECTOR('',#3140,10.);
#855=VECTOR('',#3141,10.);
#856=VECTOR('',#3144,10.);
#857=VECTOR('',#3147,10.);
#858=VECTOR('',#3148,10.);
#859=VECTOR('',#3149,10.);
#860=VECTOR('',#3150,10.);
#861=VECTOR('',#3153,10.);
#862=VECTOR('',#3154,10.);
#863=VECTOR('',#3155,10.);
#864=VECTOR('',#3156,10.);
#865=VECTOR('',#3159,10.);
#866=VECTOR('',#3160,10.);
#867=VECTOR('',#3161,10.);
#868=VECTOR('',#3164,10.);
#869=VECTOR('',#3165,10.);
#870=VECTOR('',#3168,10.);
#871=VECTOR('',#3169,10.);
#872=VECTOR('',#3170,10.);
#873=VECTOR('',#3173,10.);
#874=VECTOR('',#3174,10.);
#875=VECTOR('',#3177,10.);
#876=VECTOR('',#3180,10.);
#877=VECTOR('',#3181,10.);
#878=VECTOR('',#3184,10.);
#879=VECTOR('',#3185,10.);
#880=VECTOR('',#3186,10.);
#881=VECTOR('',#3189,10.);
#882=VECTOR('',#3190,10.);
#883=VECTOR('',#3193,10.);
#884=VECTOR('',#3194,10.);
#885=VECTOR('',#3197,10.);
#886=VECTOR('',#3200,10.);
#887=VECTOR('',#3201,10.);
#888=VECTOR('',#3202,10.);
#889=VECTOR('',#3205,10.);
#890=VECTOR('',#3206,10.);
#891=VECTOR('',#3207,10.);
#892=VECTOR('',#3208,10.);
#893=VECTOR('',#3209,10.);
#894=VECTOR('',#3210,10.);
#895=VECTOR('',#3213,10.);
#896=VECTOR('',#3216,10.);
#897=VECTOR('',#3217,10.);
#898=VECTOR('',#3220,10.);
#899=VECTOR('',#3221,10.);
#900=VECTOR('',#3222,10.);
#901=VECTOR('',#3225,10.);
#902=VECTOR('',#3226,10.);
#903=VECTOR('',#3229,10.);
#904=VECTOR('',#3230,10.);
#905=VECTOR('',#3233,10.);
#906=VECTOR('',#3236,10.);
#907=VECTOR('',#3237,10.);
#908=VECTOR('',#3238,10.);
#909=VECTOR('',#3241,10.);
#910=VECTOR('',#3242,10.);
#911=VECTOR('',#3243,10.);
#912=VECTOR('',#3244,10.);
#913=VECTOR('',#3245,10.);
#914=VECTOR('',#3246,10.);
#915=VECTOR('',#3249,10.);
#916=VECTOR('',#3252,10.);
#917=VECTOR('',#3253,10.);
#918=VECTOR('',#3256,10.);
#919=VECTOR('',#3257,10.);
#920=VECTOR('',#3258,10.);
#921=VECTOR('',#3261,10.);
#922=VECTOR('',#3262,10.);
#923=VECTOR('',#3265,10.);
#924=VECTOR('',#3266,10.);
#925=VECTOR('',#3269,10.);
#926=VECTOR('',#3272,10.);
#927=VECTOR('',#3275,10.);
#928=VECTOR('',#3276,10.);
#929=VECTOR('',#3279,10.);
#930=VECTOR('',#3280,10.);
#931=VECTOR('',#3281,10.);
#932=VECTOR('',#3282,10.);
#933=VECTOR('',#3285,10.);
#934=VECTOR('',#3286,10.);
#935=VECTOR('',#3287,10.);
#936=VECTOR('',#3290,10.);
#937=VECTOR('',#3291,10.);
#938=VECTOR('',#3294,10.);
#939=VECTOR('',#3295,10.);
#940=VECTOR('',#3298,10.);
#941=VECTOR('',#3301,10.);
#942=VECTOR('',#3302,10.);
#943=VECTOR('',#3307,10.);
#944=VECTOR('',#3308,10.);
#945=VECTOR('',#3311,10.);
#946=VECTOR('',#3312,10.);
#947=VECTOR('',#3315,10.);
#948=VECTOR('',#3316,10.);
#949=VECTOR('',#3317,10.);
#950=VECTOR('',#3320,10.);
#951=VECTOR('',#3329,10.);
#952=VECTOR('',#3330,10.);
#953=VECTOR('',#3331,10.);
#954=VECTOR('',#3332,10.);
#955=VECTOR('',#3335,10.);
#956=VECTOR('',#3336,10.);
#957=VECTOR('',#3337,10.);
#958=VECTOR('',#3340,10.);
#959=VECTOR('',#3341,10.);
#960=VECTOR('',#3342,10.);
#961=VECTOR('',#3345,10.);
#962=VECTOR('',#3346,10.);
#963=VECTOR('',#3349,10.);
#964=VECTOR('',#3352,10.);
#965=VECTOR('',#3353,10.);
#966=VECTOR('',#3354,10.);
#967=VECTOR('',#3357,10.);
#968=VECTOR('',#3360,10.);
#969=VECTOR('',#3361,10.);
#970=VECTOR('',#3366,10.);
#971=VECTOR('',#3367,10.);
#972=VECTOR('',#3368,10.);
#973=VECTOR('',#3369,10.);
#974=VECTOR('',#3372,10.);
#975=VECTOR('',#3373,10.);
#976=VECTOR('',#3374,10.);
#977=VECTOR('',#3377,10.);
#978=VECTOR('',#3378,10.);
#979=VECTOR('',#3379,10.);
#980=VECTOR('',#3382,10.);
#981=VECTOR('',#3385,10.);
#982=VECTOR('',#3386,10.);
#983=VECTOR('',#3389,10.);
#984=VECTOR('',#3392,10.);
#985=VECTOR('',#3399,10.);
#986=VECTOR('',#3404,10.);
#987=VECTOR('',#3409,10.);
#988=VECTOR('',#3410,10.);
#989=VECTOR('',#3411,10.);
#990=VECTOR('',#3412,10.);
#991=VECTOR('',#3415,10.);
#992=VECTOR('',#3416,10.);
#993=VECTOR('',#3417,10.);
#994=VECTOR('',#3420,10.);
#995=VECTOR('',#3421,10.);
#996=VECTOR('',#3422,10.);
#997=VECTOR('',#3425,10.);
#998=VECTOR('',#3426,10.);
#999=VECTOR('',#3429,10.);
#1000=VECTOR('',#3432,10.);
#1001=VECTOR('',#3433,10.);
#1002=VECTOR('',#3434,10.);
#1003=VECTOR('',#3437,10.);
#1004=VECTOR('',#3440,10.);
#1005=VECTOR('',#3441,10.);
#1006=VECTOR('',#3446,10.);
#1007=VECTOR('',#3447,10.);
#1008=VECTOR('',#3448,10.);
#1009=VECTOR('',#3449,10.);
#1010=VECTOR('',#3452,10.);
#1011=VECTOR('',#3453,10.);
#1012=VECTOR('',#3454,10.);
#1013=VECTOR('',#3457,10.);
#1014=VECTOR('',#3458,10.);
#1015=VECTOR('',#3459,10.);
#1016=VECTOR('',#3462,10.);
#1017=VECTOR('',#3465,10.);
#1018=VECTOR('',#3466,10.);
#1019=VECTOR('',#3469,10.);
#1020=VECTOR('',#3472,10.);
#1021=VECTOR('',#3479,10.);
#1022=VECTOR('',#3484,10.);
#1023=VECTOR('',#3489,10.);
#1024=VECTOR('',#3490,10.);
#1025=VECTOR('',#3491,10.);
#1026=VECTOR('',#3492,10.);
#1027=VECTOR('',#3495,10.);
#1028=VECTOR('',#3496,10.);
#1029=VECTOR('',#3497,10.);
#1030=VECTOR('',#3500,10.);
#1031=VECTOR('',#3501,10.);
#1032=VECTOR('',#3502,10.);
#1033=VECTOR('',#3505,10.);
#1034=VECTOR('',#3506,10.);
#1035=VECTOR('',#3509,10.);
#1036=VECTOR('',#3512,10.);
#1037=VECTOR('',#3513,10.);
#1038=VECTOR('',#3514,10.);
#1039=VECTOR('',#3517,10.);
#1040=VECTOR('',#3520,10.);
#1041=VECTOR('',#3521,10.);
#1042=VECTOR('',#3526,10.);
#1043=VECTOR('',#3527,10.);
#1044=VECTOR('',#3528,10.);
#1045=VECTOR('',#3529,10.);
#1046=VECTOR('',#3532,10.);
#1047=VECTOR('',#3533,10.);
#1048=VECTOR('',#3534,10.);
#1049=VECTOR('',#3537,10.);
#1050=VECTOR('',#3538,10.);
#1051=VECTOR('',#3539,10.);
#1052=VECTOR('',#3542,10.);
#1053=VECTOR('',#3545,10.);
#1054=VECTOR('',#3546,10.);
#1055=VECTOR('',#3549,10.);
#1056=VECTOR('',#3552,10.);
#1057=VECTOR('',#3559,10.);
#1058=VECTOR('',#3564,10.);
#1059=VECTOR('',#3569,10.);
#1060=VECTOR('',#3570,10.);
#1061=VECTOR('',#3571,10.);
#1062=VECTOR('',#3572,10.);
#1063=VECTOR('',#3575,10.);
#1064=VECTOR('',#3576,10.);
#1065=VECTOR('',#3577,10.);
#1066=VECTOR('',#3580,10.);
#1067=VECTOR('',#3581,10.);
#1068=VECTOR('',#3582,10.);
#1069=VECTOR('',#3585,10.);
#1070=VECTOR('',#3586,10.);
#1071=VECTOR('',#3589,10.);
#1072=VECTOR('',#3592,10.);
#1073=VECTOR('',#3593,10.);
#1074=VECTOR('',#3594,10.);
#1075=VECTOR('',#3597,10.);
#1076=VECTOR('',#3600,10.);
#1077=VECTOR('',#3601,10.);
#1078=VECTOR('',#3606,10.);
#1079=VECTOR('',#3607,10.);
#1080=VECTOR('',#3608,10.);
#1081=VECTOR('',#3609,10.);
#1082=VECTOR('',#3612,10.);
#1083=VECTOR('',#3613,10.);
#1084=VECTOR('',#3614,10.);
#1085=VECTOR('',#3617,10.);
#1086=VECTOR('',#3618,10.);
#1087=VECTOR('',#3619,10.);
#1088=VECTOR('',#3622,10.);
#1089=VECTOR('',#3625,10.);
#1090=VECTOR('',#3626,10.);
#1091=VECTOR('',#3629,10.);
#1092=VECTOR('',#3632,10.);
#1093=VECTOR('',#3639,10.);
#1094=VECTOR('',#3644,10.);
#1095=VERTEX_POINT('',#3649);
#1096=VERTEX_POINT('',#3650);
#1097=VERTEX_POINT('',#3652);
#1098=VERTEX_POINT('',#3654);
#1099=VERTEX_POINT('',#3658);
#1100=VERTEX_POINT('',#3660);
#1101=VERTEX_POINT('',#3664);
#1102=VERTEX_POINT('',#3666);
#1103=VERTEX_POINT('',#3670);
#1104=VERTEX_POINT('',#3671);
#1105=VERTEX_POINT('',#3673);
#1106=VERTEX_POINT('',#3675);
#1107=VERTEX_POINT('',#3679);
#1108=VERTEX_POINT('',#3681);
#1109=VERTEX_POINT('',#3685);
#1110=VERTEX_POINT('',#3687);
#1111=VERTEX_POINT('',#3691);
#1112=VERTEX_POINT('',#3693);
#1113=VERTEX_POINT('',#3695);
#1114=VERTEX_POINT('',#3697);
#1115=VERTEX_POINT('',#3699);
#1116=VERTEX_POINT('',#3701);
#1117=VERTEX_POINT('',#3705);
#1118=VERTEX_POINT('',#3707);
#1119=VERTEX_POINT('',#3709);
#1120=VERTEX_POINT('',#3713);
#1121=VERTEX_POINT('',#3715);
#1122=VERTEX_POINT('',#3717);
#1123=VERTEX_POINT('',#3719);
#1124=VERTEX_POINT('',#3723);
#1125=VERTEX_POINT('',#3725);
#1126=VERTEX_POINT('',#3727);
#1127=VERTEX_POINT('',#3729);
#1128=VERTEX_POINT('',#3731);
#1129=VERTEX_POINT('',#3735);
#1130=VERTEX_POINT('',#3737);
#1131=VERTEX_POINT('',#3741);
#1132=VERTEX_POINT('',#3742);
#1133=VERTEX_POINT('',#3744);
#1134=VERTEX_POINT('',#3746);
#1135=VERTEX_POINT('',#3748);
#1136=VERTEX_POINT('',#3750);
#1137=VERTEX_POINT('',#3754);
#1138=VERTEX_POINT('',#3756);
#1139=VERTEX_POINT('',#3760);
#1140=VERTEX_POINT('',#3761);
#1141=VERTEX_POINT('',#3764);
#1142=VERTEX_POINT('',#3766);
#1143=VERTEX_POINT('',#3770);
#1144=VERTEX_POINT('',#3773);
#1145=VERTEX_POINT('',#3775);
#1146=VERTEX_POINT('',#3779);
#1147=VERTEX_POINT('',#3781);
#1148=VERTEX_POINT('',#3783);
#1149=VERTEX_POINT('',#3786);
#1150=VERTEX_POINT('',#3787);
#1151=VERTEX_POINT('',#3789);
#1152=VERTEX_POINT('',#3791);
#1153=VERTEX_POINT('',#3795);
#1154=VERTEX_POINT('',#3798);
#1155=VERTEX_POINT('',#3800);
#1156=VERTEX_POINT('',#3802);
#1157=VERTEX_POINT('',#3804);
#1158=VERTEX_POINT('',#3806);
#1159=VERTEX_POINT('',#3808);
#1160=VERTEX_POINT('',#3810);
#1161=VERTEX_POINT('',#3812);
#1162=VERTEX_POINT('',#3814);
#1163=VERTEX_POINT('',#3816);
#1164=VERTEX_POINT('',#3818);
#1165=VERTEX_POINT('',#3820);
#1166=VERTEX_POINT('',#3822);
#1167=VERTEX_POINT('',#3824);
#1168=VERTEX_POINT('',#3826);
#1169=VERTEX_POINT('',#3828);
#1170=VERTEX_POINT('',#3833);
#1171=VERTEX_POINT('',#3835);
#1172=VERTEX_POINT('',#3840);
#1173=VERTEX_POINT('',#3842);
#1174=VERTEX_POINT('',#3846);
#1175=VERTEX_POINT('',#3847);
#1176=VERTEX_POINT('',#3849);
#1177=VERTEX_POINT('',#3851);
#1178=VERTEX_POINT('',#3855);
#1179=VERTEX_POINT('',#3862);
#1180=VERTEX_POINT('',#3868);
#1181=VERTEX_POINT('',#3869);
#1182=VERTEX_POINT('',#3871);
#1183=VERTEX_POINT('',#3874);
#1184=VERTEX_POINT('',#3879);
#1185=VERTEX_POINT('',#3883);
#1186=VERTEX_POINT('',#3888);
#1187=VERTEX_POINT('',#3890);
#1188=VERTEX_POINT('',#3894);
#1189=VERTEX_POINT('',#3896);
#1190=VERTEX_POINT('',#3899);
#1191=VERTEX_POINT('',#3900);
#1192=VERTEX_POINT('',#3902);
#1193=VERTEX_POINT('',#3904);
#1194=VERTEX_POINT('',#3910);
#1195=VERTEX_POINT('',#3911);
#1196=VERTEX_POINT('',#3913);
#1197=VERTEX_POINT('',#3915);
#1198=VERTEX_POINT('',#3919);
#1199=VERTEX_POINT('',#3920);
#1200=VERTEX_POINT('',#3922);
#1201=VERTEX_POINT('',#3924);
#1202=VERTEX_POINT('',#3928);
#1203=VERTEX_POINT('',#3930);
#1204=VERTEX_POINT('',#3938);
#1205=VERTEX_POINT('',#3942);
#1206=VERTEX_POINT('',#3948);
#1207=VERTEX_POINT('',#3952);
#1208=VERTEX_POINT('',#3954);
#1209=VERTEX_POINT('',#3958);
#1210=VERTEX_POINT('',#3962);
#1211=VERTEX_POINT('',#3968);
#1212=VERTEX_POINT('',#3969);
#1213=VERTEX_POINT('',#3974);
#1214=VERTEX_POINT('',#3977);
#1215=VERTEX_POINT('',#3978);
#1216=VERTEX_POINT('',#3980);
#1217=VERTEX_POINT('',#3982);
#1218=VERTEX_POINT('',#3988);
#1219=VERTEX_POINT('',#3992);
#1220=VERTEX_POINT('',#3994);
#1221=VERTEX_POINT('',#3998);
#1222=VERTEX_POINT('',#4002);
#1223=VERTEX_POINT('',#4008);
#1224=VERTEX_POINT('',#4009);
#1225=VERTEX_POINT('',#4014);
#1226=VERTEX_POINT('',#4017);
#1227=VERTEX_POINT('',#4018);
#1228=VERTEX_POINT('',#4020);
#1229=VERTEX_POINT('',#4022);
#1230=VERTEX_POINT('',#4028);
#1231=VERTEX_POINT('',#4032);
#1232=VERTEX_POINT('',#4034);
#1233=VERTEX_POINT('',#4038);
#1234=VERTEX_POINT('',#4042);
#1235=VERTEX_POINT('',#4050);
#1236=VERTEX_POINT('',#4054);
#1237=VERTEX_POINT('',#4056);
#1238=VERTEX_POINT('',#4061);
#1239=VERTEX_POINT('',#4063);
#1240=VERTEX_POINT('',#4067);
#1241=VERTEX_POINT('',#4071);
#1242=VERTEX_POINT('',#4081);
#1243=VERTEX_POINT('',#4085);
#1244=VERTEX_POINT('',#4090);
#1245=VERTEX_POINT('',#4099);
#1246=VERTEX_POINT('',#4100);
#1247=VERTEX_POINT('',#4102);
#1248=VERTEX_POINT('',#4104);
#1249=VERTEX_POINT('',#4108);
#1250=VERTEX_POINT('',#4110);
#1251=VERTEX_POINT('',#4114);
#1252=VERTEX_POINT('',#4116);
#1253=VERTEX_POINT('',#4123);
#1254=VERTEX_POINT('',#4125);
#1255=VERTEX_POINT('',#4127);
#1256=VERTEX_POINT('',#4129);
#1257=VERTEX_POINT('',#4131);
#1258=VERTEX_POINT('',#4133);
#1259=VERTEX_POINT('',#4137);
#1260=VERTEX_POINT('',#4142);
#1261=VERTEX_POINT('',#4143);
#1262=VERTEX_POINT('',#4145);
#1263=VERTEX_POINT('',#4147);
#1264=VERTEX_POINT('',#4152);
#1265=VERTEX_POINT('',#4156);
#1266=VERTEX_POINT('',#4163);
#1267=VERTEX_POINT('',#4167);
#1268=VERTEX_POINT('',#4170);
#1269=VERTEX_POINT('',#4181);
#1270=VERTEX_POINT('',#4182);
#1271=VERTEX_POINT('',#4184);
#1272=VERTEX_POINT('',#4186);
#1273=VERTEX_POINT('',#4190);
#1274=VERTEX_POINT('',#4192);
#1275=VERTEX_POINT('',#4196);
#1276=VERTEX_POINT('',#4198);
#1277=VERTEX_POINT('',#4205);
#1278=VERTEX_POINT('',#4207);
#1279=VERTEX_POINT('',#4209);
#1280=VERTEX_POINT('',#4211);
#1281=VERTEX_POINT('',#4213);
#1282=VERTEX_POINT('',#4215);
#1283=VERTEX_POINT('',#4219);
#1284=VERTEX_POINT('',#4224);
#1285=VERTEX_POINT('',#4225);
#1286=VERTEX_POINT('',#4227);
#1287=VERTEX_POINT('',#4229);
#1288=VERTEX_POINT('',#4234);
#1289=VERTEX_POINT('',#4238);
#1290=VERTEX_POINT('',#4245);
#1291=VERTEX_POINT('',#4249);
#1292=VERTEX_POINT('',#4252);
#1293=VERTEX_POINT('',#4263);
#1294=VERTEX_POINT('',#4264);
#1295=VERTEX_POINT('',#4266);
#1296=VERTEX_POINT('',#4268);
#1297=VERTEX_POINT('',#4272);
#1298=VERTEX_POINT('',#4274);
#1299=VERTEX_POINT('',#4278);
#1300=VERTEX_POINT('',#4280);
#1301=VERTEX_POINT('',#4287);
#1302=VERTEX_POINT('',#4289);
#1303=VERTEX_POINT('',#4291);
#1304=VERTEX_POINT('',#4293);
#1305=VERTEX_POINT('',#4295);
#1306=VERTEX_POINT('',#4297);
#1307=VERTEX_POINT('',#4301);
#1308=VERTEX_POINT('',#4306);
#1309=VERTEX_POINT('',#4307);
#1310=VERTEX_POINT('',#4309);
#1311=VERTEX_POINT('',#4311);
#1312=VERTEX_POINT('',#4316);
#1313=VERTEX_POINT('',#4320);
#1314=VERTEX_POINT('',#4327);
#1315=VERTEX_POINT('',#4331);
#1316=VERTEX_POINT('',#4334);
#1317=VERTEX_POINT('',#4345);
#1318=VERTEX_POINT('',#4346);
#1319=VERTEX_POINT('',#4348);
#1320=VERTEX_POINT('',#4350);
#1321=VERTEX_POINT('',#4354);
#1322=VERTEX_POINT('',#4356);
#1323=VERTEX_POINT('',#4360);
#1324=VERTEX_POINT('',#4362);
#1325=VERTEX_POINT('',#4369);
#1326=VERTEX_POINT('',#4371);
#1327=VERTEX_POINT('',#4373);
#1328=VERTEX_POINT('',#4375);
#1329=VERTEX_POINT('',#4377);
#1330=VERTEX_POINT('',#4379);
#1331=VERTEX_POINT('',#4383);
#1332=VERTEX_POINT('',#4388);
#1333=VERTEX_POINT('',#4389);
#1334=VERTEX_POINT('',#4391);
#1335=VERTEX_POINT('',#4393);
#1336=VERTEX_POINT('',#4398);
#1337=VERTEX_POINT('',#4402);
#1338=VERTEX_POINT('',#4409);
#1339=VERTEX_POINT('',#4413);
#1340=VERTEX_POINT('',#4416);
#1341=EDGE_CURVE('',#1095,#1096,#355,.T.);
#1342=EDGE_CURVE('',#1097,#1095,#356,.T.);
#1343=EDGE_CURVE('',#1098,#1097,#357,.T.);
#1344=EDGE_CURVE('',#1098,#1096,#358,.T.);
#1345=EDGE_CURVE('',#1096,#1099,#359,.T.);
#1346=EDGE_CURVE('',#1100,#1098,#360,.T.);
#1347=EDGE_CURVE('',#1100,#1099,#361,.T.);
#1348=EDGE_CURVE('',#1099,#1101,#362,.T.);
#1349=EDGE_CURVE('',#1102,#1100,#363,.T.);
#1350=EDGE_CURVE('',#1101,#1102,#364,.T.);
#1351=EDGE_CURVE('',#1103,#1104,#365,.T.);
#1352=EDGE_CURVE('',#1105,#1103,#366,.T.);
#1353=EDGE_CURVE('',#1106,#1105,#367,.T.);
#1354=EDGE_CURVE('',#1104,#1106,#368,.T.);
#1355=EDGE_CURVE('',#1104,#1107,#369,.T.);
#1356=EDGE_CURVE('',#1108,#1106,#370,.T.);
#1357=EDGE_CURVE('',#1107,#1108,#371,.T.);
#1358=EDGE_CURVE('',#1107,#1109,#372,.T.);
#1359=EDGE_CURVE('',#1110,#1108,#373,.T.);
#1360=EDGE_CURVE('',#1109,#1110,#374,.T.);
#1361=EDGE_CURVE('',#1105,#1111,#375,.T.);
#1362=EDGE_CURVE('',#1111,#1112,#376,.T.);
#1363=EDGE_CURVE('',#1112,#1113,#377,.T.);
#1364=EDGE_CURVE('',#1113,#1114,#378,.T.);
#1365=EDGE_CURVE('',#1114,#1115,#379,.T.);
#1366=EDGE_CURVE('',#1115,#1116,#380,.T.);
#1367=EDGE_CURVE('',#1116,#1110,#381,.T.);
#1368=EDGE_CURVE('',#1103,#1117,#382,.T.);
#1369=EDGE_CURVE('',#1117,#1118,#383,.T.);
#1370=EDGE_CURVE('',#1118,#1119,#384,.T.);
#1371=EDGE_CURVE('',#1111,#1119,#385,.T.);
#1372=EDGE_CURVE('',#1120,#1102,#386,.T.);
#1373=EDGE_CURVE('',#1121,#1120,#387,.T.);
#1374=EDGE_CURVE('',#1121,#1122,#388,.T.);
#1375=EDGE_CURVE('',#1122,#1123,#389,.T.);
#1376=EDGE_CURVE('',#1123,#1101,#390,.T.);
#1377=EDGE_CURVE('',#1124,#1123,#391,.F.);
#1378=EDGE_CURVE('',#1124,#1125,#392,.T.);
#1379=EDGE_CURVE('',#1125,#1126,#393,.T.);
#1380=EDGE_CURVE('',#1127,#1126,#394,.F.);
#1381=EDGE_CURVE('',#1127,#1128,#395,.T.);
#1382=EDGE_CURVE('',#1095,#1128,#396,.T.);
#1383=EDGE_CURVE('',#1129,#1118,#397,.T.);
#1384=EDGE_CURVE('',#1130,#1129,#398,.T.);
#1385=EDGE_CURVE('',#1119,#1130,#399,.T.);
#1386=EDGE_CURVE('',#1131,#1132,#400,.T.);
#1387=EDGE_CURVE('',#1133,#1131,#401,.T.);
#1388=EDGE_CURVE('',#1134,#1133,#402,.T.);
#1389=EDGE_CURVE('',#1135,#1134,#403,.T.);
#1390=EDGE_CURVE('',#1135,#1136,#404,.T.);
#1391=EDGE_CURVE('',#1132,#1136,#405,.T.);
#1392=EDGE_CURVE('',#1134,#1137,#406,.T.);
#1393=EDGE_CURVE('',#1138,#1133,#407,.T.);
#1394=EDGE_CURVE('',#1137,#1138,#408,.T.);
#1395=EDGE_CURVE('',#1139,#1140,#409,.T.);
#1396=EDGE_CURVE('',#1136,#1139,#410,.T.);
#1397=EDGE_CURVE('',#1141,#1135,#411,.T.);
#1398=EDGE_CURVE('',#1142,#1141,#412,.T.);
#1399=EDGE_CURVE('',#1140,#1142,#413,.T.);
#1400=EDGE_CURVE('',#1143,#1131,#414,.T.);
#1401=EDGE_CURVE('',#1140,#1143,#415,.T.);
#1402=EDGE_CURVE('',#1144,#1142,#416,.T.);
#1403=EDGE_CURVE('',#1145,#1144,#417,.T.);
#1404=EDGE_CURVE('',#1138,#1145,#418,.T.);
#1405=EDGE_CURVE('',#1146,#1141,#419,.T.);
#1406=EDGE_CURVE('',#1146,#1147,#420,.T.);
#1407=EDGE_CURVE('',#1148,#1147,#421,.T.);
#1408=EDGE_CURVE('',#1144,#1148,#422,.T.);
#1409=EDGE_CURVE('',#1149,#1150,#423,.T.);
#1410=EDGE_CURVE('',#1151,#1149,#424,.T.);
#1411=EDGE_CURVE('',#1152,#1151,#425,.T.);
#1412=EDGE_CURVE('',#1150,#1152,#426,.T.);
#1413=EDGE_CURVE('',#1130,#1153,#427,.T.);
#1414=EDGE_CURVE('',#1153,#1121,#428,.T.);
#1415=EDGE_CURVE('',#1154,#1120,#429,.T.);
#1416=EDGE_CURVE('',#1155,#1154,#430,.T.);
#1417=EDGE_CURVE('',#1155,#1156,#431,.T.);
#1418=EDGE_CURVE('',#1156,#1157,#432,.T.);
#1419=EDGE_CURVE('',#1157,#1158,#433,.T.);
#1420=EDGE_CURVE('',#1158,#1159,#434,.T.);
#1421=EDGE_CURVE('',#1159,#1160,#435,.T.);
#1422=EDGE_CURVE('',#1161,#1160,#436,.T.);
#1423=EDGE_CURVE('',#1161,#1162,#437,.T.);
#1424=EDGE_CURVE('',#1162,#1163,#438,.T.);
#1425=EDGE_CURVE('',#1163,#1164,#439,.T.);
#1426=EDGE_CURVE('',#1165,#1164,#440,.T.);
#1427=EDGE_CURVE('',#1165,#1166,#441,.T.);
#1428=EDGE_CURVE('',#1166,#1167,#442,.T.);
#1429=EDGE_CURVE('',#1167,#1168,#443,.T.);
#1430=EDGE_CURVE('',#1169,#1168,#444,.T.);
#1431=EDGE_CURVE('',#1169,#1146,#445,.T.);
#1432=EDGE_CURVE('',#1112,#1137,#446,.T.);
#1433=EDGE_CURVE('',#1170,#1109,#447,.T.);
#1434=EDGE_CURVE('',#1170,#1171,#448,.T.);
#1435=EDGE_CURVE('',#1143,#1171,#449,.T.);
#1436=EDGE_CURVE('',#1117,#1132,#450,.T.);
#1437=EDGE_CURVE('',#1172,#1113,#451,.T.);
#1438=EDGE_CURVE('',#1172,#1173,#452,.T.);
#1439=EDGE_CURVE('',#1114,#1173,#453,.T.);
#1440=EDGE_CURVE('',#1174,#1175,#454,.T.);
#1441=EDGE_CURVE('',#1175,#1176,#455,.T.);
#1442=EDGE_CURVE('',#1176,#1177,#456,.T.);
#1443=EDGE_CURVE('',#1177,#1174,#457,.T.);
#1444=EDGE_CURVE('',#1173,#1178,#458,.T.);
#1445=EDGE_CURVE('',#1115,#1178,#459,.T.);
#1446=EDGE_CURVE('',#1177,#1172,#460,.T.);
#1447=EDGE_CURVE('',#1178,#1176,#461,.T.);
#1448=EDGE_CURVE('',#1179,#1129,#462,.T.);
#1449=EDGE_CURVE('',#1153,#1179,#463,.T.);
#1450=EDGE_CURVE('',#1122,#1179,#464,.T.);
#1451=EDGE_CURVE('',#1180,#1181,#465,.T.);
#1452=EDGE_CURVE('',#1180,#1182,#466,.T.);
#1453=EDGE_CURVE('',#1158,#1182,#467,.T.);
#1454=EDGE_CURVE('',#1157,#1183,#468,.T.);
#1455=EDGE_CURVE('',#1181,#1183,#469,.T.);
#1456=EDGE_CURVE('',#1183,#1124,#470,.T.);
#1457=EDGE_CURVE('',#1156,#1184,#471,.T.);
#1458=EDGE_CURVE('',#1184,#1125,#472,.T.);
#1459=EDGE_CURVE('',#1185,#1155,#473,.T.);
#1460=EDGE_CURVE('',#1185,#1184,#474,.T.);
#1461=EDGE_CURVE('',#1126,#1180,#475,.T.);
#1462=EDGE_CURVE('',#1186,#1185,#476,.T.);
#1463=EDGE_CURVE('',#1187,#1186,#477,.T.);
#1464=EDGE_CURVE('',#1182,#1187,#478,.T.);
#1465=EDGE_CURVE('',#1187,#1188,#479,.T.);
#1466=EDGE_CURVE('',#1189,#1188,#480,.T.);
#1467=EDGE_CURVE('',#1159,#1189,#481,.T.);
#1468=EDGE_CURVE('',#1190,#1191,#482,.T.);
#1469=EDGE_CURVE('',#1192,#1190,#483,.T.);
#1470=EDGE_CURVE('',#1193,#1192,#484,.T.);
#1471=EDGE_CURVE('',#1191,#1193,#485,.T.);
#1472=EDGE_CURVE('',#1139,#1181,#486,.F.);
#1473=EDGE_CURVE('',#1194,#1195,#487,.T.);
#1474=EDGE_CURVE('',#1195,#1196,#488,.T.);
#1475=EDGE_CURVE('',#1197,#1196,#489,.T.);
#1476=EDGE_CURVE('',#1194,#1197,#490,.T.);
#1477=EDGE_CURVE('',#1198,#1199,#491,.T.);
#1478=EDGE_CURVE('',#1199,#1200,#492,.T.);
#1479=EDGE_CURVE('',#1201,#1200,#493,.T.);
#1480=EDGE_CURVE('',#1198,#1201,#494,.T.);
#1481=EDGE_CURVE('',#1199,#1202,#495,.T.);
#1482=EDGE_CURVE('',#1202,#1203,#496,.T.);
#1483=EDGE_CURVE('',#1200,#1203,#497,.T.);
#1484=EDGE_CURVE('',#1203,#1197,#498,.T.);
#1485=EDGE_CURVE('',#1201,#1196,#499,.T.);
#1486=EDGE_CURVE('',#1198,#1154,#500,.T.);
#1487=EDGE_CURVE('',#1196,#1204,#501,.T.);
#1488=EDGE_CURVE('',#1204,#1186,#502,.T.);
#1489=EDGE_CURVE('',#1205,#1189,#503,.T.);
#1490=EDGE_CURVE('',#1160,#1205,#504,.T.);
#1491=EDGE_CURVE('',#1188,#1204,#505,.T.);
#1492=EDGE_CURVE('',#1205,#1206,#506,.T.);
#1493=EDGE_CURVE('',#1206,#1161,#507,.T.);
#1494=EDGE_CURVE('',#1207,#1192,#508,.T.);
#1495=EDGE_CURVE('',#1208,#1207,#509,.T.);
#1496=EDGE_CURVE('',#1208,#1193,#510,.T.);
#1497=EDGE_CURVE('',#1209,#1190,#511,.T.);
#1498=EDGE_CURVE('',#1207,#1209,#512,.T.);
#1499=EDGE_CURVE('',#1210,#1191,#513,.T.);
#1500=EDGE_CURVE('',#1209,#1210,#514,.T.);
#1501=EDGE_CURVE('',#1210,#1208,#515,.T.);
#1502=EDGE_CURVE('',#1211,#1212,#516,.T.);
#1503=EDGE_CURVE('',#1164,#1211,#517,.T.);
#1504=EDGE_CURVE('',#1163,#1212,#518,.T.);
#1505=EDGE_CURVE('',#1212,#1213,#519,.T.);
#1506=EDGE_CURVE('',#1162,#1213,#520,.T.);
#1507=EDGE_CURVE('',#1214,#1215,#521,.T.);
#1508=EDGE_CURVE('',#1216,#1214,#522,.T.);
#1509=EDGE_CURVE('',#1217,#1216,#523,.T.);
#1510=EDGE_CURVE('',#1215,#1217,#524,.T.);
#1511=EDGE_CURVE('',#1213,#1206,#525,.T.);
#1512=EDGE_CURVE('',#1211,#1218,#526,.T.);
#1513=EDGE_CURVE('',#1218,#1165,#527,.T.);
#1514=EDGE_CURVE('',#1219,#1216,#528,.T.);
#1515=EDGE_CURVE('',#1220,#1219,#529,.T.);
#1516=EDGE_CURVE('',#1220,#1217,#530,.T.);
#1517=EDGE_CURVE('',#1221,#1214,#531,.T.);
#1518=EDGE_CURVE('',#1219,#1221,#532,.T.);
#1519=EDGE_CURVE('',#1222,#1215,#533,.T.);
#1520=EDGE_CURVE('',#1221,#1222,#534,.T.);
#1521=EDGE_CURVE('',#1222,#1220,#535,.T.);
#1522=EDGE_CURVE('',#1223,#1224,#536,.T.);
#1523=EDGE_CURVE('',#1168,#1223,#537,.T.);
#1524=EDGE_CURVE('',#1167,#1224,#538,.T.);
#1525=EDGE_CURVE('',#1224,#1225,#539,.T.);
#1526=EDGE_CURVE('',#1166,#1225,#540,.T.);
#1527=EDGE_CURVE('',#1226,#1227,#541,.T.);
#1528=EDGE_CURVE('',#1228,#1226,#542,.T.);
#1529=EDGE_CURVE('',#1229,#1228,#543,.T.);
#1530=EDGE_CURVE('',#1227,#1229,#544,.T.);
#1531=EDGE_CURVE('',#1225,#1218,#545,.T.);
#1532=EDGE_CURVE('',#1223,#1230,#546,.T.);
#1533=EDGE_CURVE('',#1230,#1169,#547,.T.);
#1534=EDGE_CURVE('',#1231,#1228,#548,.T.);
#1535=EDGE_CURVE('',#1232,#1231,#549,.T.);
#1536=EDGE_CURVE('',#1232,#1229,#550,.T.);
#1537=EDGE_CURVE('',#1233,#1226,#551,.T.);
#1538=EDGE_CURVE('',#1231,#1233,#552,.T.);
#1539=EDGE_CURVE('',#1234,#1227,#553,.T.);
#1540=EDGE_CURVE('',#1233,#1234,#554,.T.);
#1541=EDGE_CURVE('',#1234,#1232,#555,.T.);
#1542=EDGE_CURVE('',#1147,#1230,#556,.T.);
#1543=EDGE_CURVE('',#1235,#1148,#557,.T.);
#1544=EDGE_CURVE('',#1145,#1235,#558,.T.);
#1545=EDGE_CURVE('',#1236,#1195,#559,.T.);
#1546=EDGE_CURVE('',#1237,#1236,#560,.T.);
#1547=EDGE_CURVE('',#1237,#1174,#561,.T.);
#1548=EDGE_CURVE('',#1235,#1177,#562,.T.);
#1549=EDGE_CURVE('',#1238,#1151,#563,.T.);
#1550=EDGE_CURVE('',#1239,#1238,#564,.T.);
#1551=EDGE_CURVE('',#1239,#1152,#565,.T.);
#1552=EDGE_CURVE('',#1240,#1149,#566,.T.);
#1553=EDGE_CURVE('',#1238,#1240,#567,.T.);
#1554=EDGE_CURVE('',#1241,#1150,#568,.T.);
#1555=EDGE_CURVE('',#1240,#1241,#569,.T.);
#1556=EDGE_CURVE('',#1241,#1239,#570,.T.);
#1557=EDGE_CURVE('',#1127,#1171,#571,.T.);
#1558=EDGE_CURVE('',#1128,#1170,#572,.T.);
#1559=EDGE_CURVE('',#1242,#1237,#573,.T.);
#1560=EDGE_CURVE('',#1175,#1242,#574,.T.);
#1561=EDGE_CURVE('',#1243,#1194,#575,.T.);
#1562=EDGE_CURVE('',#1236,#1243,#576,.T.);
#1563=EDGE_CURVE('',#1116,#1242,#577,.T.);
#1564=EDGE_CURVE('',#1243,#1244,#578,.T.);
#1565=EDGE_CURVE('',#1097,#1244,#579,.T.);
#1566=EDGE_CURVE('',#1244,#1202,#580,.T.);
#1567=EDGE_CURVE('',#1245,#1246,#581,.T.);
#1568=EDGE_CURVE('',#1246,#1247,#582,.T.);
#1569=EDGE_CURVE('',#1247,#1248,#583,.T.);
#1570=EDGE_CURVE('',#1245,#1248,#584,.T.);
#1571=EDGE_CURVE('',#1246,#1249,#585,.T.);
#1572=EDGE_CURVE('',#1249,#1250,#586,.T.);
#1573=EDGE_CURVE('',#1250,#1247,#587,.T.);
#1574=EDGE_CURVE('',#1249,#1251,#588,.T.);
#1575=EDGE_CURVE('',#1251,#1252,#589,.T.);
#1576=EDGE_CURVE('',#1252,#1250,#590,.T.);
#1577=EDGE_CURVE('',#1248,#1252,#591,.T.);
#1578=EDGE_CURVE('',#1251,#1245,#592,.T.);
#1579=EDGE_CURVE('',#1253,#1248,#593,.T.);
#1580=EDGE_CURVE('',#1254,#1253,#21,.T.);
#1581=EDGE_CURVE('',#1255,#1254,#594,.T.);
#1582=EDGE_CURVE('',#1256,#1255,#595,.T.);
#1583=EDGE_CURVE('',#1256,#1257,#596,.T.);
#1584=EDGE_CURVE('',#1257,#1258,#22,.T.);
#1585=EDGE_CURVE('',#1258,#1252,#597,.T.);
#1586=EDGE_CURVE('',#1259,#1247,#598,.T.);
#1587=EDGE_CURVE('',#1259,#1253,#599,.T.);
#1588=EDGE_CURVE('',#1260,#1261,#600,.T.);
#1589=EDGE_CURVE('',#1261,#1262,#601,.T.);
#1590=EDGE_CURVE('',#1262,#1263,#602,.T.);
#1591=EDGE_CURVE('',#1260,#1263,#603,.T.);
#1592=EDGE_CURVE('',#1261,#1256,#604,.T.);
#1593=EDGE_CURVE('',#1256,#1264,#605,.T.);
#1594=EDGE_CURVE('',#1264,#1262,#606,.T.);
#1595=EDGE_CURVE('',#1263,#1265,#607,.T.);
#1596=EDGE_CURVE('',#1265,#1255,#608,.T.);
#1597=EDGE_CURVE('',#1255,#1260,#609,.T.);
#1598=EDGE_CURVE('',#1265,#1264,#610,.T.);
#1599=EDGE_CURVE('',#1261,#1266,#611,.T.);
#1600=EDGE_CURVE('',#1257,#1266,#612,.T.);
#1601=EDGE_CURVE('',#1267,#1250,#613,.T.);
#1602=EDGE_CURVE('',#1266,#1267,#23,.T.);
#1603=EDGE_CURVE('',#1260,#1268,#614,.T.);
#1604=EDGE_CURVE('',#1268,#1259,#24,.T.);
#1605=EDGE_CURVE('',#1258,#1267,#615,.T.);
#1606=EDGE_CURVE('',#1268,#1254,#616,.T.);
#1607=EDGE_CURVE('',#1269,#1270,#617,.T.);
#1608=EDGE_CURVE('',#1270,#1271,#618,.T.);
#1609=EDGE_CURVE('',#1271,#1272,#619,.T.);
#1610=EDGE_CURVE('',#1269,#1272,#620,.T.);
#1611=EDGE_CURVE('',#1270,#1273,#621,.T.);
#1612=EDGE_CURVE('',#1273,#1274,#622,.T.);
#1613=EDGE_CURVE('',#1274,#1271,#623,.T.);
#1614=EDGE_CURVE('',#1273,#1275,#624,.T.);
#1615=EDGE_CURVE('',#1275,#1276,#625,.T.);
#1616=EDGE_CURVE('',#1276,#1274,#626,.T.);
#1617=EDGE_CURVE('',#1272,#1276,#627,.T.);
#1618=EDGE_CURVE('',#1275,#1269,#628,.T.);
#1619=EDGE_CURVE('',#1277,#1272,#629,.T.);
#1620=EDGE_CURVE('',#1278,#1277,#25,.T.);
#1621=EDGE_CURVE('',#1279,#1278,#630,.T.);
#1622=EDGE_CURVE('',#1280,#1279,#631,.T.);
#1623=EDGE_CURVE('',#1280,#1281,#632,.T.);
#1624=EDGE_CURVE('',#1281,#1282,#26,.T.);
#1625=EDGE_CURVE('',#1282,#1276,#633,.T.);
#1626=EDGE_CURVE('',#1283,#1271,#634,.T.);
#1627=EDGE_CURVE('',#1283,#1277,#635,.T.);
#1628=EDGE_CURVE('',#1284,#1285,#636,.T.);
#1629=EDGE_CURVE('',#1285,#1286,#637,.T.);
#1630=EDGE_CURVE('',#1286,#1287,#638,.T.);
#1631=EDGE_CURVE('',#1284,#1287,#639,.T.);
#1632=EDGE_CURVE('',#1285,#1280,#640,.T.);
#1633=EDGE_CURVE('',#1280,#1288,#641,.T.);
#1634=EDGE_CURVE('',#1288,#1286,#642,.T.);
#1635=EDGE_CURVE('',#1287,#1289,#643,.T.);
#1636=EDGE_CURVE('',#1289,#1279,#644,.T.);
#1637=EDGE_CURVE('',#1279,#1284,#645,.T.);
#1638=EDGE_CURVE('',#1289,#1288,#646,.T.);
#1639=EDGE_CURVE('',#1285,#1290,#647,.T.);
#1640=EDGE_CURVE('',#1281,#1290,#648,.T.);
#1641=EDGE_CURVE('',#1291,#1274,#649,.T.);
#1642=EDGE_CURVE('',#1290,#1291,#27,.T.);
#1643=EDGE_CURVE('',#1284,#1292,#650,.T.);
#1644=EDGE_CURVE('',#1292,#1283,#28,.T.);
#1645=EDGE_CURVE('',#1282,#1291,#651,.T.);
#1646=EDGE_CURVE('',#1292,#1278,#652,.T.);
#1647=EDGE_CURVE('',#1293,#1294,#653,.T.);
#1648=EDGE_CURVE('',#1294,#1295,#654,.T.);
#1649=EDGE_CURVE('',#1295,#1296,#655,.T.);
#1650=EDGE_CURVE('',#1293,#1296,#656,.T.);
#1651=EDGE_CURVE('',#1294,#1297,#657,.T.);
#1652=EDGE_CURVE('',#1297,#1298,#658,.T.);
#1653=EDGE_CURVE('',#1298,#1295,#659,.T.);
#1654=EDGE_CURVE('',#1297,#1299,#660,.T.);
#1655=EDGE_CURVE('',#1299,#1300,#661,.T.);
#1656=EDGE_CURVE('',#1300,#1298,#662,.T.);
#1657=EDGE_CURVE('',#1296,#1300,#663,.T.);
#1658=EDGE_CURVE('',#1299,#1293,#664,.T.);
#1659=EDGE_CURVE('',#1301,#1296,#665,.T.);
#1660=EDGE_CURVE('',#1302,#1301,#29,.T.);
#1661=EDGE_CURVE('',#1303,#1302,#666,.T.);
#1662=EDGE_CURVE('',#1304,#1303,#667,.T.);
#1663=EDGE_CURVE('',#1304,#1305,#668,.T.);
#1664=EDGE_CURVE('',#1305,#1306,#30,.T.);
#1665=EDGE_CURVE('',#1306,#1300,#669,.T.);
#1666=EDGE_CURVE('',#1307,#1295,#670,.T.);
#1667=EDGE_CURVE('',#1307,#1301,#671,.T.);
#1668=EDGE_CURVE('',#1308,#1309,#672,.T.);
#1669=EDGE_CURVE('',#1309,#1310,#673,.T.);
#1670=EDGE_CURVE('',#1310,#1311,#674,.T.);
#1671=EDGE_CURVE('',#1308,#1311,#675,.T.);
#1672=EDGE_CURVE('',#1309,#1304,#676,.T.);
#1673=EDGE_CURVE('',#1304,#1312,#677,.T.);
#1674=EDGE_CURVE('',#1312,#1310,#678,.T.);
#1675=EDGE_CURVE('',#1311,#1313,#679,.T.);
#1676=EDGE_CURVE('',#1313,#1303,#680,.T.);
#1677=EDGE_CURVE('',#1303,#1308,#681,.T.);
#1678=EDGE_CURVE('',#1313,#1312,#682,.T.);
#1679=EDGE_CURVE('',#1309,#1314,#683,.T.);
#1680=EDGE_CURVE('',#1305,#1314,#684,.T.);
#1681=EDGE_CURVE('',#1315,#1298,#685,.T.);
#1682=EDGE_CURVE('',#1314,#1315,#31,.T.);
#1683=EDGE_CURVE('',#1308,#1316,#686,.T.);
#1684=EDGE_CURVE('',#1316,#1307,#32,.T.);
#1685=EDGE_CURVE('',#1306,#1315,#687,.T.);
#1686=EDGE_CURVE('',#1316,#1302,#688,.T.);
#1687=EDGE_CURVE('',#1317,#1318,#689,.T.);
#1688=EDGE_CURVE('',#1318,#1319,#690,.T.);
#1689=EDGE_CURVE('',#1319,#1320,#691,.T.);
#1690=EDGE_CURVE('',#1317,#1320,#692,.T.);
#1691=EDGE_CURVE('',#1318,#1321,#693,.T.);
#1692=EDGE_CURVE('',#1321,#1322,#694,.T.);
#1693=EDGE_CURVE('',#1322,#1319,#695,.T.);
#1694=EDGE_CURVE('',#1321,#1323,#696,.T.);
#1695=EDGE_CURVE('',#1323,#1324,#697,.T.);
#1696=EDGE_CURVE('',#1324,#1322,#698,.T.);
#1697=EDGE_CURVE('',#1320,#1324,#699,.T.);
#1698=EDGE_CURVE('',#1323,#1317,#700,.T.);
#1699=EDGE_CURVE('',#1325,#1320,#701,.T.);
#1700=EDGE_CURVE('',#1326,#1325,#33,.T.);
#1701=EDGE_CURVE('',#1327,#1326,#702,.T.);
#1702=EDGE_CURVE('',#1328,#1327,#703,.T.);
#1703=EDGE_CURVE('',#1328,#1329,#704,.T.);
#1704=EDGE_CURVE('',#1329,#1330,#34,.T.);
#1705=EDGE_CURVE('',#1330,#1324,#705,.T.);
#1706=EDGE_CURVE('',#1331,#1319,#706,.T.);
#1707=EDGE_CURVE('',#1331,#1325,#707,.T.);
#1708=EDGE_CURVE('',#1332,#1333,#708,.T.);
#1709=EDGE_CURVE('',#1333,#1334,#709,.T.);
#1710=EDGE_CURVE('',#1334,#1335,#710,.T.);
#1711=EDGE_CURVE('',#1332,#1335,#711,.T.);
#1712=EDGE_CURVE('',#1333,#1328,#712,.T.);
#1713=EDGE_CURVE('',#1328,#1336,#713,.T.);
#1714=EDGE_CURVE('',#1336,#1334,#714,.T.);
#1715=EDGE_CURVE('',#1335,#1337,#715,.T.);
#1716=EDGE_CURVE('',#1337,#1327,#716,.T.);
#1717=EDGE_CURVE('',#1327,#1332,#717,.T.);
#1718=EDGE_CURVE('',#1337,#1336,#718,.T.);
#1719=EDGE_CURVE('',#1333,#1338,#719,.T.);
#1720=EDGE_CURVE('',#1329,#1338,#720,.T.);
#1721=EDGE_CURVE('',#1339,#1322,#721,.T.);
#1722=EDGE_CURVE('',#1338,#1339,#35,.T.);
#1723=EDGE_CURVE('',#1332,#1340,#722,.T.);
#1724=EDGE_CURVE('',#1340,#1331,#36,.T.);
#1725=EDGE_CURVE('',#1330,#1339,#723,.T.);
#1726=EDGE_CURVE('',#1340,#1326,#724,.T.);
#1727=ORIENTED_EDGE('',*,*,#1341,.F.);
#1728=ORIENTED_EDGE('',*,*,#1342,.F.);
#1729=ORIENTED_EDGE('',*,*,#1343,.F.);
#1730=ORIENTED_EDGE('',*,*,#1344,.T.);
#1731=ORIENTED_EDGE('',*,*,#1345,.F.);
#1732=ORIENTED_EDGE('',*,*,#1344,.F.);
#1733=ORIENTED_EDGE('',*,*,#1346,.F.);
#1734=ORIENTED_EDGE('',*,*,#1347,.T.);
#1735=ORIENTED_EDGE('',*,*,#1348,.F.);
#1736=ORIENTED_EDGE('',*,*,#1347,.F.);
#1737=ORIENTED_EDGE('',*,*,#1349,.F.);
#1738=ORIENTED_EDGE('',*,*,#1350,.F.);
#1739=ORIENTED_EDGE('',*,*,#1351,.F.);
#1740=ORIENTED_EDGE('',*,*,#1352,.F.);
#1741=ORIENTED_EDGE('',*,*,#1353,.F.);
#1742=ORIENTED_EDGE('',*,*,#1354,.F.);
#1743=ORIENTED_EDGE('',*,*,#1355,.F.);
#1744=ORIENTED_EDGE('',*,*,#1354,.T.);
#1745=ORIENTED_EDGE('',*,*,#1356,.F.);
#1746=ORIENTED_EDGE('',*,*,#1357,.F.);
#1747=ORIENTED_EDGE('',*,*,#1358,.F.);
#1748=ORIENTED_EDGE('',*,*,#1357,.T.);
#1749=ORIENTED_EDGE('',*,*,#1359,.F.);
#1750=ORIENTED_EDGE('',*,*,#1360,.F.);
#1751=ORIENTED_EDGE('',*,*,#1359,.T.);
#1752=ORIENTED_EDGE('',*,*,#1356,.T.);
#1753=ORIENTED_EDGE('',*,*,#1353,.T.);
#1754=ORIENTED_EDGE('',*,*,#1361,.T.);
#1755=ORIENTED_EDGE('',*,*,#1362,.T.);
#1756=ORIENTED_EDGE('',*,*,#1363,.T.);
#1757=ORIENTED_EDGE('',*,*,#1364,.T.);
#1758=ORIENTED_EDGE('',*,*,#1365,.T.);
#1759=ORIENTED_EDGE('',*,*,#1366,.T.);
#1760=ORIENTED_EDGE('',*,*,#1367,.T.);
#1761=ORIENTED_EDGE('',*,*,#1352,.T.);
#1762=ORIENTED_EDGE('',*,*,#1368,.T.);
#1763=ORIENTED_EDGE('',*,*,#1369,.T.);
#1764=ORIENTED_EDGE('',*,*,#1370,.T.);
#1765=ORIENTED_EDGE('',*,*,#1371,.F.);
#1766=ORIENTED_EDGE('',*,*,#1361,.F.);
#1767=ORIENTED_EDGE('',*,*,#1350,.T.);
#1768=ORIENTED_EDGE('',*,*,#1372,.F.);
#1769=ORIENTED_EDGE('',*,*,#1373,.F.);
#1770=ORIENTED_EDGE('',*,*,#1374,.T.);
#1771=ORIENTED_EDGE('',*,*,#1375,.T.);
#1772=ORIENTED_EDGE('',*,*,#1376,.T.);
#1773=ORIENTED_EDGE('',*,*,#1341,.T.);
#1774=ORIENTED_EDGE('',*,*,#1345,.T.);
#1775=ORIENTED_EDGE('',*,*,#1348,.T.);
#1776=ORIENTED_EDGE('',*,*,#1376,.F.);
#1777=ORIENTED_EDGE('',*,*,#1377,.F.);
#1778=ORIENTED_EDGE('',*,*,#1378,.T.);
#1779=ORIENTED_EDGE('',*,*,#1379,.T.);
#1780=ORIENTED_EDGE('',*,*,#1380,.F.);
#1781=ORIENTED_EDGE('',*,*,#1381,.T.);
#1782=ORIENTED_EDGE('',*,*,#1382,.F.);
#1783=ORIENTED_EDGE('',*,*,#1383,.F.);
#1784=ORIENTED_EDGE('',*,*,#1384,.F.);
#1785=ORIENTED_EDGE('',*,*,#1385,.F.);
#1786=ORIENTED_EDGE('',*,*,#1370,.F.);
#1787=ORIENTED_EDGE('',*,*,#1386,.F.);
#1788=ORIENTED_EDGE('',*,*,#1387,.F.);
#1789=ORIENTED_EDGE('',*,*,#1388,.F.);
#1790=ORIENTED_EDGE('',*,*,#1389,.F.);
#1791=ORIENTED_EDGE('',*,*,#1390,.T.);
#1792=ORIENTED_EDGE('',*,*,#1391,.F.);
#1793=ORIENTED_EDGE('',*,*,#1392,.F.);
#1794=ORIENTED_EDGE('',*,*,#1388,.T.);
#1795=ORIENTED_EDGE('',*,*,#1393,.F.);
#1796=ORIENTED_EDGE('',*,*,#1394,.F.);
#1797=ORIENTED_EDGE('',*,*,#1395,.F.);
#1798=ORIENTED_EDGE('',*,*,#1396,.F.);
#1799=ORIENTED_EDGE('',*,*,#1390,.F.);
#1800=ORIENTED_EDGE('',*,*,#1397,.F.);
#1801=ORIENTED_EDGE('',*,*,#1398,.F.);
#1802=ORIENTED_EDGE('',*,*,#1399,.F.);
#1803=ORIENTED_EDGE('',*,*,#1400,.F.);
#1804=ORIENTED_EDGE('',*,*,#1401,.F.);
#1805=ORIENTED_EDGE('',*,*,#1399,.T.);
#1806=ORIENTED_EDGE('',*,*,#1402,.F.);
#1807=ORIENTED_EDGE('',*,*,#1403,.F.);
#1808=ORIENTED_EDGE('',*,*,#1404,.F.);
#1809=ORIENTED_EDGE('',*,*,#1393,.T.);
#1810=ORIENTED_EDGE('',*,*,#1387,.T.);
#1811=ORIENTED_EDGE('',*,*,#1402,.T.);
#1812=ORIENTED_EDGE('',*,*,#1398,.T.);
#1813=ORIENTED_EDGE('',*,*,#1405,.F.);
#1814=ORIENTED_EDGE('',*,*,#1406,.T.);
#1815=ORIENTED_EDGE('',*,*,#1407,.F.);
#1816=ORIENTED_EDGE('',*,*,#1408,.F.);
#1817=ORIENTED_EDGE('',*,*,#1409,.F.);
#1818=ORIENTED_EDGE('',*,*,#1410,.F.);
#1819=ORIENTED_EDGE('',*,*,#1411,.F.);
#1820=ORIENTED_EDGE('',*,*,#1412,.F.);
#1821=ORIENTED_EDGE('',*,*,#1385,.T.);
#1822=ORIENTED_EDGE('',*,*,#1413,.T.);
#1823=ORIENTED_EDGE('',*,*,#1414,.T.);
#1824=ORIENTED_EDGE('',*,*,#1373,.T.);
#1825=ORIENTED_EDGE('',*,*,#1415,.F.);
#1826=ORIENTED_EDGE('',*,*,#1416,.F.);
#1827=ORIENTED_EDGE('',*,*,#1417,.T.);
#1828=ORIENTED_EDGE('',*,*,#1418,.T.);
#1829=ORIENTED_EDGE('',*,*,#1419,.T.);
#1830=ORIENTED_EDGE('',*,*,#1420,.T.);
#1831=ORIENTED_EDGE('',*,*,#1421,.T.);
#1832=ORIENTED_EDGE('',*,*,#1422,.F.);
#1833=ORIENTED_EDGE('',*,*,#1423,.T.);
#1834=ORIENTED_EDGE('',*,*,#1424,.T.);
#1835=ORIENTED_EDGE('',*,*,#1425,.T.);
#1836=ORIENTED_EDGE('',*,*,#1426,.F.);
#1837=ORIENTED_EDGE('',*,*,#1427,.T.);
#1838=ORIENTED_EDGE('',*,*,#1428,.T.);
#1839=ORIENTED_EDGE('',*,*,#1429,.T.);
#1840=ORIENTED_EDGE('',*,*,#1430,.F.);
#1841=ORIENTED_EDGE('',*,*,#1431,.T.);
#1842=ORIENTED_EDGE('',*,*,#1405,.T.);
#1843=ORIENTED_EDGE('',*,*,#1397,.T.);
#1844=ORIENTED_EDGE('',*,*,#1389,.T.);
#1845=ORIENTED_EDGE('',*,*,#1392,.T.);
#1846=ORIENTED_EDGE('',*,*,#1432,.F.);
#1847=ORIENTED_EDGE('',*,*,#1362,.F.);
#1848=ORIENTED_EDGE('',*,*,#1371,.T.);
#1849=ORIENTED_EDGE('',*,*,#1358,.T.);
#1850=ORIENTED_EDGE('',*,*,#1433,.F.);
#1851=ORIENTED_EDGE('',*,*,#1434,.T.);
#1852=ORIENTED_EDGE('',*,*,#1435,.F.);
#1853=ORIENTED_EDGE('',*,*,#1400,.T.);
#1854=ORIENTED_EDGE('',*,*,#1386,.T.);
#1855=ORIENTED_EDGE('',*,*,#1436,.F.);
#1856=ORIENTED_EDGE('',*,*,#1368,.F.);
#1857=ORIENTED_EDGE('',*,*,#1351,.T.);
#1858=ORIENTED_EDGE('',*,*,#1355,.T.);
#1859=ORIENTED_EDGE('',*,*,#1364,.F.);
#1860=ORIENTED_EDGE('',*,*,#1437,.F.);
#1861=ORIENTED_EDGE('',*,*,#1438,.T.);
#1862=ORIENTED_EDGE('',*,*,#1439,.F.);
#1863=ORIENTED_EDGE('',*,*,#1440,.T.);
#1864=ORIENTED_EDGE('',*,*,#1441,.T.);
#1865=ORIENTED_EDGE('',*,*,#1442,.T.);
#1866=ORIENTED_EDGE('',*,*,#1443,.T.);
#1867=ORIENTED_EDGE('',*,*,#1365,.F.);
#1868=ORIENTED_EDGE('',*,*,#1439,.T.);
#1869=ORIENTED_EDGE('',*,*,#1444,.T.);
#1870=ORIENTED_EDGE('',*,*,#1445,.F.);
#1871=ORIENTED_EDGE('',*,*,#1444,.F.);
#1872=ORIENTED_EDGE('',*,*,#1438,.F.);
#1873=ORIENTED_EDGE('',*,*,#1446,.F.);
#1874=ORIENTED_EDGE('',*,*,#1442,.F.);
#1875=ORIENTED_EDGE('',*,*,#1447,.F.);
#1876=ORIENTED_EDGE('',*,*,#1448,.F.);
#1877=ORIENTED_EDGE('',*,*,#1449,.F.);
#1878=ORIENTED_EDGE('',*,*,#1413,.F.);
#1879=ORIENTED_EDGE('',*,*,#1384,.T.);
#1880=ORIENTED_EDGE('',*,*,#1450,.F.);
#1881=ORIENTED_EDGE('',*,*,#1374,.F.);
#1882=ORIENTED_EDGE('',*,*,#1414,.F.);
#1883=ORIENTED_EDGE('',*,*,#1449,.T.);
#1884=ORIENTED_EDGE('',*,*,#1451,.F.);
#1885=ORIENTED_EDGE('',*,*,#1452,.T.);
#1886=ORIENTED_EDGE('',*,*,#1453,.F.);
#1887=ORIENTED_EDGE('',*,*,#1419,.F.);
#1888=ORIENTED_EDGE('',*,*,#1454,.T.);
#1889=ORIENTED_EDGE('',*,*,#1455,.F.);
#1890=ORIENTED_EDGE('',*,*,#1456,.F.);
#1891=ORIENTED_EDGE('',*,*,#1454,.F.);
#1892=ORIENTED_EDGE('',*,*,#1418,.F.);
#1893=ORIENTED_EDGE('',*,*,#1457,.T.);
#1894=ORIENTED_EDGE('',*,*,#1458,.T.);
#1895=ORIENTED_EDGE('',*,*,#1378,.F.);
#1896=ORIENTED_EDGE('',*,*,#1417,.F.);
#1897=ORIENTED_EDGE('',*,*,#1459,.F.);
#1898=ORIENTED_EDGE('',*,*,#1460,.T.);
#1899=ORIENTED_EDGE('',*,*,#1457,.F.);
#1900=ORIENTED_EDGE('',*,*,#1461,.F.);
#1901=ORIENTED_EDGE('',*,*,#1379,.F.);
#1902=ORIENTED_EDGE('',*,*,#1458,.F.);
#1903=ORIENTED_EDGE('',*,*,#1460,.F.);
#1904=ORIENTED_EDGE('',*,*,#1462,.F.);
#1905=ORIENTED_EDGE('',*,*,#1463,.F.);
#1906=ORIENTED_EDGE('',*,*,#1464,.F.);
#1907=ORIENTED_EDGE('',*,*,#1452,.F.);
#1908=ORIENTED_EDGE('',*,*,#1453,.T.);
#1909=ORIENTED_EDGE('',*,*,#1464,.T.);
#1910=ORIENTED_EDGE('',*,*,#1465,.T.);
#1911=ORIENTED_EDGE('',*,*,#1466,.F.);
#1912=ORIENTED_EDGE('',*,*,#1467,.F.);
#1913=ORIENTED_EDGE('',*,*,#1420,.F.);
#1914=ORIENTED_EDGE('',*,*,#1468,.F.);
#1915=ORIENTED_EDGE('',*,*,#1469,.F.);
#1916=ORIENTED_EDGE('',*,*,#1470,.F.);
#1917=ORIENTED_EDGE('',*,*,#1471,.F.);
#1918=ORIENTED_EDGE('',*,*,#1383,.T.);
#1919=ORIENTED_EDGE('',*,*,#1369,.F.);
#1920=ORIENTED_EDGE('',*,*,#1436,.T.);
#1921=ORIENTED_EDGE('',*,*,#1391,.T.);
#1922=ORIENTED_EDGE('',*,*,#1396,.T.);
#1923=ORIENTED_EDGE('',*,*,#1472,.T.);
#1924=ORIENTED_EDGE('',*,*,#1455,.T.);
#1925=ORIENTED_EDGE('',*,*,#1456,.T.);
#1926=ORIENTED_EDGE('',*,*,#1377,.T.);
#1927=ORIENTED_EDGE('',*,*,#1375,.F.);
#1928=ORIENTED_EDGE('',*,*,#1450,.T.);
#1929=ORIENTED_EDGE('',*,*,#1448,.T.);
#1930=ORIENTED_EDGE('',*,*,#1473,.T.);
#1931=ORIENTED_EDGE('',*,*,#1474,.T.);
#1932=ORIENTED_EDGE('',*,*,#1475,.F.);
#1933=ORIENTED_EDGE('',*,*,#1476,.F.);
#1934=ORIENTED_EDGE('',*,*,#1477,.T.);
#1935=ORIENTED_EDGE('',*,*,#1478,.T.);
#1936=ORIENTED_EDGE('',*,*,#1479,.F.);
#1937=ORIENTED_EDGE('',*,*,#1480,.F.);
#1938=ORIENTED_EDGE('',*,*,#1481,.T.);
#1939=ORIENTED_EDGE('',*,*,#1482,.T.);
#1940=ORIENTED_EDGE('',*,*,#1483,.F.);
#1941=ORIENTED_EDGE('',*,*,#1478,.F.);
#1942=ORIENTED_EDGE('',*,*,#1483,.T.);
#1943=ORIENTED_EDGE('',*,*,#1484,.T.);
#1944=ORIENTED_EDGE('',*,*,#1475,.T.);
#1945=ORIENTED_EDGE('',*,*,#1485,.F.);
#1946=ORIENTED_EDGE('',*,*,#1479,.T.);
#1947=ORIENTED_EDGE('',*,*,#1459,.T.);
#1948=ORIENTED_EDGE('',*,*,#1416,.T.);
#1949=ORIENTED_EDGE('',*,*,#1486,.F.);
#1950=ORIENTED_EDGE('',*,*,#1480,.T.);
#1951=ORIENTED_EDGE('',*,*,#1485,.T.);
#1952=ORIENTED_EDGE('',*,*,#1487,.T.);
#1953=ORIENTED_EDGE('',*,*,#1488,.T.);
#1954=ORIENTED_EDGE('',*,*,#1462,.T.);
#1955=ORIENTED_EDGE('',*,*,#1489,.F.);
#1956=ORIENTED_EDGE('',*,*,#1490,.F.);
#1957=ORIENTED_EDGE('',*,*,#1421,.F.);
#1958=ORIENTED_EDGE('',*,*,#1467,.T.);
#1959=ORIENTED_EDGE('',*,*,#1463,.T.);
#1960=ORIENTED_EDGE('',*,*,#1488,.F.);
#1961=ORIENTED_EDGE('',*,*,#1491,.F.);
#1962=ORIENTED_EDGE('',*,*,#1465,.F.);
#1963=ORIENTED_EDGE('',*,*,#1490,.T.);
#1964=ORIENTED_EDGE('',*,*,#1492,.T.);
#1965=ORIENTED_EDGE('',*,*,#1493,.T.);
#1966=ORIENTED_EDGE('',*,*,#1422,.T.);
#1967=ORIENTED_EDGE('',*,*,#1470,.T.);
#1968=ORIENTED_EDGE('',*,*,#1494,.F.);
#1969=ORIENTED_EDGE('',*,*,#1495,.F.);
#1970=ORIENTED_EDGE('',*,*,#1496,.T.);
#1971=ORIENTED_EDGE('',*,*,#1469,.T.);
#1972=ORIENTED_EDGE('',*,*,#1497,.F.);
#1973=ORIENTED_EDGE('',*,*,#1498,.F.);
#1974=ORIENTED_EDGE('',*,*,#1494,.T.);
#1975=ORIENTED_EDGE('',*,*,#1468,.T.);
#1976=ORIENTED_EDGE('',*,*,#1499,.F.);
#1977=ORIENTED_EDGE('',*,*,#1500,.F.);
#1978=ORIENTED_EDGE('',*,*,#1497,.T.);
#1979=ORIENTED_EDGE('',*,*,#1471,.T.);
#1980=ORIENTED_EDGE('',*,*,#1496,.F.);
#1981=ORIENTED_EDGE('',*,*,#1501,.F.);
#1982=ORIENTED_EDGE('',*,*,#1499,.T.);
#1983=ORIENTED_EDGE('',*,*,#1502,.F.);
#1984=ORIENTED_EDGE('',*,*,#1503,.F.);
#1985=ORIENTED_EDGE('',*,*,#1425,.F.);
#1986=ORIENTED_EDGE('',*,*,#1504,.T.);
#1987=ORIENTED_EDGE('',*,*,#1505,.F.);
#1988=ORIENTED_EDGE('',*,*,#1504,.F.);
#1989=ORIENTED_EDGE('',*,*,#1424,.F.);
#1990=ORIENTED_EDGE('',*,*,#1506,.T.);
#1991=ORIENTED_EDGE('',*,*,#1507,.F.);
#1992=ORIENTED_EDGE('',*,*,#1508,.F.);
#1993=ORIENTED_EDGE('',*,*,#1509,.F.);
#1994=ORIENTED_EDGE('',*,*,#1510,.F.);
#1995=ORIENTED_EDGE('',*,*,#1511,.F.);
#1996=ORIENTED_EDGE('',*,*,#1506,.F.);
#1997=ORIENTED_EDGE('',*,*,#1423,.F.);
#1998=ORIENTED_EDGE('',*,*,#1493,.F.);
#1999=ORIENTED_EDGE('',*,*,#1503,.T.);
#2000=ORIENTED_EDGE('',*,*,#1512,.T.);
#2001=ORIENTED_EDGE('',*,*,#1513,.T.);
#2002=ORIENTED_EDGE('',*,*,#1426,.T.);
#2003=ORIENTED_EDGE('',*,*,#1509,.T.);
#2004=ORIENTED_EDGE('',*,*,#1514,.F.);
#2005=ORIENTED_EDGE('',*,*,#1515,.F.);
#2006=ORIENTED_EDGE('',*,*,#1516,.T.);
#2007=ORIENTED_EDGE('',*,*,#1508,.T.);
#2008=ORIENTED_EDGE('',*,*,#1517,.F.);
#2009=ORIENTED_EDGE('',*,*,#1518,.F.);
#2010=ORIENTED_EDGE('',*,*,#1514,.T.);
#2011=ORIENTED_EDGE('',*,*,#1507,.T.);
#2012=ORIENTED_EDGE('',*,*,#1519,.F.);
#2013=ORIENTED_EDGE('',*,*,#1520,.F.);
#2014=ORIENTED_EDGE('',*,*,#1517,.T.);
#2015=ORIENTED_EDGE('',*,*,#1510,.T.);
#2016=ORIENTED_EDGE('',*,*,#1516,.F.);
#2017=ORIENTED_EDGE('',*,*,#1521,.F.);
#2018=ORIENTED_EDGE('',*,*,#1519,.T.);
#2019=ORIENTED_EDGE('',*,*,#1522,.F.);
#2020=ORIENTED_EDGE('',*,*,#1523,.F.);
#2021=ORIENTED_EDGE('',*,*,#1429,.F.);
#2022=ORIENTED_EDGE('',*,*,#1524,.T.);
#2023=ORIENTED_EDGE('',*,*,#1525,.F.);
#2024=ORIENTED_EDGE('',*,*,#1524,.F.);
#2025=ORIENTED_EDGE('',*,*,#1428,.F.);
#2026=ORIENTED_EDGE('',*,*,#1526,.T.);
#2027=ORIENTED_EDGE('',*,*,#1527,.F.);
#2028=ORIENTED_EDGE('',*,*,#1528,.F.);
#2029=ORIENTED_EDGE('',*,*,#1529,.F.);
#2030=ORIENTED_EDGE('',*,*,#1530,.F.);
#2031=ORIENTED_EDGE('',*,*,#1531,.F.);
#2032=ORIENTED_EDGE('',*,*,#1526,.F.);
#2033=ORIENTED_EDGE('',*,*,#1427,.F.);
#2034=ORIENTED_EDGE('',*,*,#1513,.F.);
#2035=ORIENTED_EDGE('',*,*,#1523,.T.);
#2036=ORIENTED_EDGE('',*,*,#1532,.T.);
#2037=ORIENTED_EDGE('',*,*,#1533,.T.);
#2038=ORIENTED_EDGE('',*,*,#1430,.T.);
#2039=ORIENTED_EDGE('',*,*,#1529,.T.);
#2040=ORIENTED_EDGE('',*,*,#1534,.F.);
#2041=ORIENTED_EDGE('',*,*,#1535,.F.);
#2042=ORIENTED_EDGE('',*,*,#1536,.T.);
#2043=ORIENTED_EDGE('',*,*,#1528,.T.);
#2044=ORIENTED_EDGE('',*,*,#1537,.F.);
#2045=ORIENTED_EDGE('',*,*,#1538,.F.);
#2046=ORIENTED_EDGE('',*,*,#1534,.T.);
#2047=ORIENTED_EDGE('',*,*,#1527,.T.);
#2048=ORIENTED_EDGE('',*,*,#1539,.F.);
#2049=ORIENTED_EDGE('',*,*,#1540,.F.);
#2050=ORIENTED_EDGE('',*,*,#1537,.T.);
#2051=ORIENTED_EDGE('',*,*,#1530,.T.);
#2052=ORIENTED_EDGE('',*,*,#1536,.F.);
#2053=ORIENTED_EDGE('',*,*,#1541,.F.);
#2054=ORIENTED_EDGE('',*,*,#1539,.T.);
#2055=ORIENTED_EDGE('',*,*,#1542,.F.);
#2056=ORIENTED_EDGE('',*,*,#1406,.F.);
#2057=ORIENTED_EDGE('',*,*,#1431,.F.);
#2058=ORIENTED_EDGE('',*,*,#1533,.F.);
#2059=ORIENTED_EDGE('',*,*,#1403,.T.);
#2060=ORIENTED_EDGE('',*,*,#1408,.T.);
#2061=ORIENTED_EDGE('',*,*,#1543,.F.);
#2062=ORIENTED_EDGE('',*,*,#1544,.F.);
#2063=ORIENTED_EDGE('',*,*,#1491,.T.);
#2064=ORIENTED_EDGE('',*,*,#1487,.F.);
#2065=ORIENTED_EDGE('',*,*,#1474,.F.);
#2066=ORIENTED_EDGE('',*,*,#1545,.F.);
#2067=ORIENTED_EDGE('',*,*,#1546,.F.);
#2068=ORIENTED_EDGE('',*,*,#1547,.T.);
#2069=ORIENTED_EDGE('',*,*,#1443,.F.);
#2070=ORIENTED_EDGE('',*,*,#1548,.F.);
#2071=ORIENTED_EDGE('',*,*,#1543,.T.);
#2072=ORIENTED_EDGE('',*,*,#1407,.T.);
#2073=ORIENTED_EDGE('',*,*,#1542,.T.);
#2074=ORIENTED_EDGE('',*,*,#1532,.F.);
#2075=ORIENTED_EDGE('',*,*,#1522,.T.);
#2076=ORIENTED_EDGE('',*,*,#1525,.T.);
#2077=ORIENTED_EDGE('',*,*,#1531,.T.);
#2078=ORIENTED_EDGE('',*,*,#1512,.F.);
#2079=ORIENTED_EDGE('',*,*,#1502,.T.);
#2080=ORIENTED_EDGE('',*,*,#1505,.T.);
#2081=ORIENTED_EDGE('',*,*,#1511,.T.);
#2082=ORIENTED_EDGE('',*,*,#1492,.F.);
#2083=ORIENTED_EDGE('',*,*,#1489,.T.);
#2084=ORIENTED_EDGE('',*,*,#1466,.T.);
#2085=ORIENTED_EDGE('',*,*,#1411,.T.);
#2086=ORIENTED_EDGE('',*,*,#1549,.F.);
#2087=ORIENTED_EDGE('',*,*,#1550,.F.);
#2088=ORIENTED_EDGE('',*,*,#1551,.T.);
#2089=ORIENTED_EDGE('',*,*,#1410,.T.);
#2090=ORIENTED_EDGE('',*,*,#1552,.F.);
#2091=ORIENTED_EDGE('',*,*,#1553,.F.);
#2092=ORIENTED_EDGE('',*,*,#1549,.T.);
#2093=ORIENTED_EDGE('',*,*,#1409,.T.);
#2094=ORIENTED_EDGE('',*,*,#1554,.F.);
#2095=ORIENTED_EDGE('',*,*,#1555,.F.);
#2096=ORIENTED_EDGE('',*,*,#1552,.T.);
#2097=ORIENTED_EDGE('',*,*,#1412,.T.);
#2098=ORIENTED_EDGE('',*,*,#1551,.F.);
#2099=ORIENTED_EDGE('',*,*,#1556,.F.);
#2100=ORIENTED_EDGE('',*,*,#1554,.T.);
#2101=ORIENTED_EDGE('',*,*,#1381,.F.);
#2102=ORIENTED_EDGE('',*,*,#1557,.T.);
#2103=ORIENTED_EDGE('',*,*,#1434,.F.);
#2104=ORIENTED_EDGE('',*,*,#1558,.F.);
#2105=ORIENTED_EDGE('',*,*,#1401,.T.);
#2106=ORIENTED_EDGE('',*,*,#1435,.T.);
#2107=ORIENTED_EDGE('',*,*,#1557,.F.);
#2108=ORIENTED_EDGE('',*,*,#1380,.T.);
#2109=ORIENTED_EDGE('',*,*,#1461,.T.);
#2110=ORIENTED_EDGE('',*,*,#1451,.T.);
#2111=ORIENTED_EDGE('',*,*,#1472,.F.);
#2112=ORIENTED_EDGE('',*,*,#1395,.T.);
#2113=ORIENTED_EDGE('',*,*,#1495,.T.);
#2114=ORIENTED_EDGE('',*,*,#1498,.T.);
#2115=ORIENTED_EDGE('',*,*,#1500,.T.);
#2116=ORIENTED_EDGE('',*,*,#1501,.T.);
#2117=ORIENTED_EDGE('',*,*,#1515,.T.);
#2118=ORIENTED_EDGE('',*,*,#1518,.T.);
#2119=ORIENTED_EDGE('',*,*,#1520,.T.);
#2120=ORIENTED_EDGE('',*,*,#1521,.T.);
#2121=ORIENTED_EDGE('',*,*,#1535,.T.);
#2122=ORIENTED_EDGE('',*,*,#1538,.T.);
#2123=ORIENTED_EDGE('',*,*,#1540,.T.);
#2124=ORIENTED_EDGE('',*,*,#1541,.T.);
#2125=ORIENTED_EDGE('',*,*,#1550,.T.);
#2126=ORIENTED_EDGE('',*,*,#1553,.T.);
#2127=ORIENTED_EDGE('',*,*,#1555,.T.);
#2128=ORIENTED_EDGE('',*,*,#1556,.T.);
#2129=ORIENTED_EDGE('',*,*,#1440,.F.);
#2130=ORIENTED_EDGE('',*,*,#1547,.F.);
#2131=ORIENTED_EDGE('',*,*,#1559,.F.);
#2132=ORIENTED_EDGE('',*,*,#1560,.F.);
#2133=ORIENTED_EDGE('',*,*,#1473,.F.);
#2134=ORIENTED_EDGE('',*,*,#1561,.F.);
#2135=ORIENTED_EDGE('',*,*,#1562,.F.);
#2136=ORIENTED_EDGE('',*,*,#1545,.T.);
#2137=ORIENTED_EDGE('',*,*,#1360,.T.);
#2138=ORIENTED_EDGE('',*,*,#1367,.F.);
#2139=ORIENTED_EDGE('',*,*,#1563,.T.);
#2140=ORIENTED_EDGE('',*,*,#1559,.T.);
#2141=ORIENTED_EDGE('',*,*,#1546,.T.);
#2142=ORIENTED_EDGE('',*,*,#1562,.T.);
#2143=ORIENTED_EDGE('',*,*,#1564,.T.);
#2144=ORIENTED_EDGE('',*,*,#1565,.F.);
#2145=ORIENTED_EDGE('',*,*,#1342,.T.);
#2146=ORIENTED_EDGE('',*,*,#1382,.T.);
#2147=ORIENTED_EDGE('',*,*,#1558,.T.);
#2148=ORIENTED_EDGE('',*,*,#1433,.T.);
#2149=ORIENTED_EDGE('',*,*,#1561,.T.);
#2150=ORIENTED_EDGE('',*,*,#1476,.T.);
#2151=ORIENTED_EDGE('',*,*,#1484,.F.);
#2152=ORIENTED_EDGE('',*,*,#1482,.F.);
#2153=ORIENTED_EDGE('',*,*,#1566,.F.);
#2154=ORIENTED_EDGE('',*,*,#1564,.F.);
#2155=ORIENTED_EDGE('',*,*,#1560,.T.);
#2156=ORIENTED_EDGE('',*,*,#1563,.F.);
#2157=ORIENTED_EDGE('',*,*,#1366,.F.);
#2158=ORIENTED_EDGE('',*,*,#1445,.T.);
#2159=ORIENTED_EDGE('',*,*,#1447,.T.);
#2160=ORIENTED_EDGE('',*,*,#1441,.F.);
#2161=ORIENTED_EDGE('',*,*,#1404,.T.);
#2162=ORIENTED_EDGE('',*,*,#1544,.T.);
#2163=ORIENTED_EDGE('',*,*,#1548,.T.);
#2164=ORIENTED_EDGE('',*,*,#1446,.T.);
#2165=ORIENTED_EDGE('',*,*,#1437,.T.);
#2166=ORIENTED_EDGE('',*,*,#1363,.F.);
#2167=ORIENTED_EDGE('',*,*,#1432,.T.);
#2168=ORIENTED_EDGE('',*,*,#1394,.T.);
#2169=ORIENTED_EDGE('',*,*,#1343,.T.);
#2170=ORIENTED_EDGE('',*,*,#1565,.T.);
#2171=ORIENTED_EDGE('',*,*,#1566,.T.);
#2172=ORIENTED_EDGE('',*,*,#1481,.F.);
#2173=ORIENTED_EDGE('',*,*,#1477,.F.);
#2174=ORIENTED_EDGE('',*,*,#1486,.T.);
#2175=ORIENTED_EDGE('',*,*,#1415,.T.);
#2176=ORIENTED_EDGE('',*,*,#1372,.T.);
#2177=ORIENTED_EDGE('',*,*,#1349,.T.);
#2178=ORIENTED_EDGE('',*,*,#1346,.T.);
#2179=ORIENTED_EDGE('',*,*,#1567,.T.);
#2180=ORIENTED_EDGE('',*,*,#1568,.T.);
#2181=ORIENTED_EDGE('',*,*,#1569,.T.);
#2182=ORIENTED_EDGE('',*,*,#1570,.F.);
#2183=ORIENTED_EDGE('',*,*,#1571,.T.);
#2184=ORIENTED_EDGE('',*,*,#1572,.T.);
#2185=ORIENTED_EDGE('',*,*,#1573,.T.);
#2186=ORIENTED_EDGE('',*,*,#1568,.F.);
#2187=ORIENTED_EDGE('',*,*,#1574,.T.);
#2188=ORIENTED_EDGE('',*,*,#1575,.T.);
#2189=ORIENTED_EDGE('',*,*,#1576,.T.);
#2190=ORIENTED_EDGE('',*,*,#1572,.F.);
#2191=ORIENTED_EDGE('',*,*,#1577,.T.);
#2192=ORIENTED_EDGE('',*,*,#1575,.F.);
#2193=ORIENTED_EDGE('',*,*,#1578,.T.);
#2194=ORIENTED_EDGE('',*,*,#1570,.T.);
#2195=ORIENTED_EDGE('',*,*,#1577,.F.);
#2196=ORIENTED_EDGE('',*,*,#1579,.F.);
#2197=ORIENTED_EDGE('',*,*,#1580,.F.);
#2198=ORIENTED_EDGE('',*,*,#1581,.F.);
#2199=ORIENTED_EDGE('',*,*,#1582,.F.);
#2200=ORIENTED_EDGE('',*,*,#1583,.T.);
#2201=ORIENTED_EDGE('',*,*,#1584,.T.);
#2202=ORIENTED_EDGE('',*,*,#1585,.T.);
#2203=ORIENTED_EDGE('',*,*,#1569,.F.);
#2204=ORIENTED_EDGE('',*,*,#1586,.F.);
#2205=ORIENTED_EDGE('',*,*,#1587,.T.);
#2206=ORIENTED_EDGE('',*,*,#1579,.T.);
#2207=ORIENTED_EDGE('',*,*,#1567,.F.);
#2208=ORIENTED_EDGE('',*,*,#1578,.F.);
#2209=ORIENTED_EDGE('',*,*,#1574,.F.);
#2210=ORIENTED_EDGE('',*,*,#1571,.F.);
#2211=ORIENTED_EDGE('',*,*,#1588,.T.);
#2212=ORIENTED_EDGE('',*,*,#1589,.T.);
#2213=ORIENTED_EDGE('',*,*,#1590,.T.);
#2214=ORIENTED_EDGE('',*,*,#1591,.F.);
#2215=ORIENTED_EDGE('',*,*,#1592,.T.);
#2216=ORIENTED_EDGE('',*,*,#1593,.T.);
#2217=ORIENTED_EDGE('',*,*,#1594,.T.);
#2218=ORIENTED_EDGE('',*,*,#1589,.F.);
#2219=ORIENTED_EDGE('',*,*,#1595,.T.);
#2220=ORIENTED_EDGE('',*,*,#1596,.T.);
#2221=ORIENTED_EDGE('',*,*,#1597,.T.);
#2222=ORIENTED_EDGE('',*,*,#1591,.T.);
#2223=ORIENTED_EDGE('',*,*,#1582,.T.);
#2224=ORIENTED_EDGE('',*,*,#1596,.F.);
#2225=ORIENTED_EDGE('',*,*,#1598,.T.);
#2226=ORIENTED_EDGE('',*,*,#1593,.F.);
#2227=ORIENTED_EDGE('',*,*,#1592,.F.);
#2228=ORIENTED_EDGE('',*,*,#1599,.T.);
#2229=ORIENTED_EDGE('',*,*,#1600,.F.);
#2230=ORIENTED_EDGE('',*,*,#1583,.F.);
#2231=ORIENTED_EDGE('',*,*,#1573,.F.);
#2232=ORIENTED_EDGE('',*,*,#1601,.F.);
#2233=ORIENTED_EDGE('',*,*,#1602,.F.);
#2234=ORIENTED_EDGE('',*,*,#1599,.F.);
#2235=ORIENTED_EDGE('',*,*,#1588,.F.);
#2236=ORIENTED_EDGE('',*,*,#1603,.T.);
#2237=ORIENTED_EDGE('',*,*,#1604,.T.);
#2238=ORIENTED_EDGE('',*,*,#1586,.T.);
#2239=ORIENTED_EDGE('',*,*,#1590,.F.);
#2240=ORIENTED_EDGE('',*,*,#1594,.F.);
#2241=ORIENTED_EDGE('',*,*,#1598,.F.);
#2242=ORIENTED_EDGE('',*,*,#1595,.F.);
#2243=ORIENTED_EDGE('',*,*,#1576,.F.);
#2244=ORIENTED_EDGE('',*,*,#1585,.F.);
#2245=ORIENTED_EDGE('',*,*,#1605,.T.);
#2246=ORIENTED_EDGE('',*,*,#1601,.T.);
#2247=ORIENTED_EDGE('',*,*,#1600,.T.);
#2248=ORIENTED_EDGE('',*,*,#1602,.T.);
#2249=ORIENTED_EDGE('',*,*,#1605,.F.);
#2250=ORIENTED_EDGE('',*,*,#1584,.F.);
#2251=ORIENTED_EDGE('',*,*,#1606,.T.);
#2252=ORIENTED_EDGE('',*,*,#1580,.T.);
#2253=ORIENTED_EDGE('',*,*,#1587,.F.);
#2254=ORIENTED_EDGE('',*,*,#1604,.F.);
#2255=ORIENTED_EDGE('',*,*,#1597,.F.);
#2256=ORIENTED_EDGE('',*,*,#1581,.T.);
#2257=ORIENTED_EDGE('',*,*,#1606,.F.);
#2258=ORIENTED_EDGE('',*,*,#1603,.F.);
#2259=ORIENTED_EDGE('',*,*,#1607,.T.);
#2260=ORIENTED_EDGE('',*,*,#1608,.T.);
#2261=ORIENTED_EDGE('',*,*,#1609,.T.);
#2262=ORIENTED_EDGE('',*,*,#1610,.F.);
#2263=ORIENTED_EDGE('',*,*,#1611,.T.);
#2264=ORIENTED_EDGE('',*,*,#1612,.T.);
#2265=ORIENTED_EDGE('',*,*,#1613,.T.);
#2266=ORIENTED_EDGE('',*,*,#1608,.F.);
#2267=ORIENTED_EDGE('',*,*,#1614,.T.);
#2268=ORIENTED_EDGE('',*,*,#1615,.T.);
#2269=ORIENTED_EDGE('',*,*,#1616,.T.);
#2270=ORIENTED_EDGE('',*,*,#1612,.F.);
#2271=ORIENTED_EDGE('',*,*,#1617,.T.);
#2272=ORIENTED_EDGE('',*,*,#1615,.F.);
#2273=ORIENTED_EDGE('',*,*,#1618,.T.);
#2274=ORIENTED_EDGE('',*,*,#1610,.T.);
#2275=ORIENTED_EDGE('',*,*,#1617,.F.);
#2276=ORIENTED_EDGE('',*,*,#1619,.F.);
#2277=ORIENTED_EDGE('',*,*,#1620,.F.);
#2278=ORIENTED_EDGE('',*,*,#1621,.F.);
#2279=ORIENTED_EDGE('',*,*,#1622,.F.);
#2280=ORIENTED_EDGE('',*,*,#1623,.T.);
#2281=ORIENTED_EDGE('',*,*,#1624,.T.);
#2282=ORIENTED_EDGE('',*,*,#1625,.T.);
#2283=ORIENTED_EDGE('',*,*,#1609,.F.);
#2284=ORIENTED_EDGE('',*,*,#1626,.F.);
#2285=ORIENTED_EDGE('',*,*,#1627,.T.);
#2286=ORIENTED_EDGE('',*,*,#1619,.T.);
#2287=ORIENTED_EDGE('',*,*,#1607,.F.);
#2288=ORIENTED_EDGE('',*,*,#1618,.F.);
#2289=ORIENTED_EDGE('',*,*,#1614,.F.);
#2290=ORIENTED_EDGE('',*,*,#1611,.F.);
#2291=ORIENTED_EDGE('',*,*,#1628,.T.);
#2292=ORIENTED_EDGE('',*,*,#1629,.T.);
#2293=ORIENTED_EDGE('',*,*,#1630,.T.);
#2294=ORIENTED_EDGE('',*,*,#1631,.F.);
#2295=ORIENTED_EDGE('',*,*,#1632,.T.);
#2296=ORIENTED_EDGE('',*,*,#1633,.T.);
#2297=ORIENTED_EDGE('',*,*,#1634,.T.);
#2298=ORIENTED_EDGE('',*,*,#1629,.F.);
#2299=ORIENTED_EDGE('',*,*,#1635,.T.);
#2300=ORIENTED_EDGE('',*,*,#1636,.T.);
#2301=ORIENTED_EDGE('',*,*,#1637,.T.);
#2302=ORIENTED_EDGE('',*,*,#1631,.T.);
#2303=ORIENTED_EDGE('',*,*,#1622,.T.);
#2304=ORIENTED_EDGE('',*,*,#1636,.F.);
#2305=ORIENTED_EDGE('',*,*,#1638,.T.);
#2306=ORIENTED_EDGE('',*,*,#1633,.F.);
#2307=ORIENTED_EDGE('',*,*,#1632,.F.);
#2308=ORIENTED_EDGE('',*,*,#1639,.T.);
#2309=ORIENTED_EDGE('',*,*,#1640,.F.);
#2310=ORIENTED_EDGE('',*,*,#1623,.F.);
#2311=ORIENTED_EDGE('',*,*,#1613,.F.);
#2312=ORIENTED_EDGE('',*,*,#1641,.F.);
#2313=ORIENTED_EDGE('',*,*,#1642,.F.);
#2314=ORIENTED_EDGE('',*,*,#1639,.F.);
#2315=ORIENTED_EDGE('',*,*,#1628,.F.);
#2316=ORIENTED_EDGE('',*,*,#1643,.T.);
#2317=ORIENTED_EDGE('',*,*,#1644,.T.);
#2318=ORIENTED_EDGE('',*,*,#1626,.T.);
#2319=ORIENTED_EDGE('',*,*,#1630,.F.);
#2320=ORIENTED_EDGE('',*,*,#1634,.F.);
#2321=ORIENTED_EDGE('',*,*,#1638,.F.);
#2322=ORIENTED_EDGE('',*,*,#1635,.F.);
#2323=ORIENTED_EDGE('',*,*,#1616,.F.);
#2324=ORIENTED_EDGE('',*,*,#1625,.F.);
#2325=ORIENTED_EDGE('',*,*,#1645,.T.);
#2326=ORIENTED_EDGE('',*,*,#1641,.T.);
#2327=ORIENTED_EDGE('',*,*,#1640,.T.);
#2328=ORIENTED_EDGE('',*,*,#1642,.T.);
#2329=ORIENTED_EDGE('',*,*,#1645,.F.);
#2330=ORIENTED_EDGE('',*,*,#1624,.F.);
#2331=ORIENTED_EDGE('',*,*,#1646,.T.);
#2332=ORIENTED_EDGE('',*,*,#1620,.T.);
#2333=ORIENTED_EDGE('',*,*,#1627,.F.);
#2334=ORIENTED_EDGE('',*,*,#1644,.F.);
#2335=ORIENTED_EDGE('',*,*,#1637,.F.);
#2336=ORIENTED_EDGE('',*,*,#1621,.T.);
#2337=ORIENTED_EDGE('',*,*,#1646,.F.);
#2338=ORIENTED_EDGE('',*,*,#1643,.F.);
#2339=ORIENTED_EDGE('',*,*,#1647,.T.);
#2340=ORIENTED_EDGE('',*,*,#1648,.T.);
#2341=ORIENTED_EDGE('',*,*,#1649,.T.);
#2342=ORIENTED_EDGE('',*,*,#1650,.F.);
#2343=ORIENTED_EDGE('',*,*,#1651,.T.);
#2344=ORIENTED_EDGE('',*,*,#1652,.T.);
#2345=ORIENTED_EDGE('',*,*,#1653,.T.);
#2346=ORIENTED_EDGE('',*,*,#1648,.F.);
#2347=ORIENTED_EDGE('',*,*,#1654,.T.);
#2348=ORIENTED_EDGE('',*,*,#1655,.T.);
#2349=ORIENTED_EDGE('',*,*,#1656,.T.);
#2350=ORIENTED_EDGE('',*,*,#1652,.F.);
#2351=ORIENTED_EDGE('',*,*,#1657,.T.);
#2352=ORIENTED_EDGE('',*,*,#1655,.F.);
#2353=ORIENTED_EDGE('',*,*,#1658,.T.);
#2354=ORIENTED_EDGE('',*,*,#1650,.T.);
#2355=ORIENTED_EDGE('',*,*,#1657,.F.);
#2356=ORIENTED_EDGE('',*,*,#1659,.F.);
#2357=ORIENTED_EDGE('',*,*,#1660,.F.);
#2358=ORIENTED_EDGE('',*,*,#1661,.F.);
#2359=ORIENTED_EDGE('',*,*,#1662,.F.);
#2360=ORIENTED_EDGE('',*,*,#1663,.T.);
#2361=ORIENTED_EDGE('',*,*,#1664,.T.);
#2362=ORIENTED_EDGE('',*,*,#1665,.T.);
#2363=ORIENTED_EDGE('',*,*,#1649,.F.);
#2364=ORIENTED_EDGE('',*,*,#1666,.F.);
#2365=ORIENTED_EDGE('',*,*,#1667,.T.);
#2366=ORIENTED_EDGE('',*,*,#1659,.T.);
#2367=ORIENTED_EDGE('',*,*,#1647,.F.);
#2368=ORIENTED_EDGE('',*,*,#1658,.F.);
#2369=ORIENTED_EDGE('',*,*,#1654,.F.);
#2370=ORIENTED_EDGE('',*,*,#1651,.F.);
#2371=ORIENTED_EDGE('',*,*,#1668,.T.);
#2372=ORIENTED_EDGE('',*,*,#1669,.T.);
#2373=ORIENTED_EDGE('',*,*,#1670,.T.);
#2374=ORIENTED_EDGE('',*,*,#1671,.F.);
#2375=ORIENTED_EDGE('',*,*,#1672,.T.);
#2376=ORIENTED_EDGE('',*,*,#1673,.T.);
#2377=ORIENTED_EDGE('',*,*,#1674,.T.);
#2378=ORIENTED_EDGE('',*,*,#1669,.F.);
#2379=ORIENTED_EDGE('',*,*,#1675,.T.);
#2380=ORIENTED_EDGE('',*,*,#1676,.T.);
#2381=ORIENTED_EDGE('',*,*,#1677,.T.);
#2382=ORIENTED_EDGE('',*,*,#1671,.T.);
#2383=ORIENTED_EDGE('',*,*,#1662,.T.);
#2384=ORIENTED_EDGE('',*,*,#1676,.F.);
#2385=ORIENTED_EDGE('',*,*,#1678,.T.);
#2386=ORIENTED_EDGE('',*,*,#1673,.F.);
#2387=ORIENTED_EDGE('',*,*,#1672,.F.);
#2388=ORIENTED_EDGE('',*,*,#1679,.T.);
#2389=ORIENTED_EDGE('',*,*,#1680,.F.);
#2390=ORIENTED_EDGE('',*,*,#1663,.F.);
#2391=ORIENTED_EDGE('',*,*,#1653,.F.);
#2392=ORIENTED_EDGE('',*,*,#1681,.F.);
#2393=ORIENTED_EDGE('',*,*,#1682,.F.);
#2394=ORIENTED_EDGE('',*,*,#1679,.F.);
#2395=ORIENTED_EDGE('',*,*,#1668,.F.);
#2396=ORIENTED_EDGE('',*,*,#1683,.T.);
#2397=ORIENTED_EDGE('',*,*,#1684,.T.);
#2398=ORIENTED_EDGE('',*,*,#1666,.T.);
#2399=ORIENTED_EDGE('',*,*,#1670,.F.);
#2400=ORIENTED_EDGE('',*,*,#1674,.F.);
#2401=ORIENTED_EDGE('',*,*,#1678,.F.);
#2402=ORIENTED_EDGE('',*,*,#1675,.F.);
#2403=ORIENTED_EDGE('',*,*,#1656,.F.);
#2404=ORIENTED_EDGE('',*,*,#1665,.F.);
#2405=ORIENTED_EDGE('',*,*,#1685,.T.);
#2406=ORIENTED_EDGE('',*,*,#1681,.T.);
#2407=ORIENTED_EDGE('',*,*,#1680,.T.);
#2408=ORIENTED_EDGE('',*,*,#1682,.T.);
#2409=ORIENTED_EDGE('',*,*,#1685,.F.);
#2410=ORIENTED_EDGE('',*,*,#1664,.F.);
#2411=ORIENTED_EDGE('',*,*,#1686,.T.);
#2412=ORIENTED_EDGE('',*,*,#1660,.T.);
#2413=ORIENTED_EDGE('',*,*,#1667,.F.);
#2414=ORIENTED_EDGE('',*,*,#1684,.F.);
#2415=ORIENTED_EDGE('',*,*,#1677,.F.);
#2416=ORIENTED_EDGE('',*,*,#1661,.T.);
#2417=ORIENTED_EDGE('',*,*,#1686,.F.);
#2418=ORIENTED_EDGE('',*,*,#1683,.F.);
#2419=ORIENTED_EDGE('',*,*,#1687,.T.);
#2420=ORIENTED_EDGE('',*,*,#1688,.T.);
#2421=ORIENTED_EDGE('',*,*,#1689,.T.);
#2422=ORIENTED_EDGE('',*,*,#1690,.F.);
#2423=ORIENTED_EDGE('',*,*,#1691,.T.);
#2424=ORIENTED_EDGE('',*,*,#1692,.T.);
#2425=ORIENTED_EDGE('',*,*,#1693,.T.);
#2426=ORIENTED_EDGE('',*,*,#1688,.F.);
#2427=ORIENTED_EDGE('',*,*,#1694,.T.);
#2428=ORIENTED_EDGE('',*,*,#1695,.T.);
#2429=ORIENTED_EDGE('',*,*,#1696,.T.);
#2430=ORIENTED_EDGE('',*,*,#1692,.F.);
#2431=ORIENTED_EDGE('',*,*,#1697,.T.);
#2432=ORIENTED_EDGE('',*,*,#1695,.F.);
#2433=ORIENTED_EDGE('',*,*,#1698,.T.);
#2434=ORIENTED_EDGE('',*,*,#1690,.T.);
#2435=ORIENTED_EDGE('',*,*,#1697,.F.);
#2436=ORIENTED_EDGE('',*,*,#1699,.F.);
#2437=ORIENTED_EDGE('',*,*,#1700,.F.);
#2438=ORIENTED_EDGE('',*,*,#1701,.F.);
#2439=ORIENTED_EDGE('',*,*,#1702,.F.);
#2440=ORIENTED_EDGE('',*,*,#1703,.T.);
#2441=ORIENTED_EDGE('',*,*,#1704,.T.);
#2442=ORIENTED_EDGE('',*,*,#1705,.T.);
#2443=ORIENTED_EDGE('',*,*,#1689,.F.);
#2444=ORIENTED_EDGE('',*,*,#1706,.F.);
#2445=ORIENTED_EDGE('',*,*,#1707,.T.);
#2446=ORIENTED_EDGE('',*,*,#1699,.T.);
#2447=ORIENTED_EDGE('',*,*,#1687,.F.);
#2448=ORIENTED_EDGE('',*,*,#1698,.F.);
#2449=ORIENTED_EDGE('',*,*,#1694,.F.);
#2450=ORIENTED_EDGE('',*,*,#1691,.F.);
#2451=ORIENTED_EDGE('',*,*,#1708,.T.);
#2452=ORIENTED_EDGE('',*,*,#1709,.T.);
#2453=ORIENTED_EDGE('',*,*,#1710,.T.);
#2454=ORIENTED_EDGE('',*,*,#1711,.F.);
#2455=ORIENTED_EDGE('',*,*,#1712,.T.);
#2456=ORIENTED_EDGE('',*,*,#1713,.T.);
#2457=ORIENTED_EDGE('',*,*,#1714,.T.);
#2458=ORIENTED_EDGE('',*,*,#1709,.F.);
#2459=ORIENTED_EDGE('',*,*,#1715,.T.);
#2460=ORIENTED_EDGE('',*,*,#1716,.T.);
#2461=ORIENTED_EDGE('',*,*,#1717,.T.);
#2462=ORIENTED_EDGE('',*,*,#1711,.T.);
#2463=ORIENTED_EDGE('',*,*,#1702,.T.);
#2464=ORIENTED_EDGE('',*,*,#1716,.F.);
#2465=ORIENTED_EDGE('',*,*,#1718,.T.);
#2466=ORIENTED_EDGE('',*,*,#1713,.F.);
#2467=ORIENTED_EDGE('',*,*,#1712,.F.);
#2468=ORIENTED_EDGE('',*,*,#1719,.T.);
#2469=ORIENTED_EDGE('',*,*,#1720,.F.);
#2470=ORIENTED_EDGE('',*,*,#1703,.F.);
#2471=ORIENTED_EDGE('',*,*,#1693,.F.);
#2472=ORIENTED_EDGE('',*,*,#1721,.F.);
#2473=ORIENTED_EDGE('',*,*,#1722,.F.);
#2474=ORIENTED_EDGE('',*,*,#1719,.F.);
#2475=ORIENTED_EDGE('',*,*,#1708,.F.);
#2476=ORIENTED_EDGE('',*,*,#1723,.T.);
#2477=ORIENTED_EDGE('',*,*,#1724,.T.);
#2478=ORIENTED_EDGE('',*,*,#1706,.T.);
#2479=ORIENTED_EDGE('',*,*,#1710,.F.);
#2480=ORIENTED_EDGE('',*,*,#1714,.F.);
#2481=ORIENTED_EDGE('',*,*,#1718,.F.);
#2482=ORIENTED_EDGE('',*,*,#1715,.F.);
#2483=ORIENTED_EDGE('',*,*,#1696,.F.);
#2484=ORIENTED_EDGE('',*,*,#1705,.F.);
#2485=ORIENTED_EDGE('',*,*,#1725,.T.);
#2486=ORIENTED_EDGE('',*,*,#1721,.T.);
#2487=ORIENTED_EDGE('',*,*,#1720,.T.);
#2488=ORIENTED_EDGE('',*,*,#1722,.T.);
#2489=ORIENTED_EDGE('',*,*,#1725,.F.);
#2490=ORIENTED_EDGE('',*,*,#1704,.F.);
#2491=ORIENTED_EDGE('',*,*,#1726,.T.);
#2492=ORIENTED_EDGE('',*,*,#1700,.T.);
#2493=ORIENTED_EDGE('',*,*,#1707,.F.);
#2494=ORIENTED_EDGE('',*,*,#1724,.F.);
#2495=ORIENTED_EDGE('',*,*,#1717,.F.);
#2496=ORIENTED_EDGE('',*,*,#1701,.T.);
#2497=ORIENTED_EDGE('',*,*,#1726,.F.);
#2498=ORIENTED_EDGE('',*,*,#1723,.F.);
#2499=PLANE('',#2789);
#2500=PLANE('',#2790);
#2501=PLANE('',#2791);
#2502=PLANE('',#2792);
#2503=PLANE('',#2793);
#2504=PLANE('',#2794);
#2505=PLANE('',#2795);
#2506=PLANE('',#2796);
#2507=PLANE('',#2797);
#2508=PLANE('',#2798);
#2509=PLANE('',#2799);
#2510=PLANE('',#2800);
#2511=PLANE('',#2801);
#2512=PLANE('',#2802);
#2513=PLANE('',#2803);
#2514=PLANE('',#2804);
#2515=PLANE('',#2805);
#2516=PLANE('',#2806);
#2517=PLANE('',#2807);
#2518=PLANE('',#2808);
#2519=PLANE('',#2809);
#2520=PLANE('',#2810);
#2521=PLANE('',#2811);
#2522=PLANE('',#2812);
#2523=PLANE('',#2813);
#2524=PLANE('',#2814);
#2525=PLANE('',#2815);
#2526=PLANE('',#2816);
#2527=PLANE('',#2817);
#2528=PLANE('',#2818);
#2529=PLANE('',#2819);
#2530=PLANE('',#2820);
#2531=PLANE('',#2821);
#2532=PLANE('',#2822);
#2533=PLANE('',#2823);
#2534=PLANE('',#2824);
#2535=PLANE('',#2825);
#2536=PLANE('',#2826);
#2537=PLANE('',#2827);
#2538=PLANE('',#2828);
#2539=PLANE('',#2829);
#2540=PLANE('',#2830);
#2541=PLANE('',#2831);
#2542=PLANE('',#2832);
#2543=PLANE('',#2833);
#2544=PLANE('',#2834);
#2545=PLANE('',#2835);
#2546=PLANE('',#2836);
#2547=PLANE('',#2837);
#2548=PLANE('',#2838);
#2549=PLANE('',#2839);
#2550=PLANE('',#2840);
#2551=PLANE('',#2841);
#2552=PLANE('',#2842);
#2553=PLANE('',#2843);
#2554=PLANE('',#2844);
#2555=PLANE('',#2845);
#2556=PLANE('',#2846);
#2557=PLANE('',#2847);
#2558=PLANE('',#2848);
#2559=PLANE('',#2849);
#2560=PLANE('',#2850);
#2561=PLANE('',#2851);
#2562=PLANE('',#2852);
#2563=PLANE('',#2853);
#2564=PLANE('',#2854);
#2565=PLANE('',#2855);
#2566=PLANE('',#2856);
#2567=PLANE('',#2857);
#2568=PLANE('',#2858);
#2569=PLANE('',#2859);
#2570=PLANE('',#2860);
#2571=PLANE('',#2861);
#2572=PLANE('',#2862);
#2573=PLANE('',#2863);
#2574=PLANE('',#2864);
#2575=PLANE('',#2865);
#2576=PLANE('',#2866);
#2577=PLANE('',#2867);
#2578=PLANE('',#2870);
#2579=PLANE('',#2871);
#2580=PLANE('',#2872);
#2581=PLANE('',#2873);
#2582=PLANE('',#2874);
#2583=PLANE('',#2875);
#2584=PLANE('',#2876);
#2585=PLANE('',#2877);
#2586=PLANE('',#2880);
#2587=PLANE('',#2881);
#2588=PLANE('',#2884);
#2589=PLANE('',#2885);
#2590=PLANE('',#2886);
#2591=PLANE('',#2887);
#2592=PLANE('',#2888);
#2593=PLANE('',#2889);
#2594=PLANE('',#2892);
#2595=PLANE('',#2893);
#2596=PLANE('',#2894);
#2597=PLANE('',#2895);
#2598=PLANE('',#2896);
#2599=PLANE('',#2897);
#2600=PLANE('',#2898);
#2601=PLANE('',#2899);
#2602=PLANE('',#2902);
#2603=PLANE('',#2903);
#2604=PLANE('',#2906);
#2605=PLANE('',#2907);
#2606=PLANE('',#2908);
#2607=PLANE('',#2909);
#2608=PLANE('',#2910);
#2609=PLANE('',#2911);
#2610=PLANE('',#2914);
#2611=PLANE('',#2915);
#2612=PLANE('',#2916);
#2613=PLANE('',#2917);
#2614=PLANE('',#2918);
#2615=PLANE('',#2919);
#2616=PLANE('',#2920);
#2617=PLANE('',#2921);
#2618=PLANE('',#2924);
#2619=PLANE('',#2925);
#2620=PLANE('',#2928);
#2621=PLANE('',#2929);
#2622=PLANE('',#2930);
#2623=PLANE('',#2931);
#2624=PLANE('',#2932);
#2625=PLANE('',#2933);
#2626=PLANE('',#2936);
#2627=PLANE('',#2937);
#2628=PLANE('',#2938);
#2629=PLANE('',#2939);
#2630=PLANE('',#2940);
#2631=PLANE('',#2941);
#2632=PLANE('',#2942);
#2633=PLANE('',#2943);
#2634=PLANE('',#2946);
#2635=PLANE('',#2947);
#2636=PLANE('',#2950);
#2637=ADVANCED_FACE('',(#55),#2499,.F.);
#2638=ADVANCED_FACE('',(#56),#2500,.F.);
#2639=ADVANCED_FACE('',(#57),#2501,.F.);
#2640=ADVANCED_FACE('',(#58),#2502,.F.);
#2641=ADVANCED_FACE('',(#59),#2503,.F.);
#2642=ADVANCED_FACE('',(#60),#2504,.F.);
#2643=ADVANCED_FACE('',(#61),#2505,.T.);
#2644=ADVANCED_FACE('',(#62),#2506,.T.);
#2645=ADVANCED_FACE('',(#63),#2507,.T.);
#2646=ADVANCED_FACE('',(#64),#2508,.F.);
#2647=ADVANCED_FACE('',(#65),#2509,.T.);
#2648=ADVANCED_FACE('',(#66),#2510,.T.);
#2649=ADVANCED_FACE('',(#67),#2511,.T.);
#2650=ADVANCED_FACE('',(#68),#2512,.T.);
#2651=ADVANCED_FACE('',(#69),#2513,.T.);
#2652=ADVANCED_FACE('',(#70,#47),#2514,.F.);
#2653=ADVANCED_FACE('',(#71),#2515,.T.);
#2654=ADVANCED_FACE('',(#72),#2516,.F.);
#2655=ADVANCED_FACE('',(#73),#2517,.F.);
#2656=ADVANCED_FACE('',(#74),#2518,.F.);
#2657=ADVANCED_FACE('',(#75),#2519,.F.);
#2658=ADVANCED_FACE('',(#76),#2520,.F.);
#2659=ADVANCED_FACE('',(#77),#2521,.F.);
#2660=ADVANCED_FACE('',(#78),#2522,.F.);
#2661=ADVANCED_FACE('',(#79),#2523,.F.);
#2662=ADVANCED_FACE('',(#80),#2524,.F.);
#2663=ADVANCED_FACE('',(#81),#2525,.F.);
#2664=ADVANCED_FACE('',(#82),#2526,.F.);
#2665=ADVANCED_FACE('',(#83,#48),#2527,.F.);
#2666=ADVANCED_FACE('',(#84),#2528,.F.);
#2667=ADVANCED_FACE('',(#85),#2529,.T.);
#2668=ADVANCED_FACE('',(#86),#2530,.T.);
#2669=ADVANCED_FACE('',(#87),#2531,.T.);
#2670=ADVANCED_FACE('',(#88),#2532,.T.);
#2671=ADVANCED_FACE('',(#89),#2533,.T.);
#2672=ADVANCED_FACE('',(#90),#2534,.F.);
#2673=ADVANCED_FACE('',(#91),#2535,.F.);
#2674=ADVANCED_FACE('',(#92),#2536,.T.);
#2675=ADVANCED_FACE('',(#93),#2537,.F.);
#2676=ADVANCED_FACE('',(#94),#2538,.F.);
#2677=ADVANCED_FACE('',(#95),#2539,.F.);
#2678=ADVANCED_FACE('',(#96),#2540,.F.);
#2679=ADVANCED_FACE('',(#97),#2541,.F.);
#2680=ADVANCED_FACE('',(#98,#49),#2542,.F.);
#2681=ADVANCED_FACE('',(#99),#2543,.F.);
#2682=ADVANCED_FACE('',(#100),#2544,.T.);
#2683=ADVANCED_FACE('',(#101),#2545,.F.);
#2684=ADVANCED_FACE('',(#102),#2546,.F.);
#2685=ADVANCED_FACE('',(#103),#2547,.F.);
#2686=ADVANCED_FACE('',(#104),#2548,.F.);
#2687=ADVANCED_FACE('',(#105),#2549,.F.);
#2688=ADVANCED_FACE('',(#106,#50),#2550,.F.);
#2689=ADVANCED_FACE('',(#107),#2551,.F.);
#2690=ADVANCED_FACE('',(#108),#2552,.T.);
#2691=ADVANCED_FACE('',(#109),#2553,.F.);
#2692=ADVANCED_FACE('',(#110),#2554,.F.);
#2693=ADVANCED_FACE('',(#111),#2555,.F.);
#2694=ADVANCED_FACE('',(#112),#2556,.F.);
#2695=ADVANCED_FACE('',(#113),#2557,.F.);
#2696=ADVANCED_FACE('',(#114),#2558,.F.);
#2697=ADVANCED_FACE('',(#115),#2559,.F.);
#2698=ADVANCED_FACE('',(#116),#2560,.F.);
#2699=ADVANCED_FACE('',(#117),#2561,.F.);
#2700=ADVANCED_FACE('',(#118),#2562,.F.);
#2701=ADVANCED_FACE('',(#119),#2563,.F.);
#2702=ADVANCED_FACE('',(#120),#2564,.T.);
#2703=ADVANCED_FACE('',(#121,#51,#52,#53,#54),#2565,.F.);
#2704=ADVANCED_FACE('',(#122),#2566,.F.);
#2705=ADVANCED_FACE('',(#123),#2567,.F.);
#2706=ADVANCED_FACE('',(#124),#2568,.T.);
#2707=ADVANCED_FACE('',(#125),#2569,.T.);
#2708=ADVANCED_FACE('',(#126),#2570,.T.);
#2709=ADVANCED_FACE('',(#127),#2571,.T.);
#2710=ADVANCED_FACE('',(#128),#2572,.T.);
#2711=ADVANCED_FACE('',(#129),#2573,.T.);
#2712=ADVANCED_FACE('',(#130),#2574,.T.);
#2713=ADVANCED_FACE('',(#131),#2575,.T.);
#2714=ADVANCED_FACE('',(#132),#2576,.T.);
#2715=ADVANCED_FACE('',(#133),#2577,.T.);
#2716=ADVANCED_FACE('',(#134),#2578,.T.);
#2717=ADVANCED_FACE('',(#135),#2579,.F.);
#2718=ADVANCED_FACE('',(#136),#2580,.T.);
#2719=ADVANCED_FACE('',(#137),#2581,.T.);
#2720=ADVANCED_FACE('',(#138),#2582,.T.);
#2721=ADVANCED_FACE('',(#139),#2583,.T.);
#2722=ADVANCED_FACE('',(#140),#2584,.T.);
#2723=ADVANCED_FACE('',(#141),#2585,.T.);
#2724=ADVANCED_FACE('',(#142),#2586,.T.);
#2725=ADVANCED_FACE('',(#143),#2587,.T.);
#2726=ADVANCED_FACE('',(#144),#13,.F.);
#2727=ADVANCED_FACE('',(#145),#14,.T.);
#2728=ADVANCED_FACE('',(#146),#2588,.T.);
#2729=ADVANCED_FACE('',(#147),#2589,.T.);
#2730=ADVANCED_FACE('',(#148),#2590,.T.);
#2731=ADVANCED_FACE('',(#149),#2591,.T.);
#2732=ADVANCED_FACE('',(#150),#2592,.T.);
#2733=ADVANCED_FACE('',(#151),#2593,.T.);
#2734=ADVANCED_FACE('',(#152),#2594,.T.);
#2735=ADVANCED_FACE('',(#153),#2595,.F.);
#2736=ADVANCED_FACE('',(#154),#2596,.T.);
#2737=ADVANCED_FACE('',(#155),#2597,.T.);
#2738=ADVANCED_FACE('',(#156),#2598,.T.);
#2739=ADVANCED_FACE('',(#157),#2599,.T.);
#2740=ADVANCED_FACE('',(#158),#2600,.T.);
#2741=ADVANCED_FACE('',(#159),#2601,.T.);
#2742=ADVANCED_FACE('',(#160),#2602,.T.);
#2743=ADVANCED_FACE('',(#161),#2603,.T.);
#2744=ADVANCED_FACE('',(#162),#15,.F.);
#2745=ADVANCED_FACE('',(#163),#16,.T.);
#2746=ADVANCED_FACE('',(#164),#2604,.T.);
#2747=ADVANCED_FACE('',(#165),#2605,.T.);
#2748=ADVANCED_FACE('',(#166),#2606,.T.);
#2749=ADVANCED_FACE('',(#167),#2607,.T.);
#2750=ADVANCED_FACE('',(#168),#2608,.T.);
#2751=ADVANCED_FACE('',(#169),#2609,.T.);
#2752=ADVANCED_FACE('',(#170),#2610,.T.);
#2753=ADVANCED_FACE('',(#171),#2611,.F.);
#2754=ADVANCED_FACE('',(#172),#2612,.T.);
#2755=ADVANCED_FACE('',(#173),#2613,.T.);
#2756=ADVANCED_FACE('',(#174),#2614,.T.);
#2757=ADVANCED_FACE('',(#175),#2615,.T.);
#2758=ADVANCED_FACE('',(#176),#2616,.T.);
#2759=ADVANCED_FACE('',(#177),#2617,.T.);
#2760=ADVANCED_FACE('',(#178),#2618,.T.);
#2761=ADVANCED_FACE('',(#179),#2619,.T.);
#2762=ADVANCED_FACE('',(#180),#17,.F.);
#2763=ADVANCED_FACE('',(#181),#18,.T.);
#2764=ADVANCED_FACE('',(#182),#2620,.T.);
#2765=ADVANCED_FACE('',(#183),#2621,.T.);
#2766=ADVANCED_FACE('',(#184),#2622,.T.);
#2767=ADVANCED_FACE('',(#185),#2623,.T.);
#2768=ADVANCED_FACE('',(#186),#2624,.T.);
#2769=ADVANCED_FACE('',(#187),#2625,.T.);
#2770=ADVANCED_FACE('',(#188),#2626,.T.);
#2771=ADVANCED_FACE('',(#189),#2627,.F.);
#2772=ADVANCED_FACE('',(#190),#2628,.T.);
#2773=ADVANCED_FACE('',(#191),#2629,.T.);
#2774=ADVANCED_FACE('',(#192),#2630,.T.);
#2775=ADVANCED_FACE('',(#193),#2631,.T.);
#2776=ADVANCED_FACE('',(#194),#2632,.T.);
#2777=ADVANCED_FACE('',(#195),#2633,.T.);
#2778=ADVANCED_FACE('',(#196),#2634,.T.);
#2779=ADVANCED_FACE('',(#197),#2635,.T.);
#2780=ADVANCED_FACE('',(#198),#19,.F.);
#2781=ADVANCED_FACE('',(#199),#20,.T.);
#2782=ADVANCED_FACE('',(#200),#2636,.T.);
#2783=CLOSED_SHELL('',(#2637,#2638,#2639,#2640,#2641,#2642,#2643,#2644,
#2645,#2646,#2647,#2648,#2649,#2650,#2651,#2652,#2653,#2654,#2655,#2656,
#2657,#2658,#2659,#2660,#2661,#2662,#2663,#2664,#2665,#2666,#2667,#2668,
#2669,#2670,#2671,#2672,#2673,#2674,#2675,#2676,#2677,#2678,#2679,#2680,
#2681,#2682,#2683,#2684,#2685,#2686,#2687,#2688,#2689,#2690,#2691,#2692,
#2693,#2694,#2695,#2696,#2697,#2698,#2699,#2700,#2701,#2702,#2703,#2704,
#2705,#2706,#2707,#2708,#2709,#2710));
#2784=CLOSED_SHELL('',(#2711,#2712,#2713,#2714,#2715,#2716,#2717,#2718,
#2719,#2720,#2721,#2722,#2723,#2724,#2725,#2726,#2727,#2728));
#2785=CLOSED_SHELL('',(#2729,#2730,#2731,#2732,#2733,#2734,#2735,#2736,
#2737,#2738,#2739,#2740,#2741,#2742,#2743,#2744,#2745,#2746));
#2786=CLOSED_SHELL('',(#2747,#2748,#2749,#2750,#2751,#2752,#2753,#2754,
#2755,#2756,#2757,#2758,#2759,#2760,#2761,#2762,#2763,#2764));
#2787=CLOSED_SHELL('',(#2765,#2766,#2767,#2768,#2769,#2770,#2771,#2772,
#2773,#2774,#2775,#2776,#2777,#2778,#2779,#2780,#2781,#2782));
#2788=AXIS2_PLACEMENT_3D('placement',#3647,#2951,#2952);
#2789=AXIS2_PLACEMENT_3D('',#3648,#2953,#2954);
#2790=AXIS2_PLACEMENT_3D('',#3657,#2959,#2960);
#2791=AXIS2_PLACEMENT_3D('',#3663,#2964,#2965);
#2792=AXIS2_PLACEMENT_3D('',#3669,#2969,#2970);
#2793=AXIS2_PLACEMENT_3D('',#3678,#2975,#2976);
#2794=AXIS2_PLACEMENT_3D('',#3684,#2980,#2981);
#2795=AXIS2_PLACEMENT_3D('',#3690,#2985,#2986);
#2796=AXIS2_PLACEMENT_3D('',#3704,#2994,#2995);
#2797=AXIS2_PLACEMENT_3D('',#3712,#3000,#3001);
#2798=AXIS2_PLACEMENT_3D('',#3722,#3007,#3008);
#2799=AXIS2_PLACEMENT_3D('',#3734,#3015,#3016);
#2800=AXIS2_PLACEMENT_3D('',#3740,#3020,#3021);
#2801=AXIS2_PLACEMENT_3D('',#3753,#3028,#3029);
#2802=AXIS2_PLACEMENT_3D('',#3759,#3033,#3034);
#2803=AXIS2_PLACEMENT_3D('',#3769,#3040,#3041);
#2804=AXIS2_PLACEMENT_3D('',#3778,#3047,#3048);
#2805=AXIS2_PLACEMENT_3D('',#3794,#3057,#3058);
#2806=AXIS2_PLACEMENT_3D('',#3832,#3079,#3080);
#2807=AXIS2_PLACEMENT_3D('',#3839,#3085,#3086);
#2808=AXIS2_PLACEMENT_3D('',#3845,#3090,#3091);
#2809=AXIS2_PLACEMENT_3D('',#3854,#3096,#3097);
#2810=AXIS2_PLACEMENT_3D('',#3858,#3100,#3101);
#2811=AXIS2_PLACEMENT_3D('',#3861,#3104,#3105);
#2812=AXIS2_PLACEMENT_3D('',#3865,#3108,#3109);
#2813=AXIS2_PLACEMENT_3D('',#3867,#3111,#3112);
#2814=AXIS2_PLACEMENT_3D('',#3877,#3118,#3119);
#2815=AXIS2_PLACEMENT_3D('',#3882,#3123,#3124);
#2816=AXIS2_PLACEMENT_3D('',#3886,#3127,#3128);
#2817=AXIS2_PLACEMENT_3D('',#3893,#3133,#3134);
#2818=AXIS2_PLACEMENT_3D('',#3907,#3142,#3143);
#2819=AXIS2_PLACEMENT_3D('',#3909,#3145,#3146);
#2820=AXIS2_PLACEMENT_3D('',#3918,#3151,#3152);
#2821=AXIS2_PLACEMENT_3D('',#3927,#3157,#3158);
#2822=AXIS2_PLACEMENT_3D('',#3933,#3162,#3163);
#2823=AXIS2_PLACEMENT_3D('',#3936,#3166,#3167);
#2824=AXIS2_PLACEMENT_3D('',#3941,#3171,#3172);
#2825=AXIS2_PLACEMENT_3D('',#3945,#3175,#3176);
#2826=AXIS2_PLACEMENT_3D('',#3947,#3178,#3179);
#2827=AXIS2_PLACEMENT_3D('',#3951,#3182,#3183);
#2828=AXIS2_PLACEMENT_3D('',#3957,#3187,#3188);
#2829=AXIS2_PLACEMENT_3D('',#3961,#3191,#3192);
#2830=AXIS2_PLACEMENT_3D('',#3965,#3195,#3196);
#2831=AXIS2_PLACEMENT_3D('',#3967,#3198,#3199);
#2832=AXIS2_PLACEMENT_3D('',#3973,#3203,#3204);
#2833=AXIS2_PLACEMENT_3D('',#3985,#3211,#3212);
#2834=AXIS2_PLACEMENT_3D('',#3987,#3214,#3215);
#2835=AXIS2_PLACEMENT_3D('',#3991,#3218,#3219);
#2836=AXIS2_PLACEMENT_3D('',#3997,#3223,#3224);
#2837=AXIS2_PLACEMENT_3D('',#4001,#3227,#3228);
#2838=AXIS2_PLACEMENT_3D('',#4005,#3231,#3232);
#2839=AXIS2_PLACEMENT_3D('',#4007,#3234,#3235);
#2840=AXIS2_PLACEMENT_3D('',#4013,#3239,#3240);
#2841=AXIS2_PLACEMENT_3D('',#4025,#3247,#3248);
#2842=AXIS2_PLACEMENT_3D('',#4027,#3250,#3251);
#2843=AXIS2_PLACEMENT_3D('',#4031,#3254,#3255);
#2844=AXIS2_PLACEMENT_3D('',#4037,#3259,#3260);
#2845=AXIS2_PLACEMENT_3D('',#4041,#3263,#3264);
#2846=AXIS2_PLACEMENT_3D('',#4045,#3267,#3268);
#2847=AXIS2_PLACEMENT_3D('',#4047,#3270,#3271);
#2848=AXIS2_PLACEMENT_3D('',#4049,#3273,#3274);
#2849=AXIS2_PLACEMENT_3D('',#4053,#3277,#3278);
#2850=AXIS2_PLACEMENT_3D('',#4060,#3283,#3284);
#2851=AXIS2_PLACEMENT_3D('',#4066,#3288,#3289);
#2852=AXIS2_PLACEMENT_3D('',#4070,#3292,#3293);
#2853=AXIS2_PLACEMENT_3D('',#4074,#3296,#3297);
#2854=AXIS2_PLACEMENT_3D('',#4076,#3299,#3300);
#2855=AXIS2_PLACEMENT_3D('',#4079,#3303,#3304);
#2856=AXIS2_PLACEMENT_3D('',#4080,#3305,#3306);
#2857=AXIS2_PLACEMENT_3D('',#4084,#3309,#3310);
#2858=AXIS2_PLACEMENT_3D('',#4088,#3313,#3314);
#2859=AXIS2_PLACEMENT_3D('',#4093,#3318,#3319);
#2860=AXIS2_PLACEMENT_3D('',#4095,#3321,#3322);
#2861=AXIS2_PLACEMENT_3D('',#4096,#3323,#3324);
#2862=AXIS2_PLACEMENT_3D('',#4097,#3325,#3326);
#2863=AXIS2_PLACEMENT_3D('',#4098,#3327,#3328);
#2864=AXIS2_PLACEMENT_3D('',#4107,#3333,#3334);
#2865=AXIS2_PLACEMENT_3D('',#4113,#3338,#3339);
#2866=AXIS2_PLACEMENT_3D('',#4119,#3343,#3344);
#2867=AXIS2_PLACEMENT_3D('',#4122,#3347,#3348);
#2868=AXIS2_PLACEMENT_3D('',#4126,#3350,#3351);
#2869=AXIS2_PLACEMENT_3D('',#4134,#3355,#3356);
#2870=AXIS2_PLACEMENT_3D('',#4136,#3358,#3359);
#2871=AXIS2_PLACEMENT_3D('',#4140,#3362,#3363);
#2872=AXIS2_PLACEMENT_3D('',#4141,#3364,#3365);
#2873=AXIS2_PLACEMENT_3D('',#4150,#3370,#3371);
#2874=AXIS2_PLACEMENT_3D('',#4155,#3375,#3376);
#2875=AXIS2_PLACEMENT_3D('',#4160,#3380,#3381);
#2876=AXIS2_PLACEMENT_3D('',#4162,#3383,#3384);
#2877=AXIS2_PLACEMENT_3D('',#4166,#3387,#3388);
#2878=AXIS2_PLACEMENT_3D('',#4169,#3390,#3391);
#2879=AXIS2_PLACEMENT_3D('',#4172,#3393,#3394);
#2880=AXIS2_PLACEMENT_3D('',#4173,#3395,#3396);
#2881=AXIS2_PLACEMENT_3D('',#4174,#3397,#3398);
#2882=AXIS2_PLACEMENT_3D('',#4176,#3400,#3401);
#2883=AXIS2_PLACEMENT_3D('',#4177,#3402,#3403);
#2884=AXIS2_PLACEMENT_3D('',#4179,#3405,#3406);
#2885=AXIS2_PLACEMENT_3D('',#4180,#3407,#3408);
#2886=AXIS2_PLACEMENT_3D('',#4189,#3413,#3414);
#2887=AXIS2_PLACEMENT_3D('',#4195,#3418,#3419);
#2888=AXIS2_PLACEMENT_3D('',#4201,#3423,#3424);
#2889=AXIS2_PLACEMENT_3D('',#4204,#3427,#3428);
#2890=AXIS2_PLACEMENT_3D('',#4208,#3430,#3431);
#2891=AXIS2_PLACEMENT_3D('',#4216,#3435,#3436);
#2892=AXIS2_PLACEMENT_3D('',#4218,#3438,#3439);
#2893=AXIS2_PLACEMENT_3D('',#4222,#3442,#3443);
#2894=AXIS2_PLACEMENT_3D('',#4223,#3444,#3445);
#2895=AXIS2_PLACEMENT_3D('',#4232,#3450,#3451);
#2896=AXIS2_PLACEMENT_3D('',#4237,#3455,#3456);
#2897=AXIS2_PLACEMENT_3D('',#4242,#3460,#3461);
#2898=AXIS2_PLACEMENT_3D('',#4244,#3463,#3464);
#2899=AXIS2_PLACEMENT_3D('',#4248,#3467,#3468);
#2900=AXIS2_PLACEMENT_3D('',#4251,#3470,#3471);
#2901=AXIS2_PLACEMENT_3D('',#4254,#3473,#3474);
#2902=AXIS2_PLACEMENT_3D('',#4255,#3475,#3476);
#2903=AXIS2_PLACEMENT_3D('',#4256,#3477,#3478);
#2904=AXIS2_PLACEMENT_3D('',#4258,#3480,#3481);
#2905=AXIS2_PLACEMENT_3D('',#4259,#3482,#3483);
#2906=AXIS2_PLACEMENT_3D('',#4261,#3485,#3486);
#2907=AXIS2_PLACEMENT_3D('',#4262,#3487,#3488);
#2908=AXIS2_PLACEMENT_3D('',#4271,#3493,#3494);
#2909=AXIS2_PLACEMENT_3D('',#4277,#3498,#3499);
#2910=AXIS2_PLACEMENT_3D('',#4283,#3503,#3504);
#2911=AXIS2_PLACEMENT_3D('',#4286,#3507,#3508);
#2912=AXIS2_PLACEMENT_3D('',#4290,#3510,#3511);
#2913=AXIS2_PLACEMENT_3D('',#4298,#3515,#3516);
#2914=AXIS2_PLACEMENT_3D('',#4300,#3518,#3519);
#2915=AXIS2_PLACEMENT_3D('',#4304,#3522,#3523);
#2916=AXIS2_PLACEMENT_3D('',#4305,#3524,#3525);
#2917=AXIS2_PLACEMENT_3D('',#4314,#3530,#3531);
#2918=AXIS2_PLACEMENT_3D('',#4319,#3535,#3536);
#2919=AXIS2_PLACEMENT_3D('',#4324,#3540,#3541);
#2920=AXIS2_PLACEMENT_3D('',#4326,#3543,#3544);
#2921=AXIS2_PLACEMENT_3D('',#4330,#3547,#3548);
#2922=AXIS2_PLACEMENT_3D('',#4333,#3550,#3551);
#2923=AXIS2_PLACEMENT_3D('',#4336,#3553,#3554);
#2924=AXIS2_PLACEMENT_3D('',#4337,#3555,#3556);
#2925=AXIS2_PLACEMENT_3D('',#4338,#3557,#3558);
#2926=AXIS2_PLACEMENT_3D('',#4340,#3560,#3561);
#2927=AXIS2_PLACEMENT_3D('',#4341,#3562,#3563);
#2928=AXIS2_PLACEMENT_3D('',#4343,#3565,#3566);
#2929=AXIS2_PLACEMENT_3D('',#4344,#3567,#3568);
#2930=AXIS2_PLACEMENT_3D('',#4353,#3573,#3574);
#2931=AXIS2_PLACEMENT_3D('',#4359,#3578,#3579);
#2932=AXIS2_PLACEMENT_3D('',#4365,#3583,#3584);
#2933=AXIS2_PLACEMENT_3D('',#4368,#3587,#3588);
#2934=AXIS2_PLACEMENT_3D('',#4372,#3590,#3591);
#2935=AXIS2_PLACEMENT_3D('',#4380,#3595,#3596);
#2936=AXIS2_PLACEMENT_3D('',#4382,#3598,#3599);
#2937=AXIS2_PLACEMENT_3D('',#4386,#3602,#3603);
#2938=AXIS2_PLACEMENT_3D('',#4387,#3604,#3605);
#2939=AXIS2_PLACEMENT_3D('',#4396,#3610,#3611);
#2940=AXIS2_PLACEMENT_3D('',#4401,#3615,#3616);
#2941=AXIS2_PLACEMENT_3D('',#4406,#3620,#3621);
#2942=AXIS2_PLACEMENT_3D('',#4408,#3623,#3624);
#2943=AXIS2_PLACEMENT_3D('',#4412,#3627,#3628);
#2944=AXIS2_PLACEMENT_3D('',#4415,#3630,#3631);
#2945=AXIS2_PLACEMENT_3D('',#4418,#3633,#3634);
#2946=AXIS2_PLACEMENT_3D('',#4419,#3635,#3636);
#2947=AXIS2_PLACEMENT_3D('',#4420,#3637,#3638);
#2948=AXIS2_PLACEMENT_3D('',#4422,#3640,#3641);
#2949=AXIS2_PLACEMENT_3D('',#4423,#3642,#3643);
#2950=AXIS2_PLACEMENT_3D('',#4425,#3645,#3646);
#2951=DIRECTION('axis',(0.,0.,1.));
#2952=DIRECTION('refdir',(1.,0.,0.));
#2953=DIRECTION('center_axis',(0.,-1.,1.38777878078145E-16));
#2954=DIRECTION('ref_axis',(0.,1.38777878078145E-16,1.));
#2955=DIRECTION('',(0.,-1.38777878078145E-16,-1.));
#2956=DIRECTION('',(-1.,0.,0.));
#2957=DIRECTION('',(0.,1.38777878078145E-16,1.));
#2958=DIRECTION('',(-1.,0.,0.));
#2959=DIRECTION('center_axis',(0.,0.,-1.));
#2960=DIRECTION('ref_axis',(0.,-1.,0.));
#2961=DIRECTION('',(0.,1.,0.));
#2962=DIRECTION('',(0.,-1.,0.));
#2963=DIRECTION('',(-1.,0.,0.));
#2964=DIRECTION('center_axis',(0.,1.,0.));
#2965=DIRECTION('ref_axis',(0.,0.,-1.));
#2966=DIRECTION('',(0.,0.,1.));
#2967=DIRECTION('',(0.,0.,-1.));
#2968=DIRECTION('',(1.,0.,0.));
#2969=DIRECTION('center_axis',(0.,1.,0.));
#2970=DIRECTION('ref_axis',(0.,0.,-1.));
#2971=DIRECTION('',(0.,0.,-1.));
#2972=DIRECTION('',(1.,0.,0.));
#2973=DIRECTION('',(0.,0.,1.));
#2974=DIRECTION('',(-1.,0.,0.));
#2975=DIRECTION('center_axis',(0.,0.,-1.));
#2976=DIRECTION('ref_axis',(0.,-1.,0.));
#2977=DIRECTION('',(0.,-1.,0.));
#2978=DIRECTION('',(0.,1.,0.));
#2979=DIRECTION('',(-1.,0.,0.));
#2980=DIRECTION('center_axis',(0.,-1.,1.38777878078145E-16));
#2981=DIRECTION('ref_axis',(0.,1.38777878078145E-16,1.));
#2982=DIRECTION('',(0.,1.38777878078145E-16,1.));
#2983=DIRECTION('',(0.,-1.38777878078145E-16,-1.));
#2984=DIRECTION('',(-1.,0.,0.));
#2985=DIRECTION('center_axis',(-1.,0.,0.));
#2986=DIRECTION('ref_axis',(0.,0.,1.));
#2987=DIRECTION('',(0.,1.,-9.62964972193618E-33));
#2988=DIRECTION('',(0.,2.77555756156289E-16,-1.));
#2989=DIRECTION('',(0.,-1.,-3.70074341541719E-15));
#2990=DIRECTION('',(0.,-0.447213595499963,-0.894427190999913));
#2991=DIRECTION('',(0.,-1.,-5.32907051820075E-15));
#2992=DIRECTION('',(0.,1.83697019872103E-16,1.));
#2993=DIRECTION('',(0.,1.,-9.62964972193618E-33));
#2994=DIRECTION('center_axis',(0.,9.62964972193618E-33,1.));
#2995=DIRECTION('ref_axis',(0.,-1.,9.62964972193618E-33));
#2996=DIRECTION('',(0.,1.,-9.62964972193618E-33));
#2997=DIRECTION('',(1.,0.,0.));
#2998=DIRECTION('',(-5.34552942018439E-48,1.,-9.62964972193618E-33));
#2999=DIRECTION('',(1.,0.,0.));
#3000=DIRECTION('center_axis',(0.,9.62964972193618E-33,1.));
#3001=DIRECTION('ref_axis',(0.,-1.,9.62964972193618E-33));
#3002=DIRECTION('',(0.,-1.,9.62964972193618E-33));
#3003=DIRECTION('',(1.,0.,0.));
#3004=DIRECTION('',(-5.34552942018439E-48,-1.,9.62964972193618E-33));
#3005=DIRECTION('',(1.,0.,0.));
#3006=DIRECTION('',(0.,-1.,9.62964972193618E-33));
#3007=DIRECTION('center_axis',(1.,0.,0.));
#3008=DIRECTION('ref_axis',(0.,0.,-1.));
#3009=DIRECTION('',(0.,2.77555756156289E-16,-1.));
#3010=DIRECTION('',(0.,-1.,0.));
#3011=DIRECTION('',(0.,0.,-1.));
#3012=DIRECTION('',(0.,-1.,-3.70074341541719E-15));
#3013=DIRECTION('',(0.,0.,1.));
#3014=DIRECTION('',(0.,-1.,9.62964972193618E-33));
#3015=DIRECTION('center_axis',(1.,0.,-5.55111512312578E-16));
#3016=DIRECTION('ref_axis',(5.55111512312578E-16,-1.58603289232165E-16,
1.));
#3017=DIRECTION('',(5.55111512312578E-16,-2.77555756156289E-16,1.));
#3018=DIRECTION('',(0.,-1.,0.));
#3019=DIRECTION('',(-5.55111512312578E-16,2.77555756156289E-16,-1.));
#3020=DIRECTION('center_axis',(0.,0.,-1.));
#3021=DIRECTION('ref_axis',(1.,0.,0.));
#3022=DIRECTION('',(0.,1.,0.));
#3023=DIRECTION('',(1.,0.,0.));
#3024=DIRECTION('',(0.,-1.,0.));
#3025=DIRECTION('',(-1.,0.,0.));
#3026=DIRECTION('',(0.,-1.,0.));
#3027=DIRECTION('',(1.,0.,0.));
#3028=DIRECTION('center_axis',(1.,0.,0.));
#3029=DIRECTION('ref_axis',(0.,-1.58603289232165E-16,1.));
#3030=DIRECTION('',(0.,2.77555756156289E-16,-1.));
#3031=DIRECTION('',(0.,-1.58603289232165E-16,1.));
#3032=DIRECTION('',(0.,-1.,-3.70074341541719E-15));
#3033=DIRECTION('center_axis',(-1.,0.,0.));
#3034=DIRECTION('ref_axis',(0.,1.58603289232165E-16,-1.));
#3035=DIRECTION('',(0.,-1.,-3.70074341541719E-15));
#3036=DIRECTION('',(0.,2.77555756156289E-16,-1.));
#3037=DIRECTION('',(0.,-2.77555756156289E-16,1.));
#3038=DIRECTION('',(0.,1.,2.10269512239613E-16));
#3039=DIRECTION('',(0.,1.58603289232165E-16,-1.));
#3040=DIRECTION('center_axis',(0.,1.,0.));
#3041=DIRECTION('ref_axis',(0.,0.,-1.));
#3042=DIRECTION('',(0.,0.,1.));
#3043=DIRECTION('',(-1.,0.,0.));
#3044=DIRECTION('',(1.,0.,0.));
#3045=DIRECTION('',(-3.46452040250706E-8,0.,0.999999999999999));
#3046=DIRECTION('',(1.,0.,0.));
#3047=DIRECTION('center_axis',(0.,-2.10269512239613E-16,1.));
#3048=DIRECTION('ref_axis',(-1.,0.,0.));
#3049=DIRECTION('',(-1.,0.,0.));
#3050=DIRECTION('',(0.,-1.,-2.10269512239613E-16));
#3051=DIRECTION('',(1.,0.,0.));
#3052=DIRECTION('',(0.,-1.,-2.10269512239613E-16));
#3053=DIRECTION('',(-1.,0.,0.));
#3054=DIRECTION('',(0.,-1.,-2.10269512239613E-16));
#3055=DIRECTION('',(1.,0.,0.));
#3056=DIRECTION('',(0.,1.,2.10269512239613E-16));
#3057=DIRECTION('center_axis',(0.,1.,2.77555756156289E-16));
#3058=DIRECTION('ref_axis',(0.,-2.77555756156289E-16,1.));
#3059=DIRECTION('',(1.,0.,0.));
#3060=DIRECTION('',(-5.55111512312578E-16,-2.77555756156289E-16,1.));
#3061=DIRECTION('',(0.,-2.77555756156289E-16,1.));
#3062=DIRECTION('',(1.,0.,0.));
#3063=DIRECTION('',(0.,-2.77555756156289E-16,1.));
#3064=DIRECTION('',(-1.,0.,0.));
#3065=DIRECTION('',(0.,2.77555756156289E-16,-1.));
#3066=DIRECTION('',(-1.,0.,0.));
#3067=DIRECTION('',(3.46452040250706E-8,2.77555756156289E-16,-0.999999999999999));
#3068=DIRECTION('',(1.,0.,0.));
#3069=DIRECTION('',(-2.12341533661904E-8,-2.77555756156289E-16,1.));
#3070=DIRECTION('',(-1.,0.,0.));
#3071=DIRECTION('',(3.46452040250706E-8,2.77555756156289E-16,-0.999999999999999));
#3072=DIRECTION('',(1.,0.,0.));
#3073=DIRECTION('',(-2.12341533661904E-8,-2.77555756156289E-16,1.));
#3074=DIRECTION('',(-1.,0.,0.));
#3075=DIRECTION('',(3.46452040250706E-8,2.77555756156289E-16,-0.999999999999999));
#3076=DIRECTION('',(1.,0.,0.));
#3077=DIRECTION('',(-2.12341533661904E-8,-2.77555756156289E-16,1.));
#3078=DIRECTION('',(1.,0.,0.));
#3079=DIRECTION('center_axis',(-1.,0.,0.));
#3080=DIRECTION('ref_axis',(0.,0.,1.));
#3081=DIRECTION('',(0.,1.,-9.62964972193618E-33));
#3082=DIRECTION('',(0.,0.,-1.));
#3083=DIRECTION('',(0.,-1.,-3.70074341541719E-15));
#3084=DIRECTION('',(0.,2.77555756156289E-16,-1.));
#3085=DIRECTION('center_axis',(0.,-0.894427190999913,0.447213595499963));
#3086=DIRECTION('ref_axis',(0.,-0.447213595499963,-0.894427190999913));
#3087=DIRECTION('',(-1.,0.,0.));
#3088=DIRECTION('',(0.,-0.447213595499963,-0.894427190999913));
#3089=DIRECTION('',(1.,0.,0.));
#3090=DIRECTION('center_axis',(0.,2.31296463463574E-16,-1.));
#3091=DIRECTION('ref_axis',(0.,1.,2.31296463463574E-16));
#3092=DIRECTION('',(0.,-1.,-3.70074341541719E-15));
#3093=DIRECTION('',(1.,0.,0.));
#3094=DIRECTION('',(0.,1.,2.31296463463574E-16));
#3095=DIRECTION('',(-1.,0.,0.));
#3096=DIRECTION('center_axis',(0.,-5.32907051820075E-15,1.));
#3097=DIRECTION('ref_axis',(0.,-1.,-5.32907051820075E-15));
#3098=DIRECTION('',(0.,-1.,-5.32907051820075E-15));
#3099=DIRECTION('',(1.,0.,0.));
#3100=DIRECTION('center_axis',(-1.,0.,0.));
#3101=DIRECTION('ref_axis',(0.,0.,1.));
#3102=DIRECTION('',(0.,1.,3.70074341541719E-15));
#3103=DIRECTION('',(0.,1.83697019872103E-16,1.));
#3104=DIRECTION('center_axis',(0.,0.,-1.));
#3105=DIRECTION('ref_axis',(1.,0.,0.));
#3106=DIRECTION('',(-1.,0.,0.));
#3107=DIRECTION('',(0.,-1.,0.));
#3108=DIRECTION('center_axis',(1.,0.,5.55111512312578E-16));
#3109=DIRECTION('ref_axis',(-5.55111512312578E-16,-1.58603289232165E-16,
1.));
#3110=DIRECTION('',(5.55111512312578E-16,2.77555756156289E-16,-1.));
#3111=DIRECTION('center_axis',(-1.,0.,0.));
#3112=DIRECTION('ref_axis',(0.,1.58603289232165E-16,-1.));
#3113=DIRECTION('',(0.,1.,3.70074341541719E-15));
#3114=DIRECTION('',(0.,1.58603289232165E-16,-1.));
#3115=DIRECTION('',(0.,-1.,-2.10269512239613E-16));
#3116=DIRECTION('',(0.,-1.,0.));
#3117=DIRECTION('',(0.,-2.77555756156289E-16,1.));
#3118=DIRECTION('center_axis',(0.,0.,1.));
#3119=DIRECTION('ref_axis',(-1.,0.,0.));
#3120=DIRECTION('',(1.,0.,0.));
#3121=DIRECTION('',(0.,-1.,0.));
#3122=DIRECTION('',(-1.,0.,0.));
#3123=DIRECTION('center_axis',(1.,0.,0.));
#3124=DIRECTION('ref_axis',(0.,-1.58603289232165E-16,1.));
#3125=DIRECTION('',(0.,1.,3.70074341541719E-15));
#3126=DIRECTION('',(0.,-1.58603289232165E-16,1.));
#3127=DIRECTION('center_axis',(0.,-1.,0.));
#3128=DIRECTION('ref_axis',(0.,0.,-1.));
#3129=DIRECTION('',(-1.,0.,0.));
#3130=DIRECTION('',(1.,0.,0.));
#3131=DIRECTION('',(2.12341533661904E-8,0.,-1.));
#3132=DIRECTION('',(1.,0.,0.));
#3133=DIRECTION('center_axis',(0.,-2.10269512239613E-16,1.));
#3134=DIRECTION('ref_axis',(-1.,0.,0.));
#3135=DIRECTION('',(0.,-1.,-2.10269512239613E-16));
#3136=DIRECTION('',(1.,0.,0.));
#3137=DIRECTION('',(0.,-1.,-2.10269512239613E-16));
#3138=DIRECTION('',(-1.,0.,0.));
#3139=DIRECTION('',(0.,-1.,-2.10269512239613E-16));
#3140=DIRECTION('',(1.,0.,0.));
#3141=DIRECTION('',(0.,1.,2.10269512239613E-16));
#3142=DIRECTION('center_axis',(0.,1.,2.77555756156289E-16));
#3143=DIRECTION('ref_axis',(0.,-2.77555756156289E-16,1.));
#3144=DIRECTION('',(-1.,0.,0.));
#3145=DIRECTION('center_axis',(0.,-2.31296463463574E-16,1.));
#3146=DIRECTION('ref_axis',(0.,1.,2.31296463463574E-16));
#3147=DIRECTION('',(0.,1.,3.70074341541719E-15));
#3148=DIRECTION('',(-1.,0.,0.));
#3149=DIRECTION('',(0.,1.,2.31296463463574E-16));
#3150=DIRECTION('',(-1.,0.,0.));
#3151=DIRECTION('center_axis',(0.,0.894427190999913,-0.447213595499963));
#3152=DIRECTION('ref_axis',(0.,-0.447213595499963,-0.894427190999913));
#3153=DIRECTION('',(0.,-0.447213595499963,-0.894427190999913));
#3154=DIRECTION('',(-1.,0.,0.));
#3155=DIRECTION('',(0.,-0.447213595499963,-0.894427190999913));
#3156=DIRECTION('',(-1.,0.,0.));
#3157=DIRECTION('center_axis',(0.,5.32907051820075E-15,-1.));
#3158=DIRECTION('ref_axis',(0.,-1.,-5.32907051820075E-15));
#3159=DIRECTION('',(0.,-1.,-5.32907051820075E-15));
#3160=DIRECTION('',(-1.,0.,0.));
#3161=DIRECTION('',(0.,-1.,-5.32907051820075E-15));
#3162=DIRECTION('center_axis',(-1.,0.,0.));
#3163=DIRECTION('ref_axis',(0.,0.,1.));
#3164=DIRECTION('',(0.,1.83697019872103E-16,1.));
#3165=DIRECTION('',(0.,-1.,-3.70074341541719E-15));
#3166=DIRECTION('center_axis',(0.,3.70074341541719E-15,-1.));
#3167=DIRECTION('ref_axis',(0.,1.,3.70074341541719E-15));
#3168=DIRECTION('',(0.,1.,3.70074341541719E-15));
#3169=DIRECTION('',(-1.,0.,0.));
#3170=DIRECTION('',(-7.4117258180758E-23,1.,3.70074341541719E-15));
#3171=DIRECTION('center_axis',(-0.999999999999999,7.28483015179346E-24,
-3.46452040250706E-8));
#3172=DIRECTION('ref_axis',(3.46452040250706E-8,1.58603289232165E-16,-0.999999999999999));
#3173=DIRECTION('',(-3.46452040250706E-8,0.,0.999999999999999));
#3174=DIRECTION('',(1.20928180519771E-22,-1.,-3.70074341541719E-15));
#3175=DIRECTION('center_axis',(1.,-4.46489507113E-24,2.12341533661904E-8));
#3176=DIRECTION('ref_axis',(-2.12341533661904E-8,-1.58603289232165E-16,
1.));
#3177=DIRECTION('',(2.12341533661904E-8,0.,-1.));
#3178=DIRECTION('center_axis',(0.,3.70074341541719E-15,-1.));
#3179=DIRECTION('ref_axis',(0.,1.,3.70074341541719E-15));
#3180=DIRECTION('',(-1.,0.,0.));
#3181=DIRECTION('',(-7.4117258180758E-23,1.,3.70074341541719E-15));
#3182=DIRECTION('center_axis',(0.,1.,1.11022302462516E-15));
#3183=DIRECTION('ref_axis',(1.,0.,0.));
#3184=DIRECTION('',(0.,1.11022302462516E-15,-1.));
#3185=DIRECTION('',(1.,0.,0.));
#3186=DIRECTION('',(0.,1.11022302462516E-15,-1.));
#3187=DIRECTION('center_axis',(1.,0.,0.));
#3188=DIRECTION('ref_axis',(0.,-1.,-1.11022302462516E-15));
#3189=DIRECTION('',(0.,1.11022302462516E-15,-1.));
#3190=DIRECTION('',(0.,-1.,-3.70074341541719E-15));
#3191=DIRECTION('center_axis',(0.,-1.,-1.11022302462516E-15));
#3192=DIRECTION('ref_axis',(-1.,0.,0.));
#3193=DIRECTION('',(0.,1.11022302462516E-15,-1.));
#3194=DIRECTION('',(-1.,0.,0.));
#3195=DIRECTION('center_axis',(-1.,0.,0.));
#3196=DIRECTION('ref_axis',(0.,1.,1.11022302462516E-15));
#3197=DIRECTION('',(0.,1.,3.70074341541719E-15));
#3198=DIRECTION('center_axis',(-0.999999999999999,7.28483015179346E-24,
-3.46452040250706E-8));
#3199=DIRECTION('ref_axis',(3.46452040250706E-8,1.58603289232165E-16,-0.999999999999999));
#3200=DIRECTION('',(-3.46452040250706E-8,0.,0.999999999999999));
#3201=DIRECTION('',(1.20928180519771E-22,-1.,-3.70074341541719E-15));
#3202=DIRECTION('',(0.,-1.,-2.10269512239613E-16));
#3203=DIRECTION('center_axis',(0.,-2.10269512239613E-16,1.));
#3204=DIRECTION('ref_axis',(-1.,0.,0.));
#3205=DIRECTION('',(1.,0.,0.));
#3206=DIRECTION('',(0.,-1.,-2.10269512239613E-16));
#3207=DIRECTION('',(-1.,0.,0.));
#3208=DIRECTION('',(0.,-1.,-2.10269512239613E-16));
#3209=DIRECTION('',(1.,0.,0.));
#3210=DIRECTION('',(0.,1.,2.10269512239613E-16));
#3211=DIRECTION('center_axis',(1.,-4.46489507113E-24,2.12341533661904E-8));
#3212=DIRECTION('ref_axis',(-2.12341533661904E-8,-1.58603289232165E-16,
1.));
#3213=DIRECTION('',(2.12341533661904E-8,0.,-1.));
#3214=DIRECTION('center_axis',(0.,3.70074341541719E-15,-1.));
#3215=DIRECTION('ref_axis',(0.,1.,3.70074341541719E-15));
#3216=DIRECTION('',(-1.,0.,0.));
#3217=DIRECTION('',(-7.4117258180758E-23,1.,3.70074341541719E-15));
#3218=DIRECTION('center_axis',(0.,1.,1.11022302462516E-15));
#3219=DIRECTION('ref_axis',(1.,0.,0.));
#3220=DIRECTION('',(0.,1.11022302462516E-15,-1.));
#3221=DIRECTION('',(1.,0.,0.));
#3222=DIRECTION('',(0.,1.11022302462516E-15,-1.));
#3223=DIRECTION('center_axis',(1.,0.,0.));
#3224=DIRECTION('ref_axis',(0.,-1.,-1.11022302462516E-15));
#3225=DIRECTION('',(0.,1.11022302462516E-15,-1.));
#3226=DIRECTION('',(0.,-1.,-3.70074341541719E-15));
#3227=DIRECTION('center_axis',(0.,-1.,-1.11022302462516E-15));
#3228=DIRECTION('ref_axis',(-1.,0.,0.));
#3229=DIRECTION('',(0.,1.11022302462516E-15,-1.));
#3230=DIRECTION('',(-1.,0.,0.));
#3231=DIRECTION('center_axis',(-1.,0.,0.));
#3232=DIRECTION('ref_axis',(0.,1.,1.11022302462516E-15));
#3233=DIRECTION('',(0.,1.,3.70074341541719E-15));
#3234=DIRECTION('center_axis',(-0.999999999999999,7.28483015179346E-24,
-3.46452040250706E-8));
#3235=DIRECTION('ref_axis',(3.46452040250706E-8,1.58603289232165E-16,-0.999999999999999));
#3236=DIRECTION('',(-3.46452040250706E-8,0.,0.999999999999999));
#3237=DIRECTION('',(1.20928180519771E-22,-1.,-3.70074341541719E-15));
#3238=DIRECTION('',(0.,-1.,-2.10269512239613E-16));
#3239=DIRECTION('center_axis',(0.,-2.10269512239613E-16,1.));
#3240=DIRECTION('ref_axis',(-1.,0.,0.));
#3241=DIRECTION('',(1.,0.,0.));
#3242=DIRECTION('',(0.,-1.,-2.10269512239613E-16));
#3243=DIRECTION('',(-1.,0.,0.));
#3244=DIRECTION('',(0.,-1.,-2.10269512239613E-16));
#3245=DIRECTION('',(1.,0.,0.));
#3246=DIRECTION('',(0.,1.,2.10269512239613E-16));
#3247=DIRECTION('center_axis',(1.,-4.46489507113E-24,2.12341533661904E-8));
#3248=DIRECTION('ref_axis',(-2.12341533661904E-8,-1.58603289232165E-16,
1.));
#3249=DIRECTION('',(2.12341533661904E-8,0.,-1.));
#3250=DIRECTION('center_axis',(0.,3.70074341541719E-15,-1.));
#3251=DIRECTION('ref_axis',(0.,1.,3.70074341541719E-15));
#3252=DIRECTION('',(-1.,0.,0.));
#3253=DIRECTION('',(-7.4117258180758E-23,1.,3.70074341541719E-15));
#3254=DIRECTION('center_axis',(0.,1.,1.11022302462516E-15));
#3255=DIRECTION('ref_axis',(1.,0.,0.));
#3256=DIRECTION('',(0.,1.11022302462516E-15,-1.));
#3257=DIRECTION('',(1.,0.,0.));
#3258=DIRECTION('',(0.,1.11022302462516E-15,-1.));
#3259=DIRECTION('center_axis',(1.,0.,0.));
#3260=DIRECTION('ref_axis',(0.,-1.,-1.11022302462516E-15));
#3261=DIRECTION('',(0.,1.11022302462516E-15,-1.));
#3262=DIRECTION('',(0.,-1.,-3.70074341541719E-15));
#3263=DIRECTION('center_axis',(0.,-1.,-1.11022302462516E-15));
#3264=DIRECTION('ref_axis',(-1.,0.,0.));
#3265=DIRECTION('',(0.,1.11022302462516E-15,-1.));
#3266=DIRECTION('',(-1.,0.,0.));
#3267=DIRECTION('center_axis',(-1.,0.,0.));
#3268=DIRECTION('ref_axis',(0.,1.,1.11022302462516E-15));
#3269=DIRECTION('',(0.,1.,3.70074341541719E-15));
#3270=DIRECTION('center_axis',(1.,-4.46489507113E-24,2.12341533661904E-8));
#3271=DIRECTION('ref_axis',(-2.12341533661904E-8,-1.58603289232165E-16,
1.));
#3272=DIRECTION('',(2.12341533661904E-8,0.,-1.));
#3273=DIRECTION('center_axis',(-0.999999999999999,7.28483015179346E-24,
-3.46452040250706E-8));
#3274=DIRECTION('ref_axis',(3.46452040250706E-8,1.58603289232165E-16,-0.999999999999999));
#3275=DIRECTION('',(-3.46452040250706E-8,0.,0.999999999999999));
#3276=DIRECTION('',(1.20928180519771E-22,-1.,-3.70074341541719E-15));
#3277=DIRECTION('center_axis',(0.,1.,0.));
#3278=DIRECTION('ref_axis',(1.,0.,0.));
#3279=DIRECTION('',(0.,0.,-1.));
#3280=DIRECTION('',(1.,0.,0.));
#3281=DIRECTION('',(0.,0.,-1.));
#3282=DIRECTION('',(-1.,0.,0.));
#3283=DIRECTION('center_axis',(0.,1.,1.11022302462516E-15));
#3284=DIRECTION('ref_axis',(1.,0.,0.));
#3285=DIRECTION('',(0.,1.11022302462516E-15,-1.));
#3286=DIRECTION('',(1.,0.,0.));
#3287=DIRECTION('',(0.,1.11022302462516E-15,-1.));
#3288=DIRECTION('center_axis',(1.,0.,0.));
#3289=DIRECTION('ref_axis',(0.,-1.,-1.11022302462516E-15));
#3290=DIRECTION('',(0.,1.11022302462516E-15,-1.));
#3291=DIRECTION('',(0.,-1.,-3.70074341541719E-15));
#3292=DIRECTION('center_axis',(0.,-1.,-1.11022302462516E-15));
#3293=DIRECTION('ref_axis',(-1.,0.,0.));
#3294=DIRECTION('',(0.,1.11022302462516E-15,-1.));
#3295=DIRECTION('',(-1.,0.,0.));
#3296=DIRECTION('center_axis',(-1.,0.,0.));
#3297=DIRECTION('ref_axis',(0.,1.,1.11022302462516E-15));
#3298=DIRECTION('',(0.,1.,3.70074341541719E-15));
#3299=DIRECTION('center_axis',(0.,1.,0.));
#3300=DIRECTION('ref_axis',(1.,0.,0.));
#3301=DIRECTION('',(-1.,0.,0.));
#3302=DIRECTION('',(-1.,0.,0.));
#3303=DIRECTION('center_axis',(0.,3.70074341541719E-15,-1.));
#3304=DIRECTION('ref_axis',(0.,1.,3.70074341541719E-15));
#3305=DIRECTION('center_axis',(-1.,0.,0.));
#3306=DIRECTION('ref_axis',(0.,1.,0.));
#3307=DIRECTION('',(0.,1.,-9.62964972193618E-33));
#3308=DIRECTION('',(0.,1.83697019872103E-16,1.));
#3309=DIRECTION('center_axis',(1.,0.,0.));
#3310=DIRECTION('ref_axis',(0.,-1.,0.));
#3311=DIRECTION('',(0.,-1.83697019872103E-16,-1.));
#3312=DIRECTION('',(0.,-1.,9.62964972193618E-33));
#3313=DIRECTION('center_axis',(0.,9.62964972193618E-33,1.));
#3314=DIRECTION('ref_axis',(0.,-1.,9.62964972193618E-33));
#3315=DIRECTION('',(1.,0.,0.));
#3316=DIRECTION('',(1.,0.,0.));
#3317=DIRECTION('',(0.,-1.,9.62964972193618E-33));
#3318=DIRECTION('center_axis',(0.,-1.,1.83697019872103E-16));
#3319=DIRECTION('ref_axis',(0.,-1.83697019872103E-16,-1.));
#3320=DIRECTION('',(0.,-1.83697019872103E-16,-1.));
#3321=DIRECTION('center_axis',(0.,-1.,1.83697019872103E-16));
#3322=DIRECTION('ref_axis',(0.,-1.83697019872103E-16,-1.));
#3323=DIRECTION('center_axis',(0.,3.70074341541719E-15,-1.));
#3324=DIRECTION('ref_axis',(0.,1.,3.70074341541719E-15));
#3325=DIRECTION('center_axis',(1.,0.,0.));
#3326=DIRECTION('ref_axis',(0.,0.,-1.));
#3327=DIRECTION('center_axis',(7.85046229341887E-16,-0.707106781186548,
-0.707106781186548));
#3328=DIRECTION('ref_axis',(-1.,0.,-1.11022302462516E-15));
#3329=DIRECTION('',(-1.,6.79815536723445E-32,-1.11022302462516E-15));
#3330=DIRECTION('',(-0.577350269189626,0.577350269189626,-0.577350269189626));
#3331=DIRECTION('',(1.,-6.79815536723445E-32,1.11022302462516E-15));
#3332=DIRECTION('',(0.577350269189626,0.577350269189626,-0.577350269189626));
#3333=DIRECTION('center_axis',(-0.707106781186548,-0.707106781186548,-4.32978028117747E-17));
#3334=DIRECTION('ref_axis',(-6.12323399573677E-17,0.,1.));
#3335=DIRECTION('',(0.,-6.12323399573677E-17,1.));
#3336=DIRECTION('',(-0.577350269189626,0.577350269189626,0.577350269189626));
#3337=DIRECTION('',(0.,6.12323399573677E-17,-1.));
#3338=DIRECTION('center_axis',(0.,-0.707106781186548,0.707106781186548));
#3339=DIRECTION('ref_axis',(1.,0.,0.));
#3340=DIRECTION('',(1.,0.,0.));
#3341=DIRECTION('',(0.577350269189626,0.577350269189626,0.577350269189626));
#3342=DIRECTION('',(-1.,0.,0.));
#3343=DIRECTION('center_axis',(0.707106781186548,-0.707106781186548,-4.32978028117747E-17));
#3344=DIRECTION('ref_axis',(-6.12323399573677E-17,0.,-1.));
#3345=DIRECTION('',(0.,-6.12323399573677E-17,1.));
#3346=DIRECTION('',(0.,6.12323399573677E-17,-1.));
#3347=DIRECTION('center_axis',(1.,0.,0.));
#3348=DIRECTION('ref_axis',(0.,-1.,0.));
#3349=DIRECTION('',(0.,-1.,0.));
#3350=DIRECTION('center_axis',(-1.,0.,0.));
#3351=DIRECTION('ref_axis',(0.,1.,1.48029736616688E-15));
#3352=DIRECTION('',(0.,0.,-1.));
#3353=DIRECTION('',(0.,1.,0.));
#3354=DIRECTION('',(0.,0.,-1.));
#3355=DIRECTION('center_axis',(-1.,0.,0.));
#3356=DIRECTION('ref_axis',(0.,1.,0.));
#3357=DIRECTION('',(0.,-1.,0.));
#3358=DIRECTION('center_axis',(1.11022302462516E-15,0.,-1.));
#3359=DIRECTION('ref_axis',(1.,-6.79815536723445E-32,1.11022302462516E-15));
#3360=DIRECTION('',(0.,-1.,0.));
#3361=DIRECTION('',(1.,-6.79815536723445E-32,1.11022302462516E-15));
#3362=DIRECTION('center_axis',(0.,1.,6.12323399573677E-17));
#3363=DIRECTION('ref_axis',(1.,0.,0.));
#3364=DIRECTION('center_axis',(-0.707106781186547,0.,0.707106781186548));
#3365=DIRECTION('ref_axis',(0.707106781186548,0.,0.707106781186547));
#3366=DIRECTION('',(0.,-1.,0.));
#3367=DIRECTION('',(0.577350269189626,0.577350269189626,0.577350269189626));
#3368=DIRECTION('',(0.,1.,0.));
#3369=DIRECTION('',(0.577350269189626,-0.577350269189626,0.577350269189626));
#3370=DIRECTION('center_axis',(0.,-0.707106781186547,0.707106781186548));
#3371=DIRECTION('ref_axis',(1.,0.,0.));
#3372=DIRECTION('',(1.,0.,0.));
#3373=DIRECTION('',(-0.577350269189626,0.577350269189626,0.577350269189626));
#3374=DIRECTION('',(-1.,0.,0.));
#3375=DIRECTION('center_axis',(7.85046229341887E-16,0.707106781186547,0.707106781186548));
#3376=DIRECTION('ref_axis',(1.,0.,-1.11022302462515E-15));
#3377=DIRECTION('',(1.,-1.11022302462516E-15,0.));
#3378=DIRECTION('',(0.577350269189626,0.577350269189626,-0.577350269189626));
#3379=DIRECTION('',(-1.,1.11022302462516E-15,0.));
#3380=DIRECTION('center_axis',(0.707106781186547,0.,0.707106781186548));
#3381=DIRECTION('ref_axis',(0.707106781186548,0.,-0.707106781186547));
#3382=DIRECTION('',(0.,-1.,0.));
#3383=DIRECTION('center_axis',(0.,-1.,0.));
#3384=DIRECTION('ref_axis',(-1.,0.,0.));
#3385=DIRECTION('',(0.,0.,-1.));
#3386=DIRECTION('',(-1.,0.,0.));
#3387=DIRECTION('center_axis',(-1.,0.,0.));
#3388=DIRECTION('ref_axis',(0.,1.,0.));
#3389=DIRECTION('',(0.,-1.,0.));
#3390=DIRECTION('center_axis',(-1.,0.,0.));
#3391=DIRECTION('ref_axis',(0.,1.,0.));
#3392=DIRECTION('',(0.,0.,-1.));
#3393=DIRECTION('center_axis',(-1.,0.,0.));
#3394=DIRECTION('ref_axis',(0.,1.,0.));
#3395=DIRECTION('center_axis',(0.,0.,1.));
#3396=DIRECTION('ref_axis',(1.,0.,0.));
#3397=DIRECTION('center_axis',(0.,0.,1.));
#3398=DIRECTION('ref_axis',(-1.,0.,0.));
#3399=DIRECTION('',(-1.,0.,0.));
#3400=DIRECTION('center_axis',(-1.,0.,0.));
#3401=DIRECTION('ref_axis',(0.,1.,0.));
#3402=DIRECTION('center_axis',(-1.,0.,0.));
#3403=DIRECTION('ref_axis',(0.,1.,0.));
#3404=DIRECTION('',(1.,-1.11022302462516E-15,0.));
#3405=DIRECTION('center_axis',(1.11022302462516E-15,1.,0.));
#3406=DIRECTION('ref_axis',(1.,-1.11022302462516E-15,0.));
#3407=DIRECTION('center_axis',(7.85046229341887E-16,-0.707106781186548,
-0.707106781186548));
#3408=DIRECTION('ref_axis',(-1.,0.,-1.11022302462516E-15));
#3409=DIRECTION('',(-1.,6.79815536723445E-32,-1.11022302462516E-15));
#3410=DIRECTION('',(-0.577350269189626,0.577350269189626,-0.577350269189626));
#3411=DIRECTION('',(1.,-6.79815536723445E-32,1.11022302462516E-15));
#3412=DIRECTION('',(0.577350269189626,0.577350269189626,-0.577350269189626));
#3413=DIRECTION('center_axis',(-0.707106781186548,-0.707106781186548,-4.32978028117747E-17));
#3414=DIRECTION('ref_axis',(-6.12323399573677E-17,0.,1.));
#3415=DIRECTION('',(0.,-6.12323399573677E-17,1.));
#3416=DIRECTION('',(-0.577350269189626,0.577350269189626,0.577350269189626));
#3417=DIRECTION('',(0.,6.12323399573677E-17,-1.));
#3418=DIRECTION('center_axis',(0.,-0.707106781186548,0.707106781186548));
#3419=DIRECTION('ref_axis',(1.,0.,0.));
#3420=DIRECTION('',(1.,0.,0.));
#3421=DIRECTION('',(0.577350269189626,0.577350269189626,0.577350269189626));
#3422=DIRECTION('',(-1.,0.,0.));
#3423=DIRECTION('center_axis',(0.707106781186548,-0.707106781186548,-4.32978028117747E-17));
#3424=DIRECTION('ref_axis',(-6.12323399573677E-17,0.,-1.));
#3425=DIRECTION('',(0.,-6.12323399573677E-17,1.));
#3426=DIRECTION('',(0.,6.12323399573677E-17,-1.));
#3427=DIRECTION('center_axis',(1.,0.,0.));
#3428=DIRECTION('ref_axis',(0.,-1.,0.));
#3429=DIRECTION('',(0.,-1.,0.));
#3430=DIRECTION('center_axis',(-1.,0.,0.));
#3431=DIRECTION('ref_axis',(0.,1.,1.48029736616688E-15));
#3432=DIRECTION('',(0.,0.,-1.));
#3433=DIRECTION('',(0.,1.,0.));
#3434=DIRECTION('',(0.,0.,-1.));
#3435=DIRECTION('center_axis',(-1.,0.,0.));
#3436=DIRECTION('ref_axis',(0.,1.,0.));
#3437=DIRECTION('',(0.,-1.,0.));
#3438=DIRECTION('center_axis',(1.11022302462516E-15,0.,-1.));
#3439=DIRECTION('ref_axis',(1.,-6.79815536723445E-32,1.11022302462516E-15));
#3440=DIRECTION('',(0.,-1.,0.));
#3441=DIRECTION('',(1.,-6.79815536723445E-32,1.11022302462516E-15));
#3442=DIRECTION('center_axis',(0.,1.,6.12323399573677E-17));
#3443=DIRECTION('ref_axis',(1.,0.,0.));
#3444=DIRECTION('center_axis',(-0.707106781186547,0.,0.707106781186548));
#3445=DIRECTION('ref_axis',(0.707106781186548,0.,0.707106781186547));
#3446=DIRECTION('',(0.,-1.,0.));
#3447=DIRECTION('',(0.577350269189626,0.577350269189626,0.577350269189626));
#3448=DIRECTION('',(0.,1.,0.));
#3449=DIRECTION('',(0.577350269189626,-0.577350269189626,0.577350269189626));
#3450=DIRECTION('center_axis',(0.,-0.707106781186547,0.707106781186548));
#3451=DIRECTION('ref_axis',(1.,0.,0.));
#3452=DIRECTION('',(1.,0.,0.));
#3453=DIRECTION('',(-0.577350269189626,0.577350269189626,0.577350269189626));
#3454=DIRECTION('',(-1.,0.,0.));
#3455=DIRECTION('center_axis',(7.85046229341887E-16,0.707106781186547,0.707106781186548));
#3456=DIRECTION('ref_axis',(1.,0.,-1.11022302462515E-15));
#3457=DIRECTION('',(1.,-1.11022302462516E-15,0.));
#3458=DIRECTION('',(0.577350269189626,0.577350269189626,-0.577350269189626));
#3459=DIRECTION('',(-1.,1.11022302462516E-15,0.));
#3460=DIRECTION('center_axis',(0.707106781186547,0.,0.707106781186548));
#3461=DIRECTION('ref_axis',(0.707106781186548,0.,-0.707106781186547));
#3462=DIRECTION('',(0.,-1.,0.));
#3463=DIRECTION('center_axis',(0.,-1.,0.));
#3464=DIRECTION('ref_axis',(-1.,0.,0.));
#3465=DIRECTION('',(0.,0.,-1.));
#3466=DIRECTION('',(-1.,0.,0.));
#3467=DIRECTION('center_axis',(-1.,0.,0.));
#3468=DIRECTION('ref_axis',(0.,1.,0.));
#3469=DIRECTION('',(0.,-1.,0.));
#3470=DIRECTION('center_axis',(-1.,0.,0.));
#3471=DIRECTION('ref_axis',(0.,1.,0.));
#3472=DIRECTION('',(0.,0.,-1.));
#3473=DIRECTION('center_axis',(-1.,0.,0.));
#3474=DIRECTION('ref_axis',(0.,1.,0.));
#3475=DIRECTION('center_axis',(0.,0.,1.));
#3476=DIRECTION('ref_axis',(1.,0.,0.));
#3477=DIRECTION('center_axis',(0.,0.,1.));
#3478=DIRECTION('ref_axis',(-1.,0.,0.));
#3479=DIRECTION('',(-1.,0.,0.));
#3480=DIRECTION('center_axis',(-1.,0.,0.));
#3481=DIRECTION('ref_axis',(0.,1.,0.));
#3482=DIRECTION('center_axis',(-1.,0.,0.));
#3483=DIRECTION('ref_axis',(0.,1.,0.));
#3484=DIRECTION('',(1.,-1.11022302462516E-15,0.));
#3485=DIRECTION('center_axis',(1.11022302462516E-15,1.,0.));
#3486=DIRECTION('ref_axis',(1.,-1.11022302462516E-15,0.));
#3487=DIRECTION('center_axis',(7.85046229341887E-16,-0.707106781186548,
-0.707106781186548));
#3488=DIRECTION('ref_axis',(-1.,0.,-1.11022302462516E-15));
#3489=DIRECTION('',(-1.,6.79815536723445E-32,-1.11022302462516E-15));
#3490=DIRECTION('',(-0.577350269189626,0.577350269189626,-0.577350269189626));
#3491=DIRECTION('',(1.,-6.79815536723445E-32,1.11022302462516E-15));
#3492=DIRECTION('',(0.577350269189626,0.577350269189626,-0.577350269189626));
#3493=DIRECTION('center_axis',(-0.707106781186548,-0.707106781186548,-4.32978028117747E-17));
#3494=DIRECTION('ref_axis',(-6.12323399573677E-17,0.,1.));
#3495=DIRECTION('',(0.,-6.12323399573677E-17,1.));
#3496=DIRECTION('',(-0.577350269189626,0.577350269189626,0.577350269189626));
#3497=DIRECTION('',(0.,6.12323399573677E-17,-1.));
#3498=DIRECTION('center_axis',(0.,-0.707106781186548,0.707106781186548));
#3499=DIRECTION('ref_axis',(1.,0.,0.));
#3500=DIRECTION('',(1.,0.,0.));
#3501=DIRECTION('',(0.577350269189626,0.577350269189626,0.577350269189626));
#3502=DIRECTION('',(-1.,0.,0.));
#3503=DIRECTION('center_axis',(0.707106781186548,-0.707106781186548,-4.32978028117747E-17));
#3504=DIRECTION('ref_axis',(-6.12323399573677E-17,0.,-1.));
#3505=DIRECTION('',(0.,-6.12323399573677E-17,1.));
#3506=DIRECTION('',(0.,6.12323399573677E-17,-1.));
#3507=DIRECTION('center_axis',(1.,0.,0.));
#3508=DIRECTION('ref_axis',(0.,-1.,0.));
#3509=DIRECTION('',(0.,-1.,0.));
#3510=DIRECTION('center_axis',(-1.,0.,0.));
#3511=DIRECTION('ref_axis',(0.,1.,1.48029736616688E-15));
#3512=DIRECTION('',(0.,0.,-1.));
#3513=DIRECTION('',(0.,1.,0.));
#3514=DIRECTION('',(0.,0.,-1.));
#3515=DIRECTION('center_axis',(-1.,0.,0.));
#3516=DIRECTION('ref_axis',(0.,1.,0.));
#3517=DIRECTION('',(0.,-1.,0.));
#3518=DIRECTION('center_axis',(1.11022302462516E-15,0.,-1.));
#3519=DIRECTION('ref_axis',(1.,-6.79815536723445E-32,1.11022302462516E-15));
#3520=DIRECTION('',(0.,-1.,0.));
#3521=DIRECTION('',(1.,-6.79815536723445E-32,1.11022302462516E-15));
#3522=DIRECTION('center_axis',(0.,1.,6.12323399573677E-17));
#3523=DIRECTION('ref_axis',(1.,0.,0.));
#3524=DIRECTION('center_axis',(-0.707106781186547,0.,0.707106781186548));
#3525=DIRECTION('ref_axis',(0.707106781186548,0.,0.707106781186547));
#3526=DIRECTION('',(0.,-1.,0.));
#3527=DIRECTION('',(0.577350269189626,0.577350269189626,0.577350269189626));
#3528=DIRECTION('',(0.,1.,0.));
#3529=DIRECTION('',(0.577350269189626,-0.577350269189626,0.577350269189626));
#3530=DIRECTION('center_axis',(0.,-0.707106781186547,0.707106781186548));
#3531=DIRECTION('ref_axis',(1.,0.,0.));
#3532=DIRECTION('',(1.,0.,0.));
#3533=DIRECTION('',(-0.577350269189626,0.577350269189626,0.577350269189626));
#3534=DIRECTION('',(-1.,0.,0.));
#3535=DIRECTION('center_axis',(7.85046229341887E-16,0.707106781186547,0.707106781186548));
#3536=DIRECTION('ref_axis',(1.,0.,-1.11022302462515E-15));
#3537=DIRECTION('',(1.,-1.11022302462516E-15,0.));
#3538=DIRECTION('',(0.577350269189626,0.577350269189626,-0.577350269189626));
#3539=DIRECTION('',(-1.,1.11022302462516E-15,0.));
#3540=DIRECTION('center_axis',(0.707106781186547,0.,0.707106781186548));
#3541=DIRECTION('ref_axis',(0.707106781186548,0.,-0.707106781186547));
#3542=DIRECTION('',(0.,-1.,0.));
#3543=DIRECTION('center_axis',(0.,-1.,0.));
#3544=DIRECTION('ref_axis',(-1.,0.,0.));
#3545=DIRECTION('',(0.,0.,-1.));
#3546=DIRECTION('',(-1.,0.,0.));
#3547=DIRECTION('center_axis',(-1.,0.,0.));
#3548=DIRECTION('ref_axis',(0.,1.,0.));
#3549=DIRECTION('',(0.,-1.,0.));
#3550=DIRECTION('center_axis',(-1.,0.,0.));
#3551=DIRECTION('ref_axis',(0.,1.,0.));
#3552=DIRECTION('',(0.,0.,-1.));
#3553=DIRECTION('center_axis',(-1.,0.,0.));
#3554=DIRECTION('ref_axis',(0.,1.,0.));
#3555=DIRECTION('center_axis',(0.,0.,1.));
#3556=DIRECTION('ref_axis',(1.,0.,0.));
#3557=DIRECTION('center_axis',(0.,0.,1.));
#3558=DIRECTION('ref_axis',(-1.,0.,0.));
#3559=DIRECTION('',(-1.,0.,0.));
#3560=DIRECTION('center_axis',(-1.,0.,0.));
#3561=DIRECTION('ref_axis',(0.,1.,0.));
#3562=DIRECTION('center_axis',(-1.,0.,0.));
#3563=DIRECTION('ref_axis',(0.,1.,0.));
#3564=DIRECTION('',(1.,-1.11022302462516E-15,0.));
#3565=DIRECTION('center_axis',(1.11022302462516E-15,1.,0.));
#3566=DIRECTION('ref_axis',(1.,-1.11022302462516E-15,0.));
#3567=DIRECTION('center_axis',(7.85046229341887E-16,-0.707106781186548,
-0.707106781186548));
#3568=DIRECTION('ref_axis',(-1.,0.,-1.11022302462516E-15));
#3569=DIRECTION('',(-1.,6.79815536723445E-32,-1.11022302462516E-15));
#3570=DIRECTION('',(-0.577350269189626,0.577350269189626,-0.577350269189626));
#3571=DIRECTION('',(1.,-6.79815536723445E-32,1.11022302462516E-15));
#3572=DIRECTION('',(0.577350269189626,0.577350269189626,-0.577350269189626));
#3573=DIRECTION('center_axis',(-0.707106781186548,-0.707106781186548,-4.32978028117747E-17));
#3574=DIRECTION('ref_axis',(-6.12323399573677E-17,0.,1.));
#3575=DIRECTION('',(0.,-6.12323399573677E-17,1.));
#3576=DIRECTION('',(-0.577350269189626,0.577350269189626,0.577350269189626));
#3577=DIRECTION('',(0.,6.12323399573677E-17,-1.));
#3578=DIRECTION('center_axis',(0.,-0.707106781186548,0.707106781186548));
#3579=DIRECTION('ref_axis',(1.,0.,0.));
#3580=DIRECTION('',(1.,0.,0.));
#3581=DIRECTION('',(0.577350269189626,0.577350269189626,0.577350269189626));
#3582=DIRECTION('',(-1.,0.,0.));
#3583=DIRECTION('center_axis',(0.707106781186548,-0.707106781186548,-4.32978028117747E-17));
#3584=DIRECTION('ref_axis',(-6.12323399573677E-17,0.,-1.));
#3585=DIRECTION('',(0.,-6.12323399573677E-17,1.));
#3586=DIRECTION('',(0.,6.12323399573677E-17,-1.));
#3587=DIRECTION('center_axis',(1.,0.,0.));
#3588=DIRECTION('ref_axis',(0.,-1.,0.));
#3589=DIRECTION('',(0.,-1.,0.));
#3590=DIRECTION('center_axis',(-1.,0.,0.));
#3591=DIRECTION('ref_axis',(0.,1.,1.48029736616688E-15));
#3592=DIRECTION('',(0.,0.,-1.));
#3593=DIRECTION('',(0.,1.,0.));
#3594=DIRECTION('',(0.,0.,-1.));
#3595=DIRECTION('center_axis',(-1.,0.,0.));
#3596=DIRECTION('ref_axis',(0.,1.,0.));
#3597=DIRECTION('',(0.,-1.,0.));
#3598=DIRECTION('center_axis',(1.11022302462516E-15,0.,-1.));
#3599=DIRECTION('ref_axis',(1.,-6.79815536723445E-32,1.11022302462516E-15));
#3600=DIRECTION('',(0.,-1.,0.));
#3601=DIRECTION('',(1.,-6.79815536723445E-32,1.11022302462516E-15));
#3602=DIRECTION('center_axis',(0.,1.,6.12323399573677E-17));
#3603=DIRECTION('ref_axis',(1.,0.,0.));
#3604=DIRECTION('center_axis',(-0.707106781186547,0.,0.707106781186548));
#3605=DIRECTION('ref_axis',(0.707106781186548,0.,0.707106781186547));
#3606=DIRECTION('',(0.,-1.,0.));
#3607=DIRECTION('',(0.577350269189626,0.577350269189626,0.577350269189626));
#3608=DIRECTION('',(0.,1.,0.));
#3609=DIRECTION('',(0.577350269189626,-0.577350269189626,0.577350269189626));
#3610=DIRECTION('center_axis',(0.,-0.707106781186547,0.707106781186548));
#3611=DIRECTION('ref_axis',(1.,0.,0.));
#3612=DIRECTION('',(1.,0.,0.));
#3613=DIRECTION('',(-0.577350269189626,0.577350269189626,0.577350269189626));
#3614=DIRECTION('',(-1.,0.,0.));
#3615=DIRECTION('center_axis',(7.85046229341887E-16,0.707106781186547,0.707106781186548));
#3616=DIRECTION('ref_axis',(1.,0.,-1.11022302462515E-15));
#3617=DIRECTION('',(1.,-1.11022302462516E-15,0.));
#3618=DIRECTION('',(0.577350269189626,0.577350269189626,-0.577350269189626));
#3619=DIRECTION('',(-1.,1.11022302462516E-15,0.));
#3620=DIRECTION('center_axis',(0.707106781186547,0.,0.707106781186548));
#3621=DIRECTION('ref_axis',(0.707106781186548,0.,-0.707106781186547));
#3622=DIRECTION('',(0.,-1.,0.));
#3623=DIRECTION('center_axis',(0.,-1.,0.));
#3624=DIRECTION('ref_axis',(-1.,0.,0.));
#3625=DIRECTION('',(0.,0.,-1.));
#3626=DIRECTION('',(-1.,0.,0.));
#3627=DIRECTION('center_axis',(-1.,0.,0.));
#3628=DIRECTION('ref_axis',(0.,1.,0.));
#3629=DIRECTION('',(0.,-1.,0.));
#3630=DIRECTION('center_axis',(-1.,0.,0.));
#3631=DIRECTION('ref_axis',(0.,1.,0.));
#3632=DIRECTION('',(0.,0.,-1.));
#3633=DIRECTION('center_axis',(-1.,0.,0.));
#3634=DIRECTION('ref_axis',(0.,1.,0.));
#3635=DIRECTION('center_axis',(0.,0.,1.));
#3636=DIRECTION('ref_axis',(1.,0.,0.));
#3637=DIRECTION('center_axis',(0.,0.,1.));
#3638=DIRECTION('ref_axis',(-1.,0.,0.));
#3639=DIRECTION('',(-1.,0.,0.));
#3640=DIRECTION('center_axis',(-1.,0.,0.));
#3641=DIRECTION('ref_axis',(0.,1.,0.));
#3642=DIRECTION('center_axis',(-1.,0.,0.));
#3643=DIRECTION('ref_axis',(0.,1.,0.));
#3644=DIRECTION('',(1.,-1.11022302462516E-15,0.));
#3645=DIRECTION('center_axis',(1.11022302462516E-15,1.,0.));
#3646=DIRECTION('ref_axis',(1.,-1.11022302462516E-15,0.));
#3647=CARTESIAN_POINT('',(0.,0.,0.));
#3648=CARTESIAN_POINT('Origin',(4.95,2.5,-2.));
#3649=CARTESIAN_POINT('',(4.35,2.5,0.));
#3650=CARTESIAN_POINT('',(4.35,2.5,-2.));
#3651=CARTESIAN_POINT('',(4.35,2.5,-2.5));
#3652=CARTESIAN_POINT('',(4.95,2.5,0.));
#3653=CARTESIAN_POINT('',(2.475,2.5,0.));
#3654=CARTESIAN_POINT('',(4.95,2.5,-2.));
#3655=CARTESIAN_POINT('',(4.95,2.5,-2.5));
#3656=CARTESIAN_POINT('',(4.95,2.5,-2.));
#3657=CARTESIAN_POINT('Origin',(4.95,3.5,-2.));
#3658=CARTESIAN_POINT('',(4.35,3.5,-2.));
#3659=CARTESIAN_POINT('',(4.35,2.95,-2.));
#3660=CARTESIAN_POINT('',(4.95,3.5,-2.));
#3661=CARTESIAN_POINT('',(4.95,2.95,-2.));
#3662=CARTESIAN_POINT('',(4.95,3.5,-2.));
#3663=CARTESIAN_POINT('Origin',(4.95,3.5,0.));
#3664=CARTESIAN_POINT('',(4.35,3.5,-3.37037740267766E-32));
#3665=CARTESIAN_POINT('',(4.35,3.5,-1.5));
#3666=CARTESIAN_POINT('',(4.95,3.5,0.));
#3667=CARTESIAN_POINT('',(4.95,3.5,-1.5));
#3668=CARTESIAN_POINT('',(2.475,3.5,-3.37037740267766E-32));
#3669=CARTESIAN_POINT('Origin',(4.95,3.5,0.));
#3670=CARTESIAN_POINT('',(-4.35,3.5,-3.37037740267766E-32));
#3671=CARTESIAN_POINT('',(-4.35,3.5,-2.));
#3672=CARTESIAN_POINT('',(-4.35,3.5,-1.5));
#3673=CARTESIAN_POINT('',(-4.95,3.5,-3.37037740267766E-32));
#3674=CARTESIAN_POINT('',(2.475,3.5,-3.37037740267766E-32));
#3675=CARTESIAN_POINT('',(-4.95,3.5,-2.));
#3676=CARTESIAN_POINT('',(-4.95,3.5,-1.5));
#3677=CARTESIAN_POINT('',(4.95,3.5,-2.));
#3678=CARTESIAN_POINT('Origin',(4.95,3.5,-2.));
#3679=CARTESIAN_POINT('',(-4.35,2.5,-2.));
#3680=CARTESIAN_POINT('',(-4.35,2.95,-2.));
#3681=CARTESIAN_POINT('',(-4.95,2.5,-2.));
#3682=CARTESIAN_POINT('',(-4.95,2.95,-2.));
#3683=CARTESIAN_POINT('',(4.95,2.5,-2.));
#3684=CARTESIAN_POINT('Origin',(4.95,2.5,-2.));
#3685=CARTESIAN_POINT('',(-4.35,2.5,0.));
#3686=CARTESIAN_POINT('',(-4.35,2.5,-2.5));
#3687=CARTESIAN_POINT('',(-4.95,2.5,-2.40741243048404E-32));
#3688=CARTESIAN_POINT('',(-4.95,2.5,-2.5));
#3689=CARTESIAN_POINT('',(2.475,2.5,0.));
#3690=CARTESIAN_POINT('Origin',(-4.95,2.4,-3.));
#3691=CARTESIAN_POINT('',(-4.95,4.8,0.));
#3692=CARTESIAN_POINT('',(-4.95,0.,0.));
#3693=CARTESIAN_POINT('',(-4.95,4.8,-6.));
#3694=CARTESIAN_POINT('',(-4.95,4.8,-4.62223186652937E-32));
#3695=CARTESIAN_POINT('',(-4.95,3.3,-6.00000000000001));
#3696=CARTESIAN_POINT('',(-4.95,4.8,-6.));
#3697=CARTESIAN_POINT('',(-4.95,2.5,-7.59999999999999));
#3698=CARTESIAN_POINT('',(-4.95,3.3,-6.00000000000001));
#3699=CARTESIAN_POINT('',(-4.95,-1.39609735102798E-15,-7.6));
#3700=CARTESIAN_POINT('',(-4.95,2.5,-7.59999999999999));
#3701=CARTESIAN_POINT('',(-4.95,0.,0.));
#3702=CARTESIAN_POINT('',(-4.95,-1.39609735102798E-15,-7.6));
#3703=CARTESIAN_POINT('',(-4.95,0.,0.));
#3704=CARTESIAN_POINT('Origin',(0.,4.8,-4.62223186652937E-32));
#3705=CARTESIAN_POINT('',(-4.35,4.2,-1.34815096107107E-32));
#3706=CARTESIAN_POINT('',(-4.35,3.6,0.));
#3707=CARTESIAN_POINT('',(-2.15,4.2,-6.403808059427E-16));
#3708=CARTESIAN_POINT('',(0.,4.2,0.));
#3709=CARTESIAN_POINT('',(-2.15,4.8,-6.403808059427E-16));
#3710=CARTESIAN_POINT('',(-2.15,4.8,0.));
#3711=CARTESIAN_POINT('',(0.,4.8,-4.62223186652937E-32));
#3712=CARTESIAN_POINT('Origin',(0.,4.8,-4.62223186652937E-32));
#3713=CARTESIAN_POINT('',(4.95,4.8,0.));
#3714=CARTESIAN_POINT('',(4.95,0.,0.));
#3715=CARTESIAN_POINT('',(2.15,4.8,-6.403808059427E-16));
#3716=CARTESIAN_POINT('',(0.,4.8,-4.62223186652937E-32));
#3717=CARTESIAN_POINT('',(2.15,4.2,-6.403808059427E-16));
#3718=CARTESIAN_POINT('',(2.15,4.8,0.));
#3719=CARTESIAN_POINT('',(4.35,4.2,-1.34815096107107E-32));
#3720=CARTESIAN_POINT('',(0.,4.2,0.));
#3721=CARTESIAN_POINT('',(4.35,3.6,0.));
#3722=CARTESIAN_POINT('Origin',(4.35,2.4,-3.));
#3723=CARTESIAN_POINT('',(4.35,4.2,-3.57734173766289));
#3724=CARTESIAN_POINT('',(4.35,4.2,-4.5));
#3725=CARTESIAN_POINT('',(4.35,3.8,-3.57734173766289));
#3726=CARTESIAN_POINT('',(4.35,3.6,-3.57734173766289));
#3727=CARTESIAN_POINT('',(4.35,3.8,-5.4));
#3728=CARTESIAN_POINT('',(4.35,3.8,-4.39231598626968));
#3729=CARTESIAN_POINT('',(4.35,0.8,-5.40000000000002));
#3730=CARTESIAN_POINT('',(4.35,1.2,-5.40000000000001));
#3731=CARTESIAN_POINT('',(4.35,0.8,2.69630192214213E-32));
#3732=CARTESIAN_POINT('',(4.35,0.8,-1.5));
#3733=CARTESIAN_POINT('',(4.35,3.6,0.));
#3734=CARTESIAN_POINT('Origin',(-2.15,4.8,-4.));
#3735=CARTESIAN_POINT('',(-2.15,4.2,-4.));
#3736=CARTESIAN_POINT('',(-2.15,4.2,-5.));
#3737=CARTESIAN_POINT('',(-2.15,4.8,-4.));
#3738=CARTESIAN_POINT('',(-2.15,4.8,-4.));
#3739=CARTESIAN_POINT('',(-2.15,4.8,-5.));
#3740=CARTESIAN_POINT('Origin',(-4.45,4.8,-3.57734173766289));
#3741=CARTESIAN_POINT('',(-4.35,3.8,-3.57734173766289));
#3742=CARTESIAN_POINT('',(-4.35,4.2,-3.57734173766289));
#3743=CARTESIAN_POINT('',(-4.35,3.6,-3.57734173766289));
#3744=CARTESIAN_POINT('',(-4.45,3.8,-3.57734173766289));
#3745=CARTESIAN_POINT('',(-3.45,3.8,-3.57734173766289));
#3746=CARTESIAN_POINT('',(-4.45,4.8,-3.57734173766289));
#3747=CARTESIAN_POINT('',(-4.45,4.8,-3.57734173766289));
#3748=CARTESIAN_POINT('',(-3.45,4.8,-3.57734173766289));
#3749=CARTESIAN_POINT('',(-2.225,4.8,-3.57734173766289));
#3750=CARTESIAN_POINT('',(-3.45,4.2,-3.57734173766289));
#3751=CARTESIAN_POINT('',(-3.45,4.8,-3.57734173766289));
#3752=CARTESIAN_POINT('',(-2.225,4.2,-3.57734173766289));
#3753=CARTESIAN_POINT('Origin',(-4.45,4.8,-6.));
#3754=CARTESIAN_POINT('',(-4.45,4.8,-6.));
#3755=CARTESIAN_POINT('',(-4.45,4.8,-6.));
#3756=CARTESIAN_POINT('',(-4.45,3.8,-6.));
#3757=CARTESIAN_POINT('',(-4.45,3.8,-3.57734173766289));
#3758=CARTESIAN_POINT('',(-4.45,2.4,-6.00000000000001));
#3759=CARTESIAN_POINT('Origin',(-3.45,4.8,-3.57734173766289));
#3760=CARTESIAN_POINT('',(-3.45,4.2,-5.4));
#3761=CARTESIAN_POINT('',(-3.45,3.8,-5.4));
#3762=CARTESIAN_POINT('',(-3.45,2.4,-5.40000000000001));
#3763=CARTESIAN_POINT('',(-3.45,4.2,-4.78867086883145));
#3764=CARTESIAN_POINT('',(-3.45,4.8,-5.7999998435378));
#3765=CARTESIAN_POINT('',(-3.45,4.8,-4.78867086883145));
#3766=CARTESIAN_POINT('',(-3.45,3.8,-5.7999998435378));
#3767=CARTESIAN_POINT('',(-3.45,4.8,-5.7999998435378));
#3768=CARTESIAN_POINT('',(-3.45,3.8,-7.99192220741581));
#3769=CARTESIAN_POINT('Origin',(-3.95,3.8,-5.78463197253935));
#3770=CARTESIAN_POINT('',(-4.35,3.8,-5.4));
#3771=CARTESIAN_POINT('',(-4.35,3.8,-4.39231598626968));
#3772=CARTESIAN_POINT('',(-1.975,3.8,-5.4));
#3773=CARTESIAN_POINT('',(-3.6,3.8,-5.7999998435378));
#3774=CARTESIAN_POINT('',(-3.175,3.8,-5.7999998435378));
#3775=CARTESIAN_POINT('',(-3.60000000424683,3.8,-6.));
#3776=CARTESIAN_POINT('',(-3.60000000026621,3.8,-5.79231590197567));
#3777=CARTESIAN_POINT('',(-1.975,3.8,-6.));
#3778=CARTESIAN_POINT('Origin',(-2.4,4.8,-5.7999998435378));
#3779=CARTESIAN_POINT('',(-2.4,4.8,-5.7999998435378));
#3780=CARTESIAN_POINT('',(-1.2,4.8,-5.7999998435378));
#3781=CARTESIAN_POINT('',(-2.4,0.2,-5.79999984353781));
#3782=CARTESIAN_POINT('',(-2.4,4.8,-5.7999998435378));
#3783=CARTESIAN_POINT('',(-3.6,0.2,-5.79999984353781));
#3784=CARTESIAN_POINT('',(-3.375,0.2,-5.7999998435378));
#3785=CARTESIAN_POINT('',(-3.6,4.8,-5.7999998435378));
#3786=CARTESIAN_POINT('',(-2.74999999999976,2.85,-5.7999998435378));
#3787=CARTESIAN_POINT('',(-3.25000000000024,2.85,-5.7999998435378));
#3788=CARTESIAN_POINT('',(-2.57499999999988,2.85,-5.79999984353781));
#3789=CARTESIAN_POINT('',(-2.74999999999976,3.35,-5.7999998435378));
#3790=CARTESIAN_POINT('',(-2.74999999999976,4.075,-5.7999998435378));
#3791=CARTESIAN_POINT('',(-3.25000000000024,3.35,-5.7999998435378));
#3792=CARTESIAN_POINT('',(-2.82500000000012,3.35,-5.79999984353781));
#3793=CARTESIAN_POINT('',(-3.25000000000024,3.825,-5.7999998435378));
#3794=CARTESIAN_POINT('Origin',(0.,4.8,-6.));
#3795=CARTESIAN_POINT('',(2.15,4.8,-4.));
#3796=CARTESIAN_POINT('',(0.,4.8,-4.));
#3797=CARTESIAN_POINT('',(2.15,4.8,-5.));
#3798=CARTESIAN_POINT('',(4.95,4.8,-6.));
#3799=CARTESIAN_POINT('',(4.95,4.8,-4.62223186652937E-32));
#3800=CARTESIAN_POINT('',(4.45,4.8,-6.));
#3801=CARTESIAN_POINT('',(0.,4.8,-6.));
#3802=CARTESIAN_POINT('',(4.45,4.8,-3.57734173766289));
#3803=CARTESIAN_POINT('',(4.45,4.8,-6.));
#3804=CARTESIAN_POINT('',(3.45,4.8,-3.57734173766289));
#3805=CARTESIAN_POINT('',(2.225,4.8,-3.57734173766289));
#3806=CARTESIAN_POINT('',(3.45,4.8,-5.7999998435378));
#3807=CARTESIAN_POINT('',(3.45,4.8,-4.78867086883145));
#3808=CARTESIAN_POINT('',(2.4,4.8,-5.7999998435378));
#3809=CARTESIAN_POINT('',(1.8,4.8,-5.7999998435378));
#3810=CARTESIAN_POINT('',(2.40000000692904,4.8,-6.));
#3811=CARTESIAN_POINT('',(2.40000000346452,4.8,-5.89999988019466));
#3812=CARTESIAN_POINT('',(1.60000000424683,4.8,-6.));
#3813=CARTESIAN_POINT('',(0.,4.8,-6.));
#3814=CARTESIAN_POINT('',(1.6,4.8,-5.7999998435378));
#3815=CARTESIAN_POINT('',(1.60000000424683,4.8,-5.99999998301268));
#3816=CARTESIAN_POINT('',(0.399999999999997,4.8,-5.7999998435378));
#3817=CARTESIAN_POINT('',(0.799999999999999,4.8,-5.7999998435378));
#3818=CARTESIAN_POINT('',(0.400000006929043,4.8,-6.));
#3819=CARTESIAN_POINT('',(0.40000000346452,4.8,-5.89999991483986));
#3820=CARTESIAN_POINT('',(-0.399999995753168,4.8,-6.));
#3821=CARTESIAN_POINT('',(0.,4.8,-6.));
#3822=CARTESIAN_POINT('',(-0.400000000000002,4.8,-5.7999998435378));
#3823=CARTESIAN_POINT('',(-0.399999995753168,4.8,-6.00000000424683));
#3824=CARTESIAN_POINT('',(-1.6,4.8,-5.7999998435378));
#3825=CARTESIAN_POINT('',(-0.200000000000001,4.8,-5.7999998435378));
#3826=CARTESIAN_POINT('',(-1.59999999307096,4.8,-6.));
#3827=CARTESIAN_POINT('',(-1.59999999653548,4.8,-5.89999994948506));
#3828=CARTESIAN_POINT('',(-2.39999999575317,4.8,-6.));
#3829=CARTESIAN_POINT('',(0.,4.8,-6.));
#3830=CARTESIAN_POINT('',(-2.39999999575317,4.8,-6.00000002548098));
#3831=CARTESIAN_POINT('',(0.,4.8,-6.));
#3832=CARTESIAN_POINT('Origin',(-4.35,2.4,-3.));
#3833=CARTESIAN_POINT('',(-4.35,0.8,2.69630192214213E-32));
#3834=CARTESIAN_POINT('',(-4.35,3.6,0.));
#3835=CARTESIAN_POINT('',(-4.35,0.8,-5.40000000000002));
#3836=CARTESIAN_POINT('',(-4.35,0.8,-1.5));
#3837=CARTESIAN_POINT('',(-4.35,1.2,-5.40000000000001));
#3838=CARTESIAN_POINT('',(-4.35,4.2,-4.5));
#3839=CARTESIAN_POINT('Origin',(-4.95,3.3,-6.00000000000001));
#3840=CARTESIAN_POINT('',(-4.15,3.3,-6.00000000000001));
#3841=CARTESIAN_POINT('',(-2.475,3.3,-6.00000000000001));
#3842=CARTESIAN_POINT('',(-4.15,2.5,-7.59999999999999));
#3843=CARTESIAN_POINT('',(-4.15,3.3,-6.00000000000001));
#3844=CARTESIAN_POINT('',(-4.95,2.5,-7.59999999999999));
#3845=CARTESIAN_POINT('Origin',(-4.95,-1.10218211923262E-15,-6.));
#3846=CARTESIAN_POINT('',(-4.35,0.2,-6.00000000000002));
#3847=CARTESIAN_POINT('',(-4.35,-1.66533453693773E-15,-6.));
#3848=CARTESIAN_POINT('',(-4.35,1.02695629777827E-14,-6.00000000000002));
#3849=CARTESIAN_POINT('',(-4.15,-1.11022302462516E-15,-6.));
#3850=CARTESIAN_POINT('',(-4.95,-1.10218211923262E-15,-6.));
#3851=CARTESIAN_POINT('',(-4.15,0.2,-6.));
#3852=CARTESIAN_POINT('',(-4.15,-1.66533453693773E-15,-6.));
#3853=CARTESIAN_POINT('',(-2.175,0.2,-6.00000000000002));
#3854=CARTESIAN_POINT('Origin',(-4.95,2.5,-7.59999999999999));
#3855=CARTESIAN_POINT('',(-4.15,-1.38777878078145E-15,-7.6));
#3856=CARTESIAN_POINT('',(-4.15,2.5,-7.59999999999999));
#3857=CARTESIAN_POINT('',(-4.95,-1.39609735102798E-15,-7.6));
#3858=CARTESIAN_POINT('Origin',(-4.15,1.65,-6.8));
#3859=CARTESIAN_POINT('',(-4.15,0.824999999999997,-6.00000000000001));
#3860=CARTESIAN_POINT('',(-4.15,-1.39609735102798E-15,-7.6));
#3861=CARTESIAN_POINT('Origin',(0.,4.8,-4.));
#3862=CARTESIAN_POINT('',(2.15,4.2,-4.));
#3863=CARTESIAN_POINT('',(0.,4.2,-4.));
#3864=CARTESIAN_POINT('',(2.15,4.8,-4.));
#3865=CARTESIAN_POINT('Origin',(2.15,4.8,-4.));
#3866=CARTESIAN_POINT('',(2.15,4.2,-5.));
#3867=CARTESIAN_POINT('Origin',(3.45,4.8,-3.57734173766289));
#3868=CARTESIAN_POINT('',(3.45,3.8,-5.4));
#3869=CARTESIAN_POINT('',(3.45,4.2,-5.4));
#3870=CARTESIAN_POINT('',(3.45,2.4,-5.40000000000001));
#3871=CARTESIAN_POINT('',(3.45,3.8,-5.7999998435378));
#3872=CARTESIAN_POINT('',(3.45,3.8,-7.99192220741581));
#3873=CARTESIAN_POINT('',(3.45,4.8,-5.7999998435378));
#3874=CARTESIAN_POINT('',(3.45,4.2,-3.57734173766289));
#3875=CARTESIAN_POINT('',(3.45,4.8,-3.57734173766289));
#3876=CARTESIAN_POINT('',(3.45,4.2,-4.78867086883145));
#3877=CARTESIAN_POINT('Origin',(4.45,4.8,-3.57734173766289));
#3878=CARTESIAN_POINT('',(2.225,4.2,-3.57734173766289));
#3879=CARTESIAN_POINT('',(4.45,3.8,-3.57734173766289));
#3880=CARTESIAN_POINT('',(4.45,4.8,-3.57734173766289));
#3881=CARTESIAN_POINT('',(3.45,3.8,-3.57734173766289));
#3882=CARTESIAN_POINT('Origin',(4.45,4.8,-6.));
#3883=CARTESIAN_POINT('',(4.45,3.8,-6.));
#3884=CARTESIAN_POINT('',(4.45,2.4,-6.00000000000001));
#3885=CARTESIAN_POINT('',(4.45,3.8,-3.57734173766289));
#3886=CARTESIAN_POINT('Origin',(3.95,3.8,-5.78463197253935));
#3887=CARTESIAN_POINT('',(1.975,3.8,-5.4));
#3888=CARTESIAN_POINT('',(3.60000000424683,3.8,-6.));
#3889=CARTESIAN_POINT('',(1.975,3.8,-6.));
#3890=CARTESIAN_POINT('',(3.6,3.8,-5.7999998435378));
#3891=CARTESIAN_POINT('',(3.60000000196025,3.8,-5.89231598998565));
#3892=CARTESIAN_POINT('',(3.775,3.8,-5.7999998435378));
#3893=CARTESIAN_POINT('Origin',(3.6,4.8,-5.7999998435378));
#3894=CARTESIAN_POINT('',(3.6,0.2,-5.79999984353781));
#3895=CARTESIAN_POINT('',(3.6,4.8,-5.7999998435378));
#3896=CARTESIAN_POINT('',(2.4,0.2,-5.79999984353781));
#3897=CARTESIAN_POINT('',(-0.375000000000001,0.2,-5.7999998435378));
#3898=CARTESIAN_POINT('',(2.4,4.8,-5.7999998435378));
#3899=CARTESIAN_POINT('',(3.25000000000024,2.85,-5.7999998435378));
#3900=CARTESIAN_POINT('',(2.74999999999976,2.85,-5.7999998435378));
#3901=CARTESIAN_POINT('',(3.42500000000012,2.85,-5.79999984353781));
#3902=CARTESIAN_POINT('',(3.25000000000024,3.35,-5.7999998435378));
#3903=CARTESIAN_POINT('',(3.25000000000024,4.075,-5.7999998435378));
#3904=CARTESIAN_POINT('',(2.74999999999976,3.35,-5.7999998435378));
#3905=CARTESIAN_POINT('',(3.17499999999988,3.35,-5.79999984353781));
#3906=CARTESIAN_POINT('',(2.74999999999976,3.825,-5.7999998435378));
#3907=CARTESIAN_POINT('Origin',(0.,4.2,-6.));
#3908=CARTESIAN_POINT('',(0.,4.2,-5.4));
#3909=CARTESIAN_POINT('Origin',(4.95,-1.10218211923262E-15,-6.));
#3910=CARTESIAN_POINT('',(4.35,-1.66533453693773E-15,-6.));
#3911=CARTESIAN_POINT('',(4.35,0.2,-6.00000000000002));
#3912=CARTESIAN_POINT('',(4.35,0.10000000000001,-6.00000000000002));
#3913=CARTESIAN_POINT('',(4.15,0.2,-6.));
#3914=CARTESIAN_POINT('',(-2.175,0.2,-6.00000000000002));
#3915=CARTESIAN_POINT('',(4.15,-1.11022302462516E-15,-6.));
#3916=CARTESIAN_POINT('',(4.15,-1.66533453693773E-15,-6.));
#3917=CARTESIAN_POINT('',(4.95,-1.10218211923262E-15,-6.));
#3918=CARTESIAN_POINT('Origin',(4.95,3.3,-6.00000000000001));
#3919=CARTESIAN_POINT('',(4.95,3.3,-6.00000000000001));
#3920=CARTESIAN_POINT('',(4.95,2.5,-7.59999999999999));
#3921=CARTESIAN_POINT('',(4.95,3.3,-6.00000000000001));
#3922=CARTESIAN_POINT('',(4.15,2.5,-7.59999999999999));
#3923=CARTESIAN_POINT('',(4.95,2.5,-7.59999999999999));
#3924=CARTESIAN_POINT('',(4.15,3.3,-6.00000000000001));
#3925=CARTESIAN_POINT('',(4.15,3.3,-6.00000000000001));
#3926=CARTESIAN_POINT('',(2.475,3.3,-6.00000000000001));
#3927=CARTESIAN_POINT('Origin',(4.95,2.5,-7.59999999999999));
#3928=CARTESIAN_POINT('',(4.95,-1.39609735102798E-15,-7.6));
#3929=CARTESIAN_POINT('',(4.95,2.5,-7.59999999999999));
#3930=CARTESIAN_POINT('',(4.15,-1.38777878078145E-15,-7.6));
#3931=CARTESIAN_POINT('',(4.95,-1.39609735102798E-15,-7.6));
#3932=CARTESIAN_POINT('',(4.15,2.5,-7.59999999999999));
#3933=CARTESIAN_POINT('Origin',(4.15,1.65,-6.8));
#3934=CARTESIAN_POINT('',(4.15,-1.39609735102798E-15,-7.6));
#3935=CARTESIAN_POINT('',(4.15,0.824999999999997,-6.00000000000001));
#3936=CARTESIAN_POINT('Origin',(0.,-1.66533453693773E-15,-6.00000000000002));
#3937=CARTESIAN_POINT('',(4.95,4.8,-6.));
#3938=CARTESIAN_POINT('',(3.60000000424683,0.2,-6.));
#3939=CARTESIAN_POINT('',(-2.175,0.2,-6.00000000000002));
#3940=CARTESIAN_POINT('',(3.60000000424683,2.4,-6.00000000000001));
#3941=CARTESIAN_POINT('Origin',(2.4,4.8,-5.7999998435378));
#3942=CARTESIAN_POINT('',(2.40000000692904,0.2,-6.));
#3943=CARTESIAN_POINT('',(2.39999989952891,0.2,-2.89999980484134));
#3944=CARTESIAN_POINT('',(2.40000000692904,2.4,-6.00000000000001));
#3945=CARTESIAN_POINT('Origin',(3.60000000424683,4.8,-6.));
#3946=CARTESIAN_POINT('',(3.59999994054437,0.2,-2.99999991559424));
#3947=CARTESIAN_POINT('Origin',(0.,-1.66533453693773E-15,-6.00000000000002));
#3948=CARTESIAN_POINT('',(1.60000000424683,0.2,-6.));
#3949=CARTESIAN_POINT('',(-2.175,0.2,-6.00000000000002));
#3950=CARTESIAN_POINT('',(1.60000000424683,2.4,-6.00000000000001));
#3951=CARTESIAN_POINT('Origin',(2.74999999999976,3.35,-5.40000000000001));
#3952=CARTESIAN_POINT('',(3.25000000000024,3.35,-5.40000000000001));
#3953=CARTESIAN_POINT('',(3.25000000000024,3.35,-5.40000000000001));
#3954=CARTESIAN_POINT('',(2.74999999999976,3.35,-5.40000000000001));
#3955=CARTESIAN_POINT('',(1.37499999999988,3.35,-5.40000000000001));
#3956=CARTESIAN_POINT('',(2.74999999999976,3.35,-5.40000000000001));
#3957=CARTESIAN_POINT('Origin',(3.25000000000024,3.35,-5.40000000000001));
#3958=CARTESIAN_POINT('',(3.25000000000024,2.85,-5.40000000000001));
#3959=CARTESIAN_POINT('',(3.25000000000024,2.85,-5.40000000000001));
#3960=CARTESIAN_POINT('',(3.25000000000024,1.675,-5.40000000000001));
#3961=CARTESIAN_POINT('Origin',(3.25000000000024,2.85,-5.40000000000001));
#3962=CARTESIAN_POINT('',(2.74999999999976,2.85,-5.40000000000001));
#3963=CARTESIAN_POINT('',(2.74999999999976,2.85,-5.40000000000001));
#3964=CARTESIAN_POINT('',(1.62500000000012,2.85,-5.40000000000001));
#3965=CARTESIAN_POINT('Origin',(2.74999999999976,2.85,-5.40000000000002));
#3966=CARTESIAN_POINT('',(2.74999999999976,1.425,-5.40000000000001));
#3967=CARTESIAN_POINT('Origin',(0.399999999999997,4.8,-5.7999998435378));
#3968=CARTESIAN_POINT('',(0.400000006929043,0.2,-6.));
#3969=CARTESIAN_POINT('',(0.399999999999997,0.2,-5.79999984353781));
#3970=CARTESIAN_POINT('',(0.399999899528905,0.2,-2.89999983948655));
#3971=CARTESIAN_POINT('',(0.400000006929043,2.4,-6.00000000000001));
#3972=CARTESIAN_POINT('',(0.399999999999997,4.8,-5.7999998435378));
#3973=CARTESIAN_POINT('Origin',(1.6,4.8,-5.7999998435378));
#3974=CARTESIAN_POINT('',(1.6,0.2,-5.79999984353781));
#3975=CARTESIAN_POINT('',(-1.375,0.2,-5.7999998435378));
#3976=CARTESIAN_POINT('',(1.6,4.8,-5.7999998435378));
#3977=CARTESIAN_POINT('',(1.25000000000024,2.85,-5.7999998435378));
#3978=CARTESIAN_POINT('',(0.749999999999759,2.85,-5.7999998435378));
#3979=CARTESIAN_POINT('',(1.42500000000012,2.85,-5.79999984353781));
#3980=CARTESIAN_POINT('',(1.25000000000024,3.35,-5.7999998435378));
#3981=CARTESIAN_POINT('',(1.25000000000024,4.075,-5.7999998435378));
#3982=CARTESIAN_POINT('',(0.749999999999759,3.35,-5.7999998435378));
#3983=CARTESIAN_POINT('',(1.17499999999988,3.35,-5.79999984353781));
#3984=CARTESIAN_POINT('',(0.749999999999759,3.825,-5.7999998435378));
#3985=CARTESIAN_POINT('Origin',(1.60000000424683,4.8,-6.));
#3986=CARTESIAN_POINT('',(1.59999994054437,0.2,-2.99999993682839));
#3987=CARTESIAN_POINT('Origin',(0.,-1.66533453693773E-15,-6.00000000000002));
#3988=CARTESIAN_POINT('',(-0.399999995753168,0.2,-6.));
#3989=CARTESIAN_POINT('',(-2.175,0.2,-6.00000000000002));
#3990=CARTESIAN_POINT('',(-0.399999995753168,2.4,-6.00000000000001));
#3991=CARTESIAN_POINT('Origin',(0.749999999999759,3.35,-5.40000000000001));
#3992=CARTESIAN_POINT('',(1.25000000000024,3.35,-5.40000000000001));
#3993=CARTESIAN_POINT('',(1.25000000000024,3.35,-5.40000000000001));
#3994=CARTESIAN_POINT('',(0.749999999999759,3.35,-5.40000000000001));
#3995=CARTESIAN_POINT('',(0.37499999999988,3.35,-5.40000000000001));
#3996=CARTESIAN_POINT('',(0.749999999999759,3.35,-5.40000000000001));
#3997=CARTESIAN_POINT('Origin',(1.25000000000024,3.35,-5.40000000000001));
#3998=CARTESIAN_POINT('',(1.25000000000024,2.85,-5.40000000000001));
#3999=CARTESIAN_POINT('',(1.25000000000024,2.85,-5.40000000000001));
#4000=CARTESIAN_POINT('',(1.25000000000024,1.675,-5.40000000000001));
#4001=CARTESIAN_POINT('Origin',(1.25000000000024,2.85,-5.40000000000001));
#4002=CARTESIAN_POINT('',(0.749999999999759,2.85,-5.40000000000001));
#4003=CARTESIAN_POINT('',(0.749999999999759,2.85,-5.40000000000001));
#4004=CARTESIAN_POINT('',(0.625000000000118,2.85,-5.40000000000001));
#4005=CARTESIAN_POINT('Origin',(0.749999999999759,2.85,-5.40000000000002));
#4006=CARTESIAN_POINT('',(0.749999999999759,1.425,-5.40000000000001));
#4007=CARTESIAN_POINT('Origin',(-1.6,4.8,-5.7999998435378));
#4008=CARTESIAN_POINT('',(-1.59999999307096,0.2,-6.));
#4009=CARTESIAN_POINT('',(-1.6,0.2,-5.79999984353781));
#4010=CARTESIAN_POINT('',(-1.60000010047109,0.2,-2.89999987413175));
#4011=CARTESIAN_POINT('',(-1.59999999307096,2.4,-6.00000000000001));
#4012=CARTESIAN_POINT('',(-1.6,4.8,-5.7999998435378));
#4013=CARTESIAN_POINT('Origin',(-0.400000000000002,4.8,-5.7999998435378));
#4014=CARTESIAN_POINT('',(-0.400000000000002,0.2,-5.79999984353781));
#4015=CARTESIAN_POINT('',(-2.375,0.2,-5.7999998435378));
#4016=CARTESIAN_POINT('',(-0.400000000000002,4.8,-5.7999998435378));
#4017=CARTESIAN_POINT('',(-0.749999999999765,2.85,-5.7999998435378));
#4018=CARTESIAN_POINT('',(-1.25000000000024,2.85,-5.7999998435378));
#4019=CARTESIAN_POINT('',(-0.574999999999883,2.85,-5.79999984353781));
#4020=CARTESIAN_POINT('',(-0.749999999999765,3.35,-5.7999998435378));
#4021=CARTESIAN_POINT('',(-0.749999999999765,4.075,-5.7999998435378));
#4022=CARTESIAN_POINT('',(-1.25000000000024,3.35,-5.7999998435378));
#4023=CARTESIAN_POINT('',(-0.825000000000121,3.35,-5.79999984353781));
#4024=CARTESIAN_POINT('',(-1.25000000000024,3.825,-5.7999998435378));
#4025=CARTESIAN_POINT('Origin',(-0.399999995753168,4.8,-6.));
#4026=CARTESIAN_POINT('',(-0.400000059455629,0.2,-2.99999995806255));
#4027=CARTESIAN_POINT('Origin',(0.,-1.66533453693773E-15,-6.00000000000002));
#4028=CARTESIAN_POINT('',(-2.39999999575317,0.2,-6.));
#4029=CARTESIAN_POINT('',(-2.175,0.2,-6.00000000000002));
#4030=CARTESIAN_POINT('',(-2.39999999575317,2.4,-6.00000000000001));
#4031=CARTESIAN_POINT('Origin',(-1.25000000000024,3.35,-5.40000000000001));
#4032=CARTESIAN_POINT('',(-0.749999999999765,3.35,-5.40000000000001));
#4033=CARTESIAN_POINT('',(-0.749999999999765,3.35,-5.40000000000001));
#4034=CARTESIAN_POINT('',(-1.25000000000024,3.35,-5.40000000000001));
#4035=CARTESIAN_POINT('',(-0.62500000000012,3.35,-5.40000000000001));
#4036=CARTESIAN_POINT('',(-1.25000000000024,3.35,-5.40000000000001));
#4037=CARTESIAN_POINT('Origin',(-0.749999999999765,3.35,-5.40000000000001));
#4038=CARTESIAN_POINT('',(-0.749999999999765,2.85,-5.40000000000001));
#4039=CARTESIAN_POINT('',(-0.749999999999765,2.85,-5.40000000000001));
#4040=CARTESIAN_POINT('',(-0.749999999999765,1.675,-5.40000000000001));
#4041=CARTESIAN_POINT('Origin',(-0.749999999999765,2.85,-5.40000000000001));
#4042=CARTESIAN_POINT('',(-1.25000000000024,2.85,-5.40000000000001));
#4043=CARTESIAN_POINT('',(-1.25000000000024,2.85,-5.40000000000001));
#4044=CARTESIAN_POINT('',(-0.374999999999882,2.85,-5.40000000000001));
#4045=CARTESIAN_POINT('Origin',(-1.25000000000024,2.85,-5.40000000000002));
#4046=CARTESIAN_POINT('',(-1.25000000000024,1.425,-5.40000000000001));
#4047=CARTESIAN_POINT('Origin',(-2.39999999575317,4.8,-6.));
#4048=CARTESIAN_POINT('',(-2.40000005945563,0.2,-2.9999999792967));
#4049=CARTESIAN_POINT('Origin',(-3.6,4.8,-5.7999998435378));
#4050=CARTESIAN_POINT('',(-3.59999999307096,0.2,-6.));
#4051=CARTESIAN_POINT('',(-3.60000010047109,0.2,-2.89999990877695));
#4052=CARTESIAN_POINT('',(-3.59999999307096,2.4,-6.00000000000001));
#4053=CARTESIAN_POINT('Origin',(-4.35,0.2,0.));
#4054=CARTESIAN_POINT('',(4.35,0.2,0.));
#4055=CARTESIAN_POINT('',(4.35,0.2,0.));
#4056=CARTESIAN_POINT('',(-4.35,0.2,0.));
#4057=CARTESIAN_POINT('',(-2.175,0.2,-1.92592994438724E-33));
#4058=CARTESIAN_POINT('',(-4.35,0.2,0.));
#4059=CARTESIAN_POINT('',(-2.175,0.2,-6.00000000000002));
#4060=CARTESIAN_POINT('Origin',(-3.25000000000024,3.35,-5.40000000000001));
#4061=CARTESIAN_POINT('',(-2.74999999999976,3.35,-5.40000000000001));
#4062=CARTESIAN_POINT('',(-2.74999999999976,3.35,-5.40000000000001));
#4063=CARTESIAN_POINT('',(-3.25000000000024,3.35,-5.40000000000001));
#4064=CARTESIAN_POINT('',(-1.62500000000012,3.35,-5.40000000000001));
#4065=CARTESIAN_POINT('',(-3.25000000000024,3.35,-5.40000000000001));
#4066=CARTESIAN_POINT('Origin',(-2.74999999999976,3.35,-5.40000000000001));
#4067=CARTESIAN_POINT('',(-2.74999999999976,2.85,-5.40000000000001));
#4068=CARTESIAN_POINT('',(-2.74999999999976,2.85,-5.40000000000001));
#4069=CARTESIAN_POINT('',(-2.74999999999976,1.675,-5.40000000000001));
#4070=CARTESIAN_POINT('Origin',(-2.74999999999976,2.85,-5.40000000000001));
#4071=CARTESIAN_POINT('',(-3.25000000000024,2.85,-5.40000000000001));
#4072=CARTESIAN_POINT('',(-3.25000000000024,2.85,-5.40000000000001));
#4073=CARTESIAN_POINT('',(-1.37499999999988,2.85,-5.40000000000001));
#4074=CARTESIAN_POINT('Origin',(-3.25000000000024,2.85,-5.40000000000002));
#4075=CARTESIAN_POINT('',(-3.25000000000024,1.425,-5.40000000000001));
#4076=CARTESIAN_POINT('Origin',(-4.35,0.8,0.));
#4077=CARTESIAN_POINT('',(-2.175,0.8,-5.40000000000002));
#4078=CARTESIAN_POINT('',(-2.175,0.8,-7.70371977754894E-33));
#4079=CARTESIAN_POINT('Origin',(0.,-3.88578058618805E-15,-5.40000000000002));
#4080=CARTESIAN_POINT('Origin',(-4.35,0.,0.));
#4081=CARTESIAN_POINT('',(-4.35,0.,0.));
#4082=CARTESIAN_POINT('',(-4.35,2.4,-2.31111593326468E-32));
#4083=CARTESIAN_POINT('',(-4.35,0.,0.));
#4084=CARTESIAN_POINT('Origin',(4.35,0.2,0.));
#4085=CARTESIAN_POINT('',(4.35,0.,0.));
#4086=CARTESIAN_POINT('',(4.35,0.,1.83697019872103E-17));
#4087=CARTESIAN_POINT('',(4.35,2.5,-2.40741243048404E-32));
#4088=CARTESIAN_POINT('Origin',(0.,4.8,-4.62223186652937E-32));
#4089=CARTESIAN_POINT('',(0.,0.,0.));
#4090=CARTESIAN_POINT('',(4.95,0.,0.));
#4091=CARTESIAN_POINT('',(0.,0.,0.));
#4092=CARTESIAN_POINT('',(4.95,0.,0.));
#4093=CARTESIAN_POINT('Origin',(0.,0.,0.));
#4094=CARTESIAN_POINT('',(4.95,-1.39609735102798E-15,-7.6));
#4095=CARTESIAN_POINT('Origin',(0.,0.,0.));
#4096=CARTESIAN_POINT('Origin',(0.,-1.66533453693773E-15,-6.00000000000002));
#4097=CARTESIAN_POINT('Origin',(4.95,2.4,-3.));
#4098=CARTESIAN_POINT('Origin',(-3.125,-3.35,-6.45));
#4099=CARTESIAN_POINT('',(-2.85,-3.4,-6.4));
#4100=CARTESIAN_POINT('',(-3.15,-3.4,-6.4));
#4101=CARTESIAN_POINT('',(-3.125,-3.4,-6.4));
#4102=CARTESIAN_POINT('',(-3.25,-3.3,-6.5));
#4103=CARTESIAN_POINT('',(-3.15,-3.4,-6.4));
#4104=CARTESIAN_POINT('',(-2.75,-3.3,-6.5));
#4105=CARTESIAN_POINT('',(-3.125,-3.3,-6.5));
#4106=CARTESIAN_POINT('',(-2.85,-3.4,-6.4));
#4107=CARTESIAN_POINT('Origin',(-3.2,-3.35,-3.125));
#4108=CARTESIAN_POINT('',(-3.15,-3.4,-6.1));
#4109=CARTESIAN_POINT('',(-3.15,-3.4,-3.125));
#4110=CARTESIAN_POINT('',(-3.25,-3.3,-6.));
#4111=CARTESIAN_POINT('',(-3.15,-3.4,-6.1));
#4112=CARTESIAN_POINT('',(-3.25,-3.3,-3.125));
#4113=CARTESIAN_POINT('Origin',(-2.875,-3.35,-6.05));
#4114=CARTESIAN_POINT('',(-2.85,-3.4,-6.1));
#4115=CARTESIAN_POINT('',(-2.875,-3.4,-6.1));
#4116=CARTESIAN_POINT('',(-2.75,-3.3,-6.));
#4117=CARTESIAN_POINT('',(-2.85,-3.4,-6.1));
#4118=CARTESIAN_POINT('',(-2.875,-3.3,-6.));
#4119=CARTESIAN_POINT('Origin',(-2.8,-3.35,-3.125));
#4120=CARTESIAN_POINT('',(-2.75,-3.3,-3.125));
#4121=CARTESIAN_POINT('',(-2.85,-3.4,-3.125));
#4122=CARTESIAN_POINT('Origin',(-2.75,3.35,0.));
#4123=CARTESIAN_POINT('',(-2.75,2.6,-6.5));
#4124=CARTESIAN_POINT('',(-2.75,2.6,-6.5));
#4125=CARTESIAN_POINT('',(-2.75,3.35,-5.75));
#4126=CARTESIAN_POINT('Origin',(-2.75,2.6,-5.75));
#4127=CARTESIAN_POINT('',(-2.75,3.35,-0.1));
#4128=CARTESIAN_POINT('',(-2.75,3.35,0.));
#4129=CARTESIAN_POINT('',(-2.75,2.85,-0.1));
#4130=CARTESIAN_POINT('',(-2.75,3.225,-0.1));
#4131=CARTESIAN_POINT('',(-2.75,2.85,-5.75));
#4132=CARTESIAN_POINT('',(-2.75,2.85,0.));
#4133=CARTESIAN_POINT('',(-2.75,2.6,-6.));
#4134=CARTESIAN_POINT('Origin',(-2.75,2.6,-5.75));
#4135=CARTESIAN_POINT('',(-2.75,2.6,-6.));
#4136=CARTESIAN_POINT('Origin',(-3.25,2.6,-6.5));
#4137=CARTESIAN_POINT('',(-3.25,2.6,-6.5));
#4138=CARTESIAN_POINT('',(-3.25,2.6,-6.5));
#4139=CARTESIAN_POINT('',(-3.25,2.6,-6.5));
#4140=CARTESIAN_POINT('Origin',(-3.,-3.4,-6.25));
#4141=CARTESIAN_POINT('Origin',(-3.2,2.975,-0.05));
#4142=CARTESIAN_POINT('',(-3.25,3.35,-0.1));
#4143=CARTESIAN_POINT('',(-3.25,2.85,-0.1));
#4144=CARTESIAN_POINT('',(-3.25,2.975,-0.1));
#4145=CARTESIAN_POINT('',(-3.15,2.95,0.));
#4146=CARTESIAN_POINT('',(-3.25,2.85,-0.1));
#4147=CARTESIAN_POINT('',(-3.15,3.25,0.));
#4148=CARTESIAN_POINT('',(-3.15,2.975,0.));
#4149=CARTESIAN_POINT('',(-3.25,3.35,-0.1));
#4150=CARTESIAN_POINT('Origin',(-2.875,2.9,-0.05));
#4151=CARTESIAN_POINT('',(-2.875,2.85,-0.1));
#4152=CARTESIAN_POINT('',(-2.85,2.95,0.));
#4153=CARTESIAN_POINT('',(-2.75,2.85,-0.1));
#4154=CARTESIAN_POINT('',(-2.875,2.95,0.));
#4155=CARTESIAN_POINT('Origin',(-3.125,3.3,-0.05));
#4156=CARTESIAN_POINT('',(-2.85,3.25,0.));
#4157=CARTESIAN_POINT('',(-3.125,3.25,0.));
#4158=CARTESIAN_POINT('',(-2.85,3.25,0.));
#4159=CARTESIAN_POINT('',(-3.125,3.35,-0.1));
#4160=CARTESIAN_POINT('Origin',(-2.8,3.225,-0.05));
#4161=CARTESIAN_POINT('',(-2.85,3.225,0.));
#4162=CARTESIAN_POINT('Origin',(-2.75,2.85,0.));
#4163=CARTESIAN_POINT('',(-3.25,2.85,-5.75));
#4164=CARTESIAN_POINT('',(-3.25,2.85,0.));
#4165=CARTESIAN_POINT('',(-2.75,2.85,-5.75));
#4166=CARTESIAN_POINT('Origin',(-3.25,2.85,0.));
#4167=CARTESIAN_POINT('',(-3.25,2.6,-6.));
#4168=CARTESIAN_POINT('',(-3.25,2.6,-6.));
#4169=CARTESIAN_POINT('Origin',(-3.25,2.6,-5.75));
#4170=CARTESIAN_POINT('',(-3.25,3.35,-5.75));
#4171=CARTESIAN_POINT('',(-3.25,3.35,0.));
#4172=CARTESIAN_POINT('Origin',(-3.25,2.6,-5.75));
#4173=CARTESIAN_POINT('Origin',(-3.,3.1,0.));
#4174=CARTESIAN_POINT('Origin',(-2.75,2.6,-6.));
#4175=CARTESIAN_POINT('',(-2.75,2.6,-6.));
#4176=CARTESIAN_POINT('Origin',(-3.,2.6,-5.75));
#4177=CARTESIAN_POINT('Origin',(-3.,2.6,-5.75));
#4178=CARTESIAN_POINT('',(-3.25,3.35,-5.75));
#4179=CARTESIAN_POINT('Origin',(-3.25,3.35,0.));
#4180=CARTESIAN_POINT('Origin',(-1.125,-3.35,-6.45));
#4181=CARTESIAN_POINT('',(-0.850000000000002,-3.4,-6.4));
#4182=CARTESIAN_POINT('',(-1.15,-3.4,-6.4));
#4183=CARTESIAN_POINT('',(-1.125,-3.4,-6.4));
#4184=CARTESIAN_POINT('',(-1.25,-3.3,-6.5));
#4185=CARTESIAN_POINT('',(-1.15,-3.4,-6.4));
#4186=CARTESIAN_POINT('',(-0.750000000000002,-3.3,-6.5));
#4187=CARTESIAN_POINT('',(-1.125,-3.3,-6.5));
#4188=CARTESIAN_POINT('',(-0.850000000000002,-3.4,-6.4));
#4189=CARTESIAN_POINT('Origin',(-1.2,-3.35,-3.125));
#4190=CARTESIAN_POINT('',(-1.15,-3.4,-6.1));
#4191=CARTESIAN_POINT('',(-1.15,-3.4,-3.125));
#4192=CARTESIAN_POINT('',(-1.25,-3.3,-6.));
#4193=CARTESIAN_POINT('',(-1.15,-3.4,-6.1));
#4194=CARTESIAN_POINT('',(-1.25,-3.3,-3.125));
#4195=CARTESIAN_POINT('Origin',(-0.875000000000002,-3.35,-6.05));
#4196=CARTESIAN_POINT('',(-0.850000000000002,-3.4,-6.1));
#4197=CARTESIAN_POINT('',(-0.875000000000002,-3.4,-6.1));
#4198=CARTESIAN_POINT('',(-0.750000000000002,-3.3,-6.));
#4199=CARTESIAN_POINT('',(-0.850000000000002,-3.4,-6.1));
#4200=CARTESIAN_POINT('',(-0.875000000000002,-3.3,-6.));
#4201=CARTESIAN_POINT('Origin',(-0.800000000000002,-3.35,-3.125));
#4202=CARTESIAN_POINT('',(-0.750000000000002,-3.3,-3.125));
#4203=CARTESIAN_POINT('',(-0.850000000000002,-3.4,-3.125));
#4204=CARTESIAN_POINT('Origin',(-0.750000000000002,3.35,0.));
#4205=CARTESIAN_POINT('',(-0.750000000000002,2.6,-6.5));
#4206=CARTESIAN_POINT('',(-0.750000000000002,2.6,-6.5));
#4207=CARTESIAN_POINT('',(-0.750000000000002,3.35,-5.75));
#4208=CARTESIAN_POINT('Origin',(-0.750000000000002,2.6,-5.75));
#4209=CARTESIAN_POINT('',(-0.750000000000002,3.35,-0.1));
#4210=CARTESIAN_POINT('',(-0.750000000000002,3.35,0.));
#4211=CARTESIAN_POINT('',(-0.750000000000002,2.85,-0.1));
#4212=CARTESIAN_POINT('',(-0.750000000000002,3.225,-0.1));
#4213=CARTESIAN_POINT('',(-0.750000000000002,2.85,-5.75));
#4214=CARTESIAN_POINT('',(-0.750000000000002,2.85,0.));
#4215=CARTESIAN_POINT('',(-0.750000000000002,2.6,-6.));
#4216=CARTESIAN_POINT('Origin',(-0.750000000000002,2.6,-5.75));
#4217=CARTESIAN_POINT('',(-0.750000000000002,2.6,-6.));
#4218=CARTESIAN_POINT('Origin',(-1.25,2.6,-6.5));
#4219=CARTESIAN_POINT('',(-1.25,2.6,-6.5));
#4220=CARTESIAN_POINT('',(-1.25,2.6,-6.5));
#4221=CARTESIAN_POINT('',(-1.25,2.6,-6.5));
#4222=CARTESIAN_POINT('Origin',(-1.,-3.4,-6.25));
#4223=CARTESIAN_POINT('Origin',(-1.2,2.975,-0.05));
#4224=CARTESIAN_POINT('',(-1.25,3.35,-0.1));
#4225=CARTESIAN_POINT('',(-1.25,2.85,-0.1));
#4226=CARTESIAN_POINT('',(-1.25,2.975,-0.1));
#4227=CARTESIAN_POINT('',(-1.15,2.95,0.));
#4228=CARTESIAN_POINT('',(-1.25,2.85,-0.1));
#4229=CARTESIAN_POINT('',(-1.15,3.25,0.));
#4230=CARTESIAN_POINT('',(-1.15,2.975,0.));
#4231=CARTESIAN_POINT('',(-1.25,3.35,-0.1));
#4232=CARTESIAN_POINT('Origin',(-0.875000000000002,2.9,-0.05));
#4233=CARTESIAN_POINT('',(-0.875000000000002,2.85,-0.1));
#4234=CARTESIAN_POINT('',(-0.850000000000002,2.95,0.));
#4235=CARTESIAN_POINT('',(-0.750000000000002,2.85,-0.1));
#4236=CARTESIAN_POINT('',(-0.875000000000002,2.95,0.));
#4237=CARTESIAN_POINT('Origin',(-1.125,3.3,-0.05));
#4238=CARTESIAN_POINT('',(-0.850000000000002,3.25,0.));
#4239=CARTESIAN_POINT('',(-1.125,3.25,0.));
#4240=CARTESIAN_POINT('',(-0.850000000000002,3.25,0.));
#4241=CARTESIAN_POINT('',(-1.125,3.35,-0.1));
#4242=CARTESIAN_POINT('Origin',(-0.800000000000002,3.225,-0.05));
#4243=CARTESIAN_POINT('',(-0.850000000000002,3.225,0.));
#4244=CARTESIAN_POINT('Origin',(-0.750000000000002,2.85,0.));
#4245=CARTESIAN_POINT('',(-1.25,2.85,-5.75));
#4246=CARTESIAN_POINT('',(-1.25,2.85,0.));
#4247=CARTESIAN_POINT('',(-0.750000000000002,2.85,-5.75));
#4248=CARTESIAN_POINT('Origin',(-1.25,2.85,0.));
#4249=CARTESIAN_POINT('',(-1.25,2.6,-6.));
#4250=CARTESIAN_POINT('',(-1.25,2.6,-6.));
#4251=CARTESIAN_POINT('Origin',(-1.25,2.6,-5.75));
#4252=CARTESIAN_POINT('',(-1.25,3.35,-5.75));
#4253=CARTESIAN_POINT('',(-1.25,3.35,0.));
#4254=CARTESIAN_POINT('Origin',(-1.25,2.6,-5.75));
#4255=CARTESIAN_POINT('Origin',(-1.,3.1,0.));
#4256=CARTESIAN_POINT('Origin',(-0.750000000000002,2.6,-6.));
#4257=CARTESIAN_POINT('',(-0.750000000000002,2.6,-6.));
#4258=CARTESIAN_POINT('Origin',(-1.,2.6,-5.75));
#4259=CARTESIAN_POINT('Origin',(-1.,2.6,-5.75));
#4260=CARTESIAN_POINT('',(-1.25,3.35,-5.75));
#4261=CARTESIAN_POINT('Origin',(-1.25,3.35,0.));
#4262=CARTESIAN_POINT('Origin',(0.874999999999997,-3.35,-6.45));
#4263=CARTESIAN_POINT('',(1.15,-3.4,-6.4));
#4264=CARTESIAN_POINT('',(0.849999999999997,-3.4,-6.4));
#4265=CARTESIAN_POINT('',(0.874999999999997,-3.4,-6.4));
#4266=CARTESIAN_POINT('',(0.749999999999997,-3.3,-6.5));
#4267=CARTESIAN_POINT('',(0.849999999999997,-3.4,-6.4));
#4268=CARTESIAN_POINT('',(1.25,-3.3,-6.5));
#4269=CARTESIAN_POINT('',(0.874999999999997,-3.3,-6.5));
#4270=CARTESIAN_POINT('',(1.15,-3.4,-6.4));
#4271=CARTESIAN_POINT('Origin',(0.799999999999997,-3.35,-3.125));
#4272=CARTESIAN_POINT('',(0.849999999999997,-3.4,-6.1));
#4273=CARTESIAN_POINT('',(0.849999999999997,-3.4,-3.125));
#4274=CARTESIAN_POINT('',(0.749999999999997,-3.3,-6.));
#4275=CARTESIAN_POINT('',(0.849999999999997,-3.4,-6.1));
#4276=CARTESIAN_POINT('',(0.749999999999997,-3.3,-3.125));
#4277=CARTESIAN_POINT('Origin',(1.125,-3.35,-6.05));
#4278=CARTESIAN_POINT('',(1.15,-3.4,-6.1));
#4279=CARTESIAN_POINT('',(1.125,-3.4,-6.1));
#4280=CARTESIAN_POINT('',(1.25,-3.3,-6.));
#4281=CARTESIAN_POINT('',(1.15,-3.4,-6.1));
#4282=CARTESIAN_POINT('',(1.125,-3.3,-6.));
#4283=CARTESIAN_POINT('Origin',(1.2,-3.35,-3.125));
#4284=CARTESIAN_POINT('',(1.25,-3.3,-3.125));
#4285=CARTESIAN_POINT('',(1.15,-3.4,-3.125));
#4286=CARTESIAN_POINT('Origin',(1.25,3.35,0.));
#4287=CARTESIAN_POINT('',(1.25,2.6,-6.5));
#4288=CARTESIAN_POINT('',(1.25,2.6,-6.5));
#4289=CARTESIAN_POINT('',(1.25,3.35,-5.75));
#4290=CARTESIAN_POINT('Origin',(1.25,2.6,-5.75));
#4291=CARTESIAN_POINT('',(1.25,3.35,-0.1));
#4292=CARTESIAN_POINT('',(1.25,3.35,0.));
#4293=CARTESIAN_POINT('',(1.25,2.85,-0.1));
#4294=CARTESIAN_POINT('',(1.25,3.225,-0.1));
#4295=CARTESIAN_POINT('',(1.25,2.85,-5.75));
#4296=CARTESIAN_POINT('',(1.25,2.85,0.));
#4297=CARTESIAN_POINT('',(1.25,2.6,-6.));
#4298=CARTESIAN_POINT('Origin',(1.25,2.6,-5.75));
#4299=CARTESIAN_POINT('',(1.25,2.6,-6.));
#4300=CARTESIAN_POINT('Origin',(0.749999999999997,2.6,-6.5));
#4301=CARTESIAN_POINT('',(0.749999999999997,2.6,-6.5));
#4302=CARTESIAN_POINT('',(0.749999999999997,2.6,-6.5));
#4303=CARTESIAN_POINT('',(0.749999999999997,2.6,-6.5));
#4304=CARTESIAN_POINT('Origin',(0.999999999999998,-3.4,-6.25));
#4305=CARTESIAN_POINT('Origin',(0.799999999999997,2.975,-0.05));
#4306=CARTESIAN_POINT('',(0.749999999999997,3.35,-0.1));
#4307=CARTESIAN_POINT('',(0.749999999999997,2.85,-0.1));
#4308=CARTESIAN_POINT('',(0.749999999999997,2.975,-0.1));
#4309=CARTESIAN_POINT('',(0.849999999999997,2.95,0.));
#4310=CARTESIAN_POINT('',(0.749999999999997,2.85,-0.1));
#4311=CARTESIAN_POINT('',(0.849999999999997,3.25,0.));
#4312=CARTESIAN_POINT('',(0.849999999999997,2.975,0.));
#4313=CARTESIAN_POINT('',(0.749999999999997,3.35,-0.1));
#4314=CARTESIAN_POINT('Origin',(1.125,2.9,-0.05));
#4315=CARTESIAN_POINT('',(1.125,2.85,-0.1));
#4316=CARTESIAN_POINT('',(1.15,2.95,0.));
#4317=CARTESIAN_POINT('',(1.25,2.85,-0.1));
#4318=CARTESIAN_POINT('',(1.125,2.95,0.));
#4319=CARTESIAN_POINT('Origin',(0.874999999999997,3.3,-0.05));
#4320=CARTESIAN_POINT('',(1.15,3.25,0.));
#4321=CARTESIAN_POINT('',(0.874999999999997,3.25,0.));
#4322=CARTESIAN_POINT('',(1.15,3.25,0.));
#4323=CARTESIAN_POINT('',(0.874999999999997,3.35,-0.1));
#4324=CARTESIAN_POINT('Origin',(1.2,3.225,-0.05));
#4325=CARTESIAN_POINT('',(1.15,3.225,0.));
#4326=CARTESIAN_POINT('Origin',(1.25,2.85,0.));
#4327=CARTESIAN_POINT('',(0.749999999999997,2.85,-5.75));
#4328=CARTESIAN_POINT('',(0.749999999999997,2.85,0.));
#4329=CARTESIAN_POINT('',(1.25,2.85,-5.75));
#4330=CARTESIAN_POINT('Origin',(0.749999999999997,2.85,0.));
#4331=CARTESIAN_POINT('',(0.749999999999997,2.6,-6.));
#4332=CARTESIAN_POINT('',(0.749999999999997,2.6,-6.));
#4333=CARTESIAN_POINT('Origin',(0.749999999999997,2.6,-5.75));
#4334=CARTESIAN_POINT('',(0.749999999999997,3.35,-5.75));
#4335=CARTESIAN_POINT('',(0.749999999999997,3.35,0.));
#4336=CARTESIAN_POINT('Origin',(0.749999999999997,2.6,-5.75));
#4337=CARTESIAN_POINT('Origin',(0.999999999999998,3.1,0.));
#4338=CARTESIAN_POINT('Origin',(1.25,2.6,-6.));
#4339=CARTESIAN_POINT('',(1.25,2.6,-6.));
#4340=CARTESIAN_POINT('Origin',(0.999999999999998,2.6,-5.75));
#4341=CARTESIAN_POINT('Origin',(0.999999999999998,2.6,-5.75));
#4342=CARTESIAN_POINT('',(0.749999999999997,3.35,-5.75));
#4343=CARTESIAN_POINT('Origin',(0.749999999999997,3.35,0.));
#4344=CARTESIAN_POINT('Origin',(2.875,-3.35,-6.45));
#4345=CARTESIAN_POINT('',(3.15,-3.4,-6.4));
#4346=CARTESIAN_POINT('',(2.85,-3.4,-6.4));
#4347=CARTESIAN_POINT('',(2.875,-3.4,-6.4));
#4348=CARTESIAN_POINT('',(2.75,-3.3,-6.5));
#4349=CARTESIAN_POINT('',(2.85,-3.4,-6.4));
#4350=CARTESIAN_POINT('',(3.25,-3.3,-6.5));
#4351=CARTESIAN_POINT('',(2.875,-3.3,-6.5));
#4352=CARTESIAN_POINT('',(3.15,-3.4,-6.4));
#4353=CARTESIAN_POINT('Origin',(2.8,-3.35,-3.125));
#4354=CARTESIAN_POINT('',(2.85,-3.4,-6.1));
#4355=CARTESIAN_POINT('',(2.85,-3.4,-3.125));
#4356=CARTESIAN_POINT('',(2.75,-3.3,-6.));
#4357=CARTESIAN_POINT('',(2.85,-3.4,-6.1));
#4358=CARTESIAN_POINT('',(2.75,-3.3,-3.125));
#4359=CARTESIAN_POINT('Origin',(3.125,-3.35,-6.05));
#4360=CARTESIAN_POINT('',(3.15,-3.4,-6.1));
#4361=CARTESIAN_POINT('',(3.125,-3.4,-6.1));
#4362=CARTESIAN_POINT('',(3.25,-3.3,-6.));
#4363=CARTESIAN_POINT('',(3.15,-3.4,-6.1));
#4364=CARTESIAN_POINT('',(3.125,-3.3,-6.));
#4365=CARTESIAN_POINT('Origin',(3.2,-3.35,-3.125));
#4366=CARTESIAN_POINT('',(3.25,-3.3,-3.125));
#4367=CARTESIAN_POINT('',(3.15,-3.4,-3.125));
#4368=CARTESIAN_POINT('Origin',(3.25,3.35,0.));
#4369=CARTESIAN_POINT('',(3.25,2.6,-6.5));
#4370=CARTESIAN_POINT('',(3.25,2.6,-6.5));
#4371=CARTESIAN_POINT('',(3.25,3.35,-5.75));
#4372=CARTESIAN_POINT('Origin',(3.25,2.6,-5.75));
#4373=CARTESIAN_POINT('',(3.25,3.35,-0.1));
#4374=CARTESIAN_POINT('',(3.25,3.35,0.));
#4375=CARTESIAN_POINT('',(3.25,2.85,-0.1));
#4376=CARTESIAN_POINT('',(3.25,3.225,-0.1));
#4377=CARTESIAN_POINT('',(3.25,2.85,-5.75));
#4378=CARTESIAN_POINT('',(3.25,2.85,0.));
#4379=CARTESIAN_POINT('',(3.25,2.6,-6.));
#4380=CARTESIAN_POINT('Origin',(3.25,2.6,-5.75));
#4381=CARTESIAN_POINT('',(3.25,2.6,-6.));
#4382=CARTESIAN_POINT('Origin',(2.75,2.6,-6.5));
#4383=CARTESIAN_POINT('',(2.75,2.6,-6.5));
#4384=CARTESIAN_POINT('',(2.75,2.6,-6.5));
#4385=CARTESIAN_POINT('',(2.75,2.6,-6.5));
#4386=CARTESIAN_POINT('Origin',(3.,-3.4,-6.25));
#4387=CARTESIAN_POINT('Origin',(2.8,2.975,-0.05));
#4388=CARTESIAN_POINT('',(2.75,3.35,-0.1));
#4389=CARTESIAN_POINT('',(2.75,2.85,-0.1));
#4390=CARTESIAN_POINT('',(2.75,2.975,-0.1));
#4391=CARTESIAN_POINT('',(2.85,2.95,0.));
#4392=CARTESIAN_POINT('',(2.75,2.85,-0.1));
#4393=CARTESIAN_POINT('',(2.85,3.25,0.));
#4394=CARTESIAN_POINT('',(2.85,2.975,0.));
#4395=CARTESIAN_POINT('',(2.75,3.35,-0.1));
#4396=CARTESIAN_POINT('Origin',(3.125,2.9,-0.05));
#4397=CARTESIAN_POINT('',(3.125,2.85,-0.1));
#4398=CARTESIAN_POINT('',(3.15,2.95,0.));
#4399=CARTESIAN_POINT('',(3.25,2.85,-0.1));
#4400=CARTESIAN_POINT('',(3.125,2.95,0.));
#4401=CARTESIAN_POINT('Origin',(2.875,3.3,-0.05));
#4402=CARTESIAN_POINT('',(3.15,3.25,0.));
#4403=CARTESIAN_POINT('',(2.875,3.25,0.));
#4404=CARTESIAN_POINT('',(3.15,3.25,0.));
#4405=CARTESIAN_POINT('',(2.875,3.35,-0.1));
#4406=CARTESIAN_POINT('Origin',(3.2,3.225,-0.05));
#4407=CARTESIAN_POINT('',(3.15,3.225,0.));
#4408=CARTESIAN_POINT('Origin',(3.25,2.85,0.));
#4409=CARTESIAN_POINT('',(2.75,2.85,-5.75));
#4410=CARTESIAN_POINT('',(2.75,2.85,0.));
#4411=CARTESIAN_POINT('',(3.25,2.85,-5.75));
#4412=CARTESIAN_POINT('Origin',(2.75,2.85,0.));
#4413=CARTESIAN_POINT('',(2.75,2.6,-6.));
#4414=CARTESIAN_POINT('',(2.75,2.6,-6.));
#4415=CARTESIAN_POINT('Origin',(2.75,2.6,-5.75));
#4416=CARTESIAN_POINT('',(2.75,3.35,-5.75));
#4417=CARTESIAN_POINT('',(2.75,3.35,0.));
#4418=CARTESIAN_POINT('Origin',(2.75,2.6,-5.75));
#4419=CARTESIAN_POINT('Origin',(3.,3.1,0.));
#4420=CARTESIAN_POINT('Origin',(3.25,2.6,-6.));
#4421=CARTESIAN_POINT('',(3.25,2.6,-6.));
#4422=CARTESIAN_POINT('Origin',(3.,2.6,-5.75));
#4423=CARTESIAN_POINT('Origin',(3.,2.6,-5.75));
#4424=CARTESIAN_POINT('',(2.75,3.35,-5.75));
#4425=CARTESIAN_POINT('Origin',(2.75,3.35,0.));
#4426=UNCERTAINTY_MEASURE_WITH_UNIT(LENGTH_MEASURE(0.01),#4432,
'DISTANCE_ACCURACY_VALUE',
'Maximum model space distance between geometric entities at asserted c
onnectivities');
#4427=UNCERTAINTY_MEASURE_WITH_UNIT(LENGTH_MEASURE(0.01),#4432,
'DISTANCE_ACCURACY_VALUE',
'Maximum model space distance between geometric entities at asserted c
onnectivities');
#4428=(
GEOMETRIC_REPRESENTATION_CONTEXT(3)
GLOBAL_UNCERTAINTY_ASSIGNED_CONTEXT((#4426))
GLOBAL_UNIT_ASSIGNED_CONTEXT((#4432,#4431,#4430))
REPRESENTATION_CONTEXT('','3D')
);
#4429=(
GEOMETRIC_REPRESENTATION_CONTEXT(3)
GLOBAL_UNCERTAINTY_ASSIGNED_CONTEXT((#4427))
GLOBAL_UNIT_ASSIGNED_CONTEXT((#4432,#4431,#4430))
REPRESENTATION_CONTEXT('','3D')
);
#4430=(
NAMED_UNIT(*)
SI_UNIT($,.STERADIAN.)
SOLID_ANGLE_UNIT()
);
#4431=(
NAMED_UNIT(*)
PLANE_ANGLE_UNIT()
SI_UNIT($,.RADIAN.)
);
#4432=(
LENGTH_UNIT()
NAMED_UNIT(*)
SI_UNIT(.MILLI.,.METRE.)
);
#4433=SHAPE_DEFINITION_REPRESENTATION(#4434,#4435);
#4434=PRODUCT_DEFINITION_SHAPE('',$,#4437);
#4435=SHAPE_REPRESENTATION('',(#2788),#4428);
#4436=PRODUCT_DEFINITION_CONTEXT('part definition',#4441,'design');
#4437=PRODUCT_DEFINITION('S3B-PH-KL v4','S3B-PH-KL v4',#4438,#4436);
#4438=PRODUCT_DEFINITION_FORMATION('',$,#4443);
#4439=PRODUCT_RELATED_PRODUCT_CATEGORY('S3B-PH-KL v4','S3B-PH-KL v4',(#4443));
#4440=APPLICATION_PROTOCOL_DEFINITION('international standard',
'automotive_design',2009,#4441);
#4441=APPLICATION_CONTEXT(
'Core Data for Automotive Mechanical Design Process');
#4442=PRODUCT_CONTEXT('part definition',#4441,'mechanical');
#4443=PRODUCT('S3B-PH-KL v4','S3B-PH-KL v4',$,(#4442));
#4444=PRESENTATION_STYLE_ASSIGNMENT((#4447));
#4445=PRESENTATION_STYLE_ASSIGNMENT((#4448));
#4446=PRESENTATION_STYLE_ASSIGNMENT((#4449));
#4447=SURFACE_STYLE_USAGE(.BOTH.,#4450);
#4448=SURFACE_STYLE_USAGE(.BOTH.,#4451);
#4449=SURFACE_STYLE_USAGE(.BOTH.,#4452);
#4450=SURFACE_SIDE_STYLE('',(#4453));
#4451=SURFACE_SIDE_STYLE('',(#4454));
#4452=SURFACE_SIDE_STYLE('',(#4455));
#4453=SURFACE_STYLE_FILL_AREA(#4456);
#4454=SURFACE_STYLE_FILL_AREA(#4457);
#4455=SURFACE_STYLE_FILL_AREA(#4458);
#4456=FILL_AREA_STYLE('ABS (White)',(#4459));
#4457=FILL_AREA_STYLE('Nylon 6-6 (White)',(#4460));
#4458=FILL_AREA_STYLE('Brass - Polished',(#4461));
#4459=FILL_AREA_STYLE_COLOUR('ABS (White)',#4462);
#4460=FILL_AREA_STYLE_COLOUR('Nylon 6-6 (White)',#4463);
#4461=FILL_AREA_STYLE_COLOUR('Brass - Polished',#4464);
#4462=COLOUR_RGB('ABS (White)',0.964705882352941,0.964705882352941,0.952941176470588);
#4463=COLOUR_RGB('Nylon 6-6 (White)',0.972549019607843,0.968627450980392,
0.929411764705882);
#4464=COLOUR_RGB('Brass - Polished',0.952941176470588,0.796078431372549,
0.486274509803922);
ENDSEC;
END-ISO-10303-21;
